date,fetched_at,season,gameweeks_finished,current_event,code,id,web_name,first_name,second_name,element_type,team,team_code,team_name,price,start_price,price_change_season,total_points,minutes,appearances,goals_scored,assists,clean_sheets,bonus,bps,points_per_game,value_season,selected_by_percent,transfers_in,transfers_out,transfers_in_share,transfers_out_share,net_transfers_share,ict_index,influence,creativity,threat,status,news,news_added,chance_of_playing_this_round,chance_of_playing_next_round,form,value_form,ep_this,ep_next,event_points,starts,saves,goals_conceded,own_goals,penalties_saved,penalties_missed,yellow_cards,red_cards,expected_goals,expected_assists,expected_goal_involvements,expected_goals_conceded,defensive_contribution,tackles,recoveries,clearances_blocks_interceptions,penalties_order,direct_freekicks_order,corners_and_indirect_freekicks_order,dreamteam_count,in_dreamteam,selected_rank,price_change_event,transfers_in_event,transfers_out_event,price_change_percent,price_change_hourly_rate,price_change_calibrating,price_change_locked_until,price_change_proj0_percent,price_change_proj0_likelihood,price_change_proj1_percent,price_change_proj1_likelihood,price_change_proj2_percent,price_change_proj2_likelihood,games_played,proj_minutes,proj_total_points,proj_goals_scored,proj_assists,proj_points_per_game,proj_value_season,n_clamped,pred_next_start,pred_next_lower,pred_next_upper,pred_change
2026-09-29,2026-09-29T23:38:04+00:00,2026,5,5,17761,229,Tarkowski,James,Tarkowski,DEF,9,11,Everton,6.1,6.0,0.1,43,450,5,1,1,3,7,138,8.6,7.0,16.5,936596,283175,12.4713,3.7706,8.7007,20.5,149.6,25.6,30.0,a,,,,,8.3,1.4,8.3,8.3,14,5,0,3,0,0,0,0,0,0.18,0.04,0.22,6.94,51,11,18,40,,,,2,True,25,0.0,225788,19589,99.6,47,False,,100.3,5,101.0,5,101.7,5,5.0,3420,327,8,8,8.6,38.7,1,6.868,6.235,7.502,0.768
2026-09-29,2026-09-29T23:38:04+00:00,2026,5,5,21205,414,Heaton,Tom,Heaton,GK,16,1,Man Utd,4.0,4.0,0.0,0,0,0,0,0,0,0,0,0.0,0.0,0.1,2106,3546,0.028,0.0472,-0.0192,0.0,0.0,0.0,0.0,i,Hamstring injury - Unknown return date,2026-08-15T16:00:07.854151Z,0.0,0.0,0.0,0.0,0.0,0.0,0,0,0,0,0,0,0,0,0,0.0,0.0,0.0,0.0,0,0,0,0,,,,0,False,443,0.0,188,259,-35.0,0,False,,-35.0,-2,-35.0,-2,-35.0,-2,5.0,0,0,0,0,0.0,0.0,0,4.097,3.509,4.685,0.097
2026-09-29,2026-09-29T23:38:04+00:00,2026,5,5,40383,58,Forster,Fraser,Forster,GK,3,91,Bournemouth,4.0,4.0,0.0,0,0,0,0,0,0,0,0,0.0,0.0,3.5,117182,78938,1.5603,1.0511,0.5092,0.0,0.0,0.0,0.0,a,,,,,0.0,0.0,0.0,0.0,0,0,0,0,0,0,0,0,0,0.0,0.0,0.0,0.0,0,0,0,0,,,,0,False,98,0.0,7988,7117,4.5,0,False,,4.5,1,4.5,1,4.5,1,5.0,0,0,0,0,0.0,0.0,0,4.051,3.462,4.64,0.051
2026-09-29,2026-09-29T23:38:04+00:00,2026,5,5,49262,111,Steele,Jason,Steele,GK,5,36,Brighton,4.0,4.0,0.0,0,0,0,0,0,0,0,0,0.0,0.0,4.1,147205,120228,1.9601,1.6009,0.3592,0.0,0.0,0.0,0.0,a,,,,,0.0,0.0,0.0,0.0,0,0,0,0,0,0,0,0,0,0.0,0.0,0.0,0.0,0,0,0,0,,,,0,False,81,0.0,7018,14473,-0.6,0,False,,-0.6,-1,-0.6,-1,-0.6,-1,5.0,0,0,0,0,0.0,0.0,0,4.056,3.467,4.644,0.056
2026-09-29,2026-09-29T23:38:04+00:00,2026,5,5,50093,302,Button,David,Button,GK,12,40,Ipswich Town,4.0,4.0,0.0,0,0,0,0,0,0,0,0,0.0,0.0,0.6,31422,15140,0.4184,0.2016,0.2168,0.0,0.0,0.0,0.0,a,,,,,0.0,0.0,0.0,0.0,0,0,0,0,0,0,0,0,0,0.0,0.0,0.0,0.0,0,0,0,0,,,,0,False,234,0.0,1412,1288,1.1,0,False,,1.1,1,1.1,1,1.1,1,5.0,0,0,0,0,0.0,0.0,0,3.998,3.41,4.585,-0.002
2026-09-29,2026-09-29T23:38:04+00:00,2026,5,5,50175,136,Welbeck,Danny,Welbeck,FWD,6,8,Chelsea,5.9,6.0,-0.1,4,85,3,0,0,0,0,15,1.3,0.7,1.0,61226,82993,0.8153,1.1051,-0.2898,6.1,14.4,32.7,14.0,a,,2026-08-20T14:00:07.949090Z,100.0,100.0,1.3,0.2,1.3,1.3,2,1,0,1,0,0,0,0,0,0.0,0.14,0.14,1.99,5,1,2,2,,,,0,False,179,0.0,7290,9089,6.6,0,False,,6.6,1,6.6,1,6.6,1,5.0,646,30,0,0,1.3,5.2,0,5.485,4.897,6.073,-0.415
2026-09-29,2026-09-29T23:38:04+00:00,2026,5,5,54469,64,Smith,Adam,Smith,DEF,3,91,Bournemouth,4.5,4.5,0.0,4,434,5,0,0,0,0,14,0.8,0.9,0.1,7185,7294,0.0957,0.0971,-0.0015,9.1,43.6,44.4,4.0,a,,,,,0.7,0.2,0.7,0.7,2,5,0,8,0,0,0,3,0,0.01,0.09,0.1,6.7,21,5,15,16,,,,0,False,389,0.0,387,466,0.3,0,False,,0.3,1,0.3,1,0.3,1,5.0,3298,30,0,0,0.8,6.8,0,4.071,3.478,4.663,-0.429
2026-09-29,2026-09-29T23:38:04+00:00,2026,5,5,56979,101,Henderson,Jordan,Henderson,MID,6,8,Chelsea,4.9,5.0,-0.1,2,90,1,0,0,0,0,16,2.0,0.4,0.0,1116,2623,0.0149,0.0349,-0.0201,2.7,16.6,10.4,0.0,a,,2026-08-09T09:30:07.136250Z,50.0,100.0,0.7,0.1,0.3,0.7,2,1,0,3,0,0,0,0,0,0.0,0.08,0.08,2.65,10,1,7,2,,,3.0,0,False,531,0.0,503,149,0.0,0,False,,0.0,0,0.0,0,0.0,0,5.0,684,15,0,0,2.0,3.1,0,4.923,4.336,5.511,0.023
2026-09-29,2026-09-29T23:38:04+00:00,2026,5,5,59735,325,Darlow,Karl,Darlow,GK,16,1,Man Utd,4.5,4.5,0.0,0,0,0,0,0,0,0,0,0.0,0.0,0.0,1065,1589,0.0142,0.0212,-0.007,0.0,0.0,0.0,0.0,d,Unspecified injury - 75% chance of playing,2026-09-21T13:30:08.885505Z,100.0,75.0,0.0,0.0,0.0,0.0,0,0,0,0,0,0,0,0,0,0.0,0.0,0.0,0.0,0,0,0,0,,,,0,False,512,0.0,58,208,-22.3,0,False,,-22.3,-2,-22.3,-2,-22.3,-2,5.0,0,0,0,0,0.0,0.0,0,4.363,3.775,4.951,-0.137
2026-09-29,2026-09-29T23:38:04+00:00,2026,5,5,60307,124,Groß,Pascal,Groß,MID,5,36,Brighton,5.8,5.5,0.3,47,450,5,3,4,3,9,166,9.4,8.1,28.8,2138665,541219,28.4775,7.2066,21.2709,50.8,211.0,216.0,84.0,a,,,,,10.7,1.8,10.7,10.7,14,5,0,5,0,0,0,2,0,1.77,0.86,2.63,8.67,26,7,10,9,1.0,1.0,1.0,3,True,8,0.1,778172,11436,90.1,101,False,,90.7,3,91.2,3,91.8,3,5.0,3420,344,23,23,9.1,38.7,4,8.614,7.991,9.237,2.814
2026-09-29,2026-09-29T23:38:04+00:00,2026,5,5,60689,490,Wood,Chris,Wood,FWD,18,17,Nott'm Forest,5.8,6.0,-0.2,4,62,4,0,0,0,0,13,1.0,0.7,0.9,24489,116183,0.3261,1.547,-1.221,0.7,1.2,4.8,3.0,a,,,,,1.0,0.2,1.0,1.0,1,0,0,1,0,0,0,0,0,0.12,0.01,0.13,0.53,1,0,1,0,2.0,,,0,False,191,0.0,1910,6336,-38.8,-3,False,,-39.3,-2,-39.8,-2,-40.3,-3,5.0,471,30,0,0,1.0,5.2,0,5.347,4.759,5.935,-0.453
2026-09-29,2026-09-29T23:38:04+00:00,2026,5,5,67089,497,Dubravka,Martin,Dubravka,GK,19,6,Spurs,4.0,4.0,0.0,0,0,0,0,0,0,0,0,0.0,0.0,17.1,396378,439409,5.278,5.851,-0.573,0.0,0.0,0.0,0.0,a,,,,,0.0,0.0,0.0,0.0,0,0,0,0,0,0,0,0,0,0.0,0.0,0.0,0.0,0,0,0,0,,,,0,False,24,0.0,25739,46759,-23.9,-8,False,,-24.0,-2,-24.1,-2,-24.1,-2,5.0,0,0,0,0,0.0,0.0,0,4.34,3.75,4.93,0.34
2026-09-29,2026-09-29T23:38:04+00:00,2026,5,5,72147,29,M.Bizot,Marco,Bizot,GK,2,7,Aston Villa,4.5,4.5,0.0,1,90,1,0,0,0,0,1,1.0,0.2,0.1,4654,7373,0.062,0.0982,-0.0362,2.8,28.2,0.0,0.0,i,Back injury - Expected back 10 Oct,2026-09-17T07:30:09.058151Z,0.0,0.0,0.0,0.0,0.0,0.0,0,1,3,4,0,0,0,0,0,0.0,0.0,0.0,3.77,0,0,6,2,,,,0,False,398,0.0,60,997,-36.9,0,False,,-36.9,-2,-36.9,-2,-36.9,-2,5.0,684,8,0,0,1.0,1.7,0,4.206,3.617,4.795,-0.294
2026-09-29,2026-09-29T23:38:04+00:00,2026,5,5,75115,108,Wilson,Callum,Wilson,FWD,4,94,Brentford,5.4,5.5,-0.1,3,13,3,0,0,0,0,9,1.0,0.6,0.3,15517,26490,0.2066,0.3527,-0.1461,2.6,3.2,10.4,12.0,a,,,,,0.3,0.1,0.3,0.3,0,0,0,0,0,0,0,0,0,0.07,0.04,0.11,0.15,2,0,1,1,,,,0,False,290,-0.1,1168,2425,-11.8,0,False,,-11.8,-1,-11.8,-1,-11.8,-1,5.0,99,23,0,0,1.0,4.2,0,5.068,4.478,5.657,-0.332
2026-09-29,2026-09-29T23:38:04+00:00,2026,5,5,76357,266,Cairney,Tom,Cairney,MID,10,54,Fulham,4.9,5.0,-0.1,0,0,0,0,0,0,0,0,0.0,0.0,0.0,109,331,0.0015,0.0044,-0.003,0.0,0.0,0.0,0.0,i,Knee injury - Expected back 10 Oct,2026-08-14T18:00:06.460944Z,0.0,0.0,0.0,0.0,0.0,0.0,0,0,0,0,0,0,0,0,0,0.0,0.0,0.0,0.0,0,0,0,0,,,,0,False,649,0.0,8,20,-15.0,0,False,,-15.0,-1,-15.0,-1,-15.0,-1,5.0,0,0,0,0,0.0,0.0,0,4.773,4.186,5.36,-0.127
2026-09-29,2026-09-29T23:38:04+00:00,2026,5,5,78916,448,Burn,Dan,Burn,DEF,17,4,Newcastle,4.8,5.0,-0.2,0,0,0,0,0,0,0,0,0.0,0.0,0.7,7324,160567,0.0975,2.138,-2.0405,0.0,0.0,0.0,0.0,i,Ankle injury - Expected back 12 Oct,2026-08-23T18:00:08.367241Z,0.0,0.0,0.0,0.0,0.0,0.0,0,0,0,0,0,0,0,0,0,0.0,0.0,0.0,0.0,0,0,0,0,,,,0,False,210,-0.1,109,5659,-3.6,0,False,,-3.6,-1,-3.6,-1,-3.6,-1,5.0,0,0,0,0,0.0,0.0,0,4.519,3.931,5.107,-0.281
2026-09-29,2026-09-29T23:38:04+00:00,2026,5,5,79602,623,Bentley,Dan,Bentley,GK,7,9,Coventry City,4.0,4.0,0.0,0,0,0,0,0,0,0,0,0.0,0.0,0.6,78303,19150,1.0426,0.255,0.7877,0.0,0.0,0.0,0.0,a,,,,,0.0,0.0,0.0,0.0,0,0,0,0,0,0,0,0,0,0.0,0.0,0.0,0.0,0,0,0,0,,,,0,False,228,0.0,7925,2258,2.1,-2,False,,2.1,1,2.1,1,2.0,1,5.0,0,0,0,0,0.0,0.0,0,3.998,3.41,4.585,-0.002
2026-09-29,2026-09-29T23:38:04+00:00,2026,5,5,80178,178,Bidwell,Jake,Bidwell,DEF,7,9,Coventry City,4.0,4.0,0.0,0,0,0,0,0,0,0,0,0.0,0.0,0.1,2487,3527,0.0331,0.047,-0.0138,0.0,0.0,0.0,0.0,a,,,,,0.0,0.0,0.0,0.0,0,0,0,0,0,0,0,0,0,0.0,0.0,0.0,0.0,0,0,0,0,,,,0,False,446,0.0,180,296,-29.7,0,False,,-29.7,-2,-29.7,-2,-29.7,-2,5.0,0,0,0,0,0.0,0.0,0,4.007,3.42,4.594,0.007
2026-09-29,2026-09-29T23:38:04+00:00,2026,5,5,80201,250,Leno,Bernd,Leno,GK,10,54,Fulham,4.5,4.5,0.0,18,450,5,0,0,1,2,77,3.6,4.0,3.4,148507,101807,1.9775,1.3556,0.6218,12.8,127.6,0.0,0.0,a,,,,,4.3,1.0,4.3,4.3,3,5,16,8,0,0,0,0,0,0.0,0.0,0.0,9.11,0,0,41,6,,,,0,False,100,0.0,37610,10765,8.5,2,False,,8.6,1,8.6,1,8.6,1,5.0,3420,137,0,0,3.6,30.4,0,4.659,4.071,5.248,0.159
2026-09-29,2026-09-29T23:38:04+00:00,2026,5,5,81441,443,Gillespie,Mark,Gillespie,GK,17,4,Newcastle,4.5,4.5,0.0,0,0,0,0,0,0,0,0,0.0,0.0,0.0,767,1206,0.0102,0.0161,-0.0058,0.0,0.0,0.0,0.0,a,,,,,0.0,0.0,0.0,0.0,0,0,0,0,0,0,0,0,0,0.0,0.0,0.0,0.0,0,0,0,0,,,,0,False,529,0.0,42,86,-38.2,0,False,,-38.2,-2,-38.2,-2,-38.2,-2,5.0,0,0,0,0,0.0,0.0,0,4.272,3.683,4.86,-0.228
2026-09-29,2026-09-29T23:38:04+00:00,2026,5,5,83299,116,Dunk,Lewis,Dunk,DEF,5,36,Brighton,4.5,4.5,0.0,22,360,4,1,0,2,1,79,5.5,4.9,1.5,89097,50539,1.1864,0.673,0.5134,14.3,116.2,14.6,11.0,d,Neck injury - 75% chance of playing,2026-09-22T09:30:09.629652Z,,75.0,5.7,1.3,5.7,4.3,0,4,0,5,0,0,0,1,0,0.03,0.09,0.12,7.04,23,3,13,20,,3.0,,1,False,148,0.0,7536,9475,20.0,-8,False,,19.9,1,19.7,1,19.6,1,5.0,2736,167,8,0,5.5,37.2,0,5.446,4.855,6.038,0.946
2026-09-29,2026-09-29T23:38:04+00:00,2026,5,5,84450,544,Xhaka,Granit,Xhaka,MID,20,56,Sunderland,5.5,5.5,0.0,21,450,5,0,1,1,5,116,4.2,3.8,3.6,130599,207870,1.739,2.7679,-1.0289,28.8,93.6,191.1,3.0,a,,,,,2.0,0.4,2.0,2.0,2,5,0,10,0,0,0,2,0,0.06,1.32,1.38,8.66,54,9,33,12,,2.0,2.0,0,False,93,0.0,6067,22781,-72.0,-4,False,,-72.1,-3,-72.3,-3,-72.4,-3,5.0,3420,160,0,8,4.2,29.0,0,5.781,5.192,6.37,0.281
2026-09-29,2026-09-29T23:38:04+00:00,2026,5,5,85633,467,Sels,Matz,Sels,GK,18,17,Nott'm Forest,5.0,5.0,0.0,14,450,5,0,0,1,0,67,2.8,2.8,1.6,68189,62022,0.908,0.8259,0.0821,8.2,82.0,0.0,0.0,a,,,,,3.7,0.7,3.7,3.7,2,5,11,5,0,0,0,0,0,0.0,0.01,0.01,4.77,0,0,46,6,,,,0,False,143,0.0,1936,5960,4.4,0,False,,4.4,1,4.4,1,4.4,1,5.0,3420,106,0,0,2.8,21.3,0,4.687,4.099,5.274,-0.313
2026-09-29,2026-09-29T23:38:04+00:00,2026,5,5,86873,251,Lecomte,Benjamin,Lecomte,GK,10,54,Fulham,4.0,4.0,0.0,0,0,0,0,0,0,0,0,0.0,0.0,1.1,25130,25852,0.3346,0.3442,-0.0096,0.0,0.0,0.0,0.0,a,,,,,0.0,0.0,0.0,0.0,0,0,0,0,0,0,0,0,0,0.0,0.0,0.0,0.0,0,0,0,0,,,,0,False,167,0.0,2402,2417,-23.6,0,False,,-23.6,-2,-23.6,-2,-23.6,-2,5.0,0,0,0,0,0.0,0.0,0,4.006,3.419,4.594,0.006
2026-09-29,2026-09-29T23:38:04+00:00,2026,5,5,88894,46,Barkley,Ross,Barkley,MID,2,7,Aston Villa,5.0,5.0,0.0,10,308,5,0,0,1,0,66,2.0,2.0,0.3,16107,16219,0.2145,0.216,-0.0015,15.6,42.4,82.3,31.0,a,,,,,2.0,0.4,2.0,2.0,1,4,0,8,0,0,0,0,0,0.38,0.14,0.52,7.36,28,7,16,5,,,4.0,0,False,309,0.0,550,1742,0.5,0,False,,0.5,1,0.5,1,0.5,1,5.0,2341,76,0,0,2.0,15.2,0,4.874,4.286,5.462,-0.126
2026-09-29,2026-09-29T23:38:04+00:00,2026,5,5,91651,406,Kovačić,Mateo,Kovačić,MID,15,43,Man City,5.4,5.5,-0.1,2,42,2,0,0,0,0,12,1.0,0.4,0.1,2245,6277,0.0299,0.0836,-0.0537,0.9,4.2,5.2,0.0,a,,,,,0.0,0.0,0.0,0.0,0,0,0,0,0,0,0,0,0,0.0,0.02,0.02,0.1,2,0,2,0,,,,0,False,447,0.0,103,448,-94.4,-2,False,,-97.5,-4,-100.6,-5,-103.6,-5,5.0,319,15,0,0,1.0,2.8,0,5.297,4.709,5.885,-0.103
2026-09-29,2026-09-29T23:38:04+00:00,2026,5,5,93605,541,Meunier,Thomas,Meunier,DEF,20,56,Sunderland,4.5,4.5,0.0,14,396,5,0,1,1,0,42,2.8,3.1,0.3,6978,9605,0.0929,0.1279,-0.035,15.6,70.2,41.4,43.0,a,,2026-08-16T08:30:07.830062Z,100.0,100.0,2.3,0.5,2.3,2.3,3,5,0,8,0,0,0,0,0,0.34,0.58,0.92,5.94,20,4,15,16,,,,0,False,301,0.0,1577,853,-32.5,0,False,,-32.5,-2,-32.5,-2,-32.5,-2,5.0,3010,106,0,8,2.8,23.6,0,4.823,4.235,5.412,0.323
2026-09-29,2026-09-29T23:38:04+00:00,2026,5,5,95658,418,Maguire,Harry,Maguire,DEF,16,1,Man Utd,4.8,5.0,-0.2,10,450,5,0,1,0,0,50,2.0,2.1,8.6,138113,1003306,1.8391,13.3596,-11.5205,18.6,86.0,50.1,50.0,a,,,,,1.7,0.4,1.7,1.7,2,5,0,8,0,0,0,2,0,0.2,0.46,0.66,6.8,31,3,21,28,,,,0,False,44,-0.1,4155,73615,-1.7,0,False,,-1.7,-1,-1.7,-1,-1.7,-1,5.0,3420,76,0,8,2.0,15.8,0,5.059,4.468,5.65,0.259
2026-09-29,2026-09-29T23:38:04+00:00,2026,5,5,97032,356,Virgil,Virgil,van Dijk,DEF,14,14,Liverpool,6.5,6.5,0.0,25,450,5,0,0,3,0,96,5.0,3.8,16.2,277567,615232,3.696,8.1922,-4.4962,17.4,125.0,22.3,26.0,a,,,,,7.3,1.1,7.3,7.3,8,5,0,4,0,0,0,1,0,0.25,0.08,0.33,6.12,48,5,18,43,,,,0,False,26,0.0,20551,42599,-58.8,6,False,,-58.8,-3,-58.7,-3,-58.6,-3,5.0,3420,190,0,0,5.0,29.2,0,6.121,5.528,6.714,-0.379
2026-09-29,2026-09-29T23:38:04+00:00,2026,5,5,97846,625,Cairns,Alex,Cairns,GK,13,2,Leeds,4.0,4.0,0.0,0,0,0,0,0,0,0,0,0.0,0.0,0.2,19781,5916,0.2634,0.0788,0.1846,0.0,0.0,0.0,0.0,a,,,,,0.0,0.0,0.0,0.0,0,0,0,0,0,0,0,0,0,0.0,0.0,0.0,0.0,0,0,0,0,,,,0,False,328,0.0,822,758,0.4,0,False,,0.4,1,0.4,1,0.4,1,5.0,0,0,0,0,0.0,0.0,0,3.991,3.404,4.579,-0.009
2026-09-29,2026-09-29T23:38:04+00:00,2026,5,5,98747,442,Pope,Nick,Pope,GK,17,4,Newcastle,4.9,5.0,-0.1,0,0,0,0,0,0,0,0,0.0,0.0,0.9,13337,53779,0.1776,0.7161,-0.5385,0.0,0.0,0.0,0.0,a,,,,,0.0,0.0,0.0,0.0,0,0,0,0,0,0,0,0,0,0.0,0.0,0.0,0.0,0,0,0,0,,,,0,False,185,0.0,844,3056,-43.3,0,False,,-43.3,-3,-43.3,-3,-43.3,-3,5.0,0,0,0,0,0.0,0.0,0,4.533,3.944,5.121,-0.367
2026-09-29,2026-09-29T23:38:04+00:00,2026,5,5,98980,28,Martinez,Emiliano,Martínez Romero,GK,6,8,Chelsea,5.0,5.0,0.0,9,360,4,0,0,0,0,61,2.2,1.8,4.7,245107,246182,3.2637,3.278,-0.0143,17.5,145.0,30.0,0.0,a,,,,,2.3,0.5,2.3,2.3,2,4,18,10,0,0,0,0,0,0.0,0.01,0.01,7.49,0,0,37,1,,,,0,False,77,0.0,7340,21601,-6.2,2,False,,-6.2,-1,-6.1,-1,-6.1,-1,5.0,2736,68,0,0,2.2,13.7,0,4.745,4.156,5.334,-0.255
2026-09-29,2026-09-29T23:38:04+00:00,2026,5,5,101188,30,Digne,Lucas,Digne,DEF,2,7,Aston Villa,4.5,4.5,0.0,0,0,0,0,0,0,0,0,0.0,0.0,0.0,0,8633,0.0,0.115,-0.115,0.0,0.0,0.0,0.0,u,Has joined Paris Saint-Germain permanently,2026-08-10T14:03:30.089007Z,0.0,0.0,0.0,0.0,0.0,0.0,0,0,0,0,0,0,0,0,0,0.0,0.0,0.0,0.0,0,0,0,0,,,,0,False,499,0.0,0,222,0.0,0,False,,0.0,0,0.0,0,0.0,0,5.0,0,0,0,0,0.0,0.0,0,4.252,3.664,4.84,-0.248
2026-09-29,2026-09-29T23:38:04+00:00,2026,5,5,101282,289,Crooks,Matt,Crooks,MID,11,88,Hull City,4.4,4.5,-0.1,3,203,3,0,0,1,0,17,1.0,0.7,0.5,24304,40304,0.3236,0.5367,-0.213,5.4,37.8,17.3,0.0,a,,2026-08-29T15:00:08.569326Z,100.0,100.0,0.3,0.1,0.3,0.3,0,3,0,4,0,0,0,3,0,0.0,0.12,0.12,3.57,21,8,4,9,,,,0,False,250,-0.1,4945,4075,0.7,0,False,,0.7,1,0.7,1,0.7,1,5.0,1543,23,0,0,1.0,5.2,0,4.457,3.87,5.045,0.057
2026-09-29,2026-09-29T23:38:04+00:00,2026,5,5,105666,274,Butland,Jack,Butland,GK,11,88,Hull City,4.4,4.5,-0.1,0,0,0,0,0,0,0,0,0.0,0.0,0.1,636,4929,0.0085,0.0656,-0.0572,0.0,0.0,0.0,0.0,i,Arm injury - Unknown return date,2026-08-08T19:00:05.601633Z,0.0,0.0,0.0,0.0,0.0,0.0,0,0,0,0,0,0,0,0,0,0.0,0.0,0.0,0.0,0,0,0,0,,,,0,False,468,-0.1,67,316,-0.6,0,False,,-0.6,-1,-0.6,-1,-0.6,-1,5.0,0,0,0,0,0.0,0.0,0,4.232,3.645,4.82,-0.168
2026-09-29,2026-09-29T23:38:04+00:00,2026,5,5,105717,540,Masuaku,Arthur,Masuaku,DEF,20,56,Sunderland,4.0,4.0,0.0,0,0,0,0,0,0,0,0,0.0,0.0,0.1,0,11547,0.0,0.1538,-0.1538,0.0,0.0,0.0,0.0,u,Has joined Konyaspor permanently,2026-08-12T14:08:03.097784Z,0.0,0.0,0.0,0.0,0.0,0.0,0,0,0,0,0,0,0,0,0,0.0,0.0,0.0,0.0,0,0,0,0,,,,0,False,378,0.0,0,614,0.0,0,False,,0.0,0,0.0,0,0.0,0,5.0,0,0,0,0,0.0,0.0,0,4.007,3.42,4.594,0.007
2026-09-29,2026-09-29T23:38:04+00:00,2026,5,5,106611,231,Keane,Michael,Keane,DEF,9,11,Everton,4.8,5.0,-0.2,0,0,0,0,0,0,0,0,0.0,0.0,0.7,9278,90552,0.1235,1.2057,-1.0822,0.0,0.0,0.0,0.0,a,,,,,0.0,0.0,0.0,0.0,0,0,0,0,0,0,0,0,0,0.0,0.0,0.0,0.0,0,0,0,0,,,,0,False,207,0.0,373,3753,-38.1,0,False,,-38.1,-2,-38.1,-2,-38.1,-2,5.0,0,0,0,0,0.0,0.0,0,4.55,3.962,5.138,-0.25
2026-09-29,2026-09-29T23:38:04+00:00,2026,5,5,106760,423,Shaw,Luke,Shaw,DEF,16,1,Man Utd,4.3,4.5,-0.2,9,335,4,0,1,0,0,54,2.2,2.1,7.7,100956,1307294,1.3443,17.4073,-16.063,20.1,92.6,91.6,17.0,a,,2026-09-11T13:00:09.030120Z,50.0,100.0,2.0,0.5,1.0,2.0,2,4,0,5,0,0,0,1,0,0.03,0.58,0.61,4.63,23,6,7,17,,,3.0,0,False,48,-0.1,3472,75365,-4.5,-5,False,,-4.5,-1,-4.6,-1,-4.6,-1,5.0,2546,68,0,8,2.2,15.9,0,4.888,4.298,5.478,0.588
2026-09-29,2026-09-29T23:38:04+00:00,2026,5,5,106921,587,Rulli,Gerónimo,Rulli,GK,15,43,Man City,5.0,5.0,0.0,0,0,0,0,0,0,0,0,0.0,0.0,0.0,601,1112,0.008,0.0148,-0.0068,0.0,0.0,0.0,0.0,a,,,,,0.0,0.0,0.0,0.0,0,0,0,0,0,0,0,0,0,0.0,0.0,0.0,0.0,0,0,0,0,,,,0,False,568,0.0,69,101,-88.5,0,False,,-88.5,-3,-88.5,-3,-88.5,-3,5.0,0,0,0,0,0.0,0.0,0,4.754,4.165,5.343,-0.246
2026-09-29,2026-09-29T23:38:04+00:00,2026,5,5,108413,212,Hughes,Will,Hughes,MID,8,31,Crystal Palace,4.4,4.5,-0.1,2,29,2,0,0,0,0,9,1.0,0.5,7.3,122235,481756,1.6276,6.4148,-4.7872,2.4,8.0,15.3,0.0,a,,,,,0.7,0.2,0.7,0.7,0,0,0,1,0,0,0,0,0,0.0,0.04,0.04,1.12,7,1,3,3,,,4.0,0,False,52,0.0,8836,43141,-19.6,3,False,,-19.6,-1,-19.5,-1,-19.5,-1,5.0,220,15,0,0,1.0,3.5,0,4.657,4.069,5.245,0.257
2026-09-29,2026-09-29T23:38:04+00:00,2026,5,5,108416,277,Egan,John,Egan,DEF,11,88,Hull City,4.1,3.9999999999999996,0.1,26,437,5,0,0,3,1,71,5.2,6.3,7.0,749632,215502,9.9818,2.8695,7.1122,13.4,110.8,1.3,21.0,a,,,,,3.0,0.7,3.0,3.0,1,5,0,4,0,0,0,1,0,0.05,0.0,0.05,7.27,59,9,12,50,,,,0,False,54,0.0,26473,28581,26.0,-4,False,,25.9,2,25.9,2,25.8,2,5.0,3321,198,0,0,5.2,38.7,1,4.702,4.107,5.297,0.602
2026-09-29,2026-09-29T23:38:04+00:00,2026,5,5,108813,300,Walton,Christian,Walton,GK,12,40,Ipswich Town,4.4,4.5,-0.1,2,90,1,0,0,0,0,10,2.0,0.5,0.4,3312,14920,0.0441,0.1987,-0.1546,1.2,12.0,0.0,0.0,a,,,,,0.7,0.2,0.7,0.7,2,1,1,1,0,0,0,0,0,0.0,0.01,0.01,2.24,0,0,17,2,,,,0,False,271,0.0,1627,1007,-7.4,3,False,,-6.2,-1,-5.0,-1,-3.8,-1,5.0,684,15,0,0,2.0,3.5,0,4.297,3.709,4.884,-0.103
2026-09-29,2026-09-29T23:38:04+00:00,2026,5,5,109646,147,Tosin,Tosin,Adarabioyo,DEF,19,6,Spurs,4.4,4.5,-0.1,1,5,1,0,0,0,0,5,1.0,0.2,0.1,1991,7898,0.0265,0.1052,-0.0787,0.9,9.0,0.2,0.0,a,,,,,0.3,0.1,0.3,0.3,0,0,0,0,0,0,0,0,0,0.0,0.0,0.0,0.03,4,2,1,2,,,,0,False,368,0.0,99,546,-38.3,0,False,,-38.3,-2,-38.3,-2,-38.3,-2,5.0,38,8,0,0,1.0,1.7,0,4.349,3.762,4.937,-0.051
2026-09-29,2026-09-29T23:38:04+00:00,2026,5,5,109745,2,Arrizabalaga,Kepa,Arrizabalaga Revuelta,GK,1,3,Arsenal,4.9,5.0,-0.1,0,0,0,0,0,0,0,0,0.0,0.0,0.1,1483,4264,0.0197,0.0568,-0.037,0.0,0.0,0.0,0.0,a,,,,,0.0,0.0,0.0,0.0,0,0,0,0,0,0,0,0,0,0.0,0.0,0.0,0.0,0,0,0,0,,,,0,False,464,0.0,106,251,-48.3,0,False,,-48.3,-3,-48.3,-3,-48.3,-3,5.0,0,0,0,0,0.0,0.0,0,4.59,4.002,5.179,-0.31
2026-09-29,2026-09-29T23:38:04+00:00,2026,5,5,110690,172,Wilson,Ben,Wilson,GK,7,9,Coventry City,4.4,4.5,-0.1,0,0,0,0,0,0,0,0,0.0,0.0,0.4,1403,12348,0.0187,0.1644,-0.1457,0.0,0.0,0.0,0.0,a,,,,,0.0,0.0,0.0,0.0,0,0,0,0,0,0,0,0,0,0.0,0.0,0.0,0.0,0,0,0,0,,,,0,False,277,0.0,233,651,-5.8,0,False,,-5.8,-1,-5.8,-1,-5.8,-1,5.0,0,0,0,0,0.0,0.0,0,4.237,3.65,4.825,-0.163
2026-09-29,2026-09-29T23:38:04+00:00,2026,5,5,111234,226,Pickford,Jordan,Pickford,GK,9,11,Everton,5.5,5.5,0.0,25,450,5,0,0,3,1,121,5.0,4.5,9.1,295496,235119,3.9347,3.1307,0.804,12.0,119.2,0.0,0.0,a,,,,,5.0,0.9,5.0,5.0,8,5,15,3,0,0,0,0,0,0.0,0.02,0.02,6.94,0,0,53,7,,,,0,False,40,0.0,27979,15000,29.0,0,False,,29.0,2,29.0,2,29.0,2,5.0,3420,190,0,0,5.0,34.5,0,5.46,4.868,6.052,-0.04
2026-09-29,2026-09-29T23:38:04+00:00,2026,5,5,111317,74,Brooks,David,Brooks,MID,3,91,Bournemouth,5.0,5.0,0.0,3,45,4,0,0,0,0,8,0.8,0.6,0.1,3353,3776,0.0446,0.0503,-0.0056,3.5,9.2,23.6,2.0,a,,2026-08-15T16:30:07.037929Z,100.0,100.0,0.7,0.1,0.7,0.7,1,0,0,2,0,0,0,1,0,0.0,0.07,0.07,0.75,5,0,3,2,,3.0,4.0,0,False,494,0.0,171,318,-19.4,0,False,,-19.4,-1,-19.4,-1,-19.4,-1,5.0,342,23,0,0,0.7,4.6,0,4.841,4.252,5.429,-0.159
2026-09-29,2026-09-29T23:38:04+00:00,2026,5,5,112520,301,Palmer,Alex,Palmer,GK,12,40,Ipswich Town,4.0,4.0,0.0,0,0,0,0,0,0,0,0,0.0,0.0,3.9,74458,112841,0.9914,1.5025,-0.5111,0.0,0.0,0.0,0.0,a,,,,,0.0,0.0,0.0,0.0,0,0,0,0,0,0,0,0,0,0.0,0.0,0.0,0.0,0,0,0,0,,,,0,False,88,0.0,3862,11602,-25.2,0,False,,-25.2,-2,-25.2,-2,-25.2,-2,5.0,0,0,0,0,0.0,0.0,0,4.053,3.465,4.64,0.053
2026-09-29,2026-09-29T23:38:04+00:00,2026,5,5,114243,457,J.Murphy,Jacob,Murphy,MID,17,4,Newcastle,5.9,6.0,-0.1,3,181,5,0,0,0,0,21,0.6,0.5,0.1,6030,10921,0.0803,0.1454,-0.0651,4.9,13.0,26.9,10.0,a,,,,,0.7,0.1,0.7,0.7,1,2,0,5,0,0,0,3,0,0.03,0.41,0.44,4.96,18,4,10,4,,,4.0,0,False,375,0.0,927,742,-19.6,0,False,,-19.6,-1,-19.6,-1,-19.6,-1,5.0,1376,23,0,0,0.6,3.9,0,5.263,4.675,5.851,-0.637
2026-09-29,2026-09-29T23:38:04+00:00,2026,5,5,114283,238,Grealish,Jack,Grealish,MID,9,11,Everton,6.5,6.5,0.0,6,135,4,0,0,1,0,36,1.5,0.9,0.5,40610,23176,0.5407,0.3086,0.2321,11.4,21.6,71.7,20.0,a,,2026-07-29T10:00:10.492904Z,100.0,100.0,1.7,0.3,1.7,1.7,3,1,0,1,0,0,0,0,0,0.02,0.44,0.46,1.67,13,3,8,2,,,,0,False,254,0.0,3566,2892,8.5,0,False,,8.5,1,8.5,1,8.5,1,5.0,1026,46,0,0,1.5,7.0,0,5.76,5.172,6.348,-0.74
2026-09-29,2026-09-29T23:38:04+00:00,2026,5,5,115556,508,Davies,Ben,Davies,DEF,19,6,Spurs,3.9,4.0,-0.1,0,0,0,0,0,0,0,0,0.0,0.0,0.9,19064,41216,0.2538,0.5488,-0.295,0.0,0.0,0.0,0.0,a,,,,,0.0,0.0,0.0,0.0,0,0,0,0,0,0,0,0,0,0.0,0.0,0.0,0.0,0,0,0,0,,,,0,False,192,-0.1,7268,3773,1.5,2,False,,1.5,1,1.6,1,1.6,1,5.0,0,0,0,0,0.0,0.0,0,4.067,3.479,4.655,0.167
2026-09-29,2026-09-29T23:38:04+00:00,2026,5,5,116535,350,A.Becker,Alisson,Becker,GK,14,14,Liverpool,5.5,5.5,0.0,27,450,5,0,0,3,5,96,5.4,4.9,4.1,145888,144862,1.9426,1.9289,0.0137,9.9,99.2,0.0,0.0,a,,,,,8.3,1.5,8.3,8.3,8,5,14,4,0,0,0,1,0,0.0,0.0,0.0,6.12,0,0,47,10,,,,0,False,83,0.0,12570,11338,1.5,0,False,,1.5,1,1.5,1,1.5,1,5.0,3420,205,0,0,5.4,37.3,0,5.511,4.917,6.105,0.011
2026-09-29,2026-09-29T23:38:04+00:00,2026,5,5,119090,618,Goretzka,Leon,Goretzka,MID,2,7,Aston Villa,5.9,6.0,-0.1,0,0,0,0,0,0,0,0,0.0,0.0,0.0,4631,4727,0.0617,0.0629,-0.0013,0.0,0.0,0.0,0.0,i,Knee injury - Expected back 10 Oct,2026-09-09T09:30:08.229436Z,0.0,0.0,0.0,0.0,0.0,0.0,0,0,0,0,0,0,0,0,0,0.0,0.0,0.0,0.0,0,0,0,0,,,,0,False,556,0.0,22,413,-40.5,0,False,,-40.5,-3,-40.5,-3,-40.5,-3,5.0,0,0,0,0,0.0,0.0,0,5.316,4.727,5.905,-0.584
2026-09-29,2026-09-29T23:38:04+00:00,2026,5,5,119471,446,Schär,Fabian,Schär,DEF,17,4,Newcastle,4.9,5.0,-0.1,2,25,2,0,0,0,0,0,1.0,0.4,0.2,7046,13835,0.0938,0.1842,-0.0904,3.6,25.0,10.5,0.0,a,,2026-08-15T16:30:07.209742Z,100.0,100.0,0.3,0.1,0.3,0.3,1,0,0,2,0,0,0,0,0,0.0,0.01,0.01,1.87,7,0,0,7,,2.0,,0,False,326,0.0,535,889,-11.1,-2,False,,-12.2,-1,-13.4,-1,-14.5,-1,5.0,190,15,0,0,1.0,3.1,0,4.579,3.991,5.167,-0.321
2026-09-29,2026-09-29T23:38:04+00:00,2026,5,5,121709,199,Benitez,Walter,Benítez,GK,8,31,Crystal Palace,4.5,4.5,0.0,8,180,2,0,0,1,0,29,4.0,1.8,0.1,3748,4778,0.0499,0.0636,-0.0137,3.8,37.4,0.0,0.0,a,,,,,2.7,0.6,2.7,2.7,6,2,5,3,0,0,0,0,0,0.0,0.0,0.0,2.99,0,0,11,2,,,,0,False,395,0.0,656,361,-24.3,0,False,,-24.3,-2,-24.3,-2,-24.3,-2,5.0,1368,61,0,0,4.0,13.5,0,4.523,3.934,5.111,0.023
2026-09-29,2026-09-29T23:38:04+00:00,2026,5,5,122074,386,Bettinelli,Marcus,Bettinelli,GK,15,43,Man City,4.5,4.5,0.0,0,0,0,0,0,0,0,0,0.0,0.0,0.0,566,1122,0.0075,0.0149,-0.0074,0.0,0.0,0.0,0.0,a,,,,,0.0,0.0,0.0,0.0,0,0,0,0,0,0,0,0,0,0.0,0.0,0.0,0.0,0,0,0,0,,,,0,False,551,0.0,51,86,-85.6,0,False,,-85.6,-3,-85.6,-3,-85.6,-3,5.0,0,0,0,0,0.0,0.0,0,4.479,3.89,5.068,-0.021
2026-09-29,2026-09-29T23:38:04+00:00,2026,5,5,122798,502,Robertson,Andrew,Robertson,DEF,19,6,Spurs,4.4,4.5,-0.1,17,366,5,0,1,1,1,68,3.4,3.9,2.5,67020,183087,0.8924,2.4379,-1.5455,25.4,89.6,123.9,41.0,a,,,,,4.0,0.9,4.0,4.0,4,4,0,7,0,0,0,0,0,0.13,0.43,0.56,7.05,20,5,15,15,,,6.0,0,False,112,0.0,5348,12411,0.3,0,False,,0.3,1,0.3,1,0.3,1,5.0,2782,129,0,8,3.4,29.4,0,5.064,4.475,5.654,0.664
2026-09-29,2026-09-29T23:38:04+00:00,2026,5,5,122806,45,McGinn,John,McGinn,MID,2,7,Aston Villa,5.4,5.5,-0.1,17,434,5,0,2,2,1,65,3.4,3.1,2.2,70456,155225,0.9382,2.0669,-1.1287,14.8,52.4,84.9,15.0,a,,,,,4.0,0.7,4.0,4.0,6,5,0,7,0,0,0,2,0,0.77,0.24,1.01,8.29,30,5,17,8,,,1.0,0,False,122,0.0,6625,8263,-20.1,0,False,,-20.1,-2,-20.1,-2,-20.1,-2,5.0,3298,129,0,15,3.4,23.9,0,5.876,5.284,6.467,0.476
2026-09-29,2026-09-29T23:38:04+00:00,2026,5,5,128295,21,Nørgaard,Christian,Nørgaard,MID,9,11,Everton,4.8,5.0,-0.2,0,0,0,0,0,0,0,0,0.0,0.0,0.0,492,7416,0.0066,0.0987,-0.0922,0.0,0.0,0.0,0.0,i,Groin injury - Unknown return date,2026-08-15T20:00:06.779594Z,0.0,0.0,0.0,0.0,0.0,0.0,0,0,0,0,0,0,0,0,0,0.0,0.0,0.0,0.0,0,0,0,0,,,,0,False,507,-0.1,52,314,-0.1,0,False,,-0.1,-1,-0.1,-1,-0.1,-1,5.0,0,0,0,0,0.0,0.0,0,4.793,4.205,5.38,-0.007
2026-09-29,2026-09-29T23:38:04+00:00,2026,5,5,135720,501,Danso,Kevin,Danso,DEF,20,56,Sunderland,5.0,5.0,0.0,3,270,3,0,0,0,0,7,1.0,0.6,0.2,6558,9856,0.0873,0.1312,-0.0439,11.0,55.2,32.9,21.0,a,,,,,1.0,0.2,1.0,1.0,0,3,0,8,0,0,0,0,0,0.07,0.17,0.24,5.91,20,1,11,19,,,,0,False,359,0.0,1133,819,-81.5,0,False,,-81.5,-3,-81.5,-3,-81.5,-3,5.0,2052,23,0,0,1.0,4.6,0,4.433,3.845,5.021,-0.567
2026-09-29,2026-09-29T23:38:04+00:00,2026,5,5,138001,228,King,Tom,King,GK,9,11,Everton,4.5,4.5,0.0,0,0,0,0,0,0,0,0,0.0,0.0,0.0,1179,1731,0.0157,0.023,-0.0074,0.0,0.0,0.0,0.0,a,,,,,0.0,0.0,0.0,0.0,0,0,0,0,0,0,0,0,0,0.0,0.0,0.0,0.0,0,0,0,0,,,,0,False,504,0.0,112,164,-40.6,0,False,,-40.6,-3,-40.6,-3,-40.6,-3,5.0,0,0,0,0,0.0,0.0,0,4.303,3.714,4.891,-0.197
2026-09-29,2026-09-29T23:38:04+00:00,2026,5,5,141746,426,B.Fernandes,Bruno,Borges Fernandes,MID,16,1,Man Utd,11.9,12.0,-0.1,31,450,5,3,1,0,3,148,6.2,2.6,38.5,653267,1846087,8.6986,24.5817,-15.883,54.6,187.0,241.7,117.0,a,,,,,2.0,0.2,2.0,2.0,2,5,0,8,0,0,0,0,0,2.56,1.32,3.88,6.8,29,5,21,3,1.0,1.0,1.0,1,False,6,-0.1,41667,193137,-1.1,-7,False,,-1.1,-1,-1.1,-1,-1.1,-1,5.0,3420,236,23,8,6.2,19.8,0,11.954,11.357,12.551,0.054
2026-09-29,2026-09-29T23:38:04+00:00,2026,5,5,146426,279,Ajayi,Semi,Ajayi,DEF,11,88,Hull City,4.2,4.0,0.2,27,423,5,1,0,3,2,79,5.4,6.4,14.0,1354005,308157,18.0293,4.1033,13.926,14.1,85.6,4.2,51.0,a,,2026-08-22T17:30:07.668197Z,100.0,100.0,2.3,0.5,2.3,2.3,1,5,0,4,0,0,0,1,0,0.66,0.01,0.67,6.43,27,6,16,21,,,,1,False,29,0.0,42620,57655,69.0,-10,False,,68.8,3,68.7,3,68.5,3,5.0,3215,205,8,0,5.4,38.7,1,5.36,4.768,5.952,1.16
2026-09-29,2026-09-29T23:38:04+00:00,2026,5,5,147675,320,Akpom,Chuba,Akpom,FWD,12,40,Ipswich Town,5.0,5.0,0.0,7,78,3,1,0,0,0,36,2.3,1.4,1.2,130889,73852,1.7429,0.9834,0.7595,6.1,34.6,2.5,24.0,a,,,,,0.3,0.1,0.3,0.3,1,0,0,4,0,0,0,0,0,1.14,0.0,1.14,4.2,3,1,2,0,,,,0,False,165,0.0,4933,9419,23.8,-2,False,,23.8,2,23.8,2,23.8,2,5.0,593,53,8,0,2.3,10.6,0,5.519,4.931,6.107,0.519
2026-09-29,2026-09-29T23:38:04+00:00,2026,5,5,149484,33,Mings,Tyrone,Mings,DEF,2,7,Aston Villa,4.5,4.5,0.0,10,261,4,0,0,1,0,43,2.5,2.2,0.4,16364,17391,0.2179,0.2316,-0.0137,8.2,59.8,5.6,17.0,a,,,,,2.2,0.5,2.2,2.2,3,2,0,4,0,0,0,1,0,0.2,0.02,0.22,4.43,24,4,7,20,,,,0,False,272,0.0,1644,1367,0.7,0,False,,0.7,1,0.7,1,0.7,1,5.0,1984,76,0,0,2.5,16.9,0,4.451,3.863,5.038,-0.049
2026-09-29,2026-09-29T23:38:04+00:00,2026,5,5,149929,311,Burns,Wes,Burns,MID,12,40,Ipswich Town,5.0,5.0,0.0,0,0,0,0,0,0,0,0,0.0,0.0,0.0,0,347,0.0,0.0046,-0.0046,0.0,0.0,0.0,0.0,u,Has joined Leicester City permanently,2026-08-10T14:02:47.597478Z,0.0,0.0,0.0,0.0,0.0,0.0,0,0,0,0,0,0,0,0,0,0.0,0.0,0.0,0.0,0,0,0,0,,,,0,False,655,0.0,0,8,0.0,0,False,,0.0,0,0.0,0,0.0,0,5.0,0,0,0,0,0.0,0.0,0,4.801,4.214,5.389,-0.199
2026-09-29,2026-09-29T23:38:04+00:00,2026,5,5,152551,213,Lerma,Jefferson,Lerma Solís,MID,8,31,Crystal Palace,4.8,5.0,-0.2,1,51,2,0,0,0,0,6,0.5,0.2,0.1,1294,5541,0.0172,0.0738,-0.0566,3.0,17.6,0.8,11.0,a,,,,,0.3,0.1,0.3,0.3,0,0,0,1,0,0,0,1,0,0.26,0.0,0.26,1.25,12,2,3,7,,,,0,False,450,-0.1,88,360,-1.6,0,False,,-1.6,-1,-1.6,-1,-1.6,-1,5.0,388,8,0,0,0.5,1.6,0,4.7,4.112,5.287,-0.1
2026-09-29,2026-09-29T23:38:04+00:00,2026,5,5,153133,261,Iwobi,Alex,Iwobi,MID,10,54,Fulham,5.4,5.5,-0.1,14,408,5,0,0,2,2,94,2.8,2.6,0.7,22186,55489,0.2954,0.7389,-0.4434,27.7,60.6,167.5,49.0,a,,,,,3.3,0.6,3.3,3.3,5,5,0,7,0,0,0,0,0,0.39,1.22,1.61,8.16,29,5,19,5,3.0,1.0,1.0,0,False,221,0.0,3266,3128,-58.7,4,False,,-57.9,-3,-57.0,-3,-56.2,-3,5.0,3101,106,0,0,2.8,19.7,0,5.186,4.598,5.774,-0.214
2026-09-29,2026-09-29T23:38:04+00:00,2026,5,5,153366,270,Reed,Harrison,Reed,MID,10,54,Fulham,4.4,4.5,-0.1,0,0,0,0,0,0,0,0,0.0,0.0,1.1,36245,72906,0.4826,0.9708,-0.4882,0.0,0.0,0.0,0.0,a,,,,,0.0,0.0,0.0,0.0,0,0,0,0,0,0,0,0,0,0.0,0.0,0.0,0.0,0,0,0,0,,,,0,False,168,0.0,2753,6681,-10.9,0,False,,-10.9,-1,-10.9,-1,-10.9,-1,5.0,0,0,0,0,0.0,0.0,0,4.521,3.933,5.108,0.121
2026-09-29,2026-09-29T23:38:04+00:00,2026,5,5,153682,260,Wilson,Harry,Wilson,MID,13,2,Leeds,6.2,6.5,-0.3,5,145,4,0,0,1,0,19,1.2,0.8,1.7,29042,456199,0.3867,6.0745,-5.6878,8.5,19.2,52.4,12.0,i,Thigh injury - Unknown return date,2026-09-18T13:30:09.626858Z,0.0,0.0,0.3,0.0,0.0,0.0,0,1,0,1,0,0,0,1,0,0.01,0.09,0.1,3.28,11,4,4,3,,2.0,2.0,0,False,137,0.0,71,39497,-59.2,-8,False,,-59.4,-3,-59.7,-3,-59.9,-3,5.0,1102,38,0,0,1.2,6.1,0,5.58,4.992,6.167,-0.62
2026-09-29,2026-09-29T23:38:04+00:00,2026,5,5,154043,649,Maitland-Niles,Ainsley,Maitland-Niles,DEF,9,11,Everton,4.5,4.5,0.0,21,177,3,1,0,2,2,75,7.0,4.7,1.4,92074,14377,1.226,0.1914,1.0346,11.4,67.2,38.8,8.0,a,,,,,7.0,1.6,7.0,7.0,8,2,0,1,0,0,0,0,0,0.06,0.25,0.31,2.0,13,5,7,8,,,,0,False,156,0.0,19042,4485,17.1,0,False,,17.1,1,17.1,1,17.1,1,5.0,1345,160,8,0,7.0,35.5,0,5.685,5.089,6.281,1.185
2026-09-29,2026-09-29T23:38:04+00:00,2026,5,5,154561,1,Raya,David,Raya Martín,GK,1,3,Arsenal,6.1,6.0,0.1,30,450,5,0,0,3,3,104,6.0,4.9,42.3,964566,638905,12.8437,8.5074,4.3364,10.6,104.6,0.2,0.0,a,,,,,6.0,1.0,6.0,6.0,1,5,9,4,0,1,0,0,0,0.0,0.01,0.01,4.03,0,1,58,6,,,,1,False,4,0.1,124167,46501,1.3,7,False,,1.3,1,1.4,1,1.4,1,5.0,3420,228,0,0,6.0,37.4,0,6.451,5.851,7.051,0.351
2026-09-29,2026-09-29T23:38:04+00:00,2026,5,5,154566,526,Solanke,Dominic,Solanke-Mitchell,FWD,19,6,Spurs,5.8,6.0,-0.2,7,170,5,0,0,1,0,21,1.4,1.2,0.8,29383,94609,0.3913,1.2598,-0.8685,6.1,8.4,17.5,37.0,a,,,,,1.7,0.3,1.7,1.7,2,2,0,1,0,0,0,0,0,0.56,0.01,0.57,2.57,9,2,5,2,1.0,,,0,False,200,0.0,1836,5558,-29.6,0,False,,-29.6,-2,-29.6,-2,-29.6,-2,5.0,1292,53,0,0,1.4,9.2,0,5.418,4.83,6.006,-0.382
2026-09-29,2026-09-29T23:38:04+00:00,2026,5,5,155405,408,Phillips,Kalvin,Phillips,MID,15,43,Man City,5.0,5.0,0.0,0,0,0,0,0,0,0,0,0.0,0.0,0.0,0,571,0.0,0.0076,-0.0076,0.0,0.0,0.0,0.0,u,Has joined Sheffield United on loan for the rest of the season,2026-08-18T14:11:56.348781Z,0.0,0.0,0.0,0.0,0.0,0.0,0,0,0,0,0,0,0,0,0,0.0,0.0,0.0,0.0,0,0,0,0,,,,0,False,640,0.0,0,12,0.0,0,False,,0.0,0,0.0,0,0.0,0,5.0,0,0,0,0,0.0,0.0,0,5.025,4.437,5.613,0.025
2026-09-29,2026-09-29T23:38:04+00:00,2026,5,5,155408,71,Cook,Lewis,Cook,MID,3,91,Bournemouth,5.0,5.0,0.0,8,180,5,0,0,2,0,25,1.6,1.6,0.2,13095,13914,0.1744,0.1853,-0.0109,2.8,11.8,15.8,0.0,a,,,,,0.7,0.1,0.7,0.7,1,2,0,1,0,0,0,1,0,0.0,0.01,0.01,4.2,14,1,6,7,,,,0,False,354,0.0,261,1133,-11.8,0,False,,-11.8,-1,-11.8,-1,-11.8,-1,5.0,1368,61,0,0,1.6,12.2,0,4.92,4.331,5.508,-0.08
2026-09-29,2026-09-29T23:38:04+00:00,2026,5,5,155465,629,Zetterer,Michael,Zetterer,GK,13,2,Leeds,4.0,4.0,0.0,0,0,0,0,0,0,0,0,0.0,0.0,0.7,58403,14094,0.7777,0.1877,0.59,0.0,0.0,0.0,0.0,a,,,,,0.0,0.0,0.0,0.0,0,0,0,0,0,0,0,0,0,0.0,0.0,0.0,0.0,0,0,0,0,,,,0,False,219,0.0,2963,2719,2.2,0,False,,2.2,1,2.2,1,2.2,1,5.0,0,0,0,0,0.0,0.0,0,4.0,3.412,4.587,0.0
2026-09-29,2026-09-29T23:38:04+00:00,2026,5,5,155503,352,Woodman,Freddie,Woodman,GK,14,14,Liverpool,4.0,4.0,0.0,0,0,0,0,0,0,0,0,0.0,0.0,1.0,18261,27167,0.2432,0.3617,-0.1186,0.0,0.0,0.0,0.0,a,,,,,0.0,0.0,0.0,0.0,0,0,0,0,0,0,0,0,0,0.0,0.0,0.0,0.0,0,0,0,0,,,,0,False,175,0.0,767,2309,-31.0,0,False,,-31.0,-2,-31.0,-2,-31.0,-2,5.0,0,0,0,0,0.0,0.0,0,4.117,3.529,4.706,0.117
2026-09-29,2026-09-29T23:38:04+00:00,2026,5,5,158499,75,Christie,Ryan,Christie,MID,3,91,Bournemouth,5.0,5.0,0.0,5,102,4,0,0,0,0,15,1.2,1.0,0.0,3545,2190,0.0472,0.0292,0.018,5.2,9.4,17.1,31.0,a,,2026-07-24T17:30:10.035483Z,100.0,100.0,1.3,0.3,1.3,1.3,2,1,0,2,0,0,0,0,0,0.5,0.13,0.63,1.64,14,1,10,3,,,,0,False,526,0.0,290,245,0.4,0,False,,0.4,1,0.4,1,0.4,1,5.0,775,38,0,0,1.2,7.6,0,4.875,4.287,5.463,-0.125
2026-09-29,2026-09-29T23:38:04+00:00,2026,5,5,158983,374,Endo,Endo,Wataru,MID,14,14,Liverpool,4.9,5.0,-0.1,0,0,0,0,0,0,0,0,0.0,0.0,0.1,2325,4800,0.031,0.0639,-0.033,0.0,0.0,0.0,0.0,a,,2026-07-23T12:01:23.612529Z,100.0,100.0,0.0,0.0,0.0,0.0,0,0,0,0,0,0,0,0,0,0.0,0.0,0.0,0.0,0,0,0,0,,,,0,False,478,0.0,162,434,-60.5,0,False,,-60.5,-3,-60.5,-3,-60.5,-3,5.0,0,0,0,0,0.0,0.0,0,4.887,4.3,5.475,-0.013
2026-09-29,2026-09-29T23:38:04+00:00,2026,5,5,159506,473,Aina,Ola,Aina,DEF,18,17,Nott'm Forest,4.4,4.5,-0.1,8,306,4,0,0,1,0,45,2.0,1.8,2.4,69151,169743,0.9208,2.2602,-1.3394,12.7,58.2,53.3,15.0,a,,,,,1.0,0.2,1.0,1.0,0,4,0,3,0,0,0,2,0,0.04,0.53,0.57,3.72,22,10,14,12,,,,0,False,120,-0.1,1038,19956,-2.7,0,False,,-2.7,-1,-2.7,-1,-2.7,-1,5.0,2326,61,0,0,2.0,13.8,0,4.365,3.778,4.952,-0.035
2026-09-29,2026-09-29T23:38:04+00:00,2026,5,5,160817,285,McNair,Paddy,McNair,DEF,11,88,Hull City,4.0,4.0,0.0,1,26,1,0,0,0,0,3,1.0,0.2,0.1,3141,4710,0.0418,0.0627,-0.0209,0.4,4.2,0.0,0.0,a,,2026-09-09T13:30:08.327907Z,100.0,100.0,0.0,0.0,0.0,0.0,0,0,0,0,0,0,0,0,0,0.0,0.0,0.0,0.96,2,0,1,2,,,,0,False,397,0.0,188,401,-41.5,0,False,,-41.5,-3,-41.5,-3,-41.5,-3,5.0,198,8,0,0,1.0,1.9,0,4.028,3.441,4.615,0.028
2026-09-29,2026-09-29T23:38:04+00:00,2026,5,5,166477,258,Castagne,Timothy,Castagne,DEF,10,54,Fulham,4.5,4.5,0.0,20,408,5,0,2,2,0,64,4.0,4.4,0.9,90751,43407,1.2084,0.578,0.6304,20.6,90.4,58.6,57.0,a,,,,,2.7,0.6,2.7,2.7,1,5,0,7,0,0,0,2,0,0.67,0.39,1.06,6.81,29,6,18,23,,,,0,False,186,0.0,14109,4678,13.9,0,False,,13.9,1,13.9,1,13.9,1,5.0,3101,152,0,15,4.0,33.8,0,5.351,4.758,5.943,0.851
2026-09-29,2026-09-29T23:38:04+00:00,2026,5,5,166989,43,Tielemans,Youri,Tielemans,MID,16,1,Man Utd,5.8,6.0,-0.2,14,402,5,0,0,0,0,93,2.8,2.4,1.5,44477,161106,0.5922,2.1452,-1.553,24.4,87.2,112.6,43.0,a,,2026-07-23T12:01:23.321726Z,100.0,100.0,2.7,0.5,2.7,2.7,4,5,0,8,0,0,0,0,0,0.65,0.52,1.17,6.16,43,7,25,11,3.0,,,0,False,151,0.0,3030,10482,-36.0,-2,False,,-36.2,-2,-36.3,-2,-36.5,-2,5.0,3055,106,0,0,2.8,18.3,0,5.528,4.939,6.116,-0.272
2026-09-29,2026-09-29T23:38:04+00:00,2026,5,5,167074,256,Tete,Kenny,Tete,DEF,10,54,Fulham,4.4,4.5,-0.1,0,27,1,0,0,0,0,-1,0.0,0.0,0.2,1384,10467,0.0184,0.1394,-0.1209,0.4,1.6,0.3,2.0,a,,2026-09-18T12:30:09.546158Z,0.0,100.0,0.0,0.0,0.0,0.0,0,0,0,0,0,0,0,1,0,0.0,0.0,0.0,0.65,3,0,0,3,,,,0,False,343,0.0,53,1022,-0.3,0,False,,-0.3,-1,-0.3,-1,-0.3,-1,5.0,205,0,0,0,0.0,0.0,0,4.18,3.593,4.768,-0.22
2026-09-29,2026-09-29T23:38:04+00:00,2026,5,5,167512,539,O'Nien,Luke,O'Nien,DEF,20,56,Sunderland,3.9,4.0,-0.1,1,66,1,0,0,0,0,1,1.0,0.3,2.5,32113,121203,0.4276,1.6139,-1.1863,1.7,11.4,1.4,4.0,a,,,,,0.0,0.0,0.0,0.0,0,1,0,1,0,0,0,1,0,0.01,0.01,0.02,1.69,5,1,4,4,,,,0,False,114,-0.1,17370,11303,4.0,-3,False,,3.9,1,3.9,1,3.8,1,5.0,502,8,0,0,1.0,1.9,0,4.018,3.431,4.605,0.118
2026-09-29,2026-09-29T23:38:04+00:00,2026,5,5,167825,273,Phillips,Dillon,Phillips,GK,11,88,Hull City,4.0,4.0,0.0,0,0,0,0,0,0,0,0,0.0,0.0,1.4,29034,38265,0.3866,0.5095,-0.1229,0.0,0.0,0.0,0.0,a,,,,,0.0,0.0,0.0,0.0,0,0,0,0,0,0,0,0,0,0.0,0.0,0.0,0.0,0,0,0,0,,,,0,False,155,0.0,2909,3382,-27.7,0,False,,-27.7,-2,-27.7,-2,-27.7,-2,5.0,0,0,0,0,0.0,0.0,0,4.011,3.424,4.599,0.011
2026-09-29,2026-09-29T23:38:04+00:00,2026,5,5,168144,184,Grimes,Matt,Grimes,MID,7,9,Coventry City,4.9,5.0,-0.1,11,443,5,0,0,1,0,62,2.2,2.2,0.1,4076,11234,0.0543,0.1496,-0.0953,11.8,64.4,48.0,6.0,a,,,,,2.3,0.5,2.3,2.3,3,5,0,9,0,0,0,0,0,0.12,0.13,0.25,8.42,38,9,16,13,3.0,,1.0,0,False,393,0.0,179,843,-28.1,0,False,,-28.1,-2,-28.1,-2,-28.1,-2,5.0,3367,84,0,0,2.2,17.1,0,4.807,4.219,5.395,-0.093
2026-09-29,2026-09-29T23:38:04+00:00,2026,5,5,168636,80,Enes Ünal,Enes,Ünal,FWD,3,91,Bournemouth,5.5,5.5,0.0,0,0,0,0,0,0,0,0,0.0,0.0,0.0,0,1980,0.0,0.0264,-0.0264,0.0,0.0,0.0,0.0,u,Has joined Getafe permanently,2026-08-14T14:14:21.881112Z,0.0,0.0,0.0,0.0,0.0,0.0,0,0,0,0,0,0,0,0,0,0.0,0.0,0.0,0.0,0,0,0,0,,,,0,False,590,0.0,0,48,0.0,0,False,,0.0,0,0.0,0,0.0,0,5.0,0,0,0,0,0.0,0.0,0,5.079,4.489,5.668,-0.421
2026-09-29,2026-09-29T23:38:04+00:00,2026,5,5,169359,556,Targett,Matt,Targett,DEF,11,88,Hull City,4.0,4.0,0.0,1,5,1,0,0,0,0,3,1.0,0.2,1.6,24834,86909,0.3307,1.1572,-0.8266,0.0,0.4,0.0,0.0,d,Ankle injury - 75% chance of playing,2026-09-17T14:00:26.419938Z,75.0,75.0,0.0,0.0,0.0,0.0,0,0,0,0,0,0,0,0,0,0.0,0.0,0.0,0.07,0,0,1,0,,,,0,False,140,0.0,110,9633,-73.1,0,False,,-73.1,-3,-73.1,-3,-73.1,-3,5.0,38,8,0,0,1.0,1.9,0,4.069,3.481,4.656,0.069
2026-09-29,2026-09-29T23:38:04+00:00,2026,5,5,169432,295,McBurnie,Oli,McBurnie,FWD,11,88,Hull City,5.5,5.5,0.0,13,441,5,0,2,3,0,52,2.6,2.4,1.9,188658,152892,2.5121,2.0358,0.4762,23.0,47.2,69.1,114.0,a,,,,,2.3,0.4,2.3,2.3,1,5,0,4,0,0,0,3,0,1.23,0.13,1.36,7.21,21,3,9,9,1.0,,,0,False,129,0.0,7672,17545,27.4,0,False,,27.4,2,27.4,2,27.4,2,5.0,3352,99,0,15,2.6,18.0,0,5.765,5.172,6.358,0.265
2026-09-29,2026-09-29T23:38:04+00:00,2026,5,5,169528,254,Robinson,Antonee,Robinson,DEF,10,54,Fulham,4.5,4.5,0.0,12,429,5,0,0,1,0,65,2.4,2.7,1.5,57780,70361,0.7694,0.9369,-0.1675,21.8,93.6,106.7,18.0,a,,,,,3.0,0.7,3.0,3.0,2,5,0,8,0,0,0,0,0,0.26,0.3,0.56,9.08,31,13,20,18,2.0,,,0,False,153,0.0,15295,6386,-19.1,0,False,,-19.1,-1,-19.1,-1,-19.1,-1,5.0,3260,91,0,0,2.4,20.3,0,4.418,3.831,5.005,-0.082
2026-09-29,2026-09-29T23:38:04+00:00,2026,5,5,169593,555,Matthews,Remi,Matthews,GK,8,31,Crystal Palace,4.0,4.0,0.0,0,0,0,0,0,0,0,0,0.0,0.0,1.7,23238,31398,0.3094,0.4181,-0.1087,0.0,0.0,0.0,0.0,a,,,,,0.0,0.0,0.0,0.0,0,0,0,0,0,0,0,0,0,0.0,0.0,0.0,0.0,0,0,0,0,,,,0,False,138,0.0,1054,2958,-9.1,0,False,,-9.1,-1,-9.1,-1,-9.1,-1,5.0,0,0,0,0,0.0,0.0,0,4.002,3.414,4.59,0.002
2026-09-29,2026-09-29T23:38:04+00:00,2026,5,5,171270,288,Dowell,Kieran,Dowell,MID,11,88,Hull City,4.5,4.5,0.0,0,0,0,0,0,0,0,0,0.0,0.0,0.3,12331,21530,0.1642,0.2867,-0.1225,0.0,0.0,0.0,0.0,a,,,,,0.0,0.0,0.0,0.0,0,0,0,0,0,0,0,0,0,0.0,0.0,0.0,0.0,0,0,0,0,,,,0,False,291,0.0,574,1947,-93.8,0,False,,-93.8,-3,-93.8,-3,-93.8,-3,5.0,0,0,0,0,0.0,0.0,0,4.532,3.945,5.119,0.032
2026-09-29,2026-09-29T23:38:04+00:00,2026,5,5,171287,359,Gomez,Joe,Gomez,DEF,14,14,Liverpool,4.9,5.0,-0.1,0,0,0,0,0,0,0,0,0.0,0.0,0.0,735,1176,0.0098,0.0157,-0.0059,0.0,0.0,0.0,0.0,a,,2026-07-26T08:30:10.078473Z,100.0,100.0,0.0,0.0,0.0,0.0,0,0,0,0,0,0,0,0,0,0.0,0.0,0.0,0.0,0,0,0,0,,,,0,False,565,0.0,315,112,0.0,0,False,,0.0,0,0.0,0,0.0,0,5.0,0,0,0,0,0.0,0.0,0,4.631,4.043,5.219,-0.269
2026-09-29,2026-09-29T23:38:04+00:00,2026,5,5,171314,390,Rúben,Rúben,dos Santos Gato Alves Dias,DEF,15,43,Man City,5.5,5.5,0.0,17,450,5,0,0,2,0,72,3.4,3.1,1.9,67141,73693,0.894,0.9813,-0.0872,18.7,94.2,47.3,46.0,a,,,,,4.3,0.8,4.3,4.3,1,5,0,5,0,0,0,0,0,0.29,0.74,1.03,7.25,26,1,16,25,,,,0,False,128,0.0,4553,8891,3.8,1,False,,3.8,1,3.8,1,3.8,1,5.0,3420,129,0,0,3.4,23.5,0,5.268,4.68,5.857,-0.232
2026-09-29,2026-09-29T23:38:04+00:00,2026,5,5,172453,319,Szmodics,Sam,Szmodics,MID,12,40,Ipswich Town,5.0,5.0,0.0,0,0,0,0,0,0,0,0,0.0,0.0,0.0,0,760,0.0,0.0101,-0.0101,0.0,0.0,0.0,0.0,u,Has joined Derby County on loan for the rest of the season,2026-08-17T13:51:41.713979Z,0.0,0.0,0.0,0.0,0.0,0.0,0,0,0,0,0,0,0,0,0,0.0,0.0,0.0,0.0,0,0,0,0,,,,0,False,651,0.0,0,13,0.0,0,False,,0.0,0,0.0,0,0.0,0,5.0,0,0,0,0,0.0,0.0,0,4.801,4.214,5.389,-0.199
2026-09-29,2026-09-29T23:38:04+00:00,2026,5,5,172649,198,Henderson,Dean,Henderson,GK,8,31,Crystal Palace,5.0,5.0,0.0,5,270,3,0,0,0,0,37,1.7,1.0,1.3,55268,119741,0.7359,1.5944,-0.8585,9.6,96.8,0.0,0.0,i,Foot injury - Expected back 11 Oct,2026-09-12T14:00:09.378740Z,0.0,0.0,0.7,0.1,0.0,0.0,0,3,12,8,0,0,0,0,0,0.0,0.0,0.0,6.47,0,0,31,6,,,,0,False,159,0.0,142,10833,-96.1,0,False,,-96.1,-4,-96.1,-4,-96.1,-4,5.0,2052,38,0,0,1.7,7.6,0,4.51,3.921,5.1,-0.49
2026-09-29,2026-09-29T23:38:04+00:00,2026,5,5,172780,515,Maddison,James,Maddison,MID,19,6,Spurs,6.3,6.5,-0.2,3,59,3,0,0,0,0,18,1.0,0.5,0.4,5769,96195,0.0768,1.2809,-1.2041,5.6,21.8,14.5,19.0,a,,2026-08-25T14:30:07.623508Z,100.0,100.0,0.7,0.1,0.7,0.7,1,0,0,2,0,0,0,0,0,0.06,0.04,0.1,1.03,11,4,4,3,,5.0,5.0,0,False,268,0.0,720,1942,-69.5,0,False,,-69.5,-3,-69.5,-3,-69.5,-3,5.0,448,23,0,0,1.0,3.6,0,5.679,5.091,6.267,-0.621
2026-09-29,2026-09-29T23:38:04+00:00,2026,5,5,172850,643,Chilwell,Ben,Chilwell,DEF,8,31,Crystal Palace,4.5,4.5,0.0,8,29,2,1,0,0,0,21,4.0,1.8,0.4,43099,18081,0.5739,0.2408,0.3331,5.9,33.4,4.2,21.0,a,,,,,2.7,0.6,2.7,2.7,0,0,0,1,0,0,0,0,0,0.27,0.01,0.28,1.12,1,0,0,1,,,,0,False,260,0.0,545,2871,-72.2,0,False,,-72.2,-3,-72.2,-3,-72.2,-3,5.0,220,61,8,0,4.0,13.5,0,5.164,4.574,5.754,0.664
2026-09-29,2026-09-29T23:38:04+00:00,2026,5,5,173774,598,Elvedi,Nico,Elvedi,DEF,13,2,Leeds,4.5,4.5,0.0,13,326,4,0,0,1,0,56,3.2,2.9,0.1,5334,2784,0.071,0.0371,0.034,14.8,83.0,25.4,39.0,a,,,,,4.0,0.9,4.0,4.0,6,3,0,3,0,0,0,0,0,0.12,0.58,0.7,5.45,29,2,8,27,,,,0,False,492,0.0,219,225,0.6,0,False,,0.6,1,0.6,1,0.6,1,5.0,2478,99,0,0,3.2,22.0,0,4.546,3.959,5.133,0.046
2026-09-29,2026-09-29T23:38:04+00:00,2026,5,5,173878,176,Dasilva,Jay,Dasilva,DEF,7,9,Coventry City,4.0,4.0,0.0,20,444,5,1,0,1,3,54,4.0,5.0,0.7,15383,22656,0.2048,0.3017,-0.0968,21.5,110.6,67.7,35.0,a,,,,,5.7,1.4,5.7,5.7,15,5,0,10,0,0,0,0,0,0.5,0.52,1.02,8.63,23,4,14,19,,,,1,False,212,0.0,6100,1690,-31.5,0,False,,-31.5,-2,-31.5,-2,-31.5,-2,5.0,3374,152,8,0,4.0,38.0,0,5.057,4.465,5.649,1.057
2026-09-29,2026-09-29T23:38:04+00:00,2026,5,5,173879,56,Abraham,Tammy,Abraham,FWD,2,7,Aston Villa,5.5,5.5,0.0,4,71,4,0,0,0,0,13,1.0,0.7,0.2,15676,12865,0.2087,0.1713,0.0374,1.1,3.2,6.2,2.0,a,,2026-08-15T16:00:07.558543Z,100.0,100.0,1.0,0.2,1.0,1.0,1,0,0,3,0,0,0,0,0,0.0,0.0,0.0,2.69,2,1,1,0,,,,0,False,337,0.0,1628,1689,3.4,0,False,,3.4,1,3.4,1,3.4,1,5.0,540,30,0,0,1.0,5.5,0,5.099,4.51,5.687,-0.401
2026-09-29,2026-09-29T23:38:04+00:00,2026,5,5,174594,347,Nmecha,Lukas,Nmecha,FWD,13,2,Leeds,5.4,5.5,-0.1,7,64,4,0,1,0,0,28,1.8,1.3,0.5,22149,37064,0.2949,0.4935,-0.1986,5.7,20.4,22.4,15.0,a,,,,,1.0,0.2,1.0,1.0,1,0,0,1,0,0,0,0,0,0.27,0.15,0.42,2.9,4,1,3,0,2.0,,,0,False,258,0.0,1955,3643,-25.7,3,False,,-24.7,-2,-23.7,-2,-22.7,-2,5.0,486,53,0,8,1.8,9.9,0,5.536,4.947,6.125,0.136
2026-09-29,2026-09-29T23:38:04+00:00,2026,5,5,174874,253,Andersen,Joachim,Andersen,DEF,10,54,Fulham,5.0,5.0,0.0,3,190,3,0,0,0,0,12,1.0,0.6,0.2,14500,9171,0.1931,0.1221,0.071,9.6,52.2,35.8,8.0,a,,2026-07-23T12:01:23.516350Z,100.0,100.0,0.7,0.1,0.7,0.7,1,2,0,5,0,0,0,1,0,0.0,0.1,0.1,4.35,20,2,9,18,,,,0,False,366,0.0,2626,1061,0.7,-2,False,,0.7,1,0.7,1,0.7,1,5.0,1444,23,0,0,1.0,4.6,0,4.492,3.905,5.08,-0.508
2026-09-29,2026-09-29T23:38:04+00:00,2026,5,5,176297,429,Rashford,Marcus,Rashford,MID,16,1,Man Utd,7.0,7.0,0.0,10,351,5,0,0,1,0,58,2.0,1.4,1.5,85150,128231,1.1338,1.7075,-0.5736,37.3,53.4,163.2,157.0,d,Unspecified injury - 75% chance of playing,2026-09-21T10:30:09.221479Z,,75.0,2.3,0.3,2.3,1.7,2,4,0,3,0,0,0,0,0,0.78,0.43,1.21,4.5,18,4,10,4,,3.0,,0,False,152,0.0,4121,17150,-80.3,0,False,,-80.3,-3,-80.3,-3,-80.3,-3,5.0,2668,76,0,0,2.0,10.9,0,6.059,5.47,6.647,-0.941
2026-09-29,2026-09-29T23:38:04+00:00,2026,5,5,176412,193,Wright,Haji,Wright,FWD,7,9,Coventry City,5.3,5.5,-0.2,0,0,0,0,0,0,0,0,0.0,0.0,0.1,614,12461,0.0082,0.1659,-0.1577,0.0,0.0,0.0,0.0,i,Thigh injury - Unknown return date,2026-08-14T22:00:07.214508Z,0.0,0.0,0.0,0.0,0.0,0.0,0,0,0,0,0,0,0,0,0,0.0,0.0,0.0,0.0,0,0,0,0,1.0,,,0,False,466,-0.1,47,535,0.0,0,True,,0.0,0,0.0,0,0.0,0,5.0,0,0,0,0,0.0,0.0,0,5.011,4.423,5.599,-0.289
2026-09-29,2026-09-29T23:38:04+00:00,2026,5,5,176420,308,Furlong,Darnell,Furlong,DEF,12,40,Ipswich Town,3.9,4.0,-0.1,1,17,1,0,0,0,0,-1,1.0,0.3,0.6,18933,19589,0.2521,0.2608,-0.0087,0.6,5.0,0.5,0.0,a,,,,,0.0,0.0,0.0,0.0,0,0,0,1,0,0,0,0,0,0.0,0.0,0.0,0.86,3,1,0,2,,,,0,False,229,0.0,6296,2812,2.0,0,False,,2.0,1,2.0,1,2.0,1,5.0,129,8,0,0,1.0,1.9,0,4.023,3.435,4.61,0.123
2026-09-29,2026-09-29T23:38:04+00:00,2026,5,5,177815,346,Calvert-Lewin,Dominic,Calvert-Lewin,FWD,13,2,Leeds,6.0,6.0,0.0,22,419,5,2,1,3,4,73,4.4,3.7,24.8,1007602,1318127,13.4168,17.5516,-4.1348,28.2,104.0,29.6,153.0,a,,,,,4.3,0.7,4.3,4.3,2,5,0,2,0,0,0,3,0,3.0,0.08,3.08,4.85,22,0,13,9,1.0,,,0,False,13,0.0,90973,165185,67.2,1,False,,67.2,3,67.2,3,67.2,3,5.0,3184,167,15,8,4.4,27.9,0,7.362,6.772,7.953,1.362
2026-09-29,2026-09-29T23:38:04+00:00,2026,5,5,178301,55,Watkins,Ollie,Watkins,FWD,2,7,Aston Villa,7.8,8.0,-0.2,0,0,0,0,0,0,0,0,0.0,0.0,2.5,14882,759659,0.1982,10.1153,-9.9171,0.0,0.0,0.0,0.0,u,Has joined Al Hilal permanently,2026-09-01T13:15:16.698799Z,0.0,0.0,0.0,0.0,0.0,0.0,0,0,0,0,0,0,0,0,0,0.0,0.0,0.0,0.0,0,0,0,0,,,,0,False,117,0.0,0,12278,0.0,-4,False,,0.0,0,0.0,0,0.0,0,5.0,0,0,0,0,0.0,0.0,0,6.509,5.917,7.101,-1.291
2026-09-29,2026-09-29T23:38:04+00:00,2026,5,5,180135,339,Longstaff,Sean,Longstaff,MID,13,2,Leeds,4.9,5.0,-0.1,2,10,2,0,0,0,0,7,1.0,0.4,0.1,2500,8097,0.0333,0.1078,-0.0745,0.0,0.0,0.2,0.0,a,,,,,0.3,0.1,0.3,0.3,0,0,0,1,0,0,0,0,0,0.0,0.0,0.0,0.35,0,0,0,0,,3.0,3.0,0,False,438,0.0,127,613,-95.3,0,False,,-95.3,-4,-95.3,-4,-95.3,-4,5.0,76,15,0,0,1.0,3.1,0,4.826,4.239,5.413,-0.074
2026-09-29,2026-09-29T23:38:04+00:00,2026,5,5,180736,143,Chalobah,Trevoh,Chalobah,DEF,6,8,Chelsea,5.5,5.5,0.0,0,0,0,0,0,0,0,0,0.0,0.0,0.1,0,13931,0.0,0.1855,-0.1855,0.0,0.0,0.0,0.0,u,Has joined Como permanently,2026-08-10T14:03:50.769483Z,0.0,0.0,0.0,0.0,0.0,0.0,0,0,0,0,0,0,0,0,0,0.0,0.0,0.0,0.0,0,0,0,0,,,,0,False,469,0.0,0,301,0.0,0,False,,0.0,0,0.0,0,0.0,0,5.0,0,0,0,0,0.0,0.0,0,4.931,4.342,5.519,-0.569
2026-09-29,2026-09-29T23:38:04+00:00,2026,5,5,180974,458,Joelinton,Joelinton Cássio,Apolinário de Lira,MID,17,4,Newcastle,5.4,5.5,-0.1,0,0,0,0,0,0,0,0,0.0,0.0,0.0,226,2239,0.003,0.0298,-0.0268,0.0,0.0,0.0,0.0,i,Unspecified injury - Unknown return date,2026-08-16T08:00:08.074045Z,0.0,0.0,0.0,0.0,0.0,0.0,0,0,0,0,0,0,0,0,0,0.0,0.0,0.0,0.0,0,0,0,0,,,,0,False,577,0.0,15,77,-61.5,0,False,,-61.5,-3,-61.5,-3,-61.5,-3,5.0,0,0,0,0,0.0,0.0,0,5.067,4.479,5.655,-0.333
2026-09-29,2026-09-29T23:38:04+00:00,2026,5,5,183015,303,Kipré,Cédric,Kipré,DEF,12,40,Ipswich Town,3.9,4.0,-0.1,0,0,0,0,0,0,0,0,0.0,0.0,0.9,49012,29016,0.6526,0.3864,0.2663,0.0,0.0,0.0,0.0,a,,,,,0.0,0.0,0.0,0.0,0,0,0,0,0,0,0,0,0,0.0,0.0,0.0,0.0,0,0,0,0,,,,0,False,197,0.0,4391,4269,3.1,2,False,,3.1,1,3.1,1,3.2,1,5.0,0,0,0,0,0.0,0.0,0,3.999,3.412,4.587,0.099
2026-09-29,2026-09-29T23:38:04+00:00,2026,5,5,183656,103,Dasilva,Josh,Dasilva,MID,4,94,Brentford,4.9,5.0,-0.1,0,0,0,0,0,0,0,0,0.0,0.0,0.0,400,1946,0.0053,0.0259,-0.0206,0.0,0.0,0.0,0.0,i,Hamstring injury - Expected back 10 Oct,2026-09-04T13:30:08.371955Z,0.0,0.0,0.0,0.0,0.0,0.0,0,0,0,0,0,0,0,0,0,0.0,0.0,0.0,0.0,0,0,0,0,,,,0,False,596,0.0,9,101,-60.5,0,False,,-60.5,-3,-60.5,-3,-60.5,-3,5.0,0,0,0,0,0.0,0.0,0,4.73,4.141,5.319,-0.17
2026-09-29,2026-09-29T23:38:04+00:00,2026,5,5,184029,15,Ødegaard,Martin,Ødegaard,MID,1,3,Arsenal,6.8,6.5,0.3,29,377,5,2,0,3,6,137,5.8,4.3,19.8,1630257,546100,21.7078,7.2716,14.4361,36.2,121.8,166.9,73.0,a,,,,,4.5,0.7,4.5,4.5,2,5,0,4,0,0,0,0,0,1.08,1.32,2.4,3.23,23,6,12,5,3.0,4.0,,1,False,18,0.0,74537,86651,-1.4,12,False,,-1.3,-1,-1.1,-1,-0.9,-1,5.0,2865,220,15,0,5.8,32.4,0,7.62,7.027,8.213,0.82
2026-09-29,2026-09-29T23:38:04+00:00,2026,5,5,184254,494,Vicario,Guglielmo,Vicario,GK,19,6,Spurs,4.5,4.5,0.0,0,0,0,0,0,0,0,0,0.0,0.0,0.1,0,22081,0.0,0.294,-0.294,0.0,0.0,0.0,0.0,u,Has joined Juventus on loan for the rest of the season,2026-08-19T13:55:33.193962Z,0.0,0.0,0.0,0.0,0.0,0.0,0,0,0,0,0,0,0,0,0,0.0,0.0,0.0,0.0,0,0,0,0,,,,0,False,381,0.0,0,698,0.0,0,False,,0.0,0,0.0,0,0.0,0,5.0,0,0,0,0,0.0,0.0,0,4.325,3.736,4.913,-0.175
2026-09-29,2026-09-29T23:38:04+00:00,2026,5,5,184341,430,Mount,Mason,Mount,MID,16,1,Man Utd,5.4,5.5,-0.1,1,10,1,0,0,0,0,3,1.0,0.2,0.0,901,1972,0.012,0.0263,-0.0143,0.7,0.6,1.1,5.0,a,,2026-08-15T16:00:07.879135Z,100.0,100.0,0.3,0.1,0.3,0.3,1,0,0,0,0,0,0,0,0,0.09,0.01,0.1,0.0,1,0,1,0,,4.0,,0,False,532,0.0,173,196,0.1,0,False,,0.1,1,0.1,1,0.1,1,5.0,76,8,0,0,1.0,1.4,0,5.18,4.592,5.767,-0.22
2026-09-29,2026-09-29T23:38:04+00:00,2026,5,5,184349,269,Sessegnon,Ryan,Sessegnon,DEF,10,54,Fulham,4.3,4.5,-0.2,3,50,3,0,0,0,0,13,1.0,0.7,0.3,2731,18965,0.0364,0.2525,-0.2162,7.5,17.2,26.3,31.0,a,,2026-09-14T11:30:07.403957Z,75.0,100.0,0.3,0.1,0.2,0.3,0,0,0,1,0,0,0,0,0,0.13,0.44,0.57,1.8,3,1,3,2,,,3.0,0,False,304,-0.1,288,1267,-1.6,0,False,,-1.6,-1,-1.6,-1,-1.6,-1,5.0,380,23,0,0,1.0,5.3,0,4.292,3.704,4.879,-0.008
2026-09-29,2026-09-29T23:38:04+00:00,2026,5,5,184667,37,Lindelöf,Victor,Lindelöf,DEF,2,7,Aston Villa,4.5,4.5,0.0,8,450,5,0,0,1,0,28,1.6,1.8,0.3,14582,14272,0.1942,0.19,0.0041,14.9,74.4,37.3,37.0,a,,,,,2.5,0.6,2.5,2.5,1,5,0,9,1,0,0,0,0,0.44,0.17,0.61,9.22,22,1,7,21,,,,0,False,284,0.0,982,1249,1.0,0,False,,1.0,1,1.0,1,1.0,1,5.0,3420,61,0,0,1.6,13.5,0,4.198,3.608,4.787,-0.302
2026-09-29,2026-09-29T23:38:04+00:00,2026,5,5,191866,87,Ajer,Kristoffer,Ajer,DEF,4,94,Brentford,4.5,4.5,0.0,21,450,5,0,0,2,1,73,4.2,4.7,3.9,316450,275928,4.2137,3.6741,0.5396,18.8,104.2,34.0,49.0,a,,,,,3.3,0.7,3.3,3.3,7,5,0,4,0,0,0,1,0,0.13,0.08,0.21,6.32,50,4,11,46,,,,0,False,89,0.0,10963,22236,30.4,-1,False,,30.3,2,30.3,2,30.3,2,5.0,3420,160,0,0,4.2,35.5,0,4.765,4.173,5.356,0.265
2026-09-29,2026-09-29T23:38:04+00:00,2026,5,5,193278,280,Coyle,Lewie,Coyle,DEF,11,88,Hull City,4.0,4.0,0.0,14,348,5,0,0,2,0,49,2.8,3.5,0.7,27586,25791,0.3673,0.3434,0.0239,6.5,24.0,29.9,11.0,a,,2026-08-29T16:30:08.151841Z,100.0,100.0,2.7,0.7,2.7,2.7,1,5,0,4,0,0,0,1,0,0.13,0.07,0.2,6.22,11,3,11,8,,,,0,False,220,0.0,2014,1983,0.2,0,False,,0.2,1,0.2,1,0.2,1,5.0,2645,106,0,0,2.8,26.6,0,4.348,3.76,4.936,0.348
2026-09-29,2026-09-29T23:38:04+00:00,2026,5,5,194010,89,Henry,Rico,Henry,DEF,4,94,Brentford,4.4,4.5,-0.1,1,2,1,0,0,0,0,3,1.0,0.2,0.2,1979,8573,0.0264,0.1142,-0.0878,0.0,0.0,0.0,0.0,a,,,,,0.0,0.0,0.0,0.0,0,0,0,0,0,0,0,0,0,0.0,0.0,0.0,0.0,0,0,0,0,,,,0,False,339,0.0,155,575,-15.3,0,False,,-15.3,-1,-15.3,-1,-15.3,-1,5.0,15,8,0,0,1.0,1.7,0,4.243,3.654,4.832,-0.157
2026-09-29,2026-09-29T23:38:04+00:00,2026,5,5,195384,17,Merino,Mikel,Merino Zazón,MID,1,3,Arsenal,5.8,6.0,-0.2,4,81,5,0,0,0,0,19,0.8,0.7,0.4,9464,48127,0.126,0.6408,-0.5148,3.0,10.0,4.2,16.0,a,,,,,0.8,0.1,0.8,0.8,1,0,0,0,0,0,0,1,0,0.14,0.15,0.29,0.96,10,0,9,1,,,,0,False,274,0.0,727,2837,-99.7,0,False,,-99.7,-4,-99.7,-4,-99.7,-4,5.0,616,30,0,0,0.8,5.2,0,5.41,4.822,5.998,-0.39
2026-09-29,2026-09-29T23:38:04+00:00,2026,5,5,195546,41,Buendía,Emiliano,Buendía Stati,MID,2,7,Aston Villa,5.9,6.0,-0.1,21,401,5,1,0,1,3,73,4.2,3.6,1.0,59840,95183,0.7968,1.2674,-0.4706,19.6,66.0,80.5,59.0,a,,,,,4.8,0.8,4.8,4.8,12,5,0,8,0,0,0,0,0,0.92,0.24,1.16,7.86,34,9,20,5,1.0,1.0,2.0,1,False,180,0.0,11856,4038,-37.2,2,False,,-36.9,-2,-36.7,-2,-36.5,-2,5.0,3048,160,8,0,4.2,27.1,0,6.147,5.557,6.737,0.247
2026-09-29,2026-09-29T23:38:04+00:00,2026,5,5,196100,584,Hamer,Gustavo,Hamer,MID,7,9,Coventry City,5.4,5.5,-0.1,3,32,3,0,0,0,0,6,1.0,0.6,0.1,791,6396,0.0105,0.0852,-0.0746,0.3,0.6,1.8,0.0,a,,,,,0.3,0.1,0.3,0.3,0,0,0,1,0,0,0,0,0,0.0,0.02,0.02,0.82,3,1,2,0,,,4.0,0,False,432,0.0,41,389,-83.5,0,False,,-83.5,-3,-83.5,-3,-83.5,-3,5.0,243,23,0,0,1.0,4.2,0,5.102,4.515,5.69,-0.298
2026-09-29,2026-09-29T23:38:04+00:00,2026,5,5,198869,10,White,Benjamin,White,DEF,1,3,Arsenal,5.5,5.5,0.0,21,315,4,0,1,2,3,78,5.2,3.8,4.9,455993,564888,6.0718,7.5218,-1.45,15.2,69.6,53.0,29.0,d,Groin injury - 75% chance of playing,2026-09-20T19:30:08.247780Z,100.0,75.0,2.5,0.5,2.5,1.9,0,4,0,1,0,0,0,0,0,0.18,0.29,0.47,1.15,18,6,9,12,,,,0,False,75,0.0,3235,66107,-46.9,-11,False,,-47.1,-3,-47.3,-3,-47.5,-3,5.0,2394,160,0,8,5.2,29.0,0,5.794,5.203,6.384,0.294
2026-09-29,2026-09-29T23:38:04+00:00,2026,5,5,199598,338,Ampadu,Ethan,Ampadu,MID,13,2,Leeds,5.4,5.5,-0.1,21,450,5,0,1,2,0,87,4.2,3.9,0.9,17988,60457,0.2395,0.805,-0.5655,16.1,88.6,67.1,5.0,a,,,,,4.7,0.9,4.7,4.7,5,5,0,3,0,0,0,0,0,0.08,0.26,0.34,6.46,60,12,24,24,,,,0,False,188,0.0,1555,4778,-27.7,-4,False,,-28.3,-2,-28.9,-2,-29.5,-2,5.0,3420,160,0,8,4.2,29.6,0,5.718,5.129,6.307,0.318
2026-09-29,2026-09-29T23:38:04+00:00,2026,5,5,199796,32,Cash,Matty,Cash,DEF,2,7,Aston Villa,4.4,4.5,-0.1,6,296,4,0,0,1,0,16,1.5,1.4,4.8,95247,418632,1.2683,5.5743,-4.306,7.2,36.4,22.3,13.0,a,,2026-09-09T14:30:08.192142Z,100.0,100.0,1.8,0.4,1.8,1.8,-1,3,0,7,0,0,0,2,0,0.15,0.04,0.19,5.95,17,6,2,11,,,3.0,0,False,76,0.0,2596,24643,-22.4,-4,False,,-22.6,-2,-22.7,-2,-22.8,-2,5.0,2250,46,0,0,1.5,10.4,0,4.304,3.716,4.893,-0.096
2026-09-29,2026-09-29T23:38:04+00:00,2026,5,5,199798,31,Konsa,Ezri,Konsa Ngoyo,DEF,1,3,Arsenal,4.6,4.5,0.1,12,281,4,0,0,1,0,36,3.0,2.6,19.4,1462178,635760,19.4697,8.4655,11.0042,7.3,45.0,14.0,14.0,a,,,,,3.0,0.7,3.0,3.0,1,3,0,4,0,0,0,0,0,0.23,0.02,0.25,3.5,23,5,9,18,,,,0,False,19,0.1,88871,44652,0.8,0,False,,0.8,1,0.8,1,0.8,1,5.0,2136,91,0,0,3.0,19.8,0,4.961,4.372,5.55,0.361
2026-09-29,2026-09-29T23:38:04+00:00,2026,5,5,200089,460,Willock,Joe,Willock,MID,17,4,Newcastle,5.0,5.0,0.0,22,284,5,2,0,1,3,80,4.4,4.4,0.6,64269,30610,0.8558,0.4076,0.4482,19.4,92.2,41.0,68.0,a,,,,,4.3,0.9,4.3,4.3,10,3,0,5,0,0,0,0,0,0.81,0.3,1.11,5.19,18,5,9,4,,,,0,False,242,0.0,9449,2625,15.0,0,False,,15.0,1,15.0,1,15.0,1,5.0,2158,167,15,0,4.4,33.4,0,6.324,5.731,6.917,1.324
2026-09-29,2026-09-29T23:38:04+00:00,2026,5,5,200617,343,James,Daniel,James,MID,13,2,Leeds,4.9,5.0,-0.1,3,52,3,0,0,0,0,9,1.0,0.6,0.1,4149,7992,0.0552,0.1064,-0.0512,1.9,1.2,1.3,19.0,a,,,,,0.7,0.1,0.7,0.7,1,0,0,1,0,0,0,0,0,0.35,0.01,0.36,1.61,5,0,4,1,,,,0,False,427,0.0,180,542,-27.2,0,False,,-27.2,-2,-27.2,-2,-27.2,-2,5.0,395,23,0,0,1.0,4.7,0,4.822,4.235,5.409,-0.078
2026-09-29,2026-09-29T23:38:04+00:00,2026,5,5,200641,24,Nelson,Reiss,Nelson,MID,1,3,Arsenal,5.5,5.5,0.0,0,0,0,0,0,0,0,0,0.0,0.0,0.0,68,677,0.0009,0.009,-0.0081,0.0,0.0,0.0,0.0,u,has departed the club as a free agent.,2026-08-29T00:33:08.556767Z,0.0,0.0,0.0,0.0,0.0,0.0,0,0,0,0,0,0,0,0,0,0.0,0.0,0.0,0.0,0,0,0,0,,,,0,False,642,0.0,0,23,0.0,0,False,,0.0,0,0.0,0,0.0,0,5.0,0,0,0,0,0.0,0.0,0,5.171,4.582,5.759,-0.329
2026-09-29,2026-09-29T23:38:04+00:00,2026,5,5,200720,82,Kelleher,Caoimhín,Kelleher,GK,4,94,Brentford,5.0,5.0,0.0,20,450,5,0,0,2,0,97,4.0,4.0,6.1,251097,213406,3.3435,2.8416,0.5019,11.7,118.0,0.0,0.0,a,,,,,3.7,0.7,3.7,3.7,6,5,17,4,0,0,0,0,0,0.0,0.01,0.01,6.32,0,0,34,7,,,,0,False,62,0.0,19460,13140,20.1,2,False,,20.1,2,20.1,2,20.1,2,5.0,3420,152,0,0,4.0,30.4,0,4.938,4.348,5.528,-0.062
2026-09-29,2026-09-29T23:38:04+00:00,2026,5,5,200785,73,Adams,Tyler,Adams,MID,3,91,Bournemouth,5.0,5.0,0.0,12,279,5,0,0,0,0,52,2.4,2.4,0.3,18282,16603,0.2434,0.2211,0.0224,8.5,45.8,32.2,7.0,a,,2026-08-15T16:30:07.029928Z,100.0,100.0,3.3,0.7,3.3,3.3,4,3,0,7,0,0,0,0,0,0.03,0.07,0.1,2.74,41,7,22,12,,,,0,False,303,0.0,1073,1612,1.5,0,False,,1.5,1,1.5,1,1.5,1,5.0,2120,91,0,0,2.4,18.2,0,4.993,4.405,5.582,-0.007
2026-09-29,2026-09-29T23:38:04+00:00,2026,5,5,200834,533,Mukiele,Nordi,Mukiele,DEF,20,56,Sunderland,5.4,5.5,-0.1,13,360,4,0,0,1,1,44,3.2,2.4,1.9,44335,129710,0.5903,1.7272,-1.1368,22.3,115.6,48.4,59.0,a,,2026-08-09T08:30:05.954750Z,100.0,100.0,1.3,0.2,1.3,1.3,0,4,0,8,0,0,0,1,0,0.75,0.28,1.03,6.86,48,13,16,35,,,,0,False,127,0.0,5004,8605,-16.5,0,False,,-16.5,-1,-16.5,-1,-16.5,-1,5.0,2736,99,0,0,3.2,18.3,0,4.987,4.4,5.574,-0.413
2026-09-29,2026-09-29T23:38:04+00:00,2026,5,5,201595,326,Perri,Lucas Estella,Perri,GK,13,2,Leeds,4.5,4.5,0.0,0,0,0,0,0,0,0,0,0.0,0.0,0.3,532,26448,0.0071,0.3522,-0.3451,0.0,0.0,0.0,0.0,u,Has joined Torino on loan for the rest of the season,2026-09-01T13:12:39.210133Z,0.0,0.0,0.0,0.0,0.0,0.0,0,0,0,0,0,0,0,0,0,0.0,0.0,0.0,0.0,0,0,0,0,,,,0,False,283,0.0,0,1248,0.0,0,False,,0.0,0,0.0,0,0.0,0,5.0,0,0,0,0,0.0,0.0,0,4.26,3.673,4.848,-0.24
2026-09-29,2026-09-29T23:38:04+00:00,2026,5,5,201658,68,Tavernier,Marcus,Tavernier,MID,3,91,Bournemouth,6.1,6.0,0.1,31,424,5,3,0,0,8,153,6.2,5.1,6.8,691519,217457,9.208,2.8956,6.3124,45.5,161.8,146.1,147.0,a,,,,,6.7,1.1,6.7,6.7,2,5,0,8,0,0,0,2,0,1.7,0.92,2.62,6.54,42,11,26,5,3.0,1.0,1.0,1,False,58,0.0,80326,42733,29.9,5,False,,30.0,2,30.1,2,30.1,2,5.0,3222,236,23,0,6.2,38.6,0,7.556,6.959,8.153,1.456
2026-09-29,2026-09-29T23:38:04+00:00,2026,5,5,201666,453,Barnes,Harvey,Barnes,MID,17,4,Newcastle,6.1,6.0,0.1,28,450,5,1,3,1,3,105,5.6,4.6,5.7,626479,148899,8.3419,1.9827,6.3592,28.2,105.2,80.9,96.0,a,,,,,7.7,1.3,7.7,7.7,9,5,0,9,0,0,0,0,0,0.62,0.48,1.1,9.14,33,3,16,14,,,3.0,1,False,70,0.1,155376,16991,15.3,34,False,,15.4,1,15.6,1,15.8,1,5.0,3420,213,8,23,5.6,34.9,0,7.413,6.818,8.008,1.313
2026-09-29,2026-09-29T23:38:04+00:00,2026,5,5,201895,535,Alderete,Omar,Alderete,DEF,20,56,Sunderland,4.8,5.0,-0.2,1,23,1,0,0,0,0,2,1.0,0.2,0.2,4971,27325,0.0662,0.3638,-0.2977,0.0,0.0,0.6,0.0,a,,2026-08-09T08:30:05.962393Z,100.0,100.0,0.0,0.0,0.0,0.0,0,0,0,1,0,0,0,0,0,0.0,0.01,0.01,0.1,0,0,2,0,,,,0,False,315,-0.1,217,1049,-6.4,0,False,,-6.4,-1,-6.4,-1,-6.4,-1,5.0,175,8,0,0,1.0,1.6,0,4.511,3.923,5.098,-0.289
2026-09-29,2026-09-29T23:38:04+00:00,2026,5,5,202993,516,Bentancur,Rodrigo,Bentancur,MID,19,6,Spurs,5.5,5.5,0.0,15,370,5,0,0,2,0,69,3.0,2.7,0.2,5117,8339,0.0681,0.111,-0.0429,12.6,77.4,39.3,8.0,a,,,,,4.0,0.7,4.0,4.0,4,4,0,6,0,0,0,0,0,0.02,0.12,0.14,5.59,60,15,23,22,,,,0,False,346,0.0,353,682,-72.7,0,False,,-72.7,-3,-72.7,-3,-72.7,-3,5.0,2812,114,0,0,3.0,20.7,0,5.33,4.741,5.919,-0.17
2026-09-29,2026-09-29T23:38:04+00:00,2026,5,5,204120,114,Boscagli,Olivier,Boscagli,DEF,5,36,Brighton,4.5,4.5,0.0,19,437,5,0,0,3,0,93,3.8,4.2,0.3,16184,11837,0.2155,0.1576,0.0579,21.4,77.2,115.7,21.0,a,,,,,4.7,1.0,4.7,4.7,6,5,0,5,0,0,0,1,0,0.07,0.53,0.6,8.45,29,4,17,25,,,,0,False,296,0.0,1967,760,2.6,0,False,,2.6,1,2.6,1,2.6,1,5.0,3321,144,0,0,3.8,32.1,0,4.676,4.086,5.265,0.176
2026-09-29,2026-09-29T23:38:04+00:00,2026,5,5,204480,13,Rice,Declan,Rice,MID,1,3,Arsenal,7.4,7.5,-0.1,20,411,5,0,2,3,0,91,4.0,2.7,11.6,119365,723704,1.5894,9.6365,-8.0471,23.4,120.2,108.4,5.0,d,Unspecified injury - 75% chance of playing,2026-09-21T13:00:08.896379Z,,75.0,4.2,0.6,4.2,3.2,1,5,0,4,0,0,0,1,0,0.12,0.69,0.81,3.5,42,7,17,18,,1.0,1.0,0,False,35,0.0,7519,81030,-32.9,-34,False,,-33.2,-2,-33.4,-2,-33.7,-2,5.0,3124,152,0,15,4.0,20.5,0,7.262,6.67,7.853,-0.138
2026-09-29,2026-09-29T23:38:04+00:00,2026,5,5,204561,558,Schlager,Xaver,Schlager,MID,18,17,Nott'm Forest,5.0,5.0,0.0,13,376,5,0,0,1,0,70,2.6,2.6,0.1,5896,5776,0.0785,0.0769,0.0016,12.5,68.4,25.0,31.0,a,,,,,2.7,0.5,2.7,2.7,2,4,0,5,0,0,0,1,0,0.19,0.18,0.37,4.43,49,17,21,11,,,3.0,0,False,404,0.0,216,759,0.4,0,False,,0.4,1,0.4,1,0.4,1,5.0,2858,99,0,0,2.6,19.8,0,4.951,4.364,5.539,-0.049
2026-09-29,2026-09-29T23:38:04+00:00,2026,5,5,204580,98,Janelt,Vitaly,Janelt,MID,4,94,Brentford,5.0,5.0,0.0,28,450,5,2,0,2,3,109,5.6,5.6,2.5,306079,106506,4.0756,1.4182,2.6574,30.9,164.0,97.5,47.0,a,,,,,6.0,1.2,6.0,6.0,3,5,0,4,0,0,0,3,0,0.53,0.44,0.97,6.32,64,17,20,27,,,3.0,1,False,113,0.0,19019,17415,76.8,0,False,,76.8,3,76.8,3,76.8,3,5.0,3420,213,15,0,5.6,38.7,1,6.303,5.709,6.897,1.303
2026-09-29,2026-09-29T23:38:04+00:00,2026,5,5,204813,179,Latibeaudiere,Joel,Latibeaudiere,DEF,7,9,Coventry City,4.0,4.0,0.0,1,1,1,0,0,0,0,3,1.0,0.2,0.0,984,1737,0.0131,0.0231,-0.01,0.7,7.0,0.0,0.0,a,,,,,0.3,0.1,0.3,0.3,1,0,0,0,0,0,0,0,0,0.0,0.0,0.0,0.02,2,0,0,2,,,,0,False,521,0.0,73,134,-74.8,0,False,,-74.8,-3,-74.8,-3,-74.8,-3,5.0,8,8,0,0,1.0,1.9,0,4.045,3.458,4.632,0.045
2026-09-29,2026-09-29T23:38:04+00:00,2026,5,5,204822,476,O.Richards,Omar,Richards,DEF,18,17,Nott'm Forest,4.0,4.0,0.0,0,0,0,0,0,0,0,0,0.0,0.0,0.2,3989,8264,0.0531,0.11,-0.0569,0.0,0.0,0.0,0.0,a,,,,,0.0,0.0,0.0,0.0,0,0,0,0,0,0,0,0,0,0.0,0.0,0.0,0.0,0,0,0,0,,,,0,False,325,0.0,289,713,-66.0,0,False,,-66.0,-3,-66.0,-3,-66.0,-3,5.0,0,0,0,0,0.0,0.0,0,4.008,3.421,4.596,0.008
2026-09-29,2026-09-29T23:38:04+00:00,2026,5,5,204936,384,Donnarumma,Gianluigi,Donnarumma,GK,15,43,Man City,5.5,5.5,0.0,19,450,5,0,0,2,0,84,3.8,3.5,7.6,206620,315543,2.7513,4.2016,-1.4504,11.4,112.6,0.0,0.0,a,,,,,5.3,1.0,5.3,5.3,2,5,14,5,1,0,0,0,0,0.0,0.0,0.0,7.25,0,0,32,4,,,,0,False,51,0.0,10429,29627,-50.5,-4,False,,-50.5,-3,-50.6,-3,-50.7,-3,5.0,3420,144,0,0,3.8,26.3,0,5.414,4.825,6.003,-0.086
2026-09-29,2026-09-29T23:38:04+00:00,2026,5,5,204968,489,Yates,Ryan,Yates,MID,18,17,Nott'm Forest,4.5,4.5,0.0,0,0,0,0,0,0,0,0,0.0,0.0,1.2,30226,93548,0.4025,1.2456,-0.8432,0.0,0.0,0.0,0.0,a,,2026-08-17T20:30:08.195072Z,100.0,100.0,0.0,0.0,0.0,0.0,0,0,0,0,0,0,0,0,0,0.0,0.0,0.0,0.0,0,0,0,0,,,,0,False,166,0.0,580,7193,-86.3,0,False,,-86.3,-3,-86.3,-3,-86.3,-3,5.0,0,0,0,0,0.0,0.0,0,4.547,3.96,5.134,0.047
2026-09-29,2026-09-29T23:38:04+00:00,2026,5,5,205533,224,Nketiah,Eddie,Nketiah,FWD,8,31,Crystal Palace,5.5,5.5,0.0,8,175,4,0,1,0,0,38,2.0,1.5,0.5,47198,49907,0.6285,0.6645,-0.0361,13.0,34.2,46.4,50.0,a,,2026-09-12T14:00:09.427136Z,100.0,100.0,1.7,0.3,1.7,1.7,1,3,0,7,0,0,0,0,0,1.1,0.6,1.7,4.51,12,4,6,2,,,,0,False,246,0.0,1217,3260,-17.5,0,False,,-17.5,-1,-17.5,-1,-17.5,-1,5.0,1330,61,0,8,2.0,11.1,0,5.5,4.911,6.09,0.0
2026-09-29,2026-09-29T23:38:04+00:00,2026,5,5,205651,27,G.Jesus,Gabriel,Fernando de Jesus,FWD,1,3,Arsenal,5.9,6.0,-0.1,0,0,0,0,0,0,0,0,0.0,0.0,0.1,4164,29273,0.0554,0.3898,-0.3343,0.0,0.0,0.0,0.0,u,Has joined FC Barcelona permanently,2026-09-02T16:00:28.475184Z,0.0,0.0,0.0,0.0,0.0,0.0,0,0,0,0,0,0,0,0,0,0.0,0.0,0.0,0.0,0,0,0,0,,,,0,False,371,0.0,0,998,0.0,0,False,,0.0,0,0.0,0,0.0,0,5.0,0,0,0,0,0.0,0.0,0,5.415,4.827,6.004,-0.485
2026-09-29,2026-09-29T23:38:04+00:00,2026,5,5,206915,373,C.Jones,Curtis,Jones,MID,14,14,Liverpool,5.5,5.5,0.0,0,0,0,0,0,0,0,0,0.0,0.0,0.0,34,2646,0.0005,0.0352,-0.0348,0.0,0.0,0.0,0.0,u,Has joined Internazionale permanently,2026-08-16T18:30:07.426408Z,0.0,0.0,0.0,0.0,0.0,0.0,0,0,0,0,0,0,0,0,0,0.0,0.0,0.0,0.0,0,0,0,0,,,,0,False,567,0.0,0,59,0.0,0,False,,0.0,0,0.0,0,0.0,0,5.0,0,0,0,0,0.0,0.0,0,5.196,4.608,5.784,-0.304
2026-09-29,2026-09-29T23:38:04+00:00,2026,5,5,207189,265,Berge,Sander,Berge,MID,10,54,Fulham,4.9,5.0,-0.1,11,349,5,0,0,2,0,67,2.2,2.2,0.3,6332,18009,0.0843,0.2398,-0.1555,15.4,51.4,81.0,22.0,a,,,,,2.3,0.5,2.3,2.3,3,4,0,5,0,0,0,0,0,0.08,0.36,0.44,7.36,19,4,8,7,,,,0,False,297,0.0,601,1253,-33.2,0,False,,-33.2,-2,-33.2,-2,-33.2,-2,5.0,2652,84,0,0,2.2,17.1,0,4.88,4.293,5.468,-0.02
2026-09-29,2026-09-29T23:38:04+00:00,2026,5,5,207283,97,Jensen,Mathias,Jensen,MID,4,94,Brentford,5.4,5.5,-0.1,6,66,1,0,1,1,0,22,6.0,1.1,0.1,4505,15060,0.06,0.2005,-0.1405,7.2,12.6,46.2,13.0,i,Unspecified injury - Expected back 10 Oct,2026-08-30T12:30:08.176795Z,0.0,0.0,0.0,0.0,0.0,0.0,0,1,0,0,0,0,0,0,0,0.08,0.34,0.42,0.47,5,2,3,0,3.0,2.0,1.0,0,False,425,0.0,20,626,-55.7,0,False,,-55.7,-3,-55.7,-3,-55.7,-3,5.0,502,46,0,8,6.0,8.4,0,5.712,5.119,6.304,0.312
2026-09-29,2026-09-29T23:38:04+00:00,2026,5,5,208481,292,Ömür,Abdülkadir,Ömür,MID,11,88,Hull City,4.9,5.0,-0.1,0,0,0,0,0,0,0,0,0.0,0.0,0.0,1202,1626,0.016,0.0217,-0.0056,0.0,0.0,0.0,0.0,a,,,,,0.0,0.0,0.0,0.0,0,0,0,0,0,0,0,0,0,0.0,0.0,0.0,0.0,0,0,0,0,,,,0,False,580,0.0,84,145,-9.9,0,False,,-9.9,-1,-9.9,-1,-9.9,-1,5.0,0,0,0,0,0.0,0.0,0,4.773,4.186,5.36,-0.127
2026-09-29,2026-09-29T23:38:04+00:00,2026,5,5,208706,452,Bruno G.,Bruno,Guimarães Rodriguez Moura,MID,1,3,Arsenal,6.7,7.0,-0.3,9,123,3,1,0,0,1,45,3.0,1.3,1.8,30420,244553,0.4051,3.2564,-2.8513,6.6,41.0,6.5,19.0,a,,2026-09-04T14:00:08.328779Z,100.0,100.0,2.2,0.3,2.2,2.2,1,1,0,3,0,0,0,0,0,0.09,0.16,0.25,2.18,12,1,8,3,4.0,,4.0,0,False,135,0.0,5474,7480,0.4,4,False,,0.4,1,0.5,1,0.5,1,5.0,935,68,8,0,3.0,10.2,0,6.642,6.054,7.231,-0.058
2026-09-29,2026-09-29T23:38:04+00:00,2026,5,5,209036,388,Guéhi,Marc,Guéhi,DEF,15,43,Man City,6.0,6.0,0.0,30,450,5,1,1,2,4,114,6.0,5.0,18.2,504896,461616,6.723,6.1467,0.5763,24.3,146.0,56.6,41.0,a,,,,,6.0,1.0,6.0,6.0,4,5,0,5,0,0,0,0,0,0.95,0.39,1.34,7.25,29,3,19,26,,,,0,False,21,0.0,22976,49640,64.1,-18,False,,63.9,3,63.6,3,63.4,3,5.0,3420,228,8,8,6.0,38.0,0,7.009,6.419,7.6,1.009
2026-09-29,2026-09-29T23:38:04+00:00,2026,5,5,209046,482,Hudson-Odoi,Callum,Hudson-Odoi,MID,18,17,Nott'm Forest,5.8,6.0,-0.2,1,1,1,0,0,0,0,2,1.0,0.2,0.1,5263,17532,0.0701,0.2334,-0.1634,0.0,0.0,0.3,0.0,a,,2026-07-23T12:01:23.832709Z,100.0,100.0,0.0,0.0,0.0,0.0,0,0,0,0,0,0,0,0,0,0.0,0.0,0.0,0.0,0,0,0,0,,4.0,,0,False,370,0.0,252,1132,-37.3,0,False,,-37.3,-2,-37.3,-2,-37.3,-2,5.0,8,8,0,0,1.0,1.3,0,5.328,4.74,5.915,-0.472
2026-09-29,2026-09-29T23:38:04+00:00,2026,5,5,209244,398,Foden,Phil,Foden,MID,15,43,Man City,6.9,7.0,-0.1,9,217,4,0,2,0,1,52,2.2,1.3,1.8,303450,565432,4.0406,7.529,-3.4884,22.3,57.6,122.3,45.0,s,Suspended until 17 Oct,2026-09-13T17:00:09.433455Z,0.0,0.0,-0.3,0.0,0.0,0.0,0,3,0,2,0,0,0,1,1,1.61,0.88,2.49,1.91,14,4,8,2,,2.0,2.0,0,False,133,0.0,204,27710,-46.8,-8,False,,-47.1,-3,-47.3,-3,-47.6,-3,5.0,1649,68,0,15,2.2,9.9,0,6.837,6.244,7.43,-0.063
2026-09-29,2026-09-29T23:38:04+00:00,2026,5,5,209289,262,Smith Rowe,Emile,Smith Rowe,MID,10,54,Fulham,5.3,5.5,-0.2,3,38,3,0,0,0,0,11,1.0,0.6,0.2,4489,20965,0.0598,0.2792,-0.2194,4.0,6.6,23.8,9.0,a,,,,,0.7,0.1,0.7,0.7,0,0,0,0,0,0,0,0,0,0.06,0.02,0.08,0.87,3,0,2,1,,,,0,False,314,-0.1,291,1306,-0.8,0,False,,-0.8,-1,-0.8,-1,-0.8,-1,5.0,289,23,0,0,1.0,4.3,0,5.07,4.483,5.658,-0.23
2026-09-29,2026-09-29T23:38:04+00:00,2026,5,5,209365,416,De Ligt,Matthijs,de Ligt,DEF,16,1,Man Utd,5.0,5.0,0.0,0,0,0,0,0,0,0,0,0.0,0.0,0.0,449,1551,0.006,0.0207,-0.0147,0.0,0.0,0.0,0.0,i,Back injury - Unknown return date,2026-07-23T12:01:23.690880Z,0.0,0.0,0.0,0.0,0.0,0.0,0,0,0,0,0,0,0,0,0,0.0,0.0,0.0,0.0,0,0,0,0,,,,0,False,562,0.0,70,128,-94.7,0,False,,-94.7,-3,-94.7,-3,-94.7,-3,5.0,0,0,0,0,0.0,0.0,0,4.655,4.067,5.242,-0.345
2026-09-29,2026-09-29T23:38:04+00:00,2026,5,5,209400,214,Kamada,Daichi,Kamada,MID,8,31,Crystal Palace,5.0,5.0,0.0,21,441,5,0,3,1,0,109,4.2,4.2,0.5,49870,24518,0.664,0.3265,0.3376,21.9,95.6,81.2,42.0,a,,,,,5.3,1.1,5.3,5.3,3,5,0,10,0,0,0,1,0,0.47,0.38,0.85,8.85,38,11,23,4,,,3.0,0,False,244,0.0,3123,2901,11.3,0,False,,11.3,1,11.3,1,11.3,1,5.0,3352,160,0,23,4.2,31.9,0,6.112,5.514,6.709,1.112
2026-09-29,2026-09-29T23:38:04+00:00,2026,5,5,210156,492,Awoniyi,Taiwo,Awoniyi,FWD,7,9,Coventry City,5.4,5.5,-0.1,3,232,4,0,0,0,0,11,0.8,0.6,0.4,21337,64704,0.2841,0.8616,-0.5775,13.6,13.6,46.2,78.0,s,Suspended until 19 Oct,2026-09-13T15:00:09.305127Z,0.0,0.0,0.0,0.0,0.0,0.0,0,3,0,7,0,0,0,0,1,1.3,0.04,1.34,3.55,11,1,7,3,5.0,,,0,False,270,-0.1,64,4909,-12.9,-2,False,,-13.0,-1,-13.1,-1,-13.2,-1,5.0,1763,23,0,0,0.7,4.2,0,4.932,4.344,5.52,-0.468
2026-09-29,2026-09-29T23:38:04+00:00,2026,5,5,210462,488,I.Sangaré,Ibrahim,Sangaré,MID,18,17,Nott'm Forest,4.9,5.0,-0.1,4,105,3,0,0,0,0,15,1.3,0.8,0.4,9195,68542,0.1224,0.9127,-0.7902,4.1,21.6,13.7,5.0,a,,2026-08-28T09:30:07.471668Z,100.0,100.0,0.7,0.1,0.7,0.7,1,1,0,1,0,0,0,0,0,0.09,0.02,0.11,0.56,8,1,3,4,,,,0,False,261,0.0,296,2963,-95.7,-2,False,,-96.3,-4,-96.8,-4,-97.4,-4,5.0,798,30,0,0,1.3,6.2,0,4.83,4.243,5.417,-0.07
2026-09-29,2026-09-29T23:38:04+00:00,2026,5,5,212314,267,Lukić,Saša,Lukić,MID,12,40,Ipswich Town,4.9,5.0,-0.1,11,400,5,0,1,0,0,68,2.2,2.2,0.1,3416,6458,0.0455,0.086,-0.0405,15.8,71.0,81.2,6.0,a,,,,,1.7,0.3,1.7,1.7,2,5,0,10,0,0,0,2,0,0.02,0.41,0.43,7.37,37,7,13,17,,,1.0,0,False,421,-0.1,188,505,-4.9,0,False,,-4.9,-1,-4.9,-1,-4.9,-1,5.0,3040,84,0,8,2.2,17.1,0,5.161,4.572,5.749,0.261
2026-09-29,2026-09-29T23:38:04+00:00,2026,5,5,212319,527,Richarlison,Richarlison,de Andrade,FWD,19,6,Spurs,5.9,6.0,-0.1,2,67,1,0,0,0,0,6,2.0,0.3,0.6,21439,268092,0.2855,3.5698,-3.2843,0.2,0.0,2.2,0.0,u,not included in squad.,2026-09-04T12:32:39.183614Z,0.0,0.0,0.0,0.0,0.0,0.0,0,1,0,3,0,0,0,0,0,0.0,0.0,0.0,3.02,1,0,0,1,,,,0,False,226,0.0,0,5609,0.0,-3,False,,0.0,0,0.0,0,0.0,0,5.0,509,15,0,0,2.0,2.6,0,5.459,4.871,6.047,-0.441
2026-09-29,2026-09-29T23:38:04+00:00,2026,5,5,213292,296,Akintola,David,Akintola,MID,11,88,Hull City,5.0,5.0,0.0,0,0,0,0,0,0,0,0,0.0,0.0,0.0,2704,4872,0.036,0.0649,-0.0289,0.0,0.0,0.0,0.0,u,Has joined Omonoia FC permanently,2026-09-11T14:42:38.120231Z,0.0,0.0,0.0,0.0,0.0,0.0,0,0,0,0,0,0,0,0,0,0.0,0.0,0.0,0.0,0,0,0,0,,,,0,False,563,0.0,0,259,0.0,0,False,,0.0,0,0.0,0,0.0,0,5.0,0,0,0,0,0.0,0.0,0,4.801,4.214,5.389,-0.199
2026-09-29,2026-09-29T23:38:04+00:00,2026,5,5,214225,329,Rodon,Joe,Rodon,DEF,13,2,Leeds,4.3,4.5,-0.2,7,123,2,0,0,1,0,25,3.5,1.6,0.8,26937,296609,0.3587,3.9495,-3.5908,4.5,23.0,14.7,7.0,i,Hamstring injury - Expected back 21 Nov,2026-08-30T16:00:08.564382Z,0.0,0.0,0.0,0.0,0.0,0.0,0,2,0,0,0,0,0,0,0,0.03,0.06,0.09,1.01,11,1,2,10,,,,0,False,203,-0.1,43,8604,-6.2,0,False,,-6.2,-1,-6.2,-1,-6.2,-1,5.0,935,53,0,0,3.5,12.4,0,4.516,3.928,5.103,0.216
2026-09-29,2026-09-29T23:38:04+00:00,2026,5,5,214285,364,Tsimikas,Kostas,Tsimikas,DEF,14,14,Liverpool,4.9,5.0,-0.1,2,64,2,0,0,0,0,6,1.0,0.4,0.1,1577,4413,0.021,0.0588,-0.0378,1.8,6.4,2.9,9.0,a,,,,,0.3,0.1,0.3,0.3,0,1,0,0,0,0,0,0,0,0.04,0.02,0.06,0.47,3,1,3,2,,,4.0,0,False,457,0.0,90,387,-54.0,2,False,,-50.7,-3,-47.4,-3,-44.0,-3,5.0,486,15,0,0,1.0,3.1,0,4.645,4.057,5.232,-0.255
2026-09-29,2026-09-29T23:38:04+00:00,2026,5,5,214572,495,Austin,Brandon,Austin,GK,19,6,Spurs,4.0,4.0,0.0,0,0,0,0,0,0,0,0,0.0,0.0,1.0,29526,21798,0.3932,0.2903,0.1029,0.0,0.0,0.0,0.0,a,,,,,0.0,0.0,0.0,0.0,0,0,0,0,0,0,0,0,0,0.0,0.0,0.0,0.0,0,0,0,0,,,,0,False,178,0.0,1875,2113,2.1,0,False,,2.1,1,2.1,1,2.1,1,5.0,0,0,0,0,0.0,0.0,0,4.072,3.484,4.66,0.072
2026-09-29,2026-09-29T23:38:04+00:00,2026,5,5,214590,611,Wan-Bissaka,Aaron,Wan-Bissaka,DEF,2,7,Aston Villa,4.5,4.5,0.0,6,152,4,0,0,0,0,24,1.5,1.3,0.2,18260,7730,0.2431,0.1029,0.1402,5.9,42.8,16.4,0.0,a,,,,,1.5,0.3,1.5,1.5,1,2,0,2,0,0,0,0,0,0.0,0.07,0.07,3.27,21,9,1,12,,,,0,False,318,0.0,1407,1397,2.0,2,False,,2.1,1,2.1,1,2.1,1,5.0,1155,46,0,0,1.5,10.1,0,4.352,3.764,4.94,-0.148
2026-09-29,2026-09-29T23:38:04+00:00,2026,5,5,215059,140,Sánchez,Robert,Lynch Sánchez,GK,6,8,Chelsea,4.9,5.0,-0.1,2,90,1,0,0,0,0,6,2.0,0.4,0.7,10847,176333,0.1444,2.348,-2.2035,2.1,21.4,0.0,0.0,u,Has joined Como on loan for the rest of the season,2026-09-02T16:20:41.841936Z,0.0,0.0,0.0,0.0,0.0,0.0,0,1,4,2,0,0,0,0,0,0.0,0.01,0.01,1.33,0,0,5,1,,,,0,False,216,0.0,0,4725,0.0,-2,False,,0.0,0,0.0,0,0.0,0,5.0,684,15,0,0,2.0,3.1,0,4.663,4.075,5.252,-0.237
2026-09-29,2026-09-29T23:38:04+00:00,2026,5,5,215136,469,N.Williams,Neco,Williams,DEF,18,17,Nott'm Forest,5.0,5.0,0.0,19,450,5,0,1,1,1,85,3.8,3.8,8.7,325221,350953,4.3305,4.6731,-0.3426,25.6,90.4,123.7,42.0,a,,,,,3.7,0.7,3.7,3.7,2,5,0,5,0,0,0,0,0,0.41,0.61,1.02,4.77,29,14,28,15,,3.0,2.0,0,False,43,0.0,10735,45695,24.0,-4,False,,23.9,2,23.9,2,23.8,2,5.0,3420,144,0,8,3.8,28.9,0,5.327,4.739,5.914,0.327
2026-09-29,2026-09-29T23:38:04+00:00,2026,5,5,215379,481,Anderson,Elliot,Anderson,MID,15,43,Man City,6.3,6.5,-0.2,15,413,5,0,0,2,0,95,3.0,2.4,4.0,105054,445009,1.3989,5.9255,-4.5267,18.4,87.4,77.1,19.0,a,,2026-08-23T17:00:07.952697Z,100.0,100.0,3.3,0.5,3.3,3.3,2,5,0,5,0,0,0,1,0,0.11,0.67,0.78,7.15,54,13,23,18,,,3.0,0,False,84,0.0,7615,27169,-40.6,-7,False,,-40.8,-3,-41.1,-3,-41.4,-3,5.0,3139,114,0,0,3.0,18.1,0,5.961,5.372,6.55,-0.339
2026-09-29,2026-09-29T23:38:04+00:00,2026,5,5,215413,236,Dewsbury-Hall,Kiernan,Dewsbury-Hall,MID,9,11,Everton,6.6,6.5,0.1,20,450,5,1,0,3,3,110,4.0,3.0,6.0,584440,322806,7.7821,4.2983,3.4838,38.9,102.8,160.8,125.0,a,,,,,2.3,0.3,2.3,2.3,3,5,0,3,0,0,0,1,0,0.99,0.83,1.82,6.74,42,11,26,5,,,2.0,0,False,64,0.1,33676,43442,-15.2,-2,False,,-15.3,-1,-15.3,-1,-15.4,-1,5.0,3420,152,8,0,4.0,23.0,0,6.538,5.949,7.127,-0.062
2026-09-29,2026-09-29T23:38:04+00:00,2026,5,5,215711,44,Bailey,Leon,Bailey,MID,2,7,Aston Villa,5.4,5.5,-0.1,0,0,0,0,0,0,0,0,0.0,0.0,0.1,2096,13204,0.0279,0.1758,-0.1479,0.0,0.0,0.0,0.0,u,Has joined Olympiakos permanently,2026-09-04T12:35:14.472260Z,0.0,0.0,0.0,0.0,0.0,0.0,0,0,0,0,0,0,0,0,0,0.0,0.0,0.0,0.0,0,0,0,0,,,,0,False,493,0.0,0,473,0.0,0,False,,0.0,0,0.0,0,0.0,0,5.0,0,0,0,0,0.0,0.0,0,5.032,4.444,5.621,-0.368
2026-09-29,2026-09-29T23:38:04+00:00,2026,5,5,216051,417,Dalot,Diogo,Dalot Teixeira,DEF,16,1,Man Utd,4.9,5.0,-0.1,8,346,5,0,0,0,0,46,1.6,1.6,1.6,25984,135833,0.346,1.8087,-1.4627,20.2,43.6,107.7,49.0,a,,,,,1.7,0.3,1.7,1.7,2,4,0,4,0,0,0,1,0,0.24,0.23,0.47,4.7,16,6,21,10,,,,0,False,141,0.0,1205,7338,-75.6,0,False,,-75.6,-3,-75.6,-3,-75.6,-3,5.0,2630,61,0,0,1.6,12.4,0,4.644,4.056,5.232,-0.256
2026-09-29,2026-09-29T23:38:04+00:00,2026,5,5,216055,571,Florentino,Florentino Ibrain,Morris Luís,MID,12,40,Ipswich Town,4.8,5.0,-0.2,2,30,2,0,0,0,0,9,1.0,0.4,0.1,1054,7057,0.014,0.094,-0.0799,3.2,9.0,22.3,2.0,a,,2026-08-25T11:30:07.678802Z,100.0,100.0,0.7,0.1,0.7,0.7,1,0,0,0,0,0,0,0,0,0.0,0.01,0.01,0.75,2,1,0,1,,,,0,False,444,-0.1,109,326,-2.3,0,False,,-2.3,-1,-2.3,-1,-2.3,-1,5.0,228,15,0,0,1.0,3.2,0,4.786,4.199,5.373,-0.014
2026-09-29,2026-09-29T23:38:04+00:00,2026,5,5,216094,357,Frimpong,Jeremie,Frimpong,DEF,14,14,Liverpool,5.3,5.5,-0.2,2,178,3,0,0,0,0,24,0.7,0.4,1.8,58914,245846,0.7845,3.2736,-2.4891,13.2,39.4,76.5,16.0,a,,,,,0.3,0.1,0.3,0.3,0,2,0,4,0,0,0,1,0,0.01,0.23,0.24,3.91,12,4,7,8,,,,0,False,134,0.0,1571,12461,-36.5,-2,False,,-36.6,-2,-36.7,-2,-36.8,-2,5.0,1353,15,0,0,0.7,2.9,0,4.812,4.224,5.401,-0.488
2026-09-29,2026-09-29T23:38:04+00:00,2026,5,5,216616,304,O'Shea,Dara,O'Shea,DEF,12,40,Ipswich Town,4.0,4.0,0.0,10,450,5,0,0,0,0,24,2.0,2.5,2.7,65331,127757,0.8699,1.7012,-0.8312,22.1,130.0,71.0,21.0,a,,,,,2.0,0.5,2.0,2.0,2,5,0,11,0,0,0,0,0,0.07,0.26,0.33,8.98,48,7,18,41,,,,0,False,109,0.0,1912,14414,-39.7,0,False,,-39.7,-2,-39.7,-2,-39.7,-2,5.0,3420,76,0,0,2.0,19.0,0,4.122,3.534,4.71,0.122
2026-09-29,2026-09-29T23:38:04+00:00,2026,5,5,216646,464,Wissa,Yoane,Wissa,FWD,17,4,Newcastle,6.2,6.0,0.2,15,441,5,1,1,1,2,54,3.0,2.4,18.7,2279776,725280,30.3565,9.6575,20.699,23.3,66.6,60.6,106.0,a,,,,,1.0,0.2,1.0,1.0,0,5,0,8,0,0,1,2,0,2.35,0.06,2.41,7.97,27,6,15,6,2.0,,,0,False,20,0.0,84264,138270,60.8,4,False,,60.8,3,60.9,3,60.9,3,5.0,3352,114,8,8,3.0,18.4,0,6.662,6.071,7.253,0.462
2026-09-29,2026-09-29T23:38:04+00:00,2026,5,5,218364,205,Sosa,Borna,Sosa,DEF,8,31,Crystal Palace,4.5,4.5,0.0,0,0,0,0,0,0,0,0,0.0,0.0,0.0,236,2070,0.0031,0.0276,-0.0244,0.0,0.0,0.0,0.0,u,Has joined FC Cologne on loan for the rest of the season,2026-09-02T16:03:25.710518Z,0.0,0.0,0.0,0.0,0.0,0.0,0,0,0,0,0,0,0,0,0,0.0,0.0,0.0,0.0,0,0,0,0,,,,0,False,592,0.0,0,101,0.0,0,False,,0.0,0,0.0,0,0.0,0,5.0,0,0,0,0,0.0,0.0,0,4.259,3.671,4.846,-0.241
2026-09-29,2026-09-29T23:38:04+00:00,2026,5,5,218543,619,Palacios,Exequiel,Palacios,MID,12,40,Ipswich Town,5.0,5.0,0.0,11,275,4,0,0,0,0,64,2.8,2.2,0.1,8977,3424,0.1195,0.0456,0.0739,10.6,55.4,46.6,4.0,a,,,,,3.3,0.7,3.3,3.3,2,3,0,7,0,0,0,0,0,0.0,0.09,0.09,5.3,44,9,23,12,,,,0,False,474,0.0,489,814,1.0,0,False,,1.0,1,1.0,1,1.0,1,5.0,2090,84,0,0,2.8,16.7,0,4.986,4.398,5.573,-0.014
2026-09-29,2026-09-29T23:38:04+00:00,2026,5,5,218997,195,Simms,Ellis,Simms,FWD,7,9,Coventry City,4.9,5.0,-0.1,4,104,3,0,0,0,0,13,1.3,0.8,0.6,40287,64368,0.5364,0.8571,-0.3207,6.8,7.8,22.6,37.0,a,,,,,0.7,0.1,0.7,0.7,1,1,0,3,0,0,0,0,0,0.3,0.01,0.31,2.79,3,0,2,1,,,,0,False,225,-0.1,1783,5150,-0.1,0,False,,-0.1,-1,-0.1,-1,-0.1,-1,5.0,790,30,0,0,1.3,6.2,0,4.825,4.237,5.412,-0.075
2026-09-29,2026-09-29T23:38:04+00:00,2026,5,5,219168,379,Isak,Alexander,Isak,FWD,14,14,Liverpool,9.1,9.0,0.1,33,413,5,4,0,3,8,133,6.6,3.6,22.4,1241082,738102,16.5257,9.8282,6.6975,40.0,146.2,47.5,207.0,d,Thigh injury - 75% chance of playing,2026-09-27T10:30:09.051435Z,,75.0,7.7,0.8,7.7,5.8,8,5,0,4,0,0,0,1,0,3.54,0.08,3.62,5.82,7,1,3,3,2.0,,,1,False,15,0.0,113920,78133,9.0,-31,False,,8.6,1,8.2,1,7.7,1,5.0,3139,251,30,0,6.6,27.6,0,10.016,9.417,10.616,0.916
2026-09-29,2026-09-29T23:38:04+00:00,2026,5,5,219249,126,O'Riley,Matt,O'Riley,MID,5,36,Brighton,5.4,5.5,-0.1,2,10,2,0,0,0,0,6,1.0,0.4,0.1,3590,6516,0.0478,0.0868,-0.039,3.8,8.2,10.5,19.0,a,,,,,0.7,0.1,0.7,0.7,1,0,0,0,0,0,0,0,0,0.28,0.01,0.29,0.18,3,0,1,2,3.0,,,0,False,420,0.0,416,560,-8.6,-2,False,,-11.0,-1,-13.4,-1,-15.8,-1,5.0,76,15,0,0,1.0,2.8,0,5.097,4.509,5.684,-0.303
2026-09-29,2026-09-29T23:38:04+00:00,2026,5,5,219847,26,Havertz,Kai,Havertz,FWD,1,3,Arsenal,7.6,7.5,0.1,19,437,5,2,0,3,2,82,3.8,2.5,8.3,653497,420529,8.7017,5.5996,3.1021,32.6,89.4,71.3,165.0,d,Hamstring injury - 75% chance of playing,2026-09-24T22:00:09.120308Z,,75.0,3.2,0.4,3.2,2.4,2,5,0,4,0,0,0,1,0,1.67,0.37,2.04,3.91,13,0,7,6,,,,0,False,46,0.0,50264,60057,5.9,-42,False,,5.3,1,4.7,1,4.1,1,5.0,3321,144,15,0,3.8,19.0,0,7.588,6.997,8.178,-0.012
2026-09-29,2026-09-29T23:38:04+00:00,2026,5,5,219924,259,Diop,Issa,Diop,DEF,12,40,Ipswich Town,4.0,4.0,0.0,12,450,5,0,0,0,0,45,2.4,3.0,12.7,135912,506677,1.8097,6.7467,-4.9369,15.5,121.6,24.2,9.0,a,,,,,2.7,0.7,2.7,2.7,4,5,0,11,0,0,0,0,0,0.06,0.16,0.22,8.98,45,4,21,41,,,,0,False,32,0.0,6875,54055,-52.4,-2,False,,-52.4,-3,-52.4,-3,-52.4,-3,5.0,3420,91,0,0,2.4,22.8,0,4.38,3.792,4.968,0.38
2026-09-29,2026-09-29T23:38:04+00:00,2026,5,5,220237,447,Botman,Sven,Botman,DEF,17,4,Newcastle,5.0,5.0,0.0,15,450,5,0,0,1,0,43,3.0,3.0,0.7,47282,28205,0.6296,0.3756,0.254,16.4,136.0,4.1,23.0,a,,,,,2.3,0.5,2.3,2.3,4,5,0,9,0,0,0,1,0,0.06,0.17,0.23,9.14,59,5,14,54,,,,0,False,211,0.0,4608,2911,9.6,-2,False,,9.5,1,9.5,1,9.5,1,5.0,3420,114,0,0,3.0,22.8,0,4.741,4.153,5.329,-0.259
2026-09-29,2026-09-29T23:38:04+00:00,2026,5,5,220362,153,Disasi,Axel,Disasi,DEF,8,31,Crystal Palace,4.5,4.5,0.0,1,139,3,0,0,0,0,-6,0.3,0.2,0.1,9425,10329,0.1255,0.1375,-0.012,5.0,34.8,13.4,2.0,s,Suspended until 25 Oct,2026-09-12T15:30:09.445078Z,0.0,0.0,0.0,0.0,0.0,0.0,0,2,0,6,0,0,0,0,1,0.0,0.04,0.04,3.72,20,5,11,15,,,,0,False,473,0.0,24,748,-60.4,0,False,,-60.4,-3,-60.4,-3,-60.4,-3,5.0,1056,8,0,0,0.3,1.7,0,4.153,3.564,4.741,-0.347
2026-09-29,2026-09-29T23:38:04+00:00,2026,5,5,220566,402,Rodrigo,Rodrigo 'Rodri',Hernandez Cascante,MID,15,43,Man City,6.5,6.5,0.0,0,0,0,0,0,0,0,0,0.0,0.0,0.0,0,1228,0.0,0.0164,-0.0164,0.0,0.0,0.0,0.0,u,Has joined Barcelona permanently,2026-07-23T12:01:23.675537Z,0.0,0.0,0.0,0.0,0.0,0.0,0,0,0,0,0,0,0,0,0,0.0,0.0,0.0,0.0,0,0,0,0,,,,0,False,608,0.0,0,24,0.0,0,False,,0.0,0,0.0,0,0.0,0,5.0,0,0,0,0,0.0,0.0,0,5.892,5.302,6.482,-0.608
2026-09-29,2026-09-29T23:38:04+00:00,2026,5,5,220583,180,Woolfenden,Luke,Woolfenden,DEF,7,9,Coventry City,4.0,4.0,0.0,0,0,0,0,0,0,0,0,0.0,0.0,0.1,2259,9003,0.0301,0.1199,-0.0898,0.0,0.0,0.0,0.0,i,Knee injury - Unknown return date,2026-08-27T14:56:28.718566Z,0.0,0.0,0.0,0.0,0.0,0.0,0,0,0,0,0,0,0,0,0,0.0,0.0,0.0,0.0,0,0,0,0,,,,0,False,403,0.0,24,494,-95.4,0,False,,-95.4,-4,-95.4,-4,-95.4,-4,5.0,0,0,0,0,0.0,0.0,0,4.007,3.42,4.594,0.007
2026-09-29,2026-09-29T23:38:04+00:00,2026,5,5,220627,332,Justin,James,Justin,DEF,13,2,Leeds,4.5,4.5,0.0,26,450,5,0,0,2,4,91,5.2,5.8,1.4,121324,70574,1.6155,0.9397,0.6758,20.0,103.6,56.1,41.0,a,,,,,4.7,1.0,4.7,4.7,8,5,0,3,0,0,0,0,0,0.22,0.42,0.64,6.46,44,16,14,28,,,,0,False,154,0.0,4052,5661,17.8,0,False,,17.8,1,17.8,1,17.8,1,5.0,3420,198,0,0,5.2,38.7,1,4.845,4.251,5.44,0.345
2026-09-29,2026-09-29T23:38:04+00:00,2026,5,5,221389,468,John,John Victor,Maciel Furtado,GK,18,17,Nott'm Forest,4.5,4.5,0.0,0,0,0,0,0,0,0,0,0.0,0.0,0.1,867,2011,0.0115,0.0268,-0.0152,0.0,0.0,0.0,0.0,a,,,,,0.0,0.0,0.0,0.0,0,0,0,0,0,0,0,0,0,0.0,0.0,0.0,0.0,0,0,0,0,,,,0,False,484,0.0,60,151,-72.5,0,False,,-72.5,-3,-72.5,-3,-72.5,-3,5.0,0,0,0,0,0.0,0.0,0,4.257,3.669,4.845,-0.243
2026-09-29,2026-09-29T23:38:04+00:00,2026,5,5,221399,342,Harrison,Jack,Harrison,MID,13,2,Leeds,5.0,5.0,0.0,0,0,0,0,0,0,0,0,0.0,0.0,0.0,0,79,0.0,0.0011,-0.0011,0.0,0.0,0.0,0.0,u,Has joined New England Revolution permanently,2026-07-28T12:59:09.492431Z,0.0,0.0,0.0,0.0,0.0,0.0,0,0,0,0,0,0,0,0,0,0.0,0.0,0.0,0.0,0,0,0,0,,,,0,False,665,0.0,0,5,0.0,0,False,,0.0,0,0.0,0,0.0,0,5.0,0,0,0,0,0.0,0.0,0,4.801,4.214,5.389,-0.199
2026-09-29,2026-09-29T23:38:04+00:00,2026,5,5,221466,498,Senesi,Marcos,Senesi Barón,DEF,19,6,Spurs,5.8,6.0,-0.2,3,90,1,0,0,0,0,10,3.0,0.5,3.5,29286,457510,0.39,6.092,-5.702,3.9,36.6,2.2,0.0,a,,,,,0.0,0.0,0.0,0.0,0,1,0,3,0,0,0,0,0,0.0,0.02,0.02,3.87,16,5,2,11,,,,0,False,94,0.0,1142,21047,-53.5,-2,False,,-53.6,-3,-53.6,-3,-53.7,-3,5.0,684,23,0,0,3.0,3.9,0,5.287,4.699,5.875,-0.513
2026-09-29,2026-09-29T23:38:04+00:00,2026,5,5,221632,500,Romero,Cristian,Romero,DEF,19,6,Spurs,5.0,5.0,0.0,0,0,0,0,0,0,0,0,0.0,0.0,0.1,0,16803,0.0,0.2237,-0.2237,0.0,0.0,0.0,0.0,u,Has joined Atletico Madrid permanently,2026-08-17T13:49:05.465401Z,0.0,0.0,0.0,0.0,0.0,0.0,0,0,0,0,0,0,0,0,0,0.0,0.0,0.0,0.0,0,0,0,0,,,,0,False,437,0.0,0,289,0.0,0,False,,0.0,0,0.0,0,0.0,0,5.0,0,0,0,0,0.0,0.0,0,4.616,4.028,5.204,-0.384
2026-09-29,2026-09-29T23:38:04+00:00,2026,5,5,221820,419,Martinez,Lisandro,Martínez,DEF,16,1,Man Utd,5.0,5.0,0.0,6,360,4,0,0,0,0,29,1.5,1.2,1.3,36510,67142,0.4862,0.894,-0.4079,11.8,66.4,18.8,32.0,a,,2026-07-24T20:00:10.337107Z,100.0,100.0,1.7,0.3,1.7,1.7,0,4,0,6,1,0,0,0,0,0.21,0.16,0.37,5.79,20,3,14,17,,,,0,False,161,0.0,3584,6289,-94.8,0,False,,-94.8,-3,-94.8,-3,-94.8,-3,5.0,2736,46,0,0,1.5,9.1,0,4.595,4.006,5.184,-0.405
2026-09-29,2026-09-29T23:38:04+00:00,2026,5,5,222018,307,Johnson,Ben,Johnson,DEF,12,40,Ipswich Town,4.0,4.0,0.0,0,0,0,0,0,0,0,0,0.0,0.0,0.1,1137,6299,0.0151,0.0839,-0.0687,0.0,0.0,0.0,0.0,u,Has joined Stoke City on loan for the rest of the season,2026-09-04T12:36:56.236331Z,0.0,0.0,0.0,0.0,0.0,0.0,0,0,0,0,0,0,0,0,0,0.0,0.0,0.0,0.0,0,0,0,0,,,,0,False,482,0.0,0,352,0.0,0,False,,0.0,0,0.0,0,0.0,0,5.0,0,0,0,0,0.0,0.0,0,4.007,3.42,4.594,0.007
2026-09-29,2026-09-29T23:38:04+00:00,2026,5,5,222531,480,Gibbs-White,Morgan,Gibbs-White,MID,18,17,Nott'm Forest,8.0,8.0,0.0,28,450,5,1,2,1,6,116,5.6,3.5,15.7,1207357,662892,16.0766,8.8268,7.2498,40.6,123.4,204.7,78.0,a,,2026-08-24T15:30:08.350159Z,100.0,100.0,4.3,0.5,4.3,4.3,2,5,0,5,0,0,0,0,0,1.56,1.42,2.98,4.77,21,5,14,2,1.0,1.0,,1,False,27,0.0,63675,80198,50.3,3,False,,50.4,3,50.4,3,50.5,3,5.0,3420,213,8,15,5.6,26.6,0,8.237,7.645,8.828,0.237
2026-09-29,2026-09-29T23:38:04+00:00,2026,5,5,222625,317,Hirst,George,Hirst,FWD,12,40,Ipswich Town,5.0,5.0,0.0,0,0,0,0,0,0,0,0,0.0,0.0,0.1,0,17092,0.0,0.2276,-0.2276,0.0,0.0,0.0,0.0,u,Has joined Stoke City permanently,2026-08-21T13:06:08.606019Z,0.0,0.0,0.0,0.0,0.0,0.0,0,0,0,0,0,0,0,0,0,0.0,0.0,0.0,0.0,0,0,0,0,,,,0,False,448,0.0,0,462,0.0,0,False,,0.0,0,0.0,0,0.0,0,5.0,0,0,0,0,0.0,0.0,0,4.794,4.206,5.381,-0.206
2026-09-29,2026-09-29T23:38:04+00:00,2026,5,5,222683,70,Kluivert,Justin,Kluivert,MID,3,91,Bournemouth,6.0,6.0,0.0,15,294,4,1,0,2,1,64,3.8,2.5,0.9,52650,82466,0.7011,1.0981,-0.397,22.5,62.2,46.5,120.0,i,Unspecified injury - Unknown return date,2026-09-20T15:30:09.074071Z,,0.0,3.0,0.5,3.0,0.0,0,4,0,3,0,0,0,1,0,0.99,0.08,1.07,4.48,22,4,16,2,2.0,2.0,3.0,0,False,195,0.0,2293,17584,-52.4,-4,False,,-52.6,-3,-52.8,-3,-53.0,-3,5.0,2234,114,8,0,3.8,19.0,0,6.137,5.548,6.726,0.137
2026-09-29,2026-09-29T23:38:04+00:00,2026,5,5,222694,328,Struijk,Pascal,Struijk,DEF,5,36,Brighton,4.9,5.0,-0.1,7,98,3,0,0,1,0,31,2.3,1.4,0.2,5667,12079,0.0755,0.1608,-0.0854,4.0,32.2,1.5,7.0,d,Hamstring injury - 75% chance of playing,2026-09-22T10:00:09.404233Z,100.0,75.0,2.3,0.5,2.3,1.7,5,1,0,0,0,0,0,1,0,0.16,0.01,0.17,1.7,10,1,6,9,,,,0,False,348,0.0,638,828,-7.1,0,False,,-7.1,-1,-7.1,-1,-7.1,-1,5.0,745,53,0,0,2.3,10.9,0,4.713,4.125,5.301,-0.187
2026-09-29,2026-09-29T23:38:04+00:00,2026,5,5,223094,411,Haaland,Erling,Haaland,FWD,15,43,Man City,15.6,15.5,0.1,39,450,5,5,0,2,9,167,7.8,2.5,73.8,921467,320731,12.2698,4.2707,7.9991,46.5,184.2,22.5,258.0,a,,,,,8.0,0.5,8.0,8.0,6,5,0,5,0,0,0,0,0,4.42,0.53,4.95,7.25,20,0,10,10,1.0,,,2,True,1,0.0,76190,19073,22.1,0,False,,22.1,2,22.1,2,22.1,2,5.0,3420,296,36,0,7.8,19.0,3,15.521,14.883,16.159,-0.079
2026-09-29,2026-09-29T23:38:04+00:00,2026,5,5,223340,12,Saka,Bukayo,Saka,MID,1,3,Arsenal,9.5,9.5,0.0,32,416,5,3,0,3,4,137,6.4,3.4,13.7,784767,396099,10.4496,5.2743,5.1753,52.1,155.6,125.6,240.0,a,,,,,5.8,0.6,5.8,5.8,2,5,0,4,0,0,0,0,0,3.22,0.98,4.2,3.58,31,6,17,8,1.0,2.0,2.0,0,False,30,0.0,105145,46248,89.6,17,False,,89.8,3,90.1,3,90.3,3,5.0,3162,243,23,0,6.4,25.6,0,9.641,9.042,10.24,0.141
2026-09-29,2026-09-29T23:38:04+00:00,2026,5,5,223434,118,Igor,Igor Julio,dos Santos de Paulo,DEF,5,36,Brighton,4.5,4.5,0.0,0,0,0,0,0,0,0,0,0.0,0.0,0.0,915,5928,0.0122,0.0789,-0.0668,0.0,0.0,0.0,0.0,u,Has joined Burnley permanently,2026-09-02T15:38:15.529699Z,0.0,0.0,0.0,0.0,0.0,0.0,0,0,0,0,0,0,0,0,0,0.0,0.0,0.0,0.0,0,0,0,0,,,,0,False,518,0.0,0,285,0.0,-2,False,,0.0,0,0.0,0,0.0,0,5.0,0,0,0,0,0.0,0.0,0,4.272,3.684,4.86,-0.228
2026-09-29,2026-09-29T23:38:04+00:00,2026,5,5,223541,370,Chiesa,Federico,Chiesa,MID,14,14,Liverpool,5.3,5.5,-0.2,0,0,0,0,0,0,0,0,0.0,0.0,0.0,681,10076,0.0091,0.1342,-0.1251,0.0,0.0,0.0,0.0,i,Back injury - Unknown return date,2026-08-27T13:30:07.598926Z,0.0,0.0,0.0,0.0,0.0,0.0,0,0,0,0,0,0,0,0,0,0.0,0.0,0.0,0.0,0,0,0,0,,,,0,False,502,-0.1,16,243,-5.7,0,False,,-5.7,-1,-5.7,-1,-5.7,-1,5.0,0,0,0,0,0.0,0.0,0,5.132,4.544,5.72,-0.168
2026-09-29,2026-09-29T23:38:04+00:00,2026,5,5,223723,577,Tomiyasu,Takehiro,Tomiyasu,DEF,8,31,Crystal Palace,4.4,4.5,-0.1,3,189,4,0,0,0,0,10,0.8,0.7,0.3,3477,13242,0.0463,0.1763,-0.13,6.0,35.8,15.6,8.0,d,Calf injury - 75% chance of playing,2026-09-21T13:30:09.030724Z,,75.0,0.3,0.1,0.3,0.2,1,2,0,5,0,0,0,0,0,0.0,0.03,0.03,3.98,17,2,7,15,,,,0,False,306,0.0,148,1122,-13.1,0,False,,-13.1,-1,-13.1,-1,-13.1,-1,5.0,1436,23,0,0,0.7,5.2,0,4.179,3.591,4.767,-0.221
2026-09-29,2026-09-29T23:38:04+00:00,2026,5,5,223827,532,Ballard,Daniel,Ballard,DEF,20,56,Sunderland,4.9,5.0,-0.1,14,450,5,0,0,1,0,31,2.8,2.9,2.5,45483,316893,0.6056,4.2196,-3.614,16.3,104.2,23.8,35.0,d,Hamstring injury - 75% chance of playing,2026-09-25T21:30:10.370384Z,,75.0,2.0,0.4,2.0,1.5,2,5,0,10,0,0,0,2,0,0.31,0.16,0.47,8.66,49,10,12,39,,,,0,False,115,0.0,3584,16325,-51.9,-4,False,,-52.0,-3,-52.1,-3,-52.3,-3,5.0,3420,106,0,0,2.8,21.7,0,4.7,4.112,5.287,-0.2
2026-09-29,2026-09-29T23:38:04+00:00,2026,5,5,224117,25,Gyökeres,Viktor,Gyökeres,FWD,1,3,Arsenal,7.1,7.5,-0.4,2,29,2,0,0,0,0,7,1.0,0.3,3.1,38510,610879,0.5128,8.1342,-7.6214,1.4,0.0,14.7,0.0,a,,,,,0.5,0.1,0.5,0.5,1,0,0,0,0,0,0,0,0,0.0,0.23,0.23,0.65,1,0,1,0,2.0,,,0,False,102,-0.1,10287,16555,-3.8,10,False,,-3.6,-1,-3.3,-1,-3.0,-1,5.0,220,15,0,0,1.0,2.1,0,6.238,5.649,6.827,-0.862
2026-09-29,2026-09-29T23:38:04+00:00,2026,5,5,224967,233,Mykolenko,Vitalii,Mykolenko,DEF,9,11,Everton,4.6,4.5,0.1,27,450,5,0,0,3,3,109,5.4,5.9,4.2,411840,116946,5.4839,1.5572,3.9267,15.5,105.6,35.7,13.0,a,,,,,5.7,1.2,5.7,5.7,5,5,0,3,0,0,0,1,0,0.04,0.16,0.2,6.94,39,14,30,25,,,,1,False,80,0.1,40648,20493,1.3,0,False,,1.3,1,1.3,1,1.3,1,5.0,3420,205,0,0,5.4,38.7,1,4.966,4.37,5.562,0.366
2026-09-29,2026-09-29T23:38:04+00:00,2026,5,5,225796,142,James,Reece,James,DEF,6,8,Chelsea,5.4,5.5,-0.1,3,292,4,0,0,0,0,24,0.8,0.6,5.8,168807,599103,2.2478,7.9774,-5.7296,14.8,56.2,42.6,49.0,d,Hamstring injury - 75% chance of playing,2026-09-18T10:30:09.719371Z,75.0,75.0,0.7,0.1,0.5,0.5,0,3,0,7,0,0,0,1,0,0.33,0.26,0.59,4.9,13,2,15,11,,1.0,1.0,0,False,65,0.0,602,76414,-93.5,-21,False,,-93.8,-3,-94.1,-3,-94.4,-3,5.0,2219,23,0,0,0.7,4.2,0,4.833,4.243,5.423,-0.567
2026-09-29,2026-09-29T23:38:04+00:00,2026,5,5,226182,330,Bogle,Jayden,Bogle,DEF,13,2,Leeds,4.6,4.5,0.1,42,365,5,2,0,4,6,122,8.4,9.1,7.2,647652,83875,8.6238,1.1168,7.507,26.2,108.8,34.6,119.0,a,,,,,11.3,2.5,11.3,11.3,5,5,0,1,0,0,0,2,0,1.38,0.08,1.46,2.89,16,5,11,11,,,,2,True,53,0.0,121079,24667,55.4,19,False,,55.7,3,56.0,3,56.3,3,5.0,2774,319,15,0,8.4,38.7,1,5.994,5.35,6.639,1.394
2026-09-29,2026-09-29T23:38:04+00:00,2026,5,5,226597,4,Gabriel,Gabriel,dos Santos Magalhães,DEF,1,3,Arsenal,8.0,8.0,0.0,25,450,5,0,0,3,2,90,5.0,3.1,22.7,234057,908178,3.1166,12.0929,-8.9763,20.0,94.8,22.0,84.0,a,,,,,5.0,0.6,5.0,5.0,1,5,0,4,0,0,0,2,0,0.51,0.2,0.71,4.03,41,6,17,35,,,,0,False,14,0.0,23814,65287,-87.6,-4,False,,-87.6,-3,-87.7,-3,-87.7,-3,5.0,3420,190,0,0,5.0,23.8,0,7.008,6.411,7.605,-0.992
2026-09-29,2026-09-29T23:38:04+00:00,2026,5,5,226944,47,Kamara,Boubacar,Kamara,MID,2,7,Aston Villa,5.0,5.0,0.0,15,443,5,0,1,2,0,85,3.0,3.0,0.3,14481,21482,0.1928,0.286,-0.0932,14.3,68.0,68.8,6.0,a,,2026-07-23T12:01:23.337269Z,100.0,100.0,3.2,0.6,3.2,3.2,6,5,0,7,0,0,0,0,0,0.12,0.16,0.28,8.44,36,9,16,11,,,,0,False,289,0.0,1272,1534,-79.2,0,False,,-79.2,-3,-79.2,-3,-79.2,-3,5.0,3367,114,0,8,3.0,22.8,0,5.279,4.69,5.868,0.279
2026-09-29,2026-09-29T23:38:04+00:00,2026,5,5,226965,188,Torp,Victor,Torp,MID,7,9,Coventry City,5.3,5.5,-0.2,3,53,3,0,0,0,0,13,1.0,0.6,0.1,796,7958,0.0106,0.106,-0.0954,2.7,7.2,20.4,0.0,a,,,,,0.3,0.1,0.3,0.3,0,0,0,2,0,0,0,0,0,0.0,0.12,0.12,1.22,3,0,2,1,2.0,2.0,2.0,0,False,418,-0.1,43,426,-11.2,0,False,,-11.2,-1,-11.2,-1,-11.2,-1,5.0,403,23,0,0,1.0,4.3,0,5.058,4.47,5.645,-0.242
2026-09-29,2026-09-29T23:38:04+00:00,2026,5,5,227444,471,Milenković,Nikola,Milenković,DEF,18,17,Nott'm Forest,5.4,5.5,-0.1,12,270,3,0,0,1,0,34,4.0,2.2,1.0,17996,107064,0.2396,1.4256,-1.186,7.0,53.2,1.4,16.0,i,Hamstring injury - Expected back 11 Oct,2026-09-12T14:00:09.705107Z,0.0,0.0,2.3,0.4,0.0,0.0,0,3,0,3,0,0,0,1,0,0.11,0.03,0.14,3.28,31,5,12,26,,,,0,False,176,-0.1,64,11907,-12.8,-5,False,,-12.9,-1,-13.1,-1,-13.2,-1,5.0,2052,91,0,0,4.0,16.9,0,5.063,4.476,5.651,-0.337
2026-09-29,2026-09-29T23:38:04+00:00,2026,5,5,229164,314,Ogbene,Chiedozie,Ogbene,MID,12,40,Ipswich Town,4.9,5.0,-0.1,0,0,0,0,0,0,0,0,0.0,0.0,0.0,104,1207,0.0014,0.0161,-0.0147,0.0,0.0,0.0,0.0,u,Has joined Lincoln City on loan until January,2026-09-02T16:04:17.497385Z,0.0,0.0,0.0,0.0,0.0,0.0,0,0,0,0,0,0,0,0,0,0.0,0.0,0.0,0.0,0,0,0,0,,,,0,False,629,0.0,0,65,0.0,0,False,,0.0,0,0.0,0,0.0,0,5.0,0,0,0,0,0.0,0.0,0,4.773,4.186,5.36,-0.127
2026-09-29,2026-09-29T23:38:04+00:00,2026,5,5,229600,227,Travers,Mark,Travers,GK,9,11,Everton,5.0,5.0,0.0,0,0,0,0,0,0,0,0,0.0,0.0,0.0,1799,2118,0.024,0.0282,-0.0042,0.0,0.0,0.0,0.0,a,,,,,0.0,0.0,0.0,0.0,0,0,0,0,0,0,0,0,0,0.0,0.0,0.0,0.0,0,0,0,0,,,,0,False,511,0.0,241,256,-32.6,0,False,,-32.6,-2,-32.6,-2,-32.6,-2,5.0,0,0,0,0,0.0,0.0,0,4.577,3.988,5.166,-0.423
2026-09-29,2026-09-29T23:38:04+00:00,2026,5,5,230001,422,Mazraoui,Noussair,Mazraoui,DEF,16,1,Man Utd,4.4,4.5,-0.1,3,97,3,0,0,0,0,6,1.0,0.7,0.5,14351,40908,0.1911,0.5447,-0.3536,6.4,21.0,31.2,11.0,a,,,,,0.3,0.1,0.3,0.3,0,1,0,4,0,0,0,0,0,0.22,0.06,0.28,2.08,6,2,3,4,,,,0,False,248,0.0,567,2821,-72.0,0,False,,-72.0,-3,-72.0,-3,-72.0,-3,5.0,737,23,0,0,1.0,5.2,0,4.389,3.802,4.977,-0.011
2026-09-29,2026-09-29T23:38:04+00:00,2026,5,5,230650,615,Di Gregorio,Michele,Di Gregorio,GK,3,91,Bournemouth,4.5,4.5,0.0,0,0,0,0,0,0,0,0,0.0,0.0,0.0,2924,1739,0.0389,0.0232,0.0158,0.0,0.0,0.0,0.0,a,,,,,0.0,0.0,0.0,0.0,0,0,0,0,0,0,0,0,0,0.0,0.0,0.0,0.0,0,0,0,0,,,,0,False,519,0.0,181,190,-28.2,0,False,,-28.2,-2,-28.2,-2,-28.2,-2,5.0,0,0,0,0,0.0,0.0,0,4.26,3.671,4.849,-0.24
2026-09-29,2026-09-29T23:38:04+00:00,2026,5,5,230730,194,Thomas-Asante,Brandon,Thomas-Asante,FWD,7,9,Coventry City,5.0,5.0,0.0,9,227,5,0,0,1,0,43,1.8,1.8,0.8,58394,56759,0.7775,0.7558,0.0218,8.4,29.8,4.5,49.0,a,,,,,2.0,0.4,2.0,2.0,4,2,0,6,0,0,0,0,0,0.34,0.06,0.39,4.98,27,3,12,12,4.0,,,0,False,202,0.0,7769,5734,2.7,2,False,,2.7,1,2.7,1,2.8,1,5.0,1725,68,0,0,1.8,13.7,0,4.917,4.33,5.505,-0.083
2026-09-29,2026-09-29T23:38:04+00:00,2026,5,5,231065,91,Pinnock,Ethan,Pinnock,DEF,7,9,Coventry City,4.5,4.5,0.0,14,282,4,0,0,1,0,15,3.5,3.1,0.1,2542,3990,0.0338,0.0531,-0.0193,10.3,90.8,1.7,10.0,a,,,,,4.3,1.0,4.3,4.3,8,3,0,7,0,0,0,1,0,0.12,0.0,0.12,6.57,44,3,4,41,,,,0,False,463,0.0,373,219,-73.1,0,False,,-73.1,-3,-73.1,-3,-73.1,-3,5.0,2143,106,0,0,3.5,23.6,0,4.624,4.036,5.212,0.124
2026-09-29,2026-09-29T23:38:04+00:00,2026,5,5,231416,113,F.Kadıoğlu,Ferdi,Kadıoğlu,DEF,5,36,Brighton,4.4,4.5,-0.1,13,332,4,0,0,2,0,46,3.2,3.0,1.6,30309,134293,0.4036,1.7882,-1.3846,12.2,31.2,58.1,32.0,a,,2026-08-23T13:00:07.595211Z,100.0,100.0,4.3,1.0,4.3,4.3,5,4,0,5,0,0,0,1,0,0.12,0.13,0.25,7.55,10,1,8,9,,,3.0,0,False,145,0.0,3896,6750,-59.5,0,False,,-59.5,-3,-59.5,-3,-59.5,-3,5.0,2523,99,0,0,3.2,22.5,0,4.553,3.965,5.141,0.153
2026-09-29,2026-09-29T23:38:04+00:00,2026,5,5,231747,223,Mateta,Jean-Philippe,Mateta,FWD,8,31,Crystal Palace,6.3,6.5,-0.2,2,62,1,0,0,0,0,-3,2.0,0.3,1.3,25952,454343,0.3456,6.0498,-5.7043,2.5,1.4,12.3,11.0,i,Hamstring injury - Expected back 11 Oct,2026-08-28T21:00:08.020382Z,0.0,0.0,0.0,0.0,0.0,0.0,0,1,0,2,0,0,0,0,0,0.7,0.02,0.72,0.98,5,2,2,1,1.0,,,0,False,162,0.0,199,8856,-24.9,-3,False,,-25.0,-2,-25.1,-2,-25.2,-2,5.0,471,15,0,0,2.0,2.4,0,5.641,5.053,6.23,-0.659
2026-09-29,2026-09-29T23:38:04+00:00,2026,5,5,231899,312,Taylor,Jack,Taylor,MID,12,40,Ipswich Town,4.4,4.5,-0.1,0,0,0,0,0,0,0,0,0.0,0.0,0.0,950,2642,0.0126,0.0352,-0.0225,0.0,0.0,0.0,0.0,i,Knee injury - Unknown return date,2026-07-29T18:00:10.319370Z,0.0,0.0,0.0,0.0,0.0,0.0,0,0,0,0,0,0,0,0,0,0.0,0.0,0.0,0.0,0,0,0,0,,,,0,False,538,-0.1,374,261,0.1,0,False,,0.1,1,0.1,1,0.1,1,5.0,0,0,0,0,0.0,0.0,0,4.502,3.915,5.089,0.102
2026-09-29,2026-09-29T23:38:04+00:00,2026,5,5,232112,433,Ugarte,Manuel,Ugarte Ribeiro,MID,16,1,Man Utd,5.0,5.0,0.0,0,0,0,0,0,0,0,0,0.0,0.0,0.0,118,264,0.0016,0.0035,-0.0019,0.0,0.0,0.0,0.0,i,Knee injury - Unknown return date,2026-07-23T12:01:23.706702Z,0.0,0.0,0.0,0.0,0.0,0.0,0,0,0,0,0,0,0,0,0,0.0,0.0,0.0,0.0,0,0,0,0,,,,0,False,643,0.0,22,24,-67.6,0,False,,-67.6,-3,-67.6,-3,-67.6,-3,5.0,0,0,0,0,0.0,0.0,0,4.909,4.321,5.497,-0.091
2026-09-29,2026-09-29T23:38:04+00:00,2026,5,5,232185,208,Sarr,Ismaïla,Sarr,MID,8,31,Crystal Palace,6.2,6.5,-0.3,1,8,1,0,0,0,0,3,1.0,0.2,0.6,6502,376590,0.0866,5.0145,-4.9279,0.1,0.0,0.5,0.0,a,,2026-08-22T18:00:07.363165Z,100.0,100.0,0.3,0.0,0.3,0.3,1,0,0,0,0,0,0,0,0,0.0,0.01,0.01,0.06,0,0,0,0,2.0,,,0,False,227,0.0,2448,2139,0.0,0,False,,0.0,0,0.0,0,0.0,0,5.0,61,8,0,0,1.0,1.2,0,5.564,4.976,6.153,-0.636
2026-09-29,2026-09-29T23:38:04+00:00,2026,5,5,232351,282,Giles,Ryan,Giles,DEF,11,88,Hull City,4.0,4.0,0.0,24,444,5,0,1,3,2,94,4.8,6.0,2.9,277707,65749,3.6978,0.8755,2.8223,22.2,82.8,132.5,6.0,a,,,,,4.0,1.0,4.0,4.0,0,5,0,4,0,0,0,1,0,0.02,0.43,0.45,7.33,24,5,14,19,,1.0,3.0,0,False,106,0.0,20890,13458,69.3,-2,False,,69.3,3,69.3,3,69.2,3,5.0,3374,182,0,8,4.8,38.7,1,4.928,4.337,5.519,0.928
2026-09-29,2026-09-29T23:38:04+00:00,2026,5,5,232413,14,Eze,Eberechi,Eze,MID,1,3,Arsenal,6.2,6.5,-0.3,4,85,4,0,0,0,0,18,1.0,0.6,1.0,23131,139519,0.308,1.8578,-1.5498,1.6,3.0,5.9,9.0,a,,,,,0.8,0.1,0.8,0.8,1,0,0,0,0,0,0,0,0,0.04,0.09,0.13,1.33,5,0,5,0,,3.0,,0,False,174,-0.1,2212,6675,-0.6,3,False,,-0.4,-1,-0.1,-1,0.0,0,5.0,646,30,0,0,1.0,4.9,0,5.671,5.083,6.259,-0.529
2026-09-29,2026-09-29T23:38:04+00:00,2026,5,5,232457,324,Mehmeti,Anis,Mehmeti,MID,12,40,Ipswich Town,4.8,5.0,-0.2,0,0,0,0,0,0,0,0,0.0,0.0,0.0,397,2464,0.0053,0.0328,-0.0275,0.0,0.0,0.0,0.0,a,,,,,0.0,0.0,0.0,0.0,0,0,0,0,0,0,0,0,0,0.0,0.0,0.0,0.0,0,0,0,0,,,,0,False,534,-0.1,71,133,-1.8,0,False,,-1.8,-1,-1.8,-1,-1.8,-1,5.0,0,0,0,0,0.0,0.0,0,4.745,4.158,5.332,-0.055
2026-09-29,2026-09-29T23:38:04+00:00,2026,5,5,232571,530,Patterson,Anthony,Patterson,GK,20,56,Sunderland,4.0,4.0,0.0,0,0,0,0,0,0,0,0,0.0,0.0,0.1,0,5995,0.0,0.0798,-0.0798,0.0,0.0,0.0,0.0,u,Has joined Wrexham permanently,2026-08-12T14:08:03.064533Z,0.0,0.0,0.0,0.0,0.0,0.0,0,0,0,0,0,0,0,0,0,0.0,0.0,0.0,0.0,0,0,0,0,,,,0,False,396,0.0,0,343,0.0,0,False,,0.0,0,0.0,0,0.0,0,5.0,0,0,0,0,0.0,0.0,0,3.99,3.402,4.577,-0.01
2026-09-29,2026-09-29T23:38:04+00:00,2026,5,5,232653,456,J.Ramsey,Jacob,Ramsey,MID,17,4,Newcastle,4.9,5.0,-0.1,7,69,3,1,0,0,0,26,2.3,1.4,0.2,16607,30844,0.2211,0.4107,-0.1896,6.7,40.4,6.3,21.0,i,Thigh injury - Unknown return date,2026-09-15T09:00:08.191022Z,0.0,0.0,2.0,0.4,0.0,0.0,0,0,0,1,0,0,0,1,0,0.17,0.16,0.33,1.92,11,2,6,3,,,,0,False,310,0.0,61,4641,-89.7,-5,False,,-90.7,-3,-91.8,-3,-92.8,-3,5.0,524,53,8,0,2.3,10.9,0,5.513,4.925,6.102,0.613
2026-09-29,2026-09-29T23:38:04+00:00,2026,5,5,232787,519,Gallagher,Conor,Gallagher,MID,19,6,Spurs,5.3,5.5,-0.2,9,134,3,1,0,1,0,48,3.0,1.7,0.2,4654,17026,0.062,0.2267,-0.1647,9.6,48.6,12.2,36.0,a,,,,,3.0,0.6,3.0,3.0,6,2,0,2,0,0,0,1,0,0.37,0.12,0.49,2.65,18,8,9,1,,,,0,False,338,0.0,798,638,0.1,0,False,,0.1,1,0.1,1,0.1,1,5.0,1018,68,8,0,3.0,12.9,0,5.829,5.241,6.417,0.529
2026-09-29,2026-09-29T23:38:04+00:00,2026,5,5,232859,505,Spence,Djed,Spence,DEF,19,6,Spurs,4.5,4.5,0.0,0,0,0,0,0,0,0,0,0.0,0.0,0.2,0,69244,0.0,0.922,-0.922,0.0,0.0,0.0,0.0,u,Has joined Internazionale permanently,2026-08-18T14:13:08.454214Z,0.0,0.0,0.0,0.0,0.0,0.0,0,0,0,0,0,0,0,0,0,0.0,0.0,0.0,0.0,0,0,0,0,,,,0,False,319,0.0,0,1158,0.0,0,False,,0.0,0,0.0,0,0.0,0,5.0,0,0,0,0,0.0,0.0,0,4.343,3.756,4.931,-0.157
2026-09-29,2026-09-29T23:38:04+00:00,2026,5,5,232892,257,Bassey,Calvin,Bassey,DEF,10,54,Fulham,4.5,4.5,0.0,15,450,5,0,1,1,1,69,3.0,3.3,0.7,26129,29874,0.3479,0.3978,-0.0499,15.2,97.0,15.3,40.0,a,,,,,4.3,1.0,4.3,4.3,6,5,0,8,0,0,0,1,0,0.13,0.08,0.21,9.11,29,6,22,23,,,,0,False,213,0.0,5115,1728,-0.4,2,False,,-0.0,0,0.0,0,0.0,0,5.0,3420,114,0,8,3.0,25.3,0,4.83,4.242,5.419,0.33
2026-09-29,2026-09-29T23:38:04+00:00,2026,5,5,232905,287,Millar,Liam,Millar,MID,11,88,Hull City,5.0,5.0,0.0,6,50,2,1,0,0,0,26,3.0,1.2,0.0,3178,7514,0.0423,0.1001,-0.0577,5.2,36.0,1.1,15.0,u,Has joined Birmingham on loan for the rest of the season,2026-09-02T15:36:41.038103Z,0.0,0.0,0.0,0.0,0.0,0.0,0,0,0,0,0,0,0,1,0,0.58,0.0,0.58,0.87,4,1,1,2,,,,0,False,544,0.0,0,294,0.0,0,False,,0.0,0,0.0,0,0.0,0,5.0,380,46,8,0,3.0,9.1,0,5.544,4.956,6.132,0.544
2026-09-29,2026-09-29T23:38:04+00:00,2026,5,5,232928,239,Garner,James,Garner,MID,9,11,Everton,6.0,6.0,0.0,11,328,5,0,0,2,0,71,2.2,1.8,0.2,21128,13822,0.2813,0.184,0.0973,13.4,51.4,68.3,13.0,a,,2026-09-06T18:00:08.301702Z,100.0,100.0,3.0,0.5,3.0,3.0,3,4,0,2,0,0,0,2,0,0.2,0.17,0.37,3.45,45,11,25,9,2.0,1.0,1.0,0,False,322,0.0,1676,1922,3.4,0,False,,3.4,1,3.4,1,3.4,1,5.0,2493,84,0,0,2.2,13.9,0,5.465,4.877,6.053,-0.535
2026-09-29,2026-09-29T23:38:04+00:00,2026,5,5,235448,661,Balcombe,Ellery,Balcombe,GK,4,94,Brentford,4.0,4.0,0.0,0,0,0,0,0,0,0,0,0.0,0.0,0.0,2834,530,0.0377,0.0071,0.0307,0.0,0.0,0.0,0.0,a,,,,,0.0,0.0,1.0,1.0,0,0,0,0,0,0,0,0,0,0.0,0.0,0.0,0.0,0,0,0,0,,,,0,False,515,0.0,2834,530,0.0,0,False,2026-10-01T21:16:40.866514Z,0.0,0,0.0,0,0.0,0,5.0,0,0,0,0,0.0,0.0,0,3.945,3.356,4.534,-0.055
2026-09-29,2026-09-29T23:38:04+00:00,2026,5,5,235826,348,Piroe,Joël,Piroe,FWD,13,2,Leeds,5.0,5.0,0.0,0,0,0,0,0,0,0,0,0.0,0.0,0.1,0,11210,0.0,0.1493,-0.1493,0.0,0.0,0.0,0.0,u,Has joined West Ham United on loan for the rest of the season,2026-08-19T13:56:14.666726Z,0.0,0.0,0.0,0.0,0.0,0.0,0,0,0,0,0,0,0,0,0,0.0,0.0,0.0,0.0,0,0,0,0,3.0,,,0,False,487,0.0,0,415,0.0,0,False,,0.0,0,0.0,0,0.0,0,5.0,0,0,0,0,0.0,0.0,0,4.794,4.206,5.381,-0.206
2026-09-29,2026-09-29T23:38:04+00:00,2026,5,5,240514,564,Scherpen,Kjell,Scherpen,GK,12,40,Ipswich Town,4.5,4.5,0.0,7,360,4,0,0,0,0,40,1.8,1.6,0.6,15165,23311,0.2019,0.3104,-0.1085,10.3,103.6,0.0,0.0,a,,,,,1.0,0.2,1.0,1.0,0,4,15,10,0,0,0,0,0,0.0,0.01,0.01,6.74,0,0,39,8,,,,0,False,238,0.0,598,2734,-31.1,0,False,,-31.1,-2,-31.1,-2,-31.1,-2,5.0,2736,53,0,0,1.8,11.8,0,4.255,3.666,4.844,-0.245
2026-09-29,2026-09-29T23:38:04+00:00,2026,5,5,241117,310,Matusiwa,Azor,Matusiwa,MID,12,40,Ipswich Town,4.9,5.0,-0.1,0,0,0,0,0,0,0,0,0.0,0.0,0.0,126,279,0.0017,0.0037,-0.002,0.0,0.0,0.0,0.0,a,,2026-07-29T18:00:10.305484Z,100.0,100.0,0.0,0.0,0.0,0.0,0,0,0,0,0,0,0,0,0,0.0,0.0,0.0,0.0,0,0,0,0,,,,0,False,648,0.0,15,18,0.0,0,False,,0.0,0,0.0,0,0.0,0,5.0,0,0,0,0,0.0,0.0,0,4.773,4.186,5.36,-0.127
2026-09-29,2026-09-29T23:38:04+00:00,2026,5,5,241293,186,Mason-Clark,Ephron,Mason-Clark,MID,7,9,Coventry City,5.3,5.5,-0.2,5,231,4,0,0,0,0,19,1.2,0.9,0.1,1110,5961,0.0148,0.0794,-0.0646,11.7,15.4,51.6,52.0,a,,2026-08-19T18:00:08.310507Z,100.0,100.0,1.3,0.2,1.3,1.3,1,4,0,3,0,0,0,0,0,0.51,0.12,0.63,3.16,15,0,9,6,,,,0,False,440,-0.1,71,357,-2.1,0,False,,-2.1,-1,-2.1,-1,-2.1,-1,5.0,1756,38,0,0,1.2,7.2,0,4.984,4.397,5.571,-0.316
2026-09-29,2026-09-29T23:38:04+00:00,2026,5,5,242313,207,Mingueza,Oscar,Mingueza,DEF,8,31,Crystal Palace,4.4,4.5,-0.1,2,16,2,0,0,0,0,5,1.0,0.5,0.1,1983,4830,0.0264,0.0643,-0.0379,0.3,3.2,0.4,0.0,a,,,,,0.3,0.1,0.3,0.3,0,0,0,1,0,0,0,0,0,0.0,0.0,0.0,0.33,2,2,1,0,,,,0,False,485,0.0,73,274,-88.1,0,False,,-88.1,-3,-88.1,-3,-88.1,-3,5.0,122,15,0,0,1.0,3.5,0,4.292,3.704,4.88,-0.108
2026-09-29,2026-09-29T23:38:04+00:00,2026,5,5,242880,146,B.Badiashile,Benoît,Badiashile Mukinayi,DEF,6,8,Chelsea,4.5,4.5,0.0,0,0,0,0,0,0,0,0,0.0,0.0,0.0,232,1940,0.0031,0.0258,-0.0227,0.0,0.0,0.0,0.0,u,Has joined Napoli on loan for the rest of the season,2026-08-25T14:03:47.079414Z,0.0,0.0,0.0,0.0,0.0,0.0,0,0,0,0,0,0,0,0,0,0.0,0.0,0.0,0.0,0,0,0,0,,,,0,False,611,0.0,0,43,0.0,0,False,,0.0,0,0.0,0,0.0,0,5.0,0,0,0,0,0.0,0.0,0,4.373,3.785,4.96,-0.127
2026-09-29,2026-09-29T23:38:04+00:00,2026,5,5,242882,62,Diakité,Bafodé,Diakité,DEF,3,91,Bournemouth,4.9,5.0,-0.1,0,0,0,0,0,0,0,0,0.0,0.0,0.2,7120,12012,0.0948,0.1599,-0.0651,0.0,0.0,0.0,0.0,a,,,,,0.0,0.0,0.0,0.0,0,0,0,0,0,0,0,0,0,0.0,0.0,0.0,0.0,0,0,0,0,,,,0,False,364,-0.1,462,947,-5.4,0,False,,-5.4,-1,-5.4,-1,-5.4,-1,5.0,0,0,0,0,0.0,0.0,0,4.527,3.938,5.115,-0.373
2026-09-29,2026-09-29T23:38:04+00:00,2026,5,5,242893,655,Gboho,Yann,Gboho,MID,7,9,Coventry City,5.5,5.5,0.0,0,0,0,0,0,0,0,0,0.0,0.0,0.0,266,101,0.0035,0.0013,0.0022,0.0,0.0,0.0,0.0,a,,,,,0.0,0.0,0.0,0.0,0,0,0,0,0,0,0,0,0,0.0,0.0,0.0,0.0,0,0,0,0,,,,0,False,654,0.0,68,52,0.0,0,False,,0.0,0,0.0,0,0.0,0,5.0,0,0,0,0,0.0,0.0,0,5.083,4.495,5.671,-0.417
2026-09-29,2026-09-29T23:38:04+00:00,2026,5,5,242898,209,Johnson,Brennan,Johnson,MID,9,11,Everton,5.9,6.0,-0.1,9,238,5,0,0,2,0,26,1.8,1.5,0.1,5281,10398,0.0703,0.1385,-0.0681,10.0,23.0,52.8,25.0,a,,,,,2.3,0.4,2.3,2.3,3,3,0,1,0,0,0,1,0,1.03,0.22,1.25,3.73,26,7,11,8,,,,0,False,383,0.0,386,683,-19.2,0,False,,-19.2,-1,-19.2,-1,-19.2,-1,5.0,1809,68,0,0,1.8,11.6,0,5.439,4.851,6.027,-0.461
2026-09-29,2026-09-29T23:38:04+00:00,2026,5,5,243016,372,Mac Allister,Alexis,Mac Allister,MID,14,14,Liverpool,5.4,5.5,-0.1,11,306,5,0,0,2,0,59,2.2,2.0,1.3,45358,96441,0.604,1.2842,-0.6802,13.5,58.2,50.8,26.0,a,,,,,2.7,0.5,2.7,2.7,5,3,0,2,0,0,0,1,0,0.1,0.49,0.59,4.85,41,11,19,11,5.0,,,0,False,160,0.0,3738,6727,-42.2,-4,False,,-42.7,-3,-43.1,-3,-43.5,-3,5.0,2326,84,0,0,2.2,15.5,0,5.282,4.694,5.87,-0.118
2026-09-29,2026-09-29T23:38:04+00:00,2026,5,5,243298,367,Gakpo,Cody,Gakpo,MID,14,14,Liverpool,7.2,7.0,0.2,32,370,5,1,3,2,5,113,6.4,4.4,12.4,1337191,713503,17.8054,9.5007,8.3047,35.2,133.4,148.8,70.0,d,Ankle injury - 75% chance of playing,2026-09-27T21:30:07.786183Z,100.0,75.0,5.0,0.7,5.0,3.8,3,4,0,4,0,0,0,0,0,0.64,1.71,2.35,5.51,32,8,15,9,3.0,,3.0,2,False,33,0.0,50779,85906,1.1,-63,False,,0.2,1,-0.4,-1,-0.9,-1,5.0,2812,243,8,23,6.4,33.8,0,8.312,7.715,8.908,1.112
2026-09-29,2026-09-29T23:38:04+00:00,2026,5,5,243413,290,Slater,Regan,Slater,MID,11,88,Hull City,4.5,4.5,0.0,15,437,5,0,1,3,0,67,3.0,3.3,5.2,498278,277372,6.6348,3.6934,2.9415,17.4,62.2,85.1,26.0,a,,,,,2.3,0.5,2.3,2.3,2,5,0,4,0,0,0,1,0,0.21,0.59,0.8,7.27,33,9,15,9,,,1.0,0,False,73,0.0,15345,36373,74.2,-12,False,,74.0,3,73.8,3,73.7,3,5.0,3321,114,0,8,3.0,25.3,0,5.169,4.581,5.758,0.669
2026-09-29,2026-09-29T23:38:04+00:00,2026,5,5,243526,331,Gudmundsson,Gabriel,Gudmundsson,DEF,13,2,Leeds,4.5,4.5,0.0,14,252,3,0,0,2,0,62,4.7,3.1,0.1,4107,2751,0.0547,0.0366,0.0181,7.7,38.6,29.5,8.0,a,,2026-08-08T20:00:07.546568Z,100.0,100.0,4.7,1.0,4.7,4.7,6,3,0,1,0,0,0,0,0,0.0,0.21,0.21,3.83,14,9,12,5,,,,0,False,462,0.0,509,321,0.9,0,False,,0.9,1,0.9,1,0.9,1,5.0,1915,106,0,0,4.7,23.6,0,4.715,4.127,5.304,0.215
2026-09-29,2026-09-29T23:38:04+00:00,2026,5,5,243571,234,Patterson,Nathan,Patterson,DEF,9,11,Everton,4.5,4.5,0.0,0,0,0,0,0,0,0,0,0.0,0.0,0.0,371,2432,0.0049,0.0324,-0.0274,0.0,0.0,0.0,0.0,u,Has joined Torino permanently,2026-09-02T16:05:23.326971Z,0.0,0.0,0.0,0.0,0.0,0.0,0,0,0,0,0,0,0,0,0,0.0,0.0,0.0,0.0,0,0,0,0,,,,0,False,593,0.0,0,119,0.0,0,False,,0.0,0,0.0,0,0.0,0,5.0,0,0,0,0,0.0,0.0,0,4.32,3.732,4.907,-0.18
2026-09-29,2026-09-29T23:38:04+00:00,2026,5,5,243951,642,Thomas,Sorba,Thomas,MID,11,88,Hull City,5.5,5.5,0.0,4,119,3,0,0,0,0,13,1.3,0.7,0.0,3056,1194,0.0407,0.0159,0.0248,5.8,8.8,40.9,12.0,a,,,,,1.3,0.2,1.3,1.3,2,1,0,3,0,0,0,0,0,0.21,0.11,0.32,2.04,8,1,7,0,,,,0,False,549,0.0,452,345,0.2,0,False,,0.2,1,0.2,1,0.2,1,5.0,904,30,0,0,1.3,5.5,0,5.107,4.52,5.694,-0.393
2026-09-29,2026-09-29T23:38:04+00:00,2026,5,5,244042,271,Muniz,Rodrigo,Muniz Carvalho,FWD,10,54,Fulham,5.4,5.5,-0.1,3,38,4,0,0,0,0,14,0.8,0.6,0.4,15981,35043,0.2128,0.4666,-0.2538,7.0,11.4,22.2,36.0,a,,,,,0.7,0.1,0.7,0.7,0,0,0,1,0,0,0,1,0,0.4,0.0,0.4,0.85,3,0,0,3,,,,0,False,265,0.0,1652,2602,-50.1,-2,False,,-50.6,-3,-51.2,-3,-51.8,-3,5.0,289,23,0,0,0.7,4.2,0,5.076,4.488,5.664,-0.324
2026-09-29,2026-09-29T23:38:04+00:00,2026,5,5,244723,204,Mitchell,Tyrick,Mitchell,DEF,8,31,Crystal Palace,4.5,4.5,0.0,24,419,5,2,0,1,3,68,4.8,5.3,6.0,310274,263976,4.1315,3.515,0.6165,25.8,128.2,67.9,62.0,a,,,,,7.7,1.7,7.7,7.7,7,5,0,10,0,0,0,0,0,0.77,0.26,1.03,8.34,25,11,23,14,,,,1,False,63,0.0,13739,15574,26.0,2,False,,26.1,2,26.1,2,26.1,2,5.0,3184,182,15,0,4.8,38.7,1,5.881,5.288,6.475,1.381
2026-09-29,2026-09-29T23:38:04+00:00,2026,5,5,244850,40,Rogers,Morgan,Rogers,MID,6,8,Chelsea,7.7,7.5,0.2,29,437,5,3,1,0,2,135,5.8,3.8,40.5,2472692,660497,32.9252,8.7949,24.1304,43.9,159.0,140.1,140.0,a,,,,,5.3,0.7,5.3,5.3,2,5,0,12,0,0,0,1,0,1.72,1.23,2.95,8.73,31,5,23,3,,3.0,4.0,0,False,5,0.0,143269,68810,84.9,27,False,,85.3,3,85.7,3,86.1,3,5.0,3321,220,23,8,5.8,28.6,0,9.258,8.663,9.854,1.558
2026-09-29,2026-09-29T23:38:04+00:00,2026,5,5,244851,154,Palmer,Cole,Palmer,MID,6,8,Chelsea,9.7,9.5,0.2,28,442,5,2,2,0,3,148,5.6,2.9,25.7,1950702,658166,25.9747,8.7638,17.2108,44.1,151.0,145.3,144.0,d,Muscular injury - 75% chance of playing,2026-09-21T13:00:09.022726Z,100.0,75.0,2.7,0.3,2.7,2.0,2,5,0,12,0,0,0,1,0,1.31,0.79,2.1,8.73,29,7,19,3,1.0,2.0,,1,False,12,0.0,47326,162860,-12.2,-35,False,,-12.5,-1,-12.8,-1,-13.1,-1,5.0,3359,213,15,15,5.6,21.9,0,9.969,9.379,10.559,0.269
2026-09-29,2026-09-29T23:38:04+00:00,2026,5,5,244858,100,Carvalho,Fábio,Freitas Gouveia Carvalho,MID,4,94,Brentford,5.0,5.0,0.0,6,3,1,1,0,0,0,23,6.0,1.2,0.0,1898,1450,0.0253,0.0193,0.006,6.7,33.2,0.3,33.0,a,,2026-08-18T13:58:17.442072Z,100.0,100.0,2.0,0.4,2.0,2.0,6,0,0,0,0,0,0,0,0,0.43,0.0,0.43,0.13,0,0,0,0,,,,0,False,554,0.0,600,172,0.3,0,False,,0.3,1,0.3,1,0.3,1,5.0,23,46,8,0,6.0,9.1,0,5.71,5.117,6.302,0.71
2026-09-29,2026-09-29T23:38:04+00:00,2026,5,5,244860,247,Hackney,Hayden,Hackney,MID,9,11,Everton,5.4,5.5,-0.1,10,137,5,0,1,1,0,39,2.0,1.9,0.2,3741,11901,0.0498,0.1585,-0.1087,11.1,40.4,50.0,21.0,a,,2026-08-26T22:00:07.797766Z,100.0,100.0,2.0,0.4,2.0,2.0,1,1,0,1,0,0,0,0,0,0.05,0.13,0.18,3.91,12,3,5,4,,,3.0,0,False,342,-0.1,190,1061,-4.9,0,False,,-4.9,-1,-4.9,-1,-4.9,-1,5.0,1041,76,0,8,2.0,14.1,0,5.612,5.023,6.2,0.212
2026-09-29,2026-09-29T23:38:04+00:00,2026,5,5,244954,34,Pau,Pau,Torres,DEF,2,7,Aston Villa,4.4,4.5,-0.1,3,187,3,0,0,0,0,-4,1.0,0.7,0.3,11236,27429,0.1496,0.3652,-0.2156,1.5,11.2,1.9,2.0,i,Hamstring injury - Expected back 10 Oct,2026-09-12T18:00:08.712707Z,0.0,0.0,0.8,0.2,0.0,0.0,0,3,0,5,0,0,0,0,0,0.0,0.01,0.01,4.79,9,1,9,8,,,,0,False,293,-0.1,43,3071,0.0,0,True,,0.0,0,0.0,0,0.0,0,5.0,1421,23,0,0,1.0,5.2,0,4.191,3.603,4.779,-0.209
2026-09-29,2026-09-29T23:38:04+00:00,2026,5,5,245719,630,Harwood-Bellis,Taylor,Harwood-Bellis,DEF,2,7,Aston Villa,4.5,4.5,0.0,0,0,0,0,0,0,0,0,0.0,0.0,0.0,2159,983,0.0287,0.0131,0.0157,0.0,0.0,0.0,0.0,a,,,,,0.0,0.0,0.0,0.0,0,0,0,0,0,0,0,0,0,0.0,0.0,0.0,0.0,0,0,0,0,,,,0,False,576,0.0,182,177,0.0,0,False,,0.0,0,0.0,0,0.0,0,5.0,0,0,0,0,0.0,0.0,0,4.252,3.664,4.84,-0.248
2026-09-29,2026-09-29T23:38:04+00:00,2026,5,5,246301,255,J.Cuenca,Jorge,Cuenca Barreno,DEF,10,54,Fulham,4.5,4.5,0.0,3,90,1,0,0,0,0,7,3.0,0.7,0.0,1544,1996,0.0206,0.0266,-0.006,5.4,32.8,21.3,0.0,a,,,,,0.0,0.0,0.0,0.0,0,1,0,3,0,0,0,0,0,0.0,0.03,0.03,2.24,10,1,3,9,,,,0,False,553,0.0,64,103,-71.0,0,False,,-71.0,-3,-71.0,-3,-71.0,-3,5.0,684,23,0,0,3.0,5.1,0,4.416,3.829,5.003,-0.084
2026-09-29,2026-09-29T23:38:04+00:00,2026,5,5,247348,201,Muñoz,Daniel,Muñoz Mejía,DEF,18,17,Nott'm Forest,5.4,5.5,-0.1,5,257,4,0,0,0,0,29,1.2,0.9,5.7,158208,483504,2.1066,6.4381,-4.3315,18.1,39.2,62.3,79.0,a,,,,,1.7,0.3,1.7,1.7,2,3,0,4,0,0,0,0,0,0.6,0.21,0.81,2.59,15,7,8,8,,,,0,False,69,0.0,7650,29328,-46.1,-2,False,,-46.2,-3,-46.2,-3,-46.2,-3,5.0,1953,38,0,0,1.2,7.0,0,4.83,4.243,5.418,-0.57
2026-09-29,2026-09-29T23:38:04+00:00,2026,5,5,247412,222,Strand Larsen,Jørgen,Strand Larsen,FWD,8,31,Crystal Palace,6.0,6.0,0.0,14,298,5,1,0,1,2,69,2.8,2.3,0.7,49894,40829,0.6644,0.5437,0.1207,16.1,62.6,32.5,65.0,a,,,,,3.7,0.6,3.7,3.7,2,3,0,5,0,0,0,0,0,0.43,0.2,0.63,6.15,13,2,5,6,,,,0,False,223,0.0,4669,3775,5.1,4,False,,5.1,1,5.2,1,5.2,1,5.0,2265,106,8,0,2.8,17.7,0,6.025,5.437,6.614,0.025
2026-09-29,2026-09-29T23:38:04+00:00,2026,5,5,247632,156,Neto,Pedro,Lomba Neto,MID,6,8,Chelsea,6.5,6.5,0.0,14,332,5,1,0,0,0,81,2.8,2.2,1.4,82109,91121,1.0933,1.2133,-0.12,28.2,82.0,92.6,108.0,a,,,,,2.0,0.3,2.0,2.0,2,4,0,8,0,0,0,0,0,0.68,0.58,1.26,6.64,28,6,14,8,,4.0,2.0,0,False,157,0.0,4984,9470,-7.4,8,False,,-6.6,-1,-5.8,-1,-4.9,-1,5.0,2523,106,8,0,2.8,16.4,0,6.401,5.813,6.99,-0.099
2026-09-29,2026-09-29T23:38:04+00:00,2026,5,5,248056,345,Tanaka,Tanaka,Ao,MID,13,2,Leeds,4.9,5.0,-0.1,14,255,4,0,2,2,0,48,3.5,2.9,0.3,22661,17439,0.3017,0.2322,0.0695,8.6,50.0,18.3,20.0,a,,,,,4.3,0.9,4.3,4.3,2,3,0,1,0,0,0,1,0,0.73,0.05,0.78,3.24,29,8,10,11,,,4.0,0,False,286,0.0,2143,2204,4.7,0,False,,4.7,1,4.7,1,4.7,1,5.0,1938,106,0,15,3.5,21.7,0,5.705,5.114,6.296,0.805
2026-09-29,2026-09-29T23:38:04+00:00,2026,5,5,248857,16,Madueke,Noni,Madueke,MID,1,3,Arsenal,6.2,6.5,-0.3,2,23,2,0,0,0,0,11,1.0,0.3,0.2,6012,25962,0.0801,0.3457,-0.2656,5.6,11.6,43.9,0.0,a,,,,,0.2,0.0,0.2,0.2,0,0,0,0,0,0,0,0,0,0.0,0.05,0.05,0.15,3,1,2,0,,,5.0,0,False,327,0.0,732,1542,-25.1,0,False,,-25.1,-2,-25.1,-2,-25.1,-2,5.0,175,15,0,0,1.0,2.5,0,5.669,5.08,6.257,-0.531
2026-09-29,2026-09-29T23:38:04+00:00,2026,5,5,248875,400,Doku,Jérémy,Doku,MID,15,43,Man City,7.4,7.5,-0.1,1,15,1,0,0,0,0,7,1.0,0.1,0.7,5628,128067,0.0749,1.7053,-1.6303,2.2,3.6,13.8,5.0,a,,2026-08-18T17:00:08.385597Z,75.0,100.0,0.3,0.0,0.2,0.3,1,0,0,0,0,0,0,0,0,0.23,0.32,0.55,0.42,2,0,1,1,3.0,,,0,False,215,0.0,4161,1981,0.2,0,False,,0.2,1,0.2,1,0.2,1,5.0,114,8,0,0,1.0,1.0,0,6.478,5.888,7.069,-0.922
2026-09-29,2026-09-29T23:38:04+00:00,2026,5,5,249231,86,Lewis-Potter,Keane,Lewis-Potter,MID,4,94,Brentford,5.5,5.5,0.0,22,406,5,1,1,2,3,85,4.4,4.0,1.7,190262,120143,2.5334,1.5998,0.9337,29.5,113.6,109.3,73.0,a,,,,,2.0,0.4,2.0,2.0,3,5,0,4,0,0,0,0,0,1.21,0.79,2.0,5.69,38,6,15,17,,1.0,5.0,0,False,136,0.0,3617,11762,31.9,-2,False,,31.8,2,31.8,2,31.8,2,5.0,3086,167,8,8,4.4,30.4,0,6.281,5.692,6.87,0.781
2026-09-29,2026-09-29T23:38:04+00:00,2026,5,5,250199,487,Dominguez,Nicolás,Domínguez,MID,18,17,Nott'm Forest,4.9,5.0,-0.1,1,1,1,0,0,0,0,3,1.0,0.2,0.1,1200,4092,0.016,0.0545,-0.0385,0.0,0.2,0.0,0.0,a,,,,,0.0,0.0,0.0,0.0,0,0,0,0,0,0,0,0,0,0.0,0.0,0.0,0.0,0,0,0,0,,,,0,False,486,0.0,62,290,-66.2,0,False,,-66.2,-3,-66.2,-3,-66.2,-3,5.0,8,8,0,0,1.0,1.6,0,4.807,4.22,5.394,-0.093
2026-09-29,2026-09-29T23:38:04+00:00,2026,5,5,424876,368,Szoboszlai,Dominik,Szoboszlai,MID,14,14,Liverpool,7.0,7.0,0.0,20,440,5,1,0,3,1,103,4.0,2.9,32.8,927151,1675348,12.3455,22.3082,-9.9627,34.4,108.8,178.0,57.0,a,,,,,2.7,0.4,2.7,2.7,2,5,0,4,0,0,0,1,0,1.42,0.82,2.24,5.99,41,6,22,13,1.0,1.0,1.0,0,False,7,0.0,34792,207190,-95.3,-64,False,,-95.6,-4,-95.9,-4,-96.2,-4,5.0,3344,152,8,0,4.0,21.7,0,7.288,6.696,7.881,0.288
2026-09-29,2026-09-29T23:38:04+00:00,2026,5,5,427623,202,Richards,Chris,Richards,DEF,8,31,Crystal Palace,5.0,5.0,0.0,14,450,5,0,0,1,0,48,2.8,2.8,0.6,22450,37858,0.2989,0.5041,-0.2052,16.2,131.4,7.7,24.0,a,,,,,3.7,0.7,3.7,3.7,8,5,0,11,0,0,0,1,0,0.08,0.07,0.15,9.46,54,8,16,46,,,,0,False,233,0.0,1538,2127,-99.3,2,False,,-98.9,-4,-98.5,-4,-98.2,-4,5.0,3420,106,0,0,2.8,21.3,0,4.673,4.085,5.261,-0.327
2026-09-29,2026-09-29T23:38:04+00:00,2026,5,5,427637,337,Aaronson,Brenden,Aaronson,MID,13,2,Leeds,5.3,5.5,-0.2,7,194,5,0,0,1,0,36,1.4,1.3,0.5,6773,48011,0.0902,0.6393,-0.5491,2.5,11.8,3.7,9.0,a,,,,,1.0,0.2,1.0,1.0,1,2,0,3,0,0,0,0,0,0.01,0.02,0.03,3.78,15,3,11,1,,4.0,,0,False,253,-0.1,210,3282,-7.3,0,False,,-7.3,-1,-7.3,-1,-7.3,-1,5.0,1474,53,0,0,1.4,10.0,0,5.075,4.488,5.662,-0.225
2026-09-29,2026-09-29T23:38:04+00:00,2026,5,5,428580,104,Onyeka,Frank,Onyeka,MID,7,9,Coventry City,4.9,5.0,-0.1,9,314,4,0,0,1,0,34,2.2,1.8,0.1,3980,9568,0.053,0.1274,-0.0744,4.5,19.4,4.7,21.0,a,,2026-09-15T09:00:07.851220Z,100.0,100.0,2.3,0.5,2.3,2.3,3,4,0,7,0,0,0,0,0,0.03,0.02,0.05,6.31,28,5,14,9,,,,0,False,422,0.0,170,441,-32.9,0,False,,-32.9,-2,-32.9,-2,-32.9,-2,5.0,2386,68,0,0,2.2,14.0,0,4.852,4.265,5.44,-0.048
2026-09-29,2026-09-29T23:38:04+00:00,2026,5,5,428971,590,Benda,Steven,Benda,GK,18,17,Nott'm Forest,4.5,4.5,0.0,0,0,0,0,0,0,0,0,0.0,0.0,0.1,2661,2833,0.0354,0.0377,-0.0023,0.0,0.0,0.0,0.0,a,,,,,0.0,0.0,0.0,0.0,0,0,0,0,0,0,0,0,0,0.0,0.0,0.0,0.0,0,0,0,0,,,,0,False,465,0.0,121,232,0.0,0,False,,0.0,0,0.0,0,0.0,0,5.0,0,0,0,0,0.0,0.0,0,4.257,3.669,4.845,-0.243
2026-09-29,2026-09-29T23:38:04+00:00,2026,5,5,430871,428,Cunha,Matheus,Santos Carneiro da Cunha,MID,16,1,Man Utd,7.9,8.0,-0.1,26,407,5,1,2,1,4,95,5.2,3.3,5.8,94701,509064,1.261,6.7785,-5.5175,30.0,73.0,111.5,114.0,a,,,,,5.0,0.6,5.0,5.0,10,5,0,5,0,0,0,0,0,0.63,0.83,1.46,5.44,13,3,9,1,,,,0,False,67,0.0,20955,21033,-93.5,0,False,,-93.5,-3,-93.5,-3,-93.5,-3,5.0,3093,198,8,15,5.2,25.0,0,8.12,7.528,8.712,0.22
2026-09-29,2026-09-29T23:38:04+00:00,2026,5,5,431639,640,Flemming,Zian,Flemming,FWD,12,40,Ipswich Town,5.5,5.5,0.0,6,60,3,1,0,0,0,34,2.0,1.1,0.1,9240,3190,0.123,0.0425,0.0806,10.5,38.2,12.1,55.0,a,,,,,2.0,0.4,2.0,2.0,0,0,0,1,0,0,0,1,0,0.64,0.01,0.65,0.63,5,1,3,1,,,,0,False,456,0.0,878,968,0.5,-2,False,,0.4,1,0.4,1,0.4,1,5.0,456,46,8,0,2.0,8.3,0,5.734,5.146,6.322,0.234
2026-09-29,2026-09-29T23:38:04+00:00,2026,5,5,432422,455,Tonali,Sandro,Tonali,MID,19,6,Spurs,5.3,5.5,-0.2,14,427,5,0,0,2,0,86,2.8,2.6,1.8,47813,269335,0.6367,3.5863,-2.9497,18.0,63.0,89.0,28.0,a,,2026-09-14T14:30:07.387706Z,100.0,100.0,3.3,0.6,3.3,3.3,2,5,0,8,0,0,0,0,0,0.24,0.61,0.85,7.72,42,11,20,11,,,,0,False,131,-0.1,2224,14728,-18.7,-2,False,,-18.7,-1,-18.8,-1,-18.9,-1,5.0,3245,106,0,0,2.8,20.1,0,5.236,4.647,5.824,-0.064
2026-09-29,2026-09-29T23:38:04+00:00,2026,5,5,432714,486,McAtee,James,McAtee,MID,18,17,Nott'm Forest,5.5,5.5,0.0,12,416,5,0,0,2,0,91,2.4,2.2,0.1,9981,5936,0.1329,0.079,0.0539,27.6,62.4,174.8,38.0,a,,,,,2.3,0.4,2.3,2.3,2,5,0,4,0,0,0,2,0,0.37,0.96,1.33,4.55,39,9,21,9,,,1.0,0,False,410,0.0,336,890,2.2,0,False,,2.2,1,2.2,1,2.2,1,5.0,3162,91,0,0,2.4,16.6,0,5.127,4.539,5.715,-0.373
2026-09-29,2026-09-29T23:38:04+00:00,2026,5,5,432720,385,Trafford,James,Trafford,GK,13,2,Leeds,5.0,5.0,0.0,28,450,5,0,0,2,5,117,5.6,5.6,5.5,263521,158749,3.5089,2.1138,1.3951,14.9,148.6,0.0,0.0,a,,,,,5.3,1.1,5.3,5.3,10,5,20,3,0,0,0,0,0,0.0,0.0,0.0,6.46,0,0,55,6,,,,0,False,71,0.0,21550,14404,33.0,3,False,,33.1,2,33.1,2,33.1,2,5.0,3420,213,0,0,5.6,38.7,1,5.173,4.577,5.769,0.173
2026-09-29,2026-09-29T23:38:04+00:00,2026,5,5,432830,84,Collins,Nathan,Collins,DEF,4,94,Brentford,5.4,5.5,-0.1,10,196,3,0,0,1,0,39,3.3,1.9,1.0,58736,156536,0.7821,2.0844,-1.3023,11.4,40.6,22.4,51.0,i,Calf injury - Unknown return date,2026-09-05T18:00:06.182495Z,0.0,0.0,0.3,0.1,0.0,0.0,0,3,0,1,0,0,0,1,0,0.51,0.05,0.56,2.13,17,2,11,15,,,,0,False,183,0.0,117,9180,-27.8,0,False,,-27.8,-2,-27.8,-2,-27.8,-2,5.0,1490,76,0,0,3.3,14.1,0,4.99,4.401,5.579,-0.41
2026-09-29,2026-09-29T23:38:04+00:00,2026,5,5,432987,354,Jaros,Vitezslav,Jaros,GK,14,14,Liverpool,4.0,4.0,0.0,0,0,0,0,0,0,0,0,0.0,0.0,0.0,1748,1239,0.0233,0.0165,0.0068,0.0,0.0,0.0,0.0,i,Knee injury - Unknown return date,2026-07-29T18:00:10.351066Z,0.0,0.0,0.0,0.0,0.0,0.0,0,0,0,0,0,0,0,0,0,0.0,0.0,0.0,0.0,0,0,0,0,,,,0,False,572,0.0,201,153,0.0,0,False,,0.0,0,0.0,0,0.0,0,5.0,0,0,0,0,0.0,0.0,0,4.101,3.512,4.689,0.101
2026-09-29,2026-09-29T23:38:04+00:00,2026,5,5,433036,404,Reijnders,Tijjani,Reijnders,MID,15,43,Man City,6.0,6.0,0.0,0,0,0,0,0,0,0,0,0.0,0.0,0.0,0,8181,0.0,0.1089,-0.1089,0.0,0.0,0.0,0.0,u,Has joined Al Qadsiah permanently,2026-08-20T14:02:58.154273Z,0.0,0.0,0.0,0.0,0.0,0.0,0,0,0,0,0,0,0,0,0,0.0,0.0,0.0,0.0,0,0,0,0,,,,0,False,528,0.0,0,96,0.0,0,False,,0.0,0,0.0,0,0.0,0,5.0,0,0,0,0,0.0,0.0,0,5.596,5.007,6.185,-0.404
2026-09-29,2026-09-29T23:38:04+00:00,2026,5,5,433154,241,McNeil,Dwight,McNeil,MID,8,31,Crystal Palace,5.4,5.5,-0.1,3,84,2,0,0,0,0,13,1.5,0.6,0.1,1774,8188,0.0236,0.109,-0.0854,1.7,10.0,5.0,2.0,a,,,,,0.0,0.0,0.0,0.0,0,1,0,3,0,0,0,0,0,0.05,0.02,0.07,1.18,7,0,3,4,,,,0,False,400,0.0,67,459,-94.3,-2,False,,-96.4,-4,-98.5,-4,-100.6,-5,5.0,638,23,0,0,1.5,4.2,0,5.079,4.491,5.666,-0.321
2026-09-29,2026-09-29T23:38:04+00:00,2026,5,5,433590,281,Drameh,Cody,Drameh,DEF,11,88,Hull City,4.0,4.0,0.0,2,65,2,0,0,0,0,8,1.0,0.5,0.0,2118,4502,0.0282,0.0599,-0.0317,0.8,6.4,0.4,1.0,u,Has joined Genoa permanently,2026-09-02T16:09:06.479140Z,0.0,0.0,0.0,0.0,0.0,0.0,0,0,0,0,0,0,0,0,0,0.05,0.0,0.05,0.87,6,1,4,5,,,,0,False,508,0.0,0,249,0.0,0,False,,0.0,0,0.0,0,0.0,0,5.0,494,15,0,0,1.0,3.8,0,4.033,3.445,4.62,0.033
2026-09-29,2026-09-29T23:38:04+00:00,2026,5,5,433969,597,Suzuki,Zion,Suzuki,GK,2,7,Aston Villa,5.0,5.0,0.0,16,360,4,0,0,1,3,80,4.0,3.2,1.9,150800,62158,2.008,0.8277,1.1803,11.6,115.6,0.0,0.0,a,,,,,4.0,0.8,4.0,4.0,2,4,15,5,0,0,0,0,0,0.0,0.01,0.01,5.45,0,0,43,8,,,,1,False,126,0.0,13236,6299,29.3,-4,False,,29.2,2,29.2,2,29.1,2,5.0,2736,122,0,0,4.0,24.3,0,4.856,4.267,5.445,-0.144
2026-09-29,2026-09-29T23:38:04+00:00,2026,5,5,434399,536,Reinildo,Reinildo,Mandava,DEF,20,56,Sunderland,4.4,4.5,-0.1,7,360,4,0,0,1,0,37,1.8,1.6,0.3,4043,24346,0.0538,0.3242,-0.2703,9.5,53.8,36.4,6.0,a,,2026-09-12T21:30:09.421687Z,0.0,100.0,0.0,0.0,0.0,0.0,0,4,0,5,0,0,0,0,1,0.0,0.32,0.32,5.05,29,8,18,21,,,,0,False,308,-0.1,180,1546,-0.1,0,False,,-0.1,-1,-0.1,-1,-0.1,-1,5.0,2736,53,0,0,1.8,12.1,0,4.25,3.662,4.837,-0.15
2026-09-29,2026-09-29T23:38:04+00:00,2026,5,5,434752,327,Bijol,Jaka,Bijol,DEF,13,2,Leeds,5.0,5.0,0.0,12,164,3,0,0,1,2,29,4.0,2.4,0.7,69081,59027,0.9199,0.786,0.1339,5.4,38.2,0.6,15.0,a,,,,,0.3,0.1,0.3,0.3,0,2,0,2,0,0,0,0,0,0.11,0.0,0.11,3.16,21,3,7,18,,,,0,False,217,0.0,779,5412,5.0,2,False,,5.0,1,5.0,1,5.0,1,5.0,1246,91,0,0,4.0,18.2,0,4.919,4.33,5.507,-0.081
2026-09-29,2026-09-29T23:38:04+00:00,2026,5,5,435997,336,Okafor,Noah,Okafor,MID,13,2,Leeds,5.8,6.0,-0.2,18,299,5,1,0,3,1,82,3.6,3.1,0.4,26814,35061,0.357,0.4669,-0.1098,14.8,67.0,41.4,40.0,a,,,,,5.0,0.9,5.0,5.0,3,4,0,1,0,0,0,0,0,0.17,0.27,0.44,2.37,18,7,8,3,,,,0,False,269,0.0,1707,3275,1.4,0,False,,1.4,1,1.4,1,1.4,1,5.0,2272,137,8,0,3.6,23.6,0,6.113,5.524,6.702,0.313
2026-09-29,2026-09-29T23:38:04+00:00,2026,5,5,436761,174,Kitching,Liam,Kitching,DEF,7,9,Coventry City,4.0,4.0,0.0,0,0,0,0,0,0,0,0,0.0,0.0,0.3,981,32862,0.0131,0.4376,-0.4245,0.0,0.0,0.0,0.0,u,Has joined Sheffield United on loan for the rest of the season,2026-09-02T16:21:03.612394Z,0.0,0.0,0.0,0.0,0.0,0.0,0,0,0,0,0,0,0,0,0,0.0,0.0,0.0,0.0,0,0,0,0,,,,0,False,280,0.0,0,1769,0.0,0,False,,0.0,0,0.0,0,0.0,0,5.0,0,0,0,0,0.0,0.0,0,4.01,3.423,4.597,0.01
2026-09-29,2026-09-29T23:38:04+00:00,2026,5,5,436893,65,J.Araujo,Julián,Araujo Zúñiga,DEF,3,91,Bournemouth,4.4,4.5,-0.1,0,0,0,0,0,0,0,0,0.0,0.0,0.0,418,1292,0.0056,0.0172,-0.0116,0.0,0.0,0.0,0.0,i,Thigh injury - Unknown return date,2026-08-09T08:00:05.645826Z,0.0,0.0,0.0,0.0,0.0,0.0,0,0,0,0,0,0,0,0,0,0.0,0.0,0.0,0.0,0,0,0,0,,,,0,False,603,0.0,34,53,-12.2,0,False,,-12.2,-1,-12.2,-1,-12.2,-1,5.0,0,0,0,0,0.0,0.0,0,4.253,3.664,4.841,-0.147
2026-09-29,2026-09-29T23:38:04+00:00,2026,5,5,437495,3,Meslier,Illan,Meslier,GK,1,3,Arsenal,4.9,5.0,-0.1,0,0,0,0,0,0,0,0,0.0,0.0,0.0,513,1580,0.0068,0.021,-0.0142,0.0,0.0,0.0,0.0,a,,,,,0.0,0.0,0.0,0.0,0,0,0,0,0,0,0,0,0,0.0,0.0,0.0,0.0,0,0,0,0,,,,0,False,548,0.0,46,120,-38.2,0,False,,-38.2,-2,-38.2,-2,-38.2,-2,5.0,0,0,0,0,0.0,0.0,0,4.589,4.0,5.177,-0.311
2026-09-29,2026-09-29T23:38:04+00:00,2026,5,5,437497,641,Bard,Melvin,Bard,DEF,13,2,Leeds,4.5,4.5,0.0,1,18,1,0,0,0,0,1,1.0,0.2,0.0,957,354,0.0127,0.0047,0.008,1.5,4.4,10.3,0.0,a,,,,,0.3,0.1,0.3,0.3,0,0,0,1,0,0,0,0,0,0.0,0.0,0.0,0.3,2,1,2,1,,,,0,False,615,0.0,95,78,0.0,0,False,,0.0,0,0.0,0,0.0,0,5.0,137,8,0,0,1.0,1.7,0,4.295,3.708,4.882,-0.205
2026-09-29,2026-09-29T23:38:04+00:00,2026,5,5,437499,200,Lacroix,Maxence,Lacroix,DEF,6,8,Chelsea,5.9,6.0,-0.1,13,364,5,0,1,0,0,28,2.6,2.2,6.8,174250,424272,2.3202,5.6494,-3.3292,14.4,116.2,13.9,14.0,a,,,,,2.0,0.3,2.0,2.0,3,4,0,10,0,0,0,1,0,0.15,0.22,0.37,7.93,47,10,8,37,,,,0,False,57,-0.1,7596,28696,-7.2,-2,False,,-7.2,-1,-7.2,-1,-7.2,-1,5.0,2766,99,0,8,2.6,16.7,0,5.7,5.111,6.288,-0.2
2026-09-29,2026-09-29T23:38:04+00:00,2026,5,5,437505,553,Isidor,Wilson,Isidor,FWD,20,56,Sunderland,5.5,5.5,0.0,15,117,5,1,1,0,3,51,3.0,2.7,1.3,95420,86536,1.2706,1.1523,0.1183,6.7,30.8,1.0,35.0,a,,,,,2.0,0.4,2.0,2.0,1,0,0,3,0,0,0,0,0,1.49,0.01,1.5,3.78,5,2,3,0,,,,0,False,163,0.0,3118,11382,3.1,-2,False,,3.1,1,3.0,1,3.0,1,5.0,889,114,8,8,3.0,20.7,0,6.287,5.697,6.877,0.787
2026-09-29,2026-09-29T23:38:04+00:00,2026,5,5,437730,397,Semenyo,Antoine,Semenyo,MID,15,43,Man City,8.4,8.5,-0.1,33,450,5,2,3,2,2,147,6.6,3.9,15.4,315199,1205516,4.197,16.0521,-11.8551,43.4,155.4,148.1,130.0,d,Ankle injury - 75% chance of playing,2026-09-24T12:00:09.848000Z,,75.0,8.7,1.0,8.7,6.5,17,5,0,5,0,0,0,0,0,0.33,1.16,1.49,7.25,22,6,14,2,2.0,,,1,True,28,0.0,124296,62816,-19.3,-24,False,,-19.4,-1,-19.5,-1,-19.7,-1,5.0,3420,251,15,23,6.6,29.9,0,9.572,8.976,10.168,1.172
2026-09-29,2026-09-29T23:38:04+00:00,2026,5,5,437738,333,Bornauw,Sebastiaan,Bornauw,DEF,13,2,Leeds,4.5,4.5,0.0,0,0,0,0,0,0,0,0,0.0,0.0,0.0,0,299,0.0,0.004,-0.004,0.0,0.0,0.0,0.0,u,Has joined Hamburg SV on loan for the rest of the season,2026-08-19T13:56:14.645970Z,0.0,0.0,0.0,0.0,0.0,0.0,0,0,0,0,0,0,0,0,0,0.0,0.0,0.0,0.0,0,0,0,0,,,,0,False,656,0.0,0,5,0.0,0,False,,0.0,0,0.0,0,0.0,0,5.0,0,0,0,0,0.0,0.0,0,4.272,3.685,4.86,-0.228
2026-09-29,2026-09-29T23:38:04+00:00,2026,5,5,438098,23,Fábio Vieira,Fábio,Ferreira Vieira,MID,1,3,Arsenal,5.5,5.5,0.0,0,0,0,0,0,0,0,0,0.0,0.0,0.0,255,917,0.0034,0.0122,-0.0088,0.0,0.0,0.0,0.0,u,Has joined Hamburger SV permanently,2026-09-02T16:00:28.446370Z,0.0,0.0,0.0,0.0,0.0,0.0,0,0,0,0,0,0,0,0,0,0.0,0.0,0.0,0.0,0,0,0,0,,,,0,False,635,0.0,0,38,0.0,0,False,,0.0,0,0.0,0,0.0,0,5.0,0,0,0,0,0.0,0.0,0,5.171,4.582,5.759,-0.329
2026-09-29,2026-09-29T23:38:04+00:00,2026,5,5,438234,401,Marmoush,Omar,Marmoush,FWD,19,6,Spurs,7.0,7.0,0.0,8,339,4,0,0,2,0,37,2.0,1.1,2.1,233214,162305,3.1054,2.1612,0.9442,12.9,18.0,55.5,58.0,a,,,,,2.0,0.3,2.0,2.0,2,4,0,5,0,0,0,0,0,0.38,0.15,0.53,3.84,13,2,11,0,2.0,4.0,8.0,0,False,124,0.0,10735,21172,37.0,6,False,,37.1,2,37.2,2,37.3,2,5.0,2576,61,0,0,2.0,8.7,0,5.997,5.408,6.587,-1.003
2026-09-29,2026-09-29T23:38:04+00:00,2026,5,5,438464,218,Doucouré,Cheick,Doucouré,MID,8,31,Crystal Palace,4.8,5.0,-0.2,0,0,0,0,0,0,0,0,0.0,0.0,0.0,2082,4452,0.0277,0.0593,-0.0316,0.0,0.0,0.0,0.0,a,,,,,0.0,0.0,0.0,0.0,0,0,0,0,0,0,0,0,0,0.0,0.0,0.0,0.0,0,0,0,0,,,,0,False,500,-0.1,108,287,-2.0,0,False,,-2.0,-1,-2.0,-1,-2.0,-1,5.0,0,0,0,0,0.0,0.0,0,4.731,4.144,5.319,-0.069
2026-09-29,2026-09-29T23:38:04+00:00,2026,5,5,439509,557,Tzolis,Christos,Tzolis,MID,1,3,Arsenal,6.3,6.5,-0.2,16,362,5,0,2,2,1,81,3.2,2.5,12.2,462114,1600272,6.1533,21.3085,-15.1552,21.8,56.4,115.1,46.0,a,,,,,2.5,0.4,2.5,2.5,2,5,0,4,0,0,0,2,0,0.19,0.55,0.74,2.73,23,4,12,7,,,3.0,0,False,34,-0.1,11747,137064,-11.3,-8,False,,-11.4,-1,-11.4,-1,-11.5,-1,5.0,2751,122,0,15,3.2,19.3,0,6.63,6.039,7.221,0.33
2026-09-29,2026-09-29T23:38:04+00:00,2026,5,5,439668,187,Eccles,Josh,Eccles,MID,7,9,Coventry City,4.8,5.0,-0.2,0,0,0,0,0,0,0,0,0.0,0.0,0.0,630,1464,0.0084,0.0195,-0.0111,0.0,0.0,0.0,0.0,i,Unspecified injury - Expected back 12 Oct,2026-09-10T18:30:08.877110Z,0.0,0.0,0.0,0.0,0.0,0.0,0,0,0,0,0,0,0,0,0,0.0,0.0,0.0,0.0,0,0,0,0,,,,0,False,612,-0.1,17,88,-4.5,0,False,,-4.5,-1,-4.5,-1,-4.5,-1,5.0,0,0,0,0,0.0,0.0,0,4.745,4.158,5.332,-0.055
2026-09-29,2026-09-29T23:38:04+00:00,2026,5,5,440089,96,Damsgaard,Mikkel,Damsgaard,MID,4,94,Brentford,5.4,5.5,-0.1,16,283,5,0,1,2,3,74,3.2,3.0,0.4,15041,30114,0.2003,0.401,-0.2007,20.7,47.4,118.2,42.0,a,,,,,4.0,0.7,4.0,4.0,3,3,0,1,0,0,0,0,0,0.17,0.73,0.9,3.06,31,7,18,6,,3.0,2.0,0,False,262,0.0,1530,1998,-8.3,0,False,,-8.3,-1,-8.3,-1,-8.3,-1,5.0,2151,122,0,8,3.2,22.5,0,5.619,5.029,6.209,0.219
2026-09-29,2026-09-29T23:38:04+00:00,2026,5,5,440993,237,Ndiaye,Iliman,Ndiaye,MID,15,43,Man City,5.8,6.0,-0.2,22,385,5,0,2,2,1,110,4.4,3.8,6.7,297659,1135232,3.9635,15.1162,-11.1527,26.1,77.8,102.6,80.0,a,,,,,3.0,0.5,3.0,3.0,5,4,0,4,0,0,0,0,0,0.38,0.58,0.96,9.42,44,8,26,10,,,,0,False,59,-0.1,6790,67229,-19.3,-14,False,,-19.5,-1,-19.7,-1,-19.9,-1,5.0,2926,167,0,15,4.4,28.8,0,6.6,6.008,7.191,0.8
2026-09-29,2026-09-29T23:38:04+00:00,2026,5,5,441164,499,Pedro Porro,Pedro,Porro Sauceda,DEF,19,6,Spurs,5.4,5.5,-0.1,9,198,3,0,0,1,1,33,3.0,1.7,7.6,124441,990840,1.657,13.1936,-11.5366,9.8,22.6,47.6,28.0,d,Hamstring injury - 75% chance of playing,2026-09-19T12:00:08.823872Z,100.0,75.0,2.7,0.5,2.7,2.0,1,3,0,2,0,0,0,0,0,0.37,0.16,0.53,1.68,9,3,5,6,,1.0,1.0,0,False,49,0.0,1667,73092,-29.4,-12,False,,-29.5,-2,-29.7,-2,-29.8,-2,5.0,1505,68,0,0,3.0,12.7,0,5.17,4.582,5.757,-0.23
2026-09-29,2026-09-29T23:38:04+00:00,2026,5,5,441191,450,Livramento,Tino,Livramento,DEF,17,4,Newcastle,4.9,5.0,-0.1,4,33,2,0,1,0,0,12,2.0,0.8,0.1,10230,5901,0.1362,0.0786,0.0576,1.3,5.0,3.8,4.0,d,Unspecified injury - 75% chance of playing,2026-09-19T14:00:09.046677Z,100.0,75.0,1.3,0.3,1.3,1.0,0,0,0,1,0,0,0,1,0,0.0,0.01,0.01,0.18,3,2,4,1,,,,0,False,415,0.0,434,1461,1.5,0,False,,1.5,1,1.5,1,1.5,1,5.0,251,30,0,8,2.0,6.2,0,5.002,4.413,5.592,0.102
2026-09-29,2026-09-29T23:38:04+00:00,2026,5,5,441264,552,Brobbey,Brian,Brobbey,FWD,20,56,Sunderland,5.7,6.0,-0.3,24,399,5,3,0,1,3,113,4.8,4.2,7.0,285131,929448,3.7967,12.3761,-8.5794,31.7,108.4,69.0,142.0,d,Hamstring injury - 75% chance of playing,2026-09-24T21:30:10.382142Z,,75.0,6.7,1.2,6.7,5.0,17,5,0,9,0,0,0,1,0,2.94,0.11,3.05,8.18,11,0,10,1,,,,1,False,55,-0.1,193673,43276,80.3,3,False,,80.3,3,80.4,3,80.4,3,5.0,3032,182,23,0,4.8,32.0,0,7.259,6.665,7.853,1.559
2026-09-29,2026-09-29T23:38:04+00:00,2026,5,5,441266,371,Gravenberch,Ryan,Gravenberch,MID,14,14,Liverpool,5.8,6.0,-0.2,9,190,5,0,1,0,0,51,1.8,1.6,1.1,35719,130245,0.4756,1.7343,-1.2587,9.9,50.6,42.7,6.0,a,,,,,1.0,0.2,1.0,1.0,1,2,0,2,0,0,0,0,0,0.1,0.08,0.18,2.02,25,4,11,10,,,,0,False,171,-0.1,1181,8892,-21.6,-2,False,,-21.8,-2,-21.9,-2,-22.0,-2,5.0,1444,68,0,8,1.8,11.8,0,5.848,5.259,6.436,0.048
2026-09-29,2026-09-29T23:38:04+00:00,2026,5,5,441302,36,Maatsen,Ian,Maatsen,DEF,2,7,Aston Villa,4.4,4.5,-0.1,9,335,4,0,0,1,1,22,2.2,2.0,0.5,31891,61752,0.4246,0.8223,-0.3976,10.2,34.8,24.5,43.0,i,Ankle injury - Unknown return date,2026-09-12T18:00:08.729468Z,0.0,0.0,2.2,0.5,0.0,0.0,0,4,0,7,0,0,0,1,0,0.28,0.45,0.73,6.54,24,7,10,17,,,,0,False,249,-0.1,49,6014,-2.1,-2,False,,-2.2,-1,-2.3,-1,-2.4,-1,5.0,2546,68,0,0,2.2,15.5,0,4.334,3.746,4.922,-0.066
2026-09-29,2026-09-29T23:38:04+00:00,2026,5,5,442299,650,Affengruber,David,Affengruber,DEF,10,54,Fulham,4.5,4.5,0.0,12,180,2,0,0,1,0,40,6.0,2.7,0.1,8006,1775,0.1066,0.0236,0.083,6.6,51.0,14.6,0.0,a,,,,,4.0,0.9,4.0,4.0,4,2,0,1,0,0,0,0,0,0.0,0.02,0.02,2.88,23,3,7,20,,,,0,False,471,0.0,5128,1153,1.1,5,False,,1.2,1,1.3,1,1.3,1,5.0,1368,91,0,0,6.0,20.3,0,4.787,4.197,5.377,0.287
2026-09-29,2026-09-29T23:38:04+00:00,2026,5,5,442967,562,Maeda,Daizen,Maeda,MID,12,40,Ipswich Town,5.3,5.5,-0.2,8,259,5,0,0,0,0,32,1.6,1.5,0.2,2858,20197,0.0381,0.2689,-0.2309,8.1,31.0,5.5,47.0,a,,,,,1.3,0.2,1.3,1.3,1,3,0,8,0,0,0,0,0,0.71,0.02,0.73,6.05,20,8,4,8,,,,0,False,320,-0.1,130,1427,-9.7,0,False,,-9.7,-1,-9.7,-1,-9.7,-1,5.0,1968,61,0,0,1.6,11.5,0,5.057,4.47,5.644,-0.243
2026-09-29,2026-09-29T23:38:04+00:00,2026,5,5,443261,313,Clarke,Jack,Clarke,MID,12,40,Ipswich Town,5.4,5.5,-0.1,11,170,4,1,0,0,1,48,2.8,2.0,0.2,5490,15698,0.0731,0.209,-0.1359,15.2,52.0,55.4,45.0,a,,,,,1.3,0.2,1.3,1.3,2,2,0,2,0,0,0,1,0,0.3,0.37,0.67,1.97,10,2,5,3,1.0,3.0,4.0,0,False,344,0.0,139,904,-83.8,0,False,,-83.8,-3,-83.8,-3,-83.8,-3,5.0,1292,84,8,0,2.8,15.5,0,5.793,5.206,6.381,0.393
2026-09-29,2026-09-29T23:38:04+00:00,2026,5,5,444102,79,Evanilson,Francisco Evanilson,de Lima Barbosa,FWD,3,91,Bournemouth,6.0,6.0,0.0,18,424,5,0,3,2,0,66,3.6,3.0,3.2,252522,175402,3.3625,2.3356,1.0269,25.2,71.4,82.6,99.0,a,,,,,3.0,0.5,3.0,3.0,2,5,0,5,0,0,0,1,0,0.87,0.52,1.39,6.45,27,3,13,11,,,,0,False,101,0.0,17061,20575,50.2,5,False,,50.2,3,50.3,3,50.4,3,5.0,3222,137,0,23,3.6,22.8,0,6.532,5.933,7.131,0.532
2026-09-29,2026-09-29T23:38:04+00:00,2026,5,5,444145,18,Martinelli,Gabriel,Martinelli Silva,MID,1,3,Arsenal,6.3,6.5,-0.2,0,0,0,0,0,0,0,0,0.0,0.0,0.1,2483,21853,0.0331,0.291,-0.2579,0.0,0.0,0.0,0.0,u,Has joined Al Hilal permanently,2026-09-04T12:34:46.738449Z,0.0,0.0,0.0,0.0,0.0,0.0,0,0,0,0,0,0,0,0,0,0.0,0.0,0.0,0.0,0,0,0,0,,,,0,False,470,0.0,0,552,0.0,0,False,,0.0,0,0.0,0,0.0,0,5.0,0,0,0,0,0.0,0.0,0,5.678,5.089,6.267,-0.622
2026-09-29,2026-09-29T23:38:04+00:00,2026,5,5,444172,59,Dennis,Will,Dennis,GK,3,91,Bournemouth,4.0,4.0,0.0,0,0,0,0,0,0,0,0,0.0,0.0,0.1,1133,7504,0.0151,0.0999,-0.0848,0.0,0.0,0.0,0.0,u,Has joined MK Dons permanently,2026-08-27T14:53:48.692835Z,0.0,0.0,0.0,0.0,0.0,0.0,0,0,0,0,0,0,0,0,0,0.0,0.0,0.0,0.0,0,0,0,0,,,,0,False,392,0.0,0,536,0.0,0,False,,0.0,0,0.0,0,0.0,0,5.0,0,0,0,0,0.0,0.0,0,3.994,3.406,4.583,-0.006
2026-09-29,2026-09-29T23:38:04+00:00,2026,5,5,444180,105,Anthony,Jaidon,Anthony,MID,4,94,Brentford,5.9,6.0,-0.1,15,267,5,1,0,2,2,59,3.0,2.5,0.1,7279,10994,0.0969,0.1464,-0.0495,21.2,65.0,89.3,58.0,a,,,,,4.0,0.7,4.0,4.0,10,3,0,3,0,0,0,1,0,1.15,0.54,1.69,3.5,26,4,16,6,,,,0,False,369,0.0,2281,593,0.8,0,False,,0.8,1,0.8,1,0.8,1,5.0,2029,114,8,0,3.0,19.3,0,6.021,5.431,6.61,0.121
2026-09-29,2026-09-29T23:38:04+00:00,2026,5,5,444307,276,Lo-Tutala,Thimothée,Lo-Tutala,GK,11,88,Hull City,4.0,4.0,0.0,0,0,0,0,0,0,0,0,0.0,0.0,0.0,0,1105,0.0,0.0147,-0.0147,0.0,0.0,0.0,0.0,u,Has joined Colchester United on loan for the rest of the season,2026-08-17T13:50:27.125537Z,0.0,0.0,0.0,0.0,0.0,0.0,0,0,0,0,0,0,0,0,0,0.0,0.0,0.0,0.0,0,0,0,0,,,,0,False,564,0.0,0,111,0.0,0,False,,0.0,0,0.0,0,0.0,0,5.0,0,0,0,0,0.0,0.0,0,3.988,3.4,4.575,-0.012
2026-09-29,2026-09-29T23:38:04+00:00,2026,5,5,444463,145,Fofana,Wesley,Fofana,DEF,6,8,Chelsea,5.0,5.0,0.0,8,312,4,0,0,0,0,35,2.0,1.6,0.2,18508,8207,0.2464,0.1093,0.1372,13.4,100.4,29.2,4.0,a,,2026-07-23T12:01:23.464591Z,100.0,100.0,2.7,0.5,2.7,2.7,4,4,0,7,0,0,0,1,0,0.0,0.08,0.08,5.65,47,7,11,40,,,,0,False,330,0.0,2402,1266,4.5,2,False,,4.6,1,4.6,1,4.6,1,5.0,2371,61,0,0,2.0,12.2,0,4.686,4.098,5.273,-0.314
2026-09-29,2026-09-29T23:38:04+00:00,2026,5,5,444765,85,Van den Berg,Sepp,van den Berg,DEF,4,94,Brentford,4.9,5.0,-0.1,0,0,0,0,0,0,0,0,0.0,0.0,0.1,410,8937,0.0055,0.119,-0.1135,0.0,0.0,0.0,0.0,i,Groin injury - Unknown return date,2026-08-15T15:30:06.416627Z,0.0,0.0,0.0,0.0,0.0,0.0,0,0,0,0,0,0,0,0,0,0.0,0.0,0.0,0.0,0,0,0,0,,,,0,False,480,0.0,37,331,-78.6,0,False,,-78.6,-3,-78.6,-3,-78.6,-3,5.0,0,0,0,0,0.0,0.0,0,4.477,3.888,5.066,-0.423
2026-09-29,2026-09-29T23:38:04+00:00,2026,5,5,444884,383,Elliott,Harvey,Elliott,MID,14,14,Liverpool,5.4,5.5,-0.1,0,0,0,0,0,0,0,0,0.0,0.0,0.0,907,6143,0.0121,0.0818,-0.0697,0.0,0.0,0.0,0.0,u,Has joined Valencia on loan for the rest of the season,2026-09-02T16:05:49.104326Z,0.0,0.0,0.0,0.0,0.0,0.0,0,0,0,0,0,0,0,0,0,0.0,0.0,0.0,0.0,0,0,0,0,,,,0,False,535,0.0,0,223,0.0,0,False,,0.0,0,0.0,0,0.0,0,5.0,0,0,0,0,0.0,0.0,0,5.164,4.576,5.752,-0.236
2026-09-29,2026-09-29T23:38:04+00:00,2026,5,5,445028,563,Morita,Hidemasa,Morita,MID,11,88,Hull City,4.9,5.0,-0.1,1,45,1,0,0,0,0,6,1.0,0.2,0.0,727,1769,0.0097,0.0236,-0.0139,2.4,11.0,13.4,0.0,i,Calf injury - Expected back 11 Oct,2026-09-09T14:00:08.474217Z,0.0,0.0,0.0,0.0,0.0,0.0,0,1,0,0,0,0,0,0,0,0.0,0.0,0.0,1.09,3,0,1,2,,,,0,False,589,-0.1,24,173,-0.1,0,False,,-0.1,-1,-0.1,-1,-0.1,-1,5.0,342,8,0,0,1.0,1.6,0,4.773,4.186,5.36,-0.127
2026-09-29,2026-09-29T23:38:04+00:00,2026,5,5,445044,521,Kulusevski,Dejan,Kulusevski,MID,19,6,Spurs,6.5,6.5,0.0,0,0,0,0,0,0,0,0,0.0,0.0,0.0,391,732,0.0052,0.0097,-0.0045,0.0,0.0,0.0,0.0,i,Knee injury - Unknown return date,2026-07-23T12:01:23.895175Z,0.0,0.0,0.0,0.0,0.0,0.0,0,0,0,0,0,0,0,0,0,0.0,0.0,0.0,0.0,0,0,0,0,,,,0,False,613,0.0,85,67,-79.9,0,False,,-79.9,-3,-79.9,-3,-79.9,-3,5.0,0,0,0,0,0.0,0.0,0,5.736,5.147,6.326,-0.764
2026-09-29,2026-09-29T23:38:04+00:00,2026,5,5,445087,579,Araujo,Ronald,Araujo,DEF,14,14,Liverpool,5.4,5.5,-0.1,22,284,5,0,0,3,1,81,4.4,4.1,3.0,148220,159872,1.9736,2.1288,-0.1552,7.7,60.8,10.5,6.0,a,,,,,7.0,1.3,7.0,7.0,7,3,0,0,0,0,0,1,0,0.0,0.06,0.06,2.75,24,5,15,19,,,,0,False,103,0.0,16304,10183,33.4,6,False,,33.5,2,33.6,2,33.7,2,5.0,2158,167,0,0,4.4,31.0,0,5.448,4.854,6.041,0.048
2026-09-29,2026-09-29T23:38:04+00:00,2026,5,5,445122,5,J.Timber,Jurriën,Timber,DEF,1,3,Arsenal,6.5,6.5,0.0,1,104,2,0,0,0,0,-3,0.5,0.2,0.4,33852,14757,0.4508,0.1965,0.2543,1.5,10.2,4.2,0.0,a,,2026-07-23T12:01:23.272929Z,100.0,100.0,0.2,0.0,0.2,0.2,0,1,0,3,0,0,0,0,0,0.0,0.03,0.03,2.18,5,3,7,2,,,,0,False,263,0.0,12196,4004,10.8,0,False,,10.8,1,10.8,1,10.8,1,5.0,790,8,0,0,0.5,1.2,0,5.426,4.836,6.016,-1.074
2026-09-29,2026-09-29T23:38:04+00:00,2026,5,5,446008,427,Mbeumo,Bryan,Mbeumo,MID,16,1,Man Utd,7.9,8.0,-0.1,25,450,5,2,1,0,3,110,5.0,3.2,20.6,462185,2013499,6.1542,26.8108,-20.6566,44.2,120.8,164.2,156.0,a,,,,,4.0,0.5,4.0,4.0,2,5,0,8,0,0,0,1,0,3.07,0.8,3.87,6.8,26,5,14,7,2.0,2.0,2.0,0,False,17,0.0,35206,127000,-74.0,-8,False,,-74.0,-3,-74.1,-3,-74.2,-3,5.0,3420,190,15,8,5.0,24.1,0,8.475,7.885,9.065,0.575
2026-09-29,2026-09-29T23:38:04+00:00,2026,5,5,448047,155,Enzo,Enzo,Fernández,MID,15,43,Man City,6.9,7.0,-0.1,13,271,4,1,0,2,0,73,3.2,1.9,3.6,171778,320911,2.2873,4.2731,-1.9858,17.8,63.8,72.8,42.0,a,,,,,4.0,0.6,4.0,4.0,7,3,0,3,0,0,0,1,0,0.35,0.53,0.88,5.35,21,3,12,6,,3.0,4.0,0,False,92,0.0,30111,14002,1.3,2,False,,1.3,1,1.3,1,1.3,1,5.0,2060,99,8,0,3.2,14.3,0,6.849,6.261,7.438,-0.051
2026-09-29,2026-09-29T23:38:04+00:00,2026,5,5,448089,54,Gomes,Joao,Gomes,MID,2,7,Aston Villa,5.5,5.5,0.0,2,129,2,0,0,0,0,11,1.0,0.4,0.0,1289,4101,0.0172,0.0546,-0.0374,4.8,23.6,24.8,0.0,a,,2026-09-16T19:30:08.742410Z,100.0,100.0,1.0,0.2,1.0,1.0,4,2,0,6,0,0,0,0,1,0.0,0.03,0.03,4.14,20,9,5,6,,,,0,False,505,0.0,450,192,0.1,0,False,,0.1,1,0.1,1,0.1,1,5.0,980,15,0,0,1.0,2.8,0,5.019,4.431,5.608,-0.481
2026-09-29,2026-09-29T23:38:04+00:00,2026,5,5,448104,9,Hincapie,Piero,Hincapié,DEF,1,3,Arsenal,5.2,5.5,-0.3,2,32,2,0,0,0,0,6,1.0,0.4,0.9,16237,117361,0.2162,1.5627,-1.3465,1.0,6.4,1.0,2.0,a,,,,,0.2,0.0,0.2,0.2,0,0,0,0,0,0,0,0,0,0.0,0.0,0.0,0.28,3,1,0,2,,,,0,False,193,-0.1,1418,5650,-5.3,0,False,,-5.3,-1,-5.3,-1,-5.3,-1,5.0,243,15,0,0,1.0,2.9,0,4.867,4.279,5.455,-0.333
2026-09-29,2026-09-29T23:38:04+00:00,2026,5,5,448514,392,Aït-Nouri,Rayan,Aït-Nouri,DEF,15,43,Man City,5.3,5.5,-0.2,0,0,0,0,0,0,0,0,0.0,0.0,0.4,7865,61534,0.1047,0.8194,-0.7146,0.0,0.0,0.0,0.0,a,,,,,0.0,0.0,0.0,0.0,0,0,0,0,0,0,0,0,0,0.0,0.0,0.0,0.0,0,0,0,0,,,,0,False,266,0.0,513,2125,-96.3,-2,False,,-96.9,-4,-97.5,-4,-98.1,-4,5.0,0,0,0,0,0.0,0.0,0,4.995,4.407,5.584,-0.305
2026-09-29,2026-09-29T23:38:04+00:00,2026,5,5,449027,351,Mamardashvili,Giorgi,Mamardashvili,GK,14,14,Liverpool,4.9,5.0,-0.1,0,0,0,0,0,0,0,0,0.0,0.0,0.1,2860,8618,0.0381,0.1148,-0.0767,0.0,0.0,0.0,0.0,a,,,,,0.0,0.0,0.0,0.0,0,0,0,0,0,0,0,0,0,0.0,0.0,0.0,0.0,0,0,0,0,,,,0,False,377,0.0,248,600,-95.4,0,False,,-95.4,-4,-95.4,-4,-95.4,-4,5.0,0,0,0,0,0.0,0.0,0,4.616,4.027,5.204,-0.284
2026-09-29,2026-09-29T23:38:04+00:00,2026,5,5,449428,283,Jacob,Matty,Jacob,DEF,11,88,Hull City,4.0,4.0,0.0,0,0,0,0,0,0,0,0,0.0,0.0,0.0,114,691,0.0015,0.0092,-0.0077,0.0,0.0,0.0,0.0,u,Has joined Newport County on loan until January,2026-08-02T09:00:11.038361Z,0.0,0.0,0.0,0.0,0.0,0.0,0,0,0,0,0,0,0,0,0,0.0,0.0,0.0,0.0,0,0,0,0,,,,0,False,624,0.0,0,34,0.0,0,False,,0.0,0,0.0,0,0.0,0,5.0,0,0,0,0,0.0,0.0,0,4.005,3.418,4.592,0.005
2026-09-29,2026-09-29T23:38:04+00:00,2026,5,5,449429,306,Greaves,Jacob,Greaves,DEF,12,40,Ipswich Town,4.0,4.0,0.0,3,357,4,0,0,0,0,12,0.8,0.8,1.1,8196,38109,0.1091,0.5074,-0.3983,9.0,68.6,16.9,4.0,a,,,,,0.7,0.2,0.7,0.7,0,4,0,10,1,0,0,1,0,0.0,0.06,0.06,6.74,30,5,12,25,,,,0,False,170,0.0,460,3368,-89.4,0,False,,-89.4,-3,-89.4,-3,-89.4,-3,5.0,2713,23,0,0,0.7,5.7,0,3.85,3.261,4.44,-0.15
2026-09-29,2026-09-29T23:38:04+00:00,2026,5,5,449434,454,Elanga,Anthony,Elanga,MID,17,4,Newcastle,6.1,6.0,0.1,18,232,3,2,0,1,2,71,6.0,3.0,4.5,1286157,1084173,17.1259,14.4364,2.6895,19.4,82.6,50.6,61.0,i,Unspecified injury - Unknown return date,2026-09-14T20:00:09.505598Z,0.0,0.0,0.3,0.0,0.0,0.0,0,3,0,3,0,0,0,1,0,0.42,0.34,0.76,4.01,9,4,3,2,,,2.0,0,False,78,-0.1,320,164212,-38.8,-19,False,,-38.9,-2,-39.0,-2,-39.2,-2,5.0,1763,137,15,0,6.0,22.4,0,6.91,6.319,7.502,0.81
2026-09-29,2026-09-29T23:38:04+00:00,2026,5,5,449871,48,Onana,Amadou,Onana,MID,2,7,Aston Villa,4.9,5.0,-0.1,0,0,0,0,0,0,0,0,0.0,0.0,0.0,510,1664,0.0068,0.0222,-0.0154,0.0,0.0,0.0,0.0,i,Knee injury - Unknown return date,2026-07-23T12:01:23.352497Z,0.0,0.0,0.0,0.0,0.0,0.0,0,0,0,0,0,0,0,0,0,0.0,0.0,0.0,0.0,0,0,0,0,,,,0,False,588,0.0,39,94,-10.9,0,False,,-10.9,-1,-10.9,-1,-10.9,-1,5.0,0,0,0,0,0.0,0.0,0,4.753,4.165,5.341,-0.147
2026-09-29,2026-09-29T23:38:04+00:00,2026,5,5,450063,644,Timber,Quinten,Timber,MID,8,31,Crystal Palace,5.0,5.0,0.0,9,253,3,0,0,1,0,45,3.0,1.8,0.0,4267,1497,0.0568,0.0199,0.0369,10.0,37.8,29.1,34.0,a,,,,,3.0,0.6,3.0,3.0,3,3,0,5,0,0,0,0,0,0.24,0.06,0.3,5.56,27,11,10,6,,,,0,False,523,0.0,444,305,0.2,0,False,,0.2,1,0.2,1,0.2,1,5.0,1923,68,0,0,3.0,13.7,0,4.95,4.362,5.538,-0.05
2026-09-29,2026-09-29T23:38:04+00:00,2026,5,5,450542,219,J.Rak-Sakyi,Jesurun,Rak-Sakyi,MID,8,31,Crystal Palace,4.9,5.0,-0.1,0,0,0,0,0,0,0,0,0.0,0.0,0.0,145,465,0.0019,0.0062,-0.0043,0.0,0.0,0.0,0.0,u,has joined  Kasimpasa on loan for the rest of the seaon.,2026-09-10T09:12:47.224598Z,0.0,0.0,0.0,0.0,0.0,0.0,0,0,0,0,0,0,0,0,0,0.0,0.0,0.0,0.0,0,0,0,0,,,,0,False,646,0.0,0,23,0.0,0,False,,0.0,0,0.0,0,0.0,0,5.0,0,0,0,0,0.0,0.0,0,4.759,4.171,5.347,-0.141
2026-09-29,2026-09-29T23:38:04+00:00,2026,5,5,451284,175,van Ewijk,Milan,van Ewijk,DEF,7,9,Coventry City,4.0,4.0,0.0,6,360,4,0,0,0,0,7,1.5,1.5,8.7,123056,499144,1.6386,6.6464,-5.0078,12.8,61.6,52.7,14.0,d,Hamstring injury - 75% chance of playing,2026-09-19T16:00:09.486751Z,,75.0,1.0,0.2,1.0,0.8,0,4,0,10,0,0,0,1,0,0.0,0.3,0.3,7.53,27,6,13,21,,,,0,False,42,0.0,1151,74470,-47.8,-11,False,,-47.9,-3,-48.0,-3,-48.1,-3,5.0,2736,46,0,0,1.5,11.4,0,4.123,3.534,4.711,0.123
2026-09-29,2026-09-29T23:38:04+00:00,2026,5,5,451302,413,Bayindir,Altay,Bayındır,GK,16,1,Man Utd,4.5,4.5,0.0,0,0,0,0,0,0,0,0,0.0,0.0,0.0,0,1146,0.0,0.0153,-0.0153,0.0,0.0,0.0,0.0,u,Has joined Celta Vigo on loan for the rest of the season,2026-08-10T14:02:28.608415Z,0.0,0.0,0.0,0.0,0.0,0.0,0,0,0,0,0,0,0,0,0,0.0,0.0,0.0,0.0,0,0,0,0,,,,0,False,604,0.0,0,36,0.0,0,False,,0.0,0,0.0,0,0.0,0,5.0,0,0,0,0,0.0,0.0,0,4.363,3.775,4.951,-0.137
2026-09-29,2026-09-29T23:38:04+00:00,2026,5,5,451340,121,Mitoma,Mitoma,Kaoru,MID,5,36,Brighton,5.9,6.0,-0.1,0,0,0,0,0,0,0,0,0.0,0.0,0.0,542,3106,0.0072,0.0414,-0.0341,0.0,0.0,0.0,0.0,i,Hamstring injury - Expected back 10 Oct,2026-07-24T18:30:10.661894Z,0.0,0.0,0.0,0.0,0.0,0.0,0,0,0,0,0,0,0,0,0,0.0,0.0,0.0,0.0,0,0,0,0,,,,0,False,542,0.0,116,169,-25.3,0,False,,-25.3,-2,-25.3,-2,-25.3,-2,5.0,0,0,0,0,0.0,0.0,0,5.335,4.747,5.924,-0.565
2026-09-29,2026-09-29T23:38:04+00:00,2026,5,5,451490,119,Costinha,João Pedro,Loureiro da Costa,DEF,5,36,Brighton,4.5,4.5,0.0,4,68,5,0,0,0,0,18,0.8,0.9,0.0,1271,1455,0.0169,0.0194,-0.0025,5.4,16.4,20.0,18.0,a,,,,,1.0,0.2,1.0,1.0,1,0,0,0,0,0,0,1,0,0.12,0.3,0.42,1.02,7,1,1,6,,,,0,False,522,0.0,166,130,0.0,0,False,,0.0,0,0.0,0,0.0,0,5.0,517,30,0,0,0.8,6.8,0,4.335,3.747,4.923,-0.165
2026-09-29,2026-09-29T23:38:04+00:00,2026,5,5,454490,120,Svoboda,Michael,Svoboda,DEF,5,36,Brighton,5.0,5.0,0.0,1,4,1,0,0,0,0,5,1.0,0.2,0.1,4487,3979,0.0597,0.053,0.0068,0.2,2.4,0.0,0.0,a,,,,,0.3,0.1,0.3,0.3,1,0,0,0,0,0,0,0,0,0.0,0.0,0.0,0.14,1,1,1,0,,,,0,False,476,0.0,1311,457,0.5,0,False,,0.5,1,0.5,1,0.5,1,5.0,30,8,0,0,1.0,1.5,0,4.576,3.988,5.164,-0.424
2026-09-29,2026-09-29T23:38:04+00:00,2026,5,5,455084,305,Davis,Leif,Davis,DEF,12,40,Ipswich Town,4.0,4.0,0.0,25,450,5,2,2,0,1,52,5.0,6.2,6.9,369192,184429,4.916,2.4558,2.4602,32.5,144.8,61.9,117.0,a,,,,,5.7,1.4,5.7,5.7,2,5,0,11,0,0,0,0,0,1.59,0.46,2.05,8.98,24,2,10,22,,2.0,,1,False,56,0.0,48989,26813,71.6,4,False,,71.6,3,71.7,3,71.8,3,5.0,3420,190,15,15,5.0,38.7,1,6.223,5.628,6.817,2.223
2026-09-29,2026-09-29T23:38:04+00:00,2026,5,5,456512,483,Ndoye,Dan,Ndoye,MID,18,17,Nott'm Forest,5.5,5.5,0.0,15,316,5,1,0,1,2,44,3.0,2.7,0.7,72327,49124,0.9631,0.6541,0.309,19.0,39.0,63.6,90.0,a,,,,,1.0,0.2,1.0,1.0,1,5,0,3,0,0,0,1,0,1.25,0.93,2.18,3.84,20,2,15,3,,,,0,False,214,0.0,731,7961,13.2,0,False,,13.2,1,13.2,1,13.2,1,5.0,2402,114,8,0,3.0,20.7,0,5.818,5.23,6.405,0.318
2026-09-29,2026-09-29T23:38:04+00:00,2026,5,5,457569,57,Petrović,Đorđe,Petrović,GK,3,91,Bournemouth,4.5,4.5,0.0,9,450,5,0,0,0,0,45,1.8,2.0,3.0,111998,124089,1.4913,1.6523,-0.161,9.2,92.2,0.0,0.0,a,,,,,1.3,0.3,1.3,1.3,2,5,11,8,0,0,0,0,0,0.0,0.0,0.0,6.95,0,0,43,6,,,,0,False,105,0.0,6015,11418,0.2,-4,False,,0.2,1,0.1,1,0.1,1,5.0,3420,68,0,0,1.8,15.2,0,4.292,3.702,4.882,-0.208
2026-09-29,2026-09-29T23:38:04+00:00,2026,5,5,458249,440,Zirkzee,Joshua,Zirkzee,FWD,16,1,Man Utd,5.3,5.5,-0.2,2,20,2,0,0,0,0,8,1.0,0.4,0.4,15762,43619,0.2099,0.5808,-0.3709,2.2,7.6,14.9,0.0,a,,,,,0.7,0.1,0.7,0.7,1,0,0,0,0,0,0,0,0,0.0,0.01,0.01,0.02,4,0,2,2,,,,0,False,267,-0.1,1882,3066,-8.0,2,False,,-7.7,-1,-7.3,-1,-7.0,-1,5.0,152,15,0,0,1.0,2.9,0,5.163,4.575,5.752,-0.137
2026-09-29,2026-09-29T23:38:04+00:00,2026,5,5,460028,149,Colwill,Levi,Samuels Colwill,DEF,6,8,Chelsea,4.8,5.0,-0.2,3,341,4,0,0,0,0,17,0.8,0.6,0.9,26692,98324,0.3554,1.3092,-0.9538,9.2,61.6,16.6,13.0,a,,,,,0.7,0.1,0.7,0.7,1,4,0,9,0,0,0,1,0,0.01,0.05,0.06,6.67,26,3,15,23,,,,0,False,196,-0.1,1036,5299,-9.6,-2,False,,-9.7,-1,-9.9,-1,-10.1,-1,5.0,2592,23,0,0,0.7,4.8,0,4.423,3.833,5.014,-0.377
2026-09-29,2026-09-29T23:38:04+00:00,2026,5,5,460842,512,Kudus,Mohammed,Kudus,MID,19,6,Spurs,6.5,6.5,0.0,7,123,4,0,1,0,0,49,1.8,1.1,0.2,12978,11046,0.1728,0.1471,0.0257,11.2,37.2,48.7,26.0,a,,2026-07-23T12:01:23.848657Z,100.0,100.0,2.0,0.3,2.0,2.0,4,0,0,3,0,0,0,0,0,0.11,0.42,0.53,1.46,14,3,11,0,3.0,6.0,7.0,0,False,365,0.0,2184,1091,2.1,0,False,,2.1,1,2.1,1,2.1,1,5.0,935,53,0,8,1.8,8.2,0,6.142,5.553,6.73,-0.358
2026-09-29,2026-09-29T23:38:04+00:00,2026,5,5,461102,173,Thomas,Bobby,Thomas,DEF,7,9,Coventry City,4.0,4.0,0.0,24,437,5,0,0,2,3,78,4.8,6.0,8.5,362753,284073,4.8303,3.7826,1.0477,18.4,94.8,33.7,56.0,a,,,,,4.3,1.1,4.3,4.3,9,5,0,9,0,0,0,0,0,0.49,0.3,0.79,8.09,52,3,16,49,,,,0,False,45,0.0,25319,31049,17.0,2,False,,17.0,1,17.0,1,17.0,1,5.0,3321,182,0,0,4.8,38.7,1,4.705,4.113,5.297,0.705
2026-09-29,2026-09-29T23:38:04+00:00,2026,5,5,461199,547,Mundle,Romaine,Mundle,MID,20,56,Sunderland,4.9,5.0,-0.1,1,1,1,0,0,0,0,2,1.0,0.2,0.0,201,672,0.0027,0.0089,-0.0063,2.5,8.0,0.1,17.0,i,Knee injury - Unknown return date,2026-09-09T14:00:08.462705Z,0.0,0.0,0.0,0.0,0.0,0.0,0,0,0,0,0,0,0,0,0,0.17,0.0,0.17,0.09,1,0,0,1,,,,0,False,637,0.0,10,54,-77.7,0,False,,-77.7,-3,-77.7,-3,-77.7,-3,5.0,8,8,0,0,1.0,1.6,0,4.806,4.219,5.393,-0.094
2026-09-29,2026-09-29T23:38:04+00:00,2026,5,5,461587,323,McAteer,Kasey,McAteer,MID,12,40,Ipswich Town,4.4,4.5,-0.1,3,42,3,0,0,0,0,12,1.0,0.7,1.0,28179,62104,0.3752,0.8269,-0.4517,1.4,4.6,1.8,7.0,a,,,,,0.3,0.1,0.3,0.3,0,0,0,0,0,0,0,0,0,0.05,0.0,0.05,0.21,5,1,4,0,,,,0,False,173,-0.1,1435,6257,-0.8,0,False,,-0.8,-1,-0.8,-1,-0.8,-1,5.0,319,23,0,0,1.0,5.2,0,4.585,3.998,5.172,0.185
2026-09-29,2026-09-29T23:38:04+00:00,2026,5,5,462387,322,Al-Hamadi,Ali,Al-Hamadi,FWD,12,40,Ipswich Town,5.0,5.0,0.0,0,0,0,0,0,0,0,0,0.0,0.0,0.0,755,9906,0.0101,0.1319,-0.1219,0.0,0.0,0.0,0.0,u,Has joined Sheffield Wednesday on loan for the rest of the season,2026-08-27T14:54:10.215357Z,0.0,0.0,0.0,0.0,0.0,0.0,0,0,0,0,0,0,0,0,0,0.0,0.0,0.0,0.0,0,0,0,0,,,,0,False,497,0.0,0,361,0.0,0,False,,0.0,0,0.0,0,0.0,0,5.0,0,0,0,0,0.0,0.0,0,4.792,4.204,5.38,-0.208
2026-09-29,2026-09-29T23:38:04+00:00,2026,5,5,462424,6,Saliba,William,Saliba,DEF,1,3,Arsenal,5.9,6.0,-0.1,0,0,0,0,0,0,0,0,0.0,0.0,0.2,3465,18636,0.0461,0.2481,-0.202,0.0,0.0,0.0,0.0,i,Back injury - Unknown return date,2026-07-23T12:01:23.289376Z,0.0,0.0,0.0,0.0,0.0,0.0,0,0,0,0,0,0,0,0,0,0.0,0.0,0.0,0.0,0,0,0,0,,,,0,False,329,0.0,383,1083,-25.0,0,False,,-25.0,-2,-25.0,-2,-25.0,-2,5.0,0,0,0,0,0.0,0.0,0,5.172,4.583,5.761,-0.728
2026-09-29,2026-09-29T23:38:04+00:00,2026,5,5,462635,340,Gelhardt,Joe,Gelhardt,MID,11,88,Hull City,5.0,5.0,0.0,1,7,1,0,0,0,0,5,1.0,0.2,0.0,704,1015,0.0094,0.0135,-0.0041,1.5,1.6,1.3,12.0,a,,2026-08-17T21:30:07.799839Z,100.0,100.0,0.3,0.1,0.3,0.3,1,0,0,0,0,0,0,0,0,0.1,0.02,0.12,0.13,1,0,1,0,,,,0,False,601,0.0,94,108,0.0,0,False,,0.0,0,0.0,0,0.0,0,5.0,53,8,0,0,1.0,1.5,0,4.828,4.24,5.415,-0.172
2026-09-29,2026-09-29T23:38:04+00:00,2026,5,5,463034,167,Delap,Liam,Delap,FWD,18,17,Nott'm Forest,5.6,5.5,0.1,9,277,4,1,0,1,0,49,2.2,1.6,2.7,311786,81752,4.1516,1.0886,3.063,17.9,40.0,68.6,71.0,a,,,,,2.7,0.5,2.7,2.7,1,3,0,3,0,0,0,2,0,0.89,0.35,1.24,2.62,17,2,10,5,3.0,,,0,False,108,0.1,24610,28180,-23.3,-7,False,,-23.6,-2,-24.0,-2,-24.4,-2,5.0,2105,68,8,0,2.2,12.2,0,5.722,5.133,6.31,0.122
2026-09-29,2026-09-29T23:38:04+00:00,2026,5,5,463067,125,Georginio,Georginio,Rutter,FWD,5,36,Brighton,5.3,5.5,-0.2,6,104,2,0,1,1,0,24,3.0,1.1,0.5,34580,76379,0.4605,1.017,-0.5566,5.1,20.2,11.7,19.0,a,,2026-08-26T16:00:07.608056Z,100.0,100.0,0.3,0.1,0.3,0.3,1,1,0,0,0,0,0,0,0,0.17,0.45,0.62,1.03,9,2,6,1,,,,0,False,257,-0.1,2583,3751,-0.0,0,False,,-0.0,0,-0.0,0,-0.0,0,5.0,790,46,0,8,3.0,8.6,0,5.522,4.933,6.112,0.222
2026-09-29,2026-09-29T23:38:04+00:00,2026,5,5,463210,580,Charles,Shea,Charles,MID,10,54,Fulham,5.0,5.0,0.0,13,303,5,0,0,1,0,60,2.6,2.6,0.1,2305,4088,0.0307,0.0544,-0.0237,14.5,85.4,46.1,14.0,a,,,,,3.7,0.7,3.7,3.7,4,3,0,5,0,0,0,0,0,0.09,0.16,0.25,6.65,46,4,19,23,,,,0,False,449,0.0,575,412,-80.8,0,False,,-80.8,-3,-80.8,-3,-80.8,-3,5.0,2303,99,0,0,2.6,19.8,0,5.005,4.418,5.593,0.005
2026-09-29,2026-09-29T23:38:04+00:00,2026,5,5,463726,593,Dedić,Amar,Dedic,DEF,17,4,Newcastle,4.5,4.5,0.0,13,327,4,0,1,1,2,36,3.2,2.9,1.8,447870,306811,5.9636,4.0854,1.8783,12.6,70.0,40.7,15.0,i,Unspecified injury - Unknown return date,2026-09-17T14:30:09.823731Z,0.0,0.0,0.3,0.1,0.0,0.0,0,4,0,7,0,0,0,0,0,0.14,0.08,0.22,7.38,24,8,15,16,,3.0,,1,False,132,0.0,248,36761,-9.8,-3,False,,-9.8,-1,-9.9,-1,-10.0,-1,5.0,2485,99,0,8,3.2,22.0,0,4.911,4.323,5.5,0.411
2026-09-29,2026-09-29T23:38:04+00:00,2026,5,5,463936,158,Gittens,Jamie,Bynoe-Gittens,MID,6,8,Chelsea,5.8,6.0,-0.2,0,0,0,0,0,0,0,0,0.0,0.0,0.0,1131,2875,0.0151,0.0383,-0.0232,0.0,0.0,0.0,0.0,d,Ankle injury - 75% chance of playing,2026-09-26T05:30:09.245832Z,,75.0,0.0,0.0,0.0,0.0,0,0,0,0,0,0,0,0,0,0.0,0.0,0.0,0.0,0,0,0,0,,,,0,False,550,-0.1,152,245,-3.4,0,False,,-3.4,-1,-3.4,-1,-3.4,-1,5.0,0,0,0,0,0.0,0.0,0,5.401,4.812,5.989,-0.399
2026-09-29,2026-09-29T23:38:04+00:00,2026,5,5,463981,60,Hill,James,Hill,DEF,3,91,Bournemouth,5.5,5.5,0.0,12,450,5,0,0,0,0,43,2.4,2.2,0.8,30803,43631,0.4102,0.581,-0.1708,19.5,119.6,69.3,6.0,a,,,,,2.3,0.4,2.3,2.3,4,5,0,8,0,0,0,1,0,0.0,0.79,0.79,6.95,50,9,11,41,,,,0,False,206,0.0,3062,3037,-33.1,0,False,,-33.1,-2,-33.1,-2,-33.1,-2,5.0,3420,91,0,0,2.4,16.6,0,4.864,4.275,5.453,-0.636
2026-09-29,2026-09-29T23:38:04+00:00,2026,5,5,464353,355,Davies,Harvey,Davies,GK,14,14,Liverpool,4.0,4.0,0.0,0,0,0,0,0,0,0,0,0.0,0.0,0.2,4734,4238,0.063,0.0564,0.0066,0.0,0.0,0.0,0.0,a,,,,,0.0,0.0,0.0,0.0,0,0,0,0,0,0,0,0,0,0.0,0.0,0.0,0.0,0,0,0,0,,,,0,False,362,0.0,282,458,0.1,0,False,,0.1,1,0.1,1,0.1,1,5.0,0,0,0,0,0.0,0.0,0,4.104,3.516,4.692,0.104
2026-09-29,2026-09-29T23:38:04+00:00,2026,5,5,465247,412,Lammens,Senne,Lammens,GK,16,1,Man Utd,4.9,5.0,-0.1,11,450,5,0,0,0,0,58,2.2,2.2,9.9,98710,686010,1.3144,9.1346,-7.8202,13.3,132.8,0.0,0.0,a,,,,,2.7,0.6,2.7,2.7,4,5,16,8,0,0,0,0,0,0.0,0.0,0.0,6.8,0,0,38,5,,,,0,False,39,0.0,6502,47579,-16.5,-4,False,,-16.5,-1,-16.6,-1,-16.6,-1,5.0,3420,84,0,0,2.2,17.1,0,4.801,4.212,5.39,-0.099
2026-09-29,2026-09-29T23:38:04+00:00,2026,5,5,465351,389,Matheus N.,Matheus,Nunes,DEF,15,43,Man City,5.9,6.0,-0.1,11,213,3,0,0,1,1,38,3.7,1.9,1.0,14764,73981,0.1966,0.9851,-0.7885,7.0,60.0,6.3,4.0,a,,2026-08-27T11:30:08.171622Z,100.0,100.0,3.3,0.6,3.3,3.3,1,2,0,3,0,0,0,0,0,0.0,0.06,0.06,4.67,21,3,10,18,4.0,,,0,False,182,0.0,1609,2840,-33.0,0,False,,-33.0,-2,-33.0,-2,-33.0,-2,5.0,1619,84,0,0,3.7,14.2,0,5.543,4.955,6.132,-0.357
2026-09-29,2026-09-29T23:38:04+00:00,2026,5,5,465390,177,Kesler-Hayden,Kaine,Kesler-Hayden,DEF,7,9,Coventry City,3.9,4.0,-0.1,0,0,0,0,0,0,0,0,0.0,0.0,0.0,1605,3779,0.0214,0.0503,-0.0289,0.0,0.0,0.0,0.0,i,Hamstring injury - Unknown return date,2026-08-27T14:56:28.704361Z,0.0,0.0,0.0,0.0,0.0,0.0,0,0,0,0,0,0,0,0,0,0.0,0.0,0.0,0.0,0,0,0,0,,,,0,False,503,-0.1,1006,554,0.2,0,False,,0.2,1,0.2,1,0.2,1,5.0,0,0,0,0,0.0,0.0,0,3.984,3.397,4.572,0.084
2026-09-29,2026-09-29T23:38:04+00:00,2026,5,5,465525,291,Matazo,Eliot,Matazo,MID,11,88,Hull City,4.5,4.5,0.0,0,0,0,0,0,0,0,0,0.0,0.0,0.0,380,489,0.0051,0.0065,-0.0015,0.0,0.0,0.0,0.0,i,Knee injury - Unknown return date,2026-07-23T12:01:23.532635Z,0.0,0.0,0.0,0.0,0.0,0.0,0,0,0,0,0,0,0,0,0,0.0,0.0,0.0,0.0,0,0,0,0,,,,0,False,633,0.0,29,51,-13.7,0,False,,-13.7,-1,-13.7,-1,-13.7,-1,5.0,0,0,0,0,0.0,0.0,0,4.527,3.94,5.114,0.027
2026-09-29,2026-09-29T23:38:04+00:00,2026,5,5,465642,445,Thiaw,Malick,Thiaw,DEF,17,4,Newcastle,5.0,5.0,0.0,14,450,5,0,0,1,0,32,2.8,2.8,2.2,177607,122749,2.3649,1.6345,0.7305,12.7,106.2,16.3,4.0,a,,,,,1.7,0.3,1.7,1.7,4,5,0,9,1,0,0,0,0,0.0,0.08,0.08,9.14,45,0,10,45,,,,0,False,123,0.0,8306,9738,17.5,0,False,,17.5,1,17.5,1,17.5,1,5.0,3420,106,0,0,2.8,21.3,0,4.73,4.142,5.318,-0.27
2026-09-29,2026-09-29T23:38:04+00:00,2026,5,5,465680,493,Kalimuendo,Arnaud,Kalimuendo,FWD,18,17,Nott'm Forest,5.4,5.5,-0.1,1,1,1,0,0,0,0,3,1.0,0.2,0.1,3029,4105,0.0403,0.0547,-0.0143,0.0,0.0,0.0,0.0,a,,,,,0.0,0.0,0.0,0.0,0,0,0,0,0,0,0,0,0,0.0,0.0,0.0,0.0,0,0,0,0,,,,0,False,496,0.0,219,405,0.0,0,False,,0.0,0,0.0,0,0.0,0,5.0,8,8,0,0,1.0,1.4,0,5.071,4.484,5.659,-0.329
2026-09-29,2026-09-29T23:38:04+00:00,2026,5,5,465694,405,N.Gonzalez,Nico,González Iglesias,MID,17,4,Newcastle,5.5,5.5,0.0,5,164,3,0,0,1,0,23,1.7,0.9,0.2,18044,16985,0.2403,0.2262,0.0141,5.8,13.4,42.0,2.0,a,,2026-09-14T21:30:07.343728Z,0.0,100.0,1.0,0.2,0.0,1.0,0,3,0,2,0,0,0,1,0,0.0,0.21,0.21,2.34,12,0,9,3,,,,0,False,335,0.0,581,1816,0.8,0,False,,0.8,1,0.8,1,0.8,1,5.0,1246,38,0,0,1.7,6.9,0,5.138,4.551,5.726,-0.362
2026-09-29,2026-09-29T23:38:04+00:00,2026,5,5,465730,115,De Cuyper,Maxim,De Cuyper,DEF,5,36,Brighton,5.0,4.5,0.5,38,423,5,1,3,3,5,132,7.6,7.6,27.7,2712835,405534,36.1229,5.3999,30.723,33.8,108.4,171.8,57.0,a,,,,,7.0,1.4,7.0,7.0,6,5,0,5,0,0,0,2,0,1.55,0.67,2.22,8.58,16,8,18,8,,4.0,2.0,2,True,10,0.1,294496,20503,1.8,31,False,,1.9,1,2.1,1,2.3,1,5.0,3215,289,8,23,7.6,38.7,1,6.878,6.267,7.488,1.878
2026-09-29,2026-09-29T23:38:04+00:00,2026,5,5,465920,578,Mudryk,Mykhailo,Mudryk,MID,19,6,Spurs,5.3,5.5,-0.2,1,16,1,0,0,0,0,3,1.0,0.2,0.0,5440,7600,0.0724,0.1012,-0.0288,0.1,0.0,0.1,2.0,i,Ankle injury - Unknown return date,2026-09-11T18:00:09.154412Z,0.0,0.0,0.3,0.1,0.0,0.0,0,0,0,0,0,0,0,0,0,0.0,0.0,0.0,0.16,0,0,0,0,,,,0,False,513,-0.1,20,552,-11.4,0,False,,-11.4,-1,-11.4,-1,-11.4,-1,5.0,122,8,0,0,1.0,1.4,0,5.104,4.516,5.691,-0.196
2026-09-29,2026-09-29T23:38:04+00:00,2026,5,5,466052,399,Cherki,Rayan,Cherki,MID,15,43,Man City,7.8,7.5,0.3,34,302,5,3,2,1,5,150,6.8,4.4,28.4,2666460,953473,35.5054,12.696,22.8094,47.3,165.8,199.0,108.0,a,,,,,4.0,0.5,4.0,4.0,8,4,0,4,0,0,0,1,0,0.72,1.54,2.26,5.0,12,0,9,3,,1.0,1.0,1,True,9,0.0,119299,86528,-55.9,27,False,,-55.6,-3,-55.2,-3,-54.8,-3,5.0,2295,258,23,15,6.8,33.1,0,9.723,9.129,10.317,1.923
2026-09-29,2026-09-29T23:38:04+00:00,2026,5,5,466075,8,Calafiori,Riccardo,Calafiori,DEF,1,3,Arsenal,5.8,5.5,0.3,29,416,5,0,2,3,2,76,5.8,5.0,50.5,1654459,400764,22.03,5.3364,16.6936,19.1,71.6,52.7,66.0,a,,,,,5.0,0.9,5.0,5.0,1,5,0,4,0,0,0,0,0,0.67,0.62,1.29,3.76,18,6,13,12,,,,1,False,3,0.0,74451,62257,92.7,-11,False,,92.6,3,92.4,3,92.3,3,5.0,3162,220,0,15,5.8,38.0,0,7.022,6.421,7.623,1.222
2026-09-29,2026-09-29T23:38:04+00:00,2026,5,5,466525,335,Stach,Anton,Stach,MID,13,2,Leeds,6.0,6.0,0.0,27,447,5,1,0,3,3,86,5.4,4.5,2.5,201994,163801,2.6897,2.1811,0.5086,26.5,116.4,93.3,55.0,a,,,,,3.3,0.6,3.3,3.3,5,5,0,2,0,0,0,0,0,0.97,0.31,1.28,6.17,61,13,21,27,,1.0,1.0,1,False,116,0.0,4651,19068,15.8,-8,False,,15.7,1,15.6,1,15.5,1,5.0,3397,205,8,0,5.4,34.2,0,6.368,5.775,6.961,0.368
2026-09-29,2026-09-29T23:38:04+00:00,2026,5,5,467779,130,Wieffer,Mats,Wieffer,DEF,5,36,Brighton,4.9,5.0,-0.1,7,156,2,0,0,1,1,38,3.5,1.4,0.2,25945,43369,0.3455,0.5775,-0.232,8.3,37.0,35.5,10.0,i,Knee injury - Unknown return date,2026-09-04T09:30:08.612904Z,0.0,0.0,0.0,0.0,0.0,0.0,0,2,0,4,0,0,0,0,0,0.12,0.13,0.25,3.18,15,4,9,11,,,,0,False,349,0.0,30,1937,-29.9,-2,False,,-30.3,-2,-30.8,-2,-31.3,-2,5.0,1186,53,0,0,3.5,10.9,0,4.739,4.152,5.327,-0.161
2026-09-29,2026-09-29T23:38:04+00:00,2026,5,5,469142,112,Van Hecke,Jan Paul,van Hecke,DEF,19,6,Spurs,4.9,5.0,-0.1,24,450,5,1,0,2,2,85,4.8,4.9,6.6,154269,472697,2.0542,6.2942,-4.24,31.6,171.8,74.9,70.0,a,,,,,7.3,1.5,7.3,7.3,6,5,0,8,0,0,0,1,0,0.69,0.42,1.11,7.78,43,10,17,33,,,,0,False,60,0.0,18100,27302,-26.9,-4,False,,-27.0,-2,-27.1,-2,-27.2,-2,5.0,3420,182,8,0,4.8,37.2,0,5.717,5.127,6.307,0.817
2026-09-29,2026-09-29T23:38:04+00:00,2026,5,5,469247,49,Iling Jr,Samuel,Iling-Junior,MID,2,7,Aston Villa,5.0,5.0,0.0,0,0,0,0,0,0,0,0,0.0,0.0,0.0,0,235,0.0,0.0031,-0.0031,0.0,0.0,0.0,0.0,u,Has joined Bolton Wanderers on loan for the rest of the season,2026-08-17T13:52:28.532616Z,0.0,0.0,0.0,0.0,0.0,0.0,0,0,0,0,0,0,0,0,0,0.0,0.0,0.0,0.0,0,0,0,0,,,,0,False,661,0.0,0,10,0.0,0,False,,0.0,0,0.0,0,0.0,0,5.0,0,0,0,0,0.0,0.0,0,4.781,4.193,5.369,-0.219
2026-09-29,2026-09-29T23:38:04+00:00,2026,5,5,469266,589,Gourna-Douath,Lucas,Gourna-Douath,MID,11,88,Hull City,5.0,5.0,0.0,4,138,3,0,0,1,0,18,1.3,0.8,0.0,701,1341,0.0093,0.0179,-0.0085,6.5,29.4,33.5,2.0,a,,,,,1.0,0.2,1.0,1.0,1,1,0,0,0,0,0,1,0,0.03,0.03,0.06,2.26,17,5,7,5,,,,0,False,558,0.0,32,106,-78.3,0,False,,-78.3,-3,-78.3,-3,-78.3,-3,5.0,1049,30,0,0,1.3,6.1,0,4.825,4.238,5.412,-0.175
2026-09-29,2026-09-29T23:38:04+00:00,2026,5,5,469272,190,Tchaouna,Loum,Tchaouna,MID,7,9,Coventry City,5.4,5.5,-0.1,5,211,4,0,0,0,0,32,1.2,0.9,0.1,3140,8214,0.0418,0.1094,-0.0676,12.3,25.4,50.5,46.0,a,,,,,0.7,0.1,0.7,0.7,1,2,0,3,0,0,0,0,0,0.23,0.18,0.41,3.23,18,1,11,6,,,3.0,0,False,426,0.0,24,337,-80.0,0,False,,-80.0,-3,-80.0,-3,-80.0,-3,5.0,1604,38,0,0,1.2,7.0,0,5.026,4.439,5.613,-0.374
2026-09-29,2026-09-29T23:38:04+00:00,2026,5,5,470294,297,Gyabi,Darko,Gyabi,MID,11,88,Hull City,4.4,4.5,-0.1,0,0,0,0,0,0,0,0,0.0,0.0,0.0,445,1605,0.0059,0.0214,-0.0154,0.0,0.0,0.0,0.0,i,Thigh injury - Unknown return date,2026-08-04T18:30:11.027155Z,0.0,0.0,0.0,0.0,0.0,0.0,0,0,0,0,0,0,0,0,0,0.0,0.0,0.0,0.0,0,0,0,0,,,,0,False,581,-0.1,56,137,-0.5,0,False,,-0.5,-1,-0.5,-1,-0.5,-1,5.0,0,0,0,0,0.0,0.0,0,4.502,3.915,5.089,0.102
2026-09-29,2026-09-29T23:38:04+00:00,2026,5,5,470313,463,Woltemade,Nick,Woltemade,FWD,17,4,Newcastle,5.9,6.0,-0.1,4,19,1,0,1,0,0,18,4.0,0.7,0.5,14520,142018,0.1933,1.891,-1.6977,4.0,18.2,10.5,11.0,u,Has joined Juventus on loan for the rest of the season,2026-09-02T16:07:16.549304Z,0.0,0.0,0.0,0.0,0.0,0.0,0,0,0,0,0,0,0,0,0,0.02,0.01,0.03,0.38,0,0,0,0,,,,0,False,252,0.0,0,3583,0.0,0,False,,0.0,0,0.0,0,0.0,0,5.0,144,30,0,8,4.0,5.2,0,5.919,5.329,6.509,0.019
2026-09-29,2026-09-29T23:38:04+00:00,2026,5,5,470315,478,Netz,Luca,Netz,DEF,18,17,Nott'm Forest,4.4,4.5,-0.1,3,27,3,0,0,0,0,8,1.0,0.7,0.0,684,1586,0.0091,0.0211,-0.012,2.6,6.0,17.5,2.0,a,,,,,0.3,0.1,0.3,0.3,1,0,0,1,0,0,0,0,0,0.0,0.02,0.02,0.13,1,1,1,0,,,,0,False,540,0.0,54,115,-7.7,0,False,,-7.7,-1,-7.7,-1,-7.7,-1,5.0,205,23,0,0,1.0,5.2,0,4.325,3.738,4.913,-0.075
2026-09-29,2026-09-29T23:38:04+00:00,2026,5,5,470551,567,Horníček,Lukás,Hornícek,GK,17,4,Newcastle,5.0,5.0,0.0,14,450,5,0,0,1,0,72,2.8,2.8,1.5,151635,71358,2.0191,0.9502,1.0689,15.5,155.6,0.0,0.0,a,,,,,2.0,0.4,2.0,2.0,3,5,19,9,0,0,0,1,0,0.0,0.0,0.0,9.14,0,0,31,11,,,,0,False,149,0.0,6985,4805,23.4,0,False,,23.4,2,23.4,2,23.4,2,5.0,3420,106,0,0,2.8,21.3,0,4.701,4.113,5.29,-0.299
2026-09-29,2026-09-29T23:38:04+00:00,2026,5,5,471551,652,Azeez,Femi,Azeez,MID,5,36,Brighton,5.5,5.5,0.0,0,0,0,0,0,0,0,0,0.0,0.0,0.0,442,201,0.0059,0.0027,0.0032,0.0,0.0,0.0,0.0,i,Hamstring injury - Expected back 10 Oct,2026-09-04T11:30:08.661589Z,0.0,0.0,0.0,0.0,0.0,0.0,0,0,0,0,0,0,0,0,0,0.0,0.0,0.0,0.0,0,0,0,0,,,,0,False,650,0.0,19,44,-28.9,0,False,,-28.9,-2,-28.9,-2,-28.9,-2,5.0,0,0,0,0,0.0,0.0,0,5.083,4.495,5.671,-0.417
2026-09-29,2026-09-29T23:38:04+00:00,2026,5,5,472713,90,Hickey,Aaron,Hickey,DEF,4,94,Brentford,4.5,4.5,0.0,5,152,5,0,0,0,0,17,1.0,1.1,0.1,2092,2979,0.0279,0.0397,-0.0118,4.7,32.8,7.8,6.0,a,,,,,1.0,0.2,1.0,1.0,1,1,0,3,0,0,0,0,0,0.03,0.06,0.09,3.07,17,4,8,13,,,,0,False,459,0.0,178,246,-28.9,-2,False,,-32.2,-2,-35.6,-2,-38.9,-2,5.0,1155,38,0,0,1.0,8.4,0,4.27,3.682,4.859,-0.23
2026-09-29,2026-09-29T23:38:04+00:00,2026,5,5,472739,110,Rushworth,Carl,Rushworth,GK,7,9,Coventry City,4.5,4.5,0.0,16,450,5,0,1,1,2,56,3.2,3.6,0.8,23636,58989,0.3147,0.7855,-0.4707,10.1,90.6,10.0,0.0,a,,,,,4.3,1.0,4.3,4.3,11,5,9,10,0,0,0,0,0,0.0,0.02,0.02,8.63,0,0,50,4,,,,1,False,205,0.0,2489,5825,-57.5,0,False,,-57.5,-3,-57.5,-3,-57.5,-3,5.0,3420,122,0,8,3.2,27.0,0,4.855,4.266,5.445,0.355
2026-09-29,2026-09-29T23:38:04+00:00,2026,5,5,472769,387,O'Reilly,Nico,O'Reilly,DEF,15,43,Man City,6.3,6.5,-0.2,6,163,4,0,0,0,0,22,1.5,1.0,10.9,192510,1205576,2.5634,16.0529,-13.4895,9.0,17.8,39.5,33.0,a,,2026-09-05T18:00:06.379802Z,100.0,100.0,0.7,0.1,0.7,0.7,1,2,0,2,0,0,0,0,0,0.87,0.43,1.3,2.1,5,3,9,2,,,,0,False,37,-0.1,5166,69065,-3.6,-14,False,,-3.7,-1,-3.8,-1,-3.9,-1,5.0,1239,46,0,0,1.5,7.2,0,5.759,5.17,6.348,-0.541
2026-09-29,2026-09-29T23:38:04+00:00,2026,5,5,473284,572,Tzolakis,Konstantinos,Tzolakis,GK,11,88,Hull City,4.7,4.5,0.2,34,450,5,0,0,3,6,129,6.8,7.2,12.8,994482,216641,13.2421,2.8847,10.3574,15.0,150.0,0.0,0.0,a,,,,,4.7,1.0,4.7,4.7,6,5,17,4,0,1,0,1,0,0.0,0.0,0.0,7.4,0,1,69,2,,,,2,True,31,0.1,123154,20991,0.6,6,False,,0.6,1,0.7,1,0.7,1,5.0,3420,258,0,0,6.8,38.7,1,5.077,4.463,5.69,0.377
2026-09-29,2026-09-29T23:38:04+00:00,2026,5,5,474120,591,Enciso,Julio,Enciso,MID,12,40,Ipswich Town,5.5,5.5,0.0,15,413,5,0,2,0,0,83,3.0,2.7,0.8,93692,52257,1.2476,0.6958,0.5517,23.6,60.2,75.6,100.0,a,,2026-08-22T18:00:07.551930Z,100.0,100.0,1.7,0.3,1.7,1.7,2,5,0,11,0,0,0,1,0,1.26,0.89,2.15,8.47,31,2,24,5,,,,0,False,201,0.0,2129,5968,8.5,0,False,,8.5,1,8.5,1,8.5,1,5.0,3139,114,0,15,3.0,20.7,0,5.843,5.252,6.434,0.343
2026-09-29,2026-09-29T23:38:04+00:00,2026,5,5,475168,165,João Pedro,João Pedro,Junqueira de Jesus,FWD,6,8,Chelsea,7.7,7.5,0.2,33,360,4,3,3,0,7,141,8.2,4.3,65.2,1575426,1459541,20.9777,19.4346,1.5431,37.0,158.4,90.0,123.0,d,Knee injury - 75% chance of playing,2026-09-16T19:00:09.919929Z,75.0,75.0,4.3,0.6,3.2,3.2,0,4,0,9,1,0,0,1,0,2.17,0.19,2.36,6.17,9,1,5,3,,,,2,True,2,-0.1,60685,387045,-1.8,-46,False,,-1.8,-1,-1.8,-1,-1.9,-1,5.0,2736,251,23,23,8.2,32.6,0,10.508,9.899,11.118,2.808
2026-09-29,2026-09-29T23:38:04+00:00,2026,5,5,476887,485,Bakwa,Dilane,Bakwa,MID,18,17,Nott'm Forest,5.5,5.5,0.0,0,0,0,0,0,0,0,0,0.0,0.0,0.0,107,1175,0.0014,0.0156,-0.0142,0.0,0.0,0.0,0.0,u,Has joined Lille on loan for the rest of the season,2026-08-27T14:53:03.381941Z,0.0,0.0,0.0,0.0,0.0,0.0,0,0,0,0,0,0,0,0,0,0.0,0.0,0.0,0.0,0,0,0,0,,,,0,False,638,0.0,0,33,0.0,0,False,,0.0,0,0.0,0,0.0,0,5.0,0,0,0,0,0.0,0.0,0,5.083,4.495,5.671,-0.417
2026-09-29,2026-09-29T23:38:04+00:00,2026,5,5,477064,395,Lewis,Rico,Lewis,DEF,15,43,Man City,4.4,4.5,-0.1,1,56,1,0,0,0,0,-1,1.0,0.2,0.2,8250,16249,0.1099,0.2164,-0.1065,4.7,3.8,3.8,39.0,a,,,,,0.0,0.0,0.0,0.0,0,1,0,1,0,0,0,0,0,0.17,0.02,0.19,0.55,2,0,0,2,,,,0,False,332,0.0,294,1183,-64.4,0,False,,-64.4,-3,-64.4,-3,-64.4,-3,5.0,426,8,0,0,1.0,1.7,0,4.469,3.881,5.057,0.069
2026-09-29,2026-09-29T23:38:04+00:00,2026,5,5,477424,391,Gvardiol,Joško,Gvardiol,DEF,15,43,Man City,5.7,5.5,0.2,37,434,5,1,3,2,6,135,7.4,6.5,26.8,1825839,412384,24.312,5.4911,18.8209,24.0,144.4,63.5,32.0,a,,,,,7.7,1.4,7.7,7.7,4,5,0,5,0,0,0,1,0,0.22,0.74,0.96,7.25,31,11,21,20,,,,0,True,11,0.0,143807,52168,78.0,7,False,,78.1,3,78.2,3,78.3,3,5.0,3298,281,8,23,7.4,38.7,1,7.568,6.964,8.171,1.868
2026-09-29,2026-09-29T23:38:04+00:00,2026,5,5,477547,538,Hjelde,Leo Fuhr,Hjelde,DEF,20,56,Sunderland,4.0,4.0,0.0,0,0,0,0,0,0,0,0,0.0,0.0,0.0,0,2523,0.0,0.0336,-0.0336,0.0,0.0,0.0,0.0,u,Has joined KV Mechelen on loan for the rest of the season,2026-08-12T14:08:03.081789Z,0.0,0.0,0.0,0.0,0.0,0.0,0,0,0,0,0,0,0,0,0,0.0,0.0,0.0,0.0,0,0,0,0,,,,0,False,525,0.0,0,152,0.0,0,False,,0.0,0,0.0,0,0.0,0,5.0,0,0,0,0,0.0,0.0,0,4.005,3.418,4.592,0.005
2026-09-29,2026-09-29T23:38:04+00:00,2026,5,5,477555,264,Bobb,Oscar,Bobb,MID,10,54,Fulham,5.5,5.5,0.0,13,343,5,0,0,3,0,53,2.6,2.4,0.3,16204,20848,0.2158,0.2776,-0.0618,23.8,42.0,118.7,77.0,a,,,,,2.7,0.5,2.7,2.7,3,5,0,6,0,0,0,0,0,0.54,1.14,1.68,6.19,28,8,15,5,,,2.0,0,False,292,0.0,2201,1742,-48.7,0,False,,-48.7,-3,-48.7,-3,-48.7,-3,5.0,2607,99,0,0,2.6,18.0,0,5.218,4.63,5.806,-0.282
2026-09-29,2026-09-29T23:38:04+00:00,2026,5,5,480455,230,Branthwaite,Jarrad,Branthwaite,DEF,9,11,Everton,5.5,5.5,0.0,27,450,5,0,0,3,0,97,5.4,4.9,2.4,139153,71382,1.8529,0.9505,0.9024,22.5,145.4,7.2,73.0,a,,,,,5.7,1.0,5.7,5.7,8,5,0,3,0,0,0,0,0,0.17,0.02,0.19,6.94,54,5,14,49,,,,0,False,119,0.0,18981,6917,35.0,4,False,,35.1,2,35.2,2,35.2,2,5.0,3420,205,0,0,5.4,37.3,0,5.434,4.838,6.03,-0.066
2026-09-29,2026-09-29T23:38:04+00:00,2026,5,5,480457,183,Rudoni,Jack,Rudoni,MID,7,9,Coventry City,4.9,5.0,-0.1,13,297,5,0,0,2,0,51,2.6,2.7,0.1,4345,8041,0.0579,0.1071,-0.0492,27.2,51.2,140.8,80.0,a,,2026-07-23T12:01:23.481435Z,100.0,100.0,3.0,0.6,3.0,3.0,5,4,0,4,0,0,0,0,0,0.92,1.11,2.03,4.49,34,4,21,9,,1.0,5.0,0,False,412,0.0,875,652,0.1,0,False,,0.1,1,0.1,1,0.1,1,5.0,2257,99,0,0,2.6,20.2,0,4.991,4.403,5.579,0.091
2026-09-29,2026-09-29T23:38:04+00:00,2026,5,5,481283,667,Wright,James,Wright,GK,2,7,Aston Villa,4.0,4.0,0.0,0,0,0,0,0,0,0,0,0.0,0.0,0.1,6979,802,0.0929,0.0107,0.0823,0.0,0.0,0.0,0.0,a,,,,,0.0,0.0,1.0,1.0,0,0,0,0,0,0,0,0,0,0.0,0.0,0.0,0.0,0,0,0,0,,,,0,False,401,0.0,6979,802,0.0,0,False,2026-10-02T19:12:30.130761Z,0.0,0,0.0,0,0.0,0,5.0,0,0,0,0,0.0,0.0,0,3.97,3.381,4.558,-0.03
2026-09-29,2026-09-29T23:38:04+00:00,2026,5,5,481624,318,Philogene,Jaden,Philogene,MID,12,40,Ipswich Town,5.4,5.5,-0.1,2,52,2,0,0,0,0,11,1.0,0.4,0.1,301,9278,0.004,0.1235,-0.1195,2.2,4.8,4.6,13.0,a,,2026-08-25T11:30:07.532993Z,100.0,100.0,0.7,0.1,0.7,0.7,1,0,0,1,0,0,0,0,0,0.08,0.01,0.08,0.97,4,0,4,0,3.0,,5.0,0,False,455,0.0,33,154,-7.7,0,False,,-7.7,-1,-7.7,-1,-7.7,-1,5.0,395,15,0,0,1.0,2.8,0,5.066,4.479,5.653,-0.334
2026-09-29,2026-09-29T23:38:04+00:00,2026,5,5,481655,19,Zubimendi,Martín,Zubimendi Ibáñez,MID,1,3,Arsenal,5.3,5.5,-0.2,5,89,5,0,0,0,0,16,1.0,0.9,0.6,8511,66606,0.1133,0.8869,-0.7736,4.8,13.4,5.0,29.0,a,,,,,1.0,0.2,1.0,1.0,1,0,0,0,0,0,0,0,0,0.21,0.04,0.25,1.38,12,4,3,5,,,,0,False,236,0.0,496,3663,-47.0,0,False,,-47.0,-3,-47.0,-3,-47.0,-3,5.0,676,38,0,0,1.0,7.2,0,5.174,4.586,5.762,-0.126
2026-09-29,2026-09-29T23:38:04+00:00,2026,5,5,482442,518,P.M.Sarr,Pape Matar,Sarr,MID,19,6,Spurs,4.9,5.0,-0.1,0,0,0,0,0,0,0,0,0.0,0.0,0.1,4138,23722,0.0551,0.3159,-0.2608,0.0,0.0,0.0,0.0,u,Has joined Juventus on loan for the rest of the season,2026-09-02T16:02:43.386849Z,0.0,0.0,0.0,0.0,0.0,0.0,0,0,0,0,0,0,0,0,0,0.0,0.0,0.0,0.0,0,0,0,0,,,,0,False,453,0.0,0,655,0.0,0,False,,0.0,0,0.0,0,0.0,0,5.0,0,0,0,0,0.0,0.0,0,4.842,4.255,5.43,-0.058
2026-09-29,2026-09-29T23:38:04+00:00,2026,5,5,482609,144,Gusto,Malo,Gusto,DEF,6,8,Chelsea,4.9,5.0,-0.1,4,272,4,0,0,0,0,12,1.0,0.8,1.0,36875,67262,0.491,0.8956,-0.4046,8.2,32.0,37.2,13.0,a,,,,,0.7,0.1,0.7,0.7,0,3,0,7,0,0,0,0,0,0.08,0.12,0.2,3.5,15,4,13,11,,,6.0,0,False,184,-0.1,1548,6782,-3.1,0,False,,-3.1,-1,-3.1,-1,-3.1,-1,5.0,2067,30,0,0,1.0,6.2,0,4.545,3.956,5.133,-0.355
2026-09-29,2026-09-29T23:38:04+00:00,2026,5,5,482616,627,Barcola,Bradley,Barcola,MID,14,14,Liverpool,8.0,8.0,0.0,7,168,3,0,0,2,0,22,2.3,0.9,1.9,287643,129705,3.8301,1.7271,2.103,7.0,10.8,27.4,31.0,a,,,,,2.3,0.3,2.3,2.3,3,2,0,0,0,0,0,0,0,0.26,0.13,0.39,1.43,8,3,5,0,,,,0,False,130,0.0,10181,18459,-66.8,3,False,,-66.5,-3,-66.3,-3,-66.1,-3,5.0,1277,53,0,0,2.3,6.6,0,6.783,6.194,7.372,-1.217
2026-09-29,2026-09-29T23:38:04+00:00,2026,5,5,482973,491,Igor Jesus,Igor Jesus,Maciel da Cruz,FWD,18,17,Nott'm Forest,5.8,6.0,-0.2,12,257,5,1,0,0,2,53,2.4,2.1,2.6,126012,269993,1.6779,3.5951,-1.9172,19.6,54.8,40.7,100.0,a,,,,,3.0,0.5,3.0,3.0,1,2,0,3,0,0,0,1,0,1.25,0.08,1.33,2.61,15,2,8,5,4.0,,,0,False,110,0.0,7012,22648,0.1,0,False,,0.1,1,0.1,1,0.1,1,5.0,1953,91,8,0,2.4,15.7,0,5.98,5.393,6.568,0.18
2026-09-29,2026-09-29T23:38:04+00:00,2026,5,5,483067,566,Silva,António João,Pereira de Albuquerque Tavares da Silva,DEF,3,91,Bournemouth,5.0,5.0,0.0,13,450,5,0,0,0,0,30,2.6,2.6,0.4,31239,24866,0.416,0.3311,0.0849,17.7,124.6,10.1,43.0,a,,,,,2.3,0.5,2.3,2.3,3,5,0,8,0,0,0,2,0,0.85,0.29,1.14,6.95,56,5,14,51,,,,0,False,264,0.0,5777,3425,1.3,0,False,,1.3,1,1.3,1,1.3,1,5.0,3420,99,0,0,2.6,19.8,0,4.652,4.063,5.24,-0.348
2026-09-29,2026-09-29T23:38:04+00:00,2026,5,5,484389,171,Dovin,Oliver,Dovin,GK,7,9,Coventry City,4.0,4.0,0.0,0,0,0,0,0,0,0,0,0.0,0.0,1.0,8924,57811,0.1188,0.7698,-0.651,0.0,0.0,0.0,0.0,u,Has joined Leyton Orient on loan for the rest of the season,2026-09-02T15:44:14.839336Z,0.0,0.0,0.0,0.0,0.0,0.0,0,0,0,0,0,0,0,0,0,0.0,0.0,0.0,0.0,0,0,0,0,,,,0,False,177,0.0,0,4643,0.0,-2,False,,0.0,0,0.0,0,0.0,0,5.0,0,0,0,0,0.0,0.0,0,4.005,3.417,4.592,0.005
2026-09-29,2026-09-29T23:38:04+00:00,2026,5,5,484420,542,E.Le Fée,Enzo,Le Fée,MID,20,56,Sunderland,5.7,6.0,-0.3,18,438,5,1,1,1,1,90,3.6,3.2,3.4,44659,650001,0.5947,8.6551,-8.0605,31.0,88.6,137.3,82.0,a,,,,,4.3,0.8,4.3,4.3,5,5,0,9,0,0,1,0,0,2.06,1.34,3.4,8.46,21,7,11,3,2.0,3.0,1.0,0,False,99,-0.1,11087,23426,-4.2,3,False,,-4.1,-1,-4.1,-1,-4.0,-1,5.0,3329,137,8,8,3.6,24.0,0,6.356,5.768,6.943,0.656
2026-09-29,2026-09-29T23:38:04+00:00,2026,5,5,485047,470,Morato,Felipe,Rodrigues da Silva,DEF,18,17,Nott'm Forest,5.0,5.0,0.0,0,0,0,0,0,0,0,0,0.0,0.0,0.0,424,3694,0.0056,0.0492,-0.0435,0.0,0.0,0.0,0.0,u,Has joined West Ham on loan for the rest of the season,2026-09-02T16:19:54.503286Z,0.0,0.0,0.0,0.0,0.0,0.0,0,0,0,0,0,0,0,0,0,0.0,0.0,0.0,0.0,0,0,0,0,,,,0,False,575,0.0,0,114,0.0,0,False,,0.0,0,0.0,0,0.0,0,5.0,0,0,0,0,0.0,0.0,0,4.547,3.959,5.134,-0.453
2026-09-29,2026-09-29T23:38:04+00:00,2026,5,5,485055,496,Kinsky,Antonín,Kinský,GK,19,6,Spurs,4.5,4.5,0.0,18,450,5,0,0,2,0,77,3.6,4.0,17.3,346368,791010,4.6121,10.5327,-5.9207,11.5,104.8,10.0,0.0,a,,,,,5.0,1.1,5.0,5.0,2,5,12,8,0,0,0,0,0,0.0,0.0,0.0,7.78,0,0,34,10,,,,0,False,22,0.0,17214,108783,-49.8,2,False,,-49.8,-3,-49.8,-3,-49.7,-3,5.0,3420,137,0,0,3.6,30.4,0,4.958,4.368,5.548,0.458
2026-09-29,2026-09-29T23:38:04+00:00,2026,5,5,485337,42,Guessand,Evann,Guessand,MID,8,31,Crystal Palace,5.4,5.5,-0.1,2,54,2,0,0,0,0,6,1.0,0.4,0.0,2398,3631,0.0319,0.0483,-0.0164,1.5,5.4,2.1,7.0,a,,,,,0.0,0.0,0.0,0.0,0,0,0,1,0,0,0,0,0,0.03,0.03,0.06,0.34,2,1,0,1,,,,0,False,517,0.0,105,260,-26.7,0,False,,-26.7,-2,-26.7,-2,-26.7,-2,5.0,410,15,0,0,1.0,2.8,0,5.049,4.461,5.637,-0.351
2026-09-29,2026-09-29T23:38:04+00:00,2026,5,5,485711,439,Šeško,Benjamin,Sesko,FWD,16,1,Man Utd,7.0,7.0,0.0,8,76,4,1,0,0,0,39,2.0,1.1,1.6,104007,133132,1.3849,1.7727,-0.3878,8.2,34.6,11.9,36.0,d,Shin injury - 75% chance of playing,2026-09-20T19:30:08.505755Z,100.0,75.0,2.0,0.3,2.0,1.5,0,0,0,3,0,0,0,0,0,0.39,0.01,0.4,2.0,5,0,5,0,,,,0,False,142,0.0,6568,23459,-39.6,-4,False,,-39.8,-2,-40.0,-3,-40.2,-3,5.0,578,61,8,0,2.0,8.7,0,6.731,6.142,7.32,-0.269
2026-09-29,2026-09-29T23:38:04+00:00,2026,5,5,486385,248,Beto,Norberto Bercique,Gomes Betuncal,FWD,9,11,Everton,5.4,5.5,-0.1,2,31,2,0,0,0,0,5,1.0,0.4,0.6,16222,219422,0.216,2.9217,-2.7057,0.8,3.0,0.3,5.0,u,Has joined Fiorentina permanently,2026-09-02T16:05:23.357221Z,0.0,0.0,0.0,0.0,0.0,0.0,0,0,0,0,0,0,0,0,0,0.09,0.0,0.09,1.92,1,0,0,1,,,,0,False,232,0.0,0,7100,0.0,-3,False,,0.0,0,0.0,0,0.0,0,5.0,236,15,0,0,1.0,2.8,0,5.128,4.54,5.716,-0.272
2026-09-29,2026-09-29T23:38:04+00:00,2026,5,5,486520,344,Gruev,Ilia,Gruev,MID,13,2,Leeds,5.0,5.0,0.0,0,0,0,0,0,0,0,0,0.0,0.0,0.0,125,313,0.0017,0.0042,-0.0025,0.0,0.0,0.0,0.0,a,,2026-08-14T23:00:06.272027Z,100.0,100.0,0.0,0.0,0.0,0.0,0,0,0,0,0,0,0,0,0,0.0,0.0,0.0,0.0,0,0,0,0,,,,0,False,645,0.0,46,18,0.0,0,False,,0.0,0,0.0,0,0.0,0,5.0,0,0,0,0,0.0,0.0,0,4.801,4.214,5.389,-0.199
2026-09-29,2026-09-29T23:38:04+00:00,2026,5,5,486672,159,Caicedo,Moisés,Caicedo Corozo,MID,6,8,Chelsea,5.3,5.5,-0.2,1,13,1,0,0,0,0,3,1.0,0.2,1.0,15042,281117,0.2003,3.7432,-3.5429,0.0,0.0,0.1,0.0,d,Calf injury - 50% chance of playing,2026-08-30T16:00:08.393562Z,50.0,50.0,0.0,0.0,0.0,0.0,0,0,0,0,0,0,0,0,0,0.0,0.0,0.0,0.07,0,0,0,0,,,,0,False,172,0.0,404,8725,-1.8,0,False,,-1.8,-1,-1.8,-1,-1.8,-1,5.0,99,8,0,0,1.0,1.4,0,5.155,4.568,5.743,-0.145
2026-09-29,2026-09-29T23:38:04+00:00,2026,5,5,487053,506,Udogie,Destiny,Udogie,DEF,19,6,Spurs,4.4,4.5,-0.1,7,86,3,0,0,1,0,21,2.3,1.6,0.3,5570,22418,0.0742,0.2985,-0.2243,2.7,9.8,13.5,4.0,a,,2026-09-11T18:00:09.092110Z,100.0,100.0,1.7,0.4,1.7,1.7,0,1,0,1,0,0,0,1,0,0.0,0.23,0.23,1.17,4,1,4,3,,,,0,False,281,0.0,331,1588,-20.3,0,False,,-20.3,-2,-20.3,-2,-20.3,-2,5.0,654,53,0,0,2.3,12.1,0,4.55,3.962,5.138,0.15
2026-09-29,2026-09-29T23:38:04+00:00,2026,5,5,487117,139,Ferguson,Evan,Ferguson,FWD,5,36,Brighton,5.0,5.0,0.0,0,0,0,0,0,0,0,0,0.0,0.0,0.0,1580,2519,0.021,0.0335,-0.0125,0.0,0.0,0.0,0.0,i,Ankle injury - Expected back 10 Oct,2026-07-23T12:01:23.448357Z,0.0,0.0,0.0,0.0,0.0,0.0,0,0,0,0,0,0,0,0,0,0.0,0.0,0.0,0.0,0,0,0,0,,,,0,False,545,0.0,129,250,-57.8,0,False,,-57.8,-3,-57.8,-3,-57.8,-3,5.0,0,0,0,0,0.0,0.0,0,4.791,4.203,5.38,-0.209
2026-09-29,2026-09-29T23:38:04+00:00,2026,5,5,487676,534,Hume,Trai,Hume,DEF,20,56,Sunderland,4.3,4.5,-0.2,10,206,4,0,0,1,0,44,2.5,2.3,2.8,37830,396774,0.5037,5.2833,-4.7795,11.5,32.2,59.0,23.0,a,,,,,0.7,0.2,0.7,0.7,1,2,0,2,0,0,0,0,0,0.14,0.29,0.43,4.57,13,10,12,3,,,3.0,0,False,107,-0.1,1204,29099,-7.5,0,False,,-7.5,-1,-7.5,-1,-7.5,-1,5.0,1566,76,0,0,2.5,17.7,0,4.522,3.935,5.109,0.222
2026-09-29,2026-09-29T23:38:04+00:00,2026,5,5,487838,449,Hall,Lewis,Hall,DEF,17,4,Newcastle,5.3,5.0,0.3,31,449,5,1,1,1,6,127,6.2,5.8,17.3,1654545,347372,22.0312,4.6254,17.4057,30.2,175.6,89.0,38.0,a,,,,,5.7,1.1,5.7,5.7,13,5,0,9,0,0,0,0,0,0.25,0.79,1.04,9.12,46,13,38,33,,1.0,1.0,2,False,23,0.1,241043,19539,6.5,31,False,,6.7,1,6.8,1,7.0,1,5.0,3412,236,8,8,6.2,38.7,1,6.324,5.732,6.916,1.024
2026-09-29,2026-09-29T23:38:04+00:00,2026,5,5,487992,596,Ruggeri,Matteo,Ruggeri,DEF,2,7,Aston Villa,4.5,4.5,0.0,5,113,3,0,0,0,0,17,1.7,1.1,0.1,3146,5583,0.0419,0.0743,-0.0324,4.1,26.0,14.1,1.0,a,,,,,1.0,0.2,1.0,1.0,3,1,0,2,0,0,0,0,0,0.03,0.02,0.05,2.05,16,2,11,14,,,,0,False,433,0.0,503,319,-73.7,0,False,,-73.7,-3,-73.7,-3,-73.7,-3,5.0,859,38,0,0,1.7,8.4,0,4.362,3.775,4.95,-0.138
2026-09-29,2026-09-29T23:38:04+00:00,2026,5,5,488024,211,Yeremy,Yéremy,Pino Santos,MID,8,31,Crystal Palace,5.5,5.5,0.0,14,307,5,0,2,1,0,70,2.8,2.5,0.3,45224,30948,0.6022,0.4121,0.1901,15.8,30.2,94.1,33.0,a,,,,,2.7,0.5,2.7,2.7,2,4,0,6,0,0,0,1,0,0.52,0.55,1.07,6.93,26,5,16,5,,1.0,1.0,0,False,278,0.0,680,2551,4.7,-2,False,,4.6,1,4.6,1,4.6,1,5.0,2333,106,0,15,2.8,19.3,0,5.866,5.275,6.457,0.366
2026-09-29,2026-09-29T23:38:04+00:00,2026,5,5,489580,365,Ramsay,Calvin,Ramsay,DEF,14,14,Liverpool,4.0,4.0,0.0,0,0,0,0,0,0,0,0,0.0,0.0,0.1,638,12689,0.0085,0.169,-0.1605,0.0,0.0,0.0,0.0,u,Has joined St Mirren on loan for the rest of the season,2026-08-26T14:05:26.748768Z,0.0,0.0,0.0,0.0,0.0,0.0,0,0,0,0,0,0,0,0,0,0.0,0.0,0.0,0.0,0,0,0,0,,,,0,False,434,0.0,0,460,0.0,0,False,,0.0,0,0.0,0,0.0,0,5.0,0,0,0,0,0.0,0.0,0,4.12,3.532,4.707,0.12
2026-09-29,2026-09-29T23:38:04+00:00,2026,5,5,489639,109,Verbruggen,Bart,Verbruggen,GK,5,36,Brighton,4.5,4.5,0.0,23,450,5,0,0,3,0,107,4.6,5.1,21.6,764009,606274,10.1732,8.0729,2.1003,11.7,113.8,3.0,0.0,a,,,,,5.7,1.3,5.7,5.7,6,5,12,5,0,0,0,0,0,0.0,0.2,0.2,8.67,0,0,34,3,,,,0,False,16,0.0,70534,70420,63.2,5,False,,63.3,3,63.3,3,63.4,3,5.0,3420,175,0,0,4.6,38.7,1,5.161,4.569,5.754,0.661
2026-09-29,2026-09-29T23:38:04+00:00,2026,5,5,489706,215,Devenny,Justin,Devenny,MID,8,31,Crystal Palace,5.0,5.0,0.0,0,0,0,0,0,0,0,0,0.0,0.0,0.0,132,947,0.0018,0.0126,-0.0109,0.0,0.0,0.0,0.0,u,Has joined Stoke City permanently,2026-09-02T15:41:07.346849Z,0.0,0.0,0.0,0.0,0.0,0.0,0,0,0,0,0,0,0,0,0,0.0,0.0,0.0,0.0,0,0,0,0,3.0,2.0,,0,False,639,0.0,0,33,0.0,0,False,,0.0,0,0.0,0,0.0,0,5.0,0,0,0,0,0.0,0.0,0,4.788,4.2,5.375,-0.212
2026-09-29,2026-09-29T23:38:04+00:00,2026,5,5,489888,77,Adli,Amine,Adli,MID,3,91,Bournemouth,4.9,5.0,-0.1,0,0,0,0,0,0,0,0,0.0,0.0,0.0,291,2216,0.0039,0.0295,-0.0256,0.0,0.0,0.0,0.0,i,Calf injury - Unknown return date,2026-08-15T16:00:07.590566Z,0.0,0.0,0.0,0.0,0.0,0.0,0,0,0,0,0,0,0,0,0,0.0,0.0,0.0,0.0,0,0,0,0,,,,0,False,598,0.0,22,75,-82.9,0,False,,-82.9,-3,-82.9,-3,-82.9,-3,5.0,0,0,0,0,0.0,0.0,0,4.778,4.189,5.366,-0.122
2026-09-29,2026-09-29T23:38:04+00:00,2026,5,5,490094,240,Iroegbunam,Tim,Iroegbunam,MID,11,88,Hull City,5.0,5.0,0.0,2,70,3,0,0,0,0,10,0.7,0.4,0.0,1113,1149,0.0148,0.0153,-0.0005,3.1,9.2,11.5,10.0,a,,2026-08-15T20:00:06.878792Z,100.0,100.0,0.3,0.1,0.3,0.3,1,0,0,0,0,0,0,1,0,0.12,0.01,0.13,0.6,9,3,5,1,,,,0,False,584,0.0,75,135,0.1,0,False,,0.1,1,0.1,1,0.1,1,5.0,532,15,0,0,0.7,3.0,0,4.789,4.202,5.376,-0.211
2026-09-29,2026-09-29T23:38:04+00:00,2026,5,5,490145,528,Scarlett,Dane,Scarlett,FWD,19,6,Spurs,4.5,4.5,0.0,0,0,0,0,0,0,0,0,0.0,0.0,1.1,42525,109468,0.5662,1.4576,-0.8914,0.0,0.0,0.0,0.0,u,Has joined Leyton Orient permanently,2026-09-02T16:02:43.413625Z,0.0,0.0,0.0,0.0,0.0,0.0,0,0,0,0,0,0,0,0,0,0.0,0.0,0.0,0.0,0,0,0,0,,,,0,False,169,0.0,0,7901,0.0,-4,False,,0.0,0,0.0,0,0.0,0,5.0,0,0,0,0,0.0,0.0,0,4.603,4.015,5.192,0.103
2026-09-29,2026-09-29T23:38:04+00:00,2026,5,5,490161,293,Kamara,Abu,Kamara,MID,11,88,Hull City,5.0,5.0,0.0,0,0,0,0,0,0,0,0,0.0,0.0,0.0,0,374,0.0,0.005,-0.005,0.0,0.0,0.0,0.0,u,Has joined Portsmouth permanently,2026-08-12T14:08:23.542043Z,0.0,0.0,0.0,0.0,0.0,0.0,0,0,0,0,0,0,0,0,0,0.0,0.0,0.0,0.0,0,0,0,0,,,,0,False,659,0.0,0,12,0.0,0,False,,0.0,0,0.0,0,0.0,0,5.0,0,0,0,0,0.0,0.0,0,4.801,4.214,5.389,-0.199
2026-09-29,2026-09-29T23:38:04+00:00,2026,5,5,490881,436,Collyer,Toby,Collyer,MID,16,1,Man Utd,5.0,5.0,0.0,0,0,0,0,0,0,0,0,0.0,0.0,0.0,150,1051,0.002,0.014,-0.012,0.0,0.0,0.0,0.0,u,Has joined West Brom permanently,2026-09-01T13:16:48.584385Z,0.0,0.0,0.0,0.0,0.0,0.0,0,0,0,0,0,0,0,0,0,0.0,0.0,0.0,0.0,0,0,0,0,,,,0,False,609,0.0,0,44,0.0,0,False,,0.0,0,0.0,0,0.0,0,5.0,0,0,0,0,0.0,0.0,0,4.909,4.321,5.497,-0.091
2026-09-29,2026-09-29T23:38:04+00:00,2026,5,5,490884,617,Cho,Mohamed-Ali,Cho,MID,11,88,Hull City,5.0,5.0,0.0,9,72,4,1,0,0,0,36,2.2,1.8,0.0,1779,758,0.0237,0.0101,0.0136,14.9,49.8,43.9,55.0,a,,,,,2.7,0.5,2.7,2.7,6,0,0,1,0,0,0,0,0,0.79,0.36,1.15,0.98,2,0,1,1,,,,0,False,585,0.0,343,146,0.2,0,False,,0.2,1,0.2,1,0.2,1,5.0,547,68,8,0,2.2,13.7,0,5.559,4.97,6.148,0.559
2026-09-29,2026-09-29T23:38:04+00:00,2026,5,5,491007,163,D.Essugo,Dário,Luís Essugo,MID,6,8,Chelsea,4.5,4.5,0.0,0,0,0,0,0,0,0,0,0.0,0.0,0.1,2698,14415,0.0359,0.1919,-0.156,0.0,0.0,0.0,0.0,u,Has joined RC Strasbourg on loan for the rest of the season,2026-09-02T16:20:41.865225Z,0.0,0.0,0.0,0.0,0.0,0.0,0,0,0,0,0,0,0,0,0,0.0,0.0,0.0,0.0,0,0,0,0,,,,0,False,430,0.0,0,703,0.0,0,False,,0.0,0,0.0,0,0.0,0,5.0,0,0,0,0,0.0,0.0,0,4.629,4.041,5.217,0.129
2026-09-29,2026-09-29T23:38:04+00:00,2026,5,5,491279,503,Van de Ven,Micky,van de Ven,DEF,19,6,Spurs,5.0,5.0,0.0,16,360,4,0,0,2,3,69,4.0,3.2,3.8,93965,266547,1.2512,3.5492,-2.298,10.3,75.8,8.7,18.0,a,,2026-08-21T15:00:07.610517Z,100.0,100.0,5.3,1.1,5.3,5.3,1,4,0,5,0,0,0,1,0,0.59,0.05,0.64,3.91,29,5,17,24,,,,0,False,90,0.0,5509,19306,-21.3,0,False,,-21.3,-2,-21.3,-2,-21.3,-2,5.0,2736,122,0,0,4.0,24.3,0,4.992,4.404,5.581,-0.008
2026-09-29,2026-09-29T23:38:04+00:00,2026,5,5,491501,378,McConnell,James,McConnell,MID,14,14,Liverpool,4.4,4.5,-0.1,0,0,0,0,0,0,0,0,0.0,0.0,0.2,6920,12927,0.0921,0.1721,-0.08,0.0,0.0,0.0,0.0,a,,,,,0.0,0.0,0.0,0.0,0,0,0,0,0,0,0,0,0,0.0,0.0,0.0,0.0,0,0,0,0,,,,0,False,312,0.0,1045,1470,-3.3,0,False,,-3.3,-1,-3.3,-1,-3.3,-1,5.0,0,0,0,0,0.0,0.0,0,4.618,4.031,5.206,0.218
2026-09-29,2026-09-29T23:38:04+00:00,2026,5,5,492498,191,Borges Rodrigues,Raphael,Borges Rodrigues,MID,7,9,Coventry City,4.5,4.5,0.0,0,0,0,0,0,0,0,0,0.0,0.0,0.1,1943,11489,0.0259,0.153,-0.1271,0.0,0.0,0.0,0.0,u,Has joined Burton Albion on loan for the rest of the season,2026-09-02T15:44:14.868001Z,0.0,0.0,0.0,0.0,0.0,0.0,0,0,0,0,0,0,0,0,0,0.0,0.0,0.0,0.0,0,0,0,0,,,,0,False,439,0.0,0,665,0.0,0,False,,0.0,0,0.0,0,0.0,0,5.0,0,0,0,0,0.0,0.0,0,4.529,3.941,5.116,0.029
2026-09-29,2026-09-29T23:38:04+00:00,2026,5,5,492777,360,Bradley,Conor,Bradley,DEF,14,14,Liverpool,5.0,5.0,0.0,0,0,0,0,0,0,0,0,0.0,0.0,0.0,370,791,0.0049,0.0105,-0.0056,0.0,0.0,0.0,0.0,i,Knee injury - Unknown return date,2026-07-23T12:01:23.565711Z,0.0,0.0,0.0,0.0,0.0,0.0,0,0,0,0,0,0,0,0,0,0.0,0.0,0.0,0.0,0,0,0,0,,,,0,False,610,0.0,53,79,-85.2,0,False,,-85.2,-3,-85.2,-3,-85.2,-3,5.0,0,0,0,0,0.0,0.0,0,4.66,4.072,5.248,-0.34
2026-09-29,2026-09-29T23:38:04+00:00,2026,5,5,492859,341,Gnonto,Wilfried,Gnonto,MID,13,2,Leeds,5.0,5.0,0.0,0,0,0,0,0,0,0,0,0.0,0.0,0.0,244,1810,0.0032,0.0241,-0.0209,0.0,0.0,0.0,0.0,u,Has joined ACF Fiorentina on loan for the rest of the season,2026-09-02T16:04:47.189648Z,0.0,0.0,0.0,0.0,0.0,0.0,0,0,0,0,0,0,0,0,0,0.0,0.0,0.0,0.0,0,0,0,0,,,,0,False,625,0.0,0,52,0.0,0,False,,0.0,0,0.0,0,0.0,0,5.0,0,0,0,0,0.0,0.0,0,4.801,4.214,5.389,-0.199
2026-09-29,2026-09-29T23:38:04+00:00,2026,5,5,493105,160,Garnacho,Alejandro,Garnacho Ferreyra,MID,2,7,Aston Villa,5.8,6.0,-0.2,3,31,3,0,0,0,0,9,1.0,0.5,0.3,7465,41159,0.0994,0.5481,-0.4487,0.5,1.2,3.6,0.0,a,,,,,0.5,0.1,0.5,0.5,0,0,0,0,0,0,0,0,0,0.0,0.0,0.0,0.49,2,0,2,0,,,,0,False,287,0.0,517,2706,-64.6,0,False,,-64.6,-3,-64.6,-3,-64.6,-3,5.0,236,23,0,0,1.0,3.9,0,5.329,4.741,5.917,-0.471
2026-09-29,2026-09-29T23:38:04+00:00,2026,5,5,493250,431,Amad,Amad,Diallo,MID,16,1,Man Utd,5.7,6.0,-0.3,0,0,0,0,0,0,0,0,0.0,0.0,0.3,2161,123486,0.0288,1.6443,-1.6155,0.0,0.0,0.0,0.0,i,Unspecified injury - Unknown return date,2026-08-22T11:00:08.617283Z,0.0,0.0,0.0,0.0,0.0,0.0,0,0,0,0,0,0,0,0,0,0.0,0.0,0.0,0.0,0,0,0,0,,,4.0,0,False,294,0.0,119,1765,-16.6,0,False,,-16.6,-1,-16.6,-1,-16.6,-1,5.0,0,0,0,0,0.0,0.0,0,5.378,4.79,5.966,-0.322
2026-09-29,2026-09-29T23:38:04+00:00,2026,5,5,493362,513,Xavi,Xavi,Simons,MID,19,6,Spurs,5.9,6.0,-0.1,0,0,0,0,0,0,0,0,0.0,0.0,0.0,343,1121,0.0046,0.0149,-0.0104,0.0,0.0,0.0,0.0,i,Knee injury - Unknown return date,2026-07-23T12:01:23.864304Z,0.0,0.0,0.0,0.0,0.0,0.0,0,0,0,0,0,0,0,0,0,0.0,0.0,0.0,0.0,0,0,0,0,4.0,2.0,,0,False,597,0.0,51,80,-16.7,0,False,,-16.7,-1,-16.7,-1,-16.7,-1,5.0,0,0,0,0,0.0,0.0,0,5.404,4.815,5.992,-0.496
2026-09-29,2026-09-29T23:38:04+00:00,2026,5,5,494307,394,Alleyne,Max,Alleyne,DEF,15,43,Man City,5.0,5.0,0.0,0,0,0,0,0,0,0,0,0.0,0.0,0.0,0,618,0.0,0.0082,-0.0082,0.0,0.0,0.0,0.0,u,Has joined Burnley on loan for the rest of the season,2026-08-18T14:11:56.324656Z,0.0,0.0,0.0,0.0,0.0,0.0,0,0,0,0,0,0,0,0,0,0.0,0.0,0.0,0.0,0,0,0,0,,,,0,False,641,0.0,0,20,0.0,0,False,,0.0,0,0.0,0,0.0,0,5.0,0,0,0,0,0.0,0.0,0,4.771,4.182,5.359,-0.229
2026-09-29,2026-09-29T23:38:04+00:00,2026,5,5,494521,61,Truffert,Adrien,Truffert,DEF,3,91,Bournemouth,5.4,5.5,-0.1,10,450,5,0,0,0,2,53,2.0,1.9,3.0,56292,160161,0.7496,2.1326,-1.3831,21.5,104.6,70.5,39.0,a,,,,,1.7,0.3,1.7,1.7,2,5,0,8,0,0,0,1,0,0.11,0.29,0.4,6.95,45,17,24,28,,,,0,False,104,-0.1,4423,11878,-1.3,-3,False,,-1.4,-1,-1.5,-1,-1.6,-1,5.0,3420,76,0,0,2.0,14.1,0,4.807,4.218,5.397,-0.593
2026-09-29,2026-09-29T23:38:04+00:00,2026,5,5,494595,366,Wirtz,Florian,Wirtz,MID,14,14,Liverpool,7.3,7.5,-0.2,18,402,5,0,2,3,0,92,3.6,2.5,5.7,133450,764539,1.777,10.1803,-8.4033,31.4,65.0,147.3,101.0,a,,,,,4.0,0.5,4.0,4.0,6,5,0,4,0,0,0,1,0,1.0,0.4,1.4,4.82,36,8,25,3,4.0,2.0,2.0,0,False,68,0.0,3182,41142,-36.3,-3,False,,-36.3,-2,-36.4,-2,-36.5,-2,5.0,3055,137,0,15,3.6,18.7,0,7.104,6.513,7.695,-0.196
2026-09-29,2026-09-29T23:38:04+00:00,2026,5,5,494928,573,Sanchez,Juanlu,Sánchez,DEF,3,91,Bournemouth,4.4,4.5,-0.1,0,0,0,0,0,0,0,0,0.0,0.0,0.2,1565,7082,0.0208,0.0943,-0.0735,0.0,0.0,0.0,0.0,a,,,,,0.0,0.0,0.0,0.0,0,0,0,0,0,0,0,0,0,0.0,0.0,0.0,0.0,0,0,0,0,,,,0,False,358,0.0,145,425,-12.2,0,False,,-12.2,-1,-12.2,-1,-12.2,-1,5.0,0,0,0,0,0.0,0.0,0,4.256,3.668,4.844,-0.144
2026-09-29,2026-09-29T23:38:04+00:00,2026,5,5,494950,275,Cartwright,Harvey,Cartwright,GK,11,88,Hull City,4.0,4.0,0.0,0,0,0,0,0,0,0,0,0.0,0.0,0.0,0,326,0.0,0.0043,-0.0043,0.0,0.0,0.0,0.0,u,Has joined Grimsby Town on loan for the rest of the season,2026-07-29T13:00:27.959925Z,0.0,0.0,0.0,0.0,0.0,0.0,0,0,0,0,0,0,0,0,0,0.0,0.0,0.0,0.0,0,0,0,0,,,,0,False,627,0.0,0,24,0.0,0,False,,0.0,0,0.0,0,0.0,0,5.0,0,0,0,0,0.0,0.0,0,3.988,3.4,4.575,-0.012
2026-09-29,2026-09-29T23:38:04+00:00,2026,5,5,496181,638,Norton-Cuffy,Brooke,Norton-Cuffy,DEF,11,88,Hull City,4.0,4.0,0.0,1,34,2,0,0,0,0,3,0.5,0.2,0.2,26065,10343,0.3471,0.1377,0.2093,1.2,2.2,0.6,9.0,d,Hamstring injury - 75% chance of playing,2026-09-21T08:30:09.561308Z,,75.0,0.3,0.1,0.3,0.2,0,0,0,0,0,0,0,1,0,0.05,0.0,0.05,0.3,1,0,4,1,,,,0,False,311,0.0,449,2517,-24.9,0,False,,-24.9,-2,-24.9,-2,-24.9,-2,5.0,258,8,0,0,0.5,1.9,0,3.995,3.408,4.582,-0.005
2026-09-29,2026-09-29T23:38:04+00:00,2026,5,5,496208,72,Gannon-Doak,Ben,Gannon-Doak,MID,3,91,Bournemouth,4.9,5.0,-0.1,4,12,4,0,0,0,0,15,1.0,0.8,0.1,1635,4627,0.0218,0.0616,-0.0398,2.3,4.0,2.9,16.0,a,,,,,1.0,0.2,1.0,1.0,1,0,0,1,0,0,0,0,0,0.12,0.05,0.17,0.6,7,2,5,0,,,,0,False,483,0.0,135,367,-63.2,0,False,,-63.2,-3,-63.2,-3,-63.2,-3,5.0,91,30,0,0,1.0,6.2,0,4.882,4.293,5.471,-0.018
2026-09-29,2026-09-29T23:38:04+00:00,2026,5,5,496221,210,Wharton,Adam,Wharton,MID,8,31,Crystal Palace,5.4,5.5,-0.1,12,436,5,0,0,1,0,77,2.4,2.2,0.7,29540,48444,0.3933,0.6451,-0.2517,18.9,73.0,97.0,18.0,a,,2026-07-23T12:01:23.498963Z,100.0,100.0,2.0,0.4,2.0,2.0,2,5,0,10,0,0,0,1,0,0.15,0.58,0.73,8.91,41,10,15,16,,,2.0,0,False,209,-0.1,1133,4454,-2.2,-2,False,,-2.3,-1,-2.5,-1,-2.7,-1,5.0,3314,91,0,0,2.4,16.9,0,5.083,4.495,5.672,-0.317
2026-09-29,2026-09-29T23:38:04+00:00,2026,5,5,496661,245,Dibling,Tyler,Dibling,MID,9,11,Everton,5.4,5.5,-0.1,1,24,1,0,0,0,0,10,1.0,0.2,0.0,1169,2651,0.0156,0.0353,-0.0197,5.8,7.2,24.4,26.0,a,,,,,0.3,0.1,0.3,0.3,1,0,0,0,0,0,0,0,0,0.17,0.16,0.33,0.38,0,0,0,0,,,,0,False,547,0.0,114,152,-88.8,0,False,,-88.8,-3,-88.8,-3,-88.8,-3,5.0,182,8,0,0,1.0,1.4,0,5.109,4.522,5.697,-0.291
2026-09-29,2026-09-29T23:38:04+00:00,2026,5,5,498016,529,Roefs,Robin,Roefs,GK,20,56,Sunderland,4.9,5.0,-0.1,11,450,5,0,0,1,0,41,2.2,2.2,2.4,21870,177468,0.2912,2.3631,-2.0719,7.3,73.4,0.0,0.0,a,,,,,1.3,0.3,1.3,1.3,0,5,6,10,0,0,0,0,0,0.0,0.01,0.01,8.66,0,0,35,7,,,,0,False,118,0.0,2021,11343,-15.9,0,False,,-15.9,-1,-15.9,-1,-15.9,-1,5.0,3420,84,0,0,2.2,17.1,0,4.569,3.98,5.157,-0.331
2026-09-29,2026-09-29T23:38:04+00:00,2026,5,5,498444,583,Chavarria,Pep,Chavarría,DEF,6,8,Chelsea,4.9,5.0,-0.1,5,208,5,0,0,0,0,17,1.0,1.0,0.1,3359,11134,0.0447,0.1483,-0.1035,7.5,30.8,31.4,12.0,a,,,,,1.0,0.2,1.0,1.0,1,1,0,4,0,0,0,0,0,0.04,0.07,0.11,4.1,16,5,7,11,,,,0,False,367,0.0,399,528,-50.1,0,False,,-50.1,-3,-50.1,-3,-50.1,-3,5.0,1581,38,0,0,1.0,7.8,0,4.604,4.016,5.191,-0.296
2026-09-29,2026-09-29T23:38:04+00:00,2026,5,5,499169,7,Lewis-Skelly,Myles,Lewis-Skelly,MID,1,3,Arsenal,5.4,5.5,-0.1,9,271,4,0,0,2,0,37,2.2,1.7,0.6,29576,49702,0.3938,0.6618,-0.268,7.0,21.6,40.2,16.0,a,,,,,1.5,0.3,1.5,1.5,0,4,0,1,0,0,0,0,0,0.16,0.23,0.39,1.02,14,1,8,5,,,,0,False,240,-0.1,899,4898,-15.6,0,False,,-15.6,-1,-15.6,-1,-15.6,-1,5.0,2060,68,0,0,2.2,12.7,0,5.227,4.64,5.815,-0.173
2026-09-29,2026-09-29T23:38:04+00:00,2026,5,5,499175,22,Nwaneri,Ethan,Nwaneri,MID,1,3,Arsenal,5.4,5.5,-0.1,0,0,0,0,0,0,0,0,0.0,0.0,0.0,233,1248,0.0031,0.0166,-0.0135,0.0,0.0,0.0,0.0,u,Has joined Borussia Dortmund on loan for the rest of the season,2026-09-02T16:01:07.058827Z,0.0,0.0,0.0,0.0,0.0,0.0,0,0,0,0,0,0,0,0,0,0.0,0.0,0.0,0.0,0,0,0,0,,,,0,False,631,0.0,0,48,0.0,0,False,,0.0,0,0.0,0,0.0,0,5.0,0,0,0,0,0.0,0.0,0,5.138,4.55,5.726,-0.262
2026-09-29,2026-09-29T23:38:04+00:00,2026,5,5,499300,235,Aznou,Adam,Aznou,DEF,9,11,Everton,4.0,4.0,0.0,0,0,0,0,0,0,0,0,0.0,0.0,0.1,1728,11136,0.023,0.1483,-0.1253,0.0,0.0,0.0,0.0,u,Has joined Malaga on loan for the rest of the season,2026-09-01T13:23:16.934847Z,0.0,0.0,0.0,0.0,0.0,0.0,0,0,0,0,0,0,0,0,0,0.0,0.0,0.0,0.0,0,0,0,0,,,,0,False,428,0.0,0,542,0.0,0,False,,0.0,0,0.0,0,0.0,0,5.0,0,0,0,0,0.0,0.0,0,4.054,3.466,4.642,0.054
2026-09-29,2026-09-29T23:38:04+00:00,2026,5,5,499309,168,Marc Guiu,Marc,Guiu Paz,FWD,6,8,Chelsea,5.0,5.0,0.0,0,0,0,0,0,0,0,0,0.0,0.0,0.2,4102,33232,0.0546,0.4425,-0.3879,0.0,0.0,0.0,0.0,u,Has joined RB Leipzig permanently,2026-09-01T13:24:48.857362Z,0.0,0.0,0.0,0.0,0.0,0.0,0,0,0,0,0,0,0,0,0,0.0,0.0,0.0,0.0,0,0,0,0,,,,0,False,336,0.0,0,1508,0.0,0,False,,0.0,0,0.0,0,0.0,0,5.0,0,0,0,0,0.0,0.0,0,4.896,4.307,5.484,-0.104
2026-09-29,2026-09-29T23:38:04+00:00,2026,5,5,499604,67,Rayan,Rayan Vitor,Simplício Rocha,MID,3,91,Bournemouth,6.3,6.5,-0.2,10,434,5,0,0,0,0,45,2.0,1.6,1.6,52555,169078,0.6998,2.2514,-1.5516,18.0,30.4,50.4,99.0,a,,,,,2.0,0.3,2.0,2.0,2,5,0,7,0,0,0,0,0,0.87,0.43,1.3,6.35,15,5,4,6,,,,0,False,146,-0.1,3885,9582,-9.7,0,False,,-9.7,-1,-9.7,-1,-9.7,-1,5.0,3298,76,0,0,2.0,12.1,0,5.541,4.951,6.131,-0.759
2026-09-29,2026-09-29T23:38:04+00:00,2026,5,5,499716,510,Rowswell,James,Rowswell,DEF,19,6,Spurs,4.0,4.0,0.0,0,0,0,0,0,0,0,0,0.0,0.0,0.1,2881,3462,0.0384,0.0461,-0.0077,0.0,0.0,0.0,0.0,a,,,,,0.0,0.0,0.0,0.0,0,0,0,0,0,0,0,0,0,0.0,0.0,0.0,0.0,0,0,0,0,,,,0,False,435,0.0,152,334,-15.9,-2,False,,-18.6,-1,-21.3,-2,-24.0,-2,5.0,0,0,0,0,0.0,0.0,0,4.074,3.487,4.662,0.074
2026-09-29,2026-09-29T23:38:04+00:00,2026,5,5,499721,523,Moore,Mikey,Moore,MID,19,6,Spurs,5.0,5.0,0.0,3,89,2,0,0,0,0,11,1.5,0.6,0.1,3258,17015,0.0434,0.2266,-0.1832,7.5,14.2,6.3,56.0,u,Has joined FC Köln on loan for the rest of the season,2026-09-04T12:39:48.098158Z,0.0,0.0,0.0,0.0,0.0,0.0,0,1,0,4,0,0,0,0,0,0.4,0.02,0.42,3.26,3,1,2,0,,,,0,False,490,0.0,0,530,0.0,0,False,,0.0,0,0.0,0,0.0,0,5.0,676,23,0,0,1.5,4.6,0,4.917,4.33,5.504,-0.083
2026-09-29,2026-09-29T23:38:04+00:00,2026,5,5,499726,524,Olusesi,Callum,Olusesi,MID,19,6,Spurs,4.4,4.5,-0.1,0,0,0,0,0,0,0,0,0.0,0.0,1.0,55668,49353,0.7412,0.6572,0.0841,0.0,0.0,0.0,0.0,a,,,,,0.0,0.0,0.0,0.0,0,0,0,0,0,0,0,0,0,0.0,0.0,0.0,0.0,0,0,0,0,,,,0,False,181,0.0,6052,7508,7.8,2,False,,7.8,1,7.8,1,7.8,1,5.0,0,0,0,0,0.0,0.0,0,4.587,3.999,5.174,0.187
2026-09-29,2026-09-29T23:38:04+00:00,2026,5,5,500033,636,Ángel,Manuel Ángel,Morán Ibáñez,MID,10,54,Fulham,5.0,5.0,0.0,0,0,0,0,0,0,0,0,0.0,0.0,0.0,369,168,0.0049,0.0022,0.0027,0.0,0.0,0.0,0.0,a,,,,,0.0,0.0,0.0,0.0,0,0,0,0,0,0,0,0,0,0.0,0.0,0.0,0.0,0,0,0,0,,,,0,False,644,0.0,32,26,0.0,0,False,,0.0,0,0.0,0,0.0,0,5.0,0,0,0,0,0.0,0.0,0,4.801,4.214,5.389,-0.199
2026-09-29,2026-09-29T23:38:04+00:00,2026,5,5,500040,11,Mosquera,Cristhian,Mosquera,DEF,1,3,Arsenal,5.3,5.5,-0.2,12,168,2,0,0,2,0,52,6.0,2.3,1.6,31331,468004,0.4172,6.2317,-5.8145,2.7,24.6,2.0,0.0,a,,2026-09-04T14:00:08.080310Z,100.0,100.0,1.5,0.3,1.5,1.5,0,2,0,0,0,0,0,0,0,0.0,0.01,0.01,0.53,10,0,3,10,,,,0,False,139,0.0,1166,9275,-24.8,0,False,,-24.8,-2,-24.8,-2,-24.8,-2,5.0,1277,91,0,0,6.0,17.2,0,5.328,4.737,5.918,0.028
2026-09-29,2026-09-29T23:38:04+00:00,2026,5,5,500058,382,Danns,Jayden,Danns,FWD,14,14,Liverpool,4.5,4.5,0.0,0,0,0,0,0,0,0,0,0.0,0.0,0.2,23201,9610,0.3089,0.128,0.181,0.0,0.0,0.0,0.0,a,,2026-07-23T12:01:23.659279Z,100.0,100.0,0.0,0.0,0.0,0.0,0,0,0,0,0,0,0,0,0,0.0,0.0,0.0,0.0,0,0,0,0,,,,0,False,317,0.0,3394,2331,3.5,0,False,,3.5,1,3.5,1,3.5,1,5.0,0,0,0,0,0.0,0.0,0,4.634,4.045,5.222,0.134
2026-09-29,2026-09-29T23:38:04+00:00,2026,5,5,500151,475,Savona,Nicolò,Savona,DEF,18,17,Nott'm Forest,4.5,4.5,0.0,0,0,0,0,0,0,0,0,0.0,0.0,0.0,240,278,0.0032,0.0037,-0.0005,0.0,0.0,0.0,0.0,i,Knee injury - Unknown return date,2026-07-23T12:01:23.816304Z,0.0,0.0,0.0,0.0,0.0,0.0,0,0,0,0,0,0,0,0,0,0.0,0.0,0.0,0.0,0,0,0,0,,,,0,False,653,0.0,20,20,-19.2,0,False,,-19.2,-1,-19.2,-1,-19.2,-1,5.0,0,0,0,0,0.0,0.0,0,4.272,3.685,4.86,-0.228
2026-09-29,2026-09-29T23:38:04+00:00,2026,5,5,500957,298,Destan,Enis,Destan,FWD,11,88,Hull City,4.5,4.5,0.0,0,0,0,0,0,0,0,0,0.0,0.0,0.2,0,22231,0.0,0.296,-0.296,0.0,0.0,0.0,0.0,u,Has joined Konyaspor permanently,2026-08-17T13:50:27.145733Z,0.0,0.0,0.0,0.0,0.0,0.0,0,0,0,0,0,0,0,0,0,0.0,0.0,0.0,0.0,0,0,0,0,,,,0,False,350,0.0,0,1278,0.0,0,False,,0.0,0,0.0,0,0.0,0,5.0,0,0,0,0,0.0,0.0,0,4.521,3.933,5.109,0.021
2026-09-29,2026-09-29T23:38:04+00:00,2026,5,5,501390,309,Núñez,Marcelino,Núñez,MID,12,40,Ipswich Town,4.9,5.0,-0.1,6,140,2,0,0,0,0,32,3.0,1.2,0.1,3111,7628,0.0414,0.1016,-0.0601,5.0,24.6,19.4,6.0,a,,,,,0.0,0.0,0.0,0.0,0,2,0,4,0,0,0,0,0,0.03,0.05,0.08,3.48,21,3,10,8,,1.0,3.0,0,False,411,0.0,94,621,-34.3,-2,False,,-36.5,-2,-38.8,-2,-41.1,-3,5.0,1064,46,0,0,3.0,9.3,0,4.948,4.361,5.535,0.048
2026-09-29,2026-09-29T23:38:04+00:00,2026,5,5,501459,185,Sakamoto,Tatsuhiro,Sakamoto,MID,7,9,Coventry City,4.8,5.0,-0.2,1,31,1,0,0,0,0,8,1.0,0.2,0.1,1015,5746,0.0135,0.0765,-0.063,1.9,6.2,5.9,7.0,a,,,,,0.0,0.0,0.0,0.0,0,0,0,1,0,0,0,0,0,0.02,0.02,0.04,0.69,4,2,2,0,,,,0,False,477,0.0,125,374,-22.1,0,False,,-22.1,-2,-22.1,-2,-22.1,-2,5.0,236,8,0,0,1.0,1.6,0,4.757,4.171,5.344,-0.043
2026-09-29,2026-09-29T23:38:04+00:00,2026,5,5,501902,278,Hughes,Charlie,Hughes,DEF,11,88,Hull City,3.9,4.0,-0.1,0,0,0,0,0,0,0,0,0.0,0.0,0.2,16861,12872,0.2245,0.1714,0.0531,0.0,0.0,0.0,0.0,i,Groin injury - Unknown return date,2026-08-02T09:00:11.030017Z,0.0,0.0,0.0,0.0,0.0,0.0,0,0,0,0,0,0,0,0,0,0.0,0.0,0.0,0.0,0,0,0,0,,,,0,False,351,0.0,1072,1905,0.5,0,False,,0.5,1,0.5,1,0.5,1,5.0,0,0,0,0,0.0,0.0,0,3.988,3.401,4.575,0.088
2026-09-29,2026-09-29T23:38:04+00:00,2026,5,5,502500,106,Thiago,Igor Thiago,Nascimento Rodrigues,FWD,4,94,Brentford,7.8,8.0,-0.2,10,442,5,1,0,2,0,37,2.0,1.3,9.1,276128,1034086,3.6768,13.7694,-10.0926,23.6,48.8,43.6,146.0,a,,,,,2.7,0.3,2.7,2.7,5,5,0,4,0,0,1,2,0,3.13,0.16,3.29,6.25,19,3,12,4,1.0,,,0,False,41,0.0,55705,37178,9.5,22,False,,9.8,1,10.1,1,10.4,1,5.0,3359,76,8,0,2.0,9.7,0,6.961,6.368,7.555,-0.839
2026-09-29,2026-09-29T23:38:04+00:00,2026,5,5,502697,243,Alcaraz,Carlos,Alcaraz Durán,MID,9,11,Everton,4.9,5.0,-0.1,1,5,2,0,0,0,0,5,0.5,0.2,0.1,2858,5834,0.0381,0.0777,-0.0396,2.7,5.0,0.8,25.0,a,,,,,0.0,0.0,0.0,0.0,0,0,0,0,0,0,0,1,0,0.05,0.02,0.07,0.04,3,1,2,0,,,,0,False,451,0.0,157,401,-45.7,0,False,,-45.7,-3,-45.7,-3,-45.7,-3,5.0,38,8,0,0,0.5,1.6,0,4.823,4.235,5.411,-0.077
2026-09-29,2026-09-29T23:38:04+00:00,2026,5,5,503037,170,Emegha,Emmanuel,Emegha,FWD,6,8,Chelsea,4.9,5.0,-0.1,0,0,0,0,0,0,0,0,0.0,0.0,0.1,6074,12572,0.0809,0.1674,-0.0865,0.0,0.0,0.0,0.0,i,Hamstring injury - Expected back 10 Oct,2026-09-09T15:00:09.063849Z,0.0,0.0,0.0,0.0,0.0,0.0,0,0,0,0,0,0,0,0,0,0.0,0.0,0.0,0.0,0,0,0,0,,,,0,False,407,-0.1,74,1065,-0.2,-2,False,,-0.7,-1,-1.2,-1,-1.6,-1,5.0,0,0,0,0,0.0,0.0,0,4.865,4.277,5.454,-0.035
2026-09-29,2026-09-29T23:38:04+00:00,2026,5,5,503139,69,Scott,Alex,Scott,MID,3,91,Bournemouth,6.1,6.0,0.1,30,446,5,1,2,1,5,129,6.0,4.9,5.8,547126,207918,7.2853,2.7685,4.5167,30.5,102.8,146.4,56.0,a,,,,,5.3,0.9,5.3,5.3,2,5,0,7,0,0,0,1,0,0.64,0.42,1.06,6.82,60,9,36,15,,4.0,2.0,1,False,66,0.0,23223,37742,0.4,-4,False,,0.3,1,0.3,1,0.2,1,5.0,3390,228,8,15,6.0,37.4,0,7.146,6.553,7.738,1.046
2026-09-29,2026-09-29T23:38:04+00:00,2026,5,5,503301,484,Hutchinson,Omari,Hutchinson,MID,18,17,Nott'm Forest,5.4,5.5,-0.1,0,0,0,0,0,0,0,0,0.0,0.0,0.1,427,10978,0.0057,0.1462,-0.1405,0.0,0.0,0.0,0.0,u,Has joined AC Milan on loan for the rest of the season,2026-09-01T13:23:52.340206Z,0.0,0.0,0.0,0.0,0.0,0.0,0,0,0,0,0,0,0,0,0,0.0,0.0,0.0,0.0,0,0,0,0,,,,0,False,460,0.0,0,350,0.0,0,False,,0.0,0,0.0,0,0.0,0,5.0,0,0,0,0,0.0,0.0,0,5.052,4.465,5.64,-0.348
2026-09-29,2026-09-29T23:38:04+00:00,2026,5,5,505079,252,McNally,Alfie,McNally,GK,10,54,Fulham,4.0,4.0,0.0,0,0,0,0,0,0,0,0,0.0,0.0,0.1,2589,6584,0.0345,0.0877,-0.0532,0.0,0.0,0.0,0.0,u,Has joined York City on loan for the rest of the season,2026-09-01T13:25:11.231240Z,0.0,0.0,0.0,0.0,0.0,0.0,0,0,0,0,0,0,0,0,0,0.0,0.0,0.0,0.0,0,0,0,0,,,,0,False,399,0.0,0,588,0.0,0,False,,0.0,0,0.0,0,0.0,0,5.0,0,0,0,0,0.0,0.0,0,3.99,3.402,4.577,-0.01
2026-09-29,2026-09-29T23:38:04+00:00,2026,5,5,507433,83,Valdimarsson,Hákon Rafn,Valdimarsson,GK,4,94,Brentford,4.5,4.5,0.0,0,0,0,0,0,0,0,0,0.0,0.0,0.1,2856,4574,0.038,0.0609,-0.0229,0.0,0.0,0.0,0.0,a,,,,,0.0,0.0,0.0,0.0,0,0,0,0,0,0,0,0,0,0.0,0.0,0.0,0.0,0,0,0,0,,,,0,False,419,0.0,291,324,-73.5,0,False,,-73.5,-3,-73.5,-3,-73.5,-3,5.0,0,0,0,0,0.0,0.0,0,4.214,3.625,4.803,-0.286
2026-09-29,2026-09-29T23:38:04+00:00,2026,5,5,508395,102,Yarmoliuk,Yehor,Yarmoliuk,MID,4,94,Brentford,4.8,5.0,-0.2,9,216,5,0,1,1,0,50,1.8,1.9,0.6,5756,61551,0.0766,0.8196,-0.7429,13.4,53.0,60.5,20.0,a,,,,,2.3,0.5,2.3,2.3,3,2,0,4,0,0,0,1,0,0.1,0.3,0.4,4.58,26,5,14,7,,,,0,False,224,0.0,1303,3201,-17.4,-2,False,,-17.8,-1,-18.1,-1,-18.5,-1,5.0,1642,68,0,8,1.8,14.2,0,5.166,4.577,5.755,0.366
2026-09-29,2026-09-29T23:38:04+00:00,2026,5,5,508479,141,Jörgensen,Filip,Jörgensen,GK,6,8,Chelsea,5.0,5.0,0.0,0,0,0,0,0,0,0,0,0.0,0.0,0.0,0,948,0.0,0.0126,-0.0126,0.0,0.0,0.0,0.0,u,Has joined RC Strasbourg on loan for the rest of the season,2026-08-12T14:07:02.607115Z,0.0,0.0,0.0,0.0,0.0,0.0,0,0,0,0,0,0,0,0,0,0.0,0.0,0.0,0.0,0,0,0,0,,,,0,False,617,0.0,0,30,0.0,0,False,,0.0,0,0.0,0,0.0,0,5.0,0,0,0,0,0.0,0.0,0,4.63,4.042,5.219,-0.37
2026-09-29,2026-09-29T23:38:04+00:00,2026,5,5,509416,129,Ayari,Yasin,Ayari,MID,5,36,Brighton,5.4,5.5,-0.1,15,333,4,1,0,3,0,71,3.8,2.8,0.4,12495,41504,0.1664,0.5526,-0.3863,16.9,56.0,48.9,68.0,a,,2026-08-30T18:00:07.935334Z,100.0,100.0,4.3,0.8,4.3,4.3,3,4,0,1,0,0,0,1,0,0.7,0.18,0.88,5.64,21,2,15,4,,2.0,4.0,0,False,276,0.0,2254,1949,-45.5,0,False,,-45.5,-3,-45.5,-3,-45.5,-3,5.0,2531,114,8,0,3.8,21.1,0,5.823,5.235,6.411,0.423
2026-09-29,2026-09-29T23:38:04+00:00,2026,5,5,510281,403,Sávio,Sávio,Moreira de Oliveira,MID,19,6,Spurs,6.5,6.5,0.0,8,240,3,0,0,2,0,66,2.7,1.2,0.7,99689,79386,1.3274,1.0571,0.2703,27.8,51.4,130.0,96.0,a,,2026-08-29T16:30:08.380416Z,100.0,100.0,2.7,0.4,2.7,2.7,2,3,0,3,0,0,0,0,0,0.41,0.7,1.11,2.76,11,0,8,3,,,2.0,0,False,222,0.0,2777,6623,10.5,0,False,,10.5,1,10.5,1,10.5,1,5.0,1824,61,0,0,2.7,9.4,0,5.811,5.223,6.399,-0.689
2026-09-29,2026-09-29T23:38:04+00:00,2026,5,5,510663,380,Ekitiké,Hugo,Ekitiké,FWD,14,14,Liverpool,7.4,7.5,-0.1,0,0,0,0,0,0,0,0,0.0,0.0,0.1,2633,11272,0.0351,0.1501,-0.115,0.0,0.0,0.0,0.0,i,Achilles injury - Unknown return date,2026-07-23T12:01:23.643771Z,0.0,0.0,0.0,0.0,0.0,0.0,0,0,0,0,0,0,0,0,0,0.0,0.0,0.0,0.0,0,0,0,0,,,,0,False,406,0.0,361,809,-27.0,0,False,,-27.0,-2,-27.0,-2,-27.0,-2,5.0,0,0,0,0,0.0,0.0,0,6.339,5.748,6.931,-1.061
2026-09-29,2026-09-29T23:38:04+00:00,2026,5,5,511499,514,Tel,Mathys,Tel,MID,19,6,Spurs,5.7,6.0,-0.3,8,257,4,0,0,1,0,41,2.0,1.4,0.2,9127,46730,0.1215,0.6222,-0.5007,14.6,21.6,52.7,72.0,a,,,,,1.3,0.2,1.3,1.3,0,3,0,4,0,0,0,0,0,0.21,0.23,0.44,5.55,13,1,11,1,,3.0,3.0,0,False,341,-0.1,195,1913,-25.8,-2,False,,-26.5,-2,-27.2,-2,-28.0,-2,5.0,1953,61,0,0,2.0,10.7,0,5.377,4.79,5.965,-0.323
2026-09-29,2026-09-29T23:38:04+00:00,2026,5,5,512123,614,Hadjam,Jaouen,Hadjam,DEF,5,36,Brighton,4.5,4.5,0.0,0,0,0,0,0,0,0,0,0.0,0.0,0.0,3982,1951,0.053,0.026,0.027,0.0,0.0,0.0,0.0,a,,,,,0.0,0.0,0.0,0.0,0,0,0,0,0,0,0,0,0,0.0,0.0,0.0,0.0,0,0,0,0,,,,0,False,509,0.0,243,246,-5.5,0,False,,-5.5,-1,-5.5,-1,-5.5,-1,5.0,0,0,0,0,0.0,0.0,0,4.272,3.684,4.86,-0.228
2026-09-29,2026-09-29T23:38:04+00:00,2026,5,5,512462,232,O'Brien,Jake,O'Brien,DEF,9,11,Everton,4.8,5.0,-0.2,2,16,2,0,0,0,0,5,1.0,0.4,0.3,4576,24571,0.0609,0.3272,-0.2662,0.3,3.0,0.0,0.0,a,,,,,0.7,0.1,0.7,0.7,1,0,0,0,0,0,0,0,0,0.0,0.0,0.0,0.42,2,0,2,2,,,,0,False,298,-0.1,321,1100,-3.5,0,False,,-3.5,-1,-3.5,-1,-3.5,-1,5.0,122,15,0,0,1.0,3.2,0,4.593,4.005,5.18,-0.207
2026-09-29,2026-09-29T23:38:04+00:00,2026,5,5,513086,93,Schuster,Jannik,Schuster,DEF,4,94,Brentford,4.5,4.5,0.0,21,253,3,0,1,1,3,59,7.0,4.7,0.3,16372,6707,0.218,0.0893,0.1287,12.0,92.4,11.5,16.0,a,,,,,7.0,1.6,7.0,7.0,14,2,0,3,0,0,0,0,0,0.1,0.54,0.64,4.19,38,3,6,35,,,,1,False,300,0.0,14810,2219,4.9,0,False,,4.9,1,4.9,1,4.9,1,5.0,1923,160,0,8,7.0,35.5,0,5.334,4.739,5.93,0.834
2026-09-29,2026-09-29T23:38:04+00:00,2026,5,5,513418,94,Schade,Kevin,Schade,MID,4,94,Brentford,6.2,6.0,0.2,39,447,5,3,2,2,6,138,7.8,6.3,11.5,1003806,243764,13.3662,3.2459,10.1204,35.4,146.2,48.0,160.0,a,,,,,8.7,1.4,8.7,8.7,9,5,0,4,0,0,0,0,0,1.52,0.32,1.84,6.32,34,7,21,6,2.0,,,1,True,36,0.1,383951,23760,12.0,70,False,,12.4,1,12.8,1,13.1,1,5.0,3397,296,23,15,7.8,38.7,1,8.219,7.616,8.823,2.019
2026-09-29,2026-09-29T23:38:04+00:00,2026,5,5,513466,246,Röhl,Merlin,Röhl,MID,9,11,Everton,4.9,5.0,-0.1,6,249,3,0,0,1,0,35,2.0,1.2,0.0,1962,4674,0.0261,0.0622,-0.0361,6.1,26.6,32.1,2.0,i,Unspecified injury - Expected back 11 Oct,2026-09-16T18:00:09.541933Z,0.0,0.0,0.3,0.1,0.0,0.0,0,3,0,2,0,0,0,1,0,0.0,0.2,0.2,4.52,24,5,13,6,,,,0,False,530,0.0,7,574,-44.5,0,False,,-44.5,-3,-44.5,-3,-44.5,-3,5.0,1892,46,0,0,2.0,9.3,0,4.855,4.267,5.443,-0.045
2026-09-29,2026-09-29T23:38:04+00:00,2026,5,5,513545,565,M.Sangaré,Mamadou,Sangaré,MID,4,94,Brentford,5.6,5.5,0.1,22,321,5,0,2,1,3,76,4.4,3.9,9.9,1227543,818916,16.3454,10.9043,5.4411,17.1,76.4,57.8,40.0,a,,,,,1.3,0.2,1.3,1.3,0,4,0,3,0,0,0,2,0,0.41,0.65,1.06,4.31,48,14,22,12,,,,1,False,38,-0.1,8255,137027,-30.9,-10,False,,-31.0,-2,-31.1,-2,-31.2,-2,5.0,2440,167,0,15,4.4,29.9,0,6.276,5.683,6.869,0.676
2026-09-29,2026-09-29T23:38:04+00:00,2026,5,5,514254,127,Gomez,Diego,Gómez Amarilla,MID,5,36,Brighton,5.0,5.0,0.0,24,433,5,0,3,3,0,80,4.8,4.8,4.0,334476,299381,4.4537,3.9864,0.4673,31.4,84.2,103.4,126.0,a,,,,,4.3,0.9,4.3,4.3,8,5,0,5,0,0,0,0,0,0.79,0.78,1.57,8.49,36,13,16,7,,5.0,,0,False,86,0.0,11969,37750,30.7,4,False,,30.8,2,30.9,2,30.9,2,5.0,3291,182,0,23,4.8,36.5,0,6.301,5.703,6.899,1.301
2026-09-29,2026-09-29T23:38:04+00:00,2026,5,5,514356,161,Lavia,Roméo,Lavia,MID,6,8,Chelsea,5.0,5.0,0.0,11,258,4,1,0,0,0,61,2.8,2.2,0.2,25794,15521,0.3435,0.2067,0.1368,16.1,65.8,29.1,66.0,a,,,,,1.0,0.2,1.0,1.0,0,4,0,8,0,0,0,1,0,0.75,0.11,0.86,5.06,31,6,15,10,,,,0,False,324,0.0,419,2411,4.6,0,False,,4.6,1,4.6,1,4.6,1,5.0,1961,84,8,0,2.8,16.7,0,5.607,5.019,6.196,0.607
2026-09-29,2026-09-29T23:38:04+00:00,2026,5,5,514514,381,Koumas,Lewis,Koumas,MID,14,14,Liverpool,5.0,5.0,0.0,3,22,3,0,0,0,0,14,1.0,0.6,0.0,830,1388,0.0111,0.0185,-0.0074,2.9,4.2,0.5,24.0,a,,,,,0.7,0.1,0.7,0.7,1,0,0,0,0,0,0,0,0,0.28,0.0,0.28,0.72,1,0,1,0,,,,0,False,543,0.0,151,187,-92.5,0,False,,-92.5,-3,-92.5,-3,-92.5,-3,5.0,167,23,0,0,1.0,4.6,0,4.981,4.393,5.569,-0.019
2026-09-29,2026-09-29T23:38:04+00:00,2026,5,5,515046,531,Ellborg,Melker,Ellborg,GK,20,56,Sunderland,4.4,4.5,-0.1,0,0,0,0,0,0,0,0,0.0,0.0,0.1,1170,3332,0.0156,0.0444,-0.0288,0.0,0.0,0.0,0.0,a,,,,,0.0,0.0,0.0,0.0,0,0,0,0,0,0,0,0,0,0.0,0.0,0.0,0.0,0,0,0,0,,,,0,False,445,-0.1,131,251,-0.1,0,False,,-0.1,-1,-0.1,-1,-0.1,-1,5.0,0,0,0,0,0.0,0.0,0,4.232,3.645,4.82,-0.168
2026-09-29,2026-09-29T23:38:04+00:00,2026,5,5,515597,35,Bogarde,Lamare,Bogarde,MID,2,7,Aston Villa,4.9,5.0,-0.1,1,16,1,0,0,0,0,3,1.0,0.2,0.1,2909,4763,0.0387,0.0634,-0.0247,0.3,2.2,0.5,0.0,a,,,,,0.0,0.0,0.0,0.0,0,0,0,0,0,0,0,0,0,0.0,0.0,0.0,0.22,1,0,0,1,,,,0,False,479,-0.1,168,435,-3.4,0,False,,-3.4,-1,-3.4,-1,-3.4,-1,5.0,122,8,0,0,1.0,1.6,0,4.776,4.189,5.364,-0.124
2026-09-29,2026-09-29T23:38:04+00:00,2026,5,5,515621,206,Chadi Riad,Chadi,Riad Dnanou,DEF,8,31,Crystal Palace,4.3,4.5,-0.2,1,72,1,0,0,0,0,7,1.0,0.2,0.0,649,5671,0.0086,0.0755,-0.0669,1.4,12.6,1.3,0.0,i,Knee injury - Unknown return date,2026-08-22T18:00:07.352049Z,0.0,0.0,0.0,0.0,0.0,0.0,0,1,0,2,0,0,0,0,0,0.0,0.01,0.01,0.98,7,1,3,6,,,,0,False,574,-0.1,25,120,-4.3,0,False,,-4.3,-1,-4.3,-1,-4.3,-1,5.0,547,8,0,0,1.0,1.8,0,4.195,3.608,4.783,-0.105
2026-09-29,2026-09-29T23:38:04+00:00,2026,5,5,516895,432,Mainoo,Kobbie,Mainoo,MID,16,1,Man Utd,5.5,5.5,0.0,22,354,5,0,1,0,2,102,4.4,4.0,1.6,94633,66852,1.2601,0.8902,0.3699,19.3,83.2,88.8,21.0,d,Unspecified injury - 75% chance of playing,2026-09-21T13:00:09.169862Z,,75.0,5.7,1.0,5.7,4.3,4,4,0,4,0,0,0,0,0,0.3,0.52,0.82,4.77,56,6,40,10,,,,0,False,144,0.0,7539,14575,13.8,-4,False,,13.8,1,13.7,1,13.7,1,5.0,2690,167,0,8,4.4,30.4,0,5.961,5.37,6.553,0.461
2026-09-29,2026-09-29T23:38:04+00:00,2026,5,5,517052,166,N.Jackson,Nicolas,Jackson,FWD,2,7,Aston Villa,6.5,6.5,0.0,10,286,4,1,0,1,1,52,2.5,1.5,1.5,180002,84699,2.3968,1.1278,1.269,15.4,42.8,36.8,76.0,a,,,,,2.5,0.4,2.5,2.5,6,4,0,2,0,0,0,2,0,0.68,0.6,1.28,2.75,9,0,8,1,2.0,,,0,False,150,0.0,34740,7759,50.6,10,False,,50.7,3,50.9,3,51.0,3,5.0,2174,76,8,0,2.5,11.7,0,6.221,5.632,6.81,-0.279
2026-09-29,2026-09-29T23:38:04+00:00,2026,5,5,519324,624,Cozier-Duberry,Amario,Cozier-Duberry,MID,5,36,Brighton,5.0,5.0,0.0,0,0,0,0,0,0,0,0,0.0,0.0,0.0,117,113,0.0016,0.0015,0.0001,0.0,0.0,0.0,0.0,u,Has joined Middlesbrough on loan for the rest of the season,2026-09-02T15:38:15.552951Z,0.0,0.0,0.0,0.0,0.0,0.0,0,0,0,0,0,0,0,0,0,0.0,0.0,0.0,0.0,0,0,0,0,,,,0,False,666,0.0,0,5,0.0,0,False,,0.0,0,0.0,0,0.0,0,5.0,0,0,0,0,0.0,0.0,0,4.801,4.213,5.389,-0.199
2026-09-29,2026-09-29T23:38:04+00:00,2026,5,5,519440,361,Lucky,Wellity,Lucky,DEF,14,14,Liverpool,4.0,4.0,0.0,0,0,0,0,0,0,0,0,0.0,0.0,0.1,3863,5781,0.0514,0.077,-0.0255,0.0,0.0,0.0,0.0,a,,,,,0.0,0.0,0.0,0.0,0,0,0,0,0,0,0,0,0,0.0,0.0,0.0,0.0,0,0,0,0,,,,0,False,390,0.0,286,556,-52.3,0,False,,-52.3,-3,-52.3,-3,-52.3,-3,5.0,0,0,0,0,0.0,0.0,0,4.12,3.532,4.707,0.12
2026-09-29,2026-09-29T23:38:04+00:00,2026,5,5,519634,537,Seelt,Jenson,Seelt,DEF,20,56,Sunderland,4.5,4.5,0.0,0,0,0,0,0,0,0,0,0.0,0.0,0.0,61,664,0.0008,0.0088,-0.008,0.0,0.0,0.0,0.0,u,Has joined Swansea City on loan for the rest of the season,2026-08-29T00:34:52.425076Z,0.0,0.0,0.0,0.0,0.0,0.0,0,0,0,0,0,0,0,0,0,0.0,0.0,0.0,0.0,0,0,0,0,,,,0,False,636,0.0,0,22,0.0,0,False,,0.0,0,0.0,0,0.0,0,5.0,0,0,0,0,0.0,0.0,0,4.272,3.685,4.86,-0.228
2026-09-29,2026-09-29T23:38:04+00:00,2026,5,5,519913,438,Fletcher,Tyler,Fletcher,MID,16,1,Man Utd,4.4,4.5,-0.1,0,0,0,0,0,0,0,0,0.0,0.0,0.3,10602,16837,0.1412,0.2242,-0.083,0.0,0.0,0.0,0.0,a,,,,,0.0,0.0,0.0,0.0,0,0,0,0,0,0,0,0,0,0.0,0.0,0.0,0.0,0,0,0,0,,,,0,False,282,0.0,2533,2068,0.4,0,False,,0.4,1,0.4,1,0.4,1,5.0,0,0,0,0,0.0,0.0,0,4.615,4.027,5.203,0.215
2026-09-29,2026-09-29T23:38:04+00:00,2026,5,5,522047,334,Muharemović,Tarik,Muharemović,DEF,13,2,Leeds,5.0,5.0,0.0,27,450,5,0,1,2,0,101,5.4,5.4,4.3,298069,171894,3.969,2.2889,1.6801,20.2,147.4,13.6,41.0,a,,,,,5.7,1.1,5.7,5.7,6,5,0,3,0,0,0,0,0,0.49,0.05,0.54,6.46,58,5,16,53,,,,0,False,79,0.0,26784,23010,37.9,0,False,,37.9,2,37.9,2,37.9,2,5.0,3420,205,0,8,5.4,38.7,1,5.491,4.899,6.083,0.491
2026-09-29,2026-09-29T23:38:04+00:00,2026,5,5,523700,608,Jebbison,Daniel,Jebbison,FWD,3,91,Bournemouth,5.0,5.0,0.0,3,31,3,0,0,0,0,13,1.0,0.6,0.1,13225,7236,0.1761,0.0964,0.0797,2.6,3.6,1.6,21.0,a,,,,,0.7,0.1,0.7,0.7,1,0,0,2,0,0,0,0,0,0.1,0.0,0.1,0.61,1,0,1,0,,,,0,False,402,0.0,862,881,0.5,0,False,,0.5,1,0.5,1,0.5,1,5.0,236,23,0,0,1.0,4.6,0,4.859,4.27,5.448,-0.141
2026-09-29,2026-09-29T23:38:04+00:00,2026,5,5,524180,602,Humphreys,Cameron,Humphreys,MID,12,40,Ipswich Town,4.5,4.5,0.0,0,0,0,0,0,0,0,0,0.0,0.0,0.0,2861,3228,0.0381,0.043,-0.0049,0.0,0.0,0.0,0.0,u,Has joined Huddersfield Town on loan for the rest of the season,2026-09-02T16:04:17.524642Z,0.0,0.0,0.0,0.0,0.0,0.0,0,0,0,0,0,0,0,0,0,0.0,0.0,0.0,0.0,0,0,0,0,,,,0,False,566,0.0,0,234,0.0,0,False,,0.0,0,0.0,0,0.0,0,5.0,0,0,0,0,0.0,0.0,0,4.527,3.94,5.114,0.027
2026-09-29,2026-09-29T23:38:04+00:00,2026,5,5,531442,315,Fatawu,Abdul,Fatawu,MID,12,40,Ipswich Town,5.4,5.5,-0.1,8,352,5,0,1,0,0,71,1.6,1.5,0.2,5356,13279,0.0713,0.1768,-0.1055,24.0,64.8,133.7,41.0,s,Suspended until 17 Oct,2026-09-19T15:30:10.126897Z,,0.0,0.7,0.1,0.7,0.0,-1,5,0,10,0,0,0,2,1,0.17,1.11,1.28,7.79,28,9,11,8,,,2.0,0,False,363,0.0,54,2435,-32.6,0,False,,-32.6,-2,-32.6,-2,-32.6,-2,5.0,2675,61,0,8,1.6,11.3,0,5.337,4.748,5.925,-0.063
2026-09-29,2026-09-29T23:38:04+00:00,2026,5,5,532529,123,Hinshelwood,Jack,Hinshelwood,MID,5,36,Brighton,5.9,6.0,-0.1,16,63,1,2,0,1,3,54,16.0,2.7,0.6,147887,215890,1.9692,2.8747,-0.9055,14.5,72.8,13.4,59.0,i,Ankle injury - Expected back 10 Oct,2026-08-27T19:30:07.780933Z,0.0,0.0,0.0,0.0,0.0,0.0,0,1,0,0,0,0,0,0,0,1.41,0.02,1.43,0.19,3,2,1,0,,,,1,False,241,0.0,266,6664,-38.7,-3,False,,-39.0,-2,-39.3,-2,-39.6,-2,5.0,479,122,15,0,9.1,20.6,1,7.039,6.442,7.635,1.139
2026-09-29,2026-09-29T23:38:04+00:00,2026,5,5,532605,162,Andrey Santos,Andrey,Nascimento dos Santos,MID,16,1,Man Utd,4.8,5.0,-0.2,4,82,3,0,0,0,0,23,1.3,0.8,0.6,22211,73437,0.2958,0.9779,-0.6821,3.9,24.8,5.5,8.0,a,,,,,0.3,0.1,0.3,0.3,0,1,0,4,0,0,0,0,0,0.0,0.24,0.24,2.03,18,4,7,7,,,,0,False,237,0.0,1014,4818,-48.0,0,False,,-48.0,-3,-48.0,-3,-48.0,-3,5.0,623,30,0,0,1.3,6.3,0,4.933,4.345,5.52,0.133
2026-09-29,2026-09-29T23:38:04+00:00,2026,5,5,533463,95,O.Dango,Dango,Ouattara,MID,4,94,Brentford,6.3,6.5,-0.2,7,179,5,0,0,1,0,34,1.4,1.1,0.5,15155,82144,0.2018,1.0938,-0.892,10.8,25.4,59.3,23.0,a,,,,,1.0,0.2,1.0,1.0,1,2,0,1,0,0,0,0,0,0.09,0.39,0.48,2.81,28,2,17,9,,,4.0,0,False,255,0.0,794,3565,-47.2,-2,False,,-47.7,-3,-48.2,-3,-48.7,-3,5.0,1360,53,0,0,1.4,8.4,0,5.575,4.986,6.164,-0.725
2026-09-29,2026-09-29T23:38:04+00:00,2026,5,5,533646,647,Osorio,Darío,Osorio,MID,8,31,Crystal Palace,5.5,5.5,0.0,1,1,1,0,0,0,0,2,1.0,0.2,0.0,945,408,0.0126,0.0054,0.0072,0.2,2.0,0.3,0.0,a,,,,,0.3,0.1,0.3,0.3,0,0,0,0,0,0,0,0,0,0.0,0.0,0.0,0.13,1,1,0,0,,,,0,False,621,0.0,26,72,-72.0,0,False,,-72.0,-3,-72.0,-3,-72.0,-3,5.0,8,8,0,0,1.0,1.4,0,5.097,4.509,5.685,-0.403
2026-09-29,2026-09-29T23:38:04+00:00,2026,5,5,534392,299,Burstow,Mason,Burstow,FWD,11,88,Hull City,4.5,4.5,0.0,0,0,0,0,0,0,0,0,0.0,0.0,0.0,0,3061,0.0,0.0408,-0.0408,0.0,0.0,0.0,0.0,u,Has joined Sheffield Wednesday on loan for the rest of the season,2026-08-03T14:05:20.234842Z,0.0,0.0,0.0,0.0,0.0,0.0,0,0,0,0,0,0,0,0,0,0.0,0.0,0.0,0.0,0,0,0,0,,,,0,False,537,0.0,0,211,0.0,0,False,,0.0,0,0.0,0,0.0,0,5.0,0,0,0,0,0.0,0.0,0,4.517,3.93,5.105,0.017
2026-09-29,2026-09-29T23:38:04+00:00,2026,5,5,535301,131,Baleba,Carlos,Baleba,MID,16,1,Man Utd,4.9,5.0,-0.1,0,0,0,0,0,0,0,0,0.0,0.0,0.1,6662,14347,0.0887,0.191,-0.1023,0.0,0.0,0.0,0.0,a,,2026-08-06T16:00:10.997714Z,50.0,100.0,0.0,0.0,0.0,0.0,0,0,0,0,0,0,0,0,0,0.0,0.0,0.0,0.0,0,0,0,0,,,,0,False,384,0.0,1223,706,0.0,0,False,,0.0,0,0.0,0,0.0,0,5.0,0,0,0,0,0.0,0.0,0,4.882,4.295,5.47,-0.018
2026-09-29,2026-09-29T23:38:04+00:00,2026,5,5,535818,546,Adingra,Simon,Adingra,MID,20,56,Sunderland,4.9,5.0,-0.1,0,0,0,0,0,0,0,0,0.0,0.0,0.0,240,7415,0.0032,0.0987,-0.0955,0.0,0.0,0.0,0.0,u,Has joined Ajax on loan for the rest of the season,2026-08-20T14:00:08.416985Z,0.0,0.0,0.0,0.0,0.0,0.0,0,0,0,0,0,0,0,0,0,0.0,0.0,0.0,0.0,0,0,0,0,,,,0,False,559,0.0,0,187,0.0,0,False,,0.0,0,0.0,0,0.0,0,5.0,0,0,0,0,0.0,0.0,0,4.773,4.186,5.36,-0.127
2026-09-29,2026-09-29T23:38:04+00:00,2026,5,5,535928,376,Bajcetic,Stefan,Bajčetić Maquieira,MID,14,14,Liverpool,5.0,5.0,0.0,0,0,0,0,0,0,0,0,0.0,0.0,0.0,19,106,0.0003,0.0014,-0.0012,0.0,0.0,0.0,0.0,u,Has joined Celta Vigo permanently,2026-07-23T12:01:23.628373Z,0.0,0.0,0.0,0.0,0.0,0.0,0,0,0,0,0,0,0,0,0,0.0,0.0,0.0,0.0,0,0,0,0,,,,0,False,663,0.0,0,2,0.0,0,False,,0.0,0,0.0,0,0.0,0,5.0,0,0,0,0,0.0,0.0,0,4.914,4.326,5.502,-0.086
2026-09-29,2026-09-29T23:38:04+00:00,2026,5,5,536661,551,N.Angulo,Nilson,Angulo,MID,20,56,Sunderland,5.0,5.0,0.0,16,313,5,1,1,1,0,67,3.2,3.2,0.1,12777,10556,0.1701,0.1406,0.0296,15.7,72.2,38.3,47.0,a,,,,,2.7,0.5,2.7,2.7,4,5,0,7,0,0,0,1,0,0.6,0.13,0.73,4.56,24,5,14,5,,1.0,,0,False,391,0.0,498,768,1.3,0,False,,1.3,1,1.3,1,1.3,1,5.0,2379,122,8,8,3.2,24.3,0,5.935,5.347,6.523,0.935
2026-09-29,2026-09-29T23:38:04+00:00,2026,5,5,536694,217,M.França,Matheus,França de Oliveira,MID,8,31,Crystal Palace,4.9,5.0,-0.1,0,0,0,0,0,0,0,0,0.0,0.0,0.0,1007,3435,0.0134,0.0457,-0.0323,0.0,0.0,0.0,0.0,u,Has joined Alverca on loan for the rest of the season,2026-09-11T14:42:19.322912Z,0.0,0.0,0.0,0.0,0.0,0.0,0,0,0,0,0,0,0,0,0,0.0,0.0,0.0,0.0,0,0,0,0,,,,0,False,607,0.0,0,153,0.0,0,False,,0.0,0,0.0,0,0.0,0,5.0,0,0,0,0,0.0,0.0,0,4.759,4.171,5.347,-0.141
2026-09-29,2026-09-29T23:38:04+00:00,2026,5,5,536916,128,Buonanotte,Facundo,Buonanotte,MID,5,36,Brighton,5.0,5.0,0.0,0,0,0,0,0,0,0,0,0.0,0.0,0.0,0,330,0.0,0.0044,-0.0044,0.0,0.0,0.0,0.0,u,Has joined Elche on loan for the rest of the season,2026-08-10T14:03:07.561436Z,0.0,0.0,0.0,0.0,0.0,0.0,0,0,0,0,0,0,0,0,0,0.0,0.0,0.0,0.0,0,0,0,0,,,,0,False,657,0.0,0,7,0.0,0,False,,0.0,0,0.0,0,0.0,0,5.0,0,0,0,0,0.0,0.0,0,4.801,4.213,5.389,-0.199
2026-09-29,2026-09-29T23:38:04+00:00,2026,5,5,538007,594,David,Promise,David,FWD,5,36,Brighton,5.9,6.0,-0.1,1,23,2,0,0,0,0,-4,0.5,0.2,0.2,14969,22436,0.1993,0.2987,-0.0994,0.4,0.0,3.7,4.0,a,,,,,0.0,0.0,0.0,0.0,0,0,0,0,0,0,0,1,0,0.42,0.0,0.42,0.14,0,0,0,0,2.0,,,0,False,323,-0.1,3107,2163,0.6,0,False,,0.6,1,0.6,1,0.6,1,5.0,175,8,0,0,0.5,1.3,0,5.31,4.721,5.898,-0.59
2026-09-29,2026-09-29T23:38:04+00:00,2026,5,5,538207,465,Osula,William,Osula,FWD,17,4,Newcastle,5.8,6.0,-0.2,4,55,1,0,1,0,0,18,4.0,0.7,0.3,21444,86605,0.2855,1.1532,-0.8677,5.0,28.2,13.7,8.0,i,Foot injury - Unknown return date,2026-08-25T19:00:08.004915Z,0.0,0.0,0.0,0.0,0.0,0.0,0,1,0,1,0,0,0,0,0,0.06,0.14,0.2,1.48,5,1,2,2,1.0,4.0,,0,False,288,-0.1,121,2300,-7.8,0,False,,-7.8,-1,-7.8,-1,-7.8,-1,5.0,418,30,0,8,4.0,5.2,0,5.854,5.264,6.444,0.054
2026-09-29,2026-09-29T23:38:04+00:00,2026,5,5,538638,479,Bindon,Tyler,Bindon,DEF,18,17,Nott'm Forest,4.0,4.0,0.0,0,0,0,0,0,0,0,0,0.0,0.0,0.1,799,8641,0.0106,0.1151,-0.1044,0.0,0.0,0.0,0.0,u,Has joined Charlton Athletic on loan for the rest of the season,2026-09-01T13:16:05.383880Z,0.0,0.0,0.0,0.0,0.0,0.0,0,0,0,0,0,0,0,0,0,0.0,0.0,0.0,0.0,0,0,0,0,,,,0,False,405,0.0,0,511,0.0,0,False,,0.0,0,0.0,0,0.0,0,5.0,0,0,0,0,0.0,0.0,0,4.007,3.42,4.594,0.007
2026-09-29,2026-09-29T23:38:04+00:00,2026,5,5,539142,182,Amenda,Aurèle,Amenda,DEF,7,9,Coventry City,4.0,4.0,0.0,4,360,4,0,0,0,0,-3,1.0,1.0,0.6,11479,33562,0.1528,0.4469,-0.294,9.4,62.8,14.5,15.0,i,Calf injury - Unknown return date,2026-09-17T07:30:09.329041Z,25.0,0.0,0.7,0.2,0.2,0.0,0,4,0,10,0,0,0,1,0,0.02,0.39,0.41,7.53,24,1,11,23,,,,0,False,231,0.0,34,6660,-53.0,-2,False,,-53.1,-3,-53.2,-3,-53.4,-3,5.0,2736,30,0,0,1.0,7.6,0,3.892,3.303,4.481,-0.108
2026-09-29,2026-09-29T23:38:04+00:00,2026,5,5,540324,286,Belloumi,Mohamed,Belloumi,MID,11,88,Hull City,5.1,5.0,0.1,31,394,5,2,2,3,2,111,6.2,6.1,5.1,504207,84045,6.7138,1.1191,5.5947,32.5,157.8,67.5,100.0,a,,,,,7.3,1.4,7.3,7.3,4,5,0,3,0,0,0,1,0,0.72,0.43,1.15,6.44,44,16,14,14,,2.0,2.0,1,False,74,0.0,74271,24007,36.1,14,False,,36.2,2,36.5,2,36.7,2,5.0,2994,236,15,15,6.2,38.7,1,7.064,6.471,7.658,1.964
2026-09-29,2026-09-29T23:38:04+00:00,2026,5,5,543158,568,Barco,Valentín,Barco,MID,6,8,Chelsea,5.4,5.5,-0.1,3,115,3,0,0,0,0,29,1.0,0.6,0.1,3150,7005,0.0419,0.0933,-0.0513,3.0,12.8,7.2,11.0,a,,,,,0.7,0.1,0.7,0.7,2,1,0,3,0,0,0,1,0,0.07,0.11,0.18,2.83,12,3,5,4,,,,0,False,387,0.0,227,438,-14.1,0,False,,-14.1,-1,-14.1,-1,-14.1,-1,5.0,874,23,0,0,1.0,4.2,0,5.141,4.554,5.729,-0.259
2026-09-29,2026-09-29T23:38:04+00:00,2026,5,5,543295,99,Milambo,Antoni,Milambo,MID,4,94,Brentford,5.0,5.0,0.0,0,0,0,0,0,0,0,0,0.0,0.0,0.0,115,159,0.0015,0.0021,-0.0006,0.0,0.0,0.0,0.0,i,Knee injury - Unknown return date,2026-07-23T12:01:23.384798Z,0.0,0.0,0.0,0.0,0.0,0.0,0,0,0,0,0,0,0,0,0,0.0,0.0,0.0,0.0,0,0,0,0,,,,0,False,658,0.0,6,7,-42.1,0,False,,-42.1,-3,-42.1,-3,-42.1,-3,5.0,0,0,0,0,0.0,0.0,0,4.759,4.17,5.347,-0.241
2026-09-29,2026-09-29T23:38:04+00:00,2026,5,5,543968,316,Emersonn,Emersonn,Correia da Silva,FWD,12,40,Ipswich Town,5.5,5.5,0.0,26,317,5,2,1,0,6,110,5.2,4.7,3.5,316746,141810,4.2176,1.8883,2.3294,25.3,98.8,50.4,104.0,a,,2026-08-31T09:30:08.306145Z,100.0,100.0,5.3,1.0,5.3,5.3,2,5,0,6,0,0,0,0,0,1.61,0.12,1.73,4.29,10,3,4,3,2.0,,,1,False,96,0.0,33048,22536,82.7,9,False,,82.9,3,83.0,3,83.1,3,5.0,2409,198,15,8,5.2,35.9,0,6.986,6.395,7.578,1.486
2026-09-29,2026-09-29T23:38:04+00:00,2026,5,5,544877,358,Kerkez,Milos,Kerkez,DEF,14,14,Liverpool,5.3,5.5,-0.2,13,385,5,0,0,2,0,63,2.6,2.5,2.2,47579,187482,0.6335,2.4964,-1.8629,13.7,75.4,47.3,14.0,a,,,,,4.0,0.8,4.0,4.0,6,4,0,4,0,0,0,2,0,0.07,0.08,0.15,5.65,30,8,10,22,,,,0,False,121,-0.1,2562,10110,-0.0,0,True,,0.0,0,0.0,0,0.0,0,5.0,2926,99,0,0,2.6,18.6,0,5.027,4.439,5.615,-0.273
2026-09-29,2026-09-29T23:38:04+00:00,2026,5,5,545477,451,A.Murphy,Alex,Murphy,DEF,17,4,Newcastle,4.0,4.0,0.0,0,0,0,0,0,0,0,0,0.0,0.0,0.1,0,6934,0.0,0.0923,-0.0923,0.0,0.0,0.0,0.0,u,Has joined FC Kaiserslautern on loan for the rest of the season,2026-08-12T14:05:29.224600Z,0.0,0.0,0.0,0.0,0.0,0.0,0,0,0,0,0,0,0,0,0,0.0,0.0,0.0,0.0,0,0,0,0,,,,0,False,489,0.0,0,283,0.0,0,False,,0.0,0,0.0,0,0.0,0,5.0,0,0,0,0,0.0,0.0,0,4.023,3.435,4.611,0.023
2026-09-29,2026-09-29T23:38:04+00:00,2026,5,5,546600,554,Van Oevelen,Kayne,van Oevelen,GK,12,40,Ipswich Town,4.5,4.5,0.0,0,0,0,0,0,0,0,0,0.0,0.0,0.0,54,1953,0.0007,0.026,-0.0253,0.0,0.0,0.0,0.0,u,Has joined Valencia on loan for the rest of the season,2026-08-25T14:04:09.529320Z,0.0,0.0,0.0,0.0,0.0,0.0,0,0,0,0,0,0,0,0,0,0.0,0.0,0.0,0.0,0,0,0,0,,,,0,False,583,0.0,0,79,0.0,0,False,,0.0,0,0.0,0,0.0,0,5.0,0,0,0,0,0.0,0.0,0,4.255,3.668,4.843,-0.245
2026-09-29,2026-09-29T23:38:04+00:00,2026,5,5,547027,543,Diarra,Habib,Diarra,MID,20,56,Sunderland,5.3,5.5,-0.2,5,28,2,0,1,0,0,18,2.5,0.9,0.0,558,5908,0.0074,0.0787,-0.0712,2.9,15.6,10.9,2.0,i,Hamstring injury - Unknown return date,2026-08-30T16:30:08.428960Z,0.0,0.0,0.0,0.0,0.0,0.0,0,0,0,1,0,0,0,0,0,0.03,0.16,0.19,0.12,0,0,0,0,1.0,,,0,False,561,-0.1,20,225,-0.1,0,False,,-0.1,-1,-0.1,-1,-0.1,-1,5.0,213,38,0,8,2.5,7.2,0,5.53,4.942,6.118,0.23
2026-09-29,2026-09-29T23:38:04+00:00,2026,5,5,547037,434,J.Fletcher,Jack,Fletcher,MID,16,1,Man Utd,4.9,5.0,-0.1,0,0,0,0,0,0,0,0,0.0,0.0,0.0,322,705,0.0043,0.0094,-0.0051,0.0,0.0,0.0,0.0,a,,,,,0.0,0.0,0.0,0.0,0,0,0,0,0,0,0,0,0,0.0,0.0,0.0,0.0,0,0,0,0,,,,0,False,605,0.0,42,57,-38.4,0,False,,-38.4,-2,-38.4,-2,-38.4,-2,5.0,0,0,0,0,0.0,0.0,0,4.881,4.293,5.468,-0.019
2026-09-29,2026-09-29T23:38:04+00:00,2026,5,5,547676,425,Fredricson,Tyler,Fredricson,DEF,16,1,Man Utd,4.0,4.0,0.0,0,0,0,0,0,0,0,0,0.0,0.0,0.0,0,1315,0.0,0.0175,-0.0175,0.0,0.0,0.0,0.0,u,Has joined Lausanne-Sport permanently,2026-08-18T14:12:31.904433Z,0.0,0.0,0.0,0.0,0.0,0.0,0,0,0,0,0,0,0,0,0,0.0,0.0,0.0,0.0,0,0,0,0,,,,0,False,602,0.0,0,47,0.0,0,False,,0.0,0,0.0,0,0.0,0,5.0,0,0,0,0,0.0,0.0,0,4.113,3.525,4.7,0.113
2026-09-29,2026-09-29T23:38:04+00:00,2026,5,5,547686,610,De Fougerolles,Luc,De Fougerolles,DEF,10,54,Fulham,4.0,4.0,0.0,0,0,0,0,0,0,0,0,0.0,0.0,0.1,5787,5239,0.0771,0.0698,0.0073,0.0,0.0,0.0,0.0,u,has joined  Real Salt Lake on loan for the rest of the seaon.,2026-08-28T11:30:08.336405Z,0.0,0.0,0.0,0.0,0.0,0.0,0,0,0,0,0,0,0,0,0,0.0,0.0,0.0,0.0,0,0,0,0,,,,0,False,467,0.0,0,493,0.0,0,False,,0.0,0,0.0,0,0.0,0,5.0,0,0,0,0,0.0,0.0,0,4.007,3.42,4.594,0.007
2026-09-29,2026-09-29T23:38:04+00:00,2026,5,5,547701,522,Gray,Archie,Gray,MID,19,6,Spurs,4.9,5.0,-0.1,9,307,4,0,0,1,0,51,2.2,1.8,0.2,6832,13342,0.091,0.1777,-0.0867,7.0,28.4,14.6,27.0,a,,,,,1.7,0.3,1.7,1.7,2,3,0,7,0,0,0,0,0,0.23,0.05,0.28,6.11,27,5,12,10,,,,0,False,345,0.0,455,1171,-23.5,0,False,,-23.5,-2,-23.5,-2,-23.5,-2,5.0,2333,68,0,0,2.2,14.0,0,4.927,4.339,5.515,0.027
2026-09-29,2026-09-29T23:38:04+00:00,2026,5,5,547719,459,L.Miley,Lewis,Miley,MID,17,4,Newcastle,5.5,5.5,0.0,12,396,5,0,0,1,0,68,2.4,2.2,0.1,6326,5449,0.0842,0.0726,0.0117,12.0,58.4,57.3,5.0,a,,2026-07-23T12:01:23.785456Z,100.0,100.0,2.0,0.4,2.0,2.0,4,5,0,8,1,0,0,1,0,0.05,0.14,0.19,7.95,52,6,26,20,,,5.0,0,False,441,0.0,462,442,0.6,0,False,,0.6,1,0.6,1,0.6,1,5.0,3010,91,0,0,2.4,16.6,0,5.159,4.57,5.747,-0.341
2026-09-29,2026-09-29T23:38:04+00:00,2026,5,5,548308,507,Phillips,Ashley,Phillips,DEF,19,6,Spurs,4.5,4.5,0.0,0,0,0,0,0,0,0,0,0.0,0.0,0.0,0,1269,0.0,0.0169,-0.0169,0.0,0.0,0.0,0.0,u,Has joined Middlesbrough permanently,2026-08-18T14:13:08.474144Z,0.0,0.0,0.0,0.0,0.0,0.0,0,0,0,0,0,0,0,0,0,0.0,0.0,0.0,0.0,0,0,0,0,,,,0,False,599,0.0,0,54,0.0,0,False,,0.0,0,0.0,0,0.0,0,5.0,0,0,0,0,0.0,0.0,0,4.34,3.752,4.928,-0.16
2026-09-29,2026-09-29T23:38:04+00:00,2026,5,5,549067,477,Abbott,Zach,Abbott,DEF,18,17,Nott'm Forest,4.0,4.0,0.0,0,0,0,0,0,0,0,0,0.0,0.0,0.1,2459,13876,0.0327,0.1848,-0.152,0.0,0.0,0.0,0.0,u,Has joined Southampton on loan for the rest of the season,2026-09-02T16:19:54.536676Z,0.0,0.0,0.0,0.0,0.0,0.0,0,0,0,0,0,0,0,0,0,0.0,0.0,0.0,0.0,0,0,0,0,,,,0,False,373,0.0,0,803,0.0,0,False,,0.0,0,0.0,0,0.0,0,5.0,0,0,0,0,0.0,0.0,0,4.007,3.42,4.594,0.007
2026-09-29,2026-09-29T23:38:04+00:00,2026,5,5,549074,133,Watson,Tom,Watson,MID,5,36,Brighton,5.0,5.0,0.0,0,0,0,0,0,0,0,0,0.0,0.0,0.0,0,135,0.0,0.0018,-0.0018,0.0,0.0,0.0,0.0,u,Has joined Leicester City on loan for the rest of the season,2026-08-03T14:05:44.459483Z,0.0,0.0,0.0,0.0,0.0,0.0,0,0,0,0,0,0,0,0,0,0.0,0.0,0.0,0.0,0,0,0,0,,,,0,False,664,0.0,0,4,0.0,0,False,,0.0,0,0.0,0,0.0,0,5.0,0,0,0,0,0.0,0.0,0,4.801,4.213,5.389,-0.199
2026-09-29,2026-09-29T23:38:04+00:00,2026,5,5,549653,197,Bassette,Norman,Bassette,FWD,7,9,Coventry City,4.5,4.5,0.0,0,0,0,0,0,0,0,0,0.0,0.0,0.0,0,2100,0.0,0.028,-0.028,0.0,0.0,0.0,0.0,u,Has joined KVC Westerlo on loan for the rest of the season,2026-07-28T12:58:50.001768Z,0.0,0.0,0.0,0.0,0.0,0.0,0,0,0,0,0,0,0,0,0,0.0,0.0,0.0,0.0,0,0,0,0,,,,0,False,560,0.0,0,141,0.0,0,False,,0.0,0,0.0,0,0.0,0,5.0,0,0,0,0,0.0,0.0,0,4.517,3.93,5.105,0.017
2026-09-29,2026-09-29T23:38:04+00:00,2026,5,5,549912,549,Talbi,Chemsdine,Talbi,MID,20,56,Sunderland,5.3,5.5,-0.2,1,31,1,0,0,0,0,1,1.0,0.2,0.1,1338,11779,0.0178,0.1568,-0.139,0.0,0.0,0.9,0.0,a,,,,,0.0,0.0,0.0,0.0,0,0,0,1,0,0,0,0,0,0.0,0.0,0.0,0.14,2,0,2,0,,,,0,False,382,0.0,105,559,-28.8,0,False,,-28.8,-2,-28.8,-2,-28.8,-2,5.0,236,8,0,0,1.0,1.4,0,5.027,4.44,5.614,-0.273
2026-09-29,2026-09-29T23:38:04+00:00,2026,5,5,549939,560,Penders,Mike,Penders,GK,6,8,Chelsea,4.4,4.5,-0.1,0,0,0,0,0,0,0,0,0.0,0.0,0.1,2017,3613,0.0269,0.0481,-0.0213,0.0,0.0,0.0,0.0,a,,,,,0.0,0.0,0.0,0.0,0,0,0,0,0,0,0,0,0,0.0,0.0,0.0,0.0,0,0,0,0,,,,0,False,472,0.0,242,293,-0.5,0,False,,-0.5,-1,-0.5,-1,-0.5,-1,5.0,0,0,0,0,0.0,0.0,0,4.333,3.744,4.921,-0.067
2026-09-29,2026-09-29T23:38:04+00:00,2026,5,5,549940,646,Fofana,Malick,Fofana,MID,20,56,Sunderland,5.5,5.5,0.0,3,60,3,0,0,0,0,11,1.0,0.5,0.0,4061,1723,0.0541,0.0229,0.0311,5.8,12.4,2.1,44.0,a,,,,,1.0,0.2,1.0,1.0,1,0,0,2,0,0,0,0,0,0.39,0.01,0.4,3.25,3,1,2,0,,,,0,False,539,0.0,325,295,-12.5,0,False,,-12.5,-1,-12.5,-1,-12.5,-1,5.0,456,23,0,0,1.0,4.1,0,5.11,4.523,5.697,-0.39
2026-09-29,2026-09-29T23:38:04+00:00,2026,5,5,550090,117,Coppola,Diego,Coppola,DEF,5,36,Brighton,4.5,4.5,0.0,0,0,0,0,0,0,0,0,0.0,0.0,0.0,919,1057,0.0122,0.0141,-0.0018,0.0,0.0,0.0,0.0,a,,,,,0.0,0.0,0.0,0.0,0,0,0,0,0,0,0,0,0,0.0,0.0,0.0,0.0,0,0,0,0,,,,0,False,573,0.0,107,94,-11.1,0,False,,-11.1,-1,-11.1,-1,-11.1,-1,5.0,0,0,0,0,0.0,0.0,0,4.272,3.684,4.86,-0.228
2026-09-29,2026-09-29T23:38:04+00:00,2026,5,5,550615,242,George,Tyrique,George,MID,9,11,Everton,5.5,5.5,0.0,19,309,5,1,0,2,3,77,3.8,3.5,0.9,107026,42170,1.4251,0.5615,0.8636,22.5,64.0,86.2,75.0,a,,,,,4.7,0.9,4.7,4.7,1,4,0,3,0,0,0,0,0,0.35,0.32,0.67,3.71,18,1,12,5,,,,0,False,190,0.0,2361,10506,29.8,-2,False,,29.8,2,29.7,2,29.7,2,5.0,2348,144,8,0,3.8,26.3,0,6.01,5.42,6.599,0.51
2026-09-29,2026-09-29T23:38:04+00:00,2026,5,5,550839,517,Odobert,Wilson,Odobert,MID,19,6,Spurs,5.5,5.5,0.0,0,0,0,0,0,0,0,0,0.0,0.0,0.0,126,109,0.0017,0.0015,0.0002,0.0,0.0,0.0,0.0,i,Knee injury - Unknown return date,2026-07-23T12:01:23.879434Z,0.0,0.0,0.0,0.0,0.0,0.0,0,0,0,0,0,0,0,0,0,0.0,0.0,0.0,0.0,0,0,0,0,,,,0,False,660,0.0,24,14,0.0,0,False,,0.0,0,0.0,0,0.0,0,5.0,0,0,0,0,0.0,0.0,0,5.151,4.563,5.739,-0.349
2026-09-29,2026-09-29T23:38:04+00:00,2026,5,5,550864,420,Yoro,Leny,Yoro,DEF,16,1,Man Utd,4.8,5.0,-0.2,2,22,2,0,0,0,0,-1,1.0,0.4,0.5,5238,35966,0.0697,0.4789,-0.4092,1.3,7.8,2.4,2.0,a,,,,,0.3,0.1,0.3,0.3,0,0,0,2,0,0,0,0,0,0.0,0.02,0.02,1.09,5,2,1,3,,,,0,False,259,-0.1,456,2124,-10.3,-2,False,,-10.6,-1,-10.9,-1,-11.2,-1,5.0,167,15,0,0,1.0,3.2,0,4.652,4.064,5.24,-0.148
2026-09-29,2026-09-29T23:38:04+00:00,2026,5,5,551050,635,Larsson,Hugo,Larsson,MID,10,54,Fulham,5.0,5.0,0.0,3,37,3,0,0,0,0,9,1.0,0.6,0.0,836,303,0.0111,0.004,0.0071,1.8,6.8,1.9,9.0,a,,,,,1.0,0.2,1.0,1.0,1,0,0,1,0,0,0,0,0,0.13,0.23,0.36,0.88,6,1,3,2,,,,0,False,619,0.0,91,70,0.0,0,False,,0.0,0,0.0,0,0.0,0,5.0,281,23,0,0,1.0,4.6,0,4.857,4.27,5.444,-0.143
2026-09-29,2026-09-29T23:38:04+00:00,2026,5,5,551210,148,Hato,Jorrel,Hato,DEF,6,8,Chelsea,4.5,4.5,0.0,8,258,4,0,2,0,0,14,2.0,1.8,0.8,91189,59546,1.2142,0.7929,0.4213,14.0,77.0,47.1,15.0,a,,,,,1.0,0.2,1.0,1.0,0,4,0,9,0,0,0,0,0,0.01,0.21,0.22,4.81,18,7,9,11,,,,0,False,199,0.0,794,7219,12.5,0,False,,12.5,1,12.5,1,12.5,1,5.0,1961,61,0,15,2.0,13.5,0,5.095,4.501,5.689,0.595
2026-09-29,2026-09-29T23:38:04+00:00,2026,5,5,551226,525,Fernandes,Mateus,Fernandes,MID,19,6,Spurs,5.7,6.0,-0.3,7,249,5,0,0,1,0,50,1.4,1.2,0.8,14436,124593,0.1922,1.659,-1.4668,14.6,24.2,92.6,34.0,a,,,,,1.3,0.2,1.3,1.3,1,3,0,4,0,0,0,1,0,0.19,0.28,0.47,4.43,21,7,12,2,,,4.0,0,False,204,-0.1,455,6506,-9.5,0,False,,-9.5,-1,-9.5,-1,-9.5,-1,5.0,1892,53,0,0,1.4,9.3,0,5.337,4.749,5.924,-0.363
2026-09-29,2026-09-29T23:38:04+00:00,2026,5,5,551262,196,Markelo,Jahnoah,Markelo,FWD,7,9,Coventry City,5.0,5.0,0.0,0,0,0,0,0,0,0,0,0.0,0.0,0.0,0,1187,0.0,0.0158,-0.0158,0.0,0.0,0.0,0.0,u,Has joined Shabab Al-Ahli Dubai permanently,2026-08-17T13:53:55.791223Z,0.0,0.0,0.0,0.0,0.0,0.0,0,0,0,0,0,0,0,0,0,0.0,0.0,0.0,0.0,0,0,0,0,,,,0,False,628,0.0,0,60,0.0,0,False,,0.0,0,0.0,0,0.0,0,5.0,0,0,0,0,0.0,0.0,0,4.792,4.204,5.38,-0.208
2026-09-29,2026-09-29T23:38:04+00:00,2026,5,5,551466,569,Gonzalo,Gonzalo,García,FWD,10,54,Fulham,6.0,6.0,0.0,14,425,5,1,0,2,0,53,2.8,2.3,3.9,426951,310805,5.6851,4.1385,1.5465,22.1,53.0,46.8,125.0,a,,,,,2.0,0.3,2.0,2.0,2,5,0,7,0,0,0,0,0,2.33,0.58,2.91,8.29,18,2,9,7,1.0,,,0,False,87,0.0,64642,31420,56.5,18,False,,56.7,3,57.0,3,57.2,3,5.0,3230,106,8,0,2.8,17.7,0,5.998,5.41,6.587,-0.002
2026-09-29,2026-09-29T23:38:04+00:00,2026,5,5,551499,377,Munoz,Victor,Munoz,MID,14,14,Liverpool,6.5,6.5,0.0,15,257,5,1,1,1,0,60,3.0,2.3,0.9,117377,101608,1.5629,1.353,0.21,18.5,56.2,42.4,86.0,a,,,,,1.7,0.3,1.7,1.7,1,3,0,2,0,0,0,1,0,0.52,0.31,0.83,4.63,16,3,8,5,,,,0,False,189,0.0,1394,11266,6.4,1,False,,6.4,1,6.4,1,6.4,1,5.0,1953,114,8,8,3.0,17.5,0,6.809,6.22,7.397,0.309
2026-09-29,2026-09-29T23:38:04+00:00,2026,5,5,552946,574,Hjertø-Dahl,Jens,Hjertø-Dahl,MID,11,88,Hull City,4.9,5.0,-0.1,1,8,1,0,0,0,0,4,1.0,0.2,0.1,1436,4440,0.0191,0.0591,-0.04,0.0,0.0,0.0,0.0,a,,,,,0.3,0.1,0.3,0.3,0,0,0,0,0,0,0,0,0,0.0,0.0,0.0,0.0,1,0,1,0,,,,0,False,491,0.0,75,320,-73.8,0,False,,-73.8,-3,-73.8,-3,-73.8,-3,5.0,61,8,0,0,1.0,1.6,0,4.802,4.215,5.389,-0.098
2026-09-29,2026-09-29T23:38:04+00:00,2026,5,5,553746,609,Shahar,Leo,Shahar,DEF,17,4,Newcastle,4.0,4.0,0.0,0,0,0,0,0,0,0,0,0.0,0.0,0.2,18236,15729,0.2428,0.2094,0.0334,0.0,0.0,0.0,0.0,u,has joined Arouca on loan for the rest of the seaon.,2026-09-11T14:41:57.406766Z,0.0,0.0,0.0,0.0,0.0,0.0,0,0,0,0,0,0,0,0,0,0.0,0.0,0.0,0.0,0,0,0,0,,,,0,False,352,0.0,0,1831,0.0,0,False,,0.0,0,0.0,0,0.0,0,5.0,0,0,0,0,0.0,0.0,0,4.025,3.437,4.612,0.025
2026-09-29,2026-09-29T23:38:04+00:00,2026,5,5,553783,294,Zambrano,Óscar,Zambrano,MID,11,88,Hull City,4.5,4.5,0.0,0,0,0,0,0,0,0,0,0.0,0.0,0.1,3873,6812,0.0516,0.0907,-0.0391,0.0,0.0,0.0,0.0,a,,2026-08-04T18:30:11.016909Z,100.0,100.0,0.0,0.0,0.0,0.0,0,0,0,0,0,0,0,0,0,0.0,0.0,0.0,0.0,0,0,0,0,,,,0,False,429,0.0,144,483,-22.1,-2,False,,-24.6,-2,-27.2,-2,-29.8,-2,5.0,0,0,0,0,0.0,0.0,0,4.529,3.941,5.116,0.029
2026-09-29,2026-09-29T23:38:04+00:00,2026,5,5,554054,622,Braithwaite,Kaden,Braithwaite,DEF,15,43,Man City,4.0,4.0,0.0,1,1,1,0,0,0,0,3,1.0,0.2,0.2,16769,9165,0.2233,0.122,0.1013,0.1,0.6,0.8,0.0,a,,,,,0.0,0.0,0.0,0.0,0,0,0,0,0,0,0,0,0,0.0,0.0,0.0,0.0,0,0,1,0,,,,0,False,356,0.0,562,1614,-37.4,0,False,,-37.4,-2,-37.4,-2,-37.4,-2,5.0,8,8,0,0,1.0,1.9,0,4.272,3.684,4.86,0.272
2026-09-29,2026-09-29T23:38:04+00:00,2026,5,5,554197,548,Rigg,Chris,Rigg,MID,20,56,Sunderland,4.9,5.0,-0.1,2,17,2,0,0,0,0,6,1.0,0.4,0.0,467,2846,0.0062,0.0379,-0.0317,0.0,0.0,0.3,0.0,a,,,,,0.0,0.0,0.0,0.0,0,0,0,1,0,0,0,0,0,0.0,0.0,0.0,0.44,1,0,1,0,,,,0,False,501,0.0,30,226,-76.2,0,False,,-76.2,-3,-76.2,-3,-76.2,-3,5.0,129,15,0,0,1.0,3.1,0,4.819,4.232,5.407,-0.081
2026-09-29,2026-09-29T23:38:04+00:00,2026,5,5,554578,444,Jaouen,Ewen,Jaouen,GK,17,4,Newcastle,4.4,4.5,-0.1,0,0,0,0,0,0,0,0,0.0,0.0,0.0,453,1520,0.006,0.0202,-0.0142,0.0,0.0,0.0,0.0,d,Ankle injury - 50% chance of playing,2026-09-10T16:00:09.127466Z,50.0,50.0,0.0,0.0,0.0,0.0,0,0,0,0,0,0,0,0,0,0.0,0.0,0.0,0.0,0,0,0,0,,,,0,False,570,-0.1,20,115,-6.4,0,False,,-6.4,-1,-6.4,-1,-6.4,-1,5.0,0,0,0,0,0.0,0.0,0,4.247,3.659,4.835,-0.153
2026-09-29,2026-09-29T23:38:04+00:00,2026,5,5,556637,134,Oriola,Nehemiah,Oriola,MID,5,36,Brighton,4.5,4.5,0.0,0,0,0,0,0,0,0,0,0.0,0.0,0.2,8755,14187,0.1166,0.1889,-0.0723,0.0,0.0,0.0,0.0,a,,,,,0.0,0.0,0.0,0.0,0,0,0,0,0,0,0,0,0,0.0,0.0,0.0,0.0,0,0,0,0,,,,0,False,313,0.0,351,1319,-80.2,0,False,,-80.2,-3,-80.2,-3,-80.2,-3,5.0,0,0,0,0,0.0,0.0,0,4.53,3.942,5.117,0.03
2026-09-29,2026-09-29T23:38:04+00:00,2026,5,5,557012,321,Walle Egeli,Sindre,Walle Egeli,FWD,12,40,Ipswich Town,4.5,4.5,0.0,1,10,1,0,0,0,0,3,1.0,0.2,3.5,330169,210595,4.3964,2.8042,1.5922,0.0,0.0,0.1,0.0,a,,,,,0.0,0.0,0.0,0.0,0,0,0,0,0,0,0,0,0,0.0,0.0,0.0,0.03,0,0,0,0,,,,0,False,95,0.0,17548,26108,38.5,0,False,,38.5,2,38.5,2,38.5,2,5.0,76,8,0,0,1.0,1.7,0,4.604,4.016,5.192,0.104
2026-09-29,2026-09-29T23:38:04+00:00,2026,5,5,559152,595,Gozo,Zavier,Gozo,MID,8,31,Crystal Palace,4.9,5.0,-0.1,2,28,2,0,0,0,0,6,1.0,0.4,0.0,489,883,0.0065,0.0118,-0.0052,0.3,1.4,1.6,0.0,a,,,,,0.3,0.1,0.3,0.3,0,0,0,2,0,0,0,0,0,0.0,0.0,0.0,0.68,1,1,0,0,,,,0,False,600,-0.1,39,90,-0.9,0,False,,-0.9,-1,-0.9,-1,-0.9,-1,5.0,213,15,0,0,1.0,3.1,0,4.797,4.21,5.385,-0.103
2026-09-29,2026-09-29T23:38:04+00:00,2026,5,5,560262,78,Kroupi.Jr,Junior,Kroupi,MID,3,91,Bournemouth,7.4,7.5,-0.1,0,0,0,0,0,0,0,0,0.0,0.0,0.2,1229,27351,0.0164,0.3642,-0.3478,0.0,0.0,0.0,0.0,i,Foot injury - Expected back 7 Nov,2026-07-29T17:30:09.796802Z,0.0,0.0,0.0,0.0,0.0,0.0,0,0,0,0,0,0,0,0,0,0.0,0.0,0.0,0.0,0,0,0,0,1.0,,,0,False,347,0.0,183,833,-74.3,0,False,,-74.3,-3,-74.3,-3,-74.3,-3,5.0,0,0,0,0,0.0,0.0,0,6.243,5.65,6.835,-1.157
2026-09-29,2026-09-29T23:38:04+00:00,2026,5,5,560552,263,Kevin,Kevin,Santos Lopes de Macedo,MID,10,54,Fulham,5.3,5.5,-0.2,4,61,4,0,0,0,0,14,1.0,0.8,0.0,1994,4218,0.0266,0.0562,-0.0296,3.5,10.6,6.8,18.0,a,,,,,0.7,0.1,0.7,0.7,1,0,0,1,0,0,0,0,0,0.07,0.12,0.19,1.23,8,3,4,1,,,4.0,0,False,510,0.0,190,281,-13.0,0,False,,-13.0,-1,-13.0,-1,-13.0,-1,5.0,464,30,0,0,1.0,5.7,0,5.073,4.486,5.66,-0.227
2026-09-29,2026-09-29T23:38:04+00:00,2026,5,5,561245,81,Rodríguez,Álvaro,Rodríguez,FWD,3,91,Bournemouth,6.0,6.0,0.0,2,10,2,0,0,0,0,7,1.0,0.3,0.1,5448,6836,0.0725,0.091,-0.0185,0.1,0.0,0.5,0.0,a,,2026-08-15T16:30:07.054142Z,100.0,100.0,0.3,0.0,0.3,0.3,0,0,0,1,0,0,0,0,0,0.0,0.0,0.0,0.18,1,0,1,0,,,,0,False,388,0.0,741,705,-33.2,0,False,,-33.2,-2,-33.2,-2,-33.2,-2,5.0,76,15,0,0,1.0,2.5,0,5.407,4.818,5.996,-0.593
2026-09-29,2026-09-29T23:38:04+00:00,2026,5,5,565297,349,Mateo Joseph,Mateo,Joseph Fernández-Regatillo,FWD,13,2,Leeds,4.5,4.5,0.0,0,0,0,0,0,0,0,0,0.0,0.0,0.1,3091,4444,0.0412,0.0592,-0.018,0.0,0.0,0.0,0.0,i,Knee injury - Unknown return date,2026-07-29T18:00:10.338170Z,0.0,0.0,0.0,0.0,0.0,0.0,0,0,0,0,0,0,0,0,0,0.0,0.0,0.0,0.0,0,0,0,0,,,,0,False,495,0.0,305,470,-40.5,0,False,,-40.5,-3,-40.5,-3,-40.5,-3,5.0,0,0,0,0,0.0,0.0,0,4.519,3.931,5.107,0.019
2026-09-29,2026-09-29T23:38:04+00:00,2026,5,5,566213,656,Mfuni,Stephen,Mfuni,DEF,7,9,Coventry City,4.0,4.0,0.0,6,90,1,0,0,1,0,27,6.0,1.5,0.1,10123,2643,0.1348,0.0352,0.0996,2.2,17.6,0.7,4.0,a,,,,,3.0,0.8,3.0,3.0,6,1,0,0,0,0,0,0,0,0.0,0.01,0.01,1.1,8,1,3,7,,,,0,False,417,0.0,1811,842,0.0,0,False,,0.0,0,0.0,0,0.0,0,5.0,684,46,0,0,6.0,11.4,0,4.44,3.85,5.031,0.44
2026-09-29,2026-09-29T23:38:04+00:00,2026,5,5,567119,169,Mheuka,Shumaira,Mheuka,FWD,6,8,Chelsea,4.5,4.5,0.0,0,0,0,0,0,0,0,0,0.0,0.0,0.5,32129,25242,0.4278,0.3361,0.0917,0.0,0.0,0.0,0.0,a,,,,,0.0,0.0,0.0,0.0,0,0,0,0,0,0,0,0,0,0.0,0.0,0.0,0.0,0,0,0,0,,,,0,False,251,0.0,4408,3453,4.4,1,False,,4.4,1,4.4,1,4.4,1,5.0,0,0,0,0,0.0,0.0,0,4.626,4.037,5.215,0.126
2026-09-29,2026-09-29T23:38:04+00:00,2026,5,5,568420,581,Diomande,Ousmane,Diomande,DEF,18,17,Nott'm Forest,5.4,5.5,-0.1,7,163,3,0,0,0,0,17,2.3,1.3,0.5,13604,41665,0.1811,0.5548,-0.3736,5.2,32.4,1.0,19.0,a,,,,,2.3,0.4,2.3,2.3,2,2,0,2,0,0,0,0,0,0.16,0.01,0.17,1.45,19,1,10,18,,,,0,False,243,0.0,1482,2200,-49.3,0,False,,-49.3,-3,-49.3,-3,-49.3,-3,5.0,1239,53,0,0,2.3,9.9,0,4.925,4.338,5.512,-0.475
2026-09-29,2026-09-29T23:38:04+00:00,2026,5,5,569577,606,Rowe,Triston,Rowe,DEF,2,7,Aston Villa,4.0,4.0,0.0,0,0,0,0,0,0,0,0,0.0,0.0,0.2,13005,6139,0.1732,0.0817,0.0914,0.0,0.0,0.0,0.0,a,,,,,0.0,0.0,0.0,0.0,0,0,0,0,0,0,0,0,0,0.0,0.0,0.0,0.0,0,0,0,0,,,,0,False,360,0.0,309,884,0.2,0,False,,0.2,1,0.2,1,0.2,1,5.0,0,0,0,0,0.0,0.0,0,3.988,3.4,4.576,-0.012
2026-09-29,2026-09-29T23:38:04+00:00,2026,5,5,570241,92,Ji-soo,Kim,Ji-soo,DEF,4,94,Brentford,4.4,4.5,-0.1,0,0,0,0,0,0,0,0,0.0,0.0,0.0,492,960,0.0066,0.0128,-0.0062,0.0,0.0,0.0,0.0,a,,,,,0.0,0.0,0.0,0.0,0,0,0,0,0,0,0,0,0,0.0,0.0,0.0,0.0,0,0,0,0,,,,0,False,579,-0.1,58,88,-4.9,0,False,,-4.9,-1,-4.9,-1,-4.9,-1,5.0,0,0,0,0,0.0,0.0,0,4.205,3.616,4.794,-0.195
2026-09-29,2026-09-29T23:38:04+00:00,2026,5,5,570526,520,Bergvall,Lucas,Bergvall,MID,19,6,Spurs,5.3,5.5,-0.2,3,78,3,0,0,0,0,13,1.0,0.6,0.1,1881,9543,0.025,0.1271,-0.102,2.9,11.0,10.8,11.0,a,,,,,0.7,0.1,0.7,0.7,1,1,0,2,0,0,0,0,0,0.06,0.27,0.33,2.21,13,3,9,1,,,,0,False,374,-0.1,101,610,-2.8,0,False,,-2.8,-1,-2.8,-1,-2.8,-1,5.0,593,23,0,0,1.0,4.3,0,5.107,4.519,5.694,-0.193
2026-09-29,2026-09-29T23:38:04+00:00,2026,5,5,570794,588,Khalaili,Anan,Khalaili,DEF,8,31,Crystal Palace,5.0,5.0,0.0,19,379,5,1,0,1,0,54,3.8,3.8,0.3,34684,15323,0.4618,0.204,0.2578,22.5,128.2,48.8,48.0,a,,,,,5.3,1.1,5.3,5.3,6,4,0,8,0,0,0,1,0,0.96,0.33,1.29,8.41,44,21,26,23,,,,0,False,285,0.0,1991,1069,6.6,0,False,,6.6,1,6.6,1,6.6,1,5.0,2880,144,8,0,3.8,28.9,0,5.412,4.822,6.001,0.412
2026-09-29,2026-09-29T23:38:04+00:00,2026,5,5,571380,607,Lynch,Luka,Lynch,MID,2,7,Aston Villa,4.5,4.5,0.0,0,0,0,0,0,0,0,0,0.0,0.0,0.1,7103,8137,0.0946,0.1083,-0.0138,0.0,0.0,0.0,0.0,u,Has joined Oxford United on loan until January,2026-09-04T12:35:39.820426Z,0.0,0.0,0.0,0.0,0.0,0.0,0,0,0,0,0,0,0,0,0,0.0,0.0,0.0,0.0,0,0,0,0,,,,0,False,475,0.0,0,693,0.0,0,False,,0.0,0,0.0,0,0.0,0,5.0,0,0,0,0,0.0,0.0,0,4.509,3.921,5.096,0.009
2026-09-29,2026-09-29T23:38:04+00:00,2026,5,5,571779,570,Palacios,César,Palacios,MID,10,54,Fulham,5.4,5.5,-0.1,12,226,4,1,0,0,1,48,3.0,2.2,0.2,5979,10570,0.0796,0.1407,-0.0611,14.0,45.4,32.6,62.0,a,,,,,3.0,0.6,3.0,3.0,1,3,0,7,0,0,0,1,0,0.98,0.03,1.01,5.46,17,3,10,4,,,,0,False,357,0.0,690,924,-7.0,0,False,,-7.0,-1,-7.0,-1,-7.0,-1,5.0,1718,91,8,0,3.0,16.9,0,5.786,5.199,6.374,0.386
2026-09-29,2026-09-29T23:38:04+00:00,2026,5,5,572584,592,Ouattara,Abdoul,Ouattara,DEF,12,40,Ipswich Town,4.0,4.0,0.0,6,131,5,0,0,0,0,29,1.2,1.5,0.9,13448,26154,0.1791,0.3483,-0.1692,7.6,31.6,36.2,9.0,a,,,,,1.3,0.3,1.3,1.3,2,1,0,2,0,0,0,0,0,0.02,0.03,0.05,3.13,11,4,14,7,,,,0,False,198,0.0,663,2018,-31.4,0,False,,-31.4,-2,-31.4,-2,-31.4,-2,5.0,996,46,0,0,1.2,11.4,0,4.146,3.558,4.733,0.146
2026-09-29,2026-09-29T23:38:04+00:00,2026,5,5,574458,150,M.Sarr,Mamadou,Sarr,DEF,6,8,Chelsea,4.5,4.5,0.0,0,0,0,0,0,0,0,0,0.0,0.0,0.0,429,5981,0.0057,0.0796,-0.0739,0.0,0.0,0.0,0.0,u,Has joined Real Sociedad on loan for the rest of the season,2026-08-29T00:34:23.077418Z,0.0,0.0,0.0,0.0,0.0,0.0,0,0,0,0,0,0,0,0,0,0.0,0.0,0.0,0.0,0,0,0,0,,,,0,False,552,0.0,0,165,0.0,0,False,,0.0,0,0.0,0,0.0,0,5.0,0,0,0,0,0.0,0.0,0,4.373,3.785,4.96,-0.127
2026-09-29,2026-09-29T23:38:04+00:00,2026,5,5,575204,407,Echeverri,Claudio,Echeverri,MID,15,43,Man City,4.9,5.0,-0.1,0,0,0,0,0,0,0,0,0.0,0.0,0.0,250,1340,0.0033,0.0178,-0.0145,0.0,0.0,0.0,0.0,u,Has joined Benfica on loan for the rest of the season,2026-09-03T15:41:24.710479Z,0.0,0.0,0.0,0.0,0.0,0.0,0,0,0,0,0,0,0,0,0,0.0,0.0,0.0,0.0,0,0,0,0,,,,0,False,616,0.0,0,51,0.0,0,False,,0.0,0,0.0,0,0.0,0,5.0,0,0,0,0,0.0,0.0,0,4.997,4.409,5.585,0.097
2026-09-29,2026-09-29T23:38:04+00:00,2026,5,5,575458,474,Jair Cunha,Jair,Paula da Cunha Filho,DEF,18,17,Nott'm Forest,4.5,4.5,0.0,11,360,4,0,0,1,0,40,2.8,2.4,0.2,9741,13153,0.1297,0.1751,-0.0454,8.6,69.6,14.2,2.0,a,,2026-09-12T14:00:09.724349Z,75.0,100.0,3.0,0.7,2.2,3.0,1,4,0,4,0,0,0,2,0,0.05,0.02,0.07,3.95,36,7,8,29,,,,0,False,340,0.0,235,627,-47.3,0,False,,-47.3,-3,-47.3,-3,-47.3,-3,5.0,2736,84,0,0,2.8,18.6,0,4.44,3.853,5.027,-0.06
2026-09-29,2026-09-29T23:38:04+00:00,2026,5,5,575476,472,Murillo,Murillo,Costa dos Santos,DEF,18,17,Nott'm Forest,5.5,5.5,0.0,23,449,5,0,1,1,0,76,4.6,4.2,2.1,103513,61189,1.3783,0.8148,0.5636,21.4,124.2,62.6,27.0,a,,2026-07-23T12:01:23.801183Z,100.0,100.0,6.0,1.1,6.0,6.0,4,5,0,5,0,0,0,1,0,0.42,0.37,0.79,4.77,53,9,18,44,,2.0,,0,False,125,0.0,8016,7928,23.7,0,False,,23.7,2,23.7,2,23.7,2,5.0,3412,175,0,8,4.6,31.8,0,5.57,4.981,6.16,0.07
2026-09-29,2026-09-29T23:38:04+00:00,2026,5,5,575901,66,Soler,Julio,Soler Barreto,DEF,3,91,Bournemouth,4.0,4.0,0.0,0,0,0,0,0,0,0,0,0.0,0.0,0.3,13811,10984,0.1839,0.1463,0.0376,0.0,0.0,0.0,0.0,a,,2026-08-15T16:30:07.021055Z,100.0,100.0,0.0,0.0,0.0,0.0,0,0,0,0,0,0,0,0,0,0.0,0.0,0.0,0.0,0,0,0,0,,,,0,False,307,0.0,720,1099,1.4,0,False,,1.4,1,1.4,1,1.4,1,5.0,0,0,0,0,0.0,0.0,0,4.015,3.427,4.603,0.015
2026-09-29,2026-09-29T23:38:04+00:00,2026,5,5,576620,437,Bendito Mantato,Bendito,Mantato,MID,16,1,Man Utd,4.4,4.5,-0.1,0,0,0,0,0,0,0,0,0.0,0.0,0.2,5061,9617,0.0674,0.1281,-0.0607,0.0,0.0,0.0,0.0,a,,,,,0.0,0.0,0.0,0.0,0,0,0,0,0,0,0,0,0,0.0,0.0,0.0,0.0,0,0,0,0,,,,0,False,355,-0.1,397,836,0.0,0,False,,0.0,0,0.0,0,0.0,0,5.0,0,0,0,0,0.0,0.0,0,4.613,4.026,5.201,0.213
2026-09-29,2026-09-29T23:38:04+00:00,2026,5,5,576628,435,Lacey,Shea,Lacey,MID,16,1,Man Utd,4.9,5.0,-0.1,1,10,1,0,0,0,0,3,1.0,0.2,0.1,1722,3314,0.0229,0.0441,-0.0212,0.1,0.2,0.6,0.0,a,,,,,0.0,0.0,0.0,0.0,0,0,0,0,0,0,0,0,0,0.0,0.0,0.0,0.0,1,0,1,0,,,,0,False,488,0.0,369,349,-5.1,0,False,,-5.1,-1,-5.1,-1,-5.1,-1,5.0,76,8,0,0,1.0,1.6,0,4.908,4.321,5.496,0.008
2026-09-29,2026-09-29T23:38:04+00:00,2026,5,5,577016,151,Acheampong,Josh,Acheampong,DEF,6,8,Chelsea,4.5,4.5,0.0,5,221,4,0,0,0,0,5,1.2,1.1,0.3,21119,22462,0.2812,0.2991,-0.0179,5.4,43.0,5.5,6.0,a,,,,,0.3,0.1,0.3,0.3,0,2,0,7,0,0,0,0,0,0.0,0.03,0.03,4.72,20,7,7,13,,,,0,False,279,0.0,407,1903,-11.1,-3,False,,-12.4,-1,-13.8,-1,-15.2,-1,5.0,1680,38,0,0,1.2,8.4,0,4.377,3.789,4.965,-0.123
2026-09-29,2026-09-29T23:38:04+00:00,2026,5,5,577285,51,George Hemmings,George,Hemmings,MID,2,7,Aston Villa,4.5,4.5,0.0,9,297,5,0,0,1,0,34,1.8,2.0,1.2,115825,69395,1.5423,0.924,0.6182,9.1,25.2,42.1,25.0,a,,,,,1.8,0.4,1.8,1.8,1,4,0,7,0,0,0,0,0,0.07,0.16,0.23,6.26,19,6,10,3,,,,0,False,164,0.0,3142,9462,13.5,-2,False,,13.5,1,13.5,1,13.5,1,5.0,2257,68,0,0,1.8,15.2,0,4.623,4.035,5.21,0.123
2026-09-29,2026-09-29T23:38:04+00:00,2026,5,5,577411,181,Brau,Miguel,Brau,DEF,7,9,Coventry City,4.0,4.0,0.0,0,0,0,0,0,0,0,0,0.0,0.0,0.0,275,2167,0.0037,0.0289,-0.0252,0.0,0.0,0.0,0.0,u,Has joined Academico de Viseu on loan for the rest of the season,2026-08-29T00:35:59.980316Z,0.0,0.0,0.0,0.0,0.0,0.0,0,0,0,0,0,0,0,0,0,0.0,0.0,0.0,0.0,0,0,0,0,,,,0,False,569,0.0,0,97,0.0,0,False,,0.0,0,0.0,0,0.0,0,5.0,0,0,0,0,0.0,0.0,0,4.005,3.418,4.592,0.005
2026-09-29,2026-09-29T23:38:04+00:00,2026,5,5,577669,545,Sadiki,Noah,Sadiki,MID,20,56,Sunderland,4.9,5.0,-0.1,10,410,5,0,0,1,0,75,2.0,2.0,0.2,5709,18335,0.076,0.2441,-0.1681,19.2,52.8,59.5,81.0,a,,,,,1.7,0.3,1.7,1.7,2,5,0,9,0,0,0,1,0,0.44,0.24,0.68,6.47,29,6,12,11,,,,0,False,321,0.0,396,1310,-72.2,0,False,,-72.2,-3,-72.2,-3,-72.2,-3,5.0,3116,76,0,0,2.0,15.5,0,4.795,4.208,5.383,-0.105
2026-09-29,2026-09-29T23:38:04+00:00,2026,5,5,577725,268,King,Josh,King,MID,10,54,Fulham,5.5,5.5,0.0,24,425,5,2,0,2,3,109,4.8,4.4,2.6,328115,96057,4.369,1.2791,3.09,35.8,111.4,67.2,179.0,a,,,,,5.0,0.9,5.0,5.0,2,5,0,7,0,0,0,1,0,1.54,0.46,2.0,8.29,28,7,16,5,,,,0,False,111,0.0,83980,17489,86.3,43,False,,86.9,3,87.5,3,88.2,3,5.0,3230,182,15,0,4.8,33.2,0,6.515,5.924,7.106,1.015
2026-09-29,2026-09-29T23:38:04+00:00,2026,5,5,577974,424,Amass,Harry,Amass,DEF,16,1,Man Utd,4.0,4.0,0.0,0,0,0,0,0,0,0,0,0.0,0.0,0.2,6313,8796,0.0841,0.1171,-0.0331,0.0,0.0,0.0,0.0,a,,,,,0.0,0.0,0.0,0.0,0,0,0,0,0,0,0,0,0,0.0,0.0,0.0,0.0,0,0,0,0,,,,0,False,333,0.0,411,766,-44.5,0,False,,-44.5,-3,-44.5,-3,-44.5,-3,5.0,0,0,0,0,0.0,0.0,0,4.116,3.528,4.704,0.116
2026-09-29,2026-09-29T23:38:04+00:00,2026,5,5,578153,393,Khusanov,Abdukodir,Khusanov,DEF,15,43,Man City,5.4,5.5,-0.1,9,268,3,0,0,1,0,53,3.0,1.7,1.4,26804,80470,0.3569,1.0715,-0.7146,6.8,51.6,12.6,4.0,a,,,,,1.7,0.3,1.7,1.7,0,3,0,2,0,0,0,1,0,0.0,0.06,0.06,2.68,17,8,13,9,,,,0,False,158,0.0,1368,8824,-33.8,-3,False,,-34.1,-2,-34.4,-2,-34.8,-2,5.0,2037,68,0,0,3.0,12.7,0,5.171,4.583,5.759,-0.229
2026-09-29,2026-09-29T23:38:04+00:00,2026,5,5,578512,663,Pivas,Miodrag,Pivas,DEF,17,4,Newcastle,4.0,4.0,0.0,0,0,0,0,0,0,0,0,0.0,0.0,0.0,386,55,0.0051,0.0007,0.0044,0.0,0.0,0.0,0.0,a,,,,,0.0,0.0,1.1,1.1,0,0,0,0,0,0,0,0,0,0.0,0.0,0.0,0.0,0,0,0,0,,,,0,False,634,0.0,386,55,0.0,0,False,2026-10-02T19:10:51.639791Z,0.0,0,0.0,0,0.0,0,5.0,0,0,0,0,0.0,0.0,0,4.021,3.434,4.609,0.021
2026-09-29,2026-09-29T23:38:04+00:00,2026,5,5,578545,39,Nedeljkovic,Kosta,Nedeljkovic,DEF,2,7,Aston Villa,4.0,4.0,0.0,0,0,0,0,0,0,0,0,0.0,0.0,0.1,0,15229,0.0,0.2028,-0.2028,0.0,0.0,0.0,0.0,u,Has joined Rangers on loan for the rest of the season,2026-08-19T13:56:46.385411Z,0.0,0.0,0.0,0.0,0.0,0.0,0,0,0,0,0,0,0,0,0,0.0,0.0,0.0,0.0,0,0,0,0,,,,0,False,380,0.0,0,544,0.0,0,False,,0.0,0,0.0,0,0.0,0,5.0,0,0,0,0,0.0,0.0,0,3.987,3.399,4.575,-0.013
2026-09-29,2026-09-29T23:38:04+00:00,2026,5,5,586268,353,Pecsi,Armin,Pecsi,GK,14,14,Liverpool,4.0,4.0,0.0,0,0,0,0,0,0,0,0,0.0,0.0,0.0,0,1086,0.0,0.0145,-0.0145,0.0,0.0,0.0,0.0,u,Has joined TSV Hartberg on loan for the rest of the season,2026-08-18T14:11:18.638344Z,0.0,0.0,0.0,0.0,0.0,0.0,0,0,0,0,0,0,0,0,0,0.0,0.0,0.0,0.0,0,0,0,0,,,,0,False,578,0.0,0,59,0.0,0,False,,0.0,0,0.0,0,0.0,0,5.0,0,0,0,0,0.0,0.0,0,4.101,3.512,4.689,0.101
2026-09-29,2026-09-29T23:38:04+00:00,2026,5,5,586309,249,Barry,Thierno,Barry,FWD,9,11,Everton,5.7,5.5,0.2,20,417,5,2,0,3,2,83,4.0,3.5,8.3,964578,355824,12.8439,4.738,8.1059,36.5,85.8,72.0,207.0,a,,,,,3.3,0.6,3.3,3.3,6,5,0,3,0,0,0,0,0,3.5,0.15,3.65,5.02,17,1,11,5,1.0,,,0,False,47,0.1,82423,37648,0.2,7,False,,0.2,1,0.3,1,0.3,1,5.0,3169,152,15,0,4.0,26.7,0,6.563,5.973,7.154,0.863
2026-09-29,2026-09-29T23:38:04+00:00,2026,5,5,587982,648,Bahoya,Jean-Mattéo,Bahoya,MID,13,2,Leeds,5.0,5.0,0.0,1,1,1,0,0,0,0,5,1.0,0.2,0.0,2236,1139,0.0298,0.0152,0.0146,0.1,1.0,0.3,0.0,a,,,,,0.3,0.1,0.3,0.3,1,0,0,0,0,0,0,0,0,0.0,0.0,0.0,0.0,0,0,0,0,,,,0,False,595,0.0,104,171,-51.5,0,False,,-51.5,-3,-51.5,-3,-51.5,-3,5.0,8,8,0,0,1.0,1.5,0,4.832,4.245,5.419,-0.168
2026-09-29,2026-09-29T23:38:04+00:00,2026,5,5,590014,220,Cardines,Rio,Cardines,DEF,8,31,Crystal Palace,4.5,4.5,0.0,0,0,0,0,0,0,0,0,0.0,0.0,0.0,0,128,0.0,0.0017,-0.0017,0.0,0.0,0.0,0.0,u,Has joined Bristol City on loan for the rest of the season,2026-08-12T14:08:46.501813Z,0.0,0.0,0.0,0.0,0.0,0.0,0,0,0,0,0,0,0,0,0,0.0,0.0,0.0,0.0,0,0,0,0,,,,0,False,662,0.0,0,3,0.0,0,False,,0.0,0,0.0,0,0.0,0,5.0,0,0,0,0,0.0,0.0,0,4.259,3.671,4.846,-0.241
2026-09-29,2026-09-29T23:38:04+00:00,2026,5,5,590039,409,Mukasa,Divine,Mukasa,MID,15,43,Man City,4.5,4.5,0.0,0,0,0,0,0,0,0,0,0.0,0.0,0.1,1621,12148,0.0216,0.1618,-0.1402,0.0,0.0,0.0,0.0,u,has joined West Ham on loan for the rest of the seaon.,2026-09-03T10:34:10.733520Z,0.0,0.0,0.0,0.0,0.0,0.0,0,0,0,0,0,0,0,0,0,0.0,0.0,0.0,0.0,0,0,0,0,,,,0,False,436,0.0,0,581,0.0,0,False,,0.0,0,0.0,0,0.0,0,5.0,0,0,0,0,0.0,0.0,0,4.752,4.164,5.34,0.252
2026-09-29,2026-09-29T23:38:04+00:00,2026,5,5,591386,375,Nyoni,Trey,Nyoni,MID,14,14,Liverpool,4.9,5.0,-0.1,3,38,3,0,0,0,0,9,1.0,0.6,0.0,1347,3052,0.0179,0.0406,-0.0227,1.9,16.2,2.9,0.0,a,,,,,0.7,0.1,0.7,0.7,1,0,0,0,0,0,0,0,0,0.0,0.0,0.0,0.36,10,2,2,6,,,,0,False,514,0.0,90,307,-84.9,0,False,,-84.9,-3,-84.9,-3,-84.9,-3,5.0,289,23,0,0,1.0,4.7,0,4.943,4.355,5.531,0.043
2026-09-29,2026-09-29T23:38:04+00:00,2026,5,5,592031,122,Minteh,Yankuba,Minteh,MID,5,36,Brighton,5.8,6.0,-0.2,0,0,0,0,0,0,0,0,0.0,0.0,0.0,334,6889,0.0044,0.0917,-0.0873,0.0,0.0,0.0,0.0,i,Leg injury - Expected back 28 Nov,2026-08-14T18:00:06.418033Z,0.0,0.0,0.0,0.0,0.0,0.0,0,0,0,0,0,0,0,0,0,0.0,0.0,0.0,0.0,0,0,0,0,,,5.0,0,False,541,-0.1,44,215,-4.8,0,False,,-4.8,-1,-4.8,-1,-4.8,-1,5.0,0,0,0,0,0.0,0.0,0,5.3,4.711,5.888,-0.5
2026-09-29,2026-09-29T23:38:04+00:00,2026,5,5,592740,604,Cresswell,Alfie,Cresswell,MID,13,2,Leeds,4.5,4.5,0.0,0,0,0,0,0,0,0,0,0.0,0.0,0.1,14053,7899,0.1871,0.1052,0.0819,0.0,0.0,0.0,0.0,a,,,,,0.0,0.0,0.0,0.0,0,0,0,0,0,0,0,0,0,0.0,0.0,0.0,0.0,0,0,0,0,,,,0,False,376,0.0,297,871,-11.3,0,False,,-11.3,-1,-11.3,-1,-11.3,-1,5.0,0,0,0,0,0.0,0.0,0,4.529,3.941,5.116,0.029
2026-09-29,2026-09-29T23:38:04+00:00,2026,5,5,592984,639,Andrés,José María,Andrés Baixauli,MID,5,36,Brighton,5.5,5.5,0.0,12,109,2,1,1,1,0,37,6.0,2.2,0.0,3943,772,0.0525,0.0103,0.0422,10.9,52.2,17.9,39.0,a,,,,,4.0,0.7,4.0,4.0,8,1,0,0,0,0,0,0,0,0.52,0.12,0.64,1.7,13,1,8,4,,,,0,False,516,0.0,2699,304,1.4,0,False,,1.4,1,1.4,1,1.4,1,5.0,828,91,8,8,6.0,16.6,0,6.39,5.8,6.98,0.89
2026-09-29,2026-09-29T23:38:04+00:00,2026,5,5,593117,164,Quenda,Geovany,Quenda,MID,6,8,Chelsea,5.3,5.5,-0.2,2,27,2,0,0,0,0,5,1.0,0.4,0.0,902,3397,0.012,0.0452,-0.0332,1.2,1.6,2.1,8.0,a,,2026-07-24T20:30:10.609931Z,100.0,100.0,0.3,0.1,0.3,0.3,1,0,0,2,0,0,0,0,0,0.03,0.01,0.04,1.29,1,0,0,1,,,,0,False,533,0.0,70,177,-27.5,0,False,,-27.5,-2,-27.5,-2,-27.5,-2,5.0,205,15,0,0,1.0,2.9,0,5.154,4.566,5.741,-0.146
2026-09-29,2026-09-29T23:38:04+00:00,2026,5,5,593174,107,Furo,Kaye,Furo,FWD,4,94,Brentford,4.5,4.5,0.0,0,0,0,0,0,0,0,0,0.0,0.0,0.9,61684,66510,0.8214,0.8856,-0.0643,0.0,0.0,0.0,0.0,i,Unspecified injury - Unknown return date,2026-09-14T14:00:09.985723Z,0.0,0.0,0.0,0.0,0.0,0.0,0,0,0,0,0,0,0,0,0,0.0,0.0,0.0,0.0,0,0,0,0,,,,0,False,194,0.0,611,9348,-5.5,-8,False,,-6.1,-1,-6.6,-1,-7.1,-1,5.0,0,0,0,0,0.0,0.0,0,4.49,3.9,5.079,-0.01
2026-09-29,2026-09-29T23:38:04+00:00,2026,5,5,595480,653,Samba,Floyd,Samba,MID,15,43,Man City,4.5,4.5,0.0,0,0,0,0,0,0,0,0,0.0,0.0,0.0,3888,2167,0.0518,0.0289,0.0229,0.0,0.0,0.0,0.0,a,,,,,0.0,0.0,0.0,0.0,0,0,0,0,0,0,0,0,0,0.0,0.0,0.0,0.0,0,0,0,0,,,,0,False,520,0.0,239,484,-39.7,0,False,,-39.7,-2,-39.7,-2,-39.7,-2,5.0,0,0,0,0,0.0,0.0,0,4.751,4.163,5.339,0.251
2026-09-29,2026-09-29T23:38:04+00:00,2026,5,5,596047,441,Obi,Chido,Obi,FWD,16,1,Man Utd,4.5,4.5,0.0,0,0,0,0,0,0,0,0,0.0,0.0,0.9,45543,74011,0.6064,0.9855,-0.3791,0.0,0.0,0.0,0.0,u,Has joined Willem II on loan for the rest of the season,2026-09-14T16:12:42.090874Z,0.0,0.0,0.0,0.0,0.0,0.0,0,0,0,0,0,0,0,0,0,0.0,0.0,0.0,0.0,0,0,0,0,,,,0,False,187,0.0,0,11069,0.0,-2,False,,0.0,0,0.0,0,0.0,0,5.0,0,0,0,0,0.0,0.0,0,4.64,4.051,5.229,0.14
2026-09-29,2026-09-29T23:38:04+00:00,2026,5,5,596777,415,Dorgu,Patrick,Dorgu,MID,16,1,Man Utd,5.8,6.0,-0.2,10,171,5,0,1,0,0,27,2.0,1.7,0.5,13992,97475,0.1863,1.2979,-1.1116,15.6,49.2,44.1,72.0,d,Hamstring injury - 75% chance of playing,2026-09-27T21:30:07.831640Z,,75.0,3.0,0.5,3.0,2.2,4,2,0,6,0,0,0,1,0,0.78,0.09,0.87,3.38,20,8,4,8,,,,0,False,245,0.0,1022,3938,-56.6,0,False,,-56.6,-3,-56.6,-3,-56.6,-3,5.0,1300,76,0,8,2.0,13.1,0,5.877,5.289,6.466,0.077
2026-09-29,2026-09-29T23:38:04+00:00,2026,5,5,597320,132,Howell,Harry,Howell,MID,5,36,Brighton,4.5,4.5,0.0,0,0,0,0,0,0,0,0,0.0,0.0,0.0,0,3677,0.0,0.049,-0.049,0.0,0.0,0.0,0.0,u,Has joined Leicester City on loan for the rest of the season,2026-08-17T13:53:19.019938Z,0.0,0.0,0.0,0.0,0.0,0.0,0,0,0,0,0,0,0,0,0,0.0,0.0,0.0,0.0,0,0,0,0,,,,0,False,546,0.0,0,199,0.0,0,False,,0.0,0,0.0,0,0.0,0,5.0,0,0,0,0,0.0,0.0,0,4.526,3.939,5.114,0.026
2026-09-29,2026-09-29T23:38:04+00:00,2026,5,5,597462,585,Herrington,Lucas,Herrington,DEF,11,88,Hull City,4.0,4.0,0.0,5,197,5,0,0,0,0,19,1.0,1.2,0.6,12815,18526,0.1706,0.2467,-0.076,7.7,42.8,23.1,11.0,a,,,,,1.0,0.2,1.0,1.0,1,1,0,3,0,0,0,0,0,0.02,0.04,0.06,3.36,16,2,6,14,,,,0,False,235,0.0,1016,1639,-26.9,0,False,,-26.9,-2,-26.9,-2,-26.9,-2,5.0,1497,38,0,0,1.0,9.5,0,4.047,3.46,4.634,0.047
2026-09-29,2026-09-29T23:38:04+00:00,2026,5,5,599303,466,Neave,Sean,Neave,FWD,17,4,Newcastle,4.5,4.5,0.0,0,0,0,0,0,0,0,0,0.0,0.0,0.5,23805,52417,0.317,0.698,-0.381,0.0,0.0,0.0,0.0,u,Has joined Wolves on loan for the rest of the season,2026-09-04T12:37:43.515176Z,0.0,0.0,0.0,0.0,0.0,0.0,0,0,0,0,0,0,0,0,0,0.0,0.0,0.0,0.0,0,0,0,0,,,,0,False,247,0.0,0,3795,0.0,0,False,,0.0,0,0.0,0,0.0,0,5.0,0,0,0,0,0.0,0.0,0,4.542,3.954,5.131,0.042
2026-09-29,2026-09-29T23:38:04+00:00,2026,5,5,601767,664,Salia,Vakhtang,Salia,FWD,17,4,Newcastle,4.5,4.5,0.0,0,0,0,0,0,0,0,0,0.0,0.0,0.1,9354,1495,0.1246,0.0199,0.1046,0.0,0.0,0.0,0.0,a,,,,,0.0,0.0,1.0,1.0,0,0,0,0,0,0,0,0,0,0.0,0.0,0.0,0.0,0,0,0,0,,,,0,False,394,0.0,9354,1495,0.0,0,False,2026-10-02T19:11:17.402697Z,0.0,0,0.0,0,0.0,0,5.0,0,0,0,0,0.0,0.0,0,4.535,3.947,5.124,0.035
2026-09-29,2026-09-29T23:38:04+00:00,2026,5,5,605972,633,Ahanor,Honest,Ahanor,DEF,8,31,Crystal Palace,4.5,4.5,0.0,3,90,1,0,0,0,0,10,3.0,0.7,0.0,1909,556,0.0254,0.0074,0.018,4.1,24.6,11.9,4.0,a,,,,,1.0,0.2,1.0,1.0,0,1,0,3,0,0,0,0,0,0.0,0.01,0.01,1.68,11,2,4,9,,,,0,False,586,0.0,134,104,0.1,0,False,,0.1,1,0.1,1,0.1,1,5.0,684,23,0,0,3.0,5.1,0,4.402,3.815,4.99,-0.098
2026-09-29,2026-09-29T23:38:04+00:00,2026,5,5,606702,362,Jacquet,Jeremy,Jacquet,DEF,14,14,Liverpool,5.0,5.0,0.0,24,415,5,0,0,3,3,112,4.8,4.8,3.5,230518,122934,3.0695,1.6369,1.4325,15.5,106.2,44.5,4.0,a,,2026-07-23T12:01:23.581126Z,100.0,100.0,6.7,1.3,6.7,6.7,6,5,0,4,0,0,0,1,0,0.0,0.14,0.14,5.51,36,11,21,25,,,,0,False,97,0.0,32636,12901,54.8,6,False,,54.9,3,55.0,3,55.0,3,5.0,3154,182,0,0,4.8,36.5,0,5.241,4.649,5.833,0.241
2026-09-29,2026-09-29T23:38:04+00:00,2026,5,5,606745,421,Heaven,Ayden,Heaven,DEF,16,1,Man Utd,4.4,4.5,-0.1,1,90,1,0,0,0,0,5,1.0,0.2,0.3,6001,24022,0.0799,0.3199,-0.24,2.0,6.8,2.6,11.0,a,,,,,0.0,0.0,0.0,0.0,0,1,0,2,0,0,0,0,0,0.12,0.04,0.16,1.01,2,1,4,1,,,,0,False,305,0.0,231,1436,-99.9,0,False,,-99.9,-4,-99.9,-4,-99.9,-4,5.0,684,8,0,0,1.0,1.7,0,4.33,3.742,4.917,-0.07
2026-09-29,2026-09-29T23:38:04+00:00,2026,5,5,606798,38,A.García,Andrés,García,DEF,2,7,Aston Villa,4.0,4.0,0.0,0,0,0,0,0,0,0,0,0.0,0.0,1.5,45257,67842,0.6026,0.9034,-0.3007,0.0,0.0,0.0,0.0,a,,,,,0.0,0.0,0.0,0.0,0,0,0,0,0,0,0,0,0,0.0,0.0,0.0,0.0,0,0,0,0,,,,0,False,147,0.0,1811,5942,-34.1,0,False,,-34.1,-2,-34.1,-2,-34.1,-2,5.0,0,0,0,0,0.0,0.0,0,4.01,3.422,4.598,0.01
2026-09-29,2026-09-29T23:38:04+00:00,2026,5,5,606921,216,Esse,Romain,Esse,MID,8,31,Crystal Palace,5.0,5.0,0.0,0,0,0,0,0,0,0,0,0.0,0.0,0.0,399,3228,0.0053,0.043,-0.0377,0.0,0.0,0.0,0.0,u,Has joined Millwall on loan for the rest of the season,2026-09-02T15:41:07.376544Z,0.0,0.0,0.0,0.0,0.0,0.0,0,0,0,0,0,0,0,0,0,0.0,0.0,0.0,0.0,0,0,0,0,,,,0,False,587,0.0,0,117,0.0,0,False,,0.0,0,0.0,0,0.0,0,5.0,0,0,0,0,0.0,0.0,0,4.788,4.2,5.375,-0.212
2026-09-29,2026-09-29T23:38:04+00:00,2026,5,5,606930,586,Mendy,Nobel,Mendy,DEF,11,88,Hull City,4.1,3.9999999999999996,0.1,25,249,4,1,0,2,1,69,6.2,6.1,6.3,683073,358046,9.0955,4.7676,4.3279,16.4,108.2,1.4,54.0,a,,2026-09-12T18:00:09.334142Z,0.0,100.0,3.0,0.7,0.0,3.0,0,4,0,1,0,0,0,0,0,0.32,0.0,0.32,4.02,39,7,6,32,,,,1,False,61,0.0,6781,33063,-0.4,0,False,,-0.4,-1,-0.4,-1,-0.4,-1,5.0,1892,190,8,0,6.2,38.7,1,5.406,4.811,6.002,1.306
2026-09-29,2026-09-29T23:38:04+00:00,2026,5,5,607464,88,Kayode,Michael,Kayode,DEF,4,94,Brentford,4.6,4.5,0.1,23,294,5,1,0,2,1,72,4.6,5.0,7.6,595520,366966,7.9297,4.8864,3.0433,15.3,63.8,32.9,56.0,a,,,,,2.7,0.6,2.7,2.7,6,4,0,1,0,0,0,0,0,0.55,0.43,0.98,3.24,16,2,14,14,,,,1,False,50,0.0,12822,20732,-37.3,0,False,,-37.3,-2,-37.3,-2,-37.3,-2,5.0,2234,175,8,0,4.6,38.0,0,5.535,4.941,6.13,0.935
2026-09-29,2026-09-29T23:38:04+00:00,2026,5,5,608181,137,Tzimas,Stefanos,Tzimas,FWD,5,36,Brighton,5.4,5.5,-0.1,0,0,0,0,0,0,0,0,0.0,0.0,0.0,333,747,0.0044,0.0099,-0.0055,0.0,0.0,0.0,0.0,i,Knee injury - Unknown return date,2026-07-23T12:01:23.432796Z,0.0,0.0,0.0,0.0,0.0,0.0,0,0,0,0,0,0,0,0,0,0.0,0.0,0.0,0.0,0,0,0,0,,,,0,False,626,0.0,36,49,-3.2,0,False,,-3.2,-1,-3.2,-1,-3.2,-1,5.0,0,0,0,0,0.0,0.0,0,5.041,4.452,5.629,-0.359
2026-09-29,2026-09-29T23:38:04+00:00,2026,5,5,608227,576,Stroud,Elliot,Stroud,MID,11,88,Hull City,5.0,5.0,0.0,7,249,4,0,0,2,0,17,1.8,1.4,0.1,3665,4674,0.0488,0.0622,-0.0134,3.8,8.4,22.7,12.0,a,,,,,1.3,0.3,1.3,1.3,0,4,0,1,0,0,0,1,0,0.06,0.05,0.11,4.32,20,5,12,3,,,,0,False,442,0.0,143,451,-51.5,0,False,,-51.5,-3,-51.5,-3,-51.5,-3,5.0,1892,53,0,0,1.8,10.6,0,4.847,4.26,5.434,-0.153
2026-09-29,2026-09-29T23:38:04+00:00,2026,5,5,609873,244,Armstrong,Harrison,Armstrong,MID,9,11,Everton,5.0,5.0,0.0,16,446,5,0,1,3,0,61,3.2,3.2,0.4,53859,32603,0.7172,0.4341,0.283,14.7,62.6,64.5,19.0,a,,2026-09-17T08:30:08.942299Z,75.0,100.0,2.0,0.4,1.5,2.0,2,5,0,3,0,0,0,2,0,0.21,0.49,0.7,6.94,40,8,19,13,,,,0,False,275,0.0,799,3249,9.2,0,False,,9.2,1,9.2,1,9.2,1,5.0,3390,122,0,8,3.2,24.3,0,5.381,4.793,5.97,0.381
2026-09-29,2026-09-29T23:38:04+00:00,2026,5,5,610799,504,Vuskovic,Luka,Vušković,DEF,5,36,Brighton,5.0,5.0,0.0,32,437,5,1,0,3,2,98,6.4,6.4,3.6,257510,137644,3.4289,1.8328,1.5961,21.8,128.2,18.0,72.0,a,,,,,8.7,1.7,8.7,8.7,8,5,0,5,0,0,0,0,0,0.46,0.07,0.53,8.45,43,6,17,37,,,,1,False,91,0.0,54410,12832,54.6,9,False,,54.7,3,54.9,3,55.0,3,5.0,3321,243,8,0,6.4,38.7,1,5.678,5.076,6.281,0.678
2026-09-29,2026-09-29T23:38:04+00:00,2026,5,5,611665,461,Touré,Bazoumana,Touré,MID,17,4,Newcastle,5.8,6.0,-0.2,8,50,3,1,0,0,0,29,2.7,1.4,0.1,3699,16442,0.0493,0.2189,-0.1697,6.4,37.6,5.3,21.0,a,,,,,2.3,0.4,2.3,2.3,1,0,0,1,0,0,0,0,0,0.28,0.01,0.29,0.76,4,0,3,1,,,,0,False,379,0.0,316,835,-10.5,0,False,,-10.5,-1,-10.5,-1,-10.5,-1,5.0,380,61,8,0,2.7,10.5,0,6.055,5.467,6.644,0.255
2026-09-29,2026-09-29T23:38:04+00:00,2026,5,5,611695,605,Yalcouyé,Malick,Yalcouyé,MID,5,36,Brighton,4.5,4.5,0.0,20,236,5,2,0,1,1,96,4.0,4.4,4.0,554547,170279,7.3841,2.2674,5.1167,29.1,109.2,70.3,111.0,a,,,,,3.7,0.8,3.7,3.7,1,3,0,4,0,0,0,0,0,1.46,0.45,1.91,6.57,19,6,7,6,,,,0,False,85,0.0,25658,32325,53.4,-1,False,,53.4,3,53.4,3,53.4,3,5.0,1794,152,15,0,4.0,33.8,0,6.132,5.537,6.727,1.632
2026-09-29,2026-09-29T23:38:04+00:00,2026,5,5,611917,601,Williams-Barnett,Luca,Williams-Barnett,MID,19,6,Spurs,4.5,4.5,0.0,0,0,0,0,0,0,0,0,0.0,0.0,0.1,10246,7031,0.1364,0.0936,0.0428,0.0,0.0,0.0,0.0,a,,,,,0.0,0.0,0.0,0.0,0,0,0,0,0,0,0,0,0,0.0,0.0,0.0,0.0,0,0,0,0,,,,0,False,386,0.0,164,748,-51.2,0,False,,-51.2,-3,-51.2,-3,-51.2,-3,5.0,0,0,0,0,0.0,0.0,0,4.596,4.009,5.184,0.096
2026-09-29,2026-09-29T23:38:04+00:00,2026,5,5,611922,369,Ngumoha,Rio,Ngumoha,MID,14,14,Liverpool,5.7,6.0,-0.3,4,99,3,0,0,0,0,13,1.3,0.7,0.5,14523,89187,0.1934,1.1876,-0.9942,2.1,4.4,8.1,11.0,a,,,,,0.3,0.1,0.3,0.3,0,1,0,2,0,0,0,0,0,0.15,0.05,0.2,0.68,4,1,2,1,,,,0,False,256,-0.1,745,4161,-22.5,0,False,,-22.5,-2,-22.5,-2,-22.5,-2,5.0,752,30,0,0,1.3,5.3,0,5.42,4.833,6.008,-0.28
2026-09-29,2026-09-29T23:38:04+00:00,2026,5,5,612534,660,Fredrick,Benjamin,Fredrick,DEF,4,94,Brentford,4.0,4.0,0.0,0,0,0,0,0,0,0,0,0.0,0.0,0.0,515,66,0.0069,0.0009,0.006,0.0,0.0,0.0,0.0,a,,,,,0.0,0.0,1.1,1.1,0,0,0,0,0,0,0,0,0,0.0,0.0,0.0,0.0,0,0,0,0,,,,0,False,623,0.0,515,66,0.0,0,False,2026-10-01T21:16:22.650713Z,0.0,0,0.0,0,0.0,0,5.0,0,0,0,0,0.0,0.0,0,3.962,3.374,4.551,-0.038
2026-09-29,2026-09-29T23:38:04+00:00,2026,5,5,612855,600,Osman,Ibrahim,Osman,MID,5,36,Brighton,5.0,5.0,0.0,3,40,3,0,0,0,0,15,1.0,0.6,0.0,946,1092,0.0126,0.0145,-0.0019,4.2,7.2,17.8,19.0,a,,,,,0.3,0.1,0.3,0.3,0,0,0,1,0,0,0,0,0,0.05,0.07,0.12,0.32,4,1,3,0,,,,0,False,582,0.0,115,125,-66.7,0,False,,-66.7,-3,-66.7,-3,-66.7,-3,5.0,304,23,0,0,1.0,4.6,0,4.854,4.267,5.442,-0.146
2026-09-29,2026-09-29T23:38:04+00:00,2026,5,5,613221,634,Fernandez-Pardo,Matias,Fernandez-Pardo,FWD,17,4,Newcastle,6.0,6.0,0.0,4,157,3,0,0,0,0,16,1.3,0.7,0.1,16983,6272,0.2261,0.0835,0.1426,3.1,3.4,12.5,15.0,a,,,,,1.3,0.2,1.3,1.3,2,2,0,4,0,0,0,0,0,0.05,0.01,0.06,2.94,5,2,3,0,,,,0,False,385,0.0,1912,1372,0.7,3,False,,0.7,1,0.8,1,0.8,1,5.0,1193,30,0,0,1.3,5.1,0,5.367,4.778,5.955,-0.633
2026-09-29,2026-09-29T23:38:04+00:00,2026,5,5,613804,620,Diouf,El Hadji Malick,Diouf,DEF,4,94,Brentford,4.5,4.5,0.0,2,39,2,0,0,0,0,7,1.0,0.4,0.1,13625,7331,0.1814,0.0976,0.0838,0.7,5.6,1.3,0.0,a,,,,,0.7,0.2,0.7,0.7,1,0,0,0,0,0,0,0,0,0.0,0.01,0.01,0.63,2,0,1,2,,,,0,False,431,0.0,464,669,-35.0,0,False,,-35.0,-2,-35.0,-2,-35.0,-2,5.0,296,15,0,0,1.0,3.4,0,4.269,3.68,4.857,-0.231
2026-09-29,2026-09-29T23:38:04+00:00,2026,5,5,614071,53,Manzambi,Johan,Manzambi,MID,2,7,Aston Villa,5.9,6.0,-0.1,14,98,2,1,1,1,2,48,7.0,2.4,0.4,30604,19740,0.4075,0.2628,0.1447,15.6,65.8,29.8,60.0,a,,2026-08-15T15:30:06.388335Z,100.0,100.0,3.5,0.6,3.5,3.5,13,1,0,1,0,0,0,0,0,0.44,0.24,0.68,1.54,9,2,5,2,,,,1,False,273,0.0,27618,3121,8.1,3,False,,8.1,1,8.2,1,8.2,1,5.0,745,106,8,8,7.0,18.0,0,6.707,6.116,7.299,0.807
2026-09-29,2026-09-29T23:38:04+00:00,2026,5,5,614574,76,Tóth.A,Alex,Tóth,MID,3,91,Bournemouth,4.9,5.0,-0.1,2,17,2,0,0,0,0,8,1.0,0.4,0.0,382,783,0.0051,0.0104,-0.0053,0.3,3.0,0.7,0.0,a,,,,,0.3,0.1,0.3,0.3,1,0,0,2,0,0,0,0,0,0.0,0.0,0.0,0.56,2,1,1,0,,,,0,False,594,0.0,25,54,-12.1,0,False,,-12.1,-1,-12.1,-1,-12.1,-1,5.0,129,15,0,0,1.0,3.1,0,4.824,4.236,5.413,-0.076
2026-09-29,2026-09-29T23:38:04+00:00,2026,5,5,616069,626,Zepa,Macaulay,Zepa,MID,10,54,Fulham,4.4,4.5,-0.1,0,0,0,0,0,0,0,0,0.0,0.0,0.3,34664,18405,0.4616,0.2451,0.2165,0.0,0.0,0.0,0.0,a,,,,,0.0,0.0,0.0,0.0,0,0,0,0,0,0,0,0,0,0.0,0.0,0.0,0.0,0,0,0,0,,,,0,False,295,-0.1,497,2191,0.1,0,False,,0.1,1,0.1,1,0.1,1,5.0,0,0,0,0,0.0,0.0,0,4.507,3.92,5.094,0.107
2026-09-29,2026-09-29T23:38:04+00:00,2026,5,5,616077,20,Dowman,Max,Dowman,MID,1,3,Arsenal,5.3,5.5,-0.2,1,9,1,0,0,0,0,4,1.0,0.2,0.1,3039,7288,0.0405,0.097,-0.0566,1.7,2.0,14.8,0.0,a,,,,,0.2,0.0,0.2,0.2,1,0,0,0,0,0,0,0,0,0.0,0.08,0.08,0.31,0,0,0,0,,,,0,False,458,0.0,451,569,-26.1,0,False,,-26.1,-2,-26.1,-2,-26.1,-2,5.0,68,8,0,0,1.0,1.4,0,5.13,4.543,5.718,-0.17
2026-09-29,2026-09-29T23:38:04+00:00,2026,5,5,616221,511,Souza,João Victor,de Souza Menezes,DEF,19,6,Spurs,4.0,4.0,0.0,0,0,0,0,0,0,0,0,0.0,0.0,0.2,2555,16854,0.034,0.2244,-0.1904,0.0,0.0,0.0,0.0,u,Has joined FC Porto on loan for the rest of the season,2026-09-01T13:24:26.858636Z,0.0,0.0,0.0,0.0,0.0,0.0,0,0,0,0,0,0,0,0,0,0.0,0.0,0.0,0.0,0,0,0,0,,,,0,False,361,0.0,0,868,0.0,0,False,,0.0,0,0.0,0,0.0,0,5.0,0,0,0,0,0.0,0.0,0,4.076,3.488,4.664,0.076
2026-09-29,2026-09-29T23:38:04+00:00,2026,5,5,616222,396,Vitor Reis,Vitor,de Oliveira Nunes dos Reis,DEF,15,43,Man City,4.5,4.5,0.0,1,1,1,0,0,0,0,3,1.0,0.2,0.0,550,1170,0.0073,0.0156,-0.0083,0.2,1.2,0.9,0.0,a,,,,,0.0,0.0,0.0,0.0,0,0,0,0,0,0,0,0,0,0.0,0.0,0.0,0.0,0,0,0,0,,,,0,False,524,0.0,70,147,-81.2,0,False,,-81.2,-3,-81.2,-3,-81.2,-3,5.0,8,8,0,0,1.0,1.7,0,4.531,3.943,5.12,0.031
2026-09-29,2026-09-29T23:38:04+00:00,2026,5,5,616288,621,McAidoo,Ryan,McAidoo,MID,15,43,Man City,4.5,4.5,0.0,2,11,2,0,0,0,0,8,1.0,0.4,0.1,11357,7088,0.1512,0.0944,0.0568,0.8,5.2,0.5,3.0,a,,,,,0.3,0.1,0.3,0.3,0,0,0,0,0,0,0,0,0,0.1,0.0,0.1,0.02,4,2,2,0,,,,0,False,409,0.0,188,1065,-86.8,0,False,,-86.8,-3,-86.8,-3,-86.8,-3,5.0,84,15,0,0,1.0,3.4,0,4.81,4.222,5.399,0.31
2026-09-29,2026-09-29T23:38:04+00:00,2026,5,5,620109,152,Palestra,Marco,Palestra,DEF,6,8,Chelsea,5.3,5.5,-0.2,0,0,0,0,0,0,0,0,0.0,0.0,0.6,6669,220265,0.0888,2.9329,-2.8441,0.0,0.0,0.0,0.0,d,Thigh injury - 50% chance of playing,2026-08-24T18:30:07.421239Z,50.0,50.0,0.0,0.0,0.0,0.0,0,0,0,0,0,0,0,0,0,0.0,0.0,0.0,0.0,0,0,0,0,,,,0,False,230,0.0,209,3724,-1.1,0,False,,-1.1,-1,-1.1,-1,-1.1,-1,5.0,0,0,0,0,0.0,0.0,0,4.875,4.287,5.463,-0.425
2026-09-29,2026-09-29T23:38:04+00:00,2026,5,5,620487,63,Milosavljević,Veljko,Milosavljevic,DEF,3,91,Bournemouth,4.9,5.0,-0.1,0,0,0,0,0,0,0,0,0.0,0.0,0.0,334,841,0.0044,0.0112,-0.0068,0.0,0.0,0.0,0.0,i,Thigh injury - Unknown return date,2026-08-06T10:00:10.456051Z,0.0,0.0,0.0,0.0,0.0,0.0,0,0,0,0,0,0,0,0,0,0.0,0.0,0.0,0.0,0,0,0,0,,,,0,False,618,0.0,28,44,-3.9,0,False,,-3.9,-1,-3.9,-1,-3.9,-1,5.0,0,0,0,0,0.0,0.0,0,4.523,3.935,5.112,-0.377
2026-09-29,2026-09-29T23:38:04+00:00,2026,5,5,622758,561,Anselmino,Aaron,Anselmino,DEF,6,8,Chelsea,4.5,4.5,0.0,0,0,0,0,0,0,0,0,0.0,0.0,0.0,820,1250,0.0109,0.0166,-0.0057,0.0,0.0,0.0,0.0,a,,2026-08-23T19:00:08.536705Z,100.0,100.0,0.0,0.0,0.0,0.0,0,0,0,0,0,0,0,0,0,0.0,0.0,0.0,0.0,0,0,0,0,,,,0,False,571,0.0,63,102,-1.6,0,False,,-1.6,-1,-1.6,-1,-1.6,-1,5.0,0,0,0,0,0.0,0.0,0,4.373,3.785,4.96,-0.127
2026-09-29,2026-09-29T23:38:04+00:00,2026,5,5,624773,157,Estêvão,Estêvão,Almeida de Oliveira Gonçalves,MID,6,8,Chelsea,6.3,6.5,-0.2,4,23,4,0,0,0,0,17,1.0,0.6,0.7,17627,87008,0.2347,1.1586,-0.9238,5.0,8.6,1.6,38.0,a,,,,,1.0,0.2,1.0,1.0,1,0,0,1,0,0,0,0,0,0.07,0.07,0.14,1.01,2,1,1,0,2.0,,5.0,0,False,218,0.0,1713,4273,-32.4,0,False,,-32.4,-2,-32.4,-2,-32.4,-2,5.0,175,30,0,0,1.0,4.8,0,5.762,5.173,6.35,-0.538
2026-09-29,2026-09-29T23:38:04+00:00,2026,5,5,624777,628,Allan,Allan,Andrade Elias,MID,15,43,Man City,6.0,6.0,0.0,0,0,0,0,0,0,0,0,0.0,0.0,0.0,1180,680,0.0157,0.0091,0.0067,0.0,0.0,0.0,0.0,a,,,,,0.0,0.0,0.0,0.0,0,0,0,0,0,0,0,0,0,0.0,0.0,0.0,0.0,0,0,0,0,,,,0,False,606,0.0,217,159,0.1,0,False,,0.1,1,0.1,1,0.1,1,5.0,0,0,0,0,0.0,0.0,0,5.596,5.007,6.185,-0.404
2026-09-29,2026-09-29T23:38:04+00:00,2026,5,5,626464,657,Nunes,Gustavo,Nunes Fernandes Gomes,MID,4,94,Brentford,4.5,4.5,0.0,0,0,0,0,0,0,0,0,0.0,0.0,0.0,2079,658,0.0277,0.0088,0.0189,0.0,0.0,0.0,0.0,a,,,,,0.0,0.0,0.0,0.0,0,0,0,0,0,0,0,0,0,0.0,0.0,0.0,0.0,0,0,0,0,,,,0,False,557,0.0,337,265,0.0,0,False,,0.0,0,0.0,0,0.0,0,5.0,0,0,0,0,0.0,0.0,0,4.484,3.896,5.073,-0.016
2026-09-29,2026-09-29T23:38:04+00:00,2026,5,5,626751,632,Ansah,Ilyas,Ansah,FWD,11,88,Hull City,5.0,5.0,0.0,0,0,0,0,0,0,0,0,0.0,0.0,0.0,5118,3487,0.0681,0.0464,0.0217,0.0,0.0,0.0,0.0,i,Back injury - Unknown return date,2026-09-09T10:00:08.919489Z,0.0,0.0,0.0,0.0,0.0,0.0,0,0,0,0,0,0,0,0,0,0.0,0.0,0.0,0.0,0,0,0,0,,,,0,False,555,0.0,71,407,-63.5,0,False,,-63.5,-3,-63.5,-3,-63.5,-3,5.0,0,0,0,0,0.0,0.0,0,4.792,4.204,5.38,-0.208
2026-09-29,2026-09-29T23:38:04+00:00,2026,5,5,627221,599,Cherif,Sidiki,Cherif,FWD,7,9,Coventry City,5.0,5.0,0.0,1,30,1,0,0,0,0,3,1.0,0.2,0.1,7444,7581,0.0991,0.1009,-0.0018,0.1,1.0,0.2,0.0,a,,,,,0.3,0.1,0.3,0.3,0,0,0,3,0,0,0,0,0,0.0,0.0,0.0,1.43,1,0,0,1,,,,0,False,416,0.0,517,742,-6.8,0,False,,-6.8,-1,-6.8,-1,-6.8,-1,5.0,228,8,0,0,1.0,1.5,0,4.803,4.215,5.39,-0.197
2026-09-29,2026-09-29T23:38:04+00:00,2026,5,5,629068,654,Graham,Braiden,Graham,MID,9,11,Everton,4.5,4.5,0.0,0,0,0,0,0,0,0,0,0.0,0.0,0.1,11273,5289,0.1501,0.0704,0.0797,0.0,0.0,0.0,0.0,a,,,,,0.0,0.0,0.0,0.0,0,0,0,0,0,0,0,0,0,0.0,0.0,0.0,0.0,0,0,0,0,,,,0,False,413,0.0,227,984,-33.1,0,False,,-33.1,-2,-33.1,-2,-33.1,-2,5.0,0,0,0,0,0.0,0.0,0,4.576,3.988,5.164,0.076
2026-09-29,2026-09-29T23:38:04+00:00,2026,5,5,629397,192,Andrews,Kai,Andrews,MID,7,9,Coventry City,4.5,4.5,0.0,0,0,0,0,0,0,0,0,0.0,0.0,0.3,2718,41035,0.0362,0.5464,-0.5102,0.0,0.0,0.0,0.0,u,Has joined Oxford United on loan for the rest of the season,2026-08-29T00:35:59.998520Z,0.0,0.0,0.0,0.0,0.0,0.0,0,0,0,0,0,0,0,0,0,0.0,0.0,0.0,0.0,0,0,0,0,,,,0,False,299,0.0,0,1930,0.0,0,False,,0.0,0,0.0,0,0.0,0,5.0,0,0,0,0,0.0,0.0,0,4.532,3.945,5.119,0.032
2026-09-29,2026-09-29T23:38:04+00:00,2026,5,5,631000,637,Vaz,Robinio,Vaz,FWD,11,88,Hull City,5.0,5.0,0.0,2,20,2,0,0,0,0,8,1.0,0.4,0.1,12289,3948,0.1636,0.0526,0.1111,1.6,2.4,11.7,2.0,a,,,,,0.7,0.1,0.7,0.7,1,0,0,0,0,0,0,0,0,0.0,0.01,0.01,0.31,2,0,2,0,,,,0,False,408,0.0,1784,1127,1.2,0,False,,1.2,1,1.2,1,1.2,1,5.0,152,15,0,0,1.0,3.0,0,4.836,4.248,5.423,-0.164
2026-09-29,2026-09-29T23:38:04+00:00,2026,5,5,631786,272,Kusi-Asare,Jonah,Kusi-Asare,FWD,10,54,Fulham,4.5,4.5,0.0,0,0,0,0,0,0,0,0,0.0,0.0,5.4,160045,300302,2.1311,3.9987,-1.8676,0.0,0.0,0.0,0.0,a,,,,,0.0,0.0,0.0,0.0,0,0,0,0,0,0,0,0,0,0.0,0.0,0.0,0.0,0,0,0,0,,,,0,False,72,0.0,10574,32497,-62.6,-1,False,,-62.6,-3,-62.7,-3,-62.7,-3,5.0,0,0,0,0,0.0,0.0,0,4.607,4.019,5.195,0.107
2026-09-29,2026-09-29T23:38:04+00:00,2026,5,5,632794,559,Bamba,Aladji,Bamba,MID,17,4,Newcastle,4.9,5.0,-0.1,3,27,3,0,0,0,0,12,1.0,0.6,0.1,2565,7566,0.0342,0.1007,-0.0666,1.2,11.6,0.4,0.0,a,,,,,0.7,0.1,0.7,0.7,1,0,0,1,0,0,0,0,0,0.0,0.0,0.0,1.29,8,3,2,3,,,,0,False,423,0.0,125,482,-68.5,-2,False,,-70.9,-3,-73.4,-3,-75.9,-3,5.0,205,23,0,0,1.0,4.7,0,4.857,4.269,5.444,-0.043
2026-09-29,2026-09-29T23:38:04+00:00,2026,5,5,636846,662,Nicoll-Jazuli,Mahdi,Nicoll-Jazuli,MID,6,8,Chelsea,4.5,4.5,0.0,1,3,1,0,0,0,0,5,1.0,0.2,0.0,332,72,0.0044,0.001,0.0035,0.6,4.6,1.7,0.0,a,,,,,1.0,0.2,1.1,1.1,1,0,0,1,0,0,0,0,0,0.0,0.0,0.0,0.43,2,2,0,0,,,,0,False,632,0.0,332,72,0.0,0,False,2026-10-01T21:17:24.996715Z,0.0,0,0.0,0,0.0,0,5.0,23,8,0,0,1.0,1.7,0,4.661,4.073,5.249,0.161
2026-09-29,2026-09-29T23:38:04+00:00,2026,5,5,636852,462,Steur,Sean,Steur,MID,17,4,Newcastle,4.9,5.0,-0.1,8,223,5,0,0,1,0,42,1.6,1.6,0.1,2417,6167,0.0322,0.0821,-0.0499,8.8,35.4,52.2,0.0,a,,,,,2.0,0.4,2.0,2.0,3,2,0,5,0,0,0,0,0,0.0,0.06,0.06,4.23,21,4,8,9,,,,0,False,454,0.0,261,370,-51.0,0,False,,-51.0,-3,-51.0,-3,-51.0,-3,5.0,1695,61,0,0,1.6,12.4,0,4.874,4.286,5.461,-0.026
2026-09-29,2026-09-29T23:38:04+00:00,2026,5,5,637238,616,Bouaddi,Ayyoub,Bouaddi,MID,15,43,Man City,5.5,5.5,0.0,2,22,2,0,0,0,0,8,1.0,0.4,0.2,21020,13518,0.2799,0.18,0.0999,1.8,13.0,4.8,0.0,a,,,,,0.3,0.1,0.3,0.3,0,0,0,0,0,0,0,0,0,0.0,0.12,0.12,0.37,6,0,3,3,,,,0,False,353,0.0,821,2079,-31.5,0,False,,-31.5,-2,-31.5,-2,-31.5,-2,5.0,167,15,0,0,1.0,2.8,0,5.346,4.758,5.934,-0.154
2026-09-29,2026-09-29T23:38:04+00:00,2026,5,5,638411,612,Methalie,Dayann,Méthalie,DEF,20,56,Sunderland,4.5,4.5,0.0,-1,90,1,0,0,0,0,-8,-1.0,-0.2,0.0,901,492,0.012,0.0066,0.0054,1.2,8.0,2.0,2.0,a,,2026-08-28T13:00:08.950445Z,100.0,100.0,-0.3,-0.1,-0.3,-0.3,-1,1,0,5,0,0,0,1,0,0.03,0.01,0.04,2.82,3,1,4,2,,,,0,False,614,0.0,112,66,0.0,0,False,,0.0,0,0.0,0,0.0,0,5.0,684,-1,0,0,0.0,-0.2,3,4.152,3.564,4.739,-0.348
2026-09-29,2026-09-29T23:38:04+00:00,2026,5,5,638987,631,Mbaye,Ibrahim,Mbaye,MID,2,7,Aston Villa,6.0,6.0,0.0,2,33,2,0,0,0,0,8,1.0,0.3,0.1,10383,4779,0.1383,0.0636,0.0746,4.3,9.0,15.2,19.0,a,,,,,0.7,0.1,0.7,0.7,1,0,0,3,0,0,0,0,0,0.02,0.13,0.15,1.64,2,1,1,0,,,,0,False,452,0.0,875,1098,0.3,0,False,,0.3,1,0.3,1,0.3,1,5.0,251,15,0,0,1.0,2.5,0,5.374,4.786,5.963,-0.626
2026-09-29,2026-09-29T23:38:04+00:00,2026,5,5,640419,509,Byfield,Jun'ai,Byfield,DEF,19,6,Spurs,4.0,4.0,0.0,0,0,0,0,0,0,0,0,0.0,0.0,0.1,2335,2588,0.0311,0.0345,-0.0034,0.0,0.0,0.0,0.0,a,,,,,0.0,0.0,0.0,0.0,0,0,0,0,0,0,0,0,0,0.0,0.0,0.0,0.0,0,0,0,0,,,,0,False,481,0.0,120,244,-4.2,0,False,,-4.2,-1,-4.2,-1,-4.2,-1,5.0,0,0,0,0,0.0,0.0,0,4.074,3.487,4.662,0.074
2026-09-29,2026-09-29T23:38:04+00:00,2026,5,5,643970,603,Lienou,Jayden,Lienou,DEF,13,2,Leeds,4.0,4.0,0.0,0,0,0,0,0,0,0,0,0.0,0.0,0.1,6906,3973,0.092,0.0529,0.0391,0.0,0.0,0.0,0.0,a,,,,,0.0,0.0,0.0,0.0,0,0,0,0,0,0,0,0,0,0.0,0.0,0.0,0.0,0,0,0,0,,,,0,False,414,0.0,233,506,0.1,0,False,,0.1,1,0.1,1,0.1,1,5.0,0,0,0,0,0.0,0.0,0,4.007,3.42,4.594,0.007
2026-09-29,2026-09-29T23:38:04+00:00,2026,5,5,645618,50,Burrowes,Bradley,Burrowes,MID,2,7,Aston Villa,4.5,4.5,0.0,0,0,0,0,0,0,0,0,0.0,0.0,0.6,21448,35045,0.2856,0.4666,-0.1811,0.0,0.0,0.0,0.0,a,,,,,0.0,0.0,0.0,0.0,0,0,0,0,0,0,0,0,0,0.0,0.0,0.0,0.0,0,0,0,0,,,,0,False,239,0.0,623,3321,-77.4,0,False,,-77.4,-3,-77.4,-3,-77.4,-3,5.0,0,0,0,0,0.0,0.0,0,4.517,3.929,5.105,0.017
2026-09-29,2026-09-29T23:38:04+00:00,2026,5,5,647681,363,Leoni,Giovanni,Leoni,DEF,14,14,Liverpool,4.0,4.0,0.0,0,0,0,0,0,0,0,0,0.0,0.0,0.0,866,2105,0.0115,0.028,-0.0165,0.0,0.0,0.0,0.0,i,Knee injury - Unknown return date,2026-07-23T12:01:23.596909Z,0.0,0.0,0.0,0.0,0.0,0.0,0,0,0,0,0,0,0,0,0,0.0,0.0,0.0,0.0,0,0,0,0,,,,0,False,536,0.0,65,174,-59.5,0,False,,-59.5,-3,-59.5,-3,-59.5,-3,5.0,0,0,0,0,0.0,0.0,0,4.118,3.53,4.706,0.118
2026-09-29,2026-09-29T23:38:04+00:00,2026,5,5,647839,645,Mouzakitis,Christos,Mouzakitis,MID,11,88,Hull City,5.0,5.0,0.0,0,0,0,0,0,0,0,0,0.0,0.0,0.0,779,314,0.0104,0.0042,0.0062,0.0,0.0,0.0,0.0,a,,,,,0.0,0.0,0.0,0.0,0,0,0,0,0,0,0,0,0,0.0,0.0,0.0,0.0,0,0,0,0,,,,0,False,620,0.0,87,88,0.0,0,False,,0.0,0,0.0,0,0.0,0,5.0,0,0,0,0,0.0,0.0,0,4.801,4.214,5.389,-0.199
2026-09-29,2026-09-29T23:38:04+00:00,2026,5,5,647850,138,Kostoulas,Charalampos,Kostoulas,FWD,5,36,Brighton,5.6,5.5,0.1,28,353,5,2,3,2,3,105,5.6,5.0,4.1,410413,50658,5.4649,0.6745,4.7903,26.1,95.8,39.1,127.0,a,,,,,7.3,1.3,7.3,7.3,10,4,0,5,0,0,0,1,0,1.35,0.06,1.41,7.67,27,4,18,5,,,,1,False,82,0.1,305722,18148,18.8,57,False,,19.1,1,19.4,1,19.7,1,5.0,2683,213,15,23,5.6,38.0,0,7.656,7.058,8.255,2.056
2026-09-29,2026-09-29T23:38:04+00:00,2026,5,5,649208,410,Monga,Jeremy,Monga,MID,15,43,Man City,4.9,5.0,-0.1,0,0,0,0,0,0,0,0,0.0,0.0,0.0,219,1269,0.0029,0.0169,-0.014,0.0,0.0,0.0,0.0,u,Has joined Swansea City on loan for the rest of the season,2026-09-02T16:02:01.136760Z,0.0,0.0,0.0,0.0,0.0,0.0,0,0,0,0,0,0,0,0,0,0.0,0.0,0.0,0.0,0,0,0,0,,,,0,False,622,0.0,0,49,0.0,0,False,,0.0,0,0.0,0,0.0,0,5.0,0,0,0,0,0.0,0.0,0,4.997,4.409,5.585,0.097
2026-09-29,2026-09-29T23:38:04+00:00,2026,5,5,651426,203,Canvot,Jaydee,Canvot,DEF,8,31,Crystal Palace,4.8,5.0,-0.2,10,360,4,0,0,1,0,38,2.5,2.1,0.2,5721,19488,0.0762,0.2595,-0.1833,11.5,83.0,25.3,7.0,a,,,,,3.0,0.6,3.0,3.0,8,4,0,8,0,0,0,0,0,0.05,0.13,0.18,7.78,34,8,11,26,,,,0,False,334,-0.1,379,838,-0.6,0,False,,-0.6,-1,-0.6,-1,-0.6,-1,5.0,2736,76,0,0,2.5,15.8,0,4.572,3.985,5.16,-0.228
2026-09-29,2026-09-29T23:38:04+00:00,2026,5,5,653481,52,Alysson,Alysson Edward Franco,da Rocha dos Santos,MID,2,7,Aston Villa,5.0,5.0,0.0,8,87,4,1,0,0,0,34,2.0,1.6,0.0,3353,3628,0.0446,0.0483,-0.0037,7.0,39.8,4.9,25.0,d,Unspecified injury - 75% chance of playing,2026-09-19T11:30:09.355376Z,,75.0,1.8,0.4,1.8,1.4,0,0,0,2,0,0,0,1,0,0.06,0.0,0.06,2.4,8,2,4,2,,,,0,False,498,0.0,67,765,-1.3,0,False,,-1.3,-1,-1.3,-1,-1.3,-1,5.0,661,61,8,0,2.0,12.2,0,5.491,4.901,6.08,0.491
2026-09-29,2026-09-29T23:38:04+00:00,2026,5,5,655585,665,Mills,Michael,Mills,MID,17,4,Newcastle,4.5,4.5,0.0,0,0,0,0,0,0,0,0,0.0,0.0,0.0,159,28,0.0021,0.0004,0.0017,0.0,0.0,0.0,0.0,a,,,,,0.0,0.0,1.1,1.1,0,0,0,0,0,0,0,0,0,0.0,0.0,0.0,0.0,0,0,0,0,,,,0,False,652,0.0,159,28,0.0,0,False,2026-10-02T19:11:39.931907Z,0.0,0,0.0,0,0.0,0,5.0,0,0,0,0,0.0,0.0,0,4.543,3.956,5.131,0.043
2026-09-29,2026-09-29T23:38:04+00:00,2026,5,5,660392,225,Uche,Christantus,Uche,FWD,8,31,Crystal Palace,5.0,5.0,0.0,0,0,0,0,0,0,0,0,0.0,0.0,0.0,0,0,0.0,0.0,0.0,0.0,0.0,0.0,0.0,u,has returned to Getafe CF,2026-07-23T12:18:56.275922Z,0.0,0.0,0.0,0.0,0.0,0.0,0,0,0,0,0,0,0,0,0,0.0,0.0,0.0,0.0,0,0,0,0,,,,0,False,667,0.0,0,0,0.0,0,False,,0.0,0,0.0,0,0.0,0,5.0,0,0,0,0,0.0,0.0,0,4.778,4.19,5.366,-0.222
2026-09-29,2026-09-29T23:38:04+00:00,2026,5,5,661016,658,Ibrahim,Younes,Ibrahim,MID,5,36,Brighton,4.5,4.5,0.0,0,0,0,0,0,0,0,0,0.0,0.0,0.0,1470,479,0.0196,0.0064,0.0132,0.0,0.0,0.0,0.0,a,,,,,0.0,0.0,0.0,0.0,0,0,0,0,0,0,0,0,0,0.0,0.0,0.0,0.0,0,0,0,0,,,,0,False,591,0.0,307,211,0.0,0,False,,0.0,0,0.0,0,0.0,0,5.0,0,0,0,0,0.0,0.0,0,4.526,3.939,5.114,0.026
2026-09-29,2026-09-29T23:38:04+00:00,2026,5,5,661313,651,J.Angulo,Juan,Angulo,FWD,20,56,Sunderland,4.5,4.5,0.0,0,0,0,0,0,0,0,0,0.0,0.0,0.7,90461,30168,1.2045,0.4017,0.8028,0.0,0.0,0.0,0.0,a,,,,,0.0,0.0,0.0,0.0,0,0,0,0,0,0,0,0,0,0.0,0.0,0.0,0.0,0,0,0,0,,,,0,False,208,0.0,8593,7153,4.8,-2,False,,4.8,1,4.8,1,4.7,1,5.0,0,0,0,0,0.0,0.0,0,4.529,3.941,5.117,0.029
2026-09-29,2026-09-29T23:38:04+00:00,2026,5,5,661800,284,McCarthy,Cathal,McCarthy,DEF,11,88,Hull City,4.0,4.0,0.0,0,0,0,0,0,0,0,0,0.0,0.0,0.1,4920,4574,0.0655,0.0609,0.0046,0.0,0.0,0.0,0.0,a,,,,,0.0,0.0,0.0,0.0,0,0,0,0,0,0,0,0,0,0.0,0.0,0.0,0.0,0,0,0,0,,,,0,False,424,0.0,386,422,0.4,0,False,,0.4,1,0.4,1,0.4,1,5.0,0,0,0,0,0.0,0.0,0,4.007,3.42,4.594,0.007
2026-09-29,2026-09-29T23:38:04+00:00,2026,5,5,661888,575,Yirenkyi,Caleb,Yirenkyi,MID,7,9,Coventry City,4.8,5.0,-0.2,9,265,5,0,0,2,0,36,1.8,1.9,0.1,2938,13662,0.0391,0.1819,-0.1428,6.0,15.4,41.6,7.0,a,,,,,1.7,0.4,1.7,1.7,3,3,0,5,0,0,0,1,0,0.03,0.15,0.18,4.25,21,1,13,7,,,,0,False,372,-0.1,286,995,-2.6,0,False,,-2.6,-1,-2.6,-1,-2.6,-1,5.0,2014,68,0,0,1.8,14.2,0,4.843,4.256,5.43,0.043
2026-09-29,2026-09-29T23:38:04+00:00,2026,5,5,665243,659,Miley,Mason,Miley,MID,17,4,Newcastle,4.5,4.5,0.0,0,0,0,0,0,0,0,0,0.0,0.0,0.0,4825,1238,0.0642,0.0165,0.0478,0.0,0.0,0.0,0.0,a,,,,,0.0,0.0,0.0,0.0,0,0,0,0,0,0,0,0,0,0.0,0.0,0.0,0.0,0,0,0,0,,,,0,False,506,0.0,1387,636,0.0,0,False,,0.0,0,0.0,0,0.0,0,5.0,0,0,0,0,0.0,0.0,0,4.543,3.956,5.131,0.043
2026-09-29,2026-09-29T23:38:04+00:00,2026,5,5,671875,666,Thompson,Kyran,Thompson,MID,17,4,Newcastle,4.5,4.5,0.0,0,0,0,0,0,0,0,0,0.0,0.0,0.0,230,35,0.0031,0.0005,0.0026,0.0,0.0,0.0,0.0,a,,,,,0.0,0.0,1.1,1.1,0,0,0,0,0,0,0,0,0,0.0,0.0,0.0,0.0,0,0,0,0,,,,0,False,647,0.0,230,35,0.0,0,False,2026-10-02T19:12:09.032926Z,0.0,0,0.0,0,0.0,0,5.0,0,0,0,0,0.0,0.0,0,4.543,3.956,5.131,0.043
2026-09-29,2026-09-29T23:38:04+00:00,2026,5,5,672492,221,Drakes-Thomas,Joél,Drakes-Thomas,MID,8,31,Crystal Palace,4.5,4.5,0.0,0,0,0,0,0,0,0,0,0.0,0.0,0.1,2684,4659,0.0357,0.062,-0.0263,0.0,0.0,0.0,0.0,a,,,,,0.0,0.0,0.0,0.0,0,0,0,0,0,0,0,0,0,0.0,0.0,0.0,0.0,0,0,0,0,,,,0,False,461,0.0,136,414,-93.0,0,False,,-93.0,-3,-93.0,-3,-93.0,-3,5.0,0,0,0,0,0.0,0.0,0,4.515,3.927,5.102,0.015
2026-09-29,2026-09-29T23:38:04+00:00,2026,5,5,684268,189,Shepherd,George,Shepherd,MID,7,9,Coventry City,4.4,4.5,-0.1,0,0,0,0,0,0,0,0,0.0,0.0,0.3,10728,15087,0.1428,0.2009,-0.058,0.0,0.0,0.0,0.0,a,,,,,0.0,0.0,0.0,0.0,0,0,0,0,0,0,0,0,0,0.0,0.0,0.0,0.0,0,0,0,0,,,,0,False,302,0.0,4008,2216,0.8,0,False,,0.8,1,0.8,1,0.8,1,5.0,0,0,0,0,0.0,0.0,0,4.507,3.92,5.094,0.107
2026-09-29,2026-09-29T23:38:04+00:00,2026,5,5,690838,582,Madjo,Brian,Madjo,FWD,2,7,Aston Villa,5.4,5.5,-0.1,0,0,0,0,0,0,0,0,0.0,0.0,0.2,2873,30499,0.0383,0.4061,-0.3679,0.0,0.0,0.0,0.0,i,Unspecified injury - Unknown return date,2026-08-15T16:00:07.974271Z,0.0,0.0,0.0,0.0,0.0,0.0,0,0,0,0,0,0,0,0,0,0.0,0.0,0.0,0.0,0,0,0,0,,,,0,False,331,0.0,188,1728,-24.2,0,False,,-24.2,-2,-24.2,-2,-24.2,-2,5.0,0,0,0,0,0.0,0.0,0,5.025,4.436,5.613,-0.375
2026-09-29,2026-09-29T23:38:04+00:00,2026,5,5,696104,613,Ahoka,Jules,Ahoka,MID,20,56,Sunderland,4.5,4.5,0.0,0,0,0,0,0,0,0,0,0.0,0.0,0.2,25376,14272,0.3379,0.19,0.1479,0.0,0.0,0.0,0.0,a,,,,,0.0,0.0,0.0,0.0,0,0,0,0,0,0,0,0,0,0.0,0.0,0.0,0.0,0,0,0,0,,,,0,False,316,0.0,581,1574,-44.6,0,False,,-44.6,-3,-44.6,-3,-44.6,-3,5.0,0,0,0,0,0.0,0.0,0,4.53,3.943,5.117,0.03
2026-09-29,2026-09-29T23:38:04+00:00,2026,5,5,699989,550,Jocelin.T,Djiamgone Jocelin Ta,Bi,MID,20,56,Sunderland,5.0,5.0,0.0,0,0,0,0,0,0,0,0,0.0,0.0,0.0,303,421,0.004,0.0056,-0.0016,0.0,0.0,0.0,0.0,a,,,,,0.0,0.0,0.0,0.0,0,0,0,0,0,0,0,0,0,0.0,0.0,0.0,0.0,0,0,0,0,,,,0,False,630,0.0,29,40,-92.7,0,False,,-92.7,-3,-92.7,-3,-92.7,-3,5.0,0,0,0,0,0.0,0.0,0,4.801,4.214,5.389,-0.199
2026-09-29,2026-09-29T23:38:04+00:00,2026,5,5,700308,135,Yohanna,Zadok,Yohanna,MID,5,36,Brighton,4.8,5.0,-0.2,1,12,1,0,0,0,0,3,1.0,0.2,0.0,1266,5491,0.0169,0.0731,-0.0563,0.2,0.2,1.3,0.0,i,Unspecified injury - Expected back 10 Oct,2026-09-10T13:00:08.617941Z,0.0,0.0,0.0,0.0,0.0,0.0,0,0,0,0,0,0,0,0,0,0.0,0.03,0.03,0.0,0,0,0,0,,,,0,False,527,-0.1,23,384,-0.8,0,False,,-0.8,-1,-0.8,-1,-0.8,-1,5.0,91,8,0,0,1.0,1.6,0,4.769,4.182,5.357,-0.031
