date,fetched_at,season,gameweeks_finished,current_event,code,id,web_name,first_name,second_name,element_type,team,team_code,team_name,price,start_price,price_change_season,total_points,minutes,appearances,goals_scored,assists,clean_sheets,bonus,bps,points_per_game,value_season,selected_by_percent,transfers_in,transfers_out,transfers_in_share,transfers_out_share,net_transfers_share,ict_index,influence,creativity,threat,status,news,news_added,chance_of_playing_this_round,chance_of_playing_next_round,form,value_form,ep_this,ep_next,event_points,starts,saves,goals_conceded,own_goals,penalties_saved,penalties_missed,yellow_cards,red_cards,expected_goals,expected_assists,expected_goal_involvements,expected_goals_conceded,defensive_contribution,tackles,recoveries,clearances_blocks_interceptions,penalties_order,direct_freekicks_order,corners_and_indirect_freekicks_order,dreamteam_count,in_dreamteam,selected_rank,price_change_event,transfers_in_event,transfers_out_event,price_change_percent,price_change_hourly_rate,price_change_calibrating,price_change_locked_until,price_change_proj0_percent,price_change_proj0_likelihood,price_change_proj1_percent,price_change_proj1_likelihood,price_change_proj2_percent,price_change_proj2_likelihood,games_played,proj_minutes,proj_total_points,proj_goals_scored,proj_assists,proj_points_per_game,proj_value_season,n_clamped,pred_next_start,pred_next_lower,pred_next_upper,pred_change
2026-10-07,2026-10-07T09:49:48+00:00,2026,5,5,17761,229,Tarkowski,James,Tarkowski,DEF,9,11,Everton,6.2,6.0,0.2,43,450,5,1,1,3,7,138,8.6,6.9,16.9,973816,291392,12.7311,3.8095,8.9216,20.5,149.6,25.6,30.0,a,,,,,11.0,1.8,11.0,11.0,14,5,0,3,0,0,0,0,0,0.18,0.04,0.22,6.94,51,11,18,40,,,,2,True,25,0.1,263008,27806,3.3,211,False,,4.0,1,5.2,1,6.5,1,5.0,3420,327,8,8,8.6,38.7,1,6.913,6.281,7.545,0.713
2026-10-07,2026-10-07T09:49:48+00:00,2026,5,5,21205,414,Heaton,Tom,Heaton,GK,16,1,Man Utd,4.0,4.0,0.0,0,0,0,0,0,0,0,0,0.0,0.0,0.1,2154,3602,0.0282,0.0471,-0.0189,0.0,0.0,0.0,0.0,i,Hamstring injury - Unknown return date,2026-08-15T16:00:07.854151Z,0.0,0.0,0.0,0.0,0.0,0.0,0,0,0,0,0,0,0,0,0,0.0,0.0,0.0,0.0,0,0,0,0,,,,0,False,443,0.0,236,315,-38.5,0,False,,-38.5,-2,-38.5,-2,-38.5,-2,5.0,0,0,0,0,0.0,0.0,0,4.097,3.509,4.685,0.097
2026-10-07,2026-10-07T09:49:48+00:00,2026,5,5,40383,58,Forster,Fraser,Forster,GK,3,91,Bournemouth,4.0,4.0,0.0,0,0,0,0,0,0,0,0,0.0,0.0,3.5,118653,80230,1.5512,1.0489,0.5023,0.0,0.0,0.0,0.0,a,,,,,0.0,0.0,0.0,0.0,0,0,0,0,0,0,0,0,0,0.0,0.0,0.0,0.0,0,0,0,0,,,,0,False,98,0.0,9459,8409,4.9,-5,False,,4.9,1,4.8,1,4.8,1,5.0,0,0,0,0,0.0,0.0,0,4.051,3.462,4.64,0.051
2026-10-07,2026-10-07T09:49:48+00:00,2026,5,5,49262,111,Steele,Jason,Steele,GK,5,36,Brighton,4.0,4.0,0.0,0,0,0,0,0,0,0,0,0.0,0.0,4.1,148397,122732,1.94,1.6045,0.3355,0.0,0.0,0.0,0.0,a,,,,,0.0,0.0,0.0,0.0,0,0,0,0,0,0,0,0,0,0.0,0.0,0.0,0.0,0,0,0,0,,,,0,False,84,0.0,8210,16977,-1.5,-9,False,,-1.7,-1,-2.1,-1,-2.4,-1,5.0,0,0,0,0,0.0,0.0,0,4.056,3.467,4.644,0.056
2026-10-07,2026-10-07T09:49:48+00:00,2026,5,5,50093,302,Button,David,Button,GK,12,40,Ipswich Town,4.0,4.0,0.0,0,0,0,0,0,0,0,0,0.0,0.0,0.6,31836,15385,0.4162,0.2011,0.2151,0.0,0.0,0.0,0.0,a,,,,,0.0,0.0,0.0,0.0,0,0,0,0,0,0,0,0,0,0.0,0.0,0.0,0.0,0,0,0,0,,,,0,False,234,0.0,1826,1533,1.2,0,False,,1.2,1,1.2,1,1.2,1,5.0,0,0,0,0,0.0,0.0,0,3.998,3.41,4.585,-0.002
2026-10-07,2026-10-07T09:49:48+00:00,2026,5,5,50175,136,Welbeck,Danny,Welbeck,FWD,6,8,Chelsea,5.9,6.0,-0.1,4,85,3,0,0,0,0,15,1.3,0.7,1.0,63276,84371,0.8272,1.103,-0.2758,6.1,14.4,32.7,14.0,a,,2026-08-20T14:00:07.949090Z,100.0,100.0,1.5,0.3,1.5,1.5,2,1,0,1,0,0,0,0,0,0.0,0.14,0.14,1.99,5,1,2,2,,,,0,False,177,0.0,9340,10467,7.6,2,False,,7.6,1,7.6,1,7.7,1,5.0,646,30,0,0,1.3,5.2,0,5.485,4.897,6.073,-0.415
2026-10-07,2026-10-07T09:49:48+00:00,2026,5,5,54469,64,Smith,Adam,Smith,DEF,3,91,Bournemouth,4.5,4.5,0.0,4,434,5,0,0,0,0,14,0.8,0.9,0.1,7282,7388,0.0952,0.0966,-0.0014,9.1,43.6,44.4,4.0,a,,,,,1.0,0.2,1.0,1.0,2,5,0,8,0,0,0,3,0,0.01,0.09,0.1,6.7,21,5,15,16,,,,0,False,391,0.0,484,560,0.3,0,False,,0.3,1,0.3,1,0.3,1,5.0,3298,30,0,0,0.8,6.8,0,4.071,3.478,4.663,-0.429
2026-10-07,2026-10-07T09:49:48+00:00,2026,5,5,56979,101,Henderson,Jordan,Henderson,MID,6,8,Chelsea,4.9,5.0,-0.1,2,90,1,0,0,0,0,16,2.0,0.4,0.0,1178,2657,0.0154,0.0347,-0.0193,2.7,16.6,10.4,0.0,a,,2026-08-09T09:30:07.136250Z,50.0,100.0,1.0,0.2,0.5,1.0,2,1,0,3,0,0,0,0,0,0.0,0.08,0.08,2.65,10,1,7,2,,,3.0,0,False,526,0.0,565,183,0.0,0,False,,0.0,0,0.0,0,0.0,0,5.0,684,15,0,0,2.0,3.1,0,4.923,4.336,5.511,0.023
2026-10-07,2026-10-07T09:49:48+00:00,2026,5,5,59735,325,Darlow,Karl,Darlow,GK,16,1,Man Utd,4.5,4.5,0.0,0,0,0,0,0,0,0,0,0.0,0.0,0.0,1072,1629,0.014,0.0213,-0.0073,0.0,0.0,0.0,0.0,d,Unspecified injury - 75% chance of playing,2026-09-21T13:30:08.885505Z,100.0,75.0,0.0,0.0,0.0,0.0,0,0,0,0,0,0,0,0,0,0.0,0.0,0.0,0.0,0,0,0,0,,,,0,False,514,0.0,65,248,-26.5,-1,False,,-28.1,-2,-30.8,-2,-33.6,-2,5.0,0,0,0,0,0.0,0.0,0,4.363,3.775,4.951,-0.137
2026-10-07,2026-10-07T09:49:48+00:00,2026,5,5,60307,124,Groß,Pascal,Groß,MID,5,36,Brighton,5.9,5.5,0.4,47,450,5,3,4,3,9,166,9.4,8.0,29.8,2237708,545738,29.2544,7.1346,22.1197,50.8,211.0,216.0,84.0,a,,,,,15.5,2.6,15.5,15.5,14,5,0,5,0,0,0,2,0,1.77,0.86,2.63,8.67,26,7,10,9,1.0,1.0,1.0,3,True,8,0.2,877215,15955,10.1,1151,False,,13.9,1,20.7,2,27.5,2,5.0,3420,344,23,23,9.1,38.7,4,8.666,8.044,9.288,2.766
2026-10-07,2026-10-07T09:49:48+00:00,2026,5,5,60689,490,Wood,Chris,Wood,FWD,18,17,Nott'm Forest,5.8,6.0,-0.2,4,62,4,0,0,0,0,13,1.0,0.7,0.9,24929,116969,0.3259,1.5292,-1.2033,0.7,1.2,4.8,3.0,a,,,,,1.0,0.2,1.0,1.0,1,0,0,1,0,0,0,0,0,0.12,0.01,0.13,0.53,1,0,1,0,2.0,,,0,False,191,0.0,2350,7122,-44.5,-7,False,,-45.2,-3,-46.5,-3,-47.7,-3,5.0,471,30,0,0,1.0,5.2,0,5.347,4.759,5.935,-0.453
2026-10-07,2026-10-07T09:49:48+00:00,2026,5,5,67089,497,Dubravka,Martin,Dubravka,GK,19,6,Spurs,4.0,4.0,0.0,0,0,0,0,0,0,0,0,0.0,0.0,17.1,403250,448310,5.2718,5.8609,-0.5891,0.0,0.0,0.0,0.0,a,,,,,0.0,0.0,0.0,0.0,0,0,0,0,0,0,0,0,0,0.0,0.0,0.0,0.0,0,0,0,0,,,,0,False,24,0.0,32611,55660,-26.6,-13,False,,-26.7,-2,-26.8,-2,-26.9,-2,5.0,0,0,0,0,0.0,0.0,0,4.34,3.75,4.93,0.34
2026-10-07,2026-10-07T09:49:48+00:00,2026,5,5,72147,29,M.Bizot,Marco,Bizot,GK,2,7,Aston Villa,4.5,4.5,0.0,1,90,1,0,0,0,0,1,1.0,0.2,0.1,4668,7505,0.061,0.0981,-0.0371,2.8,28.2,0.0,0.0,i,Back injury - Expected back 10 Oct,2026-09-17T07:30:09.058151Z,0.0,0.0,0.0,0.0,0.0,0.0,0,1,3,4,0,0,0,0,0,0.0,0.0,0.0,3.77,0,0,6,2,,,,0,False,400,0.0,74,1129,-42.8,-2,False,,-43.3,-3,-44.2,-3,-45.1,-3,5.0,684,8,0,0,1.0,1.7,0,4.206,3.617,4.795,-0.294
2026-10-07,2026-10-07T09:49:48+00:00,2026,5,5,75115,108,Wilson,Callum,Wilson,FWD,4,94,Brentford,5.4,5.5,-0.1,3,13,3,0,0,0,0,9,1.0,0.6,0.3,15728,26741,0.2056,0.3496,-0.144,2.6,3.2,10.4,12.0,a,,,,,0.0,0.0,0.0,0.0,0,0,0,0,0,0,0,0,0,0.07,0.04,0.11,0.15,2,0,1,1,,,,0,False,292,-0.1,1379,2676,-12.9,0,False,,-12.9,-1,-12.9,-1,-12.9,-1,5.0,99,23,0,0,1.0,4.2,0,5.068,4.478,5.657,-0.332
2026-10-07,2026-10-07T09:49:48+00:00,2026,5,5,76357,266,Cairney,Tom,Cairney,MID,10,54,Fulham,4.9,5.0,-0.1,0,0,0,0,0,0,0,0,0.0,0.0,0.0,114,332,0.0015,0.0043,-0.0028,0.0,0.0,0.0,0.0,i,Knee injury - Expected back 10 Oct,2026-08-14T18:00:06.460944Z,0.0,0.0,0.0,0.0,0.0,0.0,0,0,0,0,0,0,0,0,0,0.0,0.0,0.0,0.0,0,0,0,0,,,,0,False,649,0.0,13,21,-12.6,0,False,,-12.6,-1,-12.6,-1,-12.6,-1,5.0,0,0,0,0,0.0,0.0,0,4.773,4.186,5.36,-0.127
2026-10-07,2026-10-07T09:49:48+00:00,2026,5,5,78916,448,Burn,Dan,Burn,DEF,17,4,Newcastle,4.8,5.0,-0.2,0,0,0,0,0,0,0,0,0.0,0.0,0.7,7344,161410,0.096,2.1102,-2.0142,0.0,0.0,0.0,0.0,i,Ankle injury - Expected back 12 Oct,2026-08-23T18:00:08.367241Z,0.0,0.0,0.0,0.0,0.0,0.0,0,0,0,0,0,0,0,0,0,0.0,0.0,0.0,0.0,0,0,0,0,,,,0,False,213,-0.1,129,6502,-5.2,-4,False,,-5.3,-1,-5.5,-1,-5.7,-1,5.0,0,0,0,0,0.0,0.0,0,4.519,3.931,5.107,-0.281
2026-10-07,2026-10-07T09:49:48+00:00,2026,5,5,79602,623,Bentley,Dan,Bentley,GK,7,9,Coventry City,4.0,4.0,0.0,0,0,0,0,0,0,0,0,0.0,0.0,0.6,79837,19603,1.0437,0.2563,0.7875,0.0,0.0,0.0,0.0,a,,,,,0.0,0.0,0.0,0.0,0,0,0,0,0,0,0,0,0,0.0,0.0,0.0,0.0,0,0,0,0,,,,0,False,225,0.0,9459,2711,2.4,3,False,,2.4,1,2.5,1,2.5,1,5.0,0,0,0,0,0.0,0.0,0,3.998,3.41,4.585,-0.002
2026-10-07,2026-10-07T09:49:48+00:00,2026,5,5,80178,178,Bidwell,Jake,Bidwell,DEF,7,9,Coventry City,4.0,4.0,0.0,0,0,0,0,0,0,0,0,0.0,0.0,0.1,2508,3569,0.0328,0.0467,-0.0139,0.0,0.0,0.0,0.0,a,,,,,0.0,0.0,0.0,0.0,0,0,0,0,0,0,0,0,0,0.0,0.0,0.0,0.0,0,0,0,0,,,,0,False,447,0.0,201,338,-33.0,0,False,,-33.0,-2,-33.0,-2,-33.0,-2,5.0,0,0,0,0,0.0,0.0,0,4.007,3.42,4.594,0.007
2026-10-07,2026-10-07T09:49:48+00:00,2026,5,5,80201,250,Leno,Bernd,Leno,GK,10,54,Fulham,4.5,4.5,0.0,18,450,5,0,0,1,2,77,3.6,4.0,3.4,160968,105774,2.1044,1.3828,0.7216,12.8,127.6,0.0,0.0,a,,,,,6.0,1.3,6.0,6.0,3,5,16,8,0,0,0,0,0,0.0,0.0,0.0,9.11,0,0,41,6,,,,0,False,99,0.0,50071,14732,10.7,43,False,,11.1,1,11.8,1,12.5,1,5.0,3420,137,0,0,3.6,30.4,0,4.659,4.071,5.248,0.159
2026-10-07,2026-10-07T09:49:48+00:00,2026,5,5,81441,443,Gillespie,Mark,Gillespie,GK,17,4,Newcastle,4.5,4.5,0.0,0,0,0,0,0,0,0,0,0.0,0.0,0.0,774,1215,0.0101,0.0159,-0.0058,0.0,0.0,0.0,0.0,a,,,,,0.0,0.0,0.0,0.0,0,0,0,0,0,0,0,0,0,0.0,0.0,0.0,0.0,0,0,0,0,,,,0,False,530,0.0,49,95,-41.5,0,False,,-41.5,-3,-41.5,-3,-41.5,-3,5.0,0,0,0,0,0.0,0.0,0,4.272,3.683,4.86,-0.228
2026-10-07,2026-10-07T09:49:48+00:00,2026,5,5,83299,116,Dunk,Lewis,Dunk,DEF,5,36,Brighton,4.5,4.5,0.0,22,360,4,1,0,2,1,79,5.5,4.9,1.5,89382,53019,1.1685,0.6931,0.4754,14.3,116.2,14.6,11.0,d,Neck injury - 75% chance of playing,2026-09-22T09:30:09.629652Z,,75.0,6.0,1.3,6.0,4.5,0,4,0,5,0,0,0,1,0,0.03,0.09,0.12,7.04,23,3,13,20,,3.0,,1,False,151,0.0,7821,11955,20.8,-24,False,,20.6,2,20.2,2,19.8,1,5.0,2736,167,8,0,5.5,37.2,0,5.446,4.855,6.038,0.946
2026-10-07,2026-10-07T09:49:48+00:00,2026,5,5,84450,544,Xhaka,Granit,Xhaka,MID,20,56,Sunderland,5.5,5.5,0.0,21,450,5,0,1,1,5,116,4.2,3.8,3.6,131615,210991,1.7207,2.7584,-1.0377,28.8,93.6,191.1,3.0,a,,,,,1.5,0.3,1.5,1.5,2,5,0,10,0,0,0,2,0,0.06,1.32,1.38,8.66,54,9,33,12,,2.0,2.0,0,False,94,0.0,7083,25902,-80.9,-13,False,,-81.2,-3,-81.8,-3,-82.4,-3,5.0,3420,160,0,8,4.2,29.0,0,5.781,5.192,6.37,0.281
2026-10-07,2026-10-07T09:49:48+00:00,2026,5,5,85633,467,Sels,Matz,Sels,GK,18,17,Nott'm Forest,5.0,5.0,0.0,14,450,5,0,0,1,0,67,2.8,2.8,1.6,68633,63156,0.8973,0.8257,0.0716,8.2,82.0,0.0,0.0,a,,,,,2.5,0.5,2.5,2.5,2,5,11,5,0,0,0,0,0,0.0,0.01,0.01,4.77,0,0,46,6,,,,0,False,144,0.0,2380,7094,4.5,-12,False,,4.4,1,4.2,1,4.0,1,5.0,3420,106,0,0,2.8,21.3,0,4.687,4.099,5.274,-0.313
2026-10-07,2026-10-07T09:49:48+00:00,2026,5,5,86873,251,Lecomte,Benjamin,Lecomte,GK,10,54,Fulham,4.0,4.0,0.0,0,0,0,0,0,0,0,0,0.0,0.0,1.1,25695,26403,0.3359,0.3452,-0.0093,0.0,0.0,0.0,0.0,a,,,,,0.0,0.0,0.0,0.0,0,0,0,0,0,0,0,0,0,0.0,0.0,0.0,0.0,0,0,0,0,,,,0,False,167,0.0,2967,2968,-26.0,0,False,,-26.0,-2,-26.0,-2,-26.0,-2,5.0,0,0,0,0,0.0,0.0,0,4.006,3.419,4.594,0.006
2026-10-07,2026-10-07T09:49:48+00:00,2026,5,5,88894,46,Barkley,Ross,Barkley,MID,2,7,Aston Villa,5.0,5.0,0.0,10,308,5,0,0,1,0,66,2.0,2.0,0.3,16189,16462,0.2116,0.2152,-0.0036,15.6,42.4,82.3,31.0,a,,,,,1.5,0.3,1.5,1.5,1,4,0,8,0,0,0,0,0,0.38,0.14,0.52,7.36,28,7,16,5,,,4.0,0,False,309,0.0,632,1985,0.5,0,False,,0.5,1,0.5,1,0.5,1,5.0,2341,76,0,0,2.0,15.2,0,4.874,4.286,5.462,-0.126
2026-10-07,2026-10-07T09:49:48+00:00,2026,5,5,91651,406,Kovačić,Mateo,Kovačić,MID,15,43,Man City,5.3,5.5,-0.2,2,42,2,0,0,0,0,12,1.0,0.4,0.1,2271,6333,0.0297,0.0828,-0.0531,0.9,4.2,5.2,0.0,a,,,,,0.0,0.0,0.0,0.0,0,0,0,0,0,0,0,0,0,0.0,0.02,0.02,0.1,2,0,2,0,,,,0,False,449,-0.1,129,504,-0.4,0,False,,-0.4,-1,-0.4,-1,-0.4,-1,5.0,319,15,0,0,1.0,2.9,0,5.268,4.68,5.856,-0.032
2026-10-07,2026-10-07T09:49:48+00:00,2026,5,5,93605,541,Meunier,Thomas,Meunier,DEF,20,56,Sunderland,4.5,4.5,0.0,14,396,5,0,1,1,0,42,2.8,3.1,0.3,7330,9815,0.0958,0.1283,-0.0325,15.6,70.2,41.4,43.0,a,,2026-08-16T08:30:07.830062Z,100.0,100.0,2.5,0.6,2.5,2.5,3,5,0,8,0,0,0,0,0,0.34,0.58,0.92,5.94,20,4,15,16,,,,0,False,300,0.0,1929,1063,-32.8,5,False,,-31.3,-2,-28.5,-2,-25.7,-2,5.0,3010,106,0,8,2.8,23.6,0,4.823,4.235,5.412,0.323
2026-10-07,2026-10-07T09:49:48+00:00,2026,5,5,95658,418,Maguire,Harry,Maguire,DEF,16,1,Man Utd,4.8,5.0,-0.2,10,450,5,0,1,0,0,50,2.0,2.1,8.6,139367,1011992,1.822,13.2301,-11.4081,18.6,86.0,50.1,50.0,a,,,,,1.5,0.3,1.5,1.5,2,5,0,8,0,0,0,2,0,0.2,0.46,0.66,6.8,31,3,21,28,,,,0,False,44,-0.1,5409,82301,-2.8,-39,False,,-3.0,-1,-3.5,-1,-3.9,-1,5.0,3420,76,0,8,2.0,15.8,0,5.059,4.468,5.65,0.259
2026-10-07,2026-10-07T09:49:48+00:00,2026,5,5,97032,356,Virgil,Virgil,van Dijk,DEF,14,14,Liverpool,6.5,6.5,0.0,25,450,5,0,0,3,0,96,5.0,3.8,16.2,283679,622320,3.7086,8.1358,-4.4272,17.4,125.0,22.3,26.0,a,,,,,8.0,1.2,8.0,8.0,8,5,0,4,0,0,0,1,0,0.25,0.08,0.33,6.12,48,5,18,43,,,,0,False,26,0.0,26663,49687,-63.9,-5,False,,-64.0,-3,-64.0,-3,-64.1,-3,5.0,3420,190,0,0,5.0,29.2,0,6.121,5.528,6.714,-0.379
2026-10-07,2026-10-07T09:49:48+00:00,2026,5,5,97846,625,Cairns,Alex,Cairns,GK,13,2,Leeds,4.0,4.0,0.0,0,0,0,0,0,0,0,0,0.0,0.0,0.2,19897,6019,0.2601,0.0787,0.1814,0.0,0.0,0.0,0.0,a,,,,,0.0,0.0,0.0,0.0,0,0,0,0,0,0,0,0,0,0.0,0.0,0.0,0.0,0,0,0,0,,,,0,False,329,0.0,938,861,0.4,0,False,,0.4,1,0.4,1,0.4,1,5.0,0,0,0,0,0.0,0.0,0,3.991,3.404,4.579,-0.009
2026-10-07,2026-10-07T09:49:48+00:00,2026,5,5,98747,442,Pope,Nick,Pope,GK,17,4,Newcastle,4.9,5.0,-0.1,0,0,0,0,0,0,0,0,0.0,0.0,0.9,13468,54182,0.1761,0.7083,-0.5323,0.0,0.0,0.0,0.0,a,,,,,0.0,0.0,0.0,0.0,0,0,0,0,0,0,0,0,0,0.0,0.0,0.0,0.0,0,0,0,0,,,,0,False,185,0.0,975,3459,-48.6,0,False,,-48.6,-3,-48.6,-3,-48.6,-3,5.0,0,0,0,0,0.0,0.0,0,4.533,3.944,5.121,-0.367
2026-10-07,2026-10-07T09:49:48+00:00,2026,5,5,98980,28,Martinez,Emiliano,Martínez Romero,GK,6,8,Chelsea,5.0,5.0,0.0,9,360,4,0,0,0,0,61,2.2,1.8,4.7,246986,248808,3.2289,3.2528,-0.0238,17.5,145.0,30.0,0.0,a,,,,,2.0,0.4,2.0,2.0,2,4,18,10,0,0,0,0,0,0.0,0.01,0.01,7.49,0,0,37,1,,,,0,False,77,0.0,9219,24227,-7.1,9,False,,-6.9,-1,-6.6,-1,-6.3,-1,5.0,2736,68,0,0,2.2,13.7,0,4.745,4.156,5.334,-0.255
2026-10-07,2026-10-07T09:49:48+00:00,2026,5,5,101188,30,Digne,Lucas,Digne,DEF,2,7,Aston Villa,4.5,4.5,0.0,0,0,0,0,0,0,0,0,0.0,0.0,0.0,0,8674,0.0,0.1134,-0.1134,0.0,0.0,0.0,0.0,u,Has joined Paris Saint-Germain permanently,2026-08-10T14:03:30.089007Z,0.0,0.0,0.0,0.0,0.0,0.0,0,0,0,0,0,0,0,0,0,0.0,0.0,0.0,0.0,0,0,0,0,,,,0,False,499,0.0,0,263,0.0,0,False,,0.0,0,0.0,0,0.0,0,5.0,0,0,0,0,0.0,0.0,0,4.252,3.664,4.84,-0.248
2026-10-07,2026-10-07T09:49:48+00:00,2026,5,5,101282,289,Crooks,Matt,Crooks,MID,11,88,Hull City,4.4,4.5,-0.1,3,203,3,0,0,1,0,17,1.0,0.7,0.5,24971,40999,0.3265,0.536,-0.2095,5.4,37.8,17.3,0.0,a,,2026-08-29T15:00:08.569326Z,100.0,100.0,0.5,0.1,0.5,0.5,0,3,0,4,0,0,0,3,0,0.0,0.12,0.12,3.57,21,8,4,9,,,,0,False,249,-0.1,5612,4770,0.8,0,False,,0.8,1,0.8,1,0.8,1,5.0,1543,23,0,0,1.0,5.2,0,4.457,3.87,5.045,0.057
2026-10-07,2026-10-07T09:49:48+00:00,2026,5,5,105666,274,Butland,Jack,Butland,GK,11,88,Hull City,4.4,4.5,-0.1,0,0,0,0,0,0,0,0,0.0,0.0,0.1,643,4967,0.0084,0.0649,-0.0565,0.0,0.0,0.0,0.0,i,Arm injury - Unknown return date,2026-08-08T19:00:05.601633Z,0.0,0.0,0.0,0.0,0.0,0.0,0,0,0,0,0,0,0,0,0,0.0,0.0,0.0,0.0,0,0,0,0,,,,0,False,470,-0.1,74,354,-1.1,0,False,,-1.1,-1,-1.1,-1,-1.1,-1,5.0,0,0,0,0,0.0,0.0,0,4.232,3.645,4.82,-0.168
2026-10-07,2026-10-07T09:49:48+00:00,2026,5,5,105717,540,Masuaku,Arthur,Masuaku,DEF,20,56,Sunderland,4.0,4.0,0.0,0,0,0,0,0,0,0,0,0.0,0.0,0.1,0,11638,0.0,0.1521,-0.1521,0.0,0.0,0.0,0.0,u,Has joined Konyaspor permanently,2026-08-12T14:08:03.097784Z,0.0,0.0,0.0,0.0,0.0,0.0,0,0,0,0,0,0,0,0,0,0.0,0.0,0.0,0.0,0,0,0,0,,,,0,False,382,0.0,0,705,0.0,0,False,,0.0,0,0.0,0,0.0,0,5.0,0,0,0,0,0.0,0.0,0,4.007,3.42,4.594,0.007
2026-10-07,2026-10-07T09:49:48+00:00,2026,5,5,106611,231,Keane,Michael,Keane,DEF,9,11,Everton,4.8,5.0,-0.2,0,0,0,0,0,0,0,0,0.0,0.0,0.7,9376,91061,0.1226,1.1905,-1.0679,0.0,0.0,0.0,0.0,a,,,,,0.0,0.0,0.0,0.0,0,0,0,0,0,0,0,0,0,0.0,0.0,0.0,0.0,0,0,0,0,,,,0,False,211,0.0,471,4262,-44.2,-4,False,,-44.7,-3,-45.6,-3,-46.5,-3,5.0,0,0,0,0,0.0,0.0,0,4.55,3.962,5.138,-0.25
2026-10-07,2026-10-07T09:49:48+00:00,2026,5,5,106760,423,Shaw,Luke,Shaw,DEF,16,1,Man Utd,4.3,4.5,-0.2,9,335,4,0,1,0,0,54,2.2,2.1,7.6,102210,1316091,1.3362,17.2057,-15.8695,20.1,92.6,91.6,17.0,a,,2026-09-11T13:00:09.030120Z,50.0,100.0,1.0,0.2,0.5,1.0,2,4,0,5,0,0,0,1,0,0.03,0.58,0.61,4.63,23,6,7,17,,,3.0,0,False,48,-0.1,4726,84162,-5.8,-32,False,,-6.1,-1,-6.5,-1,-6.9,-1,5.0,2546,68,0,8,2.2,15.9,0,4.887,4.297,5.476,0.587
2026-10-07,2026-10-07T09:49:48+00:00,2026,5,5,106921,587,Rulli,Gerónimo,Rulli,GK,15,43,Man City,5.0,5.0,0.0,0,0,0,0,0,0,0,0,0.0,0.0,0.0,618,1120,0.0081,0.0146,-0.0066,0.0,0.0,0.0,0.0,a,,,,,0.0,0.0,0.0,0.0,0,0,0,0,0,0,0,0,0,0.0,0.0,0.0,0.0,0,0,0,0,,,,0,False,566,0.0,86,109,-95.8,0,False,,-95.8,-4,-95.8,-4,-95.8,-4,5.0,0,0,0,0,0.0,0.0,0,4.754,4.165,5.343,-0.246
2026-10-07,2026-10-07T09:49:48+00:00,2026,5,5,108413,212,Hughes,Will,Hughes,MID,8,31,Crystal Palace,4.4,4.5,-0.1,2,29,2,0,0,0,0,9,1.0,0.5,7.2,123351,489079,1.6126,6.3939,-4.7813,2.4,8.0,15.3,0.0,a,,,,,0.5,0.1,0.5,0.5,0,0,0,1,0,0,0,0,0,0.0,0.04,0.04,1.12,7,1,3,3,,,4.0,0,False,53,0.0,9952,50464,-23.7,-34,False,,-24.2,-2,-24.9,-2,-25.7,-2,5.0,220,15,0,0,1.0,3.5,0,4.655,4.067,5.243,0.255
2026-10-07,2026-10-07T09:49:48+00:00,2026,5,5,108416,277,Egan,John,Egan,DEF,11,88,Hull City,4.1,3.9999999999999996,0.1,26,437,5,0,0,3,1,71,5.2,6.3,7.0,755756,220669,9.8803,2.8849,6.9954,13.4,110.8,1.3,21.0,a,,,,,1.5,0.4,1.5,1.5,1,5,0,4,0,0,0,1,0,0.05,0.0,0.05,7.27,59,9,12,50,,,,0,False,55,0.0,32597,33748,27.8,-4,False,,27.8,2,27.7,2,27.7,2,5.0,3321,198,0,0,5.2,38.7,1,4.702,4.107,5.297,0.602
2026-10-07,2026-10-07T09:49:48+00:00,2026,5,5,108813,300,Walton,Christian,Walton,GK,12,40,Ipswich Town,4.4,4.5,-0.1,2,90,1,0,0,0,0,10,2.0,0.5,0.4,3774,15167,0.0493,0.1983,-0.1489,1.2,12.0,0.0,0.0,a,,,,,1.0,0.2,1.0,1.0,2,1,1,1,0,0,0,0,0,0.0,0.01,0.01,2.24,0,0,17,2,,,,0,False,269,0.0,2089,1254,-6.1,0,False,,-6.1,-1,-6.1,-1,-6.1,-1,5.0,684,15,0,0,2.0,3.5,0,4.297,3.709,4.884,-0.103
2026-10-07,2026-10-07T09:49:48+00:00,2026,5,5,109646,147,Tosin,Tosin,Adarabioyo,DEF,19,6,Spurs,4.4,4.5,-0.1,1,5,1,0,0,0,0,5,1.0,0.2,0.1,2010,7969,0.0263,0.1042,-0.0779,0.9,9.0,0.2,0.0,a,,,,,0.5,0.1,0.5,0.5,0,0,0,0,0,0,0,0,0,0.0,0.0,0.0,0.03,4,2,1,2,,,,0,False,369,0.0,118,617,-43.7,0,False,,-43.7,-3,-43.7,-3,-43.7,-3,5.0,38,8,0,0,1.0,1.7,0,4.349,3.762,4.937,-0.051
2026-10-07,2026-10-07T09:49:48+00:00,2026,5,5,109745,2,Arrizabalaga,Kepa,Arrizabalaga Revuelta,GK,1,3,Arsenal,4.9,5.0,-0.1,0,0,0,0,0,0,0,0,0.0,0.0,0.1,1502,4300,0.0196,0.0562,-0.0366,0.0,0.0,0.0,0.0,a,,,,,0.0,0.0,0.0,0.0,0,0,0,0,0,0,0,0,0,0.0,0.0,0.0,0.0,0,0,0,0,,,,0,False,464,0.0,125,287,-54.4,0,False,,-54.4,-3,-54.4,-3,-54.4,-3,5.0,0,0,0,0,0.0,0.0,0,4.59,4.002,5.179,-0.31
2026-10-07,2026-10-07T09:49:48+00:00,2026,5,5,110690,172,Wilson,Ben,Wilson,GK,7,9,Coventry City,4.4,4.5,-0.1,0,0,0,0,0,0,0,0,0.0,0.0,0.4,1438,12473,0.0188,0.1631,-0.1443,0.0,0.0,0.0,0.0,a,,,,,0.0,0.0,0.0,0.0,0,0,0,0,0,0,0,0,0,0.0,0.0,0.0,0.0,0,0,0,0,,,,0,False,277,0.0,268,776,-7.2,0,False,,-7.2,-1,-7.2,-1,-7.2,-1,5.0,0,0,0,0,0.0,0.0,0,4.237,3.65,4.825,-0.163
2026-10-07,2026-10-07T09:49:48+00:00,2026,5,5,111234,226,Pickford,Jordan,Pickford,GK,9,11,Everton,5.5,5.5,0.0,25,450,5,0,0,3,1,121,5.0,4.5,9.2,300002,238905,3.922,3.1233,0.7987,12.0,119.2,0.0,0.0,a,,,,,7.0,1.3,7.0,7.0,8,5,15,3,0,0,0,0,0,0.0,0.02,0.02,6.94,0,0,53,7,,,,0,False,41,0.0,32485,18786,31.9,0,False,,31.9,2,31.9,2,31.9,2,5.0,3420,190,0,0,5.0,34.5,0,5.462,4.87,6.054,-0.038
2026-10-07,2026-10-07T09:49:48+00:00,2026,5,5,111317,74,Brooks,David,Brooks,MID,3,91,Bournemouth,5.0,5.0,0.0,3,45,4,0,0,0,0,8,0.8,0.6,0.1,3396,3824,0.0444,0.05,-0.0056,3.5,9.2,23.6,2.0,a,,2026-08-15T16:30:07.037929Z,100.0,100.0,0.5,0.1,0.5,0.5,1,0,0,2,0,0,0,1,0,0.0,0.07,0.07,0.75,5,0,3,2,,3.0,4.0,0,False,494,0.0,214,366,-21.4,1,False,,-19.3,-1,-15.5,-1,-11.7,-1,5.0,342,23,0,0,0.7,4.6,0,4.841,4.252,5.429,-0.159
2026-10-07,2026-10-07T09:49:48+00:00,2026,5,5,112520,301,Palmer,Alex,Palmer,GK,12,40,Ipswich Town,4.0,4.0,0.0,0,0,0,0,0,0,0,0,0.0,0.0,3.9,75331,114923,0.9848,1.5024,-0.5176,0.0,0.0,0.0,0.0,a,,,,,0.0,0.0,0.0,0.0,0,0,0,0,0,0,0,0,0,0.0,0.0,0.0,0.0,0,0,0,0,,,,0,False,89,0.0,4735,13684,-28.1,-6,False,,-28.2,-2,-28.5,-2,-28.8,-2,5.0,0,0,0,0,0.0,0.0,0,4.053,3.465,4.64,0.053
2026-10-07,2026-10-07T09:49:48+00:00,2026,5,5,114243,457,J.Murphy,Jacob,Murphy,MID,17,4,Newcastle,5.9,6.0,-0.1,3,181,5,0,0,0,0,21,0.6,0.5,0.1,6185,11089,0.0809,0.145,-0.0641,4.9,13.0,26.9,10.0,a,,,,,0.5,0.1,0.5,0.5,1,2,0,5,0,0,0,3,0,0.03,0.41,0.44,4.96,18,4,10,4,,,4.0,0,False,376,0.0,1082,910,-21.7,0,False,,-21.7,-2,-21.7,-2,-21.7,-2,5.0,1376,23,0,0,0.6,3.9,0,5.263,4.675,5.851,-0.637
2026-10-07,2026-10-07T09:49:48+00:00,2026,5,5,114283,238,Grealish,Jack,Grealish,MID,9,11,Everton,6.5,6.5,0.0,6,135,4,0,0,1,0,36,1.5,0.9,0.5,41500,23650,0.5425,0.3092,0.2334,11.4,21.6,71.7,20.0,a,,2026-07-29T10:00:10.492904Z,100.0,100.0,2.0,0.3,2.0,2.0,3,1,0,1,0,0,0,0,0,0.02,0.44,0.46,1.67,13,3,8,2,,,,0,False,253,0.0,4456,3366,9.6,8,False,,9.6,1,9.8,1,9.9,1,5.0,1026,46,0,0,1.5,7.0,0,5.76,5.172,6.348,-0.74
2026-10-07,2026-10-07T09:49:48+00:00,2026,5,5,115556,508,Davies,Ben,Davies,DEF,19,6,Spurs,3.9,4.0,-0.1,0,0,0,0,0,0,0,0,0.0,0.0,0.9,20238,41989,0.2646,0.5489,-0.2844,0.0,0.0,0.0,0.0,a,,,,,0.0,0.0,0.0,0.0,0,0,0,0,0,0,0,0,0,0.0,0.0,0.0,0.0,0,0,0,0,,,,0,False,189,-0.1,8442,4546,1.8,0,False,,1.8,1,1.8,1,1.8,1,5.0,0,0,0,0,0.0,0.0,0,4.067,3.479,4.655,0.167
2026-10-07,2026-10-07T09:49:48+00:00,2026,5,5,116535,350,A.Becker,Alisson,Becker,GK,14,14,Liverpool,5.5,5.5,0.0,27,450,5,0,0,3,5,96,5.4,4.9,4.2,149484,147132,1.9543,1.9235,0.0307,9.9,99.2,0.0,0.0,a,,,,,8.5,1.5,8.5,8.5,8,5,14,4,0,0,0,1,0,0.0,0.0,0.0,6.12,0,0,47,10,,,,0,False,82,0.0,16166,13608,1.9,3,False,,2.0,1,2.0,1,2.1,1,5.0,3420,205,0,0,5.4,37.3,0,5.512,4.919,6.106,0.012
2026-10-07,2026-10-07T09:49:48+00:00,2026,5,5,119090,618,Goretzka,Leon,Goretzka,MID,2,7,Aston Villa,5.9,6.0,-0.1,0,0,0,0,0,0,0,0,0.0,0.0,0.0,4639,4753,0.0606,0.0621,-0.0015,0.0,0.0,0.0,0.0,i,Knee injury - Expected back 10 Oct,2026-09-09T09:30:08.229436Z,0.0,0.0,0.0,0.0,0.0,0.0,0,0,0,0,0,0,0,0,0,0.0,0.0,0.0,0.0,0,0,0,0,,,,0,False,557,0.0,30,439,-46.0,-1,False,,-47.6,-3,-50.5,-3,-53.4,-3,5.0,0,0,0,0,0.0,0.0,0,5.316,4.727,5.905,-0.584
2026-10-07,2026-10-07T09:49:48+00:00,2026,5,5,119471,446,Schär,Fabian,Schär,DEF,17,4,Newcastle,4.9,5.0,-0.1,2,25,2,0,0,0,0,0,1.0,0.4,0.2,7179,13949,0.0939,0.1824,-0.0885,3.6,25.0,10.5,0.0,a,,2026-08-15T16:30:07.209742Z,100.0,100.0,0.5,0.1,0.5,0.5,1,0,0,2,0,0,0,0,0,0.0,0.01,0.01,1.87,7,0,0,7,,2.0,,0,False,326,0.0,668,1003,-11.4,6,False,,-8.8,-1,-4.2,-1,0.0,0,5.0,190,15,0,0,1.0,3.1,0,4.579,3.991,5.167,-0.321
2026-10-07,2026-10-07T09:49:48+00:00,2026,5,5,121709,199,Benitez,Walter,Benítez,GK,8,31,Crystal Palace,4.5,4.5,0.0,8,180,2,0,0,1,0,29,4.0,1.8,0.1,3896,4856,0.0509,0.0635,-0.0126,3.8,37.4,0.0,0.0,a,,,,,4.0,0.9,4.0,4.0,6,2,5,3,0,0,0,0,0,0.0,0.0,0.0,2.99,0,0,11,2,,,,0,False,394,0.0,804,439,-23.4,0,False,,-23.4,-2,-23.4,-2,-23.4,-2,5.0,1368,61,0,0,4.0,13.5,0,4.523,3.934,5.111,0.023
2026-10-07,2026-10-07T09:49:48+00:00,2026,5,5,122074,386,Bettinelli,Marcus,Bettinelli,GK,15,43,Man City,4.5,4.5,0.0,0,0,0,0,0,0,0,0,0.0,0.0,0.0,579,1129,0.0076,0.0148,-0.0072,0.0,0.0,0.0,0.0,a,,,,,0.0,0.0,0.0,0.0,0,0,0,0,0,0,0,0,0,0.0,0.0,0.0,0.0,0,0,0,0,,,,0,False,550,0.0,64,93,-91.8,0,False,,-91.8,-3,-91.8,-3,-91.8,-3,5.0,0,0,0,0,0.0,0.0,0,4.479,3.89,5.068,-0.021
2026-10-07,2026-10-07T09:49:48+00:00,2026,5,5,122798,502,Robertson,Andrew,Robertson,DEF,19,6,Spurs,4.4,4.5,-0.1,17,366,5,0,1,1,1,68,3.4,3.9,2.5,68635,185883,0.8973,2.4301,-1.5328,25.4,89.6,123.9,41.0,a,,,,,5.5,1.2,5.5,5.5,4,4,0,7,0,0,0,0,0,0.13,0.43,0.56,7.05,20,5,15,15,,,6.0,0,False,114,0.0,6963,15207,0.1,-3,False,,0.1,1,0.1,1,0.0,0,5.0,2782,129,0,8,3.4,29.4,0,5.064,4.475,5.654,0.664
2026-10-07,2026-10-07T09:49:48+00:00,2026,5,5,122806,45,McGinn,John,McGinn,MID,2,7,Aston Villa,5.4,5.5,-0.1,17,434,5,0,2,2,1,65,3.4,3.1,2.2,72163,157169,0.9434,2.0547,-1.1113,14.8,52.4,84.9,15.0,a,,,,,6.0,1.1,6.0,6.0,6,5,0,7,0,0,0,2,0,0.77,0.24,1.01,8.29,30,5,17,8,,,1.0,0,False,123,0.0,8332,10207,-21.8,3,False,,-21.7,-2,-21.5,-2,-21.3,-2,5.0,3298,129,0,15,3.4,23.9,0,5.876,5.284,6.467,0.476
2026-10-07,2026-10-07T09:49:48+00:00,2026,5,5,128295,21,Nørgaard,Christian,Nørgaard,MID,9,11,Everton,4.8,5.0,-0.2,0,0,0,0,0,0,0,0,0.0,0.0,0.0,507,7478,0.0066,0.0978,-0.0911,0.0,0.0,0.0,0.0,i,Groin injury - Unknown return date,2026-08-15T20:00:06.779594Z,0.0,0.0,0.0,0.0,0.0,0.0,0,0,0,0,0,0,0,0,0,0.0,0.0,0.0,0.0,0,0,0,0,,,,0,False,511,-0.1,67,376,-1.2,0,False,,-1.2,-1,-1.2,-1,-1.2,-1,5.0,0,0,0,0,0.0,0.0,0,4.793,4.205,5.38,-0.007
2026-10-07,2026-10-07T09:49:48+00:00,2026,5,5,135720,501,Danso,Kevin,Danso,DEF,20,56,Sunderland,5.0,5.0,0.0,3,270,3,0,0,0,0,7,1.0,0.6,0.2,6740,9955,0.0881,0.1301,-0.042,11.0,55.2,32.9,21.0,a,,,,,0.5,0.1,0.5,0.5,0,3,0,8,0,0,0,0,0,0.07,0.17,0.24,5.91,20,1,11,19,,,,0,False,358,0.0,1315,918,-85.7,1,False,,-85.1,-3,-83.9,-3,-82.7,-3,5.0,2052,23,0,0,1.0,4.6,0,4.433,3.845,5.021,-0.567
2026-10-07,2026-10-07T09:49:48+00:00,2026,5,5,138001,228,King,Tom,King,GK,9,11,Everton,4.5,4.5,0.0,0,0,0,0,0,0,0,0,0.0,0.0,0.0,1192,1758,0.0156,0.023,-0.0074,0.0,0.0,0.0,0.0,a,,,,,0.0,0.0,0.0,0.0,0,0,0,0,0,0,0,0,0,0.0,0.0,0.0,0.0,0,0,0,0,,,,0,False,505,0.0,125,191,-46.4,0,False,,-46.4,-3,-46.4,-3,-46.4,-3,5.0,0,0,0,0,0.0,0.0,0,4.303,3.714,4.891,-0.197
2026-10-07,2026-10-07T09:49:48+00:00,2026,5,5,141746,426,B.Fernandes,Bruno,Borges Fernandes,MID,16,1,Man Utd,11.9,12.0,-0.1,31,450,5,3,1,0,3,148,6.2,2.6,38.4,667182,1870960,8.7223,24.4597,-15.7374,54.6,187.0,241.7,117.0,a,,,,,2.0,0.2,2.0,2.0,2,5,0,8,0,0,0,0,0,2.56,1.32,3.88,6.8,29,5,21,3,1.0,1.0,1.0,1,False,6,-0.1,55582,218010,-1.3,-30,False,,-1.3,-1,-1.4,-1,-1.5,-1,5.0,3420,236,23,8,6.2,19.8,0,11.952,11.355,12.549,0.052
2026-10-07,2026-10-07T09:49:48+00:00,2026,5,5,146426,279,Ajayi,Semi,Ajayi,DEF,11,88,Hull City,4.2,4.0,0.2,27,423,5,1,0,3,2,79,5.4,6.4,13.9,1360912,316513,17.7917,4.1379,13.6538,14.1,85.6,4.2,51.0,a,,2026-08-22T17:30:07.668197Z,100.0,100.0,1.0,0.2,1.0,1.0,1,5,0,4,0,0,0,1,0,0.66,0.01,0.67,6.43,27,6,16,21,,,,1,False,30,0.0,49527,66011,74.2,-6,False,,74.1,3,74.0,3,73.9,3,5.0,3215,205,8,0,5.4,38.7,1,5.358,4.766,5.95,1.158
2026-10-07,2026-10-07T09:49:48+00:00,2026,5,5,147675,320,Akpom,Chuba,Akpom,FWD,12,40,Ipswich Town,5.0,5.0,0.0,7,78,3,1,0,0,0,36,2.3,1.4,1.2,131389,74992,1.7177,0.9804,0.7373,6.1,34.6,2.5,24.0,a,,,,,0.5,0.1,0.5,0.5,1,0,0,4,0,0,0,0,0,1.14,0.0,1.14,4.2,3,1,2,0,,,,0,False,165,0.0,5433,10559,25.8,-11,False,,25.7,2,25.5,2,25.3,2,5.0,593,53,8,0,2.3,10.6,0,5.519,4.931,6.107,0.519
2026-10-07,2026-10-07T09:49:48+00:00,2026,5,5,149484,33,Mings,Tyrone,Mings,DEF,2,7,Aston Villa,4.5,4.5,0.0,10,261,4,0,0,1,0,43,2.5,2.2,0.4,16946,17686,0.2215,0.2312,-0.0097,8.2,59.8,5.6,17.0,a,,,,,1.5,0.3,1.5,1.5,3,2,0,4,0,0,0,1,0,0.2,0.02,0.22,4.43,24,4,7,20,,,,0,False,270,0.0,2226,1662,0.9,4,False,,1.0,1,1.0,1,1.1,1,5.0,1984,76,0,0,2.5,16.9,0,4.451,3.863,5.038,-0.049
2026-10-07,2026-10-07T09:49:48+00:00,2026,5,5,149929,311,Burns,Wes,Burns,MID,12,40,Ipswich Town,5.0,5.0,0.0,0,0,0,0,0,0,0,0,0.0,0.0,0.0,0,348,0.0,0.0045,-0.0045,0.0,0.0,0.0,0.0,u,Has joined Leicester City permanently,2026-08-10T14:02:47.597478Z,0.0,0.0,0.0,0.0,0.0,0.0,0,0,0,0,0,0,0,0,0,0.0,0.0,0.0,0.0,0,0,0,0,,,,0,False,655,0.0,0,9,0.0,0,False,,0.0,0,0.0,0,0.0,0,5.0,0,0,0,0,0.0,0.0,0,4.801,4.214,5.389,-0.199
2026-10-07,2026-10-07T09:49:48+00:00,2026,5,5,152551,213,Lerma,Jefferson,Lerma Solís,MID,8,31,Crystal Palace,4.8,5.0,-0.2,1,51,2,0,0,0,0,6,0.5,0.2,0.1,1310,5601,0.0171,0.0732,-0.0561,3.0,17.6,0.8,11.0,a,,,,,0.5,0.1,0.5,0.5,0,0,0,1,0,0,0,1,0,0.26,0.0,0.26,1.25,12,2,3,7,,,,0,False,454,-0.1,104,420,-3.2,0,False,,-3.2,-1,-3.2,-1,-3.2,-1,5.0,388,8,0,0,0.5,1.6,0,4.7,4.112,5.287,-0.1
2026-10-07,2026-10-07T09:49:48+00:00,2026,5,5,153133,261,Iwobi,Alex,Iwobi,MID,10,54,Fulham,5.4,5.5,-0.1,14,408,5,0,0,2,2,94,2.8,2.6,0.7,23538,56157,0.3077,0.7342,-0.4264,27.7,60.6,167.5,49.0,a,,,,,4.0,0.7,4.0,4.0,5,5,0,7,0,0,0,0,0,0.39,1.22,1.61,8.16,29,5,19,5,3.0,1.0,1.0,0,False,221,0.0,4618,3796,-57.7,13,False,,-55.9,-3,-52.6,-3,-49.4,-3,5.0,3101,106,0,0,2.8,19.7,0,5.186,4.598,5.774,-0.214
2026-10-07,2026-10-07T09:49:48+00:00,2026,5,5,153366,270,Reed,Harrison,Reed,MID,10,54,Fulham,4.4,4.5,-0.1,0,0,0,0,0,0,0,0,0.0,0.0,1.1,36555,73903,0.4779,0.9662,-0.4883,0.0,0.0,0.0,0.0,a,,,,,0.0,0.0,0.0,0.0,0,0,0,0,0,0,0,0,0,0.0,0.0,0.0,0.0,0,0,0,0,,,,0,False,168,0.0,3063,7678,-14.2,-2,False,,-14.4,-1,-14.6,-1,-14.9,-1,5.0,0,0,0,0,0.0,0.0,0,4.521,3.933,5.108,0.121
2026-10-07,2026-10-07T09:49:48+00:00,2026,5,5,153682,260,Wilson,Harry,Wilson,MID,13,2,Leeds,6.2,6.5,-0.3,5,145,4,0,0,1,0,19,1.2,0.8,1.6,29053,461971,0.3798,6.0395,-5.6597,8.5,19.2,52.4,12.0,i,Thigh injury - Unknown return date,2026-09-18T13:30:09.626858Z,0.0,0.0,0.5,0.1,0.0,0.0,0,1,0,1,0,0,0,1,0,0.01,0.09,0.1,3.28,11,4,4,3,,2.0,2.0,0,False,139,0.0,82,45269,-74.4,-77,False,,-76.0,-3,-78.8,-3,-81.7,-3,5.0,1102,38,0,0,1.2,6.1,0,5.578,4.99,6.165,-0.622
2026-10-07,2026-10-07T09:49:48+00:00,2026,5,5,154043,649,Maitland-Niles,Ainsley,Maitland-Niles,DEF,9,11,Everton,4.5,4.5,0.0,21,177,3,1,0,2,2,75,7.0,4.7,1.4,94994,15636,1.2419,0.2044,1.0375,11.4,67.2,38.8,8.0,a,,,,,7.0,1.6,7.0,7.0,8,2,0,1,0,0,0,0,0,0.06,0.25,0.31,2.0,13,5,7,8,,,,0,False,155,0.0,21962,5744,19.2,11,False,,19.2,1,19.4,1,19.6,1,5.0,1345,160,8,0,7.0,35.5,0,5.685,5.089,6.281,1.185
2026-10-07,2026-10-07T09:49:48+00:00,2026,5,5,154561,1,Raya,David,Raya Martín,GK,1,3,Arsenal,6.1,6.0,0.1,30,450,5,0,0,3,3,104,6.0,4.9,42.4,986962,651960,12.9029,8.5233,4.3796,10.6,104.6,0.2,0.0,a,,,,,7.5,1.2,7.5,7.5,1,5,9,4,0,1,0,0,0,0.0,0.01,0.01,4.03,0,1,58,6,,,,1,False,4,0.1,146563,59556,2.0,57,False,,2.2,1,2.6,1,2.9,1,5.0,3420,228,0,0,6.0,37.4,0,6.453,5.853,7.052,0.353
2026-10-07,2026-10-07T09:49:48+00:00,2026,5,5,154566,526,Solanke,Dominic,Solanke-Mitchell,FWD,19,6,Spurs,5.8,6.0,-0.2,7,170,5,0,0,1,0,21,1.4,1.2,0.8,29891,95454,0.3908,1.2479,-0.8571,6.1,8.4,17.5,37.0,a,,,,,2.0,0.3,2.0,2.0,2,2,0,1,0,0,0,0,0,0.56,0.01,0.57,2.57,9,2,5,2,1.0,,,0,False,200,0.0,2344,6403,-34.9,-12,False,,-36.2,-2,-38.7,-2,-41.2,-3,5.0,1292,53,0,0,1.4,9.2,0,5.418,4.83,6.006,-0.382
2026-10-07,2026-10-07T09:49:48+00:00,2026,5,5,155405,408,Phillips,Kalvin,Phillips,MID,15,43,Man City,5.0,5.0,0.0,0,0,0,0,0,0,0,0,0.0,0.0,0.0,0,575,0.0,0.0075,-0.0075,0.0,0.0,0.0,0.0,u,Has joined Sheffield United on loan for the rest of the season,2026-08-18T14:11:56.348781Z,0.0,0.0,0.0,0.0,0.0,0.0,0,0,0,0,0,0,0,0,0,0.0,0.0,0.0,0.0,0,0,0,0,,,,0,False,639,0.0,0,16,0.0,0,False,,0.0,0,0.0,0,0.0,0,5.0,0,0,0,0,0.0,0.0,0,5.025,4.437,5.613,0.025
2026-10-07,2026-10-07T09:49:48+00:00,2026,5,5,155408,71,Cook,Lewis,Cook,MID,3,91,Bournemouth,5.0,5.0,0.0,8,180,5,0,0,2,0,25,1.6,1.6,0.2,13135,14056,0.1717,0.1838,-0.012,2.8,11.8,15.8,0.0,a,,,,,0.5,0.1,0.5,0.5,1,2,0,1,0,0,0,1,0,0.0,0.01,0.01,4.2,14,1,6,7,,,,0,False,354,0.0,301,1275,-15.6,1,False,,-15.2,-1,-14.5,-1,-13.9,-1,5.0,1368,61,0,0,1.6,12.2,0,4.92,4.331,5.508,-0.08
2026-10-07,2026-10-07T09:49:48+00:00,2026,5,5,155465,629,Zetterer,Michael,Zetterer,GK,13,2,Leeds,4.0,4.0,0.0,0,0,0,0,0,0,0,0,0.0,0.0,0.7,58870,14385,0.7696,0.1881,0.5816,0.0,0.0,0.0,0.0,a,,,,,0.0,0.0,0.0,0.0,0,0,0,0,0,0,0,0,0,0.0,0.0,0.0,0.0,0,0,0,0,,,,0,False,219,0.0,3430,3010,2.4,-1,False,,2.4,1,2.4,1,2.4,1,5.0,0,0,0,0,0.0,0.0,0,4.0,3.412,4.587,0.0
2026-10-07,2026-10-07T09:49:48+00:00,2026,5,5,155503,352,Woodman,Freddie,Woodman,GK,14,14,Liverpool,4.0,4.0,0.0,0,0,0,0,0,0,0,0,0.0,0.0,1.0,18375,27482,0.2402,0.3593,-0.1191,0.0,0.0,0.0,0.0,a,,,,,0.0,0.0,0.0,0.0,0,0,0,0,0,0,0,0,0,0.0,0.0,0.0,0.0,0,0,0,0,,,,0,False,176,0.0,881,2624,-34.7,1,False,,-34.6,-2,-34.4,-2,-34.2,-2,5.0,0,0,0,0,0.0,0.0,0,4.117,3.529,4.706,0.117
2026-10-07,2026-10-07T09:49:48+00:00,2026,5,5,158499,75,Christie,Ryan,Christie,MID,3,91,Bournemouth,5.0,5.0,0.0,5,102,4,0,0,0,0,15,1.2,1.0,0.0,3612,2231,0.0472,0.0292,0.0181,5.2,9.4,17.1,31.0,a,,2026-07-24T17:30:10.035483Z,100.0,100.0,1.5,0.3,1.5,1.5,2,1,0,2,0,0,0,0,0,0.5,0.13,0.63,1.64,14,1,10,3,,,,0,False,525,0.0,357,286,0.4,4,False,,0.5,1,0.5,1,0.6,1,5.0,775,38,0,0,1.2,7.6,0,4.875,4.287,5.463,-0.125
2026-10-07,2026-10-07T09:49:48+00:00,2026,5,5,158983,374,Endo,Endo,Wataru,MID,14,14,Liverpool,4.9,5.0,-0.1,0,0,0,0,0,0,0,0,0.0,0.0,0.1,2340,4841,0.0306,0.0633,-0.0327,0.0,0.0,0.0,0.0,a,,2026-07-23T12:01:23.612529Z,100.0,100.0,0.0,0.0,0.0,0.0,0,0,0,0,0,0,0,0,0,0.0,0.0,0.0,0.0,0,0,0,0,,,,0,False,478,0.0,177,475,-68.7,0,False,,-68.7,-3,-68.7,-3,-68.7,-3,5.0,0,0,0,0,0.0,0.0,0,4.887,4.3,5.475,-0.013
2026-10-07,2026-10-07T09:49:48+00:00,2026,5,5,159506,473,Aina,Ola,Aina,DEF,18,17,Nott'm Forest,4.4,4.5,-0.1,8,306,4,0,0,1,0,45,2.0,1.8,2.3,69329,172506,0.9064,2.2552,-1.3489,12.7,58.2,53.3,15.0,a,,,,,1.0,0.2,1.0,1.0,0,4,0,3,0,0,0,2,0,0.04,0.53,0.57,3.72,22,10,14,12,,,,0,False,120,-0.1,1216,22719,-4.4,-11,False,,-4.7,-1,-5.1,-1,-5.6,-1,5.0,2326,61,0,0,2.0,13.8,0,4.363,3.777,4.95,-0.037
2026-10-07,2026-10-07T09:49:48+00:00,2026,5,5,160817,285,McNair,Paddy,McNair,DEF,11,88,Hull City,4.0,4.0,0.0,1,26,1,0,0,0,0,3,1.0,0.2,0.1,3168,4766,0.0414,0.0623,-0.0209,0.4,4.2,0.0,0.0,a,,2026-09-09T13:30:08.327907Z,100.0,100.0,0.0,0.0,0.0,0.0,0,0,0,0,0,0,0,0,0,0.0,0.0,0.0,0.96,2,0,1,2,,,,0,False,398,0.0,215,457,-45.9,0,False,,-45.9,-3,-45.9,-3,-45.9,-3,5.0,198,8,0,0,1.0,1.9,0,4.028,3.441,4.615,0.028
2026-10-07,2026-10-07T09:49:48+00:00,2026,5,5,166477,258,Castagne,Timothy,Castagne,DEF,10,54,Fulham,4.5,4.5,0.0,20,408,5,0,2,2,0,64,4.0,4.4,1.0,94881,44611,1.2404,0.5832,0.6572,20.6,90.4,58.6,57.0,a,,,,,3.5,0.8,3.5,3.5,1,5,0,7,0,0,0,2,0,0.67,0.39,1.06,6.81,29,6,18,23,,,,0,False,182,0.0,18239,5882,16.2,25,False,,16.5,1,16.9,1,17.3,1,5.0,3101,152,0,15,4.0,33.8,0,5.353,4.76,5.945,0.853
2026-10-07,2026-10-07T09:49:48+00:00,2026,5,5,166989,43,Tielemans,Youri,Tielemans,MID,16,1,Man Utd,5.8,6.0,-0.2,14,402,5,0,0,0,0,93,2.8,2.4,1.5,45021,162319,0.5886,2.1221,-1.5335,24.4,87.2,112.6,43.0,a,,2026-07-23T12:01:23.321726Z,100.0,100.0,3.0,0.5,3.0,3.0,4,5,0,8,0,0,0,0,0,0.65,0.52,1.17,6.16,43,7,25,11,3.0,,,0,False,152,0.0,3574,11695,-41.4,-7,False,,-41.8,-3,-42.6,-3,-43.4,-3,5.0,3055,106,0,0,2.8,18.3,0,5.528,4.939,6.116,-0.272
2026-10-07,2026-10-07T09:49:48+00:00,2026,5,5,167074,256,Tete,Kenny,Tete,DEF,10,54,Fulham,4.4,4.5,-0.1,0,27,1,0,0,0,0,-1,0.0,0.0,0.2,1409,10553,0.0184,0.138,-0.1195,0.4,1.6,0.3,2.0,a,,2026-09-18T12:30:09.546158Z,0.0,100.0,0.0,0.0,0.0,0.0,0,0,0,0,0,0,0,1,0,0.0,0.0,0.0,0.65,3,0,0,3,,,,0,False,343,0.0,78,1108,-1.9,-1,False,,-2.5,-1,-3.6,-1,-4.7,-1,5.0,205,0,0,0,0.0,0.0,0,4.18,3.593,4.768,-0.22
2026-10-07,2026-10-07T09:49:48+00:00,2026,5,5,167512,539,O'Nien,Luke,O'Nien,DEF,20,56,Sunderland,3.9,4.0,-0.1,1,66,1,0,0,0,0,1,1.0,0.3,2.5,34577,123395,0.452,1.6132,-1.1612,1.7,11.4,1.4,4.0,a,,,,,0.0,0.0,0.0,0.0,0,1,0,1,0,0,0,1,0,0.01,0.01,0.02,1.69,5,1,4,4,,,,0,False,113,-0.1,19834,13495,4.6,6,False,,4.7,1,4.8,1,4.9,1,5.0,502,8,0,0,1.0,1.9,0,4.018,3.431,4.605,0.118
2026-10-07,2026-10-07T09:49:48+00:00,2026,5,5,167825,273,Phillips,Dillon,Phillips,GK,11,88,Hull City,4.0,4.0,0.0,0,0,0,0,0,0,0,0,0.0,0.0,1.4,29557,39020,0.3864,0.5101,-0.1237,0.0,0.0,0.0,0.0,a,,,,,0.0,0.0,0.0,0.0,0,0,0,0,0,0,0,0,0,0.0,0.0,0.0,0.0,0,0,0,0,,,,0,False,156,0.0,3432,4137,-31.1,-4,False,,-31.4,-2,-31.9,-2,-32.3,-2,5.0,0,0,0,0,0.0,0.0,0,4.011,3.424,4.599,0.011
2026-10-07,2026-10-07T09:49:48+00:00,2026,5,5,168144,184,Grimes,Matt,Grimes,MID,7,9,Coventry City,4.9,5.0,-0.1,11,443,5,0,0,1,0,62,2.2,2.2,0.1,4105,11379,0.0537,0.1488,-0.0951,11.8,64.4,48.0,6.0,a,,,,,2.5,0.5,2.5,2.5,3,5,0,9,0,0,0,0,0,0.12,0.13,0.25,8.42,38,9,16,13,3.0,,1.0,0,False,395,0.0,208,988,-33.6,0,False,,-33.6,-2,-33.6,-2,-33.6,-2,5.0,3367,84,0,0,2.2,17.1,0,4.807,4.219,5.395,-0.093
2026-10-07,2026-10-07T09:49:48+00:00,2026,5,5,168636,80,Enes Ünal,Enes,Ünal,FWD,3,91,Bournemouth,5.5,5.5,0.0,0,0,0,0,0,0,0,0,0.0,0.0,0.0,0,1990,0.0,0.026,-0.026,0.0,0.0,0.0,0.0,u,Has joined Getafe permanently,2026-08-14T14:14:21.881112Z,0.0,0.0,0.0,0.0,0.0,0.0,0,0,0,0,0,0,0,0,0,0.0,0.0,0.0,0.0,0,0,0,0,,,,0,False,590,0.0,0,58,0.0,0,False,,0.0,0,0.0,0,0.0,0,5.0,0,0,0,0,0.0,0.0,0,5.079,4.489,5.668,-0.421
2026-10-07,2026-10-07T09:49:48+00:00,2026,5,5,169359,556,Targett,Matt,Targett,DEF,11,88,Hull City,4.0,4.0,0.0,1,5,1,0,0,0,0,3,1.0,0.2,1.6,24850,88413,0.3249,1.1559,-0.831,0.0,0.4,0.0,0.0,d,Ankle injury - 75% chance of playing,2026-09-17T14:00:26.419938Z,75.0,75.0,0.0,0.0,0.0,0.0,0,0,0,0,0,0,0,0,0,0.0,0.0,0.0,0.07,0,0,1,0,,,,0,False,141,0.0,126,11137,-82.8,-8,False,,-83.0,-3,-83.5,-3,-83.9,-3,5.0,38,8,0,0,1.0,1.9,0,4.069,3.481,4.656,0.069
2026-10-07,2026-10-07T09:49:48+00:00,2026,5,5,169432,295,McBurnie,Oli,McBurnie,FWD,11,88,Hull City,5.5,5.5,0.0,13,441,5,0,2,3,0,52,2.6,2.4,1.9,190557,155487,2.4912,2.0327,0.4585,23.0,47.2,69.1,114.0,a,,,,,2.5,0.5,2.5,2.5,1,5,0,4,0,0,0,3,0,1.23,0.13,1.36,7.21,21,3,9,9,1.0,,,0,False,130,0.0,9571,20140,29.7,-6,False,,29.6,2,29.5,2,29.4,2,5.0,3352,99,0,15,2.6,18.0,0,5.765,5.172,6.358,0.265
2026-10-07,2026-10-07T09:49:48+00:00,2026,5,5,169528,254,Robinson,Antonee,Robinson,DEF,10,54,Fulham,4.5,4.5,0.0,12,429,5,0,0,1,0,65,2.4,2.7,1.5,63308,72302,0.8276,0.9452,-0.1176,21.8,93.6,106.7,18.0,a,,,,,4.0,0.9,4.0,4.0,2,5,0,8,0,0,0,0,0,0.26,0.3,0.56,9.08,31,13,20,18,2.0,,,0,False,150,0.0,20823,8327,-13.3,36,False,,-11.1,-1,-7.1,-1,-3.1,-1,5.0,3260,91,0,0,2.4,20.3,0,4.418,3.831,5.005,-0.082
2026-10-07,2026-10-07T09:49:48+00:00,2026,5,5,169593,555,Matthews,Remi,Matthews,GK,8,31,Crystal Palace,4.0,4.0,0.0,0,0,0,0,0,0,0,0,0.0,0.0,1.7,23453,31768,0.3066,0.4153,-0.1087,0.0,0.0,0.0,0.0,a,,,,,0.0,0.0,0.0,0.0,0,0,0,0,0,0,0,0,0,0.0,0.0,0.0,0.0,0,0,0,0,,,,0,False,137,0.0,1269,3328,-10.2,-2,False,,-10.3,-1,-10.5,-1,-10.7,-1,5.0,0,0,0,0,0.0,0.0,0,4.002,3.414,4.59,0.002
2026-10-07,2026-10-07T09:49:48+00:00,2026,5,5,171270,288,Dowell,Kieran,Dowell,MID,11,88,Hull City,4.4,4.5,-0.1,0,0,0,0,0,0,0,0,0.0,0.0,0.3,12425,21810,0.1624,0.2851,-0.1227,0.0,0.0,0.0,0.0,a,,,,,0.0,0.0,0.0,0.0,0,0,0,0,0,0,0,0,0,0.0,0.0,0.0,0.0,0,0,0,0,,,,0,False,294,-0.1,668,2227,-0.5,-2,False,,-0.9,-1,-1.6,-1,-2.3,-1,5.0,0,0,0,0,0.0,0.0,0,4.507,3.92,5.094,0.107
2026-10-07,2026-10-07T09:49:48+00:00,2026,5,5,171287,359,Gomez,Joe,Gomez,DEF,14,14,Liverpool,4.9,5.0,-0.1,0,0,0,0,0,0,0,0,0.0,0.0,0.0,783,1191,0.0102,0.0156,-0.0053,0.0,0.0,0.0,0.0,a,,2026-07-26T08:30:10.078473Z,100.0,100.0,0.0,0.0,0.0,0.0,0,0,0,0,0,0,0,0,0,0.0,0.0,0.0,0.0,0,0,0,0,,,,0,False,564,0.0,363,127,0.1,0,False,,0.1,1,0.1,1,0.1,1,5.0,0,0,0,0,0.0,0.0,0,4.631,4.043,5.219,-0.269
2026-10-07,2026-10-07T09:49:48+00:00,2026,5,5,171314,390,Rúben,Rúben,dos Santos Gato Alves Dias,DEF,15,43,Man City,5.5,5.5,0.0,17,450,5,0,0,2,0,72,3.4,3.1,1.9,67868,74870,0.8873,0.9788,-0.0915,18.7,94.2,47.3,46.0,a,,,,,3.5,0.6,3.5,3.5,1,5,0,5,0,0,0,0,0,0.29,0.74,1.03,7.25,26,1,16,25,,,,0,False,128,0.0,5280,10068,4.1,1,False,,4.1,1,4.1,1,4.1,1,5.0,3420,129,0,0,3.4,23.5,0,5.268,4.68,5.857,-0.232
2026-10-07,2026-10-07T09:49:48+00:00,2026,5,5,172453,319,Szmodics,Sam,Szmodics,MID,12,40,Ipswich Town,5.0,5.0,0.0,0,0,0,0,0,0,0,0,0.0,0.0,0.0,0,762,0.0,0.01,-0.01,0.0,0.0,0.0,0.0,u,Has joined Derby County on loan for the rest of the season,2026-08-17T13:51:41.713979Z,0.0,0.0,0.0,0.0,0.0,0.0,0,0,0,0,0,0,0,0,0,0.0,0.0,0.0,0.0,0,0,0,0,,,,0,False,652,0.0,0,15,0.0,0,False,,0.0,0,0.0,0,0.0,0,5.0,0,0,0,0,0.0,0.0,0,4.801,4.214,5.389,-0.199
2026-10-07,2026-10-07T09:49:48+00:00,2026,5,5,172649,198,Henderson,Dean,Henderson,GK,8,31,Crystal Palace,4.9,5.0,-0.1,5,270,3,0,0,0,0,37,1.7,1.0,1.3,55294,121565,0.7229,1.5893,-0.8664,9.6,96.8,0.0,0.0,i,Foot injury - Expected back 11 Oct,2026-09-12T14:00:09.378740Z,0.0,0.0,0.0,0.0,0.0,0.0,0,3,12,8,0,0,0,0,0,0.0,0.0,0.0,6.47,0,0,31,6,,,,0,False,161,-0.1,168,12657,-1.0,-20,False,,-1.3,-1,-1.9,-1,-2.4,-1,5.0,2052,38,0,0,1.7,7.8,0,4.487,3.898,5.076,-0.413
2026-10-07,2026-10-07T09:49:48+00:00,2026,5,5,172780,515,Maddison,James,Maddison,MID,19,6,Spurs,6.3,6.5,-0.2,3,59,3,0,0,0,0,18,1.0,0.5,0.4,5935,96442,0.0776,1.2608,-1.1832,5.6,21.8,14.5,19.0,a,,2026-08-25T14:30:07.623508Z,100.0,100.0,1.0,0.2,1.0,1.0,1,0,0,2,0,0,0,0,0,0.06,0.04,0.1,1.03,11,4,4,3,,5.0,5.0,0,False,271,0.0,886,2189,-76.9,3,False,,-76.1,-3,-74.7,-3,-73.4,-3,5.0,448,23,0,0,1.0,3.6,0,5.679,5.091,6.267,-0.621
2026-10-07,2026-10-07T09:49:48+00:00,2026,5,5,172850,643,Chilwell,Ben,Chilwell,DEF,8,31,Crystal Palace,4.5,4.5,0.0,8,29,2,1,0,0,0,21,4.0,1.8,0.4,43205,18453,0.5648,0.2412,0.3236,5.9,33.4,4.2,21.0,a,,,,,0.5,0.1,0.5,0.5,0,0,0,1,0,0,0,0,0,0.27,0.01,0.28,1.12,1,0,0,1,,,,0,False,261,0.0,651,3243,-82.3,-4,False,,-83.1,-3,-84.7,-3,-86.2,-3,5.0,220,61,8,0,4.0,13.5,0,5.164,4.574,5.754,0.664
2026-10-07,2026-10-07T09:49:48+00:00,2026,5,5,173774,598,Elvedi,Nico,Elvedi,DEF,13,2,Leeds,4.5,4.5,0.0,13,326,4,0,0,1,0,56,3.2,2.9,0.1,5408,2840,0.0707,0.0371,0.0336,14.8,83.0,25.4,39.0,a,,,,,4.0,0.9,4.0,4.0,6,3,0,3,0,0,0,0,0,0.12,0.58,0.7,5.45,29,2,8,27,,,,0,False,492,0.0,293,281,0.7,0,False,,0.7,1,0.7,1,0.7,1,5.0,2478,99,0,0,3.2,22.0,0,4.546,3.959,5.133,0.046
2026-10-07,2026-10-07T09:49:48+00:00,2026,5,5,173878,176,Dasilva,Jay,Dasilva,DEF,7,9,Coventry City,4.0,4.0,0.0,20,444,5,1,0,1,3,54,4.0,5.0,0.7,17419,23246,0.2277,0.3039,-0.0762,21.5,110.6,67.7,35.0,a,,,,,7.5,1.9,7.5,7.5,15,5,0,10,0,0,0,0,0,0.5,0.52,1.02,8.63,23,4,14,19,,,,1,False,207,0.0,8136,2280,-27.1,16,False,,-25.1,-2,-21.6,-2,-18.1,-1,5.0,3374,152,8,0,4.0,38.0,0,5.057,4.465,5.649,1.057
2026-10-07,2026-10-07T09:49:48+00:00,2026,5,5,173879,56,Abraham,Tammy,Abraham,FWD,2,7,Aston Villa,5.5,5.5,0.0,4,71,4,0,0,0,0,13,1.0,0.7,0.2,16000,13119,0.2092,0.1715,0.0377,1.1,3.2,6.2,2.0,a,,2026-08-15T16:00:07.558543Z,100.0,100.0,1.0,0.2,1.0,1.0,1,0,0,3,0,0,0,0,0,0.0,0.0,0.0,2.69,2,1,1,0,,,,0,False,336,0.0,1952,1943,3.8,1,False,,3.8,1,3.8,1,3.8,1,5.0,540,30,0,0,1.0,5.5,0,5.099,4.51,5.687,-0.401
2026-10-07,2026-10-07T09:49:48+00:00,2026,5,5,174594,347,Nmecha,Lukas,Nmecha,FWD,13,2,Leeds,5.4,5.5,-0.1,7,64,4,0,1,0,0,28,1.8,1.3,0.5,22477,37533,0.2938,0.4907,-0.1968,5.7,20.4,22.4,15.0,a,,,,,1.0,0.2,1.0,1.0,1,0,0,1,0,0,0,0,0,0.27,0.15,0.42,2.9,4,1,3,0,2.0,,,0,False,257,0.0,2283,4112,-28.9,2,False,,-28.4,-2,-27.7,-2,-27.0,-2,5.0,486,53,0,8,1.8,9.9,0,5.536,4.947,6.125,0.136
2026-10-07,2026-10-07T09:49:48+00:00,2026,5,5,174874,253,Andersen,Joachim,Andersen,DEF,10,54,Fulham,5.0,5.0,0.0,3,190,3,0,0,0,0,12,1.0,0.6,0.2,15062,9385,0.1969,0.1227,0.0742,9.6,52.2,35.8,8.0,a,,2026-07-23T12:01:23.516350Z,100.0,100.0,0.5,0.1,0.5,0.5,1,2,0,5,0,0,0,1,0,0.0,0.1,0.1,4.35,20,2,9,18,,,,0,False,363,0.0,3188,1275,0.9,0,False,,0.9,1,0.9,1,0.9,1,5.0,1444,23,0,0,1.0,4.6,0,4.492,3.905,5.08,-0.508
2026-10-07,2026-10-07T09:49:48+00:00,2026,5,5,176297,429,Rashford,Marcus,Rashford,MID,16,1,Man Utd,7.0,7.0,0.0,10,351,5,0,0,1,0,58,2.0,1.4,1.4,85401,131221,1.1165,1.7155,-0.599,37.3,53.4,163.2,157.0,d,Unspecified injury - 75% chance of playing,2026-09-21T10:30:09.221479Z,,75.0,2.0,0.3,2.0,1.5,2,4,0,3,0,0,0,0,0,0.78,0.43,1.21,4.5,18,4,10,4,,3.0,,0,False,154,0.0,4372,20140,-95.5,-28,False,,-96.5,-4,-98.3,-4,-100.0,-5,5.0,2668,76,0,0,2.0,10.9,0,6.057,5.468,6.646,-0.943
2026-10-07,2026-10-07T09:49:48+00:00,2026,5,5,176412,193,Wright,Haji,Wright,FWD,7,9,Coventry City,5.3,5.5,-0.2,0,0,0,0,0,0,0,0,0.0,0.0,0.1,619,12553,0.0081,0.1641,-0.156,0.0,0.0,0.0,0.0,i,Thigh injury - Unknown return date,2026-08-14T22:00:07.214508Z,0.0,0.0,0.0,0.0,0.0,0.0,0,0,0,0,0,0,0,0,0,0.0,0.0,0.0,0.0,0,0,0,0,1.0,,,0,False,469,-0.1,52,627,-1.4,0,False,,-1.4,-1,-1.4,-1,-1.4,-1,5.0,0,0,0,0,0.0,0.0,0,5.011,4.423,5.599,-0.289
2026-10-07,2026-10-07T09:49:48+00:00,2026,5,5,176420,308,Furlong,Darnell,Furlong,DEF,12,40,Ipswich Town,3.9,4.0,-0.1,1,17,1,0,0,0,0,-1,1.0,0.3,0.6,19727,20164,0.2579,0.2636,-0.0057,0.6,5.0,0.5,0.0,a,,,,,0.0,0.0,0.0,0.0,0,0,0,1,0,0,0,0,0,0.0,0.0,0.0,0.86,3,1,0,2,,,,0,False,229,0.0,7090,3387,2.3,3,False,,2.3,1,2.3,1,2.4,1,5.0,129,8,0,0,1.0,1.9,0,4.023,3.435,4.61,0.123
2026-10-07,2026-10-07T09:49:48+00:00,2026,5,5,177815,346,Calvert-Lewin,Dominic,Calvert-Lewin,FWD,13,2,Leeds,6.0,6.0,0.0,22,419,5,2,1,3,4,73,4.4,3.7,24.7,1024840,1346315,13.3981,17.6009,-4.2028,28.2,104.0,29.6,153.0,a,,,,,6.0,1.0,6.0,6.0,2,5,0,2,0,0,0,3,0,3.0,0.08,3.08,4.85,22,0,13,9,1.0,,,0,False,13,0.0,108211,193373,72.7,-79,False,,71.9,3,70.7,3,69.4,3,5.0,3184,167,15,8,4.4,27.9,0,7.361,6.77,7.951,1.361
2026-10-07,2026-10-07T09:49:48+00:00,2026,5,5,178301,55,Watkins,Ollie,Watkins,FWD,2,7,Aston Villa,7.8,8.0,-0.2,0,0,0,0,0,0,0,0,0.0,0.0,2.5,14882,761685,0.1946,9.9578,-9.7632,0.0,0.0,0.0,0.0,u,Has joined Al Hilal permanently,2026-09-01T13:15:16.698799Z,0.0,0.0,0.0,0.0,0.0,0.0,0,0,0,0,0,0,0,0,0,0.0,0.0,0.0,0.0,0,0,0,0,,,,0,False,116,0.0,0,14304,0.0,-16,False,,0.0,0,0.0,0,0.0,0,5.0,0,0,0,0,0.0,0.0,0,6.509,5.917,7.101,-1.291
2026-10-07,2026-10-07T09:49:48+00:00,2026,5,5,180135,339,Longstaff,Sean,Longstaff,MID,13,2,Leeds,4.8,5.0,-0.2,2,10,2,0,0,0,0,7,1.0,0.4,0.1,2539,8179,0.0332,0.1069,-0.0737,0.0,0.0,0.2,0.0,a,,,,,0.5,0.1,0.5,0.5,0,0,0,1,0,0,0,0,0,0.0,0.0,0.0,0.35,0,0,0,0,,3.0,3.0,0,False,439,-0.1,166,695,-0.3,0,False,,-0.3,-1,-0.3,-1,-0.3,-1,5.0,76,15,0,0,1.0,3.2,0,4.801,4.214,5.388,0.001
2026-10-07,2026-10-07T09:49:48+00:00,2026,5,5,180736,143,Chalobah,Trevoh,Chalobah,DEF,6,8,Chelsea,5.5,5.5,0.0,0,0,0,0,0,0,0,0,0.0,0.0,0.1,0,13983,0.0,0.1828,-0.1828,0.0,0.0,0.0,0.0,u,Has joined Como permanently,2026-08-10T14:03:50.769483Z,0.0,0.0,0.0,0.0,0.0,0.0,0,0,0,0,0,0,0,0,0,0.0,0.0,0.0,0.0,0,0,0,0,,,,0,False,471,0.0,0,353,0.0,0,False,,0.0,0,0.0,0,0.0,0,5.0,0,0,0,0,0.0,0.0,0,4.931,4.342,5.519,-0.569
2026-10-07,2026-10-07T09:49:48+00:00,2026,5,5,180974,458,Joelinton,Joelinton Cássio,Apolinário de Lira,MID,17,4,Newcastle,5.4,5.5,-0.1,0,0,0,0,0,0,0,0,0.0,0.0,0.0,232,2254,0.003,0.0295,-0.0264,0.0,0.0,0.0,0.0,i,Unspecified injury - Unknown return date,2026-08-16T08:00:08.074045Z,0.0,0.0,0.0,0.0,0.0,0.0,0,0,0,0,0,0,0,0,0,0.0,0.0,0.0,0.0,0,0,0,0,,,,0,False,577,0.0,21,92,-68.7,0,False,,-68.7,-3,-68.7,-3,-68.7,-3,5.0,0,0,0,0,0.0,0.0,0,5.067,4.479,5.655,-0.333
2026-10-07,2026-10-07T09:49:48+00:00,2026,5,5,183015,303,Kipré,Cédric,Kipré,DEF,12,40,Ipswich Town,3.9,4.0,-0.1,0,0,0,0,0,0,0,0,0.0,0.0,0.9,49729,29671,0.6501,0.3879,0.2622,0.0,0.0,0.0,0.0,a,,,,,0.0,0.0,0.0,0.0,0,0,0,0,0,0,0,0,0,0.0,0.0,0.0,0.0,0,0,0,0,,,,0,False,196,0.0,5108,4924,3.3,-4,False,,3.3,1,3.2,1,3.2,1,5.0,0,0,0,0,0.0,0.0,0,3.999,3.412,4.587,0.099
2026-10-07,2026-10-07T09:49:48+00:00,2026,5,5,183656,103,Dasilva,Josh,Dasilva,MID,4,94,Brentford,4.9,5.0,-0.1,0,0,0,0,0,0,0,0,0.0,0.0,0.0,401,1960,0.0052,0.0256,-0.0204,0.0,0.0,0.0,0.0,i,Hamstring injury - Expected back 10 Oct,2026-09-04T13:30:08.371955Z,0.0,0.0,0.0,0.0,0.0,0.0,0,0,0,0,0,0,0,0,0,0.0,0.0,0.0,0.0,0,0,0,0,,,,0,False,598,0.0,10,115,-69.4,0,False,,-69.4,-3,-69.4,-3,-69.4,-3,5.0,0,0,0,0,0.0,0.0,0,4.73,4.141,5.319,-0.17
2026-10-07,2026-10-07T09:49:48+00:00,2026,5,5,184029,15,Ødegaard,Martin,Ødegaard,MID,1,3,Arsenal,6.8,6.5,0.3,29,377,5,2,0,3,6,137,5.8,4.3,19.9,1651605,561070,21.592,7.3351,14.257,36.2,121.8,166.9,73.0,a,,,,,2.5,0.4,2.5,2.5,2,5,0,4,0,0,0,0,0,1.08,1.32,2.4,3.23,23,6,12,5,3.0,4.0,,1,False,18,0.0,95885,101621,2.7,151,False,,4.0,1,6.4,1,8.8,1,5.0,2865,220,15,0,5.8,32.4,0,7.621,7.029,8.214,0.821
2026-10-07,2026-10-07T09:49:48+00:00,2026,5,5,184254,494,Vicario,Guglielmo,Vicario,GK,19,6,Spurs,4.5,4.5,0.0,0,0,0,0,0,0,0,0,0.0,0.0,0.1,0,22166,0.0,0.2898,-0.2898,0.0,0.0,0.0,0.0,u,Has joined Juventus on loan for the rest of the season,2026-08-19T13:55:33.193962Z,0.0,0.0,0.0,0.0,0.0,0.0,0,0,0,0,0,0,0,0,0,0.0,0.0,0.0,0.0,0,0,0,0,,,,0,False,385,0.0,0,783,0.0,0,False,,0.0,0,0.0,0,0.0,0,5.0,0,0,0,0,0.0,0.0,0,4.325,3.736,4.913,-0.175
2026-10-07,2026-10-07T09:49:48+00:00,2026,5,5,184341,430,Mount,Mason,Mount,MID,16,1,Man Utd,5.4,5.5,-0.1,1,10,1,0,0,0,0,3,1.0,0.2,0.0,934,1989,0.0122,0.026,-0.0138,0.7,0.6,1.1,5.0,a,,2026-08-15T16:00:07.879135Z,100.0,100.0,0.5,0.1,0.5,0.5,1,0,0,0,0,0,0,0,0,0.09,0.01,0.1,0.0,1,0,1,0,,4.0,,0,False,528,0.0,206,213,0.1,0,False,,0.1,1,0.1,1,0.1,1,5.0,76,8,0,0,1.0,1.4,0,5.18,4.592,5.767,-0.22
2026-10-07,2026-10-07T09:49:48+00:00,2026,5,5,184349,269,Sessegnon,Ryan,Sessegnon,DEF,10,54,Fulham,4.3,4.5,-0.2,3,50,3,0,0,0,0,13,1.0,0.7,0.3,2815,19133,0.0368,0.2501,-0.2133,7.5,17.2,26.3,31.0,a,,2026-09-14T11:30:07.403957Z,75.0,100.0,0.0,0.0,0.0,0.0,0,0,0,1,0,0,0,0,0,0.13,0.44,0.57,1.8,3,1,3,2,,,3.0,0,False,304,-0.1,372,1435,-2.2,0,False,,-2.2,-1,-2.2,-1,-2.2,-1,5.0,380,23,0,0,1.0,5.3,0,4.292,3.704,4.879,-0.008
2026-10-07,2026-10-07T09:49:48+00:00,2026,5,5,184667,37,Lindelöf,Victor,Lindelöf,DEF,2,7,Aston Villa,4.5,4.5,0.0,8,450,5,0,0,1,0,28,1.6,1.8,0.3,14979,14560,0.1958,0.1903,0.0055,14.9,74.4,37.3,37.0,a,,,,,1.0,0.2,1.0,1.0,1,5,0,9,1,0,0,0,0,0.44,0.17,0.61,9.22,22,1,7,21,,,,0,False,284,0.0,1379,1537,1.1,3,False,,1.2,1,1.2,1,1.2,1,5.0,3420,61,0,0,1.6,13.5,0,4.198,3.608,4.787,-0.302
2026-10-07,2026-10-07T09:49:48+00:00,2026,5,5,191866,87,Ajer,Kristoffer,Ajer,DEF,4,94,Brentford,4.5,4.5,0.0,21,450,5,0,0,2,1,73,4.2,4.7,3.9,319413,279653,4.1758,3.656,0.5198,18.8,104.2,34.0,49.0,a,,,,,4.0,0.9,4.0,4.0,7,5,0,4,0,0,0,1,0,0.13,0.08,0.21,6.32,50,4,11,46,,,,0,False,88,0.0,13926,25961,33.5,7,False,,33.6,2,33.7,2,33.8,2,5.0,3420,160,0,0,4.2,35.5,0,4.765,4.173,5.356,0.265
2026-10-07,2026-10-07T09:49:48+00:00,2026,5,5,193278,280,Coyle,Lewie,Coyle,DEF,11,88,Hull City,4.0,4.0,0.0,14,348,5,0,0,2,0,49,2.8,3.5,0.7,27885,26162,0.3646,0.342,0.0225,6.5,24.0,29.9,11.0,a,,2026-08-29T16:30:08.151841Z,100.0,100.0,1.0,0.2,1.0,1.0,1,5,0,4,0,0,0,1,0,0.13,0.07,0.2,6.22,11,3,11,8,,,,0,False,222,0.0,2313,2354,0.2,0,False,,0.2,1,0.2,1,0.2,1,5.0,2645,106,0,0,2.8,26.6,0,4.348,3.76,4.936,0.348
2026-10-07,2026-10-07T09:49:48+00:00,2026,5,5,194010,89,Henry,Rico,Henry,DEF,4,94,Brentford,4.4,4.5,-0.1,1,2,1,0,0,0,0,3,1.0,0.2,0.2,2000,8667,0.0261,0.1133,-0.0872,0.0,0.0,0.0,0.0,a,,,,,0.0,0.0,0.0,0.0,0,0,0,0,0,0,0,0,0,0.0,0.0,0.0,0.0,0,0,0,0,,,,0,False,340,0.0,176,669,-18.5,0,False,,-18.5,-1,-18.5,-1,-18.5,-1,5.0,15,8,0,0,1.0,1.7,0,4.243,3.654,4.832,-0.157
2026-10-07,2026-10-07T09:49:48+00:00,2026,5,5,195384,17,Merino,Mikel,Merino Zazón,MID,1,3,Arsenal,5.7,6.0,-0.3,4,81,5,0,0,0,0,19,0.8,0.7,0.4,9763,48416,0.1276,0.633,-0.5053,3.0,10.0,4.2,16.0,a,,,,,1.0,0.2,1.0,1.0,1,0,0,0,0,0,0,1,0,0.14,0.15,0.29,0.96,10,0,9,1,,,,0,False,274,-0.1,1026,3126,0.0,10,False,,0.1,1,0.3,1,0.4,1,5.0,616,30,0,0,0.8,5.3,0,5.378,4.79,5.966,-0.322
2026-10-07,2026-10-07T09:49:48+00:00,2026,5,5,195546,41,Buendía,Emiliano,Buendía Stati,MID,2,7,Aston Villa,5.9,6.0,-0.1,21,401,5,1,0,1,3,73,4.2,3.6,1.0,63029,96392,0.824,1.2602,-0.4362,19.6,66.0,80.5,59.0,a,,,,,7.0,1.2,7.0,7.0,12,5,0,8,0,0,0,0,0,0.92,0.24,1.16,7.86,34,9,20,5,1.0,1.0,2.0,1,False,174,0.0,15045,5247,-28.5,41,False,,-24.8,-2,-18.2,-1,-11.6,-1,5.0,3048,160,8,0,4.2,27.1,0,6.147,5.557,6.737,0.247
2026-10-07,2026-10-07T09:49:48+00:00,2026,5,5,196100,584,Hamer,Gustavo,Hamer,MID,7,9,Coventry City,5.4,5.5,-0.1,3,32,3,0,0,0,0,6,1.0,0.6,0.1,794,6441,0.0104,0.0842,-0.0738,0.3,0.6,1.8,0.0,a,,,,,0.0,0.0,0.0,0.0,0,0,0,1,0,0,0,0,0,0.0,0.02,0.02,0.82,3,1,2,0,,,4.0,0,False,433,0.0,44,434,-94.2,0,False,,-94.2,-3,-94.2,-3,-94.2,-3,5.0,243,23,0,0,1.0,4.2,0,5.102,4.515,5.69,-0.298
2026-10-07,2026-10-07T09:49:48+00:00,2026,5,5,198869,10,White,Benjamin,White,DEF,1,3,Arsenal,5.5,5.5,0.0,21,315,4,0,1,2,3,78,5.2,3.8,4.8,456119,574474,5.963,7.5103,-1.5473,15.2,69.6,53.0,29.0,d,Groin injury - 75% chance of playing,2026-09-20T19:30:08.247780Z,100.0,75.0,0.5,0.1,0.5,0.4,0,4,0,1,0,0,0,0,0,0.18,0.29,0.47,1.15,18,6,9,12,,,,0,False,75,0.0,3361,75693,-57.3,-106,False,,-58.4,-3,-60.4,-3,-62.4,-3,5.0,2394,160,0,8,5.2,29.0,0,5.792,5.201,6.382,0.292
2026-10-07,2026-10-07T09:49:48+00:00,2026,5,5,199598,338,Ampadu,Ethan,Ampadu,MID,13,2,Leeds,5.4,5.5,-0.1,21,450,5,0,1,2,0,87,4.2,3.9,0.9,18465,61477,0.2414,0.8037,-0.5623,16.1,88.6,67.1,5.0,a,,,,,6.0,1.1,6.0,6.0,5,5,0,3,0,0,0,0,0,0.08,0.26,0.34,6.46,60,12,24,24,,,,0,False,188,0.0,2032,5798,-32.0,-5,False,,-32.6,-2,-33.5,-2,-34.4,-2,5.0,3420,160,0,8,4.2,29.6,0,5.718,5.129,6.307,0.318
2026-10-07,2026-10-07T09:49:48+00:00,2026,5,5,199796,32,Cash,Matty,Cash,DEF,2,7,Aston Villa,4.4,4.5,-0.1,6,296,4,0,0,1,0,16,1.5,1.4,4.8,95828,422419,1.2528,5.5224,-4.2696,7.2,36.4,22.3,13.0,a,,2026-09-09T14:30:08.192142Z,100.0,100.0,-0.5,-0.1,-0.5,-0.5,-1,3,0,7,0,0,0,2,0,0.15,0.04,0.19,5.95,17,6,2,11,,,3.0,0,False,76,0.0,3177,28430,-26.4,-26,False,,-26.9,-2,-27.8,-2,-28.7,-2,5.0,2250,46,0,0,1.5,10.4,0,4.304,3.716,4.893,-0.096
2026-10-07,2026-10-07T09:49:48+00:00,2026,5,5,199798,31,Konsa,Ezri,Konsa Ngoyo,DEF,1,3,Arsenal,4.6,4.5,0.1,12,281,4,0,0,1,0,36,3.0,2.6,19.2,1473686,669425,19.266,8.7516,10.5144,7.3,45.0,14.0,14.0,d,Unspecified injury - 75% chance of playing,2026-10-05T09:30:09.853316Z,,75.0,3.5,0.8,3.5,2.6,1,3,0,4,0,0,0,0,0,0.23,0.02,0.25,3.5,23,5,9,18,,,,0,False,19,0.1,100379,78317,-0.4,-231,False,,-1.0,-1,-2.1,-1,-3.2,-1,5.0,2136,91,0,0,3.0,19.8,0,4.957,4.368,5.546,0.357
2026-10-07,2026-10-07T09:49:48+00:00,2026,5,5,200089,460,Willock,Joe,Willock,MID,17,4,Newcastle,5.0,5.0,0.0,22,284,5,2,0,1,3,80,4.4,4.4,0.6,65916,31305,0.8617,0.4093,0.4525,19.4,92.2,41.0,68.0,a,,,,,5.5,1.1,5.5,5.5,10,3,0,5,0,0,0,0,0,0.81,0.3,1.11,5.19,18,5,9,4,,,,0,False,236,0.0,11096,3320,16.9,14,False,,17.0,1,17.2,1,17.4,1,5.0,2158,167,15,0,4.4,33.4,0,6.324,5.731,6.917,1.324
2026-10-07,2026-10-07T09:49:48+00:00,2026,5,5,200617,343,James,Daniel,James,MID,13,2,Leeds,4.9,5.0,-0.1,3,52,3,0,0,0,0,9,1.0,0.6,0.1,4196,8076,0.0549,0.1056,-0.0507,1.9,1.2,1.3,19.0,a,,,,,1.0,0.2,1.0,1.0,1,0,0,1,0,0,0,0,0,0.35,0.01,0.36,1.61,5,0,4,1,,,,0,False,428,0.0,227,626,-30.9,0,False,,-30.9,-2,-30.9,-2,-30.9,-2,5.0,395,23,0,0,1.0,4.7,0,4.822,4.235,5.409,-0.078
2026-10-07,2026-10-07T09:49:48+00:00,2026,5,5,200641,24,Nelson,Reiss,Nelson,MID,1,3,Arsenal,5.5,5.5,0.0,0,0,0,0,0,0,0,0,0.0,0.0,0.0,68,679,0.0009,0.0089,-0.008,0.0,0.0,0.0,0.0,u,has departed the club as a free agent.,2026-08-29T00:33:08.556767Z,0.0,0.0,0.0,0.0,0.0,0.0,0,0,0,0,0,0,0,0,0,0.0,0.0,0.0,0.0,0,0,0,0,,,,0,False,642,0.0,0,25,0.0,0,False,,0.0,0,0.0,0,0.0,0,5.0,0,0,0,0,0.0,0.0,0,5.171,4.582,5.759,-0.329
2026-10-07,2026-10-07T09:49:48+00:00,2026,5,5,200720,82,Kelleher,Caoimhín,Kelleher,GK,4,94,Brentford,5.0,5.0,0.0,20,450,5,0,0,2,0,97,4.0,4.0,6.1,254654,216500,3.3292,2.8304,0.4988,11.7,118.0,0.0,0.0,a,,,,,4.5,0.9,4.5,4.5,6,5,17,4,0,0,0,0,0,0.0,0.01,0.01,6.32,0,0,34,7,,,,0,False,62,0.0,23017,16234,22.4,1,False,,22.4,2,22.4,2,22.4,2,5.0,3420,152,0,0,4.0,30.4,0,4.938,4.348,5.528,-0.062
2026-10-07,2026-10-07T09:49:48+00:00,2026,5,5,200785,73,Adams,Tyler,Adams,MID,3,91,Bournemouth,5.0,5.0,0.0,12,279,5,0,0,0,0,52,2.4,2.4,0.3,18481,16811,0.2416,0.2198,0.0218,8.5,45.8,32.2,7.0,a,,2026-08-15T16:30:07.029928Z,100.0,100.0,3.0,0.6,3.0,3.0,4,3,0,7,0,0,0,0,0,0.03,0.07,0.1,2.74,41,7,22,12,,,,0,False,303,0.0,1272,1820,1.7,3,False,,1.7,1,1.8,1,1.8,1,5.0,2120,91,0,0,2.4,18.2,0,4.993,4.405,5.582,-0.007
2026-10-07,2026-10-07T09:49:48+00:00,2026,5,5,200834,533,Mukiele,Nordi,Mukiele,DEF,20,56,Sunderland,5.4,5.5,-0.1,13,360,4,0,0,1,1,44,3.2,2.4,1.9,45177,131080,0.5906,1.7137,-1.123,22.3,115.6,48.4,59.0,a,,2026-08-09T08:30:05.954750Z,100.0,100.0,0.0,0.0,0.0,0.0,0,4,0,8,0,0,0,1,0,0.75,0.28,1.03,6.86,48,13,16,35,,,,0,False,127,0.0,5846,9975,-18.4,-3,False,,-18.6,-1,-18.8,-1,-19.1,-1,5.0,2736,99,0,0,3.2,18.3,0,4.987,4.4,5.574,-0.413
2026-10-07,2026-10-07T09:49:48+00:00,2026,5,5,201595,326,Perri,Lucas Estella,Perri,GK,13,2,Leeds,4.5,4.5,0.0,0,0,0,0,0,0,0,0,0.0,0.0,0.3,532,26650,0.007,0.3484,-0.3415,0.0,0.0,0.0,0.0,u,Has joined Torino on loan for the rest of the season,2026-09-01T13:12:39.210133Z,0.0,0.0,0.0,0.0,0.0,0.0,0,0,0,0,0,0,0,0,0,0.0,0.0,0.0,0.0,0,0,0,0,,,,0,False,286,0.0,0,1450,0.0,0,False,,0.0,0,0.0,0,0.0,0,5.0,0,0,0,0,0.0,0.0,0,4.26,3.673,4.848,-0.24
2026-10-07,2026-10-07T09:49:48+00:00,2026,5,5,201658,68,Tavernier,Marcus,Tavernier,MID,3,91,Bournemouth,6.1,6.0,0.1,31,424,5,3,0,0,8,153,6.2,5.1,6.8,709343,228688,9.2735,2.9897,6.2838,45.5,161.8,146.1,147.0,a,,,,,5.0,0.8,5.0,5.0,2,5,0,8,0,0,0,2,0,1.7,0.92,2.62,6.54,42,11,26,5,3.0,1.0,1.0,1,False,57,0.0,98150,53964,34.8,58,False,,35.3,2,36.2,2,37.1,2,5.0,3222,236,23,0,6.2,38.6,0,7.556,6.959,8.153,1.456
2026-10-07,2026-10-07T09:49:48+00:00,2026,5,5,201666,453,Barnes,Harvey,Barnes,MID,17,4,Newcastle,6.1,6.0,0.1,28,450,5,1,3,1,3,105,5.6,4.6,5.9,659166,162887,8.6175,2.1295,6.488,28.2,105.2,80.9,96.0,a,,,,,5.5,0.9,5.5,5.5,9,5,0,9,0,0,0,0,0,0.62,0.48,1.1,9.14,33,3,16,14,,,3.0,1,False,64,0.1,188063,30979,20.0,286,False,,20.9,2,22.6,2,24.3,2,5.0,3420,213,8,23,5.6,34.9,0,7.417,6.822,8.012,1.317
2026-10-07,2026-10-07T09:49:48+00:00,2026,5,5,201895,535,Alderete,Omar,Alderete,DEF,20,56,Sunderland,4.8,5.0,-0.2,1,23,1,0,0,0,0,2,1.0,0.2,0.2,5006,27472,0.0654,0.3592,-0.2937,0.0,0.0,0.6,0.0,a,,2026-08-09T08:30:05.962393Z,100.0,100.0,0.0,0.0,0.0,0.0,0,0,0,1,0,0,0,0,0,0.0,0.01,0.01,0.1,0,0,2,0,,,,0,False,316,-0.1,252,1196,-8.1,0,False,,-8.1,-1,-8.1,-1,-8.1,-1,5.0,175,8,0,0,1.0,1.6,0,4.511,3.923,5.098,-0.289
2026-10-07,2026-10-07T09:49:48+00:00,2026,5,5,202993,516,Bentancur,Rodrigo,Bentancur,MID,19,6,Spurs,5.5,5.5,0.0,15,370,5,0,0,2,0,69,3.0,2.7,0.2,5230,8559,0.0684,0.1119,-0.0435,12.6,77.4,39.3,8.0,a,,,,,3.5,0.6,3.5,3.5,4,4,0,6,0,0,0,0,0,0.02,0.12,0.14,5.59,60,15,23,22,,,,0,False,346,0.0,466,902,-84.0,0,False,,-84.0,-3,-84.0,-3,-84.0,-3,5.0,2812,114,0,0,3.0,20.7,0,5.33,4.741,5.919,-0.17
2026-10-07,2026-10-07T09:49:48+00:00,2026,5,5,204120,114,Boscagli,Olivier,Boscagli,DEF,5,36,Brighton,4.5,4.5,0.0,19,437,5,0,0,3,0,93,3.8,4.2,0.3,16792,12043,0.2195,0.1574,0.0621,21.4,77.2,115.7,21.0,a,,,,,6.0,1.3,6.0,6.0,6,5,0,5,0,0,0,1,0,0.07,0.53,0.6,8.45,29,4,17,25,,,,0,False,297,0.0,2575,966,3.1,4,False,,3.1,1,3.2,1,3.2,1,5.0,3321,144,0,0,3.8,32.1,0,4.676,4.086,5.265,0.176
2026-10-07,2026-10-07T09:49:48+00:00,2026,5,5,204480,13,Rice,Declan,Rice,MID,1,3,Arsenal,7.4,7.5,-0.1,20,411,5,0,2,3,0,91,4.0,2.7,11.4,119800,741429,1.5662,9.693,-8.1268,23.4,120.2,108.4,5.0,d,Unspecified injury - 75% chance of playing,2026-09-21T13:00:08.896379Z,,75.0,3.5,0.5,3.5,2.6,1,5,0,4,0,0,0,1,0,0.12,0.69,0.81,3.5,42,7,17,18,,1.0,1.0,0,False,36,0.0,7954,98755,-41.0,-202,False,,-41.9,-3,-43.5,-3,-45.1,-3,5.0,3124,152,0,15,4.0,20.5,0,7.258,6.667,7.85,-0.142
2026-10-07,2026-10-07T09:49:48+00:00,2026,5,5,204561,558,Schlager,Xaver,Schlager,MID,18,17,Nott'm Forest,5.0,5.0,0.0,13,376,5,0,0,1,0,70,2.6,2.6,0.1,5926,5901,0.0775,0.0771,0.0003,12.5,68.4,25.0,31.0,a,,,,,2.5,0.5,2.5,2.5,2,4,0,5,0,0,0,1,0,0.19,0.18,0.37,4.43,49,17,21,11,,,3.0,0,False,405,0.0,246,884,0.5,-2,False,,0.4,1,0.4,1,0.4,1,5.0,2858,99,0,0,2.6,19.8,0,4.951,4.364,5.539,-0.049
2026-10-07,2026-10-07T09:49:48+00:00,2026,5,5,204580,98,Janelt,Vitaly,Janelt,MID,4,94,Brentford,5.0,5.0,0.0,28,450,5,2,0,2,3,109,5.6,5.6,2.5,309548,109702,4.0468,1.4342,2.6127,30.9,164.0,97.5,47.0,a,,,,,3.5,0.7,3.5,3.5,3,5,0,4,0,0,0,3,0,0.53,0.44,0.97,6.32,64,17,20,27,,,3.0,1,False,112,0.0,22488,20611,84.0,7,False,,84.0,3,84.1,3,84.2,3,5.0,3420,213,15,0,5.6,38.7,1,6.303,5.709,6.897,1.303
2026-10-07,2026-10-07T09:49:48+00:00,2026,5,5,204813,179,Latibeaudiere,Joel,Latibeaudiere,DEF,7,9,Coventry City,4.0,4.0,0.0,1,1,1,0,0,0,0,3,1.0,0.2,0.0,993,1760,0.013,0.023,-0.01,0.7,7.0,0.0,0.0,a,,,,,0.5,0.1,0.5,0.5,1,0,0,0,0,0,0,0,0,0.0,0.0,0.0,0.02,2,0,0,2,,,,0,False,522,0.0,82,157,-83.3,0,False,,-83.3,-3,-83.3,-3,-83.3,-3,5.0,8,8,0,0,1.0,1.9,0,4.045,3.458,4.632,0.045
2026-10-07,2026-10-07T09:49:48+00:00,2026,5,5,204822,476,O.Richards,Omar,Richards,DEF,18,17,Nott'm Forest,4.0,4.0,0.0,0,0,0,0,0,0,0,0,0.0,0.0,0.2,4038,8371,0.0528,0.1094,-0.0566,0.0,0.0,0.0,0.0,a,,,,,0.0,0.0,0.0,0.0,0,0,0,0,0,0,0,0,0,0.0,0.0,0.0,0.0,0,0,0,0,,,,0,False,327,0.0,338,820,-73.2,-1,False,,-73.7,-3,-74.6,-3,-75.6,-3,5.0,0,0,0,0,0.0,0.0,0,4.008,3.421,4.596,0.008
2026-10-07,2026-10-07T09:49:48+00:00,2026,5,5,204936,384,Donnarumma,Gianluigi,Donnarumma,GK,15,43,Man City,5.5,5.5,0.0,19,450,5,0,0,2,0,84,3.8,3.5,7.6,208098,320272,2.7205,4.187,-1.4665,11.4,112.6,0.0,0.0,a,,,,,4.5,0.8,4.5,4.5,2,5,14,5,1,0,0,0,0,0.0,0.0,0.0,7.25,0,0,32,4,,,,0,False,50,0.0,11907,34356,-56.9,-30,False,,-57.3,-3,-57.9,-3,-58.6,-3,5.0,3420,144,0,0,3.8,26.3,0,5.414,4.825,6.003,-0.086
2026-10-07,2026-10-07T09:49:48+00:00,2026,5,5,204968,489,Yates,Ryan,Yates,MID,18,17,Nott'm Forest,4.5,4.5,0.0,0,0,0,0,0,0,0,0,0.0,0.0,1.1,30324,94507,0.3964,1.2355,-0.8391,0.0,0.0,0.0,0.0,a,,2026-08-17T20:30:08.195072Z,100.0,100.0,0.0,0.0,0.0,0.0,0,0,0,0,0,0,0,0,0,0.0,0.0,0.0,0.0,0,0,0,0,,,,0,False,166,0.0,678,8152,-98.0,-5,False,,-98.5,-4,-99.2,-4,-100.0,-5,5.0,0,0,0,0,0.0,0.0,0,4.545,3.958,5.132,0.045
2026-10-07,2026-10-07T09:49:48+00:00,2026,5,5,205533,224,Nketiah,Eddie,Nketiah,FWD,8,31,Crystal Palace,5.5,5.5,0.0,8,175,4,0,1,0,0,38,2.0,1.5,0.5,47453,50401,0.6204,0.6589,-0.0385,13.0,34.2,46.4,50.0,a,,2026-09-12T14:00:09.427136Z,100.0,100.0,0.5,0.1,0.5,0.5,1,3,0,7,0,0,0,0,0,1.1,0.6,1.7,4.51,12,4,6,2,,,,0,False,246,0.0,1472,3754,-21.3,-7,False,,-22.5,-2,-24.6,-2,-26.7,-2,5.0,1330,61,0,8,2.0,11.1,0,5.5,4.911,6.09,0.0
2026-10-07,2026-10-07T09:49:48+00:00,2026,5,5,205651,27,G.Jesus,Gabriel,Fernando de Jesus,FWD,1,3,Arsenal,5.9,6.0,-0.1,0,0,0,0,0,0,0,0,0.0,0.0,0.1,4164,29392,0.0544,0.3843,-0.3298,0.0,0.0,0.0,0.0,u,Has joined FC Barcelona permanently,2026-09-02T16:00:28.475184Z,0.0,0.0,0.0,0.0,0.0,0.0,0,0,0,0,0,0,0,0,0,0.0,0.0,0.0,0.0,0,0,0,0,,,,0,False,371,0.0,0,1117,0.0,-2,False,,0.0,0,0.0,0,0.0,0,5.0,0,0,0,0,0.0,0.0,0,5.415,4.827,6.004,-0.485
2026-10-07,2026-10-07T09:49:48+00:00,2026,5,5,206915,373,C.Jones,Curtis,Jones,MID,14,14,Liverpool,5.5,5.5,0.0,0,0,0,0,0,0,0,0,0.0,0.0,0.0,34,2656,0.0004,0.0347,-0.0343,0.0,0.0,0.0,0.0,u,Has joined Internazionale permanently,2026-08-16T18:30:07.426408Z,0.0,0.0,0.0,0.0,0.0,0.0,0,0,0,0,0,0,0,0,0,0.0,0.0,0.0,0.0,0,0,0,0,,,,0,False,567,0.0,0,69,0.0,0,False,,0.0,0,0.0,0,0.0,0,5.0,0,0,0,0,0.0,0.0,0,5.196,4.608,5.784,-0.304
2026-10-07,2026-10-07T09:49:48+00:00,2026,5,5,207189,265,Berge,Sander,Berge,MID,10,54,Fulham,4.9,5.0,-0.1,11,349,5,0,0,2,0,67,2.2,2.2,0.3,6490,18235,0.0848,0.2384,-0.1535,15.4,51.4,81.0,22.0,a,,,,,3.0,0.6,3.0,3.0,3,4,0,5,0,0,0,0,0,0.08,0.36,0.44,7.36,19,4,8,7,,,,0,False,298,0.0,759,1479,-36.9,0,False,,-36.9,-2,-36.9,-2,-36.9,-2,5.0,2652,84,0,0,2.2,17.1,0,4.88,4.293,5.468,-0.02
2026-10-07,2026-10-07T09:49:48+00:00,2026,5,5,207283,97,Jensen,Mathias,Jensen,MID,4,94,Brentford,5.4,5.5,-0.1,6,66,1,0,1,1,0,22,6.0,1.1,0.1,4507,15162,0.0589,0.1982,-0.1393,7.2,12.6,46.2,13.0,i,Unspecified injury - Expected back 10 Oct,2026-08-30T12:30:08.176795Z,0.0,0.0,0.0,0.0,0.0,0.0,0,1,0,0,0,0,0,0,0,0.08,0.34,0.42,0.47,5,2,3,0,3.0,2.0,1.0,0,False,426,0.0,22,728,-63.8,0,False,,-63.8,-3,-63.8,-3,-63.8,-3,5.0,502,46,0,8,6.0,8.4,0,5.712,5.119,6.304,0.312
2026-10-07,2026-10-07T09:49:48+00:00,2026,5,5,208481,292,Ömür,Abdülkadir,Ömür,MID,11,88,Hull City,4.9,5.0,-0.1,0,0,0,0,0,0,0,0,0.0,0.0,0.0,1208,1644,0.0158,0.0215,-0.0057,0.0,0.0,0.0,0.0,a,,,,,0.0,0.0,0.0,0.0,0,0,0,0,0,0,0,0,0,0.0,0.0,0.0,0.0,0,0,0,0,,,,0,False,580,0.0,90,163,-15.9,0,False,,-15.9,-1,-15.9,-1,-15.9,-1,5.0,0,0,0,0,0.0,0.0,0,4.773,4.186,5.36,-0.127
2026-10-07,2026-10-07T09:49:48+00:00,2026,5,5,208706,452,Bruno G.,Bruno,Guimarães Rodriguez Moura,MID,1,3,Arsenal,6.7,7.0,-0.3,9,123,3,1,0,0,1,45,3.0,1.3,1.8,32036,245662,0.4188,3.2116,-2.7928,6.6,41.0,6.5,19.0,a,,2026-09-04T14:00:08.328779Z,100.0,100.0,4.0,0.6,4.0,4.0,1,1,0,3,0,0,0,0,0,0.09,0.16,0.25,2.18,12,1,8,3,4.0,,4.0,0,False,132,0.0,7090,8589,0.8,10,False,,0.9,1,1.0,1,1.2,1,5.0,935,68,8,0,3.0,10.2,0,6.642,6.054,7.231,-0.058
2026-10-07,2026-10-07T09:49:48+00:00,2026,5,5,209036,388,Guéhi,Marc,Guéhi,DEF,15,43,Man City,6.0,6.0,0.0,30,450,5,1,1,2,4,114,6.0,5.0,18.1,508620,471065,6.6494,6.1584,0.491,24.3,146.0,56.6,41.0,a,,,,,5.0,0.8,5.0,5.0,4,5,0,5,0,0,0,0,0,0.95,0.39,1.34,7.25,29,3,19,26,,,,0,False,21,0.0,26700,59089,68.6,-26,False,,68.4,3,68.0,3,67.6,3,5.0,3420,228,8,8,6.0,38.0,0,7.008,6.418,7.598,1.008
2026-10-07,2026-10-07T09:49:48+00:00,2026,5,5,209046,482,Hudson-Odoi,Callum,Hudson-Odoi,MID,18,17,Nott'm Forest,5.8,6.0,-0.2,1,1,1,0,0,0,0,2,1.0,0.2,0.1,5330,17663,0.0697,0.2309,-0.1612,0.0,0.0,0.3,0.0,a,,2026-07-23T12:01:23.832709Z,100.0,100.0,0.0,0.0,0.0,0.0,0,0,0,0,0,0,0,0,0,0.0,0.0,0.0,0.0,0,0,0,0,,4.0,,0,False,370,0.0,319,1263,-43.1,0,False,,-43.1,-3,-43.1,-3,-43.1,-3,5.0,8,8,0,0,1.0,1.3,0,5.328,4.74,5.915,-0.472
2026-10-07,2026-10-07T09:49:48+00:00,2026,5,5,209244,398,Foden,Phil,Foden,MID,15,43,Man City,6.9,7.0,-0.1,9,217,4,0,2,0,1,52,2.2,1.3,1.8,303485,569268,3.9676,7.4422,-3.4747,22.3,57.6,122.3,45.0,s,Suspended until 17 Oct,2026-09-13T17:00:09.433455Z,0.0,0.0,-1.0,-0.1,0.0,0.0,0,3,0,2,0,0,0,1,1,1.61,0.88,2.49,1.91,14,4,8,2,,2.0,2.0,0,False,134,0.0,239,31546,-56.4,-49,False,,-57.4,-3,-59.0,-3,-60.7,-3,5.0,1649,68,0,15,2.2,9.9,0,6.837,6.244,7.43,-0.063
2026-10-07,2026-10-07T09:49:48+00:00,2026,5,5,209289,262,Smith Rowe,Emile,Smith Rowe,MID,10,54,Fulham,5.3,5.5,-0.2,3,38,3,0,0,0,0,11,1.0,0.6,0.2,4560,21115,0.0596,0.276,-0.2164,4.0,6.6,23.8,9.0,a,,,,,0.5,0.1,0.5,0.5,0,0,0,0,0,0,0,0,0,0.06,0.02,0.08,0.87,3,0,2,1,,,,0,False,314,-0.1,362,1456,-1.8,-1,False,,-2.1,-1,-2.6,-1,-3.1,-1,5.0,289,23,0,0,1.0,4.3,0,5.07,4.483,5.658,-0.23
2026-10-07,2026-10-07T09:49:48+00:00,2026,5,5,209365,416,De Ligt,Matthijs,de Ligt,DEF,16,1,Man Utd,4.9,5.0,-0.1,0,0,0,0,0,0,0,0,0.0,0.0,0.0,473,1571,0.0062,0.0205,-0.0144,0.0,0.0,0.0,0.0,i,Back injury - Unknown return date,2026-07-23T12:01:23.690880Z,0.0,0.0,0.0,0.0,0.0,0.0,0,0,0,0,0,0,0,0,0,0.0,0.0,0.0,0.0,0,0,0,0,,,,0,False,560,-0.1,94,148,0.0,0,False,,0.0,0,0.0,0,0.0,0,5.0,0,0,0,0,0.0,0.0,0,4.626,4.038,5.214,-0.274
2026-10-07,2026-10-07T09:49:48+00:00,2026,5,5,209400,214,Kamada,Daichi,Kamada,MID,8,31,Crystal Palace,5.0,5.0,0.0,21,441,5,0,3,1,0,109,4.2,4.2,0.5,50492,25137,0.6601,0.3286,0.3315,21.9,95.6,81.2,42.0,a,,,,,5.5,1.1,5.5,5.5,3,5,0,10,0,0,0,1,0,0.47,0.38,0.85,8.85,38,11,23,4,,,3.0,0,False,244,0.0,3745,3520,12.4,-6,False,,12.3,1,12.2,1,12.1,1,5.0,3352,160,0,23,4.2,31.9,0,6.112,5.514,6.709,1.112
2026-10-07,2026-10-07T09:49:48+00:00,2026,5,5,210156,492,Awoniyi,Taiwo,Awoniyi,FWD,7,9,Coventry City,5.4,5.5,-0.1,3,232,4,0,0,0,0,11,0.8,0.6,0.4,21356,65449,0.2792,0.8556,-0.5764,13.6,13.6,46.2,78.0,s,Suspended until 19 Oct,2026-09-13T15:00:09.305127Z,0.0,0.0,-1.0,-0.2,0.0,0.0,0,3,0,7,0,0,0,0,1,1.3,0.04,1.34,3.55,11,1,7,3,5.0,,,0,False,273,-0.1,83,5654,-16.5,-12,False,,-17.1,-1,-18.2,-1,-19.3,-1,5.0,1763,23,0,0,0.7,4.2,0,4.932,4.344,5.52,-0.468
2026-10-07,2026-10-07T09:49:48+00:00,2026,5,5,210462,488,I.Sangaré,Ibrahim,Sangaré,MID,18,17,Nott'm Forest,4.8,5.0,-0.2,4,105,3,0,0,0,0,15,1.3,0.8,0.4,9265,69105,0.1211,0.9034,-0.7823,4.1,21.6,13.7,5.0,a,,2026-08-28T09:30:07.471668Z,100.0,100.0,1.0,0.2,1.0,1.0,1,1,0,1,0,0,0,0,0,0.09,0.02,0.11,0.56,8,1,3,4,,,,0,False,264,-0.1,366,3526,-1.1,-3,False,,-1.5,-1,-2.1,-1,-2.8,-1,5.0,798,30,0,0,1.3,6.3,0,4.805,4.218,5.392,0.005
2026-10-07,2026-10-07T09:49:48+00:00,2026,5,5,212314,267,Lukić,Saša,Lukić,MID,12,40,Ipswich Town,4.9,5.0,-0.1,11,400,5,0,1,0,0,68,2.2,2.2,0.1,3480,6555,0.0455,0.0857,-0.0402,15.8,71.0,81.2,6.0,a,,,,,1.5,0.3,1.5,1.5,2,5,0,10,0,0,0,2,0,0.02,0.41,0.43,7.37,37,7,13,17,,,1.0,0,False,421,-0.1,252,602,-6.4,0,False,,-6.4,-1,-6.4,-1,-6.4,-1,5.0,3040,84,0,8,2.2,17.1,0,5.161,4.572,5.749,0.261
2026-10-07,2026-10-07T09:49:48+00:00,2026,5,5,212319,527,Richarlison,Richarlison,de Andrade,FWD,19,6,Spurs,5.9,6.0,-0.1,2,67,1,0,0,0,0,6,2.0,0.3,0.6,21439,268948,0.2803,3.5161,-3.2358,0.2,0.0,2.2,0.0,u,not included in squad.,2026-09-04T12:32:39.183614Z,0.0,0.0,0.0,0.0,0.0,0.0,0,1,0,3,0,0,0,0,0,0.0,0.0,0.0,3.02,1,0,0,1,,,,0,False,228,0.0,0,6465,0.0,-8,False,,0.0,0,0.0,0,0.0,0,5.0,509,15,0,0,2.0,2.6,0,5.459,4.871,6.047,-0.441
2026-10-07,2026-10-07T09:49:48+00:00,2026,5,5,213292,296,Akintola,David,Akintola,MID,11,88,Hull City,5.0,5.0,0.0,0,0,0,0,0,0,0,0,0.0,0.0,0.0,2704,4913,0.0354,0.0642,-0.0289,0.0,0.0,0.0,0.0,u,Has joined Omonoia FC permanently,2026-09-11T14:42:38.120231Z,0.0,0.0,0.0,0.0,0.0,0.0,0,0,0,0,0,0,0,0,0,0.0,0.0,0.0,0.0,0,0,0,0,,,,0,False,563,0.0,0,300,0.0,0,False,,0.0,0,0.0,0,0.0,0,5.0,0,0,0,0,0.0,0.0,0,4.801,4.214,5.389,-0.199
2026-10-07,2026-10-07T09:49:48+00:00,2026,5,5,214225,329,Rodon,Joe,Rodon,DEF,13,2,Leeds,4.3,4.5,-0.2,7,123,2,0,0,1,0,25,3.5,1.6,0.8,26945,297910,0.3523,3.8947,-3.5424,4.5,23.0,14.7,7.0,i,Hamstring injury - Expected back 21 Nov,2026-08-30T16:00:08.564382Z,0.0,0.0,0.0,0.0,0.0,0.0,0,2,0,0,0,0,0,0,0,0.03,0.06,0.09,1.01,11,1,2,10,,,,0,False,206,-0.1,51,9905,-8.1,-8,False,,-8.3,-1,-8.7,-1,-9.0,-1,5.0,935,53,0,0,3.5,12.4,0,4.516,3.928,5.103,0.216
2026-10-07,2026-10-07T09:49:48+00:00,2026,5,5,214285,364,Tsimikas,Kostas,Tsimikas,DEF,14,14,Liverpool,4.9,5.0,-0.1,2,64,2,0,0,0,0,6,1.0,0.4,0.1,1603,4452,0.021,0.0582,-0.0372,1.8,6.4,2.9,9.0,a,,,,,0.5,0.1,0.5,0.5,0,1,0,0,0,0,0,0,0,0.04,0.02,0.06,0.47,3,1,3,2,,,4.0,0,False,456,0.0,116,426,-59.7,1,False,,-58.1,-3,-55.4,-3,-52.6,-3,5.0,486,15,0,0,1.0,3.1,0,4.645,4.057,5.232,-0.255
2026-10-07,2026-10-07T09:49:48+00:00,2026,5,5,214572,495,Austin,Brandon,Austin,GK,19,6,Spurs,4.0,4.0,0.0,0,0,0,0,0,0,0,0,0.0,0.0,1.0,29846,22106,0.3902,0.289,0.1012,0.0,0.0,0.0,0.0,a,,,,,0.0,0.0,0.0,0.0,0,0,0,0,0,0,0,0,0,0.0,0.0,0.0,0.0,0,0,0,0,,,,0,False,178,0.0,2195,2421,2.3,0,False,,2.3,1,2.3,1,2.3,1,5.0,0,0,0,0,0.0,0.0,0,4.072,3.484,4.66,0.072
2026-10-07,2026-10-07T09:49:48+00:00,2026,5,5,214590,611,Wan-Bissaka,Aaron,Wan-Bissaka,DEF,2,7,Aston Villa,4.5,4.5,0.0,6,152,4,0,0,0,0,24,1.5,1.3,0.2,18518,7935,0.2421,0.1037,0.1384,5.9,42.8,16.4,0.0,a,,,,,2.0,0.4,2.0,2.0,1,2,0,2,0,0,0,0,0,0.0,0.07,0.07,3.27,21,9,1,12,,,,0,False,318,0.0,1665,1602,2.3,1,False,,2.3,1,2.3,1,2.3,1,5.0,1155,46,0,0,1.5,10.1,0,4.352,3.764,4.94,-0.148
2026-10-07,2026-10-07T09:49:48+00:00,2026,5,5,215059,140,Sánchez,Robert,Lynch Sánchez,GK,6,8,Chelsea,4.9,5.0,-0.1,2,90,1,0,0,0,0,6,2.0,0.4,0.7,10847,177037,0.1418,2.3145,-2.1727,2.1,21.4,0.0,0.0,u,Has joined Como on loan for the rest of the season,2026-09-02T16:20:41.841936Z,0.0,0.0,0.0,0.0,0.0,0.0,0,1,4,2,0,0,0,0,0,0.0,0.01,0.01,1.33,0,0,5,1,,,,0,False,217,0.0,0,5429,0.0,-4,False,,0.0,0,0.0,0,0.0,0,5.0,684,15,0,0,2.0,3.1,0,4.663,4.075,5.252,-0.237
2026-10-07,2026-10-07T09:49:48+00:00,2026,5,5,215136,469,N.Williams,Neco,Williams,DEF,18,17,Nott'm Forest,5.0,5.0,0.0,19,450,5,0,1,1,1,85,3.8,3.8,8.7,327640,358937,4.2834,4.6925,-0.4092,25.6,90.4,123.7,42.0,a,,,,,2.0,0.4,2.0,2.0,2,5,0,5,0,0,0,0,0,0.41,0.61,1.02,4.77,29,14,28,15,,3.0,2.0,0,False,42,0.0,13154,53679,25.3,-22,False,,25.1,2,24.7,2,24.3,2,5.0,3420,144,0,8,3.8,28.9,0,5.327,4.739,5.914,0.327
2026-10-07,2026-10-07T09:49:48+00:00,2026,5,5,215379,481,Anderson,Elliot,Anderson,MID,15,43,Man City,6.3,6.5,-0.2,15,413,5,0,0,2,0,95,3.0,2.4,4.0,106497,448940,1.3923,5.8692,-4.4769,18.4,87.4,77.1,19.0,a,,2026-08-23T17:00:07.952697Z,100.0,100.0,3.5,0.6,3.5,3.5,2,5,0,5,0,0,0,1,0,0.11,0.67,0.78,7.15,54,13,23,18,,,3.0,0,False,85,0.0,9058,31100,-46.8,-14,False,,-47.1,-3,-47.7,-3,-48.3,-3,5.0,3139,114,0,0,3.0,18.1,0,5.961,5.372,6.55,-0.339
2026-10-07,2026-10-07T09:49:48+00:00,2026,5,5,215413,236,Dewsbury-Hall,Kiernan,Dewsbury-Hall,MID,9,11,Everton,6.6,6.5,0.1,20,450,5,1,0,3,3,110,4.0,3.0,5.9,587859,336006,7.6853,4.3927,3.2926,38.9,102.8,160.8,125.0,a,,,,,2.5,0.4,2.5,2.5,3,5,0,3,0,0,0,1,0,0.99,0.83,1.82,6.74,42,11,26,5,,,2.0,0,False,65,0.1,37095,56642,-19.7,-26,False,,-20.1,-2,-20.9,-2,-21.6,-2,5.0,3420,152,8,0,4.0,23.0,0,6.536,5.947,7.126,-0.064
2026-10-07,2026-10-07T09:49:48+00:00,2026,5,5,215711,44,Bailey,Leon,Bailey,MID,2,7,Aston Villa,5.4,5.5,-0.1,0,0,0,0,0,0,0,0,0.0,0.0,0.1,2096,13273,0.0274,0.1735,-0.1461,0.0,0.0,0.0,0.0,u,Has joined Olympiakos permanently,2026-09-04T12:35:14.472260Z,0.0,0.0,0.0,0.0,0.0,0.0,0,0,0,0,0,0,0,0,0,0.0,0.0,0.0,0.0,0,0,0,0,,,,0,False,495,0.0,0,542,0.0,0,False,,0.0,0,0.0,0,0.0,0,5.0,0,0,0,0,0.0,0.0,0,5.032,4.444,5.621,-0.368
2026-10-07,2026-10-07T09:49:48+00:00,2026,5,5,216051,417,Dalot,Diogo,Dalot Teixeira,DEF,16,1,Man Utd,4.9,5.0,-0.1,8,346,5,0,0,0,0,46,1.6,1.6,1.6,26386,136967,0.345,1.7906,-1.4457,20.2,43.6,107.7,49.0,a,,,,,2.0,0.4,2.0,2.0,2,4,0,4,0,0,0,1,0,0.24,0.23,0.47,4.7,16,6,21,10,,,,0,False,140,0.0,1607,8472,-83.9,-4,False,,-84.1,-3,-84.6,-3,-85.0,-3,5.0,2630,61,0,0,1.6,12.4,0,4.644,4.056,5.232,-0.256
2026-10-07,2026-10-07T09:49:48+00:00,2026,5,5,216055,571,Florentino,Florentino Ibrain,Morris Luís,MID,12,40,Ipswich Town,4.8,5.0,-0.2,2,30,2,0,0,0,0,9,1.0,0.4,0.1,1067,7109,0.0139,0.0929,-0.079,3.2,9.0,22.3,2.0,a,,2026-08-25T11:30:07.678802Z,100.0,100.0,1.0,0.2,1.0,1.0,1,0,0,0,0,0,0,0,0,0.0,0.01,0.01,0.75,2,1,0,1,,,,0,False,446,-0.1,122,378,-3.4,-2,False,,-4.6,-1,-6.7,-1,-8.8,-1,5.0,228,15,0,0,1.0,3.2,0,4.786,4.199,5.373,-0.014
2026-10-07,2026-10-07T09:49:48+00:00,2026,5,5,216094,357,Frimpong,Jeremie,Frimpong,DEF,14,14,Liverpool,5.3,5.5,-0.2,2,178,3,0,0,0,0,24,0.7,0.4,1.7,59158,247306,0.7734,3.2331,-2.4597,13.2,39.4,76.5,16.0,a,,,,,0.5,0.1,0.5,0.5,0,2,0,4,0,0,0,1,0,0.01,0.23,0.24,3.91,12,4,7,8,,,,0,False,135,0.0,1815,13921,-43.2,-11,False,,-43.8,-3,-44.8,-3,-45.9,-3,5.0,1353,15,0,0,0.7,2.9,0,4.811,4.222,5.399,-0.489
2026-10-07,2026-10-07T09:49:48+00:00,2026,5,5,216616,304,O'Shea,Dara,O'Shea,DEF,12,40,Ipswich Town,4.0,4.0,0.0,10,450,5,0,0,0,0,24,2.0,2.5,2.6,65865,129961,0.8611,1.699,-0.838,22.1,130.0,71.0,21.0,a,,,,,1.5,0.4,1.5,1.5,2,5,0,11,0,0,0,0,0,0.07,0.26,0.33,8.98,48,7,18,41,,,,0,False,110,0.0,2446,16618,-44.2,-4,False,,-44.4,-3,-44.6,-3,-44.9,-3,5.0,3420,76,0,0,2.0,19.0,0,4.12,3.533,4.708,0.12
2026-10-07,2026-10-07T09:49:48+00:00,2026,5,5,216646,464,Wissa,Yoane,Wissa,FWD,17,4,Newcastle,6.2,6.0,0.2,15,441,5,1,1,1,2,54,3.0,2.4,18.7,2301582,742912,30.0894,9.7124,20.3771,23.3,66.6,60.6,106.0,a,,,,,1.0,0.2,1.0,1.0,0,5,0,8,0,0,1,2,0,2.35,0.06,2.41,7.97,27,6,15,6,2.0,,,0,False,20,0.0,106070,155902,69.2,91,False,,70.0,3,71.5,3,72.9,3,5.0,3352,114,8,8,3.0,18.4,0,6.662,6.071,7.253,0.462
2026-10-07,2026-10-07T09:49:48+00:00,2026,5,5,218364,205,Sosa,Borna,Sosa,DEF,8,31,Crystal Palace,4.5,4.5,0.0,0,0,0,0,0,0,0,0,0.0,0.0,0.0,236,2091,0.0031,0.0273,-0.0243,0.0,0.0,0.0,0.0,u,Has joined FC Cologne on loan for the rest of the season,2026-09-02T16:03:25.710518Z,0.0,0.0,0.0,0.0,0.0,0.0,0,0,0,0,0,0,0,0,0,0.0,0.0,0.0,0.0,0,0,0,0,,,,0,False,592,0.0,0,122,0.0,0,False,,0.0,0,0.0,0,0.0,0,5.0,0,0,0,0,0.0,0.0,0,4.259,3.671,4.846,-0.241
2026-10-07,2026-10-07T09:49:48+00:00,2026,5,5,218543,619,Palacios,Exequiel,Palacios,MID,12,40,Ipswich Town,5.0,5.0,0.0,11,275,4,0,0,0,0,64,2.8,2.2,0.1,9084,3544,0.1188,0.0463,0.0724,10.6,55.4,46.6,4.0,a,,,,,3.0,0.6,3.0,3.0,2,3,0,7,0,0,0,0,0,0.0,0.09,0.09,5.3,44,9,23,12,,,,0,False,474,0.0,596,934,1.1,0,False,,1.1,1,1.1,1,1.1,1,5.0,2090,84,0,0,2.8,16.7,0,4.986,4.398,5.573,-0.014
2026-10-07,2026-10-07T09:49:48+00:00,2026,5,5,218997,195,Simms,Ellis,Simms,FWD,7,9,Coventry City,4.9,5.0,-0.1,4,104,3,0,0,0,0,13,1.3,0.8,0.6,40935,65151,0.5352,0.8517,-0.3166,6.8,7.8,22.6,37.0,a,,,,,0.5,0.1,0.5,0.5,1,1,0,3,0,0,0,0,0,0.3,0.01,0.31,2.79,3,0,2,1,,,,0,False,226,-0.1,2431,5933,-0.3,-8,False,,-1.0,-1,-2.2,-1,-3.4,-1,5.0,790,30,0,0,1.3,6.2,0,4.825,4.237,5.412,-0.075
2026-10-07,2026-10-07T09:49:48+00:00,2026,5,5,219168,379,Isak,Alexander,Isak,FWD,14,14,Liverpool,9.1,9.0,0.1,33,413,5,4,0,3,8,133,6.6,3.6,22.0,1249138,777336,16.3304,10.1624,6.168,40.0,146.2,47.5,207.0,d,Thigh injury - 75% chance of playing,2026-09-27T10:30:09.051435Z,,75.0,5.0,0.5,5.0,3.8,8,5,0,4,0,0,0,1,0,3.54,0.08,3.62,5.82,7,1,3,3,2.0,,,1,False,15,0.0,121976,117367,-2.1,-443,False,,-4.2,-1,-8.1,-1,-11.9,-1,5.0,3139,251,30,0,6.6,27.6,0,10.01,9.41,10.609,0.91
2026-10-07,2026-10-07T09:49:48+00:00,2026,5,5,219249,126,O'Riley,Matt,O'Riley,MID,5,36,Brighton,5.4,5.5,-0.1,2,10,2,0,0,0,0,6,1.0,0.4,0.1,3647,6567,0.0477,0.0859,-0.0382,3.8,8.2,10.5,19.0,a,,,,,1.0,0.2,1.0,1.0,1,0,0,0,0,0,0,0,0,0.28,0.01,0.29,0.18,3,0,1,2,3.0,,,0,False,419,0.0,473,611,-8.7,0,False,,-8.7,-1,-8.7,-1,-8.7,-1,5.0,76,15,0,0,1.0,2.8,0,5.097,4.509,5.684,-0.303
2026-10-07,2026-10-07T09:49:48+00:00,2026,5,5,219847,26,Havertz,Kai,Havertz,FWD,1,3,Arsenal,7.6,7.5,0.1,19,437,5,2,0,3,2,82,3.8,2.5,8.0,654553,444946,8.5572,5.8169,2.7403,32.6,89.4,71.3,165.0,d,Hamstring injury - 75% chance of playing,2026-09-24T22:00:09.120308Z,,75.0,1.5,0.2,1.5,1.1,2,5,0,4,0,0,0,1,0,1.67,0.37,2.04,3.91,13,0,7,6,,,,0,False,47,0.0,51320,84474,-3.8,-279,False,,-5.5,-1,-8.7,-1,-11.8,-1,5.0,3321,144,15,0,3.8,19.0,0,7.583,6.992,8.173,-0.017
2026-10-07,2026-10-07T09:49:48+00:00,2026,5,5,219924,259,Diop,Issa,Diop,DEF,12,40,Ipswich Town,4.0,4.0,0.0,12,450,5,0,0,0,0,45,2.4,3.0,12.6,137415,516213,1.7965,6.7486,-4.9522,15.5,121.6,24.2,9.0,a,,,,,2.5,0.6,2.5,2.5,4,5,0,11,0,0,0,0,0,0.06,0.16,0.22,8.98,45,4,21,41,,,,0,False,32,0.0,8378,63591,-58.2,-13,False,,-58.3,-3,-58.5,-3,-58.6,-3,5.0,3420,91,0,0,2.4,22.8,0,4.378,3.79,4.967,0.378
2026-10-07,2026-10-07T09:49:48+00:00,2026,5,5,220237,447,Botman,Sven,Botman,DEF,17,4,Newcastle,5.0,5.0,0.0,15,450,5,0,0,1,0,43,3.0,3.0,0.7,48388,28866,0.6326,0.3774,0.2552,16.4,136.0,4.1,23.0,a,,,,,3.0,0.6,3.0,3.0,4,5,0,9,0,0,0,1,0,0.06,0.17,0.23,9.14,59,5,14,54,,,,0,False,210,0.0,5714,3572,10.6,12,False,,10.7,1,10.9,1,11.1,1,5.0,3420,114,0,0,3.0,22.8,0,4.741,4.153,5.329,-0.259
2026-10-07,2026-10-07T09:49:48+00:00,2026,5,5,220362,153,Disasi,Axel,Disasi,DEF,8,31,Crystal Palace,4.5,4.5,0.0,1,139,3,0,0,0,0,-6,0.3,0.2,0.1,9432,10462,0.1233,0.1368,-0.0135,5.0,34.8,13.4,2.0,s,Suspended until 25 Oct,2026-09-12T15:30:09.445078Z,0.0,0.0,-1.5,-0.3,0.0,0.0,0,2,0,6,0,0,0,0,1,0.0,0.04,0.04,3.72,20,5,11,15,,,,0,False,475,0.0,31,881,-71.4,-4,False,,-73.3,-3,-76.5,-3,-79.8,-3,5.0,1056,8,0,0,0.3,1.7,0,4.153,3.564,4.741,-0.347
2026-10-07,2026-10-07T09:49:48+00:00,2026,5,5,220566,402,Rodrigo,Rodrigo 'Rodri',Hernandez Cascante,MID,15,43,Man City,6.5,6.5,0.0,0,0,0,0,0,0,0,0,0.0,0.0,0.0,0,1232,0.0,0.0161,-0.0161,0.0,0.0,0.0,0.0,u,Has joined Barcelona permanently,2026-07-23T12:01:23.675537Z,0.0,0.0,0.0,0.0,0.0,0.0,0,0,0,0,0,0,0,0,0,0.0,0.0,0.0,0.0,0,0,0,0,,,,0,False,607,0.0,0,28,0.0,0,False,,0.0,0,0.0,0,0.0,0,5.0,0,0,0,0,0.0,0.0,0,5.892,5.302,6.482,-0.608
2026-10-07,2026-10-07T09:49:48+00:00,2026,5,5,220583,180,Woolfenden,Luke,Woolfenden,DEF,7,9,Coventry City,3.9,4.0,-0.1,0,0,0,0,0,0,0,0,0.0,0.0,0.1,2446,9118,0.032,0.1192,-0.0872,0.0,0.0,0.0,0.0,i,Knee injury - Unknown return date,2026-08-27T14:56:28.718566Z,0.0,0.0,0.0,0.0,0.0,0.0,0,0,0,0,0,0,0,0,0,0.0,0.0,0.0,0.0,0,0,0,0,,,,0,False,403,-0.1,211,609,0.0,0,False,,0.0,0,0.0,0,0.0,0,5.0,0,0,0,0,0.0,0.0,0,3.986,3.399,4.573,0.086
2026-10-07,2026-10-07T09:49:48+00:00,2026,5,5,220627,332,Justin,James,Justin,DEF,13,2,Leeds,4.5,4.5,0.0,26,450,5,0,0,2,4,91,5.2,5.8,1.4,122891,71936,1.6066,0.9404,0.6662,20.0,103.6,56.1,41.0,a,,,,,5.0,1.1,5.0,5.0,8,5,0,3,0,0,0,0,0,0.22,0.42,0.64,6.46,44,16,14,28,,,,0,False,153,0.0,5619,7023,19.4,-2,False,,19.4,1,19.4,1,19.4,1,5.0,3420,198,0,0,5.2,38.7,1,4.845,4.251,5.44,0.345
2026-10-07,2026-10-07T09:49:48+00:00,2026,5,5,221389,468,John,John Victor,Maciel Furtado,GK,18,17,Nott'm Forest,4.5,4.5,0.0,0,0,0,0,0,0,0,0,0.0,0.0,0.1,876,2027,0.0115,0.0265,-0.015,0.0,0.0,0.0,0.0,a,,,,,0.0,0.0,0.0,0.0,0,0,0,0,0,0,0,0,0,0.0,0.0,0.0,0.0,0,0,0,0,,,,0,False,484,0.0,69,167,-79.4,0,False,,-79.4,-3,-79.4,-3,-79.4,-3,5.0,0,0,0,0,0.0,0.0,0,4.257,3.669,4.845,-0.243
2026-10-07,2026-10-07T09:49:48+00:00,2026,5,5,221399,342,Harrison,Jack,Harrison,MID,13,2,Leeds,5.0,5.0,0.0,0,0,0,0,0,0,0,0,0.0,0.0,0.0,0,79,0.0,0.001,-0.001,0.0,0.0,0.0,0.0,u,Has joined New England Revolution permanently,2026-07-28T12:59:09.492431Z,0.0,0.0,0.0,0.0,0.0,0.0,0,0,0,0,0,0,0,0,0,0.0,0.0,0.0,0.0,0,0,0,0,,,,0,False,665,0.0,0,5,0.0,0,False,,0.0,0,0.0,0,0.0,0,5.0,0,0,0,0,0.0,0.0,0,4.801,4.214,5.389,-0.199
2026-10-07,2026-10-07T09:49:48+00:00,2026,5,5,221466,498,Senesi,Marcos,Senesi Barón,DEF,19,6,Spurs,5.8,6.0,-0.2,3,90,1,0,0,0,0,10,3.0,0.5,3.5,29515,460155,0.3859,6.0158,-5.6299,3.9,36.6,2.2,0.0,a,,,,,0.0,0.0,0.0,0.0,0,1,0,3,0,0,0,0,0,0.0,0.02,0.02,3.87,16,5,2,11,,,,0,False,97,0.0,1371,23692,-62.0,-19,False,,-62.5,-3,-63.4,-3,-64.3,-3,5.0,684,23,0,0,3.0,3.9,0,5.287,4.699,5.875,-0.513
2026-10-07,2026-10-07T09:49:48+00:00,2026,5,5,221632,500,Romero,Cristian,Romero,DEF,19,6,Spurs,5.0,5.0,0.0,0,0,0,0,0,0,0,0,0.0,0.0,0.1,0,16833,0.0,0.2201,-0.2201,0.0,0.0,0.0,0.0,u,Has joined Atletico Madrid permanently,2026-08-17T13:49:05.465401Z,0.0,0.0,0.0,0.0,0.0,0.0,0,0,0,0,0,0,0,0,0,0.0,0.0,0.0,0.0,0,0,0,0,,,,0,False,437,0.0,0,319,0.0,0,False,,0.0,0,0.0,0,0.0,0,5.0,0,0,0,0,0.0,0.0,0,4.616,4.028,5.204,-0.384
2026-10-07,2026-10-07T09:49:48+00:00,2026,5,5,221820,419,Martinez,Lisandro,Martínez,DEF,16,1,Man Utd,4.9,5.0,-0.1,6,360,4,0,0,0,0,29,1.5,1.2,1.3,37037,67883,0.4842,0.8875,-0.4033,11.8,66.4,18.8,32.0,a,,2026-07-24T20:00:10.337107Z,100.0,100.0,1.0,0.2,1.0,1.0,0,4,0,6,1,0,0,0,0,0.21,0.16,0.37,5.79,20,3,14,17,,,,0,False,160,-0.1,4111,7030,-0.1,0,False,,-0.1,-1,-0.1,-1,-0.1,-1,5.0,2736,46,0,0,1.5,9.3,0,4.571,3.982,5.16,-0.329
2026-10-07,2026-10-07T09:49:48+00:00,2026,5,5,222018,307,Johnson,Ben,Johnson,DEF,12,40,Ipswich Town,4.0,4.0,0.0,0,0,0,0,0,0,0,0,0.0,0.0,0.1,1137,6358,0.0149,0.0831,-0.0683,0.0,0.0,0.0,0.0,u,Has joined Stoke City on loan for the rest of the season,2026-09-04T12:36:56.236331Z,0.0,0.0,0.0,0.0,0.0,0.0,0,0,0,0,0,0,0,0,0,0.0,0.0,0.0,0.0,0,0,0,0,,,,0,False,483,0.0,0,411,0.0,-1,False,,0.0,0,0.0,0,0.0,0,5.0,0,0,0,0,0.0,0.0,0,4.007,3.42,4.594,0.007
2026-10-07,2026-10-07T09:49:48+00:00,2026,5,5,222531,480,Gibbs-White,Morgan,Gibbs-White,MID,18,17,Nott'm Forest,8.0,8.0,0.0,28,450,5,1,2,1,6,116,5.6,3.5,15.7,1222637,681996,15.984,8.916,7.068,40.6,123.4,204.7,78.0,a,,2026-08-24T15:30:08.350159Z,100.0,100.0,5.0,0.6,5.0,5.0,2,5,0,5,0,0,0,0,0,1.56,1.42,2.98,4.77,21,5,14,2,1.0,1.0,,1,False,27,0.0,78955,99302,54.9,12,False,,55.0,3,55.2,3,55.4,3,5.0,3420,213,8,15,5.6,26.6,0,8.237,7.645,8.828,0.237
2026-10-07,2026-10-07T09:49:48+00:00,2026,5,5,222625,317,Hirst,George,Hirst,FWD,12,40,Ipswich Town,5.0,5.0,0.0,0,0,0,0,0,0,0,0,0.0,0.0,0.1,0,17176,0.0,0.2245,-0.2245,0.0,0.0,0.0,0.0,u,Has joined Stoke City permanently,2026-08-21T13:06:08.606019Z,0.0,0.0,0.0,0.0,0.0,0.0,0,0,0,0,0,0,0,0,0,0.0,0.0,0.0,0.0,0,0,0,0,,,,0,False,450,0.0,0,546,0.0,0,False,,0.0,0,0.0,0,0.0,0,5.0,0,0,0,0,0.0,0.0,0,4.794,4.206,5.381,-0.206
2026-10-07,2026-10-07T09:49:48+00:00,2026,5,5,222683,70,Kluivert,Justin,Kluivert,MID,3,91,Bournemouth,6.0,6.0,0.0,15,294,4,1,0,2,1,64,3.8,2.5,0.8,52674,85801,0.6886,1.1217,-0.4331,22.5,62.2,46.5,120.0,i,Unspecified injury - Unknown return date,2026-09-20T15:30:09.074071Z,,0.0,4.0,0.7,4.0,0.0,0,4,0,3,0,0,0,1,0,0.99,0.08,1.07,4.48,22,4,16,2,2.0,2.0,3.0,0,False,198,0.0,2317,20919,-68.0,-42,False,,-69.7,-3,-72.7,-3,-75.6,-3,5.0,2234,114,8,0,3.8,19.0,0,6.136,5.547,6.725,0.136
2026-10-07,2026-10-07T09:49:48+00:00,2026,5,5,222694,328,Struijk,Pascal,Struijk,DEF,5,36,Brighton,4.9,5.0,-0.1,7,98,3,0,0,1,0,31,2.3,1.4,0.2,5683,12323,0.0743,0.1611,-0.0868,4.0,32.2,1.5,7.0,d,Hamstring injury - 75% chance of playing,2026-09-22T10:00:09.404233Z,100.0,75.0,3.0,0.6,3.0,2.2,5,1,0,0,0,0,0,1,0,0.16,0.01,0.17,1.7,10,1,6,9,,,,0,False,350,0.0,654,1072,-12.0,0,False,,-12.0,-1,-12.0,-1,-12.0,-1,5.0,745,53,0,0,2.3,10.9,0,4.713,4.125,5.301,-0.187
2026-10-07,2026-10-07T09:49:48+00:00,2026,5,5,223094,411,Haaland,Erling,Haaland,FWD,15,43,Man City,15.6,15.5,0.1,39,450,5,5,0,2,9,167,7.8,2.5,73.9,935981,328631,12.2364,4.2963,7.9401,46.5,184.2,22.5,258.0,a,,,,,7.5,0.5,7.5,7.5,6,5,0,5,0,0,0,0,0,4.42,0.53,4.95,7.25,20,0,10,10,1.0,,,2,True,1,0.0,90704,26973,25.7,53,False,,26.1,2,27.0,2,27.8,2,5.0,3420,296,36,0,7.8,19.0,3,15.523,14.884,16.161,-0.077
2026-10-07,2026-10-07T09:49:48+00:00,2026,5,5,223340,12,Saka,Bukayo,Saka,MID,1,3,Arsenal,9.6,9.5,0.1,32,416,5,3,0,3,4,137,6.4,3.3,14.2,846093,404196,11.0613,5.2842,5.7771,52.1,155.6,125.6,240.0,a,,,,,5.0,0.5,5.0,5.0,2,5,0,4,0,0,0,0,0,3.22,0.98,4.2,3.58,31,6,17,8,1.0,2.0,2.0,0,False,29,0.1,166471,54345,1.2,238,False,,1.9,1,3.3,1,4.8,1,5.0,3162,243,23,0,6.4,25.3,0,9.707,9.109,10.306,0.107
2026-10-07,2026-10-07T09:49:48+00:00,2026,5,5,223434,118,Igor,Igor Julio,dos Santos de Paulo,DEF,5,36,Brighton,4.5,4.5,0.0,0,0,0,0,0,0,0,0,0.0,0.0,0.0,915,5969,0.012,0.078,-0.0661,0.0,0.0,0.0,0.0,u,Has joined Burnley permanently,2026-09-02T15:38:15.529699Z,0.0,0.0,0.0,0.0,0.0,0.0,0,0,0,0,0,0,0,0,0,0.0,0.0,0.0,0.0,0,0,0,0,,,,0,False,518,0.0,0,326,0.0,0,False,,0.0,0,0.0,0,0.0,0,5.0,0,0,0,0,0.0,0.0,0,4.272,3.684,4.86,-0.228
2026-10-07,2026-10-07T09:49:48+00:00,2026,5,5,223541,370,Chiesa,Federico,Chiesa,MID,14,14,Liverpool,5.3,5.5,-0.2,0,0,0,0,0,0,0,0,0.0,0.0,0.0,683,10101,0.0089,0.1321,-0.1231,0.0,0.0,0.0,0.0,i,Back injury - Unknown return date,2026-08-27T13:30:07.598926Z,0.0,0.0,0.0,0.0,0.0,0.0,0,0,0,0,0,0,0,0,0,0.0,0.0,0.0,0.0,0,0,0,0,,,,0,False,503,-0.1,18,268,-7.0,0,False,,-7.0,-1,-7.0,-1,-7.0,-1,5.0,0,0,0,0,0.0,0.0,0,5.132,4.544,5.72,-0.168
2026-10-07,2026-10-07T09:49:48+00:00,2026,5,5,223723,577,Tomiyasu,Takehiro,Tomiyasu,DEF,8,31,Crystal Palace,4.4,4.5,-0.1,3,189,4,0,0,0,0,10,0.8,0.7,0.3,3478,13522,0.0455,0.1768,-0.1313,6.0,35.8,15.6,8.0,d,Calf injury - 75% chance of playing,2026-09-21T13:30:09.030724Z,,75.0,0.5,0.1,0.5,0.4,1,2,0,5,0,0,0,0,0,0.0,0.03,0.03,3.98,17,2,7,15,,,,0,False,307,0.0,149,1402,-17.6,0,False,,-17.6,-1,-17.6,-1,-17.6,-1,5.0,1436,23,0,0,0.7,5.2,0,4.179,3.591,4.767,-0.221
2026-10-07,2026-10-07T09:49:48+00:00,2026,5,5,223827,532,Ballard,Daniel,Ballard,DEF,20,56,Sunderland,4.9,5.0,-0.1,14,450,5,0,0,1,0,31,2.8,2.9,2.5,45585,322130,0.5959,4.2113,-3.6154,16.3,104.2,23.8,35.0,d,Hamstring injury - 75% chance of playing,2026-09-25T21:30:10.370384Z,,75.0,1.0,0.2,1.0,0.8,2,5,0,10,0,0,0,2,0,0.31,0.16,0.47,8.66,49,10,12,39,,,,0,False,118,0.0,3686,21562,-61.7,-44,False,,-62.6,-3,-64.2,-3,-65.9,-3,5.0,3420,106,0,0,2.8,21.7,0,4.7,4.112,5.287,-0.2
2026-10-07,2026-10-07T09:49:48+00:00,2026,5,5,224117,25,Gyökeres,Viktor,Gyökeres,FWD,1,3,Arsenal,7.1,7.5,-0.4,2,29,2,0,0,0,0,7,1.0,0.3,3.2,52006,613695,0.6799,8.0231,-7.3432,1.4,0.0,14.7,0.0,a,,,,,0.5,0.1,0.5,0.5,1,0,0,0,0,0,0,0,0,0.0,0.23,0.23,0.65,1,0,1,0,2.0,,,0,False,101,-0.1,23783,19371,2.8,164,False,,4.3,1,6.9,1,9.6,1,5.0,220,15,0,0,1.0,2.1,0,6.24,5.651,6.829,-0.86
2026-10-07,2026-10-07T09:49:48+00:00,2026,5,5,224967,233,Mykolenko,Vitalii,Mykolenko,DEF,9,11,Everton,4.6,4.5,0.1,27,450,5,0,0,3,3,109,5.4,5.9,4.1,413318,128481,5.4035,1.6797,3.7238,15.5,105.6,35.7,13.0,d,Leg injury - 75% chance of playing,2026-10-01T19:30:09.402881Z,,75.0,8.0,1.7,8.0,6.0,5,5,0,3,0,0,0,1,0,0.04,0.16,0.2,6.94,39,14,30,25,,,,1,False,83,0.1,42126,32028,0.6,-77,False,,0.4,1,-0.3,-1,-2.0,-1,5.0,3420,205,0,0,5.4,38.7,1,4.965,4.368,5.561,0.365
2026-10-07,2026-10-07T09:49:48+00:00,2026,5,5,225796,142,James,Reece,James,DEF,6,8,Chelsea,5.3,5.5,-0.2,3,292,4,0,0,0,0,24,0.8,0.6,5.7,168934,608531,2.2085,7.9555,-5.747,14.8,56.2,42.6,49.0,d,Hamstring injury - 75% chance of playing,2026-09-18T10:30:09.719371Z,75.0,75.0,0.5,0.1,0.4,0.4,0,3,0,7,0,0,0,1,0,0.33,0.26,0.59,4.9,13,2,15,11,,1.0,1.0,0,False,67,-0.1,729,85842,-1.5,-110,False,,-2.0,-1,-3.0,-1,-4.1,-1,5.0,2219,23,0,0,0.7,4.3,0,4.802,4.212,5.392,-0.498
2026-10-07,2026-10-07T09:49:48+00:00,2026,5,5,226182,330,Bogle,Jayden,Bogle,DEF,13,2,Leeds,4.6,4.5,0.1,42,365,5,2,0,4,6,122,8.4,9.1,7.4,672133,90706,8.787,1.1858,7.6012,26.2,108.8,34.6,119.0,a,,,,,10.0,2.2,10.0,10.0,5,5,0,1,0,0,0,2,0,1.38,0.08,1.46,2.89,16,5,11,11,,,,2,True,52,0.0,145560,31498,66.4,99,False,,67.3,3,68.9,3,70.5,3,5.0,2774,319,15,0,8.4,38.7,1,5.998,5.353,6.642,1.398
2026-10-07,2026-10-07T09:49:48+00:00,2026,5,5,226597,4,Gabriel,Gabriel,dos Santos Magalhães,DEF,1,3,Arsenal,8.0,8.0,0.0,25,450,5,0,0,3,2,90,5.0,3.1,22.7,241586,918845,3.1583,12.0124,-8.8541,20.0,94.8,22.0,84.0,a,,,,,5.0,0.6,5.0,5.0,1,5,0,4,0,0,0,2,0,0.51,0.2,0.71,4.03,41,6,17,35,,,,0,False,14,0.0,31343,75954,-95.7,13,False,,-95.6,-4,-95.5,-4,-95.4,-4,5.0,3420,190,0,0,5.0,23.8,0,7.008,6.411,7.605,-0.992
2026-10-07,2026-10-07T09:49:48+00:00,2026,5,5,226944,47,Kamara,Boubacar,Kamara,MID,2,7,Aston Villa,5.0,5.0,0.0,15,443,5,0,1,2,0,85,3.0,3.0,0.3,14693,21731,0.1921,0.2841,-0.092,14.3,68.0,68.8,6.0,a,,2026-07-23T12:01:23.337269Z,100.0,100.0,4.0,0.8,4.0,4.0,6,5,0,7,0,0,0,0,0,0.12,0.16,0.28,8.44,36,9,16,11,,,,0,False,289,0.0,1484,1783,-86.7,0,False,,-86.7,-3,-86.7,-3,-86.7,-3,5.0,3367,114,0,8,3.0,22.8,0,5.279,4.69,5.868,0.279
2026-10-07,2026-10-07T09:49:48+00:00,2026,5,5,226965,188,Torp,Victor,Torp,MID,7,9,Coventry City,5.3,5.5,-0.2,3,53,3,0,0,0,0,13,1.0,0.6,0.1,799,8029,0.0104,0.105,-0.0945,2.7,7.2,20.4,0.0,a,,,,,0.5,0.1,0.5,0.5,0,0,0,2,0,0,0,0,0,0.0,0.12,0.12,1.22,3,0,2,1,2.0,2.0,2.0,0,False,422,-0.1,46,497,-14.2,0,False,,-14.2,-1,-14.2,-1,-14.2,-1,5.0,403,23,0,0,1.0,4.3,0,5.058,4.47,5.645,-0.242
2026-10-07,2026-10-07T09:49:48+00:00,2026,5,5,227444,471,Milenković,Nikola,Milenković,DEF,18,17,Nott'm Forest,5.4,5.5,-0.1,12,270,3,0,0,1,0,34,4.0,2.2,1.0,18011,108735,0.2355,1.4215,-1.1861,7.0,53.2,1.4,16.0,i,Hamstring injury - Expected back 11 Oct,2026-09-12T14:00:09.705107Z,0.0,0.0,0.0,0.0,0.0,0.0,0,3,0,3,0,0,0,1,0,0.11,0.03,0.14,3.28,31,5,12,26,,,,0,False,180,-0.1,79,13578,-16.2,-18,False,,-16.6,-1,-17.2,-1,-17.8,-1,5.0,2052,91,0,0,4.0,16.9,0,5.063,4.476,5.651,-0.337
2026-10-07,2026-10-07T09:49:48+00:00,2026,5,5,229164,314,Ogbene,Chiedozie,Ogbene,MID,12,40,Ipswich Town,4.9,5.0,-0.1,0,0,0,0,0,0,0,0,0.0,0.0,0.0,104,1211,0.0014,0.0158,-0.0145,0.0,0.0,0.0,0.0,u,Has joined Lincoln City on loan until January,2026-09-02T16:04:17.497385Z,0.0,0.0,0.0,0.0,0.0,0.0,0,0,0,0,0,0,0,0,0,0.0,0.0,0.0,0.0,0,0,0,0,,,,0,False,632,0.0,0,69,0.0,0,False,,0.0,0,0.0,0,0.0,0,5.0,0,0,0,0,0.0,0.0,0,4.773,4.186,5.36,-0.127
2026-10-07,2026-10-07T09:49:48+00:00,2026,5,5,229600,227,Travers,Mark,Travers,GK,9,11,Everton,5.0,5.0,0.0,0,0,0,0,0,0,0,0,0.0,0.0,0.0,1833,2156,0.024,0.0282,-0.0042,0.0,0.0,0.0,0.0,a,,,,,0.0,0.0,0.0,0.0,0,0,0,0,0,0,0,0,0,0.0,0.0,0.0,0.0,0,0,0,0,,,,0,False,513,0.0,275,294,-35.8,0,False,,-35.8,-2,-35.8,-2,-35.8,-2,5.0,0,0,0,0,0.0,0.0,0,4.577,3.988,5.166,-0.423
2026-10-07,2026-10-07T09:49:48+00:00,2026,5,5,230001,422,Mazraoui,Noussair,Mazraoui,DEF,16,1,Man Utd,4.4,4.5,-0.1,3,97,3,0,0,0,0,6,1.0,0.7,0.5,14398,41397,0.1882,0.5412,-0.353,6.4,21.0,31.2,11.0,d,Back injury - 75% chance of playing,2026-10-04T21:30:08.533022Z,,75.0,0.0,0.0,0.0,0.0,0,1,0,4,0,0,0,0,0,0.22,0.06,0.28,2.08,6,2,3,4,,,,0,False,248,0.0,614,3310,-45.2,-5,False,,-45.7,-3,-46.7,-3,-47.6,-3,5.0,737,23,0,0,1.0,5.2,0,4.389,3.802,4.977,-0.011
2026-10-07,2026-10-07T09:49:48+00:00,2026,5,5,230650,615,Di Gregorio,Michele,Di Gregorio,GK,3,91,Bournemouth,4.5,4.5,0.0,0,0,0,0,0,0,0,0,0.0,0.0,0.0,2947,1756,0.0385,0.023,0.0156,0.0,0.0,0.0,0.0,a,,,,,0.0,0.0,0.0,0.0,0,0,0,0,0,0,0,0,0,0.0,0.0,0.0,0.0,0,0,0,0,,,,0,False,519,0.0,204,207,-29.9,0,False,,-29.9,-2,-29.9,-2,-29.9,-2,5.0,0,0,0,0,0.0,0.0,0,4.26,3.671,4.849,-0.24
2026-10-07,2026-10-07T09:49:48+00:00,2026,5,5,230730,194,Thomas-Asante,Brandon,Thomas-Asante,FWD,7,9,Coventry City,5.0,5.0,0.0,9,227,5,0,0,1,0,43,1.8,1.8,0.8,60337,57872,0.7888,0.7566,0.0322,8.4,29.8,4.5,49.0,a,,,,,2.5,0.5,2.5,2.5,4,2,0,6,0,0,0,0,0,0.34,0.06,0.39,4.98,27,3,12,12,4.0,,,0,False,202,0.0,9712,6847,3.3,8,False,,3.4,1,3.5,1,3.6,1,5.0,1725,68,0,0,1.8,13.7,0,4.917,4.33,5.505,-0.083
2026-10-07,2026-10-07T09:49:48+00:00,2026,5,5,231065,91,Pinnock,Ethan,Pinnock,DEF,7,9,Coventry City,4.5,4.5,0.0,14,282,4,0,0,1,0,15,3.5,3.1,0.1,2658,4049,0.0347,0.0529,-0.0182,10.3,90.8,1.7,10.0,a,,,,,5.0,1.1,5.0,5.0,8,3,0,7,0,0,0,1,0,0.12,0.0,0.12,6.57,44,3,4,41,,,,0,False,459,0.0,489,278,-74.2,-1,False,,-75.7,-3,-78.5,-3,-81.3,-3,5.0,2143,106,0,0,3.5,23.6,0,4.624,4.036,5.212,0.124
2026-10-07,2026-10-07T09:49:48+00:00,2026,5,5,231416,113,F.Kadıoğlu,Ferdi,Kadıoğlu,DEF,5,36,Brighton,4.4,4.5,-0.1,13,332,4,0,0,2,0,46,3.2,3.0,1.6,31226,135670,0.4082,1.7737,-1.3654,12.2,31.2,58.1,32.0,a,,2026-08-23T13:00:07.595211Z,100.0,100.0,5.5,1.2,5.5,5.5,5,4,0,5,0,0,0,1,0,0.12,0.13,0.25,7.55,10,1,8,9,,,3.0,0,False,145,0.0,4813,8127,-64.5,4,False,,-64.3,-3,-63.9,-3,-63.4,-3,5.0,2523,99,0,0,3.2,22.5,0,4.553,3.965,5.141,0.153
2026-10-07,2026-10-07T09:49:48+00:00,2026,5,5,231747,223,Mateta,Jean-Philippe,Mateta,FWD,8,31,Crystal Palace,6.3,6.5,-0.2,2,62,1,0,0,0,0,-3,2.0,0.3,1.3,26000,455601,0.3399,5.9562,-5.6163,2.5,1.4,12.3,11.0,i,Hamstring injury - Expected back 11 Oct,2026-08-28T21:00:08.020382Z,0.0,0.0,0.0,0.0,0.0,0.0,0,1,0,2,0,0,0,0,0,0.7,0.02,0.72,0.98,5,2,2,1,1.0,,,0,False,162,0.0,247,10114,-29.5,-12,False,,-29.8,-2,-30.4,-2,-30.9,-2,5.0,471,15,0,0,2.0,2.4,0,5.641,5.053,6.23,-0.659
2026-10-07,2026-10-07T09:49:48+00:00,2026,5,5,231899,312,Taylor,Jack,Taylor,MID,12,40,Ipswich Town,4.4,4.5,-0.1,0,0,0,0,0,0,0,0,0.0,0.0,0.0,982,2702,0.0128,0.0353,-0.0225,0.0,0.0,0.0,0.0,i,Knee injury - Unknown return date,2026-07-29T18:00:10.319370Z,0.0,0.0,0.0,0.0,0.0,0.0,0,0,0,0,0,0,0,0,0,0.0,0.0,0.0,0.0,0,0,0,0,,,,0,False,538,-0.1,406,321,0.1,0,False,,0.1,1,0.1,1,0.1,1,5.0,0,0,0,0,0.0,0.0,0,4.502,3.915,5.089,0.102
2026-10-07,2026-10-07T09:49:48+00:00,2026,5,5,232112,433,Ugarte,Manuel,Ugarte Ribeiro,MID,16,1,Man Utd,5.0,5.0,0.0,0,0,0,0,0,0,0,0,0.0,0.0,0.0,121,266,0.0016,0.0035,-0.0019,0.0,0.0,0.0,0.0,i,Knee injury - Unknown return date,2026-07-23T12:01:23.706702Z,0.0,0.0,0.0,0.0,0.0,0.0,0,0,0,0,0,0,0,0,0,0.0,0.0,0.0,0.0,0,0,0,0,,,,0,False,644,0.0,25,26,-73.5,0,False,,-73.5,-3,-73.5,-3,-73.5,-3,5.0,0,0,0,0,0.0,0.0,0,4.909,4.321,5.497,-0.091
2026-10-07,2026-10-07T09:49:48+00:00,2026,5,5,232185,208,Sarr,Ismaïla,Sarr,MID,8,31,Crystal Palace,6.2,6.5,-0.3,1,8,1,0,0,0,0,3,1.0,0.2,0.6,7014,376974,0.0917,4.9283,-4.8366,0.1,0.0,0.5,0.0,a,,2026-08-22T18:00:07.363165Z,100.0,100.0,0.5,0.1,0.5,0.5,1,0,0,0,0,0,0,0,0,0.0,0.01,0.01,0.06,0,0,0,0,2.0,,,0,False,227,0.0,2960,2523,0.1,2,False,,0.1,1,0.2,1,0.2,1,5.0,61,8,0,0,1.0,1.2,0,5.564,4.976,6.153,-0.636
2026-10-07,2026-10-07T09:49:48+00:00,2026,5,5,232351,282,Giles,Ryan,Giles,DEF,11,88,Hull City,4.0,4.0,0.0,24,444,5,0,1,3,2,94,4.8,6.0,2.9,280890,68054,3.6722,0.8897,2.7825,22.2,82.8,132.5,6.0,a,,,,,2.0,0.5,2.0,2.0,0,5,0,4,0,0,0,1,0,0.02,0.43,0.45,7.33,24,5,14,19,,1.0,3.0,0,False,107,0.0,24073,15763,75.7,-6,False,,75.6,3,75.5,3,75.4,3,5.0,3374,182,0,8,4.8,38.7,1,4.928,4.337,5.519,0.928
2026-10-07,2026-10-07T09:49:48+00:00,2026,5,5,232413,14,Eze,Eberechi,Eze,MID,1,3,Arsenal,6.2,6.5,-0.3,4,85,4,0,0,0,0,18,1.0,0.6,1.0,24175,140305,0.316,1.8343,-1.5182,1.6,3.0,5.9,9.0,a,,,,,1.0,0.2,1.0,1.0,1,0,0,0,0,0,0,0,0,0.04,0.09,0.13,1.33,5,0,5,0,,3.0,,0,False,173,-0.1,3256,7461,0.0,11,False,,0.1,1,0.3,1,0.5,1,5.0,646,30,0,0,1.0,4.9,0,5.671,5.083,6.259,-0.529
2026-10-07,2026-10-07T09:49:48+00:00,2026,5,5,232457,324,Mehmeti,Anis,Mehmeti,MID,12,40,Ipswich Town,4.8,5.0,-0.2,0,0,0,0,0,0,0,0,0.0,0.0,0.0,409,2497,0.0053,0.0326,-0.0273,0.0,0.0,0.0,0.0,a,,,,,0.0,0.0,0.0,0.0,0,0,0,0,0,0,0,0,0,0.0,0.0,0.0,0.0,0,0,0,0,,,,0,False,534,-0.1,83,166,-3.5,0,False,,-3.5,-1,-3.5,-1,-3.5,-1,5.0,0,0,0,0,0.0,0.0,0,4.745,4.158,5.332,-0.055
2026-10-07,2026-10-07T09:49:48+00:00,2026,5,5,232571,530,Patterson,Anthony,Patterson,GK,20,56,Sunderland,4.0,4.0,0.0,0,0,0,0,0,0,0,0,0.0,0.0,0.1,0,6052,0.0,0.0791,-0.0791,0.0,0.0,0.0,0.0,u,Has joined Wrexham permanently,2026-08-12T14:08:03.064533Z,0.0,0.0,0.0,0.0,0.0,0.0,0,0,0,0,0,0,0,0,0,0.0,0.0,0.0,0.0,0,0,0,0,,,,0,False,397,0.0,0,400,0.0,0,False,,0.0,0,0.0,0,0.0,0,5.0,0,0,0,0,0.0,0.0,0,3.99,3.402,4.577,-0.01
2026-10-07,2026-10-07T09:49:48+00:00,2026,5,5,232653,456,J.Ramsey,Jacob,Ramsey,MID,17,4,Newcastle,4.8,5.0,-0.2,7,69,3,1,0,0,0,26,2.3,1.5,0.2,16630,31405,0.2174,0.4106,-0.1932,6.7,40.4,6.3,21.0,i,Thigh injury - Unknown return date,2026-09-15T09:00:08.191022Z,0.0,0.0,0.0,0.0,0.0,0.0,0,0,0,1,0,0,0,1,0,0.17,0.16,0.33,1.92,11,2,6,3,,,,0,False,310,-0.1,84,5202,-0.8,-2,False,,-0.9,-1,-1.3,-1,-1.6,-1,5.0,524,53,8,0,2.3,11.1,0,5.49,4.902,6.079,0.69
2026-10-07,2026-10-07T09:49:48+00:00,2026,5,5,232787,519,Gallagher,Conor,Gallagher,MID,19,6,Spurs,5.3,5.5,-0.2,9,134,3,1,0,1,0,48,3.0,1.7,0.2,4747,17149,0.0621,0.2242,-0.1621,9.6,48.6,12.2,36.0,a,,,,,3.0,0.6,3.0,3.0,6,2,0,2,0,0,0,1,0,0.37,0.12,0.49,2.65,18,8,9,1,,,,0,False,337,0.0,891,761,0.1,-1,False,,0.0,0,0.0,0,0.0,0,5.0,1018,68,8,0,3.0,12.9,0,5.829,5.241,6.417,0.529
2026-10-07,2026-10-07T09:49:48+00:00,2026,5,5,232859,505,Spence,Djed,Spence,DEF,19,6,Spurs,4.5,4.5,0.0,0,0,0,0,0,0,0,0,0.0,0.0,0.2,0,69407,0.0,0.9074,-0.9074,0.0,0.0,0.0,0.0,u,Has joined Internazionale permanently,2026-08-18T14:13:08.454214Z,0.0,0.0,0.0,0.0,0.0,0.0,0,0,0,0,0,0,0,0,0,0.0,0.0,0.0,0.0,0,0,0,0,,,,0,False,319,0.0,0,1321,0.0,-3,False,,0.0,0,0.0,0,0.0,0,5.0,0,0,0,0,0.0,0.0,0,4.343,3.756,4.931,-0.157
2026-10-07,2026-10-07T09:49:48+00:00,2026,5,5,232892,257,Bassey,Calvin,Bassey,DEF,10,54,Fulham,4.5,4.5,0.0,15,450,5,0,1,1,1,69,3.0,3.3,0.7,29276,30512,0.3827,0.3989,-0.0162,15.2,97.0,15.3,40.0,a,,,,,6.0,1.3,6.0,6.0,6,5,0,8,0,0,0,1,0,0.13,0.08,0.21,9.11,29,6,22,23,,,,0,False,209,0.0,8262,2366,1.0,28,False,,1.2,1,1.7,1,2.1,1,5.0,3420,114,0,8,3.0,25.3,0,4.83,4.242,5.419,0.33
2026-10-07,2026-10-07T09:49:48+00:00,2026,5,5,232905,287,Millar,Liam,Millar,MID,11,88,Hull City,5.0,5.0,0.0,6,50,2,1,0,0,0,26,3.0,1.2,0.0,3178,7556,0.0415,0.0988,-0.0572,5.2,36.0,1.1,15.0,u,Has joined Birmingham on loan for the rest of the season,2026-09-02T15:36:41.038103Z,0.0,0.0,0.0,0.0,0.0,0.0,0,0,0,0,0,0,0,1,0,0.58,0.0,0.58,0.87,4,1,1,2,,,,0,False,545,0.0,0,336,0.0,0,False,,0.0,0,0.0,0,0.0,0,5.0,380,46,8,0,3.0,9.1,0,5.544,4.956,6.132,0.544
2026-10-07,2026-10-07T09:49:48+00:00,2026,5,5,232928,239,Garner,James,Garner,MID,9,11,Everton,6.0,6.0,0.0,11,328,5,0,0,2,0,71,2.2,1.8,0.2,21618,14256,0.2826,0.1864,0.0962,13.4,51.4,68.3,13.0,a,,2026-09-06T18:00:08.301702Z,100.0,100.0,3.5,0.6,3.5,3.5,3,4,0,2,0,0,0,2,0,0.2,0.17,0.37,3.45,45,11,25,9,2.0,1.0,1.0,0,False,322,0.0,2166,2356,3.8,4,False,,3.8,1,3.9,1,4.0,1,5.0,2493,84,0,0,2.2,13.9,0,5.465,4.877,6.053,-0.535
2026-10-07,2026-10-07T09:49:48+00:00,2026,5,5,235448,661,Balcombe,Ellery,Balcombe,GK,4,94,Brentford,4.0,4.0,0.0,0,0,0,0,0,0,0,0,0.0,0.0,0.0,3298,654,0.0431,0.0085,0.0346,0.0,0.0,0.0,0.0,a,,,,,0.0,0.0,1.0,1.0,0,0,0,0,0,0,0,0,0,0.0,0.0,0.0,0.0,0,0,0,0,,,,0,False,507,0.0,3298,654,0.1,0,False,,0.1,1,0.1,1,0.1,1,5.0,0,0,0,0,0.0,0.0,0,3.945,3.356,4.534,-0.055
2026-10-07,2026-10-07T09:49:48+00:00,2026,5,5,235826,348,Piroe,Joël,Piroe,FWD,13,2,Leeds,5.0,5.0,0.0,0,0,0,0,0,0,0,0,0.0,0.0,0.1,0,11274,0.0,0.1474,-0.1474,0.0,0.0,0.0,0.0,u,Has joined West Ham United on loan for the rest of the season,2026-08-19T13:56:14.666726Z,0.0,0.0,0.0,0.0,0.0,0.0,0,0,0,0,0,0,0,0,0,0.0,0.0,0.0,0.0,0,0,0,0,3.0,,,0,False,489,0.0,0,479,0.0,0,False,,0.0,0,0.0,0,0.0,0,5.0,0,0,0,0,0.0,0.0,0,4.794,4.206,5.381,-0.206
2026-10-07,2026-10-07T09:49:48+00:00,2026,5,5,240514,564,Scherpen,Kjell,Scherpen,GK,12,40,Ipswich Town,4.5,4.5,0.0,7,360,4,0,0,0,0,40,1.8,1.6,0.6,15402,23709,0.2014,0.31,-0.1086,10.3,103.6,0.0,0.0,a,,,,,0.5,0.1,0.5,0.5,0,4,15,10,0,0,0,0,0,0.0,0.01,0.01,6.74,0,0,39,8,,,,0,False,238,0.0,835,3132,-34.9,-2,False,,-35.2,-2,-35.8,-2,-36.4,-2,5.0,2736,53,0,0,1.8,11.8,0,4.255,3.666,4.844,-0.245
2026-10-07,2026-10-07T09:49:48+00:00,2026,5,5,241117,310,Matusiwa,Azor,Matusiwa,MID,12,40,Ipswich Town,4.9,5.0,-0.1,0,0,0,0,0,0,0,0,0.0,0.0,0.0,129,281,0.0017,0.0037,-0.002,0.0,0.0,0.0,0.0,a,,2026-07-29T18:00:10.305484Z,100.0,100.0,0.0,0.0,0.0,0.0,0,0,0,0,0,0,0,0,0,0.0,0.0,0.0,0.0,0,0,0,0,,,,0,False,648,0.0,18,20,0.0,0,False,,0.0,0,0.0,0,0.0,0,5.0,0,0,0,0,0.0,0.0,0,4.773,4.186,5.36,-0.127
2026-10-07,2026-10-07T09:49:48+00:00,2026,5,5,241293,186,Mason-Clark,Ephron,Mason-Clark,MID,7,9,Coventry City,5.3,5.5,-0.2,5,231,4,0,0,0,0,19,1.2,0.9,0.1,1122,5994,0.0147,0.0784,-0.0637,11.7,15.4,51.6,52.0,a,,2026-08-19T18:00:08.310507Z,100.0,100.0,1.0,0.2,1.0,1.0,1,4,0,3,0,0,0,0,0,0.51,0.12,0.63,3.16,15,0,9,6,,,,0,False,440,-0.1,83,390,-3.1,0,False,,-3.1,-1,-3.1,-1,-3.1,-1,5.0,1756,38,0,0,1.2,7.2,0,4.984,4.397,5.571,-0.316
2026-10-07,2026-10-07T09:49:48+00:00,2026,5,5,242313,207,Mingueza,Oscar,Mingueza,DEF,8,31,Crystal Palace,4.4,4.5,-0.1,2,16,2,0,0,0,0,5,1.0,0.5,0.1,2011,4875,0.0263,0.0637,-0.0374,0.3,3.2,0.4,0.0,a,,,,,0.0,0.0,0.0,0.0,0,0,0,1,0,0,0,0,0,0.0,0.0,0.0,0.33,2,2,1,0,,,,0,False,486,0.0,101,319,-97.3,-1,False,,-99.2,-4,-102.7,-5,-106.1,-5,5.0,122,15,0,0,1.0,3.5,0,4.292,3.704,4.88,-0.108
2026-10-07,2026-10-07T09:49:48+00:00,2026,5,5,242880,146,B.Badiashile,Benoît,Badiashile Mukinayi,DEF,6,8,Chelsea,4.5,4.5,0.0,0,0,0,0,0,0,0,0,0.0,0.0,0.0,232,1948,0.003,0.0255,-0.0224,0.0,0.0,0.0,0.0,u,Has joined Napoli on loan for the rest of the season,2026-08-25T14:03:47.079414Z,0.0,0.0,0.0,0.0,0.0,0.0,0,0,0,0,0,0,0,0,0,0.0,0.0,0.0,0.0,0,0,0,0,,,,0,False,611,0.0,0,51,0.0,0,False,,0.0,0,0.0,0,0.0,0,5.0,0,0,0,0,0.0,0.0,0,4.373,3.785,4.96,-0.127
2026-10-07,2026-10-07T09:49:48+00:00,2026,5,5,242882,62,Diakité,Bafodé,Diakité,DEF,3,91,Bournemouth,4.9,5.0,-0.1,0,0,0,0,0,0,0,0,0.0,0.0,0.2,7185,12119,0.0939,0.1584,-0.0645,0.0,0.0,0.0,0.0,a,,,,,0.0,0.0,0.0,0.0,0,0,0,0,0,0,0,0,0,0.0,0.0,0.0,0.0,0,0,0,0,,,,0,False,366,-0.1,527,1054,-6.5,-7,False,,-8.9,-1,-13.2,-1,-17.5,-1,5.0,0,0,0,0,0.0,0.0,0,4.527,3.938,5.115,-0.373
2026-10-07,2026-10-07T09:49:48+00:00,2026,5,5,242893,655,Gboho,Yann,Gboho,MID,7,9,Coventry City,5.5,5.5,0.0,0,0,0,0,0,0,0,0,0.0,0.0,0.0,279,104,0.0036,0.0014,0.0023,0.0,0.0,0.0,0.0,a,,,,,0.0,0.0,0.0,0.0,0,0,0,0,0,0,0,0,0,0.0,0.0,0.0,0.0,0,0,0,0,,,,0,False,654,0.0,81,55,0.0,0,False,,0.0,0,0.0,0,0.0,0,5.0,0,0,0,0,0.0,0.0,0,5.083,4.495,5.671,-0.417
2026-10-07,2026-10-07T09:49:48+00:00,2026,5,5,242898,209,Johnson,Brennan,Johnson,MID,9,11,Everton,5.9,6.0,-0.1,9,238,5,0,0,2,0,26,1.8,1.5,0.1,5384,10536,0.0704,0.1377,-0.0674,10.0,23.0,52.8,25.0,a,,,,,3.0,0.5,3.0,3.0,3,3,0,1,0,0,0,1,0,1.03,0.22,1.25,3.73,26,7,11,8,,,,0,False,387,0.0,489,821,-21.8,0,False,,-21.8,-2,-21.8,-2,-21.8,-2,5.0,1809,68,0,0,1.8,11.6,0,5.439,4.851,6.027,-0.461
2026-10-07,2026-10-07T09:49:48+00:00,2026,5,5,243016,372,Mac Allister,Alexis,Mac Allister,MID,14,14,Liverpool,5.4,5.5,-0.1,11,306,5,0,0,2,0,59,2.2,2.0,1.3,45886,97311,0.5999,1.2722,-0.6723,13.5,58.2,50.8,26.0,a,,,,,3.0,0.6,3.0,3.0,5,3,0,2,0,0,0,1,0,0.1,0.49,0.59,4.85,41,11,19,11,5.0,,,0,False,159,0.0,4266,7597,-47.3,0,False,,-47.3,-3,-47.3,-3,-47.3,-3,5.0,2326,84,0,0,2.2,15.5,0,5.282,4.694,5.87,-0.118
2026-10-07,2026-10-07T09:49:48+00:00,2026,5,5,243298,367,Gakpo,Cody,Gakpo,MID,14,14,Liverpool,7.2,7.0,0.2,32,370,5,1,3,2,5,113,6.4,4.4,12.1,1339078,747126,17.5063,9.7674,7.7388,35.2,133.4,148.8,70.0,d,Ankle injury - 75% chance of playing,2026-09-27T21:30:07.786183Z,100.0,75.0,2.0,0.3,2.0,1.5,3,4,0,4,0,0,0,0,0,0.64,1.71,2.35,5.51,32,8,15,9,3.0,,3.0,2,False,34,0.0,52666,119529,-7.6,-370,False,,-9.3,-1,-12.5,-1,-15.7,-1,5.0,2812,243,8,23,6.4,33.8,0,8.307,7.71,8.903,1.107
2026-10-07,2026-10-07T09:49:48+00:00,2026,5,5,243413,290,Slater,Regan,Slater,MID,11,88,Hull City,4.5,4.5,0.0,15,437,5,0,1,3,0,67,3.0,3.3,5.2,500869,284184,6.548,3.7152,2.8328,17.4,62.2,85.1,26.0,a,,,,,2.0,0.4,2.0,2.0,2,5,0,4,0,0,0,1,0,0.21,0.59,0.8,7.27,33,9,15,9,,,1.0,0,False,74,0.0,17936,43185,79.8,-30,False,,79.5,3,79.1,3,78.6,3,5.0,3321,114,0,8,3.0,25.3,0,5.169,4.581,5.758,0.669
2026-10-07,2026-10-07T09:49:48+00:00,2026,5,5,243526,331,Gudmundsson,Gabriel,Gudmundsson,DEF,13,2,Leeds,4.5,4.5,0.0,14,252,3,0,0,2,0,62,4.7,3.1,0.1,4350,2844,0.0569,0.0372,0.0197,7.7,38.6,29.5,8.0,a,,2026-08-08T20:00:07.546568Z,100.0,100.0,6.0,1.3,6.0,6.0,6,3,0,1,0,0,0,0,0,0.0,0.21,0.21,3.83,14,9,12,5,,,,0,False,453,0.0,752,414,1.1,2,False,,1.1,1,1.1,1,1.2,1,5.0,1915,106,0,0,4.7,23.6,0,4.715,4.127,5.304,0.215
2026-10-07,2026-10-07T09:49:48+00:00,2026,5,5,243571,234,Patterson,Nathan,Patterson,DEF,9,11,Everton,4.5,4.5,0.0,0,0,0,0,0,0,0,0,0.0,0.0,0.0,371,2453,0.0049,0.0321,-0.0272,0.0,0.0,0.0,0.0,u,Has joined Torino permanently,2026-09-02T16:05:23.326971Z,0.0,0.0,0.0,0.0,0.0,0.0,0,0,0,0,0,0,0,0,0,0.0,0.0,0.0,0.0,0,0,0,0,,,,0,False,593,0.0,0,140,0.0,0,False,,0.0,0,0.0,0,0.0,0,5.0,0,0,0,0,0.0,0.0,0,4.32,3.732,4.907,-0.18
2026-10-07,2026-10-07T09:49:48+00:00,2026,5,5,243951,642,Thomas,Sorba,Thomas,MID,11,88,Hull City,5.5,5.5,0.0,4,119,3,0,0,0,0,13,1.3,0.7,0.0,3144,1224,0.0411,0.016,0.0251,5.8,8.8,40.9,12.0,a,,,,,1.5,0.3,1.5,1.5,2,1,0,3,0,0,0,0,0,0.21,0.11,0.32,2.04,8,1,7,0,,,,0,False,546,0.0,540,375,0.3,0,False,,0.3,1,0.3,1,0.3,1,5.0,904,30,0,0,1.3,5.5,0,5.107,4.52,5.694,-0.393
2026-10-07,2026-10-07T09:49:48+00:00,2026,5,5,244042,271,Muniz,Rodrigo,Muniz Carvalho,FWD,10,54,Fulham,5.4,5.5,-0.1,3,38,4,0,0,0,0,14,0.8,0.6,0.4,16381,35428,0.2142,0.4632,-0.249,7.0,11.4,22.2,36.0,a,,,,,0.5,0.1,0.5,0.5,0,0,0,1,0,0,0,1,0,0.4,0.0,0.4,0.85,3,0,0,3,,,,0,False,267,0.0,2052,2987,-54.0,4,False,,-53.1,-3,-51.4,-3,-49.8,-3,5.0,289,23,0,0,0.7,4.2,0,5.076,4.488,5.664,-0.324
2026-10-07,2026-10-07T09:49:48+00:00,2026,5,5,244723,204,Mitchell,Tyrick,Mitchell,DEF,8,31,Crystal Palace,4.5,4.5,0.0,24,419,5,2,0,1,3,68,4.8,5.3,6.1,314449,267644,4.1109,3.499,0.6119,25.8,128.2,67.9,62.0,a,,,,,4.0,0.9,4.0,4.0,7,5,0,10,0,0,0,0,0,0.77,0.26,1.03,8.34,25,11,23,14,,,,1,False,63,0.0,17914,19242,28.9,1,False,,28.9,2,29.0,2,29.0,2,5.0,3184,182,15,0,4.8,38.7,1,5.883,5.29,6.476,1.383
2026-10-07,2026-10-07T09:49:48+00:00,2026,5,5,244850,40,Rogers,Morgan,Rogers,MID,6,8,Chelsea,7.8,7.5,0.3,29,437,5,3,1,0,2,135,5.8,3.7,40.8,2524079,670752,32.9982,8.769,24.2292,43.9,159.0,140.1,140.0,a,,,,,5.0,0.6,5.0,5.0,2,5,0,12,0,0,0,1,0,1.72,1.23,2.95,8.73,31,5,23,3,,3.0,4.0,0,False,5,0.1,194656,79065,0.4,306,False,,1.4,1,3.2,1,5.1,1,5.0,3321,220,23,8,5.8,28.3,0,9.307,8.712,9.902,1.507
2026-10-07,2026-10-07T09:49:48+00:00,2026,5,5,244851,154,Palmer,Cole,Palmer,MID,6,8,Chelsea,9.7,9.5,0.2,28,442,5,2,2,0,3,148,5.6,2.9,25.3,1958177,703133,25.6,9.1923,16.4076,44.1,151.0,145.3,144.0,d,Muscular injury - 75% chance of playing,2026-09-21T13:00:09.022726Z,100.0,75.0,3.5,0.4,3.5,2.6,2,5,0,12,0,0,0,1,0,1.31,0.79,2.1,8.73,29,7,19,3,1.0,2.0,,1,False,12,0.0,54801,207827,-22.3,-435,False,,-24.4,-2,-28.2,-2,-31.9,-2,5.0,3359,213,15,15,5.6,21.9,0,9.962,9.372,10.552,0.262
2026-10-07,2026-10-07T09:49:48+00:00,2026,5,5,244858,100,Carvalho,Fábio,Freitas Gouveia Carvalho,MID,4,94,Brentford,5.0,5.0,0.0,6,3,1,1,0,0,0,23,6.0,1.2,0.0,1949,1469,0.0255,0.0192,0.0063,6.7,33.2,0.3,33.0,a,,2026-08-18T13:58:17.442072Z,100.0,100.0,3.0,0.6,3.0,3.0,6,0,0,0,0,0,0,0,0,0.43,0.0,0.43,0.13,0,0,0,0,,,,0,False,552,0.0,651,191,0.3,0,False,,0.3,1,0.3,1,0.3,1,5.0,23,46,8,0,6.0,9.1,0,5.71,5.117,6.302,0.71
2026-10-07,2026-10-07T09:49:48+00:00,2026,5,5,244860,247,Hackney,Hayden,Hackney,MID,9,11,Everton,5.4,5.5,-0.1,10,137,5,0,1,1,0,39,2.0,1.9,0.2,3769,12054,0.0493,0.1576,-0.1083,11.1,40.4,50.0,21.0,a,,2026-08-26T22:00:07.797766Z,100.0,100.0,1.0,0.2,1.0,1.0,1,1,0,1,0,0,0,0,0,0.05,0.13,0.18,3.91,12,3,5,4,,,3.0,0,False,341,-0.1,218,1214,-6.9,0,False,,-6.9,-1,-6.9,-1,-6.9,-1,5.0,1041,76,0,8,2.0,14.1,0,5.612,5.023,6.2,0.212
2026-10-07,2026-10-07T09:49:48+00:00,2026,5,5,244954,34,Pau,Pau,Torres,DEF,2,7,Aston Villa,4.4,4.5,-0.1,3,187,3,0,0,0,0,-4,1.0,0.7,0.3,11244,27851,0.147,0.3641,-0.2171,1.5,11.2,1.9,2.0,i,Hamstring injury - Expected back 10 Oct,2026-09-12T18:00:08.712707Z,0.0,0.0,0.5,0.1,0.0,0.0,0,3,0,5,0,0,0,0,0,0.0,0.01,0.01,4.79,9,1,9,8,,,,0,False,296,-0.1,51,3493,-1.6,-4,False,,-1.9,-1,-2.4,-1,-2.9,-1,5.0,1421,23,0,0,1.0,5.2,0,4.191,3.603,4.779,-0.209
2026-10-07,2026-10-07T09:49:48+00:00,2026,5,5,245719,630,Harwood-Bellis,Taylor,Harwood-Bellis,DEF,2,7,Aston Villa,4.5,4.5,0.0,0,0,0,0,0,0,0,0,0.0,0.0,0.0,2205,1019,0.0288,0.0133,0.0155,0.0,0.0,0.0,0.0,a,,,,,0.0,0.0,0.0,0.0,0,0,0,0,0,0,0,0,0,0.0,0.0,0.0,0.0,0,0,0,0,,,,0,False,576,0.0,228,213,0.0,0,False,,0.0,0,0.0,0,0.0,0,5.0,0,0,0,0,0.0,0.0,0,4.252,3.664,4.84,-0.248
2026-10-07,2026-10-07T09:49:48+00:00,2026,5,5,246301,255,J.Cuenca,Jorge,Cuenca Barreno,DEF,10,54,Fulham,4.5,4.5,0.0,3,90,1,0,0,0,0,7,3.0,0.7,0.0,1550,2017,0.0203,0.0264,-0.0061,5.4,32.8,21.3,0.0,a,,,,,0.0,0.0,0.0,0.0,0,1,0,3,0,0,0,0,0,0.0,0.03,0.03,2.24,10,1,3,9,,,,0,False,554,0.0,70,124,-80.4,0,False,,-80.4,-3,-80.4,-3,-80.4,-3,5.0,684,23,0,0,3.0,5.1,0,4.416,3.829,5.003,-0.084
2026-10-07,2026-10-07T09:49:48+00:00,2026,5,5,247348,201,Muñoz,Daniel,Muñoz Mejía,DEF,18,17,Nott'm Forest,5.4,5.5,-0.1,5,257,4,0,0,0,0,29,1.2,0.9,5.7,159549,487944,2.0858,6.3791,-4.2932,18.1,39.2,62.3,79.0,a,,,,,2.0,0.4,2.0,2.0,2,3,0,4,0,0,0,0,0,0.6,0.21,0.81,2.59,15,7,8,8,,,,0,False,69,0.0,8991,33768,-52.2,-21,False,,-52.5,-3,-53.2,-3,-53.8,-3,5.0,1953,38,0,0,1.2,7.0,0,4.83,4.243,5.418,-0.57
2026-10-07,2026-10-07T09:49:48+00:00,2026,5,5,247412,222,Strand Larsen,Jørgen,Strand Larsen,FWD,8,31,Crystal Palace,6.0,6.0,0.0,14,298,5,1,0,1,2,69,2.8,2.3,0.7,51488,41581,0.6731,0.5436,0.1295,16.1,62.6,32.5,65.0,a,,,,,5.0,0.8,5.0,5.0,2,3,0,5,0,0,0,0,0,0.43,0.2,0.63,6.15,13,2,5,6,,,,0,False,220,0.0,6263,4527,6.0,25,False,,6.2,1,6.6,1,7.0,1,5.0,2265,106,8,0,2.8,17.7,0,6.025,5.437,6.614,0.025
2026-10-07,2026-10-07T09:49:48+00:00,2026,5,5,247632,156,Neto,Pedro,Lomba Neto,MID,6,8,Chelsea,6.5,6.5,0.0,14,332,5,1,0,0,0,81,2.8,2.2,1.4,83641,92212,1.0935,1.2055,-0.1121,28.2,82.0,92.6,108.0,a,,,,,2.0,0.3,2.0,2.0,2,4,0,8,0,0,0,0,0,0.68,0.58,1.26,6.64,28,6,14,8,,4.0,2.0,0,False,157,0.0,6516,10561,-5.3,10,False,,-4.7,-1,-3.5,-1,-2.3,-1,5.0,2523,106,8,0,2.8,16.4,0,6.401,5.813,6.99,-0.099
2026-10-07,2026-10-07T09:49:48+00:00,2026,5,5,248056,345,Tanaka,Tanaka,Ao,MID,13,2,Leeds,4.9,5.0,-0.1,14,255,4,0,2,2,0,48,3.5,2.9,0.3,23074,17837,0.3017,0.2332,0.0685,8.6,50.0,18.3,20.0,a,,,,,4.0,0.8,4.0,4.0,2,3,0,1,0,0,0,1,0,0.73,0.05,0.78,3.24,29,8,10,11,,,4.0,0,False,285,0.0,2556,2602,5.2,4,False,,5.2,1,5.3,1,5.3,1,5.0,1938,106,0,15,3.5,21.7,0,5.705,5.114,6.296,0.805
2026-10-07,2026-10-07T09:49:48+00:00,2026,5,5,248857,16,Madueke,Noni,Madueke,MID,1,3,Arsenal,6.2,6.5,-0.3,2,23,2,0,0,0,0,11,1.0,0.3,0.2,6114,26109,0.0799,0.3413,-0.2614,5.6,11.6,43.9,0.0,a,,,,,0.0,0.0,0.0,0.0,0,0,0,0,0,0,0,0,0,0.0,0.05,0.05,0.15,3,1,2,0,,,5.0,0,False,328,0.0,834,1689,-28.2,2,False,,-27.2,-2,-25.6,-2,-24.0,-2,5.0,175,15,0,0,1.0,2.5,0,5.669,5.08,6.257,-0.531
2026-10-07,2026-10-07T09:49:48+00:00,2026,5,5,248875,400,Doku,Jérémy,Doku,MID,15,43,Man City,7.4,7.5,-0.1,1,15,1,0,0,0,0,7,1.0,0.1,0.7,6862,128478,0.0897,1.6796,-1.5899,2.2,3.6,13.8,5.0,a,,2026-08-18T17:00:08.385597Z,75.0,100.0,0.5,0.1,0.4,0.5,1,0,0,0,0,0,0,0,0,0.23,0.32,0.55,0.42,2,0,1,1,3.0,,,0,False,214,0.0,5395,2392,0.7,7,False,,0.7,1,0.9,1,1.0,1,5.0,114,8,0,0,1.0,1.0,0,6.478,5.888,7.069,-0.922
2026-10-07,2026-10-07T09:49:48+00:00,2026,5,5,249231,86,Lewis-Potter,Keane,Lewis-Potter,MID,4,94,Brentford,5.5,5.5,0.0,22,406,5,1,1,2,3,85,4.4,4.0,1.7,190835,121717,2.4949,1.5913,0.9036,29.5,113.6,109.3,73.0,a,,,,,2.0,0.4,2.0,2.0,3,5,0,4,0,0,0,0,0,1.21,0.79,2.0,5.69,38,6,15,17,,1.0,5.0,0,False,136,0.0,4190,13336,34.4,-14,False,,34.3,2,34.1,2,33.9,2,5.0,3086,167,8,8,4.4,30.4,0,6.281,5.692,6.87,0.781
2026-10-07,2026-10-07T09:49:48+00:00,2026,5,5,250199,487,Dominguez,Nicolás,Domínguez,MID,18,17,Nott'm Forest,4.9,5.0,-0.1,1,1,1,0,0,0,0,3,1.0,0.2,0.1,1206,4122,0.0158,0.0539,-0.0381,0.0,0.2,0.0,0.0,a,,,,,0.0,0.0,0.0,0.0,0,0,0,0,0,0,0,0,0,0.0,0.0,0.0,0.0,0,0,0,0,,,,0,False,487,0.0,68,320,-74.8,0,False,,-74.8,-3,-74.8,-3,-74.8,-3,5.0,8,8,0,0,1.0,1.6,0,4.807,4.22,5.394,-0.093
2026-10-07,2026-10-07T09:49:48+00:00,2026,5,5,424876,368,Szoboszlai,Dominik,Szoboszlai,MID,14,14,Liverpool,6.9,7.0,-0.1,20,440,5,1,0,3,1,103,4.0,2.9,32.5,934437,1713550,12.2162,22.4019,-10.1856,34.4,108.8,178.0,57.0,a,,,,,2.5,0.4,2.5,2.5,2,5,0,4,0,0,0,1,0,1.42,0.82,2.24,5.99,41,6,22,13,1.0,1.0,1.0,0,False,7,-0.1,42078,245392,-1.2,-277,False,,-1.6,-1,-2.5,-1,-3.3,-1,5.0,3344,152,8,0,4.0,22.0,0,7.246,6.653,7.839,0.346
2026-10-07,2026-10-07T09:49:48+00:00,2026,5,5,427623,202,Richards,Chris,Richards,DEF,8,31,Crystal Palace,4.9,5.0,-0.1,14,450,5,0,0,1,0,48,2.8,2.9,0.6,22861,38222,0.2989,0.4997,-0.2008,16.2,131.4,7.7,24.0,a,,,,,5.0,1.0,5.0,5.0,8,5,0,11,0,0,0,1,0,0.08,0.07,0.15,9.46,54,8,16,46,,,,0,False,233,-0.1,1949,2491,0.0,4,False,,0.1,1,0.1,1,0.2,1,5.0,3420,106,0,0,2.8,21.7,0,4.654,4.066,5.242,-0.246
2026-10-07,2026-10-07T09:49:48+00:00,2026,5,5,427637,337,Aaronson,Brenden,Aaronson,MID,13,2,Leeds,5.3,5.5,-0.2,7,194,5,0,0,1,0,36,1.4,1.3,0.5,6802,48509,0.0889,0.6342,-0.5453,2.5,11.8,3.7,9.0,a,,,,,1.0,0.2,1.0,1.0,1,2,0,3,0,0,0,0,0,0.01,0.02,0.03,3.78,15,3,11,1,,4.0,,0,False,254,-0.1,239,3780,-10.7,-10,False,,-11.8,-1,-13.8,-1,-15.8,-1,5.0,1474,53,0,0,1.4,10.0,0,5.075,4.488,5.662,-0.225
2026-10-07,2026-10-07T09:49:48+00:00,2026,5,5,428580,104,Onyeka,Frank,Onyeka,MID,7,9,Coventry City,4.9,5.0,-0.1,9,314,4,0,0,1,0,34,2.2,1.8,0.1,4001,9641,0.0523,0.126,-0.0737,4.5,19.4,4.7,21.0,a,,2026-09-15T09:00:07.851220Z,100.0,100.0,2.5,0.5,2.5,2.5,3,4,0,7,0,0,0,0,0,0.03,0.02,0.05,6.31,28,5,14,9,,,,0,False,423,0.0,191,514,-38.5,-2,False,,-40.8,-3,-44.9,-3,-49.0,-3,5.0,2386,68,0,0,2.2,14.0,0,4.852,4.265,5.44,-0.048
2026-10-07,2026-10-07T09:49:48+00:00,2026,5,5,428971,590,Benda,Steven,Benda,GK,18,17,Nott'm Forest,4.5,4.5,0.0,0,0,0,0,0,0,0,0,0.0,0.0,0.1,2681,2857,0.035,0.0374,-0.0023,0.0,0.0,0.0,0.0,a,,,,,0.0,0.0,0.0,0.0,0,0,0,0,0,0,0,0,0,0.0,0.0,0.0,0.0,0,0,0,0,,,,0,False,465,0.0,141,256,0.0,0,False,,0.0,0,0.0,0,0.0,0,5.0,0,0,0,0,0.0,0.0,0,4.257,3.669,4.845,-0.243
2026-10-07,2026-10-07T09:49:48+00:00,2026,5,5,430871,428,Cunha,Matheus,Santos Carneiro da Cunha,MID,16,1,Man Utd,7.9,8.0,-0.1,26,407,5,1,2,1,4,95,5.2,3.3,5.8,101187,512798,1.3229,6.704,-5.3811,30.0,73.0,111.5,114.0,a,,,,,6.0,0.8,6.0,6.0,10,5,0,5,0,0,0,0,0,0.63,0.83,1.46,5.44,13,3,9,1,,,,0,False,66,0.0,27441,24767,-98.5,66,False,,-97.4,-4,-95.5,-4,-93.6,-3,5.0,3093,198,8,15,5.2,25.0,0,8.12,7.528,8.712,0.22
2026-10-07,2026-10-07T09:49:48+00:00,2026,5,5,431639,640,Flemming,Zian,Flemming,FWD,12,40,Ipswich Town,5.5,5.5,0.0,6,60,3,1,0,0,0,34,2.0,1.1,0.1,9489,3349,0.1241,0.0438,0.0803,10.5,38.2,12.1,55.0,a,,,,,2.5,0.5,2.5,2.5,0,0,0,1,0,0,0,1,0,0.64,0.01,0.65,0.63,5,1,3,1,,,,0,False,452,0.0,1127,1127,0.5,3,False,,0.6,1,0.6,1,0.7,1,5.0,456,46,8,0,2.0,8.3,0,5.734,5.146,6.322,0.234
2026-10-07,2026-10-07T09:49:48+00:00,2026,5,5,432422,455,Tonali,Sandro,Tonali,MID,19,6,Spurs,5.3,5.5,-0.2,14,427,5,0,0,2,0,86,2.8,2.6,1.8,48248,271369,0.6308,3.5477,-2.9169,18.0,63.0,89.0,28.0,a,,2026-09-14T14:30:07.387706Z,100.0,100.0,2.5,0.5,2.5,2.5,2,5,0,8,0,0,0,0,0,0.24,0.61,0.85,7.72,42,11,20,11,,,,0,False,131,-0.1,2659,16762,-22.7,-16,False,,-23.1,-2,-23.9,-2,-24.8,-2,5.0,3245,106,0,0,2.8,20.1,0,5.236,4.647,5.824,-0.064
2026-10-07,2026-10-07T09:49:48+00:00,2026,5,5,432714,486,McAtee,James,McAtee,MID,18,17,Nott'm Forest,5.5,5.5,0.0,12,416,5,0,0,2,0,91,2.4,2.2,0.1,10045,6052,0.1313,0.0791,0.0522,27.6,62.4,174.8,38.0,a,,,,,2.5,0.5,2.5,2.5,2,5,0,4,0,0,0,2,0,0.37,0.96,1.33,4.55,39,9,21,9,,,1.0,0,False,411,0.0,400,1006,2.4,-3,False,,2.4,1,2.3,1,2.3,1,5.0,3162,91,0,0,2.4,16.6,0,5.127,4.539,5.715,-0.373
2026-10-07,2026-10-07T09:49:48+00:00,2026,5,5,432720,385,Trafford,James,Trafford,GK,13,2,Leeds,5.0,5.0,0.0,28,450,5,0,0,2,5,117,5.6,5.6,5.5,268947,162084,3.516,2.119,1.3971,14.9,148.6,0.0,0.0,a,,,,,6.5,1.3,6.5,6.5,10,5,20,3,0,0,0,0,0,0.0,0.0,0.0,6.46,0,0,55,6,,,,0,False,71,0.0,26976,17739,36.6,5,False,,36.6,2,36.7,2,36.8,2,5.0,3420,213,0,0,5.6,38.7,1,5.173,4.577,5.769,0.173
2026-10-07,2026-10-07T09:49:48+00:00,2026,5,5,432830,84,Collins,Nathan,Collins,DEF,4,94,Brentford,5.4,5.5,-0.1,10,196,3,0,0,1,0,39,3.3,1.9,0.9,58750,157963,0.7681,2.0651,-1.297,11.4,40.6,22.4,51.0,i,Calf injury - Unknown return date,2026-09-05T18:00:06.182495Z,0.0,0.0,0.0,0.0,0.0,0.0,0,3,0,1,0,0,0,1,0,0.51,0.05,0.56,2.13,17,2,11,15,,,,0,False,186,0.0,131,10607,-33.9,-16,False,,-34.5,-2,-35.5,-2,-36.6,-2,5.0,1490,76,0,0,3.3,14.1,0,4.988,4.399,5.578,-0.412
2026-10-07,2026-10-07T09:49:48+00:00,2026,5,5,432987,354,Jaros,Vitezslav,Jaros,GK,14,14,Liverpool,4.0,4.0,0.0,0,0,0,0,0,0,0,0,0.0,0.0,0.0,1777,1262,0.0232,0.0165,0.0067,0.0,0.0,0.0,0.0,i,Knee injury - Unknown return date,2026-07-29T18:00:10.351066Z,0.0,0.0,0.0,0.0,0.0,0.0,0,0,0,0,0,0,0,0,0,0.0,0.0,0.0,0.0,0,0,0,0,,,,0,False,572,0.0,230,176,0.1,0,False,,0.1,1,0.1,1,0.1,1,5.0,0,0,0,0,0.0,0.0,0,4.101,3.512,4.689,0.101
2026-10-07,2026-10-07T09:49:48+00:00,2026,5,5,433036,404,Reijnders,Tijjani,Reijnders,MID,15,43,Man City,6.0,6.0,0.0,0,0,0,0,0,0,0,0,0.0,0.0,0.0,0,8195,0.0,0.1071,-0.1071,0.0,0.0,0.0,0.0,u,Has joined Al Qadsiah permanently,2026-08-20T14:02:58.154273Z,0.0,0.0,0.0,0.0,0.0,0.0,0,0,0,0,0,0,0,0,0,0.0,0.0,0.0,0.0,0,0,0,0,,,,0,False,529,0.0,0,110,0.0,0,False,,0.0,0,0.0,0,0.0,0,5.0,0,0,0,0,0.0,0.0,0,5.596,5.007,6.185,-0.404
2026-10-07,2026-10-07T09:49:48+00:00,2026,5,5,433154,241,McNeil,Dwight,McNeil,MID,8,31,Crystal Palace,5.3,5.5,-0.2,3,84,2,0,0,0,0,13,1.5,0.6,0.1,1795,8279,0.0235,0.1082,-0.0848,1.7,10.0,5.0,2.0,a,,,,,0.0,0.0,0.0,0.0,0,1,0,3,0,0,0,0,0,0.05,0.02,0.07,1.18,7,0,3,4,,,,0,False,401,-0.1,88,550,-1.0,0,False,,-1.0,-1,-1.0,-1,-1.0,-1,5.0,638,23,0,0,1.5,4.3,0,5.05,4.462,5.637,-0.25
2026-10-07,2026-10-07T09:49:48+00:00,2026,5,5,433590,281,Drameh,Cody,Drameh,DEF,11,88,Hull City,4.0,4.0,0.0,2,65,2,0,0,0,0,8,1.0,0.5,0.0,2118,4525,0.0277,0.0592,-0.0315,0.8,6.4,0.4,1.0,u,Has joined Genoa permanently,2026-09-02T16:09:06.479140Z,0.0,0.0,0.0,0.0,0.0,0.0,0,0,0,0,0,0,0,0,0,0.05,0.0,0.05,0.87,6,1,4,5,,,,0,False,510,0.0,0,272,0.0,0,False,,0.0,0,0.0,0,0.0,0,5.0,494,15,0,0,1.0,3.8,0,4.033,3.445,4.62,0.033
2026-10-07,2026-10-07T09:49:48+00:00,2026,5,5,433969,597,Suzuki,Zion,Suzuki,GK,2,7,Aston Villa,5.0,5.0,0.0,16,360,4,0,0,1,3,80,4.0,3.2,1.9,153066,63568,2.0011,0.831,1.17,11.6,115.6,0.0,0.0,a,,,,,2.0,0.4,2.0,2.0,2,4,15,5,0,0,0,0,0,0.0,0.01,0.01,5.45,0,0,43,8,,,,1,False,126,0.0,15502,7709,32.4,13,False,,32.5,2,32.7,2,32.9,2,5.0,2736,122,0,0,4.0,24.3,0,4.856,4.267,5.445,-0.144
2026-10-07,2026-10-07T09:49:48+00:00,2026,5,5,434399,536,Reinildo,Reinildo,Mandava,DEF,20,56,Sunderland,4.4,4.5,-0.1,7,360,4,0,0,1,0,37,1.8,1.6,0.3,4119,24501,0.0538,0.3203,-0.2665,9.5,53.8,36.4,6.0,a,,2026-09-12T21:30:09.421687Z,0.0,100.0,-1.0,-0.2,0.0,-1.0,0,4,0,5,0,0,0,0,1,0.0,0.32,0.32,5.05,29,8,18,21,,,,0,False,308,-0.1,256,1701,-0.2,-1,False,,-0.4,-1,-0.9,-1,-1.3,-1,5.0,2736,53,0,0,1.8,12.1,0,4.25,3.662,4.837,-0.15
2026-10-07,2026-10-07T09:49:48+00:00,2026,5,5,434752,327,Bijol,Jaka,Bijol,DEF,13,2,Leeds,5.0,5.0,0.0,12,164,3,0,0,1,2,29,4.0,2.4,0.7,69201,59663,0.9047,0.78,0.1247,5.4,38.2,0.6,15.0,a,,,,,0.0,0.0,0.0,0.0,0,2,0,2,0,0,0,0,0,0.11,0.0,0.11,3.16,21,3,7,18,,,,0,False,216,0.0,899,6048,5.2,-8,False,,5.1,1,5.0,1,4.9,1,5.0,1246,91,0,0,4.0,18.2,0,4.919,4.33,5.507,-0.081
2026-10-07,2026-10-07T09:49:48+00:00,2026,5,5,435997,336,Okafor,Noah,Okafor,MID,13,2,Leeds,5.8,6.0,-0.2,18,299,5,1,0,3,1,82,3.6,3.1,0.4,27290,35745,0.3568,0.4673,-0.1105,14.8,67.0,41.4,40.0,a,,,,,6.0,1.0,6.0,6.0,3,4,0,1,0,0,0,0,0,0.17,0.27,0.44,2.37,18,7,8,3,,,,0,False,272,0.0,2183,3959,1.5,-4,False,,1.4,1,1.4,1,1.3,1,5.0,2272,137,8,0,3.6,23.6,0,6.113,5.524,6.702,0.313
2026-10-07,2026-10-07T09:49:48+00:00,2026,5,5,436761,174,Kitching,Liam,Kitching,DEF,7,9,Coventry City,4.0,4.0,0.0,0,0,0,0,0,0,0,0,0.0,0.0,0.3,981,33197,0.0128,0.434,-0.4212,0.0,0.0,0.0,0.0,u,Has joined Sheffield United on loan for the rest of the season,2026-09-02T16:21:03.612394Z,0.0,0.0,0.0,0.0,0.0,0.0,0,0,0,0,0,0,0,0,0,0.0,0.0,0.0,0.0,0,0,0,0,,,,0,False,282,0.0,0,2104,0.0,-9,False,,0.0,0,0.0,0,0.0,0,5.0,0,0,0,0,0.0,0.0,0,4.01,3.423,4.597,0.01
2026-10-07,2026-10-07T09:49:48+00:00,2026,5,5,436893,65,J.Araujo,Julián,Araujo Zúñiga,DEF,3,91,Bournemouth,4.4,4.5,-0.1,0,0,0,0,0,0,0,0,0.0,0.0,0.0,431,1303,0.0056,0.017,-0.0114,0.0,0.0,0.0,0.0,i,Thigh injury - Unknown return date,2026-08-09T08:00:05.645826Z,0.0,0.0,0.0,0.0,0.0,0.0,0,0,0,0,0,0,0,0,0,0.0,0.0,0.0,0.0,0,0,0,0,,,,0,False,603,0.0,47,64,-13.6,0,False,,-13.6,-1,-13.6,-1,-13.6,-1,5.0,0,0,0,0,0.0,0.0,0,4.253,3.664,4.841,-0.147
2026-10-07,2026-10-07T09:49:48+00:00,2026,5,5,437495,3,Meslier,Illan,Meslier,GK,1,3,Arsenal,4.9,5.0,-0.1,0,0,0,0,0,0,0,0,0.0,0.0,0.0,517,1590,0.0068,0.0208,-0.014,0.0,0.0,0.0,0.0,a,,,,,0.0,0.0,0.0,0.0,0,0,0,0,0,0,0,0,0,0.0,0.0,0.0,0.0,0,0,0,0,,,,0,False,549,0.0,50,130,-42.3,0,False,,-42.3,-3,-42.3,-3,-42.3,-3,5.0,0,0,0,0,0.0,0.0,0,4.589,4.0,5.177,-0.311
2026-10-07,2026-10-07T09:49:48+00:00,2026,5,5,437497,641,Bard,Melvin,Bard,DEF,13,2,Leeds,4.5,4.5,0.0,1,18,1,0,0,0,0,1,1.0,0.2,0.0,970,365,0.0127,0.0048,0.0079,1.5,4.4,10.3,0.0,a,,,,,0.5,0.1,0.5,0.5,0,0,0,1,0,0,0,0,0,0.0,0.0,0.0,0.3,2,1,2,1,,,,0,False,615,0.0,108,89,0.1,0,False,,0.1,1,0.1,1,0.1,1,5.0,137,8,0,0,1.0,1.7,0,4.295,3.708,4.882,-0.205
2026-10-07,2026-10-07T09:49:48+00:00,2026,5,5,437499,200,Lacroix,Maxence,Lacroix,DEF,6,8,Chelsea,5.9,6.0,-0.1,13,364,5,0,1,0,0,28,2.6,2.2,6.8,176529,428171,2.3078,5.5976,-3.2898,14.4,116.2,13.9,14.0,a,,,,,2.0,0.3,2.0,2.0,3,4,0,10,0,0,0,1,0,0.15,0.22,0.37,7.93,47,10,8,37,,,,0,False,58,-0.1,9875,32595,-8.0,-7,False,,-8.1,-1,-8.2,-1,-8.3,-1,5.0,2766,99,0,8,2.6,16.7,0,5.7,5.111,6.288,-0.2
2026-10-07,2026-10-07T09:49:48+00:00,2026,5,5,437505,553,Isidor,Wilson,Isidor,FWD,20,56,Sunderland,5.5,5.5,0.0,15,117,5,1,1,0,3,51,3.0,2.7,1.3,96511,87838,1.2617,1.1483,0.1134,6.7,30.8,1.0,35.0,a,,,,,1.0,0.2,1.0,1.0,1,0,0,3,0,0,0,0,0,1.49,0.01,1.5,3.78,5,2,3,0,,,,0,False,163,0.0,4209,12684,3.2,-9,False,,3.2,1,3.0,1,2.9,1,5.0,889,114,8,8,3.0,20.7,0,6.287,5.697,6.877,0.787
2026-10-07,2026-10-07T09:49:48+00:00,2026,5,5,437730,397,Semenyo,Antoine,Semenyo,MID,15,43,Man City,8.4,8.5,-0.1,33,450,5,2,3,2,2,147,6.6,3.9,15.0,321118,1237572,4.1981,16.1792,-11.9811,43.4,155.4,148.1,130.0,d,Ankle injury - 75% chance of playing,2026-09-24T12:00:09.848000Z,,75.0,10.0,1.2,10.0,7.5,17,5,0,5,0,0,0,0,0,0.33,1.16,1.49,7.25,22,6,14,2,2.0,,,1,True,28,0.0,130215,94872,-24.4,-238,False,,-25.2,-2,-26.7,-2,-28.1,-2,5.0,3420,251,15,23,6.6,29.9,0,9.565,8.969,10.161,1.165
2026-10-07,2026-10-07T09:49:48+00:00,2026,5,5,437738,333,Bornauw,Sebastiaan,Bornauw,DEF,13,2,Leeds,4.5,4.5,0.0,0,0,0,0,0,0,0,0,0.0,0.0,0.0,0,300,0.0,0.0039,-0.0039,0.0,0.0,0.0,0.0,u,Has joined Hamburg SV on loan for the rest of the season,2026-08-19T13:56:14.645970Z,0.0,0.0,0.0,0.0,0.0,0.0,0,0,0,0,0,0,0,0,0,0.0,0.0,0.0,0.0,0,0,0,0,,,,0,False,656,0.0,0,6,0.0,0,False,,0.0,0,0.0,0,0.0,0,5.0,0,0,0,0,0.0,0.0,0,4.272,3.685,4.86,-0.228
2026-10-07,2026-10-07T09:49:48+00:00,2026,5,5,438098,23,Fábio Vieira,Fábio,Ferreira Vieira,MID,1,3,Arsenal,5.5,5.5,0.0,0,0,0,0,0,0,0,0,0.0,0.0,0.0,255,923,0.0033,0.0121,-0.0087,0.0,0.0,0.0,0.0,u,Has joined Hamburger SV permanently,2026-09-02T16:00:28.446370Z,0.0,0.0,0.0,0.0,0.0,0.0,0,0,0,0,0,0,0,0,0,0.0,0.0,0.0,0.0,0,0,0,0,,,,0,False,635,0.0,0,44,0.0,0,False,,0.0,0,0.0,0,0.0,0,5.0,0,0,0,0,0.0,0.0,0,5.171,4.582,5.759,-0.329
2026-10-07,2026-10-07T09:49:48+00:00,2026,5,5,438234,401,Marmoush,Omar,Marmoush,FWD,19,6,Spurs,7.0,7.0,0.0,8,339,4,0,0,2,0,37,2.0,1.1,2.1,236948,165477,3.0977,2.1633,0.9344,12.9,18.0,55.5,58.0,a,,,,,2.0,0.3,2.0,2.0,2,4,0,5,0,0,0,0,0,0.38,0.15,0.53,3.84,13,2,11,0,2.0,4.0,8.0,0,False,124,0.0,14469,24344,40.7,4,False,,40.7,3,40.8,3,40.9,3,5.0,2576,61,0,0,2.0,8.7,0,5.997,5.408,6.587,-1.003
2026-10-07,2026-10-07T09:49:48+00:00,2026,5,5,438464,218,Doucouré,Cheick,Doucouré,MID,8,31,Crystal Palace,4.8,5.0,-0.2,0,0,0,0,0,0,0,0,0.0,0.0,0.0,2099,4490,0.0274,0.0587,-0.0313,0.0,0.0,0.0,0.0,a,,,,,0.0,0.0,0.0,0.0,0,0,0,0,0,0,0,0,0,0.0,0.0,0.0,0.0,0,0,0,0,,,,0,False,501,-0.1,125,325,-3.3,0,False,,-3.3,-1,-3.3,-1,-3.3,-1,5.0,0,0,0,0,0.0,0.0,0,4.731,4.144,5.319,-0.069
2026-10-07,2026-10-07T09:49:48+00:00,2026,5,5,439509,557,Tzolis,Christos,Tzolis,MID,1,3,Arsenal,6.3,6.5,-0.2,16,362,5,0,2,2,1,81,3.2,2.5,11.8,462968,1641327,6.0525,21.4577,-15.4051,21.8,56.4,115.1,46.0,d,Hamstring injury - 75% chance of playing,2026-10-02T15:00:11.091226Z,,75.0,2.5,0.4,2.5,1.9,2,5,0,4,0,0,0,2,0,0.19,0.55,0.74,2.73,23,4,12,7,,,3.0,0,False,35,-0.1,12601,178119,-11.6,-508,False,,-12.9,-1,-15.2,-1,-17.5,-1,5.0,2751,122,0,15,3.2,19.3,0,6.624,6.033,7.215,0.324
2026-10-07,2026-10-07T09:49:48+00:00,2026,5,5,439668,187,Eccles,Josh,Eccles,MID,7,9,Coventry City,4.8,5.0,-0.2,0,0,0,0,0,0,0,0,0.0,0.0,0.0,640,1483,0.0084,0.0194,-0.011,0.0,0.0,0.0,0.0,i,Unspecified injury - Expected back 12 Oct,2026-09-10T18:30:08.877110Z,0.0,0.0,0.0,0.0,0.0,0.0,0,0,0,0,0,0,0,0,0,0.0,0.0,0.0,0.0,0,0,0,0,,,,0,False,614,-0.1,27,107,-5.9,0,False,,-5.9,-1,-5.9,-1,-5.9,-1,5.0,0,0,0,0,0.0,0.0,0,4.745,4.158,5.332,-0.055
2026-10-07,2026-10-07T09:49:48+00:00,2026,5,5,440089,96,Damsgaard,Mikkel,Damsgaard,MID,4,94,Brentford,5.4,5.5,-0.1,16,283,5,0,1,2,3,74,3.2,3.0,0.4,15339,30878,0.2005,0.4037,-0.2031,20.7,47.4,118.2,42.0,d,Unspecified injury - 75% chance of playing,2026-10-03T19:30:08.141728Z,,75.0,2.0,0.4,2.0,1.5,3,3,0,1,0,0,0,0,0,0.17,0.73,0.9,3.06,31,7,18,6,,3.0,2.0,0,False,265,0.0,1828,2762,-7.6,-11,False,,-8.9,-1,-11.2,-1,-13.6,-1,5.0,2151,122,0,8,3.2,22.5,0,5.619,5.029,6.209,0.219
2026-10-07,2026-10-07T09:49:48+00:00,2026,5,5,440993,237,Ndiaye,Iliman,Ndiaye,MID,15,43,Man City,5.8,6.0,-0.2,22,385,5,0,2,2,1,110,4.4,3.8,6.6,299049,1144536,3.9096,14.9629,-11.0534,26.1,77.8,102.6,80.0,a,,,,,3.0,0.5,3.0,3.0,5,4,0,4,0,0,0,0,0,0.38,0.58,0.96,9.42,44,8,26,10,,,,0,False,59,-0.1,8180,76533,-23.9,-76,False,,-24.5,-2,-25.6,-2,-26.7,-2,5.0,2926,167,0,15,4.4,28.8,0,6.598,6.007,7.19,0.798
2026-10-07,2026-10-07T09:49:48+00:00,2026,5,5,441164,499,Pedro Porro,Pedro,Porro Sauceda,DEF,19,6,Spurs,5.4,5.5,-0.1,9,198,3,0,0,1,1,33,3.0,1.7,7.5,124577,1002333,1.6286,13.1039,-11.4752,9.8,22.6,47.6,28.0,d,Hamstring injury - 75% chance of playing,2026-09-19T12:00:08.823872Z,100.0,75.0,0.5,0.1,0.5,0.4,1,3,0,2,0,0,0,0,0,0.37,0.16,0.53,1.68,9,3,5,6,,1.0,1.0,0,False,51,0.0,1803,84585,-36.6,-136,False,,-37.5,-2,-39.2,-2,-40.8,-3,5.0,1505,68,0,0,3.0,12.7,0,5.168,4.581,5.756,-0.232
2026-10-07,2026-10-07T09:49:48+00:00,2026,5,5,441191,450,Livramento,Tino,Livramento,DEF,17,4,Newcastle,4.9,5.0,-0.1,4,33,2,0,1,0,0,12,2.0,0.8,0.1,10271,6135,0.1343,0.0802,0.0541,1.3,5.0,3.8,4.0,d,Unspecified injury - 75% chance of playing,2026-09-19T14:00:09.046677Z,100.0,75.0,1.5,0.3,1.5,1.1,0,0,0,1,0,0,0,1,0,0.0,0.01,0.01,0.18,3,2,4,1,,,,0,False,418,0.0,475,1695,1.6,-3,False,,1.5,1,1.5,1,1.5,1,5.0,251,30,0,8,2.0,6.2,0,5.002,4.413,5.592,0.102
2026-10-07,2026-10-07T09:49:48+00:00,2026,5,5,441264,552,Brobbey,Brian,Brobbey,FWD,20,56,Sunderland,5.7,6.0,-0.3,24,399,5,3,0,1,3,113,4.8,4.2,6.9,291432,944765,3.81,12.3513,-8.5413,31.7,108.4,69.0,142.0,d,Hamstring injury - 75% chance of playing,2026-09-24T21:30:10.382142Z,,75.0,9.0,1.6,9.0,6.8,17,5,0,9,0,0,0,1,0,2.94,0.11,3.05,8.18,11,0,10,1,,,,1,False,56,-0.1,199974,58593,85.4,-62,False,,84.8,3,83.9,3,82.9,3,5.0,3032,182,23,0,4.8,32.0,0,7.257,6.664,7.851,1.557
2026-10-07,2026-10-07T09:49:48+00:00,2026,5,5,441266,371,Gravenberch,Ryan,Gravenberch,MID,14,14,Liverpool,5.8,6.0,-0.2,9,190,5,0,1,0,0,51,1.8,1.6,1.1,35932,131209,0.4698,1.7153,-1.2456,9.9,50.6,42.7,6.0,a,,,,,1.0,0.2,1.0,1.0,1,2,0,2,0,0,0,0,0,0.1,0.08,0.18,2.02,25,4,11,10,,,,0,False,170,-0.1,1394,9856,-26.0,-12,False,,-26.5,-2,-27.6,-2,-28.6,-2,5.0,1444,68,0,8,1.8,11.8,0,5.848,5.259,6.436,0.048
2026-10-07,2026-10-07T09:49:48+00:00,2026,5,5,441302,36,Maatsen,Ian,Maatsen,DEF,2,7,Aston Villa,4.4,4.5,-0.1,9,335,4,0,0,1,1,22,2.2,2.0,0.5,31897,62865,0.417,0.8219,-0.4049,10.2,34.8,24.5,43.0,i,Ankle injury - Unknown return date,2026-09-12T18:00:08.729468Z,0.0,0.0,0.5,0.1,0.0,0.0,0,4,0,7,0,0,0,1,0,0.28,0.45,0.73,6.54,24,7,10,17,,,,0,False,251,-0.1,55,7127,-4.9,-8,False,,-5.2,-1,-5.8,-1,-6.4,-1,5.0,2546,68,0,0,2.2,15.5,0,4.334,3.746,4.922,-0.066
2026-10-07,2026-10-07T09:49:48+00:00,2026,5,5,442299,650,Affengruber,David,Affengruber,DEF,10,54,Fulham,4.5,4.5,0.0,12,180,2,0,0,1,0,40,6.0,2.7,0.1,13977,3151,0.1827,0.0412,0.1415,6.6,51.0,14.6,0.0,a,,,,,6.0,1.3,6.0,6.0,4,2,0,1,0,0,0,0,0,0.0,0.02,0.02,2.88,23,3,7,20,,,,0,False,399,0.0,11099,2529,2.1,26,False,,2.3,1,2.7,1,3.1,1,5.0,1368,91,0,0,6.0,20.3,0,4.787,4.197,5.377,0.287
2026-10-07,2026-10-07T09:49:48+00:00,2026,5,5,442967,562,Maeda,Daizen,Maeda,MID,12,40,Ipswich Town,5.3,5.5,-0.2,8,259,5,0,0,0,0,32,1.6,1.5,0.2,2880,20408,0.0377,0.2668,-0.2291,8.1,31.0,5.5,47.0,a,,,,,1.0,0.2,1.0,1.0,1,3,0,8,0,0,0,0,0,0.71,0.02,0.73,6.05,20,8,4,8,,,,0,False,320,-0.1,152,1638,-12.8,-2,False,,-13.3,-1,-14.2,-1,-15.2,-1,5.0,1968,61,0,0,1.6,11.5,0,5.057,4.47,5.644,-0.243
2026-10-07,2026-10-07T09:49:48+00:00,2026,5,5,443261,313,Clarke,Jack,Clarke,MID,12,40,Ipswich Town,5.4,5.5,-0.1,11,170,4,1,0,0,1,48,2.8,2.0,0.2,5579,15846,0.0729,0.2072,-0.1342,15.2,52.0,55.4,45.0,a,,,,,1.5,0.3,1.5,1.5,2,2,0,2,0,0,0,1,0,0.3,0.37,0.67,1.97,10,2,5,3,1.0,3.0,4.0,0,False,344,0.0,228,1052,-92.2,0,False,,-92.2,-3,-92.2,-3,-92.2,-3,5.0,1292,84,8,0,2.8,15.5,0,5.793,5.206,6.381,0.393
2026-10-07,2026-10-07T09:49:48+00:00,2026,5,5,444102,79,Evanilson,Francisco Evanilson,de Lima Barbosa,FWD,3,91,Bournemouth,6.0,6.0,0.0,18,424,5,0,3,2,0,66,3.6,3.0,3.2,257761,178583,3.3698,2.3347,1.0351,25.2,71.4,82.6,99.0,a,,,,,3.5,0.6,3.5,3.5,2,5,0,5,0,0,0,1,0,0.87,0.52,1.39,6.45,27,3,13,11,,,,0,False,102,0.0,22300,23756,56.0,32,False,,56.3,3,56.8,3,57.3,3,5.0,3222,137,0,23,3.6,22.8,0,6.532,5.933,7.131,0.532
2026-10-07,2026-10-07T09:49:48+00:00,2026,5,5,444145,18,Martinelli,Gabriel,Martinelli Silva,MID,1,3,Arsenal,6.3,6.5,-0.2,0,0,0,0,0,0,0,0,0.0,0.0,0.1,2483,21934,0.0325,0.2868,-0.2543,0.0,0.0,0.0,0.0,u,Has joined Al Hilal permanently,2026-09-04T12:34:46.738449Z,0.0,0.0,0.0,0.0,0.0,0.0,0,0,0,0,0,0,0,0,0,0.0,0.0,0.0,0.0,0,0,0,0,,,,0,False,473,0.0,0,633,0.0,0,False,,0.0,0,0.0,0,0.0,0,5.0,0,0,0,0,0.0,0.0,0,5.678,5.089,6.267,-0.622
2026-10-07,2026-10-07T09:49:48+00:00,2026,5,5,444172,59,Dennis,Will,Dennis,GK,3,91,Bournemouth,4.0,4.0,0.0,0,0,0,0,0,0,0,0,0.0,0.0,0.1,1133,7610,0.0148,0.0995,-0.0847,0.0,0.0,0.0,0.0,u,Has joined MK Dons permanently,2026-08-27T14:53:48.692835Z,0.0,0.0,0.0,0.0,0.0,0.0,0,0,0,0,0,0,0,0,0,0.0,0.0,0.0,0.0,0,0,0,0,,,,0,False,396,0.0,0,642,0.0,0,False,,0.0,0,0.0,0,0.0,0,5.0,0,0,0,0,0.0,0.0,0,3.994,3.406,4.583,-0.006
2026-10-07,2026-10-07T09:49:48+00:00,2026,5,5,444180,105,Anthony,Jaidon,Anthony,MID,4,94,Brentford,5.9,6.0,-0.1,15,267,5,1,0,2,2,59,3.0,2.5,0.2,7784,11132,0.1018,0.1455,-0.0438,21.2,65.0,89.3,58.0,a,,,,,5.5,0.9,5.5,5.5,10,3,0,3,0,0,0,1,0,1.15,0.54,1.69,3.5,26,4,16,6,,,,0,False,367,0.0,2786,731,1.1,6,False,,1.1,1,1.2,1,1.3,1,5.0,2029,114,8,0,3.0,19.3,0,6.023,5.433,6.612,0.123
2026-10-07,2026-10-07T09:49:48+00:00,2026,5,5,444307,276,Lo-Tutala,Thimothée,Lo-Tutala,GK,11,88,Hull City,4.0,4.0,0.0,0,0,0,0,0,0,0,0,0.0,0.0,0.0,0,1123,0.0,0.0147,-0.0147,0.0,0.0,0.0,0.0,u,Has joined Colchester United on loan for the rest of the season,2026-08-17T13:50:27.125537Z,0.0,0.0,0.0,0.0,0.0,0.0,0,0,0,0,0,0,0,0,0,0.0,0.0,0.0,0.0,0,0,0,0,,,,0,False,565,0.0,0,129,0.0,0,False,,0.0,0,0.0,0,0.0,0,5.0,0,0,0,0,0.0,0.0,0,3.988,3.4,4.575,-0.012
2026-10-07,2026-10-07T09:49:48+00:00,2026,5,5,444463,145,Fofana,Wesley,Fofana,DEF,6,8,Chelsea,5.0,5.0,0.0,8,312,4,0,0,0,0,35,2.0,1.6,0.2,19134,8406,0.2501,0.1099,0.1403,13.4,100.4,29.2,4.0,a,,2026-07-23T12:01:23.464591Z,100.0,100.0,2.5,0.5,2.5,2.5,4,4,0,7,0,0,0,1,0,0.0,0.08,0.08,5.65,47,7,11,40,,,,0,False,324,0.0,3028,1465,5.2,8,False,,5.3,1,5.4,1,5.5,1,5.0,2371,61,0,0,2.0,12.2,0,4.686,4.098,5.273,-0.314
2026-10-07,2026-10-07T09:49:48+00:00,2026,5,5,444765,85,Van den Berg,Sepp,van den Berg,DEF,4,94,Brentford,4.9,5.0,-0.1,0,0,0,0,0,0,0,0,0.0,0.0,0.1,422,9015,0.0055,0.1179,-0.1123,0.0,0.0,0.0,0.0,i,Groin injury - Unknown return date,2026-08-15T15:30:06.416627Z,0.0,0.0,0.0,0.0,0.0,0.0,0,0,0,0,0,0,0,0,0,0.0,0.0,0.0,0.0,0,0,0,0,,,,0,False,482,0.0,49,409,-89.6,0,False,,-89.6,-3,-89.6,-3,-89.6,-3,5.0,0,0,0,0,0.0,0.0,0,4.477,3.888,5.066,-0.423
2026-10-07,2026-10-07T09:49:48+00:00,2026,5,5,444884,383,Elliott,Harvey,Elliott,MID,14,14,Liverpool,5.4,5.5,-0.1,0,0,0,0,0,0,0,0,0.0,0.0,0.0,907,6172,0.0119,0.0807,-0.0688,0.0,0.0,0.0,0.0,u,Has joined Valencia on loan for the rest of the season,2026-09-02T16:05:49.104326Z,0.0,0.0,0.0,0.0,0.0,0.0,0,0,0,0,0,0,0,0,0,0.0,0.0,0.0,0.0,0,0,0,0,,,,0,False,535,0.0,0,252,0.0,0,False,,0.0,0,0.0,0,0.0,0,5.0,0,0,0,0,0.0,0.0,0,5.164,4.576,5.752,-0.236
2026-10-07,2026-10-07T09:49:48+00:00,2026,5,5,445028,563,Morita,Hidemasa,Morita,MID,11,88,Hull City,4.9,5.0,-0.1,1,45,1,0,0,0,0,6,1.0,0.2,0.0,727,1797,0.0095,0.0235,-0.014,2.4,11.0,13.4,0.0,i,Calf injury - Expected back 11 Oct,2026-09-09T14:00:08.474217Z,0.0,0.0,0.0,0.0,0.0,0.0,0,1,0,0,0,0,0,0,0,0.0,0.0,0.0,1.09,3,0,1,2,,,,0,False,591,-0.1,24,201,-2.3,0,False,,-2.3,-1,-2.3,-1,-2.3,-1,5.0,342,8,0,0,1.0,1.6,0,4.773,4.186,5.36,-0.127
2026-10-07,2026-10-07T09:49:48+00:00,2026,5,5,445044,521,Kulusevski,Dejan,Kulusevski,MID,19,6,Spurs,6.5,6.5,0.0,0,0,0,0,0,0,0,0,0.0,0.0,0.0,420,748,0.0055,0.0098,-0.0043,0.0,0.0,0.0,0.0,i,Knee injury - Unknown return date,2026-07-23T12:01:23.895175Z,0.0,0.0,0.0,0.0,0.0,0.0,0,0,0,0,0,0,0,0,0,0.0,0.0,0.0,0.0,0,0,0,0,,,,0,False,613,0.0,114,83,-82.2,0,False,,-82.2,-3,-82.2,-3,-82.2,-3,5.0,0,0,0,0,0.0,0.0,0,5.736,5.147,6.326,-0.764
2026-10-07,2026-10-07T09:49:48+00:00,2026,5,5,445087,579,Araujo,Ronald,Araujo,DEF,14,14,Liverpool,5.4,5.5,-0.1,22,284,5,0,0,3,1,81,4.4,4.1,3.1,151739,161417,1.9837,2.1103,-0.1265,7.7,60.8,10.5,6.0,a,,,,,6.5,1.2,6.5,6.5,7,3,0,0,0,0,0,1,0,0.0,0.06,0.06,2.75,24,5,15,19,,,,0,False,103,0.0,19823,11728,37.4,23,False,,37.6,2,38.0,2,38.3,2,5.0,2158,167,0,0,4.4,31.0,0,5.449,4.856,6.043,0.049
2026-10-07,2026-10-07T09:49:48+00:00,2026,5,5,445122,5,J.Timber,Jurriën,Timber,DEF,1,3,Arsenal,6.5,6.5,0.0,1,104,2,0,0,0,0,-3,0.5,0.2,0.5,37751,15841,0.4935,0.2071,0.2864,1.5,10.2,4.2,0.0,a,,2026-07-23T12:01:23.272929Z,100.0,100.0,0.5,0.1,0.5,0.5,0,1,0,3,0,0,0,0,0,0.0,0.03,0.03,2.18,5,3,7,2,,,,0,False,259,0.0,16095,5088,12.9,27,False,,13.2,1,13.6,1,14.1,1,5.0,790,8,0,0,0.5,1.2,0,5.428,4.838,6.018,-1.072
2026-10-07,2026-10-07T09:49:48+00:00,2026,5,5,446008,427,Mbeumo,Bryan,Mbeumo,MID,16,1,Man Utd,7.9,8.0,-0.1,25,450,5,2,1,0,3,110,5.0,3.2,20.5,474036,2033911,6.1972,26.5901,-20.3928,44.2,120.8,164.2,156.0,a,,,,,2.0,0.3,2.0,2.0,2,5,0,8,0,0,0,1,0,3.07,0.8,3.87,6.8,26,5,14,7,2.0,2.0,2.0,0,False,17,0.0,47057,147412,-81.7,12,False,,-81.6,-3,-81.5,-3,-81.4,-3,5.0,3420,190,15,8,5.0,24.1,0,8.473,7.884,9.063,0.573
2026-10-07,2026-10-07T09:49:48+00:00,2026,5,5,448047,155,Enzo,Enzo,Fernández,MID,15,43,Man City,6.9,7.0,-0.1,13,271,4,1,0,2,0,73,3.2,1.9,3.7,176571,324073,2.3084,4.2367,-1.9283,17.8,63.8,72.8,42.0,a,,,,,4.5,0.7,4.5,4.5,7,3,0,3,0,0,0,1,0,0.35,0.53,0.88,5.35,21,3,12,6,,3.0,4.0,0,False,93,0.0,34904,17164,2.5,42,False,,2.9,1,3.5,1,4.2,1,5.0,2060,99,8,0,3.2,14.3,0,6.851,6.262,7.439,-0.049
2026-10-07,2026-10-07T09:49:48+00:00,2026,5,5,448089,54,Gomes,Joao,Gomes,MID,2,7,Aston Villa,5.5,5.5,0.0,2,129,2,0,0,0,0,11,1.0,0.4,0.0,1366,4129,0.0179,0.054,-0.0361,4.8,23.6,24.8,0.0,a,,2026-09-16T19:30:08.742410Z,100.0,100.0,2.0,0.4,2.0,2.0,4,2,0,6,0,0,0,0,1,0.0,0.03,0.03,4.14,20,9,5,6,,,,0,False,504,0.0,527,220,0.1,3,False,,0.2,1,0.2,1,0.3,1,5.0,980,15,0,0,1.0,2.8,0,5.019,4.431,5.608,-0.481
2026-10-07,2026-10-07T09:49:48+00:00,2026,5,5,448104,9,Hincapie,Piero,Hincapié,DEF,1,3,Arsenal,5.2,5.5,-0.3,2,32,2,0,0,0,0,6,1.0,0.4,0.9,16493,117873,0.2156,1.541,-1.3254,1.0,6.4,1.0,2.0,a,,,,,0.0,0.0,0.0,0.0,0,0,0,0,0,0,0,0,0,0.0,0.0,0.0,0.28,3,1,0,2,,,,0,False,193,-0.1,1674,6162,-6.6,4,False,,-6.4,-1,-5.9,-1,-5.5,-1,5.0,243,15,0,0,1.0,2.9,0,4.867,4.279,5.455,-0.333
2026-10-07,2026-10-07T09:49:48+00:00,2026,5,5,448514,392,Aït-Nouri,Rayan,Aït-Nouri,DEF,15,43,Man City,5.2,5.5,-0.3,0,0,0,0,0,0,0,0,0.0,0.0,0.4,7934,61799,0.1037,0.8079,-0.7042,0.0,0.0,0.0,0.0,a,,,,,0.0,0.0,0.0,0.0,0,0,0,0,0,0,0,0,0,0.0,0.0,0.0,0.0,0,0,0,0,,,,0,False,268,-0.1,582,2390,-0.7,0,False,,-0.7,-1,-0.7,-1,-0.7,-1,5.0,0,0,0,0,0.0,0.0,0,4.964,4.376,5.553,-0.236
2026-10-07,2026-10-07T09:49:48+00:00,2026,5,5,449027,351,Mamardashvili,Giorgi,Mamardashvili,GK,14,14,Liverpool,4.8,5.0,-0.2,0,0,0,0,0,0,0,0,0.0,0.0,0.1,2897,8699,0.0379,0.1137,-0.0759,0.0,0.0,0.0,0.0,a,,,,,0.0,0.0,0.0,0.0,0,0,0,0,0,0,0,0,0,0.0,0.0,0.0,0.0,0,0,0,0,,,,0,False,379,-0.1,285,681,-0.2,-1,False,,-0.7,-1,-1.6,-1,-2.4,-1,5.0,0,0,0,0,0.0,0.0,0,4.588,3.999,5.177,-0.212
2026-10-07,2026-10-07T09:49:48+00:00,2026,5,5,449428,283,Jacob,Matty,Jacob,DEF,11,88,Hull City,4.0,4.0,0.0,0,0,0,0,0,0,0,0,0.0,0.0,0.0,114,696,0.0015,0.0091,-0.0076,0.0,0.0,0.0,0.0,u,Has joined Newport County on loan until January,2026-08-02T09:00:11.038361Z,0.0,0.0,0.0,0.0,0.0,0.0,0,0,0,0,0,0,0,0,0,0.0,0.0,0.0,0.0,0,0,0,0,,,,0,False,624,0.0,0,39,0.0,0,False,,0.0,0,0.0,0,0.0,0,5.0,0,0,0,0,0.0,0.0,0,4.005,3.418,4.592,0.005
2026-10-07,2026-10-07T09:49:48+00:00,2026,5,5,449429,306,Greaves,Jacob,Greaves,DEF,12,40,Ipswich Town,4.0,4.0,0.0,3,357,4,0,0,0,0,12,0.8,0.8,1.1,8282,38839,0.1083,0.5078,-0.3995,9.0,68.6,16.9,4.0,a,,,,,0.5,0.1,0.5,0.5,0,4,0,10,1,0,0,1,0,0.0,0.06,0.06,6.74,30,5,12,25,,,,0,False,169,0.0,546,4098,-100.1,-4,False,,-100.4,-5,-101.0,-5,-101.6,-5,5.0,2713,23,0,0,0.7,5.7,0,3.85,3.261,4.44,-0.15
2026-10-07,2026-10-07T09:49:48+00:00,2026,5,5,449434,454,Elanga,Anthony,Elanga,MID,17,4,Newcastle,6.1,6.0,0.1,18,232,3,2,0,1,2,71,6.0,3.0,4.4,1286196,1100754,16.8149,14.3906,2.4244,19.4,82.6,50.6,61.0,i,Unspecified injury - Unknown return date,2026-09-14T20:00:09.505598Z,0.0,0.0,0.0,0.0,0.0,0.0,0,3,0,3,0,0,0,1,0,0.42,0.34,0.76,4.01,9,4,3,2,,,2.0,0,False,79,-0.1,359,180793,-48.5,-221,False,,-49.5,-3,-51.2,-3,-53.0,-3,5.0,1763,137,15,0,6.0,22.4,0,6.909,6.318,7.5,0.809
2026-10-07,2026-10-07T09:49:48+00:00,2026,5,5,449871,48,Onana,Amadou,Onana,MID,2,7,Aston Villa,4.9,5.0,-0.1,0,0,0,0,0,0,0,0,0.0,0.0,0.0,525,1674,0.0069,0.0219,-0.015,0.0,0.0,0.0,0.0,i,Knee injury - Unknown return date,2026-07-23T12:01:23.352497Z,0.0,0.0,0.0,0.0,0.0,0.0,0,0,0,0,0,0,0,0,0,0.0,0.0,0.0,0.0,0,0,0,0,,,,0,False,588,0.0,54,104,-11.0,0,False,,-11.0,-1,-11.0,-1,-11.0,-1,5.0,0,0,0,0,0.0,0.0,0,4.753,4.165,5.341,-0.147
2026-10-07,2026-10-07T09:49:48+00:00,2026,5,5,450063,644,Timber,Quinten,Timber,MID,8,31,Crystal Palace,5.0,5.0,0.0,9,253,3,0,0,1,0,45,3.0,1.8,0.0,4338,1539,0.0567,0.0201,0.0366,10.0,37.8,29.1,34.0,a,,,,,3.5,0.7,3.5,3.5,3,3,0,5,0,0,0,0,0,0.24,0.06,0.3,5.56,27,11,10,6,,,,0,False,523,0.0,515,347,0.2,0,False,,0.2,1,0.2,1,0.2,1,5.0,1923,68,0,0,3.0,13.7,0,4.95,4.362,5.538,-0.05
2026-10-07,2026-10-07T09:49:48+00:00,2026,5,5,450542,219,J.Rak-Sakyi,Jesurun,Rak-Sakyi,MID,8,31,Crystal Palace,4.9,5.0,-0.1,0,0,0,0,0,0,0,0,0.0,0.0,0.0,145,473,0.0019,0.0062,-0.0043,0.0,0.0,0.0,0.0,u,has joined  Kasimpasa on loan for the rest of the seaon.,2026-09-10T09:12:47.224598Z,0.0,0.0,0.0,0.0,0.0,0.0,0,0,0,0,0,0,0,0,0,0.0,0.0,0.0,0.0,0,0,0,0,,,,0,False,647,0.0,0,31,0.0,0,False,,0.0,0,0.0,0,0.0,0,5.0,0,0,0,0,0.0,0.0,0,4.759,4.171,5.347,-0.141
2026-10-07,2026-10-07T09:49:48+00:00,2026,5,5,451284,175,van Ewijk,Milan,van Ewijk,DEF,7,9,Coventry City,4.0,4.0,0.0,6,360,4,0,0,0,0,7,1.5,1.5,8.6,123164,511730,1.6102,6.69,-5.0799,12.8,61.6,52.7,14.0,d,Hamstring injury - 75% chance of playing,2026-09-19T16:00:09.486751Z,,75.0,0.0,0.0,0.0,0.0,0,4,0,10,0,0,0,1,0,0.0,0.3,0.3,7.53,27,6,13,21,,,,0,False,43,0.0,1259,87056,-54.9,-80,False,,-55.4,-3,-56.2,-3,-57.0,-3,5.0,2736,46,0,0,1.5,11.4,0,4.121,3.533,4.709,0.121
2026-10-07,2026-10-07T09:49:48+00:00,2026,5,5,451302,413,Bayindir,Altay,Bayındır,GK,16,1,Man Utd,4.5,4.5,0.0,0,0,0,0,0,0,0,0,0.0,0.0,0.0,0,1156,0.0,0.0151,-0.0151,0.0,0.0,0.0,0.0,u,Has joined Celta Vigo on loan for the rest of the season,2026-08-10T14:02:28.608415Z,0.0,0.0,0.0,0.0,0.0,0.0,0,0,0,0,0,0,0,0,0,0.0,0.0,0.0,0.0,0,0,0,0,,,,0,False,604,0.0,0,46,0.0,-1,False,,0.0,0,0.0,0,0.0,0,5.0,0,0,0,0,0.0,0.0,0,4.363,3.775,4.951,-0.137
2026-10-07,2026-10-07T09:49:48+00:00,2026,5,5,451340,121,Mitoma,Mitoma,Kaoru,MID,5,36,Brighton,5.9,6.0,-0.1,0,0,0,0,0,0,0,0,0.0,0.0,0.0,574,3128,0.0075,0.0409,-0.0334,0.0,0.0,0.0,0.0,i,Hamstring injury - Expected back 10 Oct,2026-07-24T18:30:10.661894Z,0.0,0.0,0.0,0.0,0.0,0.0,0,0,0,0,0,0,0,0,0,0.0,0.0,0.0,0.0,0,0,0,0,,,,0,False,542,0.0,148,191,-26.7,0,False,,-26.7,-2,-26.7,-2,-26.7,-2,5.0,0,0,0,0,0.0,0.0,0,5.335,4.747,5.924,-0.565
2026-10-07,2026-10-07T09:49:48+00:00,2026,5,5,451490,119,Costinha,João Pedro,Loureiro da Costa,DEF,5,36,Brighton,4.5,4.5,0.0,4,68,5,0,0,0,0,18,0.8,0.9,0.0,1301,1477,0.017,0.0193,-0.0023,5.4,16.4,20.0,18.0,a,,,,,1.0,0.2,1.0,1.0,1,0,0,0,0,0,0,1,0,0.12,0.3,0.42,1.02,7,1,1,6,,,,0,False,521,0.0,196,152,0.0,0,False,,0.0,0,0.0,0,0.0,0,5.0,517,30,0,0,0.8,6.8,0,4.335,3.747,4.923,-0.165
2026-10-07,2026-10-07T09:49:48+00:00,2026,5,5,454490,120,Svoboda,Michael,Svoboda,DEF,5,36,Brighton,5.0,5.0,0.0,1,4,1,0,0,0,0,5,1.0,0.2,0.1,4568,4021,0.0597,0.0526,0.0072,0.2,2.4,0.0,0.0,a,,,,,0.5,0.1,0.5,0.5,1,0,0,0,0,0,0,0,0,0.0,0.0,0.0,0.14,1,1,1,0,,,,0,False,476,0.0,1392,499,0.5,0,False,,0.5,1,0.5,1,0.5,1,5.0,30,8,0,0,1.0,1.5,0,4.576,3.988,5.164,-0.424
2026-10-07,2026-10-07T09:49:48+00:00,2026,5,5,455084,305,Davis,Leif,Davis,DEF,12,40,Ipswich Town,4.0,4.0,0.0,25,450,5,2,2,0,1,52,5.0,6.2,7.0,382822,190342,5.0048,2.4884,2.5164,32.5,144.8,61.9,117.0,a,,,,,8.0,2.0,8.0,8.0,2,5,0,11,0,0,0,0,0,1.59,0.46,2.05,8.98,24,2,10,22,,2.0,,1,False,54,0.0,62619,32726,79.8,51,False,,80.3,3,81.1,3,81.9,3,5.0,3420,190,15,15,5.0,38.7,1,6.224,5.63,6.819,2.224
2026-10-07,2026-10-07T09:49:48+00:00,2026,5,5,456512,483,Ndoye,Dan,Ndoye,MID,18,17,Nott'm Forest,5.5,5.5,0.0,15,316,5,1,0,1,2,44,3.0,2.7,0.7,72507,50159,0.9479,0.6557,0.2922,19.0,39.0,63.6,90.0,a,,,,,1.0,0.2,1.0,1.0,1,5,0,3,0,0,0,1,0,1.25,0.93,2.18,3.84,20,2,15,3,,,,0,False,215,0.0,911,8996,14.1,-5,False,,14.0,1,13.9,1,13.9,1,5.0,2402,114,8,0,3.0,20.7,0,5.818,5.23,6.405,0.318
2026-10-07,2026-10-07T09:49:48+00:00,2026,5,5,457569,57,Petrović,Đorđe,Petrović,GK,3,91,Bournemouth,4.5,4.5,0.0,9,450,5,0,0,0,0,45,1.8,2.0,3.0,113635,126500,1.4856,1.6538,-0.1682,9.2,92.2,0.0,0.0,a,,,,,1.5,0.3,1.5,1.5,2,5,11,8,0,0,0,0,0,0.0,0.0,0.0,6.95,0,0,43,6,,,,0,False,105,0.0,7652,13829,0.2,1,False,,0.2,1,0.2,1,0.2,1,5.0,3420,68,0,0,1.8,15.2,0,4.292,3.702,4.882,-0.208
2026-10-07,2026-10-07T09:49:48+00:00,2026,5,5,458249,440,Zirkzee,Joshua,Zirkzee,FWD,16,1,Man Utd,5.3,5.5,-0.2,2,20,2,0,0,0,0,8,1.0,0.4,0.4,16125,43970,0.2108,0.5748,-0.364,2.2,7.6,14.9,0.0,a,,,,,1.0,0.2,1.0,1.0,1,0,0,0,0,0,0,0,0,0.0,0.01,0.01,0.02,4,0,2,2,,,,0,False,266,-0.1,2245,3417,-8.5,4,False,,-8.0,-1,-7.0,-1,-6.0,-1,5.0,152,15,0,0,1.0,2.9,0,5.163,4.575,5.752,-0.137
2026-10-07,2026-10-07T09:49:48+00:00,2026,5,5,460028,149,Colwill,Levi,Samuels Colwill,DEF,6,8,Chelsea,4.8,5.0,-0.2,3,341,4,0,0,0,0,17,0.8,0.6,0.9,27011,98972,0.3531,1.2939,-0.9408,9.2,61.6,16.6,13.0,a,,,,,1.0,0.2,1.0,1.0,1,4,0,9,0,0,0,1,0,0.01,0.05,0.06,6.67,26,3,15,23,,,,0,False,195,-0.1,1355,5947,-10.8,-1,False,,-10.8,-1,-10.9,-1,-10.9,-1,5.0,2592,23,0,0,0.7,4.8,0,4.423,3.833,5.014,-0.377
2026-10-07,2026-10-07T09:49:48+00:00,2026,5,5,460842,512,Kudus,Mohammed,Kudus,MID,19,6,Spurs,6.5,6.5,0.0,7,123,4,0,1,0,0,49,1.8,1.1,0.2,13511,11307,0.1766,0.1478,0.0288,11.2,37.2,48.7,26.0,a,,2026-07-23T12:01:23.848657Z,100.0,100.0,2.5,0.4,2.5,2.5,4,0,0,3,0,0,0,0,0,0.11,0.42,0.53,1.46,14,3,11,0,3.0,6.0,7.0,0,False,364,0.0,2717,1352,2.4,-2,False,,2.4,1,2.3,1,2.3,1,5.0,935,53,0,8,1.8,8.2,0,6.142,5.553,6.73,-0.358
2026-10-07,2026-10-07T09:49:48+00:00,2026,5,5,461102,173,Thomas,Bobby,Thomas,DEF,7,9,Coventry City,4.0,4.0,0.0,24,437,5,0,0,2,3,78,4.8,6.0,8.6,371053,290353,4.8509,3.7959,1.055,18.4,94.8,33.7,56.0,a,,,,,4.5,1.1,4.5,4.5,9,5,0,9,0,0,0,0,0,0.49,0.3,0.79,8.09,52,3,16,49,,,,0,False,45,0.0,33619,37329,18.8,20,False,,19.0,1,19.3,1,19.6,1,5.0,3321,182,0,0,4.8,38.7,1,4.707,4.115,5.299,0.707
2026-10-07,2026-10-07T09:49:48+00:00,2026,5,5,461199,547,Mundle,Romaine,Mundle,MID,20,56,Sunderland,4.9,5.0,-0.1,1,1,1,0,0,0,0,2,1.0,0.2,0.0,202,678,0.0026,0.0089,-0.0062,2.5,8.0,0.1,17.0,i,Knee injury - Unknown return date,2026-09-09T14:00:08.462705Z,0.0,0.0,0.0,0.0,0.0,0.0,0,0,0,0,0,0,0,0,0,0.17,0.0,0.17,0.09,1,0,0,1,,,,0,False,637,0.0,11,60,-87.9,0,False,,-87.9,-3,-87.9,-3,-87.9,-3,5.0,8,8,0,0,1.0,1.6,0,4.806,4.219,5.393,-0.094
2026-10-07,2026-10-07T09:49:48+00:00,2026,5,5,461587,323,McAteer,Kasey,McAteer,MID,12,40,Ipswich Town,4.4,4.5,-0.1,3,42,3,0,0,0,0,12,1.0,0.7,1.0,28596,63117,0.3738,0.8252,-0.4513,1.4,4.6,1.8,7.0,a,,,,,0.0,0.0,0.0,0.0,0,0,0,0,0,0,0,0,0,0.05,0.0,0.05,0.21,5,1,4,0,,,,0,False,175,-0.1,1852,7270,-2.1,-9,False,,-2.5,-1,-3.4,-1,-4.2,-1,5.0,319,23,0,0,1.0,5.2,0,4.585,3.998,5.172,0.185
2026-10-07,2026-10-07T09:49:48+00:00,2026,5,5,462387,322,Al-Hamadi,Ali,Al-Hamadi,FWD,12,40,Ipswich Town,5.0,5.0,0.0,0,0,0,0,0,0,0,0,0.0,0.0,0.0,755,9966,0.0099,0.1303,-0.1204,0.0,0.0,0.0,0.0,u,Has joined Sheffield Wednesday on loan for the rest of the season,2026-08-27T14:54:10.215357Z,0.0,0.0,0.0,0.0,0.0,0.0,0,0,0,0,0,0,0,0,0,0.0,0.0,0.0,0.0,0,0,0,0,,,,0,False,498,0.0,0,421,0.0,-1,False,,0.0,0,0.0,0,0.0,0,5.0,0,0,0,0,0.0,0.0,0,4.792,4.204,5.38,-0.208
2026-10-07,2026-10-07T09:49:48+00:00,2026,5,5,462424,6,Saliba,William,Saliba,DEF,1,3,Arsenal,5.9,6.0,-0.1,0,0,0,0,0,0,0,0,0.0,0.0,0.2,3539,18781,0.0463,0.2455,-0.1993,0.0,0.0,0.0,0.0,i,Back injury - Unknown return date,2026-07-23T12:01:23.289376Z,0.0,0.0,0.0,0.0,0.0,0.0,0,0,0,0,0,0,0,0,0,0.0,0.0,0.0,0.0,0,0,0,0,,,,0,False,330,0.0,457,1228,-28.0,0,False,,-28.0,-2,-28.0,-2,-28.0,-2,5.0,0,0,0,0,0.0,0.0,0,5.172,4.583,5.761,-0.728
2026-10-07,2026-10-07T09:49:48+00:00,2026,5,5,462635,340,Gelhardt,Joe,Gelhardt,MID,11,88,Hull City,5.0,5.0,0.0,1,7,1,0,0,0,0,5,1.0,0.2,0.0,714,1027,0.0093,0.0134,-0.0041,1.5,1.6,1.3,12.0,a,,2026-08-17T21:30:07.799839Z,100.0,100.0,0.5,0.1,0.5,0.5,1,0,0,0,0,0,0,0,0,0.1,0.02,0.12,0.13,1,0,1,0,,,,0,False,601,0.0,104,120,0.0,0,False,,0.0,0,0.0,0,0.0,0,5.0,53,8,0,0,1.0,1.5,0,4.828,4.24,5.415,-0.172
2026-10-07,2026-10-07T09:49:48+00:00,2026,5,5,463034,167,Delap,Liam,Delap,FWD,18,17,Nott'm Forest,5.6,5.5,0.1,9,277,4,1,0,1,0,49,2.2,1.6,2.7,314151,85858,4.107,1.1225,2.9846,17.9,40.0,68.6,71.0,a,,,,,3.0,0.5,3.0,3.0,1,3,0,3,0,0,0,2,0,0.89,0.35,1.24,2.62,17,2,10,5,3.0,,,0,False,109,0.1,26975,32286,-27.5,-8,False,,-27.8,-2,-28.3,-2,-28.8,-2,5.0,2105,68,8,0,2.2,12.2,0,5.722,5.133,6.31,0.122
2026-10-07,2026-10-07T09:49:48+00:00,2026,5,5,463067,125,Georginio,Georginio,Rutter,FWD,5,36,Brighton,5.3,5.5,-0.2,6,104,2,0,1,1,0,24,3.0,1.1,0.5,35055,76984,0.4583,1.0064,-0.5482,5.1,20.2,11.7,19.0,a,,2026-08-26T16:00:07.608056Z,100.0,100.0,0.5,0.1,0.5,0.5,1,1,0,0,0,0,0,0,0,0.17,0.45,0.62,1.03,9,2,6,1,,,,0,False,255,-0.1,3058,4356,-0.2,5,False,,0.0,0,0.1,1,0.2,1,5.0,790,46,0,8,3.0,8.6,0,5.522,4.933,6.112,0.222
2026-10-07,2026-10-07T09:49:48+00:00,2026,5,5,463210,580,Charles,Shea,Charles,MID,10,54,Fulham,5.0,5.0,0.0,13,303,5,0,0,1,0,60,2.6,2.6,0.1,2686,4215,0.0351,0.0551,-0.02,14.5,85.4,46.1,14.0,a,,,,,4.5,0.9,4.5,4.5,4,3,0,5,0,0,0,0,0,0.09,0.16,0.25,6.65,46,4,19,23,,,,0,False,448,0.0,956,539,-69.1,3,False,,-65.9,-3,-60.2,-3,-54.4,-3,5.0,2303,99,0,0,2.6,19.8,0,5.005,4.418,5.593,0.005
2026-10-07,2026-10-07T09:49:48+00:00,2026,5,5,463726,593,Dedić,Amar,Dedic,DEF,17,4,Newcastle,4.5,4.5,0.0,13,327,4,0,1,1,2,36,3.2,2.9,1.8,447912,312430,5.8557,4.0845,1.7712,12.6,70.0,40.7,15.0,i,Unspecified injury - Unknown return date,2026-09-17T14:30:09.823731Z,0.0,0.0,0.0,0.0,0.0,0.0,0,4,0,7,0,0,0,0,0,0.14,0.08,0.22,7.38,24,8,15,16,,3.0,,1,False,133,0.0,290,42380,-16.4,-115,False,,-18.6,-1,-22.5,-2,-26.4,-2,5.0,2485,99,0,8,3.2,22.0,0,4.911,4.323,5.5,0.411
2026-10-07,2026-10-07T09:49:48+00:00,2026,5,5,463936,158,Gittens,Jamie,Bynoe-Gittens,MID,6,8,Chelsea,5.8,6.0,-0.2,0,0,0,0,0,0,0,0,0.0,0.0,0.0,1139,2910,0.0149,0.038,-0.0232,0.0,0.0,0.0,0.0,d,Ankle injury - 75% chance of playing,2026-09-26T05:30:09.245832Z,,75.0,0.0,0.0,0.0,0.0,0,0,0,0,0,0,0,0,0,0.0,0.0,0.0,0.0,0,0,0,0,,,,0,False,551,-0.1,160,280,-5.8,0,False,,-5.8,-1,-5.8,-1,-5.8,-1,5.0,0,0,0,0,0.0,0.0,0,5.401,4.812,5.989,-0.399
2026-10-07,2026-10-07T09:49:48+00:00,2026,5,5,463981,60,Hill,James,Hill,DEF,3,91,Bournemouth,5.5,5.5,0.0,12,450,5,0,0,0,0,43,2.4,2.2,0.8,31575,44168,0.4128,0.5774,-0.1646,19.5,119.6,69.3,6.0,a,,,,,3.0,0.5,3.0,3.0,4,5,0,8,0,0,0,1,0,0.0,0.79,0.79,6.95,50,9,11,41,,,,0,False,203,0.0,3834,3574,-33.2,8,False,,-32.2,-2,-30.5,-2,-28.7,-2,5.0,3420,91,0,0,2.4,16.6,0,4.864,4.275,5.453,-0.636
2026-10-07,2026-10-07T09:49:48+00:00,2026,5,5,464353,355,Davies,Harvey,Davies,GK,14,14,Liverpool,4.0,4.0,0.0,0,0,0,0,0,0,0,0,0.0,0.0,0.2,4771,4288,0.0624,0.0561,0.0063,0.0,0.0,0.0,0.0,a,,,,,0.0,0.0,0.0,0.0,0,0,0,0,0,0,0,0,0,0.0,0.0,0.0,0.0,0,0,0,0,,,,0,False,362,0.0,319,508,0.1,0,False,,0.1,1,0.1,1,0.1,1,5.0,0,0,0,0,0.0,0.0,0,4.104,3.516,4.692,0.104
2026-10-07,2026-10-07T09:49:48+00:00,2026,5,5,465247,412,Lammens,Senne,Lammens,GK,16,1,Man Utd,4.9,5.0,-0.1,11,450,5,0,0,0,0,58,2.2,2.2,9.8,100137,693767,1.3091,9.0699,-7.7607,13.3,132.8,0.0,0.0,a,,,,,3.0,0.6,3.0,3.0,4,5,16,8,0,0,0,0,0,0.0,0.0,0.0,6.8,0,0,38,5,,,,0,False,38,0.0,7929,55336,-18.9,-23,False,,-19.1,-1,-19.5,-1,-19.8,-1,5.0,3420,84,0,0,2.2,17.1,0,4.799,4.21,5.389,-0.101
2026-10-07,2026-10-07T09:49:48+00:00,2026,5,5,465351,389,Matheus N.,Matheus,Nunes,DEF,15,43,Man City,5.9,6.0,-0.1,11,213,3,0,0,1,1,38,3.7,1.9,1.0,15060,74469,0.1969,0.9736,-0.7767,7.0,60.0,6.3,4.0,a,,2026-08-27T11:30:08.171622Z,100.0,100.0,5.0,0.8,5.0,5.0,1,2,0,3,0,0,0,0,0,0.0,0.06,0.06,4.67,21,3,10,18,4.0,,,0,False,181,0.0,1905,3328,-36.9,-3,False,,-37.2,-2,-37.6,-2,-38.0,-2,5.0,1619,84,0,0,3.7,14.2,0,5.543,4.955,6.132,-0.357
2026-10-07,2026-10-07T09:49:48+00:00,2026,5,5,465390,177,Kesler-Hayden,Kaine,Kesler-Hayden,DEF,7,9,Coventry City,3.9,4.0,-0.1,0,0,0,0,0,0,0,0,0.0,0.0,0.1,4660,4261,0.0609,0.0557,0.0052,0.0,0.0,0.0,0.0,i,Hamstring injury - Unknown return date,2026-08-27T14:56:28.704361Z,0.0,0.0,0.0,0.0,0.0,0.0,0,0,0,0,0,0,0,0,0,0.0,0.0,0.0,0.0,0,0,0,0,,,,0,False,467,-0.1,4061,1036,0.2,0,False,,0.2,1,0.2,1,0.2,1,5.0,0,0,0,0,0.0,0.0,0,3.986,3.399,4.573,0.086
2026-10-07,2026-10-07T09:49:48+00:00,2026,5,5,465525,291,Matazo,Eliot,Matazo,MID,11,88,Hull City,4.5,4.5,0.0,0,0,0,0,0,0,0,0,0.0,0.0,0.0,385,505,0.005,0.0066,-0.0016,0.0,0.0,0.0,0.0,i,Knee injury - Unknown return date,2026-07-23T12:01:23.532635Z,0.0,0.0,0.0,0.0,0.0,0.0,0,0,0,0,0,0,0,0,0,0.0,0.0,0.0,0.0,0,0,0,0,,,,0,False,634,0.0,34,67,-19.4,0,False,,-19.4,-1,-19.4,-1,-19.4,-1,5.0,0,0,0,0,0.0,0.0,0,4.527,3.94,5.114,0.027
2026-10-07,2026-10-07T09:49:48+00:00,2026,5,5,465642,445,Thiaw,Malick,Thiaw,DEF,17,4,Newcastle,5.0,5.0,0.0,14,450,5,0,0,1,0,32,2.8,2.8,2.2,180023,124820,2.3535,1.6318,0.7217,12.7,106.2,16.3,4.0,a,,,,,3.0,0.6,3.0,3.0,4,5,0,9,1,0,0,0,0,0.0,0.08,0.08,9.14,45,0,10,45,,,,0,False,122,0.0,10722,11809,19.2,3,False,,19.2,1,19.3,1,19.3,1,5.0,3420,106,0,0,2.8,21.3,0,4.73,4.142,5.318,-0.27
2026-10-07,2026-10-07T09:49:48+00:00,2026,5,5,465680,493,Kalimuendo,Arnaud,Kalimuendo,FWD,18,17,Nott'm Forest,5.4,5.5,-0.1,1,1,1,0,0,0,0,3,1.0,0.2,0.1,3068,4159,0.0401,0.0544,-0.0143,0.0,0.0,0.0,0.0,a,,,,,0.0,0.0,0.0,0.0,0,0,0,0,0,0,0,0,0,0.0,0.0,0.0,0.0,0,0,0,0,,,,0,False,497,0.0,258,459,0.0,1,False,,0.1,1,0.1,1,0.1,1,5.0,8,8,0,0,1.0,1.4,0,5.071,4.484,5.659,-0.329
2026-10-07,2026-10-07T09:49:48+00:00,2026,5,5,465694,405,N.Gonzalez,Nico,González Iglesias,MID,17,4,Newcastle,5.5,5.5,0.0,5,164,3,0,0,1,0,23,1.7,0.9,0.2,18201,17111,0.2379,0.2237,0.0142,5.8,13.4,42.0,2.0,a,,2026-09-14T21:30:07.343728Z,0.0,100.0,0.5,0.1,0.0,0.5,0,3,0,2,0,0,0,1,0,0.0,0.21,0.21,2.34,12,0,9,3,,,,0,False,335,0.0,738,1942,0.9,-2,False,,0.9,1,0.9,1,0.8,1,5.0,1246,38,0,0,1.7,6.9,0,5.138,4.551,5.726,-0.362
2026-10-07,2026-10-07T09:49:48+00:00,2026,5,5,465730,115,De Cuyper,Maxim,De Cuyper,DEF,5,36,Brighton,5.0,4.5,0.5,38,423,5,1,3,3,5,132,7.6,7.6,28.1,2758642,412762,36.0647,5.3962,30.6685,33.8,108.4,171.8,57.0,a,,,,,8.5,1.7,8.5,8.5,6,5,0,5,0,0,0,2,0,1.55,0.67,2.22,8.58,16,8,18,8,,4.0,2.0,2,True,10,0.1,340303,27731,6.9,395,False,,8.2,1,10.5,1,12.8,1,5.0,3215,289,8,23,7.6,38.7,1,6.884,6.273,7.495,1.884
2026-10-07,2026-10-07T09:49:48+00:00,2026,5,5,465920,578,Mudryk,Mykhailo,Mudryk,MID,19,6,Spurs,5.3,5.5,-0.2,1,16,1,0,0,0,0,3,1.0,0.2,0.0,5445,7658,0.0712,0.1001,-0.0289,0.1,0.0,0.1,2.0,i,Ankle injury - Unknown return date,2026-09-11T18:00:09.154412Z,0.0,0.0,0.0,0.0,0.0,0.0,0,0,0,0,0,0,0,0,0,0.0,0.0,0.0,0.16,0,0,0,0,,,,0,False,516,-0.1,25,610,-14.5,0,False,,-14.5,-1,-14.5,-1,-14.5,-1,5.0,122,8,0,0,1.0,1.4,0,5.104,4.516,5.691,-0.196
2026-10-07,2026-10-07T09:49:48+00:00,2026,5,5,466052,399,Cherki,Rayan,Cherki,MID,15,43,Man City,7.8,7.5,0.3,34,302,5,3,2,1,5,150,6.8,4.4,28.4,2692666,972818,35.2022,12.718,22.4842,47.3,165.8,199.0,108.0,a,,,,,4.5,0.6,4.5,4.5,8,4,0,4,0,0,0,1,0,0.72,1.54,2.26,5.0,12,0,9,3,,1.0,1.0,1,True,9,0.0,145505,105873,-56.5,144,False,,-55.2,-3,-52.9,-3,-50.6,-3,5.0,2295,258,23,15,6.8,33.1,0,9.723,9.129,10.317,1.923
2026-10-07,2026-10-07T09:49:48+00:00,2026,5,5,466075,8,Calafiori,Riccardo,Calafiori,DEF,1,3,Arsenal,5.9,5.5,0.4,29,416,5,0,2,3,2,76,5.8,4.9,50.6,1677991,409972,21.937,5.3597,16.5773,19.1,71.6,52.7,66.0,a,,,,,3.5,0.6,3.5,3.5,1,5,0,4,0,0,0,0,0,0.67,0.62,1.29,3.76,18,6,13,12,,,,1,False,3,0.1,97983,71465,0.5,120,False,,0.9,1,1.6,1,2.3,1,5.0,3162,220,0,15,5.8,37.4,0,7.045,6.445,7.645,1.145
2026-10-07,2026-10-07T09:49:48+00:00,2026,5,5,466525,335,Stach,Anton,Stach,MID,13,2,Leeds,6.0,6.0,0.0,27,447,5,1,0,3,3,86,5.4,4.5,2.5,203046,166566,2.6545,2.1776,0.4769,26.5,116.4,93.3,55.0,a,,,,,4.0,0.7,4.0,4.0,5,5,0,2,0,0,0,0,0,0.97,0.31,1.28,6.17,61,13,21,27,,1.0,1.0,1,False,115,0.0,5703,21833,16.6,-22,False,,16.4,1,16.0,1,15.7,1,5.0,3397,205,8,0,5.4,34.2,0,6.368,5.775,6.961,0.368
2026-10-07,2026-10-07T09:49:48+00:00,2026,5,5,467779,130,Wieffer,Mats,Wieffer,DEF,5,36,Brighton,4.9,5.0,-0.1,7,156,2,0,0,1,1,38,3.5,1.4,0.2,25950,43643,0.3393,0.5706,-0.2313,8.3,37.0,35.5,10.0,i,Knee injury - Unknown return date,2026-09-04T09:30:08.612904Z,0.0,0.0,0.0,0.0,0.0,0.0,0,2,0,4,0,0,0,0,0,0.12,0.13,0.25,3.18,15,4,9,11,,,,0,False,351,0.0,35,2211,-36.4,-4,False,,-37.1,-2,-38.6,-2,-40.0,-3,5.0,1186,53,0,0,3.5,10.9,0,4.739,4.152,5.327,-0.161
2026-10-07,2026-10-07T09:49:48+00:00,2026,5,5,469142,112,Van Hecke,Jan Paul,van Hecke,DEF,19,6,Spurs,4.9,5.0,-0.1,24,450,5,1,0,2,2,85,4.8,4.9,6.4,156256,487892,2.0428,6.3784,-4.3356,31.6,171.8,74.9,70.0,d,Foot injury - 75% chance of playing,2026-09-30T16:00:09.552205Z,,75.0,7.0,1.4,7.0,5.2,6,5,0,8,0,0,0,1,0,0.69,0.42,1.11,7.78,43,10,17,33,,,,0,False,60,0.0,20087,42497,-20.4,-102,False,,-21.2,-2,-22.6,-2,-24.1,-2,5.0,3420,182,8,0,4.8,37.2,0,5.713,5.123,6.304,0.813
2026-10-07,2026-10-07T09:49:48+00:00,2026,5,5,469247,49,Iling Jr,Samuel,Iling-Junior,MID,2,7,Aston Villa,5.0,5.0,0.0,0,0,0,0,0,0,0,0,0.0,0.0,0.0,0,237,0.0,0.0031,-0.0031,0.0,0.0,0.0,0.0,u,Has joined Bolton Wanderers on loan for the rest of the season,2026-08-17T13:52:28.532616Z,0.0,0.0,0.0,0.0,0.0,0.0,0,0,0,0,0,0,0,0,0,0.0,0.0,0.0,0.0,0,0,0,0,,,,0,False,661,0.0,0,12,0.0,0,False,,0.0,0,0.0,0,0.0,0,5.0,0,0,0,0,0.0,0.0,0,4.781,4.193,5.369,-0.219
2026-10-07,2026-10-07T09:49:48+00:00,2026,5,5,469266,589,Gourna-Douath,Lucas,Gourna-Douath,MID,11,88,Hull City,5.0,5.0,0.0,4,138,3,0,0,1,0,18,1.3,0.8,0.0,704,1350,0.0092,0.0176,-0.0084,6.5,29.4,33.5,2.0,a,,,,,0.5,0.1,0.5,0.5,1,1,0,0,0,0,0,1,0,0.03,0.03,0.06,2.26,17,5,7,5,,,,0,False,558,0.0,35,115,-86.7,0,False,,-86.7,-3,-86.7,-3,-86.7,-3,5.0,1049,30,0,0,1.3,6.1,0,4.825,4.238,5.412,-0.175
2026-10-07,2026-10-07T09:49:48+00:00,2026,5,5,469272,190,Tchaouna,Loum,Tchaouna,MID,7,9,Coventry City,5.4,5.5,-0.1,5,211,4,0,0,0,0,32,1.2,0.9,0.1,3145,8282,0.0411,0.1083,-0.0672,12.3,25.4,50.5,46.0,a,,,,,0.5,0.1,0.5,0.5,1,2,0,3,0,0,0,0,0,0.23,0.18,0.41,3.23,18,1,11,6,,,3.0,0,False,427,0.0,29,405,-91.8,0,False,,-91.8,-3,-91.8,-3,-91.8,-3,5.0,1604,38,0,0,1.2,7.0,0,5.026,4.439,5.613,-0.374
2026-10-07,2026-10-07T09:49:48+00:00,2026,5,5,470294,297,Gyabi,Darko,Gyabi,MID,11,88,Hull City,4.4,4.5,-0.1,0,0,0,0,0,0,0,0,0.0,0.0,0.0,460,1628,0.006,0.0213,-0.0153,0.0,0.0,0.0,0.0,i,Thigh injury - Unknown return date,2026-08-04T18:30:11.027155Z,0.0,0.0,0.0,0.0,0.0,0.0,0,0,0,0,0,0,0,0,0,0.0,0.0,0.0,0.0,0,0,0,0,,,,0,False,582,-0.1,71,160,-1.0,0,False,,-1.0,-1,-1.0,-1,-1.0,-1,5.0,0,0,0,0,0.0,0.0,0,4.502,3.915,5.089,0.102
2026-10-07,2026-10-07T09:49:48+00:00,2026,5,5,470313,463,Woltemade,Nick,Woltemade,FWD,17,4,Newcastle,5.9,6.0,-0.1,4,19,1,0,1,0,0,18,4.0,0.7,0.5,14520,142515,0.1898,1.8632,-1.6733,4.0,18.2,10.5,11.0,u,Has joined Juventus on loan for the rest of the season,2026-09-02T16:07:16.549304Z,0.0,0.0,0.0,0.0,0.0,0.0,0,0,0,0,0,0,0,0,0,0.02,0.01,0.03,0.38,0,0,0,0,,,,0,False,252,0.0,0,4080,0.0,-4,False,,0.0,0,0.0,0,0.0,0,5.0,144,30,0,8,4.0,5.2,0,5.919,5.329,6.509,0.019
2026-10-07,2026-10-07T09:49:48+00:00,2026,5,5,470315,478,Netz,Luca,Netz,DEF,18,17,Nott'm Forest,4.4,4.5,-0.1,3,27,3,0,0,0,0,8,1.0,0.7,0.0,692,1600,0.009,0.0209,-0.0119,2.6,6.0,17.5,2.0,a,,,,,0.5,0.1,0.5,0.5,1,0,0,1,0,0,0,0,0,0.0,0.02,0.02,0.13,1,1,1,0,,,,0,False,540,0.0,62,129,-8.9,0,False,,-8.9,-1,-8.9,-1,-8.9,-1,5.0,205,23,0,0,1.0,5.2,0,4.325,3.738,4.913,-0.075
2026-10-07,2026-10-07T09:49:48+00:00,2026,5,5,470551,567,Horníček,Lukás,Hornícek,GK,17,4,Newcastle,5.0,5.0,0.0,14,450,5,0,0,1,0,72,2.8,2.8,1.5,152880,72564,1.9987,0.9487,1.05,15.5,155.6,0.0,0.0,a,,,,,2.0,0.4,2.0,2.0,3,5,19,9,0,0,0,1,0,0.0,0.0,0.0,9.14,0,0,31,11,,,,0,False,149,0.0,8230,6011,25.6,7,False,,25.6,2,25.7,2,25.9,2,5.0,3420,106,0,0,2.8,21.3,0,4.701,4.113,5.29,-0.299
2026-10-07,2026-10-07T09:49:48+00:00,2026,5,5,471551,652,Azeez,Femi,Azeez,MID,5,36,Brighton,5.5,5.5,0.0,0,0,0,0,0,0,0,0,0.0,0.0,0.0,443,204,0.0058,0.0027,0.0031,0.0,0.0,0.0,0.0,i,Hamstring injury - Expected back 10 Oct,2026-09-04T11:30:08.661589Z,0.0,0.0,0.0,0.0,0.0,0.0,0,0,0,0,0,0,0,0,0,0.0,0.0,0.0,0.0,0,0,0,0,,,,0,False,650,0.0,20,47,-33.7,0,False,,-33.7,-2,-33.7,-2,-33.7,-2,5.0,0,0,0,0,0.0,0.0,0,5.083,4.495,5.671,-0.417
2026-10-07,2026-10-07T09:49:48+00:00,2026,5,5,472713,90,Hickey,Aaron,Hickey,DEF,4,94,Brentford,4.5,4.5,0.0,5,152,5,0,0,0,0,17,1.0,1.1,0.1,2125,3018,0.0278,0.0395,-0.0117,4.7,32.8,7.8,6.0,a,,,,,1.0,0.2,1.0,1.0,1,1,0,3,0,0,0,0,0,0.03,0.06,0.09,3.07,17,4,8,13,,,,0,False,461,0.0,211,285,-32.0,1,False,,-30.4,-2,-27.6,-2,-24.8,-2,5.0,1155,38,0,0,1.0,8.4,0,4.27,3.682,4.859,-0.23
2026-10-07,2026-10-07T09:49:48+00:00,2026,5,5,472739,110,Rushworth,Carl,Rushworth,GK,7,9,Coventry City,4.5,4.5,0.0,16,450,5,0,1,1,2,56,3.2,3.6,0.8,24138,59731,0.3156,0.7809,-0.4653,10.1,90.6,10.0,0.0,a,,,,,5.5,1.2,5.5,5.5,11,5,9,10,0,0,0,0,0,0.0,0.02,0.02,8.63,0,0,50,4,,,,1,False,204,0.0,2991,6567,-62.8,0,False,,-62.8,-3,-62.8,-3,-62.8,-3,5.0,3420,122,0,8,3.2,27.0,0,4.855,4.266,5.445,0.355
2026-10-07,2026-10-07T09:49:48+00:00,2026,5,5,472769,387,O'Reilly,Nico,O'Reilly,DEF,15,43,Man City,6.3,6.5,-0.2,6,163,4,0,0,0,0,22,1.5,1.0,10.7,192786,1222645,2.5204,15.9841,-13.4637,9.0,17.8,39.5,33.0,d,Unspecified injury - 75% chance of playing,2026-10-01T15:30:10.272693Z,100.0,75.0,1.0,0.2,1.0,0.8,1,2,0,2,0,0,0,0,0,0.87,0.43,1.3,2.1,5,3,9,2,,,,0,False,37,-0.1,5442,86134,-4.6,-208,False,,-5.2,-1,-6.2,-1,-7.2,-1,5.0,1239,46,0,0,1.5,7.2,0,5.756,5.167,6.345,-0.544
2026-10-07,2026-10-07T09:49:48+00:00,2026,5,5,473284,572,Tzolakis,Konstantinos,Tzolakis,GK,11,88,Hull City,4.7,4.5,0.2,34,450,5,0,0,3,6,129,6.8,7.2,12.9,1010555,223097,13.2114,2.9166,10.2947,15.0,150.0,0.0,0.0,a,,,,,4.0,0.9,4.0,4.0,6,5,17,4,0,1,0,1,0,0.0,0.0,0.0,7.4,0,1,69,2,,,,2,True,31,0.1,139227,27447,1.3,45,False,,1.4,1,1.7,1,2.0,1,5.0,3420,258,0,0,6.8,38.7,1,5.078,4.465,5.692,0.378
2026-10-07,2026-10-07T09:49:48+00:00,2026,5,5,474120,591,Enciso,Julio,Enciso,MID,12,40,Ipswich Town,5.5,5.5,0.0,15,413,5,0,2,0,0,83,3.0,2.7,0.8,94557,53206,1.2362,0.6956,0.5406,23.6,60.2,75.6,100.0,a,,2026-08-22T18:00:07.551930Z,100.0,100.0,2.0,0.4,2.0,2.0,2,5,0,11,0,0,0,1,0,1.26,0.89,2.15,8.47,31,2,24,5,,,,0,False,201,0.0,2994,6917,9.3,-10,False,,9.2,1,9.1,1,8.9,1,5.0,3139,114,0,15,3.0,20.7,0,5.843,5.252,6.434,0.343
2026-10-07,2026-10-07T09:49:48+00:00,2026,5,5,475168,165,João Pedro,João Pedro,Junqueira de Jesus,FWD,6,8,Chelsea,7.7,7.5,0.2,33,360,4,3,3,0,7,141,8.2,4.3,64.7,1592567,1512144,20.8202,19.7688,1.0514,37.0,158.4,90.0,123.0,d,Knee injury - 75% chance of playing,2026-09-16T19:00:09.919929Z,75.0,75.0,6.0,0.8,4.5,4.5,0,4,0,9,1,0,0,1,0,2.17,0.19,2.36,6.17,9,1,5,3,,,,2,True,2,-0.1,77826,439648,-2.8,-489,False,,-3.0,-1,-3.4,-1,-3.8,-1,5.0,2736,251,23,23,8.2,32.6,0,10.5,9.891,11.109,2.8
2026-10-07,2026-10-07T09:49:48+00:00,2026,5,5,476887,485,Bakwa,Dilane,Bakwa,MID,18,17,Nott'm Forest,5.5,5.5,0.0,0,0,0,0,0,0,0,0,0.0,0.0,0.0,107,1183,0.0014,0.0155,-0.0141,0.0,0.0,0.0,0.0,u,Has joined Lille on loan for the rest of the season,2026-08-27T14:53:03.381941Z,0.0,0.0,0.0,0.0,0.0,0.0,0,0,0,0,0,0,0,0,0,0.0,0.0,0.0,0.0,0,0,0,0,,,,0,False,638,0.0,0,41,0.0,0,False,,0.0,0,0.0,0,0.0,0,5.0,0,0,0,0,0.0,0.0,0,5.083,4.495,5.671,-0.417
2026-10-07,2026-10-07T09:49:48+00:00,2026,5,5,477064,395,Lewis,Rico,Lewis,DEF,15,43,Man City,4.4,4.5,-0.1,1,56,1,0,0,0,0,-1,1.0,0.2,0.2,8312,16380,0.1087,0.2141,-0.1055,4.7,3.8,3.8,39.0,a,,,,,0.0,0.0,0.0,0.0,0,1,0,1,0,0,0,0,0,0.17,0.02,0.19,0.55,2,0,0,2,,,,0,False,333,0.0,356,1314,-71.9,-2,False,,-72.8,-3,-74.2,-3,-75.6,-3,5.0,426,8,0,0,1.0,1.7,0,4.469,3.881,5.057,0.069
2026-10-07,2026-10-07T09:49:48+00:00,2026,5,5,477424,391,Gvardiol,Joško,Gvardiol,DEF,15,43,Man City,5.7,5.5,0.2,37,434,5,1,3,2,6,135,7.4,6.5,26.9,1849091,427383,24.1738,5.5873,18.5865,24.0,144.4,63.5,32.0,a,,,,,7.5,1.3,7.5,7.5,4,5,0,5,0,0,0,1,0,0.22,0.74,0.96,7.25,31,11,21,20,,,,0,True,11,0.0,167059,67167,87.4,43,False,,87.8,3,88.5,3,89.1,3,5.0,3298,281,8,23,7.4,38.7,1,7.569,6.966,8.173,1.869
2026-10-07,2026-10-07T09:49:48+00:00,2026,5,5,477547,538,Hjelde,Leo Fuhr,Hjelde,DEF,20,56,Sunderland,4.0,4.0,0.0,0,0,0,0,0,0,0,0,0.0,0.0,0.0,0,2544,0.0,0.0333,-0.0333,0.0,0.0,0.0,0.0,u,Has joined KV Mechelen on loan for the rest of the season,2026-08-12T14:08:03.081789Z,0.0,0.0,0.0,0.0,0.0,0.0,0,0,0,0,0,0,0,0,0,0.0,0.0,0.0,0.0,0,0,0,0,,,,0,False,527,0.0,0,173,0.0,0,False,,0.0,0,0.0,0,0.0,0,5.0,0,0,0,0,0.0,0.0,0,4.005,3.418,4.592,0.005
2026-10-07,2026-10-07T09:49:48+00:00,2026,5,5,477555,264,Bobb,Oscar,Bobb,MID,10,54,Fulham,5.5,5.5,0.0,13,343,5,0,0,3,0,53,2.6,2.4,0.3,17085,21188,0.2234,0.277,-0.0536,23.8,42.0,118.7,77.0,a,,,,,3.0,0.5,3.0,3.0,3,5,0,6,0,0,0,0,0,0.54,1.14,1.68,6.19,28,8,15,5,,,2.0,0,False,293,0.0,3082,2082,-42.5,7,False,,-40.5,-3,-36.8,-2,-33.2,-2,5.0,2607,99,0,0,2.6,18.0,0,5.218,4.63,5.806,-0.282
2026-10-07,2026-10-07T09:49:48+00:00,2026,5,5,480455,230,Branthwaite,Jarrad,Branthwaite,DEF,9,11,Everton,5.5,5.5,0.0,27,450,5,0,0,3,0,97,5.4,4.9,2.5,144169,73248,1.8848,0.9576,0.9272,22.5,145.4,7.2,73.0,a,,,,,7.0,1.3,7.0,7.0,8,5,0,3,0,0,0,0,0,0.17,0.02,0.19,6.94,54,5,14,49,,,,0,False,117,0.0,23997,8783,39.5,36,False,,39.8,2,40.4,3,40.9,3,5.0,3420,205,0,0,5.4,37.3,0,5.436,4.84,6.032,-0.064
2026-10-07,2026-10-07T09:49:48+00:00,2026,5,5,480457,183,Rudoni,Jack,Rudoni,MID,7,9,Coventry City,4.9,5.0,-0.1,13,297,5,0,0,2,0,51,2.6,2.7,0.1,4541,8210,0.0594,0.1073,-0.048,27.2,51.2,140.8,80.0,a,,2026-07-23T12:01:23.481435Z,100.0,100.0,3.5,0.7,3.5,3.5,5,4,0,4,0,0,0,0,0,0.92,1.11,2.03,4.49,34,4,21,9,,1.0,5.0,0,False,412,0.0,1071,821,0.1,0,False,,0.1,1,0.1,1,0.1,1,5.0,2257,99,0,0,2.6,20.2,0,4.991,4.403,5.579,0.091
2026-10-07,2026-10-07T09:49:48+00:00,2026,5,5,481283,667,Wright,James,Wright,GK,2,7,Aston Villa,4.0,4.0,0.0,0,0,0,0,0,0,0,0,0.0,0.0,0.1,9065,1081,0.1185,0.0141,0.1044,0.0,0.0,0.0,0.0,a,,,,,0.0,0.0,1.0,1.0,0,0,0,0,0,0,0,0,0,0.0,0.0,0.0,0.0,0,0,0,0,,,,0,False,375,0.0,9065,1081,0.2,1,False,,0.2,1,0.2,1,0.2,1,5.0,0,0,0,0,0.0,0.0,0,3.97,3.381,4.558,-0.03
2026-10-07,2026-10-07T09:49:48+00:00,2026,5,5,481624,318,Philogene,Jaden,Philogene,MID,12,40,Ipswich Town,5.4,5.5,-0.1,2,52,2,0,0,0,0,11,1.0,0.4,0.1,307,9305,0.004,0.1216,-0.1176,2.2,4.8,4.6,13.0,a,,2026-08-25T11:30:07.532993Z,100.0,100.0,1.0,0.2,1.0,1.0,1,0,0,1,0,0,0,0,0,0.08,0.01,0.08,0.97,4,0,4,0,3.0,,5.0,0,False,458,0.0,39,181,-9.4,0,False,,-9.4,-1,-9.4,-1,-9.4,-1,5.0,395,15,0,0,1.0,2.8,0,5.066,4.479,5.653,-0.334
2026-10-07,2026-10-07T09:49:48+00:00,2026,5,5,481655,19,Zubimendi,Martín,Zubimendi Ibáñez,MID,1,3,Arsenal,5.3,5.5,-0.2,5,89,5,0,0,0,0,16,1.0,0.9,0.6,8575,67039,0.1121,0.8764,-0.7643,4.8,13.4,5.0,29.0,a,,,,,1.0,0.2,1.0,1.0,1,0,0,0,0,0,0,0,0,0.21,0.04,0.25,1.38,12,4,3,5,,,,0,False,237,0.0,560,4096,-54.8,-1,False,,-55.0,-3,-55.3,-3,-55.7,-3,5.0,676,38,0,0,1.0,7.2,0,5.174,4.586,5.762,-0.126
2026-10-07,2026-10-07T09:49:48+00:00,2026,5,5,482442,518,P.M.Sarr,Pape Matar,Sarr,MID,19,6,Spurs,4.9,5.0,-0.1,0,0,0,0,0,0,0,0,0.0,0.0,0.1,4138,23821,0.0541,0.3114,-0.2573,0.0,0.0,0.0,0.0,u,Has joined Juventus on loan for the rest of the season,2026-09-02T16:02:43.386849Z,0.0,0.0,0.0,0.0,0.0,0.0,0,0,0,0,0,0,0,0,0,0.0,0.0,0.0,0.0,0,0,0,0,,,,0,False,460,0.0,0,754,0.0,-2,False,,0.0,0,0.0,0,0.0,0,5.0,0,0,0,0,0.0,0.0,0,4.842,4.255,5.43,-0.058
2026-10-07,2026-10-07T09:49:48+00:00,2026,5,5,482609,144,Gusto,Malo,Gusto,DEF,6,8,Chelsea,4.9,5.0,-0.1,4,272,4,0,0,0,0,12,1.0,0.8,0.9,37094,67871,0.4849,0.8873,-0.4024,8.2,32.0,37.2,13.0,a,,,,,0.5,0.1,0.5,0.5,0,3,0,7,0,0,0,0,0,0.08,0.12,0.2,3.5,15,4,13,11,,,6.0,0,False,184,-0.1,1767,7391,-4.3,-2,False,,-4.4,-1,-4.6,-1,-4.7,-1,5.0,2067,30,0,0,1.0,6.2,0,4.543,3.954,5.131,-0.357
2026-10-07,2026-10-07T09:49:48+00:00,2026,5,5,482616,627,Barcola,Bradley,Barcola,MID,14,14,Liverpool,8.0,8.0,0.0,7,168,3,0,0,2,0,22,2.3,0.9,1.9,291977,132353,3.8171,1.7303,2.0868,7.0,10.8,27.4,31.0,a,,,,,3.0,0.4,3.0,3.0,3,2,0,0,0,0,0,0,0,0.26,0.13,0.39,1.43,8,3,5,0,,,,0,False,129,0.0,14515,21107,-67.5,3,False,,-67.3,-3,-67.0,-3,-66.8,-3,5.0,1277,53,0,0,2.3,6.6,0,6.783,6.194,7.372,-1.217
2026-10-07,2026-10-07T09:49:48+00:00,2026,5,5,482973,491,Igor Jesus,Igor Jesus,Maciel da Cruz,FWD,18,17,Nott'm Forest,5.8,6.0,-0.2,12,257,5,1,0,0,2,53,2.4,2.1,2.6,127841,273312,1.6713,3.5731,-1.9018,19.6,54.8,40.7,100.0,a,,,,,4.0,0.7,4.0,4.0,1,2,0,3,0,0,0,1,0,1.25,0.08,1.33,2.61,15,2,8,5,4.0,,,0,False,111,0.0,8841,25967,-1.2,-19,False,,-1.8,-1,-3.1,-1,-4.3,-1,5.0,1953,91,8,0,2.4,15.7,0,5.98,5.393,6.568,0.18
2026-10-07,2026-10-07T09:49:48+00:00,2026,5,5,483067,566,Silva,António João,Pereira de Albuquerque Tavares da Silva,DEF,3,91,Bournemouth,5.0,5.0,0.0,13,450,5,0,0,0,0,30,2.6,2.6,0.4,36311,26662,0.4747,0.3486,0.1261,17.7,124.6,10.1,43.0,a,,,,,3.0,0.6,3.0,3.0,3,5,0,8,0,0,0,2,0,0.85,0.29,1.14,6.95,56,5,14,51,,,,0,False,262,0.0,10849,5221,1.8,6,False,,1.9,1,2.0,1,2.0,1,5.0,3420,99,0,0,2.6,19.8,0,4.652,4.063,5.24,-0.348
2026-10-07,2026-10-07T09:49:48+00:00,2026,5,5,484389,171,Dovin,Oliver,Dovin,GK,7,9,Coventry City,4.0,4.0,0.0,0,0,0,0,0,0,0,0,0.0,0.0,1.0,8924,58653,0.1167,0.7668,-0.6501,0.0,0.0,0.0,0.0,u,Has joined Leyton Orient on loan for the rest of the season,2026-09-02T15:44:14.839336Z,0.0,0.0,0.0,0.0,0.0,0.0,0,0,0,0,0,0,0,0,0,0.0,0.0,0.0,0.0,0,0,0,0,,,,0,False,179,0.0,0,5485,0.0,-4,False,,0.0,0,0.0,0,0.0,0,5.0,0,0,0,0,0.0,0.0,0,4.005,3.417,4.592,0.005
2026-10-07,2026-10-07T09:49:48+00:00,2026,5,5,484420,542,E.Le Fée,Enzo,Le Fée,MID,20,56,Sunderland,5.7,6.0,-0.3,18,438,5,1,1,1,1,90,3.6,3.2,3.3,46882,654439,0.6129,8.5557,-7.9428,31.0,88.6,137.3,82.0,a,,,,,2.5,0.4,2.5,2.5,5,5,0,9,0,0,1,0,0,2.06,1.34,3.4,8.46,21,7,11,3,2.0,3.0,1.0,0,False,100,-0.1,13310,27864,-5.0,5,False,,-4.9,-1,-4.8,-1,-4.7,-1,5.0,3329,137,8,8,3.6,24.0,0,6.354,5.766,6.942,0.654
2026-10-07,2026-10-07T09:49:48+00:00,2026,5,5,485047,470,Morato,Felipe,Rodrigues da Silva,DEF,18,17,Nott'm Forest,5.0,5.0,0.0,0,0,0,0,0,0,0,0,0.0,0.0,0.0,424,3714,0.0055,0.0486,-0.043,0.0,0.0,0.0,0.0,u,Has joined West Ham on loan for the rest of the season,2026-09-02T16:19:54.503286Z,0.0,0.0,0.0,0.0,0.0,0.0,0,0,0,0,0,0,0,0,0,0.0,0.0,0.0,0.0,0,0,0,0,,,,0,False,575,0.0,0,134,0.0,0,False,,0.0,0,0.0,0,0.0,0,5.0,0,0,0,0,0.0,0.0,0,4.547,3.959,5.134,-0.453
2026-10-07,2026-10-07T09:49:48+00:00,2026,5,5,485055,496,Kinsky,Antonín,Kinský,GK,19,6,Spurs,4.5,4.5,0.0,18,450,5,0,0,2,0,77,3.6,4.0,17.1,351444,809194,4.5946,10.5789,-5.9843,11.5,104.8,10.0,0.0,a,,,,,4.5,1.0,4.5,4.5,2,5,12,8,0,0,0,0,0,0.0,0.0,0.0,7.78,0,0,34,10,,,,0,False,23,0.0,22290,126967,-56.1,-66,False,,-56.4,-3,-57.1,-3,-57.7,-3,5.0,3420,137,0,0,3.6,30.4,0,4.955,4.365,5.544,0.455
2026-10-07,2026-10-07T09:49:48+00:00,2026,5,5,485337,42,Guessand,Evann,Guessand,MID,8,31,Crystal Palace,5.4,5.5,-0.1,2,54,2,0,0,0,0,6,1.0,0.4,0.0,2414,3654,0.0316,0.0478,-0.0162,1.5,5.4,2.1,7.0,a,,,,,0.0,0.0,0.0,0.0,0,0,0,1,0,0,0,0,0,0.03,0.03,0.06,0.34,2,1,0,1,,,,0,False,517,0.0,121,283,-30.6,0,False,,-30.6,-2,-30.6,-2,-30.6,-2,5.0,410,15,0,0,1.0,2.8,0,5.049,4.461,5.637,-0.351
2026-10-07,2026-10-07T09:49:48+00:00,2026,5,5,485711,439,Šeško,Benjamin,Sesko,FWD,16,1,Man Utd,7.0,7.0,0.0,8,76,4,1,0,0,0,39,2.0,1.1,1.6,104256,136380,1.363,1.7829,-0.42,8.2,34.6,11.9,36.0,d,Shin injury - 75% chance of playing,2026-09-20T19:30:08.505755Z,100.0,75.0,0.5,0.1,0.5,0.4,0,0,0,3,0,0,0,0,0,0.39,0.01,0.4,2.0,5,0,5,0,,,,0,False,142,0.0,6817,26707,-50.2,-45,False,,-51.6,-3,-54.2,-3,-56.7,-3,5.0,578,61,8,0,2.0,8.7,0,6.731,6.142,7.32,-0.269
2026-10-07,2026-10-07T09:49:48+00:00,2026,5,5,486385,248,Beto,Norberto Bercique,Gomes Betuncal,FWD,9,11,Everton,5.4,5.5,-0.1,2,31,2,0,0,0,0,5,1.0,0.4,0.6,16222,220436,0.2121,2.8818,-2.6698,0.8,3.0,0.3,5.0,u,Has joined Fiorentina permanently,2026-09-02T16:05:23.357221Z,0.0,0.0,0.0,0.0,0.0,0.0,0,0,0,0,0,0,0,0,0,0.09,0.0,0.09,1.92,1,0,0,1,,,,0,False,232,0.0,0,8114,0.0,-11,False,,0.0,0,0.0,0,0.0,0,5.0,236,15,0,0,1.0,2.8,0,5.128,4.54,5.716,-0.272
2026-10-07,2026-10-07T09:49:48+00:00,2026,5,5,486520,344,Gruev,Ilia,Gruev,MID,13,2,Leeds,5.0,5.0,0.0,0,0,0,0,0,0,0,0,0.0,0.0,0.0,131,318,0.0017,0.0042,-0.0024,0.0,0.0,0.0,0.0,a,,2026-08-14T23:00:06.272027Z,100.0,100.0,0.0,0.0,0.0,0.0,0,0,0,0,0,0,0,0,0,0.0,0.0,0.0,0.0,0,0,0,0,,,,0,False,646,0.0,52,23,0.0,0,False,,0.0,0,0.0,0,0.0,0,5.0,0,0,0,0,0.0,0.0,0,4.801,4.214,5.389,-0.199
2026-10-07,2026-10-07T09:49:48+00:00,2026,5,5,486672,159,Caicedo,Moisés,Caicedo Corozo,MID,6,8,Chelsea,5.3,5.5,-0.2,1,13,1,0,0,0,0,3,1.0,0.2,1.0,15095,282382,0.1973,3.6917,-3.4943,0.0,0.0,0.1,0.0,d,Calf injury - 50% chance of playing,2026-08-30T16:00:08.393562Z,50.0,50.0,0.0,0.0,0.0,0.0,0,0,0,0,0,0,0,0,0,0.0,0.0,0.0,0.07,0,0,0,0,,,,0,False,172,0.0,457,9990,-5.3,-11,False,,-5.8,-1,-6.8,-1,-7.8,-1,5.0,99,8,0,0,1.0,1.4,0,5.155,4.568,5.743,-0.145
2026-10-07,2026-10-07T09:49:48+00:00,2026,5,5,487053,506,Udogie,Destiny,Udogie,DEF,19,6,Spurs,4.4,4.5,-0.1,7,86,3,0,0,1,0,21,2.3,1.6,0.3,5620,22624,0.0735,0.2958,-0.2223,2.7,9.8,13.5,4.0,a,,2026-09-11T18:00:09.092110Z,100.0,100.0,0.0,0.0,0.0,0.0,0,1,0,1,0,0,0,1,0,0.0,0.23,0.23,1.17,4,1,4,3,,,,0,False,281,0.0,381,1794,-24.2,-2,False,,-24.6,-2,-25.3,-2,-26.1,-2,5.0,654,53,0,0,2.3,12.1,0,4.55,3.962,5.138,0.15
2026-10-07,2026-10-07T09:49:48+00:00,2026,5,5,487117,139,Ferguson,Evan,Ferguson,FWD,5,36,Brighton,5.0,5.0,0.0,0,0,0,0,0,0,0,0,0.0,0.0,0.0,1610,2550,0.021,0.0333,-0.0123,0.0,0.0,0.0,0.0,i,Ankle injury - Expected back 10 Oct,2026-07-23T12:01:23.448357Z,0.0,0.0,0.0,0.0,0.0,0.0,0,0,0,0,0,0,0,0,0,0.0,0.0,0.0,0.0,0,0,0,0,,,,0,False,544,0.0,159,281,-63.4,0,False,,-63.4,-3,-63.4,-3,-63.4,-3,5.0,0,0,0,0,0.0,0.0,0,4.791,4.203,5.38,-0.209
2026-10-07,2026-10-07T09:49:48+00:00,2026,5,5,487676,534,Hume,Trai,Hume,DEF,20,56,Sunderland,4.3,4.5,-0.2,10,206,4,0,0,1,0,44,2.5,2.3,2.8,37996,401266,0.4967,5.2459,-4.7492,11.5,32.2,59.0,23.0,a,,,,,0.5,0.1,0.5,0.5,1,2,0,2,0,0,0,0,0,0.14,0.29,0.43,4.57,13,10,12,3,,,3.0,0,False,108,-0.1,1370,33591,-9.6,-18,False,,-10.0,-1,-10.6,-1,-11.2,-1,5.0,1566,76,0,0,2.5,17.7,0,4.522,3.935,5.109,0.222
2026-10-07,2026-10-07T09:49:48+00:00,2026,5,5,487838,449,Hall,Lewis,Hall,DEF,17,4,Newcastle,5.3,5.0,0.3,31,449,5,1,1,1,6,127,6.2,5.8,17.7,1697458,354254,22.1915,4.6313,17.5602,30.2,175.6,89.0,38.0,a,,,,,6.5,1.2,6.5,6.5,13,5,0,9,0,0,0,0,0,0.25,0.79,1.04,9.12,46,13,38,33,,1.0,1.0,2,False,22,0.1,283956,26421,11.0,359,False,,12.2,1,14.3,1,16.4,1,5.0,3412,236,8,8,6.2,38.7,1,6.331,5.738,6.923,1.031
2026-10-07,2026-10-07T09:49:48+00:00,2026,5,5,487992,596,Ruggeri,Matteo,Ruggeri,DEF,2,7,Aston Villa,4.5,4.5,0.0,5,113,3,0,0,0,0,17,1.7,1.1,0.1,3351,5652,0.0438,0.0739,-0.0301,4.1,26.0,14.1,1.0,a,,,,,1.5,0.3,1.5,1.5,3,1,0,2,0,0,0,0,0,0.03,0.02,0.05,2.05,16,2,11,14,,,,0,False,429,0.0,708,388,-69.6,3,False,,-66.7,-3,-61.5,-3,-56.4,-3,5.0,859,38,0,0,1.7,8.4,0,4.362,3.775,4.95,-0.138
2026-10-07,2026-10-07T09:49:48+00:00,2026,5,5,488024,211,Yeremy,Yéremy,Pino Santos,MID,8,31,Crystal Palace,5.5,5.5,0.0,14,307,5,0,2,1,0,70,2.8,2.5,0.3,45318,31461,0.5925,0.4113,0.1812,15.8,30.2,94.1,33.0,a,,,,,1.5,0.3,1.5,1.5,2,4,0,6,0,0,0,1,0,0.52,0.55,1.07,6.93,26,5,16,5,,1.0,1.0,0,False,278,0.0,774,3064,4.9,-9,False,,4.8,1,4.7,1,4.5,1,5.0,2333,106,0,15,2.8,19.3,0,5.866,5.275,6.457,0.366
2026-10-07,2026-10-07T09:49:48+00:00,2026,5,5,489580,365,Ramsay,Calvin,Ramsay,DEF,14,14,Liverpool,4.0,4.0,0.0,0,0,0,0,0,0,0,0,0.0,0.0,0.1,638,12764,0.0083,0.1669,-0.1585,0.0,0.0,0.0,0.0,u,Has joined St Mirren on loan for the rest of the season,2026-08-26T14:05:26.748768Z,0.0,0.0,0.0,0.0,0.0,0.0,0,0,0,0,0,0,0,0,0,0.0,0.0,0.0,0.0,0,0,0,0,,,,0,False,435,0.0,0,535,0.0,0,False,,0.0,0,0.0,0,0.0,0,5.0,0,0,0,0,0.0,0.0,0,4.12,3.532,4.707,0.12
2026-10-07,2026-10-07T09:49:48+00:00,2026,5,5,489639,109,Verbruggen,Bart,Verbruggen,GK,5,36,Brighton,4.5,4.5,0.0,23,450,5,0,0,3,0,107,4.6,5.1,21.6,778675,621139,10.1799,8.1204,2.0595,11.7,113.8,3.0,0.0,a,,,,,7.0,1.6,7.0,7.0,6,5,12,5,0,0,0,0,0,0.0,0.2,0.2,8.67,0,0,34,3,,,,0,False,16,0.0,85200,85285,69.9,28,False,,70.1,3,70.5,3,71.0,3,5.0,3420,175,0,0,4.6,38.7,1,5.161,4.569,5.754,0.661
2026-10-07,2026-10-07T09:49:48+00:00,2026,5,5,489706,215,Devenny,Justin,Devenny,MID,8,31,Crystal Palace,5.0,5.0,0.0,0,0,0,0,0,0,0,0,0.0,0.0,0.0,132,956,0.0017,0.0125,-0.0108,0.0,0.0,0.0,0.0,u,Has joined Stoke City permanently,2026-09-02T15:41:07.346849Z,0.0,0.0,0.0,0.0,0.0,0.0,0,0,0,0,0,0,0,0,0,0.0,0.0,0.0,0.0,0,0,0,0,3.0,2.0,,0,False,640,0.0,0,42,0.0,-1,False,,0.0,0,0.0,0,0.0,0,5.0,0,0,0,0,0.0,0.0,0,4.788,4.2,5.375,-0.212
2026-10-07,2026-10-07T09:49:48+00:00,2026,5,5,489888,77,Adli,Amine,Adli,MID,3,91,Bournemouth,4.9,5.0,-0.1,0,0,0,0,0,0,0,0,0.0,0.0,0.0,300,2223,0.0039,0.0291,-0.0251,0.0,0.0,0.0,0.0,i,Calf injury - Unknown return date,2026-08-15T16:00:07.590566Z,0.0,0.0,0.0,0.0,0.0,0.0,0,0,0,0,0,0,0,0,0,0.0,0.0,0.0,0.0,0,0,0,0,,,,0,False,597,0.0,31,82,-90.2,0,False,,-90.2,-3,-90.2,-3,-90.2,-3,5.0,0,0,0,0,0.0,0.0,0,4.778,4.189,5.366,-0.122
2026-10-07,2026-10-07T09:49:48+00:00,2026,5,5,490094,240,Iroegbunam,Tim,Iroegbunam,MID,11,88,Hull City,5.0,5.0,0.0,2,70,3,0,0,0,0,10,0.7,0.4,0.0,1121,1161,0.0147,0.0152,-0.0005,3.1,9.2,11.5,10.0,a,,2026-08-15T20:00:06.878792Z,100.0,100.0,0.5,0.1,0.5,0.5,1,0,0,0,0,0,0,1,0,0.12,0.01,0.13,0.6,9,3,5,1,,,,0,False,584,0.0,83,147,0.1,0,False,,0.1,1,0.1,1,0.1,1,5.0,532,15,0,0,0.7,3.0,0,4.789,4.202,5.376,-0.211
2026-10-07,2026-10-07T09:49:48+00:00,2026,5,5,490145,528,Scarlett,Dane,Scarlett,FWD,19,6,Spurs,4.5,4.5,0.0,0,0,0,0,0,0,0,0,0.0,0.0,1.1,42525,110433,0.5559,1.4437,-0.8878,0.0,0.0,0.0,0.0,u,Has joined Leyton Orient permanently,2026-09-02T16:02:43.413625Z,0.0,0.0,0.0,0.0,0.0,0.0,0,0,0,0,0,0,0,0,0,0.0,0.0,0.0,0.0,0,0,0,0,,,,0,False,171,0.0,0,8866,0.0,-8,False,,0.0,0,0.0,0,0.0,0,5.0,0,0,0,0,0.0,0.0,0,4.603,4.015,5.192,0.103
2026-10-07,2026-10-07T09:49:48+00:00,2026,5,5,490161,293,Kamara,Abu,Kamara,MID,11,88,Hull City,5.0,5.0,0.0,0,0,0,0,0,0,0,0,0.0,0.0,0.0,0,376,0.0,0.0049,-0.0049,0.0,0.0,0.0,0.0,u,Has joined Portsmouth permanently,2026-08-12T14:08:23.542043Z,0.0,0.0,0.0,0.0,0.0,0.0,0,0,0,0,0,0,0,0,0,0.0,0.0,0.0,0.0,0,0,0,0,,,,0,False,660,0.0,0,14,0.0,0,False,,0.0,0,0.0,0,0.0,0,5.0,0,0,0,0,0.0,0.0,0,4.801,4.214,5.389,-0.199
2026-10-07,2026-10-07T09:49:48+00:00,2026,5,5,490881,436,Collyer,Toby,Collyer,MID,16,1,Man Utd,5.0,5.0,0.0,0,0,0,0,0,0,0,0,0.0,0.0,0.0,150,1057,0.002,0.0138,-0.0119,0.0,0.0,0.0,0.0,u,Has joined West Brom permanently,2026-09-01T13:16:48.584385Z,0.0,0.0,0.0,0.0,0.0,0.0,0,0,0,0,0,0,0,0,0,0.0,0.0,0.0,0.0,0,0,0,0,,,,0,False,610,0.0,0,50,0.0,0,False,,0.0,0,0.0,0,0.0,0,5.0,0,0,0,0,0.0,0.0,0,4.909,4.321,5.497,-0.091
2026-10-07,2026-10-07T09:49:48+00:00,2026,5,5,490884,617,Cho,Mohamed-Ali,Cho,MID,11,88,Hull City,5.0,5.0,0.0,9,72,4,1,0,0,0,36,2.2,1.8,0.0,1823,777,0.0238,0.0102,0.0137,14.9,49.8,43.9,55.0,a,,,,,3.5,0.7,3.5,3.5,6,0,0,1,0,0,0,0,0,0.79,0.36,1.15,0.98,2,0,1,1,,,,0,False,585,0.0,387,165,0.2,0,False,,0.2,1,0.2,1,0.2,1,5.0,547,68,8,0,2.2,13.7,0,5.559,4.97,6.148,0.559
2026-10-07,2026-10-07T09:49:48+00:00,2026,5,5,491007,163,D.Essugo,Dário,Luís Essugo,MID,6,8,Chelsea,4.5,4.5,0.0,0,0,0,0,0,0,0,0,0.0,0.0,0.1,2698,14512,0.0353,0.1897,-0.1544,0.0,0.0,0.0,0.0,u,Has joined RC Strasbourg on loan for the rest of the season,2026-09-02T16:20:41.865225Z,0.0,0.0,0.0,0.0,0.0,0.0,0,0,0,0,0,0,0,0,0,0.0,0.0,0.0,0.0,0,0,0,0,,,,0,False,434,0.0,0,800,0.0,0,False,,0.0,0,0.0,0,0.0,0,5.0,0,0,0,0,0.0,0.0,0,4.629,4.041,5.217,0.129
2026-10-07,2026-10-07T09:49:48+00:00,2026,5,5,491279,503,Van de Ven,Micky,van de Ven,DEF,19,6,Spurs,5.0,5.0,0.0,16,360,4,0,0,2,3,69,4.0,3.2,3.8,95695,269635,1.2511,3.525,-2.274,10.3,75.8,8.7,18.0,a,,2026-08-21T15:00:07.610517Z,100.0,100.0,3.5,0.7,3.5,3.5,1,4,0,5,0,0,0,1,0,0.59,0.05,0.64,3.91,29,5,17,24,,,,0,False,90,0.0,7239,22394,-25.2,-12,False,,-25.5,-2,-26.0,-2,-26.6,-2,5.0,2736,122,0,0,4.0,24.3,0,4.992,4.404,5.581,-0.008
2026-10-07,2026-10-07T09:49:48+00:00,2026,5,5,491501,378,McConnell,James,McConnell,MID,14,14,Liverpool,4.4,4.5,-0.1,0,0,0,0,0,0,0,0,0.0,0.0,0.2,6994,13107,0.0914,0.1714,-0.0799,0.0,0.0,0.0,0.0,a,,,,,0.0,0.0,0.0,0.0,0,0,0,0,0,0,0,0,0,0.0,0.0,0.0,0.0,0,0,0,0,,,,0,False,312,0.0,1119,1650,-5.3,2,False,,-4.4,-1,-2.7,-1,-1.0,-1,5.0,0,0,0,0,0.0,0.0,0,4.618,4.031,5.206,0.218
2026-10-07,2026-10-07T09:49:48+00:00,2026,5,5,492498,191,Borges Rodrigues,Raphael,Borges Rodrigues,MID,7,9,Coventry City,4.5,4.5,0.0,0,0,0,0,0,0,0,0,0.0,0.0,0.1,1943,11602,0.0254,0.1517,-0.1263,0.0,0.0,0.0,0.0,u,Has joined Burton Albion on loan for the rest of the season,2026-09-02T15:44:14.868001Z,0.0,0.0,0.0,0.0,0.0,0.0,0,0,0,0,0,0,0,0,0,0.0,0.0,0.0,0.0,0,0,0,0,,,,0,False,441,0.0,0,778,0.0,-4,False,,0.0,0,0.0,0,0.0,0,5.0,0,0,0,0,0.0,0.0,0,4.529,3.941,5.116,0.029
2026-10-07,2026-10-07T09:49:48+00:00,2026,5,5,492777,360,Bradley,Conor,Bradley,DEF,14,14,Liverpool,5.0,5.0,0.0,0,0,0,0,0,0,0,0,0.0,0.0,0.0,386,807,0.005,0.0106,-0.0055,0.0,0.0,0.0,0.0,i,Knee injury - Unknown return date,2026-07-23T12:01:23.565711Z,0.0,0.0,0.0,0.0,0.0,0.0,0,0,0,0,0,0,0,0,0,0.0,0.0,0.0,0.0,0,0,0,0,,,,0,False,609,0.0,69,95,-93.0,0,False,,-93.0,-3,-93.0,-3,-93.0,-3,5.0,0,0,0,0,0.0,0.0,0,4.66,4.072,5.248,-0.34
2026-10-07,2026-10-07T09:49:48+00:00,2026,5,5,492859,341,Gnonto,Wilfried,Gnonto,MID,13,2,Leeds,5.0,5.0,0.0,0,0,0,0,0,0,0,0,0.0,0.0,0.0,244,1820,0.0032,0.0238,-0.0206,0.0,0.0,0.0,0.0,u,Has joined ACF Fiorentina on loan for the rest of the season,2026-09-02T16:04:47.189648Z,0.0,0.0,0.0,0.0,0.0,0.0,0,0,0,0,0,0,0,0,0,0.0,0.0,0.0,0.0,0,0,0,0,,,,0,False,625,0.0,0,62,0.0,-1,False,,0.0,0,0.0,0,0.0,0,5.0,0,0,0,0,0.0,0.0,0,4.801,4.214,5.389,-0.199
2026-10-07,2026-10-07T09:49:48+00:00,2026,5,5,493105,160,Garnacho,Alejandro,Garnacho Ferreyra,MID,2,7,Aston Villa,5.8,6.0,-0.2,3,31,3,0,0,0,0,9,1.0,0.5,0.3,7572,41461,0.099,0.542,-0.443,0.5,1.2,3.6,0.0,a,,,,,0.0,0.0,0.0,0.0,0,0,0,0,0,0,0,0,0,0.0,0.0,0.0,0.49,2,0,2,0,,,,0,False,287,0.0,624,3008,-73.8,-5,False,,-75.2,-3,-77.7,-3,-80.1,-3,5.0,236,23,0,0,1.0,3.9,0,5.329,4.741,5.917,-0.471
2026-10-07,2026-10-07T09:49:48+00:00,2026,5,5,493250,431,Amad,Amad,Diallo,MID,16,1,Man Utd,5.7,6.0,-0.3,0,0,0,0,0,0,0,0,0.0,0.0,0.3,2193,123818,0.0287,1.6187,-1.59,0.0,0.0,0.0,0.0,i,Unspecified injury - Unknown return date,2026-08-22T11:00:08.617283Z,0.0,0.0,0.0,0.0,0.0,0.0,0,0,0,0,0,0,0,0,0,0.0,0.0,0.0,0.0,0,0,0,0,,,4.0,0,False,295,0.0,151,2097,-20.5,-7,False,,-21.3,-2,-22.8,-2,-24.3,-2,5.0,0,0,0,0,0.0,0.0,0,5.378,4.79,5.966,-0.322
2026-10-07,2026-10-07T09:49:48+00:00,2026,5,5,493362,513,Xavi,Xavi,Simons,MID,19,6,Spurs,5.9,6.0,-0.1,0,0,0,0,0,0,0,0,0.0,0.0,0.0,352,1127,0.0046,0.0147,-0.0101,0.0,0.0,0.0,0.0,i,Knee injury - Unknown return date,2026-07-23T12:01:23.864304Z,0.0,0.0,0.0,0.0,0.0,0.0,0,0,0,0,0,0,0,0,0,0.0,0.0,0.0,0.0,0,0,0,0,4.0,2.0,,0,False,596,0.0,60,86,-17.7,0,False,,-17.7,-1,-17.7,-1,-17.7,-1,5.0,0,0,0,0,0.0,0.0,0,5.404,4.815,5.992,-0.496
2026-10-07,2026-10-07T09:49:48+00:00,2026,5,5,494307,394,Alleyne,Max,Alleyne,DEF,15,43,Man City,5.0,5.0,0.0,0,0,0,0,0,0,0,0,0.0,0.0,0.0,0,618,0.0,0.0081,-0.0081,0.0,0.0,0.0,0.0,u,Has joined Burnley on loan for the rest of the season,2026-08-18T14:11:56.324656Z,0.0,0.0,0.0,0.0,0.0,0.0,0,0,0,0,0,0,0,0,0,0.0,0.0,0.0,0.0,0,0,0,0,,,,0,False,641,0.0,0,20,0.0,0,False,,0.0,0,0.0,0,0.0,0,5.0,0,0,0,0,0.0,0.0,0,4.771,4.182,5.359,-0.229
2026-10-07,2026-10-07T09:49:48+00:00,2026,5,5,494521,61,Truffert,Adrien,Truffert,DEF,3,91,Bournemouth,5.4,5.5,-0.1,10,450,5,0,0,0,2,53,2.0,1.9,3.0,57448,162310,0.751,2.1219,-1.3709,21.5,104.6,70.5,39.0,a,,,,,2.5,0.5,2.5,2.5,2,5,0,8,0,0,0,1,0,0.11,0.29,0.4,6.95,45,17,24,28,,,,0,False,104,-0.1,5579,14027,-1.8,-1,False,,-1.8,-1,-1.8,-1,-1.9,-1,5.0,3420,76,0,0,2.0,14.1,0,4.807,4.218,5.397,-0.593
2026-10-07,2026-10-07T09:49:48+00:00,2026,5,5,494595,366,Wirtz,Florian,Wirtz,MID,14,14,Liverpool,7.3,7.5,-0.2,18,402,5,0,2,3,0,92,3.6,2.5,5.7,135867,770445,1.7762,10.0723,-8.2961,31.4,65.0,147.3,101.0,a,,,,,4.5,0.6,4.5,4.5,6,5,0,4,0,0,0,1,0,1.0,0.4,1.4,4.82,36,8,25,3,4.0,2.0,2.0,0,False,68,0.0,5599,47048,-41.4,-30,False,,-41.9,-3,-42.8,-3,-43.6,-3,5.0,3055,137,0,15,3.6,18.7,0,7.104,6.513,7.695,-0.196
2026-10-07,2026-10-07T09:49:48+00:00,2026,5,5,494928,573,Sanchez,Juanlu,Sánchez,DEF,3,91,Bournemouth,4.4,4.5,-0.1,0,0,0,0,0,0,0,0,0.0,0.0,0.2,1586,7146,0.0207,0.0934,-0.0727,0.0,0.0,0.0,0.0,a,,,,,0.0,0.0,0.0,0.0,0,0,0,0,0,0,0,0,0,0.0,0.0,0.0,0.0,0,0,0,0,,,,0,False,359,0.0,166,489,-14.4,0,False,,-14.4,-1,-14.4,-1,-14.4,-1,5.0,0,0,0,0,0.0,0.0,0,4.256,3.668,4.844,-0.144
2026-10-07,2026-10-07T09:49:48+00:00,2026,5,5,494950,275,Cartwright,Harvey,Cartwright,GK,11,88,Hull City,4.0,4.0,0.0,0,0,0,0,0,0,0,0,0.0,0.0,0.0,0,333,0.0,0.0044,-0.0044,0.0,0.0,0.0,0.0,u,Has joined Grimsby Town on loan for the rest of the season,2026-07-29T13:00:27.959925Z,0.0,0.0,0.0,0.0,0.0,0.0,0,0,0,0,0,0,0,0,0,0.0,0.0,0.0,0.0,0,0,0,0,,,,0,False,629,0.0,0,31,0.0,0,False,,0.0,0,0.0,0,0.0,0,5.0,0,0,0,0,0.0,0.0,0,3.988,3.4,4.575,-0.012
2026-10-07,2026-10-07T09:49:48+00:00,2026,5,5,496181,638,Norton-Cuffy,Brooke,Norton-Cuffy,DEF,11,88,Hull City,4.0,4.0,0.0,1,34,2,0,0,0,0,3,0.5,0.2,0.2,26079,10636,0.3409,0.139,0.2019,1.2,2.2,0.6,9.0,d,Hamstring injury - 75% chance of playing,2026-09-21T08:30:09.561308Z,,75.0,0.0,0.0,0.0,0.0,0,0,0,0,0,0,0,1,0,0.05,0.0,0.05,0.3,1,0,4,1,,,,0,False,311,0.0,463,2810,-31.5,-3,False,,-32.0,-2,-33.0,-2,-33.9,-2,5.0,258,8,0,0,0.5,1.9,0,3.995,3.408,4.582,-0.005
2026-10-07,2026-10-07T09:49:48+00:00,2026,5,5,496208,72,Gannon-Doak,Ben,Gannon-Doak,MID,3,91,Bournemouth,4.9,5.0,-0.1,4,12,4,0,0,0,0,15,1.0,0.8,0.1,1661,4688,0.0217,0.0613,-0.0396,2.3,4.0,2.9,16.0,a,,,,,1.0,0.2,1.0,1.0,1,0,0,1,0,0,0,0,0,0.12,0.05,0.17,0.6,7,2,5,0,,,,0,False,485,0.0,161,428,-72.2,-1,False,,-74.2,-3,-77.6,-3,-81.0,-3,5.0,91,30,0,0,1.0,6.2,0,4.882,4.293,5.471,-0.018
2026-10-07,2026-10-07T09:49:48+00:00,2026,5,5,496221,210,Wharton,Adam,Wharton,MID,8,31,Crystal Palace,5.4,5.5,-0.1,12,436,5,0,0,1,0,77,2.4,2.2,0.7,29710,48955,0.3884,0.64,-0.2516,18.9,73.0,97.0,18.0,a,,2026-07-23T12:01:23.498963Z,100.0,100.0,2.0,0.4,2.0,2.0,2,5,0,10,0,0,0,1,0,0.15,0.58,0.73,8.91,41,10,15,16,,,2.0,0,False,212,-0.1,1303,4965,-3.6,-3,False,,-3.9,-1,-4.2,-1,-4.6,-1,5.0,3314,91,0,0,2.4,16.9,0,5.083,4.495,5.672,-0.317
2026-10-07,2026-10-07T09:49:48+00:00,2026,5,5,496661,245,Dibling,Tyler,Dibling,MID,9,11,Everton,5.4,5.5,-0.1,1,24,1,0,0,0,0,10,1.0,0.2,0.0,1190,2669,0.0156,0.0349,-0.0193,5.8,7.2,24.4,26.0,a,,,,,0.5,0.1,0.5,0.5,1,0,0,0,0,0,0,0,0,0.17,0.16,0.33,0.38,0,0,0,0,,,,0,False,548,0.0,135,170,-97.1,-1,False,,-101.0,-5,-108.1,-5,-115.1,-5,5.0,182,8,0,0,1.0,1.4,0,5.109,4.522,5.697,-0.291
2026-10-07,2026-10-07T09:49:48+00:00,2026,5,5,498016,529,Roefs,Robin,Roefs,GK,20,56,Sunderland,4.9,5.0,-0.1,11,450,5,0,0,1,0,41,2.2,2.2,2.4,22159,179474,0.2897,2.3463,-2.0566,7.3,73.4,0.0,0.0,a,,,,,1.0,0.2,1.0,1.0,0,5,6,10,0,0,0,0,0,0.0,0.01,0.01,8.66,0,0,35,7,,,,0,False,119,0.0,2310,13349,-18.7,-10,False,,-19.1,-1,-19.8,-1,-20.5,-2,5.0,3420,84,0,0,2.2,17.1,0,4.569,3.98,5.157,-0.331
2026-10-07,2026-10-07T09:49:48+00:00,2026,5,5,498444,583,Chavarria,Pep,Chavarría,DEF,6,8,Chelsea,4.9,5.0,-0.1,5,208,5,0,0,0,0,17,1.0,1.0,0.2,3488,11222,0.0456,0.1467,-0.1011,7.5,30.8,31.4,12.0,a,,,,,1.0,0.2,1.0,1.0,1,1,0,4,0,0,0,0,0,0.04,0.07,0.11,4.1,16,5,7,11,,,,0,False,368,0.0,528,616,-52.0,2,False,,-50.8,-3,-48.6,-3,-46.3,-3,5.0,1581,38,0,0,1.0,7.8,0,4.605,4.017,5.193,-0.295
2026-10-07,2026-10-07T09:49:48+00:00,2026,5,5,499169,7,Lewis-Skelly,Myles,Lewis-Skelly,MID,1,3,Arsenal,5.4,5.5,-0.1,9,271,4,0,0,2,0,37,2.2,1.7,0.6,29837,50176,0.3901,0.656,-0.2659,7.0,21.6,40.2,16.0,a,,,,,0.5,0.1,0.5,0.5,0,4,0,1,0,0,0,0,0,0.16,0.23,0.39,1.02,14,1,8,5,,,,0,False,239,-0.1,1160,5372,-18.0,-3,False,,-18.3,-1,-18.7,-1,-19.1,-1,5.0,2060,68,0,0,2.2,12.7,0,5.227,4.64,5.815,-0.173
2026-10-07,2026-10-07T09:49:48+00:00,2026,5,5,499175,22,Nwaneri,Ethan,Nwaneri,MID,1,3,Arsenal,5.4,5.5,-0.1,0,0,0,0,0,0,0,0,0.0,0.0,0.0,233,1258,0.003,0.0164,-0.0134,0.0,0.0,0.0,0.0,u,Has joined Borussia Dortmund on loan for the rest of the season,2026-09-02T16:01:07.058827Z,0.0,0.0,0.0,0.0,0.0,0.0,0,0,0,0,0,0,0,0,0,0.0,0.0,0.0,0.0,0,0,0,0,,,,0,False,633,0.0,0,58,0.0,0,False,,0.0,0,0.0,0,0.0,0,5.0,0,0,0,0,0.0,0.0,0,5.138,4.55,5.726,-0.262
2026-10-07,2026-10-07T09:49:48+00:00,2026,5,5,499300,235,Aznou,Adam,Aznou,DEF,9,11,Everton,4.0,4.0,0.0,0,0,0,0,0,0,0,0,0.0,0.0,0.1,1728,11227,0.0226,0.1468,-0.1242,0.0,0.0,0.0,0.0,u,Has joined Malaga on loan for the rest of the season,2026-09-01T13:23:16.934847Z,0.0,0.0,0.0,0.0,0.0,0.0,0,0,0,0,0,0,0,0,0,0.0,0.0,0.0,0.0,0,0,0,0,,,,0,False,431,0.0,0,633,0.0,0,False,,0.0,0,0.0,0,0.0,0,5.0,0,0,0,0,0.0,0.0,0,4.054,3.466,4.642,0.054
2026-10-07,2026-10-07T09:49:48+00:00,2026,5,5,499309,168,Marc Guiu,Marc,Guiu Paz,FWD,6,8,Chelsea,5.0,5.0,0.0,0,0,0,0,0,0,0,0,0.0,0.0,0.2,4102,33440,0.0536,0.4372,-0.3835,0.0,0.0,0.0,0.0,u,Has joined RB Leipzig permanently,2026-09-01T13:24:48.857362Z,0.0,0.0,0.0,0.0,0.0,0.0,0,0,0,0,0,0,0,0,0,0.0,0.0,0.0,0.0,0,0,0,0,,,,0,False,339,0.0,0,1716,0.0,-3,False,,0.0,0,0.0,0,0.0,0,5.0,0,0,0,0,0.0,0.0,0,4.896,4.307,5.484,-0.104
2026-10-07,2026-10-07T09:49:48+00:00,2026,5,5,499604,67,Rayan,Rayan Vitor,Simplício Rocha,MID,3,91,Bournemouth,6.3,6.5,-0.2,10,434,5,0,0,0,0,45,2.0,1.6,1.6,53601,170440,0.7007,2.2282,-1.5275,18.0,30.4,50.4,99.0,a,,,,,2.0,0.3,2.0,2.0,2,5,0,7,0,0,0,0,0,0.87,0.43,1.3,6.35,15,5,4,6,,,,0,False,146,-0.1,4931,10944,-10.7,-4,False,,-10.8,-1,-11.1,-1,-11.3,-1,5.0,3298,76,0,0,2.0,12.1,0,5.541,4.951,6.131,-0.759
2026-10-07,2026-10-07T09:49:48+00:00,2026,5,5,499716,510,Rowswell,James,Rowswell,DEF,19,6,Spurs,4.0,4.0,0.0,0,0,0,0,0,0,0,0,0.0,0.0,0.1,2908,3507,0.038,0.0458,-0.0078,0.0,0.0,0.0,0.0,a,,,,,0.0,0.0,0.0,0.0,0,0,0,0,0,0,0,0,0,0.0,0.0,0.0,0.0,0,0,0,0,,,,0,False,436,0.0,179,379,-18.4,0,False,,-18.4,-1,-18.4,-1,-18.4,-1,5.0,0,0,0,0,0.0,0.0,0,4.074,3.487,4.662,0.074
2026-10-07,2026-10-07T09:49:48+00:00,2026,5,5,499721,523,Moore,Mikey,Moore,MID,19,6,Spurs,5.0,5.0,0.0,3,89,2,0,0,0,0,11,1.5,0.6,0.1,3258,17093,0.0426,0.2235,-0.1809,7.5,14.2,6.3,56.0,u,Has joined FC Köln on loan for the rest of the season,2026-09-04T12:39:48.098158Z,0.0,0.0,0.0,0.0,0.0,0.0,0,1,0,4,0,0,0,0,0,0.4,0.02,0.42,3.26,3,1,2,0,,,,0,False,491,0.0,0,608,0.0,-1,False,,0.0,0,0.0,0,0.0,0,5.0,676,23,0,0,1.5,4.6,0,4.917,4.33,5.504,-0.083
2026-10-07,2026-10-07T09:49:48+00:00,2026,5,5,499726,524,Olusesi,Callum,Olusesi,MID,19,6,Spurs,4.4,4.5,-0.1,0,0,0,0,0,0,0,0,0.0,0.0,1.0,55900,50040,0.7308,0.6542,0.0766,0.0,0.0,0.0,0.0,a,,,,,0.0,0.0,0.0,0.0,0,0,0,0,0,0,0,0,0,0.0,0.0,0.0,0.0,0,0,0,0,,,,0,False,183,0.0,6284,8195,8.3,-2,False,,8.3,1,8.2,1,8.2,1,5.0,0,0,0,0,0.0,0.0,0,4.587,3.999,5.174,0.187
2026-10-07,2026-10-07T09:49:48+00:00,2026,5,5,500033,636,Ángel,Manuel Ángel,Morán Ibáñez,MID,10,54,Fulham,5.0,5.0,0.0,0,0,0,0,0,0,0,0,0.0,0.0,0.0,374,172,0.0049,0.0022,0.0026,0.0,0.0,0.0,0.0,a,,,,,0.0,0.0,0.0,0.0,0,0,0,0,0,0,0,0,0,0.0,0.0,0.0,0.0,0,0,0,0,,,,0,False,645,0.0,37,30,0.0,0,False,,0.0,0,0.0,0,0.0,0,5.0,0,0,0,0,0.0,0.0,0,4.801,4.214,5.389,-0.199
2026-10-07,2026-10-07T09:49:48+00:00,2026,5,5,500040,11,Mosquera,Cristhian,Mosquera,DEF,1,3,Arsenal,5.3,5.5,-0.2,12,168,2,0,0,2,0,52,6.0,2.3,1.6,31789,469407,0.4156,6.1367,-5.7211,2.7,24.6,2.0,0.0,a,,2026-09-04T14:00:08.080310Z,100.0,100.0,0.0,0.0,0.0,0.0,0,2,0,0,0,0,0,0,0,0.0,0.01,0.01,0.53,10,0,3,10,,,,0,False,138,0.0,1624,10678,-29.2,-2,False,,-29.3,-2,-29.5,-2,-29.7,-2,5.0,1277,91,0,0,6.0,17.2,0,5.328,4.737,5.918,0.028
2026-10-07,2026-10-07T09:49:48+00:00,2026,5,5,500058,382,Danns,Jayden,Danns,FWD,14,14,Liverpool,4.5,4.5,0.0,0,0,0,0,0,0,0,0,0.0,0.0,0.2,23703,9931,0.3099,0.1298,0.18,0.0,0.0,0.0,0.0,a,,2026-07-23T12:01:23.659279Z,100.0,100.0,0.0,0.0,0.0,0.0,0,0,0,0,0,0,0,0,0,0.0,0.0,0.0,0.0,0,0,0,0,,,,0,False,315,0.0,3896,2652,3.9,4,False,,4.0,1,4.0,1,4.1,1,5.0,0,0,0,0,0.0,0.0,0,4.634,4.045,5.222,0.134
2026-10-07,2026-10-07T09:49:48+00:00,2026,5,5,500151,475,Savona,Nicolò,Savona,DEF,18,17,Nott'm Forest,4.5,4.5,0.0,0,0,0,0,0,0,0,0,0.0,0.0,0.0,242,281,0.0032,0.0037,-0.0005,0.0,0.0,0.0,0.0,i,Knee injury - Unknown return date,2026-07-23T12:01:23.816304Z,0.0,0.0,0.0,0.0,0.0,0.0,0,0,0,0,0,0,0,0,0,0.0,0.0,0.0,0.0,0,0,0,0,,,,0,False,653,0.0,22,23,-21.8,0,False,,-21.8,-2,-21.8,-2,-21.8,-2,5.0,0,0,0,0,0.0,0.0,0,4.272,3.685,4.86,-0.228
2026-10-07,2026-10-07T09:49:48+00:00,2026,5,5,500957,298,Destan,Enis,Destan,FWD,11,88,Hull City,4.5,4.5,0.0,0,0,0,0,0,0,0,0,0.0,0.0,0.2,0,22487,0.0,0.294,-0.294,0.0,0.0,0.0,0.0,u,Has joined Konyaspor permanently,2026-08-17T13:50:27.145733Z,0.0,0.0,0.0,0.0,0.0,0.0,0,0,0,0,0,0,0,0,0,0.0,0.0,0.0,0.0,0,0,0,0,,,,0,False,353,0.0,0,1534,0.0,0,False,,0.0,0,0.0,0,0.0,0,5.0,0,0,0,0,0.0,0.0,0,4.521,3.933,5.109,0.021
2026-10-07,2026-10-07T09:49:48+00:00,2026,5,5,501390,309,Núñez,Marcelino,Núñez,MID,12,40,Ipswich Town,4.9,5.0,-0.1,6,140,2,0,0,0,0,32,3.0,1.2,0.1,3123,7751,0.0408,0.1013,-0.0605,5.0,24.6,19.4,6.0,a,,,,,0.0,0.0,0.0,0.0,0,2,0,4,0,0,0,0,0,0.03,0.05,0.08,3.48,21,3,10,8,,1.0,3.0,0,False,413,0.0,106,744,-43.4,0,False,,-43.4,-3,-43.4,-3,-43.4,-3,5.0,1064,46,0,0,3.0,9.3,0,4.948,4.361,5.535,0.048
2026-10-07,2026-10-07T09:49:48+00:00,2026,5,5,501459,185,Sakamoto,Tatsuhiro,Sakamoto,MID,7,9,Coventry City,4.8,5.0,-0.2,1,31,1,0,0,0,0,8,1.0,0.2,0.1,1025,5818,0.0134,0.0761,-0.0627,1.9,6.2,5.9,7.0,a,,,,,0.0,0.0,0.0,0.0,0,0,0,1,0,0,0,0,0,0.02,0.02,0.04,0.69,4,2,2,0,,,,0,False,479,0.0,135,446,-28.6,0,False,,-28.6,-2,-28.6,-2,-28.6,-2,5.0,236,8,0,0,1.0,1.6,0,4.757,4.171,5.344,-0.043
2026-10-07,2026-10-07T09:49:48+00:00,2026,5,5,501902,278,Hughes,Charlie,Hughes,DEF,11,88,Hull City,3.9,4.0,-0.1,0,0,0,0,0,0,0,0,0.0,0.0,0.2,17014,13113,0.2224,0.1714,0.051,0.0,0.0,0.0,0.0,i,Groin injury - Unknown return date,2026-08-02T09:00:11.030017Z,0.0,0.0,0.0,0.0,0.0,0.0,0,0,0,0,0,0,0,0,0,0.0,0.0,0.0,0.0,0,0,0,0,,,,0,False,349,0.0,1225,2146,0.4,0,False,,0.4,1,0.4,1,0.4,1,5.0,0,0,0,0,0.0,0.0,0,3.988,3.401,4.575,0.088
2026-10-07,2026-10-07T09:49:48+00:00,2026,5,5,502500,106,Thiago,Igor Thiago,Nascimento Rodrigues,FWD,4,94,Brentford,7.8,8.0,-0.2,10,442,5,1,0,2,0,37,2.0,1.3,9.2,291270,1040983,3.8079,13.6091,-9.8013,23.6,48.8,43.6,146.0,a,,,,,3.0,0.4,3.0,3.0,5,5,0,4,0,0,1,2,0,3.13,0.16,3.29,6.25,19,3,12,4,1.0,,,0,False,40,0.0,70847,44075,15.5,93,False,,16.4,1,17.8,1,19.3,1,5.0,3359,76,8,0,2.0,9.7,0,6.963,6.37,7.557,-0.837
2026-10-07,2026-10-07T09:49:48+00:00,2026,5,5,502697,243,Alcaraz,Carlos,Alcaraz Durán,MID,9,11,Everton,4.9,5.0,-0.1,1,5,2,0,0,0,0,5,0.5,0.2,0.1,2872,5876,0.0375,0.0768,-0.0393,2.7,5.0,0.8,25.0,a,,,,,0.0,0.0,0.0,0.0,0,0,0,0,0,0,0,1,0,0.05,0.02,0.07,0.04,3,1,2,0,,,,0,False,455,0.0,171,443,-51.9,0,False,,-51.9,-3,-51.9,-3,-51.9,-3,5.0,38,8,0,0,0.5,1.6,0,4.823,4.235,5.411,-0.077
2026-10-07,2026-10-07T09:49:48+00:00,2026,5,5,503037,170,Emegha,Emmanuel,Emegha,FWD,6,8,Chelsea,4.9,5.0,-0.1,0,0,0,0,0,0,0,0,0.0,0.0,0.1,6103,12698,0.0798,0.166,-0.0862,0.0,0.0,0.0,0.0,i,Hamstring injury - Expected back 10 Oct,2026-09-09T15:00:09.063849Z,0.0,0.0,0.0,0.0,0.0,0.0,0,0,0,0,0,0,0,0,0,0.0,0.0,0.0,0.0,0,0,0,0,,,,0,False,409,-0.1,103,1191,-1.4,0,False,,-1.4,-1,-1.4,-1,-1.4,-1,5.0,0,0,0,0,0.0,0.0,0,4.865,4.277,5.454,-0.035
2026-10-07,2026-10-07T09:49:48+00:00,2026,5,5,503139,69,Scott,Alex,Scott,MID,3,91,Bournemouth,6.1,6.0,0.1,30,446,5,1,2,1,5,129,6.0,4.9,5.6,550319,228330,7.1945,2.985,4.2095,30.5,102.8,146.4,56.0,d,Thigh injury - 50% chance of playing,2026-10-05T09:30:09.910752Z,,50.0,3.0,0.5,3.0,1.5,2,5,0,7,0,0,0,1,0,0.64,0.42,1.06,6.82,60,9,36,15,,4.0,2.0,1,False,70,0.0,26416,58154,-8.4,-413,False,,-12.1,-1,-18.7,-1,-25.4,-2,5.0,3390,228,8,15,6.0,37.4,0,7.143,6.55,7.735,1.043
2026-10-07,2026-10-07T09:49:48+00:00,2026,5,5,503301,484,Hutchinson,Omari,Hutchinson,MID,18,17,Nott'm Forest,5.4,5.5,-0.1,0,0,0,0,0,0,0,0,0.0,0.0,0.1,427,11040,0.0056,0.1443,-0.1387,0.0,0.0,0.0,0.0,u,Has joined AC Milan on loan for the rest of the season,2026-09-01T13:23:52.340206Z,0.0,0.0,0.0,0.0,0.0,0.0,0,0,0,0,0,0,0,0,0,0.0,0.0,0.0,0.0,0,0,0,0,,,,0,False,466,0.0,0,412,0.0,0,False,,0.0,0,0.0,0,0.0,0,5.0,0,0,0,0,0.0,0.0,0,5.052,4.465,5.64,-0.348
2026-10-07,2026-10-07T09:49:48+00:00,2026,5,5,505079,252,McNally,Alfie,McNally,GK,10,54,Fulham,4.0,4.0,0.0,0,0,0,0,0,0,0,0,0.0,0.0,0.1,2589,6683,0.0338,0.0874,-0.0535,0.0,0.0,0.0,0.0,u,Has joined York City on loan for the rest of the season,2026-09-01T13:25:11.231240Z,0.0,0.0,0.0,0.0,0.0,0.0,0,0,0,0,0,0,0,0,0,0.0,0.0,0.0,0.0,0,0,0,0,,,,0,False,402,0.0,0,687,0.0,0,False,,0.0,0,0.0,0,0.0,0,5.0,0,0,0,0,0.0,0.0,0,3.99,3.402,4.577,-0.01
2026-10-07,2026-10-07T09:49:48+00:00,2026,5,5,507433,83,Valdimarsson,Hákon Rafn,Valdimarsson,GK,4,94,Brentford,4.5,4.5,0.0,0,0,0,0,0,0,0,0,0.0,0.0,0.1,2902,4632,0.0379,0.0606,-0.0226,0.0,0.0,0.0,0.0,a,,,,,0.0,0.0,0.0,0.0,0,0,0,0,0,0,0,0,0,0.0,0.0,0.0,0.0,0,0,0,0,,,,0,False,420,0.0,337,382,-80.8,0,False,,-80.8,-3,-80.8,-3,-80.8,-3,5.0,0,0,0,0,0.0,0.0,0,4.214,3.625,4.803,-0.286
2026-10-07,2026-10-07T09:49:48+00:00,2026,5,5,508395,102,Yarmoliuk,Yehor,Yarmoliuk,MID,4,94,Brentford,4.8,5.0,-0.2,9,216,5,0,1,1,0,50,1.8,1.9,0.6,5995,62146,0.0784,0.8125,-0.7341,13.4,53.0,60.5,20.0,a,,,,,3.5,0.7,3.5,3.5,3,2,0,4,0,0,0,1,0,0.1,0.3,0.4,4.58,26,5,14,7,,,,0,False,224,0.0,1542,3796,-20.6,0,False,,-20.6,-2,-20.6,-2,-20.6,-2,5.0,1642,68,0,8,1.8,14.2,0,5.166,4.577,5.755,0.366
2026-10-07,2026-10-07T09:49:48+00:00,2026,5,5,508479,141,Jörgensen,Filip,Jörgensen,GK,6,8,Chelsea,5.0,5.0,0.0,0,0,0,0,0,0,0,0,0.0,0.0,0.0,0,952,0.0,0.0124,-0.0124,0.0,0.0,0.0,0.0,u,Has joined RC Strasbourg on loan for the rest of the season,2026-08-12T14:07:02.607115Z,0.0,0.0,0.0,0.0,0.0,0.0,0,0,0,0,0,0,0,0,0,0.0,0.0,0.0,0.0,0,0,0,0,,,,0,False,618,0.0,0,34,0.0,0,False,,0.0,0,0.0,0,0.0,0,5.0,0,0,0,0,0.0,0.0,0,4.63,4.042,5.219,-0.37
2026-10-07,2026-10-07T09:49:48+00:00,2026,5,5,509416,129,Ayari,Yasin,Ayari,MID,5,36,Brighton,5.4,5.5,-0.1,15,333,4,1,0,3,0,71,3.8,2.8,0.4,12988,41861,0.1698,0.5473,-0.3775,16.9,56.0,48.9,68.0,a,,2026-08-30T18:00:07.935334Z,100.0,100.0,5.5,1.0,5.5,5.5,3,4,0,1,0,0,0,1,0,0.7,0.18,0.88,5.64,21,2,15,4,,2.0,4.0,0,False,276,0.0,2747,2306,-46.0,4,False,,-45.0,-3,-43.2,-3,-41.4,-3,5.0,2531,114,8,0,3.8,21.1,0,5.823,5.235,6.411,0.423
2026-10-07,2026-10-07T09:49:48+00:00,2026,5,5,510281,403,Sávio,Sávio,Moreira de Oliveira,MID,19,6,Spurs,6.5,6.5,0.0,8,240,3,0,0,2,0,66,2.7,1.2,0.6,100413,80776,1.3127,1.056,0.2567,27.8,51.4,130.0,96.0,a,,2026-08-29T16:30:08.380416Z,100.0,100.0,2.5,0.4,2.5,2.5,2,3,0,3,0,0,0,0,0,0.41,0.7,1.11,2.76,11,0,8,3,,,2.0,0,False,223,0.0,3501,8013,11.1,-10,False,,11.1,1,10.9,1,10.7,1,5.0,1824,61,0,0,2.7,9.4,0,5.809,5.221,6.397,-0.691
2026-10-07,2026-10-07T09:49:48+00:00,2026,5,5,510663,380,Ekitiké,Hugo,Ekitiké,FWD,14,14,Liverpool,7.4,7.5,-0.1,0,0,0,0,0,0,0,0,0.0,0.0,0.1,2719,11389,0.0355,0.1489,-0.1133,0.0,0.0,0.0,0.0,i,Achilles injury - Unknown return date,2026-07-23T12:01:23.643771Z,0.0,0.0,0.0,0.0,0.0,0.0,0,0,0,0,0,0,0,0,0,0.0,0.0,0.0,0.0,0,0,0,0,,,,0,False,406,0.0,447,926,-30.2,0,False,,-30.2,-2,-30.2,-2,-30.2,-2,5.0,0,0,0,0,0.0,0.0,0,6.339,5.748,6.931,-1.061
2026-10-07,2026-10-07T09:49:48+00:00,2026,5,5,511499,514,Tel,Mathys,Tel,MID,19,6,Spurs,5.7,6.0,-0.3,8,257,4,0,0,1,0,41,2.0,1.4,0.2,9162,47002,0.1198,0.6145,-0.4947,14.6,21.6,52.7,72.0,a,,,,,0.5,0.1,0.5,0.5,0,3,0,4,0,0,0,0,0,0.21,0.23,0.44,5.55,13,1,11,1,,3.0,3.0,0,False,342,-0.1,230,2185,-32.6,-3,False,,-33.6,-2,-35.5,-2,-37.3,-2,5.0,1953,61,0,0,2.0,10.7,0,5.377,4.79,5.965,-0.323
2026-10-07,2026-10-07T09:49:48+00:00,2026,5,5,512123,614,Hadjam,Jaouen,Hadjam,DEF,5,36,Brighton,4.5,4.5,0.0,0,0,0,0,0,0,0,0,0.0,0.0,0.0,4003,1973,0.0523,0.0258,0.0265,0.0,0.0,0.0,0.0,a,,,,,0.0,0.0,0.0,0.0,0,0,0,0,0,0,0,0,0,0.0,0.0,0.0,0.0,0,0,0,0,,,,0,False,509,0.0,264,268,-5.0,0,False,,-5.0,-1,-5.0,-1,-5.0,-1,5.0,0,0,0,0,0.0,0.0,0,4.272,3.684,4.86,-0.228
2026-10-07,2026-10-07T09:49:48+00:00,2026,5,5,512462,232,O'Brien,Jake,O'Brien,DEF,9,11,Everton,4.8,5.0,-0.2,2,16,2,0,0,0,0,5,1.0,0.4,0.3,4637,24781,0.0606,0.324,-0.2633,0.3,3.0,0.0,0.0,a,,,,,1.0,0.2,1.0,1.0,1,0,0,0,0,0,0,0,0,0.0,0.0,0.0,0.42,2,0,2,2,,,,0,False,299,-0.1,382,1310,-5.6,0,False,,-5.6,-1,-5.6,-1,-5.6,-1,5.0,122,15,0,0,1.0,3.2,0,4.593,4.005,5.18,-0.207
2026-10-07,2026-10-07T09:49:48+00:00,2026,5,5,513086,93,Schuster,Jannik,Schuster,DEF,4,94,Brentford,4.5,4.5,0.0,21,253,3,0,1,1,3,59,7.0,4.7,0.3,20304,7562,0.2654,0.0989,0.1666,12.0,92.4,11.5,16.0,a,,,,,8.5,1.9,8.5,8.5,14,2,0,3,0,0,0,0,0,0.1,0.54,0.64,4.19,38,3,6,35,,,,1,False,279,0.0,18742,3074,6.5,34,False,,6.8,1,7.4,1,7.9,1,5.0,1923,160,0,8,7.0,35.5,0,5.334,4.739,5.93,0.834
2026-10-07,2026-10-07T09:49:48+00:00,2026,5,5,513418,94,Schade,Kevin,Schade,MID,4,94,Brentford,6.2,6.0,0.2,39,447,5,3,2,2,6,138,7.8,6.3,12.1,1072092,254706,14.0158,3.3299,10.686,35.4,146.2,48.0,160.0,a,,,,,12.0,1.9,12.0,12.0,9,5,0,4,0,0,0,0,0,1.52,0.32,1.84,6.32,34,7,21,6,2.0,,,1,True,33,0.1,452237,34702,22.2,655,False,,24.4,2,28.3,2,32.1,2,5.0,3397,296,23,15,7.8,38.7,1,8.229,7.626,8.833,2.029
2026-10-07,2026-10-07T09:49:48+00:00,2026,5,5,513466,246,Röhl,Merlin,Röhl,MID,9,11,Everton,4.9,5.0,-0.1,6,249,3,0,0,1,0,35,2.0,1.2,0.0,1963,4739,0.0257,0.062,-0.0363,6.1,26.6,32.1,2.0,i,Unspecified injury - Expected back 11 Oct,2026-09-16T18:00:09.541933Z,0.0,0.0,0.0,0.0,0.0,0.0,0,3,0,2,0,0,0,1,0,0.0,0.2,0.2,4.52,24,5,13,6,,,,0,False,533,0.0,8,639,-53.1,-1,False,,-54.3,-3,-56.5,-3,-58.6,-3,5.0,1892,46,0,0,2.0,9.3,0,4.855,4.267,5.443,-0.045
2026-10-07,2026-10-07T09:49:48+00:00,2026,5,5,513545,565,M.Sangaré,Mamadou,Sangaré,MID,4,94,Brentford,5.6,5.5,0.1,22,321,5,0,2,1,3,76,4.4,3.9,9.8,1228778,834678,16.0643,10.912,5.1522,17.1,76.4,57.8,40.0,a,,,,,2.0,0.4,2.0,2.0,0,4,0,3,0,0,0,2,0,0.41,0.65,1.06,4.31,48,14,22,12,,,,1,False,39,-0.1,9490,152789,-37.9,-175,False,,-38.8,-2,-40.6,-3,-42.3,-3,5.0,2440,167,0,15,4.4,29.9,0,6.274,5.681,6.867,0.674
2026-10-07,2026-10-07T09:49:48+00:00,2026,5,5,514254,127,Gomez,Diego,Gómez Amarilla,MID,5,36,Brighton,5.0,5.0,0.0,24,433,5,0,3,3,0,80,4.8,4.8,3.9,336416,305423,4.3981,3.9929,0.4052,31.4,84.2,103.4,126.0,a,,,,,5.5,1.1,5.5,5.5,8,5,0,5,0,0,0,0,0,0.79,0.78,1.57,8.49,36,13,16,7,,5.0,,0,False,87,0.0,13909,43792,32.9,-25,False,,32.7,2,32.3,2,31.9,2,5.0,3291,182,0,23,4.8,36.5,0,6.3,5.702,6.897,1.3
2026-10-07,2026-10-07T09:49:48+00:00,2026,5,5,514356,161,Lavia,Roméo,Lavia,MID,6,8,Chelsea,5.0,5.0,0.0,11,258,4,1,0,0,0,61,2.8,2.2,0.2,25902,15787,0.3386,0.2064,0.1322,16.1,65.8,29.1,66.0,a,,,,,1.0,0.2,1.0,1.0,0,4,0,8,0,0,0,1,0,0.75,0.11,0.86,5.06,31,6,15,10,,,,0,False,325,0.0,527,2677,5.0,-1,False,,5.0,1,4.9,1,4.9,1,5.0,1961,84,8,0,2.8,16.7,0,5.607,5.019,6.196,0.607
2026-10-07,2026-10-07T09:49:48+00:00,2026,5,5,514514,381,Koumas,Lewis,Koumas,MID,14,14,Liverpool,5.0,5.0,0.0,3,22,3,0,0,0,0,14,1.0,0.6,0.0,868,1409,0.0113,0.0184,-0.0071,2.9,4.2,0.5,24.0,a,,,,,0.5,0.1,0.5,0.5,1,0,0,0,0,0,0,0,0,0.28,0.0,0.28,0.72,1,0,1,0,,,,0,False,541,0.0,189,208,-96.4,-1,False,,-100.0,-5,-106.5,-5,-113.1,-5,5.0,167,23,0,0,1.0,4.6,0,4.981,4.393,5.569,-0.019
2026-10-07,2026-10-07T09:49:48+00:00,2026,5,5,515046,531,Ellborg,Melker,Ellborg,GK,20,56,Sunderland,4.4,4.5,-0.1,0,0,0,0,0,0,0,0,0.0,0.0,0.1,1196,3373,0.0156,0.0441,-0.0285,0.0,0.0,0.0,0.0,a,,,,,0.0,0.0,0.0,0.0,0,0,0,0,0,0,0,0,0,0.0,0.0,0.0,0.0,0,0,0,0,,,,0,False,445,-0.1,157,292,-0.2,0,False,,-0.2,-1,-0.2,-1,-0.2,-1,5.0,0,0,0,0,0.0,0.0,0,4.232,3.645,4.82,-0.168
2026-10-07,2026-10-07T09:49:48+00:00,2026,5,5,515597,35,Bogarde,Lamare,Bogarde,MID,2,7,Aston Villa,4.9,5.0,-0.1,1,16,1,0,0,0,0,3,1.0,0.2,0.1,2929,4799,0.0383,0.0627,-0.0244,0.3,2.2,0.5,0.0,a,,,,,0.0,0.0,0.0,0.0,0,0,0,0,0,0,0,0,0,0.0,0.0,0.0,0.22,1,0,0,1,,,,0,False,480,-0.1,188,471,-4.4,0,False,,-4.4,-1,-4.4,-1,-4.4,-1,5.0,122,8,0,0,1.0,1.6,0,4.776,4.189,5.364,-0.124
2026-10-07,2026-10-07T09:49:48+00:00,2026,5,5,515621,206,Chadi Riad,Chadi,Riad Dnanou,DEF,8,31,Crystal Palace,4.3,4.5,-0.2,1,72,1,0,0,0,0,7,1.0,0.2,0.0,653,5704,0.0085,0.0746,-0.066,1.4,12.6,1.3,0.0,i,Knee injury - Unknown return date,2026-08-22T18:00:07.352049Z,0.0,0.0,0.0,0.0,0.0,0.0,0,1,0,2,0,0,0,0,0,0.0,0.01,0.01,0.98,7,1,3,6,,,,0,False,574,-0.1,29,153,-6.5,0,False,,-6.5,-1,-6.5,-1,-6.5,-1,5.0,547,8,0,0,1.0,1.8,0,4.195,3.608,4.783,-0.105
2026-10-07,2026-10-07T09:49:48+00:00,2026,5,5,516895,432,Mainoo,Kobbie,Mainoo,MID,16,1,Man Utd,5.5,5.5,0.0,22,354,5,0,1,0,2,102,4.4,4.0,1.5,95269,69779,1.2455,0.9122,0.3332,19.3,83.2,88.8,21.0,d,Unspecified injury - 75% chance of playing,2026-09-21T13:00:09.169862Z,,75.0,4.0,0.7,4.0,3.0,4,4,0,4,0,0,0,0,0,0.3,0.52,0.82,4.77,56,6,40,10,,,,0,False,147,0.0,8175,17502,13.8,-30,False,,13.5,1,13.0,1,12.6,1,5.0,2690,167,0,8,4.4,30.4,0,5.96,5.368,6.551,0.46
2026-10-07,2026-10-07T09:49:48+00:00,2026,5,5,517052,166,N.Jackson,Nicolas,Jackson,FWD,2,7,Aston Villa,6.5,6.5,0.0,10,286,4,1,0,1,1,52,2.5,1.5,1.6,189624,86762,2.479,1.1343,1.3448,15.4,42.8,36.8,76.0,a,,,,,3.0,0.5,3.0,3.0,6,4,0,2,0,0,0,2,0,0.68,0.6,1.28,2.75,9,0,8,1,2.0,,,0,False,143,0.0,44362,9822,59.1,97,False,,59.9,3,61.5,3,63.1,3,5.0,2174,76,8,0,2.5,11.7,0,6.223,5.634,6.812,-0.277
2026-10-07,2026-10-07T09:49:48+00:00,2026,5,5,519324,624,Cozier-Duberry,Amario,Cozier-Duberry,MID,5,36,Brighton,5.0,5.0,0.0,0,0,0,0,0,0,0,0,0.0,0.0,0.0,117,114,0.0015,0.0015,0.0,0.0,0.0,0.0,0.0,u,Has joined Middlesbrough on loan for the rest of the season,2026-09-02T15:38:15.552951Z,0.0,0.0,0.0,0.0,0.0,0.0,0,0,0,0,0,0,0,0,0,0.0,0.0,0.0,0.0,0,0,0,0,,,,0,False,666,0.0,0,6,0.0,0,False,,0.0,0,0.0,0,0.0,0,5.0,0,0,0,0,0.0,0.0,0,4.801,4.213,5.389,-0.199
2026-10-07,2026-10-07T09:49:48+00:00,2026,5,5,519440,361,Lucky,Wellity,Lucky,DEF,14,14,Liverpool,4.0,4.0,0.0,0,0,0,0,0,0,0,0,0.0,0.0,0.1,3898,5858,0.051,0.0766,-0.0256,0.0,0.0,0.0,0.0,a,,,,,0.0,0.0,0.0,0.0,0,0,0,0,0,0,0,0,0,0.0,0.0,0.0,0.0,0,0,0,0,,,,0,False,392,0.0,321,633,-58.8,0,False,,-58.8,-3,-58.8,-3,-58.8,-3,5.0,0,0,0,0,0.0,0.0,0,4.12,3.532,4.707,0.12
2026-10-07,2026-10-07T09:49:48+00:00,2026,5,5,519634,537,Seelt,Jenson,Seelt,DEF,20,56,Sunderland,4.5,4.5,0.0,0,0,0,0,0,0,0,0,0.0,0.0,0.0,61,668,0.0008,0.0087,-0.0079,0.0,0.0,0.0,0.0,u,Has joined Swansea City on loan for the rest of the season,2026-08-29T00:34:52.425076Z,0.0,0.0,0.0,0.0,0.0,0.0,0,0,0,0,0,0,0,0,0,0.0,0.0,0.0,0.0,0,0,0,0,,,,0,False,636,0.0,0,26,0.0,0,False,,0.0,0,0.0,0,0.0,0,5.0,0,0,0,0,0.0,0.0,0,4.272,3.685,4.86,-0.228
2026-10-07,2026-10-07T09:49:48+00:00,2026,5,5,519913,438,Fletcher,Tyler,Fletcher,MID,16,1,Man Utd,4.4,4.5,-0.1,0,0,0,0,0,0,0,0,0.0,0.0,0.3,10770,17097,0.1408,0.2235,-0.0827,0.0,0.0,0.0,0.0,a,,,,,0.0,0.0,0.0,0.0,0,0,0,0,0,0,0,0,0,0.0,0.0,0.0,0.0,0,0,0,0,,,,0,False,283,0.0,2701,2328,0.4,-2,False,,0.4,1,0.4,1,0.3,1,5.0,0,0,0,0,0.0,0.0,0,4.615,4.027,5.203,0.215
2026-10-07,2026-10-07T09:49:48+00:00,2026,5,5,522047,334,Muharemović,Tarik,Muharemović,DEF,13,2,Leeds,5.0,5.0,0.0,27,450,5,0,1,2,0,101,5.4,5.4,4.3,307468,177869,4.0196,2.3253,1.6943,20.2,147.4,13.6,41.0,a,,,,,6.5,1.3,6.5,6.5,6,5,0,3,0,0,0,0,0,0.49,0.05,0.54,6.46,58,5,16,53,,,,0,False,80,0.0,36183,28985,41.5,0,False,,41.5,3,41.5,3,41.5,3,5.0,3420,205,0,8,5.4,38.7,1,5.491,4.899,6.083,0.491
2026-10-07,2026-10-07T09:49:48+00:00,2026,5,5,523700,608,Jebbison,Daniel,Jebbison,FWD,3,91,Bournemouth,5.0,5.0,0.0,3,31,3,0,0,0,0,13,1.0,0.6,0.1,13369,7344,0.1748,0.096,0.0788,2.6,3.6,1.6,21.0,a,,,,,0.5,0.1,0.5,0.5,1,0,0,2,0,0,0,0,0,0.1,0.0,0.1,0.61,1,0,1,0,,,,0,False,404,0.0,1006,989,0.6,0,False,,0.6,1,0.6,1,0.6,1,5.0,236,23,0,0,1.0,4.6,0,4.859,4.27,5.448,-0.141
2026-10-07,2026-10-07T09:49:48+00:00,2026,5,5,524180,602,Humphreys,Cameron,Humphreys,MID,12,40,Ipswich Town,4.5,4.5,0.0,0,0,0,0,0,0,0,0,0.0,0.0,0.0,2861,3250,0.0374,0.0425,-0.0051,0.0,0.0,0.0,0.0,u,Has joined Huddersfield Town on loan for the rest of the season,2026-09-02T16:04:17.524642Z,0.0,0.0,0.0,0.0,0.0,0.0,0,0,0,0,0,0,0,0,0,0.0,0.0,0.0,0.0,0,0,0,0,,,,0,False,568,0.0,0,256,0.0,0,False,,0.0,0,0.0,0,0.0,0,5.0,0,0,0,0,0.0,0.0,0,4.527,3.94,5.114,0.027
2026-10-07,2026-10-07T09:49:48+00:00,2026,5,5,531442,315,Fatawu,Abdul,Fatawu,MID,12,40,Ipswich Town,5.4,5.5,-0.1,8,352,5,0,1,0,0,71,1.6,1.5,0.2,5370,13688,0.0702,0.1789,-0.1087,24.0,64.8,133.7,41.0,s,Suspended until 17 Oct,2026-09-19T15:30:10.126897Z,,0.0,0.0,0.0,0.0,0.0,-1,5,0,10,0,0,0,2,1,0.17,1.11,1.28,7.79,28,9,11,8,,,2.0,0,False,365,0.0,68,2844,-42.0,-4,False,,-42.9,-3,-44.5,-3,-46.0,-3,5.0,2675,61,0,8,1.6,11.3,0,5.337,4.748,5.925,-0.063
2026-10-07,2026-10-07T09:49:48+00:00,2026,5,5,532529,123,Hinshelwood,Jack,Hinshelwood,MID,5,36,Brighton,5.9,6.0,-0.1,16,63,1,2,0,1,3,54,16.0,2.7,0.6,147949,216706,1.9342,2.8331,-0.8989,14.5,72.8,13.4,59.0,i,Ankle injury - Expected back 10 Oct,2026-08-27T19:30:07.780933Z,0.0,0.0,0.0,0.0,0.0,0.0,0,1,0,0,0,0,0,0,0,1.41,0.02,1.43,0.19,3,2,1,0,,,,1,False,242,0.0,328,7480,-45.5,-4,False,,-45.8,-3,-46.2,-3,-46.7,-3,5.0,479,122,15,0,9.1,20.6,1,7.039,6.442,7.635,1.139
2026-10-07,2026-10-07T09:49:48+00:00,2026,5,5,532605,162,Andrey Santos,Andrey,Nascimento dos Santos,MID,16,1,Man Utd,4.8,5.0,-0.2,4,82,3,0,0,0,0,23,1.3,0.8,0.6,22310,74129,0.2917,0.9691,-0.6774,3.9,24.8,5.5,8.0,a,,,,,0.0,0.0,0.0,0.0,0,1,0,4,0,0,0,0,0,0.0,0.24,0.24,2.03,18,4,7,7,,,,0,False,240,0.0,1113,5510,-57.9,-8,False,,-59.3,-3,-61.7,-3,-64.0,-3,5.0,623,30,0,0,1.3,6.3,0,4.933,4.345,5.52,0.133
2026-10-07,2026-10-07T09:49:48+00:00,2026,5,5,533463,95,O.Dango,Dango,Ouattara,MID,4,94,Brentford,6.3,6.5,-0.2,7,179,5,0,0,1,0,34,1.4,1.1,0.5,15325,82694,0.2003,1.0811,-0.8807,10.8,25.4,59.3,23.0,a,,,,,1.0,0.2,1.0,1.0,1,2,0,1,0,0,0,0,0,0.09,0.39,0.48,2.81,28,2,17,9,,,4.0,0,False,256,0.0,964,4115,-55.9,-2,False,,-56.3,-3,-57.1,-3,-57.8,-3,5.0,1360,53,0,0,1.4,8.4,0,5.575,4.986,6.164,-0.725
2026-10-07,2026-10-07T09:49:48+00:00,2026,5,5,533646,647,Osorio,Darío,Osorio,MID,8,31,Crystal Palace,5.5,5.5,0.0,1,1,1,0,0,0,0,2,1.0,0.2,0.0,950,418,0.0124,0.0055,0.007,0.2,2.0,0.3,0.0,a,,,,,0.0,0.0,0.0,0.0,0,0,0,0,0,0,0,0,0,0.0,0.0,0.0,0.13,1,1,0,0,,,,0,False,622,0.0,31,82,-81.4,0,False,,-81.4,-3,-81.4,-3,-81.4,-3,5.0,8,8,0,0,1.0,1.4,0,5.097,4.509,5.685,-0.403
2026-10-07,2026-10-07T09:49:48+00:00,2026,5,5,534392,299,Burstow,Mason,Burstow,FWD,11,88,Hull City,4.5,4.5,0.0,0,0,0,0,0,0,0,0,0.0,0.0,0.0,0,3091,0.0,0.0404,-0.0404,0.0,0.0,0.0,0.0,u,Has joined Sheffield Wednesday on loan for the rest of the season,2026-08-03T14:05:20.234842Z,0.0,0.0,0.0,0.0,0.0,0.0,0,0,0,0,0,0,0,0,0,0.0,0.0,0.0,0.0,0,0,0,0,,,,0,False,539,0.0,0,241,0.0,0,False,,0.0,0,0.0,0,0.0,0,5.0,0,0,0,0,0.0,0.0,0,4.517,3.93,5.105,0.017
2026-10-07,2026-10-07T09:49:48+00:00,2026,5,5,535301,131,Baleba,Carlos,Baleba,MID,16,1,Man Utd,4.9,5.0,-0.1,0,0,0,0,0,0,0,0,0.0,0.0,0.1,7081,14481,0.0926,0.1893,-0.0967,0.0,0.0,0.0,0.0,a,,2026-08-06T16:00:10.997714Z,50.0,100.0,0.0,0.0,0.0,0.0,0,0,0,0,0,0,0,0,0,0.0,0.0,0.0,0.0,0,0,0,0,,,,0,False,381,0.0,1642,840,0.2,1,False,,0.2,1,0.2,1,0.2,1,5.0,0,0,0,0,0.0,0.0,0,4.882,4.295,5.47,-0.018
2026-10-07,2026-10-07T09:49:48+00:00,2026,5,5,535818,546,Adingra,Simon,Adingra,MID,20,56,Sunderland,4.9,5.0,-0.1,0,0,0,0,0,0,0,0,0.0,0.0,0.0,240,7435,0.0031,0.0972,-0.0941,0.0,0.0,0.0,0.0,u,Has joined Ajax on loan for the rest of the season,2026-08-20T14:00:08.416985Z,0.0,0.0,0.0,0.0,0.0,0.0,0,0,0,0,0,0,0,0,0,0.0,0.0,0.0,0.0,0,0,0,0,,,,0,False,559,0.0,0,207,0.0,0,False,,0.0,0,0.0,0,0.0,0,5.0,0,0,0,0,0.0,0.0,0,4.773,4.186,5.36,-0.127
2026-10-07,2026-10-07T09:49:48+00:00,2026,5,5,535928,376,Bajcetic,Stefan,Bajčetić Maquieira,MID,14,14,Liverpool,5.0,5.0,0.0,0,0,0,0,0,0,0,0,0.0,0.0,0.0,19,107,0.0002,0.0014,-0.0012,0.0,0.0,0.0,0.0,u,Has joined Celta Vigo permanently,2026-07-23T12:01:23.628373Z,0.0,0.0,0.0,0.0,0.0,0.0,0,0,0,0,0,0,0,0,0,0.0,0.0,0.0,0.0,0,0,0,0,,,,0,False,663,0.0,0,3,0.0,0,False,,0.0,0,0.0,0,0.0,0,5.0,0,0,0,0,0.0,0.0,0,4.914,4.326,5.502,-0.086
2026-10-07,2026-10-07T09:49:48+00:00,2026,5,5,536661,551,N.Angulo,Nilson,Angulo,MID,20,56,Sunderland,5.0,5.0,0.0,16,313,5,1,1,1,0,67,3.2,3.2,0.1,12869,10662,0.1682,0.1394,0.0289,15.7,72.2,38.3,47.0,a,,,,,3.0,0.6,3.0,3.0,4,5,0,7,0,0,0,1,0,0.6,0.13,0.73,4.56,24,5,14,5,,1.0,,0,False,393,0.0,590,874,1.4,-1,False,,1.4,1,1.4,1,1.4,1,5.0,2379,122,8,8,3.2,24.3,0,5.935,5.347,6.523,0.935
2026-10-07,2026-10-07T09:49:48+00:00,2026,5,5,536694,217,M.França,Matheus,França de Oliveira,MID,8,31,Crystal Palace,4.9,5.0,-0.1,0,0,0,0,0,0,0,0,0.0,0.0,0.0,1007,3455,0.0132,0.0452,-0.032,0.0,0.0,0.0,0.0,u,Has joined Alverca on loan for the rest of the season,2026-09-11T14:42:19.322912Z,0.0,0.0,0.0,0.0,0.0,0.0,0,0,0,0,0,0,0,0,0,0.0,0.0,0.0,0.0,0,0,0,0,,,,0,False,608,0.0,0,173,0.0,0,False,,0.0,0,0.0,0,0.0,0,5.0,0,0,0,0,0.0,0.0,0,4.759,4.171,5.347,-0.141
2026-10-07,2026-10-07T09:49:48+00:00,2026,5,5,536916,128,Buonanotte,Facundo,Buonanotte,MID,5,36,Brighton,5.0,5.0,0.0,0,0,0,0,0,0,0,0,0.0,0.0,0.0,0,331,0.0,0.0043,-0.0043,0.0,0.0,0.0,0.0,u,Has joined Elche on loan for the rest of the season,2026-08-10T14:03:07.561436Z,0.0,0.0,0.0,0.0,0.0,0.0,0,0,0,0,0,0,0,0,0,0.0,0.0,0.0,0.0,0,0,0,0,,,,0,False,658,0.0,0,8,0.0,0,False,,0.0,0,0.0,0,0.0,0,5.0,0,0,0,0,0.0,0.0,0,4.801,4.213,5.389,-0.199
2026-10-07,2026-10-07T09:49:48+00:00,2026,5,5,538007,594,David,Promise,David,FWD,5,36,Brighton,5.9,6.0,-0.1,1,23,2,0,0,0,0,-4,0.5,0.2,0.2,15343,22680,0.2006,0.2965,-0.0959,0.4,0.0,3.7,4.0,a,,,,,0.0,0.0,0.0,0.0,0,0,0,0,0,0,0,1,0,0.42,0.0,0.42,0.14,0,0,0,0,2.0,,,0,False,321,-0.1,3481,2407,0.7,0,False,,0.7,1,0.7,1,0.7,1,5.0,175,8,0,0,0.5,1.3,0,5.31,4.721,5.898,-0.59
2026-10-07,2026-10-07T09:49:48+00:00,2026,5,5,538207,465,Osula,William,Osula,FWD,17,4,Newcastle,5.8,6.0,-0.2,4,55,1,0,1,0,0,18,4.0,0.7,0.3,21464,87022,0.2806,1.1377,-0.8571,5.0,28.2,13.7,8.0,i,Foot injury - Unknown return date,2026-08-25T19:00:08.004915Z,0.0,0.0,0.0,0.0,0.0,0.0,0,1,0,1,0,0,0,0,0,0.06,0.14,0.2,1.48,5,1,2,2,1.0,4.0,,0,False,291,-0.1,141,2717,-10.2,-4,False,,-10.4,-1,-10.8,-1,-11.2,-1,5.0,418,30,0,8,4.0,5.2,0,5.854,5.264,6.444,0.054
2026-10-07,2026-10-07T09:49:48+00:00,2026,5,5,538638,479,Bindon,Tyler,Bindon,DEF,18,17,Nott'm Forest,4.0,4.0,0.0,0,0,0,0,0,0,0,0,0.0,0.0,0.1,799,8730,0.0104,0.1141,-0.1037,0.0,0.0,0.0,0.0,u,Has joined Charlton Athletic on loan for the rest of the season,2026-09-01T13:16:05.383880Z,0.0,0.0,0.0,0.0,0.0,0.0,0,0,0,0,0,0,0,0,0,0.0,0.0,0.0,0.0,0,0,0,0,,,,0,False,407,0.0,0,600,0.0,0,False,,0.0,0,0.0,0,0.0,0,5.0,0,0,0,0,0.0,0.0,0,4.007,3.42,4.594,0.007
2026-10-07,2026-10-07T09:49:48+00:00,2026,5,5,539142,182,Amenda,Aurèle,Amenda,DEF,7,9,Coventry City,4.0,4.0,0.0,4,360,4,0,0,0,0,-3,1.0,1.0,0.6,11491,34502,0.1502,0.4511,-0.3008,9.4,62.8,14.5,15.0,i,Calf injury - Unknown return date,2026-09-17T07:30:09.329041Z,25.0,0.0,0.0,0.0,0.0,0.0,0,4,0,10,0,0,0,1,0,0.02,0.39,0.41,7.53,24,1,11,23,,,,0,False,231,0.0,46,7600,-61.8,-10,False,,-62.3,-3,-63.3,-3,-64.4,-3,5.0,2736,30,0,0,1.0,7.6,0,3.892,3.303,4.481,-0.108
2026-10-07,2026-10-07T09:49:48+00:00,2026,5,5,540324,286,Belloumi,Mohamed,Belloumi,MID,11,88,Hull City,5.1,5.0,0.1,31,394,5,2,2,3,2,111,6.2,6.1,5.3,518488,90086,6.7784,1.1777,5.6007,32.5,157.8,67.5,100.0,a,,,,,8.5,1.7,8.5,8.5,4,5,0,3,0,0,0,1,0,0.72,0.43,1.15,6.44,44,16,14,14,,2.0,2.0,1,False,73,0.0,88552,30048,42.1,84,False,,42.9,3,44.2,3,45.6,3,5.0,2994,236,15,15,6.2,38.7,1,7.067,6.474,7.661,1.967
2026-10-07,2026-10-07T09:49:48+00:00,2026,5,5,543158,568,Barco,Valentín,Barco,MID,6,8,Chelsea,5.4,5.5,-0.1,3,115,3,0,0,0,0,29,1.0,0.6,0.1,3192,7063,0.0417,0.0923,-0.0506,3.0,12.8,7.2,11.0,a,,,,,1.0,0.2,1.0,1.0,2,1,0,3,0,0,0,1,0,0.07,0.11,0.18,2.83,12,3,5,4,,,,0,False,390,0.0,269,496,-16.2,0,False,,-16.2,-1,-16.2,-1,-16.2,-1,5.0,874,23,0,0,1.0,4.2,0,5.141,4.554,5.729,-0.259
2026-10-07,2026-10-07T09:49:48+00:00,2026,5,5,543295,99,Milambo,Antoni,Milambo,MID,4,94,Brentford,5.0,5.0,0.0,0,0,0,0,0,0,0,0,0.0,0.0,0.0,117,160,0.0015,0.0021,-0.0006,0.0,0.0,0.0,0.0,i,Knee injury - Unknown return date,2026-07-23T12:01:23.384798Z,0.0,0.0,0.0,0.0,0.0,0.0,0,0,0,0,0,0,0,0,0,0.0,0.0,0.0,0.0,0,0,0,0,,,,0,False,657,0.0,8,8,-44.5,0,False,,-44.5,-3,-44.5,-3,-44.5,-3,5.0,0,0,0,0,0.0,0.0,0,4.759,4.17,5.347,-0.241
2026-10-07,2026-10-07T09:49:48+00:00,2026,5,5,543968,316,Emersonn,Emersonn,Correia da Silva,FWD,12,40,Ipswich Town,5.5,5.5,0.0,26,317,5,2,1,0,6,110,5.2,4.7,3.7,326863,145131,4.2732,1.8974,2.3758,25.3,98.8,50.4,104.0,a,,2026-08-31T09:30:08.306145Z,100.0,100.0,7.0,1.3,7.0,7.0,2,5,0,6,0,0,0,0,0,1.61,0.12,1.73,4.29,10,3,4,3,2.0,,,1,False,92,0.0,43165,25857,92.9,76,False,,93.6,3,94.8,3,96.0,4,5.0,2409,198,15,8,5.2,35.9,0,6.99,6.398,7.581,1.49
2026-10-07,2026-10-07T09:49:48+00:00,2026,5,5,544877,358,Kerkez,Milos,Kerkez,DEF,14,14,Liverpool,5.3,5.5,-0.2,13,385,5,0,0,2,0,63,2.6,2.5,2.2,47965,189273,0.6271,2.4744,-1.8474,13.7,75.4,47.3,14.0,a,,,,,3.5,0.7,3.5,3.5,6,4,0,4,0,0,0,2,0,0.07,0.08,0.15,5.65,30,8,10,22,,,,0,False,121,-0.1,2948,11901,-1.2,-7,False,,-1.4,-1,-1.7,-1,-2.0,-1,5.0,2926,99,0,0,2.6,18.6,0,5.027,4.439,5.615,-0.273
2026-10-07,2026-10-07T09:49:48+00:00,2026,5,5,545477,451,A.Murphy,Alex,Murphy,DEF,17,4,Newcastle,4.0,4.0,0.0,0,0,0,0,0,0,0,0,0.0,0.0,0.1,0,6979,0.0,0.0912,-0.0912,0.0,0.0,0.0,0.0,u,Has joined FC Kaiserslautern on loan for the rest of the season,2026-08-12T14:05:29.224600Z,0.0,0.0,0.0,0.0,0.0,0.0,0,0,0,0,0,0,0,0,0,0.0,0.0,0.0,0.0,0,0,0,0,,,,0,False,490,0.0,0,328,0.0,0,False,,0.0,0,0.0,0,0.0,0,5.0,0,0,0,0,0.0,0.0,0,4.023,3.435,4.611,0.023
2026-10-07,2026-10-07T09:49:48+00:00,2026,5,5,546600,554,Van Oevelen,Kayne,van Oevelen,GK,12,40,Ipswich Town,4.5,4.5,0.0,0,0,0,0,0,0,0,0,0.0,0.0,0.0,54,1969,0.0007,0.0257,-0.025,0.0,0.0,0.0,0.0,u,Has joined Valencia on loan for the rest of the season,2026-08-25T14:04:09.529320Z,0.0,0.0,0.0,0.0,0.0,0.0,0,0,0,0,0,0,0,0,0,0.0,0.0,0.0,0.0,0,0,0,0,,,,0,False,583,0.0,0,95,0.0,0,False,,0.0,0,0.0,0,0.0,0,5.0,0,0,0,0,0.0,0.0,0,4.255,3.668,4.843,-0.245
2026-10-07,2026-10-07T09:49:48+00:00,2026,5,5,547027,543,Diarra,Habib,Diarra,MID,20,56,Sunderland,5.3,5.5,-0.2,5,28,2,0,1,0,0,18,2.5,0.9,0.0,559,5945,0.0073,0.0777,-0.0704,2.9,15.6,10.9,2.0,i,Hamstring injury - Unknown return date,2026-08-30T16:30:08.428960Z,0.0,0.0,0.0,0.0,0.0,0.0,0,0,0,1,0,0,0,0,0,0.03,0.16,0.19,0.12,0,0,0,0,1.0,,,0,False,562,-0.1,21,262,-1.6,0,False,,-1.6,-1,-1.6,-1,-1.6,-1,5.0,213,38,0,8,2.5,7.2,0,5.53,4.942,6.118,0.23
2026-10-07,2026-10-07T09:49:48+00:00,2026,5,5,547037,434,J.Fletcher,Jack,Fletcher,MID,16,1,Man Utd,4.9,5.0,-0.1,0,0,0,0,0,0,0,0,0.0,0.0,0.0,329,708,0.0043,0.0093,-0.005,0.0,0.0,0.0,0.0,a,,,,,0.0,0.0,0.0,0.0,0,0,0,0,0,0,0,0,0,0.0,0.0,0.0,0.0,0,0,0,0,,,,0,False,606,0.0,49,60,-39.0,0,False,,-39.0,-2,-39.0,-2,-39.0,-2,5.0,0,0,0,0,0.0,0.0,0,4.881,4.293,5.468,-0.019
2026-10-07,2026-10-07T09:49:48+00:00,2026,5,5,547676,425,Fredricson,Tyler,Fredricson,DEF,16,1,Man Utd,4.0,4.0,0.0,0,0,0,0,0,0,0,0,0.0,0.0,0.0,0,1323,0.0,0.0173,-0.0173,0.0,0.0,0.0,0.0,u,Has joined Lausanne-Sport permanently,2026-08-18T14:12:31.904433Z,0.0,0.0,0.0,0.0,0.0,0.0,0,0,0,0,0,0,0,0,0,0.0,0.0,0.0,0.0,0,0,0,0,,,,0,False,602,0.0,0,55,0.0,0,False,,0.0,0,0.0,0,0.0,0,5.0,0,0,0,0,0.0,0.0,0,4.113,3.525,4.7,0.113
2026-10-07,2026-10-07T09:49:48+00:00,2026,5,5,547686,610,De Fougerolles,Luc,De Fougerolles,DEF,10,54,Fulham,4.0,4.0,0.0,0,0,0,0,0,0,0,0,0.0,0.0,0.1,5787,5279,0.0757,0.069,0.0066,0.0,0.0,0.0,0.0,u,has joined  Real Salt Lake on loan for the rest of the seaon.,2026-08-28T11:30:08.336405Z,0.0,0.0,0.0,0.0,0.0,0.0,0,0,0,0,0,0,0,0,0,0.0,0.0,0.0,0.0,0,0,0,0,,,,0,False,468,0.0,0,533,0.0,0,False,,0.0,0,0.0,0,0.0,0,5.0,0,0,0,0,0.0,0.0,0,4.007,3.42,4.594,0.007
2026-10-07,2026-10-07T09:49:48+00:00,2026,5,5,547701,522,Gray,Archie,Gray,MID,19,6,Spurs,4.9,5.0,-0.1,9,307,4,0,0,1,0,51,2.2,1.8,0.2,6897,13524,0.0902,0.1768,-0.0866,7.0,28.4,14.6,27.0,a,,,,,2.5,0.5,2.5,2.5,2,3,0,7,0,0,0,0,0,0.23,0.05,0.28,6.11,27,5,12,10,,,,0,False,345,0.0,520,1353,-29.3,2,False,,-28.0,-2,-25.8,-2,-23.5,-2,5.0,2333,68,0,0,2.2,14.0,0,4.927,4.339,5.515,0.027
2026-10-07,2026-10-07T09:49:48+00:00,2026,5,5,547719,459,L.Miley,Lewis,Miley,MID,17,4,Newcastle,5.5,5.5,0.0,12,396,5,0,0,1,0,68,2.4,2.2,0.1,6363,5661,0.0832,0.074,0.0092,12.0,58.4,57.3,5.0,d,Unspecified injury - 75% chance of playing,2026-10-01T15:30:10.335504Z,100.0,75.0,2.0,0.4,2.0,1.5,4,5,0,8,1,0,0,1,0,0.05,0.14,0.19,7.95,52,6,26,20,,,5.0,0,False,444,0.0,499,654,0.6,-3,False,,0.6,1,0.5,1,0.5,1,5.0,3010,91,0,0,2.4,16.6,0,5.159,4.57,5.747,-0.341
2026-10-07,2026-10-07T09:49:48+00:00,2026,5,5,548308,507,Phillips,Ashley,Phillips,DEF,19,6,Spurs,4.5,4.5,0.0,0,0,0,0,0,0,0,0,0.0,0.0,0.0,0,1274,0.0,0.0167,-0.0167,0.0,0.0,0.0,0.0,u,Has joined Middlesbrough permanently,2026-08-18T14:13:08.474144Z,0.0,0.0,0.0,0.0,0.0,0.0,0,0,0,0,0,0,0,0,0,0.0,0.0,0.0,0.0,0,0,0,0,,,,0,False,599,0.0,0,59,0.0,0,False,,0.0,0,0.0,0,0.0,0,5.0,0,0,0,0,0.0,0.0,0,4.34,3.752,4.928,-0.16
2026-10-07,2026-10-07T09:49:48+00:00,2026,5,5,549067,477,Abbott,Zach,Abbott,DEF,18,17,Nott'm Forest,4.0,4.0,0.0,0,0,0,0,0,0,0,0,0.0,0.0,0.1,2459,14003,0.0321,0.1831,-0.1509,0.0,0.0,0.0,0.0,u,Has joined Southampton on loan for the rest of the season,2026-09-02T16:19:54.536676Z,0.0,0.0,0.0,0.0,0.0,0.0,0,0,0,0,0,0,0,0,0,0.0,0.0,0.0,0.0,0,0,0,0,,,,0,False,373,0.0,0,930,0.0,-2,False,,0.0,0,0.0,0,0.0,0,5.0,0,0,0,0,0.0,0.0,0,4.007,3.42,4.594,0.007
2026-10-07,2026-10-07T09:49:48+00:00,2026,5,5,549074,133,Watson,Tom,Watson,MID,5,36,Brighton,5.0,5.0,0.0,0,0,0,0,0,0,0,0,0.0,0.0,0.0,0,137,0.0,0.0018,-0.0018,0.0,0.0,0.0,0.0,u,Has joined Leicester City on loan for the rest of the season,2026-08-03T14:05:44.459483Z,0.0,0.0,0.0,0.0,0.0,0.0,0,0,0,0,0,0,0,0,0,0.0,0.0,0.0,0.0,0,0,0,0,,,,0,False,664,0.0,0,6,0.0,0,False,,0.0,0,0.0,0,0.0,0,5.0,0,0,0,0,0.0,0.0,0,4.801,4.213,5.389,-0.199
2026-10-07,2026-10-07T09:49:48+00:00,2026,5,5,549653,197,Bassette,Norman,Bassette,FWD,7,9,Coventry City,4.5,4.5,0.0,0,0,0,0,0,0,0,0,0.0,0.0,0.0,0,2119,0.0,0.0277,-0.0277,0.0,0.0,0.0,0.0,u,Has joined KVC Westerlo on loan for the rest of the season,2026-07-28T12:58:50.001768Z,0.0,0.0,0.0,0.0,0.0,0.0,0,0,0,0,0,0,0,0,0,0.0,0.0,0.0,0.0,0,0,0,0,,,,0,False,561,0.0,0,160,0.0,0,False,,0.0,0,0.0,0,0.0,0,5.0,0,0,0,0,0.0,0.0,0,4.517,3.93,5.105,0.017
2026-10-07,2026-10-07T09:49:48+00:00,2026,5,5,549912,549,Talbi,Chemsdine,Talbi,MID,20,56,Sunderland,5.3,5.5,-0.2,1,31,1,0,0,0,0,1,1.0,0.2,0.1,1357,11844,0.0177,0.1548,-0.1371,0.0,0.0,0.9,0.0,a,,,,,0.0,0.0,0.0,0.0,0,0,0,1,0,0,0,0,0,0.0,0.0,0.0,0.14,2,0,2,0,,,,0,False,386,0.0,124,624,-33.1,0,False,,-33.1,-2,-33.1,-2,-33.1,-2,5.0,236,8,0,0,1.0,1.4,0,5.027,4.44,5.614,-0.273
2026-10-07,2026-10-07T09:49:48+00:00,2026,5,5,549939,560,Penders,Mike,Penders,GK,6,8,Chelsea,4.4,4.5,-0.1,0,0,0,0,0,0,0,0,0.0,0.0,0.1,2034,3651,0.0266,0.0477,-0.0211,0.0,0.0,0.0,0.0,a,,,,,0.0,0.0,0.0,0.0,0,0,0,0,0,0,0,0,0,0.0,0.0,0.0,0.0,0,0,0,0,,,,0,False,472,0.0,259,331,-1.9,0,False,,-1.9,-1,-1.9,-1,-1.9,-1,5.0,0,0,0,0,0.0,0.0,0,4.333,3.744,4.921,-0.067
2026-10-07,2026-10-07T09:49:48+00:00,2026,5,5,549940,646,Fofana,Malick,Fofana,MID,20,56,Sunderland,5.5,5.5,0.0,3,60,3,0,0,0,0,11,1.0,0.5,0.0,4099,1755,0.0536,0.0229,0.0306,5.8,12.4,2.1,44.0,a,,,,,1.0,0.2,1.0,1.0,1,0,0,2,0,0,0,0,0,0.39,0.01,0.4,3.25,3,1,2,0,,,,0,False,537,0.0,363,327,-12.5,0,False,,-12.5,-1,-12.5,-1,-12.5,-1,5.0,456,23,0,0,1.0,4.1,0,5.11,4.523,5.697,-0.39
2026-10-07,2026-10-07T09:49:48+00:00,2026,5,5,550090,117,Coppola,Diego,Coppola,DEF,5,36,Brighton,4.5,4.5,0.0,0,0,0,0,0,0,0,0,0.0,0.0,0.0,935,1071,0.0122,0.014,-0.0018,0.0,0.0,0.0,0.0,a,,,,,0.0,0.0,0.0,0.0,0,0,0,0,0,0,0,0,0,0.0,0.0,0.0,0.0,0,0,0,0,,,,0,False,573,0.0,123,108,-11.4,0,False,,-11.4,-1,-11.4,-1,-11.4,-1,5.0,0,0,0,0,0.0,0.0,0,4.272,3.684,4.86,-0.228
2026-10-07,2026-10-07T09:49:48+00:00,2026,5,5,550615,242,George,Tyrique,George,MID,9,11,Everton,5.5,5.5,0.0,19,309,5,1,0,2,3,77,3.8,3.5,0.9,107467,43878,1.405,0.5736,0.8313,22.5,64.0,86.2,75.0,a,,,,,2.0,0.4,2.0,2.0,1,4,0,3,0,0,0,0,0,0.35,0.32,0.67,3.71,18,1,12,5,,,,0,False,192,0.0,2802,12214,31.9,-19,False,,31.8,2,31.5,2,31.2,2,5.0,2348,144,8,0,3.8,26.3,0,6.01,5.42,6.599,0.51
2026-10-07,2026-10-07T09:49:48+00:00,2026,5,5,550839,517,Odobert,Wilson,Odobert,MID,19,6,Spurs,5.5,5.5,0.0,0,0,0,0,0,0,0,0,0.0,0.0,0.0,135,110,0.0018,0.0014,0.0003,0.0,0.0,0.0,0.0,i,Knee injury - Unknown return date,2026-07-23T12:01:23.879434Z,0.0,0.0,0.0,0.0,0.0,0.0,0,0,0,0,0,0,0,0,0,0.0,0.0,0.0,0.0,0,0,0,0,,,,0,False,659,0.0,33,15,0.0,0,False,,0.0,0,0.0,0,0.0,0,5.0,0,0,0,0,0.0,0.0,0,5.151,4.563,5.739,-0.349
2026-10-07,2026-10-07T09:49:48+00:00,2026,5,5,550864,420,Yoro,Leny,Yoro,DEF,16,1,Man Utd,4.8,5.0,-0.2,2,22,2,0,0,0,0,-1,1.0,0.4,0.5,5318,36209,0.0695,0.4734,-0.4038,1.3,7.8,2.4,2.0,a,,,,,0.0,0.0,0.0,0.0,0,0,0,2,0,0,0,0,0,0.0,0.02,0.02,1.09,5,2,1,3,,,,0,False,260,-0.1,536,2367,-12.3,-1,False,,-12.4,-1,-12.7,-1,-12.9,-1,5.0,167,15,0,0,1.0,3.2,0,4.652,4.064,5.24,-0.148
2026-10-07,2026-10-07T09:49:48+00:00,2026,5,5,551050,635,Larsson,Hugo,Larsson,MID,10,54,Fulham,5.0,5.0,0.0,3,37,3,0,0,0,0,9,1.0,0.6,0.0,850,311,0.0111,0.0041,0.007,1.8,6.8,1.9,9.0,a,,,,,1.0,0.2,1.0,1.0,1,0,0,1,0,0,0,0,0,0.13,0.23,0.36,0.88,6,1,3,2,,,,0,False,619,0.0,105,78,0.0,0,False,,0.0,0,0.0,0,0.0,0,5.0,281,23,0,0,1.0,4.6,0,4.857,4.27,5.444,-0.143
2026-10-07,2026-10-07T09:49:48+00:00,2026,5,5,551210,148,Hato,Jorrel,Hato,DEF,6,8,Chelsea,4.5,4.5,0.0,8,258,4,0,2,0,0,14,2.0,1.8,0.8,91405,60457,1.195,0.7904,0.4046,14.0,77.0,47.1,15.0,a,,,,,0.0,0.0,0.0,0.0,0,4,0,9,0,0,0,0,0,0.01,0.21,0.22,4.81,18,7,9,11,,,,0,False,199,0.0,1010,8130,13.4,-8,False,,13.3,1,13.2,1,13.0,1,5.0,1961,61,0,15,2.0,13.5,0,5.095,4.501,5.689,0.595
2026-10-07,2026-10-07T09:49:48+00:00,2026,5,5,551226,525,Fernandes,Mateus,Fernandes,MID,19,6,Spurs,5.7,6.0,-0.3,7,249,5,0,0,1,0,50,1.4,1.2,0.8,14524,125518,0.1899,1.6409,-1.4511,14.6,24.2,92.6,34.0,a,,,,,2.0,0.4,2.0,2.0,1,3,0,4,0,0,0,1,0,0.19,0.28,0.47,4.43,21,7,12,2,,,4.0,0,False,205,-0.1,543,7431,-13.8,-24,False,,-15.5,-1,-18.5,-1,-21.6,-2,5.0,1892,53,0,0,1.4,9.3,0,5.337,4.749,5.924,-0.363
2026-10-07,2026-10-07T09:49:48+00:00,2026,5,5,551262,196,Markelo,Jahnoah,Markelo,FWD,7,9,Coventry City,5.0,5.0,0.0,0,0,0,0,0,0,0,0,0.0,0.0,0.0,0,1193,0.0,0.0156,-0.0156,0.0,0.0,0.0,0.0,u,Has joined Shabab Al-Ahli Dubai permanently,2026-08-17T13:53:55.791223Z,0.0,0.0,0.0,0.0,0.0,0.0,0,0,0,0,0,0,0,0,0,0.0,0.0,0.0,0.0,0,0,0,0,,,,0,False,631,0.0,0,66,0.0,0,False,,0.0,0,0.0,0,0.0,0,5.0,0,0,0,0,0.0,0.0,0,4.792,4.204,5.38,-0.208
2026-10-07,2026-10-07T09:49:48+00:00,2026,5,5,551466,569,Gonzalo,Gonzalo,García,FWD,10,54,Fulham,6.0,6.0,0.0,14,425,5,1,0,2,0,53,2.8,2.3,4.2,457766,317465,5.9845,4.1503,1.8342,22.1,53.0,46.8,125.0,a,,,,,2.0,0.3,2.0,2.0,2,5,0,7,0,0,0,0,0,2.33,0.58,2.91,8.29,18,2,9,7,1.0,,,0,False,81,0.0,95457,38080,67.6,244,False,,69.8,3,73.7,3,77.6,3,5.0,3230,106,8,0,2.8,17.7,0,6.003,5.415,6.592,0.003
2026-10-07,2026-10-07T09:49:48+00:00,2026,5,5,551499,377,Munoz,Victor,Munoz,MID,14,14,Liverpool,6.5,6.5,0.0,15,257,5,1,1,1,0,60,3.0,2.3,0.9,117736,102891,1.5392,1.3451,0.1941,18.5,56.2,42.4,86.0,a,,,,,1.0,0.2,1.0,1.0,1,3,0,2,0,0,0,1,0,0.52,0.31,0.83,4.63,16,3,8,5,,,,0,False,190,0.0,1753,12549,6.5,-11,False,,6.4,1,6.2,1,6.1,1,5.0,1953,114,8,8,3.0,17.5,0,6.809,6.22,7.397,0.309
2026-10-07,2026-10-07T09:49:48+00:00,2026,5,5,552946,574,Hjertø-Dahl,Jens,Hjertø-Dahl,MID,11,88,Hull City,4.9,5.0,-0.1,1,8,1,0,0,0,0,4,1.0,0.2,0.1,1444,4477,0.0189,0.0585,-0.0397,0.0,0.0,0.0,0.0,a,,,,,0.0,0.0,0.0,0.0,0,0,0,0,0,0,0,0,0,0.0,0.0,0.0,0.0,1,0,1,0,,,,0,False,493,0.0,83,357,-83.3,0,False,,-83.3,-3,-83.3,-3,-83.3,-3,5.0,61,8,0,0,1.0,1.6,0,4.802,4.215,5.389,-0.098
2026-10-07,2026-10-07T09:49:48+00:00,2026,5,5,553746,609,Shahar,Leo,Shahar,DEF,17,4,Newcastle,4.0,4.0,0.0,0,0,0,0,0,0,0,0,0.0,0.0,0.2,18236,15880,0.2384,0.2076,0.0308,0.0,0.0,0.0,0.0,u,has joined Arouca on loan for the rest of the seaon.,2026-09-11T14:41:57.406766Z,0.0,0.0,0.0,0.0,0.0,0.0,0,0,0,0,0,0,0,0,0,0.0,0.0,0.0,0.0,0,0,0,0,,,,0,False,352,0.0,0,1982,0.0,0,False,,0.0,0,0.0,0,0.0,0,5.0,0,0,0,0,0.0,0.0,0,4.025,3.437,4.612,0.025
2026-10-07,2026-10-07T09:49:48+00:00,2026,5,5,553783,294,Zambrano,Óscar,Zambrano,MID,11,88,Hull City,4.5,4.5,0.0,0,0,0,0,0,0,0,0,0.0,0.0,0.1,3890,6857,0.0509,0.0896,-0.0388,0.0,0.0,0.0,0.0,a,,2026-08-04T18:30:11.016909Z,100.0,100.0,0.0,0.0,0.0,0.0,0,0,0,0,0,0,0,0,0,0.0,0.0,0.0,0.0,0,0,0,0,,,,0,False,432,0.0,161,528,-25.9,0,False,,-25.9,-2,-25.9,-2,-25.9,-2,5.0,0,0,0,0,0.0,0.0,0,4.529,3.941,5.116,0.029
2026-10-07,2026-10-07T09:49:48+00:00,2026,5,5,554054,622,Braithwaite,Kaden,Braithwaite,DEF,15,43,Man City,4.0,4.0,0.0,1,1,1,0,0,0,0,3,1.0,0.2,0.2,16836,9288,0.2201,0.1214,0.0987,0.1,0.6,0.8,0.0,a,,,,,0.0,0.0,0.0,0.0,0,0,0,0,0,0,0,0,0,0.0,0.0,0.0,0.0,0,0,1,0,,,,0,False,356,0.0,629,1737,-42.6,0,False,,-42.6,-3,-42.6,-3,-42.6,-3,5.0,8,8,0,0,1.0,1.9,0,4.272,3.684,4.86,0.272
2026-10-07,2026-10-07T09:49:48+00:00,2026,5,5,554197,548,Rigg,Chris,Rigg,MID,20,56,Sunderland,4.9,5.0,-0.1,2,17,2,0,0,0,0,6,1.0,0.4,0.0,477,2882,0.0062,0.0377,-0.0314,0.0,0.0,0.3,0.0,a,,,,,0.0,0.0,0.0,0.0,0,0,0,1,0,0,0,0,0,0.0,0.0,0.0,0.44,1,0,1,0,,,,0,False,502,0.0,40,262,-85.3,0,False,,-85.3,-3,-85.3,-3,-85.3,-3,5.0,129,15,0,0,1.0,3.1,0,4.819,4.232,5.407,-0.081
2026-10-07,2026-10-07T09:49:48+00:00,2026,5,5,554578,444,Jaouen,Ewen,Jaouen,GK,17,4,Newcastle,4.4,4.5,-0.1,0,0,0,0,0,0,0,0,0.0,0.0,0.0,454,1545,0.0059,0.0202,-0.0143,0.0,0.0,0.0,0.0,i,Hamstring injury - Unknown return date,2026-09-10T16:00:09.127466Z,50.0,0.0,0.0,0.0,0.0,0.0,0,0,0,0,0,0,0,0,0,0.0,0.0,0.0,0.0,0,0,0,0,,,,0,False,570,-0.1,21,140,-5.5,0,False,,-5.5,-1,-5.5,-1,-5.5,-1,5.0,0,0,0,0,0.0,0.0,0,4.247,3.659,4.835,-0.153
2026-10-07,2026-10-07T09:49:48+00:00,2026,5,5,556637,134,Oriola,Nehemiah,Oriola,MID,5,36,Brighton,4.5,4.5,0.0,0,0,0,0,0,0,0,0,0.0,0.0,0.2,8791,14338,0.1149,0.1874,-0.0725,0.0,0.0,0.0,0.0,a,,,,,0.0,0.0,0.0,0.0,0,0,0,0,0,0,0,0,0,0.0,0.0,0.0,0.0,0,0,0,0,,,,0,False,313,0.0,387,1470,-89.9,0,False,,-89.9,-3,-89.9,-3,-89.9,-3,5.0,0,0,0,0,0.0,0.0,0,4.53,3.942,5.117,0.03
2026-10-07,2026-10-07T09:49:48+00:00,2026,5,5,557012,321,Walle Egeli,Sindre,Walle Egeli,FWD,12,40,Ipswich Town,4.5,4.5,0.0,1,10,1,0,0,0,0,3,1.0,0.2,3.5,333950,214739,4.3658,2.8074,1.5585,0.0,0.0,0.1,0.0,a,,,,,0.0,0.0,0.0,0.0,0,0,0,0,0,0,0,0,0,0.0,0.0,0.0,0.03,0,0,0,0,,,,0,False,95,0.0,21329,30252,41.6,-8,False,,41.5,3,41.4,3,41.3,3,5.0,76,8,0,0,1.0,1.7,0,4.604,4.016,5.192,0.104
2026-10-07,2026-10-07T09:49:48+00:00,2026,5,5,559152,595,Gozo,Zavier,Gozo,MID,8,31,Crystal Palace,4.9,5.0,-0.1,2,28,2,0,0,0,0,6,1.0,0.4,0.0,491,891,0.0064,0.0116,-0.0052,0.3,1.4,1.6,0.0,a,,,,,0.5,0.1,0.5,0.5,0,0,0,2,0,0,0,0,0,0.0,0.0,0.0,0.68,1,1,0,0,,,,0,False,600,-0.1,41,98,-2.1,0,False,,-2.1,-1,-2.1,-1,-2.1,-1,5.0,213,15,0,0,1.0,3.1,0,4.797,4.21,5.385,-0.103
2026-10-07,2026-10-07T09:49:48+00:00,2026,5,5,560262,78,Kroupi.Jr,Junior,Kroupi,MID,3,91,Bournemouth,7.4,7.5,-0.1,0,0,0,0,0,0,0,0,0.0,0.0,0.2,1275,27506,0.0167,0.3596,-0.3429,0.0,0.0,0.0,0.0,i,Foot injury - Expected back 7 Nov,2026-07-29T17:30:09.796802Z,0.0,0.0,0.0,0.0,0.0,0.0,0,0,0,0,0,0,0,0,0,0.0,0.0,0.0,0.0,0,0,0,0,1.0,,,0,False,347,0.0,229,988,-82.8,-3,False,,-83.5,-3,-84.6,-3,-85.7,-3,5.0,0,0,0,0,0.0,0.0,0,6.243,5.65,6.835,-1.157
2026-10-07,2026-10-07T09:49:48+00:00,2026,5,5,560552,263,Kevin,Kevin,Santos Lopes de Macedo,MID,10,54,Fulham,5.3,5.5,-0.2,4,61,4,0,0,0,0,14,1.0,0.8,0.0,2032,4257,0.0266,0.0557,-0.0291,3.5,10.6,6.8,18.0,a,,,,,1.0,0.2,1.0,1.0,1,0,0,1,0,0,0,0,0,0.07,0.12,0.19,1.23,8,3,4,1,,,4.0,0,False,512,0.0,228,320,-14.1,0,False,,-14.1,-1,-14.1,-1,-14.1,-1,5.0,464,30,0,0,1.0,5.7,0,5.073,4.486,5.66,-0.227
2026-10-07,2026-10-07T09:49:48+00:00,2026,5,5,561245,81,Rodríguez,Álvaro,Rodríguez,FWD,3,91,Bournemouth,6.0,6.0,0.0,2,10,2,0,0,0,0,7,1.0,0.3,0.1,5630,6924,0.0736,0.0905,-0.0169,0.1,0.0,0.5,0.0,a,,2026-08-15T16:30:07.054142Z,100.0,100.0,0.5,0.1,0.5,0.5,0,0,0,1,0,0,0,0,0,0.0,0.0,0.0,0.18,1,0,1,0,,,,0,False,388,0.0,923,793,-31.0,-1,False,,-31.9,-2,-33.5,-2,-35.1,-2,5.0,76,15,0,0,1.0,2.5,0,5.407,4.818,5.996,-0.593
2026-10-07,2026-10-07T09:49:48+00:00,2026,5,5,565297,349,Mateo Joseph,Mateo,Joseph Fernández-Regatillo,FWD,13,2,Leeds,4.5,4.5,0.0,0,0,0,0,0,0,0,0,0.0,0.0,0.1,3153,4513,0.0412,0.059,-0.0178,0.0,0.0,0.0,0.0,i,Knee injury - Unknown return date,2026-07-29T18:00:10.338170Z,0.0,0.0,0.0,0.0,0.0,0.0,0,0,0,0,0,0,0,0,0,0.0,0.0,0.0,0.0,0,0,0,0,,,,0,False,496,0.0,367,539,-44.6,0,False,,-44.6,-3,-44.6,-3,-44.6,-3,5.0,0,0,0,0,0.0,0.0,0,4.519,3.931,5.107,0.019
2026-10-07,2026-10-07T09:49:48+00:00,2026,5,5,566213,656,Mfuni,Stephen,Mfuni,DEF,7,9,Coventry City,4.0,4.0,0.0,6,90,1,0,0,1,0,27,6.0,1.5,0.1,10375,2747,0.1356,0.0359,0.0997,2.2,17.6,0.7,4.0,a,,,,,3.0,0.8,3.0,3.0,6,1,0,0,0,0,0,0,0,0.0,0.01,0.01,1.1,8,1,3,7,,,,0,False,416,0.0,2063,946,0.1,-1,False,,0.1,1,0.1,1,0.0,0,5.0,684,46,0,0,6.0,11.4,0,4.44,3.85,5.031,0.44
2026-10-07,2026-10-07T09:49:48+00:00,2026,5,5,567119,169,Mheuka,Shumaira,Mheuka,FWD,6,8,Chelsea,4.5,4.5,0.0,0,0,0,0,0,0,0,0,0.0,0.0,0.5,32724,25661,0.4278,0.3355,0.0923,0.0,0.0,0.0,0.0,a,,,,,0.0,0.0,0.0,0.0,0,0,0,0,0,0,0,0,0,0.0,0.0,0.0,0.0,0,0,0,0,,,,0,False,250,0.0,5003,3872,4.8,2,False,,4.9,1,4.9,1,4.9,1,5.0,0,0,0,0,0.0,0.0,0,4.626,4.037,5.215,0.126
2026-10-07,2026-10-07T09:49:48+00:00,2026,5,5,568420,581,Diomande,Ousmane,Diomande,DEF,18,17,Nott'm Forest,5.4,5.5,-0.1,7,163,3,0,0,0,0,17,2.3,1.3,0.5,13852,41961,0.1811,0.5486,-0.3675,5.2,32.4,1.0,19.0,a,,,,,3.0,0.6,3.0,3.0,2,2,0,2,0,0,0,0,0,0.16,0.01,0.17,1.45,19,1,10,18,,,,0,False,243,0.0,1730,2496,-53.6,1,False,,-53.4,-3,-53.0,-3,-52.7,-3,5.0,1239,53,0,0,2.3,9.9,0,4.925,4.338,5.512,-0.475
2026-10-07,2026-10-07T09:49:48+00:00,2026,5,5,569577,606,Rowe,Triston,Rowe,DEF,2,7,Aston Villa,4.0,4.0,0.0,0,0,0,0,0,0,0,0,0.0,0.0,0.2,13042,6226,0.1705,0.0814,0.0891,0.0,0.0,0.0,0.0,a,,,,,0.0,0.0,0.0,0.0,0,0,0,0,0,0,0,0,0,0.0,0.0,0.0,0.0,0,0,0,0,,,,0,False,360,0.0,346,971,0.1,0,False,,0.1,1,0.1,1,0.1,1,5.0,0,0,0,0,0.0,0.0,0,3.988,3.4,4.576,-0.012
2026-10-07,2026-10-07T09:49:48+00:00,2026,5,5,570241,92,Ji-soo,Kim,Ji-soo,DEF,4,94,Brentford,4.4,4.5,-0.1,0,0,0,0,0,0,0,0,0.0,0.0,0.0,502,966,0.0066,0.0126,-0.0061,0.0,0.0,0.0,0.0,a,,,,,0.0,0.0,0.0,0.0,0,0,0,0,0,0,0,0,0,0.0,0.0,0.0,0.0,0,0,0,0,,,,0,False,578,-0.1,68,94,-4.1,0,False,,-4.1,-1,-4.1,-1,-4.1,-1,5.0,0,0,0,0,0.0,0.0,0,4.205,3.616,4.794,-0.195
2026-10-07,2026-10-07T09:49:48+00:00,2026,5,5,570526,520,Bergvall,Lucas,Bergvall,MID,19,6,Spurs,5.3,5.5,-0.2,3,78,3,0,0,0,0,13,1.0,0.6,0.1,1899,9621,0.0248,0.1258,-0.101,2.9,11.0,10.8,11.0,a,,,,,1.0,0.2,1.0,1.0,1,1,0,2,0,0,0,0,0,0.06,0.27,0.33,2.21,13,3,9,1,,,,0,False,374,-0.1,119,688,-4.6,0,False,,-4.6,-1,-4.6,-1,-4.6,-1,5.0,593,23,0,0,1.0,4.3,0,5.107,4.519,5.694,-0.193
2026-10-07,2026-10-07T09:49:48+00:00,2026,5,5,570794,588,Khalaili,Anan,Khalaili,DEF,8,31,Crystal Palace,5.0,5.0,0.0,19,379,5,1,0,1,0,54,3.8,3.8,0.3,34952,15919,0.4569,0.2081,0.2488,22.5,128.2,48.8,48.0,d,Hamstring injury - 75% chance of playing,2026-10-04T22:00:08.963040Z,,75.0,6.5,1.3,6.5,4.9,6,4,0,8,0,0,0,1,0,0.96,0.33,1.29,8.41,44,21,26,23,,,,0,False,288,0.0,2259,1665,7.1,-15,False,,7.0,1,6.7,1,6.5,1,5.0,2880,144,8,0,3.8,28.9,0,5.412,4.822,6.001,0.412
2026-10-07,2026-10-07T09:49:48+00:00,2026,5,5,571380,607,Lynch,Luka,Lynch,MID,2,7,Aston Villa,4.5,4.5,0.0,0,0,0,0,0,0,0,0,0.0,0.0,0.1,7103,8202,0.0929,0.1072,-0.0144,0.0,0.0,0.0,0.0,u,Has joined Oxford United on loan until January,2026-09-04T12:35:39.820426Z,0.0,0.0,0.0,0.0,0.0,0.0,0,0,0,0,0,0,0,0,0,0.0,0.0,0.0,0.0,0,0,0,0,,,,0,False,477,0.0,0,758,0.0,0,False,,0.0,0,0.0,0,0.0,0,5.0,0,0,0,0,0.0,0.0,0,4.509,3.921,5.096,0.009
2026-10-07,2026-10-07T09:49:48+00:00,2026,5,5,571779,570,Palacios,César,Palacios,MID,10,54,Fulham,5.4,5.5,-0.1,12,226,4,1,0,0,1,48,3.0,2.2,0.2,6071,10706,0.0794,0.14,-0.0606,14.0,45.4,32.6,62.0,a,,,,,0.5,0.1,0.5,0.5,1,3,0,7,0,0,0,1,0,0.98,0.03,1.01,5.46,17,3,10,4,,,,0,False,357,0.0,782,1060,-8.4,-2,False,,-9.5,-1,-11.5,-1,-13.5,-1,5.0,1718,91,8,0,3.0,16.9,0,5.786,5.199,6.374,0.386
2026-10-07,2026-10-07T09:49:48+00:00,2026,5,5,572584,592,Ouattara,Abdoul,Ouattara,DEF,12,40,Ipswich Town,4.0,4.0,0.0,6,131,5,0,0,0,0,29,1.2,1.5,0.9,13607,26457,0.1779,0.3459,-0.168,7.6,31.6,36.2,9.0,a,,,,,1.5,0.4,1.5,1.5,2,1,0,2,0,0,0,0,0,0.02,0.03,0.05,3.13,11,4,14,7,,,,0,False,197,0.0,822,2321,-35.0,-3,False,,-35.4,-2,-36.1,-2,-36.7,-2,5.0,996,46,0,0,1.2,11.4,0,4.146,3.558,4.733,0.146
2026-10-07,2026-10-07T09:49:48+00:00,2026,5,5,574458,150,M.Sarr,Mamadou,Sarr,DEF,6,8,Chelsea,4.5,4.5,0.0,0,0,0,0,0,0,0,0,0.0,0.0,0.0,429,6006,0.0056,0.0785,-0.0729,0.0,0.0,0.0,0.0,u,Has joined Real Sociedad on loan for the rest of the season,2026-08-29T00:34:23.077418Z,0.0,0.0,0.0,0.0,0.0,0.0,0,0,0,0,0,0,0,0,0,0.0,0.0,0.0,0.0,0,0,0,0,,,,0,False,553,0.0,0,190,0.0,0,False,,0.0,0,0.0,0,0.0,0,5.0,0,0,0,0,0.0,0.0,0,4.373,3.785,4.96,-0.127
2026-10-07,2026-10-07T09:49:48+00:00,2026,5,5,575204,407,Echeverri,Claudio,Echeverri,MID,15,43,Man City,4.9,5.0,-0.1,0,0,0,0,0,0,0,0,0.0,0.0,0.0,250,1349,0.0033,0.0176,-0.0144,0.0,0.0,0.0,0.0,u,Has joined Benfica on loan for the rest of the season,2026-09-03T15:41:24.710479Z,0.0,0.0,0.0,0.0,0.0,0.0,0,0,0,0,0,0,0,0,0,0.0,0.0,0.0,0.0,0,0,0,0,,,,0,False,617,0.0,0,60,0.0,0,False,,0.0,0,0.0,0,0.0,0,5.0,0,0,0,0,0.0,0.0,0,4.997,4.409,5.585,0.097
2026-10-07,2026-10-07T09:49:48+00:00,2026,5,5,575458,474,Jair Cunha,Jair,Paula da Cunha Filho,DEF,18,17,Nott'm Forest,4.5,4.5,0.0,11,360,4,0,0,1,0,40,2.8,2.4,0.2,9815,13246,0.1283,0.1732,-0.0449,8.6,69.6,14.2,2.0,a,,2026-09-12T14:00:09.724349Z,75.0,100.0,0.5,0.1,0.4,0.5,1,4,0,4,0,0,0,2,0,0.05,0.02,0.07,3.95,36,7,8,29,,,,0,False,338,0.0,309,720,-51.3,0,False,,-51.3,-3,-51.3,-3,-51.3,-3,5.0,2736,84,0,0,2.8,18.6,0,4.44,3.853,5.027,-0.06
2026-10-07,2026-10-07T09:49:48+00:00,2026,5,5,575476,472,Murillo,Murillo,Costa dos Santos,DEF,18,17,Nott'm Forest,5.5,5.5,0.0,23,449,5,0,1,1,0,76,4.6,4.2,2.1,105514,62665,1.3794,0.8192,0.5602,21.4,124.2,62.6,27.0,a,,2026-07-23T12:01:23.801183Z,100.0,100.0,5.0,0.9,5.0,5.0,4,5,0,5,0,0,0,1,0,0.42,0.37,0.79,4.77,53,9,18,44,,2.0,,0,False,125,0.0,10017,9404,26.2,-1,False,,26.2,2,26.2,2,26.1,2,5.0,3412,175,0,8,4.6,31.8,0,5.57,4.981,6.16,0.07
2026-10-07,2026-10-07T09:49:48+00:00,2026,5,5,575901,66,Soler,Julio,Soler Barreto,DEF,3,91,Bournemouth,4.0,4.0,0.0,0,0,0,0,0,0,0,0,0.0,0.0,0.3,13913,11146,0.1819,0.1457,0.0362,0.0,0.0,0.0,0.0,a,,2026-08-15T16:30:07.021055Z,100.0,100.0,0.0,0.0,0.0,0.0,0,0,0,0,0,0,0,0,0,0.0,0.0,0.0,0.0,0,0,0,0,,,,0,False,306,0.0,822,1261,1.5,1,False,,1.5,1,1.5,1,1.5,1,5.0,0,0,0,0,0.0,0.0,0,4.015,3.427,4.603,0.015
2026-10-07,2026-10-07T09:49:48+00:00,2026,5,5,576620,437,Bendito Mantato,Bendito,Mantato,MID,16,1,Man Utd,4.4,4.5,-0.1,0,0,0,0,0,0,0,0,0.0,0.0,0.2,5193,9762,0.0679,0.1276,-0.0597,0.0,0.0,0.0,0.0,a,,,,,0.0,0.0,0.0,0.0,0,0,0,0,0,0,0,0,0,0.0,0.0,0.0,0.0,0,0,0,0,,,,0,False,355,-0.1,529,981,0.0,0,False,,0.0,0,0.0,0,0.0,0,5.0,0,0,0,0,0.0,0.0,0,4.613,4.026,5.201,0.213
2026-10-07,2026-10-07T09:49:48+00:00,2026,5,5,576628,435,Lacey,Shea,Lacey,MID,16,1,Man Utd,4.9,5.0,-0.1,1,10,1,0,0,0,0,3,1.0,0.2,0.1,1758,3358,0.023,0.0439,-0.0209,0.1,0.2,0.6,0.0,a,,,,,0.0,0.0,0.0,0.0,0,0,0,0,0,0,0,0,0,0.0,0.0,0.0,0.0,1,0,1,0,,,,0,False,488,0.0,405,393,-5.5,-2,False,,-9.0,-1,-15.3,-1,-21.6,-2,5.0,76,8,0,0,1.0,1.6,0,4.908,4.321,5.496,0.008
2026-10-07,2026-10-07T09:49:48+00:00,2026,5,5,577016,151,Acheampong,Josh,Acheampong,DEF,6,8,Chelsea,4.5,4.5,0.0,5,221,4,0,0,0,0,5,1.2,1.1,0.3,21194,22698,0.2771,0.2967,-0.0197,5.4,43.0,5.5,6.0,a,,,,,0.0,0.0,0.0,0.0,0,2,0,7,0,0,0,0,0,0.0,0.03,0.03,4.72,20,7,7,13,,,,0,False,280,0.0,482,2139,-14.3,-3,False,,-15.1,-1,-16.6,-1,-18.1,-1,5.0,1680,38,0,0,1.2,8.4,0,4.377,3.789,4.965,-0.123
2026-10-07,2026-10-07T09:49:48+00:00,2026,5,5,577285,51,George Hemmings,George,Hemmings,MID,2,7,Aston Villa,4.5,4.5,0.0,9,297,5,0,0,1,0,34,1.8,2.0,1.2,116234,70922,1.5196,0.9272,0.5924,9.1,25.2,42.1,25.0,a,,,,,1.0,0.2,1.0,1.0,1,4,0,7,0,0,0,0,0,0.07,0.16,0.23,6.26,19,6,10,3,,,,0,False,164,0.0,3551,10989,14.4,-11,False,,14.3,1,14.1,1,13.9,1,5.0,2257,68,0,0,1.8,15.2,0,4.623,4.035,5.21,0.123
2026-10-07,2026-10-07T09:49:48+00:00,2026,5,5,577411,181,Brau,Miguel,Brau,DEF,7,9,Coventry City,4.0,4.0,0.0,0,0,0,0,0,0,0,0,0.0,0.0,0.0,275,2184,0.0036,0.0286,-0.025,0.0,0.0,0.0,0.0,u,Has joined Academico de Viseu on loan for the rest of the season,2026-08-29T00:35:59.980316Z,0.0,0.0,0.0,0.0,0.0,0.0,0,0,0,0,0,0,0,0,0,0.0,0.0,0.0,0.0,0,0,0,0,,,,0,False,569,0.0,0,114,0.0,0,False,,0.0,0,0.0,0,0.0,0,5.0,0,0,0,0,0.0,0.0,0,4.005,3.418,4.592,0.005
2026-10-07,2026-10-07T09:49:48+00:00,2026,5,5,577669,545,Sadiki,Noah,Sadiki,MID,20,56,Sunderland,4.9,5.0,-0.1,10,410,5,0,0,1,0,75,2.0,2.0,0.2,5767,18564,0.0754,0.2427,-0.1673,19.2,52.8,59.5,81.0,a,,,,,2.0,0.4,2.0,2.0,2,5,0,9,0,0,0,1,0,0.44,0.24,0.68,6.47,29,6,12,11,,,,0,False,323,0.0,454,1539,-82.4,0,False,,-82.4,-3,-82.4,-3,-82.4,-3,5.0,3116,76,0,0,2.0,15.5,0,4.795,4.208,5.383,-0.105
2026-10-07,2026-10-07T09:49:48+00:00,2026,5,5,577725,268,King,Josh,King,MID,10,54,Fulham,5.6,5.5,0.1,24,425,5,2,0,2,3,109,4.8,4.3,2.9,370974,101707,4.8499,1.3297,3.5202,35.8,111.4,67.2,179.0,a,,,,,2.5,0.4,2.5,2.5,2,5,0,7,0,0,0,1,0,1.54,0.46,2.0,8.29,28,7,16,5,,,,0,False,106,0.1,126839,23139,0.4,246,False,,1.2,1,2.6,1,4.1,1,5.0,3230,182,15,0,4.8,32.6,0,6.539,5.948,7.13,0.939
2026-10-07,2026-10-07T09:49:48+00:00,2026,5,5,577974,424,Amass,Harry,Amass,DEF,16,1,Man Utd,4.0,4.0,0.0,0,0,0,0,0,0,0,0,0.0,0.0,0.2,6362,8893,0.0832,0.1163,-0.0331,0.0,0.0,0.0,0.0,a,,,,,0.0,0.0,0.0,0.0,0,0,0,0,0,0,0,0,0,0.0,0.0,0.0,0.0,0,0,0,0,,,,0,False,332,0.0,460,863,-50.0,0,False,,-50.0,-3,-50.0,-3,-50.0,-3,5.0,0,0,0,0,0.0,0.0,0,4.116,3.528,4.704,0.116
2026-10-07,2026-10-07T09:49:48+00:00,2026,5,5,578153,393,Khusanov,Abdukodir,Khusanov,DEF,15,43,Man City,5.4,5.5,-0.1,9,268,3,0,0,1,0,53,3.0,1.7,1.4,27015,81366,0.3532,1.0637,-0.7106,6.8,51.6,12.6,4.0,a,,,,,0.0,0.0,0.0,0.0,0,3,0,2,0,0,0,1,0,0.0,0.06,0.06,2.68,17,8,13,9,,,,0,False,158,0.0,1579,9720,-39.4,-4,False,,-39.6,-2,-40.1,-3,-40.5,-3,5.0,2037,68,0,0,3.0,12.7,0,5.171,4.583,5.759,-0.229
2026-10-07,2026-10-07T09:49:48+00:00,2026,5,5,578512,663,Pivas,Miodrag,Pivas,DEF,17,4,Newcastle,4.0,4.0,0.0,0,0,0,0,0,0,0,0,0.0,0.0,0.0,439,71,0.0057,0.0009,0.0048,0.0,0.0,0.0,0.0,a,,,,,0.0,0.0,1.1,1.1,0,0,0,0,0,0,0,0,0,0.0,0.0,0.0,0.0,0,0,0,0,,,,0,False,628,0.0,439,71,0.0,0,False,,0.0,0,0.0,0,0.0,0,5.0,0,0,0,0,0.0,0.0,0,4.021,3.434,4.609,0.021
2026-10-07,2026-10-07T09:49:48+00:00,2026,5,5,578545,39,Nedeljkovic,Kosta,Nedeljkovic,DEF,2,7,Aston Villa,4.0,4.0,0.0,0,0,0,0,0,0,0,0,0.0,0.0,0.1,0,15315,0.0,0.2002,-0.2002,0.0,0.0,0.0,0.0,u,Has joined Rangers on loan for the rest of the season,2026-08-19T13:56:46.385411Z,0.0,0.0,0.0,0.0,0.0,0.0,0,0,0,0,0,0,0,0,0,0.0,0.0,0.0,0.0,0,0,0,0,,,,0,False,384,0.0,0,630,0.0,0,False,,0.0,0,0.0,0,0.0,0,5.0,0,0,0,0,0.0,0.0,0,3.987,3.399,4.575,-0.013
2026-10-07,2026-10-07T09:49:48+00:00,2026,5,5,586268,353,Pecsi,Armin,Pecsi,GK,14,14,Liverpool,4.0,4.0,0.0,0,0,0,0,0,0,0,0,0.0,0.0,0.0,0,1098,0.0,0.0144,-0.0144,0.0,0.0,0.0,0.0,u,Has joined TSV Hartberg on loan for the rest of the season,2026-08-18T14:11:18.638344Z,0.0,0.0,0.0,0.0,0.0,0.0,0,0,0,0,0,0,0,0,0,0.0,0.0,0.0,0.0,0,0,0,0,,,,0,False,579,0.0,0,71,0.0,0,False,,0.0,0,0.0,0,0.0,0,5.0,0,0,0,0,0.0,0.0,0,4.101,3.512,4.689,0.101
2026-10-07,2026-10-07T09:49:48+00:00,2026,5,5,586309,249,Barry,Thierno,Barry,FWD,9,11,Everton,5.7,5.5,0.2,20,417,5,2,0,3,2,83,4.0,3.5,8.4,980684,365598,12.8208,4.7796,8.0412,36.5,85.8,72.0,207.0,a,,,,,4.0,0.7,4.0,4.0,6,5,0,3,0,0,0,0,0,3.5,0.15,3.65,5.02,17,1,11,5,1.0,,,0,False,46,0.1,98529,47422,1.1,75,False,,1.4,1,1.8,1,2.3,1,5.0,3169,152,15,0,4.0,26.7,0,6.565,5.975,7.155,0.865
2026-10-07,2026-10-07T09:49:48+00:00,2026,5,5,587982,648,Bahoya,Jean-Mattéo,Bahoya,MID,13,2,Leeds,5.0,5.0,0.0,1,1,1,0,0,0,0,5,1.0,0.2,0.0,2253,1159,0.0295,0.0152,0.0143,0.1,1.0,0.3,0.0,a,,,,,0.5,0.1,0.5,0.5,1,0,0,0,0,0,0,0,0,0.0,0.0,0.0,0.0,0,0,0,0,,,,0,False,595,0.0,121,191,-57.4,0,False,,-57.4,-3,-57.4,-3,-57.4,-3,5.0,8,8,0,0,1.0,1.5,0,4.832,4.245,5.419,-0.168
2026-10-07,2026-10-07T09:49:48+00:00,2026,5,5,590014,220,Cardines,Rio,Cardines,DEF,8,31,Crystal Palace,4.5,4.5,0.0,0,0,0,0,0,0,0,0,0.0,0.0,0.0,0,128,0.0,0.0017,-0.0017,0.0,0.0,0.0,0.0,u,Has joined Bristol City on loan for the rest of the season,2026-08-12T14:08:46.501813Z,0.0,0.0,0.0,0.0,0.0,0.0,0,0,0,0,0,0,0,0,0,0.0,0.0,0.0,0.0,0,0,0,0,,,,0,False,662,0.0,0,3,0.0,0,False,,0.0,0,0.0,0,0.0,0,5.0,0,0,0,0,0.0,0.0,0,4.259,3.671,4.846,-0.241
2026-10-07,2026-10-07T09:49:48+00:00,2026,5,5,590039,409,Mukasa,Divine,Mukasa,MID,15,43,Man City,4.5,4.5,0.0,0,0,0,0,0,0,0,0,0.0,0.0,0.1,1621,12240,0.0212,0.16,-0.1388,0.0,0.0,0.0,0.0,u,has joined West Ham on loan for the rest of the seaon.,2026-09-03T10:34:10.733520Z,0.0,0.0,0.0,0.0,0.0,0.0,0,0,0,0,0,0,0,0,0,0.0,0.0,0.0,0.0,0,0,0,0,,,,0,False,438,0.0,0,673,0.0,0,False,,0.0,0,0.0,0,0.0,0,5.0,0,0,0,0,0.0,0.0,0,4.752,4.164,5.34,0.252
2026-10-07,2026-10-07T09:49:48+00:00,2026,5,5,591386,375,Nyoni,Trey,Nyoni,MID,14,14,Liverpool,4.9,5.0,-0.1,3,38,3,0,0,0,0,9,1.0,0.6,0.0,1357,3074,0.0177,0.0402,-0.0224,1.9,16.2,2.9,0.0,a,,,,,0.5,0.1,0.5,0.5,1,0,0,0,0,0,0,0,0,0.0,0.0,0.0,0.36,10,2,2,6,,,,0,False,515,0.0,100,329,-93.4,0,False,,-93.4,-3,-93.4,-3,-93.4,-3,5.0,289,23,0,0,1.0,4.7,0,4.943,4.355,5.531,0.043
2026-10-07,2026-10-07T09:49:48+00:00,2026,5,5,592031,122,Minteh,Yankuba,Minteh,MID,5,36,Brighton,5.8,6.0,-0.2,0,0,0,0,0,0,0,0,0.0,0.0,0.0,338,6923,0.0044,0.0905,-0.0861,0.0,0.0,0.0,0.0,i,Leg injury - Expected back 28 Nov,2026-08-14T18:00:06.418033Z,0.0,0.0,0.0,0.0,0.0,0.0,0,0,0,0,0,0,0,0,0,0.0,0.0,0.0,0.0,0,0,0,0,,,5.0,0,False,543,-0.1,48,249,-6.7,0,False,,-6.7,-1,-6.7,-1,-6.7,-1,5.0,0,0,0,0,0.0,0.0,0,5.3,4.711,5.888,-0.5
2026-10-07,2026-10-07T09:49:48+00:00,2026,5,5,592740,604,Cresswell,Alfie,Cresswell,MID,13,2,Leeds,4.5,4.5,0.0,0,0,0,0,0,0,0,0,0.0,0.0,0.1,14092,7987,0.1842,0.1044,0.0798,0.0,0.0,0.0,0.0,a,,,,,0.0,0.0,0.0,0.0,0,0,0,0,0,0,0,0,0,0.0,0.0,0.0,0.0,0,0,0,0,,,,0,False,378,0.0,336,959,-14.2,0,False,,-14.2,-1,-14.2,-1,-14.2,-1,5.0,0,0,0,0,0.0,0.0,0,4.529,3.941,5.116,0.029
2026-10-07,2026-10-07T09:49:48+00:00,2026,5,5,592984,639,Andrés,José María,Andrés Baixauli,MID,5,36,Brighton,5.5,5.5,0.0,12,109,2,1,1,1,0,37,6.0,2.2,0.0,4370,834,0.0571,0.0109,0.0462,10.9,52.2,17.9,39.0,a,,,,,6.0,1.1,6.0,6.0,8,1,0,0,0,0,0,0,0,0.52,0.12,0.64,1.7,13,1,8,4,,,,0,False,508,0.0,3126,366,1.7,9,False,,1.8,1,1.9,1,2.1,1,5.0,828,91,8,8,6.0,16.6,0,6.39,5.8,6.98,0.89
2026-10-07,2026-10-07T09:49:48+00:00,2026,5,5,593117,164,Quenda,Geovany,Quenda,MID,6,8,Chelsea,5.3,5.5,-0.2,2,27,2,0,0,0,0,5,1.0,0.4,0.0,913,3414,0.0119,0.0446,-0.0327,1.2,1.6,2.1,8.0,a,,2026-07-24T20:30:10.609931Z,100.0,100.0,0.5,0.1,0.5,0.5,1,0,0,2,0,0,0,0,0,0.03,0.01,0.04,1.29,1,0,0,1,,,,0,False,532,0.0,81,194,-30.1,0,False,,-30.1,-2,-30.1,-2,-30.1,-2,5.0,205,15,0,0,1.0,2.9,0,5.154,4.566,5.741,-0.146
2026-10-07,2026-10-07T09:49:48+00:00,2026,5,5,593174,107,Furo,Kaye,Furo,FWD,4,94,Brentford,4.5,4.5,0.0,0,0,0,0,0,0,0,0,0.0,0.0,0.9,62072,67673,0.8115,0.8847,-0.0732,0.0,0.0,0.0,0.0,i,Unspecified injury - Unknown return date,2026-09-14T14:00:09.985723Z,0.0,0.0,0.0,0.0,0.0,0.0,0,0,0,0,0,0,0,0,0,0.0,0.0,0.0,0.0,0,0,0,0,,,,0,False,194,0.0,999,10511,-8.3,-16,False,,-8.9,-1,-10.0,-1,-11.1,-1,5.0,0,0,0,0,0.0,0.0,0,4.49,3.9,5.079,-0.01
2026-10-07,2026-10-07T09:49:48+00:00,2026,5,5,595480,653,Samba,Floyd,Samba,MID,15,43,Man City,4.5,4.5,0.0,0,0,0,0,0,0,0,0,0.0,0.0,0.0,3922,2202,0.0513,0.0288,0.0225,0.0,0.0,0.0,0.0,a,,,,,0.0,0.0,0.0,0.0,0,0,0,0,0,0,0,0,0,0.0,0.0,0.0,0.0,0,0,0,0,,,,0,False,520,0.0,273,519,-42.9,0,False,,-42.9,-3,-42.9,-3,-42.9,-3,5.0,0,0,0,0,0.0,0.0,0,4.751,4.163,5.339,0.251
2026-10-07,2026-10-07T09:49:48+00:00,2026,5,5,596047,441,Obi,Chido,Obi,FWD,16,1,Man Utd,4.5,4.5,0.0,0,0,0,0,0,0,0,0,0.0,0.0,0.9,45543,75176,0.5954,0.9828,-0.3874,0.0,0.0,0.0,0.0,u,Has joined Willem II on loan for the rest of the season,2026-09-14T16:12:42.090874Z,0.0,0.0,0.0,0.0,0.0,0.0,0,0,0,0,0,0,0,0,0,0.0,0.0,0.0,0.0,0,0,0,0,,,,0,False,187,0.0,0,12234,0.0,-11,False,,0.0,0,0.0,0,0.0,0,5.0,0,0,0,0,0.0,0.0,0,4.64,4.051,5.229,0.14
2026-10-07,2026-10-07T09:49:48+00:00,2026,5,5,596777,415,Dorgu,Patrick,Dorgu,MID,16,1,Man Utd,5.8,6.0,-0.2,10,171,5,0,1,0,0,27,2.0,1.7,0.5,14011,98534,0.1832,1.2882,-1.105,15.6,49.2,44.1,72.0,d,Hamstring injury - 75% chance of playing,2026-09-27T21:30:07.831640Z,,75.0,4.0,0.7,4.0,3.0,4,2,0,6,0,0,0,1,0,0.78,0.09,0.87,3.38,20,8,4,8,,,,0,False,245,0.0,1041,4997,-69.2,-7,False,,-69.9,-3,-71.2,-3,-72.4,-3,5.0,1300,76,0,8,2.0,13.1,0,5.877,5.289,6.466,0.077
2026-10-07,2026-10-07T09:49:48+00:00,2026,5,5,597320,132,Howell,Harry,Howell,MID,5,36,Brighton,4.5,4.5,0.0,0,0,0,0,0,0,0,0,0.0,0.0,0.0,0,3713,0.0,0.0485,-0.0485,0.0,0.0,0.0,0.0,u,Has joined Leicester City on loan for the rest of the season,2026-08-17T13:53:19.019938Z,0.0,0.0,0.0,0.0,0.0,0.0,0,0,0,0,0,0,0,0,0,0.0,0.0,0.0,0.0,0,0,0,0,,,,0,False,547,0.0,0,235,0.0,0,False,,0.0,0,0.0,0,0.0,0,5.0,0,0,0,0,0.0,0.0,0,4.526,3.939,5.114,0.026
2026-10-07,2026-10-07T09:49:48+00:00,2026,5,5,597462,585,Herrington,Lucas,Herrington,DEF,11,88,Hull City,4.0,4.0,0.0,5,197,5,0,0,0,0,19,1.0,1.2,0.6,12933,18789,0.1691,0.2456,-0.0766,7.7,42.8,23.1,11.0,a,,,,,1.0,0.2,1.0,1.0,1,1,0,3,0,0,0,0,0,0.02,0.04,0.06,3.36,16,2,6,14,,,,0,False,235,0.0,1134,1902,-30.3,-2,False,,-30.7,-2,-31.4,-2,-32.0,-2,5.0,1497,38,0,0,1.0,9.5,0,4.047,3.46,4.634,0.047
2026-10-07,2026-10-07T09:49:48+00:00,2026,5,5,599303,466,Neave,Sean,Neave,FWD,17,4,Newcastle,4.5,4.5,0.0,0,0,0,0,0,0,0,0,0.0,0.0,0.5,23805,52906,0.3112,0.6917,-0.3804,0.0,0.0,0.0,0.0,u,Has joined Wolves on loan for the rest of the season,2026-09-04T12:37:43.515176Z,0.0,0.0,0.0,0.0,0.0,0.0,0,0,0,0,0,0,0,0,0,0.0,0.0,0.0,0.0,0,0,0,0,,,,0,False,247,0.0,0,4284,0.0,-6,False,,0.0,0,0.0,0,0.0,0,5.0,0,0,0,0,0.0,0.0,0,4.542,3.954,5.131,0.042
2026-10-07,2026-10-07T09:49:48+00:00,2026,5,5,601767,664,Salia,Vakhtang,Salia,FWD,17,4,Newcastle,4.5,4.5,0.0,0,0,0,0,0,0,0,0,0.0,0.0,0.1,10955,1873,0.1432,0.0245,0.1187,0.0,0.0,0.0,0.0,a,,,,,0.0,0.0,1.0,1.0,0,0,0,0,0,0,0,0,0,0.0,0.0,0.0,0.0,0,0,0,0,,,,0,False,377,0.0,10955,1873,0.3,4,False,,0.4,1,0.4,1,0.5,1,5.0,0,0,0,0,0.0,0.0,0,4.535,3.947,5.124,0.035
2026-10-07,2026-10-07T09:49:48+00:00,2026,5,5,605972,633,Ahanor,Honest,Ahanor,DEF,8,31,Crystal Palace,4.5,4.5,0.0,3,90,1,0,0,0,0,10,3.0,0.7,0.0,1926,569,0.0252,0.0074,0.0177,4.1,24.6,11.9,4.0,a,,,,,1.5,0.3,1.5,1.5,0,1,0,3,0,0,0,0,0,0.0,0.01,0.01,1.68,11,2,4,9,,,,0,False,586,0.0,151,117,0.1,0,False,,0.1,1,0.1,1,0.1,1,5.0,684,23,0,0,3.0,5.1,0,4.402,3.815,4.99,-0.098
2026-10-07,2026-10-07T09:49:48+00:00,2026,5,5,606702,362,Jacquet,Jeremy,Jacquet,DEF,14,14,Liverpool,5.0,5.0,0.0,24,415,5,0,0,3,3,112,4.8,4.8,3.5,236946,128376,3.0977,1.6783,1.4194,15.5,106.2,44.5,4.0,d,Hamstring injury - 75% chance of playing,2026-10-06T00:30:10.323830Z,100.0,75.0,7.5,1.5,7.5,5.6,6,5,0,4,0,0,0,1,0,0.0,0.14,0.14,5.51,36,11,21,25,,,,0,False,96,0.0,39064,18343,60.4,-64,False,,59.8,3,58.8,3,57.8,3,5.0,3154,182,0,0,4.8,36.5,0,5.241,4.649,5.833,0.241
2026-10-07,2026-10-07T09:49:48+00:00,2026,5,5,606745,421,Heaven,Ayden,Heaven,DEF,16,1,Man Utd,4.3,4.5,-0.2,1,90,1,0,0,0,0,5,1.0,0.2,0.3,6056,24229,0.0792,0.3168,-0.2376,2.0,6.8,2.6,11.0,a,,,,,0.0,0.0,0.0,0.0,0,1,0,2,0,0,0,0,0,0.12,0.04,0.16,1.01,2,1,4,1,,,,0,False,305,-0.1,286,1643,-1.0,-2,False,,-1.4,-1,-2.0,-1,-2.6,-1,5.0,684,8,0,0,1.0,1.8,0,4.308,3.721,4.896,0.008
2026-10-07,2026-10-07T09:49:48+00:00,2026,5,5,606798,38,A.García,Andrés,García,DEF,2,7,Aston Villa,4.0,4.0,0.0,0,0,0,0,0,0,0,0,0.0,0.0,1.5,45471,68625,0.5945,0.8972,-0.3027,0.0,0.0,0.0,0.0,a,,,,,0.0,0.0,0.0,0.0,0,0,0,0,0,0,0,0,0,0.0,0.0,0.0,0.0,0,0,0,0,,,,0,False,148,0.0,2025,6725,-38.5,-2,False,,-38.6,-2,-38.8,-2,-39.0,-2,5.0,0,0,0,0,0.0,0.0,0,4.01,3.422,4.598,0.01
2026-10-07,2026-10-07T09:49:48+00:00,2026,5,5,606921,216,Esse,Romain,Esse,MID,8,31,Crystal Palace,5.0,5.0,0.0,0,0,0,0,0,0,0,0,0.0,0.0,0.0,399,3253,0.0052,0.0425,-0.0373,0.0,0.0,0.0,0.0,u,Has joined Millwall on loan for the rest of the season,2026-09-02T15:41:07.376544Z,0.0,0.0,0.0,0.0,0.0,0.0,0,0,0,0,0,0,0,0,0,0.0,0.0,0.0,0.0,0,0,0,0,,,,0,False,587,0.0,0,142,0.0,0,False,,0.0,0,0.0,0,0.0,0,5.0,0,0,0,0,0.0,0.0,0,4.788,4.2,5.375,-0.212
2026-10-07,2026-10-07T09:49:48+00:00,2026,5,5,606930,586,Mendy,Nobel,Mendy,DEF,11,88,Hull City,4.1,3.9999999999999996,0.1,25,249,4,1,0,2,1,69,6.2,6.1,6.2,684687,360632,8.9512,4.7147,4.2365,16.4,108.2,1.4,54.0,a,,2026-09-12T18:00:09.334142Z,0.0,100.0,0.5,0.1,0.0,0.5,0,4,0,1,0,0,0,0,0,0.32,0.0,0.32,4.02,39,7,6,32,,,,1,False,61,0.0,8395,35649,-1.1,4,False,,-1.1,-1,-0.9,-1,-0.8,-1,5.0,1892,190,8,0,6.2,38.7,1,5.405,4.809,6.0,1.305
2026-10-07,2026-10-07T09:49:48+00:00,2026,5,5,607464,88,Kayode,Michael,Kayode,DEF,4,94,Brentford,4.6,4.5,0.1,23,294,5,1,0,2,1,72,4.6,5.0,7.6,599376,370799,7.8359,4.8476,2.9883,15.3,63.8,32.9,56.0,a,,,,,3.5,0.8,3.5,3.5,6,4,0,1,0,0,0,0,0,0.55,0.43,0.98,3.24,16,2,14,14,,,,1,False,49,0.0,16678,24565,-40.2,9,False,,-40.1,-3,-39.9,-2,-39.7,-2,5.0,2234,175,8,0,4.6,38.0,0,5.535,4.941,6.13,0.935
2026-10-07,2026-10-07T09:49:48+00:00,2026,5,5,608181,137,Tzimas,Stefanos,Tzimas,FWD,5,36,Brighton,5.4,5.5,-0.1,0,0,0,0,0,0,0,0,0.0,0.0,0.0,340,758,0.0044,0.0099,-0.0055,0.0,0.0,0.0,0.0,i,Knee injury - Unknown return date,2026-07-23T12:01:23.432796Z,0.0,0.0,0.0,0.0,0.0,0.0,0,0,0,0,0,0,0,0,0,0.0,0.0,0.0,0.0,0,0,0,0,,,,0,False,627,0.0,43,60,-4.2,0,False,,-4.2,-1,-4.2,-1,-4.2,-1,5.0,0,0,0,0,0.0,0.0,0,5.041,4.452,5.629,-0.359
2026-10-07,2026-10-07T09:49:48+00:00,2026,5,5,608227,576,Stroud,Elliot,Stroud,MID,11,88,Hull City,5.0,5.0,0.0,7,249,4,0,0,2,0,17,1.8,1.4,0.1,3682,4752,0.0481,0.0621,-0.014,3.8,8.4,22.7,12.0,a,,,,,0.5,0.1,0.5,0.5,0,4,0,1,0,0,0,1,0,0.06,0.05,0.11,4.32,20,5,12,3,,,,0,False,442,0.0,160,529,-60.8,0,False,,-60.8,-3,-60.8,-3,-60.8,-3,5.0,1892,53,0,0,1.8,10.6,0,4.847,4.26,5.434,-0.153
2026-10-07,2026-10-07T09:49:48+00:00,2026,5,5,609873,244,Armstrong,Harrison,Armstrong,MID,9,11,Everton,5.0,5.0,0.0,16,446,5,0,1,3,0,61,3.2,3.2,0.4,54043,32976,0.7065,0.4311,0.2754,14.7,62.6,64.5,19.0,a,,2026-09-17T08:30:08.942299Z,75.0,100.0,2.5,0.5,1.9,2.5,2,5,0,3,0,0,0,2,0,0.21,0.49,0.7,6.94,40,8,19,13,,,,0,False,275,0.0,983,3622,10.0,-4,False,,10.0,1,9.9,1,9.9,1,5.0,3390,122,0,8,3.2,24.3,0,5.381,4.793,5.97,0.381
2026-10-07,2026-10-07T09:49:48+00:00,2026,5,5,610799,504,Vuskovic,Luka,Vušković,DEF,5,36,Brighton,5.0,5.0,0.0,32,437,5,1,0,3,2,98,6.4,6.4,3.8,271301,141605,3.5468,1.8513,1.6956,21.8,128.2,18.0,72.0,a,,,,,7.0,1.4,7.0,7.0,8,5,0,5,0,0,0,0,0,0.46,0.07,0.53,8.45,43,6,17,37,,,,1,False,91,0.0,68201,16793,62.5,52,False,,62.9,3,63.8,3,64.6,3,5.0,3321,243,8,0,6.4,38.7,1,5.682,5.079,6.284,0.682
2026-10-07,2026-10-07T09:49:48+00:00,2026,5,5,611665,461,Touré,Bazoumana,Touré,MID,17,4,Newcastle,5.8,6.0,-0.2,8,50,3,1,0,0,0,29,2.7,1.4,0.1,3761,16569,0.0492,0.2166,-0.1674,6.4,37.6,5.3,21.0,a,,,,,3.5,0.6,3.5,3.5,1,0,0,1,0,0,0,0,0,0.28,0.01,0.29,0.76,4,0,3,1,,,,0,False,383,0.0,378,962,-14.1,0,False,,-14.1,-1,-14.1,-1,-14.1,-1,5.0,380,61,8,0,2.7,10.5,0,6.055,5.467,6.644,0.255
2026-10-07,2026-10-07T09:49:48+00:00,2026,5,5,611695,605,Yalcouyé,Malick,Yalcouyé,MID,5,36,Brighton,4.5,4.5,0.0,20,236,5,2,0,1,1,96,4.0,4.4,3.9,558039,174891,7.2954,2.2864,5.009,29.1,109.2,70.3,111.0,a,,,,,4.5,1.0,4.5,4.5,1,3,0,4,0,0,0,0,0,1.46,0.45,1.91,6.57,19,6,7,6,,,,0,False,86,0.0,29150,36937,57.7,-18,False,,57.5,3,57.2,3,56.9,3,5.0,1794,152,15,0,4.0,33.8,0,6.131,5.536,6.726,1.631
2026-10-07,2026-10-07T09:49:48+00:00,2026,5,5,611917,601,Williams-Barnett,Luca,Williams-Barnett,MID,19,6,Spurs,4.5,4.5,0.0,0,0,0,0,0,0,0,0,0.0,0.0,0.1,10264,7097,0.1342,0.0928,0.0414,0.0,0.0,0.0,0.0,a,,,,,0.0,0.0,0.0,0.0,0,0,0,0,0,0,0,0,0,0.0,0.0,0.0,0.0,0,0,0,0,,,,0,False,389,0.0,182,814,-57.8,0,False,,-57.8,-3,-57.8,-3,-57.8,-3,5.0,0,0,0,0,0.0,0.0,0,4.596,4.009,5.184,0.096
2026-10-07,2026-10-07T09:49:48+00:00,2026,5,5,611922,369,Ngumoha,Rio,Ngumoha,MID,14,14,Liverpool,5.7,6.0,-0.3,4,99,3,0,0,0,0,13,1.3,0.7,0.5,14700,89684,0.1922,1.1725,-0.9803,2.1,4.4,8.1,11.0,a,,,,,0.5,0.1,0.5,0.5,0,1,0,2,0,0,0,0,0,0.15,0.05,0.2,0.68,4,1,2,1,,,,0,False,258,-0.1,922,4658,-26.7,-5,False,,-27.3,-2,-28.2,-2,-29.2,-2,5.0,752,30,0,0,1.3,5.3,0,5.42,4.833,6.008,-0.28
2026-10-07,2026-10-07T09:49:48+00:00,2026,5,5,612534,660,Fredrick,Benjamin,Fredrick,DEF,4,94,Brentford,4.0,4.0,0.0,0,0,0,0,0,0,0,0,0.0,0.0,0.0,572,74,0.0075,0.001,0.0065,0.0,0.0,0.0,0.0,a,,,,,0.0,0.0,1.1,1.1,0,0,0,0,0,0,0,0,0,0.0,0.0,0.0,0.0,0,0,0,0,,,,0,False,616,0.0,572,74,0.0,0,False,,0.0,0,0.0,0,0.0,0,5.0,0,0,0,0,0.0,0.0,0,3.962,3.374,4.551,-0.038
2026-10-07,2026-10-07T09:49:48+00:00,2026,5,5,612855,600,Osman,Ibrahim,Osman,MID,5,36,Brighton,5.0,5.0,0.0,3,40,3,0,0,0,0,15,1.0,0.6,0.0,950,1103,0.0124,0.0144,-0.002,4.2,7.2,17.8,19.0,a,,,,,0.5,0.1,0.5,0.5,0,0,0,1,0,0,0,0,0,0.05,0.07,0.12,0.32,4,1,3,0,,,,0,False,581,0.0,119,136,-75.1,0,False,,-75.1,-3,-75.1,-3,-75.1,-3,5.0,304,23,0,0,1.0,4.6,0,4.854,4.267,5.442,-0.146
2026-10-07,2026-10-07T09:49:48+00:00,2026,5,5,613221,634,Fernandez-Pardo,Matias,Fernandez-Pardo,FWD,17,4,Newcastle,6.0,6.0,0.0,4,157,3,0,0,0,0,16,1.3,0.7,0.1,17528,6503,0.2291,0.085,0.1441,3.1,3.4,12.5,15.0,a,,,,,1.5,0.2,1.5,1.5,2,2,0,4,0,0,0,0,0,0.05,0.01,0.06,2.94,5,2,3,0,,,,0,False,380,0.0,2457,1603,0.9,-1,False,,0.9,1,0.9,1,0.9,1,5.0,1193,30,0,0,1.3,5.1,0,5.367,4.778,5.955,-0.633
2026-10-07,2026-10-07T09:49:48+00:00,2026,5,5,613804,620,Diouf,El Hadji Malick,Diouf,DEF,4,94,Brentford,4.5,4.5,0.0,2,39,2,0,0,0,0,7,1.0,0.4,0.1,13720,7415,0.1794,0.0969,0.0824,0.7,5.6,1.3,0.0,a,,,,,1.0,0.2,1.0,1.0,1,0,0,0,0,0,0,0,0,0.0,0.01,0.01,0.63,2,0,1,2,,,,0,False,430,0.0,559,753,-37.5,-1,False,,-38.7,-2,-40.9,-3,-43.1,-3,5.0,296,15,0,0,1.0,3.4,0,4.269,3.68,4.857,-0.231
2026-10-07,2026-10-07T09:49:48+00:00,2026,5,5,614071,53,Manzambi,Johan,Manzambi,MID,2,7,Aston Villa,5.9,6.0,-0.1,14,98,2,1,1,1,2,48,7.0,2.4,0.4,35095,20879,0.4588,0.273,0.1859,15.6,65.8,29.8,60.0,a,,2026-08-15T15:30:06.388335Z,100.0,100.0,7.0,1.2,7.0,7.0,13,1,0,1,0,0,0,0,0,0.44,0.24,0.68,1.54,9,2,5,2,,,,1,False,263,0.0,32109,4260,10.4,52,False,,10.8,1,11.7,1,12.5,1,5.0,745,106,8,8,7.0,18.0,0,6.707,6.116,7.299,0.807
2026-10-07,2026-10-07T09:49:48+00:00,2026,5,5,614574,76,Tóth.A,Alex,Tóth,MID,3,91,Bournemouth,4.9,5.0,-0.1,2,17,2,0,0,0,0,8,1.0,0.4,0.0,386,789,0.005,0.0103,-0.0053,0.3,3.0,0.7,0.0,a,,,,,0.5,0.1,0.5,0.5,1,0,0,2,0,0,0,0,0,0.0,0.0,0.0,0.56,2,1,1,0,,,,0,False,594,0.0,29,60,-14.2,0,False,,-14.2,-1,-14.2,-1,-14.2,-1,5.0,129,15,0,0,1.0,3.1,0,4.824,4.236,5.413,-0.076
2026-10-07,2026-10-07T09:49:48+00:00,2026,5,5,616069,626,Zepa,Macaulay,Zepa,MID,10,54,Fulham,4.4,4.5,-0.1,0,0,0,0,0,0,0,0,0.0,0.0,0.3,35510,18726,0.4642,0.2448,0.2194,0.0,0.0,0.0,0.0,a,,,,,0.0,0.0,0.0,0.0,0,0,0,0,0,0,0,0,0,0.0,0.0,0.0,0.0,0,0,0,0,,,,0,False,290,-0.1,1343,2512,0.3,2,False,,0.4,1,0.4,1,0.4,1,5.0,0,0,0,0,0.0,0.0,0,4.507,3.92,5.094,0.107
2026-10-07,2026-10-07T09:49:48+00:00,2026,5,5,616077,20,Dowman,Max,Dowman,MID,1,3,Arsenal,5.3,5.5,-0.2,1,9,1,0,0,0,0,4,1.0,0.2,0.1,3072,7400,0.0402,0.0967,-0.0566,1.7,2.0,14.8,0.0,d,Unspecified injury - 75% chance of playing,2026-10-05T19:00:10.141532Z,,75.0,0.5,0.1,0.5,0.4,1,0,0,0,0,0,0,0,0,0.0,0.08,0.08,0.31,0,0,0,0,,,,0,False,462,0.0,484,681,-18.9,-1,False,,-19.8,-1,-21.3,-2,-22.8,-2,5.0,68,8,0,0,1.0,1.4,0,5.13,4.543,5.718,-0.17
2026-10-07,2026-10-07T09:49:48+00:00,2026,5,5,616221,511,Souza,João Victor,de Souza Menezes,DEF,19,6,Spurs,4.0,4.0,0.0,0,0,0,0,0,0,0,0,0.0,0.0,0.2,2555,16979,0.0334,0.222,-0.1886,0.0,0.0,0.0,0.0,u,Has joined FC Porto on loan for the rest of the season,2026-09-01T13:24:26.858636Z,0.0,0.0,0.0,0.0,0.0,0.0,0,0,0,0,0,0,0,0,0,0.0,0.0,0.0,0.0,0,0,0,0,,,,0,False,361,0.0,0,993,0.0,-1,False,,0.0,0,0.0,0,0.0,0,5.0,0,0,0,0,0.0,0.0,0,4.076,3.488,4.664,0.076
2026-10-07,2026-10-07T09:49:48+00:00,2026,5,5,616222,396,Vitor Reis,Vitor,de Oliveira Nunes dos Reis,DEF,15,43,Man City,4.5,4.5,0.0,1,1,1,0,0,0,0,3,1.0,0.2,0.0,561,1192,0.0073,0.0156,-0.0082,0.2,1.2,0.9,0.0,a,,,,,0.0,0.0,0.0,0.0,0,0,0,0,0,0,0,0,0,0.0,0.0,0.0,0.0,0,0,0,0,,,,0,False,524,0.0,81,169,-90.3,0,False,,-90.3,-3,-90.3,-3,-90.3,-3,5.0,8,8,0,0,1.0,1.7,0,4.531,3.943,5.12,0.031
2026-10-07,2026-10-07T09:49:48+00:00,2026,5,5,616288,621,McAidoo,Ryan,McAidoo,MID,15,43,Man City,4.5,4.5,0.0,2,11,2,0,0,0,0,8,1.0,0.4,0.1,11385,7187,0.1488,0.094,0.0549,0.8,5.2,0.5,3.0,a,,,,,0.0,0.0,0.0,0.0,0,0,0,0,0,0,0,0,0,0.1,0.0,0.1,0.02,4,2,2,0,,,,0,False,410,0.0,216,1164,-100.2,0,False,,-100.2,-5,-100.2,-5,-100.2,-5,5.0,84,15,0,0,1.0,3.4,0,4.81,4.222,5.399,0.31
2026-10-07,2026-10-07T09:49:48+00:00,2026,5,5,620109,152,Palestra,Marco,Palestra,DEF,6,8,Chelsea,5.3,5.5,-0.2,0,0,0,0,0,0,0,0,0.0,0.0,0.6,6776,221051,0.0886,2.8899,-2.8013,0.0,0.0,0.0,0.0,d,Thigh injury - 50% chance of playing,2026-08-24T18:30:07.421239Z,50.0,50.0,0.0,0.0,0.0,0.0,0,0,0,0,0,0,0,0,0,0.0,0.0,0.0,0.0,0,0,0,0,,,,0,False,230,0.0,316,4510,-3.8,0,False,,-3.8,-1,-3.8,-1,-3.8,-1,5.0,0,0,0,0,0.0,0.0,0,4.875,4.287,5.463,-0.425
2026-10-07,2026-10-07T09:49:48+00:00,2026,5,5,620487,63,Milosavljević,Veljko,Milosavljevic,DEF,3,91,Bournemouth,4.9,5.0,-0.1,0,0,0,0,0,0,0,0,0.0,0.0,0.0,346,851,0.0045,0.0111,-0.0066,0.0,0.0,0.0,0.0,i,Thigh injury - Unknown return date,2026-08-06T10:00:10.456051Z,0.0,0.0,0.0,0.0,0.0,0.0,0,0,0,0,0,0,0,0,0,0.0,0.0,0.0,0.0,0,0,0,0,,,,0,False,621,0.0,40,54,-2.9,0,False,,-2.9,-1,-2.9,-1,-2.9,-1,5.0,0,0,0,0,0.0,0.0,0,4.523,3.935,5.112,-0.377
2026-10-07,2026-10-07T09:49:48+00:00,2026,5,5,622758,561,Anselmino,Aaron,Anselmino,DEF,6,8,Chelsea,4.5,4.5,0.0,0,0,0,0,0,0,0,0,0.0,0.0,0.0,831,1262,0.0109,0.0165,-0.0056,0.0,0.0,0.0,0.0,a,,2026-08-23T19:00:08.536705Z,100.0,100.0,0.0,0.0,0.0,0.0,0,0,0,0,0,0,0,0,0,0.0,0.0,0.0,0.0,0,0,0,0,,,,0,False,571,0.0,74,114,-0.4,0,False,,-0.4,-1,-0.4,-1,-0.4,-1,5.0,0,0,0,0,0.0,0.0,0,4.373,3.785,4.96,-0.127
2026-10-07,2026-10-07T09:49:48+00:00,2026,5,5,624773,157,Estêvão,Estêvão,Almeida de Oliveira Gonçalves,MID,6,8,Chelsea,6.3,6.5,-0.2,4,23,4,0,0,0,0,17,1.0,0.6,0.7,18048,87408,0.2359,1.1427,-0.9068,5.0,8.6,1.6,38.0,a,,,,,1.0,0.2,1.0,1.0,1,0,0,1,0,0,0,0,0,0.07,0.07,0.14,1.01,2,1,1,0,2.0,,5.0,0,False,218,0.0,2134,4673,-34.5,-1,False,,-34.6,-2,-34.7,-2,-34.8,-2,5.0,175,30,0,0,1.0,4.8,0,5.762,5.173,6.35,-0.538
2026-10-07,2026-10-07T09:49:48+00:00,2026,5,5,624777,628,Allan,Allan,Andrade Elias,MID,15,43,Man City,6.0,6.0,0.0,0,0,0,0,0,0,0,0,0.0,0.0,0.0,1207,701,0.0158,0.0092,0.0066,0.0,0.0,0.0,0.0,a,,,,,0.0,0.0,0.0,0.0,0,0,0,0,0,0,0,0,0,0.0,0.0,0.0,0.0,0,0,0,0,,,,0,False,605,0.0,244,180,0.1,0,False,,0.1,1,0.1,1,0.1,1,5.0,0,0,0,0,0.0,0.0,0,5.596,5.007,6.185,-0.404
2026-10-07,2026-10-07T09:49:48+00:00,2026,5,5,626464,657,Nunes,Gustavo,Nunes Fernandes Gomes,MID,4,94,Brentford,4.5,4.5,0.0,0,0,0,0,0,0,0,0,0.0,0.0,0.0,2126,684,0.0278,0.0089,0.0189,0.0,0.0,0.0,0.0,a,,,,,0.0,0.0,0.0,0.0,0,0,0,0,0,0,0,0,0,0.0,0.0,0.0,0.0,0,0,0,0,,,,0,False,556,0.0,384,291,0.0,0,False,,0.0,0,0.0,0,0.0,0,5.0,0,0,0,0,0.0,0.0,0,4.484,3.896,5.073,-0.016
2026-10-07,2026-10-07T09:49:48+00:00,2026,5,5,626751,632,Ansah,Ilyas,Ansah,FWD,11,88,Hull City,5.0,5.0,0.0,0,0,0,0,0,0,0,0,0.0,0.0,0.0,5129,3540,0.0671,0.0463,0.0208,0.0,0.0,0.0,0.0,i,Back injury - Unknown return date,2026-09-09T10:00:08.919489Z,0.0,0.0,0.0,0.0,0.0,0.0,0,0,0,0,0,0,0,0,0,0.0,0.0,0.0,0.0,0,0,0,0,,,,0,False,555,0.0,82,460,-74.7,0,False,,-74.7,-3,-74.7,-3,-74.7,-3,5.0,0,0,0,0,0.0,0.0,0,4.792,4.204,5.38,-0.208
2026-10-07,2026-10-07T09:49:48+00:00,2026,5,5,627221,599,Cherif,Sidiki,Cherif,FWD,7,9,Coventry City,5.0,5.0,0.0,1,30,1,0,0,0,0,3,1.0,0.2,0.1,7535,7671,0.0985,0.1003,-0.0018,0.1,1.0,0.2,0.0,a,,,,,0.5,0.1,0.5,0.5,0,0,0,3,0,0,0,0,0,0.0,0.0,0.0,1.43,1,0,0,1,,,,0,False,417,0.0,608,832,-6.6,-2,False,,-8.6,-1,-12.1,-1,-15.7,-1,5.0,228,8,0,0,1.0,1.5,0,4.803,4.215,5.39,-0.197
2026-10-07,2026-10-07T09:49:48+00:00,2026,5,5,629068,654,Graham,Braiden,Graham,MID,9,11,Everton,4.5,4.5,0.0,0,0,0,0,0,0,0,0,0.0,0.0,0.1,11301,5372,0.1477,0.0702,0.0775,0.0,0.0,0.0,0.0,a,,,,,0.0,0.0,0.0,0.0,0,0,0,0,0,0,0,0,0,0.0,0.0,0.0,0.0,0,0,0,0,,,,0,False,415,0.0,255,1067,-39.2,0,False,,-39.2,-2,-39.2,-2,-39.2,-2,5.0,0,0,0,0,0.0,0.0,0,4.576,3.988,5.164,0.076
2026-10-07,2026-10-07T09:49:48+00:00,2026,5,5,629397,192,Andrews,Kai,Andrews,MID,7,9,Coventry City,4.5,4.5,0.0,0,0,0,0,0,0,0,0,0.0,0.0,0.3,2718,41335,0.0355,0.5404,-0.5049,0.0,0.0,0.0,0.0,u,Has joined Oxford United on loan for the rest of the season,2026-08-29T00:35:59.998520Z,0.0,0.0,0.0,0.0,0.0,0.0,0,0,0,0,0,0,0,0,0,0.0,0.0,0.0,0.0,0,0,0,0,,,,0,False,301,0.0,0,2230,0.0,-2,False,,0.0,0,0.0,0,0.0,0,5.0,0,0,0,0,0.0,0.0,0,4.532,3.945,5.119,0.032
2026-10-07,2026-10-07T09:49:48+00:00,2026,5,5,631000,637,Vaz,Robinio,Vaz,FWD,11,88,Hull City,5.0,5.0,0.0,2,20,2,0,0,0,0,8,1.0,0.4,0.1,12538,4107,0.1639,0.0537,0.1102,1.6,2.4,11.7,2.0,a,,,,,1.0,0.2,1.0,1.0,1,0,0,0,0,0,0,0,0,0.0,0.01,0.01,0.31,2,0,2,0,,,,0,False,408,0.0,2033,1286,1.4,0,False,,1.4,1,1.4,1,1.4,1,5.0,152,15,0,0,1.0,3.0,0,4.836,4.248,5.423,-0.164
2026-10-07,2026-10-07T09:49:48+00:00,2026,5,5,631786,272,Kusi-Asare,Jonah,Kusi-Asare,FWD,10,54,Fulham,4.5,4.5,0.0,0,0,0,0,0,0,0,0,0.0,0.0,5.4,161949,305220,2.1172,3.9903,-1.873,0.0,0.0,0.0,0.0,a,,,,,0.0,0.0,0.0,0.0,0,0,0,0,0,0,0,0,0,0.0,0.0,0.0,0.0,0,0,0,0,,,,0,False,72,0.0,12478,37415,-70.3,-18,False,,-70.6,-3,-71.1,-3,-71.6,-3,5.0,0,0,0,0,0.0,0.0,0,4.607,4.019,5.195,0.107
2026-10-07,2026-10-07T09:49:48+00:00,2026,5,5,632794,559,Bamba,Aladji,Bamba,MID,17,4,Newcastle,4.9,5.0,-0.1,3,27,3,0,0,0,0,12,1.0,0.6,0.1,2575,7629,0.0337,0.0997,-0.0661,1.2,11.6,0.4,0.0,a,,,,,1.0,0.2,1.0,1.0,1,0,0,1,0,0,0,0,0,0.0,0.0,0.0,1.29,8,3,2,3,,,,0,False,425,0.0,135,545,-77.9,0,False,,-77.9,-3,-77.9,-3,-77.9,-3,5.0,205,23,0,0,1.0,4.7,0,4.857,4.269,5.444,-0.043
2026-10-07,2026-10-07T09:49:48+00:00,2026,5,5,636846,662,Nicoll-Jazuli,Mahdi,Nicoll-Jazuli,MID,6,8,Chelsea,4.5,4.5,0.0,1,3,1,0,0,0,0,5,1.0,0.2,0.0,365,81,0.0048,0.0011,0.0037,0.6,4.6,1.7,0.0,a,,,,,1.0,0.2,1.1,1.1,1,0,0,1,0,0,0,0,0,0.0,0.0,0.0,0.43,2,2,0,0,,,,0,False,626,0.0,365,81,0.0,0,False,,0.0,0,0.0,0,0.0,0,5.0,23,8,0,0,1.0,1.7,0,4.661,4.073,5.249,0.161
2026-10-07,2026-10-07T09:49:48+00:00,2026,5,5,636852,462,Steur,Sean,Steur,MID,17,4,Newcastle,4.9,5.0,-0.1,8,223,5,0,0,1,0,42,1.6,1.6,0.1,2451,6238,0.032,0.0816,-0.0495,8.8,35.4,52.2,0.0,a,,,,,2.5,0.5,2.5,2.5,3,2,0,5,0,0,0,0,0,0.0,0.06,0.06,4.23,21,4,8,9,,,,0,False,457,0.0,295,441,-57.5,0,False,,-57.5,-3,-57.5,-3,-57.5,-3,5.0,1695,61,0,0,1.6,12.4,0,4.874,4.286,5.461,-0.026
2026-10-07,2026-10-07T09:49:48+00:00,2026,5,5,637238,616,Bouaddi,Ayyoub,Bouaddi,MID,15,43,Man City,5.5,5.5,0.0,2,22,2,0,0,0,0,8,1.0,0.4,0.2,21100,13677,0.2758,0.1788,0.097,1.8,13.0,4.8,0.0,a,,,,,0.0,0.0,0.0,0.0,0,0,0,0,0,0,0,0,0,0.0,0.12,0.12,0.37,6,0,3,3,,,,0,False,348,0.0,901,2238,-36.8,0,False,,-36.8,-2,-36.8,-2,-36.8,-2,5.0,167,15,0,0,1.0,2.8,0,5.346,4.758,5.934,-0.154
2026-10-07,2026-10-07T09:49:48+00:00,2026,5,5,638411,612,Methalie,Dayann,Méthalie,DEF,20,56,Sunderland,4.5,4.5,0.0,-1,90,1,0,0,0,0,-8,-1.0,-0.2,0.0,924,504,0.0121,0.0066,0.0055,1.2,8.0,2.0,2.0,a,,2026-08-28T13:00:08.950445Z,100.0,100.0,-0.5,-0.1,-0.5,-0.5,-1,1,0,5,0,0,0,1,0,0.03,0.01,0.04,2.82,3,1,4,2,,,,0,False,612,0.0,135,78,0.0,0,False,,0.0,0,0.0,0,0.0,0,5.0,684,-1,0,0,0.0,-0.2,3,4.152,3.564,4.739,-0.348
2026-10-07,2026-10-07T09:49:48+00:00,2026,5,5,638987,631,Mbaye,Ibrahim,Mbaye,MID,2,7,Aston Villa,6.0,6.0,0.0,2,33,2,0,0,0,0,8,1.0,0.3,0.1,10550,4916,0.1379,0.0643,0.0737,4.3,9.0,15.2,19.0,a,,,,,1.0,0.2,1.0,1.0,1,0,0,3,0,0,0,0,0,0.02,0.13,0.15,1.64,2,1,1,0,,,,0,False,451,0.0,1042,1235,0.4,0,False,,0.4,1,0.4,1,0.4,1,5.0,251,15,0,0,1.0,2.5,0,5.374,4.786,5.963,-0.626
2026-10-07,2026-10-07T09:49:48+00:00,2026,5,5,640419,509,Byfield,Jun'ai,Byfield,DEF,19,6,Spurs,4.0,4.0,0.0,0,0,0,0,0,0,0,0,0.0,0.0,0.1,2353,2615,0.0308,0.0342,-0.0034,0.0,0.0,0.0,0.0,a,,,,,0.0,0.0,0.0,0.0,0,0,0,0,0,0,0,0,0,0.0,0.0,0.0,0.0,0,0,0,0,,,,0,False,481,0.0,138,271,-5.3,-1,False,,-7.2,-1,-10.5,-1,-13.8,-1,5.0,0,0,0,0,0.0,0.0,0,4.074,3.487,4.662,0.074
2026-10-07,2026-10-07T09:49:48+00:00,2026,5,5,643970,603,Lienou,Jayden,Lienou,DEF,13,2,Leeds,4.0,4.0,0.0,0,0,0,0,0,0,0,0,0.0,0.0,0.1,6935,4019,0.0907,0.0525,0.0381,0.0,0.0,0.0,0.0,a,,,,,0.0,0.0,0.0,0.0,0,0,0,0,0,0,0,0,0,0.0,0.0,0.0,0.0,0,0,0,0,,,,0,False,414,0.0,262,552,0.1,0,False,,0.1,1,0.1,1,0.1,1,5.0,0,0,0,0,0.0,0.0,0,4.007,3.42,4.594,0.007
2026-10-07,2026-10-07T09:49:48+00:00,2026,5,5,645618,50,Burrowes,Bradley,Burrowes,MID,2,7,Aston Villa,4.5,4.5,0.0,0,0,0,0,0,0,0,0,0.0,0.0,0.6,21510,35427,0.2812,0.4632,-0.1819,0.0,0.0,0.0,0.0,a,,,,,0.0,0.0,0.0,0.0,0,0,0,0,0,0,0,0,0,0.0,0.0,0.0,0.0,0,0,0,0,,,,0,False,241,0.0,685,3703,-87.1,-2,False,,-87.5,-3,-88.1,-3,-88.7,-3,5.0,0,0,0,0,0.0,0.0,0,4.517,3.929,5.105,0.017
2026-10-07,2026-10-07T09:49:48+00:00,2026,5,5,647681,363,Leoni,Giovanni,Leoni,DEF,14,14,Liverpool,4.0,4.0,0.0,0,0,0,0,0,0,0,0,0.0,0.0,0.0,876,2132,0.0115,0.0279,-0.0164,0.0,0.0,0.0,0.0,i,Knee injury - Unknown return date,2026-07-23T12:01:23.596909Z,0.0,0.0,0.0,0.0,0.0,0.0,0,0,0,0,0,0,0,0,0,0.0,0.0,0.0,0.0,0,0,0,0,,,,0,False,536,0.0,75,201,-66.2,-2,False,,-68.4,-3,-72.3,-3,-76.2,-3,5.0,0,0,0,0,0.0,0.0,0,4.118,3.53,4.706,0.118
2026-10-07,2026-10-07T09:49:48+00:00,2026,5,5,647839,645,Mouzakitis,Christos,Mouzakitis,MID,11,88,Hull City,5.0,5.0,0.0,0,0,0,0,0,0,0,0,0.0,0.0,0.0,794,323,0.0104,0.0042,0.0062,0.0,0.0,0.0,0.0,a,,,,,0.0,0.0,0.0,0.0,0,0,0,0,0,0,0,0,0,0.0,0.0,0.0,0.0,0,0,0,0,,,,0,False,620,0.0,102,97,0.0,0,False,,0.0,0,0.0,0,0.0,0,5.0,0,0,0,0,0.0,0.0,0,4.801,4.214,5.389,-0.199
2026-10-07,2026-10-07T09:49:48+00:00,2026,5,5,647850,138,Kostoulas,Charalampos,Kostoulas,FWD,5,36,Brighton,5.6,5.5,0.1,28,353,5,2,3,2,3,105,5.6,5.0,4.7,468648,57514,6.1268,0.7519,5.3749,26.1,95.8,39.1,127.0,a,,,,,10.0,1.8,10.0,10.0,10,4,0,5,0,0,0,1,0,1.35,0.06,1.41,7.67,27,4,18,5,,,,1,False,78,0.1,363957,25004,29.1,642,False,,31.2,2,35.0,2,38.8,2,5.0,2683,213,15,23,5.6,38.0,0,7.666,7.068,8.265,2.066
2026-10-07,2026-10-07T09:49:48+00:00,2026,5,5,649208,410,Monga,Jeremy,Monga,MID,15,43,Man City,4.9,5.0,-0.1,0,0,0,0,0,0,0,0,0.0,0.0,0.0,219,1279,0.0029,0.0167,-0.0139,0.0,0.0,0.0,0.0,u,Has joined Swansea City on loan for the rest of the season,2026-09-02T16:02:01.136760Z,0.0,0.0,0.0,0.0,0.0,0.0,0,0,0,0,0,0,0,0,0,0.0,0.0,0.0,0.0,0,0,0,0,,,,0,False,623,0.0,0,59,0.0,0,False,,0.0,0,0.0,0,0.0,0,5.0,0,0,0,0,0.0,0.0,0,4.997,4.409,5.585,0.097
2026-10-07,2026-10-07T09:49:48+00:00,2026,5,5,651426,203,Canvot,Jaydee,Canvot,DEF,8,31,Crystal Palace,4.8,5.0,-0.2,10,360,4,0,0,1,0,38,2.5,2.1,0.2,5867,19636,0.0767,0.2567,-0.18,11.5,83.0,25.3,7.0,a,,,,,4.0,0.8,4.0,4.0,8,4,0,8,0,0,0,0,0,0.05,0.13,0.18,7.78,34,8,11,26,,,,0,False,334,-0.1,525,986,0.0,0,False,,0.0,0,0.0,0,0.0,0,5.0,2736,76,0,0,2.5,15.8,0,4.572,3.985,5.16,-0.228
2026-10-07,2026-10-07T09:49:48+00:00,2026,5,5,653481,52,Alysson,Alysson Edward Franco,da Rocha dos Santos,MID,2,7,Aston Villa,5.0,5.0,0.0,8,87,4,1,0,0,0,34,2.0,1.6,0.0,3357,3721,0.0439,0.0486,-0.0048,7.0,39.8,4.9,25.0,d,Unspecified injury - 75% chance of playing,2026-09-19T11:30:09.355376Z,,75.0,3.0,0.6,3.0,2.2,0,0,0,2,0,0,0,1,0,0.06,0.0,0.06,2.4,8,2,4,2,,,,0,False,500,0.0,71,858,-7.3,-2,False,,-9.6,-1,-13.6,-1,-17.7,-1,5.0,661,61,8,0,2.0,12.2,0,5.491,4.901,6.08,0.491
2026-10-07,2026-10-07T09:49:48+00:00,2026,5,5,655585,665,Mills,Michael,Mills,MID,17,4,Newcastle,4.5,4.5,0.0,0,0,0,0,0,0,0,0,0.0,0.0,0.0,175,34,0.0023,0.0004,0.0018,0.0,0.0,0.0,0.0,a,,,,,0.0,0.0,1.1,1.1,0,0,0,0,0,0,0,0,0,0.0,0.0,0.0,0.0,0,0,0,0,,,,0,False,651,0.0,175,34,0.0,0,False,,0.0,0,0.0,0,0.0,0,5.0,0,0,0,0,0.0,0.0,0,4.543,3.956,5.131,0.043
2026-10-07,2026-10-07T09:49:48+00:00,2026,5,5,660392,225,Uche,Christantus,Uche,FWD,8,31,Crystal Palace,5.0,5.0,0.0,0,0,0,0,0,0,0,0,0.0,0.0,0.0,0,0,0.0,0.0,0.0,0.0,0.0,0.0,0.0,u,has returned to Getafe CF,2026-07-23T12:18:56.275922Z,0.0,0.0,0.0,0.0,0.0,0.0,0,0,0,0,0,0,0,0,0,0.0,0.0,0.0,0.0,0,0,0,0,,,,0,False,667,0.0,0,0,0.0,0,False,,0.0,0,0.0,0,0.0,0,5.0,0,0,0,0,0.0,0.0,0,4.778,4.19,5.366,-0.222
2026-10-07,2026-10-07T09:49:48+00:00,2026,5,5,661016,658,Ibrahim,Younes,Ibrahim,MID,5,36,Brighton,4.5,4.5,0.0,0,0,0,0,0,0,0,0,0.0,0.0,0.0,1491,493,0.0195,0.0064,0.013,0.0,0.0,0.0,0.0,a,,,,,0.0,0.0,0.0,0.0,0,0,0,0,0,0,0,0,0,0.0,0.0,0.0,0.0,0,0,0,0,,,,0,False,589,0.0,328,225,0.0,0,False,,0.0,0,0.0,0,0.0,0,5.0,0,0,0,0,0.0,0.0,0,4.526,3.939,5.114,0.026
2026-10-07,2026-10-07T09:49:48+00:00,2026,5,5,661313,651,J.Angulo,Juan,Angulo,FWD,20,56,Sunderland,4.5,4.5,0.0,0,0,0,0,0,0,0,0,0.0,0.0,0.7,91814,30949,1.2003,0.4046,0.7957,0.0,0.0,0.0,0.0,a,,,,,0.0,0.0,0.0,0.0,0,0,0,0,0,0,0,0,0,0.0,0.0,0.0,0.0,0,0,0,0,,,,0,False,208,0.0,9946,7934,5.4,0,False,,5.4,1,5.4,1,5.4,1,5.0,0,0,0,0,0.0,0.0,0,4.529,3.941,5.117,0.029
2026-10-07,2026-10-07T09:49:48+00:00,2026,5,5,661800,284,McCarthy,Cathal,McCarthy,DEF,11,88,Hull City,4.0,4.0,0.0,0,0,0,0,0,0,0,0,0.0,0.0,0.1,4970,4643,0.065,0.0607,0.0043,0.0,0.0,0.0,0.0,a,,,,,0.0,0.0,0.0,0.0,0,0,0,0,0,0,0,0,0,0.0,0.0,0.0,0.0,0,0,0,0,,,,0,False,424,0.0,436,491,0.5,1,False,,0.5,1,0.5,1,0.5,1,5.0,0,0,0,0,0.0,0.0,0,4.007,3.42,4.594,0.007
2026-10-07,2026-10-07T09:49:48+00:00,2026,5,5,661888,575,Yirenkyi,Caleb,Yirenkyi,MID,7,9,Coventry City,4.8,5.0,-0.2,9,265,5,0,0,2,0,36,1.8,1.9,0.1,2992,13791,0.0391,0.1803,-0.1412,6.0,15.4,41.6,7.0,a,,,,,2.0,0.4,2.0,2.0,3,3,0,5,0,0,0,1,0,0.03,0.15,0.18,4.25,21,1,13,7,,,,0,False,372,-0.1,340,1124,-3.8,0,False,,-3.8,-1,-3.8,-1,-3.8,-1,5.0,2014,68,0,0,1.8,14.2,0,4.843,4.256,5.43,0.043
2026-10-07,2026-10-07T09:49:48+00:00,2026,5,5,665243,659,Miley,Mason,Miley,MID,17,4,Newcastle,4.5,4.5,0.0,0,0,0,0,0,0,0,0,0.0,0.0,0.0,4972,1296,0.065,0.0169,0.0481,0.0,0.0,0.0,0.0,a,,,,,0.0,0.0,0.0,0.0,0,0,0,0,0,0,0,0,0,0.0,0.0,0.0,0.0,0,0,0,0,,,,0,False,506,0.0,1534,694,0.0,2,False,,0.1,1,0.1,1,0.1,1,5.0,0,0,0,0,0.0,0.0,0,4.543,3.956,5.131,0.043
2026-10-07,2026-10-07T09:49:48+00:00,2026,5,5,671875,666,Thompson,Kyran,Thompson,MID,17,4,Newcastle,4.5,4.5,0.0,0,0,0,0,0,0,0,0,0.0,0.0,0.0,253,38,0.0033,0.0005,0.0028,0.0,0.0,0.0,0.0,a,,,,,0.0,0.0,1.1,1.1,0,0,0,0,0,0,0,0,0,0.0,0.0,0.0,0.0,0,0,0,0,,,,0,False,643,0.0,253,38,0.0,0,False,,0.0,0,0.0,0,0.0,0,5.0,0,0,0,0,0.0,0.0,0,4.543,3.956,5.131,0.043
2026-10-07,2026-10-07T09:49:48+00:00,2026,5,5,672492,221,Drakes-Thomas,Joél,Drakes-Thomas,MID,8,31,Crystal Palace,4.4,4.5,-0.1,0,0,0,0,0,0,0,0,0.0,0.0,0.1,2717,4719,0.0355,0.0617,-0.0262,0.0,0.0,0.0,0.0,a,,,,,0.0,0.0,0.0,0.0,0,0,0,0,0,0,0,0,0,0.0,0.0,0.0,0.0,0,0,0,0,,,,0,False,463,-0.1,169,474,-0.5,0,False,,-0.5,-1,-0.5,-1,-0.5,-1,5.0,0,0,0,0,0.0,0.0,0,4.49,3.902,5.078,0.09
2026-10-07,2026-10-07T09:49:48+00:00,2026,5,5,684268,189,Shepherd,George,Shepherd,MID,7,9,Coventry City,4.4,4.5,-0.1,0,0,0,0,0,0,0,0,0.0,0.0,0.3,11183,15997,0.1462,0.2091,-0.0629,0.0,0.0,0.0,0.0,a,,,,,0.0,0.0,0.0,0.0,0,0,0,0,0,0,0,0,0,0.0,0.0,0.0,0.0,0,0,0,0,,,,0,False,302,0.0,4463,3126,0.8,-2,False,,0.8,1,0.8,1,0.7,1,5.0,0,0,0,0,0.0,0.0,0,4.507,3.92,5.094,0.107
2026-10-07,2026-10-07T09:49:48+00:00,2026,5,5,690838,582,Madjo,Brian,Madjo,FWD,2,7,Aston Villa,5.4,5.5,-0.1,0,0,0,0,0,0,0,0,0.0,0.0,0.2,3009,30788,0.0393,0.4025,-0.3632,0.0,0.0,0.0,0.0,i,Unspecified injury - Unknown return date,2026-08-15T16:00:07.974271Z,0.0,0.0,0.0,0.0,0.0,0.0,0,0,0,0,0,0,0,0,0,0.0,0.0,0.0,0.0,0,0,0,0,,,,0,False,331,0.0,324,2017,-28.2,-2,False,,-28.5,-2,-29.2,-2,-29.8,-2,5.0,0,0,0,0,0.0,0.0,0,5.025,4.436,5.613,-0.375
2026-10-07,2026-10-07T09:49:48+00:00,2026,5,5,696104,613,Ahoka,Jules,Ahoka,MID,20,56,Sunderland,4.5,4.5,0.0,0,0,0,0,0,0,0,0,0.0,0.0,0.2,25439,14427,0.3326,0.1886,0.144,0.0,0.0,0.0,0.0,a,,,,,0.0,0.0,0.0,0.0,0,0,0,0,0,0,0,0,0,0.0,0.0,0.0,0.0,0,0,0,0,,,,0,False,317,0.0,644,1729,-51.0,-1,False,,-51.5,-3,-52.3,-3,-53.2,-3,5.0,0,0,0,0,0.0,0.0,0,4.53,3.943,5.117,0.03
2026-10-07,2026-10-07T09:49:48+00:00,2026,5,5,699989,550,Jocelin.T,Djiamgone Jocelin Ta,Bi,MID,20,56,Sunderland,5.0,5.0,0.0,0,0,0,0,0,0,0,0,0.0,0.0,0.0,321,430,0.0042,0.0056,-0.0014,0.0,0.0,0.0,0.0,a,,,,,0.0,0.0,0.0,0.0,0,0,0,0,0,0,0,0,0,0.0,0.0,0.0,0.0,0,0,0,0,,,,0,False,630,0.0,47,49,-95.9,0,False,,-95.9,-4,-95.9,-4,-95.9,-4,5.0,0,0,0,0,0.0,0.0,0,4.801,4.214,5.389,-0.199
2026-10-07,2026-10-07T09:49:48+00:00,2026,5,5,700308,135,Yohanna,Zadok,Yohanna,MID,5,36,Brighton,4.8,5.0,-0.2,1,12,1,0,0,0,0,3,1.0,0.2,0.0,1270,5536,0.0166,0.0724,-0.0558,0.2,0.2,1.3,0.0,i,Unspecified injury - Expected back 10 Oct,2026-09-10T13:00:08.617941Z,0.0,0.0,0.0,0.0,0.0,0.0,0,0,0,0,0,0,0,0,0,0.0,0.03,0.03,0.0,0,0,0,0,,,,0,False,531,-0.1,27,429,-2.3,-2,False,,-3.7,-1,-6.2,-1,-8.7,-1,5.0,91,8,0,0,1.0,1.6,0,4.769,4.182,5.357,-0.031
