date,fetched_at,season,gameweeks_finished,current_event,code,id,web_name,first_name,second_name,element_type,team,team_code,team_name,price,start_price,price_change_season,total_points,minutes,appearances,goals_scored,assists,clean_sheets,bonus,bps,points_per_game,value_season,selected_by_percent,transfers_in,transfers_out,transfers_in_share,transfers_out_share,net_transfers_share,ict_index,influence,creativity,threat,status,news,news_added,chance_of_playing_this_round,chance_of_playing_next_round,form,value_form,ep_this,ep_next,event_points,starts,saves,goals_conceded,own_goals,penalties_saved,penalties_missed,yellow_cards,red_cards,expected_goals,expected_assists,expected_goal_involvements,expected_goals_conceded,defensive_contribution,tackles,recoveries,clearances_blocks_interceptions,penalties_order,direct_freekicks_order,corners_and_indirect_freekicks_order,dreamteam_count,in_dreamteam,selected_rank,price_change_event,transfers_in_event,transfers_out_event,price_change_percent,price_change_hourly_rate,price_change_calibrating,price_change_locked_until,price_change_proj0_percent,price_change_proj0_likelihood,price_change_proj1_percent,price_change_proj1_likelihood,price_change_proj2_percent,price_change_proj2_likelihood,games_played,proj_minutes,proj_total_points,proj_goals_scored,proj_assists,proj_points_per_game,proj_value_season,n_clamped,pred_next_start,pred_next_lower,pred_next_upper,pred_change
2026-10-10,2026-10-10T09:24:58+00:00,2026,5,5,17761,229,Tarkowski,James,Tarkowski,DEF,9,11,Everton,6.2,6.0,0.2,43,450,5,1,1,3,7,138,8.6,6.9,18.7,1162803,335353,13.6832,3.9463,9.737,20.5,149.6,25.6,30.0,a,,,,,11.0,1.8,11.0,11.0,14,5,0,3,0,0,0,0,0,0.18,0.04,0.22,6.94,51,11,18,40,,,,2,True,20,0.1,451995,71767,22.9,8015,False,,50.8,3,99.0,4,147.3,5,5.0,3420,327,8,8,8.6,38.7,1,6.943,6.311,7.574,0.743
2026-10-10,2026-10-10T09:24:58+00:00,2026,5,5,21205,414,Heaton,Tom,Heaton,GK,16,1,Man Utd,4.0,4.0,0.0,0,0,0,0,0,0,0,0,0.0,0.0,0.1,2312,3802,0.0272,0.0447,-0.0175,0.0,0.0,0.0,0.0,i,Hamstring injury - Unknown return date,2026-08-15T16:00:07.854151Z,0.0,0.0,0.0,0.0,0.0,0.0,0,0,0,0,0,0,0,0,0,0.0,0.0,0.0,0.0,0,0,0,0,,,,0,False,442,0.0,394,515,-40.1,3,False,,-38.6,-2,-35.9,-2,-33.3,-2,5.0,0,0,0,0,0.0,0.0,0,4.097,3.509,4.685,0.097
2026-10-10,2026-10-10T09:24:58+00:00,2026,5,5,40383,58,Forster,Fraser,Forster,GK,3,91,Bournemouth,4.0,4.0,0.0,0,0,0,0,0,0,0,0,0.0,0.0,3.5,128462,87319,1.5117,1.0275,0.4841,0.0,0.0,0.0,0.0,a,,,,,0.0,0.0,0.0,0.0,0,0,0,0,0,0,0,0,0,0.0,0.0,0.0,0.0,0,0,0,0,,,,0,False,97,0.0,19268,15498,4.9,-35,False,,4.6,1,4.0,1,3.5,1,5.0,0,0,0,0,0.0,0.0,0,4.051,3.462,4.64,0.051
2026-10-10,2026-10-10T09:24:58+00:00,2026,5,5,49262,111,Steele,Jason,Steele,GK,5,36,Brighton,4.0,4.0,0.0,0,0,0,0,0,0,0,0,0.0,0.0,4.0,156217,137891,1.8383,1.6226,0.2157,0.0,0.0,0.0,0.0,a,,,,,0.0,0.0,0.0,0.0,0,0,0,0,0,0,0,0,0,0.0,0.0,0.0,0.0,0,0,0,0,,,,0,False,85,0.0,16030,32136,-6.8,-295,False,,-14.0,-1,-26.5,-2,-39.0,-2,5.0,0,0,0,0,0.0,0.0,0,4.054,3.466,4.642,0.054
2026-10-10,2026-10-10T09:24:58+00:00,2026,5,5,50093,302,Button,David,Button,GK,12,40,Ipswich Town,4.0,4.0,0.0,0,0,0,0,0,0,0,0,0.0,0.0,0.6,33962,16703,0.3996,0.1966,0.2031,0.0,0.0,0.0,0.0,a,,,,,0.0,0.0,0.0,0.0,0,0,0,0,0,0,0,0,0,0.0,0.0,0.0,0.0,0,0,0,0,,,,0,False,235,0.0,3952,2851,1.2,-12,False,,1.1,1,0.9,1,0.7,1,5.0,0,0,0,0,0.0,0.0,0,3.998,3.41,4.585,-0.002
2026-10-10,2026-10-10T09:24:58+00:00,2026,5,5,50175,136,Welbeck,Danny,Welbeck,FWD,6,8,Chelsea,5.9,6.0,-0.1,4,85,3,0,0,0,0,15,1.3,0.7,1.0,69808,94993,0.8215,1.1178,-0.2964,6.1,14.4,32.7,14.0,a,,2026-08-20T14:00:07.949090Z,100.0,100.0,1.5,0.3,1.5,1.5,2,1,0,1,0,0,0,0,0,0.0,0.14,0.14,1.99,5,1,2,2,,,,0,False,179,0.0,15872,21089,5.7,-567,False,,0.3,1,-95.8,-4,-195.3,-5,5.0,646,30,0,0,1.3,5.2,0,5.485,4.897,6.073,-0.415
2026-10-10,2026-10-10T09:24:58+00:00,2026,5,5,54469,64,Smith,Adam,Smith,DEF,3,91,Bournemouth,4.5,4.5,0.0,4,434,5,0,0,0,0,14,0.8,0.9,0.1,7797,7890,0.0918,0.0928,-0.0011,9.1,43.6,44.4,4.0,a,,,,,1.0,0.2,1.0,1.0,2,5,0,8,0,0,0,3,0,0.01,0.09,0.1,6.7,21,5,15,16,,,,0,False,391,0.0,999,1062,0.4,0,False,,0.4,1,0.4,1,0.4,1,5.0,3298,30,0,0,0.8,6.8,0,4.071,3.478,4.663,-0.429
2026-10-10,2026-10-10T09:24:58+00:00,2026,5,5,56979,101,Henderson,Jordan,Henderson,MID,6,8,Chelsea,4.9,5.0,-0.1,2,90,1,0,0,0,0,16,2.0,0.4,0.0,1392,2727,0.0164,0.0321,-0.0157,2.7,16.6,10.4,0.0,a,,2026-08-09T09:30:07.136250Z,50.0,100.0,1.0,0.2,0.5,1.0,2,1,0,3,0,0,0,0,0,0.0,0.08,0.08,2.65,10,1,7,2,,,3.0,0,False,523,0.0,779,253,0.1,8,False,,0.2,1,0.3,1,0.5,1,5.0,684,15,0,0,2.0,3.1,0,4.923,4.336,5.511,0.023
2026-10-10,2026-10-10T09:24:58+00:00,2026,5,5,59735,325,Darlow,Karl,Darlow,GK,16,1,Man Utd,4.5,4.5,0.0,0,0,0,0,0,0,0,0,0.0,0.0,0.0,1090,1733,0.0128,0.0204,-0.0076,0.0,0.0,0.0,0.0,d,Unspecified injury - 75% chance of playing,2026-09-21T13:30:08.885505Z,100.0,75.0,0.0,0.0,0.0,0.0,0,0,0,0,0,0,0,0,0,0.0,0.0,0.0,0.0,0,0,0,0,,,,0,False,516,0.0,83,352,-32.5,-5,False,,-39.1,-2,-50.5,-3,-61.9,-3,5.0,0,0,0,0,0.0,0.0,0,4.363,3.775,4.951,-0.137
2026-10-10,2026-10-10T09:24:58+00:00,2026,5,5,60307,124,Groß,Pascal,Groß,MID,5,36,Brighton,5.9,5.5,0.4,47,450,5,3,4,3,9,166,9.4,8.0,36.0,2900783,567857,34.1348,6.6822,27.4526,50.8,211.0,216.0,84.0,a,,,,,15.5,2.6,15.5,15.5,14,5,0,5,0,0,0,2,0,1.77,0.86,2.63,8.67,26,7,10,9,1.0,1.0,1.0,3,True,7,0.2,1540290,38074,119.6,44159,False,,273.6,5,539.3,5,805.0,5,5.0,3420,344,23,23,9.1,38.7,4,8.769,8.148,9.39,2.869
2026-10-10,2026-10-10T09:24:58+00:00,2026,5,5,60689,490,Wood,Chris,Wood,FWD,18,17,Nott'm Forest,5.8,6.0,-0.2,4,62,4,0,0,0,0,13,1.0,0.7,0.9,26994,120393,0.3177,1.4167,-1.0991,0.7,1.2,4.8,3.0,a,,,,,1.0,0.2,1.0,1.0,1,0,0,1,0,0,0,0,0,0.12,0.01,0.13,0.53,1,0,1,0,2.0,,,0,False,189,0.0,4415,10546,-51.4,-74,False,,-59.7,-3,-74.1,-3,-88.5,-3,5.0,471,30,0,0,1.0,5.2,0,5.347,4.759,5.935,-0.453
2026-10-10,2026-10-10T09:24:58+00:00,2026,5,5,67089,497,Dubravka,Martin,Dubravka,GK,19,6,Spurs,4.0,4.0,0.0,0,0,0,0,0,0,0,0,0.0,0.0,17.0,452958,500860,5.3302,5.8938,-0.5637,0.0,0.0,0.0,0.0,a,,,,,0.0,0.0,0.0,0.0,0,0,0,0,0,0,0,0,0,0.0,0.0,0.0,0.0,0,0,0,0,,,,0,False,25,0.0,82319,108210,-29.3,-477,False,,-32.1,-2,-36.9,-2,-41.6,-3,5.0,0,0,0,0,0.0,0.0,0,4.338,3.748,4.928,0.338
2026-10-10,2026-10-10T09:24:58+00:00,2026,5,5,72147,29,M.Bizot,Marco,Bizot,GK,2,7,Aston Villa,4.5,4.5,0.0,1,90,1,0,0,0,0,1,1.0,0.2,0.1,4706,8027,0.0554,0.0945,-0.0391,2.8,28.2,0.0,0.0,d,Back injury - 75% chance of playing,2026-09-17T07:30:09.058151Z,0.0,75.0,0.0,0.0,0.0,0.0,0,1,3,4,0,0,0,0,0,0.0,0.0,0.0,3.77,0,0,6,2,,,,0,False,406,0.0,112,1651,0.0,0,False,2026-10-17T21:00:09.378950Z,0.0,0,0.0,0,0.0,0,5.0,684,8,0,0,1.0,1.7,0,4.206,3.617,4.795,-0.294
2026-10-10,2026-10-10T09:24:58+00:00,2026,5,5,75115,108,Wilson,Callum,Wilson,FWD,4,94,Brentford,5.4,5.5,-0.1,3,13,3,0,0,0,0,9,1.0,0.6,0.3,16492,27812,0.1941,0.3273,-0.1332,2.6,3.2,10.4,12.0,a,,,,,0.0,0.0,0.0,0.0,0,0,0,0,0,0,0,0,0,0.07,0.04,0.11,0.15,2,0,1,1,,,,0,False,294,-0.1,2143,3747,-14.4,-8,False,,-16.0,-1,-18.7,-1,-21.3,-2,5.0,99,23,0,0,1.0,4.2,0,5.068,4.478,5.657,-0.332
2026-10-10,2026-10-10T09:24:58+00:00,2026,5,5,76357,266,Cairney,Tom,Cairney,MID,10,54,Fulham,4.9,5.0,-0.1,0,0,0,0,0,0,0,0,0.0,0.0,0.0,132,342,0.0016,0.004,-0.0025,0.0,0.0,0.0,0.0,i,Knee injury - Expected back 17 Oct,2026-08-14T18:00:06.460944Z,0.0,0.0,0.0,0.0,0.0,0.0,0,0,0,0,0,0,0,0,0,0.0,0.0,0.0,0.0,0,0,0,0,,,,0,False,650,0.0,31,31,-4.5,3,False,,0.0,0,0.1,1,0.1,1,5.0,0,0,0,0,0.0,0.0,0,4.773,4.186,5.36,-0.127
2026-10-10,2026-10-10T09:24:58+00:00,2026,5,5,78916,448,Burn,Dan,Burn,DEF,17,4,Newcastle,4.8,5.0,-0.2,0,0,0,0,0,0,0,0,0.0,0.0,0.7,7383,164819,0.0869,1.9395,-1.8526,0.0,0.0,0.0,0.0,i,Ankle injury - Expected back 12 Oct,2026-08-23T18:00:08.367241Z,0.0,0.0,0.0,0.0,0.0,0.0,0,0,0,0,0,0,0,0,0,0.0,0.0,0.0,0.0,0,0,0,0,,,,0,False,217,-0.1,168,9911,-10.3,-172,False,,-15.5,-1,-24.5,-2,-33.6,-2,5.0,0,0,0,0,0.0,0.0,0,4.519,3.931,5.107,-0.281
2026-10-10,2026-10-10T09:24:58+00:00,2026,5,5,79602,623,Bentley,Dan,Bentley,GK,7,9,Coventry City,4.0,4.0,0.0,0,0,0,0,0,0,0,0,0.0,0.0,0.9,105852,22883,1.2456,0.2693,0.9763,0.0,0.0,0.0,0.0,a,,,,,0.0,0.0,0.0,0.0,0,0,0,0,0,0,0,0,0,0.0,0.0,0.0,0.0,0,0,0,0,,,,0,False,196,0.0,35474,5991,3.0,53,False,,3.5,1,4.4,1,5.3,1,5.0,0,0,0,0,0.0,0.0,0,4.003,3.415,4.59,0.003
2026-10-10,2026-10-10T09:24:58+00:00,2026,5,5,80178,178,Bidwell,Jake,Bidwell,DEF,7,9,Coventry City,4.0,4.0,0.0,0,0,0,0,0,0,0,0,0.0,0.0,0.1,2636,3817,0.031,0.0449,-0.0139,0.0,0.0,0.0,0.0,a,,,,,0.0,0.0,0.0,0.0,0,0,0,0,0,0,0,0,0,0.0,0.0,0.0,0.0,0,0,0,0,,,,0,False,447,0.0,329,586,-36.1,2,False,,-33.9,-2,-30.2,-2,-26.4,-2,5.0,0,0,0,0,0.0,0.0,0,4.007,3.42,4.594,0.007
2026-10-10,2026-10-10T09:24:58+00:00,2026,5,5,80201,250,Leno,Bernd,Leno,GK,10,54,Fulham,4.5,4.5,0.0,18,450,5,0,0,1,2,77,3.6,4.0,4.0,236162,122601,2.779,1.4427,1.3363,12.8,127.6,0.0,0.0,a,,,,,6.0,1.3,6.0,6.0,3,5,16,8,0,0,0,0,0,0.0,0.0,0.0,9.11,0,0,41,6,,,,0,False,86,0.0,125265,31559,20.0,1460,False,,33.8,2,57.6,3,81.4,3,5.0,3420,137,0,0,3.6,30.4,0,4.669,4.081,5.257,0.169
2026-10-10,2026-10-10T09:24:58+00:00,2026,5,5,81441,443,Gillespie,Mark,Gillespie,GK,17,4,Newcastle,4.5,4.5,0.0,0,0,0,0,0,0,0,0,0.0,0.0,0.0,802,1288,0.0094,0.0152,-0.0057,0.0,0.0,0.0,0.0,a,,,,,0.0,0.0,0.0,0.0,0,0,0,0,0,0,0,0,0,0.0,0.0,0.0,0.0,0,0,0,0,,,,0,False,531,0.0,77,168,-48.4,-2,False,,-54.5,-3,-65.0,-3,-75.5,-3,5.0,0,0,0,0,0.0,0.0,0,4.272,3.683,4.86,-0.228
2026-10-10,2026-10-10T09:24:58+00:00,2026,5,5,83299,116,Dunk,Lewis,Dunk,DEF,5,36,Brighton,4.5,4.5,0.0,22,360,4,1,0,2,1,79,5.5,4.9,1.5,97010,59511,1.1416,0.7003,0.4413,14.3,116.2,14.6,11.0,a,,2026-09-22T09:30:09.629652Z,,100.0,6.0,1.3,6.0,6.0,0,4,0,5,0,0,0,1,0,0.03,0.09,0.12,7.04,23,3,13,20,,3.0,,1,False,146,0.0,15449,18447,21.9,492,False,,26.5,2,34.5,2,42.5,3,5.0,2736,167,8,0,5.5,37.2,0,5.446,4.855,6.038,0.946
2026-10-10,2026-10-10T09:24:58+00:00,2026,5,5,84450,544,Xhaka,Granit,Xhaka,MID,20,56,Sunderland,5.5,5.5,0.0,21,450,5,0,1,1,5,116,4.2,3.8,3.4,135773,230834,1.5977,2.7163,-1.1186,28.8,93.6,191.1,3.0,a,,,,,1.5,0.3,1.5,1.5,2,5,0,10,0,0,0,2,0,0.06,1.32,1.38,8.66,54,9,33,12,,2.0,2.0,0,False,99,0.0,11241,45745,-100.4,-771,False,,-122.4,-5,-160.4,-5,-198.3,-5,5.0,3420,160,0,8,4.2,29.0,0,5.778,5.189,6.366,0.278
2026-10-10,2026-10-10T09:24:58+00:00,2026,5,5,85633,467,Sels,Matz,Sels,GK,18,17,Nott'm Forest,5.0,5.0,0.0,14,450,5,0,0,1,0,67,2.8,2.8,1.5,70498,70210,0.8296,0.8262,0.0034,8.2,82.0,0.0,0.0,a,,,,,2.5,0.5,2.5,2.5,2,5,11,5,0,0,0,0,0,0.0,0.01,0.01,4.77,0,0,46,6,,,,0,False,144,0.0,4245,14148,2.7,-269,False,,0.2,1,-29.1,-2,-59.3,-3,5.0,3420,106,0,0,2.8,21.3,0,4.685,4.097,5.273,-0.315
2026-10-10,2026-10-10T09:24:58+00:00,2026,5,5,86873,251,Lecomte,Benjamin,Lecomte,GK,10,54,Fulham,4.0,4.0,0.0,0,0,0,0,0,0,0,0,0.0,0.0,1.1,30088,29331,0.3541,0.3452,0.0089,0.0,0.0,0.0,0.0,a,,,,,0.0,0.0,0.0,0.0,0,0,0,0,0,0,0,0,0,0.0,0.0,0.0,0.0,0,0,0,0,,,,0,False,167,0.0,7360,5896,-26.8,23,False,,-24.8,-2,-21.4,-2,-17.9,-1,5.0,0,0,0,0,0.0,0.0,0,4.006,3.419,4.594,0.006
2026-10-10,2026-10-10T09:24:58+00:00,2026,5,5,88894,46,Barkley,Ross,Barkley,MID,2,7,Aston Villa,5.0,5.0,0.0,10,308,5,0,0,1,0,66,2.0,2.0,0.2,16511,17939,0.1943,0.2111,-0.0168,15.6,42.4,82.3,31.0,a,,,,,1.5,0.3,1.5,1.5,1,4,0,8,0,0,0,0,0,0.38,0.14,0.52,7.36,28,7,16,5,,,4.0,0,False,311,0.0,954,3462,-2.1,-106,False,,-45.6,-3,-120.8,-5,-195.9,-5,5.0,2341,76,0,0,2.0,15.2,0,4.872,4.284,5.46,-0.128
2026-10-10,2026-10-10T09:24:58+00:00,2026,5,5,91651,406,Kovačić,Mateo,Kovačić,MID,15,43,Man City,5.3,5.5,-0.2,2,42,2,0,0,0,0,12,1.0,0.4,0.1,2308,6505,0.0272,0.0765,-0.0494,0.9,4.2,5.2,0.0,a,,,,,0.0,0.0,0.0,0.0,0,0,0,0,0,0,0,0,0,0.0,0.02,0.02,0.1,2,0,2,0,,,,0,False,449,-0.1,166,676,-5.6,-10,False,,-13.2,-1,-26.3,-2,-39.4,-2,5.0,319,15,0,0,1.0,2.9,0,5.268,4.68,5.856,-0.032
2026-10-10,2026-10-10T09:24:58+00:00,2026,5,5,93605,541,Meunier,Thomas,Meunier,DEF,20,56,Sunderland,4.5,4.5,0.0,14,396,5,0,1,1,0,42,2.8,3.1,0.3,9114,10856,0.1072,0.1277,-0.0205,15.6,70.2,41.4,43.0,a,,2026-08-16T08:30:07.830062Z,100.0,100.0,2.5,0.6,2.5,2.5,3,5,0,8,0,0,0,0,0,0.34,0.58,0.92,5.94,20,4,15,16,,,,0,False,297,0.0,3713,2104,-21.9,34,False,,-9.7,-1,0.3,1,0.9,1,5.0,3010,106,0,8,2.8,23.6,0,4.823,4.235,5.412,0.323
2026-10-10,2026-10-10T09:24:58+00:00,2026,5,5,95658,418,Maguire,Harry,Maguire,DEF,16,1,Man Utd,4.8,5.0,-0.2,10,450,5,0,1,0,0,50,2.0,2.1,7.9,146401,1089431,1.7228,12.8198,-11.0971,18.6,86.0,50.1,50.0,a,,,,,1.5,0.3,1.5,1.5,2,5,0,8,0,0,0,2,0,0.2,0.46,0.66,6.8,31,3,21,28,,,,0,False,47,-0.1,12443,159740,-11.5,-2268,False,,-28.0,-2,-56.5,-3,-85.1,-3,5.0,3420,76,0,8,2.0,15.8,0,5.048,4.457,5.638,0.248
2026-10-10,2026-10-10T09:24:58+00:00,2026,5,5,97032,356,Virgil,Virgil,van Dijk,DEF,14,14,Liverpool,6.5,6.5,0.0,25,450,5,0,0,3,0,96,5.0,3.8,16.0,302488,665458,3.5595,7.8307,-4.2712,17.4,125.0,22.3,26.0,a,,,,,8.0,1.2,8.0,8.0,8,5,0,4,0,0,0,1,0,0.25,0.08,0.33,6.12,48,5,18,43,,,,0,False,26,0.0,45472,92825,-68.5,-1434,False,,-77.3,-3,-92.5,-3,-107.8,-5,5.0,3420,190,0,0,5.0,29.2,0,6.118,5.524,6.711,-0.382
2026-10-10,2026-10-10T09:24:58+00:00,2026,5,5,97846,625,Cairns,Alex,Cairns,GK,13,2,Leeds,4.0,4.0,0.0,0,0,0,0,0,0,0,0,0.0,0.0,0.2,20534,6315,0.2416,0.0743,0.1673,0.0,0.0,0.0,0.0,a,,,,,0.0,0.0,0.0,0.0,0,0,0,0,0,0,0,0,0,0.0,0.0,0.0,0.0,0,0,0,0,,,,0,False,326,0.0,1575,1157,0.4,-2,False,,0.4,1,0.3,1,0.3,1,5.0,0,0,0,0,0.0,0.0,0,3.991,3.404,4.579,-0.009
2026-10-10,2026-10-10T09:24:58+00:00,2026,5,5,98747,442,Pope,Nick,Pope,GK,17,4,Newcastle,4.9,5.0,-0.1,0,0,0,0,0,0,0,0,0.0,0.0,0.9,14165,55715,0.1667,0.6556,-0.4889,0.0,0.0,0.0,0.0,a,,,,,0.0,0.0,0.0,0.0,0,0,0,0,0,0,0,0,0,0.0,0.0,0.0,0.0,0,0,0,0,,,,0,False,184,0.0,1672,4992,-51.6,-38,False,,-55.7,-3,-62.6,-3,-69.6,-3,5.0,0,0,0,0,0.0,0.0,0,4.533,3.944,5.121,-0.367
2026-10-10,2026-10-10T09:24:58+00:00,2026,5,5,98980,28,Martinez,Emiliano,Martínez Romero,GK,6,8,Chelsea,5.0,5.0,0.0,9,360,4,0,0,0,0,61,2.2,1.8,4.7,255939,261467,3.0118,3.0768,-0.0651,17.5,145.0,30.0,0.0,a,,,,,2.0,0.4,2.0,2.0,2,4,18,10,0,0,0,0,0,0.0,0.01,0.01,7.49,0,0,37,1,,,,0,False,76,0.0,18172,36886,-8.9,-101,False,,-11.0,-1,-14.7,-1,-18.4,-1,5.0,2736,68,0,0,2.2,13.7,0,4.745,4.156,5.334,-0.255
2026-10-10,2026-10-10T09:24:58+00:00,2026,5,5,101188,30,Digne,Lucas,Digne,DEF,2,7,Aston Villa,4.5,4.5,0.0,0,0,0,0,0,0,0,0,0.0,0.0,0.0,0,8746,0.0,0.1029,-0.1029,0.0,0.0,0.0,0.0,u,Has joined Paris Saint-Germain permanently,2026-08-10T14:03:30.089007Z,0.0,0.0,0.0,0.0,0.0,0.0,0,0,0,0,0,0,0,0,0,0.0,0.0,0.0,0.0,0,0,0,0,,,,0,False,502,0.0,0,335,0.0,-5,False,,0.0,0,0.0,0,0.0,0,5.0,0,0,0,0,0.0,0.0,0,4.252,3.664,4.84,-0.248
2026-10-10,2026-10-10T09:24:58+00:00,2026,5,5,101282,289,Crooks,Matt,Crooks,MID,11,88,Hull City,4.4,4.5,-0.1,3,203,3,0,0,1,0,17,1.0,0.7,0.5,29265,44994,0.3444,0.5295,-0.1851,5.4,37.8,17.3,0.0,a,,2026-08-29T15:00:08.569326Z,100.0,100.0,0.5,0.1,0.5,0.5,0,3,0,4,0,0,0,3,0,0.0,0.12,0.12,3.57,21,8,4,9,,,,0,False,250,-0.1,9906,8765,0.9,66,False,,1.5,1,2.6,1,3.6,1,5.0,1543,23,0,0,1.0,5.2,0,4.457,3.87,5.045,0.057
2026-10-10,2026-10-10T09:24:58+00:00,2026,5,5,105666,274,Butland,Jack,Butland,GK,11,88,Hull City,4.4,4.5,-0.1,0,0,0,0,0,0,0,0,0.0,0.0,0.1,675,5161,0.0079,0.0607,-0.0528,0.0,0.0,0.0,0.0,i,Arm injury - Unknown return date,2026-08-08T19:00:05.601633Z,0.0,0.0,0.0,0.0,0.0,0.0,0,0,0,0,0,0,0,0,0,0.0,0.0,0.0,0.0,0,0,0,0,,,,0,False,471,-0.1,106,548,-3.4,-6,False,,-5.3,-1,-8.5,-1,-11.8,-1,5.0,0,0,0,0,0.0,0.0,0,4.232,3.645,4.82,-0.168
2026-10-10,2026-10-10T09:24:58+00:00,2026,5,5,105717,540,Masuaku,Arthur,Masuaku,DEF,20,56,Sunderland,4.0,4.0,0.0,0,0,0,0,0,0,0,0,0.0,0.0,0.1,0,11919,0.0,0.1403,-0.1403,0.0,0.0,0.0,0.0,u,Has joined Konyaspor permanently,2026-08-12T14:08:03.097784Z,0.0,0.0,0.0,0.0,0.0,0.0,0,0,0,0,0,0,0,0,0,0.0,0.0,0.0,0.0,0,0,0,0,,,,0,False,385,0.0,0,986,0.0,-13,False,,0.0,0,0.0,0,0.0,0,5.0,0,0,0,0,0.0,0.0,0,4.007,3.42,4.594,0.007
2026-10-10,2026-10-10T09:24:58+00:00,2026,5,5,106611,231,Keane,Michael,Keane,DEF,9,11,Everton,4.8,5.0,-0.2,0,0,0,0,0,0,0,0,0.0,0.0,0.7,9932,94190,0.1169,1.1084,-0.9915,0.0,0.0,0.0,0.0,a,,,,,0.0,0.0,0.0,0.0,0,0,0,0,0,0,0,0,0,0.0,0.0,0.0,0.0,0,0,0,0,,,,0,False,215,0.0,1027,7391,-58.7,-134,False,,-77.5,-3,-109.8,-5,-142.2,-5,5.0,0,0,0,0,0.0,0.0,0,4.55,3.962,5.138,-0.25
2026-10-10,2026-10-10T09:24:58+00:00,2026,5,5,106760,423,Shaw,Luke,Shaw,DEF,16,1,Man Utd,4.3,4.5,-0.2,9,335,4,0,1,0,0,54,2.2,2.1,7.0,110196,1384532,1.2967,16.2924,-14.9957,20.1,92.6,91.6,17.0,a,,2026-09-11T13:00:09.030120Z,50.0,100.0,1.0,0.2,0.5,1.0,2,4,0,5,0,0,0,1,0,0.03,0.58,0.61,4.63,23,6,7,17,,,3.0,0,False,56,-0.1,12712,152603,-14.0,-1461,False,,-26.0,-2,-46.6,-3,-67.3,-3,5.0,2546,68,0,8,2.2,15.9,0,4.877,4.287,5.466,0.577
2026-10-10,2026-10-10T09:24:58+00:00,2026,5,5,106921,587,Rulli,Gerónimo,Rulli,GK,15,43,Man City,5.0,5.0,0.0,0,0,0,0,0,0,0,0,0.0,0.0,0.0,637,1173,0.0075,0.0138,-0.0063,0.0,0.0,0.0,0.0,a,,,,,0.0,0.0,0.0,0.0,0,0,0,0,0,0,0,0,0,0.0,0.0,0.0,0.0,0,0,0,0,,,,0,False,564,0.0,105,162,-102.4,-4,False,,-121.0,-5,-153.2,-5,-185.4,-5,5.0,0,0,0,0,0.0,0.0,0,4.754,4.165,5.343,-0.246
2026-10-10,2026-10-10T09:24:58+00:00,2026,5,5,108413,212,Hughes,Will,Hughes,MID,8,31,Crystal Palace,4.4,4.5,-0.1,2,29,2,0,0,0,0,9,1.0,0.5,6.7,129966,545033,1.5294,6.4137,-4.8843,2.4,8.0,15.3,0.0,a,,,,,0.5,0.1,0.5,0.5,0,0,0,1,0,0,0,0,0,0.0,0.04,0.04,1.12,7,1,3,3,,,4.0,0,False,57,0.0,16567,106418,-42.7,-1604,False,,-66.1,-3,-106.3,-5,-146.6,-5,5.0,220,15,0,0,1.0,3.5,0,4.647,4.059,5.235,0.247
2026-10-10,2026-10-10T09:24:58+00:00,2026,5,5,108416,277,Egan,John,Egan,DEF,11,88,Hull City,4.1,3.9999999999999996,0.1,26,437,5,0,0,3,1,71,5.2,6.3,7.4,826649,247435,9.7276,2.9117,6.8159,13.4,110.8,1.3,21.0,a,,,,,1.5,0.4,1.5,1.5,1,5,0,4,0,0,0,1,0,0.05,0.0,0.05,7.27,59,9,12,50,,,,0,False,52,0.0,103490,60514,29.3,133,False,,30.6,2,32.7,2,34.9,2,5.0,3321,198,0,0,5.2,38.7,1,4.709,4.114,5.304,0.609
2026-10-10,2026-10-10T09:24:58+00:00,2026,5,5,108813,300,Walton,Christian,Walton,GK,12,40,Ipswich Town,4.4,4.5,-0.1,2,90,1,0,0,0,0,10,2.0,0.5,0.4,6343,16363,0.0746,0.1926,-0.1179,1.2,12.0,0.0,0.0,a,,,,,1.0,0.2,1.0,1.0,2,1,1,1,0,0,0,0,0,0.0,0.01,0.01,2.24,0,0,17,2,,,,0,False,266,0.0,4658,2450,0.2,70,False,,0.8,1,2.0,1,3.1,1,5.0,684,15,0,0,2.0,3.5,0,4.297,3.709,4.884,-0.103
2026-10-10,2026-10-10T09:24:58+00:00,2026,5,5,109646,147,Tosin,Tosin,Adarabioyo,DEF,19,6,Spurs,4.4,4.5,-0.1,1,5,1,0,0,0,0,5,1.0,0.2,0.1,2077,8308,0.0244,0.0978,-0.0733,0.9,9.0,0.2,0.0,a,,,,,0.5,0.1,0.5,0.5,0,0,0,0,0,0,0,0,0,0.0,0.0,0.0,0.03,4,2,1,2,,,,0,False,371,0.0,185,956,-52.2,-16,False,,-62.8,-3,-81.2,-3,-99.6,-4,5.0,38,8,0,0,1.0,1.7,0,4.349,3.762,4.937,-0.051
2026-10-10,2026-10-10T09:24:58+00:00,2026,5,5,109745,2,Arrizabalaga,Kepa,Arrizabalaga Revuelta,GK,1,3,Arsenal,4.9,5.0,-0.1,0,0,0,0,0,0,0,0,0.0,0.0,0.1,1570,4380,0.0185,0.0515,-0.0331,0.0,0.0,0.0,0.0,a,,,,,0.0,0.0,0.0,0.0,0,0,0,0,0,0,0,0,0,0.0,0.0,0.0,0.0,0,0,0,0,,,,0,False,461,0.0,193,367,-56.0,3,False,,-51.6,-3,-44.0,-3,-36.5,-2,5.0,0,0,0,0,0.0,0.0,0,4.59,4.002,5.179,-0.31
2026-10-10,2026-10-10T09:24:58+00:00,2026,5,5,110690,172,Wilson,Ben,Wilson,GK,7,9,Coventry City,4.4,4.5,-0.1,0,0,0,0,0,0,0,0,0.0,0.0,0.3,1557,12971,0.0183,0.1526,-0.1343,0.0,0.0,0.0,0.0,a,,,,,0.0,0.0,0.0,0.0,0,0,0,0,0,0,0,0,0,0.0,0.0,0.0,0.0,0,0,0,0,,,,0,False,278,0.0,387,1274,-9.6,-18,False,,-14.7,-1,-23.4,-2,-32.1,-2,5.0,0,0,0,0,0.0,0.0,0,4.236,3.648,4.823,-0.164
2026-10-10,2026-10-10T09:24:58+00:00,2026,5,5,111234,226,Pickford,Jordan,Pickford,GK,9,11,Everton,5.5,5.5,0.0,25,450,5,0,0,3,1,121,5.0,4.5,9.3,320862,256346,3.7757,3.0165,0.7592,12.0,119.2,0.0,0.0,a,,,,,7.0,1.3,7.0,7.0,8,5,15,3,0,0,0,0,0,0.0,0.02,0.02,6.94,0,0,53,7,,,,0,False,39,0.0,53345,36227,33.8,141,False,,35.1,2,37.4,2,39.7,2,5.0,3420,190,0,0,5.0,34.5,0,5.464,4.872,6.056,-0.036
2026-10-10,2026-10-10T09:24:58+00:00,2026,5,5,111317,74,Brooks,David,Brooks,MID,3,91,Bournemouth,5.0,5.0,0.0,3,45,4,0,0,0,0,8,0.8,0.6,0.1,3551,4057,0.0418,0.0477,-0.006,3.5,9.2,23.6,2.0,a,,2026-08-15T16:30:07.037929Z,100.0,100.0,0.5,0.1,0.5,0.5,1,0,0,2,0,0,0,1,0,0.0,0.07,0.07,0.75,5,0,3,2,,3.0,4.0,0,False,496,0.0,369,599,-26.1,1,False,,-23.8,-2,-19.9,-1,-15.9,-1,5.0,342,23,0,0,0.7,4.6,0,4.841,4.252,5.429,-0.159
2026-10-10,2026-10-10T09:24:58+00:00,2026,5,5,112520,301,Palmer,Alex,Palmer,GK,12,40,Ipswich Town,4.0,4.0,0.0,0,0,0,0,0,0,0,0,0.0,0.0,3.8,83753,128784,0.9856,1.5155,-0.5299,0.0,0.0,0.0,0.0,a,,,,,0.0,0.0,0.0,0.0,0,0,0,0,0,0,0,0,0,0.0,0.0,0.0,0.0,0,0,0,0,,,,0,False,90,0.0,13157,27545,-30.9,-109,False,,-33.7,-2,-38.6,-2,-43.5,-3,5.0,0,0,0,0,0.0,0.0,0,4.051,3.464,4.639,0.051
2026-10-10,2026-10-10T09:24:58+00:00,2026,5,5,114243,457,J.Murphy,Jacob,Murphy,MID,17,4,Newcastle,5.9,6.0,-0.1,3,181,5,0,0,0,0,21,0.6,0.5,0.1,6991,11802,0.0823,0.1389,-0.0566,4.9,13.0,26.9,10.0,a,,,,,0.5,0.1,0.5,0.5,1,2,0,5,0,0,0,3,0,0.03,0.41,0.44,4.96,18,4,10,4,,,4.0,0,False,375,0.0,1888,1623,-15.4,-25,False,,-32.8,-2,-62.7,-3,-92.6,-3,5.0,1376,23,0,0,0.6,3.9,0,5.263,4.675,5.851,-0.637
2026-10-10,2026-10-10T09:24:58+00:00,2026,5,5,114283,238,Grealish,Jack,Grealish,MID,9,11,Everton,6.5,6.5,0.0,6,135,4,0,0,1,0,36,1.5,0.9,0.5,45457,25759,0.5349,0.3031,0.2318,11.4,21.6,71.7,20.0,a,,2026-07-29T10:00:10.492904Z,100.0,100.0,2.0,0.3,2.0,2.0,3,1,0,1,0,0,0,0,0,0.02,0.44,0.46,1.67,13,3,8,2,,,,0,False,252,0.0,8413,5475,10.9,152,False,,12.4,1,14.8,1,17.3,1,5.0,1026,46,0,0,1.5,7.0,0,5.76,5.172,6.348,-0.74
2026-10-10,2026-10-10T09:24:58+00:00,2026,5,5,115556,508,Davies,Ben,Davies,DEF,19,6,Spurs,3.9,4.0,-0.1,0,0,0,0,0,0,0,0,0.0,0.0,1.0,25858,45381,0.3043,0.534,-0.2297,0.0,0.0,0.0,0.0,a,,,,,0.0,0.0,0.0,0.0,0,0,0,0,0,0,0,0,0,0.0,0.0,0.0,0.0,0,0,0,0,,,,0,False,181,-0.1,14062,7938,2.4,81,False,,3.1,1,4.5,1,5.8,1,5.0,0,0,0,0,0.0,0.0,0,4.069,3.481,4.656,0.169
2026-10-10,2026-10-10T09:24:58+00:00,2026,5,5,116535,350,A.Becker,Alisson,Becker,GK,14,14,Liverpool,5.5,5.5,0.0,27,450,5,0,0,3,5,96,5.4,4.9,4.2,159749,158257,1.8798,1.8623,0.0176,9.9,99.2,0.0,0.0,a,,,,,8.5,1.5,8.5,8.5,8,5,14,4,0,0,0,1,0,0.0,0.0,0.0,6.12,0,0,47,10,,,,0,False,83,0.0,26431,24733,0.8,-237,False,,-3.5,-1,-13.1,-1,-22.6,-2,5.0,3420,205,0,0,5.4,37.3,0,5.512,4.919,6.106,0.012
2026-10-10,2026-10-10T09:24:58+00:00,2026,5,5,119090,618,Goretzka,Leon,Goretzka,MID,2,7,Aston Villa,5.9,6.0,-0.1,0,0,0,0,0,0,0,0,0.0,0.0,0.0,4665,4863,0.0549,0.0572,-0.0023,0.0,0.0,0.0,0.0,i,Knee injury - Expected back 17 Oct,2026-09-09T09:30:08.229436Z,0.0,0.0,0.0,0.0,0.0,0.0,0,0,0,0,0,0,0,0,0,0.0,0.0,0.0,0.0,0,0,0,0,,,,0,False,558,0.0,56,549,-55.4,-3,False,,-60.4,-3,-68.9,-3,-77.5,-3,5.0,0,0,0,0,0.0,0.0,0,5.316,4.727,5.905,-0.584
2026-10-10,2026-10-10T09:24:58+00:00,2026,5,5,119471,446,Schär,Fabian,Schär,DEF,17,4,Newcastle,4.9,5.0,-0.1,2,25,2,0,0,0,0,0,1.0,0.4,0.2,7989,14446,0.094,0.17,-0.076,3.6,25.0,10.5,0.0,a,,2026-08-15T16:30:07.209742Z,100.0,100.0,0.5,0.1,0.5,0.5,1,0,0,2,0,0,0,0,0,0.0,0.01,0.01,1.87,7,0,0,7,,2.0,,0,False,325,0.0,1478,1500,-1.3,23,False,,0.2,1,0.6,1,0.9,1,5.0,190,15,0,0,1.0,3.1,0,4.579,3.991,5.167,-0.321
2026-10-10,2026-10-10T09:24:58+00:00,2026,5,5,121709,199,Benitez,Walter,Benítez,GK,8,31,Crystal Palace,4.5,4.5,0.0,8,180,2,0,0,1,0,29,4.0,1.8,0.1,5042,5279,0.0593,0.0621,-0.0028,3.8,37.4,0.0,0.0,a,,,,,4.0,0.9,4.0,4.0,6,2,5,3,0,0,0,0,0,0.0,0.0,0.0,2.99,0,0,11,2,,,,0,False,383,0.0,1950,862,-8.2,32,False,,0.2,1,0.7,1,1.3,1,5.0,1368,61,0,0,4.0,13.5,0,4.523,3.934,5.111,0.023
2026-10-10,2026-10-10T09:24:58+00:00,2026,5,5,122074,386,Bettinelli,Marcus,Bettinelli,GK,15,43,Man City,4.5,4.5,0.0,0,0,0,0,0,0,0,0,0.0,0.0,0.0,618,1191,0.0073,0.014,-0.0067,0.0,0.0,0.0,0.0,a,,,,,0.0,0.0,0.0,0.0,0,0,0,0,0,0,0,0,0,0.0,0.0,0.0,0.0,0,0,0,0,,,,0,False,551,0.0,103,155,-96.8,0,False,,-96.8,-4,-96.8,-4,-96.8,-4,5.0,0,0,0,0,0.0,0.0,0,4.479,3.89,5.068,-0.021
2026-10-10,2026-10-10T09:24:58+00:00,2026,5,5,122798,502,Robertson,Andrew,Robertson,DEF,19,6,Spurs,4.4,4.5,-0.1,17,366,5,0,1,1,1,68,3.4,3.9,2.4,77414,205625,0.911,2.4197,-1.5087,25.4,89.6,123.9,41.0,a,,,,,5.5,1.2,5.5,5.5,4,4,0,7,0,0,0,0,0,0.13,0.43,0.56,7.05,20,5,15,15,,,6.0,0,False,114,0.0,15742,34949,-10.3,-430,False,,-27.9,-2,-58.3,-3,-88.8,-3,5.0,2782,129,0,8,3.4,29.4,0,5.063,4.473,5.653,0.663
2026-10-10,2026-10-10T09:24:58+00:00,2026,5,5,122806,45,McGinn,John,McGinn,MID,2,7,Aston Villa,5.4,5.5,-0.1,17,434,5,0,2,2,1,65,3.4,3.1,2.2,82609,168759,0.9721,1.9859,-1.0138,14.8,52.4,84.9,15.0,a,,,,,6.0,1.1,6.0,6.0,6,5,0,7,0,0,0,2,0,0.77,0.24,1.01,8.29,30,5,17,8,,,1.0,0,False,121,0.0,18778,21797,-21.0,-19,False,,-21.9,-2,-23.3,-2,-24.7,-2,5.0,3298,129,0,15,3.4,23.9,0,5.876,5.284,6.467,0.476
2026-10-10,2026-10-10T09:24:58+00:00,2026,5,5,128295,21,Nørgaard,Christian,Nørgaard,MID,9,11,Everton,4.8,5.0,-0.2,0,0,0,0,0,0,0,0,0.0,0.0,0.0,586,7742,0.0069,0.0911,-0.0842,0.0,0.0,0.0,0.0,d,Groin injury - 50% chance of playing,2026-08-15T20:00:06.779594Z,0.0,50.0,0.0,0.0,0.0,0.0,0,0,0,0,0,0,0,0,0,0.0,0.0,0.0,0.0,0,0,0,0,,,,0,False,514,-0.1,146,640,-0.1,0,False,2026-10-17T14:30:11.076186Z,-0.1,-1,-0.1,-1,-0.1,-1,5.0,0,0,0,0,0.0,0.0,0,4.793,4.205,5.38,-0.007
2026-10-10,2026-10-10T09:24:58+00:00,2026,5,5,135720,501,Danso,Kevin,Danso,DEF,20,56,Sunderland,5.0,5.0,0.0,3,270,3,0,0,0,0,7,1.0,0.6,0.2,7586,10338,0.0893,0.1217,-0.0324,11.0,55.2,32.9,21.0,a,,,,,0.5,0.1,0.5,0.5,0,3,0,8,0,0,0,0,0,0.07,0.17,0.24,5.91,20,1,11,19,,,,0,False,351,0.0,2161,1301,-69.8,22,False,,-57.3,-3,-35.6,-2,-13.9,-1,5.0,2052,23,0,0,1.0,4.6,0,4.433,3.845,5.021,-0.567
2026-10-10,2026-10-10T09:24:58+00:00,2026,5,5,138001,228,King,Tom,King,GK,9,11,Everton,4.5,4.5,0.0,0,0,0,0,0,0,0,0,0.0,0.0,0.0,1252,1833,0.0147,0.0216,-0.0068,0.0,0.0,0.0,0.0,a,,,,,0.0,0.0,0.0,0.0,0,0,0,0,0,0,0,0,0,0.0,0.0,0.0,0.0,0,0,0,0,,,,0,False,505,0.0,185,266,-48.9,-2,False,,-53.4,-3,-61.3,-3,-69.2,-3,5.0,0,0,0,0,0.0,0.0,0,4.303,3.714,4.891,-0.197
2026-10-10,2026-10-10T09:24:58+00:00,2026,5,5,141746,426,B.Fernandes,Bruno,Borges Fernandes,MID,16,1,Man Utd,11.9,12.0,-0.1,31,450,5,3,1,0,3,148,6.2,2.6,37.5,732557,2045345,8.6203,24.0685,-15.4482,54.6,187.0,241.7,117.0,a,,,,,2.0,0.2,2.0,2.0,2,5,0,8,0,0,0,0,0,2.56,1.32,3.88,6.8,29,5,21,3,1.0,1.0,1.0,1,False,6,-0.1,120957,392395,-3.1,-2090,False,,-6.3,-1,-11.9,-1,-17.4,-1,5.0,3420,236,23,8,6.2,19.8,0,11.937,11.34,12.534,0.037
2026-10-10,2026-10-10T09:24:58+00:00,2026,5,5,146426,279,Ajayi,Semi,Ajayi,DEF,11,88,Hull City,4.2,4.0,0.2,27,423,5,1,0,3,2,79,5.4,6.4,14.0,1410094,355550,16.5932,4.1839,12.4093,14.1,85.6,4.2,51.0,a,,2026-08-22T17:30:07.668197Z,100.0,100.0,1.0,0.2,1.0,1.0,1,5,0,4,0,0,0,1,0,0.66,0.01,0.67,6.43,27,6,16,21,,,,1,False,30,0.0,98709,105048,75.9,151,False,,77.3,3,79.8,3,82.3,3,5.0,3215,205,8,0,5.4,38.7,1,5.36,4.768,5.952,1.16
2026-10-10,2026-10-10T09:24:58+00:00,2026,5,5,147675,320,Akpom,Chuba,Akpom,FWD,12,40,Ipswich Town,5.0,5.0,0.0,7,78,3,1,0,0,0,36,2.3,1.4,1.1,133921,80900,1.5759,0.952,0.6239,6.1,34.6,2.5,24.0,a,,,,,0.5,0.1,0.5,0.5,1,0,0,4,0,0,0,0,0,1.14,0.0,1.14,4.2,3,1,2,0,,,,0,False,168,0.0,7965,16467,24.8,-154,False,,23.3,2,20.8,2,18.3,1,5.0,593,53,8,0,2.3,10.6,0,5.517,4.929,6.105,0.517
2026-10-10,2026-10-10T09:24:58+00:00,2026,5,5,149484,33,Mings,Tyrone,Mings,DEF,2,7,Aston Villa,4.5,4.5,0.0,10,261,4,0,0,1,0,43,2.5,2.2,0.4,19570,19032,0.2303,0.224,0.0063,8.2,59.8,5.6,17.0,a,,,,,1.5,0.3,1.5,1.5,3,2,0,4,0,0,0,1,0,0.2,0.02,0.22,4.43,24,4,7,20,,,,0,False,267,0.0,4850,3008,1.8,143,False,,3.1,1,5.4,1,7.8,1,5.0,1984,76,0,0,2.5,16.9,0,4.451,3.863,5.038,-0.049
2026-10-10,2026-10-10T09:24:58+00:00,2026,5,5,149929,311,Burns,Wes,Burns,MID,12,40,Ipswich Town,5.0,5.0,0.0,0,0,0,0,0,0,0,0,0.0,0.0,0.0,0,350,0.0,0.0041,-0.0041,0.0,0.0,0.0,0.0,u,Has joined Leicester City permanently,2026-08-10T14:02:47.597478Z,0.0,0.0,0.0,0.0,0.0,0.0,0,0,0,0,0,0,0,0,0,0.0,0.0,0.0,0.0,0,0,0,0,,,,0,False,655,0.0,0,11,0.0,0,False,,0.0,0,0.0,0,0.0,0,5.0,0,0,0,0,0.0,0.0,0,4.801,4.214,5.389,-0.199
2026-10-10,2026-10-10T09:24:58+00:00,2026,5,5,152551,213,Lerma,Jefferson,Lerma Solís,MID,8,31,Crystal Palace,4.8,5.0,-0.2,1,51,2,0,0,0,0,6,0.5,0.2,0.1,1394,5877,0.0164,0.0692,-0.0528,3.0,17.6,0.8,11.0,a,,,,,0.5,0.1,0.5,0.5,0,0,0,1,0,0,0,1,0,0.26,0.0,0.26,1.25,12,2,3,7,,,,0,False,459,-0.1,188,696,-8.8,-5,False,,-13.3,-1,-21.0,-2,-28.8,-2,5.0,388,8,0,0,0.5,1.6,0,4.7,4.112,5.287,-0.1
2026-10-10,2026-10-10T09:24:58+00:00,2026,5,5,153133,261,Iwobi,Alex,Iwobi,MID,10,54,Fulham,5.4,5.5,-0.1,14,408,5,0,0,2,2,94,2.8,2.6,0.7,33368,59577,0.3927,0.7011,-0.3084,27.7,60.6,167.5,49.0,a,,,,,4.0,0.7,4.0,4.0,5,5,0,7,0,0,0,0,0,0.39,1.22,1.61,8.16,29,5,19,5,3.0,1.0,1.0,0,False,211,0.0,14448,7216,-8.9,581,False,,4.9,1,14.4,1,23.8,2,5.0,3101,106,0,0,2.8,19.7,0,5.186,4.598,5.774,-0.214
2026-10-10,2026-10-10T09:24:58+00:00,2026,5,5,153366,270,Reed,Harrison,Reed,MID,10,54,Fulham,4.4,4.5,-0.1,0,0,0,0,0,0,0,0,0.0,0.0,1.1,37852,79585,0.4454,0.9365,-0.4911,0.0,0.0,0.0,0.0,a,,,,,0.0,0.0,0.0,0.0,0,0,0,0,0,0,0,0,0,0.0,0.0,0.0,0.0,0,0,0,0,,,,0,False,172,0.0,4360,13360,-28.5,-175,False,,-44.8,-3,-72.8,-3,-100.9,-5,5.0,0,0,0,0,0.0,0.0,0,4.521,3.933,5.108,0.121
2026-10-10,2026-10-10T09:24:58+00:00,2026,5,5,153682,260,Wilson,Harry,Wilson,MID,13,2,Leeds,6.2,6.5,-0.3,5,145,4,0,0,1,0,19,1.2,0.8,1.4,29118,485893,0.3426,5.7177,-5.3751,8.5,19.2,52.4,12.0,d,Thigh injury - 75% chance of playing,2026-09-18T13:30:09.626858Z,0.0,75.0,0.5,0.1,0.0,0.4,0,1,0,1,0,0,0,1,0,0.01,0.09,0.1,3.28,11,4,4,3,,2.0,2.0,0,False,154,0.0,147,69191,-0.1,0,False,2026-10-16T14:00:11.701762Z,-0.1,-1,-0.1,-1,-0.1,-1,5.0,1102,38,0,0,1.2,6.1,0,5.575,4.987,6.162,-0.625
2026-10-10,2026-10-10T09:24:58+00:00,2026,5,5,154043,649,Maitland-Niles,Ainsley,Maitland-Niles,DEF,9,11,Everton,4.5,4.5,0.0,21,177,3,1,0,2,2,75,7.0,4.7,1.5,111703,20871,1.3145,0.2456,1.0689,11.4,67.2,38.8,8.0,a,,,,,7.0,1.6,7.0,7.0,8,2,0,1,0,0,0,0,0,0.06,0.25,0.31,2.0,13,5,7,8,,,,0,False,141,0.0,38671,10979,23.0,514,False,,27.9,2,36.2,2,44.6,3,5.0,1345,160,8,0,7.0,35.5,0,5.686,5.091,6.282,1.186
2026-10-10,2026-10-10T09:24:58+00:00,2026,5,5,154561,1,Raya,David,Raya Martín,GK,1,3,Arsenal,6.1,6.0,0.1,30,450,5,0,0,3,3,104,6.0,4.9,43.8,1162495,692355,13.6796,8.1473,5.5324,10.6,104.6,0.2,0.0,a,,,,,7.5,1.2,7.5,7.5,1,5,9,4,0,1,0,0,0,0.0,0.01,0.01,4.03,0,1,58,6,,,,1,False,4,0.1,322096,99951,8.1,2665,False,,17.4,1,33.4,2,49.5,3,5.0,3420,228,0,0,6.0,37.4,0,6.476,5.876,7.076,0.376
2026-10-10,2026-10-10T09:24:58+00:00,2026,5,5,154566,526,Solanke,Dominic,Solanke-Mitchell,FWD,19,6,Spurs,5.8,6.0,-0.2,7,170,5,0,0,1,0,21,1.4,1.2,0.8,31973,99426,0.3762,1.17,-0.7938,6.1,8.4,17.5,37.0,a,,,,,2.0,0.3,2.0,2.0,2,2,0,1,0,0,0,0,0,0.56,0.01,0.57,2.57,9,2,5,2,1.0,,,0,False,201,0.0,4426,10375,-48.5,-154,False,,-67.6,-3,-100.5,-5,-133.5,-5,5.0,1292,53,0,0,1.4,9.2,0,5.418,4.83,6.006,-0.382
2026-10-10,2026-10-10T09:24:58+00:00,2026,5,5,155405,408,Phillips,Kalvin,Phillips,MID,15,43,Man City,5.0,5.0,0.0,0,0,0,0,0,0,0,0,0.0,0.0,0.0,0,581,0.0,0.0068,-0.0068,0.0,0.0,0.0,0.0,u,Has joined Sheffield United on loan for the rest of the season,2026-08-18T14:11:56.348781Z,0.0,0.0,0.0,0.0,0.0,0.0,0,0,0,0,0,0,0,0,0,0.0,0.0,0.0,0.0,0,0,0,0,,,,0,False,640,0.0,0,22,0.0,0,False,,0.0,0,0.0,0,0.0,0,5.0,0,0,0,0,0.0,0.0,0,5.025,4.437,5.613,0.025
2026-10-10,2026-10-10T09:24:58+00:00,2026,5,5,155408,71,Cook,Lewis,Cook,MID,3,91,Bournemouth,5.0,5.0,0.0,8,180,5,0,0,2,0,25,1.6,1.6,0.2,13284,14801,0.1563,0.1742,-0.0179,2.8,11.8,15.8,0.0,a,,,,,0.5,0.1,0.5,0.5,1,2,0,1,0,0,0,1,0,0.0,0.01,0.01,4.2,14,1,6,7,,,,0,False,361,0.0,450,2020,-32.4,-40,False,,-57.0,-3,-99.6,-4,-142.1,-5,5.0,1368,61,0,0,1.6,12.2,0,4.92,4.331,5.508,-0.08
2026-10-10,2026-10-10T09:24:58+00:00,2026,5,5,155465,629,Zetterer,Michael,Zetterer,GK,13,2,Leeds,4.0,4.0,0.0,0,0,0,0,0,0,0,0,0.0,0.0,0.7,61169,15403,0.7198,0.1813,0.5385,0.0,0.0,0.0,0.0,a,,,,,0.0,0.0,0.0,0.0,0,0,0,0,0,0,0,0,0,0.0,0.0,0.0,0.0,0,0,0,0,,,,0,False,216,0.0,5729,4028,2.5,9,False,,2.6,1,2.7,1,2.9,1,5.0,0,0,0,0,0.0,0.0,0,4.0,3.412,4.587,0.0
2026-10-10,2026-10-10T09:24:58+00:00,2026,5,5,155503,352,Woodman,Freddie,Woodman,GK,14,14,Liverpool,4.0,4.0,0.0,0,0,0,0,0,0,0,0,0.0,0.0,1.0,19058,28920,0.2243,0.3403,-0.1161,0.0,0.0,0.0,0.0,a,,,,,0.0,0.0,0.0,0.0,0,0,0,0,0,0,0,0,0,0.0,0.0,0.0,0.0,0,0,0,0,,,,0,False,177,0.0,1564,4062,-37.1,-16,False,,-38.6,-2,-41.3,-3,-43.9,-3,5.0,0,0,0,0,0.0,0.0,0,4.117,3.529,4.706,0.117
2026-10-10,2026-10-10T09:24:58+00:00,2026,5,5,158499,75,Christie,Ryan,Christie,MID,3,91,Bournemouth,5.0,5.0,0.0,5,102,4,0,0,0,0,15,1.2,1.0,0.0,4121,2417,0.0485,0.0284,0.0201,5.2,9.4,17.1,31.0,a,,2026-07-24T17:30:10.035483Z,100.0,100.0,1.5,0.3,1.5,1.5,2,1,0,2,0,0,0,0,0,0.5,0.13,0.63,1.64,14,1,10,3,,,,0,False,517,0.0,866,472,0.6,30,False,,0.9,1,1.4,1,1.9,1,5.0,775,38,0,0,1.2,7.6,0,4.875,4.287,5.463,-0.125
2026-10-10,2026-10-10T09:24:58+00:00,2026,5,5,158983,374,Endo,Endo,Wataru,MID,14,14,Liverpool,4.9,5.0,-0.1,0,0,0,0,0,0,0,0,0.0,0.0,0.1,2380,4945,0.028,0.0582,-0.0302,0.0,0.0,0.0,0.0,a,,2026-07-23T12:01:23.612529Z,100.0,100.0,0.0,0.0,0.0,0.0,0,0,0,0,0,0,0,0,0,0.0,0.0,0.0,0.0,0,0,0,0,,,,0,False,478,0.0,217,579,-74.9,0,False,,-74.9,-3,-74.9,-3,-74.9,-3,5.0,0,0,0,0,0.0,0.0,0,4.887,4.3,5.475,-0.013
2026-10-10,2026-10-10T09:24:58+00:00,2026,5,5,159506,473,Aina,Ola,Aina,DEF,18,17,Nott'm Forest,4.4,4.5,-0.1,8,306,4,0,0,1,0,45,2.0,1.8,2.1,70654,193889,0.8314,2.2816,-1.4502,12.7,58.2,53.3,15.0,a,,,,,1.0,0.2,1.0,1.0,0,4,0,3,0,0,0,2,0,0.04,0.53,0.57,3.72,22,10,14,12,,,,0,False,123,-0.1,2541,44102,-17.4,-650,False,,-34.8,-2,-64.8,-3,-94.9,-3,5.0,2326,61,0,0,2.0,13.8,0,4.36,3.773,4.947,-0.04
2026-10-10,2026-10-10T09:24:58+00:00,2026,5,5,160817,285,McNair,Paddy,McNair,DEF,11,88,Hull City,4.0,4.0,0.0,1,26,1,0,0,0,0,3,1.0,0.2,0.1,3300,5109,0.0388,0.0601,-0.0213,0.4,4.2,0.0,0.0,a,,2026-09-09T13:30:08.327907Z,100.0,100.0,0.0,0.0,0.0,0.0,0,0,0,0,0,0,0,0,0,0.0,0.0,0.0,0.96,2,0,1,2,,,,0,False,400,0.0,347,800,-52.0,-2,False,,-54.1,-3,-57.6,-3,-61.2,-3,5.0,198,8,0,0,1.0,1.9,0,4.028,3.441,4.615,0.028
2026-10-10,2026-10-10T09:24:58+00:00,2026,5,5,166477,258,Castagne,Timothy,Castagne,DEF,10,54,Fulham,4.5,4.5,0.0,20,408,5,0,2,2,0,64,4.0,4.4,1.3,131312,51350,1.5452,0.6043,0.9409,20.6,90.4,58.6,57.0,a,,,,,3.5,0.8,3.5,3.5,1,5,0,7,0,0,0,2,0,0.67,0.39,1.06,6.81,29,6,18,23,,,,0,False,162,0.0,54670,12621,26.4,1639,False,,41.9,3,68.6,3,95.4,4,5.0,3101,152,0,15,4.0,33.8,0,5.358,4.765,5.95,0.858
2026-10-10,2026-10-10T09:24:58+00:00,2026,5,5,166989,43,Tielemans,Youri,Tielemans,MID,16,1,Man Utd,5.8,6.0,-0.2,14,402,5,0,0,0,0,93,2.8,2.4,1.4,47392,168342,0.5577,1.981,-1.4233,24.4,87.2,112.6,43.0,a,,2026-07-23T12:01:23.321726Z,100.0,100.0,3.0,0.5,3.0,3.0,4,5,0,8,0,0,0,0,0,0.65,0.52,1.17,6.16,43,7,25,11,3.0,,,0,False,153,0.0,5945,17718,-53.3,-234,False,,-69.4,-3,-97.1,-4,-124.8,-5,5.0,3055,106,0,0,2.8,18.3,0,5.526,4.938,6.115,-0.274
2026-10-10,2026-10-10T09:24:58+00:00,2026,5,5,167074,256,Tete,Kenny,Tete,DEF,10,54,Fulham,4.4,4.5,-0.1,0,27,1,0,0,0,0,-1,0.0,0.0,0.2,1587,10962,0.0187,0.129,-0.1103,0.4,1.6,0.3,2.0,a,,2026-09-18T12:30:09.546158Z,0.0,100.0,0.0,0.0,0.0,0.0,0,0,0,0,0,0,0,1,0,0.0,0.0,0.0,0.65,3,0,0,3,,,,0,False,347,0.0,256,1517,-5.4,-9,False,,-10.4,-1,-19.2,-1,-28.0,-2,5.0,205,0,0,0,0.0,0.0,0,4.18,3.593,4.768,-0.22
2026-10-10,2026-10-10T09:24:58+00:00,2026,5,5,167512,539,O'Nien,Luke,O'Nien,DEF,20,56,Sunderland,3.9,4.0,-0.1,1,66,1,0,0,0,0,1,1.0,0.3,2.6,46944,136335,0.5524,1.6043,-1.0519,1.7,11.4,1.4,4.0,a,,,,,0.0,0.0,0.0,0.0,0,1,0,1,0,0,0,1,0,0.01,0.01,0.02,1.69,5,1,4,4,,,,0,False,109,-0.1,32201,26435,5.3,77,False,,6.0,1,7.3,1,8.5,1,5.0,502,8,0,0,1.0,1.9,0,4.019,3.432,4.606,0.119
2026-10-10,2026-10-10T09:24:58+00:00,2026,5,5,167825,273,Phillips,Dillon,Phillips,GK,11,88,Hull City,4.0,4.0,0.0,0,0,0,0,0,0,0,0,0.0,0.0,1.4,32803,42686,0.386,0.5023,-0.1163,0.0,0.0,0.0,0.0,a,,,,,0.0,0.0,0.0,0.0,0,0,0,0,0,0,0,0,0,0.0,0.0,0.0,0.0,0,0,0,0,,,,0,False,155,0.0,6678,7803,-33.8,-29,False,,-35.8,-2,-39.3,-2,-42.8,-3,5.0,0,0,0,0,0.0,0.0,0,4.011,3.424,4.599,0.011
2026-10-10,2026-10-10T09:24:58+00:00,2026,5,5,168144,184,Grimes,Matt,Grimes,MID,7,9,Coventry City,4.9,5.0,-0.1,11,443,5,0,0,1,0,62,2.2,2.2,0.1,4278,12255,0.0503,0.1442,-0.0939,11.8,64.4,48.0,6.0,a,,,,,2.5,0.5,2.5,2.5,3,5,0,9,0,0,0,0,0,0.12,0.13,0.25,8.42,38,9,16,13,3.0,,1.0,0,False,403,0.0,381,1864,-52.5,-15,False,,-65.6,-3,-88.2,-3,-110.8,-5,5.0,3367,84,0,0,2.2,17.1,0,4.807,4.219,5.395,-0.093
2026-10-10,2026-10-10T09:24:58+00:00,2026,5,5,168636,80,Enes Ünal,Enes,Ünal,FWD,3,91,Bournemouth,5.5,5.5,0.0,0,0,0,0,0,0,0,0,0.0,0.0,0.0,0,2009,0.0,0.0236,-0.0236,0.0,0.0,0.0,0.0,u,Has joined Getafe permanently,2026-08-14T14:14:21.881112Z,0.0,0.0,0.0,0.0,0.0,0.0,0,0,0,0,0,0,0,0,0,0.0,0.0,0.0,0.0,0,0,0,0,,,,0,False,589,0.0,0,77,0.0,-1,False,,0.0,0,0.0,0,0.0,0,5.0,0,0,0,0,0.0,0.0,0,5.079,4.489,5.668,-0.421
2026-10-10,2026-10-10T09:24:58+00:00,2026,5,5,169359,556,Targett,Matt,Targett,DEF,11,88,Hull City,4.0,4.0,0.0,1,5,1,0,0,0,0,3,1.0,0.2,1.5,24894,99188,0.2929,1.1672,-0.8743,0.0,0.4,0.0,0.0,i,Ankle injury - Unknown return date,2026-09-17T14:00:26.419938Z,75.0,0.0,0.0,0.0,0.0,0.0,0,0,0,0,0,0,0,0,0,0.0,0.0,0.0,0.07,0,0,1,0,,,,0,False,145,0.0,170,21912,-68.8,-539,False,,-81.5,-3,-103.4,-5,-125.3,-5,5.0,38,8,0,0,1.0,1.9,0,4.067,3.48,4.654,0.067
2026-10-10,2026-10-10T09:24:58+00:00,2026,5,5,169432,295,McBurnie,Oli,McBurnie,FWD,11,88,Hull City,5.5,5.5,0.0,13,441,5,0,2,3,0,52,2.6,2.4,1.9,200049,168048,2.3541,1.9775,0.3766,23.0,47.2,69.1,114.0,a,,,,,2.5,0.5,2.5,2.5,1,5,0,4,0,0,0,3,0,1.23,0.13,1.36,7.21,21,3,9,9,1.0,,,0,False,130,0.0,19063,32701,29.0,-150,False,,27.6,2,25.2,2,22.7,2,5.0,3352,99,0,15,2.6,18.0,0,5.765,5.172,6.358,0.265
2026-10-10,2026-10-10T09:24:58+00:00,2026,5,5,169528,254,Robinson,Antonee,Robinson,DEF,10,54,Fulham,4.5,4.5,0.0,12,429,5,0,0,1,0,65,2.4,2.7,1.4,79499,91702,0.9355,1.0791,-0.1436,21.8,93.6,106.7,18.0,d,Ankle injury - 75% chance of playing,2026-10-09T11:30:11.109085Z,,75.0,4.0,0.9,4.0,3.0,2,5,0,8,0,0,0,0,0,0.26,0.3,0.56,9.08,31,13,20,18,2.0,,,0,False,149,0.0,37014,27727,-4.8,-318,False,,-16.4,-1,-36.5,-2,-56.6,-3,5.0,3260,91,0,0,2.4,20.3,0,4.416,3.829,5.003,-0.084
2026-10-10,2026-10-10T09:24:58+00:00,2026,5,5,169593,555,Matthews,Remi,Matthews,GK,8,31,Crystal Palace,4.0,4.0,0.0,0,0,0,0,0,0,0,0,0.0,0.0,1.7,24750,33723,0.2912,0.3968,-0.1056,0.0,0.0,0.0,0.0,a,,,,,0.0,0.0,0.0,0.0,0,0,0,0,0,0,0,0,0,0.0,0.0,0.0,0.0,0,0,0,0,,,,0,False,135,0.0,2566,5283,-11.2,-7,False,,-11.6,-1,-12.3,-1,-13.0,-1,5.0,0,0,0,0,0.0,0.0,0,4.002,3.414,4.59,0.002
2026-10-10,2026-10-10T09:24:58+00:00,2026,5,5,171270,288,Dowell,Kieran,Dowell,MID,11,88,Hull City,4.4,4.5,-0.1,0,0,0,0,0,0,0,0,0.0,0.0,0.3,12789,23303,0.1505,0.2742,-0.1237,0.0,0.0,0.0,0.0,a,,,,,0.0,0.0,0.0,0.0,0,0,0,0,0,0,0,0,0,0.0,0.0,0.0,0.0,0,0,0,0,,,,0,False,296,-0.1,1032,3720,-7.8,-36,False,,-15.1,-1,-27.7,-2,-40.4,-3,5.0,0,0,0,0,0.0,0.0,0,4.507,3.92,5.094,0.107
2026-10-10,2026-10-10T09:24:58+00:00,2026,5,5,171287,359,Gomez,Joe,Gomez,DEF,14,14,Liverpool,4.9,5.0,-0.1,0,0,0,0,0,0,0,0,0.0,0.0,0.0,902,1214,0.0106,0.0143,-0.0037,0.0,0.0,0.0,0.0,a,,2026-07-26T08:30:10.078473Z,100.0,100.0,0.0,0.0,0.0,0.0,0,0,0,0,0,0,0,0,0,0.0,0.0,0.0,0.0,0,0,0,0,,,,0,False,557,0.0,482,150,0.1,7,False,,0.2,1,0.3,1,0.4,1,5.0,0,0,0,0,0.0,0.0,0,4.631,4.043,5.219,-0.269
2026-10-10,2026-10-10T09:24:58+00:00,2026,5,5,171314,390,Rúben,Rúben,dos Santos Gato Alves Dias,DEF,15,43,Man City,5.5,5.5,0.0,17,450,5,0,0,2,0,72,3.4,3.1,1.9,70309,80702,0.8274,0.9497,-0.1223,18.7,94.2,47.3,46.0,a,,,,,3.5,0.6,3.5,3.5,1,5,0,5,0,0,0,0,0,0.29,0.74,1.03,7.25,26,1,16,25,,,,0,False,129,0.0,7721,15900,3.4,-105,False,,2.4,1,0.7,1,-5.7,-1,5.0,3420,129,0,0,3.4,23.5,0,5.268,4.68,5.857,-0.232
2026-10-10,2026-10-10T09:24:58+00:00,2026,5,5,172453,319,Szmodics,Sam,Szmodics,MID,12,40,Ipswich Town,5.0,5.0,0.0,0,0,0,0,0,0,0,0,0.0,0.0,0.0,0,776,0.0,0.0091,-0.0091,0.0,0.0,0.0,0.0,u,Has joined Derby County on loan for the rest of the season,2026-08-17T13:51:41.713979Z,0.0,0.0,0.0,0.0,0.0,0.0,0,0,0,0,0,0,0,0,0,0.0,0.0,0.0,0.0,0,0,0,0,,,,0,False,652,0.0,0,29,0.0,0,False,,0.0,0,0.0,0,0.0,0,5.0,0,0,0,0,0.0,0.0,0,4.801,4.214,5.389,-0.199
2026-10-10,2026-10-10T09:24:58+00:00,2026,5,5,172649,198,Henderson,Dean,Henderson,GK,8,31,Crystal Palace,4.9,5.0,-0.1,5,270,3,0,0,0,0,37,1.7,1.0,1.2,55337,129034,0.6512,1.5184,-0.8672,9.6,96.8,0.0,0.0,i,Foot injury - Expected back 18 Oct,2026-09-12T14:00:09.378740Z,0.0,0.0,0.0,0.0,0.0,0.0,0,3,12,8,0,0,0,0,0,0.0,0.0,0.0,6.47,0,0,31,6,,,,0,False,164,-0.1,211,20126,-7.0,-417,False,,-14.2,-1,-26.7,-2,-39.2,-2,5.0,2052,38,0,0,1.7,7.8,0,4.485,3.896,5.074,-0.415
2026-10-10,2026-10-10T09:24:58+00:00,2026,5,5,172780,515,Maddison,James,Maddison,MID,19,6,Spurs,6.3,6.5,-0.2,3,59,3,0,0,0,0,18,1.0,0.5,0.4,6557,97927,0.0772,1.1524,-1.0752,5.6,21.8,14.5,19.0,a,,2026-08-25T14:30:07.623508Z,100.0,100.0,1.0,0.2,1.0,1.0,1,0,0,2,0,0,0,0,0,0.06,0.04,0.1,1.03,11,4,4,3,,5.0,5.0,0,False,272,0.0,1508,3674,-90.0,-83,False,,-111.2,-5,-147.8,-5,-184.4,-5,5.0,448,23,0,0,1.0,3.6,0,5.679,5.091,6.267,-0.621
2026-10-10,2026-10-10T09:24:58+00:00,2026,5,5,172850,643,Chilwell,Ben,Chilwell,DEF,8,31,Crystal Palace,4.5,4.5,0.0,8,29,2,1,0,0,0,21,4.0,1.8,0.4,43668,20965,0.5139,0.2467,0.2672,5.9,33.4,4.2,21.0,a,,,,,0.5,0.1,0.5,0.5,0,0,0,1,0,0,0,0,0,0.27,0.01,0.28,1.12,1,0,0,1,,,,0,False,265,0.0,1114,5755,-108.4,-154,False,,-144.6,-5,-207.1,-5,-269.6,-5,5.0,220,61,8,0,4.0,13.5,0,5.164,4.574,5.754,0.664
2026-10-10,2026-10-10T09:24:58+00:00,2026,5,5,173774,598,Elvedi,Nico,Elvedi,DEF,13,2,Leeds,4.5,4.5,0.0,13,326,4,0,0,1,0,56,3.2,2.9,0.1,6113,3087,0.0719,0.0363,0.0356,14.8,83.0,25.4,39.0,a,,,,,4.0,0.9,4.0,4.0,6,3,0,3,0,0,0,0,0,0.12,0.58,0.7,5.45,29,2,8,27,,,,0,False,483,0.0,998,528,0.7,-2,False,,0.7,1,0.7,1,0.7,1,5.0,2478,99,0,0,3.2,22.0,0,4.546,3.959,5.133,0.046
2026-10-10,2026-10-10T09:24:58+00:00,2026,5,5,173878,176,Dasilva,Jay,Dasilva,DEF,7,9,Coventry City,4.0,4.0,0.0,20,444,5,1,0,1,3,54,4.0,5.0,0.9,30273,26095,0.3562,0.3071,0.0492,21.5,110.6,67.7,35.0,a,,,,,7.5,1.9,7.5,7.5,15,5,0,10,0,0,0,0,0,0.5,0.52,1.02,8.63,23,4,14,19,,,,1,False,194,0.0,20990,5129,0.4,340,False,,3.6,1,9.1,1,14.6,1,5.0,3374,152,8,0,4.0,38.0,0,5.061,4.469,5.652,1.061
2026-10-10,2026-10-10T09:24:58+00:00,2026,5,5,173879,56,Abraham,Tammy,Abraham,FWD,2,7,Aston Villa,5.5,5.5,0.0,4,71,4,0,0,0,0,13,1.0,0.7,0.2,17410,14197,0.2049,0.1671,0.0378,1.1,3.2,6.2,2.0,a,,2026-08-15T16:00:07.558543Z,100.0,100.0,1.0,0.2,1.0,1.0,1,0,0,3,0,0,0,0,0,0.0,0.0,0.0,2.69,2,1,1,0,,,,0,False,335,0.0,3362,3021,4.0,25,False,,4.2,1,4.7,1,5.1,1,5.0,540,30,0,0,1.0,5.5,0,5.099,4.51,5.687,-0.401
2026-10-10,2026-10-10T09:24:58+00:00,2026,5,5,174594,347,Nmecha,Lukas,Nmecha,FWD,13,2,Leeds,5.4,5.5,-0.1,7,64,4,0,1,0,0,28,1.8,1.3,0.4,23694,39823,0.2788,0.4686,-0.1898,5.7,20.4,22.4,15.0,a,,,,,1.0,0.2,1.0,1.0,1,0,0,1,0,0,0,0,0,0.27,0.15,0.42,2.9,4,1,3,0,2.0,,,0,False,259,0.0,3500,6402,-40.4,-71,False,,-56.1,-3,-83.2,-3,-110.3,-5,5.0,486,53,0,8,1.8,9.9,0,5.534,4.945,6.123,0.134
2026-10-10,2026-10-10T09:24:58+00:00,2026,5,5,174874,253,Andersen,Joachim,Andersen,DEF,10,54,Fulham,5.0,5.0,0.0,3,190,3,0,0,0,0,12,1.0,0.6,0.2,19554,10514,0.2301,0.1237,0.1064,9.6,52.2,35.8,8.0,a,,2026-07-23T12:01:23.516350Z,100.0,100.0,0.5,0.1,0.5,0.5,1,2,0,5,0,0,0,1,0,0.0,0.1,0.1,4.35,20,2,9,18,,,,0,False,334,0.0,7680,2404,2.3,145,False,,3.6,1,6.0,1,8.4,1,5.0,1444,23,0,0,1.0,4.6,0,4.492,3.905,5.08,-0.508
2026-10-10,2026-10-10T09:24:58+00:00,2026,5,5,176297,429,Rashford,Marcus,Rashford,MID,16,1,Man Utd,6.9,7.0,-0.1,10,351,5,0,0,1,0,58,2.0,1.4,1.3,86519,143649,1.0181,1.6904,-0.6723,37.3,53.4,163.2,157.0,d,Unspecified injury - 75% chance of playing,2026-09-21T10:30:09.221479Z,,75.0,2.0,0.3,2.0,1.5,2,4,0,3,0,0,0,0,0,0.78,0.43,1.21,4.5,18,4,10,4,,3.0,,0,False,158,-0.1,5490,32568,-11.7,-718,False,,-28.7,-2,-57.9,-3,-87.2,-3,5.0,2668,76,0,0,2.0,11.0,0,6.013,5.425,6.602,-0.887
2026-10-10,2026-10-10T09:24:58+00:00,2026,5,5,176412,193,Wright,Haji,Wright,FWD,7,9,Coventry City,5.3,5.5,-0.2,0,0,0,0,0,0,0,0,0.0,0.0,0.1,639,12879,0.0075,0.1516,-0.144,0.0,0.0,0.0,0.0,i,Thigh injury - Unknown return date,2026-08-14T22:00:07.214508Z,0.0,0.0,0.0,0.0,0.0,0.0,0,0,0,0,0,0,0,0,0,0.0,0.0,0.0,0.0,0,0,0,0,1.0,,,0,False,475,-0.1,72,953,-6.4,-20,False,,-12.9,-1,-24.2,-2,-35.5,-2,5.0,0,0,0,0,0.0,0.0,0,5.011,4.423,5.599,-0.289
2026-10-10,2026-10-10T09:24:58+00:00,2026,5,5,176420,308,Furlong,Darnell,Furlong,DEF,12,40,Ipswich Town,3.9,4.0,-0.1,1,17,1,0,0,0,0,-1,1.0,0.3,0.6,21738,22349,0.2558,0.263,-0.0072,0.6,5.0,0.5,0.0,a,,,,,0.0,0.0,0.0,0.0,0,0,0,1,0,0,0,0,0,0.0,0.0,0.0,0.86,3,1,0,2,,,,0,False,228,0.0,9101,5572,2.1,-53,False,,1.6,1,0.8,1,-1.4,-1,5.0,129,8,0,0,1.0,1.9,0,4.023,3.435,4.61,0.123
2026-10-10,2026-10-10T09:24:58+00:00,2026,5,5,177815,346,Calvert-Lewin,Dominic,Calvert-Lewin,FWD,13,2,Leeds,6.0,6.0,0.0,22,419,5,2,1,3,4,73,4.4,3.7,22.8,1095960,1602636,12.8967,18.8589,-5.9623,28.2,104.0,29.6,153.0,a,,,,,6.0,1.0,6.0,6.0,2,5,0,2,0,0,0,3,0,3.0,0.08,3.08,4.85,22,0,13,9,1.0,,,0,False,13,0.0,179331,449694,26.2,-9016,False,,-26.9,-2,-93.8,-3,-160.7,-5,5.0,3184,167,15,8,4.4,27.9,0,7.329,6.739,7.919,1.329
2026-10-10,2026-10-10T09:24:58+00:00,2026,5,5,178301,55,Watkins,Ollie,Watkins,FWD,2,7,Aston Villa,7.8,8.0,-0.2,0,0,0,0,0,0,0,0,0.0,0.0,2.4,14882,766136,0.1751,9.0155,-8.8403,0.0,0.0,0.0,0.0,u,Has joined Al Hilal permanently,2026-09-01T13:15:16.698799Z,0.0,0.0,0.0,0.0,0.0,0.0,0,0,0,0,0,0,0,0,0,0.0,0.0,0.0,0.0,0,0,0,0,,,,0,False,113,0.0,0,18755,0.0,-376,False,,0.0,0,0.0,0,0.0,0,5.0,0,0,0,0,0.0,0.0,0,6.507,5.915,7.1,-1.293
2026-10-10,2026-10-10T09:24:58+00:00,2026,5,5,180135,339,Longstaff,Sean,Longstaff,MID,13,2,Leeds,4.8,5.0,-0.2,2,10,2,0,0,0,0,7,1.0,0.4,0.1,2718,8671,0.032,0.102,-0.0701,0.0,0.0,0.2,0.0,a,,,,,0.5,0.1,0.5,0.5,0,0,0,1,0,0,0,0,0,0.0,0.0,0.0,0.35,0,0,0,0,,3.0,3.0,0,False,440,-0.1,345,1187,-7.6,-24,False,,-25.4,-2,-56.0,-3,-86.7,-3,5.0,76,15,0,0,1.0,3.2,0,4.801,4.214,5.388,0.001
2026-10-10,2026-10-10T09:24:58+00:00,2026,5,5,180736,143,Chalobah,Trevoh,Chalobah,DEF,6,8,Chelsea,5.5,5.5,0.0,0,0,0,0,0,0,0,0,0.0,0.0,0.1,0,14063,0.0,0.1655,-0.1655,0.0,0.0,0.0,0.0,u,Has joined Como permanently,2026-08-10T14:03:50.769483Z,0.0,0.0,0.0,0.0,0.0,0.0,0,0,0,0,0,0,0,0,0,0.0,0.0,0.0,0.0,0,0,0,0,,,,0,False,469,0.0,0,433,0.0,-3,False,,0.0,0,0.0,0,0.0,0,5.0,0,0,0,0,0.0,0.0,0,4.931,4.342,5.519,-0.569
2026-10-10,2026-10-10T09:24:58+00:00,2026,5,5,180974,458,Joelinton,Joelinton Cássio,Apolinário de Lira,MID,17,4,Newcastle,5.4,5.5,-0.1,0,0,0,0,0,0,0,0,0.0,0.0,0.0,249,2294,0.0029,0.027,-0.0241,0.0,0.0,0.0,0.0,d,Unspecified injury - 75% chance of playing,2026-08-16T08:00:08.074045Z,0.0,75.0,0.0,0.0,0.0,0.0,0,0,0,0,0,0,0,0,0,0.0,0.0,0.0,0.0,0,0,0,0,,,,0,False,579,0.0,38,132,0.0,0,False,2026-10-16T14:00:12.032649Z,0.0,0,0.0,0,0.0,0,5.0,0,0,0,0,0.0,0.0,0,5.067,4.479,5.655,-0.333
2026-10-10,2026-10-10T09:24:58+00:00,2026,5,5,183015,303,Kipré,Cédric,Kipré,DEF,12,40,Ipswich Town,3.9,4.0,-0.1,0,0,0,0,0,0,0,0,0.0,0.0,0.9,52456,32159,0.6173,0.3784,0.2388,0.0,0.0,0.0,0.0,a,,,,,0.0,0.0,0.0,0.0,0,0,0,0,0,0,0,0,0,0.0,0.0,0.0,0.0,0,0,0,0,,,,0,False,188,0.0,7835,7412,3.2,-39,False,,2.8,1,2.2,1,1.5,1,5.0,0,0,0,0,0.0,0.0,0,3.999,3.412,4.587,0.099
2026-10-10,2026-10-10T09:24:58+00:00,2026,5,5,183656,103,Dasilva,Josh,Dasilva,MID,4,94,Brentford,4.9,5.0,-0.1,0,0,0,0,0,0,0,0,0.0,0.0,0.0,411,2034,0.0048,0.0239,-0.0191,0.0,0.0,0.0,0.0,i,Hamstring injury - Expected back 10 Oct,2026-09-04T13:30:08.371955Z,0.0,0.0,0.0,0.0,0.0,0.0,0,0,0,0,0,0,0,0,0,0.0,0.0,0.0,0.0,0,0,0,0,,,,0,False,601,0.0,20,189,-84.0,-3,False,,-91.7,-3,-104.9,-5,-118.2,-5,5.0,0,0,0,0,0.0,0.0,0,4.73,4.141,5.319,-0.17
2026-10-10,2026-10-10T09:24:58+00:00,2026,5,5,184029,15,Ødegaard,Martin,Ødegaard,MID,1,3,Arsenal,6.8,6.5,0.3,29,377,5,2,0,3,6,137,5.8,4.3,20.3,1791740,646673,21.0842,7.6097,13.4745,36.2,121.8,166.9,73.0,a,,,,,2.5,0.4,2.5,2.5,2,5,0,4,0,0,0,0,0,1.08,1.32,2.4,3.23,23,6,12,5,3.0,4.0,,1,False,17,0.0,236020,187224,38.0,5559,False,,90.5,3,181.1,5,271.8,5,5.0,2865,220,15,0,5.8,32.4,0,7.628,7.035,8.221,0.828
2026-10-10,2026-10-10T09:24:58+00:00,2026,5,5,184254,494,Vicario,Guglielmo,Vicario,GK,19,6,Spurs,4.5,4.5,0.0,0,0,0,0,0,0,0,0,0.0,0.0,0.1,0,22535,0.0,0.2652,-0.2652,0.0,0.0,0.0,0.0,u,Has joined Juventus on loan for the rest of the season,2026-08-19T13:55:33.193962Z,0.0,0.0,0.0,0.0,0.0,0.0,0,0,0,0,0,0,0,0,0,0.0,0.0,0.0,0.0,0,0,0,0,,,,0,False,389,0.0,0,1152,0.0,-19,False,,0.0,0,0.0,0,0.0,0,5.0,0,0,0,0,0.0,0.0,0,4.325,3.736,4.913,-0.175
2026-10-10,2026-10-10T09:24:58+00:00,2026,5,5,184341,430,Mount,Mason,Mount,MID,16,1,Man Utd,5.4,5.5,-0.1,1,10,1,0,0,0,0,3,1.0,0.2,0.0,1006,2050,0.0118,0.0241,-0.0123,0.7,0.6,1.1,5.0,a,,2026-08-15T16:00:07.879135Z,100.0,100.0,0.5,0.1,0.5,0.5,1,0,0,0,0,0,0,0,0,0.09,0.01,0.1,0.0,1,0,1,0,,4.0,,0,False,527,0.0,278,274,0.1,-1,False,,0.1,1,0.1,1,0.0,0,5.0,76,8,0,0,1.0,1.4,0,5.18,4.592,5.767,-0.22
2026-10-10,2026-10-10T09:24:58+00:00,2026,5,5,184349,269,Sessegnon,Ryan,Sessegnon,DEF,10,54,Fulham,4.3,4.5,-0.2,3,50,3,0,0,0,0,13,1.0,0.7,0.3,3444,20179,0.0405,0.2375,-0.1969,7.5,17.2,26.3,31.0,a,,2026-09-14T11:30:07.403957Z,75.0,100.0,0.0,0.0,0.0,0.0,0,0,0,1,0,0,0,0,0,0.13,0.44,0.57,1.8,3,1,3,2,,,3.0,0,False,304,-0.1,1001,2481,-2.3,4,False,,-1.4,-1,0.0,0,0.1,1,5.0,380,23,0,0,1.0,5.3,0,4.292,3.704,4.879,-0.008
2026-10-10,2026-10-10T09:24:58+00:00,2026,5,5,184667,37,Lindelöf,Victor,Lindelöf,DEF,2,7,Aston Villa,4.5,4.5,0.0,8,450,5,0,0,1,0,28,1.6,1.8,0.3,16578,15899,0.1951,0.1871,0.008,14.9,74.4,37.3,37.0,a,,,,,1.0,0.2,1.0,1.0,1,5,0,9,1,0,0,0,0,0.44,0.17,0.61,9.22,22,1,7,21,,,,0,False,285,0.0,2978,2876,1.4,45,False,,1.8,1,2.5,1,3.3,1,5.0,3420,61,0,0,1.6,13.5,0,4.198,3.608,4.787,-0.302
2026-10-10,2026-10-10T09:24:58+00:00,2026,5,5,191866,87,Ajer,Kristoffer,Ajer,DEF,4,94,Brentford,4.5,4.5,0.0,21,450,5,0,0,2,1,73,4.2,4.7,3.7,335030,309266,3.9425,3.6393,0.3032,18.8,104.2,34.0,49.0,a,,,,,4.0,0.9,4.0,4.0,7,5,0,4,0,0,0,1,0,0.13,0.08,0.21,6.32,50,4,11,46,,,,0,False,92,0.0,29543,55574,35.7,51,False,,36.2,2,37.0,2,37.8,2,5.0,3420,160,0,0,4.2,35.5,0,4.761,4.17,5.353,0.261
2026-10-10,2026-10-10T09:24:58+00:00,2026,5,5,193278,280,Coyle,Lewie,Coyle,DEF,11,88,Hull City,4.0,4.0,0.0,14,348,5,0,0,2,0,49,2.8,3.5,0.7,29636,28017,0.3487,0.3297,0.0191,6.5,24.0,29.9,11.0,a,,2026-08-29T16:30:08.151841Z,100.0,100.0,1.0,0.2,1.0,1.0,1,5,0,4,0,0,0,1,0,0.13,0.07,0.2,6.22,11,3,11,8,,,,0,False,220,0.0,4064,4209,0.1,-22,False,,-1.0,-1,-6.8,-1,-12.6,-1,5.0,2645,106,0,0,2.8,26.6,0,4.348,3.76,4.936,0.348
2026-10-10,2026-10-10T09:24:58+00:00,2026,5,5,194010,89,Henry,Rico,Henry,DEF,4,94,Brentford,4.4,4.5,-0.1,1,2,1,0,0,0,0,3,1.0,0.2,0.2,2086,9083,0.0245,0.1069,-0.0823,0.0,0.0,0.0,0.0,a,,,,,0.0,0.0,0.0,0.0,0,0,0,0,0,0,0,0,0,0.0,0.0,0.0,0.0,0,0,0,0,,,,0,False,343,0.0,262,1085,-24.6,-8,False,,-28.8,-2,-35.9,-2,-43.0,-3,5.0,15,8,0,0,1.0,1.7,0,4.243,3.654,4.832,-0.157
2026-10-10,2026-10-10T09:24:58+00:00,2026,5,5,195384,17,Merino,Mikel,Merino Zazón,MID,1,3,Arsenal,5.7,6.0,-0.3,4,81,5,0,0,0,0,19,0.8,0.7,0.4,12527,49355,0.1474,0.5808,-0.4334,3.0,10.0,4.2,16.0,a,,,,,1.0,0.2,1.0,1.0,1,0,0,0,0,0,0,1,0,0.14,0.15,0.29,0.96,10,0,9,1,,,,0,False,270,-0.1,3790,4065,1.0,120,False,,2.1,1,4.1,1,6.0,1,5.0,616,30,0,0,0.8,5.3,0,5.378,4.79,5.966,-0.322
2026-10-10,2026-10-10T09:24:58+00:00,2026,5,5,195546,41,Buendía,Emiliano,Buendía Stati,MID,2,7,Aston Villa,5.9,6.0,-0.1,21,401,5,1,0,1,3,73,4.2,3.6,1.2,81203,102833,0.9556,1.2101,-0.2545,19.6,66.0,80.5,59.0,a,,,,,7.0,1.2,7.0,7.0,12,5,0,8,0,0,0,0,0,0.92,0.24,1.16,7.86,34,9,20,5,1.0,1.0,2.0,1,False,165,0.0,33219,11688,3.2,757,False,,10.4,1,22.7,2,35.1,2,5.0,3048,160,8,0,4.2,27.1,0,6.151,5.561,6.741,0.251
2026-10-10,2026-10-10T09:24:58+00:00,2026,5,5,196100,584,Hamer,Gustavo,Hamer,MID,7,9,Coventry City,5.3,5.5,-0.2,3,32,3,0,0,0,0,6,1.0,0.6,0.1,825,6803,0.0097,0.0801,-0.0703,0.3,0.6,1.8,0.0,a,,,,,0.0,0.0,0.0,0.0,0,0,0,1,0,0,0,0,0,0.0,0.02,0.02,0.82,3,1,2,0,,,4.0,0,False,432,-0.1,75,796,-3.8,-24,False,,-20.2,-2,-48.4,-3,-76.6,-3,5.0,243,23,0,0,1.0,4.3,0,5.073,4.486,5.661,-0.227
2026-10-10,2026-10-10T09:24:58+00:00,2026,5,5,198869,10,White,Benjamin,White,DEF,1,3,Arsenal,5.4,5.5,-0.1,21,315,4,0,1,2,3,78,5.2,3.9,4.4,460543,622829,5.4194,7.3291,-1.9097,15.2,69.6,53.0,29.0,a,,2026-09-20T19:30:08.247780Z,100.0,100.0,0.5,0.1,0.5,0.5,0,4,0,1,0,0,0,0,0,0.18,0.29,0.47,1.15,18,6,9,12,,,,0,False,80,-0.1,7785,124048,-4.6,-1471,False,,-23.9,-2,-57.3,-3,-90.6,-3,5.0,2394,160,0,8,5.2,29.6,0,5.767,5.176,6.357,0.367
2026-10-10,2026-10-10T09:24:58+00:00,2026,5,5,199598,338,Ampadu,Ethan,Ampadu,MID,13,2,Leeds,5.4,5.5,-0.1,21,450,5,0,1,2,0,87,4.2,3.9,0.9,20728,67399,0.2439,0.7931,-0.5492,16.1,88.6,67.1,5.0,a,,,,,6.0,1.1,6.0,6.0,5,5,0,3,0,0,0,0,0,0.08,0.26,0.34,6.46,60,12,24,24,,,,0,False,193,0.0,4295,11720,-47.3,-250,False,,-75.8,-3,-124.9,-5,-174.1,-5,5.0,3420,160,0,8,4.2,29.6,0,5.718,5.129,6.307,0.318
2026-10-10,2026-10-10T09:24:58+00:00,2026,5,5,199796,32,Cash,Matty,Cash,DEF,2,7,Aston Villa,4.4,4.5,-0.1,6,296,4,0,0,1,0,16,1.5,1.4,4.6,98767,447960,1.1622,5.2713,-4.1091,7.2,36.4,22.3,13.0,a,,2026-09-09T14:30:08.192142Z,100.0,100.0,-0.5,-0.1,-0.5,-0.5,-1,3,0,7,0,0,0,2,0,0.15,0.04,0.19,5.95,17,6,2,11,,,3.0,0,False,78,0.0,6116,53971,-38.4,-688,False,,-53.2,-3,-78.8,-3,-104.5,-5,5.0,2250,46,0,0,1.5,10.4,0,4.301,3.713,4.889,-0.099
2026-10-10,2026-10-10T09:24:58+00:00,2026,5,5,199798,31,Konsa,Ezri,Konsa Ngoyo,DEF,1,3,Arsenal,4.6,4.5,0.1,12,281,4,0,0,1,0,36,3.0,2.6,17.2,1503763,879973,17.6955,10.355,7.3404,7.3,45.0,14.0,14.0,d,Unspecified injury - 75% chance of playing,2026-10-05T09:30:09.853316Z,,75.0,3.5,0.8,3.5,2.6,1,3,0,4,0,0,0,0,0,0.23,0.02,0.25,3.5,23,5,9,18,,,,0,False,23,0.1,130456,288865,-16.6,-7929,False,,-41.1,-3,-83.3,-3,-125.5,-5,5.0,2136,91,0,0,3.0,19.8,0,4.924,4.336,5.513,0.324
2026-10-10,2026-10-10T09:24:58+00:00,2026,5,5,200089,460,Willock,Joe,Willock,MID,17,4,Newcastle,5.0,5.0,0.0,22,284,5,2,0,1,3,80,4.4,4.4,0.6,76549,34600,0.9008,0.4072,0.4936,19.4,92.2,41.0,68.0,a,,,,,5.5,1.1,5.5,5.5,10,3,0,5,0,0,0,0,0,0.81,0.3,1.11,5.19,18,5,9,4,,,,0,False,225,0.0,21729,6615,20.2,427,False,,24.2,2,31.1,2,38.1,2,5.0,2158,167,15,0,4.4,33.4,0,6.324,5.731,6.917,1.324
2026-10-10,2026-10-10T09:24:58+00:00,2026,5,5,200617,343,James,Daniel,James,MID,13,2,Leeds,4.9,5.0,-0.1,3,52,3,0,0,0,0,9,1.0,0.6,0.1,4228,9076,0.0498,0.1068,-0.057,1.9,1.2,1.3,19.0,i,Back injury - Expected back 18 Oct,2026-10-08T14:00:11.803126Z,,0.0,1.0,0.2,1.0,0.0,1,0,0,1,0,0,0,0,0,0.35,0.01,0.36,1.61,5,0,4,1,,,,0,False,437,0.0,259,1626,-34.8,-61,False,,-61.3,-3,-107.0,-5,-152.7,-5,5.0,395,23,0,0,1.0,4.7,0,4.822,4.235,5.409,-0.078
2026-10-10,2026-10-10T09:24:58+00:00,2026,5,5,200641,24,Nelson,Reiss,Nelson,MID,1,3,Arsenal,5.5,5.5,0.0,0,0,0,0,0,0,0,0,0.0,0.0,0.0,68,684,0.0008,0.008,-0.0072,0.0,0.0,0.0,0.0,u,has departed the club as a free agent.,2026-08-29T00:33:08.556767Z,0.0,0.0,0.0,0.0,0.0,0.0,0,0,0,0,0,0,0,0,0,0.0,0.0,0.0,0.0,0,0,0,0,,,,0,False,643,0.0,0,30,0.0,0,False,,0.0,0,0.0,0,0.0,0,5.0,0,0,0,0,0.0,0.0,0,5.171,4.582,5.759,-0.329
2026-10-10,2026-10-10T09:24:58+00:00,2026,5,5,200720,82,Kelleher,Caoimhín,Kelleher,GK,4,94,Brentford,5.0,5.0,0.0,20,450,5,0,0,2,0,97,4.0,4.0,6.1,271256,232166,3.192,2.732,0.46,11.7,118.0,0.0,0.0,a,,,,,4.5,0.9,4.5,4.5,6,5,17,4,0,0,0,0,0,0.0,0.01,0.01,6.32,0,0,34,7,,,,0,False,62,0.0,39619,31900,24.9,338,False,,28.1,2,33.7,2,39.2,2,5.0,3420,152,0,0,4.0,30.4,0,4.938,4.348,5.528,-0.062
2026-10-10,2026-10-10T09:24:58+00:00,2026,5,5,200785,73,Adams,Tyler,Adams,MID,3,91,Bournemouth,5.0,5.0,0.0,12,279,5,0,0,0,0,52,2.4,2.4,0.3,19463,17685,0.229,0.2081,0.0209,8.5,45.8,32.2,7.0,a,,2026-08-15T16:30:07.029928Z,100.0,100.0,3.0,0.6,3.0,3.0,4,3,0,7,0,0,0,0,0,0.03,0.07,0.1,2.74,41,7,22,12,,,,0,False,302,0.0,2254,2694,1.8,8,False,,1.8,1,2.0,1,2.1,1,5.0,2120,91,0,0,2.4,18.2,0,4.993,4.405,5.582,-0.007
2026-10-10,2026-10-10T09:24:58+00:00,2026,5,5,200834,533,Mukiele,Nordi,Mukiele,DEF,20,56,Sunderland,5.4,5.5,-0.1,13,360,4,0,0,1,1,44,3.2,2.4,1.9,49255,139177,0.5796,1.6378,-1.0582,22.3,115.6,48.4,59.0,a,,2026-08-09T08:30:05.954750Z,100.0,100.0,0.0,0.0,0.0,0.0,0,4,0,8,0,0,0,1,0,0.75,0.28,1.03,6.86,48,13,16,35,,,,0,False,131,0.0,9924,18072,-21.3,-130,False,,-28.2,-2,-40.0,-3,-51.9,-3,5.0,2736,99,0,0,3.2,18.3,0,4.987,4.4,5.574,-0.413
2026-10-10,2026-10-10T09:24:58+00:00,2026,5,5,201595,326,Perri,Lucas Estella,Perri,GK,13,2,Leeds,4.5,4.5,0.0,0,0,0,0,0,0,0,0,0.0,0.0,0.3,532,27627,0.0063,0.3251,-0.3188,0.0,0.0,0.0,0.0,u,Has joined Torino on loan for the rest of the season,2026-09-01T13:12:39.210133Z,0.0,0.0,0.0,0.0,0.0,0.0,0,0,0,0,0,0,0,0,0,0.0,0.0,0.0,0.0,0,0,0,0,,,,0,False,291,0.0,0,2427,0.0,-38,False,,0.0,0,0.0,0,0.0,0,5.0,0,0,0,0,0.0,0.0,0,4.26,3.673,4.848,-0.24
2026-10-10,2026-10-10T09:24:58+00:00,2026,5,5,201658,68,Tavernier,Marcus,Tavernier,MID,3,91,Bournemouth,6.1,6.0,0.1,31,424,5,3,0,0,8,153,6.2,5.1,7.2,796974,272948,9.3784,3.2119,6.1665,45.5,161.8,146.1,147.0,a,,,,,5.0,0.8,5.0,5.0,2,5,0,8,0,0,0,2,0,1.7,0.92,2.62,6.54,42,11,26,5,3.0,1.0,1.0,1,False,54,0.0,185781,98224,47.9,2148,False,,68.2,3,103.3,5,138.3,5,5.0,3222,236,23,0,6.2,38.6,0,7.562,6.965,8.16,1.462
2026-10-10,2026-10-10T09:24:58+00:00,2026,5,5,201666,453,Barnes,Harvey,Barnes,MID,17,4,Newcastle,6.1,6.0,0.1,28,450,5,1,3,1,3,105,5.6,4.6,8.2,926595,201864,10.9037,2.3754,8.5282,28.2,105.2,80.9,96.0,a,,,,,5.5,0.9,5.5,5.5,9,5,0,9,0,0,0,0,0,0.62,0.48,1.1,9.14,33,3,16,14,,,3.0,1,False,45,0.1,455492,69956,54.2,14933,False,,106.3,5,196.1,5,286.0,5,5.0,3420,213,8,23,5.6,34.9,0,7.455,6.86,8.05,1.355
2026-10-10,2026-10-10T09:24:58+00:00,2026,5,5,201895,535,Alderete,Omar,Alderete,DEF,20,56,Sunderland,4.8,5.0,-0.2,1,23,1,0,0,0,0,2,1.0,0.2,0.2,5338,28470,0.0628,0.335,-0.2722,0.0,0.0,0.6,0.0,a,,2026-08-09T08:30:05.962393Z,100.0,100.0,0.0,0.0,0.0,0.0,0,0,0,1,0,0,0,0,0,0.0,0.01,0.01,0.1,0,0,2,0,,,,0,False,321,-0.1,584,2194,-13.3,-23,False,,-19.2,-1,-29.5,-2,-39.8,-2,5.0,175,8,0,0,1.0,1.6,0,4.511,3.923,5.098,-0.289
2026-10-10,2026-10-10T09:24:58+00:00,2026,5,5,202993,516,Bentancur,Rodrigo,Bentancur,MID,19,6,Spurs,5.5,5.5,0.0,15,370,5,0,0,2,0,69,3.0,2.7,0.2,5524,9464,0.065,0.1114,-0.0464,12.6,77.4,39.3,8.0,a,,,,,3.5,0.6,3.5,3.5,4,4,0,6,0,0,0,0,0,0.02,0.12,0.14,5.59,60,15,23,22,,,,0,False,353,0.0,760,1807,-109.9,-40,False,,-133.8,-5,-174.8,-5,-215.9,-5,5.0,2812,114,0,0,3.0,20.7,0,5.33,4.741,5.919,-0.17
2026-10-10,2026-10-10T09:24:58+00:00,2026,5,5,204120,114,Boscagli,Olivier,Boscagli,DEF,5,36,Brighton,4.5,4.5,0.0,19,437,5,0,0,3,0,93,3.8,4.2,0.3,19898,13197,0.2341,0.1553,0.0789,21.4,77.2,115.7,21.0,a,,,,,6.0,1.3,6.0,6.0,6,5,0,5,0,0,0,1,0,0.07,0.53,0.6,8.45,29,4,17,25,,,,0,False,289,0.0,5681,2120,4.1,124,False,,5.3,1,7.3,1,9.3,1,5.0,3321,144,0,0,3.8,32.1,0,4.676,4.086,5.265,0.176
2026-10-10,2026-10-10T09:24:58+00:00,2026,5,5,204480,13,Rice,Declan,Rice,MID,1,3,Arsenal,7.4,7.5,-0.1,20,411,5,0,2,3,0,91,4.0,2.7,10.6,121344,827729,1.4279,9.7403,-8.3124,23.4,120.2,108.4,5.0,d,Unspecified injury - 75% chance of playing,2026-09-21T13:00:08.896379Z,,75.0,3.5,0.5,3.5,2.6,1,5,0,4,0,0,0,1,0,0.12,0.69,0.81,3.5,42,7,17,18,,1.0,1.0,0,False,34,0.0,9498,185055,-67.2,-5277,False,,-93.7,-3,-139.4,-5,-185.2,-5,5.0,3124,152,0,15,4.0,20.5,0,7.245,6.654,7.836,-0.155
2026-10-10,2026-10-10T09:24:58+00:00,2026,5,5,204561,558,Schlager,Xaver,Schlager,MID,18,17,Nott'm Forest,5.0,5.0,0.0,13,376,5,0,0,1,0,70,2.6,2.6,0.1,6059,6609,0.0713,0.0778,-0.0065,12.5,68.4,25.0,31.0,a,,,,,2.5,0.5,2.5,2.5,2,4,0,5,0,0,0,1,0,0.19,0.18,0.37,4.43,49,17,21,11,,,3.0,0,False,412,0.0,379,1592,0.3,-30,False,,-2.9,-1,-53.4,-3,-104.0,-5,5.0,2858,99,0,0,2.6,19.8,0,4.951,4.364,5.539,-0.049
2026-10-10,2026-10-10T09:24:58+00:00,2026,5,5,204580,98,Janelt,Vitaly,Janelt,MID,4,94,Brentford,5.0,5.0,0.0,28,450,5,2,0,2,3,109,5.6,5.6,2.5,325078,125083,3.8253,1.4719,2.3534,30.9,164.0,97.5,47.0,a,,,,,3.5,0.7,3.5,3.5,3,5,0,4,0,0,0,3,0,0.53,0.44,0.97,6.32,64,17,20,27,,,3.0,1,False,111,0.0,38018,35992,84.8,-163,False,,83.2,3,80.6,3,77.9,3,5.0,3420,213,15,0,5.6,38.7,1,6.303,5.709,6.897,1.303
2026-10-10,2026-10-10T09:24:58+00:00,2026,5,5,204813,179,Latibeaudiere,Joel,Latibeaudiere,DEF,7,9,Coventry City,4.0,4.0,0.0,1,1,1,0,0,0,0,3,1.0,0.2,0.0,1051,1872,0.0124,0.022,-0.0097,0.7,7.0,0.0,0.0,a,,,,,0.5,0.1,0.5,0.5,1,0,0,0,0,0,0,0,0,0.0,0.0,0.0,0.02,2,0,0,2,,,,0,False,526,0.0,140,269,-87.5,-2,False,,-93.9,-3,-104.9,-5,-115.9,-5,5.0,8,8,0,0,1.0,1.9,0,4.045,3.458,4.632,0.045
2026-10-10,2026-10-10T09:24:58+00:00,2026,5,5,204822,476,O.Richards,Omar,Richards,DEF,18,17,Nott'm Forest,4.0,4.0,0.0,0,0,0,0,0,0,0,0,0.0,0.0,0.2,4189,8906,0.0493,0.1048,-0.0555,0.0,0.0,0.0,0.0,a,,,,,0.0,0.0,0.0,0.0,0,0,0,0,0,0,0,0,0,0.0,0.0,0.0,0.0,0,0,0,0,,,,0,False,331,0.0,489,1355,-79.8,-8,False,,-83.7,-3,-90.4,-3,-97.1,-4,5.0,0,0,0,0,0.0,0.0,0,4.008,3.421,4.596,0.008
2026-10-10,2026-10-10T09:24:58+00:00,2026,5,5,204936,384,Donnarumma,Gianluigi,Donnarumma,GK,15,43,Man City,5.5,5.5,0.0,19,450,5,0,0,2,0,84,3.8,3.5,7.3,214103,344963,2.5194,4.0593,-1.5399,11.4,112.6,0.0,0.0,a,,,,,4.5,0.8,4.5,4.5,2,5,14,5,1,0,0,0,0,0.0,0.0,0.0,7.25,0,0,32,4,,,,0,False,53,0.0,17912,59047,-67.8,-794,False,,-78.4,-3,-96.8,-4,-115.1,-5,5.0,3420,144,0,0,3.8,26.3,0,5.409,4.82,5.998,-0.091
2026-10-10,2026-10-10T09:24:58+00:00,2026,5,5,204968,489,Yates,Ryan,Yates,MID,18,17,Nott'm Forest,4.4,4.5,-0.1,0,0,0,0,0,0,0,0,0.0,0.0,1.1,32207,98961,0.379,1.1645,-0.7855,0.0,0.0,0.0,0.0,a,,2026-08-17T20:30:08.195072Z,100.0,100.0,0.0,0.0,0.0,0.0,0,0,0,0,0,0,0,0,0,0.0,0.0,0.0,0.0,0,0,0,0,,,,0,False,169,-0.1,2561,12606,-2.5,-74,False,,-6.3,-1,-12.9,-1,-19.5,-1,5.0,0,0,0,0,0.0,0.0,0,4.521,3.933,5.108,0.121
2026-10-10,2026-10-10T09:24:58+00:00,2026,5,5,205533,224,Nketiah,Eddie,Nketiah,FWD,8,31,Crystal Palace,5.5,5.5,0.0,8,175,4,0,1,0,0,38,2.0,1.5,0.5,48500,53063,0.5707,0.6244,-0.0537,13.0,34.2,46.4,50.0,a,,2026-09-12T14:00:09.427136Z,100.0,100.0,0.5,0.1,0.5,0.5,1,3,0,7,0,0,0,0,0,1.1,0.6,1.7,4.51,12,4,6,2,,,,0,False,253,0.0,2519,6416,-34.9,-83,False,,-51.6,-3,-80.2,-3,-108.9,-5,5.0,1330,61,0,8,2.0,11.1,0,5.5,4.911,6.09,0.0
2026-10-10,2026-10-10T09:24:58+00:00,2026,5,5,205651,27,G.Jesus,Gabriel,Fernando de Jesus,FWD,1,3,Arsenal,5.9,6.0,-0.1,0,0,0,0,0,0,0,0,0.0,0.0,0.1,4164,29589,0.049,0.3482,-0.2992,0.0,0.0,0.0,0.0,u,Has joined FC Barcelona permanently,2026-09-02T16:00:28.475184Z,0.0,0.0,0.0,0.0,0.0,0.0,0,0,0,0,0,0,0,0,0,0.0,0.0,0.0,0.0,0,0,0,0,,,,0,False,376,0.0,0,1314,0.0,-12,False,,0.0,0,0.0,0,0.0,0,5.0,0,0,0,0,0.0,0.0,0,5.415,4.827,6.004,-0.485
2026-10-10,2026-10-10T09:24:58+00:00,2026,5,5,206915,373,C.Jones,Curtis,Jones,MID,14,14,Liverpool,5.5,5.5,0.0,0,0,0,0,0,0,0,0,0.0,0.0,0.0,34,2691,0.0004,0.0317,-0.0313,0.0,0.0,0.0,0.0,u,Has joined Internazionale permanently,2026-08-16T18:30:07.426408Z,0.0,0.0,0.0,0.0,0.0,0.0,0,0,0,0,0,0,0,0,0,0.0,0.0,0.0,0.0,0,0,0,0,,,,0,False,567,0.0,0,104,0.0,0,False,,0.0,0,0.0,0,0.0,0,5.0,0,0,0,0,0.0,0.0,0,5.196,4.608,5.784,-0.304
2026-10-10,2026-10-10T09:24:58+00:00,2026,5,5,207189,265,Berge,Sander,Berge,MID,10,54,Fulham,4.9,5.0,-0.1,11,349,5,0,0,2,0,67,2.2,2.2,0.3,7436,19492,0.0875,0.2294,-0.1419,15.4,51.4,81.0,22.0,a,,,,,3.0,0.6,3.0,3.0,3,4,0,5,0,0,0,0,0,0.08,0.36,0.44,7.36,19,4,8,7,,,,0,False,298,0.0,1705,2736,-39.9,-3,False,,-41.1,-3,-43.2,-3,-45.2,-3,5.0,2652,84,0,0,2.2,17.1,0,4.88,4.293,5.468,-0.02
2026-10-10,2026-10-10T09:24:58+00:00,2026,5,5,207283,97,Jensen,Mathias,Jensen,MID,4,94,Brentford,5.4,5.5,-0.1,6,66,1,0,1,1,0,22,6.0,1.1,0.1,4510,15614,0.0531,0.1837,-0.1307,7.2,12.6,46.2,13.0,i,Unspecified injury - Expected back 10 Oct,2026-08-30T12:30:08.176795Z,0.0,0.0,0.0,0.0,0.0,0.0,0,1,0,0,0,0,0,0,0,0.08,0.34,0.42,0.47,5,2,3,0,3.0,2.0,1.0,0,False,429,0.0,25,1180,-77.8,-37,False,,-92.9,-3,-119.0,-5,-145.1,-5,5.0,502,46,0,8,6.0,8.4,0,5.712,5.119,6.304,0.312
2026-10-10,2026-10-10T09:24:58+00:00,2026,5,5,208481,292,Ömür,Abdülkadir,Ömür,MID,11,88,Hull City,4.9,5.0,-0.1,0,0,0,0,0,0,0,0,0.0,0.0,0.0,1237,1710,0.0146,0.0201,-0.0056,0.0,0.0,0.0,0.0,a,,,,,0.0,0.0,0.0,0.0,0,0,0,0,0,0,0,0,0,0.0,0.0,0.0,0.0,0,0,0,0,,,,0,False,583,0.0,119,229,-27.4,-4,False,,-48.5,-3,-84.9,-3,-121.3,-5,5.0,0,0,0,0,0.0,0.0,0,4.773,4.186,5.36,-0.127
2026-10-10,2026-10-10T09:24:58+00:00,2026,5,5,208706,452,Bruno G.,Bruno,Guimarães Rodriguez Moura,MID,1,3,Arsenal,6.7,7.0,-0.3,9,123,3,1,0,0,1,45,3.0,1.3,1.8,40877,250330,0.481,2.9457,-2.4647,6.6,41.0,6.5,19.0,a,,2026-09-04T14:00:08.328779Z,100.0,100.0,4.0,0.6,4.0,4.0,1,1,0,3,0,0,0,0,0,0.09,0.16,0.25,2.18,12,1,8,3,4.0,,4.0,0,False,132,0.0,15931,13257,3.5,371,False,,7.0,1,13.1,1,19.1,1,5.0,935,68,8,0,3.0,10.2,0,6.642,6.054,7.231,-0.058
2026-10-10,2026-10-10T09:24:58+00:00,2026,5,5,209036,388,Guéhi,Marc,Guéhi,DEF,15,43,Man City,6.0,6.0,0.0,30,450,5,1,1,2,4,114,6.0,5.0,17.7,523205,515681,6.1568,6.0683,0.0885,24.3,146.0,56.6,41.0,a,,,,,5.0,0.8,5.0,5.0,4,5,0,5,0,0,0,0,0,0.95,0.39,1.34,7.25,29,3,19,26,,,,0,False,21,0.0,41285,103705,63.7,-906,False,,55.1,3,40.4,3,25.6,2,5.0,3420,228,8,8,6.0,38.0,0,7.001,6.411,7.591,1.001
2026-10-10,2026-10-10T09:24:58+00:00,2026,5,5,209046,482,Hudson-Odoi,Callum,Hudson-Odoi,MID,18,17,Nott'm Forest,5.8,6.0,-0.2,1,1,1,0,0,0,0,2,1.0,0.2,0.1,5552,18279,0.0653,0.2151,-0.1498,0.0,0.0,0.3,0.0,a,,2026-07-23T12:01:23.832709Z,100.0,100.0,0.0,0.0,0.0,0.0,0,0,0,0,0,0,0,0,0,0.0,0.0,0.0,0.0,0,0,0,0,,4.0,,0,False,373,0.0,541,1879,-56.9,-25,False,,-74.6,-3,-105.0,-5,-135.5,-5,5.0,8,8,0,0,1.0,1.3,0,5.328,4.74,5.915,-0.472
2026-10-10,2026-10-10T09:24:58+00:00,2026,5,5,209244,398,Foden,Phil,Foden,MID,15,43,Man City,6.9,7.0,-0.1,9,217,4,0,2,0,1,52,2.2,1.3,1.5,303542,592705,3.5719,6.9746,-3.4027,22.3,57.6,122.3,45.0,s,Suspended until 17 Oct,2026-09-13T17:00:09.433455Z,0.0,0.0,-1.0,-0.1,0.0,0.0,0,3,0,2,0,0,0,1,1,1.61,0.88,2.49,1.91,14,4,8,2,,2.0,2.0,0,False,140,0.0,296,54983,-91.9,-2082,False,,-139.8,-5,-222.5,-5,-305.2,-5,5.0,1649,68,0,15,2.2,9.9,0,6.832,6.239,7.425,-0.068
2026-10-10,2026-10-10T09:24:58+00:00,2026,5,5,209289,262,Smith Rowe,Emile,Smith Rowe,MID,10,54,Fulham,5.3,5.5,-0.2,3,38,3,0,0,0,0,11,1.0,0.6,0.2,4892,21946,0.0576,0.2582,-0.2007,4.0,6.6,23.8,9.0,a,,,,,0.5,0.1,0.5,0.5,0,0,0,0,0,0,0,0,0,0.06,0.02,0.08,0.87,3,0,2,1,,,,0,False,319,-0.1,694,2287,-6.4,-31,False,,-14.4,-1,-28.1,-2,-41.8,-3,5.0,289,23,0,0,1.0,4.3,0,5.07,4.483,5.658,-0.23
2026-10-10,2026-10-10T09:24:58+00:00,2026,5,5,209365,416,De Ligt,Matthijs,de Ligt,DEF,16,1,Man Utd,4.9,5.0,-0.1,0,0,0,0,0,0,0,0,0.0,0.0,0.0,494,1605,0.0058,0.0189,-0.0131,0.0,0.0,0.0,0.0,i,Back injury - Unknown return date,2026-07-23T12:01:23.690880Z,0.0,0.0,0.0,0.0,0.0,0.0,0,0,0,0,0,0,0,0,0,0.0,0.0,0.0,0.0,0,0,0,0,,,,0,False,559,-0.1,115,182,-0.5,-1,False,,-1.5,-1,-3.3,-1,-5.2,-1,5.0,0,0,0,0,0.0,0.0,0,4.626,4.038,5.214,-0.274
2026-10-10,2026-10-10T09:24:58+00:00,2026,5,5,209400,214,Kamada,Daichi,Kamada,MID,8,31,Crystal Palace,5.0,5.0,0.0,21,441,5,0,3,1,0,109,4.2,4.2,0.5,53726,27971,0.6322,0.3291,0.3031,21.9,95.6,81.2,42.0,a,,,,,5.5,1.1,5.5,5.5,3,5,0,10,0,0,0,1,0,0.47,0.38,0.85,8.85,38,11,23,4,,,3.0,0,False,245,0.0,6979,6354,12.7,24,False,,13.0,1,13.4,1,13.7,1,5.0,3352,160,0,23,4.2,31.9,0,6.112,5.514,6.709,1.112
2026-10-10,2026-10-10T09:24:58+00:00,2026,5,5,210156,492,Awoniyi,Taiwo,Awoniyi,FWD,7,9,Coventry City,5.4,5.5,-0.1,3,232,4,0,0,0,0,11,0.8,0.6,0.3,21468,69795,0.2526,0.8213,-0.5687,13.6,13.6,46.2,78.0,s,Suspended until 19 Oct,2026-09-13T15:00:09.305127Z,0.0,0.0,-1.0,-0.2,0.0,0.0,0,3,0,7,0,0,0,0,1,1.3,0.04,1.34,3.55,11,1,7,3,5.0,,,0,False,279,-0.1,195,10000,-31.9,-302,False,,-50.1,-3,-81.3,-3,-112.5,-5,5.0,1763,23,0,0,0.7,4.2,0,4.93,4.342,5.519,-0.47
2026-10-10,2026-10-10T09:24:58+00:00,2026,5,5,210462,488,I.Sangaré,Ibrahim,Sangaré,MID,18,17,Nott'm Forest,4.8,5.0,-0.2,4,105,3,0,0,0,0,15,1.3,0.8,0.4,9763,73852,0.1149,0.8691,-0.7542,4.1,21.6,13.7,5.0,a,,2026-08-28T09:30:07.471668Z,100.0,100.0,1.0,0.2,1.0,1.0,1,1,0,1,0,0,0,0,0,0.09,0.02,0.11,0.56,8,1,3,4,,,,0,False,274,-0.1,864,8273,-18.2,-221,False,,-51.8,-3,-109.8,-5,-167.8,-5,5.0,798,30,0,0,1.3,6.3,0,4.805,4.218,5.392,0.005
2026-10-10,2026-10-10T09:24:58+00:00,2026,5,5,212314,267,Lukić,Saša,Lukić,MID,12,40,Ipswich Town,4.9,5.0,-0.1,11,400,5,0,1,0,0,68,2.2,2.2,0.1,3763,7124,0.0443,0.0838,-0.0396,15.8,71.0,81.2,6.0,a,,,,,1.5,0.3,1.5,1.5,2,5,0,10,0,0,0,2,0,0.02,0.41,0.43,7.37,37,7,13,17,,,1.0,0,False,422,-0.1,535,1171,-12.8,-13,False,,-20.7,-2,-34.3,-2,-47.9,-3,5.0,3040,84,0,8,2.2,17.1,0,5.161,4.572,5.749,0.261
2026-10-10,2026-10-10T09:24:58+00:00,2026,5,5,212319,527,Richarlison,Richarlison,de Andrade,FWD,19,6,Spurs,5.9,6.0,-0.1,2,67,1,0,0,0,0,6,2.0,0.3,0.6,21439,272317,0.2523,3.2045,-2.9522,0.2,0.0,2.2,0.0,u,not included in squad.,2026-09-04T12:32:39.183614Z,0.0,0.0,0.0,0.0,0.0,0.0,0,1,0,3,0,0,0,0,0,0.0,0.0,0.0,3.02,1,0,0,1,,,,0,False,234,0.0,0,9834,0.0,-275,False,,0.0,0,0.0,0,0.0,0,5.0,509,15,0,0,2.0,2.6,0,5.459,4.871,6.047,-0.441
2026-10-10,2026-10-10T09:24:58+00:00,2026,5,5,213292,296,Akintola,David,Akintola,MID,11,88,Hull City,5.0,5.0,0.0,0,0,0,0,0,0,0,0,0.0,0.0,0.0,2704,5033,0.0318,0.0592,-0.0274,0.0,0.0,0.0,0.0,u,Has joined Omonoia FC permanently,2026-09-11T14:42:38.120231Z,0.0,0.0,0.0,0.0,0.0,0.0,0,0,0,0,0,0,0,0,0,0.0,0.0,0.0,0.0,0,0,0,0,,,,0,False,565,0.0,0,420,0.0,-6,False,,0.0,0,0.0,0,0.0,0,5.0,0,0,0,0,0.0,0.0,0,4.801,4.214,5.389,-0.199
2026-10-10,2026-10-10T09:24:58+00:00,2026,5,5,214225,329,Rodon,Joe,Rodon,DEF,13,2,Leeds,4.3,4.5,-0.2,7,123,2,0,0,1,0,25,3.5,1.6,0.6,26987,309769,0.3176,3.6452,-3.3276,4.5,23.0,14.7,7.0,i,Hamstring injury - Expected back 21 Nov,2026-08-30T16:00:08.564382Z,0.0,0.0,0.0,0.0,0.0,0.0,0,2,0,0,0,0,0,0,0,0.03,0.06,0.09,1.01,11,1,2,10,,,,0,False,224,-0.1,93,21764,-20.3,-618,False,,-40.2,-3,-74.7,-3,-109.1,-5,5.0,935,53,0,0,3.5,12.4,0,4.512,3.925,5.1,0.212
2026-10-10,2026-10-10T09:24:58+00:00,2026,5,5,214285,364,Tsimikas,Kostas,Tsimikas,DEF,14,14,Liverpool,4.9,5.0,-0.1,2,64,2,0,0,0,0,6,1.0,0.4,0.1,1648,4585,0.0194,0.054,-0.0346,1.8,6.4,2.9,9.0,a,,,,,0.5,0.1,0.5,0.5,0,1,0,0,0,0,0,0,0,0.04,0.02,0.06,0.47,3,1,3,2,,,4.0,0,False,453,0.0,161,559,-66.0,-5,False,,-73.6,-3,-86.8,-3,-99.9,-4,5.0,486,15,0,0,1.0,3.1,0,4.645,4.057,5.232,-0.255
2026-10-10,2026-10-10T09:24:58+00:00,2026,5,5,214572,495,Austin,Brandon,Austin,GK,19,6,Spurs,4.0,4.0,0.0,0,0,0,0,0,0,0,0,0.0,0.0,1.0,31798,23708,0.3742,0.279,0.0952,0.0,0.0,0.0,0.0,a,,,,,0.0,0.0,0.0,0.0,0,0,0,0,0,0,0,0,0,0.0,0.0,0.0,0.0,0,0,0,0,,,,0,False,175,0.0,4147,4023,2.3,9,False,,2.4,1,2.6,1,2.7,1,5.0,0,0,0,0,0.0,0.0,0,4.072,3.484,4.66,0.072
2026-10-10,2026-10-10T09:24:58+00:00,2026,5,5,214590,611,Wan-Bissaka,Aaron,Wan-Bissaka,DEF,2,7,Aston Villa,4.5,4.5,0.0,6,152,4,0,0,0,0,24,1.5,1.3,0.2,19886,8694,0.234,0.1023,0.1317,5.9,42.8,16.4,0.0,a,,,,,2.0,0.4,2.0,2.0,1,2,0,2,0,0,0,0,0,0.0,0.07,0.07,3.27,21,9,1,12,,,,0,False,313,0.0,3033,2361,2.5,49,False,,3.0,1,3.8,1,4.6,1,5.0,1155,46,0,0,1.5,10.1,0,4.352,3.764,4.94,-0.148
2026-10-10,2026-10-10T09:24:58+00:00,2026,5,5,215059,140,Sánchez,Robert,Lynch Sánchez,GK,6,8,Chelsea,4.9,5.0,-0.1,2,90,1,0,0,0,0,6,2.0,0.4,0.6,10847,180450,0.1276,2.1234,-1.9958,2.1,21.4,0.0,0.0,u,Has joined Como on loan for the rest of the season,2026-09-02T16:20:41.841936Z,0.0,0.0,0.0,0.0,0.0,0.0,0,1,4,2,0,0,0,0,0,0.0,0.01,0.01,1.33,0,0,5,1,,,,0,False,223,0.0,0,8842,0.0,-199,False,,0.0,0,0.0,0,0.0,0,5.0,684,15,0,0,2.0,3.1,0,4.662,4.073,5.25,-0.238
2026-10-10,2026-10-10T09:24:58+00:00,2026,5,5,215136,469,N.Williams,Neco,Williams,DEF,18,17,Nott'm Forest,5.0,5.0,0.0,19,450,5,0,1,1,1,85,3.8,3.8,7.4,333118,489669,3.92,5.7622,-1.8422,25.6,90.4,123.7,42.0,d,Illness - 50% chance of playing,2026-10-09T14:30:11.466887Z,,50.0,2.0,0.4,2.0,1.0,2,5,0,5,0,0,0,0,0,0.41,0.61,1.02,4.77,29,14,28,15,,3.0,2.0,0,False,51,0.0,18632,184411,-13.8,-11333,False,,-94.8,-3,-234.7,-5,-374.6,-5,5.0,3420,144,0,8,3.8,28.9,0,5.305,4.717,5.893,0.305
2026-10-10,2026-10-10T09:24:58+00:00,2026,5,5,215379,481,Anderson,Elliot,Anderson,MID,15,43,Man City,6.3,6.5,-0.2,15,413,5,0,0,2,0,95,3.0,2.4,3.8,112031,469707,1.3183,5.5273,-4.2089,18.4,87.4,77.1,19.0,a,,2026-08-23T17:00:07.952697Z,100.0,100.0,3.5,0.6,3.5,3.5,2,5,0,5,0,0,0,1,0,0.11,0.67,0.78,7.15,54,13,23,18,,,3.0,0,False,89,0.0,14592,51867,-63.4,-993,False,,-89.1,-3,-133.4,-5,-177.7,-5,5.0,3139,114,0,0,3.0,18.1,0,5.958,5.369,6.547,-0.342
2026-10-10,2026-10-10T09:24:58+00:00,2026,5,5,215413,236,Dewsbury-Hall,Kiernan,Dewsbury-Hall,MID,9,11,Everton,6.6,6.5,0.1,20,450,5,1,0,3,3,110,4.0,3.0,5.5,606881,388952,7.1414,4.577,2.5645,38.9,102.8,160.8,125.0,a,,,,,2.5,0.4,2.5,2.5,3,5,0,3,0,0,0,1,0,0.99,0.83,1.82,6.74,42,11,26,5,,,2.0,0,False,69,0.1,56117,109588,-35.9,-1157,False,,-56.4,-3,-91.8,-3,-127.2,-5,5.0,3420,152,8,0,4.0,23.0,0,6.53,5.94,7.119,-0.07
2026-10-10,2026-10-10T09:24:58+00:00,2026,5,5,215711,44,Bailey,Leon,Bailey,MID,2,7,Aston Villa,5.4,5.5,-0.1,0,0,0,0,0,0,0,0,0.0,0.0,0.0,2096,13481,0.0247,0.1586,-0.134,0.0,0.0,0.0,0.0,u,Has joined Olympiakos permanently,2026-09-04T12:35:14.472260Z,0.0,0.0,0.0,0.0,0.0,0.0,0,0,0,0,0,0,0,0,0,0.0,0.0,0.0,0.0,0,0,0,0,,,,0,False,500,0.0,0,750,0.0,-6,False,,0.0,0,0.0,0,0.0,0,5.0,0,0,0,0,0.0,0.0,0,5.031,4.442,5.619,-0.369
2026-10-10,2026-10-10T09:24:58+00:00,2026,5,5,216051,417,Dalot,Diogo,Dalot Teixeira,DEF,16,1,Man Utd,4.9,5.0,-0.1,8,346,5,0,0,0,0,46,1.6,1.6,1.6,28778,144006,0.3386,1.6946,-1.3559,20.2,43.6,107.7,49.0,a,,,,,2.0,0.4,2.0,2.0,2,4,0,4,0,0,0,1,0,0.24,0.23,0.47,4.7,16,6,21,10,,,,0,False,137,0.0,3999,15511,-93.0,-166,False,,-103.4,-5,-121.3,-5,-139.2,-5,5.0,2630,61,0,0,1.6,12.4,0,4.644,4.056,5.232,-0.256
2026-10-10,2026-10-10T09:24:58+00:00,2026,5,5,216055,571,Florentino,Florentino Ibrain,Morris Luís,MID,12,40,Ipswich Town,4.8,5.0,-0.2,2,30,2,0,0,0,0,9,1.0,0.4,0.1,1152,7547,0.0136,0.0888,-0.0753,3.2,9.0,22.3,2.0,a,,2026-08-25T11:30:07.678802Z,100.0,100.0,1.0,0.2,1.0,1.0,1,0,0,0,0,0,0,0,0,0.0,0.01,0.01,0.75,2,1,0,1,,,,0,False,450,-0.1,207,816,-13.7,-19,False,,-28.6,-2,-54.3,-3,-80.1,-3,5.0,228,15,0,0,1.0,3.2,0,4.786,4.199,5.373,-0.014
2026-10-10,2026-10-10T09:24:58+00:00,2026,5,5,216094,357,Frimpong,Jeremie,Frimpong,DEF,14,14,Liverpool,5.3,5.5,-0.2,2,178,3,0,0,0,0,24,0.7,0.4,1.7,59726,256281,0.7028,3.0158,-2.313,13.2,39.4,76.5,16.0,a,,,,,0.5,0.1,0.5,0.5,0,2,0,4,0,0,0,1,0,0.01,0.23,0.24,3.91,12,4,7,8,,,,0,False,134,0.0,2383,22896,-64.9,-573,False,,-98.8,-4,-157.2,-5,-215.6,-5,5.0,1353,15,0,0,0.7,2.9,0,4.811,4.222,5.399,-0.489
2026-10-10,2026-10-10T09:24:58+00:00,2026,5,5,216616,304,O'Shea,Dara,O'Shea,DEF,12,40,Ipswich Town,4.0,4.0,0.0,10,450,5,0,0,0,0,24,2.0,2.5,2.5,71604,145508,0.8426,1.7123,-0.8697,22.1,130.0,71.0,21.0,a,,,,,1.5,0.4,1.5,1.5,2,5,0,11,0,0,0,0,0,0.07,0.26,0.33,8.98,48,7,18,41,,,,0,False,110,0.0,8185,32165,-50.0,-95,False,,-53.7,-3,-60.0,-3,-66.3,-3,5.0,3420,76,0,0,2.0,19.0,0,4.119,3.531,4.706,0.119
2026-10-10,2026-10-10T09:24:58+00:00,2026,5,5,216646,464,Wissa,Yoane,Wissa,FWD,17,4,Newcastle,6.2,6.0,0.2,15,441,5,1,1,1,2,54,3.0,2.4,19.3,2455339,851947,28.8931,10.0252,18.8678,23.3,66.6,60.6,106.0,a,,,,,1.0,0.2,1.0,1.0,0,5,0,8,0,0,1,2,0,2.35,0.06,2.41,7.97,27,6,15,6,2.0,,,0,False,19,0.0,259827,264937,108.5,5936,False,,164.6,5,261.4,5,358.2,5,5.0,3352,114,8,8,3.0,18.4,0,6.672,6.081,7.263,0.472
2026-10-10,2026-10-10T09:24:58+00:00,2026,5,5,218364,205,Sosa,Borna,Sosa,DEF,8,31,Crystal Palace,4.5,4.5,0.0,0,0,0,0,0,0,0,0,0.0,0.0,0.0,236,2141,0.0028,0.0252,-0.0224,0.0,0.0,0.0,0.0,u,Has joined FC Cologne on loan for the rest of the season,2026-09-02T16:03:25.710518Z,0.0,0.0,0.0,0.0,0.0,0.0,0,0,0,0,0,0,0,0,0,0.0,0.0,0.0,0.0,0,0,0,0,,,,0,False,592,0.0,0,172,0.0,-3,False,,0.0,0,0.0,0,0.0,0,5.0,0,0,0,0,0.0,0.0,0,4.259,3.671,4.846,-0.241
2026-10-10,2026-10-10T09:24:58+00:00,2026,5,5,218543,619,Palacios,Exequiel,Palacios,MID,12,40,Ipswich Town,5.0,5.0,0.0,11,275,4,0,0,0,0,64,2.8,2.2,0.1,9479,4075,0.1115,0.048,0.0636,10.6,55.4,46.6,4.0,a,,,,,3.0,0.6,3.0,3.0,2,3,0,7,0,0,0,0,0,0.0,0.09,0.09,5.3,44,9,23,12,,,,0,False,476,0.0,991,1465,1.0,-32,False,,0.7,1,0.2,1,-53.6,-3,5.0,2090,84,0,0,2.8,16.7,0,4.986,4.398,5.573,-0.014
2026-10-10,2026-10-10T09:24:58+00:00,2026,5,5,218997,195,Simms,Ellis,Simms,FWD,7,9,Coventry City,4.9,5.0,-0.1,4,104,3,0,0,0,0,13,1.3,0.8,0.6,44459,69941,0.5232,0.823,-0.2999,6.8,7.8,22.6,37.0,a,,,,,0.5,0.1,0.5,0.5,1,1,0,3,0,0,0,0,0,0.3,0.01,0.31,2.79,3,0,2,1,,,,0,False,227,-0.1,5955,10723,-3.7,-49,False,,-8.2,-1,-15.8,-1,-23.5,-2,5.0,790,30,0,0,1.3,6.2,0,4.825,4.237,5.412,-0.075
2026-10-10,2026-10-10T09:24:58+00:00,2026,5,5,219168,379,Isak,Alexander,Isak,FWD,14,14,Liverpool,9.1,9.0,0.1,33,413,5,4,0,3,8,133,6.6,3.6,16.9,1259885,1299515,14.8256,15.292,-0.4663,40.0,146.2,47.5,207.0,i,Thigh injury - Unknown return date,2026-09-27T10:30:09.051435Z,,0.0,5.0,0.5,5.0,0.0,8,5,0,4,0,0,0,1,0,3.54,0.08,3.62,5.82,7,1,3,3,2.0,,,1,False,24,0.0,132723,639546,-94.2,-44574,False,,-245.8,-5,-507.2,-5,-768.6,-5,5.0,3139,251,30,0,6.6,27.6,0,9.925,9.325,10.525,0.825
2026-10-10,2026-10-10T09:24:58+00:00,2026,5,5,219249,126,O'Riley,Matt,O'Riley,MID,5,36,Brighton,5.4,5.5,-0.1,2,10,2,0,0,0,0,6,1.0,0.4,0.1,3776,6764,0.0444,0.0796,-0.0352,3.8,8.2,10.5,19.0,a,,,,,1.0,0.2,1.0,1.0,1,0,0,0,0,0,0,0,0,0.28,0.01,0.29,0.18,3,0,1,2,3.0,,,0,False,419,0.0,602,808,-10.3,-14,False,,-24.3,-2,-48.4,-3,-72.6,-3,5.0,76,15,0,0,1.0,2.8,0,5.097,4.509,5.684,-0.303
2026-10-10,2026-10-10T09:24:58+00:00,2026,5,5,219847,26,Havertz,Kai,Havertz,FWD,1,3,Arsenal,7.6,7.5,0.1,19,437,5,2,0,3,2,82,3.8,2.5,6.7,658834,582980,7.7528,6.8602,0.8926,32.6,89.4,71.3,165.0,d,Hamstring injury - 75% chance of playing,2026-09-24T22:00:09.120308Z,,75.0,1.5,0.2,1.5,1.1,2,5,0,4,0,0,0,1,0,1.67,0.37,2.04,3.91,13,0,7,6,,,,0,False,58,0.0,55601,222508,-60.7,-9398,False,,-135.1,-5,-263.4,-5,-391.7,-5,5.0,3321,144,15,0,3.8,19.0,0,7.561,6.97,8.152,-0.039
2026-10-10,2026-10-10T09:24:58+00:00,2026,5,5,219924,259,Diop,Issa,Diop,DEF,12,40,Ipswich Town,4.0,4.0,0.0,12,450,5,0,0,0,0,45,2.4,3.0,11.9,148061,594228,1.7423,6.9926,-5.2503,15.5,121.6,24.2,9.0,a,,,,,2.5,0.6,2.5,2.5,4,5,0,11,0,0,0,0,0,0.06,0.16,0.22,8.98,45,4,21,41,,,,0,False,33,0.0,19024,141606,-66.0,-642,False,,-71.3,-3,-80.4,-3,-89.5,-3,5.0,3420,91,0,0,2.4,22.8,0,4.367,3.778,4.955,0.367
2026-10-10,2026-10-10T09:24:58+00:00,2026,5,5,220237,447,Botman,Sven,Botman,DEF,17,4,Newcastle,5.0,5.0,0.0,15,450,5,0,0,1,0,43,3.0,3.0,0.8,54930,31454,0.6464,0.3701,0.2763,16.4,136.0,4.1,23.0,a,,,,,3.0,0.6,3.0,3.0,4,5,0,9,0,0,0,1,0,0.06,0.17,0.23,9.14,59,5,14,54,,,,0,False,205,0.0,12256,6160,12.0,223,False,,14.1,1,17.7,1,21.3,2,5.0,3420,114,0,0,3.0,22.8,0,4.742,4.154,5.331,-0.258
2026-10-10,2026-10-10T09:24:58+00:00,2026,5,5,220362,153,Disasi,Axel,Disasi,DEF,8,31,Crystal Palace,4.5,4.5,0.0,1,139,3,0,0,0,0,-6,0.3,0.2,0.1,9451,11211,0.1112,0.1319,-0.0207,5.0,34.8,13.4,2.0,s,Suspended until 25 Oct,2026-09-12T15:30:09.445078Z,0.0,0.0,-1.5,-0.3,0.0,0.0,0,2,0,6,0,0,0,0,1,0.0,0.04,0.04,3.72,20,5,11,15,,,,0,False,485,0.0,50,1630,-107.0,-74,False,,-152.8,-5,-231.9,-5,-311.0,-5,5.0,1056,8,0,0,0.3,1.7,0,4.153,3.564,4.741,-0.347
2026-10-10,2026-10-10T09:24:58+00:00,2026,5,5,220566,402,Rodrigo,Rodrigo 'Rodri',Hernandez Cascante,MID,15,43,Man City,6.5,6.5,0.0,0,0,0,0,0,0,0,0,0.0,0.0,0.0,0,1234,0.0,0.0145,-0.0145,0.0,0.0,0.0,0.0,u,Has joined Barcelona permanently,2026-07-23T12:01:23.675537Z,0.0,0.0,0.0,0.0,0.0,0.0,0,0,0,0,0,0,0,0,0,0.0,0.0,0.0,0.0,0,0,0,0,,,,0,False,608,0.0,0,30,0.0,0,False,,0.0,0,0.0,0,0.0,0,5.0,0,0,0,0,0.0,0.0,0,5.892,5.302,6.482,-0.608
2026-10-10,2026-10-10T09:24:58+00:00,2026,5,5,220583,180,Woolfenden,Luke,Woolfenden,DEF,7,9,Coventry City,3.9,4.0,-0.1,0,0,0,0,0,0,0,0,0.0,0.0,0.1,3055,9805,0.0359,0.1154,-0.0794,0.0,0.0,0.0,0.0,i,Knee injury - Unknown return date,2026-08-27T14:56:28.718566Z,0.0,0.0,0.0,0.0,0.0,0.0,0,0,0,0,0,0,0,0,0,0.0,0.0,0.0,0.0,0,0,0,0,,,,0,False,394,-0.1,820,1296,-0.1,1,False,,0.0,0,0.0,0,0.1,1,5.0,0,0,0,0,0.0,0.0,0,3.986,3.399,4.573,0.086
2026-10-10,2026-10-10T09:24:58+00:00,2026,5,5,220627,332,Justin,James,Justin,DEF,13,2,Leeds,4.5,4.5,0.0,26,450,5,0,0,2,4,91,5.2,5.8,1.4,130670,79478,1.5377,0.9353,0.6024,20.0,103.6,56.1,41.0,a,,,,,5.0,1.1,5.0,5.0,8,5,0,3,0,0,0,0,0,0.22,0.42,0.64,6.46,44,16,14,28,,,,0,False,151,0.0,13398,14565,19.6,-68,False,,19.0,1,17.8,1,16.7,1,5.0,3420,198,0,0,5.2,38.7,1,4.845,4.251,5.44,0.345
2026-10-10,2026-10-10T09:24:58+00:00,2026,5,5,221389,468,John,John Victor,Maciel Furtado,GK,18,17,Nott'm Forest,4.5,4.5,0.0,0,0,0,0,0,0,0,0,0.0,0.0,0.1,912,2121,0.0107,0.025,-0.0142,0.0,0.0,0.0,0.0,a,,,,,0.0,0.0,0.0,0.0,0,0,0,0,0,0,0,0,0,0.0,0.0,0.0,0.0,0,0,0,0,,,,0,False,486,0.0,105,261,-84.6,0,False,,-84.6,-3,-84.6,-3,-84.6,-3,5.0,0,0,0,0,0.0,0.0,0,4.257,3.669,4.845,-0.243
2026-10-10,2026-10-10T09:24:58+00:00,2026,5,5,221399,342,Harrison,Jack,Harrison,MID,13,2,Leeds,5.0,5.0,0.0,0,0,0,0,0,0,0,0,0.0,0.0,0.0,0,80,0.0,0.0009,-0.0009,0.0,0.0,0.0,0.0,u,Has joined New England Revolution permanently,2026-07-28T12:59:09.492431Z,0.0,0.0,0.0,0.0,0.0,0.0,0,0,0,0,0,0,0,0,0,0.0,0.0,0.0,0.0,0,0,0,0,,,,0,False,665,0.0,0,6,0.0,-1,False,,0.0,0,0.0,0,0.0,0,5.0,0,0,0,0,0.0,0.0,0,4.801,4.214,5.389,-0.199
2026-10-10,2026-10-10T09:24:58+00:00,2026,5,5,221466,498,Senesi,Marcos,Senesi Barón,DEF,19,6,Spurs,5.8,6.0,-0.2,3,90,1,0,0,0,0,10,3.0,0.5,3.3,30266,475015,0.3562,5.5897,-5.2336,3.9,36.6,2.2,0.0,a,,,,,0.0,0.0,0.0,0.0,0,1,0,3,0,0,0,0,0,0.0,0.02,0.02,3.87,16,5,2,11,,,,0,False,101,0.0,2122,38552,-81.8,-926,False,,-109.0,-5,-156.0,-5,-202.9,-5,5.0,684,23,0,0,3.0,3.9,0,5.284,4.696,5.872,-0.516
2026-10-10,2026-10-10T09:24:58+00:00,2026,5,5,221632,500,Romero,Cristian,Romero,DEF,19,6,Spurs,5.0,5.0,0.0,0,0,0,0,0,0,0,0,0.0,0.0,0.1,0,16921,0.0,0.1991,-0.1991,0.0,0.0,0.0,0.0,u,Has joined Atletico Madrid permanently,2026-08-17T13:49:05.465401Z,0.0,0.0,0.0,0.0,0.0,0.0,0,0,0,0,0,0,0,0,0,0.0,0.0,0.0,0.0,0,0,0,0,,,,0,False,436,0.0,0,407,0.0,-5,False,,0.0,0,0.0,0,0.0,0,5.0,0,0,0,0,0.0,0.0,0,4.616,4.028,5.204,-0.384
2026-10-10,2026-10-10T09:24:58+00:00,2026,5,5,221820,419,Martinez,Lisandro,Martínez,DEF,16,1,Man Utd,4.9,5.0,-0.1,6,360,4,0,0,0,0,29,1.5,1.2,1.3,39346,70780,0.463,0.8329,-0.3699,11.8,66.4,18.8,32.0,a,,2026-07-24T20:00:10.337107Z,100.0,100.0,1.0,0.2,1.0,1.0,0,4,0,6,1,0,0,0,0,0.21,0.16,0.37,5.79,20,3,14,17,,,,0,False,159,-0.1,6420,9927,-0.2,-19,False,,-1.0,-1,-2.4,-1,-3.9,-1,5.0,2736,46,0,0,1.5,9.3,0,4.571,3.982,5.16,-0.329
2026-10-10,2026-10-10T09:24:58+00:00,2026,5,5,222018,307,Johnson,Ben,Johnson,DEF,12,40,Ipswich Town,4.0,4.0,0.0,0,0,0,0,0,0,0,0,0.0,0.0,0.1,1137,6706,0.0134,0.0789,-0.0655,0.0,0.0,0.0,0.0,u,Has joined Stoke City on loan for the rest of the season,2026-09-04T12:36:56.236331Z,0.0,0.0,0.0,0.0,0.0,0.0,0,0,0,0,0,0,0,0,0,0.0,0.0,0.0,0.0,0,0,0,0,,,,0,False,488,0.0,0,759,0.0,-19,False,,0.0,0,0.0,0,0.0,0,5.0,0,0,0,0,0.0,0.0,0,4.007,3.42,4.594,0.007
2026-10-10,2026-10-10T09:24:58+00:00,2026,5,5,222531,480,Gibbs-White,Morgan,Gibbs-White,MID,18,17,Nott'm Forest,8.0,8.0,0.0,28,450,5,1,2,1,6,116,5.6,3.5,15.9,1332719,778163,15.6827,9.157,6.5257,40.6,123.4,204.7,78.0,a,,2026-08-24T15:30:08.350159Z,100.0,100.0,5.0,0.6,5.0,5.0,2,5,0,5,0,0,0,0,0,1.56,1.42,2.98,4.77,21,5,14,2,1.0,1.0,,1,False,28,0.0,189037,195469,59.9,231,False,,62.1,3,65.9,3,69.6,3,5.0,3420,213,8,15,5.6,26.6,0,8.24,7.649,8.831,0.24
2026-10-10,2026-10-10T09:24:58+00:00,2026,5,5,222625,317,Hirst,George,Hirst,FWD,12,40,Ipswich Town,5.0,5.0,0.0,0,0,0,0,0,0,0,0,0.0,0.0,0.1,0,17647,0.0,0.2077,-0.2077,0.0,0.0,0.0,0.0,u,Has joined Stoke City permanently,2026-08-21T13:06:08.606019Z,0.0,0.0,0.0,0.0,0.0,0.0,0,0,0,0,0,0,0,0,0,0.0,0.0,0.0,0.0,0,0,0,0,,,,0,False,454,0.0,0,1017,0.0,-23,False,,0.0,0,0.0,0,0.0,0,5.0,0,0,0,0,0.0,0.0,0,4.794,4.206,5.381,-0.206
2026-10-10,2026-10-10T09:24:58+00:00,2026,5,5,222683,70,Kluivert,Justin,Kluivert,MID,3,91,Bournemouth,5.9,6.0,-0.1,15,294,4,1,0,2,1,64,3.8,2.5,0.7,52755,102850,0.6208,1.2103,-0.5895,22.5,62.2,46.5,120.0,i,Unspecified injury - Unknown return date,2026-09-20T15:30:09.074071Z,,0.0,4.0,0.7,4.0,0.0,0,4,0,3,0,0,0,1,0,0.99,0.08,1.07,4.48,22,4,16,2,2.0,2.0,3.0,0,False,219,-0.1,2398,37968,-8.7,-1135,False,,-43.6,-3,-103.7,-5,-163.9,-5,5.0,2234,114,8,0,3.8,19.3,0,6.105,5.516,6.694,0.205
2026-10-10,2026-10-10T09:24:58+00:00,2026,5,5,222694,328,Struijk,Pascal,Struijk,DEF,5,36,Brighton,4.9,5.0,-0.1,7,98,3,0,0,1,0,31,2.3,1.4,0.2,5725,13229,0.0674,0.1557,-0.0883,4.0,32.2,1.5,7.0,d,Hamstring injury - 75% chance of playing,2026-09-22T10:00:09.404233Z,100.0,75.0,3.0,0.6,3.0,2.2,5,1,0,0,0,0,0,1,0,0.16,0.01,0.17,1.7,10,1,6,9,,,,0,False,362,0.0,696,1978,-26.5,-43,False,,-40.6,-3,-65.1,-3,-89.5,-3,5.0,745,53,0,0,2.3,10.9,0,4.713,4.125,5.301,-0.187
2026-10-10,2026-10-10T09:24:58+00:00,2026,5,5,223094,411,Haaland,Erling,Haaland,FWD,15,43,Man City,15.6,15.5,0.1,39,450,5,5,0,2,9,167,7.8,2.5,74.3,1019067,357070,11.9918,4.2018,7.79,46.5,184.2,22.5,258.0,a,,,,,7.5,0.5,7.5,7.5,6,5,0,5,0,0,0,0,0,4.42,0.53,4.95,7.25,20,0,10,10,1.0,,,2,True,1,0.0,173790,55412,32.8,746,False,,39.9,2,52.1,3,64.2,3,5.0,3420,296,36,0,7.8,19.0,3,15.529,14.891,16.168,-0.071
2026-10-10,2026-10-10T09:24:58+00:00,2026,5,5,223340,12,Saka,Bukayo,Saka,MID,1,3,Arsenal,9.6,9.5,0.1,32,416,5,3,0,3,4,137,6.4,3.3,17.4,1183075,438336,13.9218,5.1581,8.7637,52.1,155.6,125.6,240.0,a,,,,,5.0,0.5,5.0,5.0,2,5,0,4,0,0,0,0,0,3.22,0.98,4.2,3.58,31,6,17,8,1.0,2.0,2.0,0,False,22,0.1,503453,88485,30.0,13414,False,,76.7,3,157.5,5,238.2,5,5.0,3162,243,23,0,6.4,25.3,0,9.76,9.162,10.358,0.16
2026-10-10,2026-10-10T09:24:58+00:00,2026,5,5,223434,118,Igor,Igor Julio,dos Santos de Paulo,DEF,5,36,Brighton,4.5,4.5,0.0,0,0,0,0,0,0,0,0,0.0,0.0,0.0,915,6124,0.0108,0.0721,-0.0613,0.0,0.0,0.0,0.0,u,Has joined Burnley permanently,2026-09-02T15:38:15.529699Z,0.0,0.0,0.0,0.0,0.0,0.0,0,0,0,0,0,0,0,0,0,0.0,0.0,0.0,0.0,0,0,0,0,,,,0,False,525,0.0,0,481,0.0,-7,False,,0.0,0,0.0,0,0.0,0,5.0,0,0,0,0,0.0,0.0,0,4.272,3.684,4.86,-0.228
2026-10-10,2026-10-10T09:24:58+00:00,2026,5,5,223541,370,Chiesa,Federico,Chiesa,MID,14,14,Liverpool,5.3,5.5,-0.2,0,0,0,0,0,0,0,0,0.0,0.0,0.0,686,10188,0.0081,0.1199,-0.1118,0.0,0.0,0.0,0.0,d,Back injury - 25% chance of playing,2026-08-27T13:30:07.598926Z,0.0,25.0,0.0,0.0,0.0,0.0,0,0,0,0,0,0,0,0,0,0.0,0.0,0.0,0.0,0,0,0,0,,,,0,False,506,-0.1,21,355,0.0,0,False,2026-10-17T15:30:10.016825Z,0.0,0,0.0,0,0.0,0,5.0,0,0,0,0,0.0,0.0,0,5.132,4.544,5.72,-0.168
2026-10-10,2026-10-10T09:24:58+00:00,2026,5,5,223723,577,Tomiyasu,Takehiro,Tomiyasu,DEF,8,31,Crystal Palace,4.4,4.5,-0.1,3,189,4,0,0,0,0,10,0.8,0.7,0.2,3501,15338,0.0412,0.1805,-0.1393,6.0,35.8,15.6,8.0,i,Calf injury - Expected back 18 Oct,2026-09-21T13:30:09.030724Z,,0.0,0.5,0.1,0.5,0.0,1,2,0,5,0,0,0,0,0,0.0,0.03,0.03,3.98,17,2,7,15,,,,0,False,312,0.0,172,3218,-25.7,-128,False,,-44.7,-3,-77.5,-3,-110.3,-5,5.0,1436,23,0,0,0.7,5.2,0,4.177,3.589,4.765,-0.223
2026-10-10,2026-10-10T09:24:58+00:00,2026,5,5,223827,532,Ballard,Daniel,Ballard,DEF,20,56,Sunderland,4.9,5.0,-0.1,14,450,5,0,0,1,0,31,2.8,2.9,1.9,45678,378224,0.5375,4.4507,-3.9132,16.3,104.2,23.8,35.0,i,Hamstring injury - Unknown return date,2026-09-25T21:30:10.370384Z,,0.0,1.0,0.2,1.0,0.0,2,5,0,10,0,0,0,2,0,0.31,0.16,0.47,8.66,49,10,12,39,,,,0,False,128,0.0,3779,77656,-94.3,-3664,False,,-161.7,-5,-278.0,-5,-394.3,-5,5.0,3420,106,0,0,2.8,21.7,0,4.69,4.102,5.277,-0.21
2026-10-10,2026-10-10T09:24:58+00:00,2026,5,5,224117,25,Gyökeres,Viktor,Gyökeres,FWD,1,3,Arsenal,7.1,7.5,-0.4,2,29,2,0,0,0,0,7,1.0,0.3,3.9,126024,625394,1.483,7.3593,-5.8763,1.4,0.0,14.7,0.0,a,,,,,0.5,0.1,0.5,0.5,1,0,0,0,0,0,0,0,0,0.0,0.23,0.23,0.65,1,0,1,0,2.0,,,0,False,87,-0.1,97801,31070,35.4,4366,False,,76.7,3,147.9,5,219.1,5,5.0,220,15,0,0,1.0,2.1,0,6.251,5.662,6.841,-0.849
2026-10-10,2026-10-10T09:24:58+00:00,2026,5,5,224967,233,Mykolenko,Vitalii,Mykolenko,DEF,9,11,Everton,4.6,4.5,0.1,27,450,5,0,0,3,3,109,5.4,5.9,3.5,418520,186575,4.9249,2.1955,2.7294,15.5,105.6,35.7,13.0,d,Leg injury - 75% chance of playing,2026-10-01T19:30:09.402881Z,,75.0,8.0,1.7,8.0,6.0,5,5,0,3,0,0,0,1,0,0.04,0.16,0.2,6.94,39,14,30,25,,,,1,False,95,0.1,47328,90122,-19.8,-2124,False,,-51.7,-3,-106.7,-5,-161.7,-5,5.0,3420,205,0,0,5.4,38.7,1,4.955,4.358,5.551,0.355
2026-10-10,2026-10-10T09:24:58+00:00,2026,5,5,225796,142,James,Reece,James,DEF,6,8,Chelsea,5.3,5.5,-0.2,3,292,4,0,0,0,0,24,0.8,0.6,5.4,173028,643521,2.0361,7.5726,-5.5365,14.8,56.2,42.6,49.0,a,,2026-09-18T10:30:09.719371Z,75.0,100.0,0.5,0.1,0.4,0.5,0,3,0,7,0,0,0,1,0,0.33,0.26,0.59,4.9,13,2,15,11,,1.0,1.0,0,False,72,-0.1,4823,120832,-15.9,-721,False,,-23.6,-2,-36.9,-2,-50.2,-3,5.0,2219,23,0,0,0.7,4.3,0,4.797,4.207,5.386,-0.503
2026-10-10,2026-10-10T09:24:58+00:00,2026,5,5,226182,330,Bogle,Jayden,Bogle,DEF,13,2,Leeds,4.6,4.5,0.1,42,365,5,2,0,4,6,122,8.4,9.1,8.2,785207,123495,9.2399,1.4532,7.7867,26.2,108.8,34.6,119.0,a,,,,,10.0,2.2,10.0,10.0,5,5,0,1,0,0,0,2,0,1.38,0.08,1.46,2.89,16,5,11,11,,,,2,True,43,0.0,258634,64287,87.5,2529,False,,111.4,5,152.7,5,193.9,5,5.0,2774,319,15,0,8.4,38.7,1,6.011,5.367,6.655,1.411
2026-10-10,2026-10-10T09:24:58+00:00,2026,5,5,226597,4,Gabriel,Gabriel,dos Santos Magalhães,DEF,1,3,Arsenal,8.0,8.0,0.0,25,450,5,0,0,3,2,90,5.0,3.1,22.6,277355,978639,3.2638,11.5161,-8.2523,20.0,94.8,22.0,84.0,a,,,,,5.0,0.6,5.0,5.0,1,5,0,4,0,0,0,2,0,0.51,0.2,0.71,4.03,41,6,17,35,,,,0,False,14,0.0,67112,135748,-97.6,439,False,,-95.7,-4,-92.4,-3,-89.1,-3,5.0,3420,190,0,0,5.0,23.8,0,7.006,6.41,7.603,-0.994
2026-10-10,2026-10-10T09:24:58+00:00,2026,5,5,226944,47,Kamara,Boubacar,Kamara,MID,2,7,Aston Villa,5.0,5.0,0.0,15,443,5,0,1,2,0,85,3.0,3.0,0.3,15723,23084,0.185,0.2716,-0.0866,14.3,68.0,68.8,6.0,a,,2026-07-23T12:01:23.337269Z,100.0,100.0,4.0,0.8,4.0,4.0,6,5,0,7,0,0,0,0,0,0.12,0.16,0.28,8.44,36,9,16,11,,,,0,False,293,0.0,2514,3136,-91.5,-21,False,,-98.5,-4,-110.4,-5,-122.4,-5,5.0,3367,114,0,8,3.0,22.8,0,5.279,4.69,5.868,0.279
2026-10-10,2026-10-10T09:24:58+00:00,2026,5,5,226965,188,Torp,Victor,Torp,MID,7,9,Coventry City,5.3,5.5,-0.2,3,53,3,0,0,0,0,13,1.0,0.6,0.1,806,8345,0.0095,0.0982,-0.0887,2.7,7.2,20.4,0.0,a,,,,,0.5,0.1,0.5,0.5,0,0,0,2,0,0,0,0,0,0.0,0.12,0.12,1.22,3,0,2,1,2.0,2.0,2.0,0,False,424,-0.1,53,813,-22.9,-21,False,,-36.0,-2,-58.7,-3,-81.4,-3,5.0,403,23,0,0,1.0,4.3,0,5.058,4.47,5.645,-0.242
2026-10-10,2026-10-10T09:24:58+00:00,2026,5,5,227444,471,Milenković,Nikola,Milenković,DEF,18,17,Nott'm Forest,5.4,5.5,-0.1,12,270,3,0,0,1,0,34,4.0,2.2,0.9,18044,118477,0.2123,1.3942,-1.1818,7.0,53.2,1.4,16.0,i,Knee injury - Unknown return date,2026-09-12T14:00:09.705107Z,0.0,0.0,0.0,0.0,0.0,0.0,0,3,0,3,0,0,0,1,0,0.11,0.03,0.14,3.28,31,5,12,26,,,,0,False,187,-0.1,112,23320,-29.7,-781,False,,-47.8,-3,-79.2,-3,-110.5,-5,5.0,2052,91,0,0,4.0,16.9,0,5.062,4.474,5.65,-0.338
2026-10-10,2026-10-10T09:24:58+00:00,2026,5,5,229164,314,Ogbene,Chiedozie,Ogbene,MID,12,40,Ipswich Town,4.9,5.0,-0.1,0,0,0,0,0,0,0,0,0.0,0.0,0.0,104,1247,0.0012,0.0147,-0.0135,0.0,0.0,0.0,0.0,u,Has joined Lincoln City on loan until January,2026-09-02T16:04:17.497385Z,0.0,0.0,0.0,0.0,0.0,0.0,0,0,0,0,0,0,0,0,0,0.0,0.0,0.0,0.0,0,0,0,0,,,,0,False,633,0.0,0,105,0.0,0,False,,0.0,0,0.0,0,0.0,0,5.0,0,0,0,0,0.0,0.0,0,4.773,4.186,5.36,-0.127
2026-10-10,2026-10-10T09:24:58+00:00,2026,5,5,229600,227,Travers,Mark,Travers,GK,9,11,Everton,5.0,5.0,0.0,0,0,0,0,0,0,0,0,0.0,0.0,0.0,1972,2283,0.0232,0.0269,-0.0037,0.0,0.0,0.0,0.0,a,,,,,0.0,0.0,0.0,0.0,0,0,0,0,0,0,0,0,0,0.0,0.0,0.0,0.0,0,0,0,0,,,,0,False,511,0.0,414,421,-35.6,7,False,,-18.0,-1,0.0,0,0.2,1,5.0,0,0,0,0,0.0,0.0,0,4.577,3.988,5.166,-0.423
2026-10-10,2026-10-10T09:24:58+00:00,2026,5,5,230001,422,Mazraoui,Noussair,Mazraoui,DEF,16,1,Man Utd,4.4,4.5,-0.1,3,97,3,0,0,0,0,6,1.0,0.7,0.5,14421,44807,0.1697,0.5273,-0.3576,6.4,21.0,31.2,11.0,d,Back injury - 75% chance of playing,2026-10-04T21:30:08.533022Z,,75.0,0.0,0.0,0.0,0.0,0,1,0,4,0,0,0,0,0,0.22,0.06,0.28,2.08,6,2,3,4,,,,0,False,255,0.0,637,6720,-66.9,-176,False,,-87.3,-3,-122.4,-5,-157.5,-5,5.0,737,23,0,0,1.0,5.2,0,4.389,3.802,4.977,-0.011
2026-10-10,2026-10-10T09:24:58+00:00,2026,5,5,230650,615,Di Gregorio,Michele,Di Gregorio,GK,3,91,Bournemouth,4.5,4.5,0.0,0,0,0,0,0,0,0,0,0.0,0.0,0.0,3022,1841,0.0356,0.0217,0.0139,0.0,0.0,0.0,0.0,a,,,,,0.0,0.0,0.0,0.0,0,0,0,0,0,0,0,0,0,0.0,0.0,0.0,0.0,0,0,0,0,,,,0,False,520,0.0,279,292,-34.1,0,False,,-34.1,-2,-34.1,-2,-34.1,-2,5.0,0,0,0,0,0.0,0.0,0,4.26,3.671,4.849,-0.24
2026-10-10,2026-10-10T09:24:58+00:00,2026,5,5,230730,194,Thomas-Asante,Brandon,Thomas-Asante,FWD,7,9,Coventry City,5.0,5.0,0.0,9,227,5,0,0,1,0,43,1.8,1.8,0.8,71238,63431,0.8383,0.7464,0.0919,8.4,29.8,4.5,49.0,a,,,,,2.5,0.5,2.5,2.5,4,2,0,6,0,0,0,0,0,0.34,0.06,0.39,4.98,27,3,12,12,4.0,,,0,False,195,0.0,20613,12406,5.1,311,False,,8.0,1,13.1,1,18.2,1,5.0,1725,68,0,0,1.8,13.7,0,4.917,4.33,5.505,-0.083
2026-10-10,2026-10-10T09:24:58+00:00,2026,5,5,231065,91,Pinnock,Ethan,Pinnock,DEF,7,9,Coventry City,4.5,4.5,0.0,14,282,4,0,0,1,0,15,3.5,3.1,0.1,3641,4291,0.0428,0.0505,-0.0076,10.3,90.8,1.7,10.0,a,,,,,5.0,1.1,5.0,5.0,8,3,0,7,0,0,0,1,0,0.12,0.0,0.12,6.57,44,3,4,41,,,,0,False,445,0.0,1472,520,-52.8,66,False,,0.2,1,1.3,1,2.4,1,5.0,2143,106,0,0,3.5,23.6,0,4.624,4.036,5.212,0.124
2026-10-10,2026-10-10T09:24:58+00:00,2026,5,5,231416,113,F.Kadıoğlu,Ferdi,Kadıoğlu,DEF,5,36,Brighton,4.4,4.5,-0.1,13,332,4,0,0,2,0,46,3.2,3.0,1.5,36580,144766,0.4305,1.7035,-1.2731,12.2,31.2,58.1,32.0,a,,2026-08-23T13:00:07.595211Z,100.0,100.0,5.5,1.2,5.5,5.5,5,4,0,5,0,0,0,1,0,0.12,0.13,0.25,7.55,10,1,8,9,,,3.0,0,False,142,0.0,10167,17223,-63.7,96,False,,-57.5,-3,-46.8,-3,-36.1,-2,5.0,2523,99,0,0,3.2,22.5,0,4.551,3.964,5.139,0.151
2026-10-10,2026-10-10T09:24:58+00:00,2026,5,5,231747,223,Mateta,Jean-Philippe,Mateta,FWD,8,31,Crystal Palace,6.3,6.5,-0.2,2,62,1,0,0,0,0,-3,2.0,0.3,1.2,26099,460777,0.3071,5.4222,-5.1151,2.5,1.4,12.3,11.0,i,Hamstring injury - Expected back 18 Oct,2026-08-28T21:00:08.020382Z,0.0,0.0,0.0,0.0,0.0,0.0,0,1,0,2,0,0,0,0,0,0.7,0.02,0.72,0.98,5,2,2,1,1.0,,,0,False,163,0.0,346,15290,-39.2,-396,False,,-50.8,-3,-70.7,-3,-90.6,-3,5.0,471,15,0,0,2.0,2.4,0,5.64,5.051,6.228,-0.66
2026-10-10,2026-10-10T09:24:58+00:00,2026,5,5,231899,312,Taylor,Jack,Taylor,MID,12,40,Ipswich Town,4.4,4.5,-0.1,0,0,0,0,0,0,0,0,0.0,0.0,0.0,1296,2867,0.0153,0.0337,-0.0185,0.0,0.0,0.0,0.0,a,,2026-07-29T18:00:10.319370Z,0.0,100.0,0.0,0.0,0.0,0.0,0,0,0,0,0,0,0,0,0,0.0,0.0,0.0,0.0,0,0,0,0,,,,0,False,532,-0.1,720,486,0.1,0,False,2026-10-17T14:30:11.332598Z,0.1,1,0.1,1,0.1,1,5.0,0,0,0,0,0.0,0.0,0,4.502,3.915,5.089,0.102
2026-10-10,2026-10-10T09:24:58+00:00,2026,5,5,232112,433,Ugarte,Manuel,Ugarte Ribeiro,MID,16,1,Man Utd,5.0,5.0,0.0,0,0,0,0,0,0,0,0,0.0,0.0,0.0,131,274,0.0015,0.0032,-0.0017,0.0,0.0,0.0,0.0,i,Knee injury - Unknown return date,2026-07-23T12:01:23.706702Z,0.0,0.0,0.0,0.0,0.0,0.0,0,0,0,0,0,0,0,0,0,0.0,0.0,0.0,0.0,0,0,0,0,,,,0,False,645,0.0,35,34,-72.9,1,False,,-61.6,-3,-42.2,-3,-22.8,-2,5.0,0,0,0,0,0.0,0.0,0,4.909,4.321,5.497,-0.091
2026-10-10,2026-10-10T09:24:58+00:00,2026,5,5,232185,208,Sarr,Ismaïla,Sarr,MID,8,31,Crystal Palace,6.2,6.5,-0.3,1,8,1,0,0,0,0,3,1.0,0.2,0.7,10846,378985,0.1276,4.4597,-4.3321,0.1,0.0,0.5,0.0,a,,2026-08-22T18:00:07.363165Z,100.0,100.0,0.5,0.1,0.5,0.5,1,0,0,0,0,0,0,0,0,0.0,0.01,0.01,0.06,0,0,0,0,2.0,,,0,False,222,0.0,6792,4534,1.1,201,False,,3.0,1,6.3,1,9.5,1,5.0,61,8,0,0,1.0,1.2,0,5.566,4.977,6.154,-0.634
2026-10-10,2026-10-10T09:24:58+00:00,2026,5,5,232351,282,Giles,Ryan,Giles,DEF,11,88,Hull City,4.0,4.0,0.0,24,444,5,0,1,3,2,94,4.8,6.0,3.0,300703,78901,3.5385,0.9285,2.61,22.2,82.8,132.5,6.0,a,,,,,2.0,0.5,2.0,2.0,0,5,0,4,0,0,0,1,0,0.02,0.43,0.45,7.33,24,5,14,19,,1.0,3.0,0,False,105,0.0,43886,26610,77.5,167,False,,79.1,3,81.8,3,84.5,3,5.0,3374,182,0,8,4.8,38.7,1,4.93,4.339,5.521,0.93
2026-10-10,2026-10-10T09:24:58+00:00,2026,5,5,232413,14,Eze,Eberechi,Eze,MID,1,3,Arsenal,6.2,6.5,-0.3,4,85,4,0,0,0,0,18,1.0,0.6,1.1,33263,143179,0.3914,1.6849,-1.2934,1.6,3.0,5.9,9.0,a,,,,,1.0,0.2,1.0,1.0,1,0,0,0,0,0,0,0,0,0.04,0.09,0.13,1.33,5,0,5,0,,3.0,,0,False,171,-0.1,12344,10335,3.5,729,False,,10.4,1,22.3,2,34.2,2,5.0,646,30,0,0,1.0,4.9,0,5.673,5.085,6.261,-0.527
2026-10-10,2026-10-10T09:24:58+00:00,2026,5,5,232457,324,Mehmeti,Anis,Mehmeti,MID,12,40,Ipswich Town,4.8,5.0,-0.2,0,0,0,0,0,0,0,0,0.0,0.0,0.0,438,2632,0.0052,0.031,-0.0258,0.0,0.0,0.0,0.0,a,,,,,0.0,0.0,0.0,0.0,0,0,0,0,0,0,0,0,0,0.0,0.0,0.0,0.0,0,0,0,0,,,,0,False,535,-0.1,112,301,-11.2,-12,False,,-33.9,-2,-73.3,-3,-112.6,-5,5.0,0,0,0,0,0.0,0.0,0,4.745,4.158,5.332,-0.055
2026-10-10,2026-10-10T09:24:58+00:00,2026,5,5,232571,530,Patterson,Anthony,Patterson,GK,20,56,Sunderland,4.0,4.0,0.0,0,0,0,0,0,0,0,0,0.0,0.0,0.1,0,6249,0.0,0.0735,-0.0735,0.0,0.0,0.0,0.0,u,Has joined Wrexham permanently,2026-08-12T14:08:03.064533Z,0.0,0.0,0.0,0.0,0.0,0.0,0,0,0,0,0,0,0,0,0,0.0,0.0,0.0,0.0,0,0,0,0,,,,0,False,397,0.0,0,597,0.0,-9,False,,0.0,0,0.0,0,0.0,0,5.0,0,0,0,0,0.0,0.0,0,3.99,3.402,4.577,-0.01
2026-10-10,2026-10-10T09:24:58+00:00,2026,5,5,232653,456,J.Ramsey,Jacob,Ramsey,MID,17,4,Newcastle,4.8,5.0,-0.2,7,69,3,1,0,0,0,26,2.3,1.5,0.2,16651,34397,0.1959,0.4048,-0.2088,6.7,40.4,6.3,21.0,i,Thigh injury - Unknown return date,2026-09-15T09:00:08.191022Z,0.0,0.0,0.0,0.0,0.0,0.0,0,0,0,1,0,0,0,1,0,0.17,0.16,0.33,1.92,11,2,6,3,,,,0,False,327,-0.1,105,8194,-15.6,-177,False,,-33.4,-2,-64.1,-3,-94.8,-3,5.0,524,53,8,0,2.3,11.1,0,5.49,4.902,6.079,0.69
2026-10-10,2026-10-10T09:24:58+00:00,2026,5,5,232787,519,Gallagher,Conor,Gallagher,MID,19,6,Spurs,5.3,5.5,-0.2,9,134,3,1,0,1,0,48,3.0,1.7,0.2,5171,17814,0.0608,0.2096,-0.1488,9.6,48.6,12.2,36.0,a,,,,,3.0,0.6,3.0,3.0,6,2,0,2,0,0,0,1,0,0.37,0.12,0.49,2.65,18,8,9,1,,,,0,False,342,0.0,1315,1426,-2.5,-7,False,,-6.5,-1,-13.3,-1,-20.2,-2,5.0,1018,68,8,0,3.0,12.9,0,5.829,5.241,6.417,0.529
2026-10-10,2026-10-10T09:24:58+00:00,2026,5,5,232859,505,Spence,Djed,Spence,DEF,19,6,Spurs,4.5,4.5,0.0,0,0,0,0,0,0,0,0,0.0,0.0,0.2,0,69806,0.0,0.8214,-0.8214,0.0,0.0,0.0,0.0,u,Has joined Internazionale permanently,2026-08-18T14:13:08.454214Z,0.0,0.0,0.0,0.0,0.0,0.0,0,0,0,0,0,0,0,0,0,0.0,0.0,0.0,0.0,0,0,0,0,,,,0,False,323,0.0,0,1720,0.0,-21,False,,0.0,0,0.0,0,0.0,0,5.0,0,0,0,0,0.0,0.0,0,4.343,3.756,4.931,-0.157
2026-10-10,2026-10-10T09:24:58+00:00,2026,5,5,232892,257,Bassey,Calvin,Bassey,DEF,10,54,Fulham,4.5,4.5,0.0,15,450,5,0,1,1,1,69,3.0,3.3,0.9,53387,33996,0.6282,0.4,0.2282,15.2,97.0,15.3,40.0,a,,,,,6.0,1.3,6.0,6.0,6,5,0,8,0,0,0,1,0,0.13,0.08,0.21,9.11,29,6,22,23,,,,0,False,183,0.0,32373,5850,8.8,1323,False,,21.3,2,42.8,3,64.4,3,5.0,3420,114,0,8,3.0,25.3,0,4.834,4.245,5.422,0.334
2026-10-10,2026-10-10T09:24:58+00:00,2026,5,5,232905,287,Millar,Liam,Millar,MID,11,88,Hull City,5.0,5.0,0.0,6,50,2,1,0,0,0,26,3.0,1.2,0.0,3178,7719,0.0374,0.0908,-0.0534,5.2,36.0,1.1,15.0,u,Has joined Birmingham on loan for the rest of the season,2026-09-02T15:36:41.038103Z,0.0,0.0,0.0,0.0,0.0,0.0,0,0,0,0,0,0,0,1,0,0.58,0.0,0.58,0.87,4,1,1,2,,,,0,False,549,0.0,0,499,0.0,-10,False,,0.0,0,0.0,0,0.0,0,5.0,380,46,8,0,3.0,9.1,0,5.544,4.956,6.132,0.544
2026-10-10,2026-10-10T09:24:58+00:00,2026,5,5,232928,239,Garner,James,Garner,MID,9,11,Everton,6.0,6.0,0.0,11,328,5,0,0,2,0,71,2.2,1.8,0.2,24070,15909,0.2832,0.1872,0.096,13.4,51.4,68.3,13.0,a,,2026-09-06T18:00:08.301702Z,100.0,100.0,3.5,0.6,3.5,3.5,3,4,0,2,0,0,0,2,0,0.2,0.17,0.37,3.45,45,11,25,9,2.0,1.0,1.0,0,False,320,0.0,4618,4009,4.1,14,False,,4.3,1,4.5,1,4.7,1,5.0,2493,84,0,0,2.2,13.9,0,5.465,4.877,6.053,-0.535
2026-10-10,2026-10-10T09:24:58+00:00,2026,5,5,235448,661,Balcombe,Ellery,Balcombe,GK,4,94,Brentford,4.0,4.0,0.0,0,0,0,0,0,0,0,0,0.0,0.0,0.1,5774,1123,0.0679,0.0132,0.0547,0.0,0.0,0.0,0.0,a,,,,,0.0,0.0,1.0,1.0,0,0,0,0,0,0,0,0,0,0.0,0.0,0.0,0.0,0,0,0,0,,,,0,False,455,0.0,5774,1123,0.3,39,False,,0.7,1,1.3,1,1.9,1,5.0,0,0,0,0,0.0,0.0,0,3.947,3.358,4.536,-0.053
2026-10-10,2026-10-10T09:24:58+00:00,2026,5,5,235826,348,Piroe,Joël,Piroe,FWD,13,2,Leeds,5.0,5.0,0.0,0,0,0,0,0,0,0,0,0.0,0.0,0.1,0,11498,0.0,0.1353,-0.1353,0.0,0.0,0.0,0.0,u,Has joined West Ham United on loan for the rest of the season,2026-08-19T13:56:14.666726Z,0.0,0.0,0.0,0.0,0.0,0.0,0,0,0,0,0,0,0,0,0,0.0,0.0,0.0,0.0,0,0,0,0,3.0,,,0,False,492,0.0,0,703,0.0,-6,False,,0.0,0,0.0,0,0.0,0,5.0,0,0,0,0,0.0,0.0,0,4.794,4.206,5.381,-0.206
2026-10-10,2026-10-10T09:24:58+00:00,2026,5,5,240514,564,Scherpen,Kjell,Scherpen,GK,12,40,Ipswich Town,4.5,4.5,0.0,7,360,4,0,0,0,0,40,1.8,1.6,0.6,16345,25805,0.1923,0.3037,-0.1113,10.3,103.6,0.0,0.0,a,,,,,0.5,0.1,0.5,0.5,0,4,15,10,0,0,0,0,0,0.0,0.01,0.01,6.74,0,0,39,8,,,,0,False,241,0.0,1778,5228,-40.6,-56,False,,-50.6,-3,-67.7,-3,-84.9,-3,5.0,2736,53,0,0,1.8,11.8,0,4.255,3.666,4.844,-0.245
2026-10-10,2026-10-10T09:24:58+00:00,2026,5,5,241117,310,Matusiwa,Azor,Matusiwa,MID,12,40,Ipswich Town,4.9,5.0,-0.1,0,0,0,0,0,0,0,0,0.0,0.0,0.0,135,291,0.0016,0.0034,-0.0018,0.0,0.0,0.0,0.0,a,,2026-07-29T18:00:10.305484Z,100.0,100.0,0.0,0.0,0.0,0.0,0,0,0,0,0,0,0,0,0,0.0,0.0,0.0,0.0,0,0,0,0,,,,0,False,649,0.0,24,30,0.0,0,False,,0.0,0,0.0,0,0.0,0,5.0,0,0,0,0,0.0,0.0,0,4.773,4.186,5.36,-0.127
2026-10-10,2026-10-10T09:24:58+00:00,2026,5,5,241293,186,Mason-Clark,Ephron,Mason-Clark,MID,7,9,Coventry City,5.3,5.5,-0.2,5,231,4,0,0,0,0,19,1.2,0.9,0.1,1172,6247,0.0138,0.0735,-0.0597,11.7,15.4,51.6,52.0,a,,2026-08-19T18:00:08.310507Z,100.0,100.0,1.0,0.2,1.0,1.0,1,4,0,3,0,0,0,0,0,0.51,0.12,0.63,3.16,15,0,9,6,,,,0,False,443,-0.1,133,643,-9.3,-13,False,,-18.6,-1,-34.6,-2,-50.7,-3,5.0,1756,38,0,0,1.2,7.2,0,4.984,4.397,5.571,-0.316
2026-10-10,2026-10-10T09:24:58+00:00,2026,5,5,242313,207,Mingueza,Oscar,Mingueza,DEF,8,31,Crystal Palace,4.3,4.5,-0.2,2,16,2,0,0,0,0,5,1.0,0.5,0.1,2134,5233,0.0251,0.0616,-0.0365,0.3,3.2,0.4,0.0,a,,,,,0.0,0.0,0.0,0.0,0,0,0,1,0,0,0,0,0,0.0,0.0,0.0,0.33,2,2,1,0,,,,0,False,490,-0.1,224,677,-6.0,-4,False,,-10.2,-1,-17.6,-1,-24.9,-2,5.0,122,15,0,0,1.0,3.5,0,4.269,3.681,4.856,-0.031
2026-10-10,2026-10-10T09:24:58+00:00,2026,5,5,242880,146,B.Badiashile,Benoît,Badiashile Mukinayi,DEF,6,8,Chelsea,4.5,4.5,0.0,0,0,0,0,0,0,0,0,0.0,0.0,0.0,232,1964,0.0027,0.0231,-0.0204,0.0,0.0,0.0,0.0,u,Has joined Napoli on loan for the rest of the season,2026-08-25T14:03:47.079414Z,0.0,0.0,0.0,0.0,0.0,0.0,0,0,0,0,0,0,0,0,0,0.0,0.0,0.0,0.0,0,0,0,0,,,,0,False,612,0.0,0,67,0.0,-1,False,,0.0,0,0.0,0,0.0,0,5.0,0,0,0,0,0.0,0.0,0,4.373,3.785,4.96,-0.127
2026-10-10,2026-10-10T09:24:58+00:00,2026,5,5,242882,62,Diakité,Bafodé,Diakité,DEF,3,91,Bournemouth,4.9,5.0,-0.1,0,0,0,0,0,0,0,0,0.0,0.0,0.2,7362,12461,0.0866,0.1466,-0.06,0.0,0.0,0.0,0.0,a,,,,,0.0,0.0,0.0,0.0,0,0,0,0,0,0,0,0,0,0.0,0.0,0.0,0.0,0,0,0,0,,,,0,False,369,-0.1,704,1396,-8.4,9,False,,-5.0,-1,0.0,0,0.2,1,5.0,0,0,0,0,0.0,0.0,0,4.527,3.938,5.115,-0.373
2026-10-10,2026-10-10T09:24:58+00:00,2026,5,5,242893,655,Gboho,Yann,Gboho,MID,7,9,Coventry City,5.5,5.5,0.0,0,0,0,0,0,0,0,0,0.0,0.0,0.0,307,124,0.0036,0.0015,0.0022,0.0,0.0,0.0,0.0,a,,,,,0.0,0.0,0.0,0.0,0,0,0,0,0,0,0,0,0,0.0,0.0,0.0,0.0,0,0,0,0,,,,0,False,653,0.0,109,75,0.0,0,False,,0.0,0,0.0,0,0.0,0,5.0,0,0,0,0,0.0,0.0,0,5.083,4.495,5.671,-0.417
2026-10-10,2026-10-10T09:24:58+00:00,2026,5,5,242898,209,Johnson,Brennan,Johnson,MID,9,11,Everton,5.9,6.0,-0.1,9,238,5,0,0,2,0,26,1.8,1.5,0.1,5687,11284,0.0669,0.1328,-0.0659,10.0,23.0,52.8,25.0,a,,,,,3.0,0.5,3.0,3.0,3,3,0,1,0,0,0,1,0,1.03,0.22,1.25,3.73,26,7,11,8,,,,0,False,393,0.0,792,1569,-40.1,-27,False,,-62.4,-3,-100.8,-5,-139.2,-5,5.0,1809,68,0,0,1.8,11.6,0,5.439,4.851,6.027,-0.461
2026-10-10,2026-10-10T09:24:58+00:00,2026,5,5,243016,372,Mac Allister,Alexis,Mac Allister,MID,14,14,Liverpool,5.4,5.5,-0.1,11,306,5,0,0,2,0,59,2.2,2.0,1.3,48146,102114,0.5666,1.2016,-0.6351,13.5,58.2,50.8,26.0,a,,,,,3.0,0.6,3.0,3.0,5,3,0,2,0,0,0,1,0,0.1,0.49,0.59,4.85,41,11,19,11,5.0,,,0,False,161,0.0,6526,12400,-57.8,-195,False,,-73.0,-3,-99.3,-4,-125.5,-5,5.0,2326,84,0,0,2.2,15.5,0,5.282,4.694,5.87,-0.118
2026-10-10,2026-10-10T09:24:58+00:00,2026,5,5,243298,367,Gakpo,Cody,Gakpo,MID,14,14,Liverpool,7.2,7.0,0.2,32,370,5,1,3,2,5,113,6.4,4.4,9.4,1341809,1014813,15.7897,11.9418,3.8479,35.2,133.4,148.8,70.0,i,Ankle injury - Unknown return date,2026-09-27T21:30:07.786183Z,100.0,0.0,2.0,0.3,2.0,0.0,3,4,0,4,0,0,0,0,0,0.64,1.71,2.35,5.51,32,8,15,9,3.0,,3.0,2,False,37,0.0,55397,387216,-60.5,-20758,False,,-137.9,-5,-271.4,-5,-404.9,-5,5.0,2812,243,8,23,6.4,33.8,0,8.262,7.665,8.859,1.062
2026-10-10,2026-10-10T09:24:58+00:00,2026,5,5,243413,290,Slater,Regan,Slater,MID,11,88,Hull City,4.5,4.5,0.0,15,437,5,0,1,3,0,67,3.0,3.3,5.0,520603,321286,6.1262,3.7807,2.3455,17.4,62.2,85.1,26.0,a,,,,,2.0,0.4,2.0,2.0,2,5,0,4,0,0,0,1,0,0.21,0.59,0.8,7.27,33,9,15,9,,,1.0,0,False,75,0.0,37670,80287,74.0,-1284,False,,61.9,3,41.0,3,20.0,2,5.0,3321,114,0,8,3.0,25.3,0,5.166,4.578,5.754,0.666
2026-10-10,2026-10-10T09:24:58+00:00,2026,5,5,243526,331,Gudmundsson,Gabriel,Gudmundsson,DEF,13,2,Leeds,4.5,4.5,0.0,14,252,3,0,0,2,0,62,4.7,3.1,0.1,5376,3252,0.0633,0.0383,0.025,7.7,38.6,29.5,8.0,a,,2026-08-08T20:00:07.546568Z,100.0,100.0,6.0,1.3,6.0,6.0,6,3,0,1,0,0,0,0,0,0.0,0.21,0.21,3.83,14,9,12,5,,,,0,False,446,0.0,1778,822,1.2,10,False,,1.3,1,1.5,1,1.7,1,5.0,1915,106,0,0,4.7,23.6,0,4.715,4.127,5.304,0.215
2026-10-10,2026-10-10T09:24:58+00:00,2026,5,5,243571,234,Patterson,Nathan,Patterson,DEF,9,11,Everton,4.5,4.5,0.0,0,0,0,0,0,0,0,0,0.0,0.0,0.0,371,2528,0.0044,0.0297,-0.0254,0.0,0.0,0.0,0.0,u,Has joined Torino permanently,2026-09-02T16:05:23.326971Z,0.0,0.0,0.0,0.0,0.0,0.0,0,0,0,0,0,0,0,0,0,0.0,0.0,0.0,0.0,0,0,0,0,,,,0,False,593,0.0,0,215,0.0,0,False,,0.0,0,0.0,0,0.0,0,5.0,0,0,0,0,0.0,0.0,0,4.32,3.732,4.907,-0.18
2026-10-10,2026-10-10T09:24:58+00:00,2026,5,5,243951,642,Thomas,Sorba,Thomas,MID,11,88,Hull City,5.5,5.5,0.0,4,119,3,0,0,0,0,13,1.3,0.7,0.0,3417,1381,0.0402,0.0163,0.024,5.8,8.8,40.9,12.0,a,,,,,1.5,0.3,1.5,1.5,2,1,0,3,0,0,0,0,0,0.21,0.11,0.32,2.04,8,1,7,0,,,,0,False,540,0.0,813,532,0.4,-4,False,,0.3,1,0.3,1,0.2,1,5.0,904,30,0,0,1.3,5.5,0,5.107,4.52,5.694,-0.393
2026-10-10,2026-10-10T09:24:58+00:00,2026,5,5,244042,271,Muniz,Rodrigo,Muniz Carvalho,FWD,10,54,Fulham,5.4,5.5,-0.1,3,38,4,0,0,0,0,14,0.8,0.6,0.4,18494,37410,0.2176,0.4402,-0.2226,7.0,11.4,22.2,36.0,a,,,,,0.5,0.1,0.5,0.5,0,0,0,1,0,0,0,1,0,0.4,0.0,0.4,0.85,3,0,0,3,,,,0,False,269,0.0,4165,4969,-49.8,25,False,,-43.7,-3,-33.2,-2,-22.8,-2,5.0,289,23,0,0,0.7,4.2,0,5.076,4.488,5.664,-0.324
2026-10-10,2026-10-10T09:24:58+00:00,2026,5,5,244723,204,Mitchell,Tyrick,Mitchell,DEF,8,31,Crystal Palace,4.5,4.5,0.0,24,419,5,2,0,1,3,68,4.8,5.3,6.0,331208,289080,3.8975,3.4017,0.4957,25.8,128.2,67.9,62.0,a,,,,,4.0,0.9,4.0,4.0,7,5,0,10,0,0,0,0,0,0.77,0.26,1.03,8.34,25,11,23,14,,,,1,False,65,0.0,34673,40678,30.9,153,False,,32.4,2,34.8,2,37.3,2,5.0,3184,182,15,0,4.8,38.7,1,5.881,5.288,6.475,1.381
2026-10-10,2026-10-10T09:24:58+00:00,2026,5,5,244850,40,Rogers,Morgan,Rogers,MID,6,8,Chelsea,7.8,7.5,0.3,29,437,5,3,1,0,2,135,5.8,3.7,42.7,2775832,728828,32.6645,8.5765,24.088,43.9,159.0,140.1,140.0,a,,,,,5.0,0.6,5.0,5.0,2,5,0,12,0,0,0,1,0,1.72,1.23,2.95,8.73,31,5,23,3,,3.0,4.0,0,False,5,0.1,446409,137141,22.0,9080,False,,53.6,3,108.3,5,162.9,5,5.0,3321,220,23,8,5.8,28.3,0,9.338,8.743,9.934,1.538
2026-10-10,2026-10-10T09:24:58+00:00,2026,5,5,244851,154,Palmer,Cole,Palmer,MID,6,8,Chelsea,9.7,9.5,0.2,28,442,5,2,2,0,3,148,5.6,2.9,24.2,2031599,883869,23.9068,10.4009,13.5059,44.1,151.0,145.3,144.0,a,,2026-09-21T13:00:09.022726Z,100.0,100.0,3.5,0.4,3.5,3.5,2,5,0,12,0,0,0,1,0,1.31,0.79,2.1,8.73,29,7,19,3,1.0,2.0,,1,False,12,0.0,128223,388563,-85.6,-823,False,,-93.4,-3,-106.8,-5,-120.2,-5,5.0,3359,213,15,15,5.6,21.9,0,9.944,9.354,10.534,0.244
2026-10-10,2026-10-10T09:24:58+00:00,2026,5,5,244858,100,Carvalho,Fábio,Freitas Gouveia Carvalho,MID,4,94,Brentford,5.0,5.0,0.0,6,3,1,1,0,0,0,23,6.0,1.2,0.0,2208,1559,0.026,0.0183,0.0076,6.7,33.2,0.3,33.0,a,,2026-08-18T13:58:17.442072Z,100.0,100.0,3.0,0.6,3.0,3.0,6,0,0,0,0,0,0,0,0,0.43,0.0,0.43,0.13,0,0,0,0,,,,0,False,546,0.0,910,281,0.4,7,False,,0.5,1,0.6,1,0.7,1,5.0,23,46,8,0,6.0,9.1,0,5.71,5.117,6.302,0.71
2026-10-10,2026-10-10T09:24:58+00:00,2026,5,5,244860,247,Hackney,Hayden,Hackney,MID,9,11,Everton,5.4,5.5,-0.1,10,137,5,0,1,1,0,39,2.0,1.9,0.2,3841,12809,0.0452,0.1507,-0.1055,11.1,40.4,50.0,21.0,a,,2026-08-26T22:00:07.797766Z,100.0,100.0,1.0,0.2,1.0,1.0,1,1,0,1,0,0,0,0,0,0.05,0.13,0.18,3.91,12,3,5,4,,,3.0,0,False,346,-0.1,290,1969,-15.6,-37,False,,-27.9,-2,-49.2,-3,-70.5,-3,5.0,1041,76,0,8,2.0,14.1,0,5.612,5.023,6.2,0.212
2026-10-10,2026-10-10T09:24:58+00:00,2026,5,5,244954,34,Pau,Pau,Torres,DEF,2,7,Aston Villa,4.4,4.5,-0.1,3,187,3,0,0,0,0,-4,1.0,0.7,0.3,11282,29844,0.1328,0.3512,-0.2184,1.5,11.2,1.9,2.0,d,Hamstring injury - 75% chance of playing,2026-09-12T18:00:08.712707Z,0.0,75.0,0.5,0.1,0.0,0.4,0,3,0,5,0,0,0,0,0,0.0,0.01,0.01,4.79,9,1,9,8,,,,0,False,301,-0.1,89,5486,-0.1,0,False,2026-10-17T15:30:09.805802Z,-0.1,-1,-0.1,-1,-0.1,-1,5.0,1421,23,0,0,1.0,5.2,0,4.191,3.603,4.779,-0.209
2026-10-10,2026-10-10T09:24:58+00:00,2026,5,5,245719,630,Harwood-Bellis,Taylor,Harwood-Bellis,DEF,2,7,Aston Villa,4.5,4.5,0.0,0,0,0,0,0,0,0,0,0.0,0.0,0.0,2356,1126,0.0277,0.0133,0.0145,0.0,0.0,0.0,0.0,a,,,,,0.0,0.0,0.0,0.0,0,0,0,0,0,0,0,0,0,0.0,0.0,0.0,0.0,0,0,0,0,,,,0,False,575,0.0,379,320,0.0,-1,False,,0.0,0,0.0,0,0.0,0,5.0,0,0,0,0,0.0,0.0,0,4.252,3.664,4.84,-0.248
2026-10-10,2026-10-10T09:24:58+00:00,2026,5,5,246301,255,J.Cuenca,Jorge,Cuenca Barreno,DEF,10,54,Fulham,4.5,4.5,0.0,3,90,1,0,0,0,0,7,3.0,0.7,0.0,1624,2089,0.0191,0.0246,-0.0055,5.4,32.8,21.3,0.0,a,,,,,0.0,0.0,0.0,0.0,0,1,0,3,0,0,0,0,0,0.0,0.03,0.03,2.24,10,1,3,9,,,,0,False,552,0.0,144,196,-78.2,8,False,,-49.8,-3,-0.8,-1,0.1,1,5.0,684,23,0,0,3.0,5.1,0,4.416,3.829,5.003,-0.084
2026-10-10,2026-10-10T09:24:58+00:00,2026,5,5,247348,201,Muñoz,Daniel,Muñoz Mejía,DEF,18,17,Nott'm Forest,5.4,5.5,-0.1,5,257,4,0,0,0,0,29,1.2,0.9,5.5,168029,516204,1.9773,6.0744,-4.0971,18.1,39.2,62.3,79.0,a,,,,,2.0,0.4,2.0,2.0,2,3,0,4,0,0,0,0,0,0.6,0.21,0.81,2.59,15,7,8,8,,,,0,False,71,0.0,17471,62028,-63.3,-596,False,,-74.0,-3,-92.4,-3,-110.9,-5,5.0,1953,38,0,0,1.2,7.0,0,4.827,4.239,5.415,-0.573
2026-10-10,2026-10-10T09:24:58+00:00,2026,5,5,247412,222,Strand Larsen,Jørgen,Strand Larsen,FWD,8,31,Crystal Palace,6.0,6.0,0.0,14,298,5,1,0,1,2,69,2.8,2.3,0.7,59560,45411,0.7009,0.5344,0.1665,16.1,62.6,32.5,65.0,a,,,,,5.0,0.8,5.0,5.0,2,3,0,5,0,0,0,0,0,0.43,0.2,0.63,6.15,13,2,5,6,,,,0,False,212,0.0,14335,8357,8.5,322,False,,11.5,1,16.8,1,22.0,2,5.0,2265,106,8,0,2.8,17.7,0,6.025,5.437,6.614,0.025
2026-10-10,2026-10-10T09:24:58+00:00,2026,5,5,247632,156,Neto,Pedro,Lomba Neto,MID,6,8,Chelsea,6.5,6.5,0.0,14,332,5,1,0,0,0,81,2.8,2.2,1.4,90216,98627,1.0616,1.1606,-0.099,28.2,82.0,92.6,108.0,a,,,,,2.0,0.3,2.0,2.0,2,4,0,8,0,0,0,0,0,0.68,0.58,1.26,6.64,28,6,14,8,,4.0,2.0,0,False,156,0.0,13091,16976,0.2,68,False,,0.8,1,1.9,1,3.0,1,5.0,2523,106,8,0,2.8,16.4,0,6.401,5.813,6.99,-0.099
2026-10-10,2026-10-10T09:24:58+00:00,2026,5,5,248056,345,Tanaka,Tanaka,Ao,MID,13,2,Leeds,4.9,5.0,-0.1,14,255,4,0,2,2,0,48,3.5,2.9,0.3,24745,19862,0.2912,0.2337,0.0575,8.6,50.0,18.3,20.0,a,,,,,4.0,0.8,4.0,4.0,2,3,0,1,0,0,0,1,0,0.73,0.05,0.78,3.24,29,8,10,11,,,4.0,0,False,288,0.0,4227,4627,5.0,-30,False,,4.7,1,4.2,1,3.7,1,5.0,1938,106,0,15,3.5,21.7,0,5.705,5.114,6.296,0.805
2026-10-10,2026-10-10T09:24:58+00:00,2026,5,5,248857,16,Madueke,Noni,Madueke,MID,1,3,Arsenal,6.2,6.5,-0.3,2,23,2,0,0,0,0,11,1.0,0.3,0.2,6585,26572,0.0775,0.3127,-0.2352,5.6,11.6,43.9,0.0,a,,,,,0.0,0.0,0.0,0.0,0,0,0,0,0,0,0,0,0,0.0,0.05,0.05,0.15,3,1,2,0,,,5.0,0,False,328,0.0,1305,2152,-26.1,10,False,,-21.3,-2,-13.1,-1,-4.8,-1,5.0,175,15,0,0,1.0,2.5,0,5.669,5.08,6.257,-0.531
2026-10-10,2026-10-10T09:24:58+00:00,2026,5,5,248875,400,Doku,Jérémy,Doku,MID,15,43,Man City,7.4,7.5,-0.1,1,15,1,0,0,0,0,7,1.0,0.1,0.7,11545,129652,0.1359,1.5257,-1.3898,2.2,3.6,13.8,5.0,a,,2026-08-18T17:00:08.385597Z,75.0,100.0,0.5,0.1,0.4,0.5,1,0,0,0,0,0,0,0,0,0.23,0.32,0.55,0.42,2,0,1,1,3.0,,,0,False,209,0.0,10078,3566,2.5,212,False,,4.5,1,7.9,1,11.4,1,5.0,114,8,0,0,1.0,1.0,0,6.478,5.888,7.069,-0.922
2026-10-10,2026-10-10T09:24:58+00:00,2026,5,5,249231,86,Lewis-Potter,Keane,Lewis-Potter,MID,4,94,Brentford,5.5,5.5,0.0,22,406,5,1,1,2,3,85,4.4,4.0,1.6,194064,132029,2.2836,1.5536,0.73,29.5,113.6,109.3,73.0,a,,,,,2.0,0.4,2.0,2.0,3,5,0,4,0,0,0,0,0,1.21,0.79,2.0,5.69,38,6,15,17,,1.0,5.0,0,False,136,0.0,7419,23648,32.6,-346,False,,29.3,2,23.6,2,18.0,1,5.0,3086,167,8,8,4.4,30.4,0,6.279,5.69,6.869,0.779
2026-10-10,2026-10-10T09:24:58+00:00,2026,5,5,250199,487,Dominguez,Nicolás,Domínguez,MID,18,17,Nott'm Forest,4.9,5.0,-0.1,1,1,1,0,0,0,0,3,1.0,0.2,0.1,1228,4315,0.0145,0.0508,-0.0363,0.0,0.2,0.0,0.0,a,,,,,0.0,0.0,0.0,0.0,0,0,0,0,0,0,0,0,0,0.0,0.0,0.0,0.0,0,0,0,0,,,,0,False,491,0.0,90,513,-90.3,-10,False,,-108.2,-5,-139.0,-5,-169.8,-5,5.0,8,8,0,0,1.0,1.6,0,4.807,4.22,5.394,-0.093
2026-10-10,2026-10-10T09:24:58+00:00,2026,5,5,424876,368,Szoboszlai,Dominik,Szoboszlai,MID,14,14,Liverpool,6.9,7.0,-0.1,20,440,5,1,0,3,1,103,4.0,2.9,30.1,970068,1980571,11.4152,23.3063,-11.8911,34.4,108.8,178.0,57.0,a,,,,,2.5,0.4,2.5,2.5,2,5,0,4,0,0,0,1,0,1.42,0.82,2.24,5.99,41,6,22,13,1.0,1.0,1.0,0,False,9,-0.1,77709,512413,-16.4,-13590,False,,-42.3,-3,-87.0,-3,-131.7,-5,5.0,3344,152,8,0,4.0,22.0,0,7.206,6.614,7.799,0.306
2026-10-10,2026-10-10T09:24:58+00:00,2026,5,5,427623,202,Richards,Chris,Richards,DEF,8,31,Crystal Palace,4.9,5.0,-0.1,14,450,5,0,0,1,0,48,2.8,2.9,0.6,24738,39839,0.2911,0.4688,-0.1777,16.2,131.4,7.7,24.0,a,,,,,5.0,1.0,5.0,5.0,8,5,0,11,0,0,0,1,0,0.08,0.07,0.15,9.46,54,8,16,46,,,,0,False,233,-0.1,3826,4108,0.3,28,False,,0.6,1,1.0,1,1.5,1,5.0,3420,106,0,0,2.8,21.7,0,4.654,4.066,5.242,-0.246
2026-10-10,2026-10-10T09:24:58+00:00,2026,5,5,427637,337,Aaronson,Brenden,Aaronson,MID,13,2,Leeds,5.3,5.5,-0.2,7,194,5,0,0,1,0,36,1.4,1.3,0.4,6961,51515,0.0819,0.6062,-0.5243,2.5,11.8,3.7,9.0,a,,,,,1.0,0.2,1.0,1.0,1,2,0,3,0,0,0,0,0,0.01,0.02,0.03,3.78,15,3,11,1,,4.0,,0,False,261,-0.1,398,6786,-26.6,-161,False,,-47.7,-3,-84.0,-3,-120.4,-5,5.0,1474,53,0,0,1.4,10.0,0,5.073,4.486,5.66,-0.227
2026-10-10,2026-10-10T09:24:58+00:00,2026,5,5,428580,104,Onyeka,Frank,Onyeka,MID,7,9,Coventry City,4.9,5.0,-0.1,9,314,4,0,0,1,0,34,2.2,1.8,0.1,4130,10042,0.0486,0.1182,-0.0696,4.5,19.4,4.7,21.0,a,,2026-09-15T09:00:07.851220Z,100.0,100.0,2.5,0.5,2.5,2.5,3,4,0,7,0,0,0,0,0,0.03,0.02,0.05,6.31,28,5,14,9,,,,0,False,425,0.0,320,915,-52.6,-14,False,,-67.7,-3,-93.7,-3,-119.8,-5,5.0,2386,68,0,0,2.2,14.0,0,4.852,4.265,5.44,-0.048
2026-10-10,2026-10-10T09:24:58+00:00,2026,5,5,428971,590,Benda,Steven,Benda,GK,18,17,Nott'm Forest,4.5,4.5,0.0,0,0,0,0,0,0,0,0,0.0,0.0,0.1,2749,2982,0.0323,0.0351,-0.0027,0.0,0.0,0.0,0.0,a,,,,,0.0,0.0,0.0,0.0,0,0,0,0,0,0,0,0,0,0.0,0.0,0.0,0.0,0,0,0,0,,,,0,False,463,0.0,209,381,0.0,-4,False,,-0.6,-1,-9.3,-1,-18.1,-1,5.0,0,0,0,0,0.0,0.0,0,4.257,3.669,4.845,-0.243
2026-10-10,2026-10-10T09:24:58+00:00,2026,5,5,430871,428,Cunha,Matheus,Santos Carneiro da Cunha,MID,16,1,Man Utd,7.9,8.0,-0.1,26,407,5,1,2,1,4,95,5.2,3.3,6.1,139668,530235,1.6435,6.2395,-4.596,30.0,73.0,111.5,114.0,a,,,,,6.0,0.8,6.0,6.0,10,5,0,5,0,0,0,0,0,0.63,0.83,1.46,5.44,13,3,9,1,,,,0,False,64,0.0,65922,42204,-78.0,2106,False,,-43.8,-3,8.8,1,43.2,3,5.0,3093,198,8,15,5.2,25.0,0,8.125,7.533,8.717,0.225
2026-10-10,2026-10-10T09:24:58+00:00,2026,5,5,431639,640,Flemming,Zian,Flemming,FWD,12,40,Ipswich Town,5.5,5.5,0.0,6,60,3,1,0,0,0,34,2.0,1.1,0.1,10687,4045,0.1258,0.0476,0.0782,10.5,38.2,12.1,55.0,a,,,,,2.5,0.5,2.5,2.5,0,0,0,1,0,0,0,1,0,0.64,0.01,0.65,0.63,5,1,3,1,,,,0,False,441,0.0,2325,1823,0.8,32,False,,1.1,1,1.6,1,2.1,1,5.0,456,46,8,0,2.0,8.3,0,5.734,5.146,6.322,0.234
2026-10-10,2026-10-10T09:24:58+00:00,2026,5,5,432422,455,Tonali,Sandro,Tonali,MID,19,6,Spurs,5.3,5.5,-0.2,14,427,5,0,0,2,0,86,2.8,2.6,1.7,50038,285088,0.5888,3.3548,-2.7659,18.0,63.0,89.0,28.0,a,,2026-09-14T14:30:07.387706Z,100.0,100.0,2.5,0.5,2.5,2.5,2,5,0,8,0,0,0,0,0,0.24,0.61,0.85,7.72,42,11,20,11,,,,0,False,133,-0.1,4449,30481,-41.4,-726,False,,-65.8,-3,-108.0,-5,-150.2,-5,5.0,3245,106,0,0,2.8,20.1,0,5.234,4.646,5.822,-0.066
2026-10-10,2026-10-10T09:24:58+00:00,2026,5,5,432714,486,McAtee,James,McAtee,MID,18,17,Nott'm Forest,5.5,5.5,0.0,12,416,5,0,0,2,0,91,2.4,2.2,0.1,10335,6711,0.1216,0.079,0.0426,27.6,62.4,174.8,38.0,a,,,,,2.5,0.5,2.5,2.5,2,5,0,4,0,0,0,2,0,0.37,0.96,1.33,4.55,39,9,21,9,,,1.0,0,False,415,0.0,690,1665,2.3,-20,False,,2.1,1,1.8,1,1.5,1,5.0,3162,91,0,0,2.4,16.6,0,5.127,4.539,5.715,-0.373
2026-10-10,2026-10-10T09:24:58+00:00,2026,5,5,432720,385,Trafford,James,Trafford,GK,13,2,Leeds,5.0,5.0,0.0,28,450,5,0,0,2,5,117,5.6,5.6,5.5,286771,176641,3.3746,2.0786,1.296,14.9,148.6,0.0,0.0,a,,,,,6.5,1.3,6.5,6.5,10,5,20,3,0,0,0,0,0,0.0,0.0,0.0,6.46,0,0,55,6,,,,0,False,70,0.0,44800,32296,37.6,29,False,,37.8,2,38.3,2,38.8,2,5.0,3420,213,0,0,5.6,38.7,1,5.173,4.577,5.769,0.173
2026-10-10,2026-10-10T09:24:58+00:00,2026,5,5,432830,84,Collins,Nathan,Collins,DEF,4,94,Brentford,5.4,5.5,-0.1,10,196,3,0,0,1,0,39,3.3,1.9,0.9,58794,165086,0.6919,1.9426,-1.2508,11.4,40.6,22.4,51.0,i,Calf injury - Unknown return date,2026-09-05T18:00:06.182495Z,0.0,0.0,0.0,0.0,0.0,0.0,0,3,0,1,0,0,0,1,0,0.51,0.05,0.56,2.13,17,2,11,15,,,,0,False,191,0.0,175,17730,-52.1,-674,False,,-79.6,-3,-127.0,-5,-174.5,-5,5.0,1490,76,0,0,3.3,14.1,0,4.988,4.399,5.578,-0.412
2026-10-10,2026-10-10T09:24:58+00:00,2026,5,5,432987,354,Jaros,Vitezslav,Jaros,GK,14,14,Liverpool,4.0,4.0,0.0,0,0,0,0,0,0,0,0,0.0,0.0,0.0,1926,1361,0.0227,0.016,0.0066,0.0,0.0,0.0,0.0,i,Knee injury - Unknown return date,2026-07-29T18:00:10.351066Z,0.0,0.0,0.0,0.0,0.0,0.0,0,0,0,0,0,0,0,0,0,0.0,0.0,0.0,0.0,0,0,0,0,,,,0,False,569,0.0,379,275,0.1,3,False,,0.1,1,0.1,1,0.2,1,5.0,0,0,0,0,0.0,0.0,0,4.101,3.512,4.689,0.101
2026-10-10,2026-10-10T09:24:58+00:00,2026,5,5,433036,404,Reijnders,Tijjani,Reijnders,MID,15,43,Man City,6.0,6.0,0.0,0,0,0,0,0,0,0,0,0.0,0.0,0.0,0,8218,0.0,0.0967,-0.0967,0.0,0.0,0.0,0.0,u,Has joined Al Qadsiah permanently,2026-08-20T14:02:58.154273Z,0.0,0.0,0.0,0.0,0.0,0.0,0,0,0,0,0,0,0,0,0,0.0,0.0,0.0,0.0,0,0,0,0,,,,0,False,529,0.0,0,133,0.0,-4,False,,0.0,0,0.0,0,0.0,0,5.0,0,0,0,0,0.0,0.0,0,5.596,5.007,6.185,-0.404
2026-10-10,2026-10-10T09:24:58+00:00,2026,5,5,433154,241,McNeil,Dwight,McNeil,MID,8,31,Crystal Palace,5.3,5.5,-0.2,3,84,2,0,0,0,0,13,1.5,0.6,0.1,1876,8657,0.0221,0.1019,-0.0798,1.7,10.0,5.0,2.0,a,,,,,0.0,0.0,0.0,0.0,0,1,0,3,0,0,0,0,0,0.05,0.02,0.07,1.18,7,0,3,4,,,,0,False,405,-0.1,169,928,-7.7,-13,False,,-14.7,-1,-26.8,-2,-39.0,-2,5.0,638,23,0,0,1.5,4.3,0,5.05,4.462,5.637,-0.25
2026-10-10,2026-10-10T09:24:58+00:00,2026,5,5,433590,281,Drameh,Cody,Drameh,DEF,11,88,Hull City,4.0,4.0,0.0,2,65,2,0,0,0,0,8,1.0,0.5,0.0,2118,4631,0.0249,0.0545,-0.0296,0.8,6.4,0.4,1.0,u,Has joined Genoa permanently,2026-09-02T16:09:06.479140Z,0.0,0.0,0.0,0.0,0.0,0.0,0,0,0,0,0,0,0,0,0,0.05,0.0,0.05,0.87,6,1,4,5,,,,0,False,512,0.0,0,378,0.0,-10,False,,0.0,0,0.0,0,0.0,0,5.0,494,15,0,0,1.0,3.8,0,4.033,3.445,4.62,0.033
2026-10-10,2026-10-10T09:24:58+00:00,2026,5,5,433969,597,Suzuki,Zion,Suzuki,GK,2,7,Aston Villa,5.0,5.0,0.0,16,360,4,0,0,1,3,80,4.0,3.2,1.9,161652,69731,1.9022,0.8206,1.0817,11.6,115.6,0.0,0.0,a,,,,,2.0,0.4,2.0,2.0,2,4,15,5,0,0,0,0,0,0.0,0.01,0.01,5.45,0,0,43,8,,,,1,False,127,0.0,24088,13872,33.8,103,False,,34.8,2,36.5,2,38.2,2,5.0,2736,122,0,0,4.0,24.3,0,4.856,4.267,5.445,-0.144
2026-10-10,2026-10-10T09:24:58+00:00,2026,5,5,434399,536,Reinildo,Reinildo,Mandava,DEF,20,56,Sunderland,4.4,4.5,-0.1,7,360,4,0,0,1,0,37,1.8,1.6,0.2,4412,25741,0.0519,0.3029,-0.251,9.5,53.8,36.4,6.0,a,,2026-09-12T21:30:09.421687Z,0.0,100.0,-1.0,-0.2,0.0,-1.0,0,4,0,5,0,0,0,0,1,0.0,0.32,0.32,5.05,29,8,18,21,,,,0,False,309,-0.1,549,2941,-3.4,-16,False,,-7.3,-1,-14.0,-1,-20.8,-2,5.0,2736,53,0,0,1.8,12.1,0,4.248,3.661,4.836,-0.152
2026-10-10,2026-10-10T09:24:58+00:00,2026,5,5,434752,327,Bijol,Jaka,Bijol,DEF,13,2,Leeds,5.0,5.0,0.0,12,164,3,0,0,1,2,29,4.0,2.4,0.7,69651,62912,0.8196,0.7403,0.0793,5.4,38.2,0.6,15.0,a,,,,,0.0,0.0,0.0,0.0,0,2,0,2,0,0,0,0,0,0.11,0.0,0.11,3.16,21,3,7,18,,,,0,False,221,0.0,1349,9297,4.2,-195,False,,2.4,1,-13.1,-1,-63.8,-3,5.0,1246,91,0,0,4.0,18.2,0,4.919,4.33,5.507,-0.081
2026-10-10,2026-10-10T09:24:58+00:00,2026,5,5,435997,336,Okafor,Noah,Okafor,MID,13,2,Leeds,5.8,6.0,-0.2,18,299,5,1,0,3,1,82,3.6,3.1,0.4,29438,40301,0.3464,0.4742,-0.1278,14.8,67.0,41.4,40.0,a,,,,,6.0,1.0,6.0,6.0,3,4,0,1,0,0,0,0,0,0.17,0.27,0.44,2.37,18,7,8,3,,,,0,False,276,0.0,4331,8515,0.4,-125,False,,-22.8,-2,-80.5,-3,-138.1,-5,5.0,2272,137,8,0,3.6,23.6,0,6.113,5.524,6.702,0.313
2026-10-10,2026-10-10T09:24:58+00:00,2026,5,5,436761,174,Kitching,Liam,Kitching,DEF,7,9,Coventry City,4.0,4.0,0.0,0,0,0,0,0,0,0,0,0.0,0.0,0.3,981,34990,0.0115,0.4117,-0.4002,0.0,0.0,0.0,0.0,u,Has joined Sheffield United on loan for the rest of the season,2026-09-02T16:21:03.612394Z,0.0,0.0,0.0,0.0,0.0,0.0,0,0,0,0,0,0,0,0,0,0.0,0.0,0.0,0.0,0,0,0,0,,,,0,False,286,0.0,0,3897,0.0,-96,False,,0.0,0,0.0,0,0.0,0,5.0,0,0,0,0,0.0,0.0,0,4.01,3.423,4.597,0.01
2026-10-10,2026-10-10T09:24:58+00:00,2026,5,5,436893,65,J.Araujo,Julián,Araujo Zúñiga,DEF,3,91,Bournemouth,4.4,4.5,-0.1,0,0,0,0,0,0,0,0,0.0,0.0,0.0,465,1355,0.0055,0.0159,-0.0105,0.0,0.0,0.0,0.0,i,Thigh injury - Unknown return date,2026-08-09T08:00:05.645826Z,0.0,0.0,0.0,0.0,0.0,0.0,0,0,0,0,0,0,0,0,0,0.0,0.0,0.0,0.0,0,0,0,0,,,,0,False,602,0.0,81,116,-16.1,-4,False,,-28.4,-2,-49.8,-3,-71.2,-3,5.0,0,0,0,0,0.0,0.0,0,4.253,3.664,4.841,-0.147
2026-10-10,2026-10-10T09:24:58+00:00,2026,5,5,437495,3,Meslier,Illan,Meslier,GK,1,3,Arsenal,4.9,5.0,-0.1,0,0,0,0,0,0,0,0,0.0,0.0,0.0,549,1629,0.0065,0.0192,-0.0127,0.0,0.0,0.0,0.0,a,,,,,0.0,0.0,0.0,0.0,0,0,0,0,0,0,0,0,0,0.0,0.0,0.0,0.0,0,0,0,0,,,,0,False,547,0.0,82,169,-44.4,-4,False,,-58.7,-3,-83.2,-3,-107.7,-5,5.0,0,0,0,0,0.0,0.0,0,4.589,4.0,5.177,-0.311
2026-10-10,2026-10-10T09:24:58+00:00,2026,5,5,437497,641,Bard,Melvin,Bard,DEF,13,2,Leeds,4.5,4.5,0.0,1,18,1,0,0,0,0,1,1.0,0.2,0.0,1026,399,0.0121,0.0047,0.0074,1.5,4.4,10.3,0.0,a,,,,,0.5,0.1,0.5,0.5,0,0,0,1,0,0,0,0,0,0.0,0.0,0.0,0.3,2,1,2,1,,,,0,False,615,0.0,164,123,0.1,2,False,,0.1,1,0.1,1,0.1,1,5.0,137,8,0,0,1.0,1.7,0,4.295,3.708,4.882,-0.205
2026-10-10,2026-10-10T09:24:58+00:00,2026,5,5,437499,200,Lacroix,Maxence,Lacroix,DEF,6,8,Chelsea,5.9,6.0,-0.1,13,364,5,0,1,0,0,28,2.6,2.2,6.6,185576,448981,2.1838,5.2834,-3.0996,14.4,116.2,13.9,14.0,a,,,,,2.0,0.3,2.0,2.0,3,4,0,10,0,0,0,1,0,0.15,0.22,0.37,7.93,47,10,8,37,,,,0,False,59,-0.1,18922,53405,-10.1,-495,False,,-14.3,-1,-21.7,-2,-29.1,-2,5.0,2766,99,0,8,2.6,16.7,0,5.696,5.108,6.285,-0.204
2026-10-10,2026-10-10T09:24:58+00:00,2026,5,5,437505,553,Isidor,Wilson,Isidor,FWD,20,56,Sunderland,5.5,5.5,0.0,15,117,5,1,1,0,3,51,3.0,2.7,1.3,104736,94404,1.2325,1.1109,0.1216,6.7,30.8,1.0,35.0,a,,,,,1.0,0.2,1.0,1.0,1,0,0,3,0,0,0,0,0,1.49,0.01,1.5,3.78,5,2,3,0,,,,0,False,160,0.0,12434,19250,4.0,139,False,,5.3,1,7.6,1,9.9,1,5.0,889,114,8,8,3.0,20.7,0,6.287,5.697,6.877,0.787
2026-10-10,2026-10-10T09:24:58+00:00,2026,5,5,437730,397,Semenyo,Antoine,Semenyo,MID,15,43,Man City,8.4,8.5,-0.1,33,450,5,2,3,2,2,147,6.6,3.9,13.4,340273,1404305,4.0041,16.5251,-12.521,43.4,155.4,148.1,130.0,d,Ankle injury - 75% chance of playing,2026-09-24T12:00:09.848000Z,,75.0,10.0,1.2,10.0,7.5,17,5,0,5,0,0,0,0,0,0.33,1.16,1.49,7.25,22,6,14,2,2.0,,,1,True,31,0.0,149370,261605,-50.0,-8375,False,,-83.0,-3,-140.1,-5,-197.1,-5,5.0,3420,251,15,23,6.6,29.9,0,9.538,8.942,10.134,1.138
2026-10-10,2026-10-10T09:24:58+00:00,2026,5,5,437738,333,Bornauw,Sebastiaan,Bornauw,DEF,13,2,Leeds,4.5,4.5,0.0,0,0,0,0,0,0,0,0,0.0,0.0,0.0,0,304,0.0,0.0036,-0.0036,0.0,0.0,0.0,0.0,u,Has joined Hamburg SV on loan for the rest of the season,2026-08-19T13:56:14.645970Z,0.0,0.0,0.0,0.0,0.0,0.0,0,0,0,0,0,0,0,0,0,0.0,0.0,0.0,0.0,0,0,0,0,,,,0,False,656,0.0,0,10,0.0,0,False,,0.0,0,0.0,0,0.0,0,5.0,0,0,0,0,0.0,0.0,0,4.272,3.685,4.86,-0.228
2026-10-10,2026-10-10T09:24:58+00:00,2026,5,5,438098,23,Fábio Vieira,Fábio,Ferreira Vieira,MID,1,3,Arsenal,5.5,5.5,0.0,0,0,0,0,0,0,0,0,0.0,0.0,0.0,255,928,0.003,0.0109,-0.0079,0.0,0.0,0.0,0.0,u,Has joined Hamburger SV permanently,2026-09-02T16:00:28.446370Z,0.0,0.0,0.0,0.0,0.0,0.0,0,0,0,0,0,0,0,0,0,0.0,0.0,0.0,0.0,0,0,0,0,,,,0,False,635,0.0,0,49,0.0,0,False,,0.0,0,0.0,0,0.0,0,5.0,0,0,0,0,0.0,0.0,0,5.171,4.582,5.759,-0.329
2026-10-10,2026-10-10T09:24:58+00:00,2026,5,5,438234,401,Marmoush,Omar,Marmoush,FWD,19,6,Spurs,7.0,7.0,0.0,8,339,4,0,0,2,0,37,2.0,1.1,2.2,252937,181455,2.9764,2.1353,0.8412,12.9,18.0,55.5,58.0,a,,,,,2.0,0.3,2.0,2.0,2,4,0,5,0,0,0,0,0,0.38,0.15,0.53,3.84,13,2,11,0,2.0,4.0,8.0,0,False,122,0.0,30458,40322,41.5,-78,False,,40.8,3,39.5,2,38.2,2,5.0,2576,61,0,0,2.0,8.7,0,5.999,5.409,6.589,-1.001
2026-10-10,2026-10-10T09:24:58+00:00,2026,5,5,438464,218,Doucouré,Cheick,Doucouré,MID,8,31,Crystal Palace,4.8,5.0,-0.2,0,0,0,0,0,0,0,0,0.0,0.0,0.0,2183,4677,0.0257,0.055,-0.0293,0.0,0.0,0.0,0.0,a,,,,,0.0,0.0,0.0,0.0,0,0,0,0,0,0,0,0,0,0.0,0.0,0.0,0.0,0,0,0,0,,,,0,False,503,-0.1,209,512,-8.5,-6,False,,-16.2,-1,-29.6,-2,-43.0,-3,5.0,0,0,0,0,0.0,0.0,0,4.731,4.144,5.319,-0.069
2026-10-10,2026-10-10T09:24:58+00:00,2026,5,5,439509,557,Tzolis,Christos,Tzolis,MID,1,3,Arsenal,6.3,6.5,-0.2,16,362,5,0,2,2,1,81,3.2,2.5,7.9,463462,2047670,5.4538,24.0959,-18.6421,21.8,56.4,115.1,46.0,i,Hamstring injury - Expected back 24 Oct,2026-10-02T15:00:11.091226Z,,0.0,2.5,0.4,2.5,0.0,2,5,0,4,0,0,0,2,0,0.19,0.55,0.74,2.73,23,4,12,7,,,3.0,0,False,46,-0.1,13095,584462,-63.9,-32620,False,,-148.3,-5,-293.9,-5,-439.5,-5,5.0,2751,122,0,15,3.2,19.3,0,6.559,5.968,7.15,0.259
2026-10-10,2026-10-10T09:24:58+00:00,2026,5,5,439668,187,Eccles,Josh,Eccles,MID,7,9,Coventry City,4.8,5.0,-0.2,0,0,0,0,0,0,0,0,0.0,0.0,0.0,686,1538,0.0081,0.0181,-0.01,0.0,0.0,0.0,0.0,i,Unspecified injury - Expected back 12 Oct,2026-09-10T18:30:08.877110Z,0.0,0.0,0.0,0.0,0.0,0.0,0,0,0,0,0,0,0,0,0,0.0,0.0,0.0,0.0,0,0,0,0,,,,0,False,616,-0.1,73,162,-4.0,7,False,,0.0,0,0.2,1,0.3,1,5.0,0,0,0,0,0.0,0.0,0,4.745,4.158,5.332,-0.055
2026-10-10,2026-10-10T09:24:58+00:00,2026,5,5,440089,96,Damsgaard,Mikkel,Damsgaard,MID,4,94,Brentford,5.4,5.5,-0.1,16,283,5,0,1,2,3,74,3.2,3.0,0.4,15548,35205,0.183,0.4143,-0.2313,20.7,47.4,118.2,42.0,d,Unspecified injury - 75% chance of playing,2026-10-03T19:30:08.141728Z,,75.0,2.0,0.4,2.0,1.5,3,3,0,1,0,0,0,0,0,0.17,0.73,0.9,3.06,31,7,18,6,,3.0,2.0,0,False,275,0.0,2037,7089,-37.7,-272,False,,-76.8,-3,-144.1,-5,-211.5,-5,5.0,2151,122,0,8,3.2,22.5,0,5.619,5.029,6.209,0.219
2026-10-10,2026-10-10T09:24:58+00:00,2026,5,5,440993,237,Ndiaye,Iliman,Ndiaye,MID,15,43,Man City,5.8,6.0,-0.2,22,385,5,0,2,2,1,110,4.4,3.8,6.0,306351,1215908,3.605,14.3081,-10.7032,26.1,77.8,102.6,80.0,a,,,,,3.0,0.5,3.0,3.0,5,4,0,4,0,0,0,0,0,0.38,0.58,0.96,9.42,44,8,26,10,,,,0,False,67,-0.1,15482,147905,-48.1,-4388,False,,-90.2,-3,-162.7,-5,-235.3,-5,5.0,2926,167,0,15,4.4,28.8,0,6.588,5.997,7.18,0.788
2026-10-10,2026-10-10T09:24:58+00:00,2026,5,5,441164,499,Pedro Porro,Pedro,Porro Sauceda,DEF,19,6,Spurs,5.4,5.5,-0.1,9,198,3,0,0,1,1,33,3.0,1.7,6.4,124767,1113818,1.4682,13.1068,-11.6386,9.8,22.6,47.6,28.0,i,Hamstring injury - Unknown return date,2026-09-19T12:00:08.823872Z,100.0,0.0,0.5,0.1,0.5,0.0,1,3,0,2,0,0,0,0,0,0.37,0.16,0.53,1.68,9,3,5,6,,1.0,1.0,0,False,60,0.0,1993,196070,-59.6,-8999,False,,-109.3,-5,-195.0,-5,-280.8,-5,5.0,1505,68,0,0,3.0,12.7,0,5.15,4.562,5.737,-0.25
2026-10-10,2026-10-10T09:24:58+00:00,2026,5,5,441191,450,Livramento,Tino,Livramento,DEF,17,4,Newcastle,4.9,5.0,-0.1,4,33,2,0,1,0,0,12,2.0,0.8,0.1,10338,8053,0.1217,0.0948,0.0269,1.3,5.0,3.8,4.0,d,Unspecified injury - 50% chance of playing,2026-09-19T14:00:09.046677Z,100.0,50.0,1.5,0.3,1.5,0.8,0,0,0,1,0,0,0,1,0,0.0,0.01,0.01,0.18,3,2,4,1,,,,0,False,439,0.0,542,3613,0.6,-139,False,,-47.4,-3,-207.8,-5,-368.1,-5,5.0,251,30,0,8,2.0,6.2,0,5.002,4.413,5.592,0.102
2026-10-10,2026-10-10T09:24:58+00:00,2026,5,5,441264,552,Brobbey,Brian,Brobbey,FWD,20,56,Sunderland,5.7,6.0,-0.3,24,399,5,3,0,1,3,113,4.8,4.2,5.8,296644,1051940,3.4907,12.3787,-8.8879,31.7,108.4,69.0,142.0,i,Hamstring injury - Expected back 25 Oct,2026-09-24T21:30:10.382142Z,,0.0,9.0,1.6,9.0,0.0,17,5,0,9,0,0,0,1,0,2.94,0.11,3.05,8.18,11,0,10,1,,,,1,False,68,-0.1,205186,165768,46.2,-5657,False,,-2.7,-1,-37.3,-2,-71.9,-3,5.0,3032,182,23,0,4.8,32.0,0,7.239,6.645,7.833,1.539
2026-10-10,2026-10-10T09:24:58+00:00,2026,5,5,441266,371,Gravenberch,Ryan,Gravenberch,MID,14,14,Liverpool,5.8,6.0,-0.2,9,190,5,0,1,0,0,51,1.8,1.6,1.0,36603,135369,0.4307,1.5929,-1.1622,9.9,50.6,42.7,6.0,a,,,,,1.0,0.2,1.0,1.0,1,2,0,2,0,0,0,0,0,0.1,0.08,0.18,2.02,25,4,11,10,,,,0,False,173,-0.1,2065,14016,-36.3,-250,False,,-50.0,-3,-73.7,-3,-97.5,-4,5.0,1444,68,0,8,1.8,11.8,0,5.846,5.258,6.434,0.046
2026-10-10,2026-10-10T09:24:58+00:00,2026,5,5,441302,36,Maatsen,Ian,Maatsen,DEF,2,7,Aston Villa,4.4,4.5,-0.1,9,335,4,0,0,1,1,22,2.2,2.0,0.4,31932,69569,0.3758,0.8187,-0.4429,10.2,34.8,24.5,43.0,i,Ankle injury - Unknown return date,2026-09-12T18:00:08.729468Z,0.0,0.0,0.5,0.1,0.0,0.0,0,4,0,7,0,0,0,1,0,0.28,0.45,0.73,6.54,24,7,10,17,,,,0,False,264,-0.1,90,13831,-21.6,-398,False,,-41.1,-3,-74.9,-3,-108.7,-5,5.0,2546,68,0,0,2.2,15.5,0,4.332,3.744,4.92,-0.068
2026-10-10,2026-10-10T09:24:58+00:00,2026,5,5,442299,650,Affengruber,David,Affengruber,DEF,10,54,Fulham,4.5,4.5,0.0,12,180,2,0,0,1,0,40,6.0,2.7,0.6,71748,11034,0.8443,0.1298,0.7144,6.6,51.0,14.6,0.0,a,,,,,6.0,1.3,6.0,6.0,4,2,0,1,0,0,0,0,0,0.0,0.02,0.02,2.88,23,3,7,20,,,,0,False,237,0.0,68870,10412,11.2,2640,False,,36.1,2,79.2,3,122.2,5,5.0,1368,91,0,0,6.0,20.3,0,4.796,4.206,5.386,0.296
2026-10-10,2026-10-10T09:24:58+00:00,2026,5,5,442967,562,Maeda,Daizen,Maeda,MID,12,40,Ipswich Town,5.3,5.5,-0.2,8,259,5,0,0,0,0,32,1.6,1.5,0.2,3002,21882,0.0353,0.2575,-0.2222,8.1,31.0,5.5,47.0,a,,,,,1.0,0.2,1.0,1.0,1,3,0,8,0,0,0,0,0,0.71,0.02,0.73,6.05,20,8,4,8,,,,0,False,330,-0.1,274,3112,-29.0,-56,False,,-44.6,-3,-71.5,-3,-98.5,-4,5.0,1968,61,0,0,1.6,11.5,0,5.057,4.47,5.644,-0.243
2026-10-10,2026-10-10T09:24:58+00:00,2026,5,5,443261,313,Clarke,Jack,Clarke,MID,12,40,Ipswich Town,5.3,5.5,-0.2,11,170,4,1,0,0,1,48,2.8,2.1,0.2,5898,16697,0.0694,0.1965,-0.1271,15.2,52.0,55.4,45.0,a,,,,,1.5,0.3,1.5,1.5,2,2,0,2,0,0,0,1,0,0.3,0.37,0.67,1.97,10,2,5,3,1.0,3.0,4.0,0,False,349,-0.1,547,1903,-1.1,-15,False,,-6.2,-1,-15.0,-1,-23.8,-2,5.0,1292,84,8,0,2.8,15.8,0,5.769,5.181,6.357,0.469
2026-10-10,2026-10-10T09:24:58+00:00,2026,5,5,444102,79,Evanilson,Francisco Evanilson,de Lima Barbosa,FWD,3,91,Bournemouth,6.0,6.0,0.0,18,424,5,0,3,2,0,66,3.6,3.0,3.3,280678,195080,3.3029,2.2956,1.0073,25.2,71.4,82.6,99.0,a,,,,,3.5,0.6,3.5,3.5,2,5,0,5,0,0,0,1,0,0.87,0.52,1.39,6.45,27,3,13,11,,,,0,False,102,0.0,45217,40253,61.4,485,False,,66.0,3,73.9,3,81.8,3,5.0,3222,137,0,23,3.6,22.8,0,6.534,5.934,7.133,0.534
2026-10-10,2026-10-10T09:24:58+00:00,2026,5,5,444145,18,Martinelli,Gabriel,Martinelli Silva,MID,1,3,Arsenal,6.3,6.5,-0.2,0,0,0,0,0,0,0,0,0.0,0.0,0.1,2483,22060,0.0292,0.2596,-0.2304,0.0,0.0,0.0,0.0,u,Has joined Al Hilal permanently,2026-09-04T12:34:46.738449Z,0.0,0.0,0.0,0.0,0.0,0.0,0,0,0,0,0,0,0,0,0,0.0,0.0,0.0,0.0,0,0,0,0,,,,0,False,474,0.0,0,759,0.0,-5,False,,0.0,0,0.0,0,0.0,0,5.0,0,0,0,0,0.0,0.0,0,5.678,5.089,6.267,-0.622
2026-10-10,2026-10-10T09:24:58+00:00,2026,5,5,444172,59,Dennis,Will,Dennis,GK,3,91,Bournemouth,4.0,4.0,0.0,0,0,0,0,0,0,0,0,0.0,0.0,0.1,1133,8124,0.0133,0.0956,-0.0823,0.0,0.0,0.0,0.0,u,Has joined MK Dons permanently,2026-08-27T14:53:48.692835Z,0.0,0.0,0.0,0.0,0.0,0.0,0,0,0,0,0,0,0,0,0,0.0,0.0,0.0,0.0,0,0,0,0,,,,0,False,401,0.0,0,1156,0.0,-12,False,,0.0,0,0.0,0,0.0,0,5.0,0,0,0,0,0.0,0.0,0,3.994,3.406,4.583,-0.006
2026-10-10,2026-10-10T09:24:58+00:00,2026,5,5,444180,105,Anthony,Jaidon,Anthony,MID,4,94,Brentford,5.9,6.0,-0.1,15,267,5,1,0,2,2,59,3.0,2.5,0.2,9730,11618,0.1145,0.1367,-0.0222,21.2,65.0,89.3,58.0,a,,,,,5.5,0.9,5.5,5.5,10,3,0,3,0,0,0,1,0,1.15,0.54,1.69,3.5,26,4,16,6,,,,0,False,355,0.0,4732,1217,1.9,122,False,,3.1,1,5.1,1,7.1,1,5.0,2029,114,8,0,3.0,19.3,0,6.023,5.433,6.612,0.123
2026-10-10,2026-10-10T09:24:58+00:00,2026,5,5,444307,276,Lo-Tutala,Thimothée,Lo-Tutala,GK,11,88,Hull City,4.0,4.0,0.0,0,0,0,0,0,0,0,0,0.0,0.0,0.0,0,1198,0.0,0.0141,-0.0141,0.0,0.0,0.0,0.0,u,Has joined Colchester United on loan for the rest of the season,2026-08-17T13:50:27.125537Z,0.0,0.0,0.0,0.0,0.0,0.0,0,0,0,0,0,0,0,0,0,0.0,0.0,0.0,0.0,0,0,0,0,,,,0,False,566,0.0,0,204,0.0,0,False,,0.0,0,0.0,0,0.0,0,5.0,0,0,0,0,0.0,0.0,0,3.988,3.4,4.575,-0.012
2026-10-10,2026-10-10T09:24:58+00:00,2026,5,5,444463,145,Fofana,Wesley,Fofana,DEF,6,8,Chelsea,5.0,5.0,0.0,8,312,4,0,0,0,0,35,2.0,1.6,0.2,21596,9185,0.2541,0.1081,0.146,13.4,100.4,29.2,4.0,a,,2026-07-23T12:01:23.464591Z,100.0,100.0,2.5,0.5,2.5,2.5,4,4,0,7,0,0,0,1,0,0.0,0.08,0.08,5.65,47,7,11,40,,,,0,False,314,0.0,5490,2244,6.2,57,False,,6.7,1,7.6,1,8.5,1,5.0,2371,61,0,0,2.0,12.2,0,4.686,4.098,5.273,-0.314
2026-10-10,2026-10-10T09:24:58+00:00,2026,5,5,444765,85,Van den Berg,Sepp,van den Berg,DEF,4,94,Brentford,4.9,5.0,-0.1,0,0,0,0,0,0,0,0,0.0,0.0,0.1,444,9171,0.0052,0.1079,-0.1027,0.0,0.0,0.0,0.0,i,Groin injury - Unknown return date,2026-08-15T15:30:06.416627Z,0.0,0.0,0.0,0.0,0.0,0.0,0,0,0,0,0,0,0,0,0,0.0,0.0,0.0,0.0,0,0,0,0,,,,0,False,484,0.0,71,565,-97.7,-5,False,,-101.1,-5,-106.8,-5,-112.6,-5,5.0,0,0,0,0,0.0,0.0,0,4.477,3.888,5.066,-0.423
2026-10-10,2026-10-10T09:24:58+00:00,2026,5,5,444884,383,Elliott,Harvey,Elliott,MID,14,14,Liverpool,5.4,5.5,-0.1,0,0,0,0,0,0,0,0,0.0,0.0,0.0,907,6258,0.0107,0.0736,-0.063,0.0,0.0,0.0,0.0,u,Has joined Valencia on loan for the rest of the season,2026-09-02T16:05:49.104326Z,0.0,0.0,0.0,0.0,0.0,0.0,0,0,0,0,0,0,0,0,0,0.0,0.0,0.0,0.0,0,0,0,0,,,,0,False,537,0.0,0,338,0.0,-3,False,,0.0,0,0.0,0,0.0,0,5.0,0,0,0,0,0.0,0.0,0,5.164,4.576,5.752,-0.236
2026-10-10,2026-10-10T09:24:58+00:00,2026,5,5,445028,563,Morita,Hidemasa,Morita,MID,11,88,Hull City,4.9,5.0,-0.1,1,45,1,0,0,0,0,6,1.0,0.2,0.0,748,1862,0.0088,0.0219,-0.0131,2.4,11.0,13.4,0.0,a,,2026-09-09T14:00:08.474217Z,0.0,100.0,0.0,0.0,0.0,0.0,0,1,0,0,0,0,0,0,0,0.0,0.0,0.0,1.09,3,0,1,2,,,,0,False,591,-0.1,45,266,0.0,0,False,2026-10-17T14:30:11.562478Z,0.0,0,0.0,0,0.0,0,5.0,342,8,0,0,1.0,1.6,0,4.773,4.186,5.36,-0.127
2026-10-10,2026-10-10T09:24:58+00:00,2026,5,5,445044,521,Kulusevski,Dejan,Kulusevski,MID,19,6,Spurs,6.5,6.5,0.0,0,0,0,0,0,0,0,0,0.0,0.0,0.0,482,777,0.0057,0.0091,-0.0035,0.0,0.0,0.0,0.0,i,Knee injury - Unknown return date,2026-07-23T12:01:23.895175Z,0.0,0.0,0.0,0.0,0.0,0.0,0,0,0,0,0,0,0,0,0,0.0,0.0,0.0,0.0,0,0,0,0,,,,0,False,613,0.0,176,112,-71.1,2,False,,-64.5,-3,-53.2,-3,-42.0,-3,5.0,0,0,0,0,0.0,0.0,0,5.736,5.147,6.326,-0.764
2026-10-10,2026-10-10T09:24:58+00:00,2026,5,5,445087,579,Araujo,Ronald,Araujo,DEF,14,14,Liverpool,5.4,5.5,-0.1,22,284,5,0,0,3,1,81,4.4,4.1,3.1,164005,168755,1.9299,1.9858,-0.0559,7.7,60.8,10.5,6.0,a,,,,,6.5,1.2,6.5,6.5,7,3,0,0,0,0,0,1,0,0.0,0.06,0.06,2.75,24,5,15,19,,,,0,False,104,0.0,32089,19066,40.2,90,False,,41.0,3,42.5,3,44.0,3,5.0,2158,167,0,0,4.4,31.0,0,5.449,4.856,6.043,0.049
2026-10-10,2026-10-10T09:24:58+00:00,2026,5,5,445122,5,J.Timber,Jurriën,Timber,DEF,1,3,Arsenal,6.5,6.5,0.0,1,104,2,0,0,0,0,-3,0.5,0.2,0.6,56319,19768,0.6627,0.2326,0.4301,1.5,10.2,4.2,0.0,a,,2026-07-23T12:01:23.272929Z,100.0,100.0,0.5,0.1,0.5,0.5,0,1,0,3,0,0,0,0,0,0.0,0.03,0.03,2.18,5,3,7,2,,,,0,False,229,0.0,34663,9015,18.5,1123,False,,29.1,2,47.4,3,65.7,3,5.0,790,8,0,0,0.5,1.2,0,5.429,4.839,6.019,-1.071
2026-10-10,2026-10-10T09:24:58+00:00,2026,5,5,446008,427,Mbeumo,Bryan,Mbeumo,MID,16,1,Man Utd,7.9,8.0,-0.1,25,450,5,2,1,0,3,110,5.0,3.2,20.0,558066,2167387,6.567,25.5046,-18.9376,44.2,120.8,164.2,156.0,a,,,,,2.0,0.3,2.0,2.0,2,5,0,8,0,0,0,1,0,3.07,0.8,3.87,6.8,26,5,14,7,2.0,2.0,2.0,0,False,18,0.0,131087,280888,-85.8,-251,False,,-87.1,-3,-89.2,-3,-91.3,-3,5.0,3420,190,15,8,5.0,24.1,0,8.465,7.875,9.055,0.565
2026-10-10,2026-10-10T09:24:58+00:00,2026,5,5,448047,155,Enzo,Enzo,Fernández,MID,15,43,Man City,6.9,7.0,-0.1,13,271,4,1,0,2,0,73,3.2,1.9,3.8,198913,336128,2.3407,3.9554,-1.6147,17.8,63.8,72.8,42.0,a,,,,,4.5,0.7,4.5,4.5,7,3,0,3,0,0,0,1,0,0.35,0.53,0.88,5.35,21,3,12,6,,3.0,4.0,0,False,91,0.0,57246,29219,7.9,562,False,,13.3,1,22.4,2,31.6,2,5.0,2060,99,8,0,3.2,14.3,0,6.852,6.264,7.441,-0.048
2026-10-10,2026-10-10T09:24:58+00:00,2026,5,5,448089,54,Gomes,Joao,Gomes,MID,2,7,Aston Villa,5.5,5.5,0.0,2,129,2,0,0,0,0,11,1.0,0.4,0.0,1612,4246,0.019,0.05,-0.031,4.8,23.6,24.8,0.0,a,,2026-09-16T19:30:08.742410Z,100.0,100.0,2.0,0.4,2.0,2.0,4,2,0,6,0,0,0,0,1,0.0,0.03,0.03,4.14,20,9,5,6,,,,0,False,504,0.0,773,337,0.2,-2,False,,0.2,1,0.1,1,0.1,1,5.0,980,15,0,0,1.0,2.8,0,5.019,4.431,5.608,-0.481
2026-10-10,2026-10-10T09:24:58+00:00,2026,5,5,448104,9,Hincapie,Piero,Hincapié,DEF,1,3,Arsenal,5.2,5.5,-0.3,2,32,2,0,0,0,0,6,1.0,0.4,0.9,17492,120077,0.2058,1.413,-1.2072,1.0,6.4,1.0,2.0,a,,,,,0.0,0.0,0.0,0.0,0,0,0,0,0,0,0,0,0,0.0,0.0,0.0,0.28,3,1,0,2,,,,0,False,192,-0.1,2673,8366,-9.6,-70,False,,-14.2,-1,-22.3,-2,-30.4,-2,5.0,243,15,0,0,1.0,2.9,0,4.867,4.279,5.455,-0.333
2026-10-10,2026-10-10T09:24:58+00:00,2026,5,5,448514,392,Aït-Nouri,Rayan,Aït-Nouri,DEF,15,43,Man City,5.2,5.5,-0.3,0,0,0,0,0,0,0,0,0.0,0.0,0.4,8178,62956,0.0962,0.7408,-0.6446,0.0,0.0,0.0,0.0,a,,,,,0.0,0.0,0.0,0.0,0,0,0,0,0,0,0,0,0,0.0,0.0,0.0,0.0,0,0,0,0,,,,0,False,271,-0.1,826,3547,-6.1,-56,False,,-14.2,-1,-28.3,-2,-42.4,-3,5.0,0,0,0,0,0.0,0.0,0,4.964,4.376,5.553,-0.236
2026-10-10,2026-10-10T09:24:58+00:00,2026,5,5,449027,351,Mamardashvili,Giorgi,Mamardashvili,GK,14,14,Liverpool,4.8,5.0,-0.2,0,0,0,0,0,0,0,0,0.0,0.0,0.1,2969,8870,0.0349,0.1044,-0.0694,0.0,0.0,0.0,0.0,a,,,,,0.0,0.0,0.0,0.0,0,0,0,0,0,0,0,0,0,0.0,0.0,0.0,0.0,0,0,0,0,,,,0,False,382,-0.1,357,852,-1.5,-3,False,,-2.8,-1,-5.1,-1,-7.5,-1,5.0,0,0,0,0,0.0,0.0,0,4.588,3.999,5.177,-0.212
2026-10-10,2026-10-10T09:24:58+00:00,2026,5,5,449428,283,Jacob,Matty,Jacob,DEF,11,88,Hull City,4.0,4.0,0.0,0,0,0,0,0,0,0,0,0.0,0.0,0.0,114,732,0.0013,0.0086,-0.0073,0.0,0.0,0.0,0.0,u,Has joined Newport County on loan until January,2026-08-02T09:00:11.038361Z,0.0,0.0,0.0,0.0,0.0,0.0,0,0,0,0,0,0,0,0,0,0.0,0.0,0.0,0.0,0,0,0,0,,,,0,False,626,0.0,0,75,0.0,-2,False,,0.0,0,0.0,0,0.0,0,5.0,0,0,0,0,0.0,0.0,0,4.005,3.418,4.592,0.005
2026-10-10,2026-10-10T09:24:58+00:00,2026,5,5,449429,306,Greaves,Jacob,Greaves,DEF,12,40,Ipswich Town,3.9,4.0,-0.1,3,357,4,0,0,0,0,12,0.8,0.8,1.2,20703,45482,0.2436,0.5352,-0.2916,9.0,68.6,16.9,4.0,a,,,,,0.5,0.1,0.5,0.5,0,4,0,10,1,0,0,1,0,0.0,0.06,0.06,6.74,30,5,12,25,,,,0,False,166,-0.1,12967,10741,0.9,143,False,,2.2,1,4.5,1,6.9,1,5.0,2713,23,0,0,0.7,5.8,0,3.834,3.244,4.423,-0.066
2026-10-10,2026-10-10T09:24:58+00:00,2026,5,5,449434,454,Elanga,Anthony,Elanga,MID,17,4,Newcastle,6.1,6.0,0.1,18,232,3,2,0,1,2,71,6.0,3.0,3.4,1286295,1202727,15.1364,14.153,0.9834,19.4,82.6,50.6,61.0,i,Unspecified injury - Unknown return date,2026-09-14T20:00:09.505598Z,0.0,0.0,0.0,0.0,0.0,0.0,0,3,0,3,0,0,0,1,0,0.42,0.34,0.76,4.01,9,4,3,2,,,2.0,0,False,100,-0.1,458,282766,-96.5,-7189,False,,-139.9,-5,-214.9,-5,-289.9,-5,5.0,1763,137,15,0,6.0,22.4,0,6.892,6.301,7.483,0.792
2026-10-10,2026-10-10T09:24:58+00:00,2026,5,5,449871,48,Onana,Amadou,Onana,MID,2,7,Aston Villa,4.9,5.0,-0.1,0,0,0,0,0,0,0,0,0.0,0.0,0.0,571,1716,0.0067,0.0202,-0.0135,0.0,0.0,0.0,0.0,i,Knee injury - Unknown return date,2026-07-23T12:01:23.352497Z,0.0,0.0,0.0,0.0,0.0,0.0,0,0,0,0,0,0,0,0,0,0.0,0.0,0.0,0.0,0,0,0,0,,,,0,False,588,0.0,100,146,-10.2,7,False,,0.0,0,0.1,1,0.3,1,5.0,0,0,0,0,0.0,0.0,0,4.753,4.165,5.341,-0.147
2026-10-10,2026-10-10T09:24:58+00:00,2026,5,5,450063,644,Timber,Quinten,Timber,MID,8,31,Crystal Palace,5.0,5.0,0.0,9,253,3,0,0,1,0,45,3.0,1.8,0.0,4655,1705,0.0548,0.0201,0.0347,10.0,37.8,29.1,34.0,a,,,,,3.5,0.7,3.5,3.5,3,3,0,5,0,0,0,0,0,0.24,0.06,0.3,5.56,27,11,10,6,,,,0,False,519,0.0,832,513,0.3,10,False,,0.4,1,0.5,1,0.7,1,5.0,1923,68,0,0,3.0,13.7,0,4.95,4.362,5.538,-0.05
2026-10-10,2026-10-10T09:24:58+00:00,2026,5,5,450542,219,J.Rak-Sakyi,Jesurun,Rak-Sakyi,MID,8,31,Crystal Palace,4.9,5.0,-0.1,0,0,0,0,0,0,0,0,0.0,0.0,0.0,145,483,0.0017,0.0057,-0.004,0.0,0.0,0.0,0.0,u,has joined  Kasimpasa on loan for the rest of the seaon.,2026-09-10T09:12:47.224598Z,0.0,0.0,0.0,0.0,0.0,0.0,0,0,0,0,0,0,0,0,0,0.0,0.0,0.0,0.0,0,0,0,0,,,,0,False,648,0.0,0,41,0.0,0,False,,0.0,0,0.0,0,0.0,0,5.0,0,0,0,0,0.0,0.0,0,4.759,4.171,5.347,-0.141
2026-10-10,2026-10-10T09:24:58+00:00,2026,5,5,451284,175,van Ewijk,Milan,van Ewijk,DEF,7,9,Coventry City,4.0,4.0,0.0,6,360,4,0,0,0,0,7,1.5,1.5,7.7,123549,604476,1.4539,7.1131,-5.6593,12.8,61.6,52.7,14.0,d,Hamstring injury - 75% chance of playing,2026-09-19T16:00:09.486751Z,,75.0,0.0,0.0,0.0,0.0,0,4,0,10,0,0,0,1,0,0.0,0.3,0.3,7.53,27,6,13,21,,,,0,False,49,0.0,1644,179802,-75.7,-2902,False,,-95.8,-4,-130.5,-5,-165.2,-5,5.0,2736,46,0,0,1.5,11.4,0,4.106,3.518,4.694,0.106
2026-10-10,2026-10-10T09:24:58+00:00,2026,5,5,451302,413,Bayindir,Altay,Bayındır,GK,16,1,Man Utd,4.5,4.5,0.0,0,0,0,0,0,0,0,0,0.0,0.0,0.0,0,1176,0.0,0.0138,-0.0138,0.0,0.0,0.0,0.0,u,Has joined Celta Vigo on loan for the rest of the season,2026-08-10T14:02:28.608415Z,0.0,0.0,0.0,0.0,0.0,0.0,0,0,0,0,0,0,0,0,0,0.0,0.0,0.0,0.0,0,0,0,0,,,,0,False,606,0.0,0,66,0.0,-2,False,,0.0,0,0.0,0,0.0,0,5.0,0,0,0,0,0.0,0.0,0,4.363,3.775,4.951,-0.137
2026-10-10,2026-10-10T09:24:58+00:00,2026,5,5,451340,121,Mitoma,Mitoma,Kaoru,MID,5,36,Brighton,5.9,6.0,-0.1,0,0,0,0,0,0,0,0,0.0,0.0,0.0,612,3177,0.0072,0.0374,-0.0302,0.0,0.0,0.0,0.0,i,Hamstring injury - Expected back 10 Oct,2026-07-24T18:30:10.661894Z,0.0,0.0,0.0,0.0,0.0,0.0,0,0,0,0,0,0,0,0,0,0.0,0.0,0.0,0.0,0,0,0,0,,,,0,False,539,0.0,186,240,-28.0,0,False,,-28.0,-2,-28.0,-2,-28.0,-2,5.0,0,0,0,0,0.0,0.0,0,5.335,4.747,5.924,-0.565
2026-10-10,2026-10-10T09:24:58+00:00,2026,5,5,451490,119,Costinha,João Pedro,Loureiro da Costa,DEF,5,36,Brighton,4.5,4.5,0.0,4,68,5,0,0,0,0,18,0.8,0.9,0.0,1408,1551,0.0166,0.0183,-0.0017,5.4,16.4,20.0,18.0,a,,,,,1.0,0.2,1.0,1.0,1,0,0,0,0,0,0,1,0,0.12,0.3,0.42,1.02,7,1,1,6,,,,0,False,521,0.0,303,226,0.0,0,False,,0.0,0,0.0,0,0.0,0,5.0,517,30,0,0,0.8,6.8,0,4.335,3.747,4.923,-0.165
2026-10-10,2026-10-10T09:24:58+00:00,2026,5,5,454490,120,Svoboda,Michael,Svoboda,DEF,5,36,Brighton,5.0,5.0,0.0,1,4,1,0,0,0,0,5,1.0,0.2,0.1,4840,4190,0.057,0.0493,0.0076,0.2,2.4,0.0,0.0,a,,,,,0.5,0.1,0.5,0.5,1,0,0,0,0,0,0,0,0,0.0,0.0,0.0,0.14,1,1,1,0,,,,0,False,470,0.0,1664,668,0.6,4,False,,0.7,1,0.7,1,0.8,1,5.0,30,8,0,0,1.0,1.5,0,4.576,3.988,5.164,-0.424
2026-10-10,2026-10-10T09:24:58+00:00,2026,5,5,455084,305,Davis,Leif,Davis,DEF,12,40,Ipswich Town,4.0,4.0,0.0,25,450,5,2,2,0,1,52,5.0,6.2,7.7,477983,218463,5.6246,2.5708,3.0539,32.5,144.8,61.9,117.0,a,,,,,8.0,2.0,8.0,8.0,2,5,0,11,0,0,0,0,0,1.59,0.46,2.05,8.98,24,2,10,22,,2.0,,1,False,48,0.0,157780,60847,94.8,2178,False,,115.4,5,150.9,5,186.4,5,5.0,3420,190,15,15,5.0,38.7,1,6.236,5.641,6.831,2.236
2026-10-10,2026-10-10T09:24:58+00:00,2026,5,5,456512,483,Ndoye,Dan,Ndoye,MID,18,17,Nott'm Forest,5.5,5.5,0.0,15,316,5,1,0,1,2,44,3.0,2.7,0.6,73516,57654,0.8651,0.6784,0.1867,19.0,39.0,63.6,90.0,a,,,,,1.0,0.2,1.0,1.0,1,5,0,3,0,0,0,1,0,1.25,0.93,2.18,3.84,20,2,15,3,,,,0,False,226,0.0,1920,16491,12.0,-309,False,,9.0,1,4.0,1,-16.8,-1,5.0,2402,114,8,0,3.0,20.7,0,5.816,5.228,6.404,0.316
2026-10-10,2026-10-10T09:24:58+00:00,2026,5,5,457569,57,Petrović,Đorđe,Petrović,GK,3,91,Bournemouth,4.5,4.5,0.0,9,450,5,0,0,0,0,45,1.8,2.0,2.9,121481,138305,1.4295,1.6275,-0.198,9.2,92.2,0.0,0.0,a,,,,,1.5,0.3,1.5,1.5,2,5,11,8,0,0,0,0,0,0.0,0.0,0.0,6.95,0,0,43,6,,,,0,False,107,0.0,15498,25634,-1.8,-97,False,,-5.0,-1,-10.7,-1,-16.4,-1,5.0,3420,68,0,0,1.8,15.2,0,4.29,3.7,4.881,-0.21
2026-10-10,2026-10-10T09:24:58+00:00,2026,5,5,458249,440,Zirkzee,Joshua,Zirkzee,FWD,16,1,Man Utd,5.3,5.5,-0.2,2,20,2,0,0,0,0,8,1.0,0.4,0.4,17505,45185,0.206,0.5317,-0.3257,2.2,7.6,14.9,0.0,a,,,,,1.0,0.2,1.0,1.0,1,0,0,0,0,0,0,0,0,0.0,0.01,0.01,0.02,4,0,2,2,,,,0,False,268,-0.1,3625,4632,-7.0,14,False,,-5.1,-1,-1.8,-1,0.1,1,5.0,152,15,0,0,1.0,2.9,0,5.163,4.575,5.752,-0.137
2026-10-10,2026-10-10T09:24:58+00:00,2026,5,5,460028,149,Colwill,Levi,Samuels Colwill,DEF,6,8,Chelsea,4.8,5.0,-0.2,3,341,4,0,0,0,0,17,0.8,0.6,0.8,28690,103734,0.3376,1.2207,-0.8831,9.2,61.6,16.6,13.0,a,,,,,1.0,0.2,1.0,1.0,1,4,0,9,0,0,0,1,0,0.01,0.05,0.06,6.67,26,3,15,23,,,,0,False,199,-0.1,3034,10709,-15.7,-103,False,,-22.8,-2,-35.1,-2,-47.4,-3,5.0,2592,23,0,0,0.7,4.8,0,4.422,3.831,5.012,-0.378
2026-10-10,2026-10-10T09:24:58+00:00,2026,5,5,460842,512,Kudus,Mohammed,Kudus,MID,19,6,Spurs,6.5,6.5,0.0,7,123,4,0,1,0,0,49,1.8,1.1,0.2,16252,12433,0.1912,0.1463,0.0449,11.2,37.2,48.7,26.0,a,,2026-07-23T12:01:23.848657Z,100.0,100.0,2.5,0.4,2.5,2.5,4,0,0,3,0,0,0,0,0,0.11,0.42,0.53,1.46,14,3,11,0,3.0,6.0,7.0,0,False,345,0.0,5458,2478,3.1,121,False,,4.2,1,6.2,1,8.2,1,5.0,935,53,0,8,1.8,8.2,0,6.142,5.553,6.73,-0.358
2026-10-10,2026-10-10T09:24:58+00:00,2026,5,5,461102,173,Thomas,Bobby,Thomas,DEF,7,9,Coventry City,4.0,4.0,0.0,24,437,5,0,0,2,3,78,4.8,6.0,8.8,430436,325151,5.0651,3.8262,1.2389,18.4,94.8,33.7,56.0,a,,,,,4.5,1.1,4.5,4.5,9,5,0,9,0,0,0,0,0,0.49,0.3,0.79,8.09,52,3,16,49,,,,0,False,42,0.0,93002,72127,21.3,714,False,,28.0,2,39.7,2,51.3,3,5.0,3321,182,0,0,4.8,38.7,1,4.71,4.118,5.302,0.71
2026-10-10,2026-10-10T09:24:58+00:00,2026,5,5,461199,547,Mundle,Romaine,Mundle,MID,20,56,Sunderland,4.8,5.0,-0.2,1,1,1,0,0,0,0,2,1.0,0.2,0.0,207,703,0.0024,0.0083,-0.0058,2.5,8.0,0.1,17.0,i,Knee injury - Unknown return date,2026-09-09T14:00:08.462705Z,0.0,0.0,0.0,0.0,0.0,0.0,0,0,0,0,0,0,0,0,0,0.17,0.0,0.17,0.09,1,0,0,1,,,,0,False,638,-0.1,16,85,-0.3,0,False,,-0.3,-1,-0.3,-1,-0.3,-1,5.0,8,8,0,0,1.0,1.6,0,4.778,4.191,5.365,-0.022
2026-10-10,2026-10-10T09:24:58+00:00,2026,5,5,461587,323,McAteer,Kasey,McAteer,MID,12,40,Ipswich Town,4.4,4.5,-0.1,3,42,3,0,0,0,0,12,1.0,0.7,1.0,30915,69123,0.3638,0.8134,-0.4496,1.4,4.6,1.8,7.0,a,,,,,0.0,0.0,0.0,0.0,0,0,0,0,0,0,0,0,0,0.05,0.0,0.05,0.21,5,1,4,0,,,,0,False,178,-0.1,4171,13276,-8.8,-136,False,,-16.8,-1,-30.6,-2,-44.4,-3,5.0,319,23,0,0,1.0,5.2,0,4.585,3.998,5.172,0.185
2026-10-10,2026-10-10T09:24:58+00:00,2026,5,5,462387,322,Al-Hamadi,Ali,Al-Hamadi,FWD,12,40,Ipswich Town,5.0,5.0,0.0,0,0,0,0,0,0,0,0,0.0,0.0,0.0,755,10219,0.0089,0.1203,-0.1114,0.0,0.0,0.0,0.0,u,Has joined Sheffield Wednesday on loan for the rest of the season,2026-08-27T14:54:10.215357Z,0.0,0.0,0.0,0.0,0.0,0.0,0,0,0,0,0,0,0,0,0,0.0,0.0,0.0,0.0,0,0,0,0,,,,0,False,501,0.0,0,674,0.0,-18,False,,0.0,0,0.0,0,0.0,0,5.0,0,0,0,0,0.0,0.0,0,4.792,4.204,5.38,-0.208
2026-10-10,2026-10-10T09:24:58+00:00,2026,5,5,462424,6,Saliba,William,Saliba,DEF,1,3,Arsenal,5.9,6.0,-0.1,0,0,0,0,0,0,0,0,0.0,0.0,0.2,3658,19052,0.043,0.2242,-0.1811,0.0,0.0,0.0,0.0,i,Back injury - Unknown return date,2026-07-23T12:01:23.289376Z,0.0,0.0,0.0,0.0,0.0,0.0,0,0,0,0,0,0,0,0,0,0.0,0.0,0.0,0.0,0,0,0,0,,,,0,False,332,0.0,576,1499,-30.1,-8,False,,-31.5,-2,-34.0,-2,-36.4,-2,5.0,0,0,0,0,0.0,0.0,0,5.172,4.583,5.761,-0.728
2026-10-10,2026-10-10T09:24:58+00:00,2026,5,5,462635,340,Gelhardt,Joe,Gelhardt,MID,11,88,Hull City,5.0,5.0,0.0,1,7,1,0,0,0,0,5,1.0,0.2,0.0,751,1080,0.0088,0.0127,-0.0039,1.5,1.6,1.3,12.0,a,,2026-08-17T21:30:07.799839Z,100.0,100.0,0.5,0.1,0.5,0.5,1,0,0,0,0,0,0,0,0,0.1,0.02,0.12,0.13,1,0,1,0,,,,0,False,598,0.0,141,173,0.0,0,False,,0.0,0,0.0,0,0.0,0,5.0,53,8,0,0,1.0,1.5,0,4.828,4.24,5.415,-0.172
2026-10-10,2026-10-10T09:24:58+00:00,2026,5,5,463034,167,Delap,Liam,Delap,FWD,18,17,Nott'm Forest,5.6,5.5,0.1,9,277,4,1,0,1,0,49,2.2,1.6,2.5,328546,124515,3.8662,1.4652,2.4009,17.9,40.0,68.6,71.0,a,,,,,3.0,0.5,3.0,3.0,1,3,0,3,0,0,0,2,0,0.89,0.35,1.24,2.62,17,2,10,5,3.0,,,0,False,112,0.1,41370,70943,-53.0,-638,False,,-78.5,-3,-122.4,-5,-166.3,-5,5.0,2105,68,8,0,2.2,12.2,0,5.718,5.13,6.307,0.118
2026-10-10,2026-10-10T09:24:58+00:00,2026,5,5,463067,125,Georginio,Georginio,Rutter,FWD,5,36,Brighton,5.3,5.5,-0.2,6,104,2,0,1,1,0,24,3.0,1.1,0.4,37142,80416,0.4371,0.9463,-0.5092,5.1,20.2,11.7,19.0,a,,2026-08-26T16:00:07.608056Z,100.0,100.0,0.5,0.1,0.5,0.5,1,1,0,0,0,0,0,0,0,0.17,0.45,0.62,1.03,9,2,6,1,,,,0,False,260,-0.1,5145,7788,-3.0,-20,False,,-5.6,-1,-10.1,-1,-14.6,-1,5.0,790,46,0,8,3.0,8.6,0,5.521,4.932,6.11,0.221
2026-10-10,2026-10-10T09:24:58+00:00,2026,5,5,463210,580,Charles,Shea,Charles,MID,10,54,Fulham,5.0,5.0,0.0,13,303,5,0,0,1,0,60,2.6,2.6,0.1,5419,4884,0.0638,0.0575,0.0063,14.5,85.4,46.1,14.0,a,,,,,4.5,0.9,4.5,4.5,4,3,0,5,0,0,0,0,0,0.09,0.16,0.25,6.65,46,4,19,23,,,,0,False,421,0.0,3689,1208,0.3,133,False,,1.6,1,3.7,1,5.9,1,5.0,2303,99,0,0,2.6,19.8,0,5.005,4.418,5.593,0.005
2026-10-10,2026-10-10T09:24:58+00:00,2026,5,5,463726,593,Dedić,Amar,Dedic,DEF,17,4,Newcastle,4.5,4.5,0.0,13,327,4,0,1,1,2,36,3.2,2.9,1.4,448314,344124,5.2755,4.0495,1.2261,12.6,70.0,40.7,15.0,d,Unspecified injury - 50% chance of playing,2026-09-17T14:30:09.823731Z,0.0,50.0,0.0,0.0,0.0,0.0,0,4,0,7,0,0,0,0,0,0.14,0.08,0.22,7.38,24,8,15,16,,3.0,,1,False,148,0.0,692,74074,-0.1,0,False,2026-10-16T20:30:11.350437Z,-0.1,-1,-0.1,-1,-0.1,-1,5.0,2485,99,0,8,3.2,22.0,0,4.905,4.316,5.493,0.405
2026-10-10,2026-10-10T09:24:58+00:00,2026,5,5,463936,158,Gittens,Jamie,Bynoe-Gittens,MID,6,8,Chelsea,5.8,6.0,-0.2,0,0,0,0,0,0,0,0,0.0,0.0,0.0,1149,3024,0.0135,0.0356,-0.0221,0.0,0.0,0.0,0.0,i,Ankle injury - Unknown return date,2026-09-26T05:30:09.245832Z,,0.0,0.0,0.0,0.0,0.0,0,0,0,0,0,0,0,0,0,0.0,0.0,0.0,0.0,0,0,0,0,,,,0,False,554,-0.1,170,394,-9.0,-11,False,,-17.7,-1,-32.6,-2,-47.6,-3,5.0,0,0,0,0,0.0,0.0,0,5.401,4.812,5.989,-0.399
2026-10-10,2026-10-10T09:24:58+00:00,2026,5,5,463981,60,Hill,James,Hill,DEF,3,91,Bournemouth,5.5,5.5,0.0,12,450,5,0,0,0,0,43,2.4,2.2,0.8,34613,46703,0.4073,0.5496,-0.1423,19.5,119.6,69.3,6.0,a,,,,,3.0,0.5,3.0,3.0,4,5,0,8,0,0,0,1,0,0.0,0.79,0.79,6.95,50,9,11,41,,,,0,False,207,0.0,6872,6109,-25.9,72,False,,-16.6,-1,-0.6,-1,1.1,1,5.0,3420,91,0,0,2.4,16.6,0,4.864,4.275,5.453,-0.636
2026-10-10,2026-10-10T09:24:58+00:00,2026,5,5,464353,355,Davies,Harvey,Davies,GK,14,14,Liverpool,4.0,4.0,0.0,0,0,0,0,0,0,0,0,0.0,0.0,0.2,5040,4515,0.0593,0.0531,0.0062,0.0,0.0,0.0,0.0,a,,,,,0.0,0.0,0.0,0.0,0,0,0,0,0,0,0,0,0,0.0,0.0,0.0,0.0,0,0,0,0,,,,0,False,366,0.0,588,735,0.1,0,False,,0.1,1,0.1,1,0.1,1,5.0,0,0,0,0,0.0,0.0,0,4.104,3.516,4.692,0.104
2026-10-10,2026-10-10T09:24:58+00:00,2026,5,5,465247,412,Lammens,Senne,Lammens,GK,16,1,Man Utd,4.9,5.0,-0.1,11,450,5,0,0,0,0,58,2.2,2.2,9.4,106627,745951,1.2547,8.7779,-7.5232,13.3,132.8,0.0,0.0,a,,,,,3.0,0.6,3.0,3.0,4,5,16,8,0,0,0,0,0,0.0,0.0,0.0,6.8,0,0,38,5,,,,0,False,38,0.0,14419,107520,-24.9,-677,False,,-32.0,-2,-44.3,-3,-56.5,-3,5.0,3420,84,0,0,2.2,17.1,0,4.793,4.203,5.382,-0.107
2026-10-10,2026-10-10T09:24:58+00:00,2026,5,5,465351,389,Matheus N.,Matheus,Nunes,DEF,15,43,Man City,5.9,6.0,-0.1,11,213,3,0,0,1,1,38,3.7,1.9,1.0,16256,76327,0.1913,0.8982,-0.7069,7.0,60.0,6.3,4.0,a,,2026-08-27T11:30:08.171622Z,100.0,100.0,5.0,0.8,5.0,5.0,1,2,0,3,0,0,0,0,0,0.0,0.06,0.06,4.67,21,3,10,18,4.0,,,0,False,180,0.0,3101,5186,-40.7,-45,False,,-45.3,-3,-53.1,-3,-61.0,-3,5.0,1619,84,0,0,3.7,14.2,0,5.543,4.955,6.132,-0.357
2026-10-10,2026-10-10T09:24:58+00:00,2026,5,5,465390,177,Kesler-Hayden,Kaine,Kesler-Hayden,DEF,7,9,Coventry City,3.9,4.0,-0.1,0,0,0,0,0,0,0,0,0.0,0.0,0.1,5476,7252,0.0644,0.0853,-0.0209,0.0,0.0,0.0,0.0,d,Hamstring injury - 50% chance of playing,2026-08-27T14:56:28.704361Z,0.0,50.0,0.0,0.0,0.0,0.0,0,0,0,0,0,0,0,0,0,0.0,0.0,0.0,0.0,0,0,0,0,,,,0,False,480,-0.1,4877,4027,0.2,0,False,2026-10-16T14:00:11.606100Z,0.2,1,0.2,1,0.2,1,5.0,0,0,0,0,0.0,0.0,0,3.986,3.399,4.573,0.086
2026-10-10,2026-10-10T09:24:58+00:00,2026,5,5,465525,291,Matazo,Eliot,Matazo,MID,11,88,Hull City,4.5,4.5,0.0,0,0,0,0,0,0,0,0,0.0,0.0,0.0,408,541,0.0048,0.0064,-0.0016,0.0,0.0,0.0,0.0,i,Knee injury - Unknown return date,2026-07-23T12:01:23.532635Z,0.0,0.0,0.0,0.0,0.0,0.0,0,0,0,0,0,0,0,0,0,0.0,0.0,0.0,0.0,0,0,0,0,,,,0,False,634,0.0,57,103,-21.7,-1,False,,-29.5,-2,-42.9,-3,-56.4,-3,5.0,0,0,0,0,0.0,0.0,0,4.527,3.94,5.114,0.027
2026-10-10,2026-10-10T09:24:58+00:00,2026,5,5,465642,445,Thiaw,Malick,Thiaw,DEF,17,4,Newcastle,5.0,5.0,0.0,14,450,5,0,0,1,0,32,2.8,2.8,2.2,193250,134920,2.2741,1.5877,0.6864,12.7,106.2,16.3,4.0,a,,,,,3.0,0.6,3.0,3.0,4,5,0,9,1,0,0,0,0,0.0,0.08,0.08,9.14,45,0,10,45,,,,0,False,118,0.0,23949,21909,21.2,239,False,,23.5,2,27.4,2,31.3,2,5.0,3420,106,0,0,2.8,21.3,0,4.73,4.142,5.318,-0.27
2026-10-10,2026-10-10T09:24:58+00:00,2026,5,5,465680,493,Kalimuendo,Arnaud,Kalimuendo,FWD,18,17,Nott'm Forest,5.4,5.5,-0.1,1,1,1,0,0,0,0,3,1.0,0.2,0.0,3157,4302,0.0371,0.0506,-0.0135,0.0,0.0,0.0,0.0,a,,,,,0.0,0.0,0.0,0.0,0,0,0,0,0,0,0,0,0,0.0,0.0,0.0,0.0,0,0,0,0,,,,0,False,497,0.0,347,602,0.0,4,False,,0.1,1,0.1,1,0.2,1,5.0,8,8,0,0,1.0,1.4,0,5.069,4.482,5.657,-0.331
2026-10-10,2026-10-10T09:24:58+00:00,2026,5,5,465694,405,N.Gonzalez,Nico,González Iglesias,MID,17,4,Newcastle,5.5,5.5,0.0,5,164,3,0,0,1,0,23,1.7,0.9,0.2,18915,17611,0.2226,0.2072,0.0153,5.8,13.4,42.0,2.0,a,,2026-09-14T21:30:07.343728Z,0.0,100.0,0.5,0.1,0.0,0.5,0,3,0,2,0,0,0,1,0,0.0,0.21,0.21,2.34,12,0,9,3,,,,0,False,336,0.0,1452,2442,1.1,8,False,,1.2,1,1.3,1,1.4,1,5.0,1246,38,0,0,1.7,6.9,0,5.138,4.551,5.726,-0.362
2026-10-10,2026-10-10T09:24:58+00:00,2026,5,5,465730,115,De Cuyper,Maxim,De Cuyper,DEF,5,36,Brighton,5.0,4.5,0.5,38,423,5,1,3,3,5,132,7.6,7.6,31.4,3122437,443938,36.7431,5.224,31.5191,33.8,108.4,171.8,57.0,a,,,,,8.5,1.7,8.5,8.5,6,5,0,5,0,0,0,2,0,1.55,0.67,2.22,8.58,16,8,18,8,,4.0,2.0,2,True,8,0.1,704098,58907,46.5,18962,False,,112.7,5,226.7,5,340.8,5,5.0,3215,289,8,23,7.6,38.7,1,6.939,6.328,7.55,1.939
2026-10-10,2026-10-10T09:24:58+00:00,2026,5,5,465920,578,Mudryk,Mykhailo,Mudryk,MID,19,6,Spurs,5.3,5.5,-0.2,1,16,1,0,0,0,0,3,1.0,0.2,0.0,5462,7900,0.0643,0.093,-0.0287,0.1,0.0,0.1,2.0,i,Ankle injury - Unknown return date,2026-09-11T18:00:09.154412Z,0.0,0.0,0.0,0.0,0.0,0.0,0,0,0,0,0,0,0,0,0,0.0,0.0,0.0,0.16,0,0,0,0,,,,0,False,522,-0.1,42,852,-22.8,-14,False,,-30.9,-2,-45.0,-3,-59.1,-3,5.0,122,8,0,0,1.0,1.4,0,5.104,4.516,5.691,-0.196
2026-10-10,2026-10-10T09:24:58+00:00,2026,5,5,466052,399,Cherki,Rayan,Cherki,MID,15,43,Man City,7.8,7.5,0.3,34,302,5,3,2,1,5,150,6.8,4.4,28.6,2827452,1084720,33.2719,12.7644,20.5075,47.3,165.8,199.0,108.0,a,,,,,4.5,0.6,4.5,4.5,8,4,0,4,0,0,0,1,0,0.72,1.54,2.26,5.0,12,0,9,3,,1.0,1.0,1,True,10,0.0,280291,217775,-39.1,-1084,False,,-49.4,-3,-67.1,-3,-84.7,-3,5.0,2295,258,23,15,6.8,33.1,0,9.726,9.132,10.32,1.926
2026-10-10,2026-10-10T09:24:58+00:00,2026,5,5,466075,8,Calafiori,Riccardo,Calafiori,DEF,1,3,Arsenal,5.9,5.5,0.4,29,416,5,0,2,3,2,76,5.8,4.9,51.4,1802443,444838,21.2102,5.2346,15.9756,19.1,71.6,52.7,66.0,a,,,,,3.5,0.6,3.5,3.5,1,5,0,4,0,0,0,0,0,0.67,0.62,1.29,3.76,18,6,13,12,,,,1,False,3,0.1,222435,106331,9.3,4224,False,,24.1,2,49.5,3,74.9,3,5.0,3162,220,0,15,5.8,37.4,0,7.058,6.458,7.659,1.158
2026-10-10,2026-10-10T09:24:58+00:00,2026,5,5,466525,335,Stach,Anton,Stach,MID,13,2,Leeds,6.0,6.0,0.0,27,447,5,1,0,3,3,86,5.4,4.5,2.4,207392,181991,2.4405,2.1416,0.2989,26.5,116.4,93.3,55.0,a,,,,,4.0,0.7,4.0,4.0,5,5,0,2,0,0,0,0,0,0.97,0.31,1.28,6.17,61,13,21,27,,1.0,1.0,1,False,116,0.0,10049,37258,12.2,-743,False,,5.2,1,-30.6,-2,-84.2,-3,5.0,3397,205,8,0,5.4,34.2,0,6.366,5.774,6.959,0.366
2026-10-10,2026-10-10T09:24:58+00:00,2026,5,5,467779,130,Wieffer,Mats,Wieffer,DEF,5,36,Brighton,4.9,5.0,-0.1,7,156,2,0,0,1,1,38,3.5,1.4,0.2,25957,44756,0.3054,0.5267,-0.2212,8.3,37.0,35.5,10.0,i,Knee injury - Unknown return date,2026-09-04T09:30:08.612904Z,0.0,0.0,0.0,0.0,0.0,0.0,0,2,0,4,0,0,0,0,0,0.12,0.13,0.25,3.18,15,4,9,11,,,,0,False,367,0.0,42,3324,-51.7,-73,False,,-68.0,-3,-95.9,-4,-123.9,-5,5.0,1186,53,0,0,3.5,10.9,0,4.739,4.152,5.327,-0.161
2026-10-10,2026-10-10T09:24:58+00:00,2026,5,5,469142,112,Van Hecke,Jan Paul,van Hecke,DEF,19,6,Spurs,4.9,5.0,-0.1,24,450,5,1,0,2,2,85,4.8,4.9,6.1,189291,546245,2.2275,6.4279,-4.2004,31.6,171.8,74.9,70.0,a,,2026-09-30T16:00:09.552205Z,,100.0,7.0,1.4,7.0,7.0,6,5,0,8,0,0,0,1,0,0.69,0.42,1.11,7.78,43,10,17,33,,,,0,False,63,0.0,53122,100850,-64.7,-1065,False,,-81.9,-3,-111.6,-5,-141.3,-5,5.0,3420,182,8,0,4.8,37.2,0,5.708,5.118,6.299,0.808
2026-10-10,2026-10-10T09:24:58+00:00,2026,5,5,469247,49,Iling Jr,Samuel,Iling-Junior,MID,2,7,Aston Villa,5.0,5.0,0.0,0,0,0,0,0,0,0,0,0.0,0.0,0.0,0,238,0.0,0.0028,-0.0028,0.0,0.0,0.0,0.0,u,Has joined Bolton Wanderers on loan for the rest of the season,2026-08-17T13:52:28.532616Z,0.0,0.0,0.0,0.0,0.0,0.0,0,0,0,0,0,0,0,0,0,0.0,0.0,0.0,0.0,0,0,0,0,,,,0,False,661,0.0,0,13,0.0,0,False,,0.0,0,0.0,0,0.0,0,5.0,0,0,0,0,0.0,0.0,0,4.781,4.193,5.369,-0.219
2026-10-10,2026-10-10T09:24:58+00:00,2026,5,5,469266,589,Gourna-Douath,Lucas,Gourna-Douath,MID,11,88,Hull City,5.0,5.0,0.0,4,138,3,0,0,1,0,18,1.3,0.8,0.0,718,1428,0.0084,0.0168,-0.0084,6.5,29.4,33.5,2.0,a,,,,,0.5,0.1,0.5,0.5,1,1,0,0,0,0,0,1,0,0.03,0.03,0.06,2.26,17,5,7,5,,,,0,False,560,0.0,49,193,-103.0,-5,False,,-126.5,-5,-166.9,-5,-207.3,-5,5.0,1049,30,0,0,1.3,6.1,0,4.825,4.238,5.412,-0.175
2026-10-10,2026-10-10T09:24:58+00:00,2026,5,5,469272,190,Tchaouna,Loum,Tchaouna,MID,7,9,Coventry City,5.3,5.5,-0.2,5,211,4,0,0,0,0,32,1.2,0.9,0.1,3175,8596,0.0374,0.1012,-0.0638,12.3,25.4,50.5,46.0,a,,,,,0.5,0.1,0.5,0.5,1,2,0,3,0,0,0,0,0,0.23,0.18,0.41,3.23,18,1,11,6,,,3.0,0,False,428,-0.1,59,719,-2.6,-11,False,,-9.8,-1,-22.3,-2,-34.8,-2,5.0,1604,38,0,0,1.2,7.2,0,4.999,4.412,5.586,-0.301
2026-10-10,2026-10-10T09:24:58+00:00,2026,5,5,470294,297,Gyabi,Darko,Gyabi,MID,11,88,Hull City,4.4,4.5,-0.1,0,0,0,0,0,0,0,0,0.0,0.0,0.0,514,1693,0.006,0.0199,-0.0139,0.0,0.0,0.0,0.0,i,Thigh injury - Unknown return date,2026-08-04T18:30:11.027155Z,0.0,0.0,0.0,0.0,0.0,0.0,0,0,0,0,0,0,0,0,0,0.0,0.0,0.0,0.0,0,0,0,0,,,,0,False,580,-0.1,125,225,-0.4,0,False,,-0.4,-1,-0.4,-1,-0.4,-1,5.0,0,0,0,0,0.0,0.0,0,4.502,3.915,5.089,0.102
2026-10-10,2026-10-10T09:24:58+00:00,2026,5,5,470313,463,Woltemade,Nick,Woltemade,FWD,17,4,Newcastle,5.9,6.0,-0.1,4,19,1,0,1,0,0,18,4.0,0.7,0.5,14520,143778,0.1709,1.6919,-1.521,4.0,18.2,10.5,11.0,u,Has joined Juventus on loan for the rest of the season,2026-09-02T16:07:16.549304Z,0.0,0.0,0.0,0.0,0.0,0.0,0,0,0,0,0,0,0,0,0,0.02,0.01,0.03,0.38,0,0,0,0,,,,0,False,256,0.0,0,5343,0.0,-78,False,,0.0,0,0.0,0,0.0,0,5.0,144,30,0,8,4.0,5.2,0,5.919,5.329,6.509,0.019
2026-10-10,2026-10-10T09:24:58+00:00,2026,5,5,470315,478,Netz,Luca,Netz,DEF,18,17,Nott'm Forest,4.4,4.5,-0.1,3,27,3,0,0,0,0,8,1.0,0.7,0.0,724,1673,0.0085,0.0197,-0.0112,2.6,6.0,17.5,2.0,a,,,,,0.5,0.1,0.5,0.5,1,0,0,1,0,0,0,0,0,0.0,0.02,0.02,0.13,1,1,1,0,,,,0,False,541,0.0,94,202,-12.0,0,False,,-12.0,-1,-12.0,-1,-12.0,-1,5.0,205,23,0,0,1.0,5.2,0,4.325,3.738,4.913,-0.075
2026-10-10,2026-10-10T09:24:58+00:00,2026,5,5,470551,567,Horníček,Lukás,Hornícek,GK,17,4,Newcastle,5.0,5.0,0.0,14,450,5,0,0,1,0,72,2.8,2.8,1.5,160160,78197,1.8847,0.9202,0.9645,15.5,155.6,0.0,0.0,a,,,,,2.0,0.4,2.0,2.0,3,5,19,9,0,0,0,1,0,0.0,0.0,0.0,9.14,0,0,31,11,,,,0,False,139,0.0,15510,11644,26.6,62,False,,27.2,2,28.2,2,29.2,2,5.0,3420,106,0,0,2.8,21.3,0,4.701,4.113,5.29,-0.299
2026-10-10,2026-10-10T09:24:58+00:00,2026,5,5,471551,652,Azeez,Femi,Azeez,MID,5,36,Brighton,5.5,5.5,0.0,0,0,0,0,0,0,0,0,0.0,0.0,0.0,453,224,0.0053,0.0026,0.0027,0.0,0.0,0.0,0.0,i,Hamstring injury - Expected back 10 Oct,2026-09-04T11:30:08.661589Z,0.0,0.0,0.0,0.0,0.0,0.0,0,0,0,0,0,0,0,0,0,0.0,0.0,0.0,0.0,0,0,0,0,,,,0,False,651,0.0,30,67,-38.3,0,False,,-38.3,-2,-38.3,-2,-38.3,-2,5.0,0,0,0,0,0.0,0.0,0,5.083,4.495,5.671,-0.417
2026-10-10,2026-10-10T09:24:58+00:00,2026,5,5,472713,90,Hickey,Aaron,Hickey,DEF,4,94,Brentford,4.5,4.5,0.0,5,152,5,0,0,0,0,17,1.0,1.1,0.1,2248,3198,0.0265,0.0376,-0.0112,4.7,32.8,7.8,6.0,a,,,,,1.0,0.2,1.0,1.0,1,1,0,3,0,0,0,0,0,0.03,0.06,0.09,3.07,17,4,8,13,,,,0,False,460,0.0,334,465,-32.7,9,False,,-19.8,-1,0.0,0,0.2,1,5.0,1155,38,0,0,1.0,8.4,0,4.27,3.682,4.859,-0.23
2026-10-10,2026-10-10T09:24:58+00:00,2026,5,5,472739,110,Rushworth,Carl,Rushworth,GK,7,9,Coventry City,4.5,4.5,0.0,16,450,5,0,1,1,2,56,3.2,3.6,0.7,27231,64195,0.3204,0.7554,-0.435,10.1,90.6,10.0,0.0,a,,,,,5.5,1.2,5.5,5.5,11,5,9,10,0,0,0,0,0,0.0,0.02,0.02,8.63,0,0,50,4,,,,1,False,210,0.0,6084,11031,-66.2,-8,False,,-67.2,-3,-68.9,-3,-70.7,-3,5.0,3420,122,0,8,3.2,27.0,0,4.854,4.264,5.443,0.354
2026-10-10,2026-10-10T09:24:58+00:00,2026,5,5,472769,387,O'Reilly,Nico,O'Reilly,DEF,15,43,Man City,6.3,6.5,-0.2,6,163,4,0,0,0,0,22,1.5,1.0,9.6,193142,1331423,2.2728,15.6675,-13.3947,9.0,17.8,39.5,33.0,d,Unspecified injury - 75% chance of playing,2026-10-01T15:30:10.272693Z,100.0,75.0,1.0,0.2,1.0,0.8,1,2,0,2,0,0,0,0,0,0.87,0.43,1.3,2.1,5,3,9,2,,,,0,False,35,-0.1,5798,194912,-21.4,-7696,False,,-46.2,-3,-89.0,-3,-131.7,-5,5.0,1239,46,0,0,1.5,7.2,0,5.737,5.149,6.326,-0.563
2026-10-10,2026-10-10T09:24:58+00:00,2026,5,5,473284,572,Tzolakis,Konstantinos,Tzolakis,GK,11,88,Hull City,4.7,4.5,0.2,34,450,5,0,0,3,6,129,6.8,7.2,13.3,1095723,261022,12.8939,3.0716,9.8223,15.0,150.0,0.0,0.0,a,,,,,4.0,0.9,4.0,4.0,6,5,17,4,0,1,0,1,0,0.0,0.0,0.0,7.4,0,1,69,2,,,,2,True,32,0.1,224395,65372,4.3,1274,False,,8.8,1,16.4,1,24.1,2,5.0,3420,258,0,0,6.8,38.7,1,5.085,4.472,5.698,0.385
2026-10-10,2026-10-10T09:24:58+00:00,2026,5,5,474120,591,Enciso,Julio,Enciso,MID,12,40,Ipswich Town,5.5,5.5,0.0,15,413,5,0,2,0,0,83,3.0,2.7,0.8,100071,59055,1.1776,0.6949,0.4827,23.6,60.2,75.6,100.0,a,,2026-08-22T18:00:07.551930Z,100.0,100.0,2.0,0.4,2.0,2.0,2,5,0,11,0,0,0,1,0,1.26,0.89,2.15,8.47,31,2,24,5,,,,0,False,202,0.0,8508,12766,9.5,24,False,,9.7,1,10.1,1,10.5,1,5.0,3139,114,0,15,3.0,20.7,0,5.843,5.252,6.434,0.343
2026-10-10,2026-10-10T09:24:58+00:00,2026,5,5,475168,165,João Pedro,João Pedro,Junqueira de Jesus,FWD,6,8,Chelsea,7.7,7.5,0.2,33,360,4,3,3,0,7,141,8.2,4.3,65.4,1861665,1673835,21.9071,19.6968,2.2103,37.0,158.4,90.0,123.0,a,,2026-09-16T19:00:09.919929Z,75.0,100.0,6.0,0.8,4.5,6.0,0,4,0,9,1,0,0,1,0,2.17,0.19,2.36,6.17,9,1,5,3,,,,2,True,2,-0.1,346924,601339,-0.8,18236,False,,163.6,5,460.9,5,758.3,5,5.0,2736,251,23,23,8.2,32.6,0,10.512,9.902,11.121,2.812
2026-10-10,2026-10-10T09:24:58+00:00,2026,5,5,476887,485,Bakwa,Dilane,Bakwa,MID,18,17,Nott'm Forest,5.5,5.5,0.0,0,0,0,0,0,0,0,0,0.0,0.0,0.0,107,1192,0.0013,0.014,-0.0128,0.0,0.0,0.0,0.0,u,Has joined Lille on loan for the rest of the season,2026-08-27T14:53:03.381941Z,0.0,0.0,0.0,0.0,0.0,0.0,0,0,0,0,0,0,0,0,0,0.0,0.0,0.0,0.0,0,0,0,0,,,,0,False,637,0.0,0,50,0.0,-1,False,,0.0,0,0.0,0,0.0,0,5.0,0,0,0,0,0.0,0.0,0,5.083,4.495,5.671,-0.417
2026-10-10,2026-10-10T09:24:58+00:00,2026,5,5,477064,395,Lewis,Rico,Lewis,DEF,15,43,Man City,4.4,4.5,-0.1,1,56,1,0,0,0,0,-1,1.0,0.2,0.2,8500,16953,0.1,0.1995,-0.0995,4.7,3.8,3.8,39.0,a,,,,,0.0,0.0,0.0,0.0,0,1,0,1,0,0,0,0,0,0.17,0.02,0.19,0.55,2,0,0,2,,,,0,False,338,0.0,544,1887,-82.6,-20,False,,-92.9,-3,-110.7,-5,-128.6,-5,5.0,426,8,0,0,1.0,1.7,0,4.469,3.881,5.057,0.069
2026-10-10,2026-10-10T09:24:58+00:00,2026,5,5,477424,391,Gvardiol,Joško,Gvardiol,DEF,15,43,Man City,5.7,5.5,0.2,37,434,5,1,3,2,6,135,7.4,6.5,27.3,1976224,497951,23.2551,5.8596,17.3955,24.0,144.4,63.5,32.0,a,,,,,7.5,1.3,7.5,7.5,4,5,0,5,0,0,0,1,0,0.22,0.74,0.96,7.25,31,11,21,20,,,,0,True,11,0.0,294192,137735,100.4,1545,False,,115.0,5,140.2,5,165.4,5,5.0,3298,281,8,23,7.4,38.7,1,7.576,6.972,8.179,1.876
2026-10-10,2026-10-10T09:24:58+00:00,2026,5,5,477547,538,Hjelde,Leo Fuhr,Hjelde,DEF,20,56,Sunderland,4.0,4.0,0.0,0,0,0,0,0,0,0,0,0.0,0.0,0.0,0,2633,0.0,0.031,-0.031,0.0,0.0,0.0,0.0,u,Has joined KV Mechelen on loan for the rest of the season,2026-08-12T14:08:03.081789Z,0.0,0.0,0.0,0.0,0.0,0.0,0,0,0,0,0,0,0,0,0,0.0,0.0,0.0,0.0,0,0,0,0,,,,0,False,530,0.0,0,262,0.0,-2,False,,0.0,0,0.0,0,0.0,0,5.0,0,0,0,0,0.0,0.0,0,4.005,3.418,4.592,0.005
2026-10-10,2026-10-10T09:24:58+00:00,2026,5,5,477555,264,Bobb,Oscar,Bobb,MID,10,54,Fulham,5.5,5.5,0.0,13,343,5,0,0,3,0,53,2.6,2.4,0.3,21882,22660,0.2575,0.2667,-0.0092,23.8,42.0,118.7,77.0,a,,,,,3.0,0.5,3.0,3.0,3,5,0,6,0,0,0,0,0,0.54,1.14,1.68,6.19,28,8,15,5,,,2.0,0,False,281,0.0,7879,3554,0.3,231,False,,2.5,1,6.3,1,10.0,1,5.0,2607,99,0,0,2.6,18.0,0,5.218,4.63,5.806,-0.282
2026-10-10,2026-10-10T09:24:58+00:00,2026,5,5,480455,230,Branthwaite,Jarrad,Branthwaite,DEF,9,11,Everton,5.5,5.5,0.0,27,450,5,0,0,3,0,97,5.4,4.9,2.7,173916,81945,2.0465,0.9643,1.0823,22.5,145.4,7.2,73.0,a,,,,,7.0,1.3,7.0,7.0,8,5,0,3,0,0,0,0,0,0.17,0.02,0.19,6.94,54,5,14,49,,,,0,False,108,0.0,53744,17480,48.0,1122,False,,58.6,3,76.9,3,95.2,4,5.0,3420,205,0,0,5.4,37.3,0,5.439,4.843,6.035,-0.061
2026-10-10,2026-10-10T09:24:58+00:00,2026,5,5,480457,183,Rudoni,Jack,Rudoni,MID,7,9,Coventry City,4.9,5.0,-0.1,13,297,5,0,0,2,0,51,2.6,2.7,0.1,5553,8969,0.0653,0.1055,-0.0402,27.2,51.2,140.8,80.0,a,,2026-07-23T12:01:23.481435Z,100.0,100.0,3.5,0.7,3.5,3.5,5,4,0,4,0,0,0,0,0,0.92,1.11,2.03,4.49,34,4,21,9,,1.0,5.0,0,False,409,0.0,2083,1580,0.2,15,False,,0.4,1,0.6,1,0.8,1,5.0,2257,99,0,0,2.6,20.2,0,4.991,4.403,5.579,0.091
2026-10-10,2026-10-10T09:24:58+00:00,2026,5,5,481283,667,Wright,James,Wright,GK,2,7,Aston Villa,4.0,4.0,0.0,0,0,0,0,0,0,0,0,0.0,0.0,0.2,16992,2770,0.2,0.0326,0.1674,0.0,0.0,0.0,0.0,a,,,,,0.0,0.0,1.0,1.0,0,0,0,0,0,0,0,0,0,0.0,0.0,0.0,0.0,0,0,0,0,,,,0,False,310,0.0,16992,2770,1.2,139,False,,2.5,1,4.8,1,7.0,1,5.0,0,0,0,0,0.0,0.0,0,3.971,3.383,4.559,-0.029
2026-10-10,2026-10-10T09:24:58+00:00,2026,5,5,481624,318,Philogene,Jaden,Philogene,MID,12,40,Ipswich Town,5.4,5.5,-0.1,2,52,2,0,0,0,0,11,1.0,0.4,0.1,347,9431,0.0041,0.111,-0.1069,2.2,4.8,4.6,13.0,a,,2026-08-25T11:30:07.532993Z,100.0,100.0,1.0,0.2,1.0,1.0,1,0,0,1,0,0,0,0,0,0.08,0.01,0.08,0.97,4,0,4,0,3.0,,5.0,0,False,456,0.0,79,307,-12.4,-3,False,,-16.0,-1,-22.1,-2,-28.2,-2,5.0,395,15,0,0,1.0,2.8,0,5.066,4.479,5.653,-0.334
2026-10-10,2026-10-10T09:24:58+00:00,2026,5,5,481655,19,Zubimendi,Martín,Zubimendi Ibáñez,MID,1,3,Arsenal,5.3,5.5,-0.2,5,89,5,0,0,0,0,16,1.0,0.9,0.5,8815,68704,0.1037,0.8085,-0.7047,4.8,13.4,5.0,29.0,a,,,,,1.0,0.2,1.0,1.0,1,0,0,0,0,0,0,0,0,0.21,0.04,0.25,1.38,12,4,3,5,,,,0,False,242,0.0,800,5761,-69.1,-98,False,,-86.6,-3,-116.7,-5,-146.7,-5,5.0,676,38,0,0,1.0,7.2,0,5.172,4.584,5.76,-0.128
2026-10-10,2026-10-10T09:24:58+00:00,2026,5,5,482442,518,P.M.Sarr,Pape Matar,Sarr,MID,19,6,Spurs,4.9,5.0,-0.1,0,0,0,0,0,0,0,0,0.0,0.0,0.1,4138,24282,0.0487,0.2857,-0.237,0.0,0.0,0.0,0.0,u,Has joined Juventus on loan for the rest of the season,2026-09-02T16:02:43.386849Z,0.0,0.0,0.0,0.0,0.0,0.0,0,0,0,0,0,0,0,0,0,0.0,0.0,0.0,0.0,0,0,0,0,,,,0,False,472,0.0,0,1215,0.0,-27,False,,0.0,0,0.0,0,0.0,0,5.0,0,0,0,0,0.0,0.0,0,4.842,4.255,5.43,-0.058
2026-10-10,2026-10-10T09:24:58+00:00,2026,5,5,482609,144,Gusto,Malo,Gusto,DEF,6,8,Chelsea,4.9,5.0,-0.1,4,272,4,0,0,0,0,12,1.0,0.8,0.9,37920,71007,0.4462,0.8356,-0.3893,8.2,32.0,37.2,13.0,a,,,,,0.5,0.1,0.5,0.5,0,3,0,7,0,0,0,0,0,0.08,0.12,0.2,3.5,15,4,13,11,,,6.0,0,False,186,-0.1,2593,10527,-9.1,-121,False,,-16.6,-1,-29.6,-2,-42.6,-3,5.0,2067,30,0,0,1.0,6.2,0,4.543,3.954,5.131,-0.357
2026-10-10,2026-10-10T09:24:58+00:00,2026,5,5,482616,627,Barcola,Bradley,Barcola,MID,14,14,Liverpool,8.0,8.0,0.0,7,168,3,0,0,2,0,22,2.3,0.9,2.0,317011,145045,3.7304,1.7068,2.0236,7.0,10.8,27.4,31.0,a,,,,,3.0,0.4,3.0,3.0,3,2,0,0,0,0,0,0,0,0.26,0.13,0.39,1.43,8,3,5,0,,,,0,False,125,0.0,39549,33799,-36.6,677,False,,-3.8,-1,10.3,1,21.3,2,5.0,1277,53,0,0,2.3,6.6,0,6.785,6.196,7.374,-1.215
2026-10-10,2026-10-10T09:24:58+00:00,2026,5,5,482973,491,Igor Jesus,Igor Jesus,Maciel da Cruz,FWD,18,17,Nott'm Forest,5.8,6.0,-0.2,12,257,5,1,0,0,2,53,2.4,2.1,2.2,132098,322818,1.5545,3.7987,-2.2443,19.6,54.8,40.7,100.0,i,Calf injury - Unknown return date,2026-10-09T14:30:11.491800Z,,0.0,4.0,0.7,4.0,0.0,1,2,0,3,0,0,0,1,0,1.25,0.08,1.33,2.61,15,2,8,5,4.0,,,0,False,120,0.0,13098,75473,-37.5,-4213,False,,-105.4,-5,-222.5,-5,-339.6,-5,5.0,1953,91,8,0,2.4,15.7,0,5.974,5.386,6.561,0.174
2026-10-10,2026-10-10T09:24:58+00:00,2026,5,5,483067,566,Silva,António João,Pereira de Albuquerque Tavares da Silva,DEF,3,91,Bournemouth,5.0,5.0,0.0,13,450,5,0,0,0,0,30,2.6,2.6,0.6,59734,35696,0.7029,0.4201,0.2829,17.7,124.6,10.1,43.0,a,,,,,3.0,0.6,3.0,3.0,3,5,0,8,0,0,0,2,0,0.85,0.29,1.14,6.95,56,5,14,51,,,,0,False,239,0.0,34272,14255,2.9,176,False,,4.6,1,7.5,1,10.3,1,5.0,3420,99,0,0,2.6,19.8,0,4.655,4.066,5.244,-0.345
2026-10-10,2026-10-10T09:24:58+00:00,2026,5,5,484389,171,Dovin,Oliver,Dovin,GK,7,9,Coventry City,4.0,4.0,0.0,0,0,0,0,0,0,0,0,0.0,0.0,0.9,8924,63921,0.105,0.7522,-0.6472,0.0,0.0,0.0,0.0,u,Has joined Leyton Orient on loan for the rest of the season,2026-09-02T15:44:14.839336Z,0.0,0.0,0.0,0.0,0.0,0.0,0,0,0,0,0,0,0,0,0,0.0,0.0,0.0,0.0,0,0,0,0,,,,0,False,185,0.0,0,10753,0.0,-112,False,,0.0,0,0.0,0,0.0,0,5.0,0,0,0,0,0.0,0.0,0,4.003,3.415,4.59,0.003
2026-10-10,2026-10-10T09:24:58+00:00,2026,5,5,484420,542,E.Le Fée,Enzo,Le Fée,MID,20,56,Sunderland,5.7,6.0,-0.3,18,438,5,1,1,1,1,90,3.6,3.2,3.2,58995,683671,0.6942,8.0451,-7.3508,31.0,88.6,137.3,82.0,a,,,,,2.5,0.4,2.5,2.5,5,5,0,9,0,0,1,0,0,2.06,1.34,3.4,8.46,21,7,11,3,2.0,3.0,1.0,0,False,103,-0.1,25423,57096,-9.5,-165,False,,-12.5,-1,-17.7,-1,-22.8,-2,5.0,3329,137,8,8,3.6,24.0,0,6.352,5.765,6.94,0.652
2026-10-10,2026-10-10T09:24:58+00:00,2026,5,5,485047,470,Morato,Felipe,Rodrigues da Silva,DEF,18,17,Nott'm Forest,5.0,5.0,0.0,0,0,0,0,0,0,0,0,0.0,0.0,0.0,424,3779,0.005,0.0445,-0.0395,0.0,0.0,0.0,0.0,u,Has joined West Ham on loan for the rest of the season,2026-09-02T16:19:54.503286Z,0.0,0.0,0.0,0.0,0.0,0.0,0,0,0,0,0,0,0,0,0,0.0,0.0,0.0,0.0,0,0,0,0,,,,0,False,577,0.0,0,199,0.0,-8,False,,0.0,0,0.0,0,0.0,0,5.0,0,0,0,0,0.0,0.0,0,4.547,3.959,5.134,-0.453
2026-10-10,2026-10-10T09:24:58+00:00,2026,5,5,485055,496,Kinsky,Antonín,Kinský,GK,19,6,Spurs,4.5,4.5,0.0,18,450,5,0,0,2,0,77,3.6,4.0,15.8,374021,958046,4.4013,11.2738,-6.8725,11.5,104.8,10.0,0.0,a,,,,,4.5,1.0,4.5,4.5,2,5,12,8,0,0,0,0,0,0.0,0.0,0.0,7.78,0,0,34,10,,,,0,False,29,0.0,44867,275819,-71.8,-2656,False,,-88.3,-3,-116.7,-5,-145.2,-5,5.0,3420,137,0,0,3.6,30.4,0,4.933,4.344,5.523,0.433
2026-10-10,2026-10-10T09:24:58+00:00,2026,5,5,485337,42,Guessand,Evann,Guessand,MID,8,31,Crystal Palace,5.4,5.5,-0.1,2,54,2,0,0,0,0,6,1.0,0.4,0.0,2455,3777,0.0289,0.0444,-0.0156,1.5,5.4,2.1,7.0,a,,,,,0.0,0.0,0.0,0.0,0,0,0,1,0,0,0,0,0,0.03,0.03,0.06,0.34,2,1,0,1,,,,0,False,518,0.0,162,406,-42.9,-8,False,,-64.5,-3,-101.7,-5,-138.9,-5,5.0,410,15,0,0,1.0,2.8,0,5.049,4.461,5.637,-0.351
2026-10-10,2026-10-10T09:24:58+00:00,2026,5,5,485711,439,Šeško,Benjamin,Sesko,FWD,16,1,Man Utd,7.0,7.0,0.0,8,76,4,1,0,0,0,39,2.0,1.1,1.4,104634,152028,1.2313,1.789,-0.5577,8.2,34.6,11.9,36.0,i,Shin injury - Expected back 18 Oct,2026-09-20T19:30:08.505755Z,100.0,0.0,0.5,0.1,0.5,0.0,0,0,0,3,0,0,0,0,0,0.39,0.01,0.4,2.0,5,0,5,0,,,,0,False,152,0.0,7195,42355,-59.7,-1159,False,,-88.3,-3,-137.4,-5,-186.6,-5,5.0,578,61,8,0,2.0,8.7,0,6.728,6.139,7.317,-0.272
2026-10-10,2026-10-10T09:24:58+00:00,2026,5,5,486385,248,Beto,Norberto Bercique,Gomes Betuncal,FWD,9,11,Everton,5.4,5.5,-0.1,2,31,2,0,0,0,0,5,1.0,0.4,0.5,16222,225295,0.1909,2.6511,-2.4603,0.8,3.0,0.3,5.0,u,Has joined Fiorentina permanently,2026-09-02T16:05:23.357221Z,0.0,0.0,0.0,0.0,0.0,0.0,0,0,0,0,0,0,0,0,0,0.09,0.0,0.09,1.92,1,0,0,1,,,,0,False,244,0.0,0,12973,0.0,-294,False,,0.0,0,0.0,0,0.0,0,5.0,236,15,0,0,1.0,2.8,0,5.126,4.538,5.714,-0.274
2026-10-10,2026-10-10T09:24:58+00:00,2026,5,5,486520,344,Gruev,Ilia,Gruev,MID,13,2,Leeds,5.0,5.0,0.0,0,0,0,0,0,0,0,0,0.0,0.0,0.0,153,330,0.0018,0.0039,-0.0021,0.0,0.0,0.0,0.0,a,,2026-08-14T23:00:06.272027Z,100.0,100.0,0.0,0.0,0.0,0.0,0,0,0,0,0,0,0,0,0,0.0,0.0,0.0,0.0,0,0,0,0,,,,0,False,646,0.0,74,35,0.0,0,False,,0.0,0,0.0,0,0.0,0,5.0,0,0,0,0,0.0,0.0,0,4.801,4.214,5.389,-0.199
2026-10-10,2026-10-10T09:24:58+00:00,2026,5,5,486672,159,Caicedo,Moisés,Caicedo Corozo,MID,6,8,Chelsea,5.3,5.5,-0.2,1,13,1,0,0,0,0,3,1.0,0.2,1.0,16535,286765,0.1946,3.3745,-3.1799,0.0,0.0,0.1,0.0,a,,2026-08-30T16:00:08.393562Z,50.0,100.0,0.0,0.0,0.0,0.0,0,0,0,0,0,0,0,0,0,0.0,0.0,0.0,0.07,0,0,0,0,,,,0,False,176,0.0,1897,14373,-0.2,-33,False,,-3.4,-1,-9.0,-1,-14.5,-1,5.0,99,8,0,0,1.0,1.4,0,5.155,4.568,5.743,-0.145
2026-10-10,2026-10-10T09:24:58+00:00,2026,5,5,487053,506,Udogie,Destiny,Udogie,DEF,19,6,Spurs,4.4,4.5,-0.1,7,86,3,0,0,1,0,21,2.3,1.6,0.3,5870,23685,0.0691,0.2787,-0.2096,2.7,9.8,13.5,4.0,a,,2026-09-11T18:00:09.092110Z,100.0,100.0,0.0,0.0,0.0,0.0,0,1,0,1,0,0,0,1,0,0.0,0.23,0.23,1.17,4,1,4,3,,,,0,False,283,0.0,631,2855,-33.8,-36,False,,-44.7,-3,-63.6,-3,-82.5,-3,5.0,654,53,0,0,2.3,12.1,0,4.55,3.962,5.138,0.15
2026-10-10,2026-10-10T09:24:58+00:00,2026,5,5,487117,139,Ferguson,Evan,Ferguson,FWD,5,36,Brighton,5.0,5.0,0.0,0,0,0,0,0,0,0,0,0.0,0.0,0.0,1669,2637,0.0196,0.031,-0.0114,0.0,0.0,0.0,0.0,i,Ankle injury - Expected back 10 Oct,2026-07-23T12:01:23.448357Z,0.0,0.0,0.0,0.0,0.0,0.0,0,0,0,0,0,0,0,0,0,0.0,0.0,0.0,0.0,0,0,0,0,,,,0,False,544,0.0,218,368,-66.6,-4,False,,-72.0,-3,-81.3,-3,-90.6,-3,5.0,0,0,0,0,0.0,0.0,0,4.791,4.203,5.38,-0.209
2026-10-10,2026-10-10T09:24:58+00:00,2026,5,5,487676,534,Hume,Trai,Hume,DEF,20,56,Sunderland,4.3,4.5,-0.2,10,206,4,0,0,1,0,44,2.5,2.3,2.4,38890,439971,0.4576,5.1773,-4.7197,11.5,32.2,59.0,23.0,a,,,,,0.5,0.1,0.5,0.5,1,2,0,2,0,0,0,0,0,0.14,0.29,0.43,4.57,13,10,12,3,,,3.0,0,False,115,-0.1,2264,72296,-24.7,-860,False,,-45.3,-3,-80.9,-3,-116.6,-5,5.0,1566,76,0,0,2.5,17.7,0,4.515,3.928,5.103,0.215
2026-10-10,2026-10-10T09:24:58+00:00,2026,5,5,487838,449,Hall,Lewis,Hall,DEF,17,4,Newcastle,5.3,5.0,0.3,31,449,5,1,1,1,6,127,6.2,5.8,21.0,2054969,391422,24.1818,4.606,19.5757,30.2,175.6,89.0,38.0,a,,,,,6.5,1.2,6.5,6.5,13,5,0,9,0,0,0,0,0,0.25,0.79,1.04,9.12,46,13,38,33,,1.0,1.0,2,False,16,0.1,641467,63589,47.7,16615,False,,105.7,5,205.6,5,305.6,5,5.0,3412,236,8,8,6.2,38.7,1,6.386,5.793,6.978,1.086
2026-10-10,2026-10-10T09:24:58+00:00,2026,5,5,487992,596,Ruggeri,Matteo,Ruggeri,DEF,2,7,Aston Villa,4.5,4.5,0.0,5,113,3,0,0,0,0,17,1.7,1.1,0.1,4546,6067,0.0535,0.0714,-0.0179,4.1,26.0,14.1,1.0,a,,,,,1.5,0.3,1.5,1.5,3,1,0,2,0,0,0,0,0,0.03,0.02,0.05,2.05,16,2,11,14,,,,0,False,414,0.0,1903,803,-19.3,81,False,,0.6,1,1.9,1,3.2,1,5.0,859,38,0,0,1.7,8.4,0,4.362,3.775,4.95,-0.138
2026-10-10,2026-10-10T09:24:58+00:00,2026,5,5,488024,211,Yeremy,Yéremy,Pino Santos,MID,8,31,Crystal Palace,5.5,5.5,0.0,14,307,5,0,2,1,0,70,2.8,2.5,0.3,45834,34795,0.5393,0.4094,0.1299,15.8,30.2,94.1,33.0,a,,,,,1.5,0.3,1.5,1.5,2,4,0,6,0,0,0,1,0,0.52,0.55,1.07,6.93,26,5,16,5,,1.0,1.0,0,False,287,0.0,1290,6398,3.8,-178,False,,2.1,1,-26.7,-2,-122.7,-5,5.0,2333,106,0,15,2.8,19.3,0,5.866,5.275,6.457,0.366
2026-10-10,2026-10-10T09:24:58+00:00,2026,5,5,489580,365,Ramsay,Calvin,Ramsay,DEF,14,14,Liverpool,4.0,4.0,0.0,0,0,0,0,0,0,0,0,0.0,0.0,0.1,638,13075,0.0075,0.1539,-0.1464,0.0,0.0,0.0,0.0,u,Has joined St Mirren on loan for the rest of the season,2026-08-26T14:05:26.748768Z,0.0,0.0,0.0,0.0,0.0,0.0,0,0,0,0,0,0,0,0,0,0.0,0.0,0.0,0.0,0,0,0,0,,,,0,False,433,0.0,0,846,0.0,-11,False,,0.0,0,0.0,0,0.0,0,5.0,0,0,0,0,0.0,0.0,0,4.12,3.532,4.707,0.12
2026-10-10,2026-10-10T09:24:58+00:00,2026,5,5,489639,109,Verbruggen,Bart,Verbruggen,GK,5,36,Brighton,4.5,4.5,0.0,23,450,5,0,0,3,0,107,4.6,5.1,21.2,852540,729219,10.0322,8.5811,1.4512,11.7,113.8,3.0,0.0,a,,,,,7.0,1.6,7.0,7.0,6,5,12,5,0,0,0,0,0,0.0,0.2,0.2,8.67,0,0,34,3,,,,0,False,15,0.0,159065,193365,75.3,569,False,,80.7,3,89.9,3,99.2,4,5.0,3420,175,0,0,4.6,38.7,1,5.155,4.563,5.747,0.655
2026-10-10,2026-10-10T09:24:58+00:00,2026,5,5,489706,215,Devenny,Justin,Devenny,MID,8,31,Crystal Palace,5.0,5.0,0.0,0,0,0,0,0,0,0,0,0.0,0.0,0.0,132,978,0.0016,0.0115,-0.01,0.0,0.0,0.0,0.0,u,Has joined Stoke City permanently,2026-09-02T15:41:07.346849Z,0.0,0.0,0.0,0.0,0.0,0.0,0,0,0,0,0,0,0,0,0,0.0,0.0,0.0,0.0,0,0,0,0,3.0,2.0,,0,False,642,0.0,0,64,0.0,-2,False,,0.0,0,0.0,0,0.0,0,5.0,0,0,0,0,0.0,0.0,0,4.788,4.2,5.375,-0.212
2026-10-10,2026-10-10T09:24:58+00:00,2026,5,5,489888,77,Adli,Amine,Adli,MID,3,91,Bournemouth,4.9,5.0,-0.1,0,0,0,0,0,0,0,0,0.0,0.0,0.0,316,2261,0.0037,0.0266,-0.0229,0.0,0.0,0.0,0.0,i,Calf injury - Unknown return date,2026-08-15T16:00:07.590566Z,0.0,0.0,0.0,0.0,0.0,0.0,0,0,0,0,0,0,0,0,0,0.0,0.0,0.0,0.0,0,0,0,0,,,,0,False,596,0.0,47,120,-95.8,2,False,,-89.9,-3,-79.8,-3,-69.6,-3,5.0,0,0,0,0,0.0,0.0,0,4.778,4.189,5.366,-0.122
2026-10-10,2026-10-10T09:24:58+00:00,2026,5,5,490094,240,Iroegbunam,Tim,Iroegbunam,MID,11,88,Hull City,5.0,5.0,0.0,2,70,3,0,0,0,0,10,0.7,0.4,0.0,1157,1208,0.0136,0.0142,-0.0006,3.1,9.2,11.5,10.0,a,,2026-08-15T20:00:06.878792Z,100.0,100.0,0.5,0.1,0.5,0.5,1,0,0,0,0,0,0,1,0,0.12,0.01,0.13,0.6,9,3,5,1,,,,0,False,582,0.0,119,194,0.1,-2,False,,0.1,1,0.0,0,-7.3,-1,5.0,532,15,0,0,0.7,3.0,0,4.789,4.202,5.376,-0.211
2026-10-10,2026-10-10T09:24:58+00:00,2026,5,5,490145,528,Scarlett,Dane,Scarlett,FWD,19,6,Spurs,4.5,4.5,0.0,0,0,0,0,0,0,0,0,0.0,0.0,1.0,42525,115030,0.5004,1.3536,-0.8532,0.0,0.0,0.0,0.0,u,Has joined Leyton Orient permanently,2026-09-02T16:02:43.413625Z,0.0,0.0,0.0,0.0,0.0,0.0,0,0,0,0,0,0,0,0,0,0.0,0.0,0.0,0.0,0,0,0,0,,,,0,False,174,0.0,0,13463,0.0,-205,False,,0.0,0,0.0,0,0.0,0,5.0,0,0,0,0,0.0,0.0,0,4.602,4.013,5.19,0.102
2026-10-10,2026-10-10T09:24:58+00:00,2026,5,5,490161,293,Kamara,Abu,Kamara,MID,11,88,Hull City,5.0,5.0,0.0,0,0,0,0,0,0,0,0,0.0,0.0,0.0,0,377,0.0,0.0044,-0.0044,0.0,0.0,0.0,0.0,u,Has joined Portsmouth permanently,2026-08-12T14:08:23.542043Z,0.0,0.0,0.0,0.0,0.0,0.0,0,0,0,0,0,0,0,0,0,0.0,0.0,0.0,0.0,0,0,0,0,,,,0,False,660,0.0,0,15,0.0,0,False,,0.0,0,0.0,0,0.0,0,5.0,0,0,0,0,0.0,0.0,0,4.801,4.214,5.389,-0.199
2026-10-10,2026-10-10T09:24:58+00:00,2026,5,5,490881,436,Collyer,Toby,Collyer,MID,16,1,Man Utd,5.0,5.0,0.0,0,0,0,0,0,0,0,0,0.0,0.0,0.0,150,1076,0.0018,0.0127,-0.0109,0.0,0.0,0.0,0.0,u,Has joined West Brom permanently,2026-09-01T13:16:48.584385Z,0.0,0.0,0.0,0.0,0.0,0.0,0,0,0,0,0,0,0,0,0,0.0,0.0,0.0,0.0,0,0,0,0,,,,0,False,610,0.0,0,69,0.0,0,False,,0.0,0,0.0,0,0.0,0,5.0,0,0,0,0,0.0,0.0,0,4.909,4.321,5.497,-0.091
2026-10-10,2026-10-10T09:24:58+00:00,2026,5,5,490884,617,Cho,Mohamed-Ali,Cho,MID,11,88,Hull City,5.0,5.0,0.0,9,72,4,1,0,0,0,36,2.2,1.8,0.0,2006,842,0.0236,0.0099,0.0137,14.9,49.8,43.9,55.0,a,,,,,3.5,0.7,3.5,3.5,6,0,0,1,0,0,0,0,0,0.79,0.36,1.15,0.98,2,0,1,1,,,,0,False,576,0.0,570,230,0.3,6,False,,0.4,1,0.5,1,0.5,1,5.0,547,68,8,0,2.2,13.7,0,5.559,4.97,6.148,0.559
2026-10-10,2026-10-10T09:24:58+00:00,2026,5,5,491007,163,D.Essugo,Dário,Luís Essugo,MID,6,8,Chelsea,4.5,4.5,0.0,0,0,0,0,0,0,0,0,0.0,0.0,0.1,2698,15016,0.0317,0.1767,-0.145,0.0,0.0,0.0,0.0,u,Has joined RC Strasbourg on loan for the rest of the season,2026-09-02T16:20:41.865225Z,0.0,0.0,0.0,0.0,0.0,0.0,0,0,0,0,0,0,0,0,0,0.0,0.0,0.0,0.0,0,0,0,0,,,,0,False,435,0.0,0,1304,0.0,-33,False,,0.0,0,0.0,0,0.0,0,5.0,0,0,0,0,0.0,0.0,0,4.629,4.041,5.217,0.129
2026-10-10,2026-10-10T09:24:58+00:00,2026,5,5,491279,503,Van de Ven,Micky,van de Ven,DEF,19,6,Spurs,5.0,5.0,0.0,16,360,4,0,0,2,3,69,4.0,3.2,3.7,102160,284914,1.2022,3.3527,-2.1505,10.3,75.8,8.7,18.0,a,,2026-08-21T15:00:07.610517Z,100.0,100.0,3.5,0.7,3.5,3.5,1,4,0,5,0,0,0,1,0,0.59,0.05,0.64,3.91,29,5,17,24,,,,0,False,93,0.0,13704,37673,-36.0,-553,False,,-50.6,-3,-75.9,-3,-101.2,-5,5.0,2736,122,0,0,4.0,24.3,0,4.991,4.402,5.579,-0.009
2026-10-10,2026-10-10T09:24:58+00:00,2026,5,5,491501,378,McConnell,James,McConnell,MID,14,14,Liverpool,4.4,4.5,-0.1,0,0,0,0,0,0,0,0,0.0,0.0,0.2,7169,13672,0.0844,0.1609,-0.0765,0.0,0.0,0.0,0.0,a,,,,,0.0,0.0,0.0,0.0,0,0,0,0,0,0,0,0,0,0.0,0.0,0.0,0.0,0,0,0,0,,,,0,False,315,0.0,1294,2215,-11.4,-20,False,,-19.8,-1,-34.2,-2,-48.7,-3,5.0,0,0,0,0,0.0,0.0,0,4.618,4.031,5.206,0.218
2026-10-10,2026-10-10T09:24:58+00:00,2026,5,5,492498,191,Borges Rodrigues,Raphael,Borges Rodrigues,MID,7,9,Coventry City,4.5,4.5,0.0,0,0,0,0,0,0,0,0,0.0,0.0,0.1,1943,12335,0.0229,0.1452,-0.1223,0.0,0.0,0.0,0.0,u,Has joined Burton Albion on loan for the rest of the season,2026-09-02T15:44:14.868001Z,0.0,0.0,0.0,0.0,0.0,0.0,0,0,0,0,0,0,0,0,0,0.0,0.0,0.0,0.0,0,0,0,0,,,,0,False,451,0.0,0,1511,0.0,-33,False,,0.0,0,0.0,0,0.0,0,5.0,0,0,0,0,0.0,0.0,0,4.529,3.941,5.116,0.029
2026-10-10,2026-10-10T09:24:58+00:00,2026,5,5,492777,360,Bradley,Conor,Bradley,DEF,14,14,Liverpool,5.0,5.0,0.0,0,0,0,0,0,0,0,0,0.0,0.0,0.0,398,842,0.0047,0.0099,-0.0052,0.0,0.0,0.0,0.0,i,Knee injury - Unknown return date,2026-07-23T12:01:23.565711Z,0.0,0.0,0.0,0.0,0.0,0.0,0,0,0,0,0,0,0,0,0,0.0,0.0,0.0,0.0,0,0,0,0,,,,0,False,609,0.0,81,130,-100.2,-3,False,,-109.7,-5,-126.0,-5,-142.3,-5,5.0,0,0,0,0,0.0,0.0,0,4.66,4.072,5.248,-0.34
2026-10-10,2026-10-10T09:24:58+00:00,2026,5,5,492859,341,Gnonto,Wilfried,Gnonto,MID,13,2,Leeds,5.0,5.0,0.0,0,0,0,0,0,0,0,0,0.0,0.0,0.0,244,1856,0.0029,0.0218,-0.019,0.0,0.0,0.0,0.0,u,Has joined ACF Fiorentina on loan for the rest of the season,2026-09-02T16:04:47.189648Z,0.0,0.0,0.0,0.0,0.0,0.0,0,0,0,0,0,0,0,0,0,0.0,0.0,0.0,0.0,0,0,0,0,,,,0,False,628,0.0,0,98,0.0,-1,False,,0.0,0,0.0,0,0.0,0,5.0,0,0,0,0,0.0,0.0,0,4.801,4.214,5.389,-0.199
2026-10-10,2026-10-10T09:24:58+00:00,2026,5,5,493105,160,Garnacho,Alejandro,Garnacho Ferreyra,MID,2,7,Aston Villa,5.8,6.0,-0.2,3,31,3,0,0,0,0,9,1.0,0.5,0.3,7866,42574,0.0926,0.501,-0.4084,0.5,1.2,3.6,0.0,a,,,,,0.0,0.0,0.0,0.0,0,0,0,0,0,0,0,0,0,0.0,0.0,0.0,0.49,2,0,2,0,,,,0,False,292,0.0,918,4121,-89.5,-61,False,,-109.4,-5,-143.9,-5,-178.3,-5,5.0,236,23,0,0,1.0,3.9,0,5.329,4.741,5.917,-0.471
2026-10-10,2026-10-10T09:24:58+00:00,2026,5,5,493250,431,Amad,Amad,Diallo,MID,16,1,Man Utd,5.7,6.0,-0.3,0,0,0,0,0,0,0,0,0.0,0.0,0.3,2338,125095,0.0275,1.4721,-1.4445,0.0,0.0,0.0,0.0,i,Unspecified injury - Unknown return date,2026-08-22T11:00:08.617283Z,0.0,0.0,0.0,0.0,0.0,0.0,0,0,0,0,0,0,0,0,0,0.0,0.0,0.0,0.0,0,0,0,0,,,4.0,0,False,299,0.0,296,3374,-29.0,-101,False,,-42.0,-3,-64.5,-3,-86.9,-3,5.0,0,0,0,0,0.0,0.0,0,5.378,4.79,5.966,-0.322
2026-10-10,2026-10-10T09:24:58+00:00,2026,5,5,493362,513,Xavi,Xavi,Simons,MID,19,6,Spurs,5.9,6.0,-0.1,0,0,0,0,0,0,0,0,0.0,0.0,0.0,383,1141,0.0045,0.0134,-0.0089,0.0,0.0,0.0,0.0,i,Knee injury - Unknown return date,2026-07-23T12:01:23.864304Z,0.0,0.0,0.0,0.0,0.0,0.0,0,0,0,0,0,0,0,0,0,0.0,0.0,0.0,0.0,0,0,0,0,4.0,2.0,,0,False,595,0.0,91,100,-14.4,4,False,,-4.5,-1,0.0,0,0.1,1,5.0,0,0,0,0,0.0,0.0,0,5.404,4.815,5.992,-0.496
2026-10-10,2026-10-10T09:24:58+00:00,2026,5,5,494307,394,Alleyne,Max,Alleyne,DEF,15,43,Man City,5.0,5.0,0.0,0,0,0,0,0,0,0,0,0.0,0.0,0.0,0,622,0.0,0.0073,-0.0073,0.0,0.0,0.0,0.0,u,Has joined Burnley on loan for the rest of the season,2026-08-18T14:11:56.324656Z,0.0,0.0,0.0,0.0,0.0,0.0,0,0,0,0,0,0,0,0,0,0.0,0.0,0.0,0.0,0,0,0,0,,,,0,False,641,0.0,0,24,0.0,-1,False,,0.0,0,0.0,0,0.0,0,5.0,0,0,0,0,0.0,0.0,0,4.771,4.182,5.359,-0.229
2026-10-10,2026-10-10T09:24:58+00:00,2026,5,5,494521,61,Truffert,Adrien,Truffert,DEF,3,91,Bournemouth,5.4,5.5,-0.1,10,450,5,0,0,0,2,53,2.0,1.9,2.9,62195,173646,0.7319,2.0434,-1.3115,21.5,104.6,70.5,39.0,a,,,,,2.5,0.5,2.5,2.5,2,5,0,8,0,0,0,1,0,0.11,0.29,0.4,6.95,45,17,24,28,,,,0,False,106,-0.1,10326,25363,-4.3,-229,False,,-8.8,-1,-16.6,-1,-24.4,-2,5.0,3420,76,0,0,2.0,14.1,0,4.806,4.216,5.395,-0.594
2026-10-10,2026-10-10T09:24:58+00:00,2026,5,5,494595,366,Wirtz,Florian,Wirtz,MID,14,14,Liverpool,7.3,7.5,-0.2,18,402,5,0,2,3,0,92,3.6,2.5,5.4,147297,813668,1.7333,9.5748,-7.8415,31.4,65.0,147.3,101.0,a,,,,,4.5,0.6,4.5,4.5,6,5,0,4,0,0,0,1,0,1.0,0.4,1.4,4.82,36,8,25,3,4.0,2.0,2.0,0,False,73,0.0,17029,90271,-63.7,-2609,False,,-111.4,-5,-193.8,-5,-276.1,-5,5.0,3055,137,0,15,3.6,18.7,0,7.099,6.508,7.69,-0.201
2026-10-10,2026-10-10T09:24:58+00:00,2026,5,5,494928,573,Sanchez,Juanlu,Sánchez,DEF,3,91,Bournemouth,4.4,4.5,-0.1,0,0,0,0,0,0,0,0,0.0,0.0,0.2,1654,7442,0.0195,0.0876,-0.0681,0.0,0.0,0.0,0.0,a,,,,,0.0,0.0,0.0,0.0,0,0,0,0,0,0,0,0,0,0.0,0.0,0.0,0.0,0,0,0,0,,,,0,False,364,0.0,234,785,-19.3,-6,False,,-23.1,-2,-29.5,-2,-36.0,-2,5.0,0,0,0,0,0.0,0.0,0,4.256,3.668,4.844,-0.144
2026-10-10,2026-10-10T09:24:58+00:00,2026,5,5,494950,275,Cartwright,Harvey,Cartwright,GK,11,88,Hull City,4.0,4.0,0.0,0,0,0,0,0,0,0,0,0.0,0.0,0.0,0,349,0.0,0.0041,-0.0041,0.0,0.0,0.0,0.0,u,Has joined Grimsby Town on loan for the rest of the season,2026-07-29T13:00:27.959925Z,0.0,0.0,0.0,0.0,0.0,0.0,0,0,0,0,0,0,0,0,0,0.0,0.0,0.0,0.0,0,0,0,0,,,,0,False,629,0.0,0,47,0.0,0,False,,0.0,0,0.0,0,0.0,0,5.0,0,0,0,0,0.0,0.0,0,3.988,3.4,4.575,-0.012
2026-10-10,2026-10-10T09:24:58+00:00,2026,5,5,496181,638,Norton-Cuffy,Brooke,Norton-Cuffy,DEF,11,88,Hull City,4.0,4.0,0.0,1,34,2,0,0,0,0,3,0.5,0.2,0.2,26254,11273,0.3089,0.1327,0.1763,1.2,2.2,0.6,9.0,a,,2026-09-21T08:30:09.561308Z,,100.0,0.0,0.0,0.0,0.0,0,0,0,0,0,0,0,1,0,0.05,0.0,0.05,0.3,1,0,4,1,,,,0,False,316,0.0,638,3447,-73.3,-10,False,,-77.5,-3,-84.6,-3,-91.8,-3,5.0,258,8,0,0,0.5,1.9,0,3.995,3.408,4.582,-0.005
2026-10-10,2026-10-10T09:24:58+00:00,2026,5,5,496208,72,Gannon-Doak,Ben,Gannon-Doak,MID,3,91,Bournemouth,4.9,5.0,-0.1,4,12,4,0,0,0,0,15,1.0,0.8,0.1,1736,4985,0.0204,0.0587,-0.0382,2.3,4.0,2.9,16.0,a,,,,,1.0,0.2,1.0,1.0,1,0,0,1,0,0,0,0,0,0.12,0.05,0.17,0.6,7,2,5,0,,,,0,False,489,0.0,236,725,-92.6,-9,False,,-109.3,-5,-137.9,-5,-166.6,-5,5.0,91,30,0,0,1.0,6.2,0,4.882,4.293,5.471,-0.018
2026-10-10,2026-10-10T09:24:58+00:00,2026,5,5,496221,210,Wharton,Adam,Wharton,MID,8,31,Crystal Palace,5.4,5.5,-0.1,12,436,5,0,0,1,0,77,2.4,2.2,0.7,30375,51543,0.3574,0.6065,-0.2491,18.9,73.0,97.0,18.0,a,,2026-07-23T12:01:23.498963Z,100.0,100.0,2.0,0.4,2.0,2.0,2,5,0,10,0,0,0,1,0,0.15,0.58,0.73,8.91,41,10,15,16,,,2.0,0,False,214,-0.1,1968,7553,-9.9,-101,False,,-18.2,-1,-32.4,-2,-46.6,-3,5.0,3314,91,0,0,2.4,16.9,0,5.083,4.495,5.672,-0.317
2026-10-10,2026-10-10T09:24:58+00:00,2026,5,5,496661,245,Dibling,Tyler,Dibling,MID,9,11,Everton,5.3,5.5,-0.2,1,24,1,0,0,0,0,10,1.0,0.2,0.0,1258,2794,0.0148,0.0329,-0.0181,5.8,7.2,24.4,26.0,a,,,,,0.5,0.1,0.5,0.5,1,0,0,0,0,0,0,0,0,0.17,0.16,0.33,0.38,0,0,0,0,,,,0,False,548,-0.1,203,295,-2.9,-4,False,,-11.3,-1,-25.9,-2,-40.5,-3,5.0,182,8,0,0,1.0,1.4,0,5.078,4.49,5.665,-0.222
2026-10-10,2026-10-10T09:24:58+00:00,2026,5,5,498016,529,Roefs,Robin,Roefs,GK,20,56,Sunderland,4.9,5.0,-0.1,11,450,5,0,0,1,0,41,2.2,2.2,2.3,23585,193369,0.2775,2.2755,-1.9979,7.3,73.4,0.0,0.0,a,,,,,1.0,0.2,1.0,1.0,0,5,6,10,0,0,0,0,0,0.0,0.01,0.01,8.66,0,0,35,7,,,,0,False,117,0.0,3736,27244,-27.0,-252,False,,-37.8,-2,-56.4,-3,-75.0,-3,5.0,3420,84,0,0,2.2,17.1,0,4.567,3.979,5.155,-0.333
2026-10-10,2026-10-10T09:24:58+00:00,2026,5,5,498444,583,Chavarria,Pep,Chavarría,DEF,6,8,Chelsea,4.9,5.0,-0.1,5,208,5,0,0,0,0,17,1.0,1.0,0.2,4082,11684,0.048,0.1375,-0.0895,7.5,30.8,31.4,12.0,a,,,,,1.0,0.2,1.0,1.0,1,1,0,4,0,0,0,0,0,0.04,0.07,0.11,4.1,16,5,7,11,,,,0,False,368,0.0,1122,1078,-44.5,41,False,,-17.9,-1,0.4,1,1.1,1,5.0,1581,38,0,0,1.0,7.8,0,4.605,4.017,5.193,-0.295
2026-10-10,2026-10-10T09:24:58+00:00,2026,5,5,499169,7,Lewis-Skelly,Myles,Lewis-Skelly,MID,1,3,Arsenal,5.4,5.5,-0.1,9,271,4,0,0,2,0,37,2.2,1.7,0.6,31157,52479,0.3666,0.6175,-0.2509,7.0,21.6,40.2,16.0,a,,,,,0.5,0.1,0.5,0.5,0,4,0,1,0,0,0,0,0,0.16,0.23,0.39,1.02,14,1,8,5,,,,0,False,240,-0.1,2480,7675,-21.7,-44,False,,-26.2,-2,-34.0,-2,-41.9,-3,5.0,2060,68,0,0,2.2,12.7,0,5.227,4.64,5.815,-0.173
2026-10-10,2026-10-10T09:24:58+00:00,2026,5,5,499175,22,Nwaneri,Ethan,Nwaneri,MID,1,3,Arsenal,5.4,5.5,-0.1,0,0,0,0,0,0,0,0,0.0,0.0,0.0,233,1265,0.0027,0.0149,-0.0121,0.0,0.0,0.0,0.0,u,Has joined Borussia Dortmund on loan for the rest of the season,2026-09-02T16:01:07.058827Z,0.0,0.0,0.0,0.0,0.0,0.0,0,0,0,0,0,0,0,0,0,0.0,0.0,0.0,0.0,0,0,0,0,,,,0,False,631,0.0,0,65,0.0,-1,False,,0.0,0,0.0,0,0.0,0,5.0,0,0,0,0,0.0,0.0,0,5.138,4.55,5.726,-0.262
2026-10-10,2026-10-10T09:24:58+00:00,2026,5,5,499300,235,Aznou,Adam,Aznou,DEF,9,11,Everton,4.0,4.0,0.0,0,0,0,0,0,0,0,0,0.0,0.0,0.1,1728,11775,0.0203,0.1386,-0.1182,0.0,0.0,0.0,0.0,u,Has joined Malaga on loan for the rest of the season,2026-09-01T13:23:16.934847Z,0.0,0.0,0.0,0.0,0.0,0.0,0,0,0,0,0,0,0,0,0,0.0,0.0,0.0,0.0,0,0,0,0,,,,0,False,434,0.0,0,1181,0.0,-28,False,,0.0,0,0.0,0,0.0,0,5.0,0,0,0,0,0.0,0.0,0,4.054,3.466,4.642,0.054
2026-10-10,2026-10-10T09:24:58+00:00,2026,5,5,499309,168,Marc Guiu,Marc,Guiu Paz,FWD,6,8,Chelsea,5.0,5.0,0.0,0,0,0,0,0,0,0,0,0.0,0.0,0.2,4102,34300,0.0483,0.4036,-0.3554,0.0,0.0,0.0,0.0,u,Has joined RB Leipzig permanently,2026-09-01T13:24:48.857362Z,0.0,0.0,0.0,0.0,0.0,0.0,0,0,0,0,0,0,0,0,0,0.0,0.0,0.0,0.0,0,0,0,0,,,,0,False,344,0.0,0,2576,0.0,-39,False,,0.0,0,0.0,0,0.0,0,5.0,0,0,0,0,0.0,0.0,0,4.896,4.307,5.484,-0.104
2026-10-10,2026-10-10T09:24:58+00:00,2026,5,5,499604,67,Rayan,Rayan Vitor,Simplício Rocha,MID,3,91,Bournemouth,6.3,6.5,-0.2,10,434,5,0,0,0,0,45,2.0,1.6,1.5,58978,178684,0.694,2.1027,-1.4086,18.0,30.4,50.4,99.0,a,,,,,2.0,0.3,2.0,2.0,2,5,0,7,0,0,0,0,0,0.87,0.43,1.3,6.35,15,5,4,6,,,,0,False,143,-0.1,10308,19188,-12.4,-46,False,,-14.1,-1,-17.2,-1,-20.2,-2,5.0,3298,76,0,0,2.0,12.1,0,5.539,4.949,6.129,-0.761
2026-10-10,2026-10-10T09:24:58+00:00,2026,5,5,499716,510,Rowswell,James,Rowswell,DEF,19,6,Spurs,4.0,4.0,0.0,0,0,0,0,0,0,0,0,0.0,0.0,0.1,3006,3683,0.0354,0.0433,-0.008,0.0,0.0,0.0,0.0,a,,,,,0.0,0.0,0.0,0.0,0,0,0,0,0,0,0,0,0,0.0,0.0,0.0,0.0,0,0,0,0,,,,0,False,431,0.0,277,555,-21.9,-11,False,,-34.3,-2,-55.6,-3,-77.0,-3,5.0,0,0,0,0,0.0,0.0,0,4.074,3.487,4.662,0.074
2026-10-10,2026-10-10T09:24:58+00:00,2026,5,5,499721,523,Moore,Mikey,Moore,MID,19,6,Spurs,5.0,5.0,0.0,3,89,2,0,0,0,0,11,1.5,0.6,0.0,3258,17592,0.0383,0.207,-0.1687,7.5,14.2,6.3,56.0,u,Has joined FC Köln on loan for the rest of the season,2026-09-04T12:39:48.098158Z,0.0,0.0,0.0,0.0,0.0,0.0,0,1,0,4,0,0,0,0,0,0.4,0.02,0.42,3.26,3,1,2,0,,,,0,False,498,0.0,0,1107,0.0,-27,False,,0.0,0,0.0,0,0.0,0,5.0,676,23,0,0,1.5,4.6,0,4.915,4.328,5.503,-0.085
2026-10-10,2026-10-10T09:24:58+00:00,2026,5,5,499726,524,Olusesi,Callum,Olusesi,MID,19,6,Spurs,4.4,4.5,-0.1,0,0,0,0,0,0,0,0,0.0,0.0,0.9,56515,53374,0.665,0.6281,0.037,0.0,0.0,0.0,0.0,a,,,,,0.0,0.0,0.0,0.0,0,0,0,0,0,0,0,0,0,0.0,0.0,0.0,0.0,0,0,0,0,,,,0,False,182,0.0,6899,11529,7.4,-205,False,,5.4,1,2.1,1,-14.0,-1,5.0,0,0,0,0,0.0,0.0,0,4.585,3.997,5.173,0.185
2026-10-10,2026-10-10T09:24:58+00:00,2026,5,5,500033,636,Ángel,Manuel Ángel,Morán Ibáñez,MID,10,54,Fulham,5.0,5.0,0.0,0,0,0,0,0,0,0,0,0.0,0.0,0.0,394,185,0.0046,0.0022,0.0025,0.0,0.0,0.0,0.0,a,,,,,0.0,0.0,0.0,0.0,0,0,0,0,0,0,0,0,0,0.0,0.0,0.0,0.0,0,0,0,0,,,,0,False,644,0.0,57,43,0.0,1,False,,0.0,0,0.0,0,0.1,1,5.0,0,0,0,0,0.0,0.0,0,4.801,4.214,5.389,-0.199
2026-10-10,2026-10-10T09:24:58+00:00,2026,5,5,500040,11,Mosquera,Cristhian,Mosquera,DEF,1,3,Arsenal,5.3,5.5,-0.2,12,168,2,0,0,2,0,52,6.0,2.3,1.6,35068,479043,0.4127,5.6371,-5.2245,2.7,24.6,2.0,0.0,a,,2026-09-04T14:00:08.080310Z,100.0,100.0,0.0,0.0,0.0,0.0,0,2,0,0,0,0,0,0,0,0.0,0.01,0.01,0.53,10,0,3,10,,,,0,False,138,0.0,4903,20314,-39.8,-275,False,,-57.1,-3,-86.9,-3,-116.7,-5,5.0,1277,91,0,0,6.0,17.2,0,5.328,4.737,5.918,0.028
2026-10-10,2026-10-10T09:24:58+00:00,2026,5,5,500058,382,Danns,Jayden,Danns,FWD,14,14,Liverpool,4.5,4.5,0.0,0,0,0,0,0,0,0,0,0.0,0.0,0.3,26146,11067,0.3077,0.1302,0.1774,0.0,0.0,0.0,0.0,a,,2026-07-23T12:01:23.659279Z,100.0,100.0,0.0,0.0,0.0,0.0,0,0,0,0,0,0,0,0,0,0.0,0.0,0.0,0.0,0,0,0,0,,,,0,False,306,0.0,6339,3788,4.3,57,False,,4.8,1,5.8,1,6.7,1,5.0,0,0,0,0,0.0,0.0,0,4.635,4.047,5.224,0.135
2026-10-10,2026-10-10T09:24:58+00:00,2026,5,5,500151,475,Savona,Nicolò,Savona,DEF,18,17,Nott'm Forest,4.5,4.5,0.0,0,0,0,0,0,0,0,0,0.0,0.0,0.0,252,297,0.003,0.0035,-0.0005,0.0,0.0,0.0,0.0,i,Knee injury - Unknown return date,2026-07-23T12:01:23.816304Z,0.0,0.0,0.0,0.0,0.0,0.0,0,0,0,0,0,0,0,0,0,0.0,0.0,0.0,0.0,0,0,0,0,,,,0,False,654,0.0,32,39,-24.7,0,False,,-24.7,-2,-24.7,-2,-24.7,-2,5.0,0,0,0,0,0.0,0.0,0,4.272,3.685,4.86,-0.228
2026-10-10,2026-10-10T09:24:58+00:00,2026,5,5,500957,298,Destan,Enis,Destan,FWD,11,88,Hull City,4.5,4.5,0.0,0,0,0,0,0,0,0,0,0.0,0.0,0.2,0,23319,0.0,0.2744,-0.2744,0.0,0.0,0.0,0.0,u,Has joined Konyaspor permanently,2026-08-17T13:50:27.145733Z,0.0,0.0,0.0,0.0,0.0,0.0,0,0,0,0,0,0,0,0,0,0.0,0.0,0.0,0.0,0,0,0,0,,,,0,False,363,0.0,0,2366,0.0,-33,False,,0.0,0,0.0,0,0.0,0,5.0,0,0,0,0,0.0,0.0,0,4.521,3.933,5.109,0.021
2026-10-10,2026-10-10T09:24:58+00:00,2026,5,5,501390,309,Núñez,Marcelino,Núñez,MID,12,40,Ipswich Town,4.9,5.0,-0.1,6,140,2,0,0,0,0,32,3.0,1.2,0.1,3169,8187,0.0373,0.0963,-0.059,5.0,24.6,19.4,6.0,a,,,,,0.0,0.0,0.0,0.0,0,2,0,4,0,0,0,0,0,0.03,0.05,0.08,3.48,21,3,10,8,,1.0,3.0,0,False,417,0.0,152,1180,-60.9,-23,False,,-83.9,-3,-123.6,-5,-163.2,-5,5.0,1064,46,0,0,3.0,9.3,0,4.948,4.361,5.535,0.048
2026-10-10,2026-10-10T09:24:58+00:00,2026,5,5,501459,185,Sakamoto,Tatsuhiro,Sakamoto,MID,7,9,Coventry City,4.8,5.0,-0.2,1,31,1,0,0,0,0,8,1.0,0.2,0.1,1064,6149,0.0125,0.0724,-0.0598,1.9,6.2,5.9,7.0,a,,,,,0.0,0.0,0.0,0.0,0,0,0,1,0,0,0,0,0,0.02,0.02,0.04,0.69,4,2,2,0,,,,0,False,482,0.0,174,777,-49.3,-15,False,,-74.9,-3,-119.0,-5,-163.1,-5,5.0,236,8,0,0,1.0,1.6,0,4.757,4.171,5.344,-0.043
2026-10-10,2026-10-10T09:24:58+00:00,2026,5,5,501902,278,Hughes,Charlie,Hughes,DEF,11,88,Hull City,3.9,4.0,-0.1,0,0,0,0,0,0,0,0,0.0,0.0,0.2,17324,13945,0.2039,0.1641,0.0398,0.0,0.0,0.0,0.0,i,Groin injury - Unknown return date,2026-08-02T09:00:11.030017Z,0.0,0.0,0.0,0.0,0.0,0.0,0,0,0,0,0,0,0,0,0,0.0,0.0,0.0,0.0,0,0,0,0,,,,0,False,356,0.0,1535,2978,0.2,-32,False,,-1.8,-1,-13.5,-1,-25.3,-2,5.0,0,0,0,0,0.0,0.0,0,3.988,3.401,4.575,0.088
2026-10-10,2026-10-10T09:24:58+00:00,2026,5,5,502500,106,Thiago,Igor Thiago,Nascimento Rodrigues,FWD,4,94,Brentford,7.8,8.0,-0.2,10,442,5,1,0,2,0,37,2.0,1.3,9.6,359807,1077593,4.234,12.6805,-8.4465,23.6,48.8,43.6,146.0,a,,,,,3.0,0.4,3.0,3.0,5,5,0,4,0,0,1,2,0,3.13,0.16,3.29,6.25,19,3,12,4,1.0,,,0,False,36,0.0,139384,80685,38.7,3349,False,,70.3,3,124.9,5,179.5,5,5.0,3359,76,8,0,2.0,9.7,0,6.97,6.376,7.563,-0.83
2026-10-10,2026-10-10T09:24:58+00:00,2026,5,5,502697,243,Alcaraz,Carlos,Alcaraz Durán,MID,9,11,Everton,4.9,5.0,-0.1,1,5,2,0,0,0,0,5,0.5,0.2,0.1,2963,6135,0.0349,0.0722,-0.0373,2.7,5.0,0.8,25.0,a,,,,,0.0,0.0,0.0,0.0,0,0,0,0,0,0,0,1,0,0.05,0.02,0.07,0.04,3,1,2,0,,,,0,False,458,0.0,262,702,-61.7,-7,False,,-71.0,-3,-87.1,-3,-103.2,-5,5.0,38,8,0,0,0.5,1.6,0,4.823,4.235,5.411,-0.077
2026-10-10,2026-10-10T09:24:58+00:00,2026,5,5,503037,170,Emegha,Emmanuel,Emegha,FWD,6,8,Chelsea,4.9,5.0,-0.1,0,0,0,0,0,0,0,0,0.0,0.0,0.1,6177,13042,0.0727,0.1535,-0.0808,0.0,0.0,0.0,0.0,i,Hamstring injury - Expected back 10 Oct,2026-09-09T15:00:09.063849Z,0.0,0.0,0.0,0.0,0.0,0.0,0,0,0,0,0,0,0,0,0,0.0,0.0,0.0,0.0,0,0,0,0,,,,0,False,410,-0.1,177,1535,-4.1,-13,False,,-6.8,-1,-11.6,-1,-16.3,-1,5.0,0,0,0,0,0.0,0.0,0,4.865,4.277,5.454,-0.035
2026-10-10,2026-10-10T09:24:58+00:00,2026,5,5,503139,69,Scott,Alex,Scott,MID,3,91,Bournemouth,6.1,6.0,0.1,30,446,5,1,2,1,5,129,6.0,4.9,4.3,550746,358973,6.4809,4.2242,2.2567,30.5,102.8,146.4,56.0,i,Thigh injury - Unknown return date,2026-10-05T09:30:09.910752Z,,0.0,3.0,0.5,3.0,0.0,2,5,0,7,0,0,0,1,0,0.64,0.42,1.06,6.82,60,9,36,15,,4.0,2.0,1,False,81,0.0,26843,188797,-70.9,-8239,False,,-138.2,-5,-254.3,-5,-370.5,-5,5.0,3390,228,8,15,6.0,37.4,0,7.121,6.528,7.714,1.021
2026-10-10,2026-10-10T09:24:58+00:00,2026,5,5,503301,484,Hutchinson,Omari,Hutchinson,MID,18,17,Nott'm Forest,5.4,5.5,-0.1,0,0,0,0,0,0,0,0,0.0,0.0,0.1,427,11234,0.005,0.1322,-0.1272,0.0,0.0,0.0,0.0,u,Has joined AC Milan on loan for the rest of the season,2026-09-01T13:23:52.340206Z,0.0,0.0,0.0,0.0,0.0,0.0,0,0,0,0,0,0,0,0,0,0.0,0.0,0.0,0.0,0,0,0,0,,,,0,False,466,0.0,0,606,0.0,-26,False,,0.0,0,0.0,0,0.0,0,5.0,0,0,0,0,0.0,0.0,0,5.052,4.465,5.64,-0.348
2026-10-10,2026-10-10T09:24:58+00:00,2026,5,5,505079,252,McNally,Alfie,McNally,GK,10,54,Fulham,4.0,4.0,0.0,0,0,0,0,0,0,0,0,0.0,0.0,0.1,2589,7190,0.0305,0.0846,-0.0541,0.0,0.0,0.0,0.0,u,Has joined York City on loan for the rest of the season,2026-09-01T13:25:11.231240Z,0.0,0.0,0.0,0.0,0.0,0.0,0,0,0,0,0,0,0,0,0,0.0,0.0,0.0,0.0,0,0,0,0,,,,0,False,408,0.0,0,1194,0.0,-7,False,,0.0,0,0.0,0,0.0,0,5.0,0,0,0,0,0.0,0.0,0,3.99,3.402,4.577,-0.01
2026-10-10,2026-10-10T09:24:58+00:00,2026,5,5,507433,83,Valdimarsson,Hákon Rafn,Valdimarsson,GK,4,94,Brentford,4.5,4.5,0.0,0,0,0,0,0,0,0,0,0.0,0.0,0.1,3080,4921,0.0362,0.0579,-0.0217,0.0,0.0,0.0,0.0,a,,,,,0.0,0.0,0.0,0.0,0,0,0,0,0,0,0,0,0,0.0,0.0,0.0,0.0,0,0,0,0,,,,0,False,420,0.0,515,671,-84.9,-3,False,,-87.9,-3,-93.3,-3,-98.6,-4,5.0,0,0,0,0,0.0,0.0,0,4.214,3.625,4.803,-0.286
2026-10-10,2026-10-10T09:24:58+00:00,2026,5,5,508395,102,Yarmoliuk,Yehor,Yarmoliuk,MID,4,94,Brentford,4.8,5.0,-0.2,9,216,5,0,1,1,0,50,1.8,1.9,0.6,7602,66397,0.0895,0.7813,-0.6919,13.4,53.0,60.5,20.0,a,,,,,3.5,0.7,3.5,3.5,3,2,0,4,0,0,0,1,0,0.1,0.3,0.4,4.58,26,5,14,7,,,,0,False,231,0.0,3149,8047,-33.6,-97,False,,-49.1,-3,-75.8,-3,-102.6,-5,5.0,1642,68,0,8,1.8,14.2,0,5.166,4.577,5.755,0.366
2026-10-10,2026-10-10T09:24:58+00:00,2026,5,5,508479,141,Jörgensen,Filip,Jörgensen,GK,6,8,Chelsea,5.0,5.0,0.0,0,0,0,0,0,0,0,0,0.0,0.0,0.0,0,956,0.0,0.0112,-0.0112,0.0,0.0,0.0,0.0,u,Has joined RC Strasbourg on loan for the rest of the season,2026-08-12T14:07:02.607115Z,0.0,0.0,0.0,0.0,0.0,0.0,0,0,0,0,0,0,0,0,0,0.0,0.0,0.0,0.0,0,0,0,0,,,,0,False,622,0.0,0,38,0.0,0,False,,0.0,0,0.0,0,0.0,0,5.0,0,0,0,0,0.0,0.0,0,4.63,4.042,5.219,-0.37
2026-10-10,2026-10-10T09:24:58+00:00,2026,5,5,509416,129,Ayari,Yasin,Ayari,MID,5,36,Brighton,5.4,5.5,-0.1,15,333,4,1,0,3,0,71,3.8,2.8,0.4,15638,43824,0.184,0.5157,-0.3317,16.9,56.0,48.9,68.0,a,,2026-08-30T18:00:07.935334Z,100.0,100.0,5.5,1.0,5.5,5.5,3,4,0,1,0,0,0,1,0,0.7,0.18,0.88,5.64,21,2,15,4,,2.0,4.0,0,False,273,0.0,5397,4269,-28.8,87,False,,-6.3,-1,1.2,1,2.6,1,5.0,2531,114,8,0,3.8,21.1,0,5.823,5.235,6.411,0.423
2026-10-10,2026-10-10T09:24:58+00:00,2026,5,5,510281,403,Sávio,Sávio,Moreira de Oliveira,MID,19,6,Spurs,6.5,6.5,0.0,8,240,3,0,0,2,0,66,2.7,1.2,0.6,104180,87676,1.2259,1.0317,0.1942,27.8,51.4,130.0,96.0,a,,2026-08-29T16:30:08.380416Z,100.0,100.0,2.5,0.4,2.5,2.5,2,3,0,3,0,0,0,0,0,0.41,0.7,1.11,2.76,11,0,8,3,,,2.0,0,False,230,0.0,7268,14913,9.7,-223,False,,7.6,1,4.0,1,0.4,1,5.0,1824,61,0,0,2.7,9.4,0,5.809,5.221,6.397,-0.691
2026-10-10,2026-10-10T09:24:58+00:00,2026,5,5,510663,380,Ekitiké,Hugo,Ekitiké,FWD,14,14,Liverpool,7.4,7.5,-0.1,0,0,0,0,0,0,0,0,0.0,0.0,0.1,2843,11582,0.0335,0.1363,-0.1028,0.0,0.0,0.0,0.0,i,Achilles injury - Unknown return date,2026-07-23T12:01:23.643771Z,0.0,0.0,0.0,0.0,0.0,0.0,0,0,0,0,0,0,0,0,0,0.0,0.0,0.0,0.0,0,0,0,0,,,,0,False,407,0.0,571,1119,-32.2,-6,False,,-34.4,-2,-38.0,-2,-41.7,-3,5.0,0,0,0,0,0.0,0.0,0,6.339,5.748,6.931,-1.061
2026-10-10,2026-10-10T09:24:58+00:00,2026,5,5,511499,514,Tel,Mathys,Tel,MID,19,6,Spurs,5.7,6.0,-0.3,8,257,4,0,0,1,0,41,2.0,1.4,0.2,9320,48757,0.1097,0.5737,-0.4641,14.6,21.6,52.7,72.0,a,,,,,0.5,0.1,0.5,0.5,0,3,0,4,0,0,0,0,0,0.21,0.23,0.44,5.55,13,1,11,1,,3.0,3.0,0,False,358,-0.1,388,3940,-62.3,-133,False,,-108.8,-5,-189.0,-5,-269.2,-5,5.0,1953,61,0,0,2.0,10.7,0,5.377,4.79,5.965,-0.323
2026-10-10,2026-10-10T09:24:58+00:00,2026,5,5,512123,614,Hadjam,Jaouen,Hadjam,DEF,5,36,Brighton,4.5,4.5,0.0,0,0,0,0,0,0,0,0,0.0,0.0,0.0,4095,2061,0.0482,0.0243,0.0239,0.0,0.0,0.0,0.0,a,,,,,0.0,0.0,0.0,0.0,0,0,0,0,0,0,0,0,0,0.0,0.0,0.0,0.0,0,0,0,0,,,,0,False,509,0.0,356,356,-3.0,-1,False,,-4.6,-1,-7.4,-1,-10.2,-1,5.0,0,0,0,0,0.0,0.0,0,4.272,3.684,4.86,-0.228
2026-10-10,2026-10-10T09:24:58+00:00,2026,5,5,512462,232,O'Brien,Jake,O'Brien,DEF,9,11,Everton,4.8,5.0,-0.2,2,16,2,0,0,0,0,5,1.0,0.4,0.3,4974,25614,0.0585,0.3014,-0.2429,0.3,3.0,0.0,0.0,a,,,,,1.0,0.2,1.0,1.0,1,0,0,0,0,0,0,0,0,0.0,0.0,0.0,0.42,2,0,2,2,,,,0,False,300,-0.1,719,2143,-8.4,-15,False,,-11.6,-1,-17.3,-1,-22.9,-2,5.0,122,15,0,0,1.0,3.2,0,4.593,4.005,5.18,-0.207
2026-10-10,2026-10-10T09:24:58+00:00,2026,5,5,513086,93,Schuster,Jannik,Schuster,DEF,4,94,Brentford,4.5,4.5,0.0,21,253,3,0,1,1,3,59,7.0,4.7,0.6,43742,10976,0.5147,0.1292,0.3856,12.0,92.4,11.5,16.0,a,,,,,8.5,1.9,8.5,8.5,14,2,0,3,0,0,0,0,0,0.1,0.54,0.64,4.19,38,3,6,35,,,,1,False,232,0.0,42180,6488,12.8,935,False,,21.6,2,36.8,2,52.1,3,5.0,1923,160,0,8,7.0,35.5,0,5.339,4.744,5.935,0.839
2026-10-10,2026-10-10T09:24:58+00:00,2026,5,5,513418,94,Schade,Kevin,Schade,MID,4,94,Brentford,6.2,6.0,0.2,39,447,5,3,2,2,6,138,7.8,6.3,16.1,1525118,310879,17.9468,3.6583,14.2885,35.4,146.2,48.0,160.0,a,,,,,12.0,1.9,12.0,12.0,9,5,0,4,0,0,0,0,0,1.52,0.32,1.84,6.32,34,7,21,6,2.0,,,1,True,27,0.1,905263,90875,83.0,24482,False,,168.4,5,315.7,5,463.0,5,5.0,3397,296,23,15,7.8,38.7,1,8.296,7.693,8.899,2.096
2026-10-10,2026-10-10T09:24:58+00:00,2026,5,5,513466,246,Röhl,Merlin,Röhl,MID,9,11,Everton,4.9,5.0,-0.1,6,249,3,0,0,1,0,35,2.0,1.2,0.0,1967,5163,0.0231,0.0608,-0.0376,6.1,26.6,32.1,2.0,d,Unspecified injury - 50% chance of playing,2026-09-16T18:00:09.541933Z,0.0,50.0,0.0,0.0,0.0,0.0,0,3,0,2,0,0,0,1,0,0.0,0.2,0.2,4.52,24,5,13,6,,,,0,False,545,0.0,12,1063,0.0,0,False,2026-10-17T15:00:09.784346Z,0.0,0,0.0,0,0.0,0,5.0,1892,46,0,0,2.0,9.3,0,4.855,4.267,5.443,-0.045
2026-10-10,2026-10-10T09:24:58+00:00,2026,5,5,513545,565,M.Sangaré,Mamadou,Sangaré,MID,4,94,Brentford,5.6,5.5,0.1,22,321,5,0,2,1,3,76,4.4,3.9,8.7,1235075,945313,14.5337,11.1239,3.4098,17.1,76.4,57.8,40.0,a,,,,,2.0,0.4,2.0,2.0,0,4,0,3,0,0,0,2,0,0.41,0.65,1.06,4.31,48,14,22,12,,,,1,False,41,-0.1,15787,263424,-69.6,-6513,False,,-112.3,-5,-186.1,-5,-260.0,-5,5.0,2440,167,0,15,4.4,29.9,0,6.256,5.663,6.849,0.656
2026-10-10,2026-10-10T09:24:58+00:00,2026,5,5,514254,127,Gomez,Diego,Gómez Amarilla,MID,5,36,Brighton,5.0,5.0,0.0,24,433,5,0,3,3,0,80,4.8,4.8,3.6,349096,348311,4.108,4.0987,0.0092,31.4,84.2,103.4,126.0,a,,,,,5.5,1.1,5.5,5.5,8,5,0,5,0,0,0,0,0,0.79,0.78,1.57,8.49,36,13,16,7,,5.0,,0,False,94,0.0,26589,86680,29.1,-910,False,,20.5,2,5.7,1,-26.3,-2,5.0,3291,182,0,23,4.8,36.5,0,6.295,5.697,6.892,1.295
2026-10-10,2026-10-10T09:24:58+00:00,2026,5,5,514356,161,Lavia,Roméo,Lavia,MID,6,8,Chelsea,5.0,5.0,0.0,11,258,4,1,0,0,0,61,2.8,2.2,0.2,26363,17069,0.3102,0.2009,0.1094,16.1,65.8,29.1,66.0,a,,,,,1.0,0.2,1.0,1.0,0,4,0,8,0,0,0,1,0,0.75,0.11,0.86,5.06,31,6,15,10,,,,0,False,333,0.0,988,3959,4.7,-33,False,,4.4,1,3.8,1,3.3,1,5.0,1961,84,8,0,2.8,16.7,0,5.607,5.019,6.196,0.607
2026-10-10,2026-10-10T09:24:58+00:00,2026,5,5,514514,381,Koumas,Lewis,Koumas,MID,14,14,Liverpool,5.0,5.0,0.0,3,22,3,0,0,0,0,14,1.0,0.6,0.0,1694,1565,0.0199,0.0184,0.0015,2.9,4.2,0.5,24.0,a,,,,,0.5,0.1,0.5,0.5,1,0,0,0,0,0,0,0,0,0.28,0.0,0.28,0.72,1,0,1,0,,,,0,False,513,0.0,1015,364,-0.4,31,False,,0.3,1,0.8,1,1.3,1,5.0,167,23,0,0,1.0,4.6,0,4.981,4.393,5.569,-0.019
2026-10-10,2026-10-10T09:24:58+00:00,2026,5,5,515046,531,Ellborg,Melker,Ellborg,GK,20,56,Sunderland,4.4,4.5,-0.1,0,0,0,0,0,0,0,0,0.0,0.0,0.1,1308,3547,0.0154,0.0417,-0.0263,0.0,0.0,0.0,0.0,a,,,,,0.0,0.0,0.0,0.0,0,0,0,0,0,0,0,0,0,0.0,0.0,0.0,0.0,0,0,0,0,,,,0,False,444,-0.1,269,466,-0.4,-6,False,,-4.6,-1,-11.8,-1,-19.1,-1,5.0,0,0,0,0,0.0,0.0,0,4.232,3.645,4.82,-0.168
2026-10-10,2026-10-10T09:24:58+00:00,2026,5,5,515597,35,Bogarde,Lamare,Bogarde,MID,2,7,Aston Villa,4.9,5.0,-0.1,1,16,1,0,0,0,0,3,1.0,0.2,0.1,3000,4988,0.0353,0.0587,-0.0234,0.3,2.2,0.5,0.0,a,,,,,0.0,0.0,0.0,0.0,0,0,0,0,0,0,0,0,0,0.0,0.0,0.0,0.22,1,0,0,1,,,,0,False,479,-0.1,259,660,-7.7,0,False,,-7.7,-1,-7.7,-1,-7.7,-1,5.0,122,8,0,0,1.0,1.6,0,4.776,4.189,5.364,-0.124
2026-10-10,2026-10-10T09:24:58+00:00,2026,5,5,515621,206,Chadi Riad,Chadi,Riad Dnanou,DEF,8,31,Crystal Palace,4.3,4.5,-0.2,1,72,1,0,0,0,0,7,1.0,0.2,0.0,669,5821,0.0079,0.0685,-0.0606,1.4,12.6,1.3,0.0,i,Knee injury - Unknown return date,2026-08-22T18:00:07.352049Z,0.0,0.0,0.0,0.0,0.0,0.0,0,1,0,2,0,0,0,0,0,0.0,0.01,0.01,0.98,7,1,3,6,,,,0,False,574,-0.1,45,270,-12.0,-8,False,,-21.1,-2,-36.8,-2,-52.5,-3,5.0,547,8,0,0,1.0,1.8,0,4.195,3.608,4.783,-0.105
2026-10-10,2026-10-10T09:24:58+00:00,2026,5,5,516895,432,Mainoo,Kobbie,Mainoo,MID,16,1,Man Utd,5.5,5.5,0.0,22,354,5,0,1,0,2,102,4.4,4.0,1.4,96854,80576,1.1397,0.9482,0.1916,19.3,83.2,88.8,21.0,d,Unspecified injury - 75% chance of playing,2026-09-21T13:00:09.169862Z,,75.0,4.0,0.7,4.0,3.0,4,4,0,4,0,0,0,0,0,0.3,0.52,0.82,4.77,56,6,40,10,,,,0,False,150,0.0,9760,28299,8.9,-585,False,,3.4,1,-23.8,-2,-60.8,-3,5.0,2690,167,0,8,4.4,30.4,0,5.958,5.367,6.549,0.458
2026-10-10,2026-10-10T09:24:58+00:00,2026,5,5,517052,166,N.Jackson,Nicolas,Jackson,FWD,2,7,Aston Villa,6.5,6.5,0.0,10,286,4,1,0,1,1,52,2.5,1.5,2.0,239511,95717,2.8184,1.1263,1.6921,15.4,42.8,36.8,76.0,a,,,,,3.0,0.5,3.0,3.0,6,4,0,2,0,0,0,2,0,0.68,0.6,1.28,2.75,9,0,8,1,2.0,,,0,False,126,0.0,94249,18777,81.7,2745,False,,107.7,5,152.4,5,197.2,5,5.0,2174,76,8,0,2.5,11.7,0,6.229,5.64,6.819,-0.271
2026-10-10,2026-10-10T09:24:58+00:00,2026,5,5,519324,624,Cozier-Duberry,Amario,Cozier-Duberry,MID,5,36,Brighton,5.0,5.0,0.0,0,0,0,0,0,0,0,0,0.0,0.0,0.0,117,115,0.0014,0.0014,0.0,0.0,0.0,0.0,0.0,u,Has joined Middlesbrough on loan for the rest of the season,2026-09-02T15:38:15.552951Z,0.0,0.0,0.0,0.0,0.0,0.0,0,0,0,0,0,0,0,0,0,0.0,0.0,0.0,0.0,0,0,0,0,,,,0,False,666,0.0,0,7,0.0,0,False,,0.0,0,0.0,0,0.0,0,5.0,0,0,0,0,0.0,0.0,0,4.801,4.213,5.389,-0.199
2026-10-10,2026-10-10T09:24:58+00:00,2026,5,5,519440,361,Lucky,Wellity,Lucky,DEF,14,14,Liverpool,4.0,4.0,0.0,0,0,0,0,0,0,0,0,0.0,0.0,0.1,3988,6101,0.0469,0.0718,-0.0249,0.0,0.0,0.0,0.0,a,,,,,0.0,0.0,0.0,0.0,0,0,0,0,0,0,0,0,0,0.0,0.0,0.0,0.0,0,0,0,0,,,,0,False,395,0.0,411,876,-64.9,-9,False,,-72.8,-3,-86.6,-3,-100.3,-5,5.0,0,0,0,0,0.0,0.0,0,4.12,3.532,4.707,0.12
2026-10-10,2026-10-10T09:24:58+00:00,2026,5,5,519634,537,Seelt,Jenson,Seelt,DEF,20,56,Sunderland,4.5,4.5,0.0,0,0,0,0,0,0,0,0,0.0,0.0,0.0,61,680,0.0007,0.008,-0.0073,0.0,0.0,0.0,0.0,u,Has joined Swansea City on loan for the rest of the season,2026-08-29T00:34:52.425076Z,0.0,0.0,0.0,0.0,0.0,0.0,0,0,0,0,0,0,0,0,0,0.0,0.0,0.0,0.0,0,0,0,0,,,,0,False,636,0.0,0,38,0.0,0,False,,0.0,0,0.0,0,0.0,0,5.0,0,0,0,0,0.0,0.0,0,4.272,3.685,4.86,-0.228
2026-10-10,2026-10-10T09:24:58+00:00,2026,5,5,519913,438,Fletcher,Tyler,Fletcher,MID,16,1,Man Utd,4.4,4.5,-0.1,0,0,0,0,0,0,0,0,0.0,0.0,0.3,11144,18065,0.1311,0.2126,-0.0814,0.0,0.0,0.0,0.0,a,,,,,0.0,0.0,0.0,0.0,0,0,0,0,0,0,0,0,0,0.0,0.0,0.0,0.0,0,0,0,0,,,,0,False,284,0.0,3075,3296,0.2,-35,False,,-5.1,-1,-23.7,-2,-42.3,-3,5.0,0,0,0,0,0.0,0.0,0,4.615,4.027,5.203,0.215
2026-10-10,2026-10-10T09:24:58+00:00,2026,5,5,522047,334,Muharemović,Tarik,Muharemović,DEF,13,2,Leeds,5.0,5.0,0.0,27,450,5,0,1,2,0,101,5.4,5.4,4.5,363007,212536,4.2717,2.501,1.7707,20.2,147.4,13.6,41.0,a,,,,,6.5,1.3,6.5,6.5,6,5,0,3,0,0,0,0,0,0.49,0.05,0.54,6.46,58,5,16,53,,,,0,False,79,0.0,91722,63652,41.5,-355,False,,38.2,2,32.4,2,26.6,2,5.0,3420,205,0,8,5.4,38.7,1,5.494,4.902,6.087,0.494
2026-10-10,2026-10-10T09:24:58+00:00,2026,5,5,523700,608,Jebbison,Daniel,Jebbison,FWD,3,91,Bournemouth,5.0,5.0,0.0,3,31,3,0,0,0,0,13,1.0,0.6,0.1,13860,7781,0.1631,0.0916,0.0715,2.6,3.6,1.6,21.0,a,,,,,0.5,0.1,0.5,0.5,1,0,0,2,0,0,0,0,0,0.1,0.0,0.1,0.61,1,0,1,0,,,,0,False,402,0.0,1497,1426,0.7,9,False,,0.7,1,0.9,1,1.0,1,5.0,236,23,0,0,1.0,4.6,0,4.859,4.27,5.448,-0.141
2026-10-10,2026-10-10T09:24:58+00:00,2026,5,5,524180,602,Humphreys,Cameron,Humphreys,MID,12,40,Ipswich Town,4.5,4.5,0.0,0,0,0,0,0,0,0,0,0.0,0.0,0.0,2861,3299,0.0337,0.0388,-0.0052,0.0,0.0,0.0,0.0,u,Has joined Huddersfield Town on loan for the rest of the season,2026-09-02T16:04:17.524642Z,0.0,0.0,0.0,0.0,0.0,0.0,0,0,0,0,0,0,0,0,0,0.0,0.0,0.0,0.0,0,0,0,0,,,,0,False,568,0.0,0,305,0.0,-2,False,,0.0,0,0.0,0,0.0,0,5.0,0,0,0,0,0.0,0.0,0,4.527,3.94,5.114,0.027
2026-10-10,2026-10-10T09:24:58+00:00,2026,5,5,531442,315,Fatawu,Abdul,Fatawu,MID,12,40,Ipswich Town,5.4,5.5,-0.1,8,352,5,0,1,0,0,71,1.6,1.5,0.1,5391,15442,0.0634,0.1817,-0.1183,24.0,64.8,133.7,41.0,s,Suspended until 17 Oct,2026-09-19T15:30:10.126897Z,,0.0,0.0,0.0,0.0,0.0,-1,5,0,10,0,0,0,2,1,0.17,1.11,1.28,7.79,28,9,11,8,,,2.0,0,False,377,0.0,89,4598,-72.2,-122,False,,-103.6,-5,-157.7,-5,-211.7,-5,5.0,2675,61,0,8,1.6,11.3,0,5.335,4.746,5.924,-0.065
2026-10-10,2026-10-10T09:24:58+00:00,2026,5,5,532529,123,Hinshelwood,Jack,Hinshelwood,MID,5,36,Brighton,5.9,6.0,-0.1,16,63,1,2,0,1,3,54,16.0,2.7,0.5,148259,220037,1.7446,2.5893,-0.8446,14.5,72.8,13.4,59.0,d,Ankle injury - 50% chance of playing,2026-08-27T19:30:07.780933Z,0.0,50.0,0.0,0.0,0.0,0.0,0,1,0,0,0,0,0,0,0,1.41,0.02,1.43,0.19,3,2,1,0,,,,1,False,249,0.0,638,10811,-0.1,0,False,2026-10-17T10:30:10.117676Z,-0.1,-1,-0.1,-1,-0.1,-1,5.0,479,122,15,0,9.1,20.6,1,7.037,6.44,7.634,1.137
2026-10-10,2026-10-10T09:24:58+00:00,2026,5,5,532605,162,Andrey Santos,Andrey,Nascimento dos Santos,MID,16,1,Man Utd,4.8,5.0,-0.2,4,82,3,0,0,0,0,23,1.3,0.8,0.5,22616,77293,0.2661,0.9095,-0.6434,3.9,24.8,5.5,8.0,a,,,,,0.0,0.0,0.0,0.0,0,1,0,4,0,0,0,0,0,0.0,0.24,0.24,2.03,18,4,7,7,,,,0,False,248,0.0,1419,8674,-83.7,-174,False,,-115.9,-5,-171.6,-5,-227.3,-5,5.0,623,30,0,0,1.3,6.3,0,4.931,4.344,5.519,0.131
2026-10-10,2026-10-10T09:24:58+00:00,2026,5,5,533463,95,O.Dango,Dango,Ouattara,MID,4,94,Brentford,6.3,6.5,-0.2,7,179,5,0,0,1,0,34,1.4,1.1,0.4,16235,86125,0.191,1.0135,-0.8224,10.8,25.4,59.3,23.0,a,,,,,1.0,0.2,1.0,1.0,1,2,0,1,0,0,0,0,0,0.09,0.39,0.48,2.81,28,2,17,9,,,4.0,0,False,263,0.0,1874,7546,-80.7,-169,False,,-119.1,-5,-185.4,-5,-251.7,-5,5.0,1360,53,0,0,1.4,8.4,0,5.573,4.984,6.162,-0.727
2026-10-10,2026-10-10T09:24:58+00:00,2026,5,5,533646,647,Osorio,Darío,Osorio,MID,8,31,Crystal Palace,5.5,5.5,0.0,1,1,1,0,0,0,0,2,1.0,0.2,0.0,966,451,0.0114,0.0053,0.0061,0.2,2.0,0.3,0.0,a,,,,,0.0,0.0,0.0,0.0,0,0,0,0,0,0,0,0,0,0.0,0.0,0.0,0.13,1,1,0,0,,,,0,False,624,0.0,47,115,-97.6,-3,False,,-142.8,-5,-220.7,-5,-298.7,-5,5.0,8,8,0,0,1.0,1.4,0,5.097,4.509,5.685,-0.403
2026-10-10,2026-10-10T09:24:58+00:00,2026,5,5,534392,299,Burstow,Mason,Burstow,FWD,11,88,Hull City,4.5,4.5,0.0,0,0,0,0,0,0,0,0,0.0,0.0,0.0,0,3187,0.0,0.0375,-0.0375,0.0,0.0,0.0,0.0,u,Has joined Sheffield Wednesday on loan for the rest of the season,2026-08-03T14:05:20.234842Z,0.0,0.0,0.0,0.0,0.0,0.0,0,0,0,0,0,0,0,0,0,0.0,0.0,0.0,0.0,0,0,0,0,,,,0,False,542,0.0,0,337,0.0,-2,False,,0.0,0,0.0,0,0.0,0,5.0,0,0,0,0,0.0,0.0,0,4.517,3.93,5.105,0.017
2026-10-10,2026-10-10T09:24:58+00:00,2026,5,5,535301,131,Baleba,Carlos,Baleba,MID,16,1,Man Utd,4.9,5.0,-0.1,0,0,0,0,0,0,0,0,0.0,0.0,0.1,9123,14930,0.1074,0.1757,-0.0683,0.0,0.0,0.0,0.0,a,,2026-08-06T16:00:10.997714Z,50.0,100.0,0.0,0.0,0.0,0.0,0,0,0,0,0,0,0,0,0,0.0,0.0,0.0,0.0,0,0,0,0,,,,0,False,372,0.0,3684,1289,0.9,83,False,,1.7,1,3.1,1,4.4,1,5.0,0,0,0,0,0.0,0.0,0,4.882,4.295,5.47,-0.018
2026-10-10,2026-10-10T09:24:58+00:00,2026,5,5,535818,546,Adingra,Simon,Adingra,MID,20,56,Sunderland,4.9,5.0,-0.1,0,0,0,0,0,0,0,0,0.0,0.0,0.0,240,7618,0.0028,0.0896,-0.0868,0.0,0.0,0.0,0.0,u,Has joined Ajax on loan for the rest of the season,2026-08-20T14:00:08.416985Z,0.0,0.0,0.0,0.0,0.0,0.0,0,0,0,0,0,0,0,0,0,0.0,0.0,0.0,0.0,0,0,0,0,,,,0,False,563,0.0,0,390,0.0,-9,False,,0.0,0,0.0,0,0.0,0,5.0,0,0,0,0,0.0,0.0,0,4.773,4.186,5.36,-0.127
2026-10-10,2026-10-10T09:24:58+00:00,2026,5,5,535928,376,Bajcetic,Stefan,Bajčetić Maquieira,MID,14,14,Liverpool,5.0,5.0,0.0,0,0,0,0,0,0,0,0,0.0,0.0,0.0,19,108,0.0002,0.0013,-0.001,0.0,0.0,0.0,0.0,u,Has joined Celta Vigo permanently,2026-07-23T12:01:23.628373Z,0.0,0.0,0.0,0.0,0.0,0.0,0,0,0,0,0,0,0,0,0,0.0,0.0,0.0,0.0,0,0,0,0,,,,0,False,663,0.0,0,4,0.0,0,False,,0.0,0,0.0,0,0.0,0,5.0,0,0,0,0,0.0,0.0,0,4.914,4.326,5.502,-0.086
2026-10-10,2026-10-10T09:24:58+00:00,2026,5,5,536661,551,N.Angulo,Nilson,Angulo,MID,20,56,Sunderland,5.0,5.0,0.0,16,313,5,1,1,1,0,67,3.2,3.2,0.1,13262,11176,0.1561,0.1315,0.0245,15.7,72.2,38.3,47.0,a,,,,,3.0,0.6,3.0,3.0,4,5,0,7,0,0,0,1,0,0.6,0.13,0.73,4.56,24,5,14,5,,1.0,,0,False,396,0.0,983,1388,1.4,-4,False,,1.4,1,1.3,1,1.3,1,5.0,2379,122,8,8,3.2,24.3,0,5.935,5.347,6.523,0.935
2026-10-10,2026-10-10T09:24:58+00:00,2026,5,5,536694,217,M.França,Matheus,França de Oliveira,MID,8,31,Crystal Palace,4.9,5.0,-0.1,0,0,0,0,0,0,0,0,0.0,0.0,0.0,1007,3595,0.0118,0.0423,-0.0305,0.0,0.0,0.0,0.0,u,Has joined Alverca on loan for the rest of the season,2026-09-11T14:42:19.322912Z,0.0,0.0,0.0,0.0,0.0,0.0,0,0,0,0,0,0,0,0,0,0.0,0.0,0.0,0.0,0,0,0,0,,,,0,False,614,0.0,0,313,0.0,-6,False,,0.0,0,0.0,0,0.0,0,5.0,0,0,0,0,0.0,0.0,0,4.759,4.171,5.347,-0.141
2026-10-10,2026-10-10T09:24:58+00:00,2026,5,5,536916,128,Buonanotte,Facundo,Buonanotte,MID,5,36,Brighton,5.0,5.0,0.0,0,0,0,0,0,0,0,0,0.0,0.0,0.0,0,334,0.0,0.0039,-0.0039,0.0,0.0,0.0,0.0,u,Has joined Elche on loan for the rest of the season,2026-08-10T14:03:07.561436Z,0.0,0.0,0.0,0.0,0.0,0.0,0,0,0,0,0,0,0,0,0,0.0,0.0,0.0,0.0,0,0,0,0,,,,0,False,659,0.0,0,11,0.0,0,False,,0.0,0,0.0,0,0.0,0,5.0,0,0,0,0,0.0,0.0,0,4.801,4.213,5.389,-0.199
2026-10-10,2026-10-10T09:24:58+00:00,2026,5,5,538007,594,David,Promise,David,FWD,5,36,Brighton,5.9,6.0,-0.1,1,23,2,0,0,0,0,-4,0.5,0.2,0.2,16522,23700,0.1944,0.2789,-0.0845,0.4,0.0,3.7,4.0,a,,,,,0.0,0.0,0.0,0.0,0,0,0,0,0,0,0,1,0,0.42,0.0,0.42,0.14,0,0,0,0,2.0,,,0,False,322,-0.1,4660,3427,0.9,8,False,,1.0,1,1.1,1,1.2,1,5.0,175,8,0,0,0.5,1.3,0,5.31,4.721,5.898,-0.59
2026-10-10,2026-10-10T09:24:58+00:00,2026,5,5,538207,465,Osula,William,Osula,FWD,17,4,Newcastle,5.8,6.0,-0.2,4,55,1,0,1,0,0,18,4.0,0.7,0.3,21689,88169,0.2552,1.0375,-0.7823,5.0,28.2,13.7,8.0,d,Foot injury - 50% chance of playing,2026-08-25T19:00:08.004915Z,0.0,50.0,0.0,0.0,0.0,0.0,0,1,0,1,0,0,0,0,0,0.06,0.14,0.2,1.48,5,1,2,2,1.0,4.0,,0,False,295,-0.1,366,3864,-0.0,0,False,2026-10-16T20:30:11.173862Z,-0.0,0,-0.0,0,-0.0,0,5.0,418,30,0,8,4.0,5.2,0,5.854,5.264,6.444,0.054
2026-10-10,2026-10-10T09:24:58+00:00,2026,5,5,538638,479,Bindon,Tyler,Bindon,DEF,18,17,Nott'm Forest,4.0,4.0,0.0,0,0,0,0,0,0,0,0,0.0,0.0,0.1,799,9167,0.0094,0.1079,-0.0985,0.0,0.0,0.0,0.0,u,Has joined Charlton Athletic on loan for the rest of the season,2026-09-01T13:16:05.383880Z,0.0,0.0,0.0,0.0,0.0,0.0,0,0,0,0,0,0,0,0,0,0.0,0.0,0.0,0.0,0,0,0,0,,,,0,False,411,0.0,0,1037,0.0,-11,False,,0.0,0,0.0,0,0.0,0,5.0,0,0,0,0,0.0,0.0,0,4.007,3.42,4.594,0.007
2026-10-10,2026-10-10T09:24:58+00:00,2026,5,5,539142,182,Amenda,Aurèle,Amenda,DEF,7,9,Coventry City,4.0,4.0,0.0,4,360,4,0,0,0,0,-3,1.0,1.0,0.5,11537,39178,0.1358,0.461,-0.3253,9.4,62.8,14.5,15.0,i,Calf injury - Unknown return date,2026-09-17T07:30:09.329041Z,25.0,0.0,0.0,0.0,0.0,0.0,0,4,0,10,0,0,0,1,0,0.02,0.39,0.41,7.53,24,1,11,23,,,,0,False,243,0.0,92,12276,-81.7,-359,False,,-105.0,-5,-145.3,-5,-185.6,-5,5.0,2736,30,0,0,1.0,7.6,0,3.89,3.301,4.479,-0.11
2026-10-10,2026-10-10T09:24:58+00:00,2026,5,5,540324,286,Belloumi,Mohamed,Belloumi,MID,11,88,Hull City,5.1,5.0,0.1,31,394,5,2,2,3,2,111,6.2,6.1,6.0,617851,117585,7.2705,1.3837,5.8869,32.5,157.8,67.5,100.0,a,,,,,8.5,1.7,8.5,8.5,4,5,0,3,0,0,0,1,0,0.72,0.43,1.15,6.44,44,16,14,14,,2.0,2.0,1,False,66,0.0,187915,57547,66.9,3588,False,,100.8,5,159.3,5,217.8,5,5.0,2994,236,15,15,6.2,38.7,1,7.079,6.486,7.672,1.979
2026-10-10,2026-10-10T09:24:58+00:00,2026,5,5,543158,568,Barco,Valentín,Barco,MID,6,8,Chelsea,5.4,5.5,-0.1,3,115,3,0,0,0,0,29,1.0,0.6,0.1,3267,7326,0.0384,0.0862,-0.0478,3.0,12.8,7.2,11.0,a,,,,,1.0,0.2,1.0,1.0,2,1,0,3,0,0,0,1,0,0.07,0.11,0.18,2.83,12,3,5,4,,,,0,False,392,0.0,344,759,-23.4,-30,False,,-48.2,-3,-91.1,-3,-133.9,-5,5.0,874,23,0,0,1.0,4.2,0,5.141,4.554,5.729,-0.259
2026-10-10,2026-10-10T09:24:58+00:00,2026,5,5,543295,99,Milambo,Antoni,Milambo,MID,4,94,Brentford,5.0,5.0,0.0,0,0,0,0,0,0,0,0,0.0,0.0,0.0,126,167,0.0015,0.002,-0.0005,0.0,0.0,0.0,0.0,i,Knee injury - Unknown return date,2026-07-23T12:01:23.384798Z,0.0,0.0,0.0,0.0,0.0,0.0,0,0,0,0,0,0,0,0,0,0.0,0.0,0.0,0.0,0,0,0,0,,,,0,False,657,0.0,17,15,-42.6,0,False,,-42.6,-3,-42.6,-3,-42.6,-3,5.0,0,0,0,0,0.0,0.0,0,4.759,4.17,5.347,-0.241
2026-10-10,2026-10-10T09:24:58+00:00,2026,5,5,543968,316,Emersonn,Emersonn,Correia da Silva,FWD,12,40,Ipswich Town,5.6,5.5,0.1,26,317,5,2,1,0,6,110,5.2,4.6,4.1,376284,160273,4.4279,1.886,2.5419,25.3,98.8,50.4,104.0,a,,2026-08-31T09:30:08.306145Z,100.0,100.0,7.0,1.3,7.0,7.0,2,5,0,6,0,0,0,0,0,1.61,0.12,1.73,4.29,10,3,4,3,2.0,,,1,False,84,0.1,92586,40999,1.4,1478,False,,6.6,1,15.5,1,24.4,2,5.0,2409,198,15,8,5.2,35.3,0,7.015,6.424,7.606,1.415
2026-10-10,2026-10-10T09:24:58+00:00,2026,5,5,544877,358,Kerkez,Milos,Kerkez,DEF,14,14,Liverpool,5.3,5.5,-0.2,13,385,5,0,0,2,0,63,2.6,2.5,2.1,49343,201426,0.5806,2.3703,-1.7896,13.7,75.4,47.3,14.0,a,,,,,3.5,0.7,3.5,3.5,6,4,0,4,0,0,0,2,0,0.07,0.08,0.15,5.65,30,8,10,22,,,,0,False,124,-0.1,4326,24054,-9.8,-534,False,,-24.4,-2,-49.6,-3,-74.8,-3,5.0,2926,99,0,0,2.6,18.6,0,5.025,4.437,5.613,-0.275
2026-10-10,2026-10-10T09:24:58+00:00,2026,5,5,545477,451,A.Murphy,Alex,Murphy,DEF,17,4,Newcastle,4.0,4.0,0.0,0,0,0,0,0,0,0,0,0.0,0.0,0.1,0,7127,0.0,0.0839,-0.0839,0.0,0.0,0.0,0.0,u,Has joined FC Kaiserslautern on loan for the rest of the season,2026-08-12T14:05:29.224600Z,0.0,0.0,0.0,0.0,0.0,0.0,0,0,0,0,0,0,0,0,0,0.0,0.0,0.0,0.0,0,0,0,0,,,,0,False,493,0.0,0,476,0.0,-4,False,,0.0,0,0.0,0,0.0,0,5.0,0,0,0,0,0.0,0.0,0,4.023,3.435,4.611,0.023
2026-10-10,2026-10-10T09:24:58+00:00,2026,5,5,546600,554,Van Oevelen,Kayne,van Oevelen,GK,12,40,Ipswich Town,4.5,4.5,0.0,0,0,0,0,0,0,0,0,0.0,0.0,0.0,54,2046,0.0006,0.0241,-0.0234,0.0,0.0,0.0,0.0,u,Has joined Valencia on loan for the rest of the season,2026-08-25T14:04:09.529320Z,0.0,0.0,0.0,0.0,0.0,0.0,0,0,0,0,0,0,0,0,0,0.0,0.0,0.0,0.0,0,0,0,0,,,,0,False,587,0.0,0,172,0.0,0,False,,0.0,0,0.0,0,0.0,0,5.0,0,0,0,0,0.0,0.0,0,4.255,3.668,4.843,-0.245
2026-10-10,2026-10-10T09:24:58+00:00,2026,5,5,547027,543,Diarra,Habib,Diarra,MID,20,56,Sunderland,5.3,5.5,-0.2,5,28,2,0,1,0,0,18,2.5,0.9,0.0,563,6076,0.0066,0.0715,-0.0649,2.9,15.6,10.9,2.0,i,Hamstring injury - Expected back 18 Oct,2026-08-30T16:30:08.428960Z,0.0,0.0,0.0,0.0,0.0,0.0,0,0,0,1,0,0,0,0,0,0.03,0.16,0.19,0.12,0,0,0,0,1.0,,,0,False,562,-0.1,25,393,-7.8,-8,False,,-16.0,-1,-30.1,-2,-44.3,-3,5.0,213,38,0,8,2.5,7.2,0,5.53,4.942,6.118,0.23
2026-10-10,2026-10-10T09:24:58+00:00,2026,5,5,547037,434,J.Fletcher,Jack,Fletcher,MID,16,1,Man Utd,4.9,5.0,-0.1,0,0,0,0,0,0,0,0,0.0,0.0,0.0,344,743,0.004,0.0087,-0.0047,0.0,0.0,0.0,0.0,a,,,,,0.0,0.0,0.0,0.0,0,0,0,0,0,0,0,0,0,0.0,0.0,0.0,0.0,0,0,0,0,,,,0,False,607,0.0,64,95,-49.6,0,False,,-49.6,-3,-49.6,-3,-49.6,-3,5.0,0,0,0,0,0.0,0.0,0,4.881,4.293,5.468,-0.019
2026-10-10,2026-10-10T09:24:58+00:00,2026,5,5,547676,425,Fredricson,Tyler,Fredricson,DEF,16,1,Man Utd,4.0,4.0,0.0,0,0,0,0,0,0,0,0,0.0,0.0,0.0,0,1346,0.0,0.0158,-0.0158,0.0,0.0,0.0,0.0,u,Has joined Lausanne-Sport permanently,2026-08-18T14:12:31.904433Z,0.0,0.0,0.0,0.0,0.0,0.0,0,0,0,0,0,0,0,0,0,0.0,0.0,0.0,0.0,0,0,0,0,,,,0,False,603,0.0,0,78,0.0,0,False,,0.0,0,0.0,0,0.0,0,5.0,0,0,0,0,0.0,0.0,0,4.113,3.525,4.7,0.113
2026-10-10,2026-10-10T09:24:58+00:00,2026,5,5,547686,610,De Fougerolles,Luc,De Fougerolles,DEF,10,54,Fulham,4.0,4.0,0.0,0,0,0,0,0,0,0,0,0.0,0.0,0.1,5787,5393,0.0681,0.0635,0.0046,0.0,0.0,0.0,0.0,u,has joined  Real Salt Lake on loan for the rest of the seaon.,2026-08-28T11:30:08.336405Z,0.0,0.0,0.0,0.0,0.0,0.0,0,0,0,0,0,0,0,0,0,0.0,0.0,0.0,0.0,0,0,0,0,,,,0,False,467,0.0,0,647,0.0,-3,False,,0.0,0,0.0,0,0.0,0,5.0,0,0,0,0,0.0,0.0,0,4.007,3.42,4.594,0.007
2026-10-10,2026-10-10T09:24:58+00:00,2026,5,5,547701,522,Gray,Archie,Gray,MID,19,6,Spurs,4.9,5.0,-0.1,9,307,4,0,0,1,0,51,2.2,1.8,0.2,7189,14231,0.0846,0.1675,-0.0829,7.0,28.4,14.6,27.0,a,,,,,2.5,0.5,2.5,2.5,2,3,0,7,0,0,0,0,0,0.23,0.05,0.28,6.11,27,5,12,10,,,,0,False,350,0.0,812,2060,-40.7,-28,False,,-56.8,-3,-84.6,-3,-112.4,-5,5.0,2333,68,0,0,2.2,14.0,0,4.927,4.339,5.515,0.027
2026-10-10,2026-10-10T09:24:58+00:00,2026,5,5,547719,459,L.Miley,Lewis,Miley,MID,17,4,Newcastle,5.5,5.5,0.0,12,396,5,0,0,1,0,68,2.4,2.2,0.1,6386,6512,0.0751,0.0766,-0.0015,12.0,58.4,57.3,5.0,d,Unspecified injury - 75% chance of playing,2026-10-01T15:30:10.335504Z,100.0,75.0,2.0,0.4,2.0,1.5,4,5,0,8,1,0,0,1,0,0.05,0.14,0.19,7.95,52,6,26,20,,,5.0,0,False,457,0.0,522,1505,0.2,-54,False,,-27.2,-2,-99.3,-4,-171.4,-5,5.0,3010,91,0,0,2.4,16.6,0,5.159,4.57,5.747,-0.341
2026-10-10,2026-10-10T09:24:58+00:00,2026,5,5,548308,507,Phillips,Ashley,Phillips,DEF,19,6,Spurs,4.5,4.5,0.0,0,0,0,0,0,0,0,0,0.0,0.0,0.0,0,1288,0.0,0.0152,-0.0152,0.0,0.0,0.0,0.0,u,Has joined Middlesbrough permanently,2026-08-18T14:13:08.474144Z,0.0,0.0,0.0,0.0,0.0,0.0,0,0,0,0,0,0,0,0,0,0.0,0.0,0.0,0.0,0,0,0,0,,,,0,False,597,0.0,0,73,0.0,0,False,,0.0,0,0.0,0,0.0,0,5.0,0,0,0,0,0.0,0.0,0,4.34,3.752,4.928,-0.16
2026-10-10,2026-10-10T09:24:58+00:00,2026,5,5,549067,477,Abbott,Zach,Abbott,DEF,18,17,Nott'm Forest,4.0,4.0,0.0,0,0,0,0,0,0,0,0,0.0,0.0,0.1,2459,14734,0.0289,0.1734,-0.1444,0.0,0.0,0.0,0.0,u,Has joined Southampton on loan for the rest of the season,2026-09-02T16:19:54.536676Z,0.0,0.0,0.0,0.0,0.0,0.0,0,0,0,0,0,0,0,0,0,0.0,0.0,0.0,0.0,0,0,0,0,,,,0,False,380,0.0,0,1661,0.0,-33,False,,0.0,0,0.0,0,0.0,0,5.0,0,0,0,0,0.0,0.0,0,4.007,3.42,4.594,0.007
2026-10-10,2026-10-10T09:24:58+00:00,2026,5,5,549074,133,Watson,Tom,Watson,MID,5,36,Brighton,5.0,5.0,0.0,0,0,0,0,0,0,0,0,0.0,0.0,0.0,0,138,0.0,0.0016,-0.0016,0.0,0.0,0.0,0.0,u,Has joined Leicester City on loan for the rest of the season,2026-08-03T14:05:44.459483Z,0.0,0.0,0.0,0.0,0.0,0.0,0,0,0,0,0,0,0,0,0,0.0,0.0,0.0,0.0,0,0,0,0,,,,0,False,664,0.0,0,7,0.0,0,False,,0.0,0,0.0,0,0.0,0,5.0,0,0,0,0,0.0,0.0,0,4.801,4.213,5.389,-0.199
2026-10-10,2026-10-10T09:24:58+00:00,2026,5,5,549653,197,Bassette,Norman,Bassette,FWD,7,9,Coventry City,4.5,4.5,0.0,0,0,0,0,0,0,0,0,0.0,0.0,0.0,0,2194,0.0,0.0258,-0.0258,0.0,0.0,0.0,0.0,u,Has joined KVC Westerlo on loan for the rest of the season,2026-07-28T12:58:50.001768Z,0.0,0.0,0.0,0.0,0.0,0.0,0,0,0,0,0,0,0,0,0,0.0,0.0,0.0,0.0,0,0,0,0,,,,0,False,561,0.0,0,235,0.0,0,False,,0.0,0,0.0,0,0.0,0,5.0,0,0,0,0,0.0,0.0,0,4.517,3.93,5.105,0.017
2026-10-10,2026-10-10T09:24:58+00:00,2026,5,5,549912,549,Talbi,Chemsdine,Talbi,MID,20,56,Sunderland,5.3,5.5,-0.2,1,31,1,0,0,0,0,1,1.0,0.2,0.1,1406,12237,0.0165,0.144,-0.1275,0.0,0.0,0.9,0.0,a,,,,,0.0,0.0,0.0,0.0,0,0,0,1,0,0,0,0,0,0.0,0.0,0.0,0.14,2,0,2,0,,,,0,False,388,0.0,173,1017,-45.9,-21,False,,-63.1,-3,-92.7,-3,-122.3,-5,5.0,236,8,0,0,1.0,1.4,0,5.027,4.44,5.614,-0.273
2026-10-10,2026-10-10T09:24:58+00:00,2026,5,5,549939,560,Penders,Mike,Penders,GK,6,8,Chelsea,4.4,4.5,-0.1,0,0,0,0,0,0,0,0,0.0,0.0,0.1,2119,3789,0.0249,0.0446,-0.0197,0.0,0.0,0.0,0.0,a,,,,,0.0,0.0,0.0,0.0,0,0,0,0,0,0,0,0,0,0.0,0.0,0.0,0.0,0,0,0,0,,,,0,False,468,0.0,344,469,-4.4,2,False,,-1.4,-1,0.0,0,0.1,1,5.0,0,0,0,0,0.0,0.0,0,4.333,3.744,4.921,-0.067
2026-10-10,2026-10-10T09:24:58+00:00,2026,5,5,549940,646,Fofana,Malick,Fofana,MID,20,56,Sunderland,5.5,5.5,0.0,3,60,3,0,0,0,0,11,1.0,0.5,0.0,4251,1919,0.05,0.0226,0.0274,5.8,12.4,2.1,44.0,a,,,,,1.0,0.2,1.0,1.0,1,0,0,2,0,0,0,0,0,0.39,0.01,0.4,3.25,3,1,2,0,,,,0,False,534,0.0,515,491,-13.7,11,False,,0.1,1,0.2,1,0.4,1,5.0,456,23,0,0,1.0,4.1,0,5.11,4.523,5.697,-0.39
2026-10-10,2026-10-10T09:24:58+00:00,2026,5,5,550090,117,Coppola,Diego,Coppola,DEF,5,36,Brighton,4.5,4.5,0.0,0,0,0,0,0,0,0,0,0.0,0.0,0.0,1003,1121,0.0118,0.0132,-0.0014,0.0,0.0,0.0,0.0,a,,,,,0.0,0.0,0.0,0.0,0,0,0,0,0,0,0,0,0,0.0,0.0,0.0,0.0,0,0,0,0,,,,0,False,571,0.0,191,158,-5.0,1,False,,0.0,0,0.0,0,0.0,0,5.0,0,0,0,0,0.0,0.0,0,4.272,3.684,4.86,-0.228
2026-10-10,2026-10-10T09:24:58+00:00,2026,5,5,550615,242,George,Tyrique,George,MID,9,11,Everton,5.5,5.5,0.0,19,309,5,1,0,2,3,77,3.8,3.5,0.8,108983,55112,1.2825,0.6485,0.6339,22.5,64.0,86.2,75.0,a,,,,,2.0,0.4,2.0,2.0,1,4,0,3,0,0,0,0,0,0.35,0.32,0.67,3.71,18,1,12,5,,,,0,False,204,0.0,4318,23448,28.1,-633,False,,22.1,2,11.8,1,1.5,1,5.0,2348,144,8,0,3.8,26.3,0,6.008,5.418,6.597,0.508
2026-10-10,2026-10-10T09:24:58+00:00,2026,5,5,550839,517,Odobert,Wilson,Odobert,MID,19,6,Spurs,5.5,5.5,0.0,0,0,0,0,0,0,0,0,0.0,0.0,0.0,159,122,0.0019,0.0014,0.0004,0.0,0.0,0.0,0.0,i,Knee injury - Unknown return date,2026-07-23T12:01:23.879434Z,0.0,0.0,0.0,0.0,0.0,0.0,0,0,0,0,0,0,0,0,0,0.0,0.0,0.0,0.0,0,0,0,0,,,,0,False,658,0.0,57,27,0.0,0,False,,0.0,0,0.0,0,0.0,0,5.0,0,0,0,0,0.0,0.0,0,5.151,4.563,5.739,-0.349
2026-10-10,2026-10-10T09:24:58+00:00,2026,5,5,550864,420,Yoro,Leny,Yoro,DEF,16,1,Man Utd,4.8,5.0,-0.2,2,22,2,0,0,0,0,-1,1.0,0.4,0.4,5786,37064,0.0681,0.4361,-0.3681,1.3,7.8,2.4,2.0,a,,,,,0.0,0.0,0.0,0.0,0,0,0,2,0,0,0,0,0,0.0,0.02,0.02,1.09,5,2,1,3,,,,0,False,258,-0.1,1004,3222,-13.8,-12,False,,-15.3,-1,-18.0,-1,-20.7,-2,5.0,167,15,0,0,1.0,3.2,0,4.65,4.063,5.238,-0.15
2026-10-10,2026-10-10T09:24:58+00:00,2026,5,5,551050,635,Larsson,Hugo,Larsson,MID,10,54,Fulham,5.0,5.0,0.0,3,37,3,0,0,0,0,9,1.0,0.6,0.0,914,343,0.0108,0.004,0.0067,1.8,6.8,1.9,9.0,a,,,,,1.0,0.2,1.0,1.0,1,0,0,1,0,0,0,0,0,0.13,0.23,0.36,0.88,6,1,3,2,,,,0,False,618,0.0,169,110,0.1,1,False,,0.1,1,0.1,1,0.1,1,5.0,281,23,0,0,1.0,4.6,0,4.857,4.27,5.444,-0.143
2026-10-10,2026-10-10T09:24:58+00:00,2026,5,5,551210,148,Hato,Jorrel,Hato,DEF,6,8,Chelsea,4.5,4.5,0.0,8,258,4,0,2,0,0,14,2.0,1.8,0.8,92305,67260,1.0862,0.7915,0.2947,14.0,77.0,47.1,15.0,a,,,,,0.0,0.0,0.0,0.0,0,4,0,9,0,0,0,0,0,0.01,0.21,0.22,4.81,18,7,9,11,,,,0,False,208,0.0,1910,14933,11.7,-284,False,,9.0,1,4.4,1,-3.7,-1,5.0,1961,61,0,15,2.0,13.5,0,5.095,4.501,5.689,0.595
2026-10-10,2026-10-10T09:24:58+00:00,2026,5,5,551226,525,Fernandes,Mateus,Fernandes,MID,19,6,Spurs,5.7,6.0,-0.3,7,249,5,0,0,1,0,50,1.4,1.2,0.7,14880,130295,0.1751,1.5332,-1.3581,14.6,24.2,92.6,34.0,a,,,,,2.0,0.4,2.0,2.0,1,3,0,4,0,0,0,1,0,0.19,0.28,0.47,4.43,21,7,12,2,,,4.0,0,False,213,-0.1,899,12208,-32.3,-296,False,,-56.2,-3,-97.5,-4,-138.8,-5,5.0,1892,53,0,0,1.4,9.3,0,5.335,4.747,5.922,-0.365
2026-10-10,2026-10-10T09:24:58+00:00,2026,5,5,551262,196,Markelo,Jahnoah,Markelo,FWD,7,9,Coventry City,5.0,5.0,0.0,0,0,0,0,0,0,0,0,0.0,0.0,0.0,0,1220,0.0,0.0144,-0.0144,0.0,0.0,0.0,0.0,u,Has joined Shabab Al-Ahli Dubai permanently,2026-08-17T13:53:55.791223Z,0.0,0.0,0.0,0.0,0.0,0.0,0,0,0,0,0,0,0,0,0,0.0,0.0,0.0,0.0,0,0,0,0,,,,0,False,632,0.0,0,93,0.0,0,False,,0.0,0,0.0,0,0.0,0,5.0,0,0,0,0,0.0,0.0,0,4.792,4.204,5.38,-0.208
2026-10-10,2026-10-10T09:24:58+00:00,2026,5,5,551466,569,Gonzalo,Gonzalo,García,FWD,10,54,Fulham,6.1,6.0,0.1,14,425,5,1,0,2,0,53,2.8,2.3,7.2,807835,353033,9.5062,4.1543,5.3519,22.1,53.0,46.8,125.0,a,,,,,2.0,0.3,2.0,2.0,2,5,0,7,0,0,0,0,0,2.33,0.58,2.91,8.29,18,2,9,7,1.0,,,0,False,55,0.1,445526,73648,13.9,15787,False,,69.0,3,163.9,5,258.9,5,5.0,3230,106,8,0,2.8,17.4,0,6.083,5.495,6.672,-0.017
2026-10-10,2026-10-10T09:24:58+00:00,2026,5,5,551499,377,Munoz,Victor,Munoz,MID,14,14,Liverpool,6.5,6.5,0.0,15,257,5,1,1,1,0,60,3.0,2.3,0.8,119737,110259,1.409,1.2975,0.1115,18.5,56.2,42.4,86.0,a,,,,,1.0,0.2,1.0,1.0,1,3,0,2,0,0,0,1,0,0.52,0.31,0.83,4.63,16,3,8,5,,,,0,False,198,0.0,3754,19917,4.2,-395,False,,0.5,1,-74.1,-3,-154.3,-5,5.0,1953,114,8,8,3.0,17.5,0,6.807,6.218,7.396,0.307
2026-10-10,2026-10-10T09:24:58+00:00,2026,5,5,552946,574,Hjertø-Dahl,Jens,Hjertø-Dahl,MID,11,88,Hull City,4.9,5.0,-0.1,1,8,1,0,0,0,0,4,1.0,0.2,0.1,1471,4762,0.0173,0.056,-0.0387,0.0,0.0,0.0,0.0,a,,,,,0.0,0.0,0.0,0.0,0,0,0,0,0,0,0,0,0,0.0,0.0,0.0,0.0,1,0,1,0,,,,0,False,495,0.0,110,642,-106.2,-9,False,,-124.0,-5,-154.7,-5,-185.3,-5,5.0,61,8,0,0,1.0,1.6,0,4.802,4.215,5.389,-0.098
2026-10-10,2026-10-10T09:24:58+00:00,2026,5,5,553746,609,Shahar,Leo,Shahar,DEF,17,4,Newcastle,4.0,4.0,0.0,0,0,0,0,0,0,0,0,0.0,0.0,0.2,18236,16345,0.2146,0.1923,0.0223,0.0,0.0,0.0,0.0,u,has joined Arouca on loan for the rest of the seaon.,2026-09-11T14:41:57.406766Z,0.0,0.0,0.0,0.0,0.0,0.0,0,0,0,0,0,0,0,0,0,0.0,0.0,0.0,0.0,0,0,0,0,,,,0,False,359,0.0,0,2447,0.0,-22,False,,0.0,0,0.0,0,0.0,0,5.0,0,0,0,0,0.0,0.0,0,4.025,3.437,4.612,0.025
2026-10-10,2026-10-10T09:24:58+00:00,2026,5,5,553783,294,Zambrano,Óscar,Zambrano,MID,11,88,Hull City,4.5,4.5,0.0,0,0,0,0,0,0,0,0,0.0,0.0,0.1,3976,7130,0.0468,0.0839,-0.0371,0.0,0.0,0.0,0.0,a,,2026-08-04T18:30:11.016909Z,100.0,100.0,0.0,0.0,0.0,0.0,0,0,0,0,0,0,0,0,0,0.0,0.0,0.0,0.0,0,0,0,0,,,,0,False,430,0.0,247,801,-35.3,-20,False,,-58.4,-3,-98.2,-4,-138.0,-5,5.0,0,0,0,0,0.0,0.0,0,4.529,3.941,5.116,0.029
2026-10-10,2026-10-10T09:24:58+00:00,2026,5,5,554054,622,Braithwaite,Kaden,Braithwaite,DEF,15,43,Man City,4.0,4.0,0.0,1,1,1,0,0,0,0,3,1.0,0.2,0.2,17063,9585,0.2008,0.1128,0.088,0.1,0.6,0.8,0.0,a,,,,,0.0,0.0,0.0,0.0,0,0,0,0,0,0,0,0,0,0.0,0.0,0.0,0.0,0,0,1,0,,,,0,False,357,0.0,856,2034,-46.4,3,False,,-44.6,-3,-41.5,-3,-38.4,-2,5.0,8,8,0,0,1.0,1.9,0,4.272,3.684,4.86,0.272
2026-10-10,2026-10-10T09:24:58+00:00,2026,5,5,554197,548,Rigg,Chris,Rigg,MID,20,56,Sunderland,4.9,5.0,-0.1,2,17,2,0,0,0,0,6,1.0,0.4,0.0,496,3046,0.0058,0.0358,-0.03,0.0,0.0,0.3,0.0,a,,,,,0.0,0.0,0.0,0.0,0,0,0,1,0,0,0,0,0,0.0,0.0,0.0,0.44,1,0,1,0,,,,0,False,508,0.0,59,426,-101.0,-8,False,,-119.6,-5,-151.6,-5,-183.7,-5,5.0,129,15,0,0,1.0,3.1,0,4.819,4.232,5.407,-0.081
2026-10-10,2026-10-10T09:24:58+00:00,2026,5,5,554578,444,Jaouen,Ewen,Jaouen,GK,17,4,Newcastle,4.4,4.5,-0.1,0,0,0,0,0,0,0,0,0.0,0.0,0.0,475,1639,0.0056,0.0193,-0.0137,0.0,0.0,0.0,0.0,i,Hamstring injury - Unknown return date,2026-09-10T16:00:09.127466Z,50.0,0.0,0.0,0.0,0.0,0.0,0,0,0,0,0,0,0,0,0,0.0,0.0,0.0,0.0,0,0,0,0,,,,0,False,573,-0.1,42,234,-8.4,-6,False,,-14.9,-1,-26.2,-2,-37.4,-2,5.0,0,0,0,0,0.0,0.0,0,4.247,3.659,4.835,-0.153
2026-10-10,2026-10-10T09:24:58+00:00,2026,5,5,556637,134,Oriola,Nehemiah,Oriola,MID,5,36,Brighton,4.4,4.5,-0.1,0,0,0,0,0,0,0,0,0.0,0.0,0.2,9202,15433,0.1083,0.1816,-0.0733,0.0,0.0,0.0,0.0,a,,,,,0.0,0.0,0.0,0.0,0,0,0,0,0,0,0,0,0,0.0,0.0,0.0,0.0,0,0,0,0,,,,0,False,317,-0.1,798,2565,-1.5,-6,False,,-3.1,-1,-5.9,-1,-8.6,-1,5.0,0,0,0,0,0.0,0.0,0,4.505,3.918,5.093,0.105
2026-10-10,2026-10-10T09:24:58+00:00,2026,5,5,557012,321,Walle Egeli,Sindre,Walle Egeli,FWD,12,40,Ipswich Town,4.5,4.5,0.0,1,10,1,0,0,0,0,3,1.0,0.2,3.5,352309,235003,4.1458,2.7654,1.3804,0.0,0.0,0.1,0.0,a,,,,,0.0,0.0,0.0,0.0,0,0,0,0,0,0,0,0,0,0.0,0.0,0.0,0.03,0,0,0,0,,,,0,False,96,0.0,39688,50516,40.3,-157,False,,38.8,2,36.3,2,33.7,2,5.0,76,8,0,0,1.0,1.7,0,4.604,4.016,5.192,0.104
2026-10-10,2026-10-10T09:24:58+00:00,2026,5,5,559152,595,Gozo,Zavier,Gozo,MID,8,31,Crystal Palace,4.9,5.0,-0.1,2,28,2,0,0,0,0,6,1.0,0.4,0.0,511,937,0.006,0.011,-0.005,0.3,1.4,1.6,0.0,a,,,,,0.5,0.1,0.5,0.5,0,0,0,2,0,0,0,0,0,0.0,0.0,0.0,0.68,1,1,0,0,,,,0,False,599,-0.1,61,144,-8.9,-5,False,,-31.7,-2,-71.0,-3,-110.3,-5,5.0,213,15,0,0,1.0,3.1,0,4.797,4.21,5.385,-0.103
2026-10-10,2026-10-10T09:24:58+00:00,2026,5,5,560262,78,Kroupi.Jr,Junior,Kroupi,MID,3,91,Bournemouth,7.4,7.5,-0.1,0,0,0,0,0,0,0,0,0.0,0.0,0.2,1356,27786,0.016,0.327,-0.311,0.0,0.0,0.0,0.0,i,Foot injury - Expected back 7 Nov,2026-07-29T17:30:09.796802Z,0.0,0.0,0.0,0.0,0.0,0.0,0,0,0,0,0,0,0,0,0,0.0,0.0,0.0,0.0,0,0,0,0,1.0,,,0,False,348,0.0,310,1268,-87.7,-16,False,,-90.9,-3,-96.5,-4,-102.1,-5,5.0,0,0,0,0,0.0,0.0,0,6.243,5.65,6.835,-1.157
2026-10-10,2026-10-10T09:24:58+00:00,2026,5,5,560552,263,Kevin,Kevin,Santos Lopes de Macedo,MID,10,54,Fulham,5.3,5.5,-0.2,4,61,4,0,0,0,0,14,1.0,0.8,0.0,2223,4446,0.0262,0.0523,-0.0262,3.5,10.6,6.8,18.0,a,,,,,1.0,0.2,1.0,1.0,1,0,0,1,0,0,0,0,0,0.07,0.12,0.19,1.23,8,3,4,1,,,4.0,0,False,510,0.0,419,509,-14.6,5,False,,-2.7,-1,0.1,1,0.1,1,5.0,464,30,0,0,1.0,5.7,0,5.073,4.486,5.66,-0.227
2026-10-10,2026-10-10T09:24:58+00:00,2026,5,5,561245,81,Rodríguez,Álvaro,Rodríguez,FWD,3,91,Bournemouth,6.0,6.0,0.0,2,10,2,0,0,0,0,7,1.0,0.3,0.1,6156,7201,0.0724,0.0847,-0.0123,0.1,0.0,0.5,0.0,a,,2026-08-15T16:30:07.054142Z,100.0,100.0,0.5,0.1,0.5,0.5,0,0,0,1,0,0,0,0,0,0.0,0.0,0.0,0.18,1,0,1,0,,,,0,False,384,0.0,1449,1070,-17.3,26,False,,0.0,0,0.5,1,0.9,1,5.0,76,15,0,0,1.0,2.5,0,5.407,4.818,5.996,-0.593
2026-10-10,2026-10-10T09:24:58+00:00,2026,5,5,565297,349,Mateo Joseph,Mateo,Joseph Fernández-Regatillo,FWD,13,2,Leeds,4.5,4.5,0.0,0,0,0,0,0,0,0,0,0.0,0.0,0.1,3442,4798,0.0405,0.0565,-0.016,0.0,0.0,0.0,0.0,i,Knee injury - Unknown return date,2026-07-29T18:00:10.338170Z,0.0,0.0,0.0,0.0,0.0,0.0,0,0,0,0,0,0,0,0,0,0.0,0.0,0.0,0.0,0,0,0,0,,,,0,False,494,0.0,656,824,-45.1,3,False,,-43.0,-3,-39.4,-2,-35.8,-2,5.0,0,0,0,0,0.0,0.0,0,4.519,3.931,5.107,0.019
2026-10-10,2026-10-10T09:24:58+00:00,2026,5,5,566213,656,Mfuni,Stephen,Mfuni,DEF,7,9,Coventry City,4.0,4.0,0.0,6,90,1,0,0,1,0,27,6.0,1.5,0.1,11695,3114,0.1376,0.0366,0.101,2.2,17.6,0.7,4.0,a,,,,,3.0,0.8,3.0,3.0,6,1,0,0,0,0,0,0,0,0.0,0.01,0.01,1.1,8,1,3,7,,,,0,False,398,0.0,3383,1313,0.3,11,False,,0.4,1,0.6,1,0.7,1,5.0,684,46,0,0,6.0,11.4,0,4.44,3.85,5.031,0.44
2026-10-10,2026-10-10T09:24:58+00:00,2026,5,5,567119,169,Mheuka,Shumaira,Mheuka,FWD,6,8,Chelsea,4.5,4.5,0.0,0,0,0,0,0,0,0,0,0.0,0.0,0.5,34583,27334,0.407,0.3217,0.0853,0.0,0.0,0.0,0.0,a,,,,,0.0,0.0,0.0,0.0,0,0,0,0,0,0,0,0,0,0.0,0.0,0.0,0.0,0,0,0,0,,,,0,False,251,0.0,6862,5545,5.0,4,False,,5.0,1,5.1,1,5.1,1,5.0,0,0,0,0,0.0,0.0,0,4.626,4.037,5.215,0.126
2026-10-10,2026-10-10T09:24:58+00:00,2026,5,5,568420,581,Diomande,Ousmane,Diomande,DEF,18,17,Nott'm Forest,5.4,5.5,-0.1,7,163,3,0,0,0,0,17,2.3,1.3,0.5,14761,43270,0.1737,0.5092,-0.3355,5.2,32.4,1.0,19.0,a,,,,,3.0,0.6,3.0,3.0,2,2,0,2,0,0,0,0,0,0.16,0.01,0.17,1.45,19,1,10,18,,,,0,False,247,0.0,2639,3805,-54.9,-26,False,,-59.7,-3,-67.9,-3,-76.2,-3,5.0,1239,53,0,0,2.3,9.9,0,4.925,4.338,5.512,-0.475
2026-10-10,2026-10-10T09:24:58+00:00,2026,5,5,569577,606,Rowe,Triston,Rowe,DEF,2,7,Aston Villa,4.0,4.0,0.0,0,0,0,0,0,0,0,0,0.0,0.0,0.2,13196,6423,0.1553,0.0756,0.0797,0.0,0.0,0.0,0.0,a,,,,,0.0,0.0,0.0,0.0,0,0,0,0,0,0,0,0,0,0.0,0.0,0.0,0.0,0,0,0,0,,,,0,False,365,0.0,500,1168,0.1,-2,False,,0.1,1,0.1,1,0.0,0,5.0,0,0,0,0,0.0,0.0,0,3.988,3.4,4.576,-0.012
2026-10-10,2026-10-10T09:24:58+00:00,2026,5,5,570241,92,Ji-soo,Kim,Ji-soo,DEF,4,94,Brentford,4.4,4.5,-0.1,0,0,0,0,0,0,0,0,0.0,0.0,0.0,531,1000,0.0062,0.0118,-0.0055,0.0,0.0,0.0,0.0,a,,,,,0.0,0.0,0.0,0.0,0,0,0,0,0,0,0,0,0,0.0,0.0,0.0,0.0,0,0,0,0,,,,0,False,578,-0.1,97,128,-4.7,0,False,,-4.7,-1,-4.7,-1,-4.7,-1,5.0,0,0,0,0,0.0,0.0,0,4.205,3.616,4.794,-0.195
2026-10-10,2026-10-10T09:24:58+00:00,2026,5,5,570526,520,Bergvall,Lucas,Bergvall,MID,19,6,Spurs,5.3,5.5,-0.2,3,78,3,0,0,0,0,13,1.0,0.6,0.1,1953,9969,0.023,0.1173,-0.0943,2.9,11.0,10.8,11.0,a,,,,,1.0,0.2,1.0,1.0,1,1,0,2,0,0,0,0,0,0.06,0.27,0.33,2.21,13,3,9,1,,,,0,False,378,-0.1,173,1036,-10.8,-11,False,,-15.3,-1,-23.0,-2,-30.8,-2,5.0,593,23,0,0,1.0,4.3,0,5.107,4.519,5.694,-0.193
2026-10-10,2026-10-10T09:24:58+00:00,2026,5,5,570794,588,Khalaili,Anan,Khalaili,DEF,8,31,Crystal Palace,5.0,5.0,0.0,19,379,5,1,0,1,0,54,3.8,3.8,0.3,36875,18077,0.4339,0.2127,0.2212,22.5,128.2,48.8,48.0,a,,2026-10-04T22:00:08.963040Z,,100.0,6.5,1.3,6.5,6.5,6,4,0,8,0,0,0,1,0,0.96,0.33,1.29,8.41,44,21,26,23,,,,0,False,290,0.0,4182,3823,6.9,52,False,,7.4,1,8.3,1,9.1,1,5.0,2880,144,8,0,3.8,28.9,0,5.412,4.822,6.001,0.412
2026-10-10,2026-10-10T09:24:58+00:00,2026,5,5,571380,607,Lynch,Luka,Lynch,MID,2,7,Aston Villa,4.5,4.5,0.0,0,0,0,0,0,0,0,0,0.0,0.0,0.1,7103,8344,0.0836,0.0982,-0.0146,0.0,0.0,0.0,0.0,u,Has joined Oxford United on loan until January,2026-09-04T12:35:39.820426Z,0.0,0.0,0.0,0.0,0.0,0.0,0,0,0,0,0,0,0,0,0,0.0,0.0,0.0,0.0,0,0,0,0,,,,0,False,477,0.0,0,900,0.0,-5,False,,0.0,0,0.0,0,0.0,0,5.0,0,0,0,0,0.0,0.0,0,4.509,3.921,5.096,0.009
2026-10-10,2026-10-10T09:24:58+00:00,2026,5,5,571779,570,Palacios,César,Palacios,MID,10,54,Fulham,5.4,5.5,-0.1,12,226,4,1,0,0,1,48,3.0,2.2,0.2,6647,11471,0.0782,0.135,-0.0568,14.0,45.4,32.6,62.0,a,,,,,0.5,0.1,0.5,0.5,1,3,0,7,0,0,0,1,0,0.98,0.03,1.01,5.46,17,3,10,4,,,,0,False,360,0.0,1358,1825,-11.4,-2,False,,-12.8,-1,-15.3,-1,-17.7,-1,5.0,1718,91,8,0,3.0,16.9,0,5.786,5.199,6.374,0.386
2026-10-10,2026-10-10T09:24:58+00:00,2026,5,5,572584,592,Ouattara,Abdoul,Ouattara,DEF,12,40,Ipswich Town,4.0,4.0,0.0,6,131,5,0,0,0,0,29,1.2,1.5,0.8,14280,28292,0.168,0.3329,-0.1649,7.6,31.6,36.2,9.0,a,,,,,1.5,0.4,1.5,1.5,2,1,0,2,0,0,0,0,0,0.02,0.03,0.05,3.13,11,4,14,7,,,,0,False,197,0.0,1495,4156,-38.8,-59,False,,-45.7,-3,-57.7,-3,-69.7,-3,5.0,996,46,0,0,1.2,11.4,0,4.144,3.557,4.731,0.144
2026-10-10,2026-10-10T09:24:58+00:00,2026,5,5,574458,150,M.Sarr,Mamadou,Sarr,DEF,6,8,Chelsea,4.5,4.5,0.0,0,0,0,0,0,0,0,0,0.0,0.0,0.0,429,6096,0.005,0.0717,-0.0667,0.0,0.0,0.0,0.0,u,Has joined Real Sociedad on loan for the rest of the season,2026-08-29T00:34:23.077418Z,0.0,0.0,0.0,0.0,0.0,0.0,0,0,0,0,0,0,0,0,0,0.0,0.0,0.0,0.0,0,0,0,0,,,,0,False,555,0.0,0,280,0.0,-4,False,,0.0,0,0.0,0,0.0,0,5.0,0,0,0,0,0.0,0.0,0,4.373,3.785,4.96,-0.127
2026-10-10,2026-10-10T09:24:58+00:00,2026,5,5,575204,407,Echeverri,Claudio,Echeverri,MID,15,43,Man City,4.9,5.0,-0.1,0,0,0,0,0,0,0,0,0.0,0.0,0.0,250,1369,0.0029,0.0161,-0.0132,0.0,0.0,0.0,0.0,u,Has joined Benfica on loan for the rest of the season,2026-09-03T15:41:24.710479Z,0.0,0.0,0.0,0.0,0.0,0.0,0,0,0,0,0,0,0,0,0,0.0,0.0,0.0,0.0,0,0,0,0,,,,0,False,619,0.0,0,80,0.0,0,False,,0.0,0,0.0,0,0.0,0,5.0,0,0,0,0,0.0,0.0,0,4.997,4.409,5.585,0.097
2026-10-10,2026-10-10T09:24:58+00:00,2026,5,5,575458,474,Jair Cunha,Jair,Paula da Cunha Filho,DEF,18,17,Nott'm Forest,4.5,4.5,0.0,11,360,4,0,0,1,0,40,2.8,2.4,0.2,10265,13775,0.1208,0.1621,-0.0413,8.6,69.6,14.2,2.0,a,,2026-09-12T14:00:09.724349Z,75.0,100.0,0.5,0.1,0.4,0.5,1,4,0,4,0,0,0,2,0,0.05,0.02,0.07,3.95,36,7,8,29,,,,0,False,341,0.0,759,1249,-52.1,-21,False,,-63.6,-3,-83.6,-3,-103.5,-5,5.0,2736,84,0,0,2.8,18.6,0,4.44,3.853,5.027,-0.06
2026-10-10,2026-10-10T09:24:58+00:00,2026,5,5,575476,472,Murillo,Murillo,Costa dos Santos,DEF,18,17,Nott'm Forest,5.5,5.5,0.0,23,449,5,0,1,1,0,76,4.6,4.2,2.2,118913,70312,1.3993,0.8274,0.5719,21.4,124.2,62.6,27.0,a,,2026-07-23T12:01:23.801183Z,100.0,100.0,5.0,0.9,5.0,5.0,4,5,0,5,0,0,0,1,0,0.42,0.37,0.79,4.77,53,9,18,44,,2.0,,0,False,119,0.0,23416,17051,27.9,216,False,,29.9,2,33.5,2,37.0,2,5.0,3412,175,0,8,4.6,31.8,0,5.572,4.982,6.162,0.072
2026-10-10,2026-10-10T09:24:58+00:00,2026,5,5,575901,66,Soler,Julio,Soler Barreto,DEF,3,91,Bournemouth,4.0,4.0,0.0,0,0,0,0,0,0,0,0,0.0,0.0,0.3,14348,11769,0.1688,0.1385,0.0303,0.0,0.0,0.0,0.0,a,,2026-08-15T16:30:07.021055Z,100.0,100.0,0.0,0.0,0.0,0.0,0,0,0,0,0,0,0,0,0,0.0,0.0,0.0,0.0,0,0,0,0,,,,0,False,305,0.0,1257,1884,1.5,-9,False,,1.4,1,1.3,1,1.1,1,5.0,0,0,0,0,0.0,0.0,0,4.015,3.427,4.603,0.015
2026-10-10,2026-10-10T09:24:58+00:00,2026,5,5,576620,437,Bendito Mantato,Bendito,Mantato,MID,16,1,Man Utd,4.4,4.5,-0.1,0,0,0,0,0,0,0,0,0.0,0.0,0.2,5567,10202,0.0655,0.1201,-0.0545,0.0,0.0,0.0,0.0,a,,,,,0.0,0.0,0.0,0.0,0,0,0,0,0,0,0,0,0,0.0,0.0,0.0,0.0,0,0,0,0,,,,0,False,352,-0.1,903,1421,-0.3,-6,False,,-2.4,-1,-5.9,-1,-9.4,-1,5.0,0,0,0,0,0.0,0.0,0,4.613,4.026,5.201,0.213
2026-10-10,2026-10-10T09:24:58+00:00,2026,5,5,576628,435,Lacey,Shea,Lacey,MID,16,1,Man Utd,4.9,5.0,-0.1,1,10,1,0,0,0,0,3,1.0,0.2,0.1,1902,3527,0.0224,0.0415,-0.0191,0.1,0.2,0.6,0.0,a,,,,,0.0,0.0,0.0,0.0,0,0,0,0,0,0,0,0,0,0.0,0.0,0.0,0.0,1,0,1,0,,,,0,False,487,0.0,549,562,-9.2,0,False,,-9.2,-1,-9.2,-1,-9.2,-1,5.0,76,8,0,0,1.0,1.6,0,4.908,4.321,5.496,0.008
2026-10-10,2026-10-10T09:24:58+00:00,2026,5,5,577016,151,Acheampong,Josh,Acheampong,DEF,6,8,Chelsea,4.5,4.5,0.0,5,221,4,0,0,0,0,5,1.2,1.1,0.3,21454,24036,0.2525,0.2828,-0.0304,5.4,43.0,5.5,6.0,a,,,,,0.0,0.0,0.0,0.0,0,2,0,7,0,0,0,0,0,0.0,0.03,0.03,4.72,20,7,7,13,,,,0,False,282,0.0,742,3477,-28.3,-70,False,,-49.4,-3,-85.8,-3,-122.2,-5,5.0,1680,38,0,0,1.2,8.4,0,4.377,3.789,4.965,-0.123
2026-10-10,2026-10-10T09:24:58+00:00,2026,5,5,577285,51,George Hemmings,George,Hemmings,MID,2,7,Aston Villa,4.5,4.5,0.0,9,297,5,0,0,1,0,34,1.8,2.0,1.1,118225,80415,1.3912,0.9463,0.4449,9.1,25.2,42.1,25.0,a,,,,,1.0,0.2,1.0,1.0,1,4,0,7,0,0,0,0,0,0.07,0.16,0.23,6.26,19,6,10,3,,,,0,False,170,0.0,5542,20482,11.8,-422,False,,7.8,1,0.9,1,-57.0,-3,5.0,2257,68,0,0,1.8,15.2,0,4.621,4.033,5.209,0.121
2026-10-10,2026-10-10T09:24:58+00:00,2026,5,5,577411,181,Brau,Miguel,Brau,DEF,7,9,Coventry City,4.0,4.0,0.0,0,0,0,0,0,0,0,0,0.0,0.0,0.0,275,2298,0.0032,0.027,-0.0238,0.0,0.0,0.0,0.0,u,Has joined Academico de Viseu on loan for the rest of the season,2026-08-29T00:35:59.980316Z,0.0,0.0,0.0,0.0,0.0,0.0,0,0,0,0,0,0,0,0,0,0.0,0.0,0.0,0.0,0,0,0,0,,,,0,False,572,0.0,0,228,0.0,-10,False,,0.0,0,0.0,0,0.0,0,5.0,0,0,0,0,0.0,0.0,0,4.005,3.418,4.592,0.005
2026-10-10,2026-10-10T09:24:58+00:00,2026,5,5,577669,545,Sadiki,Noah,Sadiki,MID,20,56,Sunderland,4.9,5.0,-0.1,10,410,5,0,0,1,0,75,2.0,2.0,0.2,6069,19789,0.0714,0.2329,-0.1614,19.2,52.8,59.5,81.0,a,,,,,2.0,0.4,2.0,2.0,2,5,0,9,0,0,0,1,0,0.44,0.24,0.68,6.47,29,6,12,11,,,,0,False,329,0.0,756,2764,-100.6,-34,False,,-117.1,-5,-145.6,-5,-174.1,-5,5.0,3116,76,0,0,2.0,15.5,0,4.795,4.208,5.383,-0.105
2026-10-10,2026-10-10T09:24:58+00:00,2026,5,5,577725,268,King,Josh,King,MID,10,54,Fulham,5.6,5.5,0.1,24,425,5,2,0,2,3,109,4.8,4.3,4.6,581973,132983,6.8483,1.5649,5.2835,35.8,111.4,67.2,179.0,a,,,,,2.5,0.4,2.5,2.5,2,5,0,7,0,0,0,1,0,1.54,0.46,2.0,8.29,28,7,16,5,,,,0,False,77,0.1,337838,54415,24.1,10298,False,,60.0,3,121.9,5,183.9,5,5.0,3230,182,15,0,4.8,32.6,0,6.567,5.977,7.158,0.967
2026-10-10,2026-10-10T09:24:58+00:00,2026,5,5,577974,424,Amass,Harry,Amass,DEF,16,1,Man Utd,4.0,4.0,0.0,0,0,0,0,0,0,0,0,0.0,0.0,0.2,6613,9404,0.0778,0.1107,-0.0328,0.0,0.0,0.0,0.0,a,,,,,0.0,0.0,0.0,0.0,0,0,0,0,0,0,0,0,0,0.0,0.0,0.0,0.0,0,0,0,0,,,,0,False,337,0.0,711,1374,-56.1,-13,False,,-62.8,-3,-74.4,-3,-86.0,-3,5.0,0,0,0,0,0.0,0.0,0,4.116,3.528,4.704,0.116
2026-10-10,2026-10-10T09:24:58+00:00,2026,5,5,578153,393,Khusanov,Abdukodir,Khusanov,DEF,15,43,Man City,5.4,5.5,-0.1,9,268,3,0,0,1,0,53,3.0,1.7,1.3,27565,85423,0.3244,1.0052,-0.6808,6.8,51.6,12.6,4.0,a,,,,,0.0,0.0,0.0,0.0,0,3,0,2,0,0,0,1,0,0.0,0.06,0.06,2.68,17,8,13,9,,,,0,False,157,0.0,2129,13777,-51.7,-182,False,,-65.2,-3,-88.6,-3,-112.1,-5,5.0,2037,68,0,0,3.0,12.7,0,5.169,4.582,5.757,-0.231
2026-10-10,2026-10-10T09:24:58+00:00,2026,5,5,578512,663,Pivas,Miodrag,Pivas,DEF,17,4,Newcastle,4.0,4.0,0.0,0,0,0,0,0,0,0,0,0.0,0.0,0.0,612,93,0.0072,0.0011,0.0061,0.0,0.0,0.0,0.0,a,,,,,0.0,0.0,1.1,1.1,0,0,0,0,0,0,0,0,0,0.0,0.0,0.0,0.0,0,0,0,0,,,,0,False,617,0.0,612,93,0.1,15,False,,0.2,1,0.5,1,0.7,1,5.0,0,0,0,0,0.0,0.0,0,4.021,3.434,4.609,0.021
2026-10-10,2026-10-10T09:24:58+00:00,2026,5,5,578545,39,Nedeljkovic,Kosta,Nedeljkovic,DEF,2,7,Aston Villa,4.0,4.0,0.0,0,0,0,0,0,0,0,0,0.0,0.0,0.1,0,15693,0.0,0.1847,-0.1847,0.0,0.0,0.0,0.0,u,Has joined Rangers on loan for the rest of the season,2026-08-19T13:56:46.385411Z,0.0,0.0,0.0,0.0,0.0,0.0,0,0,0,0,0,0,0,0,0,0.0,0.0,0.0,0.0,0,0,0,0,,,,0,False,387,0.0,0,1008,0.0,-14,False,,0.0,0,0.0,0,0.0,0,5.0,0,0,0,0,0.0,0.0,0,3.987,3.399,4.575,-0.013
2026-10-10,2026-10-10T09:24:58+00:00,2026,5,5,586268,353,Pecsi,Armin,Pecsi,GK,14,14,Liverpool,4.0,4.0,0.0,0,0,0,0,0,0,0,0,0.0,0.0,0.0,0,1142,0.0,0.0134,-0.0134,0.0,0.0,0.0,0.0,u,Has joined TSV Hartberg on loan for the rest of the season,2026-08-18T14:11:18.638344Z,0.0,0.0,0.0,0.0,0.0,0.0,0,0,0,0,0,0,0,0,0,0.0,0.0,0.0,0.0,0,0,0,0,,,,0,False,584,0.0,0,115,0.0,-1,False,,0.0,0,0.0,0,0.0,0,5.0,0,0,0,0,0.0,0.0,0,4.101,3.512,4.689,0.101
2026-10-10,2026-10-10T09:24:58+00:00,2026,5,5,586309,249,Barry,Thierno,Barry,FWD,9,11,Everton,5.7,5.5,0.2,20,417,5,2,0,3,2,83,4.0,3.5,8.8,1075691,425934,12.6581,5.0122,7.646,36.5,85.8,72.0,207.0,a,,,,,4.0,0.7,4.0,4.0,6,5,0,3,0,0,0,0,0,3.5,0.15,3.65,5.02,17,1,11,5,1.0,,,0,False,40,0.1,193536,107758,7.1,2410,False,,15.5,1,30.0,2,44.5,3,5.0,3169,152,15,0,4.0,26.7,0,6.572,5.981,7.162,0.872
2026-10-10,2026-10-10T09:24:58+00:00,2026,5,5,587982,648,Bahoya,Jean-Mattéo,Bahoya,MID,13,2,Leeds,5.0,5.0,0.0,1,1,1,0,0,0,0,5,1.0,0.2,0.0,2265,1316,0.0267,0.0155,0.0112,0.1,1.0,0.3,0.0,d,Ankle injury - 75% chance of playing,2026-10-08T14:00:12.276121Z,,75.0,0.5,0.1,0.5,0.4,1,0,0,0,0,0,0,0,0,0.0,0.0,0.0,0.0,0,0,0,0,,,,0,False,600,0.0,133,348,-71.2,-10,False,,-115.5,-5,-191.8,-5,-268.1,-5,5.0,8,8,0,0,1.0,1.5,0,4.832,4.245,5.419,-0.168
2026-10-10,2026-10-10T09:24:58+00:00,2026,5,5,590014,220,Cardines,Rio,Cardines,DEF,8,31,Crystal Palace,4.5,4.5,0.0,0,0,0,0,0,0,0,0,0.0,0.0,0.0,0,129,0.0,0.0015,-0.0015,0.0,0.0,0.0,0.0,u,Has joined Bristol City on loan for the rest of the season,2026-08-12T14:08:46.501813Z,0.0,0.0,0.0,0.0,0.0,0.0,0,0,0,0,0,0,0,0,0,0.0,0.0,0.0,0.0,0,0,0,0,,,,0,False,662,0.0,0,4,0.0,0,False,,0.0,0,0.0,0,0.0,0,5.0,0,0,0,0,0.0,0.0,0,4.259,3.671,4.846,-0.241
2026-10-10,2026-10-10T09:24:58+00:00,2026,5,5,590039,409,Mukasa,Divine,Mukasa,MID,15,43,Man City,4.5,4.5,0.0,0,0,0,0,0,0,0,0,0.0,0.0,0.1,1621,12586,0.0191,0.1481,-0.129,0.0,0.0,0.0,0.0,u,has joined West Ham on loan for the rest of the seaon.,2026-09-03T10:34:10.733520Z,0.0,0.0,0.0,0.0,0.0,0.0,0,0,0,0,0,0,0,0,0,0.0,0.0,0.0,0.0,0,0,0,0,,,,0,False,438,0.0,0,1019,0.0,-23,False,,0.0,0,0.0,0,0.0,0,5.0,0,0,0,0,0.0,0.0,0,4.752,4.164,5.34,0.252
2026-10-10,2026-10-10T09:24:58+00:00,2026,5,5,591386,375,Nyoni,Trey,Nyoni,MID,14,14,Liverpool,4.8,5.0,-0.2,3,38,3,0,0,0,0,9,1.0,0.6,0.0,1415,3217,0.0167,0.0379,-0.0212,1.9,16.2,2.9,0.0,a,,,,,0.5,0.1,0.5,0.5,1,0,0,0,0,0,0,0,0,0.0,0.0,0.0,0.36,10,2,2,6,,,,0,False,515,-0.1,158,472,0.0,-3,False,,-4.4,-1,-12.7,-1,-20.9,-2,5.0,289,23,0,0,1.0,4.8,0,4.918,4.33,5.505,0.118
2026-10-10,2026-10-10T09:24:58+00:00,2026,5,5,592031,122,Minteh,Yankuba,Minteh,MID,5,36,Brighton,5.8,6.0,-0.2,0,0,0,0,0,0,0,0,0.0,0.0,0.0,354,7008,0.0042,0.0825,-0.0783,0.0,0.0,0.0,0.0,i,Leg injury - Expected back 28 Nov,2026-08-14T18:00:06.418033Z,0.0,0.0,0.0,0.0,0.0,0.0,0,0,0,0,0,0,0,0,0,0.0,0.0,0.0,0.0,0,0,0,0,,,5.0,0,False,543,-0.1,64,334,-10.0,-1,False,,-10.8,-1,-12.3,-1,-13.7,-1,5.0,0,0,0,0,0.0,0.0,0,5.3,4.711,5.888,-0.5
2026-10-10,2026-10-10T09:24:58+00:00,2026,5,5,592740,604,Cresswell,Alfie,Cresswell,MID,13,2,Leeds,4.5,4.5,0.0,0,0,0,0,0,0,0,0,0.0,0.0,0.1,14330,8324,0.1686,0.098,0.0707,0.0,0.0,0.0,0.0,a,,,,,0.0,0.0,0.0,0.0,0,0,0,0,0,0,0,0,0,0.0,0.0,0.0,0.0,0,0,0,0,,,,0,False,381,0.0,574,1296,-20.6,-17,False,,-33.7,-2,-56.2,-3,-78.8,-3,5.0,0,0,0,0,0.0,0.0,0,4.529,3.941,5.116,0.029
2026-10-10,2026-10-10T09:24:58+00:00,2026,5,5,592984,639,Andrés,José María,Andrés Baixauli,MID,5,36,Brighton,5.5,5.5,0.0,12,109,2,1,1,1,0,37,6.0,2.2,0.1,6818,1061,0.0802,0.0125,0.0677,10.9,52.2,17.9,39.0,a,,,,,6.0,1.1,6.0,6.0,8,1,0,0,0,0,0,0,0,0.52,0.12,0.64,1.7,13,1,8,4,,,,0,False,473,0.0,5574,593,2.9,159,False,,4.4,1,7.0,1,9.6,1,5.0,828,91,8,8,6.0,16.6,0,6.391,5.801,6.981,0.891
2026-10-10,2026-10-10T09:24:58+00:00,2026,5,5,593117,164,Quenda,Geovany,Quenda,MID,6,8,Chelsea,5.3,5.5,-0.2,2,27,2,0,0,0,0,5,1.0,0.4,0.0,937,3498,0.011,0.0412,-0.0301,1.2,1.6,2.1,8.0,a,,2026-07-24T20:30:10.609931Z,100.0,100.0,0.5,0.1,0.5,0.5,1,0,0,2,0,0,0,0,0,0.03,0.01,0.04,1.29,1,0,0,1,,,,0,False,533,0.0,105,278,-38.7,-6,False,,-55.7,-3,-85.1,-3,-114.4,-5,5.0,205,15,0,0,1.0,2.9,0,5.154,4.566,5.741,-0.146
2026-10-10,2026-10-10T09:24:58+00:00,2026,5,5,593174,107,Furo,Kaye,Furo,FWD,4,94,Brentford,4.5,4.5,0.0,0,0,0,0,0,0,0,0,0.0,0.0,0.8,62448,73199,0.7349,0.8614,-0.1265,0.0,0.0,0.0,0.0,i,Unspecified injury - Unknown return date,2026-09-14T14:00:09.985723Z,0.0,0.0,0.0,0.0,0.0,0.0,0,0,0,0,0,0,0,0,0,0.0,0.0,0.0,0.0,0,0,0,0,,,,0,False,200,0.0,1375,16037,-17.8,-222,False,,-27.4,-2,-44.0,-3,-60.6,-3,5.0,0,0,0,0,0.0,0.0,0,4.488,3.898,5.077,-0.012
2026-10-10,2026-10-10T09:24:58+00:00,2026,5,5,595480,653,Samba,Floyd,Samba,MID,15,43,Man City,4.5,4.5,0.0,0,0,0,0,0,0,0,0,0.0,0.0,0.0,3965,2298,0.0467,0.027,0.0196,0.0,0.0,0.0,0.0,a,,,,,0.0,0.0,0.0,0.0,0,0,0,0,0,0,0,0,0,0.0,0.0,0.0,0.0,0,0,0,0,,,,0,False,524,0.0,316,615,-52.9,1,False,,-51.5,-3,-49.1,-3,-46.6,-3,5.0,0,0,0,0,0.0,0.0,0,4.751,4.163,5.339,0.251
2026-10-10,2026-10-10T09:24:58+00:00,2026,5,5,596047,441,Obi,Chido,Obi,FWD,16,1,Man Utd,4.5,4.5,0.0,0,0,0,0,0,0,0,0,0.0,0.0,0.9,45543,79256,0.5359,0.9326,-0.3967,0.0,0.0,0.0,0.0,u,Has joined Willem II on loan for the rest of the season,2026-09-14T16:12:42.090874Z,0.0,0.0,0.0,0.0,0.0,0.0,0,0,0,0,0,0,0,0,0,0.0,0.0,0.0,0.0,0,0,0,0,,,,0,False,190,0.0,0,16314,0.0,-211,False,,0.0,0,0.0,0,0.0,0,5.0,0,0,0,0,0.0,0.0,0,4.64,4.051,5.229,0.14
2026-10-10,2026-10-10T09:24:58+00:00,2026,5,5,596777,415,Dorgu,Patrick,Dorgu,MID,16,1,Man Utd,5.8,6.0,-0.2,10,171,5,0,1,0,0,27,2.0,1.7,0.5,14053,103934,0.1654,1.223,-1.0577,15.6,49.2,44.1,72.0,i,Hamstring injury - Expected back 25 Oct,2026-09-27T21:30:07.831640Z,,0.0,4.0,0.7,4.0,0.0,4,2,0,6,0,0,0,1,0,0.78,0.09,0.87,3.38,20,8,4,8,,,,0,False,257,0.0,1083,10397,-74.4,-359,False,,-102.2,-5,-150.3,-5,-198.3,-5,5.0,1300,76,0,8,2.0,13.1,0,5.877,5.289,6.466,0.077
2026-10-10,2026-10-10T09:24:58+00:00,2026,5,5,597320,132,Howell,Harry,Howell,MID,5,36,Brighton,4.5,4.5,0.0,0,0,0,0,0,0,0,0,0.0,0.0,0.0,0,3849,0.0,0.0453,-0.0453,0.0,0.0,0.0,0.0,u,Has joined Leicester City on loan for the rest of the season,2026-08-17T13:53:19.019938Z,0.0,0.0,0.0,0.0,0.0,0.0,0,0,0,0,0,0,0,0,0,0.0,0.0,0.0,0.0,0,0,0,0,,,,0,False,550,0.0,0,371,0.0,-8,False,,0.0,0,0.0,0,0.0,0,5.0,0,0,0,0,0.0,0.0,0,4.526,3.939,5.114,0.026
2026-10-10,2026-10-10T09:24:58+00:00,2026,5,5,597462,585,Herrington,Lucas,Herrington,DEF,11,88,Hull City,4.0,4.0,0.0,5,197,5,0,0,0,0,19,1.0,1.2,0.6,13452,19977,0.1583,0.2351,-0.0768,7.7,42.8,23.1,11.0,a,,,,,1.0,0.2,1.0,1.0,1,1,0,3,0,0,0,0,0,0.02,0.04,0.06,3.36,16,2,6,14,,,,0,False,238,0.0,1653,3090,-33.7,-19,False,,-37.1,-2,-42.8,-3,-48.5,-3,5.0,1497,38,0,0,1.0,9.5,0,4.047,3.46,4.634,0.047
2026-10-10,2026-10-10T09:24:58+00:00,2026,5,5,599303,466,Neave,Sean,Neave,FWD,17,4,Newcastle,4.5,4.5,0.0,0,0,0,0,0,0,0,0,0.0,0.0,0.5,23805,55152,0.2801,0.649,-0.3689,0.0,0.0,0.0,0.0,u,Has joined Wolves on loan for the rest of the season,2026-09-04T12:37:43.515176Z,0.0,0.0,0.0,0.0,0.0,0.0,0,0,0,0,0,0,0,0,0,0.0,0.0,0.0,0.0,0,0,0,0,,,,0,False,254,0.0,0,6530,0.0,-83,False,,0.0,0,0.0,0,0.0,0,5.0,0,0,0,0,0.0,0.0,0,4.542,3.954,5.131,0.042
2026-10-10,2026-10-10T09:24:58+00:00,2026,5,5,601767,664,Salia,Vakhtang,Salia,FWD,17,4,Newcastle,4.5,4.5,0.0,0,0,0,0,0,0,0,0,0.0,0.0,0.2,17438,3129,0.2052,0.0368,0.1684,0.0,0.0,0.0,0.0,a,,,,,0.0,0.0,1.0,1.0,0,0,0,0,0,0,0,0,0,0.0,0.0,0.0,0.0,0,0,0,0,,,,0,False,324,0.0,17438,3129,2.3,274,False,,4.9,1,9.3,1,13.8,1,5.0,0,0,0,0,0.0,0.0,0,4.537,3.949,5.126,0.037
2026-10-10,2026-10-10T09:24:58+00:00,2026,5,5,605972,633,Ahanor,Honest,Ahanor,DEF,8,31,Crystal Palace,4.5,4.5,0.0,3,90,1,0,0,0,0,10,3.0,0.7,0.0,2016,651,0.0237,0.0077,0.0161,4.1,24.6,11.9,4.0,a,,,,,1.5,0.3,1.5,1.5,0,1,0,3,0,0,0,0,0,0.0,0.01,0.01,1.68,11,2,4,9,,,,0,False,586,0.0,241,199,0.1,-2,False,,0.1,1,0.1,1,0.0,0,5.0,684,23,0,0,3.0,5.1,0,4.402,3.815,4.99,-0.098
2026-10-10,2026-10-10T09:24:58+00:00,2026,5,5,606702,362,Jacquet,Jeremy,Jacquet,DEF,14,14,Liverpool,5.0,5.0,0.0,24,415,5,0,0,3,3,112,4.8,4.8,3.5,261548,149877,3.0778,1.7637,1.3141,15.5,106.2,44.5,4.0,a,,2026-10-06T00:30:10.323830Z,100.0,100.0,7.5,1.5,7.5,7.5,6,5,0,4,0,0,0,1,0,0.0,0.14,0.14,5.51,36,11,21,25,,,,0,False,98,0.0,63666,39844,61.1,666,False,,67.4,3,78.3,3,89.2,3,5.0,3154,182,0,0,4.8,36.5,0,5.241,4.649,5.833,0.241
2026-10-10,2026-10-10T09:24:58+00:00,2026,5,5,606745,421,Heaven,Ayden,Heaven,DEF,16,1,Man Utd,4.3,4.5,-0.2,1,90,1,0,0,0,0,5,1.0,0.2,0.3,6202,25133,0.073,0.2958,-0.2228,2.0,6.8,2.6,11.0,a,,,,,0.0,0.0,0.0,0.0,0,1,0,2,0,0,0,0,0,0.12,0.04,0.16,1.01,2,1,4,1,,,,0,False,307,-0.1,432,2547,-6.6,-24,False,,-12.1,-1,-21.6,-2,-31.2,-2,5.0,684,8,0,0,1.0,1.8,0,4.308,3.721,4.896,0.008
2026-10-10,2026-10-10T09:24:58+00:00,2026,5,5,606798,38,A.García,Andrés,García,DEF,2,7,Aston Villa,4.0,4.0,0.0,0,0,0,0,0,0,0,0,0.0,0.0,1.5,46350,72862,0.5454,0.8574,-0.312,0.0,0.0,0.0,0.0,a,,,,,0.0,0.0,0.0,0.0,0,0,0,0,0,0,0,0,0,0.0,0.0,0.0,0.0,0,0,0,0,,,,0,False,147,0.0,2904,10962,-44.7,-92,False,,-50.8,-3,-61.4,-3,-72.0,-3,5.0,0,0,0,0,0.0,0.0,0,4.01,3.422,4.598,0.01
2026-10-10,2026-10-10T09:24:58+00:00,2026,5,5,606921,216,Esse,Romain,Esse,MID,8,31,Crystal Palace,5.0,5.0,0.0,0,0,0,0,0,0,0,0,0.0,0.0,0.0,399,3330,0.0047,0.0392,-0.0345,0.0,0.0,0.0,0.0,u,Has joined Millwall on loan for the rest of the season,2026-09-02T15:41:07.376544Z,0.0,0.0,0.0,0.0,0.0,0.0,0,0,0,0,0,0,0,0,0,0.0,0.0,0.0,0.0,0,0,0,0,,,,0,False,590,0.0,0,219,0.0,-9,False,,0.0,0,0.0,0,0.0,0,5.0,0,0,0,0,0.0,0.0,0,4.788,4.2,5.375,-0.212
2026-10-10,2026-10-10T09:24:58+00:00,2026,5,5,606930,586,Mendy,Nobel,Mendy,DEF,11,88,Hull City,4.1,3.9999999999999996,0.1,25,249,4,1,0,2,1,69,6.2,6.1,6.2,695088,373139,8.1794,4.3909,3.7885,16.4,108.2,1.4,54.0,a,,2026-09-12T18:00:09.334142Z,0.0,100.0,0.5,0.1,0.0,0.5,0,4,0,1,0,0,0,0,0,0.32,0.0,0.32,4.02,39,7,6,32,,,,1,False,61,0.0,18796,48156,-3.0,-69,False,,-4.1,-1,-5.9,-1,-7.8,-1,5.0,1892,190,8,0,6.2,38.7,1,5.405,4.809,6.0,1.305
2026-10-10,2026-10-10T09:24:58+00:00,2026,5,5,607464,88,Kayode,Michael,Kayode,DEF,4,94,Brentford,4.6,4.5,0.1,23,294,5,1,0,2,1,72,4.6,5.0,7.6,620727,392202,7.3044,4.6152,2.6892,15.3,63.8,32.9,56.0,a,,,,,3.5,0.8,3.5,3.5,6,4,0,1,0,0,0,0,0,0.55,0.43,0.98,3.24,16,2,14,14,,,,1,False,50,0.0,38029,45968,-36.6,260,False,,-33.2,-2,-27.4,-2,-21.6,-2,5.0,2234,175,8,0,4.6,38.0,0,5.535,4.941,6.13,0.935
2026-10-10,2026-10-10T09:24:58+00:00,2026,5,5,608181,137,Tzimas,Stefanos,Tzimas,FWD,5,36,Brighton,5.4,5.5,-0.1,0,0,0,0,0,0,0,0,0.0,0.0,0.0,354,786,0.0042,0.0092,-0.0051,0.0,0.0,0.0,0.0,i,Knee injury - Unknown return date,2026-07-23T12:01:23.432796Z,0.0,0.0,0.0,0.0,0.0,0.0,0,0,0,0,0,0,0,0,0,0.0,0.0,0.0,0.0,0,0,0,0,,,,0,False,627,0.0,57,88,-10.0,-4,False,,-32.2,-2,-70.6,-3,-108.9,-5,5.0,0,0,0,0,0.0,0.0,0,5.041,4.452,5.629,-0.359
2026-10-10,2026-10-10T09:24:58+00:00,2026,5,5,608227,576,Stroud,Elliot,Stroud,MID,11,88,Hull City,5.0,5.0,0.0,7,249,4,0,0,2,0,17,1.8,1.4,0.1,3757,5124,0.0442,0.0603,-0.0161,3.8,8.4,22.7,12.0,a,,,,,0.5,0.1,0.5,0.5,0,4,0,1,0,0,0,1,0,0.06,0.05,0.11,4.32,20,5,12,3,,,,0,False,448,0.0,235,901,-79.5,-15,False,,-98.8,-4,-132.0,-5,-165.3,-5,5.0,1892,53,0,0,1.8,10.6,0,4.847,4.26,5.434,-0.153
2026-10-10,2026-10-10T09:24:58+00:00,2026,5,5,609873,244,Armstrong,Harrison,Armstrong,MID,9,11,Everton,5.0,5.0,0.0,16,446,5,0,1,3,0,61,3.2,3.2,0.4,54576,34767,0.6422,0.4091,0.2331,14.7,62.6,64.5,19.0,a,,2026-09-17T08:30:08.942299Z,75.0,100.0,2.5,0.5,1.9,2.5,2,5,0,3,0,0,0,2,0,0.21,0.49,0.7,6.94,40,8,19,13,,,,0,False,277,0.0,1516,5413,9.7,-93,False,,8.8,1,7.3,1,5.8,1,5.0,3390,122,0,8,3.2,24.3,0,5.381,4.793,5.97,0.381
2026-10-10,2026-10-10T09:24:58+00:00,2026,5,5,610799,504,Vuskovic,Luka,Vušković,DEF,5,36,Brighton,5.0,5.0,0.0,32,437,5,1,0,3,2,98,6.4,6.4,4.2,336382,161275,3.9584,1.8978,2.0606,21.8,128.2,18.0,72.0,a,,,,,7.0,1.4,7.0,7.0,8,5,0,5,0,0,0,0,0,0.46,0.07,0.53,8.45,43,6,17,37,,,,1,False,82,0.0,133282,36463,76.3,1828,False,,93.6,3,123.4,5,153.2,5,5.0,3321,243,8,0,6.4,38.7,1,5.688,5.086,6.29,0.688
2026-10-10,2026-10-10T09:24:58+00:00,2026,5,5,611665,461,Touré,Bazoumana,Touré,MID,17,4,Newcastle,5.8,6.0,-0.2,8,50,3,1,0,0,0,29,2.7,1.4,0.1,4045,17231,0.0476,0.2028,-0.1552,6.4,37.6,5.3,21.0,a,,,,,3.5,0.6,3.5,3.5,1,0,0,1,0,0,0,0,0,0.28,0.01,0.29,0.76,4,0,3,1,,,,0,False,386,0.0,662,1624,-27.1,-24,False,,-46.1,-3,-78.9,-3,-111.7,-5,5.0,380,61,8,0,2.7,10.5,0,6.055,5.467,6.644,0.255
2026-10-10,2026-10-10T09:24:58+00:00,2026,5,5,611695,605,Yalcouyé,Malick,Yalcouyé,MID,5,36,Brighton,4.5,4.5,0.0,20,236,5,2,0,1,1,96,4.0,4.4,3.9,581691,202293,6.845,2.3805,4.4645,29.1,109.2,70.3,111.0,a,,,,,4.5,1.0,4.5,4.5,1,3,0,4,0,0,0,0,0,1.46,0.45,1.91,6.57,19,6,7,6,,,,0,False,88,0.0,52802,64339,54.7,-691,False,,48.2,3,36.9,2,25.7,2,5.0,1794,152,15,0,4.0,33.8,0,6.131,5.536,6.726,1.631
2026-10-10,2026-10-10T09:24:58+00:00,2026,5,5,611917,601,Williams-Barnett,Luca,Williams-Barnett,MID,19,6,Spurs,4.5,4.5,0.0,0,0,0,0,0,0,0,0,0.0,0.0,0.1,10371,7330,0.122,0.0863,0.0358,0.0,0.0,0.0,0.0,a,,,,,0.0,0.0,0.0,0.0,0,0,0,0,0,0,0,0,0,0.0,0.0,0.0,0.0,0,0,0,0,,,,0,False,390,0.0,289,1047,-66.2,-12,False,,-76.3,-3,-93.7,-3,-111.2,-5,5.0,0,0,0,0,0.0,0.0,0,4.596,4.009,5.184,0.096
2026-10-10,2026-10-10T09:24:58+00:00,2026,5,5,611922,369,Ngumoha,Rio,Ngumoha,MID,14,14,Liverpool,5.7,6.0,-0.3,4,99,3,0,0,0,0,13,1.3,0.7,0.4,15377,92227,0.1809,1.0853,-0.9043,2.1,4.4,8.1,11.0,a,,,,,0.5,0.1,0.5,0.5,0,1,0,2,0,0,0,0,0,0.15,0.05,0.2,0.68,4,1,2,1,,,,0,False,262,-0.1,1599,7201,-39.1,-127,False,,-55.8,-3,-84.6,-3,-113.5,-5,5.0,752,30,0,0,1.3,5.3,0,5.419,4.831,6.006,-0.281
2026-10-10,2026-10-10T09:24:58+00:00,2026,5,5,612534,660,Fredrick,Benjamin,Fredrick,DEF,4,94,Brentford,4.0,4.0,0.0,0,0,0,0,0,0,0,0,0.0,0.0,0.0,799,105,0.0094,0.0012,0.0082,0.0,0.0,0.0,0.0,a,,,,,0.0,0.0,1.1,1.1,0,0,0,0,0,0,0,0,0,0.0,0.0,0.0,0.0,0,0,0,0,,,,0,False,605,0.0,799,105,0.1,20,False,,0.3,1,0.6,1,0.9,1,5.0,0,0,0,0,0.0,0.0,0,3.962,3.374,4.551,-0.038
2026-10-10,2026-10-10T09:24:58+00:00,2026,5,5,612855,600,Osman,Ibrahim,Osman,MID,5,36,Brighton,5.0,5.0,0.0,3,40,3,0,0,0,0,15,1.0,0.6,0.0,990,1164,0.0116,0.0137,-0.002,4.2,7.2,17.8,19.0,a,,,,,0.5,0.1,0.5,0.5,0,0,0,1,0,0,0,0,0,0.05,0.07,0.12,0.32,4,1,3,0,,,,0,False,581,0.0,159,197,-82.2,0,False,,-82.2,-3,-82.2,-3,-82.2,-3,5.0,304,23,0,0,1.0,4.6,0,4.854,4.267,5.442,-0.146
2026-10-10,2026-10-10T09:24:58+00:00,2026,5,5,613221,634,Fernandez-Pardo,Matias,Fernandez-Pardo,FWD,17,4,Newcastle,6.0,6.0,0.0,4,157,3,0,0,0,0,16,1.3,0.7,0.1,19788,7564,0.2329,0.089,0.1438,3.1,3.4,12.5,15.0,a,,,,,1.5,0.2,1.5,1.5,2,2,0,4,0,0,0,0,0,0.05,0.01,0.06,2.94,5,2,3,0,,,,0,False,374,0.0,4717,2664,1.6,70,False,,2.3,1,3.4,1,4.5,1,5.0,1193,30,0,0,1.3,5.1,0,5.367,4.778,5.955,-0.633
2026-10-10,2026-10-10T09:24:58+00:00,2026,5,5,613804,620,Diouf,El Hadji Malick,Diouf,DEF,4,94,Brentford,4.5,4.5,0.0,2,39,2,0,0,0,0,7,1.0,0.4,0.1,14168,7816,0.1667,0.092,0.0747,0.7,5.6,1.3,0.0,a,,,,,1.0,0.2,1.0,1.0,1,0,0,0,0,0,0,0,0,0.0,0.01,0.01,0.63,2,0,1,2,,,,0,False,427,0.0,1007,1154,-34.8,4,False,,-30.4,-2,-22.9,-2,-15.4,-1,5.0,296,15,0,0,1.0,3.4,0,4.269,3.68,4.857,-0.231
2026-10-10,2026-10-10T09:24:58+00:00,2026,5,5,614071,53,Manzambi,Johan,Manzambi,MID,2,7,Aston Villa,5.9,6.0,-0.1,14,98,2,1,1,1,2,48,7.0,2.4,0.8,69836,25364,0.8218,0.2985,0.5233,15.6,65.8,29.8,60.0,a,,2026-08-15T15:30:06.388335Z,100.0,100.0,7.0,1.2,7.0,7.0,13,1,0,1,0,0,0,0,0,0.44,0.24,0.68,1.54,9,2,5,2,,,,1,False,206,0.0,66850,8745,23.3,1648,False,,38.9,2,65.8,3,92.6,3,5.0,745,106,8,8,7.0,18.0,0,6.714,6.123,7.305,0.814
2026-10-10,2026-10-10T09:24:58+00:00,2026,5,5,614574,76,Tóth.A,Alex,Tóth,MID,3,91,Bournemouth,4.9,5.0,-0.1,2,17,2,0,0,0,0,8,1.0,0.4,0.0,405,825,0.0048,0.0097,-0.0049,0.3,3.0,0.7,0.0,a,,,,,0.5,0.1,0.5,0.5,1,0,0,2,0,0,0,0,0,0.0,0.0,0.0,0.56,2,1,1,0,,,,0,False,594,0.0,48,96,-20.0,0,False,,-20.0,-2,-20.0,-2,-20.0,-2,5.0,129,15,0,0,1.0,3.1,0,4.824,4.236,5.413,-0.076
2026-10-10,2026-10-10T09:24:58+00:00,2026,5,5,616069,626,Zepa,Macaulay,Zepa,MID,10,54,Fulham,4.4,4.5,-0.1,0,0,0,0,0,0,0,0,0.0,0.0,0.3,38945,19932,0.4583,0.2345,0.2237,0.0,0.0,0.0,0.0,a,,,,,0.0,0.0,0.0,0.0,0,0,0,0,0,0,0,0,0,0.0,0.0,0.0,0.0,0,0,0,0,,,,0,False,280,-0.1,4778,3718,1.0,116,False,,2.1,1,4.0,1,5.9,1,5.0,0,0,0,0,0.0,0.0,0,4.507,3.92,5.094,0.107
2026-10-10,2026-10-10T09:24:58+00:00,2026,5,5,616077,20,Dowman,Max,Dowman,MID,1,3,Arsenal,5.3,5.5,-0.2,1,9,1,0,0,0,0,4,1.0,0.2,0.1,3187,7656,0.0375,0.0901,-0.0526,1.7,2.0,14.8,0.0,a,,2026-10-05T19:00:10.141532Z,,100.0,0.5,0.1,0.5,0.5,1,0,0,0,0,0,0,0,0,0.0,0.08,0.08,0.31,0,0,0,0,,,,0,False,465,0.0,599,937,-45.9,0,False,,-45.9,-3,-45.9,-3,-45.9,-3,5.0,68,8,0,0,1.0,1.4,0,5.13,4.543,5.718,-0.17
2026-10-10,2026-10-10T09:24:58+00:00,2026,5,5,616221,511,Souza,João Victor,de Souza Menezes,DEF,19,6,Spurs,4.0,4.0,0.0,0,0,0,0,0,0,0,0,0.0,0.0,0.2,2555,17644,0.0301,0.2076,-0.1776,0.0,0.0,0.0,0.0,u,Has joined FC Porto on loan for the rest of the season,2026-09-01T13:24:26.858636Z,0.0,0.0,0.0,0.0,0.0,0.0,0,0,0,0,0,0,0,0,0,0.0,0.0,0.0,0.0,0,0,0,0,,,,0,False,370,0.0,0,1658,0.0,-29,False,,0.0,0,0.0,0,0.0,0,5.0,0,0,0,0,0.0,0.0,0,4.076,3.488,4.664,0.076
2026-10-10,2026-10-10T09:24:58+00:00,2026,5,5,616222,396,Vitor Reis,Vitor,de Oliveira Nunes dos Reis,DEF,15,43,Man City,4.5,4.5,0.0,1,1,1,0,0,0,0,3,1.0,0.2,0.0,582,1244,0.0068,0.0146,-0.0078,0.2,1.2,0.9,0.0,a,,,,,0.0,0.0,0.0,0.0,0,0,0,0,0,0,0,0,0,0.0,0.0,0.0,0.0,0,0,0,0,,,,0,False,528,0.0,102,221,-95.2,0,False,,-95.2,-4,-95.2,-4,-95.2,-4,5.0,8,8,0,0,1.0,1.7,0,4.531,3.943,5.12,0.031
2026-10-10,2026-10-10T09:24:58+00:00,2026,5,5,616288,621,McAidoo,Ryan,McAidoo,MID,15,43,Man City,4.4,4.5,-0.1,2,11,2,0,0,0,0,8,1.0,0.5,0.1,12038,7553,0.1417,0.0889,0.0528,0.8,5.2,0.5,3.0,a,,,,,0.0,0.0,0.0,0.0,0,0,0,0,0,0,0,0,0,0.1,0.0,0.1,0.02,4,2,2,0,,,,0,False,404,-0.1,869,1530,0.1,7,False,,0.1,1,0.2,1,0.3,1,5.0,84,15,0,0,1.0,3.5,0,4.788,4.2,5.376,0.388
2026-10-10,2026-10-10T09:24:58+00:00,2026,5,5,620109,152,Palestra,Marco,Palestra,DEF,6,8,Chelsea,5.3,5.5,-0.2,0,0,0,0,0,0,0,0,0.0,0.0,0.6,8022,224487,0.0944,2.6416,-2.5472,0.0,0.0,0.0,0.0,a,,2026-08-24T18:30:07.421239Z,50.0,100.0,0.0,0.0,0.0,0.0,0,0,0,0,0,0,0,0,0,0.0,0.0,0.0,0.0,0,0,0,0,,,,0,False,236,0.0,1562,7946,-1.1,-26,False,,-5.5,-1,-13.2,-1,-20.8,-2,5.0,0,0,0,0,0.0,0.0,0,4.875,4.287,5.463,-0.425
2026-10-10,2026-10-10T09:24:58+00:00,2026,5,5,620487,63,Milosavljević,Veljko,Milosavljevic,DEF,3,91,Bournemouth,4.9,5.0,-0.1,0,0,0,0,0,0,0,0,0.0,0.0,0.0,380,905,0.0045,0.0106,-0.0062,0.0,0.0,0.0,0.0,i,Thigh injury - Unknown return date,2026-08-06T10:00:10.456051Z,0.0,0.0,0.0,0.0,0.0,0.0,0,0,0,0,0,0,0,0,0,0.0,0.0,0.0,0.0,0,0,0,0,,,,0,False,623,0.0,74,108,-7.1,-5,False,,-32.6,-2,-76.7,-3,-120.7,-5,5.0,0,0,0,0,0.0,0.0,0,4.523,3.935,5.112,-0.377
2026-10-10,2026-10-10T09:24:58+00:00,2026,5,5,622758,561,Anselmino,Aaron,Anselmino,DEF,6,8,Chelsea,4.5,4.5,0.0,0,0,0,0,0,0,0,0,0.0,0.0,0.0,867,1294,0.0102,0.0152,-0.005,0.0,0.0,0.0,0.0,a,,2026-08-23T19:00:08.536705Z,100.0,100.0,0.0,0.0,0.0,0.0,0,0,0,0,0,0,0,0,0,0.0,0.0,0.0,0.0,0,0,0,0,,,,0,False,570,0.0,110,146,0.0,5,False,,0.1,1,0.1,1,0.2,1,5.0,0,0,0,0,0.0,0.0,0,4.373,3.785,4.96,-0.127
2026-10-10,2026-10-10T09:24:58+00:00,2026,5,5,624773,157,Estêvão,Estêvão,Almeida de Oliveira Gonçalves,MID,6,8,Chelsea,6.3,6.5,-0.2,4,23,4,0,0,0,0,17,1.0,0.6,0.7,19546,88916,0.23,1.0463,-0.8163,5.0,8.6,1.6,38.0,a,,,,,1.0,0.2,1.0,1.0,1,0,0,1,0,0,0,0,0,0.07,0.07,0.14,1.01,2,1,1,0,2.0,,5.0,0,False,218,0.0,3632,6181,-32.7,-16,False,,-35.1,-2,-39.2,-2,-43.2,-3,5.0,175,30,0,0,1.0,4.8,0,5.762,5.173,6.35,-0.538
2026-10-10,2026-10-10T09:24:58+00:00,2026,5,5,624777,628,Allan,Allan,Andrade Elias,MID,15,43,Man City,6.0,6.0,0.0,0,0,0,0,0,0,0,0,0.0,0.0,0.0,1272,749,0.015,0.0088,0.0062,0.0,0.0,0.0,0.0,a,,,,,0.0,0.0,0.0,0.0,0,0,0,0,0,0,0,0,0,0.0,0.0,0.0,0.0,0,0,0,0,,,,0,False,604,0.0,309,228,0.1,-2,False,,0.1,1,0.1,1,0.0,0,5.0,0,0,0,0,0.0,0.0,0,5.596,5.007,6.185,-0.404
2026-10-10,2026-10-10T09:24:58+00:00,2026,5,5,626464,657,Nunes,Gustavo,Nunes Fernandes Gomes,MID,4,94,Brentford,4.5,4.5,0.0,0,0,0,0,0,0,0,0,0.0,0.0,0.0,2278,744,0.0268,0.0088,0.0181,0.0,0.0,0.0,0.0,a,,,,,0.0,0.0,0.0,0.0,0,0,0,0,0,0,0,0,0,0.0,0.0,0.0,0.0,0,0,0,0,,,,0,False,553,0.0,536,351,0.0,3,False,,0.1,1,0.1,1,0.2,1,5.0,0,0,0,0,0.0,0.0,0,4.484,3.896,5.073,-0.016
2026-10-10,2026-10-10T09:24:58+00:00,2026,5,5,626751,632,Ansah,Ilyas,Ansah,FWD,11,88,Hull City,5.0,5.0,0.0,0,0,0,0,0,0,0,0,0.0,0.0,0.0,5149,3710,0.0606,0.0437,0.0169,0.0,0.0,0.0,0.0,i,Back injury - Unknown return date,2026-09-09T10:00:08.919489Z,0.0,0.0,0.0,0.0,0.0,0.0,0,0,0,0,0,0,0,0,0,0.0,0.0,0.0,0.0,0,0,0,0,,,,0,False,556,0.0,102,630,-92.3,-8,False,,-103.5,-5,-122.8,-5,-142.2,-5,5.0,0,0,0,0,0.0,0.0,0,4.792,4.204,5.38,-0.208
2026-10-10,2026-10-10T09:24:58+00:00,2026,5,5,627221,599,Cherif,Sidiki,Cherif,FWD,7,9,Coventry City,5.0,5.0,0.0,1,30,1,0,0,0,0,3,1.0,0.2,0.1,7891,8162,0.0929,0.096,-0.0032,0.1,1.0,0.2,0.0,a,,,,,0.5,0.1,0.5,0.5,0,0,0,3,0,0,0,0,0,0.0,0.0,0.0,1.43,1,0,0,1,,,,0,False,416,0.0,964,1323,-10.6,-3,False,,-14.0,-1,-19.8,-1,-25.6,-2,5.0,228,8,0,0,1.0,1.5,0,4.803,4.215,5.39,-0.197
2026-10-10,2026-10-10T09:24:58+00:00,2026,5,5,629068,654,Graham,Braiden,Graham,MID,9,11,Everton,4.5,4.5,0.0,0,0,0,0,0,0,0,0,0.0,0.0,0.1,11397,5658,0.1341,0.0666,0.0675,0.0,0.0,0.0,0.0,a,,,,,0.0,0.0,0.0,0.0,0,0,0,0,0,0,0,0,0,0.0,0.0,0.0,0.0,0,0,0,0,,,,0,False,418,0.0,351,1353,-52.8,-6,False,,-58.8,-3,-69.3,-3,-79.8,-3,5.0,0,0,0,0,0.0,0.0,0,4.576,3.988,5.164,0.076
2026-10-10,2026-10-10T09:24:58+00:00,2026,5,5,629397,192,Andrews,Kai,Andrews,MID,7,9,Coventry City,4.5,4.5,0.0,0,0,0,0,0,0,0,0,0.0,0.0,0.2,2718,43690,0.032,0.5141,-0.4821,0.0,0.0,0.0,0.0,u,Has joined Oxford United on loan for the rest of the season,2026-08-29T00:35:59.998520Z,0.0,0.0,0.0,0.0,0.0,0.0,0,0,0,0,0,0,0,0,0,0.0,0.0,0.0,0.0,0,0,0,0,,,,0,False,308,0.0,0,4585,0.0,-112,False,,0.0,0,0.0,0,0.0,0,5.0,0,0,0,0,0.0,0.0,0,4.53,3.943,5.117,0.03
2026-10-10,2026-10-10T09:24:58+00:00,2026,5,5,631000,637,Vaz,Robinio,Vaz,FWD,11,88,Hull City,5.0,5.0,0.0,2,20,2,0,0,0,0,8,1.0,0.4,0.1,13482,4605,0.1586,0.0542,0.1045,1.6,2.4,11.7,2.0,a,,,,,1.0,0.2,1.0,1.0,1,0,0,0,0,0,0,0,0,0.0,0.01,0.01,0.31,2,0,2,0,,,,0,False,399,0.0,2977,1784,1.5,6,False,,1.6,1,1.7,1,1.8,1,5.0,152,15,0,0,1.0,3.0,0,4.836,4.248,5.423,-0.164
2026-10-10,2026-10-10T09:24:58+00:00,2026,5,5,631786,272,Kusi-Asare,Jonah,Kusi-Asare,FWD,10,54,Fulham,4.5,4.5,0.0,0,0,0,0,0,0,0,0,0.0,0.0,5.2,171801,337182,2.0217,3.9678,-1.9461,0.0,0.0,0.0,0.0,a,,,,,0.0,0.0,0.0,0.0,0,0,0,0,0,0,0,0,0,0.0,0.0,0.0,0.0,0,0,0,0,,,,0,False,74,0.0,22330,69377,-84.7,-636,False,,-96.8,-4,-117.7,-5,-138.7,-5,5.0,0,0,0,0,0.0,0.0,0,4.604,4.016,5.192,0.104
2026-10-10,2026-10-10T09:24:58+00:00,2026,5,5,632794,559,Bamba,Aladji,Bamba,MID,17,4,Newcastle,4.9,5.0,-0.1,3,27,3,0,0,0,0,12,1.0,0.6,0.1,2651,7968,0.0312,0.0938,-0.0626,1.2,11.6,0.4,0.0,a,,,,,1.0,0.2,1.0,1.0,1,0,0,1,0,0,0,0,0,0.0,0.0,0.0,1.29,8,3,2,3,,,,0,False,426,0.0,211,884,-92.8,-11,False,,-104.9,-5,-125.8,-5,-146.7,-5,5.0,205,23,0,0,1.0,4.7,0,4.857,4.269,5.444,-0.043
2026-10-10,2026-10-10T09:24:58+00:00,2026,5,5,636846,662,Nicoll-Jazuli,Mahdi,Nicoll-Jazuli,MID,6,8,Chelsea,4.5,4.5,0.0,1,3,1,0,0,0,0,5,1.0,0.2,0.0,475,113,0.0056,0.0013,0.0043,0.6,4.6,1.7,0.0,a,,,,,1.0,0.2,1.1,1.1,1,0,0,1,0,0,0,0,0,0.0,0.0,0.0,0.43,2,2,0,0,,,,0,False,620,0.0,475,113,0.0,4,False,,0.1,1,0.1,1,0.2,1,5.0,23,8,0,0,1.0,1.7,0,4.661,4.073,5.249,0.161
2026-10-10,2026-10-10T09:24:58+00:00,2026,5,5,636852,462,Steur,Sean,Steur,MID,17,4,Newcastle,4.9,5.0,-0.1,8,223,5,0,0,1,0,42,1.6,1.6,0.1,2650,6591,0.0312,0.0776,-0.0464,8.8,35.4,52.2,0.0,a,,,,,2.5,0.5,2.5,2.5,3,2,0,5,0,0,0,0,0,0.0,0.06,0.06,4.23,21,4,8,9,,,,0,False,462,0.0,494,794,-64.3,-5,False,,-70.8,-3,-81.9,-3,-93.1,-3,5.0,1695,61,0,0,1.6,12.4,0,4.874,4.286,5.461,-0.026
2026-10-10,2026-10-10T09:24:58+00:00,2026,5,5,637238,616,Bouaddi,Ayyoub,Bouaddi,MID,15,43,Man City,5.5,5.5,0.0,2,22,2,0,0,0,0,8,1.0,0.4,0.2,21358,14381,0.2513,0.1692,0.0821,1.8,13.0,4.8,0.0,a,,,,,0.0,0.0,0.0,0.0,0,0,0,0,0,0,0,0,0,0.0,0.12,0.12,0.37,6,0,3,3,,,,0,False,354,0.0,1159,2942,-53.6,-40,False,,-77.0,-3,-117.3,-5,-157.7,-5,5.0,167,15,0,0,1.0,2.8,0,5.346,4.758,5.934,-0.154
2026-10-10,2026-10-10T09:24:58+00:00,2026,5,5,638411,612,Methalie,Dayann,Méthalie,DEF,20,56,Sunderland,4.5,4.5,0.0,-1,90,1,0,0,0,0,-8,-1.0,-0.2,0.0,966,527,0.0114,0.0062,0.0052,1.2,8.0,2.0,2.0,a,,2026-08-28T13:00:08.950445Z,100.0,100.0,-0.5,-0.1,-0.5,-0.5,-1,1,0,5,0,0,0,1,0,0.03,0.01,0.04,2.82,3,1,4,2,,,,0,False,611,0.0,177,101,0.0,1,False,,0.1,1,0.1,1,0.1,1,5.0,684,-1,0,0,0.0,-0.2,3,4.152,3.564,4.739,-0.348
2026-10-10,2026-10-10T09:24:58+00:00,2026,5,5,638987,631,Mbaye,Ibrahim,Mbaye,MID,2,7,Aston Villa,6.0,6.0,0.0,2,33,2,0,0,0,0,8,1.0,0.3,0.1,11199,5621,0.1318,0.0661,0.0656,4.3,9.0,15.2,19.0,a,,,,,1.0,0.2,1.0,1.0,1,0,0,3,0,0,0,0,0,0.02,0.13,0.15,1.64,2,1,1,0,,,,0,False,452,0.0,1691,1940,0.4,25,False,,0.6,1,1.0,1,1.4,1,5.0,251,15,0,0,1.0,2.5,0,5.374,4.786,5.963,-0.626
2026-10-10,2026-10-10T09:24:58+00:00,2026,5,5,640419,509,Byfield,Jun'ai,Byfield,DEF,19,6,Spurs,4.0,4.0,0.0,0,0,0,0,0,0,0,0,0.0,0.0,0.1,2443,2757,0.0287,0.0324,-0.0037,0.0,0.0,0.0,0.0,a,,,,,0.0,0.0,0.0,0.0,0,0,0,0,0,0,0,0,0,0.0,0.0,0.0,0.0,0,0,0,0,,,,0,False,481,0.0,228,413,-7.7,-5,False,,-16.8,-1,-32.4,-2,-48.0,-3,5.0,0,0,0,0,0.0,0.0,0,4.074,3.487,4.662,0.074
2026-10-10,2026-10-10T09:24:58+00:00,2026,5,5,643970,603,Lienou,Jayden,Lienou,DEF,13,2,Leeds,4.0,4.0,0.0,0,0,0,0,0,0,0,0,0.0,0.0,0.1,7053,4178,0.083,0.0492,0.0338,0.0,0.0,0.0,0.0,a,,,,,0.0,0.0,0.0,0.0,0,0,0,0,0,0,0,0,0,0.0,0.0,0.0,0.0,0,0,0,0,,,,0,False,413,0.0,380,711,0.1,0,False,,0.1,1,0.1,1,0.1,1,5.0,0,0,0,0,0.0,0.0,0,4.007,3.42,4.594,0.007
2026-10-10,2026-10-10T09:24:58+00:00,2026,5,5,645618,50,Burrowes,Bradley,Burrowes,MID,2,7,Aston Villa,4.5,4.5,0.0,0,0,0,0,0,0,0,0,0.0,0.0,0.5,21759,37596,0.256,0.4424,-0.1864,0.0,0.0,0.0,0.0,a,,,,,0.0,0.0,0.0,0.0,0,0,0,0,0,0,0,0,0,0.0,0.0,0.0,0.0,0,0,0,0,,,,0,False,246,0.0,934,5872,-102.2,-70,False,,-114.9,-5,-136.8,-5,-158.7,-5,5.0,0,0,0,0,0.0,0.0,0,4.515,3.927,5.103,0.015
2026-10-10,2026-10-10T09:24:58+00:00,2026,5,5,647681,363,Leoni,Giovanni,Leoni,DEF,14,14,Liverpool,4.0,4.0,0.0,0,0,0,0,0,0,0,0,0.0,0.0,0.0,903,2254,0.0106,0.0265,-0.0159,0.0,0.0,0.0,0.0,i,Knee injury - Unknown return date,2026-07-23T12:01:23.596909Z,0.0,0.0,0.0,0.0,0.0,0.0,0,0,0,0,0,0,0,0,0,0.0,0.0,0.0,0.0,0,0,0,0,,,,0,False,538,0.0,102,323,-73.6,-1,False,,-75.0,-3,-77.4,-3,-79.8,-3,5.0,0,0,0,0,0.0,0.0,0,4.118,3.53,4.706,0.118
2026-10-10,2026-10-10T09:24:58+00:00,2026,5,5,647839,645,Mouzakitis,Christos,Mouzakitis,MID,11,88,Hull City,5.0,5.0,0.0,0,0,0,0,0,0,0,0,0.0,0.0,0.0,830,348,0.0098,0.0041,0.0057,0.0,0.0,0.0,0.0,a,,,,,0.0,0.0,0.0,0.0,0,0,0,0,0,0,0,0,0,0.0,0.0,0.0,0.0,0,0,0,0,,,,0,False,621,0.0,138,122,0.0,0,False,,0.0,0,0.0,0,0.0,0,5.0,0,0,0,0,0.0,0.0,0,4.801,4.214,5.389,-0.199
2026-10-10,2026-10-10T09:24:58+00:00,2026,5,5,647850,138,Kostoulas,Charalampos,Kostoulas,FWD,5,36,Brighton,5.6,5.5,0.1,28,353,5,2,3,2,3,105,5.6,5.0,8.3,855330,95114,10.0651,1.1192,8.9458,26.1,95.8,39.1,127.0,a,,,,,10.0,1.8,10.0,10.0,10,4,0,5,0,0,0,1,0,1.35,0.06,1.41,7.67,27,4,18,5,,,,1,False,44,0.1,750639,62604,90.9,22647,False,,169.9,5,306.2,5,442.4,5,5.0,2683,213,15,23,5.6,38.0,0,7.726,7.128,8.324,2.126
2026-10-10,2026-10-10T09:24:58+00:00,2026,5,5,649208,410,Monga,Jeremy,Monga,MID,15,43,Man City,4.9,5.0,-0.1,0,0,0,0,0,0,0,0,0.0,0.0,0.0,219,1298,0.0026,0.0153,-0.0127,0.0,0.0,0.0,0.0,u,Has joined Swansea City on loan for the rest of the season,2026-09-02T16:02:01.136760Z,0.0,0.0,0.0,0.0,0.0,0.0,0,0,0,0,0,0,0,0,0,0.0,0.0,0.0,0.0,0,0,0,0,,,,0,False,625,0.0,0,78,0.0,-2,False,,0.0,0,0.0,0,0.0,0,5.0,0,0,0,0,0.0,0.0,0,4.997,4.409,5.585,0.097
2026-10-10,2026-10-10T09:24:58+00:00,2026,5,5,651426,203,Canvot,Jaydee,Canvot,DEF,8,31,Crystal Palace,4.8,5.0,-0.2,10,360,4,0,0,1,0,38,2.5,2.1,0.2,6474,20451,0.0762,0.2407,-0.1645,11.5,83.0,25.3,7.0,a,,,,,4.0,0.8,4.0,4.0,8,4,0,8,0,0,0,0,0,0.05,0.13,0.18,7.78,34,8,11,26,,,,0,False,340,-0.1,1132,1801,0.1,2,False,,0.1,1,0.1,1,0.2,1,5.0,2736,76,0,0,2.5,15.8,0,4.572,3.985,5.16,-0.228
2026-10-10,2026-10-10T09:24:58+00:00,2026,5,5,653481,52,Alysson,Alysson Edward Franco,da Rocha dos Santos,MID,2,7,Aston Villa,5.0,5.0,0.0,8,87,4,1,0,0,0,34,2.0,1.6,0.0,3371,4132,0.0397,0.0486,-0.009,7.0,39.8,4.9,25.0,d,Unspecified injury - 75% chance of playing,2026-09-19T11:30:09.355376Z,,75.0,3.0,0.6,3.0,2.2,0,0,0,2,0,0,0,1,0,0.06,0.0,0.06,2.4,8,2,4,2,,,,0,False,507,0.0,85,1269,-36.7,-27,False,,-70.0,-3,-127.6,-5,-185.1,-5,5.0,661,61,8,0,2.0,12.2,0,5.491,4.901,6.08,0.491
2026-10-10,2026-10-10T09:24:58+00:00,2026,5,5,655585,665,Mills,Michael,Mills,MID,17,4,Newcastle,4.5,4.5,0.0,0,0,0,0,0,0,0,0,0.0,0.0,0.0,244,48,0.0029,0.0006,0.0023,0.0,0.0,0.0,0.0,a,,,,,0.0,0.0,1.1,1.1,0,0,0,0,0,0,0,0,0,0.0,0.0,0.0,0.0,0,0,0,0,,,,0,False,647,0.0,244,48,0.0,3,False,,0.1,1,0.1,1,0.2,1,5.0,0,0,0,0,0.0,0.0,0,4.543,3.956,5.131,0.043
2026-10-10,2026-10-10T09:24:58+00:00,2026,5,5,660392,225,Uche,Christantus,Uche,FWD,8,31,Crystal Palace,5.0,5.0,0.0,0,0,0,0,0,0,0,0,0.0,0.0,0.0,0,0,0.0,0.0,0.0,0.0,0.0,0.0,0.0,u,has returned to Getafe CF,2026-07-23T12:18:56.275922Z,0.0,0.0,0.0,0.0,0.0,0.0,0,0,0,0,0,0,0,0,0,0.0,0.0,0.0,0.0,0,0,0,0,,,,0,False,667,0.0,0,0,0.0,0,False,,0.0,0,0.0,0,0.0,0,5.0,0,0,0,0,0.0,0.0,0,4.778,4.19,5.366,-0.222
2026-10-10,2026-10-10T09:24:58+00:00,2026,5,5,661016,658,Ibrahim,Younes,Ibrahim,MID,5,36,Brighton,4.5,4.5,0.0,0,0,0,0,0,0,0,0,0.0,0.0,0.0,1635,552,0.0192,0.0065,0.0127,0.0,0.0,0.0,0.0,a,,,,,0.0,0.0,0.0,0.0,0,0,0,0,0,0,0,0,0,0.0,0.0,0.0,0.0,0,0,0,0,,,,0,False,585,0.0,472,284,0.0,3,False,,0.1,1,0.1,1,0.2,1,5.0,0,0,0,0,0.0,0.0,0,4.526,3.939,5.114,0.026
2026-10-10,2026-10-10T09:24:58+00:00,2026,5,5,661313,651,J.Angulo,Juan,Angulo,FWD,20,56,Sunderland,4.5,4.5,0.0,0,0,0,0,0,0,0,0,0.0,0.0,0.8,98685,34486,1.1613,0.4058,0.7555,0.0,0.0,0.0,0.0,a,,,,,0.0,0.0,0.0,0.0,0,0,0,0,0,0,0,0,0,0.0,0.0,0.0,0.0,0,0,0,0,,,,0,False,203,0.0,16817,11471,6.1,99,False,,7.0,1,8.7,1,10.3,1,5.0,0,0,0,0,0.0,0.0,0,4.531,3.943,5.119,0.031
2026-10-10,2026-10-10T09:24:58+00:00,2026,5,5,661800,284,McCarthy,Cathal,McCarthy,DEF,11,88,Hull City,4.0,4.0,0.0,0,0,0,0,0,0,0,0,0.0,0.0,0.1,5199,4931,0.0612,0.058,0.0032,0.0,0.0,0.0,0.0,a,,,,,0.0,0.0,0.0,0.0,0,0,0,0,0,0,0,0,0,0.0,0.0,0.0,0.0,0,0,0,0,,,,0,False,423,0.0,665,779,0.5,4,False,,0.5,1,0.6,1,0.6,1,5.0,0,0,0,0,0.0,0.0,0,4.007,3.42,4.594,0.007
2026-10-10,2026-10-10T09:24:58+00:00,2026,5,5,661888,575,Yirenkyi,Caleb,Yirenkyi,MID,7,9,Coventry City,4.8,5.0,-0.2,9,265,5,0,0,2,0,36,1.8,1.9,0.1,3232,14707,0.038,0.1731,-0.135,6.0,15.4,41.6,7.0,a,,,,,2.0,0.4,2.0,2.0,3,3,0,5,0,0,0,1,0,0.03,0.15,0.18,4.25,21,1,13,7,,,,0,False,379,-0.1,580,2040,-14.3,-45,False,,-33.7,-2,-67.1,-3,-100.5,-5,5.0,2014,68,0,0,1.8,14.2,0,4.843,4.256,5.43,0.043
2026-10-10,2026-10-10T09:24:58+00:00,2026,5,5,665243,659,Miley,Mason,Miley,MID,17,4,Newcastle,4.5,4.5,0.0,0,0,0,0,0,0,0,0,0.0,0.0,0.0,5815,1629,0.0684,0.0192,0.0493,0.0,0.0,0.0,0.0,a,,,,,0.0,0.0,0.0,0.0,0,0,0,0,0,0,0,0,0,0.0,0.0,0.0,0.0,0,0,0,0,,,,0,False,499,0.0,2377,1027,0.2,23,False,,0.4,1,0.8,1,1.2,1,5.0,0,0,0,0,0.0,0.0,0,4.543,3.956,5.131,0.043
2026-10-10,2026-10-10T09:24:58+00:00,2026,5,5,671875,666,Thompson,Kyran,Thompson,MID,17,4,Newcastle,4.5,4.5,0.0,0,0,0,0,0,0,0,0,0.0,0.0,0.0,331,57,0.0039,0.0007,0.0032,0.0,0.0,0.0,0.0,a,,,,,0.0,0.0,1.1,1.1,0,0,0,0,0,0,0,0,0,0.0,0.0,0.0,0.0,0,0,0,0,,,,0,False,639,0.0,331,57,0.0,2,False,,0.1,1,0.1,1,0.1,1,5.0,0,0,0,0,0.0,0.0,0,4.543,3.956,5.131,0.043
2026-10-10,2026-10-10T09:24:58+00:00,2026,5,5,672492,221,Drakes-Thomas,Joél,Drakes-Thomas,MID,8,31,Crystal Palace,4.4,4.5,-0.1,0,0,0,0,0,0,0,0,0.0,0.0,0.1,2898,5039,0.0341,0.0593,-0.0252,0.0,0.0,0.0,0.0,a,,,,,0.0,0.0,0.0,0.0,0,0,0,0,0,0,0,0,0,0.0,0.0,0.0,0.0,0,0,0,0,,,,0,False,464,-0.1,350,794,-4.2,-3,False,,-7.0,-1,-11.9,-1,-16.8,-1,5.0,0,0,0,0,0.0,0.0,0,4.49,3.902,5.078,0.09
2026-10-10,2026-10-10T09:24:58+00:00,2026,5,5,684268,189,Shepherd,George,Shepherd,MID,7,9,Coventry City,4.4,4.5,-0.1,0,0,0,0,0,0,0,0,0.0,0.0,0.3,12194,17505,0.1435,0.206,-0.0625,0.0,0.0,0.0,0.0,a,,,,,0.0,0.0,0.0,0.0,0,0,0,0,0,0,0,0,0,0.0,0.0,0.0,0.0,0,0,0,0,,,,0,False,303,0.0,5474,4634,0.7,-26,False,,0.4,1,-0.0,0,-16.6,-1,5.0,0,0,0,0,0.0,0.0,0,4.507,3.92,5.094,0.107
2026-10-10,2026-10-10T09:24:58+00:00,2026,5,5,690838,582,Madjo,Brian,Madjo,FWD,2,7,Aston Villa,5.4,5.5,-0.1,0,0,0,0,0,0,0,0,0.0,0.0,0.2,3708,32080,0.0436,0.3775,-0.3339,0.0,0.0,0.0,0.0,d,Unspecified injury - 75% chance of playing,2026-08-15T16:00:07.974271Z,0.0,75.0,0.0,0.0,0.0,0.0,0,0,0,0,0,0,0,0,0,0.0,0.0,0.0,0.0,0,0,0,0,,,,0,False,339,0.0,1023,3309,-0.1,0,False,2026-10-17T16:00:08.716774Z,-0.1,-1,-0.1,-1,-0.1,-1,5.0,0,0,0,0,0.0,0.0,0,5.025,4.436,5.613,-0.375
2026-10-10,2026-10-10T09:24:58+00:00,2026,5,5,696104,613,Ahoka,Jules,Ahoka,MID,20,56,Sunderland,4.5,4.5,0.0,0,0,0,0,0,0,0,0,0.0,0.0,0.2,25747,15084,0.303,0.1775,0.1255,0.0,0.0,0.0,0.0,a,,,,,0.0,0.0,0.0,0.0,0,0,0,0,0,0,0,0,0,0.0,0.0,0.0,0.0,0,0,0,0,,,,0,False,318,0.0,952,2386,-62.0,-26,False,,-73.2,-3,-92.5,-3,-111.8,-5,5.0,0,0,0,0,0.0,0.0,0,4.53,3.943,5.117,0.03
2026-10-10,2026-10-10T09:24:58+00:00,2026,5,5,699989,550,Jocelin.T,Djiamgone Jocelin Ta,Bi,MID,20,56,Sunderland,4.9,5.0,-0.1,0,0,0,0,0,0,0,0,0.0,0.0,0.0,346,467,0.0041,0.0055,-0.0014,0.0,0.0,0.0,0.0,a,,,,,0.0,0.0,0.0,0.0,0,0,0,0,0,0,0,0,0,0.0,0.0,0.0,0.0,0,0,0,0,,,,0,False,630,-0.1,72,86,0.0,0,False,,0.0,0,0.0,0,0.0,0,5.0,0,0,0,0,0.0,0.0,0,4.773,4.186,5.36,-0.127
2026-10-10,2026-10-10T09:24:58+00:00,2026,5,5,700308,135,Yohanna,Zadok,Yohanna,MID,5,36,Brighton,4.8,5.0,-0.2,1,12,1,0,0,0,0,3,1.0,0.2,0.0,1275,5791,0.015,0.0681,-0.0531,0.2,0.2,1.3,0.0,i,Unspecified injury - Expected back 10 Oct,2026-09-10T13:00:08.617941Z,0.0,0.0,0.0,0.0,0.0,0.0,0,0,0,0,0,0,0,0,0,0.0,0.03,0.03,0.0,0,0,0,0,,,,0,False,536,-0.1,32,684,-10.8,-5,False,,-14.2,-1,-19.9,-1,-25.7,-2,5.0,91,8,0,0,1.0,1.6,0,4.769,4.182,5.357,-0.031
