date,fetched_at,season,gameweeks_finished,current_event,code,id,web_name,first_name,second_name,element_type,team,team_code,team_name,price,start_price,price_change_season,total_points,minutes,appearances,goals_scored,assists,clean_sheets,bonus,bps,points_per_game,value_season,selected_by_percent,transfers_in,transfers_out,transfers_in_share,transfers_out_share,net_transfers_share,ict_index,influence,creativity,threat,status,news,news_added,chance_of_playing_this_round,chance_of_playing_next_round,form,value_form,ep_this,ep_next,event_points,starts,saves,goals_conceded,own_goals,penalties_saved,penalties_missed,yellow_cards,red_cards,expected_goals,expected_assists,expected_goal_involvements,expected_goals_conceded,defensive_contribution,tackles,recoveries,clearances_blocks_interceptions,penalties_order,direct_freekicks_order,corners_and_indirect_freekicks_order,dreamteam_count,in_dreamteam,selected_rank,price_change_event,transfers_in_event,transfers_out_event,price_change_percent,price_change_hourly_rate,price_change_calibrating,price_change_locked_until,price_change_proj0_percent,price_change_proj0_likelihood,price_change_proj1_percent,price_change_proj1_likelihood,price_change_proj2_percent,price_change_proj2_likelihood,games_played,proj_minutes,proj_total_points,proj_goals_scored,proj_assists,proj_points_per_game,proj_value_season,n_clamped,pred_next_start,pred_next_lower,pred_next_upper,pred_change
2026-10-09,2026-10-09T10:03:45+00:00,2026,5,5,17761,229,Tarkowski,James,Tarkowski,DEF,9,11,Everton,6.2,6.0,0.2,43,450,5,1,1,3,7,138,8.6,6.9,17.5,1027936,301789,13.0704,3.8373,9.2331,20.5,149.6,25.6,30.0,a,,,,,11.0,1.8,11.0,11.0,14,5,0,3,0,0,0,0,0,0.18,0.04,0.22,6.94,51,11,18,40,,,,2,True,23,0.1,317128,38203,8.5,1305,False,,12.8,1,20.6,2,28.4,2,5.0,3420,327,8,8,8.6,38.7,1,6.923,6.291,7.555,0.723
2026-10-09,2026-10-09T10:03:45+00:00,2026,5,5,21205,414,Heaton,Tom,Heaton,GK,16,1,Man Utd,4.0,4.0,0.0,0,0,0,0,0,0,0,0,0.0,0.0,0.1,2195,3666,0.0279,0.0466,-0.0187,0.0,0.0,0.0,0.0,i,Hamstring injury - Unknown return date,2026-08-15T16:00:07.854151Z,0.0,0.0,0.0,0.0,0.0,0.0,0,0,0,0,0,0,0,0,0,0.0,0.0,0.0,0.0,0,0,0,0,,,,0,False,442,0.0,277,379,-39.4,-2,False,,-40.3,-3,-41.8,-3,-43.4,-3,5.0,0,0,0,0,0.0,0.0,0,4.097,3.509,4.685,0.097
2026-10-09,2026-10-09T10:03:45+00:00,2026,5,5,40383,58,Forster,Fraser,Forster,GK,3,91,Bournemouth,4.0,4.0,0.0,0,0,0,0,0,0,0,0,0.0,0.0,3.5,121209,82161,1.5412,1.0447,0.4965,0.0,0.0,0.0,0.0,a,,,,,0.0,0.0,0.0,0.0,0,0,0,0,0,0,0,0,0,0.0,0.0,0.0,0.0,0,0,0,0,,,,0,False,97,0.0,12015,10340,5.0,-4,False,,4.9,1,4.9,1,4.8,1,5.0,0,0,0,0,0.0,0.0,0,4.051,3.462,4.64,0.051
2026-10-09,2026-10-09T10:03:45+00:00,2026,5,5,49262,111,Steele,Jason,Steele,GK,5,36,Brighton,4.0,4.0,0.0,0,0,0,0,0,0,0,0,0.0,0.0,4.1,150489,126684,1.9135,1.6108,0.3027,0.0,0.0,0.0,0.0,a,,,,,0.0,0.0,0.0,0.0,0,0,0,0,0,0,0,0,0,0.0,0.0,0.0,0.0,0,0,0,0,,,,0,False,83,0.0,10302,20929,-2.8,-49,False,,-3.9,-1,-5.9,-1,-8.0,-1,5.0,0,0,0,0,0.0,0.0,0,4.056,3.467,4.644,0.056
2026-10-09,2026-10-09T10:03:45+00:00,2026,5,5,50093,302,Button,David,Button,GK,12,40,Ipswich Town,4.0,4.0,0.0,0,0,0,0,0,0,0,0,0.0,0.0,0.6,32380,15733,0.4117,0.2,0.2117,0.0,0.0,0.0,0.0,a,,,,,0.0,0.0,0.0,0.0,0,0,0,0,0,0,0,0,0,0.0,0.0,0.0,0.0,0,0,0,0,,,,0,False,233,0.0,2370,1881,1.2,4,False,,1.2,1,1.3,1,1.4,1,5.0,0,0,0,0,0.0,0.0,0,3.998,3.41,4.585,-0.002
2026-10-09,2026-10-09T10:03:45+00:00,2026,5,5,50175,136,Welbeck,Danny,Welbeck,FWD,6,8,Chelsea,5.9,6.0,-0.1,4,85,3,0,0,0,0,15,1.3,0.7,1.0,66575,86488,0.8465,1.0997,-0.2532,6.1,14.4,32.7,14.0,a,,2026-08-20T14:00:07.949090Z,100.0,100.0,1.5,0.3,1.5,1.5,2,1,0,1,0,0,0,0,0,0.0,0.14,0.14,1.99,5,1,2,2,,,,0,False,175,0.0,12639,12584,8.3,58,False,,8.8,1,9.8,1,10.7,1,5.0,646,30,0,0,1.3,5.2,0,5.485,4.897,6.073,-0.415
2026-10-09,2026-10-09T10:03:45+00:00,2026,5,5,54469,64,Smith,Adam,Smith,DEF,3,91,Bournemouth,4.5,4.5,0.0,4,434,5,0,0,0,0,14,0.8,0.9,0.1,7404,7505,0.0941,0.0954,-0.0013,9.1,43.6,44.4,4.0,a,,,,,1.0,0.2,1.0,1.0,2,5,0,8,0,0,0,3,0,0.01,0.09,0.1,6.7,21,5,15,16,,,,0,False,392,0.0,606,677,0.4,0,False,,0.4,1,0.4,1,0.4,1,5.0,3298,30,0,0,0.8,6.8,0,4.071,3.478,4.663,-0.429
2026-10-09,2026-10-09T10:03:45+00:00,2026,5,5,56979,101,Henderson,Jordan,Henderson,MID,6,8,Chelsea,4.9,5.0,-0.1,2,90,1,0,0,0,0,16,2.0,0.4,0.0,1246,2678,0.0158,0.0341,-0.0182,2.7,16.6,10.4,0.0,a,,2026-08-09T09:30:07.136250Z,50.0,100.0,1.0,0.2,0.5,1.0,2,1,0,3,0,0,0,0,0,0.0,0.08,0.08,2.65,10,1,7,2,,,3.0,0,False,525,0.0,633,204,0.1,0,False,,0.1,1,0.1,1,0.1,1,5.0,684,15,0,0,2.0,3.1,0,4.923,4.336,5.511,0.023
2026-10-09,2026-10-09T10:03:45+00:00,2026,5,5,59735,325,Darlow,Karl,Darlow,GK,16,1,Man Utd,4.5,4.5,0.0,0,0,0,0,0,0,0,0,0.0,0.0,0.0,1078,1663,0.0137,0.0211,-0.0074,0.0,0.0,0.0,0.0,d,Unspecified injury - 75% chance of playing,2026-09-21T13:30:08.885505Z,100.0,75.0,0.0,0.0,0.0,0.0,0,0,0,0,0,0,0,0,0,0.0,0.0,0.0,0.0,0,0,0,0,,,,0,False,515,0.0,71,282,-28.8,-3,False,,-32.3,-2,-38.6,-2,-44.9,-3,5.0,0,0,0,0,0.0,0.0,0,4.363,3.775,4.951,-0.137
2026-10-09,2026-10-09T10:03:45+00:00,2026,5,5,60307,124,Groß,Pascal,Groß,MID,5,36,Brighton,5.9,5.5,0.4,47,450,5,3,4,3,9,166,9.4,8.0,31.4,2401117,550614,30.5306,7.0012,23.5295,50.8,211.0,216.0,84.0,a,,,,,15.5,2.6,15.5,15.5,14,5,0,5,0,0,0,2,0,1.77,0.86,2.63,8.67,26,7,10,9,1.0,1.0,1.0,3,True,8,0.2,1040624,20831,37.0,6796,False,,59.2,3,99.9,4,140.5,5,5.0,3420,344,23,23,9.1,38.7,4,8.692,8.071,9.314,2.792
2026-10-09,2026-10-09T10:03:45+00:00,2026,5,5,60689,490,Wood,Chris,Wood,FWD,18,17,Nott'm Forest,5.8,6.0,-0.2,4,62,4,0,0,0,0,13,1.0,0.7,0.9,25462,117935,0.3238,1.4996,-1.1758,0.7,1.2,4.8,3.0,a,,,,,1.0,0.2,1.0,1.0,1,0,0,1,0,0,0,0,0,0.12,0.01,0.13,0.53,1,0,1,0,2.0,,,0,False,190,0.0,2883,8088,-47.1,-4,False,,-47.5,-3,-48.2,-3,-48.9,-3,5.0,471,30,0,0,1.0,5.2,0,5.347,4.759,5.935,-0.453
2026-10-09,2026-10-09T10:03:45+00:00,2026,5,5,67089,497,Dubravka,Martin,Dubravka,GK,19,6,Spurs,4.0,4.0,0.0,0,0,0,0,0,0,0,0,0.0,0.0,17.0,415686,462534,5.2855,5.8812,-0.5957,0.0,0.0,0.0,0.0,a,,,,,0.0,0.0,0.0,0.0,0,0,0,0,0,0,0,0,0,0.0,0.0,0.0,0.0,0,0,0,0,,,,0,False,24,0.0,45047,69884,-27.6,-73,False,,-28.0,-2,-28.7,-2,-29.4,-2,5.0,0,0,0,0,0.0,0.0,0,4.338,3.748,4.928,0.338
2026-10-09,2026-10-09T10:03:45+00:00,2026,5,5,72147,29,M.Bizot,Marco,Bizot,GK,2,7,Aston Villa,4.5,4.5,0.0,1,90,1,0,0,0,0,1,1.0,0.2,0.1,4682,7646,0.0595,0.0972,-0.0377,2.8,28.2,0.0,0.0,i,Back injury - Expected back 10 Oct,2026-09-17T07:30:09.058151Z,0.0,0.0,0.0,0.0,0.0,0.0,0,1,3,4,0,0,0,0,0,0.0,0.0,0.0,3.77,0,0,6,2,,,,0,False,401,0.0,88,1270,-45.4,-5,False,,-47.1,-3,-50.1,-3,-53.0,-3,5.0,684,8,0,0,1.0,1.7,0,4.206,3.617,4.795,-0.294
2026-10-09,2026-10-09T10:03:45+00:00,2026,5,5,75115,108,Wilson,Callum,Wilson,FWD,4,94,Brentford,5.4,5.5,-0.1,3,13,3,0,0,0,0,9,1.0,0.6,0.3,15949,27104,0.2028,0.3446,-0.1418,2.6,3.2,10.4,12.0,a,,,,,0.0,0.0,0.0,0.0,0,0,0,0,0,0,0,0,0,0.07,0.04,0.11,0.15,2,0,1,1,,,,0,False,291,-0.1,1600,3039,-13.9,-7,False,,-15.1,-1,-17.3,-1,-19.4,-1,5.0,99,23,0,0,1.0,4.2,0,5.068,4.478,5.657,-0.332
2026-10-09,2026-10-09T10:03:45+00:00,2026,5,5,76357,266,Cairney,Tom,Cairney,MID,10,54,Fulham,4.9,5.0,-0.1,0,0,0,0,0,0,0,0,0.0,0.0,0.0,119,333,0.0015,0.0042,-0.0027,0.0,0.0,0.0,0.0,i,Knee injury - Expected back 10 Oct,2026-08-14T18:00:06.460944Z,0.0,0.0,0.0,0.0,0.0,0.0,0,0,0,0,0,0,0,0,0,0.0,0.0,0.0,0.0,0,0,0,0,,,,0,False,649,0.0,18,22,-9.0,0,False,,-9.0,-1,-9.0,-1,-9.0,-1,5.0,0,0,0,0,0.0,0.0,0,4.773,4.186,5.36,-0.127
2026-10-09,2026-10-09T10:03:45+00:00,2026,5,5,78916,448,Burn,Dan,Burn,DEF,17,4,Newcastle,4.8,5.0,-0.2,0,0,0,0,0,0,0,0,0.0,0.0,0.7,7357,162444,0.0935,2.0655,-1.972,0.0,0.0,0.0,0.0,i,Ankle injury - Expected back 12 Oct,2026-08-23T18:00:08.367241Z,0.0,0.0,0.0,0.0,0.0,0.0,0,0,0,0,0,0,0,0,0,0.0,0.0,0.0,0.0,0,0,0,0,,,,0,False,214,-0.1,142,7536,-6.8,-55,False,,-8.3,-1,-11.1,-1,-13.8,-1,5.0,0,0,0,0,0.0,0.0,0,4.519,3.931,5.107,-0.281
2026-10-09,2026-10-09T10:03:45+00:00,2026,5,5,79602,623,Bentley,Dan,Bentley,GK,7,9,Coventry City,4.0,4.0,0.0,0,0,0,0,0,0,0,0,0.0,0.0,0.7,86585,20291,1.1009,0.258,0.8429,0.0,0.0,0.0,0.0,a,,,,,0.0,0.0,0.0,0.0,0,0,0,0,0,0,0,0,0,0.0,0.0,0.0,0.0,0,0,0,0,,,,0,False,215,0.0,16207,3399,2.6,10,False,,2.7,1,2.8,1,3.0,1,5.0,0,0,0,0,0.0,0.0,0,4.0,3.412,4.587,0.0
2026-10-09,2026-10-09T10:03:45+00:00,2026,5,5,80178,178,Bidwell,Jake,Bidwell,DEF,7,9,Coventry City,4.0,4.0,0.0,0,0,0,0,0,0,0,0,0.0,0.0,0.1,2545,3639,0.0324,0.0463,-0.0139,0.0,0.0,0.0,0.0,a,,,,,0.0,0.0,0.0,0.0,0,0,0,0,0,0,0,0,0,0.0,0.0,0.0,0.0,0,0,0,0,,,,0,False,446,0.0,238,408,-34.1,-2,False,,-36.6,-2,-41.0,-3,-45.5,-3,5.0,0,0,0,0,0.0,0.0,0,4.007,3.42,4.594,0.007
2026-10-09,2026-10-09T10:03:45+00:00,2026,5,5,80201,250,Leno,Bernd,Leno,GK,10,54,Fulham,4.5,4.5,0.0,18,450,5,0,0,1,2,77,3.6,4.0,3.6,178935,110927,2.2752,1.4105,0.8647,12.8,127.6,0.0,0.0,a,,,,,6.0,1.3,6.0,6.0,3,5,16,8,0,0,0,0,0,0.0,0.0,0.0,9.11,0,0,41,6,,,,0,False,94,0.0,68038,19885,12.9,189,False,,14.6,1,17.6,1,20.7,2,5.0,3420,137,0,0,3.6,30.4,0,4.663,4.074,5.251,0.163
2026-10-09,2026-10-09T10:03:45+00:00,2026,5,5,81441,443,Gillespie,Mark,Gillespie,GK,17,4,Newcastle,4.5,4.5,0.0,0,0,0,0,0,0,0,0,0.0,0.0,0.0,782,1232,0.0099,0.0157,-0.0057,0.0,0.0,0.0,0.0,a,,,,,0.0,0.0,0.0,0.0,0,0,0,0,0,0,0,0,0,0.0,0.0,0.0,0.0,0,0,0,0,,,,0,False,529,0.0,57,112,-44.0,0,False,,-44.0,-3,-44.0,-3,-44.0,-3,5.0,0,0,0,0,0.0,0.0,0,4.272,3.683,4.86,-0.228
2026-10-09,2026-10-09T10:03:45+00:00,2026,5,5,83299,116,Dunk,Lewis,Dunk,DEF,5,36,Brighton,4.5,4.5,0.0,22,360,4,1,0,2,1,79,5.5,4.9,1.4,89702,56398,1.1406,0.7171,0.4235,14.3,116.2,14.6,11.0,d,Neck injury - 75% chance of playing,2026-09-22T09:30:09.629652Z,,75.0,6.0,1.3,6.0,4.5,0,4,0,5,0,0,0,1,0,0.03,0.09,0.12,7.04,23,3,13,20,,3.0,,1,False,154,0.0,8141,15334,19.7,-124,False,,18.5,1,16.5,1,14.5,1,5.0,2736,167,8,0,5.5,37.2,0,5.445,4.853,6.036,0.945
2026-10-09,2026-10-09T10:03:45+00:00,2026,5,5,84450,544,Xhaka,Granit,Xhaka,MID,20,56,Sunderland,5.5,5.5,0.0,21,450,5,0,1,1,5,116,4.2,3.8,3.6,132889,216367,1.6897,2.7511,-1.0614,28.8,93.6,191.1,3.0,a,,,,,1.5,0.3,1.5,1.5,2,5,0,10,0,0,0,2,0,0.06,1.32,1.38,8.66,54,9,33,12,,,,0,False,95,0.0,8357,31278,-86.3,-113,False,,-89.3,-3,-94.6,-3,-99.9,-4,5.0,3420,160,0,8,4.2,29.0,0,5.781,5.192,6.37,0.281
2026-10-09,2026-10-09T10:03:45+00:00,2026,5,5,85633,467,Sels,Matz,Sels,GK,18,17,Nott'm Forest,5.0,5.0,0.0,14,450,5,0,0,1,0,67,2.8,2.8,1.5,69113,65097,0.8788,0.8277,0.0511,8.2,82.0,0.0,0.0,a,,,,,2.5,0.5,2.5,2.5,2,5,11,5,0,0,0,0,0,0.0,0.01,0.01,4.77,0,0,46,6,,,,0,False,145,0.0,2860,9035,4.1,-64,False,,3.5,1,2.4,1,1.4,1,5.0,3420,106,0,0,2.8,21.3,0,4.685,4.097,5.273,-0.315
2026-10-09,2026-10-09T10:03:45+00:00,2026,5,5,86873,251,Lecomte,Benjamin,Lecomte,GK,10,54,Fulham,4.0,4.0,0.0,0,0,0,0,0,0,0,0,0.0,0.0,1.1,26439,27109,0.3362,0.3447,-0.0085,0.0,0.0,0.0,0.0,a,,,,,0.0,0.0,0.0,0.0,0,0,0,0,0,0,0,0,0,0.0,0.0,0.0,0.0,0,0,0,0,,,,0,False,167,0.0,3711,3674,-26.7,-5,False,,-27.0,-2,-27.7,-2,-28.4,-2,5.0,0,0,0,0,0.0,0.0,0,4.006,3.419,4.594,0.006
2026-10-09,2026-10-09T10:03:45+00:00,2026,5,5,88894,46,Barkley,Ross,Barkley,MID,2,7,Aston Villa,5.0,5.0,0.0,10,308,5,0,0,1,0,66,2.0,2.0,0.2,16272,16842,0.2069,0.2141,-0.0072,15.6,42.4,82.3,31.0,a,,,,,1.5,0.3,1.5,1.5,1,4,0,8,0,0,0,0,0,0.38,0.14,0.52,7.36,28,7,16,5,,,4.0,0,False,309,0.0,715,2365,0.3,-8,False,,0.3,1,0.1,1,0.0,0,5.0,2341,76,0,0,2.0,15.2,0,4.872,4.284,5.46,-0.128
2026-10-09,2026-10-09T10:03:45+00:00,2026,5,5,91651,406,Kovačić,Mateo,Kovačić,MID,15,43,Man City,5.3,5.5,-0.2,2,42,2,0,0,0,0,12,1.0,0.4,0.1,2281,6380,0.029,0.0811,-0.0521,0.9,4.2,5.2,0.0,a,,,,,0.0,0.0,0.0,0.0,0,0,0,0,0,0,0,0,0,0.0,0.02,0.02,0.1,2,0,2,0,,,,0,False,448,-0.1,139,551,-1.4,0,False,,-1.4,-1,-1.4,-1,-1.4,-1,5.0,319,15,0,0,1.0,2.9,0,5.268,4.68,5.856,-0.032
2026-10-09,2026-10-09T10:03:45+00:00,2026,5,5,93605,541,Meunier,Thomas,Meunier,DEF,20,56,Sunderland,4.5,4.5,0.0,14,396,5,0,1,1,0,42,2.8,3.1,0.3,7820,10126,0.0994,0.1288,-0.0293,15.6,70.2,41.4,43.0,a,,2026-08-16T08:30:07.830062Z,100.0,100.0,2.5,0.6,2.5,2.5,3,5,0,8,0,0,0,0,0,0.34,0.58,0.92,5.94,20,4,15,16,,,,0,False,300,0.0,2419,1374,-29.9,13,False,,-25.3,-2,-17.0,-1,-8.7,-1,5.0,3010,106,0,8,2.8,23.6,0,4.823,4.235,5.412,0.323
2026-10-09,2026-10-09T10:03:45+00:00,2026,5,5,95658,418,Maguire,Harry,Maguire,DEF,16,1,Man Utd,4.8,5.0,-0.2,10,450,5,0,1,0,0,50,2.0,2.1,8.4,141274,1030339,1.7963,13.101,-11.3046,18.6,86.0,50.1,50.0,a,,,,,1.5,0.3,1.5,1.5,2,5,0,8,0,0,0,2,0,0.2,0.46,0.66,6.8,31,3,21,28,,,,0,False,45,-0.1,7316,100648,-4.5,-210,False,,-5.8,-1,-8.3,-1,-10.7,-1,5.0,3420,76,0,8,2.0,15.8,0,5.056,4.465,5.647,0.256
2026-10-09,2026-10-09T10:03:45+00:00,2026,5,5,97032,356,Virgil,Virgil,van Dijk,DEF,14,14,Liverpool,6.5,6.5,0.0,25,450,5,0,0,3,0,96,5.0,3.8,16.2,290210,633264,3.6901,8.0521,-4.362,17.4,125.0,22.3,26.0,a,,,,,8.0,1.2,8.0,8.0,8,5,0,4,0,0,0,1,0,0.25,0.08,0.33,6.12,48,5,18,43,,,,0,False,26,0.0,33194,60631,-65.0,-38,False,,-65.2,-3,-65.6,-3,-66.0,-3,5.0,3420,190,0,0,5.0,29.2,0,6.121,5.528,6.714,-0.379
2026-10-09,2026-10-09T10:03:45+00:00,2026,5,5,97846,625,Cairns,Alex,Cairns,GK,13,2,Leeds,4.0,4.0,0.0,0,0,0,0,0,0,0,0,0.0,0.0,0.2,20049,6100,0.2549,0.0776,0.1774,0.0,0.0,0.0,0.0,a,,,,,0.0,0.0,0.0,0.0,0,0,0,0,0,0,0,0,0,0.0,0.0,0.0,0.0,0,0,0,0,,,,0,False,330,0.0,1090,942,0.4,3,False,,0.4,1,0.4,1,0.5,1,5.0,0,0,0,0,0.0,0.0,0,3.991,3.404,4.579,-0.009
2026-10-09,2026-10-09T10:03:45+00:00,2026,5,5,98747,442,Pope,Nick,Pope,GK,17,4,Newcastle,4.9,5.0,-0.1,0,0,0,0,0,0,0,0,0.0,0.0,0.9,13667,54625,0.1738,0.6946,-0.5208,0.0,0.0,0.0,0.0,a,,,,,0.0,0.0,0.0,0.0,0,0,0,0,0,0,0,0,0,0.0,0.0,0.0,0.0,0,0,0,0,,,,0,False,185,0.0,1174,3902,-50.0,-2,False,,-50.2,-3,-50.5,-3,-50.9,-3,5.0,0,0,0,0,0.0,0.0,0,4.533,3.944,5.121,-0.367
2026-10-09,2026-10-09T10:03:45+00:00,2026,5,5,98980,28,Martinez,Emiliano,Martínez Romero,GK,6,8,Chelsea,5.0,5.0,0.0,9,360,4,0,0,0,0,61,2.2,1.8,4.7,249486,252305,3.1723,3.2081,-0.0358,17.5,145.0,30.0,0.0,a,,,,,2.0,0.4,2.0,2.0,2,4,18,10,0,0,0,0,0,0.0,0.01,0.01,7.49,0,0,37,1,,,,0,False,77,0.0,11719,27724,-7.3,-10,False,,-7.5,-1,-7.9,-1,-8.2,-1,5.0,2736,68,0,0,2.2,13.7,0,4.745,4.156,5.334,-0.255
2026-10-09,2026-10-09T10:03:45+00:00,2026,5,5,101188,30,Digne,Lucas,Digne,DEF,2,7,Aston Villa,4.5,4.5,0.0,0,0,0,0,0,0,0,0,0.0,0.0,0.0,0,8695,0.0,0.1106,-0.1106,0.0,0.0,0.0,0.0,u,Has joined Paris Saint-Germain permanently,2026-08-10T14:03:30.089007Z,0.0,0.0,0.0,0.0,0.0,0.0,0,0,0,0,0,0,0,0,0,0.0,0.0,0.0,0.0,0,0,0,0,,,,0,False,501,0.0,0,284,0.0,-2,False,,0.0,0,0.0,0,0.0,0,5.0,0,0,0,0,0.0,0.0,0,4.252,3.664,4.84,-0.248
2026-10-09,2026-10-09T10:03:45+00:00,2026,5,5,101282,289,Crooks,Matt,Crooks,MID,11,88,Hull City,4.4,4.5,-0.1,3,203,3,0,0,1,0,17,1.0,0.7,0.5,25983,42088,0.3304,0.5352,-0.2048,5.4,37.8,17.3,0.0,a,,2026-08-29T15:00:08.569326Z,100.0,100.0,0.5,0.1,0.5,0.5,0,3,0,4,0,0,0,3,0,0.0,0.12,0.12,3.57,21,8,4,9,,,,0,False,250,-0.1,6624,5859,0.8,6,False,,0.8,1,0.9,1,1.0,1,5.0,1543,23,0,0,1.0,5.2,0,4.457,3.87,5.045,0.057
2026-10-09,2026-10-09T10:03:45+00:00,2026,5,5,105666,274,Butland,Jack,Butland,GK,11,88,Hull City,4.4,4.5,-0.1,0,0,0,0,0,0,0,0,0.0,0.0,0.1,648,5021,0.0082,0.0638,-0.0556,0.0,0.0,0.0,0.0,i,Arm injury - Unknown return date,2026-08-08T19:00:05.601633Z,0.0,0.0,0.0,0.0,0.0,0.0,0,0,0,0,0,0,0,0,0,0.0,0.0,0.0,0.0,0,0,0,0,,,,0,False,470,-0.1,79,408,-1.9,-2,False,,-2.5,-1,-3.6,-1,-4.6,-1,5.0,0,0,0,0,0.0,0.0,0,4.232,3.645,4.82,-0.168
2026-10-09,2026-10-09T10:03:45+00:00,2026,5,5,105717,540,Masuaku,Arthur,Masuaku,DEF,20,56,Sunderland,4.0,4.0,0.0,0,0,0,0,0,0,0,0,0.0,0.0,0.1,0,11727,0.0,0.1491,-0.1491,0.0,0.0,0.0,0.0,u,Has joined Konyaspor permanently,2026-08-12T14:08:03.097784Z,0.0,0.0,0.0,0.0,0.0,0.0,0,0,0,0,0,0,0,0,0,0.0,0.0,0.0,0.0,0,0,0,0,,,,0,False,383,0.0,0,794,0.0,-2,False,,0.0,0,0.0,0,0.0,0,5.0,0,0,0,0,0.0,0.0,0,4.007,3.42,4.594,0.007
2026-10-09,2026-10-09T10:03:45+00:00,2026,5,5,106611,231,Keane,Michael,Keane,DEF,9,11,Everton,4.8,5.0,-0.2,0,0,0,0,0,0,0,0,0.0,0.0,0.7,9538,91968,0.1213,1.1694,-1.0481,0.0,0.0,0.0,0.0,a,,,,,0.0,0.0,0.0,0.0,0,0,0,0,0,0,0,0,0,0.0,0.0,0.0,0.0,0,0,0,0,,,,0,False,212,0.0,633,5169,-48.7,-30,False,,-52.6,-3,-59.7,-3,-66.8,-3,5.0,0,0,0,0,0.0,0.0,0,4.55,3.962,5.138,-0.25
2026-10-09,2026-10-09T10:03:45+00:00,2026,5,5,106760,423,Shaw,Luke,Shaw,DEF,16,1,Man Utd,4.3,4.5,-0.2,9,335,4,0,1,0,0,54,2.2,2.1,7.4,104240,1333217,1.3254,16.9521,-15.6267,20.1,92.6,91.6,17.0,a,,2026-09-11T13:00:09.030120Z,50.0,100.0,1.0,0.2,0.5,1.0,2,4,0,5,0,0,0,1,0,0.03,0.58,0.61,4.63,23,6,7,17,,,3.0,0,False,51,-0.1,6756,101288,-7.7,-223,False,,-9.3,-1,-12.2,-1,-15.2,-1,5.0,2546,68,0,8,2.2,15.9,0,4.883,4.293,5.473,0.583
2026-10-09,2026-10-09T10:03:45+00:00,2026,5,5,106921,587,Rulli,Gerónimo,Rulli,GK,15,43,Man City,5.0,5.0,0.0,0,0,0,0,0,0,0,0,0.0,0.0,0.0,621,1133,0.0079,0.0144,-0.0065,0.0,0.0,0.0,0.0,a,,,,,0.0,0.0,0.0,0.0,0,0,0,0,0,0,0,0,0,0.0,0.0,0.0,0.0,0,0,0,0,,,,0,False,566,0.0,89,122,-98.8,0,False,,-98.8,-4,-98.8,-4,-98.8,-4,5.0,0,0,0,0,0.0,0.0,0,4.754,4.165,5.343,-0.246
2026-10-09,2026-10-09T10:03:45+00:00,2026,5,5,108413,212,Hughes,Will,Hughes,MID,8,31,Crystal Palace,4.4,4.5,-0.1,2,29,2,0,0,0,0,9,1.0,0.5,7.1,124945,503130,1.5887,6.3974,-4.8087,2.4,8.0,15.3,0.0,a,,,,,0.5,0.1,0.5,0.5,0,0,0,1,0,0,0,0,0,0.0,0.04,0.04,1.12,7,1,3,3,,,4.0,0,False,54,0.0,11546,64515,-28.5,-243,False,,-31.7,-2,-37.4,-2,-43.2,-3,5.0,220,15,0,0,1.0,3.5,0,4.654,4.066,5.242,0.254
2026-10-09,2026-10-09T10:03:45+00:00,2026,5,5,108416,277,Egan,John,Egan,DEF,11,88,Hull City,4.1,3.9999999999999996,0.1,26,437,5,0,0,3,1,71,5.2,6.3,7.1,774055,227976,9.8423,2.8988,6.9435,13.4,110.8,1.3,21.0,a,,,,,1.5,0.4,1.5,1.5,1,5,0,4,0,0,0,1,0,0.05,0.0,0.05,7.27,59,9,12,50,,,,0,False,55,0.0,50896,41055,28.3,-6,False,,28.2,2,28.1,2,28.0,2,5.0,3321,198,0,0,5.2,38.7,1,4.704,4.109,5.299,0.604
2026-10-09,2026-10-09T10:03:45+00:00,2026,5,5,108813,300,Walton,Christian,Walton,GK,12,40,Ipswich Town,4.4,4.5,-0.1,2,90,1,0,0,0,0,10,2.0,0.5,0.4,4462,15471,0.0567,0.1967,-0.14,1.2,12.0,0.0,0.0,a,,,,,1.0,0.2,1.0,1.0,2,1,1,1,0,0,0,0,0,0.0,0.01,0.01,2.24,0,0,17,2,,,,0,False,269,0.0,2777,1558,-3.1,9,False,,-1.0,-1,0.1,1,0.3,1,5.0,684,15,0,0,2.0,3.5,0,4.297,3.709,4.884,-0.103
2026-10-09,2026-10-09T10:03:45+00:00,2026,5,5,109646,147,Tosin,Tosin,Adarabioyo,DEF,19,6,Spurs,4.4,4.5,-0.1,1,5,1,0,0,0,0,5,1.0,0.2,0.1,2031,8049,0.0258,0.1023,-0.0765,0.9,9.0,0.2,0.0,a,,,,,0.5,0.1,0.5,0.5,0,0,0,0,0,0,0,0,0,0.0,0.0,0.0,0.03,4,2,1,2,,,,0,False,372,0.0,139,697,-45.8,-3,False,,-47.4,-3,-50.3,-3,-53.1,-3,5.0,38,8,0,0,1.0,1.7,0,4.349,3.762,4.937,-0.051
2026-10-09,2026-10-09T10:03:45+00:00,2026,5,5,109745,2,Arrizabalaga,Kepa,Arrizabalaga Revuelta,GK,1,3,Arsenal,4.9,5.0,-0.1,0,0,0,0,0,0,0,0,0.0,0.0,0.1,1526,4327,0.0194,0.055,-0.0356,0.0,0.0,0.0,0.0,a,,,,,0.0,0.0,0.0,0.0,0,0,0,0,0,0,0,0,0,0.0,0.0,0.0,0.0,0,0,0,0,,,,0,False,462,0.0,149,314,-55.5,0,False,,-55.5,-3,-55.5,-3,-55.5,-3,5.0,0,0,0,0,0.0,0.0,0,4.59,4.002,5.179,-0.31
2026-10-09,2026-10-09T10:03:45+00:00,2026,5,5,110690,172,Wilson,Ben,Wilson,GK,7,9,Coventry City,4.4,4.5,-0.1,0,0,0,0,0,0,0,0,0.0,0.0,0.4,1465,12597,0.0186,0.1602,-0.1415,0.0,0.0,0.0,0.0,a,,,,,0.0,0.0,0.0,0.0,0,0,0,0,0,0,0,0,0,0.0,0.0,0.0,0.0,0,0,0,0,,,,0,False,278,0.0,295,900,-7.8,-1,False,,-8.1,-1,-8.7,-1,-9.2,-1,5.0,0,0,0,0,0.0,0.0,0,4.237,3.65,4.825,-0.163
2026-10-09,2026-10-09T10:03:45+00:00,2026,5,5,111234,226,Pickford,Jordan,Pickford,GK,9,11,Everton,5.5,5.5,0.0,25,450,5,0,0,3,1,121,5.0,4.5,9.2,305994,243907,3.8908,3.1013,0.7894,12.0,119.2,0.0,0.0,a,,,,,7.0,1.3,7.0,7.0,8,5,15,3,0,0,0,0,0,0.0,0.02,0.02,6.94,0,0,53,7,,,,0,False,41,0.0,38477,23788,32.6,12,False,,32.7,2,32.9,2,33.1,2,5.0,3420,190,0,0,5.0,34.5,0,5.462,4.87,6.054,-0.038
2026-10-09,2026-10-09T10:03:45+00:00,2026,5,5,111317,74,Brooks,David,Brooks,MID,3,91,Bournemouth,5.0,5.0,0.0,3,45,4,0,0,0,0,8,0.8,0.6,0.1,3428,3900,0.0436,0.0496,-0.006,3.5,9.2,23.6,2.0,a,,2026-08-15T16:30:07.037929Z,100.0,100.0,0.5,0.1,0.5,0.5,1,0,0,2,0,0,0,1,0,0.0,0.07,0.07,0.75,5,0,3,2,,3.0,4.0,0,False,494,0.0,246,442,-25.4,-3,False,,-30.6,-2,-39.9,-2,-49.2,-3,5.0,342,23,0,0,0.7,4.6,0,4.841,4.252,5.429,-0.159
2026-10-09,2026-10-09T10:03:45+00:00,2026,5,5,112520,301,Palmer,Alex,Palmer,GK,12,40,Ipswich Town,4.0,4.0,0.0,0,0,0,0,0,0,0,0,0.0,0.0,3.8,77756,118665,0.9887,1.5088,-0.5202,0.0,0.0,0.0,0.0,a,,,,,0.0,0.0,0.0,0.0,0,0,0,0,0,0,0,0,0,0.0,0.0,0.0,0.0,0,0,0,0,,,,0,False,90,0.0,7160,17426,-29.1,-18,False,,-29.5,-2,-30.3,-2,-31.1,-2,5.0,0,0,0,0,0.0,0.0,0,4.051,3.464,4.639,0.051
2026-10-09,2026-10-09T10:03:45+00:00,2026,5,5,114243,457,J.Murphy,Jacob,Murphy,MID,17,4,Newcastle,5.9,6.0,-0.1,3,181,5,0,0,0,0,21,0.6,0.5,0.1,6397,11268,0.0813,0.1433,-0.0619,4.9,13.0,26.9,10.0,a,,,,,0.5,0.1,0.5,0.5,1,2,0,5,0,0,0,3,0,0.03,0.41,0.44,4.96,18,4,10,4,,,4.0,0,False,377,0.0,1294,1089,-19.3,7,False,,-14.9,-1,-7.0,-1,0.0,0,5.0,1376,23,0,0,0.6,3.9,0,5.263,4.675,5.851,-0.637
2026-10-09,2026-10-09T10:03:45+00:00,2026,5,5,114283,238,Grealish,Jack,Grealish,MID,9,11,Everton,6.5,6.5,0.0,6,135,4,0,0,1,0,36,1.5,0.9,0.5,42631,24269,0.5421,0.3086,0.2335,11.4,21.6,71.7,20.0,a,,2026-07-29T10:00:10.492904Z,100.0,100.0,2.0,0.3,2.0,2.0,3,1,0,1,0,0,0,0,0,0.02,0.44,0.46,1.67,13,3,8,2,,,,0,False,253,0.0,5587,3985,10.0,28,False,,10.3,1,10.7,1,11.2,1,5.0,1026,46,0,0,1.5,7.0,0,5.76,5.172,6.348,-0.74
2026-10-09,2026-10-09T10:03:45+00:00,2026,5,5,115556,508,Davies,Ben,Davies,DEF,19,6,Spurs,3.9,4.0,-0.1,0,0,0,0,0,0,0,0,0.0,0.0,0.9,21637,42968,0.2751,0.5463,-0.2712,0.0,0.0,0.0,0.0,a,,,,,0.0,0.0,0.0,0.0,0,0,0,0,0,0,0,0,0,0.0,0.0,0.0,0.0,0,0,0,0,,,,0,False,187,-0.1,9841,5525,1.9,11,False,,2.0,1,2.2,1,2.4,1,5.0,0,0,0,0,0.0,0.0,0,4.067,3.479,4.655,0.167
2026-10-09,2026-10-09T10:03:45+00:00,2026,5,5,116535,350,A.Becker,Alisson,Becker,GK,14,14,Liverpool,5.5,5.5,0.0,27,450,5,0,0,3,5,96,5.4,4.9,4.2,152756,150081,1.9423,1.9083,0.034,9.9,99.2,0.0,0.0,a,,,,,8.5,1.5,8.5,8.5,8,5,14,4,0,0,0,1,0,0.0,0.0,0.0,6.12,0,0,47,10,,,,0,False,81,0.0,19438,16557,1.8,-14,False,,1.7,1,1.5,1,1.3,1,5.0,3420,205,0,0,5.4,37.3,0,5.512,4.919,6.106,0.012
2026-10-09,2026-10-09T10:03:45+00:00,2026,5,5,119090,618,Goretzka,Leon,Goretzka,MID,2,7,Aston Villa,5.9,6.0,-0.1,0,0,0,0,0,0,0,0,0.0,0.0,0.0,4644,4790,0.059,0.0609,-0.0019,0.0,0.0,0.0,0.0,i,Knee injury - Expected back 10 Oct,2026-09-09T09:30:08.229436Z,0.0,0.0,0.0,0.0,0.0,0.0,0,0,0,0,0,0,0,0,0,0.0,0.0,0.0,0.0,0,0,0,0,,,,0,False,557,0.0,35,476,-50.0,-2,False,,-52.9,-3,-58.2,-3,-63.6,-3,5.0,0,0,0,0,0.0,0.0,0,5.316,4.727,5.905,-0.584
2026-10-09,2026-10-09T10:03:45+00:00,2026,5,5,119471,446,Schär,Fabian,Schär,DEF,17,4,Newcastle,4.9,5.0,-0.1,2,25,2,0,0,0,0,0,1.0,0.4,0.2,7423,14082,0.0944,0.1791,-0.0847,3.6,25.0,10.5,0.0,a,,2026-08-15T16:30:07.209742Z,100.0,100.0,0.5,0.1,0.5,0.5,1,0,0,2,0,0,0,0,0,0.0,0.01,0.01,1.87,7,0,0,7,,2.0,,0,False,326,0.0,912,1136,-8.1,10,False,,-3.7,-1,0.1,1,0.2,1,5.0,190,15,0,0,1.0,3.1,0,4.579,3.991,5.167,-0.321
2026-10-09,2026-10-09T10:03:45+00:00,2026,5,5,121709,199,Benitez,Walter,Benítez,GK,8,31,Crystal Palace,4.5,4.5,0.0,8,180,2,0,0,1,0,29,4.0,1.8,0.1,4196,4975,0.0534,0.0633,-0.0099,3.8,37.4,0.0,0.0,a,,,,,4.0,0.9,4.0,4.0,6,2,5,3,0,0,0,0,0,0.0,0.0,0.0,2.99,0,0,11,2,,,,0,False,393,0.0,1104,558,-19.3,4,False,,-16.2,-1,-10.6,-1,-4.9,-1,5.0,1368,61,0,0,4.0,13.5,0,4.523,3.934,5.111,0.023
2026-10-09,2026-10-09T10:03:45+00:00,2026,5,5,122074,386,Bettinelli,Marcus,Bettinelli,GK,15,43,Man City,4.5,4.5,0.0,0,0,0,0,0,0,0,0,0.0,0.0,0.0,591,1144,0.0075,0.0145,-0.007,0.0,0.0,0.0,0.0,a,,,,,0.0,0.0,0.0,0.0,0,0,0,0,0,0,0,0,0,0.0,0.0,0.0,0.0,0,0,0,0,,,,0,False,551,0.0,76,108,-94.4,0,False,,-94.4,-3,-94.4,-3,-94.4,-3,5.0,0,0,0,0,0.0,0.0,0,4.479,3.89,5.068,-0.021
2026-10-09,2026-10-09T10:03:45+00:00,2026,5,5,122798,502,Robertson,Andrew,Robertson,DEF,19,6,Spurs,4.4,4.5,-0.1,17,366,5,0,1,1,1,68,3.4,3.9,2.5,71122,190744,0.9043,2.4253,-1.521,25.4,89.6,123.9,41.0,a,,,,,5.5,1.2,5.5,5.5,4,4,0,7,0,0,0,0,0,0.13,0.43,0.56,7.05,20,5,15,15,,,,0,False,115,0.0,9450,20068,-1.7,-73,False,,-4.4,-1,-9.4,-1,-14.3,-1,5.0,2782,129,0,8,3.4,29.4,0,5.064,4.475,5.654,0.664
2026-10-09,2026-10-09T10:03:45+00:00,2026,5,5,122806,45,McGinn,John,McGinn,MID,2,7,Aston Villa,5.4,5.5,-0.1,17,434,5,0,2,2,1,65,3.4,3.1,2.2,74993,160321,0.9535,2.0385,-1.085,14.8,52.4,84.9,15.0,a,,,,,6.0,1.1,6.0,6.0,6,5,0,7,0,0,0,2,0,0.77,0.24,1.01,8.29,30,5,17,8,,,1.0,0,False,122,0.0,11162,13359,-21.8,-17,False,,-22.5,-2,-23.9,-2,-25.2,-2,5.0,3298,129,0,15,3.4,23.9,0,5.876,5.284,6.467,0.476
2026-10-09,2026-10-09T10:03:45+00:00,2026,5,5,128295,21,Nørgaard,Christian,Nørgaard,MID,9,11,Everton,4.8,5.0,-0.2,0,0,0,0,0,0,0,0,0.0,0.0,0.0,518,7565,0.0066,0.0962,-0.0896,0.0,0.0,0.0,0.0,i,Groin injury - Unknown return date,2026-08-15T20:00:06.779594Z,0.0,0.0,0.0,0.0,0.0,0.0,0,0,0,0,0,0,0,0,0,0.0,0.0,0.0,0.0,0,0,0,0,,,,0,False,512,-0.1,78,463,-3.5,-4,False,,-5.5,-1,-9.1,-1,-12.7,-1,5.0,0,0,0,0,0.0,0.0,0,4.793,4.205,5.38,-0.007
2026-10-09,2026-10-09T10:03:45+00:00,2026,5,5,135720,501,Danso,Kevin,Danso,DEF,20,56,Sunderland,5.0,5.0,0.0,3,270,3,0,0,0,0,7,1.0,0.6,0.2,6985,10061,0.0888,0.1279,-0.0391,11.0,55.2,32.9,21.0,a,,,,,0.5,0.1,0.5,0.5,0,3,0,8,0,0,0,0,0,0.07,0.17,0.24,5.91,20,1,11,19,,,,0,False,358,0.0,1560,1024,-80.9,17,False,,-71.4,-3,-54.2,-3,-36.9,-2,5.0,2052,23,0,0,1.0,4.6,0,4.433,3.845,5.021,-0.567
2026-10-09,2026-10-09T10:03:45+00:00,2026,5,5,138001,228,King,Tom,King,GK,9,11,Everton,4.5,4.5,0.0,0,0,0,0,0,0,0,0,0.0,0.0,0.0,1214,1775,0.0154,0.0226,-0.0071,0.0,0.0,0.0,0.0,a,,,,,0.0,0.0,0.0,0.0,0,0,0,0,0,0,0,0,0,0.0,0.0,0.0,0.0,0,0,0,0,,,,0,False,508,0.0,147,208,-46.8,0,False,,-46.8,-3,-46.8,-3,-46.8,-3,5.0,0,0,0,0,0.0,0.0,0,4.303,3.714,4.891,-0.197
2026-10-09,2026-10-09T10:03:45+00:00,2026,5,5,141746,426,B.Fernandes,Bruno,Borges Fernandes,MID,16,1,Man Utd,11.9,12.0,-0.1,31,450,5,3,1,0,3,148,6.2,2.6,38.2,686124,1914591,8.7242,24.3444,-15.6202,54.6,187.0,241.7,117.0,a,,,,,2.0,0.2,2.0,2.0,2,5,0,8,0,0,0,0,0,2.56,1.32,3.88,6.8,29,5,21,3,1.0,1.0,1.0,1,False,6,-0.1,74524,261641,-1.5,-51,False,,-1.6,-1,-1.7,-1,-1.9,-1,5.0,3420,236,23,8,6.2,19.8,0,11.949,11.352,12.546,0.049
2026-10-09,2026-10-09T10:03:45+00:00,2026,5,5,146426,279,Ajayi,Semi,Ajayi,DEF,11,88,Hull City,4.2,4.0,0.2,27,423,5,1,0,3,2,79,5.4,6.4,13.9,1373061,327711,17.4587,4.1669,13.2918,14.1,85.6,4.2,51.0,a,,2026-08-22T17:30:07.668197Z,100.0,100.0,1.0,0.2,1.0,1.0,1,5,0,4,0,0,0,1,0,0.66,0.01,0.67,6.43,27,6,16,21,,,,1,False,30,0.0,61676,77209,74.6,6,False,,74.7,3,74.8,3,74.9,3,5.0,3215,205,8,0,5.4,38.7,1,5.358,4.766,5.95,1.158
2026-10-09,2026-10-09T10:03:45+00:00,2026,5,5,147675,320,Akpom,Chuba,Akpom,FWD,12,40,Ipswich Town,5.0,5.0,0.0,7,78,3,1,0,0,0,36,2.3,1.4,1.1,132114,76736,1.6799,0.9757,0.7041,6.1,34.6,2.5,24.0,a,,,,,0.5,0.1,0.5,0.5,1,0,0,4,0,0,0,0,0,1.14,0.0,1.14,4.2,3,1,2,0,,,,0,False,164,0.0,6158,12303,25.6,-50,False,,25.2,2,24.4,2,23.6,2,5.0,593,53,8,0,2.3,10.6,0,5.517,4.929,6.105,0.517
2026-10-09,2026-10-09T10:03:45+00:00,2026,5,5,149484,33,Mings,Tyrone,Mings,DEF,2,7,Aston Villa,4.5,4.5,0.0,10,261,4,0,0,1,0,43,2.5,2.2,0.4,17710,18061,0.2252,0.2296,-0.0045,8.2,59.8,5.6,17.0,a,,,,,1.5,0.3,1.5,1.5,3,2,0,4,0,0,0,1,0,0.2,0.02,0.22,4.43,24,4,7,20,,,,0,False,270,0.0,2990,2037,1.2,9,False,,1.3,1,1.4,1,1.6,1,5.0,1984,76,0,0,2.5,16.9,0,4.451,3.863,5.038,-0.049
2026-10-09,2026-10-09T10:03:45+00:00,2026,5,5,149929,311,Burns,Wes,Burns,MID,12,40,Ipswich Town,5.0,5.0,0.0,0,0,0,0,0,0,0,0,0.0,0.0,0.0,0,349,0.0,0.0044,-0.0044,0.0,0.0,0.0,0.0,u,Has joined Leicester City permanently,2026-08-10T14:02:47.597478Z,0.0,0.0,0.0,0.0,0.0,0.0,0,0,0,0,0,0,0,0,0,0.0,0.0,0.0,0.0,0,0,0,0,,,,0,False,655,0.0,0,10,0.0,0,False,,0.0,0,0.0,0,0.0,0,5.0,0,0,0,0,0.0,0.0,0,4.801,4.214,5.389,-0.199
2026-10-09,2026-10-09T10:03:45+00:00,2026,5,5,152551,213,Lerma,Jefferson,Lerma Solís,MID,8,31,Crystal Palace,4.8,5.0,-0.2,1,51,2,0,0,0,0,6,0.5,0.2,0.1,1336,5673,0.017,0.0721,-0.0551,3.0,17.6,0.8,11.0,a,,,,,0.5,0.1,0.5,0.5,0,0,0,1,0,0,0,1,0,0.26,0.0,0.26,1.25,12,2,3,7,,,,0,False,457,-0.1,130,492,-4.4,2,False,,-2.9,-1,-0.0,0,0.0,0,5.0,388,8,0,0,0.5,1.6,0,4.7,4.112,5.287,-0.1
2026-10-09,2026-10-09T10:03:45+00:00,2026,5,5,153133,261,Iwobi,Alex,Iwobi,MID,10,54,Fulham,5.4,5.5,-0.1,14,408,5,0,0,2,2,94,2.8,2.6,0.7,25907,57097,0.3294,0.726,-0.3966,27.7,60.6,167.5,49.0,a,,,,,4.0,0.7,4.0,4.0,5,5,0,7,0,0,0,0,0,0.39,1.22,1.61,8.16,29,5,19,5,3.0,1.0,1.0,0,False,219,0.0,6987,4736,-45.8,65,False,,-36.9,-2,-20.6,-2,-4.4,-1,5.0,3101,106,0,0,2.8,19.7,0,5.186,4.598,5.774,-0.214
2026-10-09,2026-10-09T10:03:45+00:00,2026,5,5,153366,270,Reed,Harrison,Reed,MID,10,54,Fulham,4.4,4.5,-0.1,0,0,0,0,0,0,0,0,0.0,0.0,1.1,36914,75438,0.4694,0.9592,-0.4898,0.0,0.0,0.0,0.0,a,,,,,0.0,0.0,0.0,0.0,0,0,0,0,0,0,0,0,0,0.0,0.0,0.0,0.0,0,0,0,0,,,,0,False,169,0.0,3422,9213,-18.1,-35,False,,-21.1,-2,-26.4,-2,-31.8,-2,5.0,0,0,0,0,0.0,0.0,0,4.521,3.933,5.108,0.121
2026-10-09,2026-10-09T10:03:45+00:00,2026,5,5,153682,260,Wilson,Harry,Wilson,MID,13,2,Leeds,6.2,6.5,-0.3,5,145,4,0,0,1,0,19,1.2,0.8,1.5,29066,469650,0.3696,5.9717,-5.6021,8.5,19.2,52.4,12.0,d,Thigh injury - 75% chance of playing,2026-09-18T13:30:09.626858Z,0.0,75.0,0.5,0.1,0.0,0.4,0,1,0,1,0,0,0,1,0,0.01,0.09,0.1,3.28,11,4,4,3,,2.0,2.0,0,False,147,0.0,95,52948,-0.1,0,False,2026-10-16T14:00:11.701762Z,-0.1,-1,-0.1,-1,-0.1,-1,5.0,1102,38,0,0,1.2,6.1,0,5.576,4.989,6.164,-0.624
2026-10-09,2026-10-09T10:03:45+00:00,2026,5,5,154043,649,Maitland-Niles,Ainsley,Maitland-Niles,DEF,9,11,Everton,4.5,4.5,0.0,21,177,3,1,0,2,2,75,7.0,4.7,1.5,99519,17161,1.2654,0.2182,1.0472,11.4,67.2,38.8,8.0,a,,,,,7.0,1.6,7.0,7.0,8,2,0,1,0,0,0,0,0,0.06,0.25,0.31,2.0,13,5,7,8,,,,0,False,152,0.0,26487,7269,20.3,65,False,,20.9,2,21.9,2,23.0,2,5.0,1345,160,8,0,7.0,35.5,0,5.686,5.091,6.282,1.186
2026-10-09,2026-10-09T10:03:45+00:00,2026,5,5,154561,1,Raya,David,Raya Martín,GK,1,3,Arsenal,6.1,6.0,0.1,30,450,5,0,0,3,3,104,6.0,4.9,42.7,1032805,662604,13.1323,8.4251,4.7072,10.6,104.6,0.2,0.0,a,,,,,7.5,1.2,7.5,7.5,1,5,9,4,0,1,0,0,0,0.0,0.01,0.01,4.03,0,1,58,6,,,,1,False,4,0.1,192406,70200,3.4,352,False,,4.6,1,6.7,1,8.8,1,5.0,3420,228,0,0,6.0,37.4,0,6.458,5.858,7.057,0.358
2026-10-09,2026-10-09T10:03:45+00:00,2026,5,5,154566,526,Solanke,Dominic,Solanke-Mitchell,FWD,19,6,Spurs,5.8,6.0,-0.2,7,170,5,0,0,1,0,21,1.4,1.2,0.8,30445,96652,0.3871,1.2289,-0.8418,6.1,8.4,17.5,37.0,a,,,,,2.0,0.3,2.0,2.0,2,2,0,1,0,0,0,0,0,0.56,0.01,0.57,2.57,9,2,5,2,,,,0,False,198,0.0,2898,7601,-39.7,-28,False,,-42.9,-3,-48.6,-3,-54.4,-3,5.0,1292,53,0,0,1.4,9.2,0,5.418,4.83,6.006,-0.382
2026-10-09,2026-10-09T10:03:45+00:00,2026,5,5,155405,408,Phillips,Kalvin,Phillips,MID,15,43,Man City,5.0,5.0,0.0,0,0,0,0,0,0,0,0,0.0,0.0,0.0,0,577,0.0,0.0073,-0.0073,0.0,0.0,0.0,0.0,u,Has joined Sheffield United on loan for the rest of the season,2026-08-18T14:11:56.348781Z,0.0,0.0,0.0,0.0,0.0,0.0,0,0,0,0,0,0,0,0,0,0.0,0.0,0.0,0.0,0,0,0,0,,,,0,False,639,0.0,0,18,0.0,0,False,,0.0,0,0.0,0,0.0,0,5.0,0,0,0,0,0.0,0.0,0,5.025,4.437,5.613,0.025
2026-10-09,2026-10-09T10:03:45+00:00,2026,5,5,155408,71,Cook,Lewis,Cook,MID,3,91,Bournemouth,5.0,5.0,0.0,8,180,5,0,0,2,0,25,1.6,1.6,0.2,13173,14248,0.1675,0.1812,-0.0137,2.8,11.8,15.8,0.0,a,,,,,0.5,0.1,0.5,0.5,1,2,0,1,0,0,0,1,0,0.0,0.01,0.01,4.2,14,1,6,7,,,,0,False,359,0.0,339,1467,-20.0,-7,False,,-23.7,-2,-30.4,-2,-37.1,-2,5.0,1368,61,0,0,1.6,12.2,0,4.92,4.331,5.508,-0.08
2026-10-09,2026-10-09T10:03:45+00:00,2026,5,5,155465,629,Zetterer,Michael,Zetterer,GK,13,2,Leeds,4.0,4.0,0.0,0,0,0,0,0,0,0,0,0.0,0.0,0.7,59458,14669,0.756,0.1865,0.5695,0.0,0.0,0.0,0.0,a,,,,,0.0,0.0,0.0,0.0,0,0,0,0,0,0,0,0,0,0.0,0.0,0.0,0.0,0,0,0,0,,,,0,False,221,0.0,4018,3294,2.4,-5,False,,2.4,1,2.3,1,2.3,1,5.0,0,0,0,0,0.0,0.0,0,4.0,3.412,4.587,0.0
2026-10-09,2026-10-09T10:03:45+00:00,2026,5,5,155503,352,Woodman,Freddie,Woodman,GK,14,14,Liverpool,4.0,4.0,0.0,0,0,0,0,0,0,0,0,0.0,0.0,1.0,18575,27910,0.2362,0.3549,-0.1187,0.0,0.0,0.0,0.0,a,,,,,0.0,0.0,0.0,0.0,0,0,0,0,0,0,0,0,0,0.0,0.0,0.0,0.0,0,0,0,0,,,,0,False,178,0.0,1081,3052,-35.7,-1,False,,-35.7,-2,-35.8,-2,-35.9,-2,5.0,0,0,0,0,0.0,0.0,0,4.117,3.529,4.706,0.117
2026-10-09,2026-10-09T10:03:45+00:00,2026,5,5,158499,75,Christie,Ryan,Christie,MID,3,91,Bournemouth,5.0,5.0,0.0,5,102,4,0,0,0,0,15,1.2,1.0,0.0,3764,2277,0.0479,0.029,0.0189,5.2,9.4,17.1,31.0,a,,2026-07-24T17:30:10.035483Z,100.0,100.0,1.5,0.3,1.5,1.5,2,1,0,2,0,0,0,0,0,0.5,0.13,0.63,1.64,14,1,10,3,,,,0,False,524,0.0,509,332,0.5,6,False,,0.5,1,0.6,1,0.7,1,5.0,775,38,0,0,1.2,7.6,0,4.875,4.287,5.463,-0.125
2026-10-09,2026-10-09T10:03:45+00:00,2026,5,5,158983,374,Endo,Endo,Wataru,MID,14,14,Liverpool,4.9,5.0,-0.1,0,0,0,0,0,0,0,0,0.0,0.0,0.1,2348,4869,0.0299,0.0619,-0.0321,0.0,0.0,0.0,0.0,a,,2026-07-23T12:01:23.612529Z,100.0,100.0,0.0,0.0,0.0,0.0,0,0,0,0,0,0,0,0,0,0.0,0.0,0.0,0.0,0,0,0,0,,,,0,False,478,0.0,185,503,-70.8,0,False,,-70.8,-3,-70.8,-3,-70.8,-3,5.0,0,0,0,0,0.0,0.0,0,4.887,4.3,5.475,-0.013
2026-10-09,2026-10-09T10:03:45+00:00,2026,5,5,159506,473,Aina,Ola,Aina,DEF,18,17,Nott'm Forest,4.4,4.5,-0.1,8,306,4,0,0,1,0,45,2.0,1.8,2.3,69650,177861,0.8856,2.2615,-1.3759,12.7,58.2,53.3,15.0,a,,,,,1.0,0.2,1.0,1.0,0,4,0,3,0,0,0,2,0,0.04,0.53,0.57,3.72,22,10,14,12,,,,0,False,120,-0.1,1537,28074,-7.2,-92,False,,-9.4,-1,-13.4,-1,-17.4,-1,5.0,2326,61,0,0,2.0,13.8,0,4.363,3.777,4.95,-0.037
2026-10-09,2026-10-09T10:03:45+00:00,2026,5,5,160817,285,McNair,Paddy,McNair,DEF,11,88,Hull City,4.0,4.0,0.0,1,26,1,0,0,0,0,3,1.0,0.2,0.1,3203,4846,0.0407,0.0616,-0.0209,0.4,4.2,0.0,0.0,a,,2026-09-09T13:30:08.327907Z,100.0,100.0,0.0,0.0,0.0,0.0,0,0,0,0,0,0,0,0,0,0.0,0.0,0.0,0.96,2,0,1,2,,,,0,False,399,0.0,250,537,-47.9,-3,False,,-50.1,-3,-54.0,-3,-57.9,-3,5.0,198,8,0,0,1.0,1.9,0,4.028,3.441,4.615,0.028
2026-10-09,2026-10-09T10:03:45+00:00,2026,5,5,166477,258,Castagne,Timothy,Castagne,DEF,10,54,Fulham,4.5,4.5,0.0,20,408,5,0,2,2,0,64,4.0,4.4,1.0,101635,46363,1.2923,0.5895,0.7028,20.6,90.4,58.6,57.0,a,,,,,3.5,0.8,3.5,3.5,1,5,0,7,0,0,0,2,0,0.67,0.39,1.06,6.81,29,6,18,23,,,,0,False,174,0.0,24993,7634,18.2,158,False,,19.6,1,22.1,2,24.7,2,5.0,3101,152,0,15,4.0,33.8,0,5.353,4.76,5.945,0.853
2026-10-09,2026-10-09T10:03:45+00:00,2026,5,5,166989,43,Tielemans,Youri,Tielemans,MID,16,1,Man Utd,5.8,6.0,-0.2,14,402,5,0,0,0,0,93,2.8,2.4,1.5,45682,164117,0.5809,2.0868,-1.5059,24.4,87.2,112.6,43.0,a,,2026-07-23T12:01:23.321726Z,100.0,100.0,3.0,0.5,3.0,3.0,4,5,0,8,0,0,0,0,0,0.65,0.52,1.17,6.16,43,7,25,11,3.0,,,0,False,151,0.0,4235,13493,-45.2,-33,False,,-47.3,-3,-51.1,-3,-55.0,-3,5.0,3055,106,0,0,2.8,18.3,0,5.528,4.939,6.116,-0.272
2026-10-09,2026-10-09T10:03:45+00:00,2026,5,5,167074,256,Tete,Kenny,Tete,DEF,10,54,Fulham,4.4,4.5,-0.1,0,27,1,0,0,0,0,-1,0.0,0.0,0.2,1447,10680,0.0184,0.1358,-0.1174,0.4,1.6,0.3,2.0,a,,2026-09-18T12:30:09.546158Z,0.0,100.0,0.0,0.0,0.0,0.0,0,0,0,0,0,0,0,1,0,0.0,0.0,0.0,0.65,3,0,0,3,,,,0,False,344,0.0,116,1235,-3.5,-5,False,,-6.1,-1,-11.0,-1,-15.8,-1,5.0,205,0,0,0,0.0,0.0,0,4.18,3.593,4.768,-0.22
2026-10-09,2026-10-09T10:03:45+00:00,2026,5,5,167512,539,O'Nien,Luke,O'Nien,DEF,20,56,Sunderland,3.9,4.0,-0.1,1,66,1,0,0,0,0,1,1.0,0.3,2.5,37683,126802,0.4791,1.6123,-1.1332,1.7,11.4,1.4,4.0,a,,,,,0.0,0.0,0.0,0.0,0,1,0,1,0,0,0,1,0,0.01,0.01,0.02,1.69,5,1,4,4,,,,0,False,113,-0.1,22940,16902,4.8,-12,False,,4.7,1,4.5,1,4.3,1,5.0,502,8,0,0,1.0,1.9,0,4.018,3.431,4.605,0.118
2026-10-09,2026-10-09T10:03:45+00:00,2026,5,5,167825,273,Phillips,Dillon,Phillips,GK,11,88,Hull City,4.0,4.0,0.0,0,0,0,0,0,0,0,0,0.0,0.0,1.4,30504,40114,0.3879,0.5101,-0.1222,0.0,0.0,0.0,0.0,a,,,,,0.0,0.0,0.0,0.0,0,0,0,0,0,0,0,0,0,0.0,0.0,0.0,0.0,0,0,0,0,,,,0,False,156,0.0,4379,5231,-32.2,-3,False,,-32.4,-2,-32.8,-2,-33.1,-2,5.0,0,0,0,0,0.0,0.0,0,4.011,3.424,4.599,0.011
2026-10-09,2026-10-09T10:03:45+00:00,2026,5,5,168144,184,Grimes,Matt,Grimes,MID,7,9,Coventry City,4.9,5.0,-0.1,11,443,5,0,0,1,0,62,2.2,2.2,0.1,4144,11600,0.0527,0.1475,-0.0948,11.8,64.4,48.0,6.0,a,,,,,2.5,0.5,2.5,2.5,3,5,0,9,0,0,0,0,0,0.12,0.13,0.25,8.42,38,9,16,13,3.0,,1.0,0,False,397,0.0,247,1209,-38.3,-4,False,,-41.6,-3,-47.5,-3,-53.4,-3,5.0,3367,84,0,0,2.2,17.1,0,4.807,4.219,5.395,-0.093
2026-10-09,2026-10-09T10:03:45+00:00,2026,5,5,168636,80,Enes Ünal,Enes,Ünal,FWD,3,91,Bournemouth,5.5,5.5,0.0,0,0,0,0,0,0,0,0,0.0,0.0,0.0,0,1995,0.0,0.0254,-0.0254,0.0,0.0,0.0,0.0,u,Has joined Getafe permanently,2026-08-14T14:14:21.881112Z,0.0,0.0,0.0,0.0,0.0,0.0,0,0,0,0,0,0,0,0,0,0.0,0.0,0.0,0.0,0,0,0,0,,,,0,False,590,0.0,0,63,0.0,0,False,,0.0,0,0.0,0,0.0,0,5.0,0,0,0,0,0.0,0.0,0,5.079,4.489,5.668,-0.421
2026-10-09,2026-10-09T10:03:45+00:00,2026,5,5,169359,556,Targett,Matt,Targett,DEF,11,88,Hull City,4.0,4.0,0.0,1,5,1,0,0,0,0,3,1.0,0.2,1.6,24870,90864,0.3162,1.1554,-0.8391,0.0,0.4,0.0,0.0,d,Ankle injury - 75% chance of playing,2026-09-17T14:00:26.419938Z,75.0,75.0,0.0,0.0,0.0,0.0,0,0,0,0,0,0,0,0,0,0.0,0.0,0.0,0.07,0,0,1,0,,,,0,False,141,0.0,146,13588,-87.6,-47,False,,-89.1,-3,-91.8,-3,-94.5,-3,5.0,38,8,0,0,1.0,1.9,0,4.069,3.481,4.656,0.069
2026-10-09,2026-10-09T10:03:45+00:00,2026,5,5,169432,295,McBurnie,Oli,McBurnie,FWD,11,88,Hull City,5.5,5.5,0.0,13,441,5,0,2,3,0,52,2.6,2.4,1.9,193188,159022,2.4564,2.022,0.4344,23.0,47.2,69.1,114.0,a,,,,,2.5,0.5,2.5,2.5,1,5,0,4,0,0,0,3,0,1.23,0.13,1.36,7.21,21,3,9,9,1.0,,,0,False,130,0.0,12202,23675,29.7,-23,False,,29.5,2,29.1,2,28.7,2,5.0,3352,99,0,15,2.6,18.0,0,5.765,5.172,6.358,0.265
2026-10-09,2026-10-09T10:03:45+00:00,2026,5,5,169528,254,Robinson,Antonee,Robinson,DEF,10,54,Fulham,4.5,4.5,0.0,12,429,5,0,0,1,0,65,2.4,2.7,1.6,73319,75040,0.9323,0.9541,-0.0219,21.8,93.6,106.7,18.0,a,,,,,4.0,0.9,4.0,4.0,2,5,0,8,0,0,0,0,0,0.26,0.3,0.56,9.08,31,13,20,18,2.0,,,0,False,142,0.0,30834,11065,0.4,216,False,,2.3,1,5.8,1,9.3,1,5.0,3260,91,0,0,2.4,20.3,0,4.419,3.832,5.006,-0.081
2026-10-09,2026-10-09T10:03:45+00:00,2026,5,5,169593,555,Matthews,Remi,Matthews,GK,8,31,Crystal Palace,4.0,4.0,0.0,0,0,0,0,0,0,0,0,0.0,0.0,1.7,23733,32301,0.3018,0.4107,-0.1089,0.0,0.0,0.0,0.0,a,,,,,0.0,0.0,0.0,0.0,0,0,0,0,0,0,0,0,0,0.0,0.0,0.0,0.0,0,0,0,0,,,,0,False,136,0.0,1549,3861,-10.6,-8,False,,-11.0,-1,-11.9,-1,-12.7,-1,5.0,0,0,0,0,0.0,0.0,0,4.002,3.414,4.59,0.002
2026-10-09,2026-10-09T10:03:45+00:00,2026,5,5,171270,288,Dowell,Kieran,Dowell,MID,11,88,Hull City,4.4,4.5,-0.1,0,0,0,0,0,0,0,0,0.0,0.0,0.3,12532,22242,0.1593,0.2828,-0.1235,0.0,0.0,0.0,0.0,a,,,,,0.0,0.0,0.0,0.0,0,0,0,0,0,0,0,0,0,0.0,0.0,0.0,0.0,0,0,0,0,,,,0,False,295,-0.1,775,2659,-2.4,-8,False,,-3.9,-1,-6.7,-1,-9.4,-1,5.0,0,0,0,0,0.0,0.0,0,4.507,3.92,5.094,0.107
2026-10-09,2026-10-09T10:03:45+00:00,2026,5,5,171287,359,Gomez,Joe,Gomez,DEF,14,14,Liverpool,4.9,5.0,-0.1,0,0,0,0,0,0,0,0,0.0,0.0,0.0,834,1203,0.0106,0.0153,-0.0047,0.0,0.0,0.0,0.0,a,,2026-07-26T08:30:10.078473Z,100.0,100.0,0.0,0.0,0.0,0.0,0,0,0,0,0,0,0,0,0,0.0,0.0,0.0,0.0,0,0,0,0,,,,0,False,560,0.0,414,139,0.1,5,False,,0.1,1,0.2,1,0.3,1,5.0,0,0,0,0,0.0,0.0,0,4.631,4.043,5.219,-0.269
2026-10-09,2026-10-09T10:03:45+00:00,2026,5,5,171314,390,Rúben,Rúben,dos Santos Gato Alves Dias,DEF,15,43,Man City,5.5,5.5,0.0,17,450,5,0,0,2,0,72,3.4,3.1,1.9,68640,76583,0.8728,0.9738,-0.101,18.7,94.2,47.3,46.0,a,,,,,3.5,0.6,3.5,3.5,1,5,0,5,0,0,0,0,0,0.29,0.74,1.03,7.25,26,1,16,25,,,,0,False,129,0.0,6052,11781,3.9,-28,False,,3.7,1,3.2,1,2.8,1,5.0,3420,129,0,0,3.4,23.5,0,5.268,4.68,5.857,-0.232
2026-10-09,2026-10-09T10:03:45+00:00,2026,5,5,172453,319,Szmodics,Sam,Szmodics,MID,12,40,Ipswich Town,5.0,5.0,0.0,0,0,0,0,0,0,0,0,0.0,0.0,0.0,0,767,0.0,0.0098,-0.0098,0.0,0.0,0.0,0.0,u,Has joined Derby County on loan for the rest of the season,2026-08-17T13:51:41.713979Z,0.0,0.0,0.0,0.0,0.0,0.0,0,0,0,0,0,0,0,0,0,0.0,0.0,0.0,0.0,0,0,0,0,,,,0,False,652,0.0,0,20,0.0,0,False,,0.0,0,0.0,0,0.0,0,5.0,0,0,0,0,0.0,0.0,0,4.801,4.214,5.389,-0.199
2026-10-09,2026-10-09T10:03:45+00:00,2026,5,5,172649,198,Henderson,Dean,Henderson,GK,8,31,Crystal Palace,4.9,5.0,-0.1,5,270,3,0,0,0,0,37,1.7,1.0,1.2,55310,123746,0.7033,1.5735,-0.8702,9.6,96.8,0.0,0.0,i,Foot injury - Expected back 11 Oct,2026-09-12T14:00:09.378740Z,0.0,0.0,0.0,0.0,0.0,0.0,0,3,12,8,0,0,0,0,0,0.0,0.0,0.0,6.47,0,0,31,6,,,,0,False,163,-0.1,184,14838,-2.7,-80,False,,-4.0,-1,-6.3,-1,-8.5,-1,5.0,2052,38,0,0,1.7,7.8,0,4.485,3.896,5.074,-0.415
2026-10-09,2026-10-09T10:03:45+00:00,2026,5,5,172780,515,Maddison,James,Maddison,MID,19,6,Spurs,6.3,6.5,-0.2,3,59,3,0,0,0,0,18,1.0,0.5,0.4,6136,96855,0.078,1.2315,-1.1535,5.6,21.8,14.5,19.0,a,,2026-08-25T14:30:07.623508Z,100.0,100.0,1.0,0.2,1.0,1.0,1,0,0,2,0,0,0,0,0,0.06,0.04,0.1,1.03,11,4,4,3,,,,0,False,272,0.0,1087,2602,-80.5,-11,False,,-83.1,-3,-88.0,-3,-92.8,-3,5.0,448,23,0,0,1.0,3.6,0,5.679,5.091,6.267,-0.621
2026-10-09,2026-10-09T10:03:45+00:00,2026,5,5,172850,643,Chilwell,Ben,Chilwell,DEF,8,31,Crystal Palace,4.5,4.5,0.0,8,29,2,1,0,0,0,21,4.0,1.8,0.4,43341,19065,0.5511,0.2424,0.3087,5.9,33.4,4.2,21.0,a,,,,,0.5,0.1,0.5,0.5,0,0,0,1,0,0,0,0,0,0.27,0.01,0.28,1.12,1,0,0,1,,,,0,False,264,0.0,787,3855,-88.7,-11,False,,-91.1,-3,-95.3,-4,-99.6,-4,5.0,220,61,8,0,4.0,13.5,0,5.164,4.574,5.754,0.664
2026-10-09,2026-10-09T10:03:45+00:00,2026,5,5,173774,598,Elvedi,Nico,Elvedi,DEF,13,2,Leeds,4.5,4.5,0.0,13,326,4,0,0,1,0,56,3.2,2.9,0.1,5511,2903,0.0701,0.0369,0.0332,14.8,83.0,25.4,39.0,a,,,,,4.0,0.9,4.0,4.0,6,3,0,3,0,0,0,0,0,0.12,0.58,0.7,5.45,29,2,8,27,,,,0,False,490,0.0,396,344,0.7,1,False,,0.8,1,0.8,1,0.8,1,5.0,2478,99,0,0,3.2,22.0,0,4.546,3.959,5.133,0.046
2026-10-09,2026-10-09T10:03:45+00:00,2026,5,5,173878,176,Dasilva,Jay,Dasilva,DEF,7,9,Coventry City,4.0,4.0,0.0,20,444,5,1,0,1,3,54,4.0,5.0,0.8,20905,24027,0.2658,0.3055,-0.0397,21.5,110.6,67.7,35.0,a,,,,,7.5,1.9,7.5,7.5,15,5,0,10,0,0,0,0,0,0.5,0.52,1.02,8.63,23,4,14,19,,,,1,False,204,0.0,11622,3061,-17.6,54,False,,-11.2,-1,0.1,1,0.9,1,5.0,3374,152,8,0,4.0,38.0,0,5.059,4.467,5.651,1.059
2026-10-09,2026-10-09T10:03:45+00:00,2026,5,5,173879,56,Abraham,Tammy,Abraham,FWD,2,7,Aston Villa,5.5,5.5,0.0,4,71,4,0,0,0,0,13,1.0,0.7,0.2,16437,13433,0.209,0.1708,0.0382,1.1,3.2,6.2,2.0,a,,2026-08-15T16:00:07.558543Z,100.0,100.0,1.0,0.2,1.0,1.0,1,0,0,3,0,0,0,0,0,0.0,0.0,0.0,2.69,2,1,1,0,,,,0,False,337,0.0,2389,2257,3.9,5,False,,3.9,1,4.0,1,4.1,1,5.0,540,30,0,0,1.0,5.5,0,5.099,4.51,5.687,-0.401
2026-10-09,2026-10-09T10:03:45+00:00,2026,5,5,174594,347,Nmecha,Lukas,Nmecha,FWD,13,2,Leeds,5.4,5.5,-0.1,7,64,4,0,1,0,0,28,1.8,1.3,0.5,22841,38191,0.2904,0.4856,-0.1952,5.7,20.4,22.4,15.0,a,,,,,1.0,0.2,1.0,1.0,1,0,0,1,0,0,0,0,0,0.27,0.15,0.42,2.9,4,1,3,0,2.0,,,0,False,259,0.0,2647,4770,-32.5,-22,False,,-37.0,-2,-45.3,-3,-53.5,-3,5.0,486,53,0,8,1.8,9.9,0,5.536,4.947,6.125,0.136
2026-10-09,2026-10-09T10:03:45+00:00,2026,5,5,174874,253,Andersen,Joachim,Andersen,DEF,10,54,Fulham,5.0,5.0,0.0,3,190,3,0,0,0,0,12,1.0,0.6,0.2,16102,9633,0.2047,0.1225,0.0823,9.6,52.2,35.8,8.0,a,,2026-07-23T12:01:23.516350Z,100.0,100.0,0.5,0.1,0.5,0.5,1,2,0,5,0,0,0,1,0,0.0,0.1,0.1,4.35,20,2,9,18,,,,0,False,355,0.0,4228,1523,1.2,17,False,,1.4,1,1.7,1,1.9,1,5.0,1444,23,0,0,1.0,4.6,0,4.492,3.905,5.08,-0.508
2026-10-09,2026-10-09T10:03:45+00:00,2026,5,5,176297,429,Rashford,Marcus,Rashford,MID,16,1,Man Utd,6.9,7.0,-0.1,10,351,5,0,0,1,0,58,2.0,1.4,1.4,85649,135059,1.089,1.7173,-0.6283,37.3,53.4,163.2,157.0,d,Unspecified injury - 75% chance of playing,2026-09-21T10:30:09.221479Z,,75.0,2.0,0.3,2.0,1.5,2,4,0,3,0,0,0,0,0,0.78,0.43,1.21,4.5,18,4,10,4,,3.0,,0,False,155,-0.1,4620,23978,-1.3,-150,False,,-4.4,-1,-10.2,-1,-15.9,-1,5.0,2668,76,0,0,2.0,11.0,0,6.015,5.427,6.604,-0.885
2026-10-09,2026-10-09T10:03:45+00:00,2026,5,5,176412,193,Wright,Haji,Wright,FWD,7,9,Coventry City,5.3,5.5,-0.2,0,0,0,0,0,0,0,0,0.0,0.0,0.1,620,12675,0.0079,0.1612,-0.1533,0.0,0.0,0.0,0.0,i,Thigh injury - Unknown return date,2026-08-14T22:00:07.214508Z,0.0,0.0,0.0,0.0,0.0,0.0,0,0,0,0,0,0,0,0,0,0.0,0.0,0.0,0.0,0,0,0,0,1.0,,,0,False,469,-0.1,53,749,-3.3,-2,False,,-3.9,-1,-5.2,-1,-6.4,-1,5.0,0,0,0,0,0.0,0.0,0,5.011,4.423,5.599,-0.289
2026-10-09,2026-10-09T10:03:45+00:00,2026,5,5,176420,308,Furlong,Darnell,Furlong,DEF,12,40,Ipswich Town,3.9,4.0,-0.1,1,17,1,0,0,0,0,-1,1.0,0.3,0.6,20314,20758,0.2583,0.2639,-0.0056,0.6,5.0,0.5,0.0,a,,,,,0.0,0.0,0.0,0.0,0,0,0,1,0,0,0,0,0,0.0,0.0,0.0,0.86,3,1,0,2,,,,0,False,228,0.0,7677,3981,2.3,-9,False,,2.2,1,2.0,1,1.9,1,5.0,129,8,0,0,1.0,1.9,0,4.023,3.435,4.61,0.123
2026-10-09,2026-10-09T10:03:45+00:00,2026,5,5,177815,346,Calvert-Lewin,Dominic,Calvert-Lewin,FWD,13,2,Leeds,6.0,6.0,0.0,22,419,5,2,1,3,4,73,4.4,3.7,24.3,1048158,1404741,13.3275,17.8615,-4.534,28.2,104.0,29.6,153.0,a,,,,,6.0,1.0,6.0,6.0,2,5,0,2,0,0,0,3,0,3.0,0.08,3.08,4.85,22,0,13,9,1.0,,,0,False,13,0.0,131529,251799,66.1,-990,False,,57.3,3,41.3,3,25.2,2,5.0,3184,167,15,8,4.4,27.9,0,7.354,6.764,7.944,1.354
2026-10-09,2026-10-09T10:03:45+00:00,2026,5,5,178301,55,Watkins,Ollie,Watkins,FWD,2,7,Aston Villa,7.8,8.0,-0.2,0,0,0,0,0,0,0,0,0.0,0.0,2.4,14882,762990,0.1892,9.7016,-9.5123,0.0,0.0,0.0,0.0,u,Has joined Al Hilal permanently,2026-09-01T13:15:16.698799Z,0.0,0.0,0.0,0.0,0.0,0.0,0,0,0,0,0,0,0,0,0,0.0,0.0,0.0,0.0,0,0,0,0,,,,0,False,116,0.0,0,15609,0.0,-55,False,,0.0,0,0.0,0,0.0,0,5.0,0,0,0,0,0.0,0.0,0,6.507,5.915,7.1,-1.293
2026-10-09,2026-10-09T10:03:45+00:00,2026,5,5,180135,339,Longstaff,Sean,Longstaff,MID,13,2,Leeds,4.8,5.0,-0.2,2,10,2,0,0,0,0,7,1.0,0.4,0.1,2588,8333,0.0329,0.106,-0.073,0.0,0.0,0.2,0.0,a,,,,,0.5,0.1,0.5,0.5,0,0,0,1,0,0,0,0,0,0.0,0.0,0.0,0.35,0,0,0,0,,3.0,3.0,0,False,440,-0.1,215,849,-2.3,-4,False,,-5.0,-1,-9.8,-1,-14.7,-1,5.0,76,15,0,0,1.0,3.2,0,4.801,4.214,5.388,0.001
2026-10-09,2026-10-09T10:03:45+00:00,2026,5,5,180736,143,Chalobah,Trevoh,Chalobah,DEF,6,8,Chelsea,5.5,5.5,0.0,0,0,0,0,0,0,0,0,0.0,0.0,0.1,0,14009,0.0,0.1781,-0.1781,0.0,0.0,0.0,0.0,u,Has joined Como permanently,2026-08-10T14:03:50.769483Z,0.0,0.0,0.0,0.0,0.0,0.0,0,0,0,0,0,0,0,0,0,0.0,0.0,0.0,0.0,0,0,0,0,,,,0,False,472,0.0,0,379,0.0,0,False,,0.0,0,0.0,0,0.0,0,5.0,0,0,0,0,0.0,0.0,0,4.931,4.342,5.519,-0.569
2026-10-09,2026-10-09T10:03:45+00:00,2026,5,5,180974,458,Joelinton,Joelinton Cássio,Apolinário de Lira,MID,17,4,Newcastle,5.4,5.5,-0.1,0,0,0,0,0,0,0,0,0.0,0.0,0.0,241,2266,0.0031,0.0288,-0.0257,0.0,0.0,0.0,0.0,d,Unspecified injury - 75% chance of playing,2026-08-16T08:00:08.074045Z,0.0,75.0,0.0,0.0,0.0,0.0,0,0,0,0,0,0,0,0,0,0.0,0.0,0.0,0.0,0,0,0,0,,,,0,False,577,0.0,30,104,0.0,0,False,2026-10-16T14:00:12.032649Z,0.0,0,0.0,0,0.0,0,5.0,0,0,0,0,0.0,0.0,0,5.067,4.479,5.655,-0.333
2026-10-09,2026-10-09T10:03:45+00:00,2026,5,5,183015,303,Kipré,Cédric,Kipré,DEF,12,40,Ipswich Town,3.9,4.0,-0.1,0,0,0,0,0,0,0,0,0.0,0.0,0.9,50416,30393,0.641,0.3865,0.2546,0.0,0.0,0.0,0.0,a,,,,,0.0,0.0,0.0,0.0,0,0,0,0,0,0,0,0,0,0.0,0.0,0.0,0.0,0,0,0,0,,,,0,False,193,0.0,5795,5646,3.3,-7,False,,3.2,1,3.1,1,3.0,1,5.0,0,0,0,0,0.0,0.0,0,3.999,3.412,4.587,0.099
2026-10-09,2026-10-09T10:03:45+00:00,2026,5,5,183656,103,Dasilva,Josh,Dasilva,MID,4,94,Brentford,4.9,5.0,-0.1,0,0,0,0,0,0,0,0,0.0,0.0,0.0,406,1980,0.0052,0.0252,-0.02,0.0,0.0,0.0,0.0,i,Hamstring injury - Expected back 10 Oct,2026-09-04T13:30:08.371955Z,0.0,0.0,0.0,0.0,0.0,0.0,0,0,0,0,0,0,0,0,0,0.0,0.0,0.0,0.0,0,0,0,0,,,,0,False,598,0.0,15,135,-73.7,-1,False,,-76.9,-3,-82.8,-3,-88.7,-3,5.0,0,0,0,0,0.0,0.0,0,4.73,4.141,5.319,-0.17
2026-10-09,2026-10-09T10:03:45+00:00,2026,5,5,184029,15,Ødegaard,Martin,Ødegaard,MID,1,3,Arsenal,6.8,6.5,0.3,29,377,5,2,0,3,6,137,5.8,4.3,19.9,1684193,583357,21.4148,7.4175,13.9973,36.2,121.8,166.9,73.0,a,,,,,2.5,0.4,2.5,2.5,2,5,0,4,0,0,0,0,0,1.08,1.32,2.4,3.23,23,6,12,5,3.0,4.0,,1,False,18,0.0,128473,123908,9.9,680,False,,16.0,1,27.0,2,38.0,2,5.0,2865,220,15,0,5.8,32.4,0,7.621,7.029,8.214,0.821
2026-10-09,2026-10-09T10:03:45+00:00,2026,5,5,184254,494,Vicario,Guglielmo,Vicario,GK,19,6,Spurs,4.5,4.5,0.0,0,0,0,0,0,0,0,0,0.0,0.0,0.1,0,22279,0.0,0.2833,-0.2833,0.0,0.0,0.0,0.0,u,Has joined Juventus on loan for the rest of the season,2026-08-19T13:55:33.193962Z,0.0,0.0,0.0,0.0,0.0,0.0,0,0,0,0,0,0,0,0,0,0.0,0.0,0.0,0.0,0,0,0,0,,,,0,False,388,0.0,0,896,0.0,-5,False,,0.0,0,0.0,0,0.0,0,5.0,0,0,0,0,0.0,0.0,0,4.325,3.736,4.913,-0.175
2026-10-09,2026-10-09T10:03:45+00:00,2026,5,5,184341,430,Mount,Mason,Mount,MID,16,1,Man Utd,5.4,5.5,-0.1,1,10,1,0,0,0,0,3,1.0,0.2,0.0,957,2013,0.0122,0.0256,-0.0134,0.7,0.6,1.1,5.0,a,,2026-08-15T16:00:07.879135Z,100.0,100.0,0.5,0.1,0.5,0.5,1,0,0,0,0,0,0,0,0,0.09,0.01,0.1,0.0,1,0,1,0,,4.0,,0,False,527,0.0,229,237,0.1,0,False,,0.1,1,0.1,1,0.1,1,5.0,76,8,0,0,1.0,1.4,0,5.18,4.592,5.767,-0.22
2026-10-09,2026-10-09T10:03:45+00:00,2026,5,5,184349,269,Sessegnon,Ryan,Sessegnon,DEF,10,54,Fulham,4.3,4.5,-0.2,3,50,3,0,0,0,0,13,1.0,0.7,0.3,2932,19379,0.0373,0.2464,-0.2091,7.5,17.2,26.3,31.0,a,,2026-09-14T11:30:07.403957Z,75.0,100.0,0.0,0.0,0.0,0.0,0,0,0,1,0,0,0,0,0,0.13,0.44,0.57,1.8,3,1,3,2,,,3.0,0,False,304,-0.1,489,1681,-2.4,0,False,,-2.4,-1,-2.4,-1,-2.4,-1,5.0,380,23,0,0,1.0,5.3,0,4.292,3.704,4.879,-0.008
2026-10-09,2026-10-09T10:03:45+00:00,2026,5,5,184667,37,Lindelöf,Victor,Lindelöf,DEF,2,7,Aston Villa,4.5,4.5,0.0,8,450,5,0,0,1,0,28,1.6,1.8,0.3,15437,14937,0.1963,0.1899,0.0064,14.9,74.4,37.3,37.0,a,,,,,1.0,0.2,1.0,1.0,1,5,0,9,1,0,0,0,0,0.44,0.17,0.61,9.22,22,1,7,21,,,,0,False,284,0.0,1837,1914,1.2,8,False,,1.3,1,1.4,1,1.5,1,5.0,3420,61,0,0,1.6,13.5,0,4.198,3.608,4.787,-0.302
2026-10-09,2026-10-09T10:03:45+00:00,2026,5,5,191866,87,Ajer,Kristoffer,Ajer,DEF,4,94,Brentford,4.5,4.5,0.0,21,450,5,0,0,2,1,73,4.2,4.7,3.8,323913,286643,4.1186,3.6447,0.4739,18.8,104.2,34.0,49.0,a,,,,,4.0,0.9,4.0,4.0,7,5,0,4,0,0,0,1,0,0.13,0.08,0.21,6.32,50,4,11,46,,,,0,False,91,0.0,18426,32951,34.5,84,False,,35.3,2,36.6,2,38.0,2,5.0,3420,160,0,0,4.2,35.5,0,4.763,4.172,5.354,0.263
2026-10-09,2026-10-09T10:03:45+00:00,2026,5,5,193278,280,Coyle,Lewie,Coyle,DEF,11,88,Hull City,4.0,4.0,0.0,14,348,5,0,0,2,0,49,2.8,3.5,0.7,28332,26664,0.3602,0.339,0.0212,6.5,24.0,29.9,11.0,a,,2026-08-29T16:30:08.151841Z,100.0,100.0,1.0,0.2,1.0,1.0,1,5,0,4,0,0,0,1,0,0.13,0.07,0.2,6.22,11,3,11,8,,,,0,False,223,0.0,2760,2856,0.2,-2,False,,0.2,1,0.2,1,0.1,1,5.0,2645,106,0,0,2.8,26.6,0,4.348,3.76,4.936,0.348
2026-10-09,2026-10-09T10:03:45+00:00,2026,5,5,194010,89,Henry,Rico,Henry,DEF,4,94,Brentford,4.4,4.5,-0.1,1,2,1,0,0,0,0,3,1.0,0.2,0.2,2028,8783,0.0258,0.1117,-0.0859,0.0,0.0,0.0,0.0,a,,,,,0.0,0.0,0.0,0.0,0,0,0,0,0,0,0,0,0,0.0,0.0,0.0,0.0,0,0,0,0,,,,0,False,340,0.0,204,785,-20.2,-7,False,,-23.9,-2,-30.5,-2,-37.2,-2,5.0,15,8,0,0,1.0,1.7,0,4.243,3.654,4.832,-0.157
2026-10-09,2026-10-09T10:03:45+00:00,2026,5,5,195384,17,Merino,Mikel,Merino Zazón,MID,1,3,Arsenal,5.7,6.0,-0.3,4,81,5,0,0,0,0,19,0.8,0.7,0.4,10617,48697,0.135,0.6192,-0.4842,3.0,10.0,4.2,16.0,a,,,,,1.0,0.2,1.0,1.0,1,0,0,0,0,0,0,1,0,0.14,0.15,0.29,0.96,10,0,9,1,,,,0,False,273,-0.1,1880,3407,0.3,16,False,,0.4,1,0.7,1,1.0,1,5.0,616,30,0,0,0.8,5.3,0,5.378,4.79,5.966,-0.322
2026-10-09,2026-10-09T10:03:45+00:00,2026,5,5,195546,41,Buendía,Emiliano,Buendía Stati,MID,2,7,Aston Villa,5.9,6.0,-0.1,21,401,5,1,0,1,3,73,4.2,3.6,1.1,68260,98169,0.8679,1.2482,-0.3803,19.6,66.0,80.5,59.0,a,,,,,7.0,1.2,7.0,7.0,12,5,0,8,0,0,0,0,0,0.92,0.24,1.16,7.86,34,9,20,5,1.0,1.0,2.0,1,False,170,0.0,20276,7024,-9.9,169,False,,0.5,1,3.2,1,5.9,1,5.0,3048,160,8,0,4.2,27.1,0,6.149,5.559,6.739,0.249
2026-10-09,2026-10-09T10:03:45+00:00,2026,5,5,196100,584,Hamer,Gustavo,Hamer,MID,7,9,Coventry City,5.4,5.5,-0.1,3,32,3,0,0,0,0,6,1.0,0.6,0.1,810,6532,0.0103,0.0831,-0.0728,0.3,0.6,1.8,0.0,a,,,,,0.0,0.0,0.0,0.0,0,0,0,1,0,0,0,0,0,0.0,0.02,0.02,0.82,3,1,2,0,,,4.0,0,False,433,0.0,60,525,-100.5,0,False,,-100.5,-5,-100.5,-5,-100.5,-5,5.0,243,23,0,0,1.0,4.2,0,5.102,4.515,5.69,-0.298
2026-10-09,2026-10-09T10:03:45+00:00,2026,5,5,198869,10,White,Benjamin,White,DEF,1,3,Arsenal,5.5,5.5,0.0,21,315,4,0,1,2,3,78,5.2,3.8,4.6,456294,590140,5.8019,7.5037,-1.7019,15.2,69.6,53.0,29.0,d,Groin injury - 75% chance of playing,2026-09-20T19:30:08.247780Z,100.0,75.0,0.5,0.1,0.5,0.4,0,4,0,1,0,0,0,0,0,0.18,0.29,0.47,1.15,18,6,9,12,,,,0,False,79,0.0,3536,91359,-67.5,-609,False,,-74.1,-3,-86.1,-3,-98.0,-4,5.0,2394,160,0,8,5.2,29.0,0,5.789,5.198,6.379,0.289
2026-10-09,2026-10-09T10:03:45+00:00,2026,5,5,199598,338,Ampadu,Ethan,Ampadu,MID,13,2,Leeds,5.4,5.5,-0.1,21,450,5,0,1,2,0,87,4.2,3.9,0.9,19147,63066,0.2435,0.8019,-0.5584,16.1,88.6,67.1,5.0,a,,,,,6.0,1.1,6.0,6.0,5,5,0,3,0,0,0,0,0,0.08,0.26,0.34,6.46,60,12,24,24,,,,0,False,189,0.0,2714,7387,-35.4,-24,False,,-37.9,-2,-42.5,-3,-47.1,-3,5.0,3420,160,0,8,4.2,29.6,0,5.718,5.129,6.307,0.318
2026-10-09,2026-10-09T10:03:45+00:00,2026,5,5,199796,32,Cash,Matty,Cash,DEF,2,7,Aston Villa,4.4,4.5,-0.1,6,296,4,0,0,1,0,16,1.5,1.4,4.7,96618,429140,1.2285,5.4566,-4.2281,7.2,36.4,22.3,13.0,a,,2026-09-09T14:30:08.192142Z,100.0,100.0,-0.5,-0.1,-0.5,-0.5,-1,3,0,7,0,0,0,2,0,0.15,0.04,0.19,5.95,17,6,2,11,,,3.0,0,False,78,0.0,3967,35151,-29.5,-127,False,,-32.0,-2,-36.5,-2,-41.0,-3,5.0,2250,46,0,0,1.5,10.4,0,4.303,3.714,4.891,-0.097
2026-10-09,2026-10-09T10:03:45+00:00,2026,5,5,199798,31,Konsa,Ezri,Konsa Ngoyo,DEF,1,3,Arsenal,4.6,4.5,0.1,12,281,4,0,0,1,0,36,3.0,2.6,18.6,1482209,726179,18.8466,9.2335,9.6131,7.3,45.0,14.0,14.0,d,Unspecified injury - 75% chance of playing,2026-10-05T09:30:09.853316Z,,75.0,3.5,0.8,3.5,2.6,1,3,0,4,0,0,0,0,0,0.23,0.02,0.25,3.5,23,5,9,18,,,,0,False,20,0.1,108902,135071,-4.2,-1082,False,,-7.1,-1,-12.4,-1,-17.7,-1,5.0,2136,91,0,0,3.0,19.8,0,4.947,4.359,5.536,0.347
2026-10-09,2026-10-09T10:03:45+00:00,2026,5,5,200089,460,Willock,Joe,Willock,MID,17,4,Newcastle,5.0,5.0,0.0,22,284,5,2,0,1,3,80,4.4,4.4,0.6,68607,32217,0.8724,0.4096,0.4627,19.4,92.2,41.0,68.0,a,,,,,5.5,1.1,5.5,5.5,10,3,0,5,0,0,0,0,0,0.81,0.3,1.11,5.19,18,5,9,4,,,,0,False,232,0.0,13787,4232,17.8,62,False,,18.4,1,19.4,1,20.4,2,5.0,2158,167,15,0,4.4,33.4,0,6.324,5.731,6.917,1.324
2026-10-09,2026-10-09T10:03:45+00:00,2026,5,5,200617,343,James,Daniel,James,MID,13,2,Leeds,4.9,5.0,-0.1,3,52,3,0,0,0,0,9,1.0,0.6,0.1,4216,8324,0.0536,0.1058,-0.0522,1.9,1.2,1.3,19.0,i,Back injury - Expected back 18 Oct,2026-10-08T14:00:11.803126Z,,0.0,1.0,0.2,1.0,0.0,1,0,0,1,0,0,0,0,0,0.35,0.01,0.36,1.61,5,0,4,1,,,,0,False,431,0.0,247,874,-16.3,-13,False,,-21.2,-2,-30.1,-2,-39.1,-2,5.0,395,23,0,0,1.0,4.7,0,4.822,4.235,5.409,-0.078
2026-10-09,2026-10-09T10:03:45+00:00,2026,5,5,200641,24,Nelson,Reiss,Nelson,MID,1,3,Arsenal,5.5,5.5,0.0,0,0,0,0,0,0,0,0,0.0,0.0,0.0,68,681,0.0009,0.0087,-0.0078,0.0,0.0,0.0,0.0,u,has departed the club as a free agent.,2026-08-29T00:33:08.556767Z,0.0,0.0,0.0,0.0,0.0,0.0,0,0,0,0,0,0,0,0,0,0.0,0.0,0.0,0.0,0,0,0,0,,,,0,False,642,0.0,0,27,0.0,0,False,,0.0,0,0.0,0,0.0,0,5.0,0,0,0,0,0.0,0.0,0,5.171,4.582,5.759,-0.329
2026-10-09,2026-10-09T10:03:45+00:00,2026,5,5,200720,82,Kelleher,Caoimhín,Kelleher,GK,4,94,Brentford,5.0,5.0,0.0,20,450,5,0,0,2,0,97,4.0,4.0,6.1,259365,220965,3.2979,2.8096,0.4883,11.7,118.0,0.0,0.0,a,,,,,4.5,0.9,4.5,4.5,6,5,17,4,0,0,0,0,0,0.0,0.01,0.01,6.32,0,0,34,7,,,,0,False,63,0.0,27728,20699,23.3,79,False,,24.0,2,25.3,2,26.6,2,5.0,3420,152,0,0,4.0,30.4,0,4.938,4.348,5.528,-0.062
2026-10-09,2026-10-09T10:03:45+00:00,2026,5,5,200785,73,Adams,Tyler,Adams,MID,3,91,Bournemouth,5.0,5.0,0.0,12,279,5,0,0,0,0,52,2.4,2.4,0.3,18755,17093,0.2385,0.2173,0.0211,8.5,45.8,32.2,7.0,a,,2026-08-15T16:30:07.029928Z,100.0,100.0,3.0,0.6,3.0,3.0,4,3,0,7,0,0,0,0,0,0.03,0.07,0.1,2.74,41,7,22,12,,,,0,False,302,0.0,1546,2102,1.7,4,False,,1.7,1,1.8,1,1.9,1,5.0,2120,91,0,0,2.4,18.2,0,4.993,4.405,5.582,-0.007
2026-10-09,2026-10-09T10:03:45+00:00,2026,5,5,200834,533,Mukiele,Nordi,Mukiele,DEF,20,56,Sunderland,5.4,5.5,-0.1,13,360,4,0,0,1,1,44,3.2,2.4,1.9,46309,133068,0.5888,1.692,-1.1032,22.3,115.6,48.4,59.0,a,,2026-08-09T08:30:05.954750Z,100.0,100.0,0.0,0.0,0.0,0.0,0,4,0,8,0,0,0,1,0,0.75,0.28,1.03,6.86,48,13,16,35,,,,0,False,128,0.0,6978,11963,-18.9,3,False,,-18.8,-1,-18.5,-1,-18.2,-1,5.0,2736,99,0,0,3.2,18.3,0,4.987,4.4,5.574,-0.413
2026-10-09,2026-10-09T10:03:45+00:00,2026,5,5,201595,326,Perri,Lucas Estella,Perri,GK,13,2,Leeds,4.5,4.5,0.0,0,0,0,0,0,0,0,0,0.0,0.0,0.3,532,26929,0.0068,0.3424,-0.3356,0.0,0.0,0.0,0.0,u,Has joined Torino on loan for the rest of the season,2026-09-01T13:12:39.210133Z,0.0,0.0,0.0,0.0,0.0,0.0,0,0,0,0,0,0,0,0,0,0.0,0.0,0.0,0.0,0,0,0,0,,,,0,False,288,0.0,0,1729,0.0,-9,False,,0.0,0,0.0,0,0.0,0,5.0,0,0,0,0,0.0,0.0,0,4.26,3.673,4.848,-0.24
2026-10-09,2026-10-09T10:03:45+00:00,2026,5,5,201658,68,Tavernier,Marcus,Tavernier,MID,3,91,Bournemouth,6.1,6.0,0.1,31,424,5,3,0,0,8,153,6.2,5.1,7.0,734357,241514,9.3375,3.0709,6.2666,45.5,161.8,146.1,147.0,a,,,,,5.0,0.8,5.0,5.0,2,5,0,8,0,0,0,2,0,1.7,0.92,2.62,6.54,42,11,26,5,3.0,1.0,1.0,1,False,56,0.0,123164,66790,38.8,312,False,,41.6,3,46.6,3,51.6,3,5.0,3222,236,23,0,6.2,38.6,0,7.559,6.962,8.156,1.459
2026-10-09,2026-10-09T10:03:45+00:00,2026,5,5,201666,453,Barnes,Harvey,Barnes,MID,17,4,Newcastle,6.1,6.0,0.1,28,450,5,1,3,1,3,105,5.6,4.6,6.5,719884,173702,9.1535,2.2087,6.9448,28.2,105.2,80.9,96.0,a,,,,,5.5,0.9,5.5,5.5,9,5,0,9,0,0,0,0,0,0.62,0.48,1.1,9.14,33,3,16,14,,,3.0,1,False,60,0.1,248781,41794,27.3,1982,False,,33.8,2,45.6,3,57.5,3,5.0,3420,213,8,23,5.6,34.9,0,7.427,6.832,8.022,1.327
2026-10-09,2026-10-09T10:03:45+00:00,2026,5,5,201895,535,Alderete,Omar,Alderete,DEF,20,56,Sunderland,4.8,5.0,-0.2,1,23,1,0,0,0,0,2,1.0,0.2,0.2,5101,27725,0.0649,0.3525,-0.2877,0.0,0.0,0.6,0.0,a,,2026-08-09T08:30:05.962393Z,100.0,100.0,0.0,0.0,0.0,0.0,0,0,0,1,0,0,0,0,0,0.0,0.01,0.01,0.1,0,0,2,0,,,,0,False,317,-0.1,347,1449,-9.2,0,False,,-9.2,-1,-9.2,-1,-9.2,-1,5.0,175,8,0,0,1.0,1.6,0,4.511,3.923,5.098,-0.289
2026-10-09,2026-10-09T10:03:45+00:00,2026,5,5,202993,516,Bentancur,Rodrigo,Bentancur,MID,19,6,Spurs,5.5,5.5,0.0,15,370,5,0,0,2,0,69,3.0,2.7,0.2,5332,8825,0.0678,0.1122,-0.0444,12.6,77.4,39.3,8.0,a,,,,,3.5,0.6,3.5,3.5,4,4,0,6,0,0,0,0,0,0.02,0.12,0.14,5.59,60,15,23,22,,,,0,False,348,0.0,568,1168,-91.5,-10,False,,-96.9,-4,-106.6,-5,-116.4,-5,5.0,2812,114,0,0,3.0,20.7,0,5.33,4.741,5.919,-0.17
2026-10-09,2026-10-09T10:03:45+00:00,2026,5,5,204120,114,Boscagli,Olivier,Boscagli,DEF,5,36,Brighton,4.5,4.5,0.0,19,437,5,0,0,3,0,93,3.8,4.2,0.3,17874,12389,0.2273,0.1575,0.0697,21.4,77.2,115.7,21.0,a,,,,,6.0,1.3,6.0,6.0,6,5,0,5,0,0,0,1,0,0.07,0.53,0.6,8.45,29,4,17,25,,,,0,False,294,0.0,3657,1312,3.5,38,False,,3.8,1,4.4,1,5.0,1,5.0,3321,144,0,0,3.8,32.1,0,4.676,4.086,5.265,0.176
2026-10-09,2026-10-09T10:03:45+00:00,2026,5,5,204480,13,Rice,Declan,Rice,MID,1,3,Arsenal,7.4,7.5,-0.1,20,411,5,0,2,3,0,91,4.0,2.7,11.2,120259,766440,1.5291,9.7454,-8.2163,23.4,120.2,108.4,5.0,d,Unspecified injury - 75% chance of playing,2026-09-21T13:00:08.896379Z,,75.0,3.5,0.5,3.5,2.6,1,5,0,4,0,0,0,1,0,0.12,0.69,0.81,3.5,42,7,17,18,,1.0,1.0,0,False,35,0.0,8413,123766,-48.6,-1046,False,,-53.2,-3,-61.8,-3,-70.3,-3,5.0,3124,152,0,15,4.0,20.5,0,7.255,6.664,7.846,-0.145
2026-10-09,2026-10-09T10:03:45+00:00,2026,5,5,204561,558,Schlager,Xaver,Schlager,MID,18,17,Nott'm Forest,5.0,5.0,0.0,13,376,5,0,0,1,0,70,2.6,2.6,0.1,5964,6108,0.0758,0.0777,-0.0018,12.5,68.4,25.0,31.0,a,,,,,2.5,0.5,2.5,2.5,2,4,0,5,0,0,0,1,0,0.19,0.18,0.37,4.43,49,17,21,11,,,3.0,0,False,407,0.0,284,1091,0.4,-4,False,,0.4,1,0.3,1,0.2,1,5.0,2858,99,0,0,2.6,19.8,0,4.951,4.364,5.539,-0.049
2026-10-09,2026-10-09T10:03:45+00:00,2026,5,5,204580,98,Janelt,Vitaly,Janelt,MID,4,94,Brentford,5.0,5.0,0.0,28,450,5,2,0,2,3,109,5.6,5.6,2.5,313712,113767,3.9889,1.4466,2.5423,30.9,164.0,97.5,47.0,a,,,,,3.5,0.7,3.5,3.5,3,5,0,4,0,0,0,3,0,0.53,0.44,0.97,6.32,64,17,20,27,,,3.0,1,False,114,0.0,26652,24676,84.9,13,False,,85.0,3,85.3,3,85.5,3,5.0,3420,213,15,0,5.6,38.7,1,6.303,5.709,6.897,1.303
2026-10-09,2026-10-09T10:03:45+00:00,2026,5,5,204813,179,Latibeaudiere,Joel,Latibeaudiere,DEF,7,9,Coventry City,4.0,4.0,0.0,1,1,1,0,0,0,0,3,1.0,0.2,0.0,1003,1794,0.0128,0.0228,-0.0101,0.7,7.0,0.0,0.0,a,,,,,0.5,0.1,0.5,0.5,1,0,0,0,0,0,0,0,0,0.0,0.0,0.0,0.02,2,0,0,2,,,,0,False,522,0.0,92,191,-86.3,0,False,,-86.3,-3,-86.3,-3,-86.3,-3,5.0,8,8,0,0,1.0,1.9,0,4.045,3.458,4.632,0.045
2026-10-09,2026-10-09T10:03:45+00:00,2026,5,5,204822,476,O.Richards,Omar,Richards,DEF,18,17,Nott'm Forest,4.0,4.0,0.0,0,0,0,0,0,0,0,0,0.0,0.0,0.2,4071,8514,0.0518,0.1083,-0.0565,0.0,0.0,0.0,0.0,a,,,,,0.0,0.0,0.0,0.0,0,0,0,0,0,0,0,0,0,0.0,0.0,0.0,0.0,0,0,0,0,,,,0,False,329,0.0,371,963,-75.6,-2,False,,-76.5,-3,-78.1,-3,-79.8,-3,5.0,0,0,0,0,0.0,0.0,0,4.008,3.421,4.596,0.008
2026-10-09,2026-10-09T10:03:45+00:00,2026,5,5,204936,384,Donnarumma,Gianluigi,Donnarumma,GK,15,43,Man City,5.5,5.5,0.0,19,450,5,0,0,2,0,84,3.8,3.5,7.5,209653,327243,2.6658,4.161,-1.4952,11.4,112.6,0.0,0.0,a,,,,,4.5,0.8,4.5,4.5,2,5,14,5,1,0,0,0,0,0.0,0.0,0.0,7.25,0,0,32,4,,,,0,False,50,0.0,13462,41327,-60.2,-157,False,,-62.2,-3,-65.7,-3,-69.2,-3,5.0,3420,144,0,0,3.8,26.3,0,5.412,4.823,6.001,-0.088
2026-10-09,2026-10-09T10:03:45+00:00,2026,5,5,204968,489,Yates,Ryan,Yates,MID,18,17,Nott'm Forest,4.4,4.5,-0.1,0,0,0,0,0,0,0,0,0.0,0.0,1.1,30521,95869,0.3881,1.219,-0.8309,0.0,0.0,0.0,0.0,a,,2026-08-17T20:30:08.195072Z,100.0,100.0,0.0,0.0,0.0,0.0,0,0,0,0,0,0,0,0,0,0.0,0.0,0.0,0.0,0,0,0,0,,,,0,False,166,-0.1,875,9514,-0.3,-24,False,,-1.5,-1,-3.5,-1,-5.6,-1,5.0,0,0,0,0,0.0,0.0,0,4.521,3.933,5.108,0.121
2026-10-09,2026-10-09T10:03:45+00:00,2026,5,5,205533,224,Nketiah,Eddie,Nketiah,FWD,8,31,Crystal Palace,5.5,5.5,0.0,8,175,4,0,1,0,0,38,2.0,1.5,0.5,47746,51106,0.6071,0.6498,-0.0427,13.0,34.2,46.4,50.0,a,,2026-09-12T14:00:09.427136Z,100.0,100.0,0.5,0.1,0.5,0.5,1,3,0,7,0,0,0,0,0,1.1,0.6,1.7,4.51,12,4,6,2,,,,0,False,246,0.0,1765,4459,-24.9,5,False,,-24.1,-2,-22.5,-2,-20.9,-2,5.0,1330,61,0,8,2.0,11.1,0,5.5,4.911,6.09,0.0
2026-10-09,2026-10-09T10:03:45+00:00,2026,5,5,205651,27,G.Jesus,Gabriel,Fernando de Jesus,FWD,1,3,Arsenal,5.9,6.0,-0.1,0,0,0,0,0,0,0,0,0.0,0.0,0.1,4164,29450,0.0529,0.3745,-0.3215,0.0,0.0,0.0,0.0,u,Has joined FC Barcelona permanently,2026-09-02T16:00:28.475184Z,0.0,0.0,0.0,0.0,0.0,0.0,0,0,0,0,0,0,0,0,0,0.0,0.0,0.0,0.0,0,0,0,0,,,,0,False,374,0.0,0,1175,0.0,0,False,,0.0,0,0.0,0,0.0,0,5.0,0,0,0,0,0.0,0.0,0,5.415,4.827,6.004,-0.485
2026-10-09,2026-10-09T10:03:45+00:00,2026,5,5,206915,373,C.Jones,Curtis,Jones,MID,14,14,Liverpool,5.5,5.5,0.0,0,0,0,0,0,0,0,0,0.0,0.0,0.0,34,2669,0.0004,0.0339,-0.0335,0.0,0.0,0.0,0.0,u,Has joined Internazionale permanently,2026-08-16T18:30:07.426408Z,0.0,0.0,0.0,0.0,0.0,0.0,0,0,0,0,0,0,0,0,0,0.0,0.0,0.0,0.0,0,0,0,0,,,,0,False,567,0.0,0,82,0.0,0,False,,0.0,0,0.0,0,0.0,0,5.0,0,0,0,0,0.0,0.0,0,5.196,4.608,5.784,-0.304
2026-10-09,2026-10-09T10:03:45+00:00,2026,5,5,207189,265,Berge,Sander,Berge,MID,10,54,Fulham,4.9,5.0,-0.1,11,349,5,0,0,2,0,67,2.2,2.2,0.3,6733,18598,0.0856,0.2365,-0.1509,15.4,51.4,81.0,22.0,a,,,,,3.0,0.6,3.0,3.0,3,4,0,5,0,0,0,0,0,0.08,0.36,0.44,7.36,19,4,8,7,,,,0,False,298,0.0,1002,1842,-38.3,-4,False,,-39.7,-2,-42.2,-3,-44.8,-3,5.0,2652,84,0,0,2.2,17.1,0,4.88,4.293,5.468,-0.02
2026-10-09,2026-10-09T10:03:45+00:00,2026,5,5,207283,97,Jensen,Mathias,Jensen,MID,4,94,Brentford,5.4,5.5,-0.1,6,66,1,0,1,1,0,22,6.0,1.1,0.1,4508,15279,0.0573,0.1943,-0.137,7.2,12.6,46.2,13.0,i,Unspecified injury - Expected back 10 Oct,2026-08-30T12:30:08.176795Z,0.0,0.0,0.0,0.0,0.0,0.0,0,1,0,0,0,0,0,0,0,0.08,0.34,0.42,0.47,5,2,3,0,3.0,2.0,1.0,0,False,428,0.0,23,845,-67.9,-5,False,,-69.9,-3,-73.5,-3,-77.1,-3,5.0,502,46,0,8,6.0,8.4,0,5.712,5.119,6.304,0.312
2026-10-09,2026-10-09T10:03:45+00:00,2026,5,5,208481,292,Ömür,Abdülkadir,Ömür,MID,11,88,Hull City,4.9,5.0,-0.1,0,0,0,0,0,0,0,0,0.0,0.0,0.0,1210,1653,0.0154,0.021,-0.0056,0.0,0.0,0.0,0.0,a,,,,,0.0,0.0,0.0,0.0,0,0,0,0,0,0,0,0,0,0.0,0.0,0.0,0.0,0,0,0,0,,,,0,False,582,0.0,92,172,-17.9,-3,False,,-36.9,-2,-71.7,-3,-106.5,-5,5.0,0,0,0,0,0.0,0.0,0,4.773,4.186,5.36,-0.127
2026-10-09,2026-10-09T10:03:45+00:00,2026,5,5,208706,452,Bruno G.,Bruno,Guimarães Rodriguez Moura,MID,1,3,Arsenal,6.7,7.0,-0.3,9,123,3,1,0,0,1,45,3.0,1.3,1.8,34480,247127,0.4384,3.1423,-2.7038,6.6,41.0,6.5,19.0,a,,2026-09-04T14:00:08.328779Z,100.0,100.0,4.0,0.6,4.0,4.0,1,1,0,3,0,0,0,0,0,0.09,0.16,0.25,2.18,12,1,8,3,4.0,,4.0,0,False,132,0.0,9534,10054,1.5,38,False,,1.8,1,2.4,1,3.0,1,5.0,935,68,8,0,3.0,10.2,0,6.642,6.054,7.231,-0.058
2026-10-09,2026-10-09T10:03:45+00:00,2026,5,5,209036,388,Guéhi,Marc,Guéhi,DEF,15,43,Man City,6.0,6.0,0.0,30,450,5,1,1,2,4,114,6.0,5.0,18.0,513237,483934,6.5259,6.1533,0.3726,24.3,146.0,56.6,41.0,a,,,,,5.0,0.8,5.0,5.0,4,5,0,5,0,0,0,0,0,0.95,0.39,1.34,7.25,29,3,19,26,,,,0,False,22,0.0,31317,71958,67.8,-122,False,,66.7,3,64.7,3,62.7,3,5.0,3420,228,8,8,6.0,38.0,0,7.006,6.416,7.596,1.006
2026-10-09,2026-10-09T10:03:45+00:00,2026,5,5,209046,482,Hudson-Odoi,Callum,Hudson-Odoi,MID,18,17,Nott'm Forest,5.8,6.0,-0.2,1,1,1,0,0,0,0,2,1.0,0.2,0.1,5403,17846,0.0687,0.2269,-0.1582,0.0,0.0,0.3,0.0,a,,2026-07-23T12:01:23.832709Z,100.0,100.0,0.0,0.0,0.0,0.0,0,0,0,0,0,0,0,0,0,0.0,0.0,0.0,0.0,0,0,0,0,,4.0,,0,False,373,0.0,392,1446,-47.1,-6,False,,-50.7,-3,-57.2,-3,-63.7,-3,5.0,8,8,0,0,1.0,1.3,0,5.328,4.74,5.915,-0.472
2026-10-09,2026-10-09T10:03:45+00:00,2026,5,5,209244,398,Foden,Phil,Foden,MID,15,43,Man City,6.9,7.0,-0.1,9,217,4,0,2,0,1,52,2.2,1.3,1.7,303503,574776,3.8591,7.3084,-3.4493,22.3,57.6,122.3,45.0,s,Suspended until 17 Oct,2026-09-13T17:00:09.433455Z,0.0,0.0,-1.0,-0.1,0.0,0.0,0,3,0,2,0,0,0,1,1,1.61,0.88,2.49,1.91,14,4,8,2,,2.0,2.0,0,False,135,0.0,257,37054,-64.5,-217,False,,-68.7,-3,-76.5,-3,-84.2,-3,5.0,1649,68,0,15,2.2,9.9,0,6.835,6.243,7.428,-0.065
2026-10-09,2026-10-09T10:03:45+00:00,2026,5,5,209289,262,Smith Rowe,Emile,Smith Rowe,MID,10,54,Fulham,5.3,5.5,-0.2,3,38,3,0,0,0,0,11,1.0,0.6,0.2,4657,21298,0.0592,0.2708,-0.2116,4.0,6.6,23.8,9.0,a,,,,,0.5,0.1,0.5,0.5,0,0,0,0,0,0,0,0,0,0.06,0.02,0.08,0.87,3,0,2,1,,,,0,False,315,-0.1,459,1639,-2.7,-3,False,,-3.3,-1,-4.4,-1,-5.5,-1,5.0,289,23,0,0,1.0,4.3,0,5.07,4.483,5.658,-0.23
2026-10-09,2026-10-09T10:03:45+00:00,2026,5,5,209365,416,De Ligt,Matthijs,de Ligt,DEF,16,1,Man Utd,4.9,5.0,-0.1,0,0,0,0,0,0,0,0,0.0,0.0,0.0,479,1584,0.0061,0.0201,-0.0141,0.0,0.0,0.0,0.0,i,Back injury - Unknown return date,2026-07-23T12:01:23.690880Z,0.0,0.0,0.0,0.0,0.0,0.0,0,0,0,0,0,0,0,0,0,0.0,0.0,0.0,0.0,0,0,0,0,,,,0,False,559,-0.1,100,161,-0.1,-1,False,,-1.1,-1,-2.9,-1,-4.7,-1,5.0,0,0,0,0,0.0,0.0,0,4.626,4.038,5.214,-0.274
2026-10-09,2026-10-09T10:03:45+00:00,2026,5,5,209400,214,Kamada,Daichi,Kamada,MID,8,31,Crystal Palace,5.0,5.0,0.0,21,441,5,0,3,1,0,109,4.2,4.2,0.5,51361,25903,0.6531,0.3294,0.3237,21.9,95.6,81.2,42.0,a,,,,,5.5,1.1,5.5,5.5,3,5,0,10,0,0,0,1,0,0.47,0.38,0.85,8.85,38,11,23,4,,,3.0,0,False,243,0.0,4614,4286,12.6,5,False,,12.6,1,12.7,1,12.8,1,5.0,3352,160,0,23,4.2,31.9,0,6.112,5.514,6.709,1.112
2026-10-09,2026-10-09T10:03:45+00:00,2026,5,5,210156,492,Awoniyi,Taiwo,Awoniyi,FWD,7,9,Coventry City,5.4,5.5,-0.1,3,232,4,0,0,0,0,11,0.8,0.6,0.4,21373,66604,0.2718,0.8469,-0.5751,13.6,13.6,46.2,78.0,s,Suspended until 19 Oct,2026-09-13T15:00:09.305127Z,0.0,0.0,-1.0,-0.2,0.0,0.0,0,3,0,7,0,0,0,0,1,1.3,0.04,1.34,3.55,11,1,7,3,5.0,,,0,False,276,-0.1,100,6809,-20.5,-58,False,,-23.5,-2,-29.0,-2,-34.5,-2,5.0,1763,23,0,0,0.7,4.2,0,4.932,4.344,5.52,-0.468
2026-10-09,2026-10-09T10:03:45+00:00,2026,5,5,210462,488,I.Sangaré,Ibrahim,Sangaré,MID,18,17,Nott'm Forest,4.8,5.0,-0.2,4,105,3,0,0,0,0,15,1.3,0.8,0.4,9401,70178,0.1195,0.8923,-0.7728,4.1,21.6,13.7,5.0,a,,2026-08-28T09:30:07.471668Z,100.0,100.0,1.0,0.2,1.0,1.0,1,1,0,1,0,0,0,0,0,0.09,0.02,0.11,0.56,8,1,3,4,,,,0,False,265,-0.1,502,4599,-4.4,-36,False,,-9.1,-1,-17.8,-1,-26.5,-2,5.0,798,30,0,0,1.3,6.3,0,4.805,4.218,5.392,0.005
2026-10-09,2026-10-09T10:03:45+00:00,2026,5,5,212314,267,Lukić,Saša,Lukić,MID,12,40,Ipswich Town,4.9,5.0,-0.1,11,400,5,0,1,0,0,68,2.2,2.2,0.1,3552,6722,0.0452,0.0855,-0.0403,15.8,71.0,81.2,6.0,a,,,,,1.5,0.3,1.5,1.5,2,5,0,10,0,0,0,2,0,0.02,0.41,0.43,7.37,37,7,13,17,,,1.0,0,False,420,-0.1,324,769,-8.7,-5,False,,-11.4,-1,-16.2,-1,-21.0,-2,5.0,3040,84,0,8,2.2,17.1,0,5.161,4.572,5.749,0.261
2026-10-09,2026-10-09T10:03:45+00:00,2026,5,5,212319,527,Richarlison,Richarlison,de Andrade,FWD,19,6,Spurs,5.9,6.0,-0.1,2,67,1,0,0,0,0,6,2.0,0.3,0.6,21439,269854,0.2726,3.4312,-3.1586,0.2,0.0,2.2,0.0,u,not included in squad.,2026-09-04T12:32:39.183614Z,0.0,0.0,0.0,0.0,0.0,0.0,0,1,0,3,0,0,0,0,0,0.0,0.0,0.0,3.02,1,0,0,1,,,,0,False,229,0.0,0,7371,0.0,-43,False,,0.0,0,0.0,0,0.0,0,5.0,509,15,0,0,2.0,2.6,0,5.459,4.871,6.047,-0.441
2026-10-09,2026-10-09T10:03:45+00:00,2026,5,5,213292,296,Akintola,David,Akintola,MID,11,88,Hull City,5.0,5.0,0.0,0,0,0,0,0,0,0,0,0.0,0.0,0.0,2704,4947,0.0344,0.0629,-0.0285,0.0,0.0,0.0,0.0,u,Has joined Omonoia FC permanently,2026-09-11T14:42:38.120231Z,0.0,0.0,0.0,0.0,0.0,0.0,0,0,0,0,0,0,0,0,0,0.0,0.0,0.0,0.0,0,0,0,0,,,,0,False,564,0.0,0,334,0.0,0,False,,0.0,0,0.0,0,0.0,0,5.0,0,0,0,0,0.0,0.0,0,4.801,4.214,5.389,-0.199
2026-10-09,2026-10-09T10:03:45+00:00,2026,5,5,214225,329,Rodon,Joe,Rodon,DEF,13,2,Leeds,4.3,4.5,-0.2,7,123,2,0,0,1,0,25,3.5,1.6,0.7,26957,300524,0.3428,3.8212,-3.4785,4.5,23.0,14.7,7.0,i,Hamstring injury - Expected back 21 Nov,2026-08-30T16:00:08.564382Z,0.0,0.0,0.0,0.0,0.0,0.0,0,2,0,0,0,0,0,0,0,0.03,0.06,0.09,1.01,11,1,2,10,,,,0,False,210,-0.1,63,12519,-10.5,-66,False,,-12.2,-1,-15.5,-1,-18.7,-1,5.0,935,53,0,0,3.5,12.4,0,4.514,3.927,5.101,0.214
2026-10-09,2026-10-09T10:03:45+00:00,2026,5,5,214285,364,Tsimikas,Kostas,Tsimikas,DEF,14,14,Liverpool,4.9,5.0,-0.1,2,64,2,0,0,0,0,6,1.0,0.4,0.1,1615,4489,0.0205,0.0571,-0.0365,1.8,6.4,2.9,9.0,a,,,,,0.5,0.1,0.5,0.5,0,1,0,0,0,0,0,0,0,0.04,0.02,0.06,0.47,3,1,3,2,,,4.0,0,False,456,0.0,128,463,-61.5,-1,False,,-63.0,-3,-65.8,-3,-68.6,-3,5.0,486,15,0,0,1.0,3.1,0,4.645,4.057,5.232,-0.255
2026-10-09,2026-10-09T10:03:45+00:00,2026,5,5,214572,495,Austin,Brandon,Austin,GK,19,6,Spurs,4.0,4.0,0.0,0,0,0,0,0,0,0,0,0.0,0.0,1.0,30377,22592,0.3862,0.2873,0.099,0.0,0.0,0.0,0.0,a,,,,,0.0,0.0,0.0,0.0,0,0,0,0,0,0,0,0,0,0.0,0.0,0.0,0.0,0,0,0,0,,,,0,False,179,0.0,2726,2907,2.3,-2,False,,2.3,1,2.3,1,2.3,1,5.0,0,0,0,0,0.0,0.0,0,4.072,3.484,4.66,0.072
2026-10-09,2026-10-09T10:03:45+00:00,2026,5,5,214590,611,Wan-Bissaka,Aaron,Wan-Bissaka,DEF,2,7,Aston Villa,4.5,4.5,0.0,6,152,4,0,0,0,0,24,1.5,1.3,0.2,18910,8136,0.2404,0.1035,0.137,5.9,42.8,16.4,0.0,a,,,,,2.0,0.4,2.0,2.0,1,2,0,2,0,0,0,0,0,0.0,0.07,0.07,3.27,21,9,1,12,,,,0,False,313,0.0,2057,1803,2.3,8,False,,2.4,1,2.5,1,2.7,1,5.0,1155,46,0,0,1.5,10.1,0,4.352,3.764,4.94,-0.148
2026-10-09,2026-10-09T10:03:45+00:00,2026,5,5,215059,140,Sánchez,Robert,Lynch Sánchez,GK,6,8,Chelsea,4.9,5.0,-0.1,2,90,1,0,0,0,0,6,2.0,0.4,0.7,10847,177876,0.1379,2.2617,-2.1238,2.1,21.4,0.0,0.0,u,Has joined Como on loan for the rest of the season,2026-09-02T16:20:41.841936Z,0.0,0.0,0.0,0.0,0.0,0.0,0,1,4,2,0,0,0,0,0,0.0,0.01,0.01,1.33,0,0,5,1,,,,0,False,222,0.0,0,6268,0.0,-21,False,,0.0,0,0.0,0,0.0,0,5.0,684,15,0,0,2.0,3.1,0,4.663,4.075,5.252,-0.237
2026-10-09,2026-10-09T10:03:45+00:00,2026,5,5,215136,469,N.Williams,Neco,Williams,DEF,18,17,Nott'm Forest,5.0,5.0,0.0,19,450,5,0,1,1,1,85,3.8,3.8,8.5,330904,373301,4.2075,4.7466,-0.5391,25.6,90.4,123.7,42.0,a,,,,,2.0,0.4,2.0,2.0,2,5,0,5,0,0,0,0,0,0.41,0.61,1.02,4.77,29,14,28,15,,3.0,2.0,0,False,43,0.0,16418,68043,24.0,-122,False,,22.9,2,21.0,2,19.0,1,5.0,3420,144,0,8,3.8,28.9,0,5.323,4.736,5.911,0.323
2026-10-09,2026-10-09T10:03:45+00:00,2026,5,5,215379,481,Anderson,Elliot,Anderson,MID,15,43,Man City,6.3,6.5,-0.2,15,413,5,0,0,2,0,95,3.0,2.4,3.9,108214,454649,1.376,5.7809,-4.405,18.4,87.4,77.1,19.0,a,,2026-08-23T17:00:07.952697Z,100.0,100.0,3.5,0.6,3.5,3.5,2,5,0,5,0,0,0,1,0,0.11,0.67,0.78,7.15,54,13,23,18,,,3.0,0,False,87,0.0,10775,36809,-51.2,-137,False,,-54.4,-3,-60.3,-3,-66.2,-3,5.0,3139,114,0,0,3.0,18.1,0,5.96,5.37,6.549,-0.34
2026-10-09,2026-10-09T10:03:45+00:00,2026,5,5,215413,236,Dewsbury-Hall,Kiernan,Dewsbury-Hall,MID,9,11,Everton,6.6,6.5,0.1,20,450,5,1,0,3,3,110,4.0,3.0,5.8,593077,348294,7.5411,4.4286,3.1125,38.9,102.8,160.8,125.0,a,,,,,2.5,0.4,2.5,2.5,3,5,0,3,0,0,0,1,0,0.99,0.83,1.82,6.74,42,11,26,5,,,2.0,0,False,66,0.1,42313,68930,-23.6,-175,False,,-26.4,-2,-31.5,-2,-36.6,-2,5.0,3420,152,8,0,4.0,23.0,0,6.535,5.945,7.124,-0.065
2026-10-09,2026-10-09T10:03:45+00:00,2026,5,5,215711,44,Bailey,Leon,Bailey,MID,2,7,Aston Villa,5.4,5.5,-0.1,0,0,0,0,0,0,0,0,0.0,0.0,0.1,2096,13328,0.0267,0.1695,-0.1428,0.0,0.0,0.0,0.0,u,Has joined Olympiakos permanently,2026-09-04T12:35:14.472260Z,0.0,0.0,0.0,0.0,0.0,0.0,0,0,0,0,0,0,0,0,0,0.0,0.0,0.0,0.0,0,0,0,0,,,,0,False,496,0.0,0,597,0.0,-2,False,,0.0,0,0.0,0,0.0,0,5.0,0,0,0,0,0.0,0.0,0,5.032,4.444,5.621,-0.368
2026-10-09,2026-10-09T10:03:45+00:00,2026,5,5,216051,417,Dalot,Diogo,Dalot Teixeira,DEF,16,1,Man Utd,4.9,5.0,-0.1,8,346,5,0,0,0,0,46,1.6,1.6,1.6,27058,138851,0.344,1.7655,-1.4215,20.2,43.6,107.7,49.0,a,,,,,2.0,0.4,2.0,2.0,2,4,0,4,0,0,0,1,0,0.24,0.23,0.47,4.7,16,6,21,10,,,,0,False,140,0.0,2279,10356,-86.7,-37,False,,-88.9,-3,-92.8,-3,-96.8,-4,5.0,2630,61,0,0,1.6,12.4,0,4.644,4.056,5.232,-0.256
2026-10-09,2026-10-09T10:03:45+00:00,2026,5,5,216055,571,Florentino,Florentino Ibrain,Morris Luís,MID,12,40,Ipswich Town,4.8,5.0,-0.2,2,30,2,0,0,0,0,9,1.0,0.4,0.1,1090,7235,0.0139,0.092,-0.0781,3.2,9.0,22.3,2.0,a,,2026-08-25T11:30:07.678802Z,100.0,100.0,1.0,0.2,1.0,1.0,1,0,0,0,0,0,0,0,0,0.0,0.01,0.01,0.75,2,1,0,1,,,,0,False,447,-0.1,145,504,-6.3,-2,False,,-7.7,-1,-10.3,-1,-12.9,-1,5.0,228,15,0,0,1.0,3.2,0,4.786,4.199,5.373,-0.014
2026-10-09,2026-10-09T10:03:45+00:00,2026,5,5,216094,357,Frimpong,Jeremie,Frimpong,DEF,14,14,Liverpool,5.3,5.5,-0.2,2,178,3,0,0,0,0,24,0.7,0.4,1.7,59366,249473,0.7548,3.1721,-2.4172,13.2,39.4,76.5,16.0,a,,,,,0.5,0.1,0.5,0.5,0,2,0,4,0,0,0,1,0,0.01,0.23,0.24,3.91,12,4,7,8,,,,0,False,133,0.0,2023,16088,-48.3,-45,False,,-50.7,-3,-55.1,-3,-59.5,-3,5.0,1353,15,0,0,0.7,2.9,0,4.811,4.222,5.399,-0.489
2026-10-09,2026-10-09T10:03:45+00:00,2026,5,5,216616,304,O'Shea,Dara,O'Shea,DEF,12,40,Ipswich Town,4.0,4.0,0.0,10,450,5,0,0,0,0,24,2.0,2.5,2.6,66557,133780,0.8463,1.701,-0.8548,22.1,130.0,71.0,21.0,a,,,,,1.5,0.4,1.5,1.5,2,5,0,11,0,0,0,0,0,0.07,0.26,0.33,8.98,48,7,18,41,,,,0,False,110,0.0,3138,20437,-46.1,-14,False,,-46.6,-3,-47.5,-3,-48.4,-3,5.0,3420,76,0,0,2.0,19.0,0,4.12,3.533,4.708,0.12
2026-10-09,2026-10-09T10:03:45+00:00,2026,5,5,216646,464,Wissa,Yoane,Wissa,FWD,17,4,Newcastle,6.2,6.0,0.2,15,441,5,1,1,1,2,54,3.0,2.4,18.9,2340562,771850,29.7607,9.8142,19.9465,23.3,66.6,60.6,106.0,a,,,,,1.0,0.2,1.0,1.0,0,5,0,8,0,0,1,2,0,2.35,0.06,2.41,7.97,27,6,15,6,2.0,,,0,False,19,0.0,145050,184840,77.8,953,False,,86.3,3,101.7,5,117.1,5,5.0,3352,114,8,8,3.0,18.4,0,6.665,6.074,7.256,0.465
2026-10-09,2026-10-09T10:03:45+00:00,2026,5,5,218364,205,Sosa,Borna,Sosa,DEF,8,31,Crystal Palace,4.5,4.5,0.0,0,0,0,0,0,0,0,0,0.0,0.0,0.0,236,2108,0.003,0.0268,-0.0238,0.0,0.0,0.0,0.0,u,Has joined FC Cologne on loan for the rest of the season,2026-09-02T16:03:25.710518Z,0.0,0.0,0.0,0.0,0.0,0.0,0,0,0,0,0,0,0,0,0,0.0,0.0,0.0,0.0,0,0,0,0,,,,0,False,592,0.0,0,139,0.0,-1,False,,0.0,0,0.0,0,0.0,0,5.0,0,0,0,0,0.0,0.0,0,4.259,3.671,4.846,-0.241
2026-10-09,2026-10-09T10:03:45+00:00,2026,5,5,218543,619,Palacios,Exequiel,Palacios,MID,12,40,Ipswich Town,5.0,5.0,0.0,11,275,4,0,0,0,0,64,2.8,2.2,0.1,9223,3694,0.1173,0.047,0.0703,10.6,55.4,46.6,4.0,a,,,,,3.0,0.6,3.0,3.0,2,3,0,7,0,0,0,0,0,0.0,0.09,0.09,5.3,44,9,23,12,,,,0,False,474,0.0,735,1084,1.1,-4,False,,1.1,1,1.0,1,0.9,1,5.0,2090,84,0,0,2.8,16.7,0,4.986,4.398,5.573,-0.014
2026-10-09,2026-10-09T10:03:45+00:00,2026,5,5,218997,195,Simms,Ellis,Simms,FWD,7,9,Coventry City,4.9,5.0,-0.1,4,104,3,0,0,0,0,13,1.3,0.8,0.6,41930,66398,0.5331,0.8443,-0.3111,6.8,7.8,22.6,37.0,a,,,,,0.5,0.1,0.5,0.5,1,1,0,3,0,0,0,0,0,0.3,0.01,0.31,2.79,3,0,2,1,,,,0,False,224,-0.1,3426,7180,-1.0,17,False,,0.0,0,0.3,1,0.6,1,5.0,790,30,0,0,1.3,6.2,0,4.825,4.237,5.412,-0.075
2026-10-09,2026-10-09T10:03:45+00:00,2026,5,5,219168,379,Isak,Alexander,Isak,FWD,14,14,Liverpool,9.1,9.0,0.1,33,413,5,4,0,3,8,133,6.6,3.6,21.4,1256765,841606,15.98,10.7012,5.2788,40.0,146.2,47.5,207.0,d,Thigh injury - 75% chance of playing,2026-09-27T10:30:09.051435Z,,75.0,5.0,0.5,5.0,3.8,8,5,0,4,0,0,0,1,0,3.54,0.08,3.62,5.82,7,1,3,3,2.0,,,1,False,16,0.0,129603,181637,-15.7,-2497,False,,-27.6,-2,-49.5,-3,-71.4,-3,5.0,3139,251,30,0,6.6,27.6,0,10.0,9.4,10.599,0.9
2026-10-09,2026-10-09T10:03:45+00:00,2026,5,5,219249,126,O'Riley,Matt,O'Riley,MID,5,36,Brighton,5.4,5.5,-0.1,2,10,2,0,0,0,0,6,1.0,0.4,0.1,3687,6628,0.0469,0.0843,-0.0374,3.8,8.2,10.5,19.0,a,,,,,1.0,0.2,1.0,1.0,1,0,0,0,0,0,0,0,0,0.28,0.01,0.29,0.18,3,0,1,2,3.0,,,0,False,418,0.0,513,672,-9.3,3,False,,-6.1,-1,-0.1,-1,0.1,1,5.0,76,15,0,0,1.0,2.8,0,5.097,4.509,5.684,-0.303
2026-10-09,2026-10-09T10:03:45+00:00,2026,5,5,219847,26,Havertz,Kai,Havertz,FWD,1,3,Arsenal,7.6,7.5,0.1,19,437,5,2,0,3,2,82,3.8,2.5,7.7,655664,482668,8.3369,6.1372,2.1997,32.6,89.4,71.3,165.0,d,Hamstring injury - 75% chance of playing,2026-09-24T22:00:09.120308Z,,75.0,1.5,0.2,1.5,1.1,2,5,0,4,0,0,0,1,0,1.67,0.37,2.04,3.91,13,0,7,6,,,,0,False,48,0.0,52431,122196,-17.7,-1558,False,,-27.8,-2,-46.4,-3,-64.9,-3,5.0,3321,144,15,0,3.8,19.0,0,7.578,6.987,8.168,-0.022
2026-10-09,2026-10-09T10:03:45+00:00,2026,5,5,219924,259,Diop,Issa,Diop,DEF,12,40,Ipswich Town,4.0,4.0,0.0,12,450,5,0,0,0,0,45,2.4,3.0,12.4,139913,535471,1.779,6.8086,-5.0296,15.5,121.6,24.2,9.0,a,,,,,2.5,0.6,2.5,2.5,4,5,0,11,0,0,0,0,0,0.06,0.16,0.22,8.98,45,4,21,41,,,,0,False,33,0.0,10876,82849,-60.6,-127,False,,-61.5,-3,-63.2,-3,-65.0,-3,5.0,3420,91,0,0,2.4,22.8,0,4.375,3.787,4.963,0.375
2026-10-09,2026-10-09T10:03:45+00:00,2026,5,5,220237,447,Botman,Sven,Botman,DEF,17,4,Newcastle,5.0,5.0,0.0,15,450,5,0,0,1,0,43,3.0,3.0,0.7,49981,29642,0.6355,0.3769,0.2586,16.4,136.0,4.1,23.0,a,,,,,3.0,0.6,3.0,3.0,4,5,0,9,0,0,0,1,0,0.06,0.17,0.23,9.14,59,5,14,54,,,,0,False,209,0.0,7307,4348,11.0,25,False,,11.2,1,11.6,1,12.0,1,5.0,3420,114,0,0,3.0,22.8,0,4.741,4.153,5.329,-0.259
2026-10-09,2026-10-09T10:03:45+00:00,2026,5,5,220362,153,Disasi,Axel,Disasi,DEF,8,31,Crystal Palace,4.5,4.5,0.0,1,139,3,0,0,0,0,-6,0.3,0.2,0.1,9441,10624,0.12,0.1351,-0.015,5.0,34.8,13.4,2.0,s,Suspended until 25 Oct,2026-09-12T15:30:09.445078Z,0.0,0.0,-1.5,-0.3,0.0,0.0,0,2,0,6,0,0,0,0,1,0.0,0.04,0.04,3.72,20,5,11,15,,,,0,False,477,0.0,40,1043,-78.8,-2,False,,-79.9,-3,-81.8,-3,-83.7,-3,5.0,1056,8,0,0,0.3,1.7,0,4.153,3.564,4.741,-0.347
2026-10-09,2026-10-09T10:03:45+00:00,2026,5,5,220566,402,Rodrigo,Rodrigo 'Rodri',Hernandez Cascante,MID,15,43,Man City,6.5,6.5,0.0,0,0,0,0,0,0,0,0,0.0,0.0,0.0,0,1234,0.0,0.0157,-0.0157,0.0,0.0,0.0,0.0,u,Has joined Barcelona permanently,2026-07-23T12:01:23.675537Z,0.0,0.0,0.0,0.0,0.0,0.0,0,0,0,0,0,0,0,0,0,0.0,0.0,0.0,0.0,0,0,0,0,,,,0,False,607,0.0,0,30,0.0,0,False,,0.0,0,0.0,0,0.0,0,5.0,0,0,0,0,0.0,0.0,0,5.892,5.302,6.482,-0.608
2026-10-09,2026-10-09T10:03:45+00:00,2026,5,5,220583,180,Woolfenden,Luke,Woolfenden,DEF,7,9,Coventry City,3.9,4.0,-0.1,0,0,0,0,0,0,0,0,0.0,0.0,0.1,2586,9295,0.0329,0.1182,-0.0853,0.0,0.0,0.0,0.0,i,Knee injury - Unknown return date,2026-08-27T14:56:28.718566Z,0.0,0.0,0.0,0.0,0.0,0.0,0,0,0,0,0,0,0,0,0,0.0,0.0,0.0,0.0,0,0,0,0,,,,0,False,400,-0.1,351,786,-0.3,-1,False,,-0.4,-1,-0.6,-1,-0.8,-1,5.0,0,0,0,0,0.0,0.0,0,3.986,3.399,4.573,0.086
2026-10-09,2026-10-09T10:03:45+00:00,2026,5,5,220627,332,Justin,James,Justin,DEF,13,2,Leeds,4.5,4.5,0.0,26,450,5,0,0,2,4,91,5.2,5.8,1.4,125243,73982,1.5925,0.9407,0.6518,20.0,103.6,56.1,41.0,a,,,,,5.0,1.1,5.0,5.0,8,5,0,3,0,0,0,0,0,0.22,0.42,0.64,6.46,44,16,14,28,,,,0,False,153,0.0,7971,9069,19.7,-16,False,,19.5,1,19.3,1,19.0,1,5.0,3420,198,0,0,5.2,38.7,1,4.845,4.251,5.44,0.345
2026-10-09,2026-10-09T10:03:45+00:00,2026,5,5,221389,468,John,John Victor,Maciel Furtado,GK,18,17,Nott'm Forest,4.5,4.5,0.0,0,0,0,0,0,0,0,0,0.0,0.0,0.1,884,2051,0.0112,0.0261,-0.0148,0.0,0.0,0.0,0.0,a,,,,,0.0,0.0,0.0,0.0,0,0,0,0,0,0,0,0,0,0.0,0.0,0.0,0.0,0,0,0,0,,,,0,False,484,0.0,77,191,-81.0,0,False,,-81.0,-3,-81.0,-3,-81.0,-3,5.0,0,0,0,0,0.0,0.0,0,4.257,3.669,4.845,-0.243
2026-10-09,2026-10-09T10:03:45+00:00,2026,5,5,221399,342,Harrison,Jack,Harrison,MID,13,2,Leeds,5.0,5.0,0.0,0,0,0,0,0,0,0,0,0.0,0.0,0.0,0,79,0.0,0.001,-0.001,0.0,0.0,0.0,0.0,u,Has joined New England Revolution permanently,2026-07-28T12:59:09.492431Z,0.0,0.0,0.0,0.0,0.0,0.0,0,0,0,0,0,0,0,0,0,0.0,0.0,0.0,0.0,0,0,0,0,,,,0,False,665,0.0,0,5,0.0,0,False,,0.0,0,0.0,0,0.0,0,5.0,0,0,0,0,0.0,0.0,0,4.801,4.214,5.389,-0.199
2026-10-09,2026-10-09T10:03:45+00:00,2026,5,5,221466,498,Senesi,Marcos,Senesi Barón,DEF,19,6,Spurs,5.8,6.0,-0.2,3,90,1,0,0,0,0,10,3.0,0.5,3.5,29766,464074,0.3785,5.9008,-5.5223,3.9,36.6,2.2,0.0,a,,,,,0.0,0.0,0.0,0.0,0,1,0,3,0,0,0,0,0,0.0,0.02,0.02,3.87,16,5,2,11,,,,0,False,99,0.0,1622,27611,-67.5,-137,False,,-71.2,-3,-77.9,-3,-84.6,-3,5.0,684,23,0,0,3.0,3.9,0,5.287,4.699,5.875,-0.513
2026-10-09,2026-10-09T10:03:45+00:00,2026,5,5,221632,500,Romero,Cristian,Romero,DEF,19,6,Spurs,5.0,5.0,0.0,0,0,0,0,0,0,0,0,0.0,0.0,0.1,0,16855,0.0,0.2143,-0.2143,0.0,0.0,0.0,0.0,u,Has joined Atletico Madrid permanently,2026-08-17T13:49:05.465401Z,0.0,0.0,0.0,0.0,0.0,0.0,0,0,0,0,0,0,0,0,0,0.0,0.0,0.0,0.0,0,0,0,0,,,,0,False,437,0.0,0,341,0.0,-3,False,,0.0,0,0.0,0,0.0,0,5.0,0,0,0,0,0.0,0.0,0,4.616,4.028,5.204,-0.384
2026-10-09,2026-10-09T10:03:45+00:00,2026,5,5,221820,419,Martinez,Lisandro,Martínez,DEF,16,1,Man Utd,4.9,5.0,-0.1,6,360,4,0,0,0,0,29,1.5,1.2,1.3,37713,68759,0.4795,0.8743,-0.3948,11.8,66.4,18.8,32.0,a,,2026-07-24T20:00:10.337107Z,100.0,100.0,1.0,0.2,1.0,1.0,0,4,0,6,1,0,0,0,0,0.21,0.16,0.37,5.79,20,3,14,17,,,,0,False,160,-0.1,4787,7906,-0.1,-2,False,,-0.2,-1,-0.3,-1,-0.5,-1,5.0,2736,46,0,0,1.5,9.3,0,4.571,3.982,5.16,-0.329
2026-10-09,2026-10-09T10:03:45+00:00,2026,5,5,222018,307,Johnson,Ben,Johnson,DEF,12,40,Ipswich Town,4.0,4.0,0.0,0,0,0,0,0,0,0,0,0.0,0.0,0.1,1137,6448,0.0145,0.082,-0.0675,0.0,0.0,0.0,0.0,u,Has joined Stoke City on loan for the rest of the season,2026-09-04T12:36:56.236331Z,0.0,0.0,0.0,0.0,0.0,0.0,0,0,0,0,0,0,0,0,0,0.0,0.0,0.0,0.0,0,0,0,0,,,,0,False,483,0.0,0,501,0.0,-4,False,,0.0,0,0.0,0,0.0,0,5.0,0,0,0,0,0.0,0.0,0,4.007,3.42,4.594,0.007
2026-10-09,2026-10-09T10:03:45+00:00,2026,5,5,222531,480,Gibbs-White,Morgan,Gibbs-White,MID,18,17,Nott'm Forest,8.0,8.0,0.0,28,450,5,1,2,1,6,116,5.6,3.5,15.8,1251784,706352,15.9167,8.9814,6.9353,40.6,123.4,204.7,78.0,a,,2026-08-24T15:30:08.350159Z,100.0,100.0,5.0,0.6,5.0,5.0,2,5,0,5,0,0,0,0,0,1.56,1.42,2.98,4.77,21,5,14,2,1.0,1.0,,1,False,27,0.0,108102,123658,56.7,73,False,,57.4,3,58.6,3,59.8,3,5.0,3420,213,8,15,5.6,26.6,0,8.238,7.647,8.83,0.238
2026-10-09,2026-10-09T10:03:45+00:00,2026,5,5,222625,317,Hirst,George,Hirst,FWD,12,40,Ipswich Town,5.0,5.0,0.0,0,0,0,0,0,0,0,0,0.0,0.0,0.1,0,17300,0.0,0.22,-0.22,0.0,0.0,0.0,0.0,u,Has joined Stoke City permanently,2026-08-21T13:06:08.606019Z,0.0,0.0,0.0,0.0,0.0,0.0,0,0,0,0,0,0,0,0,0,0.0,0.0,0.0,0.0,0,0,0,0,,,,0,False,451,0.0,0,670,0.0,-4,False,,0.0,0,0.0,0,0.0,0,5.0,0,0,0,0,0.0,0.0,0,4.794,4.206,5.381,-0.206
2026-10-09,2026-10-09T10:03:45+00:00,2026,5,5,222683,70,Kluivert,Justin,Kluivert,MID,3,91,Bournemouth,6.0,6.0,0.0,15,294,4,1,0,2,1,64,3.8,2.5,0.8,52691,90739,0.67,1.1538,-0.4838,22.5,62.2,46.5,120.0,i,Unspecified injury - Unknown return date,2026-09-20T15:30:09.074071Z,,0.0,4.0,0.7,4.0,0.0,0,4,0,3,0,0,0,1,0,0.99,0.08,1.07,4.48,22,4,16,2,2.0,2.0,3.0,0,False,202,0.0,2334,25857,-86.2,-236,False,,-96.2,-4,-114.4,-5,-132.6,-5,5.0,2234,114,8,0,3.8,19.0,0,6.136,5.547,6.725,0.136
2026-10-09,2026-10-09T10:03:45+00:00,2026,5,5,222694,328,Struijk,Pascal,Struijk,DEF,5,36,Brighton,4.9,5.0,-0.1,7,98,3,0,0,1,0,31,2.3,1.4,0.2,5696,12595,0.0724,0.1601,-0.0877,4.0,32.2,1.5,7.0,d,Hamstring injury - 75% chance of playing,2026-09-22T10:00:09.404233Z,100.0,75.0,3.0,0.6,3.0,2.2,5,1,0,0,0,0,0,1,0,0.16,0.01,0.17,1.7,10,1,6,9,,,,0,False,354,0.0,667,1344,-16.4,-10,False,,-19.5,-1,-25.2,-2,-30.9,-2,5.0,745,53,0,0,2.3,10.9,0,4.713,4.125,5.301,-0.187
2026-10-09,2026-10-09T10:03:45+00:00,2026,5,5,223094,411,Haaland,Erling,Haaland,FWD,15,43,Man City,15.6,15.5,0.1,39,450,5,5,0,2,9,167,7.8,2.5,74.0,958139,336566,12.1829,4.2795,7.9034,46.5,184.2,22.5,258.0,a,,,,,7.5,0.5,7.5,7.5,6,5,0,5,0,0,0,0,0,4.42,0.53,4.95,7.25,20,0,10,10,1.0,,,2,True,1,0.0,112862,34908,27.8,174,False,,29.3,2,32.1,2,34.9,2,5.0,3420,296,36,0,7.8,19.0,3,15.524,14.886,16.162,-0.076
2026-10-09,2026-10-09T10:03:45+00:00,2026,5,5,223340,12,Saka,Bukayo,Saka,MID,1,3,Arsenal,9.6,9.5,0.1,32,416,5,3,0,3,4,137,6.4,3.3,15.0,932091,413073,11.8517,5.2523,6.5994,52.1,155.6,125.6,240.0,a,,,,,5.0,0.5,5.0,5.0,2,5,0,4,0,0,0,0,0,3.22,0.98,4.2,3.58,31,6,17,8,1.0,2.0,2.0,0,False,28,0.1,252469,63222,7.8,1859,False,,13.9,1,25.0,2,36.1,2,5.0,3162,243,23,0,6.4,25.3,0,9.72,9.122,10.319,0.12
2026-10-09,2026-10-09T10:03:45+00:00,2026,5,5,223434,118,Igor,Igor Julio,dos Santos de Paulo,DEF,5,36,Brighton,4.5,4.5,0.0,0,0,0,0,0,0,0,0,0.0,0.0,0.0,915,6020,0.0116,0.0765,-0.0649,0.0,0.0,0.0,0.0,u,Has joined Burnley permanently,2026-09-02T15:38:15.529699Z,0.0,0.0,0.0,0.0,0.0,0.0,0,0,0,0,0,0,0,0,0,0.0,0.0,0.0,0.0,0,0,0,0,,,,0,False,519,0.0,0,377,0.0,-3,False,,0.0,0,0.0,0,0.0,0,5.0,0,0,0,0,0.0,0.0,0,4.272,3.684,4.86,-0.228
2026-10-09,2026-10-09T10:03:45+00:00,2026,5,5,223541,370,Chiesa,Federico,Chiesa,MID,14,14,Liverpool,5.3,5.5,-0.2,0,0,0,0,0,0,0,0,0.0,0.0,0.0,685,10128,0.0087,0.1288,-0.1201,0.0,0.0,0.0,0.0,i,Back injury - Unknown return date,2026-08-27T13:30:07.598926Z,0.0,0.0,0.0,0.0,0.0,0.0,0,0,0,0,0,0,0,0,0,0.0,0.0,0.0,0.0,0,0,0,0,,,,0,False,506,-0.1,20,295,-7.5,-2,False,,-8.5,-1,-10.2,-1,-11.9,-1,5.0,0,0,0,0,0.0,0.0,0,5.132,4.544,5.72,-0.168
2026-10-09,2026-10-09T10:03:45+00:00,2026,5,5,223723,577,Tomiyasu,Takehiro,Tomiyasu,DEF,8,31,Crystal Palace,4.4,4.5,-0.1,3,189,4,0,0,0,0,10,0.8,0.7,0.3,3485,13925,0.0443,0.1771,-0.1327,6.0,35.8,15.6,8.0,d,Calf injury - 75% chance of playing,2026-09-21T13:30:09.030724Z,,75.0,0.5,0.1,0.5,0.4,1,2,0,5,0,0,0,0,0,0.0,0.03,0.03,3.98,17,2,7,15,,,,0,False,307,0.0,156,1805,-22.0,-11,False,,-24.2,-2,-28.0,-2,-31.9,-2,5.0,1436,23,0,0,0.7,5.2,0,4.179,3.591,4.767,-0.221
2026-10-09,2026-10-09T10:03:45+00:00,2026,5,5,223827,532,Ballard,Daniel,Ballard,DEF,20,56,Sunderland,4.9,5.0,-0.1,14,450,5,0,0,1,0,31,2.8,2.9,2.3,45652,335035,0.5805,4.26,-3.6796,16.3,104.2,23.8,35.0,i,Hamstring injury - Unknown return date,2026-09-25T21:30:10.370384Z,,0.0,1.0,0.2,1.0,0.0,2,5,0,10,0,0,0,2,0,0.31,0.16,0.47,8.66,49,10,12,39,,,,0,False,119,0.0,3753,34467,-51.4,-542,False,,-59.1,-3,-73.3,-3,-87.4,-3,5.0,3420,106,0,0,2.8,21.7,0,4.696,4.109,5.284,-0.204
2026-10-09,2026-10-09T10:03:45+00:00,2026,5,5,224117,25,Gyökeres,Viktor,Gyökeres,FWD,1,3,Arsenal,7.1,7.5,-0.4,2,29,2,0,0,0,0,7,1.0,0.3,3.5,74462,617028,0.9468,7.8456,-6.8988,1.4,0.0,14.7,0.0,a,,,,,0.5,0.1,0.5,0.5,1,0,0,0,0,0,0,0,0,0.0,0.23,0.23,0.65,1,0,1,0,2.0,,,0,False,98,-0.1,46239,22704,12.2,800,False,,19.3,1,32.3,2,45.2,3,5.0,220,15,0,0,1.0,2.1,0,6.245,5.656,6.834,-0.855
2026-10-09,2026-10-09T10:03:45+00:00,2026,5,5,224967,233,Mykolenko,Vitalii,Mykolenko,DEF,9,11,Everton,4.6,4.5,0.1,27,450,5,0,0,3,3,109,5.4,5.9,3.9,414792,142519,5.2742,1.8122,3.462,15.5,105.6,35.7,13.0,d,Leg injury - 75% chance of playing,2026-10-01T19:30:09.402881Z,,75.0,8.0,1.7,8.0,6.0,5,5,0,3,0,0,0,1,0,0.04,0.16,0.2,6.94,39,14,30,25,,,,1,False,84,0.1,43600,46066,-2.6,-314,False,,-6.5,-1,-13.8,-1,-21.0,-2,5.0,3420,205,0,0,5.4,38.7,1,4.961,4.365,5.557,0.361
2026-10-09,2026-10-09T10:03:45+00:00,2026,5,5,225796,142,James,Reece,James,DEF,6,8,Chelsea,5.3,5.5,-0.2,3,292,4,0,0,0,0,24,0.8,0.6,5.6,169029,622975,2.1492,7.9212,-5.772,14.8,56.2,42.6,49.0,d,Hamstring injury - 75% chance of playing,2026-09-18T10:30:09.719371Z,75.0,75.0,0.5,0.1,0.4,0.4,0,3,0,7,0,0,0,1,0,0.33,0.26,0.59,4.9,13,2,15,11,,1.0,1.0,0,False,70,-0.1,824,100286,-5.3,-554,False,,-8.2,-1,-13.5,-1,-18.8,-1,5.0,2219,23,0,0,0.7,4.3,0,4.8,4.21,5.39,-0.5
2026-10-09,2026-10-09T10:03:45+00:00,2026,5,5,226182,330,Bogle,Jayden,Bogle,DEF,13,2,Leeds,4.6,4.5,0.1,42,365,5,2,0,4,6,122,8.4,9.1,7.7,704980,100147,8.964,1.2734,7.6906,26.2,108.8,34.6,119.0,a,,,,,10.0,2.2,10.0,10.0,5,5,0,1,0,0,0,2,0,1.38,0.08,1.46,2.89,16,5,11,11,,,,2,True,47,0.0,178407,40939,73.1,482,False,,77.4,3,85.2,3,93.0,3,5.0,2774,319,15,0,8.4,38.7,1,6.003,5.359,6.647,1.403
2026-10-09,2026-10-09T10:03:45+00:00,2026,5,5,226597,4,Gabriel,Gabriel,dos Santos Magalhães,DEF,1,3,Arsenal,8.0,8.0,0.0,25,450,5,0,0,3,2,90,5.0,3.1,22.7,251016,935378,3.1917,11.8935,-8.7018,20.0,94.8,22.0,84.0,a,,,,,5.0,0.6,5.0,5.0,1,5,0,4,0,0,0,2,0,0.51,0.2,0.71,4.03,41,6,17,35,,,,0,False,14,0.0,40773,92487,-96.8,15,False,,-96.8,-4,-96.7,-4,-96.6,-4,5.0,3420,190,0,0,5.0,23.8,0,7.008,6.411,7.605,-0.992
2026-10-09,2026-10-09T10:03:45+00:00,2026,5,5,226944,47,Kamara,Boubacar,Kamara,MID,2,7,Aston Villa,5.0,5.0,0.0,15,443,5,0,1,2,0,85,3.0,3.0,0.3,14937,22081,0.1899,0.2808,-0.0908,14.3,68.0,68.8,6.0,a,,2026-07-23T12:01:23.337269Z,100.0,100.0,4.0,0.8,4.0,4.0,6,5,0,7,0,0,0,0,0,0.12,0.16,0.28,8.44,36,9,16,11,,,,0,False,290,0.0,1728,2133,-89.0,-6,False,,-90.8,-3,-94.2,-3,-97.5,-4,5.0,3367,114,0,8,3.0,22.8,0,5.279,4.69,5.868,0.279
2026-10-09,2026-10-09T10:03:45+00:00,2026,5,5,226965,188,Torp,Victor,Torp,MID,7,9,Coventry City,5.3,5.5,-0.2,3,53,3,0,0,0,0,13,1.0,0.6,0.1,801,8113,0.0102,0.1032,-0.093,2.7,7.2,20.4,0.0,a,,,,,0.5,0.1,0.5,0.5,0,0,0,2,0,0,0,0,0,0.0,0.12,0.12,1.22,3,0,2,1,2.0,2.0,2.0,0,False,421,-0.1,48,581,-16.6,-5,False,,-19.7,-1,-25.3,-2,-31.0,-2,5.0,403,23,0,0,1.0,4.3,0,5.058,4.47,5.645,-0.242
2026-10-09,2026-10-09T10:03:45+00:00,2026,5,5,227444,471,Milenković,Nikola,Milenković,DEF,18,17,Nott'm Forest,5.4,5.5,-0.1,12,270,3,0,0,1,0,34,4.0,2.2,1.0,18028,111072,0.2292,1.4123,-1.1831,7.0,53.2,1.4,16.0,i,Hamstring injury - Expected back 11 Oct,2026-09-12T14:00:09.705107Z,0.0,0.0,0.0,0.0,0.0,0.0,0,3,0,3,0,0,0,1,0,0.11,0.03,0.14,3.28,31,5,12,26,,,,0,False,183,-0.1,96,15915,-19.3,-109,False,,-21.5,-2,-25.6,-2,-29.6,-2,5.0,2052,91,0,0,4.0,16.9,0,5.063,4.476,5.651,-0.337
2026-10-09,2026-10-09T10:03:45+00:00,2026,5,5,229164,314,Ogbene,Chiedozie,Ogbene,MID,12,40,Ipswich Town,4.9,5.0,-0.1,0,0,0,0,0,0,0,0,0.0,0.0,0.0,104,1227,0.0013,0.0156,-0.0143,0.0,0.0,0.0,0.0,u,Has joined Lincoln City on loan until January,2026-09-02T16:04:17.497385Z,0.0,0.0,0.0,0.0,0.0,0.0,0,0,0,0,0,0,0,0,0,0.0,0.0,0.0,0.0,0,0,0,0,,,,0,False,633,0.0,0,85,0.0,0,False,,0.0,0,0.0,0,0.0,0,5.0,0,0,0,0,0.0,0.0,0,4.773,4.186,5.36,-0.127
2026-10-09,2026-10-09T10:03:45+00:00,2026,5,5,229600,227,Travers,Mark,Travers,GK,9,11,Everton,5.0,5.0,0.0,0,0,0,0,0,0,0,0,0.0,0.0,0.0,1881,2192,0.0239,0.0279,-0.004,0.0,0.0,0.0,0.0,a,,,,,0.0,0.0,0.0,0.0,0,0,0,0,0,0,0,0,0,0.0,0.0,0.0,0.0,0,0,0,0,,,,0,False,513,0.0,323,330,-34.4,0,False,,-34.4,-2,-34.4,-2,-34.4,-2,5.0,0,0,0,0,0.0,0.0,0,4.577,3.988,5.166,-0.423
2026-10-09,2026-10-09T10:03:45+00:00,2026,5,5,230001,422,Mazraoui,Noussair,Mazraoui,DEF,16,1,Man Utd,4.4,4.5,-0.1,3,97,3,0,0,0,0,6,1.0,0.7,0.5,14404,42333,0.1831,0.5383,-0.3551,6.4,21.0,31.2,11.0,d,Back injury - 75% chance of playing,2026-10-04T21:30:08.533022Z,,75.0,0.0,0.0,0.0,0.0,0,1,0,4,0,0,0,0,0,0.22,0.06,0.28,2.08,6,2,3,4,,,,0,False,252,0.0,620,4246,-51.3,-32,False,,-54.6,-3,-60.6,-3,-66.5,-3,5.0,737,23,0,0,1.0,5.2,0,4.389,3.802,4.977,-0.011
2026-10-09,2026-10-09T10:03:45+00:00,2026,5,5,230650,615,Di Gregorio,Michele,Di Gregorio,GK,3,91,Bournemouth,4.5,4.5,0.0,0,0,0,0,0,0,0,0,0.0,0.0,0.0,2968,1789,0.0377,0.0227,0.015,0.0,0.0,0.0,0.0,a,,,,,0.0,0.0,0.0,0.0,0,0,0,0,0,0,0,0,0,0.0,0.0,0.0,0.0,0,0,0,0,,,,0,False,518,0.0,225,240,-33.6,-5,False,,-47.7,-3,-73.2,-3,-98.8,-4,5.0,0,0,0,0,0.0,0.0,0,4.26,3.671,4.849,-0.24
2026-10-09,2026-10-09T10:03:45+00:00,2026,5,5,230730,194,Thomas-Asante,Brandon,Thomas-Asante,FWD,7,9,Coventry City,5.0,5.0,0.0,9,227,5,0,0,1,0,43,1.8,1.8,0.8,63312,59474,0.805,0.7562,0.0488,8.4,29.8,4.5,49.0,a,,,,,2.5,0.5,2.5,2.5,4,2,0,6,0,0,0,0,0,0.34,0.06,0.39,4.98,27,3,12,12,4.0,,,0,False,200,0.0,12687,8449,3.8,51,False,,4.2,1,5.0,1,5.9,1,5.0,1725,68,0,0,1.8,13.7,0,4.917,4.33,5.505,-0.083
2026-10-09,2026-10-09T10:03:45+00:00,2026,5,5,231065,91,Pinnock,Ethan,Pinnock,DEF,7,9,Coventry City,4.5,4.5,0.0,14,282,4,0,0,1,0,15,3.5,3.1,0.1,2796,4119,0.0356,0.0524,-0.0168,10.3,90.8,1.7,10.0,a,,,,,5.0,1.1,5.0,5.0,8,3,0,7,0,0,0,1,0,0.12,0.0,0.12,6.57,44,3,4,41,,,,0,False,455,0.0,627,348,-69.5,4,False,,-64.2,-3,-54.6,-3,-45.0,-3,5.0,2143,106,0,0,3.5,23.6,0,4.624,4.036,5.212,0.124
2026-10-09,2026-10-09T10:03:45+00:00,2026,5,5,231416,113,F.Kadıoğlu,Ferdi,Kadıoğlu,DEF,5,36,Brighton,4.4,4.5,-0.1,13,332,4,0,0,2,0,46,3.2,3.0,1.6,32714,138073,0.416,1.7556,-1.3397,12.2,31.2,58.1,32.0,a,,2026-08-23T13:00:07.595211Z,100.0,100.0,5.5,1.2,5.5,5.5,5,4,0,5,0,0,0,1,0,0.12,0.13,0.25,7.55,10,1,8,9,,,3.0,0,False,143,0.0,6301,10530,-64.6,16,False,,-63.6,-3,-62.0,-3,-60.3,-3,5.0,2523,99,0,0,3.2,22.5,0,4.553,3.965,5.141,0.153
2026-10-09,2026-10-09T10:03:45+00:00,2026,5,5,231747,223,Mateta,Jean-Philippe,Mateta,FWD,8,31,Crystal Palace,6.3,6.5,-0.2,2,62,1,0,0,0,0,-3,2.0,0.3,1.2,26036,456950,0.3311,5.8102,-5.4792,2.5,1.4,12.3,11.0,i,Hamstring injury - Expected back 11 Oct,2026-08-28T21:00:08.020382Z,0.0,0.0,0.0,0.0,0.0,0.0,0,1,0,2,0,0,0,0,0,0.7,0.02,0.72,0.98,5,2,2,1,1.0,,,0,False,162,0.0,283,11463,-32.2,-49,False,,-33.5,-2,-35.9,-2,-38.2,-2,5.0,471,15,0,0,2.0,2.4,0,5.64,5.051,6.228,-0.66
2026-10-09,2026-10-09T10:03:45+00:00,2026,5,5,231899,312,Taylor,Jack,Taylor,MID,12,40,Ipswich Town,4.4,4.5,-0.1,0,0,0,0,0,0,0,0,0.0,0.0,0.0,1007,2748,0.0128,0.0349,-0.0221,0.0,0.0,0.0,0.0,i,Knee injury - Unknown return date,2026-07-29T18:00:10.319370Z,0.0,0.0,0.0,0.0,0.0,0.0,0,0,0,0,0,0,0,0,0,0.0,0.0,0.0,0.0,0,0,0,0,,,,0,False,539,-0.1,431,367,0.1,0,False,,0.1,1,0.1,1,0.1,1,5.0,0,0,0,0,0.0,0.0,0,4.502,3.915,5.089,0.102
2026-10-09,2026-10-09T10:03:45+00:00,2026,5,5,232112,433,Ugarte,Manuel,Ugarte Ribeiro,MID,16,1,Man Utd,5.0,5.0,0.0,0,0,0,0,0,0,0,0,0.0,0.0,0.0,123,271,0.0016,0.0034,-0.0019,0.0,0.0,0.0,0.0,i,Knee injury - Unknown return date,2026-07-23T12:01:23.706702Z,0.0,0.0,0.0,0.0,0.0,0.0,0,0,0,0,0,0,0,0,0,0.0,0.0,0.0,0.0,0,0,0,0,,,,0,False,644,0.0,27,31,-75.9,0,False,,-75.9,-3,-75.9,-3,-75.9,-3,5.0,0,0,0,0,0.0,0.0,0,4.909,4.321,5.497,-0.091
2026-10-09,2026-10-09T10:03:45+00:00,2026,5,5,232185,208,Sarr,Ismaïla,Sarr,MID,8,31,Crystal Palace,6.2,6.5,-0.3,1,8,1,0,0,0,0,3,1.0,0.2,0.6,7825,377462,0.0995,4.7995,-4.7,0.1,0.0,0.5,0.0,a,,2026-08-22T18:00:07.363165Z,100.0,100.0,0.5,0.1,0.5,0.5,1,0,0,0,0,0,0,0,0,0.0,0.01,0.01,0.06,0,0,0,0,2.0,,,0,False,226,0.0,3771,3011,0.3,13,False,,0.4,1,0.7,1,0.9,1,5.0,61,8,0,0,1.0,1.2,0,5.564,4.976,6.153,-0.636
2026-10-09,2026-10-09T10:03:45+00:00,2026,5,5,232351,282,Giles,Ryan,Giles,DEF,11,88,Hull City,4.0,4.0,0.0,24,444,5,0,1,3,2,94,4.8,6.0,2.9,285748,71047,3.6333,0.9034,2.73,22.2,82.8,132.5,6.0,a,,,,,2.0,0.5,2.0,2.0,0,5,0,4,0,0,0,1,0,0.02,0.43,0.45,7.33,24,5,14,19,,1.0,3.0,0,False,107,0.0,28931,18756,76.6,25,False,,76.8,3,77.2,3,77.6,3,5.0,3374,182,0,8,4.8,38.7,1,4.928,4.337,5.519,0.928
2026-10-09,2026-10-09T10:03:45+00:00,2026,5,5,232413,14,Eze,Eberechi,Eze,MID,1,3,Arsenal,6.2,6.5,-0.3,4,85,4,0,0,0,0,18,1.0,0.6,1.0,25664,141123,0.3263,1.7944,-1.4681,1.6,3.0,5.9,9.0,a,,,,,1.0,0.2,1.0,1.0,1,0,0,0,0,0,0,0,0,0.04,0.09,0.13,1.33,5,0,5,0,,3.0,,0,False,173,-0.1,4745,8279,0.5,40,False,,0.8,1,1.5,1,2.1,1,5.0,646,30,0,0,1.0,4.9,0,5.671,5.083,6.259,-0.529
2026-10-09,2026-10-09T10:03:45+00:00,2026,5,5,232457,324,Mehmeti,Anis,Mehmeti,MID,12,40,Ipswich Town,4.8,5.0,-0.2,0,0,0,0,0,0,0,0,0.0,0.0,0.0,418,2529,0.0053,0.0322,-0.0268,0.0,0.0,0.0,0.0,a,,,,,0.0,0.0,0.0,0.0,0,0,0,0,0,0,0,0,0,0.0,0.0,0.0,0.0,0,0,0,0,,,,0,False,533,-0.1,92,198,-4.7,-2,False,,-8.2,-1,-14.6,-1,-20.9,-2,5.0,0,0,0,0,0.0,0.0,0,4.745,4.158,5.332,-0.055
2026-10-09,2026-10-09T10:03:45+00:00,2026,5,5,232571,530,Patterson,Anthony,Patterson,GK,20,56,Sunderland,4.0,4.0,0.0,0,0,0,0,0,0,0,0,0.0,0.0,0.1,0,6110,0.0,0.0777,-0.0777,0.0,0.0,0.0,0.0,u,Has joined Wrexham permanently,2026-08-12T14:08:03.064533Z,0.0,0.0,0.0,0.0,0.0,0.0,0,0,0,0,0,0,0,0,0,0.0,0.0,0.0,0.0,0,0,0,0,,,,0,False,398,0.0,0,458,0.0,-1,False,,0.0,0,0.0,0,0.0,0,5.0,0,0,0,0,0.0,0.0,0,3.99,3.402,4.577,-0.01
2026-10-09,2026-10-09T10:03:45+00:00,2026,5,5,232653,456,J.Ramsey,Jacob,Ramsey,MID,17,4,Newcastle,4.8,5.0,-0.2,7,69,3,1,0,0,0,26,2.3,1.5,0.2,16637,32223,0.2115,0.4097,-0.1982,6.7,40.4,6.3,21.0,i,Thigh injury - Unknown return date,2026-09-15T09:00:08.191022Z,0.0,0.0,0.0,0.0,0.0,0.0,0,0,0,1,0,0,0,1,0,0.17,0.16,0.33,1.92,11,2,6,3,,,,0,False,318,-0.1,91,6020,-4.5,-32,False,,-7.2,-1,-12.2,-1,-17.3,-1,5.0,524,53,8,0,2.3,11.1,0,5.49,4.902,6.079,0.69
2026-10-09,2026-10-09T10:03:45+00:00,2026,5,5,232787,519,Gallagher,Conor,Gallagher,MID,19,6,Spurs,5.3,5.5,-0.2,9,134,3,1,0,1,0,48,3.0,1.7,0.2,4857,17345,0.0618,0.2205,-0.1588,9.6,48.6,12.2,36.0,a,,,,,3.0,0.6,3.0,3.0,6,2,0,2,0,0,0,1,0,0.37,0.12,0.49,2.65,18,8,9,1,,,,0,False,338,0.0,1001,957,0.0,-4,False,,-1.1,-1,-4.3,-1,-7.5,-1,5.0,1018,68,8,0,3.0,12.9,0,5.829,5.241,6.417,0.529
2026-10-09,2026-10-09T10:03:45+00:00,2026,5,5,232859,505,Spence,Djed,Spence,DEF,19,6,Spurs,4.5,4.5,0.0,0,0,0,0,0,0,0,0,0.0,0.0,0.2,0,69527,0.0,0.884,-0.884,0.0,0.0,0.0,0.0,u,Has joined Internazionale permanently,2026-08-18T14:13:08.454214Z,0.0,0.0,0.0,0.0,0.0,0.0,0,0,0,0,0,0,0,0,0,0.0,0.0,0.0,0.0,0,0,0,0,,,,0,False,319,0.0,0,1441,0.0,-9,False,,0.0,0,0.0,0,0.0,0,5.0,0,0,0,0,0.0,0.0,0,4.343,3.756,4.931,-0.157
2026-10-09,2026-10-09T10:03:45+00:00,2026,5,5,232892,257,Bassey,Calvin,Bassey,DEF,10,54,Fulham,4.5,4.5,0.0,15,450,5,0,1,1,1,69,3.0,3.3,0.8,34274,31430,0.4358,0.3996,0.0362,15.2,97.0,15.3,40.0,a,,,,,6.0,1.3,6.0,6.0,6,5,0,8,0,0,0,1,0,0.13,0.08,0.21,9.11,29,6,22,23,,,,0,False,203,0.0,13260,3284,2.6,150,False,,3.9,1,6.3,1,8.8,1,5.0,3420,114,0,8,3.0,25.3,0,4.832,4.244,5.42,0.332
2026-10-09,2026-10-09T10:03:45+00:00,2026,5,5,232905,287,Millar,Liam,Millar,MID,11,88,Hull City,5.0,5.0,0.0,6,50,2,1,0,0,0,26,3.0,1.2,0.0,3178,7603,0.0404,0.0967,-0.0563,5.2,36.0,1.1,15.0,u,Has joined Birmingham on loan for the rest of the season,2026-09-02T15:36:41.038103Z,0.0,0.0,0.0,0.0,0.0,0.0,0,0,0,0,0,0,0,1,0,0.58,0.0,0.58,0.87,4,1,1,2,,,,0,False,546,0.0,0,383,0.0,-2,False,,0.0,0,0.0,0,0.0,0,5.0,380,46,8,0,3.0,9.1,0,5.544,4.956,6.132,0.544
2026-10-09,2026-10-09T10:03:45+00:00,2026,5,5,232928,239,Garner,James,Garner,MID,9,11,Everton,6.0,6.0,0.0,11,328,5,0,0,2,0,71,2.2,1.8,0.2,22295,14703,0.2835,0.187,0.0965,13.4,51.4,68.3,13.0,a,,2026-09-06T18:00:08.301702Z,100.0,100.0,3.5,0.6,3.5,3.5,3,4,0,2,0,0,0,2,0,0.2,0.17,0.37,3.45,45,11,25,9,2.0,1.0,1.0,0,False,321,0.0,2843,2803,4.0,11,False,,4.1,1,4.2,1,4.4,1,5.0,2493,84,0,0,2.2,13.9,0,5.465,4.877,6.053,-0.535
2026-10-09,2026-10-09T10:03:45+00:00,2026,5,5,235448,661,Balcombe,Ellery,Balcombe,GK,4,94,Brentford,4.0,4.0,0.0,0,0,0,0,0,0,0,0,0.0,0.0,0.0,3901,775,0.0496,0.0099,0.0397,0.0,0.0,0.0,0.0,a,,,,,0.0,0.0,1.0,1.0,0,0,0,0,0,0,0,0,0,0.0,0.0,0.0,0.0,0,0,0,0,,,,0,False,498,0.0,3901,775,0.1,2,False,,0.1,1,0.2,1,0.2,1,5.0,0,0,0,0,0.0,0.0,0,3.945,3.356,4.534,-0.055
2026-10-09,2026-10-09T10:03:45+00:00,2026,5,5,235826,348,Piroe,Joël,Piroe,FWD,13,2,Leeds,5.0,5.0,0.0,0,0,0,0,0,0,0,0,0.0,0.0,0.1,0,11343,0.0,0.1442,-0.1442,0.0,0.0,0.0,0.0,u,Has joined West Ham United on loan for the rest of the season,2026-08-19T13:56:14.666726Z,0.0,0.0,0.0,0.0,0.0,0.0,0,0,0,0,0,0,0,0,0,0.0,0.0,0.0,0.0,0,0,0,0,3.0,,,0,False,489,0.0,0,548,0.0,-3,False,,0.0,0,0.0,0,0.0,0,5.0,0,0,0,0,0.0,0.0,0,4.794,4.206,5.381,-0.206
2026-10-09,2026-10-09T10:03:45+00:00,2026,5,5,240514,564,Scherpen,Kjell,Scherpen,GK,12,40,Ipswich Town,4.5,4.5,0.0,7,360,4,0,0,0,0,40,1.8,1.6,0.6,15700,24234,0.1996,0.3081,-0.1085,10.3,103.6,0.0,0.0,a,,,,,0.5,0.1,0.5,0.5,0,4,15,10,0,0,0,0,0,0.0,0.01,0.01,6.74,0,0,39,8,,,,0,False,238,0.0,1133,3657,-36.2,-8,False,,-37.5,-2,-39.9,-2,-42.3,-3,5.0,2736,53,0,0,1.8,11.8,0,4.255,3.666,4.844,-0.245
2026-10-09,2026-10-09T10:03:45+00:00,2026,5,5,241117,310,Matusiwa,Azor,Matusiwa,MID,12,40,Ipswich Town,4.9,5.0,-0.1,0,0,0,0,0,0,0,0,0.0,0.0,0.0,130,284,0.0017,0.0036,-0.002,0.0,0.0,0.0,0.0,a,,2026-07-29T18:00:10.305484Z,100.0,100.0,0.0,0.0,0.0,0.0,0,0,0,0,0,0,0,0,0,0.0,0.0,0.0,0.0,0,0,0,0,,,,0,False,648,0.0,19,23,0.0,0,False,,0.0,0,0.0,0,0.0,0,5.0,0,0,0,0,0.0,0.0,0,4.773,4.186,5.36,-0.127
2026-10-09,2026-10-09T10:03:45+00:00,2026,5,5,241293,186,Mason-Clark,Ephron,Mason-Clark,MID,7,9,Coventry City,5.3,5.5,-0.2,5,231,4,0,0,0,0,19,1.2,0.9,0.1,1136,6048,0.0144,0.0769,-0.0625,11.7,15.4,51.6,52.0,a,,2026-08-19T18:00:08.310507Z,100.0,100.0,1.0,0.2,1.0,1.0,1,4,0,3,0,0,0,0,0,0.51,0.12,0.63,3.16,15,0,9,6,,,,0,False,441,-0.1,97,444,-4.3,0,False,,-4.3,-1,-4.3,-1,-4.3,-1,5.0,1756,38,0,0,1.2,7.2,0,4.984,4.397,5.571,-0.316
2026-10-09,2026-10-09T10:03:45+00:00,2026,5,5,242313,207,Mingueza,Oscar,Mingueza,DEF,8,31,Crystal Palace,4.3,4.5,-0.2,2,16,2,0,0,0,0,5,1.0,0.5,0.1,2039,4971,0.0259,0.0632,-0.0373,0.3,3.2,0.4,0.0,a,,,,,0.0,0.0,0.0,0.0,0,0,0,1,0,0,0,0,0,0.0,0.0,0.0,0.33,2,2,1,0,,,,0,False,486,-0.1,129,415,-0.6,-1,False,,-1.1,-1,-2.0,-1,-2.9,-1,5.0,122,15,0,0,1.0,3.5,0,4.269,3.681,4.856,-0.031
2026-10-09,2026-10-09T10:03:45+00:00,2026,5,5,242880,146,B.Badiashile,Benoît,Badiashile Mukinayi,DEF,6,8,Chelsea,4.5,4.5,0.0,0,0,0,0,0,0,0,0,0.0,0.0,0.0,232,1952,0.0029,0.0248,-0.0219,0.0,0.0,0.0,0.0,u,Has joined Napoli on loan for the rest of the season,2026-08-25T14:03:47.079414Z,0.0,0.0,0.0,0.0,0.0,0.0,0,0,0,0,0,0,0,0,0,0.0,0.0,0.0,0.0,0,0,0,0,,,,0,False,612,0.0,0,55,0.0,0,False,,0.0,0,0.0,0,0.0,0,5.0,0,0,0,0,0.0,0.0,0,4.373,3.785,4.96,-0.127
2026-10-09,2026-10-09T10:03:45+00:00,2026,5,5,242882,62,Diakité,Bafodé,Diakité,DEF,3,91,Bournemouth,4.9,5.0,-0.1,0,0,0,0,0,0,0,0,0.0,0.0,0.2,7240,12218,0.0921,0.1554,-0.0633,0.0,0.0,0.0,0.0,a,,,,,0.0,0.0,0.0,0.0,0,0,0,0,0,0,0,0,0,0.0,0.0,0.0,0.0,0,0,0,0,,,,0,False,369,-0.1,582,1153,-7.1,1,False,,-6.7,-1,-6.0,-1,-5.2,-1,5.0,0,0,0,0,0.0,0.0,0,4.527,3.938,5.115,-0.373
2026-10-09,2026-10-09T10:03:45+00:00,2026,5,5,242893,655,Gboho,Yann,Gboho,MID,7,9,Coventry City,5.5,5.5,0.0,0,0,0,0,0,0,0,0,0.0,0.0,0.0,288,110,0.0037,0.0014,0.0023,0.0,0.0,0.0,0.0,a,,,,,0.0,0.0,0.0,0.0,0,0,0,0,0,0,0,0,0,0.0,0.0,0.0,0.0,0,0,0,0,,,,0,False,654,0.0,90,61,0.0,0,False,,0.0,0,0.0,0,0.0,0,5.0,0,0,0,0,0.0,0.0,0,5.083,4.495,5.671,-0.417
2026-10-09,2026-10-09T10:03:45+00:00,2026,5,5,242898,209,Johnson,Brennan,Johnson,MID,9,11,Everton,5.9,6.0,-0.1,9,238,5,0,0,2,0,26,1.8,1.5,0.1,5482,10741,0.0697,0.1366,-0.0669,10.0,23.0,52.8,25.0,a,,,,,3.0,0.5,3.0,3.0,3,3,0,1,0,0,0,1,0,1.03,0.22,1.25,3.73,26,7,11,8,,,,0,False,389,0.0,587,1026,-26.3,-3,False,,-28.3,-2,-31.9,-2,-35.5,-2,5.0,1809,68,0,0,1.8,11.6,0,5.439,4.851,6.027,-0.461
2026-10-09,2026-10-09T10:03:45+00:00,2026,5,5,243016,372,Mac Allister,Alexis,Mac Allister,MID,14,14,Liverpool,5.4,5.5,-0.1,11,306,5,0,0,2,0,59,2.2,2.0,1.3,46551,98637,0.5919,1.2542,-0.6623,13.5,58.2,50.8,26.0,a,,,,,3.0,0.6,3.0,3.0,5,3,0,2,0,0,0,1,0,0.1,0.49,0.59,4.85,41,11,19,11,5.0,,,0,False,159,0.0,4931,8923,-50.1,-34,False,,-52.5,-3,-56.9,-3,-61.3,-3,5.0,2326,84,0,0,2.2,15.5,0,5.282,4.694,5.87,-0.118
2026-10-09,2026-10-09T10:03:45+00:00,2026,5,5,243298,367,Gakpo,Cody,Gakpo,MID,14,14,Liverpool,7.2,7.0,0.2,32,370,5,1,3,2,5,113,6.4,4.4,11.6,1340925,793788,17.0501,10.0932,6.9569,35.2,133.4,148.8,70.0,d,Ankle injury - 75% chance of playing,2026-09-27T21:30:07.786183Z,100.0,75.0,2.0,0.3,2.0,1.5,3,4,0,4,0,0,0,0,0,0.64,1.71,2.35,5.51,32,8,15,9,3.0,,3.0,2,False,34,0.0,54513,166191,-19.4,-1979,False,,-28.9,-2,-46.2,-3,-63.5,-3,5.0,2812,243,8,23,6.4,33.8,0,8.298,7.702,8.895,1.098
2026-10-09,2026-10-09T10:03:45+00:00,2026,5,5,243413,290,Slater,Regan,Slater,MID,11,88,Hull City,4.5,4.5,0.0,15,437,5,0,1,3,0,67,3.0,3.3,5.1,504734,293380,6.4178,3.7304,2.6874,17.4,62.2,85.1,26.0,a,,,,,2.0,0.4,2.0,2.0,2,5,0,4,0,0,0,1,0,0.21,0.59,0.8,7.27,33,9,15,9,,,1.0,0,False,75,0.0,21801,52381,79.1,-156,False,,77.7,3,75.1,3,72.6,3,5.0,3321,114,0,8,3.0,25.3,0,5.168,4.58,5.756,0.668
2026-10-09,2026-10-09T10:03:45+00:00,2026,5,5,243526,331,Gudmundsson,Gabriel,Gudmundsson,DEF,13,2,Leeds,4.5,4.5,0.0,14,252,3,0,0,2,0,62,4.7,3.1,0.1,4668,2955,0.0594,0.0376,0.0218,7.7,38.6,29.5,8.0,a,,2026-08-08T20:00:07.546568Z,100.0,100.0,6.0,1.3,6.0,6.0,6,3,0,1,0,0,0,0,0,0.0,0.21,0.21,3.83,14,9,12,5,,,,0,False,452,0.0,1070,525,1.1,4,False,,1.2,1,1.2,1,1.3,1,5.0,1915,106,0,0,4.7,23.6,0,4.715,4.127,5.304,0.215
2026-10-09,2026-10-09T10:03:45+00:00,2026,5,5,243571,234,Patterson,Nathan,Patterson,DEF,9,11,Everton,4.5,4.5,0.0,0,0,0,0,0,0,0,0,0.0,0.0,0.0,371,2481,0.0047,0.0315,-0.0268,0.0,0.0,0.0,0.0,u,Has joined Torino permanently,2026-09-02T16:05:23.326971Z,0.0,0.0,0.0,0.0,0.0,0.0,0,0,0,0,0,0,0,0,0,0.0,0.0,0.0,0.0,0,0,0,0,,,,0,False,593,0.0,0,168,0.0,-4,False,,0.0,0,0.0,0,0.0,0,5.0,0,0,0,0,0.0,0.0,0,4.32,3.732,4.907,-0.18
2026-10-09,2026-10-09T10:03:45+00:00,2026,5,5,243951,642,Thomas,Sorba,Thomas,MID,11,88,Hull City,5.5,5.5,0.0,4,119,3,0,0,0,0,13,1.3,0.7,0.0,3234,1266,0.0411,0.0161,0.025,5.8,8.8,40.9,12.0,a,,,,,1.5,0.3,1.5,1.5,2,1,0,3,0,0,0,0,0,0.21,0.11,0.32,2.04,8,1,7,0,,,,0,False,545,0.0,630,417,0.3,4,False,,0.4,1,0.4,1,0.5,1,5.0,904,30,0,0,1.3,5.5,0,5.107,4.52,5.694,-0.393
2026-10-09,2026-10-09T10:03:45+00:00,2026,5,5,244042,271,Muniz,Rodrigo,Muniz Carvalho,FWD,10,54,Fulham,5.4,5.5,-0.1,3,38,4,0,0,0,0,14,0.8,0.6,0.4,17004,35971,0.2162,0.4574,-0.2412,7.0,11.4,22.2,36.0,a,,,,,0.5,0.1,0.5,0.5,0,0,0,1,0,0,0,1,0,0.4,0.0,0.4,0.85,3,0,0,3,,,,0,False,267,0.0,2675,3530,-52.9,1,False,,-52.8,-3,-52.5,-3,-52.2,-3,5.0,289,23,0,0,0.7,4.2,0,5.076,4.488,5.664,-0.324
2026-10-09,2026-10-09T10:03:45+00:00,2026,5,5,244723,204,Mitchell,Tyrick,Mitchell,DEF,8,31,Crystal Palace,4.5,4.5,0.0,24,419,5,2,0,1,3,68,4.8,5.3,6.1,319059,273559,4.0569,3.4784,0.5785,25.8,128.2,67.9,62.0,a,,,,,4.0,0.9,4.0,4.0,7,5,0,10,0,0,0,0,0,0.77,0.26,1.03,8.34,25,11,23,14,,,,1,False,64,0.0,22524,25157,29.7,64,False,,30.3,2,31.3,2,32.3,2,5.0,3184,182,15,0,4.8,38.7,1,5.883,5.29,6.476,1.383
2026-10-09,2026-10-09T10:03:45+00:00,2026,5,5,244850,40,Rogers,Morgan,Rogers,MID,6,8,Chelsea,7.8,7.5,0.3,29,437,5,3,1,0,2,135,5.8,3.7,41.4,2594722,684112,32.9924,8.6986,24.2938,43.9,159.0,140.1,140.0,a,,,,,5.0,0.6,5.0,5.0,2,5,0,12,0,0,0,1,0,1.72,1.23,2.95,8.73,31,5,23,3,,3.0,4.0,0,False,5,0.1,265299,92425,6.6,1544,False,,11.6,1,20.9,2,30.1,2,5.0,3321,220,23,8,5.8,28.3,0,9.317,8.721,9.912,1.517
2026-10-09,2026-10-09T10:03:45+00:00,2026,5,5,244851,154,Palmer,Cole,Palmer,MID,6,8,Chelsea,9.7,9.5,0.2,28,442,5,2,2,0,3,148,5.6,2.9,24.6,1966896,776735,25.0094,9.8763,15.1331,44.1,151.0,145.3,144.0,d,Muscular injury - 75% chance of playing,2026-09-21T13:00:09.022726Z,100.0,75.0,3.5,0.4,3.5,2.6,2,5,0,12,0,0,0,1,0,1.31,0.79,2.1,8.73,29,7,19,3,1.0,2.0,,1,False,12,0.0,63520,281429,-37.8,-2675,False,,-50.6,-3,-74.1,-3,-97.5,-4,5.0,3359,213,15,15,5.6,21.9,0,9.951,9.36,10.541,0.251
2026-10-09,2026-10-09T10:03:45+00:00,2026,5,5,244858,100,Carvalho,Fábio,Freitas Gouveia Carvalho,MID,4,94,Brentford,5.0,5.0,0.0,6,3,1,1,0,0,0,23,6.0,1.2,0.0,2038,1496,0.0259,0.019,0.0069,6.7,33.2,0.3,33.0,a,,2026-08-18T13:58:17.442072Z,100.0,100.0,3.0,0.6,3.0,3.0,6,0,0,0,0,0,0,0,0,0.43,0.0,0.43,0.13,0,0,0,0,,,,0,False,550,0.0,740,218,0.4,4,False,,0.4,1,0.5,1,0.5,1,5.0,23,46,8,0,6.0,9.1,0,5.71,5.117,6.302,0.71
2026-10-09,2026-10-09T10:03:45+00:00,2026,5,5,244860,247,Hackney,Hayden,Hackney,MID,9,11,Everton,5.4,5.5,-0.1,10,137,5,0,1,1,0,39,2.0,1.9,0.2,3797,12277,0.0483,0.1561,-0.1078,11.1,40.4,50.0,21.0,a,,2026-08-26T22:00:07.797766Z,100.0,100.0,1.0,0.2,1.0,1.0,1,1,0,1,0,0,0,0,0,0.05,0.13,0.18,3.91,12,3,5,4,,,3.0,0,False,342,-0.1,246,1437,-9.5,-7,False,,-11.8,-1,-15.8,-1,-19.9,-1,5.0,1041,76,0,8,2.0,14.1,0,5.612,5.023,6.2,0.212
2026-10-09,2026-10-09T10:03:45+00:00,2026,5,5,244954,34,Pau,Pau,Torres,DEF,2,7,Aston Villa,4.4,4.5,-0.1,3,187,3,0,0,0,0,-4,1.0,0.7,0.3,11258,28478,0.1431,0.3621,-0.219,1.5,11.2,1.9,2.0,i,Hamstring injury - Expected back 10 Oct,2026-09-12T18:00:08.712707Z,0.0,0.0,0.5,0.1,0.0,0.0,0,3,0,5,0,0,0,0,0,0.0,0.01,0.01,4.79,9,1,9,8,,,,0,False,297,-0.1,65,4120,-3.9,-17,False,,-5.1,-1,-7.2,-1,-9.4,-1,5.0,1421,23,0,0,1.0,5.2,0,4.191,3.603,4.779,-0.209
2026-10-09,2026-10-09T10:03:45+00:00,2026,5,5,245719,630,Harwood-Bellis,Taylor,Harwood-Bellis,DEF,2,7,Aston Villa,4.5,4.5,0.0,0,0,0,0,0,0,0,0,0.0,0.0,0.0,2258,1050,0.0287,0.0134,0.0154,0.0,0.0,0.0,0.0,a,,,,,0.0,0.0,0.0,0.0,0,0,0,0,0,0,0,0,0,0.0,0.0,0.0,0.0,0,0,0,0,,,,0,False,576,0.0,281,244,0.0,-2,False,,0.0,0,-7.9,-1,-23.9,-2,5.0,0,0,0,0,0.0,0.0,0,4.252,3.664,4.84,-0.248
2026-10-09,2026-10-09T10:03:45+00:00,2026,5,5,246301,255,J.Cuenca,Jorge,Cuenca Barreno,DEF,10,54,Fulham,4.5,4.5,0.0,3,90,1,0,0,0,0,7,3.0,0.7,0.0,1562,2031,0.0199,0.0258,-0.006,5.4,32.8,21.3,0.0,a,,,,,0.0,0.0,0.0,0.0,0,1,0,3,0,0,0,0,0,0.0,0.03,0.03,2.24,10,1,3,9,,,,0,False,553,0.0,82,138,-81.3,0,False,,-81.3,-3,-81.3,-3,-81.3,-3,5.0,684,23,0,0,3.0,5.1,0,4.416,3.829,5.003,-0.084
2026-10-09,2026-10-09T10:03:45+00:00,2026,5,5,247348,201,Muñoz,Daniel,Muñoz Mejía,DEF,18,17,Nott'm Forest,5.4,5.5,-0.1,5,257,4,0,0,0,0,29,1.2,0.9,5.6,161349,495342,2.0516,6.2984,-4.2468,18.1,39.2,62.3,79.0,a,,,,,2.0,0.4,2.0,2.0,2,3,0,4,0,0,0,0,0,0.6,0.21,0.81,2.59,15,7,8,8,,,,0,False,69,0.0,10791,41166,-55.7,-106,False,,-57.4,-3,-60.6,-3,-63.8,-3,5.0,1953,38,0,0,1.2,7.0,0,4.829,4.241,5.417,-0.571
2026-10-09,2026-10-09T10:03:45+00:00,2026,5,5,247412,222,Strand Larsen,Jørgen,Strand Larsen,FWD,8,31,Crystal Palace,6.0,6.0,0.0,14,298,5,1,0,1,2,69,2.8,2.3,0.7,53960,42660,0.6861,0.5424,0.1437,16.1,62.6,32.5,65.0,a,,,,,5.0,0.8,5.0,5.0,2,3,0,5,0,0,0,0,0,0.43,0.2,0.63,6.15,13,2,5,6,,,,0,False,216,0.0,8735,5606,6.8,54,False,,7.2,1,8.1,1,9.0,1,5.0,2265,106,8,0,2.8,17.7,0,6.025,5.437,6.614,0.025
2026-10-09,2026-10-09T10:03:45+00:00,2026,5,5,247632,156,Neto,Pedro,Lomba Neto,MID,6,8,Chelsea,6.5,6.5,0.0,14,332,5,1,0,0,0,81,2.8,2.2,1.4,85849,93854,1.0916,1.1934,-0.1018,28.2,82.0,92.6,108.0,a,,,,,2.0,0.3,2.0,2.0,2,4,0,8,0,0,0,0,0,0.68,0.58,1.26,6.64,28,6,14,8,,4.0,2.0,0,False,157,0.0,8724,12203,-1.8,19,False,,-0.6,-1,0.2,1,0.5,1,5.0,2523,106,8,0,2.8,16.4,0,6.401,5.813,6.99,-0.099
2026-10-09,2026-10-09T10:03:45+00:00,2026,5,5,248056,345,Tanaka,Tanaka,Ao,MID,13,2,Leeds,4.9,5.0,-0.1,14,255,4,0,2,2,0,48,3.5,2.9,0.3,23551,18422,0.2995,0.2342,0.0652,8.6,50.0,18.3,20.0,a,,,,,4.0,0.8,4.0,4.0,2,3,0,1,0,0,0,1,0,0.73,0.05,0.78,3.24,29,8,10,11,,,4.0,0,False,286,0.0,3033,3187,5.1,-4,False,,5.1,1,5.0,1,5.0,1,5.0,1938,106,0,15,3.5,21.7,0,5.705,5.114,6.296,0.805
2026-10-09,2026-10-09T10:03:45+00:00,2026,5,5,248857,16,Madueke,Noni,Madueke,MID,1,3,Arsenal,6.2,6.5,-0.3,2,23,2,0,0,0,0,11,1.0,0.3,0.2,6252,26239,0.0795,0.3336,-0.2541,5.6,11.6,43.9,0.0,a,,,,,0.0,0.0,0.0,0.0,0,0,0,0,0,0,0,0,0,0.0,0.05,0.05,0.15,3,1,2,0,,,5.0,0,False,327,0.0,972,1819,-27.6,2,False,,-26.6,-2,-24.7,-2,-22.8,-2,5.0,175,15,0,0,1.0,2.5,0,5.669,5.08,6.257,-0.531
2026-10-09,2026-10-09T10:03:45+00:00,2026,5,5,248875,400,Doku,Jérémy,Doku,MID,15,43,Man City,7.4,7.5,-0.1,1,15,1,0,0,0,0,7,1.0,0.1,0.7,8209,128841,0.1044,1.6382,-1.5339,2.2,3.6,13.8,5.0,a,,2026-08-18T17:00:08.385597Z,75.0,100.0,0.5,0.1,0.4,0.5,1,0,0,0,0,0,0,0,0,0.23,0.32,0.55,0.42,2,0,1,1,3.0,,,0,False,213,0.0,6742,2755,1.2,29,False,,1.5,1,1.9,1,2.4,1,5.0,114,8,0,0,1.0,1.0,0,6.478,5.888,7.069,-0.922
2026-10-09,2026-10-09T10:03:45+00:00,2026,5,5,249231,86,Lewis-Potter,Keane,Lewis-Potter,MID,4,94,Brentford,5.5,5.5,0.0,22,406,5,1,1,2,3,85,4.4,4.0,1.7,191775,124327,2.4385,1.5808,0.8576,29.5,113.6,109.3,73.0,a,,,,,2.0,0.4,2.0,2.0,3,5,0,4,0,0,0,0,0,1.21,0.79,2.0,5.69,38,6,15,17,,1.0,5.0,0,False,138,0.0,5130,15946,34.3,-46,False,,33.9,2,33.1,2,32.4,2,5.0,3086,167,8,8,4.4,30.4,0,6.281,5.692,6.87,0.781
2026-10-09,2026-10-09T10:03:45+00:00,2026,5,5,250199,487,Dominguez,Nicolás,Domínguez,MID,18,17,Nott'm Forest,4.9,5.0,-0.1,1,1,1,0,0,0,0,3,1.0,0.2,0.1,1212,4178,0.0154,0.0531,-0.0377,0.0,0.2,0.0,0.0,a,,,,,0.0,0.0,0.0,0.0,0,0,0,0,0,0,0,0,0,0.0,0.0,0.0,0.0,0,0,0,0,,,,0,False,488,0.0,74,376,-79.2,-5,False,,-87.6,-3,-102.7,-5,-117.8,-5,5.0,8,8,0,0,1.0,1.6,0,4.807,4.22,5.394,-0.093
2026-10-09,2026-10-09T10:03:45+00:00,2026,5,5,424876,368,Szoboszlai,Dominik,Szoboszlai,MID,14,14,Liverpool,6.9,7.0,-0.1,20,440,5,1,0,3,1,103,4.0,2.9,31.9,943088,1776486,11.9915,22.5883,-10.5968,34.4,108.8,178.0,57.0,a,,,,,2.5,0.4,2.5,2.5,2,5,0,4,0,0,0,1,0,1.42,0.82,2.24,5.99,41,6,22,13,1.0,1.0,1.0,0,False,7,-0.1,50729,308328,-4.2,-1587,False,,-6.9,-1,-11.8,-1,-16.7,-1,5.0,3344,152,8,0,4.0,22.0,0,7.236,6.643,7.829,0.336
2026-10-09,2026-10-09T10:03:45+00:00,2026,5,5,427623,202,Richards,Chris,Richards,DEF,8,31,Crystal Palace,4.9,5.0,-0.1,14,450,5,0,0,1,0,48,2.8,2.9,0.6,23499,38687,0.2988,0.4919,-0.1931,16.2,131.4,7.7,24.0,a,,,,,5.0,1.0,5.0,5.0,8,5,0,11,0,0,0,1,0,0.08,0.07,0.15,9.46,54,8,16,46,,,,0,False,230,-0.1,2587,2956,0.2,15,False,,0.3,1,0.5,1,0.8,1,5.0,3420,106,0,0,2.8,21.7,0,4.654,4.066,5.242,-0.246
2026-10-09,2026-10-09T10:03:45+00:00,2026,5,5,427637,337,Aaronson,Brenden,Aaronson,MID,13,2,Leeds,5.3,5.5,-0.2,7,194,5,0,0,1,0,36,1.4,1.3,0.5,6848,49266,0.0871,0.6264,-0.5394,2.5,11.8,3.7,9.0,a,,,,,1.0,0.2,1.0,1.0,1,2,0,3,0,0,0,0,0,0.01,0.02,0.03,3.78,15,3,11,1,,4.0,,0,False,257,-0.1,285,4537,-14.7,-25,False,,-17.7,-1,-23.1,-2,-28.5,-2,5.0,1474,53,0,0,1.4,10.0,0,5.075,4.488,5.662,-0.225
2026-10-09,2026-10-09T10:03:45+00:00,2026,5,5,428580,104,Onyeka,Frank,Onyeka,MID,7,9,Coventry City,4.9,5.0,-0.1,9,314,4,0,0,1,0,34,2.2,1.8,0.1,4025,9748,0.0512,0.1239,-0.0728,4.5,19.4,4.7,21.0,a,,2026-09-15T09:00:07.851220Z,100.0,100.0,2.5,0.5,2.5,2.5,3,4,0,7,0,0,0,0,0,0.03,0.02,0.05,6.31,28,5,14,9,,,,0,False,422,0.0,215,621,-42.8,-2,False,,-45.1,-3,-49.2,-3,-53.4,-3,5.0,2386,68,0,0,2.2,14.0,0,4.852,4.265,5.44,-0.048
2026-10-09,2026-10-09T10:03:45+00:00,2026,5,5,428971,590,Benda,Steven,Benda,GK,18,17,Nott'm Forest,4.5,4.5,0.0,0,0,0,0,0,0,0,0,0.0,0.0,0.1,2701,2891,0.0343,0.0368,-0.0024,0.0,0.0,0.0,0.0,a,,,,,0.0,0.0,0.0,0.0,0,0,0,0,0,0,0,0,0,0.0,0.0,0.0,0.0,0,0,0,0,,,,0,False,463,0.0,161,290,0.0,0,False,,0.0,0,0.0,0,0.0,0,5.0,0,0,0,0,0.0,0.0,0,4.257,3.669,4.845,-0.243
2026-10-09,2026-10-09T10:03:45+00:00,2026,5,5,430871,428,Cunha,Matheus,Santos Carneiro da Cunha,MID,16,1,Man Utd,7.9,8.0,-0.1,26,407,5,1,2,1,4,95,5.2,3.3,5.9,111169,517817,1.4135,6.5841,-5.1706,30.0,73.0,111.5,114.0,a,,,,,6.0,0.8,6.0,6.0,10,5,0,5,0,0,0,0,0,0.63,0.83,1.46,5.44,13,3,9,1,,,,0,False,65,0.0,37423,29786,-93.8,250,False,,-89.9,-3,-82.7,-3,-75.5,-3,5.0,3093,198,8,15,5.2,25.0,0,8.122,7.53,8.713,0.222
2026-10-09,2026-10-09T10:03:45+00:00,2026,5,5,431639,640,Flemming,Zian,Flemming,FWD,12,40,Ipswich Town,5.5,5.5,0.0,6,60,3,1,0,0,0,34,2.0,1.1,0.1,9816,3544,0.1248,0.0451,0.0797,10.5,38.2,12.1,55.0,a,,,,,2.5,0.5,2.5,2.5,0,0,0,1,0,0,0,1,0,0.64,0.01,0.65,0.63,5,1,3,1,,,,0,False,450,0.0,1454,1322,0.6,0,False,,0.6,1,0.6,1,0.6,1,5.0,456,46,8,0,2.0,8.3,0,5.734,5.146,6.322,0.234
2026-10-09,2026-10-09T10:03:45+00:00,2026,5,5,432422,455,Tonali,Sandro,Tonali,MID,19,6,Spurs,5.3,5.5,-0.2,14,427,5,0,0,2,0,86,2.8,2.6,1.8,48784,274930,0.6203,3.4958,-2.8755,18.0,63.0,89.0,28.0,a,,2026-09-14T14:30:07.387706Z,100.0,100.0,2.5,0.5,2.5,2.5,2,5,0,8,0,0,0,0,0,0.24,0.61,0.85,7.72,42,11,20,11,,,,0,False,131,-0.1,3195,20323,-27.1,-98,False,,-30.1,-2,-35.5,-2,-40.9,-3,5.0,3245,106,0,0,2.8,20.1,0,5.236,4.647,5.824,-0.064
2026-10-09,2026-10-09T10:03:45+00:00,2026,5,5,432714,486,McAtee,James,McAtee,MID,18,17,Nott'm Forest,5.5,5.5,0.0,12,416,5,0,0,2,0,91,2.4,2.2,0.1,10144,6266,0.129,0.0797,0.0493,27.6,62.4,174.8,38.0,a,,,,,2.5,0.5,2.5,2.5,2,5,0,4,0,0,0,2,0,0.37,0.96,1.33,4.55,39,9,21,9,,,1.0,0,False,413,0.0,499,1220,2.4,5,False,,2.4,1,2.5,1,2.6,1,5.0,3162,91,0,0,2.4,16.6,0,5.127,4.539,5.715,-0.373
2026-10-09,2026-10-09T10:03:45+00:00,2026,5,5,432720,385,Trafford,James,Trafford,GK,13,2,Leeds,5.0,5.0,0.0,28,450,5,0,0,2,5,117,5.6,5.6,5.5,274637,166470,3.4921,2.1167,1.3754,14.9,148.6,0.0,0.0,a,,,,,6.5,1.3,6.5,6.5,10,5,20,3,0,0,0,0,0,0.0,0.0,0.0,6.46,0,0,55,6,,,,0,False,71,0.0,32666,22125,37.2,-5,False,,37.2,2,37.1,2,37.0,2,5.0,3420,213,0,0,5.6,38.7,1,5.173,4.577,5.769,0.173
2026-10-09,2026-10-09T10:03:45+00:00,2026,5,5,432830,84,Collins,Nathan,Collins,DEF,4,94,Brentford,5.4,5.5,-0.1,10,196,3,0,0,1,0,39,3.3,1.9,0.9,58763,159871,0.7472,2.0328,-1.2856,11.4,40.6,22.4,51.0,i,Calf injury - Unknown return date,2026-09-05T18:00:06.182495Z,0.0,0.0,0.0,0.0,0.0,0.0,0,3,0,1,0,0,0,1,0,0.51,0.05,0.56,2.13,17,2,11,15,,,,0,False,186,0.0,144,12515,-39.0,-85,False,,-42.0,-3,-47.6,-3,-53.2,-3,5.0,1490,76,0,0,3.3,14.1,0,4.988,4.399,5.578,-0.412
2026-10-09,2026-10-09T10:03:45+00:00,2026,5,5,432987,354,Jaros,Vitezslav,Jaros,GK,14,14,Liverpool,4.0,4.0,0.0,0,0,0,0,0,0,0,0,0.0,0.0,0.0,1808,1284,0.023,0.0163,0.0067,0.0,0.0,0.0,0.0,i,Knee injury - Unknown return date,2026-07-29T18:00:10.351066Z,0.0,0.0,0.0,0.0,0.0,0.0,0,0,0,0,0,0,0,0,0,0.0,0.0,0.0,0.0,0,0,0,0,,,,0,False,570,0.0,261,198,0.1,1,False,,0.1,1,0.1,1,0.1,1,5.0,0,0,0,0,0.0,0.0,0,4.101,3.512,4.689,0.101
2026-10-09,2026-10-09T10:03:45+00:00,2026,5,5,433036,404,Reijnders,Tijjani,Reijnders,MID,15,43,Man City,6.0,6.0,0.0,0,0,0,0,0,0,0,0,0.0,0.0,0.0,0,8202,0.0,0.1043,-0.1043,0.0,0.0,0.0,0.0,u,Has joined Al Qadsiah permanently,2026-08-20T14:02:58.154273Z,0.0,0.0,0.0,0.0,0.0,0.0,0,0,0,0,0,0,0,0,0,0.0,0.0,0.0,0.0,0,0,0,0,,,,0,False,530,0.0,0,117,0.0,0,False,,0.0,0,0.0,0,0.0,0,5.0,0,0,0,0,0.0,0.0,0,5.596,5.007,6.185,-0.404
2026-10-09,2026-10-09T10:03:45+00:00,2026,5,5,433154,241,McNeil,Dwight,McNeil,MID,8,31,Crystal Palace,5.3,5.5,-0.2,3,84,2,0,0,0,0,13,1.5,0.6,0.1,1825,8379,0.0232,0.1065,-0.0833,1.7,10.0,5.0,2.0,a,,,,,0.0,0.0,0.0,0.0,0,1,0,3,0,0,0,0,0,0.05,0.02,0.07,1.18,7,0,3,4,,,,0,False,403,-0.1,118,650,-2.7,-4,False,,-4.7,-1,-8.3,-1,-12.0,-1,5.0,638,23,0,0,1.5,4.3,0,5.05,4.462,5.637,-0.25
2026-10-09,2026-10-09T10:03:45+00:00,2026,5,5,433590,281,Drameh,Cody,Drameh,DEF,11,88,Hull City,4.0,4.0,0.0,2,65,2,0,0,0,0,8,1.0,0.5,0.0,2118,4561,0.0269,0.058,-0.0311,0.8,6.4,0.4,1.0,u,Has joined Genoa permanently,2026-09-02T16:09:06.479140Z,0.0,0.0,0.0,0.0,0.0,0.0,0,0,0,0,0,0,0,0,0,0.05,0.0,0.05,0.87,6,1,4,5,,,,0,False,510,0.0,0,308,0.0,0,False,,0.0,0,0.0,0,0.0,0,5.0,494,15,0,0,1.0,3.8,0,4.033,3.445,4.62,0.033
2026-10-09,2026-10-09T10:03:45+00:00,2026,5,5,433969,597,Suzuki,Zion,Suzuki,GK,2,7,Aston Villa,5.0,5.0,0.0,16,360,4,0,0,1,3,80,4.0,3.2,1.9,155652,65328,1.9791,0.8307,1.1485,11.6,115.6,0.0,0.0,a,,,,,2.0,0.4,2.0,2.0,2,4,15,5,0,0,0,0,0,0.0,0.01,0.01,5.45,0,0,43,8,,,,1,False,126,0.0,18088,9469,33.1,37,False,,33.4,2,34.0,2,34.6,2,5.0,2736,122,0,0,4.0,24.3,0,4.856,4.267,5.445,-0.144
2026-10-09,2026-10-09T10:03:45+00:00,2026,5,5,434399,536,Reinildo,Reinildo,Mandava,DEF,20,56,Sunderland,4.4,4.5,-0.1,7,360,4,0,0,1,0,37,1.8,1.6,0.2,4205,24839,0.0535,0.3158,-0.2624,9.5,53.8,36.4,6.0,a,,2026-09-12T21:30:09.421687Z,0.0,100.0,-1.0,-0.2,0.0,-1.0,0,4,0,5,0,0,0,0,1,0.0,0.32,0.32,5.05,29,8,18,21,,,,0,False,308,-0.1,342,2039,-0.9,-8,False,,-2.6,-1,-5.7,-1,-8.8,-1,5.0,2736,53,0,0,1.8,12.1,0,4.248,3.661,4.836,-0.152
2026-10-09,2026-10-09T10:03:45+00:00,2026,5,5,434752,327,Bijol,Jaka,Bijol,DEF,13,2,Leeds,5.0,5.0,0.0,12,164,3,0,0,1,2,29,4.0,2.4,0.7,69333,60564,0.8816,0.7701,0.1115,5.4,38.2,0.6,15.0,a,,,,,0.0,0.0,0.0,0.0,0,2,0,2,0,0,0,0,0,0.11,0.0,0.11,3.16,21,3,7,18,,,,0,False,220,0.0,1031,6949,4.9,-31,False,,4.7,1,4.2,1,3.7,1,5.0,1246,91,0,0,4.0,18.2,0,4.919,4.33,5.507,-0.081
2026-10-09,2026-10-09T10:03:45+00:00,2026,5,5,435997,336,Okafor,Noah,Okafor,MID,13,2,Leeds,5.8,6.0,-0.2,18,299,5,1,0,3,1,82,3.6,3.1,0.4,27916,36960,0.355,0.47,-0.115,14.8,67.0,41.4,40.0,a,,,,,6.0,1.0,6.0,6.0,3,4,0,1,0,0,0,0,0,0.17,0.27,0.44,2.37,18,7,8,3,,,,0,False,274,0.0,2809,5174,1.2,-38,False,,0.9,1,0.3,1,-9.5,-1,5.0,2272,137,8,0,3.6,23.6,0,6.113,5.524,6.702,0.313
2026-10-09,2026-10-09T10:03:45+00:00,2026,5,5,436761,174,Kitching,Liam,Kitching,DEF,7,9,Coventry City,4.0,4.0,0.0,0,0,0,0,0,0,0,0,0.0,0.0,0.3,981,33682,0.0125,0.4283,-0.4158,0.0,0.0,0.0,0.0,u,Has joined Sheffield United on loan for the rest of the season,2026-09-02T16:21:03.612394Z,0.0,0.0,0.0,0.0,0.0,0.0,0,0,0,0,0,0,0,0,0,0.0,0.0,0.0,0.0,0,0,0,0,,,,0,False,282,0.0,0,2589,0.0,-13,False,,0.0,0,0.0,0,0.0,0,5.0,0,0,0,0,0.0,0.0,0,4.01,3.423,4.597,0.01
2026-10-09,2026-10-09T10:03:45+00:00,2026,5,5,436893,65,J.Araujo,Julián,Araujo Zúñiga,DEF,3,91,Bournemouth,4.4,4.5,-0.1,0,0,0,0,0,0,0,0,0.0,0.0,0.0,436,1326,0.0055,0.0169,-0.0113,0.0,0.0,0.0,0.0,i,Thigh injury - Unknown return date,2026-08-09T08:00:05.645826Z,0.0,0.0,0.0,0.0,0.0,0.0,0,0,0,0,0,0,0,0,0,0.0,0.0,0.0,0.0,0,0,0,0,,,,0,False,603,0.0,52,87,-16.8,0,False,,-16.8,-1,-16.8,-1,-16.8,-1,5.0,0,0,0,0,0.0,0.0,0,4.253,3.664,4.841,-0.147
2026-10-09,2026-10-09T10:03:45+00:00,2026,5,5,437495,3,Meslier,Illan,Meslier,GK,1,3,Arsenal,4.9,5.0,-0.1,0,0,0,0,0,0,0,0,0.0,0.0,0.0,530,1601,0.0067,0.0204,-0.0136,0.0,0.0,0.0,0.0,a,,,,,0.0,0.0,0.0,0.0,0,0,0,0,0,0,0,0,0,0.0,0.0,0.0,0.0,0,0,0,0,,,,0,False,547,0.0,63,141,-42.8,-1,False,,-46.7,-3,-53.8,-3,-60.9,-3,5.0,0,0,0,0,0.0,0.0,0,4.589,4.0,5.177,-0.311
2026-10-09,2026-10-09T10:03:45+00:00,2026,5,5,437497,641,Bard,Melvin,Bard,DEF,13,2,Leeds,4.5,4.5,0.0,1,18,1,0,0,0,0,1,1.0,0.2,0.0,984,372,0.0125,0.0047,0.0078,1.5,4.4,10.3,0.0,a,,,,,0.5,0.1,0.5,0.5,0,0,0,1,0,0,0,0,0,0.0,0.0,0.0,0.3,2,1,2,1,,,,0,False,615,0.0,122,96,0.1,0,False,,0.1,1,0.1,1,0.1,1,5.0,137,8,0,0,1.0,1.7,0,4.295,3.708,4.882,-0.205
2026-10-09,2026-10-09T10:03:45+00:00,2026,5,5,437499,200,Lacroix,Maxence,Lacroix,DEF,6,8,Chelsea,5.9,6.0,-0.1,13,364,5,0,1,0,0,28,2.6,2.2,6.7,179695,433698,2.2849,5.5145,-3.2297,14.4,116.2,13.9,14.0,a,,,,,2.0,0.3,2.0,2.0,3,4,0,10,0,0,0,1,0,0.15,0.22,0.37,7.93,47,10,8,37,,,,0,False,57,-0.1,13041,38122,-8.2,-26,False,,-8.4,-1,-8.8,-1,-9.2,-1,5.0,2766,99,0,8,2.6,16.7,0,5.698,5.11,6.287,-0.202
2026-10-09,2026-10-09T10:03:45+00:00,2026,5,5,437505,553,Isidor,Wilson,Isidor,FWD,20,56,Sunderland,5.5,5.5,0.0,15,117,5,1,1,0,3,51,3.0,2.7,1.3,98747,89801,1.2556,1.1418,0.1138,6.7,30.8,1.0,35.0,a,,,,,1.0,0.2,1.0,1.0,1,0,0,3,0,0,0,0,0,1.49,0.01,1.5,3.78,5,2,3,0,,,,0,False,161,0.0,6445,14647,3.4,32,False,,3.7,1,4.2,1,4.7,1,5.0,889,114,8,8,3.0,20.7,0,6.287,5.697,6.877,0.787
2026-10-09,2026-10-09T10:03:45+00:00,2026,5,5,437730,397,Semenyo,Antoine,Semenyo,MID,15,43,Man City,8.4,8.5,-0.1,33,450,5,2,3,2,2,147,6.6,3.9,14.6,326988,1282679,4.1577,16.3095,-12.1518,43.4,155.4,148.1,130.0,d,Ankle injury - 75% chance of playing,2026-09-24T12:00:09.848000Z,,75.0,10.0,1.2,10.0,7.5,17,5,0,5,0,0,0,0,0,0.33,1.16,1.49,7.25,22,6,14,2,2.0,,,1,True,29,0.0,136085,139979,-30.7,-1291,False,,-35.1,-2,-43.2,-3,-51.2,-3,5.0,3420,251,15,23,6.6,29.9,0,9.558,8.962,10.154,1.158
2026-10-09,2026-10-09T10:03:45+00:00,2026,5,5,437738,333,Bornauw,Sebastiaan,Bornauw,DEF,13,2,Leeds,4.5,4.5,0.0,0,0,0,0,0,0,0,0,0.0,0.0,0.0,0,300,0.0,0.0038,-0.0038,0.0,0.0,0.0,0.0,u,Has joined Hamburg SV on loan for the rest of the season,2026-08-19T13:56:14.645970Z,0.0,0.0,0.0,0.0,0.0,0.0,0,0,0,0,0,0,0,0,0,0.0,0.0,0.0,0.0,0,0,0,0,,,,0,False,656,0.0,0,6,0.0,0,False,,0.0,0,0.0,0,0.0,0,5.0,0,0,0,0,0.0,0.0,0,4.272,3.685,4.86,-0.228
2026-10-09,2026-10-09T10:03:45+00:00,2026,5,5,438098,23,Fábio Vieira,Fábio,Ferreira Vieira,MID,1,3,Arsenal,5.5,5.5,0.0,0,0,0,0,0,0,0,0,0.0,0.0,0.0,255,924,0.0032,0.0117,-0.0085,0.0,0.0,0.0,0.0,u,Has joined Hamburger SV permanently,2026-09-02T16:00:28.446370Z,0.0,0.0,0.0,0.0,0.0,0.0,0,0,0,0,0,0,0,0,0,0.0,0.0,0.0,0.0,0,0,0,0,,,,0,False,634,0.0,0,45,0.0,0,False,,0.0,0,0.0,0,0.0,0,5.0,0,0,0,0,0.0,0.0,0,5.171,4.582,5.759,-0.329
2026-10-09,2026-10-09T10:03:45+00:00,2026,5,5,438234,401,Marmoush,Omar,Marmoush,FWD,19,6,Spurs,7.0,7.0,0.0,8,339,4,0,0,2,0,37,2.0,1.1,2.2,241428,169716,3.0698,2.158,0.9118,12.9,18.0,55.5,58.0,a,,,,,2.0,0.3,2.0,2.0,2,4,0,5,0,0,0,0,0,0.38,0.15,0.53,3.84,13,2,11,0,,,,0,False,125,0.0,18949,28583,41.3,13,False,,41.4,3,41.6,3,41.8,3,5.0,2576,61,0,0,2.0,8.7,0,5.999,5.409,6.589,-1.001
2026-10-09,2026-10-09T10:03:45+00:00,2026,5,5,438464,218,Doucouré,Cheick,Doucouré,MID,8,31,Crystal Palace,4.8,5.0,-0.2,0,0,0,0,0,0,0,0,0.0,0.0,0.0,2121,4542,0.027,0.0578,-0.0308,0.0,0.0,0.0,0.0,a,,,,,0.0,0.0,0.0,0.0,0,0,0,0,0,0,0,0,0,0.0,0.0,0.0,0.0,0,0,0,0,,,,0,False,502,-0.1,147,377,-5.0,0,False,,-5.0,-1,-5.0,-1,-5.0,-1,5.0,0,0,0,0,0.0,0.0,0,4.731,4.144,5.319,-0.069
2026-10-09,2026-10-09T10:03:45+00:00,2026,5,5,439509,557,Tzolis,Christos,Tzolis,MID,1,3,Arsenal,6.3,6.5,-0.2,16,362,5,0,2,2,1,81,3.2,2.5,11.0,463283,1716751,5.8907,21.8288,-15.9381,21.8,56.4,115.1,46.0,d,Hamstring injury - 75% chance of playing,2026-10-02T15:00:11.091226Z,,75.0,2.5,0.4,2.5,1.9,2,5,0,4,0,0,0,2,0,0.19,0.55,0.74,2.73,23,4,12,7,,,3.0,0,False,36,-0.1,12916,253543,-22.1,-3264,False,,-30.8,-2,-46.6,-3,-62.4,-3,5.0,2751,122,0,15,3.2,19.3,0,6.61,6.019,7.201,0.31
2026-10-09,2026-10-09T10:03:45+00:00,2026,5,5,439668,187,Eccles,Josh,Eccles,MID,7,9,Coventry City,4.8,5.0,-0.2,0,0,0,0,0,0,0,0,0.0,0.0,0.0,651,1503,0.0083,0.0191,-0.0108,0.0,0.0,0.0,0.0,i,Unspecified injury - Expected back 12 Oct,2026-09-10T18:30:08.877110Z,0.0,0.0,0.0,0.0,0.0,0.0,0,0,0,0,0,0,0,0,0,0.0,0.0,0.0,0.0,0,0,0,0,,,,0,False,616,-0.1,38,127,-6.6,0,False,,-6.6,-1,-6.6,-1,-6.6,-1,5.0,0,0,0,0,0.0,0.0,0,4.745,4.158,5.332,-0.055
2026-10-09,2026-10-09T10:03:45+00:00,2026,5,5,440089,96,Damsgaard,Mikkel,Damsgaard,MID,4,94,Brentford,5.4,5.5,-0.1,16,283,5,0,1,2,3,74,3.2,3.0,0.4,15410,32122,0.1959,0.4084,-0.2125,20.7,47.4,118.2,42.0,d,Unspecified injury - 75% chance of playing,2026-10-03T19:30:08.141728Z,,75.0,2.0,0.4,2.0,1.5,3,3,0,1,0,0,0,0,0,0.17,0.73,0.9,3.06,31,7,18,6,,3.0,2.0,0,False,268,0.0,1899,4006,-15.7,-46,False,,-21.5,-2,-32.1,-2,-42.6,-3,5.0,2151,122,0,8,3.2,22.5,0,5.619,5.029,6.209,0.219
2026-10-09,2026-10-09T10:03:45+00:00,2026,5,5,440993,237,Ndiaye,Iliman,Ndiaye,MID,15,43,Man City,5.8,6.0,-0.2,22,385,5,0,2,2,1,110,4.4,3.8,6.5,300941,1161374,3.8265,14.7671,-10.9406,26.1,77.8,102.6,80.0,a,,,,,3.0,0.5,3.0,3.0,5,4,0,4,0,0,0,0,0,0.38,0.58,0.96,9.42,44,8,26,10,,,,0,False,59,-0.1,10072,93371,-29.1,-461,False,,-32.9,-2,-40.0,-3,-47.0,-3,5.0,2926,167,0,15,4.4,28.8,0,6.596,6.005,7.188,0.796
2026-10-09,2026-10-09T10:03:45+00:00,2026,5,5,441164,499,Pedro Porro,Pedro,Porro Sauceda,DEF,19,6,Spurs,5.4,5.5,-0.1,9,198,3,0,0,1,1,33,3.0,1.7,7.3,124669,1022997,1.5852,13.0076,-11.4224,9.8,22.6,47.6,28.0,d,Hamstring injury - 75% chance of playing,2026-09-19T12:00:08.823872Z,100.0,75.0,0.5,0.1,0.5,0.4,1,3,0,2,0,0,0,0,0,0.37,0.16,0.53,1.68,9,3,5,6,,,1.0,0,False,52,0.0,1895,105249,-44.8,-802,False,,-50.4,-3,-60.4,-3,-70.5,-3,5.0,1505,68,0,0,3.0,12.7,0,5.165,4.577,5.752,-0.235
2026-10-09,2026-10-09T10:03:45+00:00,2026,5,5,441191,450,Livramento,Tino,Livramento,DEF,17,4,Newcastle,4.9,5.0,-0.1,4,33,2,0,1,0,0,12,2.0,0.8,0.1,10306,6564,0.131,0.0835,0.0476,1.3,5.0,3.8,4.0,d,Unspecified injury - 50% chance of playing,2026-09-19T14:00:09.046677Z,100.0,50.0,1.5,0.3,1.5,0.8,0,0,0,1,0,0,0,1,0,0.0,0.01,0.01,0.18,3,2,4,1,,,,0,False,424,0.0,510,2124,1.4,-36,False,,1.1,1,0.5,1,-7.3,-1,5.0,251,30,0,8,2.0,6.2,0,5.002,4.413,5.592,0.102
2026-10-09,2026-10-09T10:03:45+00:00,2026,5,5,441264,552,Brobbey,Brian,Brobbey,FWD,20,56,Sunderland,5.7,6.0,-0.3,24,399,5,3,0,1,3,113,4.8,4.2,6.6,294803,975959,3.7485,12.4095,-8.661,31.7,108.4,69.0,142.0,i,Hamstring injury - Expected back 25 Oct,2026-09-24T21:30:10.382142Z,,0.0,9.0,1.6,9.0,0.0,17,5,0,9,0,0,0,1,0,2.94,0.11,3.05,8.18,11,0,10,1,,,,1,False,58,-0.1,203345,89787,76.1,-1246,False,,65.0,3,44.9,3,24.7,2,5.0,3032,182,23,0,4.8,32.0,0,7.252,6.659,7.846,1.552
2026-10-09,2026-10-09T10:03:45+00:00,2026,5,5,441266,371,Gravenberch,Ryan,Gravenberch,MID,14,14,Liverpool,5.8,6.0,-0.2,9,190,5,0,1,0,0,51,1.8,1.6,1.1,36151,132367,0.4597,1.6831,-1.2234,9.9,50.6,42.7,6.0,a,,,,,1.0,0.2,1.0,1.0,1,2,0,2,0,0,0,0,0,0.1,0.08,0.18,2.02,25,4,11,10,,,,0,False,171,-0.1,1613,11014,-28.9,-34,False,,-30.6,-2,-33.7,-2,-36.8,-2,5.0,1444,68,0,8,1.8,11.8,0,5.848,5.259,6.436,0.048
2026-10-09,2026-10-09T10:03:45+00:00,2026,5,5,441302,36,Maatsen,Ian,Maatsen,DEF,2,7,Aston Villa,4.4,4.5,-0.1,9,335,4,0,0,1,1,22,2.2,2.0,0.5,31906,64636,0.4057,0.8219,-0.4162,10.2,34.8,24.5,43.0,i,Ankle injury - Unknown return date,2026-09-12T18:00:08.729468Z,0.0,0.0,0.5,0.1,0.0,0.0,0,4,0,7,0,0,0,1,0,0.28,0.45,0.73,6.54,24,7,10,17,,,,0,False,255,-0.1,64,8898,-9.1,-62,False,,-11.7,-1,-16.4,-1,-21.0,-2,5.0,2546,68,0,0,2.2,15.5,0,4.334,3.746,4.922,-0.066
2026-10-09,2026-10-09T10:03:45+00:00,2026,5,5,442299,650,Affengruber,David,Affengruber,DEF,10,54,Fulham,4.5,4.5,0.0,12,180,2,0,0,1,0,40,6.0,2.7,0.2,27150,5151,0.3452,0.0655,0.2797,6.6,51.0,14.6,0.0,a,,,,,6.0,1.3,6.0,6.0,4,2,0,1,0,0,0,0,0,0.0,0.02,0.02,2.88,23,3,7,20,,,,0,False,320,0.0,24272,4529,3.9,147,False,,5.2,1,7.6,1,10.0,1,5.0,1368,91,0,0,6.0,20.3,0,4.789,4.199,5.379,0.289
2026-10-09,2026-10-09T10:03:45+00:00,2026,5,5,442967,562,Maeda,Daizen,Maeda,MID,12,40,Ipswich Town,5.3,5.5,-0.2,8,259,5,0,0,0,0,32,1.6,1.5,0.2,2920,20855,0.0371,0.2652,-0.228,8.1,31.0,5.5,47.0,a,,,,,1.0,0.2,1.0,1.0,1,3,0,8,0,0,0,0,0,0.71,0.02,0.73,6.05,20,8,4,8,,,,0,False,324,-0.1,192,2085,-17.4,-9,False,,-19.7,-1,-24.0,-2,-28.3,-2,5.0,1968,61,0,0,1.6,11.5,0,5.057,4.47,5.644,-0.243
2026-10-09,2026-10-09T10:03:45+00:00,2026,5,5,443261,313,Clarke,Jack,Clarke,MID,12,40,Ipswich Town,5.4,5.5,-0.1,11,170,4,1,0,0,1,48,2.8,2.0,0.2,5660,16076,0.072,0.2044,-0.1324,15.2,52.0,55.4,45.0,a,,,,,1.5,0.3,1.5,1.5,2,2,0,2,0,0,0,1,0,0.3,0.37,0.67,1.97,10,2,5,3,1.0,3.0,4.0,0,False,345,0.0,309,1282,-96.8,2,False,,-95.6,-4,-93.3,-3,-91.1,-3,5.0,1292,84,8,0,2.8,15.5,0,5.793,5.206,6.381,0.393
2026-10-09,2026-10-09T10:03:45+00:00,2026,5,5,444102,79,Evanilson,Francisco Evanilson,de Lima Barbosa,FWD,3,91,Bournemouth,6.0,6.0,0.0,18,424,5,0,3,2,0,66,3.6,3.0,3.2,264837,183349,3.3675,2.3313,1.0361,25.2,71.4,82.6,99.0,a,,,,,3.5,0.6,3.5,3.5,2,5,0,5,0,0,0,1,0,0.87,0.52,1.39,6.45,27,3,13,11,,,,0,False,103,0.0,29376,28522,58.2,187,False,,59.9,3,62.9,3,66.0,3,5.0,3222,137,0,23,3.6,22.8,0,6.532,5.933,7.131,0.532
2026-10-09,2026-10-09T10:03:45+00:00,2026,5,5,444145,18,Martinelli,Gabriel,Martinelli Silva,MID,1,3,Arsenal,6.3,6.5,-0.2,0,0,0,0,0,0,0,0,0.0,0.0,0.1,2483,21981,0.0316,0.2795,-0.2479,0.0,0.0,0.0,0.0,u,Has joined Al Hilal permanently,2026-09-04T12:34:46.738449Z,0.0,0.0,0.0,0.0,0.0,0.0,0,0,0,0,0,0,0,0,0,0.0,0.0,0.0,0.0,0,0,0,0,,,,0,False,473,0.0,0,680,0.0,-3,False,,0.0,0,0.0,0,0.0,0,5.0,0,0,0,0,0.0,0.0,0,5.678,5.089,6.267,-0.622
2026-10-09,2026-10-09T10:03:45+00:00,2026,5,5,444172,59,Dennis,Will,Dennis,GK,3,91,Bournemouth,4.0,4.0,0.0,0,0,0,0,0,0,0,0,0.0,0.0,0.1,1133,7757,0.0144,0.0986,-0.0842,0.0,0.0,0.0,0.0,u,Has joined MK Dons permanently,2026-08-27T14:53:48.692835Z,0.0,0.0,0.0,0.0,0.0,0.0,0,0,0,0,0,0,0,0,0,0.0,0.0,0.0,0.0,0,0,0,0,,,,0,False,396,0.0,0,789,0.0,-3,False,,0.0,0,0.0,0,0.0,0,5.0,0,0,0,0,0.0,0.0,0,3.994,3.406,4.583,-0.006
2026-10-09,2026-10-09T10:03:45+00:00,2026,5,5,444180,105,Anthony,Jaidon,Anthony,MID,4,94,Brentford,5.9,6.0,-0.1,15,267,5,1,0,2,2,59,3.0,2.5,0.2,8361,11264,0.1063,0.1432,-0.0369,21.2,65.0,89.3,58.0,a,,,,,5.5,0.9,5.5,5.5,10,3,0,3,0,0,0,1,0,1.15,0.54,1.69,3.5,26,4,16,6,,,,0,False,368,0.0,3363,863,1.3,17,False,,1.5,1,1.8,1,2.0,1,5.0,2029,114,8,0,3.0,19.3,0,6.023,5.433,6.612,0.123
2026-10-09,2026-10-09T10:03:45+00:00,2026,5,5,444307,276,Lo-Tutala,Thimothée,Lo-Tutala,GK,11,88,Hull City,4.0,4.0,0.0,0,0,0,0,0,0,0,0,0.0,0.0,0.0,0,1145,0.0,0.0146,-0.0146,0.0,0.0,0.0,0.0,u,Has joined Colchester United on loan for the rest of the season,2026-08-17T13:50:27.125537Z,0.0,0.0,0.0,0.0,0.0,0.0,0,0,0,0,0,0,0,0,0,0.0,0.0,0.0,0.0,0,0,0,0,,,,0,False,565,0.0,0,151,0.0,0,False,,0.0,0,0.0,0,0.0,0,5.0,0,0,0,0,0.0,0.0,0,3.988,3.4,4.575,-0.012
2026-10-09,2026-10-09T10:03:45+00:00,2026,5,5,444463,145,Fofana,Wesley,Fofana,DEF,6,8,Chelsea,5.0,5.0,0.0,8,312,4,0,0,0,0,35,2.0,1.6,0.2,19963,8597,0.2538,0.1093,0.1445,13.4,100.4,29.2,4.0,a,,2026-07-23T12:01:23.464591Z,100.0,100.0,2.5,0.5,2.5,2.5,4,4,0,7,0,0,0,1,0,0.0,0.08,0.08,5.65,47,7,11,40,,,,0,False,323,0.0,3857,1656,5.6,26,False,,5.8,1,6.3,1,6.7,1,5.0,2371,61,0,0,2.0,12.2,0,4.686,4.098,5.273,-0.314
2026-10-09,2026-10-09T10:03:45+00:00,2026,5,5,444765,85,Van den Berg,Sepp,van den Berg,DEF,4,94,Brentford,4.9,5.0,-0.1,0,0,0,0,0,0,0,0,0.0,0.0,0.1,431,9068,0.0055,0.1153,-0.1098,0.0,0.0,0.0,0.0,i,Groin injury - Unknown return date,2026-08-15T15:30:06.416627Z,0.0,0.0,0.0,0.0,0.0,0.0,0,0,0,0,0,0,0,0,0,0.0,0.0,0.0,0.0,0,0,0,0,,,,0,False,482,0.0,58,462,-93.1,-2,False,,-94.2,-3,-96.3,-4,-98.4,-4,5.0,0,0,0,0,0.0,0.0,0,4.477,3.888,5.066,-0.423
2026-10-09,2026-10-09T10:03:45+00:00,2026,5,5,444884,383,Elliott,Harvey,Elliott,MID,14,14,Liverpool,5.4,5.5,-0.1,0,0,0,0,0,0,0,0,0.0,0.0,0.0,907,6195,0.0115,0.0788,-0.0672,0.0,0.0,0.0,0.0,u,Has joined Valencia on loan for the rest of the season,2026-09-02T16:05:49.104326Z,0.0,0.0,0.0,0.0,0.0,0.0,0,0,0,0,0,0,0,0,0,0.0,0.0,0.0,0.0,0,0,0,0,,,,0,False,536,0.0,0,275,0.0,0,False,,0.0,0,0.0,0,0.0,0,5.0,0,0,0,0,0.0,0.0,0,5.164,4.576,5.752,-0.236
2026-10-09,2026-10-09T10:03:45+00:00,2026,5,5,445028,563,Morita,Hidemasa,Morita,MID,11,88,Hull City,4.9,5.0,-0.1,1,45,1,0,0,0,0,6,1.0,0.2,0.0,728,1821,0.0093,0.0232,-0.0139,2.4,11.0,13.4,0.0,i,Calf injury - Expected back 11 Oct,2026-09-09T14:00:08.474217Z,0.0,0.0,0.0,0.0,0.0,0.0,0,1,0,0,0,0,0,0,0,0.0,0.0,0.0,1.09,3,0,1,2,,,,0,False,591,-0.1,25,225,-4.5,0,False,,-4.5,-1,-4.5,-1,-4.5,-1,5.0,342,8,0,0,1.0,1.6,0,4.773,4.186,5.36,-0.127
2026-10-09,2026-10-09T10:03:45+00:00,2026,5,5,445044,521,Kulusevski,Dejan,Kulusevski,MID,19,6,Spurs,6.5,6.5,0.0,0,0,0,0,0,0,0,0,0.0,0.0,0.0,446,763,0.0057,0.0097,-0.004,0.0,0.0,0.0,0.0,i,Knee injury - Unknown return date,2026-07-23T12:01:23.895175Z,0.0,0.0,0.0,0.0,0.0,0.0,0,0,0,0,0,0,0,0,0,0.0,0.0,0.0,0.0,0,0,0,0,,,,0,False,614,0.0,140,98,-78.8,3,False,,-66.0,-3,-42.7,-3,-19.3,-1,5.0,0,0,0,0,0.0,0.0,0,5.736,5.147,6.326,-0.764
2026-10-09,2026-10-09T10:03:45+00:00,2026,5,5,445087,579,Araujo,Ronald,Araujo,DEF,14,14,Liverpool,5.4,5.5,-0.1,22,284,5,0,0,3,1,81,4.4,4.1,3.1,156275,163452,1.9871,2.0783,-0.0913,7.7,60.8,10.5,6.0,a,,,,,6.5,1.2,6.5,6.5,7,3,0,0,0,0,0,1,0,0.0,0.06,0.06,2.75,24,5,15,19,,,,0,False,104,0.0,24359,13763,38.8,128,False,,39.9,2,42.0,3,44.0,3,5.0,2158,167,0,0,4.4,31.0,0,5.449,4.856,6.043,0.049
2026-10-09,2026-10-09T10:03:45+00:00,2026,5,5,445122,5,J.Timber,Jurriën,Timber,DEF,1,3,Arsenal,6.5,6.5,0.0,1,104,2,0,0,0,0,-3,0.5,0.2,0.5,42924,17061,0.5458,0.2169,0.3289,1.5,10.2,4.2,0.0,a,,2026-07-23T12:01:23.272929Z,100.0,100.0,0.5,0.1,0.5,0.5,0,1,0,3,0,0,0,0,0,0.0,0.03,0.03,2.18,5,3,7,2,,,,0,False,247,0.0,21268,6308,14.6,155,False,,16.0,1,18.5,1,21.0,2,5.0,790,8,0,0,0.5,1.2,0,5.428,4.838,6.018,-1.072
2026-10-09,2026-10-09T10:03:45+00:00,2026,5,5,446008,427,Mbeumo,Bryan,Mbeumo,MID,16,1,Man Utd,7.9,8.0,-0.1,25,450,5,2,1,0,3,110,5.0,3.2,20.4,494678,2067283,6.2899,26.2859,-19.996,44.2,120.8,164.2,156.0,a,,,,,2.0,0.3,2.0,2.0,2,5,0,8,0,0,0,1,0,3.07,0.8,3.87,6.8,26,5,14,7,2.0,2.0,2.0,0,False,17,0.0,67699,180784,-83.3,-1,False,,-83.3,-3,-83.3,-3,-83.3,-3,5.0,3420,190,15,8,5.0,24.1,0,8.472,7.882,9.061,0.572
2026-10-09,2026-10-09T10:03:45+00:00,2026,5,5,448047,155,Enzo,Enzo,Fernández,MID,15,43,Man City,6.9,7.0,-0.1,13,271,4,1,0,2,0,73,3.2,1.9,3.7,182924,327638,2.3259,4.166,-1.8401,17.8,63.8,72.8,42.0,a,,,,,4.5,0.7,4.5,4.5,7,3,0,3,0,0,0,1,0,0.35,0.53,0.88,5.35,21,3,12,6,,3.0,4.0,0,False,93,0.0,41257,20729,4.1,141,False,,5.3,1,7.6,1,9.9,1,5.0,2060,99,8,0,3.2,14.3,0,6.851,6.262,7.439,-0.049
2026-10-09,2026-10-09T10:03:45+00:00,2026,5,5,448089,54,Gomes,Joao,Gomes,MID,2,7,Aston Villa,5.5,5.5,0.0,2,129,2,0,0,0,0,11,1.0,0.4,0.0,1452,4172,0.0185,0.053,-0.0346,4.8,23.6,24.8,0.0,a,,2026-09-16T19:30:08.742410Z,100.0,100.0,2.0,0.4,2.0,2.0,4,2,0,6,0,0,0,0,1,0.0,0.03,0.03,4.14,20,9,5,6,,,,0,False,505,0.0,613,263,0.1,-2,False,,0.1,1,0.1,1,0.1,1,5.0,980,15,0,0,1.0,2.8,0,5.019,4.431,5.608,-0.481
2026-10-09,2026-10-09T10:03:45+00:00,2026,5,5,448104,9,Hincapie,Piero,Hincapié,DEF,1,3,Arsenal,5.2,5.5,-0.3,2,32,2,0,0,0,0,6,1.0,0.4,0.9,16878,118493,0.2146,1.5067,-1.2921,1.0,6.4,1.0,2.0,a,,,,,0.0,0.0,0.0,0.0,0,0,0,0,0,0,0,0,0,0.0,0.0,0.0,0.28,3,1,0,2,,,,0,False,191,-0.1,2059,6782,-7.3,-5,False,,-7.6,-1,-8.1,-1,-8.7,-1,5.0,243,15,0,0,1.0,2.9,0,4.867,4.279,5.455,-0.333
2026-10-09,2026-10-09T10:03:45+00:00,2026,5,5,448514,392,Aït-Nouri,Rayan,Aït-Nouri,DEF,15,43,Man City,5.2,5.5,-0.3,0,0,0,0,0,0,0,0,0.0,0.0,0.4,8001,62119,0.1017,0.7899,-0.6881,0.0,0.0,0.0,0.0,a,,,,,0.0,0.0,0.0,0.0,0,0,0,0,0,0,0,0,0,0.0,0.0,0.0,0.0,0,0,0,0,,,,0,False,271,-0.1,649,2710,-2.2,-10,False,,-3.6,-1,-6.1,-1,-8.6,-1,5.0,0,0,0,0,0.0,0.0,0,4.964,4.376,5.553,-0.236
2026-10-09,2026-10-09T10:03:45+00:00,2026,5,5,449027,351,Mamardashvili,Giorgi,Mamardashvili,GK,14,14,Liverpool,4.8,5.0,-0.2,0,0,0,0,0,0,0,0,0.0,0.0,0.1,2924,8749,0.0372,0.1112,-0.0741,0.0,0.0,0.0,0.0,a,,,,,0.0,0.0,0.0,0.0,0,0,0,0,0,0,0,0,0,0.0,0.0,0.0,0.0,0,0,0,0,,,,0,False,382,-0.1,312,731,-0.3,-1,False,,-0.7,-1,-1.6,-1,-2.5,-1,5.0,0,0,0,0,0.0,0.0,0,4.588,3.999,5.177,-0.212
2026-10-09,2026-10-09T10:03:45+00:00,2026,5,5,449428,283,Jacob,Matty,Jacob,DEF,11,88,Hull City,4.0,4.0,0.0,0,0,0,0,0,0,0,0,0.0,0.0,0.0,114,701,0.0014,0.0089,-0.0075,0.0,0.0,0.0,0.0,u,Has joined Newport County on loan until January,2026-08-02T09:00:11.038361Z,0.0,0.0,0.0,0.0,0.0,0.0,0,0,0,0,0,0,0,0,0,0.0,0.0,0.0,0.0,0,0,0,0,,,,0,False,624,0.0,0,44,0.0,0,False,,0.0,0,0.0,0,0.0,0,5.0,0,0,0,0,0.0,0.0,0,4.005,3.418,4.592,0.005
2026-10-09,2026-10-09T10:03:45+00:00,2026,5,5,449429,306,Greaves,Jacob,Greaves,DEF,12,40,Ipswich Town,3.9,4.0,-0.1,3,357,4,0,0,0,0,12,0.8,0.8,1.1,10692,40327,0.136,0.5128,-0.3768,9.0,68.6,16.9,4.0,a,,,,,0.5,0.1,0.5,0.5,0,4,0,10,1,0,0,1,0,0.0,0.06,0.06,6.74,30,5,12,25,,,,0,False,168,-0.1,2956,5586,0.1,20,False,,0.3,1,0.6,1,1.0,1,5.0,2713,23,0,0,0.7,5.8,0,3.832,3.242,4.421,-0.068
2026-10-09,2026-10-09T10:03:45+00:00,2026,5,5,449434,454,Elanga,Anthony,Elanga,MID,17,4,Newcastle,6.1,6.0,0.1,18,232,3,2,0,1,2,71,6.0,3.0,4.1,1286231,1128306,16.3547,14.3466,2.008,19.4,82.6,50.6,61.0,i,Unspecified injury - Unknown return date,2026-09-14T20:00:09.505598Z,0.0,0.0,0.0,0.0,0.0,0.0,0,3,0,3,0,0,0,1,0,0.42,0.34,0.76,4.01,9,4,3,2,,,2.0,0,False,82,-0.1,394,208345,-60.0,-1294,False,,-66.1,-3,-77.3,-3,-88.5,-3,5.0,1763,137,15,0,6.0,22.4,0,6.904,6.313,7.495,0.804
2026-10-09,2026-10-09T10:03:45+00:00,2026,5,5,449871,48,Onana,Amadou,Onana,MID,2,7,Aston Villa,4.9,5.0,-0.1,0,0,0,0,0,0,0,0,0.0,0.0,0.0,535,1692,0.0068,0.0215,-0.0147,0.0,0.0,0.0,0.0,i,Knee injury - Unknown return date,2026-07-23T12:01:23.352497Z,0.0,0.0,0.0,0.0,0.0,0.0,0,0,0,0,0,0,0,0,0,0.0,0.0,0.0,0.0,0,0,0,0,,,,0,False,589,0.0,64,122,-12.2,-1,False,,-14.8,-1,-19.6,-1,-24.3,-2,5.0,0,0,0,0,0.0,0.0,0,4.753,4.165,5.341,-0.147
2026-10-09,2026-10-09T10:03:45+00:00,2026,5,5,450063,644,Timber,Quinten,Timber,MID,8,31,Crystal Palace,5.0,5.0,0.0,9,253,3,0,0,1,0,45,3.0,1.8,0.0,4435,1596,0.0564,0.0203,0.0361,10.0,37.8,29.1,34.0,a,,,,,3.5,0.7,3.5,3.5,3,3,0,5,0,0,0,0,0,0.24,0.06,0.3,5.56,27,11,10,6,,,,0,False,523,0.0,612,404,0.2,-3,False,,0.2,1,0.1,1,0.1,1,5.0,1923,68,0,0,3.0,13.7,0,4.95,4.362,5.538,-0.05
2026-10-09,2026-10-09T10:03:45+00:00,2026,5,5,450542,219,J.Rak-Sakyi,Jesurun,Rak-Sakyi,MID,8,31,Crystal Palace,4.9,5.0,-0.1,0,0,0,0,0,0,0,0,0.0,0.0,0.0,145,476,0.0018,0.0061,-0.0042,0.0,0.0,0.0,0.0,u,has joined  Kasimpasa on loan for the rest of the seaon.,2026-09-10T09:12:47.224598Z,0.0,0.0,0.0,0.0,0.0,0.0,0,0,0,0,0,0,0,0,0,0.0,0.0,0.0,0.0,0,0,0,0,,,,0,False,647,0.0,0,34,0.0,0,False,,0.0,0,0.0,0,0.0,0,5.0,0,0,0,0,0.0,0.0,0,4.759,4.171,5.347,-0.141
2026-10-09,2026-10-09T10:03:45+00:00,2026,5,5,451284,175,van Ewijk,Milan,van Ewijk,DEF,7,9,Coventry City,4.0,4.0,0.0,6,360,4,0,0,0,0,7,1.5,1.5,8.4,123266,535155,1.5673,6.8046,-5.2372,12.8,61.6,52.7,14.0,d,Hamstring injury - 75% chance of playing,2026-09-19T16:00:09.486751Z,,75.0,0.0,0.0,0.0,0.0,0,4,0,10,0,0,0,1,0,0.0,0.3,0.3,7.53,27,6,13,21,,,,0,False,46,0.0,1361,110481,-60.1,-440,False,,-62.8,-3,-67.6,-3,-72.4,-3,5.0,2736,46,0,0,1.5,11.4,0,4.118,3.529,4.706,0.118
2026-10-09,2026-10-09T10:03:45+00:00,2026,5,5,451302,413,Bayindir,Altay,Bayındır,GK,16,1,Man Utd,4.5,4.5,0.0,0,0,0,0,0,0,0,0,0.0,0.0,0.0,0,1168,0.0,0.0149,-0.0149,0.0,0.0,0.0,0.0,u,Has joined Celta Vigo on loan for the rest of the season,2026-08-10T14:02:28.608415Z,0.0,0.0,0.0,0.0,0.0,0.0,0,0,0,0,0,0,0,0,0,0.0,0.0,0.0,0.0,0,0,0,0,,,,0,False,605,0.0,0,58,0.0,0,False,,0.0,0,0.0,0,0.0,0,5.0,0,0,0,0,0.0,0.0,0,4.363,3.775,4.951,-0.137
2026-10-09,2026-10-09T10:03:45+00:00,2026,5,5,451340,121,Mitoma,Mitoma,Kaoru,MID,5,36,Brighton,5.9,6.0,-0.1,0,0,0,0,0,0,0,0,0.0,0.0,0.0,590,3150,0.0075,0.0401,-0.0326,0.0,0.0,0.0,0.0,i,Hamstring injury - Expected back 10 Oct,2026-07-24T18:30:10.661894Z,0.0,0.0,0.0,0.0,0.0,0.0,0,0,0,0,0,0,0,0,0,0.0,0.0,0.0,0.0,0,0,0,0,,,,0,False,542,0.0,164,213,-27.5,-1,False,,-28.9,-2,-31.3,-2,-33.7,-2,5.0,0,0,0,0,0.0,0.0,0,5.335,4.747,5.924,-0.565
2026-10-09,2026-10-09T10:03:45+00:00,2026,5,5,451490,119,Costinha,João Pedro,Loureiro da Costa,DEF,5,36,Brighton,4.5,4.5,0.0,4,68,5,0,0,0,0,18,0.8,0.9,0.0,1338,1491,0.017,0.019,-0.0019,5.4,16.4,20.0,18.0,a,,,,,1.0,0.2,1.0,1.0,1,0,0,0,0,0,0,1,0,0.12,0.3,0.42,1.02,7,1,1,6,,,,0,False,520,0.0,233,166,0.0,3,False,,0.1,1,0.1,1,0.2,1,5.0,517,30,0,0,0.8,6.8,0,4.335,3.747,4.923,-0.165
2026-10-09,2026-10-09T10:03:45+00:00,2026,5,5,454490,120,Svoboda,Michael,Svoboda,DEF,5,36,Brighton,5.0,5.0,0.0,1,4,1,0,0,0,0,5,1.0,0.2,0.1,4655,4069,0.0592,0.0517,0.0075,0.2,2.4,0.0,0.0,a,,,,,0.5,0.1,0.5,0.5,1,0,0,0,0,0,0,0,0,0.0,0.0,0.0,0.14,1,1,1,0,,,,0,False,475,0.0,1479,547,0.6,5,False,,0.6,1,0.7,1,0.8,1,5.0,30,8,0,0,1.0,1.5,0,4.576,3.988,5.164,-0.424
2026-10-09,2026-10-09T10:03:45+00:00,2026,5,5,455084,305,Davis,Leif,Davis,DEF,12,40,Ipswich Town,4.0,4.0,0.0,25,450,5,2,2,0,1,52,5.0,6.2,7.2,406293,198372,5.1661,2.5223,2.6438,32.5,144.8,61.9,117.0,a,,,,,8.0,2.0,8.0,8.0,2,5,0,11,0,0,0,0,0,1.59,0.46,2.05,8.98,24,2,10,22,,2.0,,1,False,53,0.0,86090,40756,84.0,272,False,,86.4,3,90.8,3,95.2,4,5.0,3420,190,15,15,5.0,38.7,1,6.228,5.633,6.822,2.228
2026-10-09,2026-10-09T10:03:45+00:00,2026,5,5,456512,483,Ndoye,Dan,Ndoye,MID,18,17,Nott'm Forest,5.5,5.5,0.0,15,316,5,1,0,1,2,44,3.0,2.7,0.7,72791,52155,0.9256,0.6632,0.2624,19.0,39.0,63.6,90.0,a,,,,,1.0,0.2,1.0,1.0,1,5,0,3,0,0,0,1,0,1.25,0.93,2.18,3.84,20,2,15,3,,,,0,False,218,0.0,1195,10992,13.6,-53,False,,13.1,1,12.3,1,11.4,1,5.0,2402,114,8,0,3.0,20.7,0,5.818,5.23,6.405,0.318
2026-10-09,2026-10-09T10:03:45+00:00,2026,5,5,457569,57,Petrović,Đorđe,Petrović,GK,3,91,Bournemouth,4.5,4.5,0.0,9,450,5,0,0,0,0,45,1.8,2.0,2.9,115396,129915,1.4673,1.6519,-0.1846,9.2,92.2,0.0,0.0,a,,,,,1.5,0.3,1.5,1.5,2,5,11,8,0,0,0,0,0,0.0,0.0,0.0,6.95,0,0,43,6,,,,0,False,106,0.0,9413,17244,0.0,-13,False,,-0.3,-1,-1.0,-1,-1.7,-1,5.0,3420,68,0,0,1.8,15.2,0,4.29,3.7,4.881,-0.21
2026-10-09,2026-10-09T10:03:45+00:00,2026,5,5,458249,440,Zirkzee,Joshua,Zirkzee,FWD,16,1,Man Utd,5.3,5.5,-0.2,2,20,2,0,0,0,0,8,1.0,0.4,0.4,16529,44367,0.2102,0.5641,-0.354,2.2,7.6,14.9,0.0,a,,,,,1.0,0.2,1.0,1.0,1,0,0,0,0,0,0,0,0,0.0,0.01,0.01,0.02,4,0,2,2,,,,0,False,266,-0.1,2649,3814,-8.4,-4,False,,-8.8,-1,-9.7,-1,-10.6,-1,5.0,152,15,0,0,1.0,2.9,0,5.163,4.575,5.752,-0.137
2026-10-09,2026-10-09T10:03:45+00:00,2026,5,5,460028,149,Colwill,Levi,Samuels Colwill,DEF,6,8,Chelsea,4.8,5.0,-0.2,3,341,4,0,0,0,0,17,0.8,0.6,0.9,27475,100109,0.3493,1.2729,-0.9236,9.2,61.6,16.6,13.0,a,,,,,1.0,0.2,1.0,1.0,1,4,0,9,0,0,0,1,0,0.01,0.05,0.06,6.67,26,3,15,23,,,,0,False,194,-0.1,1819,7084,-11.8,-13,False,,-12.6,-1,-14.2,-1,-15.7,-1,5.0,2592,23,0,0,0.7,4.8,0,4.423,3.833,5.014,-0.377
2026-10-09,2026-10-09T10:03:45+00:00,2026,5,5,460842,512,Kudus,Mohammed,Kudus,MID,19,6,Spurs,6.5,6.5,0.0,7,123,4,0,1,0,0,49,1.8,1.1,0.2,14192,11627,0.1805,0.1478,0.0326,11.2,37.2,48.7,26.0,a,,2026-07-23T12:01:23.848657Z,100.0,100.0,2.5,0.4,2.5,2.5,4,0,0,3,0,0,0,0,0,0.11,0.42,0.53,1.46,14,3,11,0,,,,0,False,363,0.0,3398,1672,2.5,7,False,,2.6,1,2.7,1,2.9,1,5.0,935,53,0,8,1.8,8.2,0,6.142,5.553,6.73,-0.358
2026-10-09,2026-10-09T10:03:45+00:00,2026,5,5,461102,173,Thomas,Bobby,Thomas,DEF,7,9,Coventry City,4.0,4.0,0.0,24,437,5,0,0,2,3,78,4.8,6.0,8.6,384396,299957,4.8877,3.814,1.0737,18.4,94.8,33.7,56.0,a,,,,,4.5,1.1,4.5,4.5,9,5,0,9,0,0,0,0,0,0.49,0.3,0.79,8.09,52,3,16,49,,,,0,False,42,0.0,46962,46933,19.4,28,False,,19.7,1,20.1,2,20.6,2,5.0,3321,182,0,0,4.8,38.7,1,4.707,4.115,5.299,0.707
2026-10-09,2026-10-09T10:03:45+00:00,2026,5,5,461199,547,Mundle,Romaine,Mundle,MID,20,56,Sunderland,4.9,5.0,-0.1,1,1,1,0,0,0,0,2,1.0,0.2,0.0,202,680,0.0026,0.0086,-0.0061,2.5,8.0,0.1,17.0,i,Knee injury - Unknown return date,2026-09-09T14:00:08.462705Z,0.0,0.0,0.0,0.0,0.0,0.0,0,0,0,0,0,0,0,0,0,0.17,0.0,0.17,0.09,1,0,0,1,,,,0,False,636,0.0,11,62,-90.3,0,False,,-90.3,-3,-90.3,-3,-90.3,-3,5.0,8,8,0,0,1.0,1.6,0,4.806,4.219,5.393,-0.094
2026-10-09,2026-10-09T10:03:45+00:00,2026,5,5,461587,323,McAteer,Kasey,McAteer,MID,12,40,Ipswich Town,4.4,4.5,-0.1,3,42,3,0,0,0,0,12,1.0,0.7,1.0,29103,64768,0.3701,0.8235,-0.4535,1.4,4.6,1.8,7.0,a,,,,,0.0,0.0,0.0,0.0,0,0,0,0,0,0,0,0,0,0.05,0.0,0.05,0.21,5,1,4,0,,,,0,False,177,-0.1,2359,8921,-4.1,-20,False,,-5.1,-1,-7.1,-1,-9.0,-1,5.0,319,23,0,0,1.0,5.2,0,4.585,3.998,5.172,0.185
2026-10-09,2026-10-09T10:03:45+00:00,2026,5,5,462387,322,Al-Hamadi,Ali,Al-Hamadi,FWD,12,40,Ipswich Town,5.0,5.0,0.0,0,0,0,0,0,0,0,0,0.0,0.0,0.0,755,10036,0.0096,0.1276,-0.118,0.0,0.0,0.0,0.0,u,Has joined Sheffield Wednesday on loan for the rest of the season,2026-08-27T14:54:10.215357Z,0.0,0.0,0.0,0.0,0.0,0.0,0,0,0,0,0,0,0,0,0,0.0,0.0,0.0,0.0,0,0,0,0,,,,0,False,500,0.0,0,491,0.0,-3,False,,0.0,0,0.0,0,0.0,0,5.0,0,0,0,0,0.0,0.0,0,4.792,4.204,5.38,-0.208
2026-10-09,2026-10-09T10:03:45+00:00,2026,5,5,462424,6,Saliba,William,Saliba,DEF,1,3,Arsenal,5.9,6.0,-0.1,0,0,0,0,0,0,0,0,0.0,0.0,0.2,3586,18872,0.0456,0.24,-0.1944,0.0,0.0,0.0,0.0,i,Back injury - Unknown return date,2026-07-23T12:01:23.289376Z,0.0,0.0,0.0,0.0,0.0,0.0,0,0,0,0,0,0,0,0,0,0.0,0.0,0.0,0.0,0,0,0,0,,,,0,False,331,0.0,504,1319,-28.8,6,False,,-27.8,-2,-26.1,-2,-24.3,-2,5.0,0,0,0,0,0.0,0.0,0,5.172,4.583,5.761,-0.728
2026-10-09,2026-10-09T10:03:45+00:00,2026,5,5,462635,340,Gelhardt,Joe,Gelhardt,MID,11,88,Hull City,5.0,5.0,0.0,1,7,1,0,0,0,0,5,1.0,0.2,0.0,729,1045,0.0093,0.0133,-0.004,1.5,1.6,1.3,12.0,a,,2026-08-17T21:30:07.799839Z,100.0,100.0,0.5,0.1,0.5,0.5,1,0,0,0,0,0,0,0,0,0.1,0.02,0.12,0.13,1,0,1,0,,,,0,False,601,0.0,119,138,0.0,0,False,,0.0,0,0.0,0,0.0,0,5.0,53,8,0,0,1.0,1.5,0,4.828,4.24,5.415,-0.172
2026-10-09,2026-10-09T10:03:45+00:00,2026,5,5,463034,167,Delap,Liam,Delap,FWD,18,17,Nott'm Forest,5.6,5.5,0.1,9,277,4,1,0,1,0,49,2.2,1.6,2.7,317890,93749,4.042,1.192,2.85,17.9,40.0,68.6,71.0,a,,,,,3.0,0.5,3.0,3.0,1,3,0,3,0,0,0,2,0,0.89,0.35,1.24,2.62,17,2,10,5,3.0,,,0,False,109,0.1,30714,40177,-33.8,-144,False,,-38.9,-2,-48.0,-3,-57.2,-3,5.0,2105,68,8,0,2.2,12.2,0,5.722,5.133,6.31,0.122
2026-10-09,2026-10-09T10:03:45+00:00,2026,5,5,463067,125,Georginio,Georginio,Rutter,FWD,5,36,Brighton,5.3,5.5,-0.2,6,104,2,0,1,1,0,24,3.0,1.1,0.5,35684,77941,0.4537,0.991,-0.5373,5.1,20.2,11.7,19.0,a,,2026-08-26T16:00:07.608056Z,100.0,100.0,0.5,0.1,0.5,0.5,1,1,0,0,0,0,0,0,0,0.17,0.45,0.62,1.03,9,2,6,1,,,,0,False,258,-0.1,3687,5313,-0.7,8,False,,0.0,0,0.1,1,0.3,1,5.0,790,46,0,8,3.0,8.6,0,5.522,4.933,6.112,0.222
2026-10-09,2026-10-09T10:03:45+00:00,2026,5,5,463210,580,Charles,Shea,Charles,MID,10,54,Fulham,5.0,5.0,0.0,13,303,5,0,0,1,0,60,2.6,2.6,0.1,3415,4387,0.0434,0.0558,-0.0124,14.5,85.4,46.1,14.0,a,,,,,4.5,0.9,4.5,4.5,4,3,0,5,0,0,0,0,0,0.09,0.16,0.25,6.65,46,4,19,23,,,,0,False,439,0.0,1685,711,-36.7,13,False,,-21.3,-2,0.1,1,0.3,1,5.0,2303,99,0,0,2.6,19.8,0,5.005,4.418,5.593,0.005
2026-10-09,2026-10-09T10:03:45+00:00,2026,5,5,463726,593,Dedić,Amar,Dedic,DEF,17,4,Newcastle,4.5,4.5,0.0,13,327,4,0,1,1,2,36,3.2,2.9,1.7,447986,322441,5.6962,4.0999,1.5963,12.6,70.0,40.7,15.0,d,Unspecified injury - 50% chance of playing,2026-09-17T14:30:09.823731Z,0.0,50.0,0.0,0.0,0.0,0.0,0,4,0,7,0,0,0,0,0,0.14,0.08,0.22,7.38,24,8,15,16,,3.0,,1,False,137,0.0,364,52391,-0.1,0,False,2026-10-16T20:30:11.350437Z,-0.1,-1,-0.1,-1,-0.1,-1,5.0,2485,99,0,8,3.2,22.0,0,4.91,4.321,5.498,0.41
2026-10-09,2026-10-09T10:03:45+00:00,2026,5,5,463936,158,Gittens,Jamie,Bynoe-Gittens,MID,6,8,Chelsea,5.8,6.0,-0.2,0,0,0,0,0,0,0,0,0.0,0.0,0.0,1142,2947,0.0145,0.0375,-0.023,0.0,0.0,0.0,0.0,d,Ankle injury - 75% chance of playing,2026-09-26T05:30:09.245832Z,,75.0,0.0,0.0,0.0,0.0,0,0,0,0,0,0,0,0,0,0.0,0.0,0.0,0.0,0,0,0,0,,,,0,False,552,-0.1,163,317,-8.3,-3,False,,-11.2,-1,-16.5,-1,-21.8,-2,5.0,0,0,0,0,0.0,0.0,0,5.401,4.812,5.989,-0.399
2026-10-09,2026-10-09T10:03:45+00:00,2026,5,5,463981,60,Hill,James,Hill,DEF,3,91,Bournemouth,5.5,5.5,0.0,12,450,5,0,0,0,0,43,2.4,2.2,0.8,32427,44907,0.4123,0.571,-0.1587,19.5,119.6,69.3,6.0,a,,,,,3.0,0.5,3.0,3.0,4,5,0,8,0,0,0,1,0,0.0,0.79,0.79,6.95,50,9,11,41,,,,0,False,205,0.0,4686,4313,-31.0,16,False,,-29.0,-2,-25.3,-2,-21.7,-2,5.0,3420,91,0,0,2.4,16.6,0,4.864,4.275,5.453,-0.636
2026-10-09,2026-10-09T10:03:45+00:00,2026,5,5,464353,355,Davies,Harvey,Davies,GK,14,14,Liverpool,4.0,4.0,0.0,0,0,0,0,0,0,0,0,0.0,0.0,0.2,4837,4346,0.0615,0.0553,0.0062,0.0,0.0,0.0,0.0,a,,,,,0.0,0.0,0.0,0.0,0,0,0,0,0,0,0,0,0,0.0,0.0,0.0,0.0,0,0,0,0,,,,0,False,366,0.0,385,566,0.1,0,False,,0.1,1,0.1,1,0.1,1,5.0,0,0,0,0,0.0,0.0,0,4.104,3.516,4.692,0.104
2026-10-09,2026-10-09T10:03:45+00:00,2026,5,5,465247,412,Lammens,Senne,Lammens,GK,16,1,Man Utd,4.9,5.0,-0.1,11,450,5,0,0,0,0,58,2.2,2.2,9.7,101928,707747,1.296,8.9991,-7.7031,13.3,132.8,0.0,0.0,a,,,,,3.0,0.6,3.0,3.0,4,5,16,8,0,0,0,0,0,0.0,0.0,0.0,6.8,0,0,38,5,,,,0,False,38,0.0,9720,69316,-20.4,-93,False,,-21.2,-2,-22.9,-2,-24.5,-2,5.0,3420,84,0,0,2.2,17.1,0,4.798,4.208,5.387,-0.102
2026-10-09,2026-10-09T10:03:45+00:00,2026,5,5,465351,389,Matheus N.,Matheus,Nunes,DEF,15,43,Man City,5.9,6.0,-0.1,11,213,3,0,0,1,1,38,3.7,1.9,1.0,15452,74999,0.1965,0.9536,-0.7572,7.0,60.0,6.3,4.0,a,,2026-08-27T11:30:08.171622Z,100.0,100.0,5.0,0.8,5.0,5.0,1,2,0,3,0,0,0,0,0,0.0,0.06,0.06,4.67,21,3,10,18,4.0,,,0,False,180,0.0,2297,3858,-38.1,-4,False,,-38.4,-2,-39.0,-2,-39.6,-2,5.0,1619,84,0,0,3.7,14.2,0,5.543,4.955,6.132,-0.357
2026-10-09,2026-10-09T10:03:45+00:00,2026,5,5,465390,177,Kesler-Hayden,Kaine,Kesler-Hayden,DEF,7,9,Coventry City,3.9,4.0,-0.1,0,0,0,0,0,0,0,0,0.0,0.0,0.1,4807,4402,0.0611,0.056,0.0051,0.0,0.0,0.0,0.0,d,Hamstring injury - 50% chance of playing,2026-08-27T14:56:28.704361Z,0.0,50.0,0.0,0.0,0.0,0.0,0,0,0,0,0,0,0,0,0,0.0,0.0,0.0,0.0,0,0,0,0,,,,0,False,454,-0.1,4208,1177,0.2,0,False,2026-10-16T14:00:11.606100Z,0.2,1,0.2,1,0.2,1,5.0,0,0,0,0,0.0,0.0,0,3.986,3.399,4.573,0.086
2026-10-09,2026-10-09T10:03:45+00:00,2026,5,5,465525,291,Matazo,Eliot,Matazo,MID,11,88,Hull City,4.5,4.5,0.0,0,0,0,0,0,0,0,0,0.0,0.0,0.0,385,517,0.0049,0.0066,-0.0017,0.0,0.0,0.0,0.0,i,Knee injury - Unknown return date,2026-07-23T12:01:23.532635Z,0.0,0.0,0.0,0.0,0.0,0.0,0,0,0,0,0,0,0,0,0,0.0,0.0,0.0,0.0,0,0,0,0,,,,0,False,635,0.0,34,79,-24.8,-1,False,,-32.1,-2,-45.4,-3,-58.7,-3,5.0,0,0,0,0,0.0,0.0,0,4.527,3.94,5.114,0.027
2026-10-09,2026-10-09T10:03:45+00:00,2026,5,5,465642,445,Thiaw,Malick,Thiaw,DEF,17,4,Newcastle,5.0,5.0,0.0,14,450,5,0,0,1,0,32,2.8,2.8,2.2,183402,127733,2.332,1.6241,0.7078,12.7,106.2,16.3,4.0,a,,,,,3.0,0.6,3.0,3.0,4,5,0,9,1,0,0,0,0,0.0,0.08,0.08,9.14,45,0,10,45,,,,0,False,121,0.0,14101,14722,19.7,37,False,,20.1,2,20.7,2,21.3,2,5.0,3420,106,0,0,2.8,21.3,0,4.73,4.142,5.318,-0.27
2026-10-09,2026-10-09T10:03:45+00:00,2026,5,5,465680,493,Kalimuendo,Arnaud,Kalimuendo,FWD,18,17,Nott'm Forest,5.4,5.5,-0.1,1,1,1,0,0,0,0,3,1.0,0.2,0.1,3097,4206,0.0394,0.0535,-0.0141,0.0,0.0,0.0,0.0,a,,,,,0.0,0.0,0.0,0.0,0,0,0,0,0,0,0,0,0,0.0,0.0,0.0,0.0,0,0,0,0,,,,0,False,497,0.0,287,506,0.0,3,False,,0.1,1,0.1,1,0.2,1,5.0,8,8,0,0,1.0,1.4,0,5.071,4.484,5.659,-0.329
2026-10-09,2026-10-09T10:03:45+00:00,2026,5,5,465694,405,N.Gonzalez,Nico,González Iglesias,MID,17,4,Newcastle,5.5,5.5,0.0,5,164,3,0,0,1,0,23,1.7,0.9,0.2,18415,17263,0.2342,0.2195,0.0146,5.8,13.4,42.0,2.0,a,,2026-09-14T21:30:07.343728Z,0.0,100.0,0.5,0.1,0.0,0.5,0,3,0,2,0,0,0,1,0,0.0,0.21,0.21,2.34,12,0,9,3,,,,0,False,335,0.0,952,2094,1.0,4,False,,1.0,1,1.1,1,1.1,1,5.0,1246,38,0,0,1.7,6.9,0,5.138,4.551,5.726,-0.362
2026-10-09,2026-10-09T10:03:45+00:00,2026,5,5,465730,115,De Cuyper,Maxim,De Cuyper,DEF,5,36,Brighton,5.0,4.5,0.5,38,423,5,1,3,3,5,132,7.6,7.6,28.9,2844239,422379,36.165,5.3706,30.7944,33.8,108.4,171.8,57.0,a,,,,,8.5,1.7,8.5,8.5,6,5,0,5,0,0,0,2,0,1.55,0.67,2.22,8.58,16,8,18,8,,4.0,2.0,2,True,9,0.1,425900,37348,15.9,2231,False,,23.2,2,36.5,2,49.8,3,5.0,3215,289,8,23,7.6,38.7,1,6.898,6.287,7.508,1.898
2026-10-09,2026-10-09T10:03:45+00:00,2026,5,5,465920,578,Mudryk,Mykhailo,Mudryk,MID,19,6,Spurs,5.3,5.5,-0.2,1,16,1,0,0,0,0,3,1.0,0.2,0.0,5451,7732,0.0693,0.0983,-0.029,0.1,0.0,0.1,2.0,i,Ankle injury - Unknown return date,2026-09-11T18:00:09.154412Z,0.0,0.0,0.0,0.0,0.0,0.0,0,0,0,0,0,0,0,0,0,0.0,0.0,0.0,0.16,0,0,0,0,,,,0,False,517,-0.1,31,684,-17.1,-5,False,,-19.8,-1,-24.6,-2,-29.5,-2,5.0,122,8,0,0,1.0,1.4,0,5.104,4.516,5.691,-0.196
2026-10-09,2026-10-09T10:03:45+00:00,2026,5,5,466052,399,Cherki,Rayan,Cherki,MID,15,43,Man City,7.8,7.5,0.3,34,302,5,3,2,1,5,150,6.8,4.4,28.5,2730944,1000248,34.7245,12.7183,22.0061,47.3,165.8,199.0,108.0,a,,,,,4.5,0.6,4.5,4.5,8,4,0,4,0,0,0,1,0,0.72,1.54,2.26,5.0,12,0,9,3,,1.0,1.0,1,True,10,0.0,183783,133303,-50.7,395,False,,-47.2,-3,-40.8,-3,-34.4,-2,5.0,2295,258,23,15,6.8,33.1,0,9.724,9.131,10.318,1.924
2026-10-09,2026-10-09T10:03:45+00:00,2026,5,5,466075,8,Calafiori,Riccardo,Calafiori,DEF,1,3,Arsenal,5.9,5.5,0.4,29,416,5,0,2,3,2,76,5.8,4.9,50.8,1711518,420151,21.7623,5.3423,16.42,19.1,71.6,52.7,66.0,a,,,,,3.5,0.6,3.5,3.5,1,5,0,4,0,0,0,0,0,0.67,0.62,1.29,3.76,18,6,13,12,,,,1,False,3,0.1,131510,81644,2.6,557,False,,4.5,1,7.8,1,11.1,1,5.0,3162,220,0,15,5.8,37.4,0,7.048,6.448,7.649,1.148
2026-10-09,2026-10-09T10:03:45+00:00,2026,5,5,466525,335,Stach,Anton,Stach,MID,13,2,Leeds,6.0,6.0,0.0,27,447,5,1,0,3,3,86,5.4,4.5,2.4,204281,170595,2.5975,2.1691,0.4283,26.5,116.4,93.3,55.0,a,,,,,4.0,0.7,4.0,4.0,5,5,0,2,0,0,0,0,0,0.97,0.31,1.28,6.17,61,13,21,27,,1.0,1.0,1,False,117,0.0,6938,25862,15.7,-100,False,,14.8,1,13.1,1,11.5,1,5.0,3397,205,8,0,5.4,34.2,0,6.366,5.774,6.959,0.366
2026-10-09,2026-10-09T10:03:45+00:00,2026,5,5,467779,130,Wieffer,Mats,Wieffer,DEF,5,36,Brighton,4.9,5.0,-0.1,7,156,2,0,0,1,1,38,3.5,1.4,0.2,25952,43943,0.33,0.5587,-0.2288,8.3,37.0,35.5,10.0,i,Knee injury - Unknown return date,2026-09-04T09:30:08.612904Z,0.0,0.0,0.0,0.0,0.0,0.0,0,2,0,4,0,0,0,0,0,0.12,0.13,0.25,3.18,15,4,9,11,,,,0,False,357,0.0,37,2511,-40.9,-12,False,,-43.4,-3,-47.8,-3,-52.3,-3,5.0,1186,53,0,0,3.5,10.9,0,4.739,4.152,5.327,-0.161
2026-10-09,2026-10-09T10:03:45+00:00,2026,5,5,469142,112,Van Hecke,Jan Paul,van Hecke,DEF,19,6,Spurs,4.9,5.0,-0.1,24,450,5,1,0,2,2,85,4.8,4.9,6.2,161225,510193,2.05,6.4872,-4.4372,31.6,171.8,74.9,70.0,d,Foot injury - 75% chance of playing,2026-09-30T16:00:09.552205Z,,75.0,7.0,1.4,7.0,5.2,6,5,0,8,0,0,0,1,0,0.69,0.42,1.11,7.78,43,10,17,33,,,,0,False,62,0.0,25056,64798,-27.8,-718,False,,-33.5,-2,-44.1,-3,-54.6,-3,5.0,3420,182,8,0,4.8,37.2,0,5.71,5.12,6.3,0.81
2026-10-09,2026-10-09T10:03:45+00:00,2026,5,5,469247,49,Iling Jr,Samuel,Iling-Junior,MID,2,7,Aston Villa,5.0,5.0,0.0,0,0,0,0,0,0,0,0,0.0,0.0,0.0,0,237,0.0,0.003,-0.003,0.0,0.0,0.0,0.0,u,Has joined Bolton Wanderers on loan for the rest of the season,2026-08-17T13:52:28.532616Z,0.0,0.0,0.0,0.0,0.0,0.0,0,0,0,0,0,0,0,0,0,0.0,0.0,0.0,0.0,0,0,0,0,,,,0,False,661,0.0,0,12,0.0,0,False,,0.0,0,0.0,0,0.0,0,5.0,0,0,0,0,0.0,0.0,0,4.781,4.193,5.369,-0.219
2026-10-09,2026-10-09T10:03:45+00:00,2026,5,5,469266,589,Gourna-Douath,Lucas,Gourna-Douath,MID,11,88,Hull City,5.0,5.0,0.0,4,138,3,0,0,1,0,18,1.3,0.8,0.0,708,1371,0.009,0.0174,-0.0084,6.5,29.4,33.5,2.0,a,,,,,0.5,0.1,0.5,0.5,1,1,0,0,0,0,0,1,0,0.03,0.03,0.06,2.26,17,5,7,5,,,,0,False,558,0.0,39,136,-91.1,-1,False,,-95.8,-4,-104.3,-5,-112.8,-5,5.0,1049,30,0,0,1.3,6.1,0,4.825,4.238,5.412,-0.175
2026-10-09,2026-10-09T10:03:45+00:00,2026,5,5,469272,190,Tchaouna,Loum,Tchaouna,MID,7,9,Coventry City,5.4,5.5,-0.1,5,211,4,0,0,0,0,32,1.2,0.9,0.1,3154,8356,0.0401,0.1062,-0.0661,12.3,25.4,50.5,46.0,a,,,,,0.5,0.1,0.5,0.5,1,2,0,3,0,0,0,0,0,0.23,0.18,0.41,3.23,18,1,11,6,,,3.0,0,False,427,0.0,38,479,-97.1,0,False,,-97.1,-4,-97.1,-4,-97.1,-4,5.0,1604,38,0,0,1.2,7.0,0,5.026,4.439,5.613,-0.374
2026-10-09,2026-10-09T10:03:45+00:00,2026,5,5,470294,297,Gyabi,Darko,Gyabi,MID,11,88,Hull City,4.4,4.5,-0.1,0,0,0,0,0,0,0,0,0.0,0.0,0.0,464,1640,0.0059,0.0209,-0.015,0.0,0.0,0.0,0.0,i,Thigh injury - Unknown return date,2026-08-04T18:30:11.027155Z,0.0,0.0,0.0,0.0,0.0,0.0,0,0,0,0,0,0,0,0,0,0.0,0.0,0.0,0.0,0,0,0,0,,,,0,False,583,-0.1,75,172,-1.1,-1,False,,-2.5,-1,-5.0,-1,-7.5,-1,5.0,0,0,0,0,0.0,0.0,0,4.502,3.915,5.089,0.102
2026-10-09,2026-10-09T10:03:45+00:00,2026,5,5,470313,463,Woltemade,Nick,Woltemade,FWD,17,4,Newcastle,5.9,6.0,-0.1,4,19,1,0,1,0,0,18,4.0,0.7,0.5,14520,142888,0.1846,1.8168,-1.6322,4.0,18.2,10.5,11.0,u,Has joined Juventus on loan for the rest of the season,2026-09-02T16:07:16.549304Z,0.0,0.0,0.0,0.0,0.0,0.0,0,0,0,0,0,0,0,0,0,0.02,0.01,0.03,0.38,0,0,0,0,,,,0,False,256,0.0,0,4453,0.0,-17,False,,0.0,0,0.0,0,0.0,0,5.0,144,30,0,8,4.0,5.2,0,5.919,5.329,6.509,0.019
2026-10-09,2026-10-09T10:03:45+00:00,2026,5,5,470315,478,Netz,Luca,Netz,DEF,18,17,Nott'm Forest,4.4,4.5,-0.1,3,27,3,0,0,0,0,8,1.0,0.7,0.0,703,1622,0.0089,0.0206,-0.0117,2.6,6.0,17.5,2.0,a,,,,,0.5,0.1,0.5,0.5,1,0,0,1,0,0,0,0,0,0.0,0.02,0.02,0.13,1,1,1,0,,,,0,False,541,0.0,73,151,-10.7,0,False,,-10.7,-1,-10.7,-1,-10.7,-1,5.0,205,23,0,0,1.0,5.2,0,4.325,3.738,4.913,-0.075
2026-10-09,2026-10-09T10:03:45+00:00,2026,5,5,470551,567,Horníček,Lukás,Hornícek,GK,17,4,Newcastle,5.0,5.0,0.0,14,450,5,0,0,1,0,72,2.8,2.8,1.5,154804,74180,1.9684,0.9432,1.0251,15.5,155.6,0.0,0.0,a,,,,,2.0,0.4,2.0,2.0,3,5,19,9,0,0,0,1,0,0.0,0.0,0.0,9.14,0,0,31,11,,,,0,False,148,0.0,10154,7627,26.0,13,False,,26.1,2,26.4,2,26.6,2,5.0,3420,106,0,0,2.8,21.3,0,4.701,4.113,5.29,-0.299
2026-10-09,2026-10-09T10:03:45+00:00,2026,5,5,471551,652,Azeez,Femi,Azeez,MID,5,36,Brighton,5.5,5.5,0.0,0,0,0,0,0,0,0,0,0.0,0.0,0.0,447,209,0.0057,0.0027,0.003,0.0,0.0,0.0,0.0,i,Hamstring injury - Expected back 10 Oct,2026-09-04T11:30:08.661589Z,0.0,0.0,0.0,0.0,0.0,0.0,0,0,0,0,0,0,0,0,0,0.0,0.0,0.0,0.0,0,0,0,0,,,,0,False,651,0.0,24,52,-35.0,0,False,,-35.0,-2,-35.0,-2,-35.0,-2,5.0,0,0,0,0,0.0,0.0,0,5.083,4.495,5.671,-0.417
2026-10-09,2026-10-09T10:03:45+00:00,2026,5,5,472713,90,Hickey,Aaron,Hickey,DEF,4,94,Brentford,4.5,4.5,0.0,5,152,5,0,0,0,0,17,1.0,1.1,0.1,2162,3078,0.0275,0.0391,-0.0116,4.7,32.8,7.8,6.0,a,,,,,1.0,0.2,1.0,1.0,1,1,0,3,0,0,0,0,0,0.03,0.06,0.09,3.07,17,4,8,13,,,,0,False,461,0.0,248,345,-33.1,2,False,,-30.9,-2,-26.8,-2,-22.7,-2,5.0,1155,38,0,0,1.0,8.4,0,4.27,3.682,4.859,-0.23
2026-10-09,2026-10-09T10:03:45+00:00,2026,5,5,472739,110,Rushworth,Carl,Rushworth,GK,7,9,Coventry City,4.5,4.5,0.0,16,450,5,0,1,1,2,56,3.2,3.6,0.8,24768,60900,0.3149,0.7744,-0.4594,10.1,90.6,10.0,0.0,a,,,,,5.5,1.2,5.5,5.5,11,5,9,10,0,0,0,0,0,0.0,0.02,0.02,8.63,0,0,50,4,,,,1,False,207,0.0,3621,7736,-64.2,-10,False,,-65.4,-3,-67.7,-3,-69.9,-3,5.0,3420,122,0,8,3.2,27.0,0,4.855,4.266,5.445,0.355
2026-10-09,2026-10-09T10:03:45+00:00,2026,5,5,472769,387,O'Reilly,Nico,O'Reilly,DEF,15,43,Man City,6.3,6.5,-0.2,6,163,4,0,0,0,0,22,1.5,1.0,10.4,192909,1250331,2.4529,15.8982,-13.4453,9.0,17.8,39.5,33.0,d,Unspecified injury - 75% chance of playing,2026-10-01T15:30:10.272693Z,100.0,75.0,1.0,0.2,1.0,0.8,1,2,0,2,0,0,0,0,0,0.87,0.43,1.3,2.1,5,3,9,2,,,,0,False,37,-0.1,5565,113820,-8.6,-1140,False,,-11.8,-1,-17.6,-1,-23.5,-2,5.0,1239,46,0,0,1.5,7.2,0,5.751,5.162,6.34,-0.549
2026-10-09,2026-10-09T10:03:45+00:00,2026,5,5,473284,572,Tzolakis,Konstantinos,Tzolakis,GK,11,88,Hull City,4.7,4.5,0.2,34,450,5,0,0,3,6,129,6.8,7.2,13.0,1034052,231533,13.1482,2.944,10.2042,15.0,150.0,0.0,0.0,a,,,,,4.0,0.9,4.0,4.0,6,5,17,4,0,1,0,1,0,0.0,0.0,0.0,7.4,0,1,69,2,,,,2,True,32,0.1,162724,35883,2.1,216,False,,2.8,1,4.1,1,5.4,1,5.0,3420,258,0,0,6.8,38.7,1,5.08,4.467,5.693,0.38
2026-10-09,2026-10-09T10:03:45+00:00,2026,5,5,474120,591,Enciso,Julio,Enciso,MID,12,40,Ipswich Town,5.5,5.5,0.0,15,413,5,0,2,0,0,83,3.0,2.7,0.8,95884,54699,1.2192,0.6955,0.5237,23.6,60.2,75.6,100.0,a,,2026-08-22T18:00:07.551930Z,100.0,100.0,2.0,0.4,2.0,2.0,2,5,0,11,0,0,0,1,0,1.26,0.89,2.15,8.47,31,2,24,5,,,,0,False,201,0.0,4321,8410,9.5,-23,False,,9.3,1,8.9,1,8.6,1,5.0,3139,114,0,15,3.0,20.7,0,5.843,5.252,6.434,0.343
2026-10-09,2026-10-09T10:03:45+00:00,2026,5,5,475168,165,João Pedro,João Pedro,Junqueira de Jesus,FWD,6,8,Chelsea,7.7,7.5,0.2,33,360,4,3,3,0,7,141,8.2,4.3,63.8,1617243,1604880,20.5635,20.4063,0.1572,37.0,158.4,90.0,123.0,d,Knee injury - 75% chance of playing,2026-09-16T19:00:09.919929Z,75.0,75.0,6.0,0.8,4.5,4.5,0,4,0,9,1,0,0,1,0,2.17,0.19,2.36,6.17,9,1,5,3,,,,2,True,2,-0.1,102502,532384,-4.4,-2862,False,,-5.7,-1,-8.1,-1,-10.5,-1,5.0,2736,251,23,23,8.2,32.6,0,10.485,9.877,11.094,2.785
2026-10-09,2026-10-09T10:03:45+00:00,2026,5,5,476887,485,Bakwa,Dilane,Bakwa,MID,18,17,Nott'm Forest,5.5,5.5,0.0,0,0,0,0,0,0,0,0,0.0,0.0,0.0,107,1186,0.0014,0.0151,-0.0137,0.0,0.0,0.0,0.0,u,Has joined Lille on loan for the rest of the season,2026-08-27T14:53:03.381941Z,0.0,0.0,0.0,0.0,0.0,0.0,0,0,0,0,0,0,0,0,0,0.0,0.0,0.0,0.0,0,0,0,0,,,,0,False,638,0.0,0,44,0.0,0,False,,0.0,0,0.0,0,0.0,0,5.0,0,0,0,0,0.0,0.0,0,5.083,4.495,5.671,-0.417
2026-10-09,2026-10-09T10:03:45+00:00,2026,5,5,477064,395,Lewis,Rico,Lewis,DEF,15,43,Man City,4.4,4.5,-0.1,1,56,1,0,0,0,0,-1,1.0,0.2,0.2,8374,16557,0.1065,0.2105,-0.104,4.7,3.8,3.8,39.0,a,,,,,0.0,0.0,0.0,0.0,0,1,0,1,0,0,0,0,0,0.17,0.02,0.19,0.55,2,0,0,2,,,,0,False,333,0.0,418,1491,-75.5,-2,False,,-76.4,-3,-78.1,-3,-79.8,-3,5.0,426,8,0,0,1.0,1.7,0,4.469,3.881,5.057,0.069
2026-10-09,2026-10-09T10:03:45+00:00,2026,5,5,477424,391,Gvardiol,Joško,Gvardiol,DEF,15,43,Man City,5.7,5.5,0.2,37,434,5,1,3,2,6,135,7.4,6.5,27.0,1882677,447605,23.9386,5.6914,18.2472,24.0,144.4,63.5,32.0,a,,,,,7.5,1.3,7.5,7.5,4,5,0,5,0,0,0,1,0,0.22,0.74,0.96,7.25,31,11,21,20,,,,0,True,11,0.0,200645,87389,91.1,221,False,,93.1,3,96.7,4,100.2,5,5.0,3298,281,8,23,7.4,38.7,1,7.571,6.967,8.174,1.871
2026-10-09,2026-10-09T10:03:45+00:00,2026,5,5,477547,538,Hjelde,Leo Fuhr,Hjelde,DEF,20,56,Sunderland,4.0,4.0,0.0,0,0,0,0,0,0,0,0,0.0,0.0,0.0,0,2581,0.0,0.0328,-0.0328,0.0,0.0,0.0,0.0,u,Has joined KV Mechelen on loan for the rest of the season,2026-08-12T14:08:03.081789Z,0.0,0.0,0.0,0.0,0.0,0.0,0,0,0,0,0,0,0,0,0,0.0,0.0,0.0,0.0,0,0,0,0,,,,0,False,528,0.0,0,210,0.0,0,False,,0.0,0,0.0,0,0.0,0,5.0,0,0,0,0,0.0,0.0,0,4.005,3.418,4.592,0.005
2026-10-09,2026-10-09T10:03:45+00:00,2026,5,5,477555,264,Bobb,Oscar,Bobb,MID,10,54,Fulham,5.5,5.5,0.0,13,343,5,0,0,3,0,53,2.6,2.4,0.3,18279,21619,0.2324,0.2749,-0.0425,23.8,42.0,118.7,77.0,a,,,,,3.0,0.5,3.0,3.0,3,5,0,6,0,0,0,0,0,0.54,1.14,1.68,6.19,28,8,15,5,,,2.0,0,False,287,0.0,4276,2513,-29.6,36,False,,-18.7,-1,0.0,0,0.6,1,5.0,2607,99,0,0,2.6,18.0,0,5.218,4.63,5.806,-0.282
2026-10-09,2026-10-09T10:03:45+00:00,2026,5,5,480455,230,Branthwaite,Jarrad,Branthwaite,DEF,9,11,Everton,5.5,5.5,0.0,27,450,5,0,0,3,0,97,5.4,4.9,2.5,152704,75852,1.9417,0.9645,0.9772,22.5,145.4,7.2,73.0,a,,,,,7.0,1.3,7.0,7.0,8,5,0,3,0,0,0,0,0,0.17,0.02,0.19,6.94,54,5,14,49,,,,0,False,112,0.0,32532,11387,42.1,150,False,,43.4,3,45.9,3,48.3,3,5.0,3420,205,0,0,5.4,37.3,0,5.436,4.84,6.032,-0.064
2026-10-09,2026-10-09T10:03:45+00:00,2026,5,5,480457,183,Rudoni,Jack,Rudoni,MID,7,9,Coventry City,4.9,5.0,-0.1,13,297,5,0,0,2,0,51,2.6,2.7,0.1,4826,8431,0.0614,0.1072,-0.0458,27.2,51.2,140.8,80.0,a,,2026-07-23T12:01:23.481435Z,100.0,100.0,3.5,0.7,3.5,3.5,5,4,0,4,0,0,0,0,0,0.92,1.11,2.03,4.49,34,4,21,9,,1.0,5.0,0,False,412,0.0,1356,1042,0.2,1,False,,0.2,1,0.2,1,0.2,1,5.0,2257,99,0,0,2.6,20.2,0,4.991,4.403,5.579,0.091
2026-10-09,2026-10-09T10:03:45+00:00,2026,5,5,481283,667,Wright,James,Wright,GK,2,7,Aston Villa,4.0,4.0,0.0,0,0,0,0,0,0,0,0,0.0,0.0,0.2,11099,1408,0.1411,0.0179,0.1232,0.0,0.0,0.0,0.0,a,,,,,0.0,0.0,1.0,1.0,0,0,0,0,0,0,0,0,0,0.0,0.0,0.0,0.0,0,0,0,0,,,,0,False,351,0.0,11099,1408,0.4,24,False,,0.7,1,1.0,1,1.4,1,5.0,0,0,0,0,0.0,0.0,0,3.971,3.383,4.559,-0.029
2026-10-09,2026-10-09T10:03:45+00:00,2026,5,5,481624,318,Philogene,Jaden,Philogene,MID,12,40,Ipswich Town,5.4,5.5,-0.1,2,52,2,0,0,0,0,11,1.0,0.4,0.1,314,9338,0.004,0.1187,-0.1147,2.2,4.8,4.6,13.0,a,,2026-08-25T11:30:07.532993Z,100.0,100.0,1.0,0.2,1.0,1.0,1,0,0,1,0,0,0,0,0,0.08,0.01,0.08,0.97,4,0,4,0,3.0,,5.0,0,False,459,0.0,46,214,-10.8,-3,False,,-14.2,-1,-20.5,-2,-26.8,-2,5.0,395,15,0,0,1.0,2.8,0,5.066,4.479,5.653,-0.334
2026-10-09,2026-10-09T10:03:45+00:00,2026,5,5,481655,19,Zubimendi,Martín,Zubimendi Ibáñez,MID,1,3,Arsenal,5.3,5.5,-0.2,5,89,5,0,0,0,0,16,1.0,0.9,0.6,8647,67530,0.1099,0.8587,-0.7487,4.8,13.4,5.0,29.0,a,,,,,1.0,0.2,1.0,1.0,1,0,0,0,0,0,0,0,0,0.21,0.04,0.25,1.38,12,4,3,5,,,,0,False,237,0.0,632,4587,-59.3,-20,False,,-62.6,-3,-68.5,-3,-74.3,-3,5.0,676,38,0,0,1.0,7.2,0,5.174,4.586,5.762,-0.126
2026-10-09,2026-10-09T10:03:45+00:00,2026,5,5,482442,518,P.M.Sarr,Pape Matar,Sarr,MID,19,6,Spurs,4.9,5.0,-0.1,0,0,0,0,0,0,0,0,0.0,0.0,0.1,4138,23938,0.0526,0.3044,-0.2518,0.0,0.0,0.0,0.0,u,Has joined Juventus on loan for the rest of the season,2026-09-02T16:02:43.386849Z,0.0,0.0,0.0,0.0,0.0,0.0,0,0,0,0,0,0,0,0,0,0.0,0.0,0.0,0.0,0,0,0,0,,,,0,False,465,0.0,0,871,0.0,-6,False,,0.0,0,0.0,0,0.0,0,5.0,0,0,0,0,0.0,0.0,0,4.842,4.255,5.43,-0.058
2026-10-09,2026-10-09T10:03:45+00:00,2026,5,5,482609,144,Gusto,Malo,Gusto,DEF,6,8,Chelsea,4.9,5.0,-0.1,4,272,4,0,0,0,0,12,1.0,0.8,0.9,37438,68717,0.476,0.8737,-0.3977,8.2,32.0,37.2,13.0,a,,,,,0.5,0.1,0.5,0.5,0,3,0,7,0,0,0,0,0,0.08,0.12,0.2,3.5,15,4,13,11,,,6.0,0,False,184,-0.1,2111,8237,-5.2,-12,False,,-5.9,-1,-7.2,-1,-8.4,-1,5.0,2067,30,0,0,1.0,6.2,0,4.543,3.954,5.131,-0.357
2026-10-09,2026-10-09T10:03:45+00:00,2026,5,5,482616,627,Barcola,Bradley,Barcola,MID,14,14,Liverpool,8.0,8.0,0.0,7,168,3,0,0,2,0,22,2.3,0.9,1.9,297589,135902,3.7839,1.728,2.0559,7.0,10.8,27.4,31.0,a,,,,,3.0,0.4,3.0,3.0,3,2,0,0,0,0,0,0,0,0.26,0.13,0.39,1.43,8,3,5,0,,,,0,False,127,0.0,20127,24656,-62.4,88,False,,-58.2,-3,-50.5,-3,-42.7,-3,5.0,1277,53,0,0,2.3,6.6,0,6.783,6.194,7.372,-1.217
2026-10-09,2026-10-09T10:03:45+00:00,2026,5,5,482973,491,Igor Jesus,Igor Jesus,Maciel da Cruz,FWD,18,17,Nott'm Forest,5.8,6.0,-0.2,12,257,5,1,0,0,2,53,2.4,2.1,2.6,130756,279546,1.6626,3.5545,-1.8919,19.6,54.8,40.7,100.0,a,,,,,4.0,0.7,4.0,4.0,1,2,0,3,0,0,0,1,0,1.25,0.08,1.33,2.61,15,2,8,5,4.0,,,0,False,111,0.0,11756,32201,-5.0,-31,False,,-6.1,-1,-8.1,-1,-10.1,-1,5.0,1953,91,8,0,2.4,15.7,0,5.98,5.393,6.568,0.18
2026-10-09,2026-10-09T10:03:45+00:00,2026,5,5,483067,566,Silva,António João,Pereira de Albuquerque Tavares da Silva,DEF,3,91,Bournemouth,5.0,5.0,0.0,13,450,5,0,0,0,0,30,2.6,2.6,0.5,43375,29711,0.5515,0.3778,0.1737,17.7,124.6,10.1,43.0,a,,,,,3.0,0.6,3.0,3.0,3,5,0,8,0,0,0,2,0,0.85,0.29,1.14,6.95,56,5,14,51,,,,0,False,254,0.0,17913,8270,2.2,18,False,,2.3,1,2.6,1,2.9,1,5.0,3420,99,0,0,2.6,19.8,0,4.653,4.065,5.242,-0.347
2026-10-09,2026-10-09T10:03:45+00:00,2026,5,5,484389,171,Dovin,Oliver,Dovin,GK,7,9,Coventry City,4.0,4.0,0.0,0,0,0,0,0,0,0,0,0.0,0.0,1.0,8924,60140,0.1135,0.7647,-0.6512,0.0,0.0,0.0,0.0,u,Has joined Leyton Orient on loan for the rest of the season,2026-09-02T15:44:14.839336Z,0.0,0.0,0.0,0.0,0.0,0.0,0,0,0,0,0,0,0,0,0,0.0,0.0,0.0,0.0,0,0,0,0,,,,0,False,181,0.0,0,6972,0.0,-22,False,,0.0,0,0.0,0,0.0,0,5.0,0,0,0,0,0.0,0.0,0,4.005,3.417,4.592,0.005
2026-10-09,2026-10-09T10:03:45+00:00,2026,5,5,484420,542,E.Le Fée,Enzo,Le Fée,MID,20,56,Sunderland,5.7,6.0,-0.3,18,438,5,1,1,1,1,90,3.6,3.2,3.3,49642,661918,0.6312,8.4164,-7.7852,31.0,88.6,137.3,82.0,a,,,,,2.5,0.4,2.5,2.5,5,5,0,9,0,0,1,0,0,2.06,1.34,3.4,8.46,21,7,11,3,,,,0,False,102,-0.1,16070,35343,-6.1,-39,False,,-6.8,-1,-7.9,-1,-9.1,-1,5.0,3329,137,8,8,3.6,24.0,0,6.354,5.766,6.942,0.654
2026-10-09,2026-10-09T10:03:45+00:00,2026,5,5,485047,470,Morato,Felipe,Rodrigues da Silva,DEF,18,17,Nott'm Forest,5.0,5.0,0.0,0,0,0,0,0,0,0,0,0.0,0.0,0.0,424,3732,0.0054,0.0475,-0.0421,0.0,0.0,0.0,0.0,u,Has joined West Ham on loan for the rest of the season,2026-09-02T16:19:54.503286Z,0.0,0.0,0.0,0.0,0.0,0.0,0,0,0,0,0,0,0,0,0,0.0,0.0,0.0,0.0,0,0,0,0,,,,0,False,575,0.0,0,152,0.0,0,False,,0.0,0,0.0,0,0.0,0,5.0,0,0,0,0,0.0,0.0,0,4.547,3.959,5.134,-0.453
2026-10-09,2026-10-09T10:03:45+00:00,2026,5,5,485055,496,Kinsky,Antonín,Kinský,GK,19,6,Spurs,4.5,4.5,0.0,18,450,5,0,0,2,0,77,3.6,4.0,16.8,356882,845878,4.5378,10.7555,-6.2177,11.5,104.8,10.0,0.0,a,,,,,4.5,1.0,4.5,4.5,2,5,12,8,0,0,0,0,0,0.0,0.0,0.0,7.78,0,0,34,10,,,,0,False,25,0.0,27728,163651,-60.0,-339,False,,-61.9,-3,-65.3,-3,-68.7,-3,5.0,3420,137,0,0,3.6,30.4,0,4.95,4.36,5.539,0.45
2026-10-09,2026-10-09T10:03:45+00:00,2026,5,5,485337,42,Guessand,Evann,Guessand,MID,8,31,Crystal Palace,5.4,5.5,-0.1,2,54,2,0,0,0,0,6,1.0,0.4,0.0,2422,3682,0.0308,0.0468,-0.016,1.5,5.4,2.1,7.0,a,,,,,0.0,0.0,0.0,0.0,0,0,0,1,0,0,0,0,0,0.03,0.03,0.06,0.34,2,1,0,1,,,,0,False,516,0.0,129,311,-33.4,0,False,,-33.4,-2,-33.4,-2,-33.4,-2,5.0,410,15,0,0,1.0,2.8,0,5.049,4.461,5.637,-0.351
2026-10-09,2026-10-09T10:03:45+00:00,2026,5,5,485711,439,Šeško,Benjamin,Sesko,FWD,16,1,Man Utd,7.0,7.0,0.0,8,76,4,1,0,0,0,39,2.0,1.1,1.5,104483,140311,1.3285,1.7841,-0.4556,8.2,34.6,11.9,36.0,d,Shin injury - 75% chance of playing,2026-09-20T19:30:08.505755Z,100.0,75.0,0.5,0.1,0.5,0.4,0,0,0,3,0,0,0,0,0,0.39,0.01,0.4,2.0,5,0,5,0,,,,0,False,144,0.0,7044,30638,-59.5,-180,False,,-65.3,-3,-75.9,-3,-86.5,-3,5.0,578,61,8,0,2.0,8.7,0,6.73,6.14,7.319,-0.27
2026-10-09,2026-10-09T10:03:45+00:00,2026,5,5,486385,248,Beto,Norberto Bercique,Gomes Betuncal,FWD,9,11,Everton,5.4,5.5,-0.1,2,31,2,0,0,0,0,5,1.0,0.4,0.6,16222,221769,0.2063,2.8198,-2.6136,0.8,3.0,0.3,5.0,u,Has joined Fiorentina permanently,2026-09-02T16:05:23.357221Z,0.0,0.0,0.0,0.0,0.0,0.0,0,0,0,0,0,0,0,0,0,0.09,0.0,0.09,1.92,1,0,0,1,,,,0,False,235,0.0,0,9447,0.0,-68,False,,0.0,0,0.0,0,0.0,0,5.0,236,15,0,0,1.0,2.8,0,5.128,4.54,5.716,-0.272
2026-10-09,2026-10-09T10:03:45+00:00,2026,5,5,486520,344,Gruev,Ilia,Gruev,MID,13,2,Leeds,5.0,5.0,0.0,0,0,0,0,0,0,0,0,0.0,0.0,0.0,136,320,0.0017,0.0041,-0.0023,0.0,0.0,0.0,0.0,a,,2026-08-14T23:00:06.272027Z,100.0,100.0,0.0,0.0,0.0,0.0,0,0,0,0,0,0,0,0,0,0.0,0.0,0.0,0.0,0,0,0,0,,,,0,False,646,0.0,57,25,0.0,0,False,,0.0,0,0.0,0,0.0,0,5.0,0,0,0,0,0.0,0.0,0,4.801,4.214,5.389,-0.199
2026-10-09,2026-10-09T10:03:45+00:00,2026,5,5,486672,159,Caicedo,Moisés,Caicedo Corozo,MID,6,8,Chelsea,5.3,5.5,-0.2,1,13,1,0,0,0,0,3,1.0,0.2,1.0,15146,284115,0.1926,3.6126,-3.42,0.0,0.0,0.1,0.0,d,Calf injury - 50% chance of playing,2026-08-30T16:00:08.393562Z,50.0,50.0,0.0,0.0,0.0,0.0,0,0,0,0,0,0,0,0,0,0.0,0.0,0.0,0.07,0,0,0,0,,,,0,False,176,0.0,508,11723,-9.7,-63,False,,-12.8,-1,-18.5,-1,-24.1,-2,5.0,99,8,0,0,1.0,1.4,0,5.155,4.568,5.743,-0.145
2026-10-09,2026-10-09T10:03:45+00:00,2026,5,5,487053,506,Udogie,Destiny,Udogie,DEF,19,6,Spurs,4.4,4.5,-0.1,7,86,3,0,0,1,0,21,2.3,1.6,0.3,5694,22913,0.0724,0.2913,-0.2189,2.7,9.8,13.5,4.0,a,,2026-09-11T18:00:09.092110Z,100.0,100.0,0.0,0.0,0.0,0.0,0,1,0,1,0,0,0,1,0,0.0,0.23,0.23,1.17,4,1,4,3,,,,0,False,281,0.0,455,2083,-26.9,-4,False,,-27.8,-2,-29.6,-2,-31.4,-2,5.0,654,53,0,0,2.3,12.1,0,4.55,3.962,5.138,0.15
2026-10-09,2026-10-09T10:03:45+00:00,2026,5,5,487117,139,Ferguson,Evan,Ferguson,FWD,5,36,Brighton,5.0,5.0,0.0,0,0,0,0,0,0,0,0,0.0,0.0,0.0,1625,2574,0.0207,0.0327,-0.0121,0.0,0.0,0.0,0.0,i,Ankle injury - Expected back 10 Oct,2026-07-23T12:01:23.448357Z,0.0,0.0,0.0,0.0,0.0,0.0,0,0,0,0,0,0,0,0,0,0.0,0.0,0.0,0.0,0,0,0,0,,,,0,False,544,0.0,174,305,-64.7,-5,False,,-70.8,-3,-82.0,-3,-93.1,-3,5.0,0,0,0,0,0.0,0.0,0,4.791,4.203,5.38,-0.209
2026-10-09,2026-10-09T10:03:45+00:00,2026,5,5,487676,534,Hume,Trai,Hume,DEF,20,56,Sunderland,4.3,4.5,-0.2,10,206,4,0,0,1,0,44,2.5,2.3,2.7,38247,410414,0.4863,5.2185,-4.7322,11.5,32.2,59.0,23.0,a,,,,,0.5,0.1,0.5,0.5,1,2,0,2,0,0,0,0,0,0.14,0.29,0.43,4.57,13,10,12,3,,,,0,False,108,-0.1,1621,42739,-12.6,-104,False,,-14.7,-1,-18.5,-1,-22.3,-2,5.0,1566,76,0,0,2.5,17.7,0,4.52,3.933,5.108,0.22
2026-10-09,2026-10-09T10:03:45+00:00,2026,5,5,487838,449,Hall,Lewis,Hall,DEF,17,4,Newcastle,5.3,5.0,0.3,31,449,5,1,1,1,6,127,6.2,5.8,18.5,1784043,363194,22.6844,4.6181,18.0664,30.2,175.6,89.0,38.0,a,,,,,6.5,1.2,6.5,6.5,13,5,0,9,0,0,0,0,0,0.25,0.79,1.04,9.12,46,13,38,33,,1.0,1.0,2,False,21,0.1,370541,35361,19.3,2277,False,,26.8,2,40.4,3,54.0,3,5.0,3412,236,8,8,6.2,38.7,1,6.344,5.752,6.936,1.044
2026-10-09,2026-10-09T10:03:45+00:00,2026,5,5,487992,596,Ruggeri,Matteo,Ruggeri,DEF,2,7,Aston Villa,4.5,4.5,0.0,5,113,3,0,0,0,0,17,1.7,1.1,0.1,3660,5742,0.0465,0.073,-0.0265,4.1,26.0,14.1,1.0,a,,,,,1.5,0.3,1.5,1.5,3,1,0,2,0,0,0,0,0,0.03,0.02,0.05,2.05,16,2,11,14,,,,0,False,425,0.0,1017,478,-56.0,3,False,,-53.0,-3,-47.5,-3,-42.0,-3,5.0,859,38,0,0,1.7,8.4,0,4.362,3.775,4.95,-0.138
2026-10-09,2026-10-09T10:03:45+00:00,2026,5,5,488024,211,Yeremy,Yéremy,Pino Santos,MID,8,31,Crystal Palace,5.5,5.5,0.0,14,307,5,0,2,1,0,70,2.8,2.5,0.3,45466,32254,0.5781,0.4101,0.168,15.8,30.2,94.1,33.0,a,,,,,1.5,0.3,1.5,1.5,2,4,0,6,0,0,0,1,0,0.52,0.55,1.07,6.93,26,5,16,5,,1.0,1.0,0,False,279,0.0,922,3857,4.7,-33,False,,4.4,1,3.8,1,3.3,1,5.0,2333,106,0,15,2.8,19.3,0,5.866,5.275,6.457,0.366
2026-10-09,2026-10-09T10:03:45+00:00,2026,5,5,489580,365,Ramsay,Calvin,Ramsay,DEF,14,14,Liverpool,4.0,4.0,0.0,0,0,0,0,0,0,0,0,0.0,0.0,0.1,638,12856,0.0081,0.1635,-0.1554,0.0,0.0,0.0,0.0,u,Has joined St Mirren on loan for the rest of the season,2026-08-26T14:05:26.748768Z,0.0,0.0,0.0,0.0,0.0,0.0,0,0,0,0,0,0,0,0,0,0.0,0.0,0.0,0.0,0,0,0,0,,,,0,False,436,0.0,0,627,0.0,-3,False,,0.0,0,0.0,0,0.0,0,5.0,0,0,0,0,0.0,0.0,0,4.12,3.532,4.707,0.12
2026-10-09,2026-10-09T10:03:45+00:00,2026,5,5,489639,109,Verbruggen,Bart,Verbruggen,GK,5,36,Brighton,4.5,4.5,0.0,23,450,5,0,0,3,0,107,4.6,5.1,21.5,798550,649692,10.1537,8.261,1.8928,11.7,113.8,3.0,0.0,a,,,,,7.0,1.6,7.0,7.0,6,5,12,5,0,0,0,0,0,0.0,0.2,0.2,8.67,0,0,34,3,,,,0,False,15,0.0,105075,113838,71.7,112,False,,72.7,3,74.5,3,76.3,3,5.0,3420,175,0,0,4.6,38.7,1,5.16,4.568,5.752,0.66
2026-10-09,2026-10-09T10:03:45+00:00,2026,5,5,489706,215,Devenny,Justin,Devenny,MID,8,31,Crystal Palace,5.0,5.0,0.0,0,0,0,0,0,0,0,0,0.0,0.0,0.0,132,961,0.0017,0.0122,-0.0105,0.0,0.0,0.0,0.0,u,Has joined Stoke City permanently,2026-09-02T15:41:07.346849Z,0.0,0.0,0.0,0.0,0.0,0.0,0,0,0,0,0,0,0,0,0,0.0,0.0,0.0,0.0,0,0,0,0,3.0,2.0,,0,False,640,0.0,0,47,0.0,0,False,,0.0,0,0.0,0,0.0,0,5.0,0,0,0,0,0.0,0.0,0,4.788,4.2,5.375,-0.212
2026-10-09,2026-10-09T10:03:45+00:00,2026,5,5,489888,77,Adli,Amine,Adli,MID,3,91,Bournemouth,4.9,5.0,-0.1,0,0,0,0,0,0,0,0,0.0,0.0,0.0,302,2236,0.0038,0.0284,-0.0246,0.0,0.0,0.0,0.0,i,Calf injury - Unknown return date,2026-08-15T16:00:07.590566Z,0.0,0.0,0.0,0.0,0.0,0.0,0,0,0,0,0,0,0,0,0,0.0,0.0,0.0,0.0,0,0,0,0,,,,0,False,597,0.0,33,95,-93.5,0,False,,-93.5,-3,-93.5,-3,-93.5,-3,5.0,0,0,0,0,0.0,0.0,0,4.778,4.189,5.366,-0.122
2026-10-09,2026-10-09T10:03:45+00:00,2026,5,5,490094,240,Iroegbunam,Tim,Iroegbunam,MID,11,88,Hull City,5.0,5.0,0.0,2,70,3,0,0,0,0,10,0.7,0.4,0.0,1131,1178,0.0144,0.015,-0.0006,3.1,9.2,11.5,10.0,a,,2026-08-15T20:00:06.878792Z,100.0,100.0,0.5,0.1,0.5,0.5,1,0,0,0,0,0,0,1,0,0.12,0.01,0.13,0.6,9,3,5,1,,,,0,False,584,0.0,93,164,0.1,0,False,,0.1,1,0.1,1,0.1,1,5.0,532,15,0,0,0.7,3.0,0,4.789,4.202,5.376,-0.211
2026-10-09,2026-10-09T10:03:45+00:00,2026,5,5,490145,528,Scarlett,Dane,Scarlett,FWD,19,6,Spurs,4.5,4.5,0.0,0,0,0,0,0,0,0,0,0.0,0.0,1.1,42525,111714,0.5407,1.4205,-0.8798,0.0,0.0,0.0,0.0,u,Has joined Leyton Orient permanently,2026-09-02T16:02:43.413625Z,0.0,0.0,0.0,0.0,0.0,0.0,0,0,0,0,0,0,0,0,0,0.0,0.0,0.0,0.0,0,0,0,0,,,,0,False,172,0.0,0,10147,0.0,-34,False,,0.0,0,0.0,0,0.0,0,5.0,0,0,0,0,0.0,0.0,0,4.603,4.015,5.192,0.103
2026-10-09,2026-10-09T10:03:45+00:00,2026,5,5,490161,293,Kamara,Abu,Kamara,MID,11,88,Hull City,5.0,5.0,0.0,0,0,0,0,0,0,0,0,0.0,0.0,0.0,0,377,0.0,0.0048,-0.0048,0.0,0.0,0.0,0.0,u,Has joined Portsmouth permanently,2026-08-12T14:08:23.542043Z,0.0,0.0,0.0,0.0,0.0,0.0,0,0,0,0,0,0,0,0,0,0.0,0.0,0.0,0.0,0,0,0,0,,,,0,False,660,0.0,0,15,0.0,0,False,,0.0,0,0.0,0,0.0,0,5.0,0,0,0,0,0.0,0.0,0,4.801,4.214,5.389,-0.199
2026-10-09,2026-10-09T10:03:45+00:00,2026,5,5,490881,436,Collyer,Toby,Collyer,MID,16,1,Man Utd,5.0,5.0,0.0,0,0,0,0,0,0,0,0,0.0,0.0,0.0,150,1058,0.0019,0.0135,-0.0115,0.0,0.0,0.0,0.0,u,Has joined West Brom permanently,2026-09-01T13:16:48.584385Z,0.0,0.0,0.0,0.0,0.0,0.0,0,0,0,0,0,0,0,0,0,0.0,0.0,0.0,0.0,0,0,0,0,,,,0,False,610,0.0,0,51,0.0,0,False,,0.0,0,0.0,0,0.0,0,5.0,0,0,0,0,0.0,0.0,0,4.909,4.321,5.497,-0.091
2026-10-09,2026-10-09T10:03:45+00:00,2026,5,5,490884,617,Cho,Mohamed-Ali,Cho,MID,11,88,Hull City,5.0,5.0,0.0,9,72,4,1,0,0,0,36,2.2,1.8,0.0,1879,801,0.0239,0.0102,0.0137,14.9,49.8,43.9,55.0,a,,,,,3.5,0.7,3.5,3.5,6,0,0,1,0,0,0,0,0,0.79,0.36,1.15,0.98,2,0,1,1,,,,0,False,579,0.0,443,189,0.3,2,False,,0.3,1,0.3,1,0.3,1,5.0,547,68,8,0,2.2,13.7,0,5.559,4.97,6.148,0.559
2026-10-09,2026-10-09T10:03:45+00:00,2026,5,5,491007,163,D.Essugo,Dário,Luís Essugo,MID,6,8,Chelsea,4.5,4.5,0.0,0,0,0,0,0,0,0,0,0.0,0.0,0.1,2698,14634,0.0343,0.1861,-0.1518,0.0,0.0,0.0,0.0,u,Has joined RC Strasbourg on loan for the rest of the season,2026-09-02T16:20:41.865225Z,0.0,0.0,0.0,0.0,0.0,0.0,0,0,0,0,0,0,0,0,0,0.0,0.0,0.0,0.0,0,0,0,0,,,,0,False,434,0.0,0,922,0.0,-4,False,,0.0,0,0.0,0,0.0,0,5.0,0,0,0,0,0.0,0.0,0,4.629,4.041,5.217,0.129
2026-10-09,2026-10-09T10:03:45+00:00,2026,5,5,491279,503,Van de Ven,Micky,van de Ven,DEF,19,6,Spurs,5.0,5.0,0.0,16,360,4,0,0,2,3,69,4.0,3.2,3.8,97873,274037,1.2445,3.4844,-2.24,10.3,75.8,8.7,18.0,a,,2026-08-21T15:00:07.610517Z,100.0,100.0,3.5,0.7,3.5,3.5,1,4,0,5,0,0,0,1,0,0.59,0.05,0.64,3.91,29,5,17,24,,,,0,False,92,0.0,9417,26796,-28.2,-81,False,,-30.2,-2,-33.8,-2,-37.4,-2,5.0,2736,122,0,0,4.0,24.3,0,4.992,4.404,5.581,-0.008
2026-10-09,2026-10-09T10:03:45+00:00,2026,5,5,491501,378,McConnell,James,McConnell,MID,14,14,Liverpool,4.4,4.5,-0.1,0,0,0,0,0,0,0,0,0.0,0.0,0.2,7048,13281,0.0896,0.1689,-0.0793,0.0,0.0,0.0,0.0,a,,,,,0.0,0.0,0.0,0.0,0,0,0,0,0,0,0,0,0,0.0,0.0,0.0,0.0,0,0,0,0,,,,0,False,311,0.0,1173,1824,-7.2,-4,False,,-8.6,-1,-11.1,-1,-13.7,-1,5.0,0,0,0,0,0.0,0.0,0,4.618,4.031,5.206,0.218
2026-10-09,2026-10-09T10:03:45+00:00,2026,5,5,492498,191,Borges Rodrigues,Raphael,Borges Rodrigues,MID,7,9,Coventry City,4.5,4.5,0.0,0,0,0,0,0,0,0,0,0.0,0.0,0.1,1943,11809,0.0247,0.1502,-0.1254,0.0,0.0,0.0,0.0,u,Has joined Burton Albion on loan for the rest of the season,2026-09-02T15:44:14.868001Z,0.0,0.0,0.0,0.0,0.0,0.0,0,0,0,0,0,0,0,0,0,0.0,0.0,0.0,0.0,0,0,0,0,,,,0,False,444,0.0,0,985,0.0,-8,False,,0.0,0,0.0,0,0.0,0,5.0,0,0,0,0,0.0,0.0,0,4.529,3.941,5.116,0.029
2026-10-09,2026-10-09T10:03:45+00:00,2026,5,5,492777,360,Bradley,Conor,Bradley,DEF,14,14,Liverpool,5.0,5.0,0.0,0,0,0,0,0,0,0,0,0.0,0.0,0.0,391,812,0.005,0.0103,-0.0054,0.0,0.0,0.0,0.0,i,Knee injury - Unknown return date,2026-07-23T12:01:23.565711Z,0.0,0.0,0.0,0.0,0.0,0.0,0,0,0,0,0,0,0,0,0,0.0,0.0,0.0,0.0,0,0,0,0,,,,0,False,609,0.0,74,100,-93.8,1,False,,-89.8,-3,-82.4,-3,-75.0,-3,5.0,0,0,0,0,0.0,0.0,0,4.66,4.072,5.248,-0.34
2026-10-09,2026-10-09T10:03:45+00:00,2026,5,5,492859,341,Gnonto,Wilfried,Gnonto,MID,13,2,Leeds,5.0,5.0,0.0,0,0,0,0,0,0,0,0,0.0,0.0,0.0,244,1832,0.0031,0.0233,-0.0202,0.0,0.0,0.0,0.0,u,Has joined ACF Fiorentina on loan for the rest of the season,2026-09-02T16:04:47.189648Z,0.0,0.0,0.0,0.0,0.0,0.0,0,0,0,0,0,0,0,0,0,0.0,0.0,0.0,0.0,0,0,0,0,,,,0,False,627,0.0,0,74,0.0,0,False,,0.0,0,0.0,0,0.0,0,5.0,0,0,0,0,0.0,0.0,0,4.801,4.214,5.389,-0.199
2026-10-09,2026-10-09T10:03:45+00:00,2026,5,5,493105,160,Garnacho,Alejandro,Garnacho Ferreyra,MID,2,7,Aston Villa,5.8,6.0,-0.2,3,31,3,0,0,0,0,9,1.0,0.5,0.3,7670,41760,0.0975,0.531,-0.4335,0.5,1.2,3.6,0.0,a,,,,,0.0,0.0,0.0,0.0,0,0,0,0,0,0,0,0,0,0.0,0.0,0.0,0.49,2,0,2,0,,,,0,False,289,0.0,722,3307,-78.2,-3,False,,-79.0,-3,-80.5,-3,-82.0,-3,5.0,236,23,0,0,1.0,3.9,0,5.329,4.741,5.917,-0.471
2026-10-09,2026-10-09T10:03:45+00:00,2026,5,5,493250,431,Amad,Amad,Diallo,MID,16,1,Man Utd,5.7,6.0,-0.3,0,0,0,0,0,0,0,0,0.0,0.0,0.3,2226,124142,0.0283,1.5785,-1.5502,0.0,0.0,0.0,0.0,i,Unspecified injury - Unknown return date,2026-08-22T11:00:08.617283Z,0.0,0.0,0.0,0.0,0.0,0.0,0,0,0,0,0,0,0,0,0,0.0,0.0,0.0,0.0,0,0,0,0,,,4.0,0,False,296,0.0,184,2421,-22.8,-16,False,,-24.7,-2,-28.0,-2,-31.4,-2,5.0,0,0,0,0,0.0,0.0,0,5.378,4.79,5.966,-0.322
2026-10-09,2026-10-09T10:03:45+00:00,2026,5,5,493362,513,Xavi,Xavi,Simons,MID,19,6,Spurs,5.9,6.0,-0.1,0,0,0,0,0,0,0,0,0.0,0.0,0.0,359,1135,0.0046,0.0144,-0.0099,0.0,0.0,0.0,0.0,i,Knee injury - Unknown return date,2026-07-23T12:01:23.864304Z,0.0,0.0,0.0,0.0,0.0,0.0,0,0,0,0,0,0,0,0,0,0.0,0.0,0.0,0.0,0,0,0,0,,,,0,False,596,0.0,67,94,-17.5,0,False,,-17.5,-1,-17.5,-1,-17.5,-1,5.0,0,0,0,0,0.0,0.0,0,5.404,4.815,5.992,-0.496
2026-10-09,2026-10-09T10:03:45+00:00,2026,5,5,494307,394,Alleyne,Max,Alleyne,DEF,15,43,Man City,5.0,5.0,0.0,0,0,0,0,0,0,0,0,0.0,0.0,0.0,0,620,0.0,0.0079,-0.0079,0.0,0.0,0.0,0.0,u,Has joined Burnley on loan for the rest of the season,2026-08-18T14:11:56.324656Z,0.0,0.0,0.0,0.0,0.0,0.0,0,0,0,0,0,0,0,0,0,0.0,0.0,0.0,0.0,0,0,0,0,,,,0,False,641,0.0,0,22,0.0,0,False,,0.0,0,0.0,0,0.0,0,5.0,0,0,0,0,0.0,0.0,0,4.771,4.182,5.359,-0.229
2026-10-09,2026-10-09T10:03:45+00:00,2026,5,5,494521,61,Truffert,Adrien,Truffert,DEF,3,91,Bournemouth,5.4,5.5,-0.1,10,450,5,0,0,0,2,53,2.0,1.9,3.0,58967,165575,0.7498,2.1053,-1.3555,21.5,104.6,70.5,39.0,a,,,,,2.5,0.5,2.5,2.5,2,5,0,8,0,0,0,1,0,0.11,0.29,0.4,6.95,45,17,24,28,,,,0,False,105,-0.1,7098,17292,-2.3,-19,False,,-2.7,-1,-3.3,-1,-3.9,-1,5.0,3420,76,0,0,2.0,14.1,0,4.807,4.218,5.397,-0.593
2026-10-09,2026-10-09T10:03:45+00:00,2026,5,5,494595,366,Wirtz,Florian,Wirtz,MID,14,14,Liverpool,7.3,7.5,-0.2,18,402,5,0,2,3,0,92,3.6,2.5,5.6,138559,780391,1.7618,9.9228,-8.161,31.4,65.0,147.3,101.0,a,,,,,4.5,0.6,4.5,4.5,6,5,0,4,0,0,0,1,0,1.0,0.4,1.4,4.82,36,8,25,3,4.0,2.0,2.0,0,False,68,0.0,8291,56994,-46.3,-241,False,,-50.3,-3,-57.5,-3,-64.8,-3,5.0,3055,137,0,15,3.6,18.7,0,7.102,6.511,7.693,-0.198
2026-10-09,2026-10-09T10:03:45+00:00,2026,5,5,494928,573,Sanchez,Juanlu,Sánchez,DEF,3,91,Bournemouth,4.4,4.5,-0.1,0,0,0,0,0,0,0,0,0.0,0.0,0.2,1603,7223,0.0204,0.0918,-0.0715,0.0,0.0,0.0,0.0,a,,,,,0.0,0.0,0.0,0.0,0,0,0,0,0,0,0,0,0,0.0,0.0,0.0,0.0,0,0,0,0,,,,0,False,362,0.0,183,566,-15.9,-2,False,,-16.8,-1,-18.3,-1,-19.9,-1,5.0,0,0,0,0,0.0,0.0,0,4.256,3.668,4.844,-0.144
2026-10-09,2026-10-09T10:03:45+00:00,2026,5,5,494950,275,Cartwright,Harvey,Cartwright,GK,11,88,Hull City,4.0,4.0,0.0,0,0,0,0,0,0,0,0,0.0,0.0,0.0,0,338,0.0,0.0043,-0.0043,0.0,0.0,0.0,0.0,u,Has joined Grimsby Town on loan for the rest of the season,2026-07-29T13:00:27.959925Z,0.0,0.0,0.0,0.0,0.0,0.0,0,0,0,0,0,0,0,0,0,0.0,0.0,0.0,0.0,0,0,0,0,,,,0,False,629,0.0,0,36,0.0,0,False,,0.0,0,0.0,0,0.0,0,5.0,0,0,0,0,0.0,0.0,0,3.988,3.4,4.575,-0.012
2026-10-09,2026-10-09T10:03:45+00:00,2026,5,5,496181,638,Norton-Cuffy,Brooke,Norton-Cuffy,DEF,11,88,Hull City,4.0,4.0,0.0,1,34,2,0,0,0,0,3,0.5,0.2,0.2,26093,10906,0.3318,0.1387,0.1931,1.2,2.2,0.6,9.0,d,Hamstring injury - 75% chance of playing,2026-09-21T08:30:09.561308Z,,75.0,0.0,0.0,0.0,0.0,0,0,0,0,0,0,0,1,0,0.05,0.0,0.05,0.3,1,0,4,1,,,,0,False,312,0.0,477,3080,-35.7,-7,False,,-37.3,-2,-40.1,-3,-42.9,-3,5.0,258,8,0,0,0.5,1.9,0,3.995,3.408,4.582,-0.005
2026-10-09,2026-10-09T10:03:45+00:00,2026,5,5,496208,72,Gannon-Doak,Ben,Gannon-Doak,MID,3,91,Bournemouth,4.9,5.0,-0.1,4,12,4,0,0,0,0,15,1.0,0.8,0.1,1688,4771,0.0215,0.0607,-0.0392,2.3,4.0,2.9,16.0,a,,,,,1.0,0.2,1.0,1.0,1,0,0,1,0,0,0,0,0,0.12,0.05,0.17,0.6,7,2,5,0,,,,0,False,485,0.0,188,511,-77.2,0,False,,-77.2,-3,-77.2,-3,-77.2,-3,5.0,91,30,0,0,1.0,6.2,0,4.882,4.293,5.471,-0.018
2026-10-09,2026-10-09T10:03:45+00:00,2026,5,5,496221,210,Wharton,Adam,Wharton,MID,8,31,Crystal Palace,5.4,5.5,-0.1,12,436,5,0,0,1,0,77,2.4,2.2,0.7,29928,49691,0.3805,0.6318,-0.2513,18.9,73.0,97.0,18.0,a,,2026-07-23T12:01:23.498963Z,100.0,100.0,2.0,0.4,2.0,2.0,2,5,0,10,0,0,0,1,0,0.15,0.58,0.73,8.91,41,10,15,16,,,2.0,0,False,211,-0.1,1521,5701,-5.2,-30,False,,-7.5,-1,-11.7,-1,-15.8,-1,5.0,3314,91,0,0,2.4,16.9,0,5.083,4.495,5.672,-0.317
2026-10-09,2026-10-09T10:03:45+00:00,2026,5,5,496661,245,Dibling,Tyler,Dibling,MID,9,11,Everton,5.3,5.5,-0.2,1,24,1,0,0,0,0,10,1.0,0.2,0.0,1208,2712,0.0154,0.0345,-0.0191,5.8,7.2,24.4,26.0,a,,,,,0.5,0.1,0.5,0.5,1,0,0,0,0,0,0,0,0,0.17,0.16,0.33,0.38,0,0,0,0,,,,0,False,549,-0.1,153,213,-0.4,1,False,,0.0,0,0.0,0,0.0,0,5.0,182,8,0,0,1.0,1.4,0,5.078,4.49,5.665,-0.222
2026-10-09,2026-10-09T10:03:45+00:00,2026,5,5,498016,529,Roefs,Robin,Roefs,GK,20,56,Sunderland,4.9,5.0,-0.1,11,450,5,0,0,1,0,41,2.2,2.2,2.4,22570,183065,0.287,2.3277,-2.0407,7.3,73.4,0.0,0.0,a,,,,,1.0,0.2,1.0,1.0,0,5,6,10,0,0,0,0,0,0.0,0.01,0.01,8.66,0,0,35,7,,,,0,False,118,0.0,2721,16940,-20.9,-28,False,,-22.0,-2,-23.9,-2,-25.9,-2,5.0,3420,84,0,0,2.2,17.1,0,4.569,3.98,5.157,-0.331
2026-10-09,2026-10-09T10:03:45+00:00,2026,5,5,498444,583,Chavarria,Pep,Chavarría,DEF,6,8,Chelsea,4.9,5.0,-0.1,5,208,5,0,0,0,0,17,1.0,1.0,0.2,3650,11330,0.0464,0.1441,-0.0977,7.5,30.8,31.4,12.0,a,,,,,1.0,0.2,1.0,1.0,1,1,0,4,0,0,0,0,0,0.04,0.07,0.11,4.1,16,5,7,11,,,,0,False,370,0.0,690,724,-49.6,8,False,,-44.7,-3,-35.7,-2,-26.8,-2,5.0,1581,38,0,0,1.0,7.8,0,4.605,4.017,5.193,-0.295
2026-10-09,2026-10-09T10:03:45+00:00,2026,5,5,499169,7,Lewis-Skelly,Myles,Lewis-Skelly,MID,1,3,Arsenal,5.4,5.5,-0.1,9,271,4,0,0,2,0,37,2.2,1.7,0.6,30193,50827,0.3839,0.6463,-0.2624,7.0,21.6,40.2,16.0,a,,,,,0.5,0.1,0.5,0.5,0,4,0,1,0,0,0,0,0,0.16,0.23,0.39,1.02,14,1,8,5,,,,0,False,239,-0.1,1516,6023,-19.3,-16,False,,-20.8,-2,-23.6,-2,-26.4,-2,5.0,2060,68,0,0,2.2,12.7,0,5.227,4.64,5.815,-0.173
2026-10-09,2026-10-09T10:03:45+00:00,2026,5,5,499175,22,Nwaneri,Ethan,Nwaneri,MID,1,3,Arsenal,5.4,5.5,-0.1,0,0,0,0,0,0,0,0,0.0,0.0,0.0,233,1259,0.003,0.016,-0.013,0.0,0.0,0.0,0.0,u,Has joined Borussia Dortmund on loan for the rest of the season,2026-09-02T16:01:07.058827Z,0.0,0.0,0.0,0.0,0.0,0.0,0,0,0,0,0,0,0,0,0,0.0,0.0,0.0,0.0,0,0,0,0,,,,0,False,632,0.0,0,59,0.0,0,False,,0.0,0,0.0,0,0.0,0,5.0,0,0,0,0,0.0,0.0,0,5.138,4.55,5.726,-0.262
2026-10-09,2026-10-09T10:03:45+00:00,2026,5,5,499300,235,Aznou,Adam,Aznou,DEF,9,11,Everton,4.0,4.0,0.0,0,0,0,0,0,0,0,0,0.0,0.0,0.1,1728,11360,0.022,0.1444,-0.1225,0.0,0.0,0.0,0.0,u,Has joined Malaga on loan for the rest of the season,2026-09-01T13:23:16.934847Z,0.0,0.0,0.0,0.0,0.0,0.0,0,0,0,0,0,0,0,0,0,0.0,0.0,0.0,0.0,0,0,0,0,,,,0,False,432,0.0,0,766,0.0,-4,False,,0.0,0,0.0,0,0.0,0,5.0,0,0,0,0,0.0,0.0,0,4.054,3.466,4.642,0.054
2026-10-09,2026-10-09T10:03:45+00:00,2026,5,5,499309,168,Marc Guiu,Marc,Guiu Paz,FWD,6,8,Chelsea,5.0,5.0,0.0,0,0,0,0,0,0,0,0,0.0,0.0,0.2,4102,33678,0.0522,0.4282,-0.3761,0.0,0.0,0.0,0.0,u,Has joined RB Leipzig permanently,2026-09-01T13:24:48.857362Z,0.0,0.0,0.0,0.0,0.0,0.0,0,0,0,0,0,0,0,0,0,0.0,0.0,0.0,0.0,0,0,0,0,,,,0,False,341,0.0,0,1954,0.0,-11,False,,0.0,0,0.0,0,0.0,0,5.0,0,0,0,0,0.0,0.0,0,4.896,4.307,5.484,-0.104
2026-10-09,2026-10-09T10:03:45+00:00,2026,5,5,499604,67,Rayan,Rayan Vitor,Simplício Rocha,MID,3,91,Bournemouth,6.3,6.5,-0.2,10,434,5,0,0,0,0,45,2.0,1.6,1.5,55150,172616,0.7012,2.1948,-1.4936,18.0,30.4,50.4,99.0,a,,,,,2.0,0.3,2.0,2.0,2,5,0,7,0,0,0,0,0,0.87,0.43,1.3,6.35,15,5,4,6,,,,0,False,146,-0.1,6480,13120,-10.8,-20,False,,-11.5,-1,-12.8,-1,-14.1,-1,5.0,3298,76,0,0,2.0,12.1,0,5.539,4.949,6.129,-0.761
2026-10-09,2026-10-09T10:03:45+00:00,2026,5,5,499716,510,Rowswell,James,Rowswell,DEF,19,6,Spurs,4.0,4.0,0.0,0,0,0,0,0,0,0,0,0.0,0.0,0.1,2931,3552,0.0373,0.0452,-0.0079,0.0,0.0,0.0,0.0,a,,,,,0.0,0.0,0.0,0.0,0,0,0,0,0,0,0,0,0,0.0,0.0,0.0,0.0,0,0,0,0,,,,0,False,435,0.0,202,424,-19.5,0,False,,-19.5,-1,-19.5,-1,-19.5,-1,5.0,0,0,0,0,0.0,0.0,0,4.074,3.487,4.662,0.074
2026-10-09,2026-10-09T10:03:45+00:00,2026,5,5,499721,523,Moore,Mikey,Moore,MID,19,6,Spurs,5.0,5.0,0.0,3,89,2,0,0,0,0,11,1.5,0.6,0.1,3258,17220,0.0414,0.219,-0.1775,7.5,14.2,6.3,56.0,u,Has joined FC Köln on loan for the rest of the season,2026-09-04T12:39:48.098158Z,0.0,0.0,0.0,0.0,0.0,0.0,0,1,0,4,0,0,0,0,0,0.4,0.02,0.42,3.26,3,1,2,0,,,,0,False,493,0.0,0,735,0.0,-6,False,,0.0,0,0.0,0,0.0,0,5.0,676,23,0,0,1.5,4.6,0,4.917,4.33,5.504,-0.083
2026-10-09,2026-10-09T10:03:45+00:00,2026,5,5,499726,524,Olusesi,Callum,Olusesi,MID,19,6,Spurs,4.4,4.5,-0.1,0,0,0,0,0,0,0,0,0.0,0.0,1.0,56100,50844,0.7133,0.6465,0.0668,0.0,0.0,0.0,0.0,a,,,,,0.0,0.0,0.0,0.0,0,0,0,0,0,0,0,0,0,0.0,0.0,0.0,0.0,0,0,0,0,,,,0,False,182,0.0,6484,8999,8.1,-20,False,,8.0,1,7.6,1,7.3,1,5.0,0,0,0,0,0.0,0.0,0,4.587,3.999,5.174,0.187
2026-10-09,2026-10-09T10:03:45+00:00,2026,5,5,500033,636,Ángel,Manuel Ángel,Morán Ibáñez,MID,10,54,Fulham,5.0,5.0,0.0,0,0,0,0,0,0,0,0,0.0,0.0,0.0,378,177,0.0048,0.0023,0.0026,0.0,0.0,0.0,0.0,a,,,,,0.0,0.0,0.0,0.0,0,0,0,0,0,0,0,0,0,0.0,0.0,0.0,0.0,0,0,0,0,,,,0,False,645,0.0,41,35,0.0,0,False,,0.0,0,0.0,0,0.0,0,5.0,0,0,0,0,0.0,0.0,0,4.801,4.214,5.389,-0.199
2026-10-09,2026-10-09T10:03:45+00:00,2026,5,5,500040,11,Mosquera,Cristhian,Mosquera,DEF,1,3,Arsenal,5.3,5.5,-0.2,12,168,2,0,0,2,0,52,6.0,2.3,1.6,32609,471890,0.4146,6.0002,-5.5855,2.7,24.6,2.0,0.0,a,,2026-09-04T14:00:08.080310Z,100.0,100.0,0.0,0.0,0.0,0.0,0,2,0,0,0,0,0,0,0,0.0,0.01,0.01,0.53,10,0,3,10,,,,0,False,139,0.0,2444,13161,-32.1,-49,False,,-35.0,-2,-40.1,-3,-45.3,-3,5.0,1277,91,0,0,6.0,17.2,0,5.328,4.737,5.918,0.028
2026-10-09,2026-10-09T10:03:45+00:00,2026,5,5,500058,382,Danns,Jayden,Danns,FWD,14,14,Liverpool,4.5,4.5,0.0,0,0,0,0,0,0,0,0,0.0,0.0,0.2,24237,10240,0.3082,0.1302,0.178,0.0,0.0,0.0,0.0,a,,2026-07-23T12:01:23.659279Z,100.0,100.0,0.0,0.0,0.0,0.0,0,0,0,0,0,0,0,0,0,0.0,0.0,0.0,0.0,0,0,0,0,,,,0,False,310,0.0,4430,2961,4.0,8,False,,4.1,1,4.2,1,4.4,1,5.0,0,0,0,0,0.0,0.0,0,4.634,4.045,5.222,0.134
2026-10-09,2026-10-09T10:03:45+00:00,2026,5,5,500151,475,Savona,Nicolò,Savona,DEF,18,17,Nott'm Forest,4.5,4.5,0.0,0,0,0,0,0,0,0,0,0.0,0.0,0.0,243,284,0.0031,0.0036,-0.0005,0.0,0.0,0.0,0.0,i,Knee injury - Unknown return date,2026-07-23T12:01:23.816304Z,0.0,0.0,0.0,0.0,0.0,0.0,0,0,0,0,0,0,0,0,0,0.0,0.0,0.0,0.0,0,0,0,0,,,,0,False,653,0.0,23,26,-22.0,0,False,,-22.0,-2,-22.0,-2,-22.0,-2,5.0,0,0,0,0,0.0,0.0,0,4.272,3.685,4.86,-0.228
2026-10-09,2026-10-09T10:03:45+00:00,2026,5,5,500957,298,Destan,Enis,Destan,FWD,11,88,Hull City,4.5,4.5,0.0,0,0,0,0,0,0,0,0,0.0,0.0,0.2,0,22749,0.0,0.2893,-0.2893,0.0,0.0,0.0,0.0,u,Has joined Konyaspor permanently,2026-08-17T13:50:27.145733Z,0.0,0.0,0.0,0.0,0.0,0.0,0,0,0,0,0,0,0,0,0,0.0,0.0,0.0,0.0,0,0,0,0,,,,0,False,356,0.0,0,1796,0.0,-5,False,,0.0,0,0.0,0,0.0,0,5.0,0,0,0,0,0.0,0.0,0,4.521,3.933,5.109,0.021
2026-10-09,2026-10-09T10:03:45+00:00,2026,5,5,501390,309,Núñez,Marcelino,Núñez,MID,12,40,Ipswich Town,4.9,5.0,-0.1,6,140,2,0,0,0,0,32,3.0,1.2,0.1,3135,7871,0.0399,0.1001,-0.0602,5.0,24.6,19.4,6.0,a,,,,,0.0,0.0,0.0,0.0,0,2,0,4,0,0,0,0,0,0.03,0.05,0.08,3.48,21,3,10,8,,1.0,3.0,0,False,414,0.0,118,864,-48.8,-7,False,,-55.4,-3,-67.4,-3,-79.5,-3,5.0,1064,46,0,0,3.0,9.3,0,4.948,4.361,5.535,0.048
2026-10-09,2026-10-09T10:03:45+00:00,2026,5,5,501459,185,Sakamoto,Tatsuhiro,Sakamoto,MID,7,9,Coventry City,4.8,5.0,-0.2,1,31,1,0,0,0,0,8,1.0,0.2,0.1,1032,5892,0.0131,0.0749,-0.0618,1.9,6.2,5.9,7.0,a,,,,,0.0,0.0,0.0,0.0,0,0,0,1,0,0,0,0,0,0.02,0.02,0.04,0.69,4,2,2,0,,,,0,False,479,0.0,142,520,-33.4,-5,False,,-41.1,-3,-55.0,-3,-68.9,-3,5.0,236,8,0,0,1.0,1.6,0,4.757,4.171,5.344,-0.043
2026-10-09,2026-10-09T10:03:45+00:00,2026,5,5,501902,278,Hughes,Charlie,Hughes,DEF,11,88,Hull City,3.9,4.0,-0.1,0,0,0,0,0,0,0,0,0.0,0.0,0.2,17090,13343,0.2173,0.1697,0.0476,0.0,0.0,0.0,0.0,i,Groin injury - Unknown return date,2026-08-02T09:00:11.030017Z,0.0,0.0,0.0,0.0,0.0,0.0,0,0,0,0,0,0,0,0,0,0.0,0.0,0.0,0.0,0,0,0,0,,,,0,False,350,0.0,1301,2376,0.4,-5,False,,0.3,1,0.3,1,0.2,1,5.0,0,0,0,0,0.0,0.0,0,3.988,3.401,4.575,0.088
2026-10-09,2026-10-09T10:03:45+00:00,2026,5,5,502500,106,Thiago,Igor Thiago,Nascimento Rodrigues,FWD,4,94,Brentford,7.8,8.0,-0.2,10,442,5,1,0,2,0,37,2.0,1.3,9.3,311305,1050393,3.9583,13.3559,-9.3976,23.6,48.8,43.6,146.0,a,,,,,3.0,0.4,3.0,3.0,5,5,0,4,0,0,1,2,0,3.13,0.16,3.29,6.25,19,3,12,4,1.0,,,0,False,40,0.0,90882,53485,22.6,632,False,,28.2,2,38.5,2,48.7,3,5.0,3359,76,8,0,2.0,9.7,0,6.965,6.371,7.558,-0.835
2026-10-09,2026-10-09T10:03:45+00:00,2026,5,5,502697,243,Alcaraz,Carlos,Alcaraz Durán,MID,9,11,Everton,4.9,5.0,-0.1,1,5,2,0,0,0,0,5,0.5,0.2,0.1,2903,5959,0.0369,0.0758,-0.0389,2.7,5.0,0.8,25.0,a,,,,,0.0,0.0,0.0,0.0,0,0,0,0,0,0,0,1,0,0.05,0.02,0.07,0.04,3,1,2,0,,,,0,False,458,0.0,202,526,-54.9,-2,False,,-57.6,-3,-62.4,-3,-67.3,-3,5.0,38,8,0,0,0.5,1.6,0,4.823,4.235,5.411,-0.077
2026-10-09,2026-10-09T10:03:45+00:00,2026,5,5,503037,170,Emegha,Emmanuel,Emegha,FWD,6,8,Chelsea,4.9,5.0,-0.1,0,0,0,0,0,0,0,0,0.0,0.0,0.1,6133,12801,0.078,0.1628,-0.0848,0.0,0.0,0.0,0.0,i,Hamstring injury - Expected back 10 Oct,2026-09-09T15:00:09.063849Z,0.0,0.0,0.0,0.0,0.0,0.0,0,0,0,0,0,0,0,0,0,0.0,0.0,0.0,0.0,0,0,0,0,,,,0,False,410,-0.1,133,1294,-2.1,-7,False,,-3.5,-1,-6.0,-1,-8.5,-1,5.0,0,0,0,0,0.0,0.0,0,4.865,4.277,5.454,-0.035
2026-10-09,2026-10-09T10:03:45+00:00,2026,5,5,503139,69,Scott,Alex,Scott,MID,3,91,Bournemouth,6.1,6.0,0.1,30,446,5,1,2,1,5,129,6.0,4.9,5.2,550510,270576,6.9998,3.4404,3.5594,30.5,102.8,146.4,56.0,i,Thigh injury - Unknown return date,2026-10-05T09:30:09.910752Z,,0.0,3.0,0.5,3.0,0.0,2,5,0,7,0,0,0,1,0,0.64,0.42,1.06,6.82,60,9,36,15,,4.0,2.0,1,False,74,0.0,26607,100400,-23.4,-2138,False,,-37.1,-2,-62.2,-3,-87.3,-3,5.0,3390,228,8,15,6.0,37.4,0,7.136,6.543,7.729,1.036
2026-10-09,2026-10-09T10:03:45+00:00,2026,5,5,503301,484,Hutchinson,Omari,Hutchinson,MID,18,17,Nott'm Forest,5.4,5.5,-0.1,0,0,0,0,0,0,0,0,0.0,0.0,0.1,427,11108,0.0054,0.1412,-0.1358,0.0,0.0,0.0,0.0,u,Has joined AC Milan on loan for the rest of the season,2026-09-01T13:23:52.340206Z,0.0,0.0,0.0,0.0,0.0,0.0,0,0,0,0,0,0,0,0,0,0.0,0.0,0.0,0.0,0,0,0,0,,,,0,False,467,0.0,0,480,0.0,0,False,,0.0,0,0.0,0,0.0,0,5.0,0,0,0,0,0.0,0.0,0,5.052,4.465,5.64,-0.348
2026-10-09,2026-10-09T10:03:45+00:00,2026,5,5,505079,252,McNally,Alfie,McNally,GK,10,54,Fulham,4.0,4.0,0.0,0,0,0,0,0,0,0,0,0.0,0.0,0.1,2589,6805,0.0329,0.0865,-0.0536,0.0,0.0,0.0,0.0,u,Has joined York City on loan for the rest of the season,2026-09-01T13:25:11.231240Z,0.0,0.0,0.0,0.0,0.0,0.0,0,0,0,0,0,0,0,0,0,0.0,0.0,0.0,0.0,0,0,0,0,,,,0,False,404,0.0,0,809,0.0,-2,False,,0.0,0,0.0,0,0.0,0,5.0,0,0,0,0,0.0,0.0,0,3.99,3.402,4.577,-0.01
2026-10-09,2026-10-09T10:03:45+00:00,2026,5,5,507433,83,Valdimarsson,Hákon Rafn,Valdimarsson,GK,4,94,Brentford,4.5,4.5,0.0,0,0,0,0,0,0,0,0,0.0,0.0,0.1,2958,4711,0.0376,0.0599,-0.0223,0.0,0.0,0.0,0.0,a,,,,,0.0,0.0,0.0,0.0,0,0,0,0,0,0,0,0,0,0.0,0.0,0.0,0.0,0,0,0,0,,,,0,False,419,0.0,393,461,-81.9,2,False,,-79.9,-3,-76.2,-3,-72.5,-3,5.0,0,0,0,0,0.0,0.0,0,4.214,3.625,4.803,-0.286
2026-10-09,2026-10-09T10:03:45+00:00,2026,5,5,508395,102,Yarmoliuk,Yehor,Yarmoliuk,MID,4,94,Brentford,4.8,5.0,-0.2,9,216,5,0,1,1,0,50,1.8,1.9,0.6,6378,63255,0.0811,0.8043,-0.7232,13.4,53.0,60.5,20.0,a,,,,,3.5,0.7,3.5,3.5,3,2,0,4,0,0,0,1,0,0.1,0.3,0.4,4.58,26,5,14,7,,,,0,False,227,0.0,1925,4905,-23.9,-2,False,,-24.3,-2,-24.9,-2,-25.5,-2,5.0,1642,68,0,8,1.8,14.2,0,5.166,4.577,5.755,0.366
2026-10-09,2026-10-09T10:03:45+00:00,2026,5,5,508479,141,Jörgensen,Filip,Jörgensen,GK,6,8,Chelsea,5.0,5.0,0.0,0,0,0,0,0,0,0,0,0.0,0.0,0.0,0,954,0.0,0.0121,-0.0121,0.0,0.0,0.0,0.0,u,Has joined RC Strasbourg on loan for the rest of the season,2026-08-12T14:07:02.607115Z,0.0,0.0,0.0,0.0,0.0,0.0,0,0,0,0,0,0,0,0,0,0.0,0.0,0.0,0.0,0,0,0,0,,,,0,False,619,0.0,0,36,0.0,0,False,,0.0,0,0.0,0,0.0,0,5.0,0,0,0,0,0.0,0.0,0,4.63,4.042,5.219,-0.37
2026-10-09,2026-10-09T10:03:45+00:00,2026,5,5,509416,129,Ayari,Yasin,Ayari,MID,5,36,Brighton,5.4,5.5,-0.1,15,333,4,1,0,3,0,71,3.8,2.8,0.4,13744,42373,0.1748,0.5388,-0.364,16.9,56.0,48.9,68.0,a,,2026-08-30T18:00:07.935334Z,100.0,100.0,5.5,1.0,5.5,5.5,3,4,0,1,0,0,0,1,0,0.7,0.18,0.88,5.64,21,2,15,4,,2.0,4.0,0,False,275,0.0,3503,2818,-41.1,18,False,,-36.7,-2,-28.5,-2,-20.3,-2,5.0,2531,114,8,0,3.8,21.1,0,5.823,5.235,6.411,0.423
2026-10-09,2026-10-09T10:03:45+00:00,2026,5,5,510281,403,Sávio,Sávio,Moreira de Oliveira,MID,19,6,Spurs,6.5,6.5,0.0,8,240,3,0,0,2,0,66,2.7,1.2,0.6,101392,82583,1.2892,1.0501,0.2392,27.8,51.4,130.0,96.0,a,,2026-08-29T16:30:08.380416Z,100.0,100.0,2.5,0.4,2.5,2.5,2,3,0,3,0,0,0,0,0,0.41,0.7,1.11,2.76,11,0,8,3,,,,0,False,225,0.0,4480,9820,10.9,-35,False,,10.6,1,10.0,1,9.5,1,5.0,1824,61,0,0,2.7,9.4,0,5.809,5.221,6.397,-0.691
2026-10-09,2026-10-09T10:03:45+00:00,2026,5,5,510663,380,Ekitiké,Hugo,Ekitiké,FWD,14,14,Liverpool,7.4,7.5,-0.1,0,0,0,0,0,0,0,0,0.0,0.0,0.1,2768,11457,0.0352,0.1457,-0.1105,0.0,0.0,0.0,0.0,i,Achilles injury - Unknown return date,2026-07-23T12:01:23.643771Z,0.0,0.0,0.0,0.0,0.0,0.0,0,0,0,0,0,0,0,0,0,0.0,0.0,0.0,0.0,0,0,0,0,,,,0,False,406,0.0,496,994,-31.0,-5,False,,-32.7,-2,-35.8,-2,-38.9,-2,5.0,0,0,0,0,0.0,0.0,0,6.339,5.748,6.931,-1.061
2026-10-09,2026-10-09T10:03:45+00:00,2026,5,5,511499,514,Tel,Mathys,Tel,MID,19,6,Spurs,5.7,6.0,-0.3,8,257,4,0,0,1,0,41,2.0,1.4,0.2,9216,47460,0.1172,0.6035,-0.4863,14.6,21.6,52.7,72.0,a,,,,,0.5,0.1,0.5,0.5,0,3,0,4,0,0,0,0,0,0.21,0.23,0.44,5.55,13,1,11,1,,,,0,False,343,-0.1,284,2643,-40.3,-19,False,,-46.1,-3,-56.7,-3,-67.3,-3,5.0,1953,61,0,0,2.0,10.7,0,5.377,4.79,5.965,-0.323
2026-10-09,2026-10-09T10:03:45+00:00,2026,5,5,512123,614,Hadjam,Jaouen,Hadjam,DEF,5,36,Brighton,4.5,4.5,0.0,0,0,0,0,0,0,0,0,0.0,0.0,0.0,4029,1990,0.0512,0.0253,0.0259,0.0,0.0,0.0,0.0,a,,,,,0.0,0.0,0.0,0.0,0,0,0,0,0,0,0,0,0,0.0,0.0,0.0,0.0,0,0,0,0,,,,0,False,509,0.0,290,285,-3.8,-2,False,,-9.2,-1,-18.9,-1,-28.7,-2,5.0,0,0,0,0,0.0,0.0,0,4.272,3.684,4.86,-0.228
2026-10-09,2026-10-09T10:03:45+00:00,2026,5,5,512462,232,O'Brien,Jake,O'Brien,DEF,9,11,Everton,4.8,5.0,-0.2,2,16,2,0,0,0,0,5,1.0,0.4,0.3,4742,25033,0.0603,0.3183,-0.258,0.3,3.0,0.0,0.0,a,,,,,1.0,0.2,1.0,1.0,1,0,0,0,0,0,0,0,0,0.0,0.0,0.0,0.42,2,0,2,2,,,,0,False,299,-0.1,487,1562,-6.4,-9,False,,-8.2,-1,-11.6,-1,-15.0,-1,5.0,122,15,0,0,1.0,3.2,0,4.593,4.005,5.18,-0.207
2026-10-09,2026-10-09T10:03:45+00:00,2026,5,5,513086,93,Schuster,Jannik,Schuster,DEF,4,94,Brentford,4.5,4.5,0.0,21,253,3,0,1,1,3,59,7.0,4.7,0.4,27405,8621,0.3485,0.1096,0.2388,12.0,92.4,11.5,16.0,a,,,,,8.5,1.9,8.5,8.5,14,2,0,3,0,0,0,0,0,0.1,0.54,0.64,4.19,38,3,6,35,,,,1,False,263,0.0,25843,4133,8.4,150,False,,9.8,1,12.2,1,14.6,1,5.0,1923,160,0,8,7.0,35.5,0,5.336,4.741,5.931,0.836
2026-10-09,2026-10-09T10:03:45+00:00,2026,5,5,513418,94,Schade,Kevin,Schade,MID,4,94,Brentford,6.2,6.0,0.2,39,447,5,3,2,2,6,138,7.8,6.3,13.2,1186858,269104,15.0911,3.4217,11.6694,35.4,146.2,48.0,160.0,a,,,,,12.0,1.9,12.0,12.0,9,5,0,4,0,0,0,0,0,1.52,0.32,1.84,6.32,34,7,21,6,2.0,,,1,True,31,0.1,567003,49100,37.2,3625,False,,49.0,3,70.7,3,92.4,3,5.0,3397,296,23,15,7.8,38.7,1,8.248,7.644,8.851,2.048
2026-10-09,2026-10-09T10:03:45+00:00,2026,5,5,513466,246,Röhl,Merlin,Röhl,MID,9,11,Everton,4.9,5.0,-0.1,6,249,3,0,0,1,0,35,2.0,1.2,0.0,1963,4871,0.025,0.0619,-0.037,6.1,26.6,32.1,2.0,i,Unspecified injury - Expected back 11 Oct,2026-09-16T18:00:09.541933Z,0.0,0.0,0.0,0.0,0.0,0.0,0,3,0,2,0,0,0,1,0,0.0,0.2,0.2,4.52,24,5,13,6,,,,0,False,534,0.0,8,771,-62.8,-4,False,,-67.2,-3,-75.1,-3,-83.0,-3,5.0,1892,46,0,0,2.0,9.3,0,4.855,4.267,5.443,-0.045
2026-10-09,2026-10-09T10:03:45+00:00,2026,5,5,513545,565,M.Sangaré,Mamadou,Sangaré,MID,4,94,Brentford,5.6,5.5,0.1,22,321,5,0,2,1,3,76,4.4,3.9,9.5,1230397,863022,15.6447,10.9735,4.6712,17.1,76.4,57.8,40.0,a,,,,,2.0,0.4,2.0,2.0,0,4,0,3,0,0,0,2,0,0.41,0.65,1.06,4.31,48,14,22,12,,,,1,False,39,-0.1,11109,181133,-45.6,-903,False,,-50.7,-3,-60.1,-3,-69.5,-3,5.0,2440,167,0,15,4.4,29.9,0,6.269,5.676,6.862,0.669
2026-10-09,2026-10-09T10:03:45+00:00,2026,5,5,514254,127,Gomez,Diego,Gómez Amarilla,MID,5,36,Brighton,5.0,5.0,0.0,24,433,5,0,3,3,0,80,4.8,4.8,3.8,339524,315338,4.3171,4.0096,0.3075,31.4,84.2,103.4,126.0,a,,,,,5.5,1.1,5.5,5.5,8,5,0,5,0,0,0,0,0,0.79,0.78,1.57,8.49,36,13,16,7,,5.0,,0,False,89,0.0,17017,53707,32.6,-80,False,,31.9,2,30.6,2,29.3,2,5.0,3291,182,0,23,4.8,36.5,0,6.298,5.7,6.896,1.298
2026-10-09,2026-10-09T10:03:45+00:00,2026,5,5,514356,161,Lavia,Roméo,Lavia,MID,6,8,Chelsea,5.0,5.0,0.0,11,258,4,1,0,0,0,61,2.8,2.2,0.2,26073,16135,0.3315,0.2052,0.1264,16.1,65.8,29.1,66.0,a,,,,,1.0,0.2,1.0,1.0,0,4,0,8,0,0,0,1,0,0.75,0.11,0.86,5.06,31,6,15,10,,,,0,False,328,0.0,698,3025,4.9,-14,False,,4.8,1,4.6,1,4.4,1,5.0,1961,84,8,0,2.8,16.7,0,5.607,5.019,6.196,0.607
2026-10-09,2026-10-09T10:03:45+00:00,2026,5,5,514514,381,Koumas,Lewis,Koumas,MID,14,14,Liverpool,5.0,5.0,0.0,3,22,3,0,0,0,0,14,1.0,0.6,0.0,920,1444,0.0117,0.0184,-0.0067,2.9,4.2,0.5,24.0,a,,,,,0.5,0.1,0.5,0.5,1,0,0,0,0,0,0,0,0,0.28,0.0,0.28,0.72,1,0,1,0,,,,0,False,537,0.0,241,243,-92.7,0,False,,-92.7,-3,-92.7,-3,-92.7,-3,5.0,167,23,0,0,1.0,4.6,0,4.981,4.393,5.569,-0.019
2026-10-09,2026-10-09T10:03:45+00:00,2026,5,5,515046,531,Ellborg,Melker,Ellborg,GK,20,56,Sunderland,4.4,4.5,-0.1,0,0,0,0,0,0,0,0,0.0,0.0,0.1,1222,3411,0.0155,0.0434,-0.0278,0.0,0.0,0.0,0.0,a,,,,,0.0,0.0,0.0,0.0,0,0,0,0,0,0,0,0,0,0.0,0.0,0.0,0.0,0,0,0,0,,,,0,False,445,-0.1,183,330,-0.1,0,False,,-0.1,-1,-0.1,-1,-0.1,-1,5.0,0,0,0,0,0.0,0.0,0,4.232,3.645,4.82,-0.168
2026-10-09,2026-10-09T10:03:45+00:00,2026,5,5,515597,35,Bogarde,Lamare,Bogarde,MID,2,7,Aston Villa,4.9,5.0,-0.1,1,16,1,0,0,0,0,3,1.0,0.2,0.1,2946,4853,0.0375,0.0617,-0.0242,0.3,2.2,0.5,0.0,a,,,,,0.0,0.0,0.0,0.0,0,0,0,0,0,0,0,0,0,0.0,0.0,0.0,0.22,1,0,0,1,,,,0,False,480,-0.1,205,525,-5.6,-2,False,,-7.1,-1,-9.9,-1,-12.6,-1,5.0,122,8,0,0,1.0,1.6,0,4.776,4.189,5.364,-0.124
2026-10-09,2026-10-09T10:03:45+00:00,2026,5,5,515621,206,Chadi Riad,Chadi,Riad Dnanou,DEF,8,31,Crystal Palace,4.3,4.5,-0.2,1,72,1,0,0,0,0,7,1.0,0.2,0.0,660,5741,0.0084,0.073,-0.0646,1.4,12.6,1.3,0.0,i,Knee injury - Unknown return date,2026-08-22T18:00:07.352049Z,0.0,0.0,0.0,0.0,0.0,0.0,0,1,0,2,0,0,0,0,0,0.0,0.01,0.01,0.98,7,1,3,6,,,,0,False,574,-0.1,36,190,-8.5,0,False,,-8.5,-1,-8.5,-1,-8.5,-1,5.0,547,8,0,0,1.0,1.8,0,4.195,3.608,4.783,-0.105
2026-10-09,2026-10-09T10:03:45+00:00,2026,5,5,516895,432,Mainoo,Kobbie,Mainoo,MID,16,1,Man Utd,5.5,5.5,0.0,22,354,5,0,1,0,2,102,4.4,4.0,1.5,95766,73074,1.2177,0.9291,0.2885,19.3,83.2,88.8,21.0,d,Unspecified injury - 75% chance of playing,2026-09-21T13:00:09.169862Z,,75.0,4.0,0.7,4.0,3.0,4,4,0,4,0,0,0,0,0,0.3,0.52,0.82,4.77,56,6,40,10,,,,0,False,149,0.0,8672,20797,12.4,-134,False,,11.2,1,9.0,1,6.9,1,5.0,2690,167,0,8,4.4,30.4,0,5.96,5.368,6.551,0.46
2026-10-09,2026-10-09T10:03:45+00:00,2026,5,5,517052,166,N.Jackson,Nicolas,Jackson,FWD,2,7,Aston Villa,6.5,6.5,0.0,10,286,4,1,0,1,1,52,2.5,1.5,1.7,203810,89234,2.5915,1.1346,1.4569,15.4,42.8,36.8,76.0,a,,,,,3.0,0.5,3.0,3.0,6,4,0,2,0,0,0,2,0,0.68,0.6,1.28,2.75,9,0,8,1,2.0,,,0,False,134,0.0,58548,12294,65.7,550,False,,70.5,3,79.4,3,88.4,3,5.0,2174,76,8,0,2.5,11.7,0,6.224,5.635,6.814,-0.276
2026-10-09,2026-10-09T10:03:45+00:00,2026,5,5,519324,624,Cozier-Duberry,Amario,Cozier-Duberry,MID,5,36,Brighton,5.0,5.0,0.0,0,0,0,0,0,0,0,0,0.0,0.0,0.0,117,114,0.0015,0.0014,0.0,0.0,0.0,0.0,0.0,u,Has joined Middlesbrough on loan for the rest of the season,2026-09-02T15:38:15.552951Z,0.0,0.0,0.0,0.0,0.0,0.0,0,0,0,0,0,0,0,0,0,0.0,0.0,0.0,0.0,0,0,0,0,,,,0,False,666,0.0,0,6,0.0,0,False,,0.0,0,0.0,0,0.0,0,5.0,0,0,0,0,0.0,0.0,0,4.801,4.213,5.389,-0.199
2026-10-09,2026-10-09T10:03:45+00:00,2026,5,5,519440,361,Lucky,Wellity,Lucky,DEF,14,14,Liverpool,4.0,4.0,0.0,0,0,0,0,0,0,0,0,0.0,0.0,0.1,3922,5925,0.0499,0.0753,-0.0255,0.0,0.0,0.0,0.0,a,,,,,0.0,0.0,0.0,0.0,0,0,0,0,0,0,0,0,0,0.0,0.0,0.0,0.0,0,0,0,0,,,,0,False,395,0.0,345,700,-61.1,-1,False,,-62.0,-3,-63.7,-3,-65.4,-3,5.0,0,0,0,0,0.0,0.0,0,4.12,3.532,4.707,0.12
2026-10-09,2026-10-09T10:03:45+00:00,2026,5,5,519634,537,Seelt,Jenson,Seelt,DEF,20,56,Sunderland,4.5,4.5,0.0,0,0,0,0,0,0,0,0,0.0,0.0,0.0,61,673,0.0008,0.0086,-0.0078,0.0,0.0,0.0,0.0,u,Has joined Swansea City on loan for the rest of the season,2026-08-29T00:34:52.425076Z,0.0,0.0,0.0,0.0,0.0,0.0,0,0,0,0,0,0,0,0,0,0.0,0.0,0.0,0.0,0,0,0,0,,,,0,False,637,0.0,0,31,0.0,0,False,,0.0,0,0.0,0,0.0,0,5.0,0,0,0,0,0.0,0.0,0,4.272,3.685,4.86,-0.228
2026-10-09,2026-10-09T10:03:45+00:00,2026,5,5,519913,438,Fletcher,Tyler,Fletcher,MID,16,1,Man Utd,4.4,4.5,-0.1,0,0,0,0,0,0,0,0,0.0,0.0,0.3,10877,17351,0.1383,0.2206,-0.0823,0.0,0.0,0.0,0.0,a,,,,,0.0,0.0,0.0,0.0,0,0,0,0,0,0,0,0,0,0.0,0.0,0.0,0.0,0,0,0,0,,,,0,False,283,0.0,2808,2582,0.4,-3,False,,0.3,1,0.3,1,0.2,1,5.0,0,0,0,0,0.0,0.0,0,4.615,4.027,5.203,0.215
2026-10-09,2026-10-09T10:03:45+00:00,2026,5,5,522047,334,Muharemović,Tarik,Muharemović,DEF,13,2,Leeds,5.0,5.0,0.0,27,450,5,0,1,2,0,101,5.4,5.4,4.4,323722,186438,4.1162,2.3706,1.7456,20.2,147.4,13.6,41.0,a,,,,,6.5,1.3,6.5,6.5,6,5,0,3,0,0,0,0,0,0.49,0.05,0.54,6.46,58,5,16,53,,,,0,False,80,0.0,52437,37554,42.1,-27,False,,41.8,3,41.4,3,41.0,3,5.0,3420,205,0,8,5.4,38.7,1,5.493,4.9,6.085,0.493
2026-10-09,2026-10-09T10:03:45+00:00,2026,5,5,523700,608,Jebbison,Daniel,Jebbison,FWD,3,91,Bournemouth,5.0,5.0,0.0,3,31,3,0,0,0,0,13,1.0,0.6,0.1,13544,7466,0.1722,0.0949,0.0773,2.6,3.6,1.6,21.0,a,,,,,0.5,0.1,0.5,0.5,1,0,0,2,0,0,0,0,0,0.1,0.0,0.1,0.61,1,0,1,0,,,,0,False,402,0.0,1181,1111,0.6,1,False,,0.7,1,0.7,1,0.7,1,5.0,236,23,0,0,1.0,4.6,0,4.859,4.27,5.448,-0.141
2026-10-09,2026-10-09T10:03:45+00:00,2026,5,5,524180,602,Humphreys,Cameron,Humphreys,MID,12,40,Ipswich Town,4.5,4.5,0.0,0,0,0,0,0,0,0,0,0.0,0.0,0.0,2861,3268,0.0364,0.0416,-0.0052,0.0,0.0,0.0,0.0,u,Has joined Huddersfield Town on loan for the rest of the season,2026-09-02T16:04:17.524642Z,0.0,0.0,0.0,0.0,0.0,0.0,0,0,0,0,0,0,0,0,0,0.0,0.0,0.0,0.0,0,0,0,0,,,,0,False,568,0.0,0,274,0.0,0,False,,0.0,0,0.0,0,0.0,0,5.0,0,0,0,0,0.0,0.0,0,4.527,3.94,5.114,0.027
2026-10-09,2026-10-09T10:03:45+00:00,2026,5,5,531442,315,Fatawu,Abdul,Fatawu,MID,12,40,Ipswich Town,5.4,5.5,-0.1,8,352,5,0,1,0,0,71,1.6,1.5,0.1,5377,14192,0.0684,0.1805,-0.1121,24.0,64.8,133.7,41.0,s,Suspended until 17 Oct,2026-09-19T15:30:10.126897Z,,0.0,0.0,0.0,0.0,0.0,-1,5,0,10,0,0,0,2,1,0.17,1.11,1.28,7.79,28,9,11,8,,,2.0,0,False,371,0.0,75,3348,-50.4,-21,False,,-55.2,-3,-63.9,-3,-72.6,-3,5.0,2675,61,0,8,1.6,11.3,0,5.335,4.746,5.924,-0.065
2026-10-09,2026-10-09T10:03:45+00:00,2026,5,5,532529,123,Hinshelwood,Jack,Hinshelwood,MID,5,36,Brighton,5.9,6.0,-0.1,16,63,1,2,0,1,3,54,16.0,2.7,0.5,148012,217760,1.882,2.7689,-0.8869,14.5,72.8,13.4,59.0,i,Ankle injury - Expected back 10 Oct,2026-08-27T19:30:07.780933Z,0.0,0.0,0.0,0.0,0.0,0.0,0,1,0,0,0,0,0,0,0,1.41,0.02,1.43,0.19,3,2,1,0,,,,1,False,242,0.0,391,8534,-50.3,-44,False,,-53.0,-3,-58.0,-3,-62.9,-3,5.0,479,122,15,0,9.1,20.6,1,7.037,6.44,7.634,1.137
2026-10-09,2026-10-09T10:03:45+00:00,2026,5,5,532605,162,Andrey Santos,Andrey,Nascimento dos Santos,MID,16,1,Man Utd,4.8,5.0,-0.2,4,82,3,0,0,0,0,23,1.3,0.8,0.6,22394,75033,0.2847,0.9541,-0.6693,3.9,24.8,5.5,8.0,a,,,,,0.0,0.0,0.0,0.0,0,1,0,4,0,0,0,0,0,0.0,0.24,0.24,2.03,18,4,7,7,,,,0,False,241,0.0,1197,6414,-65.4,-25,False,,-69.7,-3,-77.4,-3,-85.1,-3,5.0,623,30,0,0,1.3,6.3,0,4.933,4.345,5.52,0.133
2026-10-09,2026-10-09T10:03:45+00:00,2026,5,5,533463,95,O.Dango,Dango,Ouattara,MID,4,94,Brentford,6.3,6.5,-0.2,7,179,5,0,0,1,0,34,1.4,1.1,0.4,15583,83545,0.1981,1.0623,-0.8641,10.8,25.4,59.3,23.0,a,,,,,1.0,0.2,1.0,1.0,1,2,0,1,0,0,0,0,0,0.09,0.39,0.48,2.81,28,2,17,9,,,4.0,0,False,261,0.0,1222,4966,-62.0,-10,False,,-63.9,-3,-67.5,-3,-71.1,-3,5.0,1360,53,0,0,1.4,8.4,0,5.573,4.984,6.162,-0.727
2026-10-09,2026-10-09T10:03:45+00:00,2026,5,5,533646,647,Osorio,Darío,Osorio,MID,8,31,Crystal Palace,5.5,5.5,0.0,1,1,1,0,0,0,0,2,1.0,0.2,0.0,956,428,0.0122,0.0054,0.0067,0.2,2.0,0.3,0.0,a,,,,,0.0,0.0,0.0,0.0,0,0,0,0,0,0,0,0,0,0.0,0.0,0.0,0.13,1,1,0,0,,,,0,False,621,0.0,37,92,-83.8,0,False,,-83.8,-3,-83.8,-3,-83.8,-3,5.0,8,8,0,0,1.0,1.4,0,5.097,4.509,5.685,-0.403
2026-10-09,2026-10-09T10:03:45+00:00,2026,5,5,534392,299,Burstow,Mason,Burstow,FWD,11,88,Hull City,4.5,4.5,0.0,0,0,0,0,0,0,0,0,0.0,0.0,0.0,0,3127,0.0,0.0398,-0.0398,0.0,0.0,0.0,0.0,u,Has joined Sheffield Wednesday on loan for the rest of the season,2026-08-03T14:05:20.234842Z,0.0,0.0,0.0,0.0,0.0,0.0,0,0,0,0,0,0,0,0,0,0.0,0.0,0.0,0.0,0,0,0,0,,,,0,False,540,0.0,0,277,0.0,-1,False,,0.0,0,0.0,0,0.0,0,5.0,0,0,0,0,0.0,0.0,0,4.517,3.93,5.105,0.017
2026-10-09,2026-10-09T10:03:45+00:00,2026,5,5,535301,131,Baleba,Carlos,Baleba,MID,16,1,Man Utd,4.9,5.0,-0.1,0,0,0,0,0,0,0,0,0.0,0.0,0.1,7747,14631,0.0985,0.186,-0.0875,0.0,0.0,0.0,0.0,a,,2026-08-06T16:00:10.997714Z,50.0,100.0,0.0,0.0,0.0,0.0,0,0,0,0,0,0,0,0,0,0.0,0.0,0.0,0.0,0,0,0,0,,,,0,False,380,0.0,2308,990,0.4,17,False,,0.6,1,0.8,1,1.1,1,5.0,0,0,0,0,0.0,0.0,0,4.882,4.295,5.47,-0.018
2026-10-09,2026-10-09T10:03:45+00:00,2026,5,5,535818,546,Adingra,Simon,Adingra,MID,20,56,Sunderland,4.9,5.0,-0.1,0,0,0,0,0,0,0,0,0.0,0.0,0.0,240,7477,0.0031,0.0951,-0.092,0.0,0.0,0.0,0.0,u,Has joined Ajax on loan for the rest of the season,2026-08-20T14:00:08.416985Z,0.0,0.0,0.0,0.0,0.0,0.0,0,0,0,0,0,0,0,0,0,0.0,0.0,0.0,0.0,0,0,0,0,,,,0,False,561,0.0,0,249,0.0,0,False,,0.0,0,0.0,0,0.0,0,5.0,0,0,0,0,0.0,0.0,0,4.773,4.186,5.36,-0.127
2026-10-09,2026-10-09T10:03:45+00:00,2026,5,5,535928,376,Bajcetic,Stefan,Bajčetić Maquieira,MID,14,14,Liverpool,5.0,5.0,0.0,0,0,0,0,0,0,0,0,0.0,0.0,0.0,19,108,0.0002,0.0014,-0.0011,0.0,0.0,0.0,0.0,u,Has joined Celta Vigo permanently,2026-07-23T12:01:23.628373Z,0.0,0.0,0.0,0.0,0.0,0.0,0,0,0,0,0,0,0,0,0,0.0,0.0,0.0,0.0,0,0,0,0,,,,0,False,663,0.0,0,4,0.0,0,False,,0.0,0,0.0,0,0.0,0,5.0,0,0,0,0,0.0,0.0,0,4.914,4.326,5.502,-0.086
2026-10-09,2026-10-09T10:03:45+00:00,2026,5,5,536661,551,N.Angulo,Nilson,Angulo,MID,20,56,Sunderland,5.0,5.0,0.0,16,313,5,1,1,1,0,67,3.2,3.2,0.1,12986,10803,0.1651,0.1374,0.0278,15.7,72.2,38.3,47.0,a,,,,,3.0,0.6,3.0,3.0,4,5,0,7,0,0,0,1,0,0.6,0.13,0.73,4.56,24,5,14,5,,,,0,False,394,0.0,707,1015,1.5,0,False,,1.5,1,1.5,1,1.5,1,5.0,2379,122,8,8,3.2,24.3,0,5.935,5.347,6.523,0.935
2026-10-09,2026-10-09T10:03:45+00:00,2026,5,5,536694,217,M.França,Matheus,França de Oliveira,MID,8,31,Crystal Palace,4.9,5.0,-0.1,0,0,0,0,0,0,0,0,0.0,0.0,0.0,1007,3488,0.0128,0.0444,-0.0315,0.0,0.0,0.0,0.0,u,Has joined Alverca on loan for the rest of the season,2026-09-11T14:42:19.322912Z,0.0,0.0,0.0,0.0,0.0,0.0,0,0,0,0,0,0,0,0,0,0.0,0.0,0.0,0.0,0,0,0,0,,,,0,False,608,0.0,0,206,0.0,0,False,,0.0,0,0.0,0,0.0,0,5.0,0,0,0,0,0.0,0.0,0,4.759,4.171,5.347,-0.141
2026-10-09,2026-10-09T10:03:45+00:00,2026,5,5,536916,128,Buonanotte,Facundo,Buonanotte,MID,5,36,Brighton,5.0,5.0,0.0,0,0,0,0,0,0,0,0,0.0,0.0,0.0,0,333,0.0,0.0042,-0.0042,0.0,0.0,0.0,0.0,u,Has joined Elche on loan for the rest of the season,2026-08-10T14:03:07.561436Z,0.0,0.0,0.0,0.0,0.0,0.0,0,0,0,0,0,0,0,0,0,0.0,0.0,0.0,0.0,0,0,0,0,,,,0,False,658,0.0,0,10,0.0,0,False,,0.0,0,0.0,0,0.0,0,5.0,0,0,0,0,0.0,0.0,0,4.801,4.213,5.389,-0.199
2026-10-09,2026-10-09T10:03:45+00:00,2026,5,5,538007,594,David,Promise,David,FWD,5,36,Brighton,5.9,6.0,-0.1,1,23,2,0,0,0,0,-4,0.5,0.2,0.2,15740,23003,0.2001,0.2925,-0.0924,0.4,0.0,3.7,4.0,a,,,,,0.0,0.0,0.0,0.0,0,0,0,0,0,0,0,1,0,0.42,0.0,0.42,0.14,0,0,0,0,2.0,,,0,False,322,-0.1,3878,2730,0.8,8,False,,0.9,1,1.0,1,1.1,1,5.0,175,8,0,0,0.5,1.3,0,5.31,4.721,5.898,-0.59
2026-10-09,2026-10-09T10:03:45+00:00,2026,5,5,538207,465,Osula,William,Osula,FWD,17,4,Newcastle,5.8,6.0,-0.2,4,55,1,0,1,0,0,18,4.0,0.7,0.3,21499,87401,0.2734,1.1113,-0.838,5.0,28.2,13.7,8.0,d,Foot injury - 50% chance of playing,2026-08-25T19:00:08.004915Z,0.0,50.0,0.0,0.0,0.0,0.0,0,1,0,1,0,0,0,0,0,0.06,0.14,0.2,1.48,5,1,2,2,1.0,4.0,,0,False,293,-0.1,176,3096,-0.0,0,False,2026-10-16T20:30:11.173862Z,-0.0,0,-0.0,0,-0.0,0,5.0,418,30,0,8,4.0,5.2,0,5.854,5.264,6.444,0.054
2026-10-09,2026-10-09T10:03:45+00:00,2026,5,5,538638,479,Bindon,Tyler,Bindon,DEF,18,17,Nott'm Forest,4.0,4.0,0.0,0,0,0,0,0,0,0,0,0.0,0.0,0.1,799,8857,0.0102,0.1126,-0.1025,0.0,0.0,0.0,0.0,u,Has joined Charlton Athletic on loan for the rest of the season,2026-09-01T13:16:05.383880Z,0.0,0.0,0.0,0.0,0.0,0.0,0,0,0,0,0,0,0,0,0,0.0,0.0,0.0,0.0,0,0,0,0,,,,0,False,408,0.0,0,727,0.0,-3,False,,0.0,0,0.0,0,0.0,0,5.0,0,0,0,0,0.0,0.0,0,4.007,3.42,4.594,0.007
2026-10-09,2026-10-09T10:03:45+00:00,2026,5,5,539142,182,Amenda,Aurèle,Amenda,DEF,7,9,Coventry City,4.0,4.0,0.0,4,360,4,0,0,0,0,-3,1.0,1.0,0.6,11502,35797,0.1463,0.4552,-0.3089,9.4,62.8,14.5,15.0,i,Calf injury - Unknown return date,2026-09-17T07:30:09.329041Z,25.0,0.0,0.0,0.0,0.0,0.0,0,4,0,10,0,0,0,1,0,0.02,0.39,0.41,7.53,24,1,11,23,,,,0,False,234,0.0,57,8895,-67.5,-64,False,,-71.1,-3,-77.8,-3,-84.5,-3,5.0,2736,30,0,0,1.0,7.6,0,3.892,3.303,4.481,-0.108
2026-10-09,2026-10-09T10:03:45+00:00,2026,5,5,540324,286,Belloumi,Mohamed,Belloumi,MID,11,88,Hull City,5.1,5.0,0.1,31,394,5,2,2,3,2,111,6.2,6.1,5.5,543298,97792,6.9081,1.2434,5.6647,32.5,157.8,67.5,100.0,a,,,,,8.5,1.7,8.5,8.5,4,5,0,3,0,0,0,1,0,0.72,0.43,1.15,6.44,44,16,14,14,,2.0,2.0,1,False,72,0.0,113362,37754,48.2,567,False,,53.3,3,62.4,3,71.6,3,5.0,2994,236,15,15,6.2,38.7,1,7.071,6.477,7.664,1.971
2026-10-09,2026-10-09T10:03:45+00:00,2026,5,5,543158,568,Barco,Valentín,Barco,MID,6,8,Chelsea,5.4,5.5,-0.1,3,115,3,0,0,0,0,29,1.0,0.6,0.1,3221,7142,0.041,0.0908,-0.0499,3.0,12.8,7.2,11.0,a,,,,,1.0,0.2,1.0,1.0,2,1,0,3,0,0,0,1,0,0.07,0.11,0.18,2.83,12,3,5,4,,,,0,False,391,0.0,298,575,-18.2,-6,False,,-22.7,-2,-30.8,-2,-38.9,-2,5.0,874,23,0,0,1.0,4.2,0,5.141,4.554,5.729,-0.259
2026-10-09,2026-10-09T10:03:45+00:00,2026,5,5,543295,99,Milambo,Antoni,Milambo,MID,4,94,Brentford,5.0,5.0,0.0,0,0,0,0,0,0,0,0,0.0,0.0,0.0,120,161,0.0015,0.002,-0.0005,0.0,0.0,0.0,0.0,i,Knee injury - Unknown return date,2026-07-23T12:01:23.384798Z,0.0,0.0,0.0,0.0,0.0,0.0,0,0,0,0,0,0,0,0,0,0.0,0.0,0.0,0.0,0,0,0,0,,,,0,False,657,0.0,11,9,-41.9,0,False,,-41.9,-3,-41.9,-3,-41.9,-3,5.0,0,0,0,0,0.0,0.0,0,4.759,4.17,5.347,-0.241
2026-10-09,2026-10-09T10:03:45+00:00,2026,5,5,543968,316,Emersonn,Emersonn,Correia da Silva,FWD,12,40,Ipswich Town,5.5,5.5,0.0,26,317,5,2,1,0,6,110,5.2,4.7,3.9,343239,149222,4.3643,1.8974,2.467,25.3,98.8,50.4,104.0,a,,2026-08-31T09:30:08.306145Z,100.0,100.0,7.0,1.3,7.0,7.0,2,5,0,6,0,0,0,0,0,1.61,0.12,1.73,4.29,10,3,4,3,2.0,,,1,False,88,0.0,59541,29948,98.3,378,False,,101.7,5,107.8,5,113.9,5,5.0,2409,198,15,8,5.2,35.9,0,6.993,6.402,7.584,1.493
2026-10-09,2026-10-09T10:03:45+00:00,2026,5,5,544877,358,Kerkez,Milos,Kerkez,DEF,14,14,Liverpool,5.3,5.5,-0.2,13,385,5,0,0,2,0,63,2.6,2.5,2.2,48448,192319,0.616,2.4454,-1.8293,13.7,75.4,47.3,14.0,a,,,,,3.5,0.7,3.5,3.5,6,4,0,4,0,0,0,2,0,0.07,0.08,0.15,5.65,30,8,10,22,,,,0,False,123,-0.1,3431,14947,-3.0,-70,False,,-4.7,-1,-7.9,-1,-11.1,-1,5.0,2926,99,0,0,2.6,18.6,0,5.027,4.439,5.615,-0.273
2026-10-09,2026-10-09T10:03:45+00:00,2026,5,5,545477,451,A.Murphy,Alex,Murphy,DEF,17,4,Newcastle,4.0,4.0,0.0,0,0,0,0,0,0,0,0,0.0,0.0,0.1,0,7033,0.0,0.0894,-0.0894,0.0,0.0,0.0,0.0,u,Has joined FC Kaiserslautern on loan for the rest of the season,2026-08-12T14:05:29.224600Z,0.0,0.0,0.0,0.0,0.0,0.0,0,0,0,0,0,0,0,0,0,0.0,0.0,0.0,0.0,0,0,0,0,,,,0,False,491,0.0,0,382,0.0,-1,False,,0.0,0,0.0,0,0.0,0,5.0,0,0,0,0,0.0,0.0,0,4.023,3.435,4.611,0.023
2026-10-09,2026-10-09T10:03:45+00:00,2026,5,5,546600,554,Van Oevelen,Kayne,van Oevelen,GK,12,40,Ipswich Town,4.5,4.5,0.0,0,0,0,0,0,0,0,0,0.0,0.0,0.0,54,1991,0.0007,0.0253,-0.0246,0.0,0.0,0.0,0.0,u,Has joined Valencia on loan for the rest of the season,2026-08-25T14:04:09.529320Z,0.0,0.0,0.0,0.0,0.0,0.0,0,0,0,0,0,0,0,0,0,0.0,0.0,0.0,0.0,0,0,0,0,,,,0,False,585,0.0,0,117,0.0,0,False,,0.0,0,0.0,0,0.0,0,5.0,0,0,0,0,0.0,0.0,0,4.255,3.668,4.843,-0.245
2026-10-09,2026-10-09T10:03:45+00:00,2026,5,5,547027,543,Diarra,Habib,Diarra,MID,20,56,Sunderland,5.3,5.5,-0.2,5,28,2,0,1,0,0,18,2.5,0.9,0.0,560,5977,0.0071,0.076,-0.0689,2.9,15.6,10.9,2.0,i,Hamstring injury - Expected back 18 Oct,2026-08-30T16:30:08.428960Z,0.0,0.0,0.0,0.0,0.0,0.0,0,0,0,1,0,0,0,0,0,0.03,0.16,0.19,0.12,0,0,0,0,,,,0,False,563,-0.1,22,294,-2.9,0,False,,-2.9,-1,-2.9,-1,-2.9,-1,5.0,213,38,0,8,2.5,7.2,0,5.53,4.942,6.118,0.23
2026-10-09,2026-10-09T10:03:45+00:00,2026,5,5,547037,434,J.Fletcher,Jack,Fletcher,MID,16,1,Man Utd,4.9,5.0,-0.1,0,0,0,0,0,0,0,0,0.0,0.0,0.0,333,720,0.0042,0.0092,-0.0049,0.0,0.0,0.0,0.0,a,,,,,0.0,0.0,0.0,0.0,0,0,0,0,0,0,0,0,0,0.0,0.0,0.0,0.0,0,0,0,0,,,,0,False,606,0.0,53,72,-43.5,0,False,,-43.5,-3,-43.5,-3,-43.5,-3,5.0,0,0,0,0,0.0,0.0,0,4.881,4.293,5.468,-0.019
2026-10-09,2026-10-09T10:03:45+00:00,2026,5,5,547676,425,Fredricson,Tyler,Fredricson,DEF,16,1,Man Utd,4.0,4.0,0.0,0,0,0,0,0,0,0,0,0.0,0.0,0.0,0,1332,0.0,0.0169,-0.0169,0.0,0.0,0.0,0.0,u,Has joined Lausanne-Sport permanently,2026-08-18T14:12:31.904433Z,0.0,0.0,0.0,0.0,0.0,0.0,0,0,0,0,0,0,0,0,0,0.0,0.0,0.0,0.0,0,0,0,0,,,,0,False,602,0.0,0,64,0.0,0,False,,0.0,0,0.0,0,0.0,0,5.0,0,0,0,0,0.0,0.0,0,4.113,3.525,4.7,0.113
2026-10-09,2026-10-09T10:03:45+00:00,2026,5,5,547686,610,De Fougerolles,Luc,De Fougerolles,DEF,10,54,Fulham,4.0,4.0,0.0,0,0,0,0,0,0,0,0,0.0,0.0,0.1,5787,5313,0.0736,0.0676,0.006,0.0,0.0,0.0,0.0,u,has joined  Real Salt Lake on loan for the rest of the seaon.,2026-08-28T11:30:08.336405Z,0.0,0.0,0.0,0.0,0.0,0.0,0,0,0,0,0,0,0,0,0,0.0,0.0,0.0,0.0,0,0,0,0,,,,0,False,468,0.0,0,567,0.0,-1,False,,0.0,0,0.0,0,0.0,0,5.0,0,0,0,0,0.0,0.0,0,4.007,3.42,4.594,0.007
2026-10-09,2026-10-09T10:03:45+00:00,2026,5,5,547701,522,Gray,Archie,Gray,MID,19,6,Spurs,4.9,5.0,-0.1,9,307,4,0,0,1,0,51,2.2,1.8,0.2,6973,13711,0.0887,0.1743,-0.0857,7.0,28.4,14.6,27.0,a,,,,,2.5,0.5,2.5,2.5,2,3,0,7,0,0,0,0,0,0.23,0.05,0.28,6.11,27,5,12,10,,,,0,False,346,0.0,596,1540,-32.4,-6,False,,-35.7,-2,-41.6,-3,-47.5,-3,5.0,2333,68,0,0,2.2,14.0,0,4.927,4.339,5.515,0.027
2026-10-09,2026-10-09T10:03:45+00:00,2026,5,5,547719,459,L.Miley,Lewis,Miley,MID,17,4,Newcastle,5.5,5.5,0.0,12,396,5,0,0,1,0,68,2.4,2.2,0.1,6369,5919,0.081,0.0753,0.0057,12.0,58.4,57.3,5.0,d,Unspecified injury - 75% chance of playing,2026-10-01T15:30:10.335504Z,100.0,75.0,2.0,0.4,2.0,1.5,4,5,0,8,1,0,0,1,0,0.05,0.14,0.19,7.95,52,6,26,20,,,5.0,0,False,449,0.0,505,912,0.5,-15,False,,0.3,1,0.1,1,-11.3,-1,5.0,3010,91,0,0,2.4,16.6,0,5.159,4.57,5.747,-0.341
2026-10-09,2026-10-09T10:03:45+00:00,2026,5,5,548308,507,Phillips,Ashley,Phillips,DEF,19,6,Spurs,4.5,4.5,0.0,0,0,0,0,0,0,0,0,0.0,0.0,0.0,0,1279,0.0,0.0163,-0.0163,0.0,0.0,0.0,0.0,u,Has joined Middlesbrough permanently,2026-08-18T14:13:08.474144Z,0.0,0.0,0.0,0.0,0.0,0.0,0,0,0,0,0,0,0,0,0,0.0,0.0,0.0,0.0,0,0,0,0,,,,0,False,599,0.0,0,64,0.0,0,False,,0.0,0,0.0,0,0.0,0,5.0,0,0,0,0,0.0,0.0,0,4.34,3.752,4.928,-0.16
2026-10-09,2026-10-09T10:03:45+00:00,2026,5,5,549067,477,Abbott,Zach,Abbott,DEF,18,17,Nott'm Forest,4.0,4.0,0.0,0,0,0,0,0,0,0,0,0.0,0.0,0.1,2459,14195,0.0313,0.1805,-0.1492,0.0,0.0,0.0,0.0,u,Has joined Southampton on loan for the rest of the season,2026-09-02T16:19:54.536676Z,0.0,0.0,0.0,0.0,0.0,0.0,0,0,0,0,0,0,0,0,0,0.0,0.0,0.0,0.0,0,0,0,0,,,,0,False,378,0.0,0,1122,0.0,-2,False,,0.0,0,0.0,0,0.0,0,5.0,0,0,0,0,0.0,0.0,0,4.007,3.42,4.594,0.007
2026-10-09,2026-10-09T10:03:45+00:00,2026,5,5,549074,133,Watson,Tom,Watson,MID,5,36,Brighton,5.0,5.0,0.0,0,0,0,0,0,0,0,0,0.0,0.0,0.0,0,137,0.0,0.0017,-0.0017,0.0,0.0,0.0,0.0,u,Has joined Leicester City on loan for the rest of the season,2026-08-03T14:05:44.459483Z,0.0,0.0,0.0,0.0,0.0,0.0,0,0,0,0,0,0,0,0,0,0.0,0.0,0.0,0.0,0,0,0,0,,,,0,False,664,0.0,0,6,0.0,0,False,,0.0,0,0.0,0,0.0,0,5.0,0,0,0,0,0.0,0.0,0,4.801,4.213,5.389,-0.199
2026-10-09,2026-10-09T10:03:45+00:00,2026,5,5,549653,197,Bassette,Norman,Bassette,FWD,7,9,Coventry City,4.5,4.5,0.0,0,0,0,0,0,0,0,0,0.0,0.0,0.0,0,2140,0.0,0.0272,-0.0272,0.0,0.0,0.0,0.0,u,Has joined KVC Westerlo on loan for the rest of the season,2026-07-28T12:58:50.001768Z,0.0,0.0,0.0,0.0,0.0,0.0,0,0,0,0,0,0,0,0,0,0.0,0.0,0.0,0.0,0,0,0,0,,,,0,False,562,0.0,0,181,0.0,0,False,,0.0,0,0.0,0,0.0,0,5.0,0,0,0,0,0.0,0.0,0,4.517,3.93,5.105,0.017
2026-10-09,2026-10-09T10:03:45+00:00,2026,5,5,549912,549,Talbi,Chemsdine,Talbi,MID,20,56,Sunderland,5.3,5.5,-0.2,1,31,1,0,0,0,0,1,1.0,0.2,0.1,1372,11938,0.0174,0.1518,-0.1343,0.0,0.0,0.9,0.0,a,,,,,0.0,0.0,0.0,0.0,0,0,0,1,0,0,0,0,0,0.0,0.0,0.0,0.14,2,0,2,0,,,,0,False,387,0.0,139,718,-36.4,1,False,,-35.6,-2,-34.0,-2,-32.4,-2,5.0,236,8,0,0,1.0,1.4,0,5.027,4.44,5.614,-0.273
2026-10-09,2026-10-09T10:03:45+00:00,2026,5,5,549939,560,Penders,Mike,Penders,GK,6,8,Chelsea,4.4,4.5,-0.1,0,0,0,0,0,0,0,0,0.0,0.0,0.1,2057,3690,0.0262,0.0469,-0.0208,0.0,0.0,0.0,0.0,a,,,,,0.0,0.0,0.0,0.0,0,0,0,0,0,0,0,0,0,0.0,0.0,0.0,0.0,0,0,0,0,,,,0,False,471,0.0,282,370,-3.3,-2,False,,-5.6,-1,-9.9,-1,-14.1,-1,5.0,0,0,0,0,0.0,0.0,0,4.333,3.744,4.921,-0.067
2026-10-09,2026-10-09T10:03:45+00:00,2026,5,5,549940,646,Fofana,Malick,Fofana,MID,20,56,Sunderland,5.5,5.5,0.0,3,60,3,0,0,0,0,11,1.0,0.5,0.0,4151,1804,0.0528,0.0229,0.0298,5.8,12.4,2.1,44.0,a,,,,,1.0,0.2,1.0,1.0,1,0,0,2,0,0,0,0,0,0.39,0.01,0.4,3.25,3,1,2,0,,,,0,False,535,0.0,415,376,-11.5,2,False,,-6.3,-1,0.0,0,0.0,0,5.0,456,23,0,0,1.0,4.1,0,5.11,4.523,5.697,-0.39
2026-10-09,2026-10-09T10:03:45+00:00,2026,5,5,550090,117,Coppola,Diego,Coppola,DEF,5,36,Brighton,4.5,4.5,0.0,0,0,0,0,0,0,0,0,0.0,0.0,0.0,956,1088,0.0122,0.0138,-0.0017,0.0,0.0,0.0,0.0,a,,,,,0.0,0.0,0.0,0.0,0,0,0,0,0,0,0,0,0,0.0,0.0,0.0,0.0,0,0,0,0,,,,0,False,572,0.0,144,125,-9.7,0,False,,-9.7,-1,-9.7,-1,-9.7,-1,5.0,0,0,0,0,0.0,0.0,0,4.272,3.684,4.86,-0.228
2026-10-09,2026-10-09T10:03:45+00:00,2026,5,5,550615,242,George,Tyrique,George,MID,9,11,Everton,5.5,5.5,0.0,19,309,5,1,0,2,3,77,3.8,3.5,0.9,107905,46829,1.372,0.5954,0.7766,22.5,64.0,86.2,75.0,a,,,,,2.0,0.4,2.0,2.0,1,4,0,3,0,0,0,0,0,0.35,0.32,0.67,3.71,18,1,12,5,,,,0,False,195,0.0,3240,15165,31.2,-114,False,,30.2,2,28.3,2,26.5,2,5.0,2348,144,8,0,3.8,26.3,0,6.01,5.42,6.599,0.51
2026-10-09,2026-10-09T10:03:45+00:00,2026,5,5,550839,517,Odobert,Wilson,Odobert,MID,19,6,Spurs,5.5,5.5,0.0,0,0,0,0,0,0,0,0,0.0,0.0,0.0,143,114,0.0018,0.0014,0.0004,0.0,0.0,0.0,0.0,i,Knee injury - Unknown return date,2026-07-23T12:01:23.879434Z,0.0,0.0,0.0,0.0,0.0,0.0,0,0,0,0,0,0,0,0,0,0.0,0.0,0.0,0.0,0,0,0,0,,,,0,False,659,0.0,41,19,0.0,0,False,,0.0,0,0.0,0,0.0,0,5.0,0,0,0,0,0.0,0.0,0,5.151,4.563,5.739,-0.349
2026-10-09,2026-10-09T10:03:45+00:00,2026,5,5,550864,420,Yoro,Leny,Yoro,DEF,16,1,Man Utd,4.8,5.0,-0.2,2,22,2,0,0,0,0,-1,1.0,0.4,0.5,5460,36459,0.0694,0.4636,-0.3942,1.3,7.8,2.4,2.0,a,,,,,0.0,0.0,0.0,0.0,0,0,0,2,0,0,0,0,0,0.0,0.02,0.02,1.09,5,2,1,3,,,,0,False,260,-0.1,678,2617,-12.7,-1,False,,-12.8,-1,-13.0,-1,-13.1,-1,5.0,167,15,0,0,1.0,3.2,0,4.652,4.064,5.24,-0.148
2026-10-09,2026-10-09T10:03:45+00:00,2026,5,5,551050,635,Larsson,Hugo,Larsson,MID,10,54,Fulham,5.0,5.0,0.0,3,37,3,0,0,0,0,9,1.0,0.6,0.0,869,320,0.011,0.0041,0.007,1.8,6.8,1.9,9.0,a,,,,,1.0,0.2,1.0,1.0,1,0,0,1,0,0,0,0,0,0.13,0.23,0.36,0.88,6,1,3,2,,,,0,False,618,0.0,124,87,0.0,0,False,,0.0,0,0.0,0,0.0,0,5.0,281,23,0,0,1.0,4.6,0,4.857,4.27,5.444,-0.143
2026-10-09,2026-10-09T10:03:45+00:00,2026,5,5,551210,148,Hato,Jorrel,Hato,DEF,6,8,Chelsea,4.5,4.5,0.0,8,258,4,0,2,0,0,14,2.0,1.8,0.8,91688,62108,1.1658,0.7897,0.3761,14.0,77.0,47.1,15.0,a,,,,,0.0,0.0,0.0,0.0,0,4,0,9,0,0,0,0,0,0.01,0.21,0.22,4.81,18,7,9,11,,,,0,False,199,0.0,1293,9781,13.1,-37,False,,12.8,1,12.2,1,11.6,1,5.0,1961,61,0,15,2.0,13.5,0,5.095,4.501,5.689,0.595
2026-10-09,2026-10-09T10:03:45+00:00,2026,5,5,551226,525,Fernandes,Mateus,Fernandes,MID,19,6,Spurs,5.7,6.0,-0.3,7,249,5,0,0,1,0,50,1.4,1.2,0.7,14636,126870,0.1861,1.6132,-1.4271,14.6,24.2,92.6,34.0,a,,,,,2.0,0.4,2.0,2.0,1,3,0,4,0,0,0,1,0,0.19,0.28,0.47,4.43,21,7,12,2,,,,0,False,208,-0.1,655,8783,-18.9,-24,False,,-20.7,-2,-23.8,-2,-27.0,-2,5.0,1892,53,0,0,1.4,9.3,0,5.335,4.747,5.922,-0.365
2026-10-09,2026-10-09T10:03:45+00:00,2026,5,5,551262,196,Markelo,Jahnoah,Markelo,FWD,7,9,Coventry City,5.0,5.0,0.0,0,0,0,0,0,0,0,0,0.0,0.0,0.0,0,1200,0.0,0.0153,-0.0153,0.0,0.0,0.0,0.0,u,Has joined Shabab Al-Ahli Dubai permanently,2026-08-17T13:53:55.791223Z,0.0,0.0,0.0,0.0,0.0,0.0,0,0,0,0,0,0,0,0,0,0.0,0.0,0.0,0.0,0,0,0,0,,,,0,False,631,0.0,0,73,0.0,0,False,,0.0,0,0.0,0,0.0,0,5.0,0,0,0,0,0.0,0.0,0,4.792,4.204,5.38,-0.208
2026-10-09,2026-10-09T10:03:45+00:00,2026,5,5,551466,569,Gonzalo,Gonzalo,García,FWD,10,54,Fulham,6.0,6.0,0.0,14,425,5,1,0,2,0,53,2.8,2.3,4.9,533199,326768,6.7797,4.1549,2.6248,22.1,53.0,46.8,125.0,a,,,,,2.0,0.3,2.0,2.0,2,5,0,7,0,0,0,0,0,2.33,0.58,2.91,8.29,18,2,9,7,1.0,,,0,False,76,0.0,170890,47383,86.8,2050,False,,105.0,5,138.2,5,171.4,5,5.0,3230,106,8,0,2.8,17.7,0,6.015,5.426,6.603,0.015
2026-10-09,2026-10-09T10:03:45+00:00,2026,5,5,551499,377,Munoz,Victor,Munoz,MID,14,14,Liverpool,6.5,6.5,0.0,15,257,5,1,1,1,0,60,3.0,2.3,0.9,118153,104868,1.5023,1.3334,0.1689,18.5,56.2,42.4,86.0,a,,,,,1.0,0.2,1.0,1.0,1,3,0,2,0,0,0,1,0,0.52,0.31,0.83,4.63,16,3,8,5,,,,0,False,192,0.0,2170,14526,5.9,-58,False,,5.4,1,4.4,1,3.5,1,5.0,1953,114,8,8,3.0,17.5,0,6.809,6.22,7.397,0.309
2026-10-09,2026-10-09T10:03:45+00:00,2026,5,5,552946,574,Hjertø-Dahl,Jens,Hjertø-Dahl,MID,11,88,Hull City,4.9,5.0,-0.1,1,8,1,0,0,0,0,4,1.0,0.2,0.1,1448,4543,0.0184,0.0578,-0.0394,0.0,0.0,0.0,0.0,a,,,,,0.0,0.0,0.0,0.0,0,0,0,0,0,0,0,0,0,0.0,0.0,0.0,0.0,1,0,1,0,,,,0,False,492,0.0,87,423,-89.1,0,False,,-89.1,-3,-89.1,-3,-89.1,-3,5.0,61,8,0,0,1.0,1.6,0,4.802,4.215,5.389,-0.098
2026-10-09,2026-10-09T10:03:45+00:00,2026,5,5,553746,609,Shahar,Leo,Shahar,DEF,17,4,Newcastle,4.0,4.0,0.0,0,0,0,0,0,0,0,0,0.0,0.0,0.2,18236,16020,0.2319,0.2037,0.0282,0.0,0.0,0.0,0.0,u,has joined Arouca on loan for the rest of the seaon.,2026-09-11T14:41:57.406766Z,0.0,0.0,0.0,0.0,0.0,0.0,0,0,0,0,0,0,0,0,0,0.0,0.0,0.0,0.0,0,0,0,0,,,,0,False,352,0.0,0,2122,0.0,-6,False,,0.0,0,0.0,0,0.0,0,5.0,0,0,0,0,0.0,0.0,0,4.025,3.437,4.612,0.025
2026-10-09,2026-10-09T10:03:45+00:00,2026,5,5,553783,294,Zambrano,Óscar,Zambrano,MID,11,88,Hull City,4.5,4.5,0.0,0,0,0,0,0,0,0,0,0.0,0.0,0.1,3912,6942,0.0497,0.0883,-0.0385,0.0,0.0,0.0,0.0,a,,2026-08-04T18:30:11.016909Z,100.0,100.0,0.0,0.0,0.0,0.0,0,0,0,0,0,0,0,0,0,0.0,0.0,0.0,0.0,0,0,0,0,,,,0,False,430,0.0,183,613,-29.2,-2,False,,-31.6,-2,-35.9,-2,-40.2,-3,5.0,0,0,0,0,0.0,0.0,0,4.529,3.941,5.116,0.029
2026-10-09,2026-10-09T10:03:45+00:00,2026,5,5,554054,622,Braithwaite,Kaden,Braithwaite,DEF,15,43,Man City,4.0,4.0,0.0,1,1,1,0,0,0,0,3,1.0,0.2,0.2,16887,9385,0.2147,0.1193,0.0954,0.1,0.6,0.8,0.0,a,,,,,0.0,0.0,0.0,0.0,0,0,0,0,0,0,0,0,0,0.0,0.0,0.0,0.0,0,0,1,0,,,,0,False,360,0.0,680,1834,-44.7,-4,False,,-46.9,-3,-51.0,-3,-55.1,-3,5.0,8,8,0,0,1.0,1.9,0,4.272,3.684,4.86,0.272
2026-10-09,2026-10-09T10:03:45+00:00,2026,5,5,554197,548,Rigg,Chris,Rigg,MID,20,56,Sunderland,4.9,5.0,-0.1,2,17,2,0,0,0,0,6,1.0,0.4,0.0,483,2925,0.0061,0.0372,-0.0311,0.0,0.0,0.3,0.0,a,,,,,0.0,0.0,0.0,0.0,0,0,0,1,0,0,0,0,0,0.0,0.0,0.0,0.44,1,0,1,0,,,,0,False,507,0.0,46,305,-89.6,-1,False,,-92.1,-3,-96.6,-4,-101.1,-5,5.0,129,15,0,0,1.0,3.1,0,4.819,4.232,5.407,-0.081
2026-10-09,2026-10-09T10:03:45+00:00,2026,5,5,554578,444,Jaouen,Ewen,Jaouen,GK,17,4,Newcastle,4.4,4.5,-0.1,0,0,0,0,0,0,0,0,0.0,0.0,0.0,459,1572,0.0058,0.02,-0.0142,0.0,0.0,0.0,0.0,i,Hamstring injury - Unknown return date,2026-09-10T16:00:09.127466Z,50.0,0.0,0.0,0.0,0.0,0.0,0,0,0,0,0,0,0,0,0,0.0,0.0,0.0,0.0,0,0,0,0,,,,0,False,573,-0.1,26,167,-6.4,1,False,,-5.3,-1,-3.2,-1,-1.0,-1,5.0,0,0,0,0,0.0,0.0,0,4.247,3.659,4.835,-0.153
2026-10-09,2026-10-09T10:03:45+00:00,2026,5,5,556637,134,Oriola,Nehemiah,Oriola,MID,5,36,Brighton,4.5,4.5,0.0,0,0,0,0,0,0,0,0,0.0,0.0,0.2,8823,14564,0.1122,0.1852,-0.073,0.0,0.0,0.0,0.0,a,,,,,0.0,0.0,0.0,0.0,0,0,0,0,0,0,0,0,0,0.0,0.0,0.0,0.0,0,0,0,0,,,,0,False,314,0.0,419,1696,-94.8,-4,False,,-96.5,-4,-99.5,-4,-102.6,-5,5.0,0,0,0,0,0.0,0.0,0,4.53,3.942,5.117,0.03
2026-10-09,2026-10-09T10:03:45+00:00,2026,5,5,557012,321,Walle Egeli,Sindre,Walle Egeli,FWD,12,40,Ipswich Town,4.5,4.5,0.0,1,10,1,0,0,0,0,3,1.0,0.2,3.5,338981,220619,4.3102,2.8052,1.505,0.0,0.0,0.1,0.0,a,,,,,0.0,0.0,0.0,0.0,0,0,0,0,0,0,0,0,0,0.0,0.0,0.0,0.03,0,0,0,0,,,,0,False,96,0.0,26360,36132,41.3,-74,False,,40.6,3,39.4,2,38.2,2,5.0,76,8,0,0,1.0,1.7,0,4.604,4.016,5.192,0.104
2026-10-09,2026-10-09T10:03:45+00:00,2026,5,5,559152,595,Gozo,Zavier,Gozo,MID,8,31,Crystal Palace,4.9,5.0,-0.1,2,28,2,0,0,0,0,6,1.0,0.4,0.0,495,906,0.0063,0.0115,-0.0052,0.3,1.4,1.6,0.0,a,,,,,0.5,0.1,0.5,0.5,0,0,0,2,0,0,0,0,0,0.0,0.0,0.0,0.68,1,1,0,0,,,,0,False,600,-0.1,45,113,-4.9,-1,False,,-10.3,-1,-20.1,-2,-29.9,-2,5.0,213,15,0,0,1.0,3.1,0,4.797,4.21,5.385,-0.103
2026-10-09,2026-10-09T10:03:45+00:00,2026,5,5,560262,78,Kroupi.Jr,Junior,Kroupi,MID,3,91,Bournemouth,7.4,7.5,-0.1,0,0,0,0,0,0,0,0,0.0,0.0,0.2,1301,27593,0.0165,0.3509,-0.3343,0.0,0.0,0.0,0.0,i,Foot injury - Expected back 7 Nov,2026-07-29T17:30:09.796802Z,0.0,0.0,0.0,0.0,0.0,0.0,0,0,0,0,0,0,0,0,0,0.0,0.0,0.0,0.0,0,0,0,0,1.0,,,0,False,347,0.0,255,1075,-85.0,0,False,,-85.0,-3,-85.0,-3,-85.0,-3,5.0,0,0,0,0,0.0,0.0,0,6.243,5.65,6.835,-1.157
2026-10-09,2026-10-09T10:03:45+00:00,2026,5,5,560552,263,Kevin,Kevin,Santos Lopes de Macedo,MID,10,54,Fulham,5.3,5.5,-0.2,4,61,4,0,0,0,0,14,1.0,0.8,0.0,2083,4310,0.0265,0.0548,-0.0283,3.5,10.6,6.8,18.0,a,,,,,1.0,0.2,1.0,1.0,1,0,0,1,0,0,0,0,0,0.07,0.12,0.19,1.23,8,3,4,1,,,4.0,0,False,511,0.0,279,373,-14.4,0,False,,-14.4,-1,-14.4,-1,-14.4,-1,5.0,464,30,0,0,1.0,5.7,0,5.073,4.486,5.66,-0.227
2026-10-09,2026-10-09T10:03:45+00:00,2026,5,5,561245,81,Rodríguez,Álvaro,Rodríguez,FWD,3,91,Bournemouth,6.0,6.0,0.0,2,10,2,0,0,0,0,7,1.0,0.3,0.1,5810,7021,0.0739,0.0893,-0.0154,0.1,0.0,0.5,0.0,a,,2026-08-15T16:30:07.054142Z,100.0,100.0,0.5,0.1,0.5,0.5,0,0,0,1,0,0,0,0,0,0.0,0.0,0.0,0.18,1,0,1,0,,,,0,False,386,0.0,1103,890,-26.4,15,False,,-15.4,-1,0.1,1,0.3,1,5.0,76,15,0,0,1.0,2.5,0,5.407,4.818,5.996,-0.593
2026-10-09,2026-10-09T10:03:45+00:00,2026,5,5,565297,349,Mateo Joseph,Mateo,Joseph Fernández-Regatillo,FWD,13,2,Leeds,4.5,4.5,0.0,0,0,0,0,0,0,0,0,0.0,0.0,0.1,3226,4595,0.041,0.0584,-0.0174,0.0,0.0,0.0,0.0,i,Knee injury - Unknown return date,2026-07-29T18:00:10.338170Z,0.0,0.0,0.0,0.0,0.0,0.0,0,0,0,0,0,0,0,0,0,0.0,0.0,0.0,0.0,0,0,0,0,,,,0,False,495,0.0,440,621,-45.2,0,False,,-45.2,-3,-45.2,-3,-45.2,-3,5.0,0,0,0,0,0.0,0.0,0,4.519,3.931,5.107,0.019
2026-10-09,2026-10-09T10:03:45+00:00,2026,5,5,566213,656,Mfuni,Stephen,Mfuni,DEF,7,9,Coventry City,4.0,4.0,0.0,6,90,1,0,0,1,0,27,6.0,1.5,0.1,10728,2847,0.1364,0.0362,0.1002,2.2,17.6,0.7,4.0,a,,,,,3.0,0.8,3.0,3.0,6,1,0,0,0,0,0,0,0,0.0,0.01,0.01,1.1,8,1,3,7,,,,0,False,411,0.0,2416,1046,0.1,2,False,,0.1,1,0.2,1,0.2,1,5.0,684,46,0,0,6.0,11.4,0,4.44,3.85,5.031,0.44
2026-10-09,2026-10-09T10:03:45+00:00,2026,5,5,567119,169,Mheuka,Shumaira,Mheuka,FWD,6,8,Chelsea,4.5,4.5,0.0,0,0,0,0,0,0,0,0,0.0,0.0,0.5,33319,26130,0.4237,0.3322,0.0914,0.0,0.0,0.0,0.0,a,,,,,0.0,0.0,0.0,0.0,0,0,0,0,0,0,0,0,0,0.0,0.0,0.0,0.0,0,0,0,0,,,,0,False,249,0.0,5598,4341,4.9,0,False,,4.9,1,4.9,1,4.9,1,5.0,0,0,0,0,0.0,0.0,0,4.626,4.037,5.215,0.126
2026-10-09,2026-10-09T10:03:45+00:00,2026,5,5,568420,581,Diomande,Ousmane,Diomande,DEF,18,17,Nott'm Forest,5.4,5.5,-0.1,7,163,3,0,0,0,0,17,2.3,1.3,0.5,14117,42338,0.1795,0.5383,-0.3588,5.2,32.4,1.0,19.0,a,,,,,3.0,0.6,3.0,3.0,2,2,0,2,0,0,0,0,0,0.16,0.01,0.17,1.45,19,1,10,18,,,,0,False,245,0.0,1995,2873,-54.3,-9,False,,-55.9,-3,-58.8,-3,-61.7,-3,5.0,1239,53,0,0,2.3,9.9,0,4.925,4.338,5.512,-0.475
2026-10-09,2026-10-09T10:03:45+00:00,2026,5,5,569577,606,Rowe,Triston,Rowe,DEF,2,7,Aston Villa,4.0,4.0,0.0,0,0,0,0,0,0,0,0,0.0,0.0,0.2,13086,6283,0.1664,0.0799,0.0865,0.0,0.0,0.0,0.0,a,,,,,0.0,0.0,0.0,0.0,0,0,0,0,0,0,0,0,0,0.0,0.0,0.0,0.0,0,0,0,0,,,,0,False,364,0.0,390,1028,0.1,-7,False,,0.1,1,-2.9,-1,-10.5,-1,5.0,0,0,0,0,0.0,0.0,0,3.988,3.4,4.576,-0.012
2026-10-09,2026-10-09T10:03:45+00:00,2026,5,5,570241,92,Ji-soo,Kim,Ji-soo,DEF,4,94,Brentford,4.4,4.5,-0.1,0,0,0,0,0,0,0,0,0.0,0.0,0.0,510,976,0.0065,0.0124,-0.0059,0.0,0.0,0.0,0.0,a,,,,,0.0,0.0,0.0,0.0,0,0,0,0,0,0,0,0,0,0.0,0.0,0.0,0.0,0,0,0,0,,,,0,False,578,-0.1,76,104,-3.9,0,False,,-3.9,-1,-3.9,-1,-3.9,-1,5.0,0,0,0,0,0.0,0.0,0,4.205,3.616,4.794,-0.195
2026-10-09,2026-10-09T10:03:45+00:00,2026,5,5,570526,520,Bergvall,Lucas,Bergvall,MID,19,6,Spurs,5.3,5.5,-0.2,3,78,3,0,0,0,0,13,1.0,0.6,0.1,1916,9727,0.0244,0.1237,-0.0993,2.9,11.0,10.8,11.0,a,,,,,1.0,0.2,1.0,1.0,1,1,0,2,0,0,0,0,0,0.06,0.27,0.33,2.21,13,3,9,1,,,,0,False,376,-0.1,136,794,-6.6,-6,False,,-8.9,-1,-13.0,-1,-17.1,-1,5.0,593,23,0,0,1.0,4.3,0,5.107,4.519,5.694,-0.193
2026-10-09,2026-10-09T10:03:45+00:00,2026,5,5,570794,588,Khalaili,Anan,Khalaili,DEF,8,31,Crystal Palace,5.0,5.0,0.0,19,379,5,1,0,1,0,54,3.8,3.8,0.3,35067,16857,0.4459,0.2143,0.2315,22.5,128.2,48.8,48.0,d,Hamstring injury - 75% chance of playing,2026-10-04T22:00:08.963040Z,,75.0,6.5,1.3,6.5,4.9,6,4,0,8,0,0,0,1,0,0.96,0.33,1.29,8.41,44,21,26,23,,,,0,False,292,0.0,2374,2603,6.8,-23,False,,6.6,1,6.2,1,5.9,1,5.0,2880,144,8,0,3.8,28.9,0,5.412,4.822,6.001,0.412
2026-10-09,2026-10-09T10:03:45+00:00,2026,5,5,571380,607,Lynch,Luka,Lynch,MID,2,7,Aston Villa,4.5,4.5,0.0,0,0,0,0,0,0,0,0,0.0,0.0,0.1,7103,8249,0.0903,0.1049,-0.0146,0.0,0.0,0.0,0.0,u,Has joined Oxford United on loan until January,2026-09-04T12:35:39.820426Z,0.0,0.0,0.0,0.0,0.0,0.0,0,0,0,0,0,0,0,0,0,0.0,0.0,0.0,0.0,0,0,0,0,,,,0,False,476,0.0,0,805,0.0,0,False,,0.0,0,0.0,0,0.0,0,5.0,0,0,0,0,0.0,0.0,0,4.509,3.921,5.096,0.009
2026-10-09,2026-10-09T10:03:45+00:00,2026,5,5,571779,570,Palacios,César,Palacios,MID,10,54,Fulham,5.4,5.5,-0.1,12,226,4,1,0,0,1,48,3.0,2.2,0.2,6238,10908,0.0793,0.1387,-0.0594,14.0,45.4,32.6,62.0,a,,,,,0.5,0.1,0.5,0.5,1,3,0,7,0,0,0,1,0,0.98,0.03,1.01,5.46,17,3,10,4,,,,0,False,361,0.0,949,1262,-9.2,-2,False,,-10.1,-1,-11.9,-1,-13.7,-1,5.0,1718,91,8,0,3.0,16.9,0,5.786,5.199,6.374,0.386
2026-10-09,2026-10-09T10:03:45+00:00,2026,5,5,572584,592,Ouattara,Abdoul,Ouattara,DEF,12,40,Ipswich Town,4.0,4.0,0.0,6,131,5,0,0,0,0,29,1.2,1.5,0.8,13763,26905,0.175,0.3421,-0.1671,7.6,31.6,36.2,9.0,a,,,,,1.5,0.4,1.5,1.5,2,1,0,2,0,0,0,0,0,0.02,0.03,0.05,3.13,11,4,14,7,,,,0,False,197,0.0,978,2769,-36.3,-6,False,,-37.0,-2,-38.2,-2,-39.5,-2,5.0,996,46,0,0,1.2,11.4,0,4.144,3.557,4.731,0.144
2026-10-09,2026-10-09T10:03:45+00:00,2026,5,5,574458,150,M.Sarr,Mamadou,Sarr,DEF,6,8,Chelsea,4.5,4.5,0.0,0,0,0,0,0,0,0,0,0.0,0.0,0.0,429,6031,0.0055,0.0767,-0.0712,0.0,0.0,0.0,0.0,u,Has joined Real Sociedad on loan for the rest of the season,2026-08-29T00:34:23.077418Z,0.0,0.0,0.0,0.0,0.0,0.0,0,0,0,0,0,0,0,0,0,0.0,0.0,0.0,0.0,0,0,0,0,,,,0,False,554,0.0,0,215,0.0,-1,False,,0.0,0,0.0,0,0.0,0,5.0,0,0,0,0,0.0,0.0,0,4.373,3.785,4.96,-0.127
2026-10-09,2026-10-09T10:03:45+00:00,2026,5,5,575204,407,Echeverri,Claudio,Echeverri,MID,15,43,Man City,4.9,5.0,-0.1,0,0,0,0,0,0,0,0,0.0,0.0,0.0,250,1351,0.0032,0.0172,-0.014,0.0,0.0,0.0,0.0,u,Has joined Benfica on loan for the rest of the season,2026-09-03T15:41:24.710479Z,0.0,0.0,0.0,0.0,0.0,0.0,0,0,0,0,0,0,0,0,0,0.0,0.0,0.0,0.0,0,0,0,0,,,,0,False,617,0.0,0,62,0.0,0,False,,0.0,0,0.0,0,0.0,0,5.0,0,0,0,0,0.0,0.0,0,4.997,4.409,5.585,0.097
2026-10-09,2026-10-09T10:03:45+00:00,2026,5,5,575458,474,Jair Cunha,Jair,Paula da Cunha Filho,DEF,18,17,Nott'm Forest,4.5,4.5,0.0,11,360,4,0,0,1,0,40,2.8,2.4,0.2,9897,13371,0.1258,0.17,-0.0442,8.6,69.6,14.2,2.0,a,,2026-09-12T14:00:09.724349Z,75.0,100.0,0.5,0.1,0.4,0.5,1,4,0,4,0,0,0,2,0,0.05,0.02,0.07,3.95,36,7,8,29,,,,0,False,339,0.0,391,845,-52.0,4,False,,-50.2,-3,-47.0,-3,-43.8,-3,5.0,2736,84,0,0,2.8,18.6,0,4.44,3.853,5.027,-0.06
2026-10-09,2026-10-09T10:03:45+00:00,2026,5,5,575476,472,Murillo,Murillo,Costa dos Santos,DEF,18,17,Nott'm Forest,5.5,5.5,0.0,23,449,5,0,1,1,0,76,4.6,4.2,2.2,109023,64780,1.3862,0.8237,0.5626,21.4,124.2,62.6,27.0,a,,2026-07-23T12:01:23.801183Z,100.0,100.0,5.0,0.9,5.0,5.0,4,5,0,5,0,0,0,1,0,0.42,0.37,0.79,4.77,53,9,18,44,,2.0,,0,False,124,0.0,13526,11519,26.8,63,False,,27.3,2,28.3,2,29.3,2,5.0,3412,175,0,8,4.6,31.8,0,5.572,4.982,6.162,0.072
2026-10-09,2026-10-09T10:03:45+00:00,2026,5,5,575901,66,Soler,Julio,Soler Barreto,DEF,3,91,Bournemouth,4.0,4.0,0.0,0,0,0,0,0,0,0,0,0.0,0.0,0.3,14026,11334,0.1783,0.1441,0.0342,0.0,0.0,0.0,0.0,a,,2026-08-15T16:30:07.021055Z,100.0,100.0,0.0,0.0,0.0,0.0,0,0,0,0,0,0,0,0,0,0.0,0.0,0.0,0.0,0,0,0,0,,,,0,False,306,0.0,935,1449,1.5,-4,False,,1.4,1,1.4,1,1.3,1,5.0,0,0,0,0,0.0,0.0,0,4.015,3.427,4.603,0.015
2026-10-09,2026-10-09T10:03:45+00:00,2026,5,5,576620,437,Bendito Mantato,Bendito,Mantato,MID,16,1,Man Utd,4.4,4.5,-0.1,0,0,0,0,0,0,0,0,0.0,0.0,0.2,5299,9893,0.0674,0.1258,-0.0584,0.0,0.0,0.0,0.0,a,,,,,0.0,0.0,0.0,0.0,0,0,0,0,0,0,0,0,0,0.0,0.0,0.0,0.0,0,0,0,0,,,,0,False,353,-0.1,635,1112,0.0,1,False,,0.0,0,0.0,0,0.1,1,5.0,0,0,0,0,0.0,0.0,0,4.613,4.026,5.201,0.213
2026-10-09,2026-10-09T10:03:45+00:00,2026,5,5,576628,435,Lacey,Shea,Lacey,MID,16,1,Man Utd,4.9,5.0,-0.1,1,10,1,0,0,0,0,3,1.0,0.2,0.1,1804,3407,0.0229,0.0433,-0.0204,0.1,0.2,0.6,0.0,a,,,,,0.0,0.0,0.0,0.0,0,0,0,0,0,0,0,0,0,0.0,0.0,0.0,0.0,1,0,1,0,,,,0,False,487,0.0,451,442,-7.1,4,False,,-0.4,-1,0.1,1,0.1,1,5.0,76,8,0,0,1.0,1.6,0,4.908,4.321,5.496,0.008
2026-10-09,2026-10-09T10:03:45+00:00,2026,5,5,577016,151,Acheampong,Josh,Acheampong,DEF,6,8,Chelsea,4.5,4.5,0.0,5,221,4,0,0,0,0,5,1.2,1.1,0.3,21279,23069,0.2706,0.2933,-0.0228,5.4,43.0,5.5,6.0,a,,,,,0.0,0.0,0.0,0.0,0,2,0,7,0,0,0,0,0,0.0,0.03,0.03,4.72,20,7,7,13,,,,0,False,280,0.0,567,2510,-17.5,-3,False,,-18.3,-1,-19.6,-1,-20.9,-2,5.0,1680,38,0,0,1.2,8.4,0,4.377,3.789,4.965,-0.123
2026-10-09,2026-10-09T10:03:45+00:00,2026,5,5,577285,51,George Hemmings,George,Hemmings,MID,2,7,Aston Villa,4.5,4.5,0.0,9,297,5,0,0,1,0,34,1.8,2.0,1.1,116717,73292,1.4841,0.9319,0.5522,9.1,25.2,42.1,25.0,a,,,,,1.0,0.2,1.0,1.0,1,4,0,7,0,0,0,0,0,0.07,0.16,0.23,6.26,19,6,10,3,,,,0,False,165,0.0,4034,13359,13.8,-62,False,,13.3,1,12.3,1,11.3,1,5.0,2257,68,0,0,1.8,15.2,0,4.621,4.033,5.209,0.121
2026-10-09,2026-10-09T10:03:45+00:00,2026,5,5,577411,181,Brau,Miguel,Brau,DEF,7,9,Coventry City,4.0,4.0,0.0,0,0,0,0,0,0,0,0,0.0,0.0,0.0,275,2213,0.0035,0.0281,-0.0246,0.0,0.0,0.0,0.0,u,Has joined Academico de Viseu on loan for the rest of the season,2026-08-29T00:35:59.980316Z,0.0,0.0,0.0,0.0,0.0,0.0,0,0,0,0,0,0,0,0,0,0.0,0.0,0.0,0.0,0,0,0,0,,,,0,False,569,0.0,0,143,0.0,0,False,,0.0,0,0.0,0,0.0,0,5.0,0,0,0,0,0.0,0.0,0,4.005,3.418,4.592,0.005
2026-10-09,2026-10-09T10:03:45+00:00,2026,5,5,577669,545,Sadiki,Noah,Sadiki,MID,20,56,Sunderland,4.9,5.0,-0.1,10,410,5,0,0,1,0,75,2.0,2.0,0.2,5840,18891,0.0743,0.2402,-0.1659,19.2,52.8,59.5,81.0,a,,,,,2.0,0.4,2.0,2.0,2,5,0,9,0,0,0,1,0,0.44,0.24,0.68,6.47,29,6,12,11,,,,0,False,325,0.0,527,1866,-87.7,-3,False,,-89.0,-3,-91.4,-3,-93.7,-3,5.0,3116,76,0,0,2.0,15.5,0,4.795,4.208,5.383,-0.105
2026-10-09,2026-10-09T10:03:45+00:00,2026,5,5,577725,268,King,Josh,King,MID,10,54,Fulham,5.6,5.5,0.1,24,425,5,2,0,2,3,109,4.8,4.3,3.4,426386,109708,5.4216,1.395,4.0266,35.8,111.4,67.2,179.0,a,,,,,2.5,0.4,2.5,2.5,2,5,0,7,0,0,0,1,0,1.54,0.46,2.0,8.29,28,7,16,5,,,,0,False,101,0.1,182251,31140,6.2,1368,False,,10.7,1,18.8,1,27.0,2,5.0,3230,182,15,0,4.8,32.6,0,6.547,5.957,7.138,0.947
2026-10-09,2026-10-09T10:03:45+00:00,2026,5,5,577974,424,Amass,Harry,Amass,DEF,16,1,Man Utd,4.0,4.0,0.0,0,0,0,0,0,0,0,0,0.0,0.0,0.2,6429,9040,0.0817,0.1149,-0.0332,0.0,0.0,0.0,0.0,a,,,,,0.0,0.0,0.0,0.0,0,0,0,0,0,0,0,0,0,0.0,0.0,0.0,0.0,0,0,0,0,,,,0,False,332,0.0,527,1010,-52.2,-1,False,,-52.8,-3,-53.8,-3,-54.8,-3,5.0,0,0,0,0,0.0,0.0,0,4.116,3.528,4.704,0.116
2026-10-09,2026-10-09T10:03:45+00:00,2026,5,5,578153,393,Khusanov,Abdukodir,Khusanov,DEF,15,43,Man City,5.4,5.5,-0.1,9,268,3,0,0,1,0,53,3.0,1.7,1.3,27188,82574,0.3457,1.0499,-0.7042,6.8,51.6,12.6,4.0,a,,,,,0.0,0.0,0.0,0.0,0,3,0,2,0,0,0,1,0,0.0,0.06,0.06,2.68,17,8,13,9,,,,0,False,158,0.0,1752,10928,-43.3,-42,False,,-46.2,-3,-51.5,-3,-56.9,-3,5.0,2037,68,0,0,3.0,12.7,0,5.169,4.582,5.757,-0.231
2026-10-09,2026-10-09T10:03:45+00:00,2026,5,5,578512,663,Pivas,Miodrag,Pivas,DEF,17,4,Newcastle,4.0,4.0,0.0,0,0,0,0,0,0,0,0,0.0,0.0,0.0,493,79,0.0063,0.001,0.0053,0.0,0.0,0.0,0.0,a,,,,,0.0,0.0,1.1,1.1,0,0,0,0,0,0,0,0,0,0.0,0.0,0.0,0.0,0,0,0,0,,,,0,False,626,0.0,493,79,0.0,0,False,,0.0,0,0.0,0,0.0,0,5.0,0,0,0,0,0.0,0.0,0,4.021,3.434,4.609,0.021
2026-10-09,2026-10-09T10:03:45+00:00,2026,5,5,578545,39,Nedeljkovic,Kosta,Nedeljkovic,DEF,2,7,Aston Villa,4.0,4.0,0.0,0,0,0,0,0,0,0,0,0.0,0.0,0.1,0,15413,0.0,0.196,-0.196,0.0,0.0,0.0,0.0,u,Has joined Rangers on loan for the rest of the season,2026-08-19T13:56:46.385411Z,0.0,0.0,0.0,0.0,0.0,0.0,0,0,0,0,0,0,0,0,0,0.0,0.0,0.0,0.0,0,0,0,0,,,,0,False,385,0.0,0,728,0.0,-1,False,,0.0,0,0.0,0,0.0,0,5.0,0,0,0,0,0.0,0.0,0,3.987,3.399,4.575,-0.013
2026-10-09,2026-10-09T10:03:45+00:00,2026,5,5,586268,353,Pecsi,Armin,Pecsi,GK,14,14,Liverpool,4.0,4.0,0.0,0,0,0,0,0,0,0,0,0.0,0.0,0.0,0,1114,0.0,0.0142,-0.0142,0.0,0.0,0.0,0.0,u,Has joined TSV Hartberg on loan for the rest of the season,2026-08-18T14:11:18.638344Z,0.0,0.0,0.0,0.0,0.0,0.0,0,0,0,0,0,0,0,0,0,0.0,0.0,0.0,0.0,0,0,0,0,,,,0,False,581,0.0,0,87,0.0,0,False,,0.0,0,0.0,0,0.0,0,5.0,0,0,0,0,0.0,0.0,0,4.101,3.512,4.689,0.101
2026-10-09,2026-10-09T10:03:45+00:00,2026,5,5,586309,249,Barry,Thierno,Barry,FWD,9,11,Everton,5.7,5.5,0.2,20,417,5,2,0,3,2,83,4.0,3.5,8.5,1007561,380524,12.8113,4.8384,7.9729,36.5,85.8,72.0,207.0,a,,,,,4.0,0.7,4.0,4.0,6,5,0,3,0,0,0,0,0,3.5,0.15,3.65,5.02,17,1,11,5,1.0,,,0,False,44,0.1,125406,62348,2.8,427,False,,4.2,1,6.7,1,9.3,1,5.0,3169,152,15,0,4.0,26.7,0,6.567,5.976,7.157,0.867
2026-10-09,2026-10-09T10:03:45+00:00,2026,5,5,587982,648,Bahoya,Jean-Mattéo,Bahoya,MID,13,2,Leeds,5.0,5.0,0.0,1,1,1,0,0,0,0,5,1.0,0.2,0.0,2262,1198,0.0288,0.0152,0.0135,0.1,1.0,0.3,0.0,d,Ankle injury - 75% chance of playing,2026-10-08T14:00:12.276121Z,,75.0,0.5,0.1,0.5,0.4,1,0,0,0,0,0,0,0,0,0.0,0.0,0.0,0.0,0,0,0,0,,,,0,False,595,0.0,130,230,-38.8,-2,False,,-47.7,-3,-63.8,-3,-79.9,-3,5.0,8,8,0,0,1.0,1.5,0,4.832,4.245,5.419,-0.168
2026-10-09,2026-10-09T10:03:45+00:00,2026,5,5,590014,220,Cardines,Rio,Cardines,DEF,8,31,Crystal Palace,4.5,4.5,0.0,0,0,0,0,0,0,0,0,0.0,0.0,0.0,0,128,0.0,0.0016,-0.0016,0.0,0.0,0.0,0.0,u,Has joined Bristol City on loan for the rest of the season,2026-08-12T14:08:46.501813Z,0.0,0.0,0.0,0.0,0.0,0.0,0,0,0,0,0,0,0,0,0,0.0,0.0,0.0,0.0,0,0,0,0,,,,0,False,662,0.0,0,3,0.0,0,False,,0.0,0,0.0,0,0.0,0,5.0,0,0,0,0,0.0,0.0,0,4.259,3.671,4.846,-0.241
2026-10-09,2026-10-09T10:03:45+00:00,2026,5,5,590039,409,Mukasa,Divine,Mukasa,MID,15,43,Man City,4.5,4.5,0.0,0,0,0,0,0,0,0,0,0.0,0.0,0.1,1621,12335,0.0206,0.1568,-0.1362,0.0,0.0,0.0,0.0,u,has joined West Ham on loan for the rest of the seaon.,2026-09-03T10:34:10.733520Z,0.0,0.0,0.0,0.0,0.0,0.0,0,0,0,0,0,0,0,0,0,0.0,0.0,0.0,0.0,0,0,0,0,,,,0,False,438,0.0,0,768,0.0,-4,False,,0.0,0,0.0,0,0.0,0,5.0,0,0,0,0,0.0,0.0,0,4.752,4.164,5.34,0.252
2026-10-09,2026-10-09T10:03:45+00:00,2026,5,5,591386,375,Nyoni,Trey,Nyoni,MID,14,14,Liverpool,4.9,5.0,-0.1,3,38,3,0,0,0,0,9,1.0,0.6,0.0,1369,3110,0.0174,0.0395,-0.0221,1.9,16.2,2.9,0.0,a,,,,,0.5,0.1,0.5,0.5,1,0,0,0,0,0,0,0,0,0.0,0.0,0.0,0.36,10,2,2,6,,,,0,False,514,0.0,112,365,-98.7,-2,False,,-103.6,-5,-112.5,-5,-121.4,-5,5.0,289,23,0,0,1.0,4.7,0,4.943,4.355,5.531,0.043
2026-10-09,2026-10-09T10:03:45+00:00,2026,5,5,592031,122,Minteh,Yankuba,Minteh,MID,5,36,Brighton,5.8,6.0,-0.2,0,0,0,0,0,0,0,0,0.0,0.0,0.0,344,6954,0.0044,0.0884,-0.084,0.0,0.0,0.0,0.0,i,Leg injury - Expected back 28 Nov,2026-08-14T18:00:06.418033Z,0.0,0.0,0.0,0.0,0.0,0.0,0,0,0,0,0,0,0,0,0,0.0,0.0,0.0,0.0,0,0,0,0,,,5.0,0,False,543,-0.1,54,280,-7.9,0,False,,-7.9,-1,-7.9,-1,-7.9,-1,5.0,0,0,0,0,0.0,0.0,0,5.3,4.711,5.888,-0.5
2026-10-09,2026-10-09T10:03:45+00:00,2026,5,5,592740,604,Cresswell,Alfie,Cresswell,MID,13,2,Leeds,4.5,4.5,0.0,0,0,0,0,0,0,0,0,0.0,0.0,0.1,14159,8085,0.18,0.1028,0.0772,0.0,0.0,0.0,0.0,a,,,,,0.0,0.0,0.0,0.0,0,0,0,0,0,0,0,0,0,0.0,0.0,0.0,0.0,0,0,0,0,,,,0,False,381,0.0,403,1057,-16.0,-5,False,,-19.5,-1,-26.0,-2,-32.5,-2,5.0,0,0,0,0,0.0,0.0,0,4.529,3.941,5.116,0.029
2026-10-09,2026-10-09T10:03:45+00:00,2026,5,5,592984,639,Andrés,José María,Andrés Baixauli,MID,5,36,Brighton,5.5,5.5,0.0,12,109,2,1,1,1,0,37,6.0,2.2,0.0,5077,893,0.0646,0.0114,0.0532,10.9,52.2,17.9,39.0,a,,,,,6.0,1.1,6.0,6.0,8,1,0,0,0,0,0,0,0,0.52,0.12,0.64,1.7,13,1,8,4,,,,0,False,499,0.0,3833,425,2.1,17,False,,2.2,1,2.5,1,2.7,1,5.0,828,91,8,8,6.0,16.6,0,6.39,5.8,6.98,0.89
2026-10-09,2026-10-09T10:03:45+00:00,2026,5,5,593117,164,Quenda,Geovany,Quenda,MID,6,8,Chelsea,5.3,5.5,-0.2,2,27,2,0,0,0,0,5,1.0,0.4,0.0,919,3440,0.0117,0.0437,-0.0321,1.2,1.6,2.1,8.0,a,,2026-07-24T20:30:10.609931Z,100.0,100.0,0.5,0.1,0.5,0.5,1,0,0,2,0,0,0,0,0,0.03,0.01,0.04,1.29,1,0,0,1,,,,0,False,531,0.0,87,220,-33.3,0,False,,-33.3,-2,-33.3,-2,-33.3,-2,5.0,205,15,0,0,1.0,2.9,0,5.154,4.566,5.741,-0.146
2026-10-09,2026-10-09T10:03:45+00:00,2026,5,5,593174,107,Furo,Kaye,Furo,FWD,4,94,Brentford,4.5,4.5,0.0,0,0,0,0,0,0,0,0,0.0,0.0,0.9,62168,69146,0.7905,0.8792,-0.0887,0.0,0.0,0.0,0.0,i,Unspecified injury - Unknown return date,2026-09-14T14:00:09.985723Z,0.0,0.0,0.0,0.0,0.0,0.0,0,0,0,0,0,0,0,0,0,0.0,0.0,0.0,0.0,0,0,0,0,,,,0,False,196,0.0,1095,11984,-10.9,-51,False,,-12.9,-1,-16.5,-1,-20.1,-2,5.0,0,0,0,0,0.0,0.0,0,4.49,3.9,5.079,-0.01
2026-10-09,2026-10-09T10:03:45+00:00,2026,5,5,595480,653,Samba,Floyd,Samba,MID,15,43,Man City,4.5,4.5,0.0,0,0,0,0,0,0,0,0,0.0,0.0,0.0,3934,2233,0.05,0.0284,0.0216,0.0,0.0,0.0,0.0,a,,,,,0.0,0.0,0.0,0.0,0,0,0,0,0,0,0,0,0,0.0,0.0,0.0,0.0,0,0,0,0,,,,0,False,521,0.0,285,550,-46.4,0,False,,-46.4,-3,-46.4,-3,-46.4,-3,5.0,0,0,0,0,0.0,0.0,0,4.751,4.163,5.339,0.251
2026-10-09,2026-10-09T10:03:45+00:00,2026,5,5,596047,441,Obi,Chido,Obi,FWD,16,1,Man Utd,4.5,4.5,0.0,0,0,0,0,0,0,0,0,0.0,0.0,0.9,45543,76378,0.5791,0.9712,-0.3921,0.0,0.0,0.0,0.0,u,Has joined Willem II on loan for the rest of the season,2026-09-14T16:12:42.090874Z,0.0,0.0,0.0,0.0,0.0,0.0,0,0,0,0,0,0,0,0,0,0.0,0.0,0.0,0.0,0,0,0,0,,,,0,False,188,0.0,0,13436,0.0,-40,False,,0.0,0,0.0,0,0.0,0,5.0,0,0,0,0,0.0,0.0,0,4.64,4.051,5.229,0.14
2026-10-09,2026-10-09T10:03:45+00:00,2026,5,5,596777,415,Dorgu,Patrick,Dorgu,MID,16,1,Man Utd,5.8,6.0,-0.2,10,171,5,0,1,0,0,27,2.0,1.7,0.5,14032,99842,0.1784,1.2695,-1.0911,15.6,49.2,44.1,72.0,d,Hamstring injury - 75% chance of playing,2026-09-27T21:30:07.831640Z,,75.0,4.0,0.7,4.0,3.0,4,2,0,6,0,0,0,1,0,0.78,0.09,0.87,3.38,20,8,4,8,,,,0,False,248,0.0,1062,6305,-78.9,-48,False,,-83.7,-3,-92.6,-3,-101.4,-5,5.0,1300,76,0,8,2.0,13.1,0,5.877,5.289,6.466,0.077
2026-10-09,2026-10-09T10:03:45+00:00,2026,5,5,597320,132,Howell,Harry,Howell,MID,5,36,Brighton,4.5,4.5,0.0,0,0,0,0,0,0,0,0,0.0,0.0,0.0,0,3748,0.0,0.0477,-0.0477,0.0,0.0,0.0,0.0,u,Has joined Leicester City on loan for the rest of the season,2026-08-17T13:53:19.019938Z,0.0,0.0,0.0,0.0,0.0,0.0,0,0,0,0,0,0,0,0,0,0.0,0.0,0.0,0.0,0,0,0,0,,,,0,False,548,0.0,0,270,0.0,-1,False,,0.0,0,0.0,0,0.0,0,5.0,0,0,0,0,0.0,0.0,0,4.526,3.939,5.114,0.026
2026-10-09,2026-10-09T10:03:45+00:00,2026,5,5,597462,585,Herrington,Lucas,Herrington,DEF,11,88,Hull City,4.0,4.0,0.0,5,197,5,0,0,0,0,19,1.0,1.2,0.6,13097,19132,0.1665,0.2433,-0.0767,7.7,42.8,23.1,11.0,a,,,,,1.0,0.2,1.0,1.0,1,1,0,3,0,0,0,0,0,0.02,0.04,0.06,3.36,16,2,6,14,,,,0,False,236,0.0,1298,2245,-31.4,0,False,,-31.4,-2,-31.4,-2,-31.4,-2,5.0,1497,38,0,0,1.0,9.5,0,4.047,3.46,4.634,0.047
2026-10-09,2026-10-09T10:03:45+00:00,2026,5,5,599303,466,Neave,Sean,Neave,FWD,17,4,Newcastle,4.5,4.5,0.0,0,0,0,0,0,0,0,0,0.0,0.0,0.5,23805,53508,0.3027,0.6804,-0.3777,0.0,0.0,0.0,0.0,u,Has joined Wolves on loan for the rest of the season,2026-09-04T12:37:43.515176Z,0.0,0.0,0.0,0.0,0.0,0.0,0,0,0,0,0,0,0,0,0,0.0,0.0,0.0,0.0,0,0,0,0,,,,0,False,251,0.0,0,4886,0.0,-26,False,,0.0,0,0.0,0,0.0,0,5.0,0,0,0,0,0.0,0.0,0,4.542,3.954,5.131,0.042
2026-10-09,2026-10-09T10:03:45+00:00,2026,5,5,601767,664,Salia,Vakhtang,Salia,FWD,17,4,Newcastle,4.5,4.5,0.0,0,0,0,0,0,0,0,0,0.0,0.0,0.2,12717,2223,0.1617,0.0283,0.1334,0.0,0.0,0.0,0.0,a,,,,,0.0,0.0,1.0,1.0,0,0,0,0,0,0,0,0,0,0.0,0.0,0.0,0.0,0,0,0,0,,,,0,False,365,0.0,12717,2223,0.9,32,False,,1.2,1,1.7,1,2.2,1,5.0,0,0,0,0,0.0,0.0,0,4.537,3.949,5.126,0.037
2026-10-09,2026-10-09T10:03:45+00:00,2026,5,5,605972,633,Ahanor,Honest,Ahanor,DEF,8,31,Crystal Palace,4.5,4.5,0.0,3,90,1,0,0,0,0,10,3.0,0.7,0.0,1951,589,0.0248,0.0075,0.0173,4.1,24.6,11.9,4.0,a,,,,,1.5,0.3,1.5,1.5,0,1,0,3,0,0,0,0,0,0.0,0.01,0.01,1.68,11,2,4,9,,,,0,False,586,0.0,176,137,0.1,1,False,,0.1,1,0.1,1,0.2,1,5.0,684,23,0,0,3.0,5.1,0,4.402,3.815,4.99,-0.098
2026-10-09,2026-10-09T10:03:45+00:00,2026,5,5,606702,362,Jacquet,Jeremy,Jacquet,DEF,14,14,Liverpool,5.0,5.0,0.0,24,415,5,0,0,3,3,112,4.8,4.8,3.4,240446,137973,3.0573,1.7544,1.303,15.5,106.2,44.5,4.0,d,Hamstring injury - 75% chance of playing,2026-10-06T00:30:10.323830Z,100.0,75.0,7.5,1.5,7.5,5.6,6,5,0,4,0,0,0,1,0,0.0,0.14,0.14,5.51,36,11,21,25,,,,0,False,100,0.0,42564,27940,58.7,-117,False,,57.7,3,55.8,3,53.9,3,5.0,3154,182,0,0,4.8,36.5,0,5.24,4.647,5.832,0.24
2026-10-09,2026-10-09T10:03:45+00:00,2026,5,5,606745,421,Heaven,Ayden,Heaven,DEF,16,1,Man Utd,4.3,4.5,-0.2,1,90,1,0,0,0,0,5,1.0,0.2,0.3,6102,24449,0.0776,0.3109,-0.2333,2.0,6.8,2.6,11.0,a,,,,,0.0,0.0,0.0,0.0,0,1,0,2,0,0,0,0,0,0.12,0.04,0.16,1.01,2,1,4,1,,,,0,False,305,-0.1,332,1863,-2.3,-7,False,,-3.7,-1,-6.2,-1,-8.7,-1,5.0,684,8,0,0,1.0,1.8,0,4.308,3.721,4.896,0.008
2026-10-09,2026-10-09T10:03:45+00:00,2026,5,5,606798,38,A.García,Andrés,García,DEF,2,7,Aston Villa,4.0,4.0,0.0,0,0,0,0,0,0,0,0,0.0,0.0,1.5,45689,69767,0.5809,0.8871,-0.3062,0.0,0.0,0.0,0.0,a,,,,,0.0,0.0,0.0,0.0,0,0,0,0,0,0,0,0,0,0.0,0.0,0.0,0.0,0,0,0,0,,,,0,False,150,0.0,2243,7867,-40.6,-16,False,,-41.5,-3,-43.4,-3,-45.2,-3,5.0,0,0,0,0,0.0,0.0,0,4.01,3.422,4.598,0.01
2026-10-09,2026-10-09T10:03:45+00:00,2026,5,5,606921,216,Esse,Romain,Esse,MID,8,31,Crystal Palace,5.0,5.0,0.0,0,0,0,0,0,0,0,0,0.0,0.0,0.0,399,3275,0.0051,0.0416,-0.0366,0.0,0.0,0.0,0.0,u,Has joined Millwall on loan for the rest of the season,2026-09-02T15:41:07.376544Z,0.0,0.0,0.0,0.0,0.0,0.0,0,0,0,0,0,0,0,0,0,0.0,0.0,0.0,0.0,0,0,0,0,,,,0,False,588,0.0,0,164,0.0,-2,False,,0.0,0,0.0,0,0.0,0,5.0,0,0,0,0,0.0,0.0,0,4.788,4.2,5.375,-0.212
2026-10-09,2026-10-09T10:03:45+00:00,2026,5,5,606930,586,Mendy,Nobel,Mendy,DEF,11,88,Hull City,4.1,3.9999999999999996,0.1,25,249,4,1,0,2,1,69,6.2,6.1,6.2,687122,364102,8.7369,4.6296,4.1073,16.4,108.2,1.4,54.0,a,,2026-09-12T18:00:09.334142Z,0.0,100.0,0.5,0.1,0.0,0.5,0,4,0,1,0,0,0,0,0,0.32,0.0,0.32,4.02,39,7,6,32,,,,1,False,61,0.0,10830,39119,-1.7,-38,False,,-2.3,-1,-3.3,-1,-4.4,-1,5.0,1892,190,8,0,6.2,38.7,1,5.405,4.809,6.0,1.305
2026-10-09,2026-10-09T10:03:45+00:00,2026,5,5,607464,88,Kayode,Michael,Kayode,DEF,4,94,Brentford,4.6,4.5,0.1,23,294,5,1,0,2,1,72,4.6,5.0,7.6,605590,376840,7.7002,4.7916,2.9086,15.3,63.8,32.9,56.0,a,,,,,3.5,0.8,3.5,3.5,6,4,0,1,0,0,0,0,0,0.55,0.43,0.98,3.24,16,2,14,14,,,,1,False,49,0.0,22892,30606,-39.4,100,False,,-38.2,-2,-35.9,-2,-33.7,-2,5.0,2234,175,8,0,4.6,38.0,0,5.535,4.941,6.13,0.935
2026-10-09,2026-10-09T10:03:45+00:00,2026,5,5,608181,137,Tzimas,Stefanos,Tzimas,FWD,5,36,Brighton,5.4,5.5,-0.1,0,0,0,0,0,0,0,0,0.0,0.0,0.0,344,768,0.0044,0.0098,-0.0054,0.0,0.0,0.0,0.0,i,Knee injury - Unknown return date,2026-07-23T12:01:23.432796Z,0.0,0.0,0.0,0.0,0.0,0.0,0,0,0,0,0,0,0,0,0,0.0,0.0,0.0,0.0,0,0,0,0,,,,0,False,628,0.0,47,70,-6.3,0,False,,-6.3,-1,-6.3,-1,-6.3,-1,5.0,0,0,0,0,0.0,0.0,0,5.041,4.452,5.629,-0.359
2026-10-09,2026-10-09T10:03:45+00:00,2026,5,5,608227,576,Stroud,Elliot,Stroud,MID,11,88,Hull City,5.0,5.0,0.0,7,249,4,0,0,2,0,17,1.8,1.4,0.1,3702,4838,0.0471,0.0615,-0.0144,3.8,8.4,22.7,12.0,a,,,,,0.5,0.1,0.5,0.5,0,4,0,1,0,0,0,1,0,0.06,0.05,0.11,4.32,20,5,12,3,,,,0,False,443,0.0,180,615,-65.2,0,False,,-65.2,-3,-65.2,-3,-65.2,-3,5.0,1892,53,0,0,1.8,10.6,0,4.847,4.26,5.434,-0.153
2026-10-09,2026-10-09T10:03:45+00:00,2026,5,5,609873,244,Armstrong,Harrison,Armstrong,MID,9,11,Everton,5.0,5.0,0.0,16,446,5,0,1,3,0,61,3.2,3.2,0.4,54188,33484,0.689,0.4258,0.2633,14.7,62.6,64.5,19.0,a,,2026-09-17T08:30:08.942299Z,75.0,100.0,2.5,0.5,1.9,2.5,2,5,0,3,0,0,0,2,0,0.21,0.49,0.7,6.94,40,8,19,13,,,,0,False,277,0.0,1128,4130,10.0,0,False,,10.0,1,10.0,1,10.0,1,5.0,3390,122,0,8,3.2,24.3,0,5.381,4.793,5.97,0.381
2026-10-09,2026-10-09T10:03:45+00:00,2026,5,5,610799,504,Vuskovic,Luka,Vušković,DEF,5,36,Brighton,5.0,5.0,0.0,32,437,5,1,0,3,2,98,6.4,6.4,3.9,292291,147129,3.7165,1.8708,1.8458,21.8,128.2,18.0,72.0,a,,,,,7.0,1.4,7.0,7.0,8,5,0,5,0,0,0,0,0,0.46,0.07,0.53,8.45,43,6,17,37,,,,1,False,85,0.0,89191,22317,66.9,298,False,,69.5,3,74.4,3,79.2,3,5.0,3321,243,8,0,6.4,38.7,1,5.683,5.081,6.285,0.683
2026-10-09,2026-10-09T10:03:45+00:00,2026,5,5,611665,461,Touré,Bazoumana,Touré,MID,17,4,Newcastle,5.8,6.0,-0.2,8,50,3,1,0,0,0,29,2.7,1.4,0.1,3848,16763,0.0489,0.2131,-0.1642,6.4,37.6,5.3,21.0,a,,,,,3.5,0.6,3.5,3.5,1,0,0,1,0,0,0,0,0,0.28,0.01,0.29,0.76,4,0,3,1,,,,0,False,384,0.0,465,1156,-18.1,-11,False,,-26.5,-2,-41.7,-3,-57.0,-3,5.0,380,61,8,0,2.7,10.5,0,6.055,5.467,6.644,0.255
2026-10-09,2026-10-09T10:03:45+00:00,2026,5,5,611695,605,Yalcouyé,Malick,Yalcouyé,MID,5,36,Brighton,4.5,4.5,0.0,20,236,5,2,0,1,1,96,4.0,4.4,3.9,563834,181765,7.1693,2.3112,4.8581,29.1,109.2,70.3,111.0,a,,,,,4.5,1.0,4.5,4.5,1,3,0,4,0,0,0,0,0,1.46,0.45,1.91,6.57,19,6,7,6,,,,0,False,86,0.0,34945,43811,57.5,-48,False,,57.1,3,56.3,3,55.5,3,5.0,1794,152,15,0,4.0,33.8,0,6.131,5.536,6.726,1.631
2026-10-09,2026-10-09T10:03:45+00:00,2026,5,5,611917,601,Williams-Barnett,Luca,Williams-Barnett,MID,19,6,Spurs,4.5,4.5,0.0,0,0,0,0,0,0,0,0,0.0,0.0,0.1,10292,7152,0.1309,0.0909,0.0399,0.0,0.0,0.0,0.0,a,,,,,0.0,0.0,0.0,0.0,0,0,0,0,0,0,0,0,0,0.0,0.0,0.0,0.0,0,0,0,0,,,,0,False,390,0.0,210,869,-60.3,-2,False,,-61.8,-3,-64.6,-3,-67.4,-3,5.0,0,0,0,0,0.0,0.0,0,4.596,4.009,5.184,0.096
2026-10-09,2026-10-09T10:03:45+00:00,2026,5,5,611922,369,Ngumoha,Rio,Ngumoha,MID,14,14,Liverpool,5.7,6.0,-0.3,4,99,3,0,0,0,0,13,1.3,0.7,0.4,14842,90348,0.1887,1.1488,-0.9601,2.1,4.4,8.1,11.0,a,,,,,0.5,0.1,0.5,0.5,0,1,0,2,0,0,0,0,0,0.15,0.05,0.2,0.68,4,1,2,1,,,,0,False,262,-0.1,1064,5322,-30.3,-31,False,,-33.9,-2,-40.6,-3,-47.4,-3,5.0,752,30,0,0,1.3,5.3,0,5.419,4.831,6.006,-0.281
2026-10-09,2026-10-09T10:03:45+00:00,2026,5,5,612534,660,Fredrick,Benjamin,Fredrick,DEF,4,94,Brentford,4.0,4.0,0.0,0,0,0,0,0,0,0,0,0.0,0.0,0.0,644,82,0.0082,0.001,0.0071,0.0,0.0,0.0,0.0,a,,,,,0.0,0.0,1.1,1.1,0,0,0,0,0,0,0,0,0,0.0,0.0,0.0,0.0,0,0,0,0,,,,0,False,611,0.0,644,82,0.0,2,False,,0.1,1,0.1,1,0.1,1,5.0,0,0,0,0,0.0,0.0,0,3.962,3.374,4.551,-0.038
2026-10-09,2026-10-09T10:03:45+00:00,2026,5,5,612855,600,Osman,Ibrahim,Osman,MID,5,36,Brighton,5.0,5.0,0.0,3,40,3,0,0,0,0,15,1.0,0.6,0.0,963,1120,0.0122,0.0142,-0.002,4.2,7.2,17.8,19.0,a,,,,,0.5,0.1,0.5,0.5,0,0,0,1,0,0,0,0,0,0.05,0.07,0.12,0.32,4,1,3,0,,,,0,False,580,0.0,132,153,-75.8,0,False,,-75.8,-3,-75.8,-3,-75.8,-3,5.0,304,23,0,0,1.0,4.6,0,4.854,4.267,5.442,-0.146
2026-10-09,2026-10-09T10:03:45+00:00,2026,5,5,613221,634,Fernandez-Pardo,Matias,Fernandez-Pardo,FWD,17,4,Newcastle,6.0,6.0,0.0,4,157,3,0,0,0,0,16,1.3,0.7,0.1,18255,6851,0.2321,0.0871,0.145,3.1,3.4,12.5,15.0,a,,,,,1.5,0.2,1.5,1.5,2,2,0,4,0,0,0,0,0,0.05,0.01,0.06,2.94,5,2,3,0,,,,0,False,379,0.0,3184,1951,1.1,29,False,,1.4,1,1.9,1,2.3,1,5.0,1193,30,0,0,1.3,5.1,0,5.367,4.778,5.955,-0.633
2026-10-09,2026-10-09T10:03:45+00:00,2026,5,5,613804,620,Diouf,El Hadji Malick,Diouf,DEF,4,94,Brentford,4.5,4.5,0.0,2,39,2,0,0,0,0,7,1.0,0.4,0.1,13858,7530,0.1762,0.0957,0.0805,0.7,5.6,1.3,0.0,a,,,,,1.0,0.2,1.0,1.0,1,0,0,0,0,0,0,0,0,0.0,0.01,0.01,0.63,2,0,1,2,,,,0,False,429,0.0,697,868,-36.7,1,False,,-35.7,-2,-33.8,-2,-31.9,-2,5.0,296,15,0,0,1.0,3.4,0,4.269,3.68,4.857,-0.231
2026-10-09,2026-10-09T10:03:45+00:00,2026,5,5,614071,53,Manzambi,Johan,Manzambi,MID,2,7,Aston Villa,5.9,6.0,-0.1,14,98,2,1,1,1,2,48,7.0,2.4,0.5,44439,22140,0.5651,0.2815,0.2835,15.6,65.8,29.8,60.0,a,,2026-08-15T15:30:06.388335Z,100.0,100.0,7.0,1.2,7.0,7.0,13,1,0,1,0,0,0,0,0,0.44,0.24,0.68,1.54,9,2,5,2,,,,1,False,244,0.0,41453,5521,13.8,293,False,,16.4,1,21.2,2,25.9,2,5.0,745,106,8,8,7.0,18.0,0,6.709,6.118,7.3,0.809
2026-10-09,2026-10-09T10:03:45+00:00,2026,5,5,614574,76,Tóth.A,Alex,Tóth,MID,3,91,Bournemouth,4.9,5.0,-0.1,2,17,2,0,0,0,0,8,1.0,0.4,0.0,395,805,0.005,0.0102,-0.0052,0.3,3.0,0.7,0.0,a,,,,,0.5,0.1,0.5,0.5,1,0,0,2,0,0,0,0,0,0.0,0.0,0.0,0.56,2,1,1,0,,,,0,False,594,0.0,38,76,-17.7,0,False,,-17.7,-1,-17.7,-1,-17.7,-1,5.0,129,15,0,0,1.0,3.1,0,4.824,4.236,5.413,-0.076
2026-10-09,2026-10-09T10:03:45+00:00,2026,5,5,616069,626,Zepa,Macaulay,Zepa,MID,10,54,Fulham,4.4,4.5,-0.1,0,0,0,0,0,0,0,0,0.0,0.0,0.3,36356,19086,0.4623,0.2427,0.2196,0.0,0.0,0.0,0.0,a,,,,,0.0,0.0,0.0,0.0,0,0,0,0,0,0,0,0,0,0.0,0.0,0.0,0.0,0,0,0,0,,,,0,False,285,-0.1,2189,2872,0.5,9,False,,0.6,1,0.7,1,0.9,1,5.0,0,0,0,0,0.0,0.0,0,4.507,3.92,5.094,0.107
2026-10-09,2026-10-09T10:03:45+00:00,2026,5,5,616077,20,Dowman,Max,Dowman,MID,1,3,Arsenal,5.3,5.5,-0.2,1,9,1,0,0,0,0,4,1.0,0.2,0.1,3084,7502,0.0392,0.0954,-0.0562,1.7,2.0,14.8,0.0,d,Unspecified injury - 75% chance of playing,2026-10-05T19:00:10.141532Z,,75.0,0.5,0.1,0.5,0.4,1,0,0,0,0,0,0,0,0,0.0,0.08,0.08,0.31,0,0,0,0,,,,0,False,466,0.0,496,783,-23.0,0,False,,-23.0,-2,-23.0,-2,-23.0,-2,5.0,68,8,0,0,1.0,1.4,0,5.13,4.543,5.718,-0.17
2026-10-09,2026-10-09T10:03:45+00:00,2026,5,5,616221,511,Souza,João Victor,de Souza Menezes,DEF,19,6,Spurs,4.0,4.0,0.0,0,0,0,0,0,0,0,0,0.0,0.0,0.2,2555,17173,0.0325,0.2184,-0.1859,0.0,0.0,0.0,0.0,u,Has joined FC Porto on loan for the rest of the season,2026-09-01T13:24:26.858636Z,0.0,0.0,0.0,0.0,0.0,0.0,0,0,0,0,0,0,0,0,0,0.0,0.0,0.0,0.0,0,0,0,0,,,,0,False,367,0.0,0,1187,0.0,-11,False,,0.0,0,0.0,0,0.0,0,5.0,0,0,0,0,0.0,0.0,0,4.076,3.488,4.664,0.076
2026-10-09,2026-10-09T10:03:45+00:00,2026,5,5,616222,396,Vitor Reis,Vitor,de Oliveira Nunes dos Reis,DEF,15,43,Man City,4.5,4.5,0.0,1,1,1,0,0,0,0,3,1.0,0.2,0.0,571,1204,0.0073,0.0153,-0.008,0.2,1.2,0.9,0.0,a,,,,,0.0,0.0,0.0,0.0,0,0,0,0,0,0,0,0,0,0.0,0.0,0.0,0.0,0,0,0,0,,,,0,False,526,0.0,91,181,-91.1,0,False,,-91.1,-3,-91.1,-3,-91.1,-3,5.0,8,8,0,0,1.0,1.7,0,4.531,3.943,5.12,0.031
2026-10-09,2026-10-09T10:03:45+00:00,2026,5,5,616288,621,McAidoo,Ryan,McAidoo,MID,15,43,Man City,4.4,4.5,-0.1,2,11,2,0,0,0,0,8,1.0,0.5,0.1,11530,7310,0.1466,0.0929,0.0537,0.8,5.2,0.5,3.0,a,,,,,0.0,0.0,0.0,0.0,0,0,0,0,0,0,0,0,0,0.1,0.0,0.1,0.02,4,2,2,0,,,,0,False,409,-0.1,361,1287,0.0,0,False,,0.0,0,0.0,0,0.0,0,5.0,84,15,0,0,1.0,3.5,0,4.788,4.2,5.376,0.388
2026-10-09,2026-10-09T10:03:45+00:00,2026,5,5,620109,152,Palestra,Marco,Palestra,DEF,6,8,Chelsea,5.3,5.5,-0.2,0,0,0,0,0,0,0,0,0.0,0.0,0.6,6905,222269,0.0878,2.8262,-2.7384,0.0,0.0,0.0,0.0,d,Thigh injury - 50% chance of playing,2026-08-24T18:30:07.421239Z,50.0,50.0,0.0,0.0,0.0,0.0,0,0,0,0,0,0,0,0,0,0.0,0.0,0.0,0.0,0,0,0,0,,,,0,False,231,0.0,445,5728,-7.6,-22,False,,-9.4,-1,-12.8,-1,-16.3,-1,5.0,0,0,0,0,0.0,0.0,0,4.875,4.287,5.463,-0.425
2026-10-09,2026-10-09T10:03:45+00:00,2026,5,5,620487,63,Milosavljević,Veljko,Milosavljevic,DEF,3,91,Bournemouth,4.9,5.0,-0.1,0,0,0,0,0,0,0,0,0.0,0.0,0.0,351,876,0.0045,0.0111,-0.0067,0.0,0.0,0.0,0.0,i,Thigh injury - Unknown return date,2026-08-06T10:00:10.456051Z,0.0,0.0,0.0,0.0,0.0,0.0,0,0,0,0,0,0,0,0,0,0.0,0.0,0.0,0.0,0,0,0,0,,,,0,False,622,0.0,45,79,-9.4,0,False,,-9.4,-1,-9.4,-1,-9.4,-1,5.0,0,0,0,0,0.0,0.0,0,4.523,3.935,5.112,-0.377
2026-10-09,2026-10-09T10:03:45+00:00,2026,5,5,622758,561,Anselmino,Aaron,Anselmino,DEF,6,8,Chelsea,4.5,4.5,0.0,0,0,0,0,0,0,0,0,0.0,0.0,0.0,842,1272,0.0107,0.0162,-0.0055,0.0,0.0,0.0,0.0,a,,2026-08-23T19:00:08.536705Z,100.0,100.0,0.0,0.0,0.0,0.0,0,0,0,0,0,0,0,0,0,0.0,0.0,0.0,0.0,0,0,0,0,,,,0,False,571,0.0,85,124,-0.4,0,False,,-0.4,-1,-0.4,-1,-0.4,-1,5.0,0,0,0,0,0.0,0.0,0,4.373,3.785,4.96,-0.127
2026-10-09,2026-10-09T10:03:45+00:00,2026,5,5,624773,157,Estêvão,Estêvão,Almeida de Oliveira Gonçalves,MID,6,8,Chelsea,6.3,6.5,-0.2,4,23,4,0,0,0,0,17,1.0,0.6,0.7,18583,87803,0.2363,1.1164,-0.8801,5.0,8.6,1.6,38.0,a,,,,,1.0,0.2,1.0,1.0,1,0,0,1,0,0,0,0,0,0.07,0.07,0.14,1.01,2,1,1,0,2.0,,5.0,0,False,217,0.0,2669,5068,-33.2,-10,False,,-34.6,-2,-37.0,-2,-39.5,-2,5.0,175,30,0,0,1.0,4.8,0,5.762,5.173,6.35,-0.538
2026-10-09,2026-10-09T10:03:45+00:00,2026,5,5,624777,628,Allan,Allan,Andrade Elias,MID,15,43,Man City,6.0,6.0,0.0,0,0,0,0,0,0,0,0,0.0,0.0,0.0,1223,720,0.0156,0.0092,0.0064,0.0,0.0,0.0,0.0,a,,,,,0.0,0.0,0.0,0.0,0,0,0,0,0,0,0,0,0,0.0,0.0,0.0,0.0,0,0,0,0,,,,0,False,604,0.0,260,199,0.1,0,False,,0.1,1,0.1,1,0.1,1,5.0,0,0,0,0,0.0,0.0,0,5.596,5.007,6.185,-0.404
2026-10-09,2026-10-09T10:03:45+00:00,2026,5,5,626464,657,Nunes,Gustavo,Nunes Fernandes Gomes,MID,4,94,Brentford,4.5,4.5,0.0,0,0,0,0,0,0,0,0,0.0,0.0,0.0,2155,701,0.0274,0.0089,0.0185,0.0,0.0,0.0,0.0,a,,,,,0.0,0.0,0.0,0.0,0,0,0,0,0,0,0,0,0,0.0,0.0,0.0,0.0,0,0,0,0,,,,0,False,555,0.0,413,308,0.0,0,False,,0.0,0,0.0,0,0.0,0,5.0,0,0,0,0,0.0,0.0,0,4.484,3.896,5.073,-0.016
2026-10-09,2026-10-09T10:03:45+00:00,2026,5,5,626751,632,Ansah,Ilyas,Ansah,FWD,11,88,Hull City,5.0,5.0,0.0,0,0,0,0,0,0,0,0,0.0,0.0,0.0,5136,3598,0.0653,0.0457,0.0196,0.0,0.0,0.0,0.0,i,Back injury - Unknown return date,2026-09-09T10:00:08.919489Z,0.0,0.0,0.0,0.0,0.0,0.0,0,0,0,0,0,0,0,0,0,0.0,0.0,0.0,0.0,0,0,0,0,,,,0,False,556,0.0,89,518,-81.6,-3,False,,-85.0,-3,-91.1,-3,-97.3,-4,5.0,0,0,0,0,0.0,0.0,0,4.792,4.204,5.38,-0.208
2026-10-09,2026-10-09T10:03:45+00:00,2026,5,5,627221,599,Cherif,Sidiki,Cherif,FWD,7,9,Coventry City,5.0,5.0,0.0,1,30,1,0,0,0,0,3,1.0,0.2,0.1,7635,7818,0.0971,0.0994,-0.0023,0.1,1.0,0.2,0.0,a,,,,,0.5,0.1,0.5,0.5,0,0,0,3,0,0,0,0,0,0.0,0.0,0.0,1.43,1,0,0,1,,,,0,False,417,0.0,708,979,-8.4,-3,False,,-10.7,-1,-15.0,-1,-19.3,-1,5.0,228,8,0,0,1.0,1.5,0,4.803,4.215,5.39,-0.197
2026-10-09,2026-10-09T10:03:45+00:00,2026,5,5,629068,654,Graham,Braiden,Graham,MID,9,11,Everton,4.5,4.5,0.0,0,0,0,0,0,0,0,0,0.0,0.0,0.1,11317,5461,0.1439,0.0694,0.0745,0.0,0.0,0.0,0.0,a,,,,,0.0,0.0,0.0,0.0,0,0,0,0,0,0,0,0,0,0.0,0.0,0.0,0.0,0,0,0,0,,,,0,False,416,0.0,271,1156,-44.2,-2,False,,-45.6,-3,-48.1,-3,-50.7,-3,5.0,0,0,0,0,0.0,0.0,0,4.576,3.988,5.164,0.076
2026-10-09,2026-10-09T10:03:45+00:00,2026,5,5,629397,192,Andrews,Kai,Andrews,MID,7,9,Coventry City,4.5,4.5,0.0,0,0,0,0,0,0,0,0,0.0,0.0,0.3,2718,41944,0.0346,0.5333,-0.4988,0.0,0.0,0.0,0.0,u,Has joined Oxford United on loan for the rest of the season,2026-08-29T00:35:59.998520Z,0.0,0.0,0.0,0.0,0.0,0.0,0,0,0,0,0,0,0,0,0,0.0,0.0,0.0,0.0,0,0,0,0,,,,0,False,303,0.0,0,2839,0.0,-15,False,,0.0,0,0.0,0,0.0,0,5.0,0,0,0,0,0.0,0.0,0,4.532,3.945,5.119,0.032
2026-10-09,2026-10-09T10:03:45+00:00,2026,5,5,631000,637,Vaz,Robinio,Vaz,FWD,11,88,Hull City,5.0,5.0,0.0,2,20,2,0,0,0,0,8,1.0,0.4,0.1,12840,4263,0.1633,0.0542,0.1091,1.6,2.4,11.7,2.0,a,,,,,1.0,0.2,1.0,1.0,1,0,0,0,0,0,0,0,0,0.0,0.01,0.01,0.31,2,0,2,0,,,,0,False,405,0.0,2335,1442,1.4,-1,False,,1.4,1,1.4,1,1.4,1,5.0,152,15,0,0,1.0,3.0,0,4.836,4.248,5.423,-0.164
2026-10-09,2026-10-09T10:03:45+00:00,2026,5,5,631786,272,Kusi-Asare,Jonah,Kusi-Asare,FWD,10,54,Fulham,4.5,4.5,0.0,0,0,0,0,0,0,0,0,0.0,0.0,5.3,164463,313866,2.0912,3.9909,-1.8997,0.0,0.0,0.0,0.0,a,,,,,0.0,0.0,0.0,0.0,0,0,0,0,0,0,0,0,0,0.0,0.0,0.0,0.0,0,0,0,0,,,,0,False,73,0.0,14992,46061,-74.9,-162,False,,-77.7,-3,-82.8,-3,-88.0,-3,5.0,0,0,0,0,0.0,0.0,0,4.606,4.018,5.193,0.106
2026-10-09,2026-10-09T10:03:45+00:00,2026,5,5,632794,559,Bamba,Aladji,Bamba,MID,17,4,Newcastle,4.9,5.0,-0.1,3,27,3,0,0,0,0,12,1.0,0.6,0.1,2593,7729,0.033,0.0983,-0.0653,1.2,11.6,0.4,0.0,a,,,,,1.0,0.2,1.0,1.0,1,0,0,1,0,0,0,0,0,0.0,0.0,0.0,1.29,8,3,2,3,,,,0,False,426,0.0,153,645,-83.5,-4,False,,-87.5,-3,-94.8,-3,-102.1,-5,5.0,205,23,0,0,1.0,4.7,0,4.857,4.269,5.444,-0.043
2026-10-09,2026-10-09T10:03:45+00:00,2026,5,5,636846,662,Nicoll-Jazuli,Mahdi,Nicoll-Jazuli,MID,6,8,Chelsea,4.5,4.5,0.0,1,3,1,0,0,0,0,5,1.0,0.2,0.0,402,94,0.0051,0.0012,0.0039,0.6,4.6,1.7,0.0,a,,,,,1.0,0.2,1.1,1.1,1,0,0,1,0,0,0,0,0,0.0,0.0,0.0,0.43,2,2,0,0,,,,0,False,625,0.0,402,94,0.0,0,False,,0.0,0,0.0,0,0.0,0,5.0,23,8,0,0,1.0,1.7,0,4.661,4.073,5.249,0.161
2026-10-09,2026-10-09T10:03:45+00:00,2026,5,5,636852,462,Steur,Sean,Steur,MID,17,4,Newcastle,4.9,5.0,-0.1,8,223,5,0,0,1,0,42,1.6,1.6,0.1,2510,6338,0.0319,0.0806,-0.0487,8.8,35.4,52.2,0.0,a,,,,,2.5,0.5,2.5,2.5,3,2,0,5,0,0,0,0,0,0.0,0.06,0.06,4.23,21,4,8,9,,,,0,False,460,0.0,354,541,-59.0,-1,False,,-60.6,-3,-63.4,-3,-66.2,-3,5.0,1695,61,0,0,1.6,12.4,0,4.874,4.286,5.461,-0.026
2026-10-09,2026-10-09T10:03:45+00:00,2026,5,5,637238,616,Bouaddi,Ayyoub,Bouaddi,MID,15,43,Man City,5.5,5.5,0.0,2,22,2,0,0,0,0,8,1.0,0.4,0.2,21182,13902,0.2693,0.1768,0.0926,1.8,13.0,4.8,0.0,a,,,,,0.0,0.0,0.0,0.0,0,0,0,0,0,0,0,0,0,0.0,0.12,0.12,0.37,6,0,3,3,,,,0,False,349,0.0,983,2463,-42.5,-7,False,,-46.2,-3,-53.0,-3,-59.8,-3,5.0,167,15,0,0,1.0,2.8,0,5.346,4.758,5.934,-0.154
2026-10-09,2026-10-09T10:03:45+00:00,2026,5,5,638411,612,Methalie,Dayann,Méthalie,DEF,20,56,Sunderland,4.5,4.5,0.0,-1,90,1,0,0,0,0,-8,-1.0,-0.2,0.0,936,508,0.0119,0.0065,0.0054,1.2,8.0,2.0,2.0,a,,2026-08-28T13:00:08.950445Z,100.0,100.0,-0.5,-0.1,-0.5,-0.5,-1,1,0,5,0,0,0,1,0,0.03,0.01,0.04,2.82,3,1,4,2,,,,0,False,613,0.0,147,82,0.0,0,False,,0.0,0,0.0,0,0.0,0,5.0,684,-1,0,0,0.0,-0.2,3,4.152,3.564,4.739,-0.348
2026-10-09,2026-10-09T10:03:45+00:00,2026,5,5,638987,631,Mbaye,Ibrahim,Mbaye,MID,2,7,Aston Villa,6.0,6.0,0.0,2,33,2,0,0,0,0,8,1.0,0.3,0.1,10747,5154,0.1367,0.0655,0.0711,4.3,9.0,15.2,19.0,a,,,,,1.0,0.2,1.0,1.0,1,0,0,3,0,0,0,0,0,0.02,0.13,0.15,1.64,2,1,1,0,,,,0,False,453,0.0,1239,1473,0.3,2,False,,0.4,1,0.4,1,0.4,1,5.0,251,15,0,0,1.0,2.5,0,5.374,4.786,5.963,-0.626
2026-10-09,2026-10-09T10:03:45+00:00,2026,5,5,640419,509,Byfield,Jun'ai,Byfield,DEF,19,6,Spurs,4.0,4.0,0.0,0,0,0,0,0,0,0,0,0.0,0.0,0.1,2377,2660,0.0302,0.0338,-0.0036,0.0,0.0,0.0,0.0,a,,,,,0.0,0.0,0.0,0.0,0,0,0,0,0,0,0,0,0,0.0,0.0,0.0,0.0,0,0,0,0,,,,0,False,481,0.0,162,316,-6.8,0,False,,-6.8,-1,-6.8,-1,-6.8,-1,5.0,0,0,0,0,0.0,0.0,0,4.074,3.487,4.662,0.074
2026-10-09,2026-10-09T10:03:45+00:00,2026,5,5,643970,603,Lienou,Jayden,Lienou,DEF,13,2,Leeds,4.0,4.0,0.0,0,0,0,0,0,0,0,0,0.0,0.0,0.1,6971,4072,0.0886,0.0518,0.0369,0.0,0.0,0.0,0.0,a,,,,,0.0,0.0,0.0,0.0,0,0,0,0,0,0,0,0,0,0.0,0.0,0.0,0.0,0,0,0,0,,,,0,False,415,0.0,298,605,0.1,0,False,,0.1,1,0.1,1,0.1,1,5.0,0,0,0,0,0.0,0.0,0,4.007,3.42,4.594,0.007
2026-10-09,2026-10-09T10:03:45+00:00,2026,5,5,645618,50,Burrowes,Bradley,Burrowes,MID,2,7,Aston Villa,4.5,4.5,0.0,0,0,0,0,0,0,0,0,0.0,0.0,0.6,21572,35999,0.2743,0.4577,-0.1834,0.0,0.0,0.0,0.0,a,,,,,0.0,0.0,0.0,0.0,0,0,0,0,0,0,0,0,0,0.0,0.0,0.0,0.0,0,0,0,0,,,,0,False,240,0.0,747,4275,-91.8,-16,False,,-94.5,-3,-99.4,-4,-104.3,-5,5.0,0,0,0,0,0.0,0.0,0,4.517,3.929,5.105,0.017
2026-10-09,2026-10-09T10:03:45+00:00,2026,5,5,647681,363,Leoni,Giovanni,Leoni,DEF,14,14,Liverpool,4.0,4.0,0.0,0,0,0,0,0,0,0,0,0.0,0.0,0.0,882,2171,0.0112,0.0276,-0.0164,0.0,0.0,0.0,0.0,i,Knee injury - Unknown return date,2026-07-23T12:01:23.596909Z,0.0,0.0,0.0,0.0,0.0,0.0,0,0,0,0,0,0,0,0,0,0.0,0.0,0.0,0.0,0,0,0,0,,,,0,False,538,0.0,81,240,-69.1,-1,False,,-70.4,-3,-72.7,-3,-75.1,-3,5.0,0,0,0,0,0.0,0.0,0,4.118,3.53,4.706,0.118
2026-10-09,2026-10-09T10:03:45+00:00,2026,5,5,647839,645,Mouzakitis,Christos,Mouzakitis,MID,11,88,Hull City,5.0,5.0,0.0,0,0,0,0,0,0,0,0,0.0,0.0,0.0,803,331,0.0102,0.0042,0.006,0.0,0.0,0.0,0.0,a,,,,,0.0,0.0,0.0,0.0,0,0,0,0,0,0,0,0,0,0.0,0.0,0.0,0.0,0,0,0,0,,,,0,False,620,0.0,111,105,0.0,1,False,,0.0,0,0.0,0,0.1,1,5.0,0,0,0,0,0.0,0.0,0,4.801,4.214,5.389,-0.199
2026-10-09,2026-10-09T10:03:45+00:00,2026,5,5,647850,138,Kostoulas,Charalampos,Kostoulas,FWD,5,36,Brighton,5.6,5.5,0.1,28,353,5,2,3,2,3,105,5.6,5.0,5.7,570457,66389,7.2535,0.8441,6.4093,26.1,95.8,39.1,127.0,a,,,,,10.0,1.8,10.0,10.0,10,4,0,5,0,0,0,1,0,1.35,0.06,1.41,7.67,27,4,18,5,,,,1,False,67,0.1,465766,33879,44.9,3863,False,,57.5,3,80.6,3,103.7,5,5.0,2683,213,15,23,5.6,38.0,0,7.683,7.084,8.281,2.083
2026-10-09,2026-10-09T10:03:45+00:00,2026,5,5,649208,410,Monga,Jeremy,Monga,MID,15,43,Man City,4.9,5.0,-0.1,0,0,0,0,0,0,0,0,0.0,0.0,0.0,219,1284,0.0028,0.0163,-0.0135,0.0,0.0,0.0,0.0,u,Has joined Swansea City on loan for the rest of the season,2026-09-02T16:02:01.136760Z,0.0,0.0,0.0,0.0,0.0,0.0,0,0,0,0,0,0,0,0,0,0.0,0.0,0.0,0.0,0,0,0,0,,,,0,False,623,0.0,0,64,0.0,-1,False,,0.0,0,0.0,0,0.0,0,5.0,0,0,0,0,0.0,0.0,0,4.997,4.409,5.585,0.097
2026-10-09,2026-10-09T10:03:45+00:00,2026,5,5,651426,203,Canvot,Jaydee,Canvot,DEF,8,31,Crystal Palace,4.8,5.0,-0.2,10,360,4,0,0,1,0,38,2.5,2.1,0.2,6080,19846,0.0773,0.2523,-0.175,11.5,83.0,25.3,7.0,a,,,,,4.0,0.8,4.0,4.0,8,4,0,8,0,0,0,0,0,0.05,0.13,0.18,7.78,34,8,11,26,,,,0,False,336,-0.1,738,1196,0.1,12,False,,0.2,1,0.4,1,0.6,1,5.0,2736,76,0,0,2.5,15.8,0,4.572,3.985,5.16,-0.228
2026-10-09,2026-10-09T10:03:45+00:00,2026,5,5,653481,52,Alysson,Alysson Edward Franco,da Rocha dos Santos,MID,2,7,Aston Villa,5.0,5.0,0.0,8,87,4,1,0,0,0,34,2.0,1.6,0.0,3362,3839,0.0427,0.0488,-0.0061,7.0,39.8,4.9,25.0,d,Unspecified injury - 75% chance of playing,2026-09-19T11:30:09.355376Z,,75.0,3.0,0.6,3.0,2.2,0,0,0,2,0,0,0,1,0,0.06,0.0,0.06,2.4,8,2,4,2,,,,0,False,503,0.0,76,976,-15.2,-5,False,,-21.1,-2,-31.9,-2,-42.8,-3,5.0,661,61,8,0,2.0,12.2,0,5.491,4.901,6.08,0.491
2026-10-09,2026-10-09T10:03:45+00:00,2026,5,5,655585,665,Mills,Michael,Mills,MID,17,4,Newcastle,4.5,4.5,0.0,0,0,0,0,0,0,0,0,0.0,0.0,0.0,192,37,0.0024,0.0005,0.002,0.0,0.0,0.0,0.0,a,,,,,0.0,0.0,1.1,1.1,0,0,0,0,0,0,0,0,0,0.0,0.0,0.0,0.0,0,0,0,0,,,,0,False,650,0.0,192,37,0.0,0,False,,0.0,0,0.0,0,0.0,0,5.0,0,0,0,0,0.0,0.0,0,4.543,3.956,5.131,0.043
2026-10-09,2026-10-09T10:03:45+00:00,2026,5,5,660392,225,Uche,Christantus,Uche,FWD,8,31,Crystal Palace,5.0,5.0,0.0,0,0,0,0,0,0,0,0,0.0,0.0,0.0,0,0,0.0,0.0,0.0,0.0,0.0,0.0,0.0,u,has returned to Getafe CF,2026-07-23T12:18:56.275922Z,0.0,0.0,0.0,0.0,0.0,0.0,0,0,0,0,0,0,0,0,0,0.0,0.0,0.0,0.0,0,0,0,0,,,,0,False,667,0.0,0,0,0.0,0,False,,0.0,0,0.0,0,0.0,0,5.0,0,0,0,0,0.0,0.0,0,4.778,4.19,5.366,-0.222
2026-10-09,2026-10-09T10:03:45+00:00,2026,5,5,661016,658,Ibrahim,Younes,Ibrahim,MID,5,36,Brighton,4.5,4.5,0.0,0,0,0,0,0,0,0,0,0.0,0.0,0.0,1536,505,0.0195,0.0064,0.0131,0.0,0.0,0.0,0.0,a,,,,,0.0,0.0,0.0,0.0,0,0,0,0,0,0,0,0,0,0.0,0.0,0.0,0.0,0,0,0,0,,,,0,False,587,0.0,373,237,0.0,4,False,,0.1,1,0.1,1,0.2,1,5.0,0,0,0,0,0.0,0.0,0,4.526,3.939,5.114,0.026
2026-10-09,2026-10-09T10:03:45+00:00,2026,5,5,661313,651,J.Angulo,Juan,Angulo,FWD,20,56,Sunderland,4.5,4.5,0.0,0,0,0,0,0,0,0,0,0.0,0.0,0.8,93711,31957,1.1916,0.4063,0.7852,0.0,0.0,0.0,0.0,a,,,,,0.0,0.0,0.0,0.0,0,0,0,0,0,0,0,0,0,0.0,0.0,0.0,0.0,0,0,0,0,,,,0,False,206,0.0,11843,8942,5.6,9,False,,5.7,1,5.8,1,6.0,1,5.0,0,0,0,0,0.0,0.0,0,4.531,3.943,5.119,0.031
2026-10-09,2026-10-09T10:03:45+00:00,2026,5,5,661800,284,McCarthy,Cathal,McCarthy,DEF,11,88,Hull City,4.0,4.0,0.0,0,0,0,0,0,0,0,0,0.0,0.0,0.1,5045,4733,0.0641,0.0602,0.004,0.0,0.0,0.0,0.0,a,,,,,0.0,0.0,0.0,0.0,0,0,0,0,0,0,0,0,0,0.0,0.0,0.0,0.0,0,0,0,0,,,,0,False,423,0.0,511,581,0.5,0,False,,0.5,1,0.5,1,0.5,1,5.0,0,0,0,0,0.0,0.0,0,4.007,3.42,4.594,0.007
2026-10-09,2026-10-09T10:03:45+00:00,2026,5,5,661888,575,Yirenkyi,Caleb,Yirenkyi,MID,7,9,Coventry City,4.8,5.0,-0.2,9,265,5,0,0,2,0,36,1.8,1.9,0.1,3042,14005,0.0387,0.1781,-0.1394,6.0,15.4,41.6,7.0,a,,,,,2.0,0.4,2.0,2.0,3,3,0,5,0,0,0,1,0,0.03,0.15,0.18,4.25,21,1,13,7,,,,0,False,375,-0.1,390,1338,-6.3,-6,False,,-8.4,-1,-12.3,-1,-16.2,-1,5.0,2014,68,0,0,1.8,14.2,0,4.843,4.256,5.43,0.043
2026-10-09,2026-10-09T10:03:45+00:00,2026,5,5,665243,659,Miley,Mason,Miley,MID,17,4,Newcastle,4.5,4.5,0.0,0,0,0,0,0,0,0,0,0.0,0.0,0.0,5183,1383,0.0659,0.0176,0.0483,0.0,0.0,0.0,0.0,a,,,,,0.0,0.0,0.0,0.0,0,0,0,0,0,0,0,0,0,0.0,0.0,0.0,0.0,0,0,0,0,,,,0,False,504,0.0,1745,781,0.1,6,False,,0.1,1,0.2,1,0.3,1,5.0,0,0,0,0,0.0,0.0,0,4.543,3.956,5.131,0.043
2026-10-09,2026-10-09T10:03:45+00:00,2026,5,5,671875,666,Thompson,Kyran,Thompson,MID,17,4,Newcastle,4.5,4.5,0.0,0,0,0,0,0,0,0,0,0.0,0.0,0.0,277,43,0.0035,0.0005,0.003,0.0,0.0,0.0,0.0,a,,,,,0.0,0.0,1.1,1.1,0,0,0,0,0,0,0,0,0,0.0,0.0,0.0,0.0,0,0,0,0,,,,0,False,643,0.0,277,43,0.0,1,False,,0.0,0,0.0,0,0.1,1,5.0,0,0,0,0,0.0,0.0,0,4.543,3.956,5.131,0.043
2026-10-09,2026-10-09T10:03:45+00:00,2026,5,5,672492,221,Drakes-Thomas,Joél,Drakes-Thomas,MID,8,31,Crystal Palace,4.4,4.5,-0.1,0,0,0,0,0,0,0,0,0.0,0.0,0.1,2761,4795,0.0351,0.061,-0.0259,0.0,0.0,0.0,0.0,a,,,,,0.0,0.0,0.0,0.0,0,0,0,0,0,0,0,0,0,0.0,0.0,0.0,0.0,0,0,0,0,,,,0,False,464,-0.1,213,550,-1.1,0,False,,-1.1,-1,-1.1,-1,-1.1,-1,5.0,0,0,0,0,0.0,0.0,0,4.49,3.902,5.078,0.09
2026-10-09,2026-10-09T10:03:45+00:00,2026,5,5,684268,189,Shepherd,George,Shepherd,MID,7,9,Coventry City,4.4,4.5,-0.1,0,0,0,0,0,0,0,0,0.0,0.0,0.3,11457,16419,0.1457,0.2088,-0.0631,0.0,0.0,0.0,0.0,a,,,,,0.0,0.0,0.0,0.0,0,0,0,0,0,0,0,0,0,0.0,0.0,0.0,0.0,0,0,0,0,,,,0,False,301,0.0,4737,3548,0.8,-3,False,,0.8,1,0.7,1,0.7,1,5.0,0,0,0,0,0.0,0.0,0,4.507,3.92,5.094,0.107
2026-10-09,2026-10-09T10:03:45+00:00,2026,5,5,690838,582,Madjo,Brian,Madjo,FWD,2,7,Aston Villa,5.4,5.5,-0.1,0,0,0,0,0,0,0,0,0.0,0.0,0.2,3169,31230,0.0403,0.3971,-0.3568,0.0,0.0,0.0,0.0,i,Unspecified injury - Unknown return date,2026-08-15T16:00:07.974271Z,0.0,0.0,0.0,0.0,0.0,0.0,0,0,0,0,0,0,0,0,0,0.0,0.0,0.0,0.0,0,0,0,0,,,,0,False,334,0.0,484,2459,-31.1,-7,False,,-32.3,-2,-34.6,-2,-36.9,-2,5.0,0,0,0,0,0.0,0.0,0,5.025,4.436,5.613,-0.375
2026-10-09,2026-10-09T10:03:45+00:00,2026,5,5,696104,613,Ahoka,Jules,Ahoka,MID,20,56,Sunderland,4.5,4.5,0.0,0,0,0,0,0,0,0,0,0.0,0.0,0.2,25508,14596,0.3243,0.1856,0.1387,0.0,0.0,0.0,0.0,a,,,,,0.0,0.0,0.0,0.0,0,0,0,0,0,0,0,0,0,0.0,0.0,0.0,0.0,0,0,0,0,,,,0,False,316,0.0,713,1898,-54.4,-4,False,,-56.1,-3,-59.2,-3,-62.3,-3,5.0,0,0,0,0,0.0,0.0,0,4.53,3.943,5.117,0.03
2026-10-09,2026-10-09T10:03:45+00:00,2026,5,5,699989,550,Jocelin.T,Djiamgone Jocelin Ta,Bi,MID,20,56,Sunderland,5.0,5.0,0.0,0,0,0,0,0,0,0,0,0.0,0.0,0.0,329,441,0.0042,0.0056,-0.0014,0.0,0.0,0.0,0.0,a,,,,,0.0,0.0,0.0,0.0,0,0,0,0,0,0,0,0,0,0.0,0.0,0.0,0.0,0,0,0,0,,,,0,False,630,0.0,55,60,-98.3,0,False,,-98.3,-4,-98.3,-4,-98.3,-4,5.0,0,0,0,0,0.0,0.0,0,4.801,4.214,5.389,-0.199
2026-10-09,2026-10-09T10:03:45+00:00,2026,5,5,700308,135,Yohanna,Zadok,Yohanna,MID,5,36,Brighton,4.8,5.0,-0.2,1,12,1,0,0,0,0,3,1.0,0.2,0.0,1272,5613,0.0162,0.0714,-0.0552,0.2,0.2,1.3,0.0,i,Unspecified injury - Expected back 10 Oct,2026-09-10T13:00:08.617941Z,0.0,0.0,0.0,0.0,0.0,0.0,0,0,0,0,0,0,0,0,0,0.0,0.03,0.03,0.0,0,0,0,0,,,,0,False,532,-0.1,29,506,-4.9,-1,False,,-5.6,-1,-6.9,-1,-8.2,-1,5.0,91,8,0,0,1.0,1.6,0,4.769,4.182,5.357,-0.031
