element,gw,selected,value
1,1,33117,55
2,1,7979,55
3,1,93903,55
4,1,57131,50
5,1,79581,50
6,1,56083,50
7,1,16863,50
8,1,5323,45
9,1,3502,45
10,1,6135,45
11,1,1474313,110
12,1,193916,95
13,1,102737,45
14,1,276322,50
15,1,100612,75
16,1,126595,70
17,1,128875,60
18,1,83398,55
19,1,116243,50
20,1,22214,45
21,1,257779,45
22,1,112887,45
23,1,8669,45
24,1,12095,45
25,1,4771,45
26,1,26144,55
27,1,11690,45
28,1,15856,60
29,1,345002,60
30,1,19086,55
31,1,126685,55
32,1,1639,50
33,1,9062,45
34,1,18904,45
35,1,12198,45
36,1,16049,60
37,1,165358,50
38,1,33714,45
39,1,9572,45
40,1,5056,45
41,1,9444,45
42,1,400846,45
43,1,1596,45
44,1,209377,60
45,1,19327,55
46,1,20055,50
47,1,709131,45
48,1,1503984,40
49,1,31960,65
50,1,5564,60
51,1,178,55
52,1,1177,55
53,1,210,50
54,1,5703,50
55,1,30111,50
56,1,6689,45
57,1,170109,45
58,1,11475,50
59,1,1076302,50
60,1,14037,45
61,1,8741,45
62,1,646,45
63,1,90570,45
64,1,6035,45
65,1,281145,40
66,1,476670,40
67,1,1093028,80
68,1,1189451,65
69,1,31837,55
70,1,25874,50
71,1,54600,45
72,1,176267,45
73,1,25338,45
74,1,16650,45
75,1,1114343,75
76,1,23881,65
77,1,345,60
78,1,22253,50
79,1,369,50
80,1,3616,50
81,1,1322,50
82,1,12723,50
83,1,47250,50
84,1,96554,50
85,1,16279,45
86,1,10554,45
87,1,91379,45
88,1,8088,45
89,1,182745,40
90,1,43298,65
91,1,99872,65
92,1,4450,55
93,1,344271,45
94,1,368460,45
95,1,121823,45
96,1,15688,60
97,1,23782,60
98,1,1759,55
99,1,251,55
100,1,5770,55
101,1,51159,55
102,1,16050,50
103,1,267531,65
104,1,6039,60
105,1,471790,60
106,1,514779,60
107,1,45795,55
108,1,52353,50
109,1,27445,45
110,1,130453,70
111,1,282338,55
112,1,13954,50
113,1,47254,70
114,1,170160,70
115,1,6591,65
116,1,10428,60
117,1,422507,60
118,1,220477,50
119,1,396047,50
120,1,136850,45
121,1,1685,45
122,1,1879259,55
123,1,370787,55
124,1,769,50
125,1,5794,50
126,1,25054,45
127,1,13571,45
128,1,1343781,40
129,1,56054,60
130,1,280588,45
131,1,22626,50
132,1,63901,45
133,1,1082439,70
134,1,495302,70
135,1,212703,60
136,1,8467,55
137,1,7981,55
138,1,110758,55
139,1,10397,50
140,1,4261,45
141,1,1405926,60
142,1,39761,55
143,1,159291,55
144,1,192717,55
145,1,7810,50
146,1,11663,60
147,1,104923,60
148,1,513077,55
149,1,471674,40
150,1,513213,80
151,1,791565,80
152,1,29043,65
153,1,49374,65
154,1,7729,55
155,1,773,50
156,1,2779,50
157,1,38471,45
158,1,74476,45
159,1,311670,60
160,1,932347,55
161,1,315266,55
162,1,41342,50
163,1,22675,45
164,1,18040,45
165,1,84689,45
166,1,586801,90
167,1,22504,60
168,1,330914,50
169,1,6851,45
170,1,12460,45
171,1,568427,70
172,1,13242,60
173,1,3977,55
174,1,17934,55
175,1,35855,55
176,1,69367,50
177,1,16320,45
178,1,18668,45
179,1,52604,45
180,1,30605,45
181,1,1889240,70
182,1,1302032,70
183,1,2725192,65
184,1,101038,55
185,1,65735,55
186,1,18316,55
187,1,609454,95
188,1,165505,55
189,1,1769075,60
190,1,4262,45
191,1,2375465,125
192,1,842260,115
193,1,28598,65
194,1,25239,65
195,1,7143,60
196,1,32077,60
197,1,49706,55
198,1,39328,55
199,1,145844,55
200,1,48632,55
201,1,352,45
202,1,459735,65
203,1,1043495,60
204,1,22287,60
205,1,25909,55
206,1,608638,55
207,1,194117,55
208,1,80133,55
209,1,7745,50
210,1,1027331,120
211,1,126424,95
212,1,980143,60
213,1,18987,50
214,1,1768195,120
215,1,868463,95
216,1,45772,95
217,1,64307,85
218,1,1507840,80
219,1,257201,75
220,1,39755,55
221,1,70381,55
222,1,177023,55
223,1,17251,55
224,1,24251,55
225,1,69797,55
226,1,110821,55
227,1,8821,50
228,1,3005,50
229,1,12005,50
230,1,5497,50
231,1,11640,50
232,1,49789,85
233,1,931252,85
234,1,958114,45
235,1,610697,55
236,1,10664,50
237,1,6599,50
238,1,360078,85
239,1,327361,75
240,1,68707,70
241,1,77366,65
242,1,27384,65
243,1,128489,60
244,1,9973,55
245,1,7553,50
246,1,9129,50
247,1,36386,50
248,1,36236,50
249,1,16045,45
250,1,6284,45
251,1,32906,55
252,1,99525,50
253,1,3395,45
254,1,10073,45
255,1,13306,45
256,1,9344,45
257,1,223,45
258,1,458877,45
259,1,11409,45
260,1,9455,55
261,1,4140,50
262,1,56134,50
263,1,9114,45
264,1,64138,40
265,1,960786,65
266,1,46041,60
267,1,7932,55
268,1,4845,50
269,1,19128,50
270,1,40685,50
271,1,432483,45
272,1,6486,45
273,1,13966,45
274,1,168643,45
275,1,1528,45
276,1,12026,45
277,1,143674,40
278,1,148712,65
279,1,4400,55
280,1,65462,45
281,1,274630,40
282,1,12512,65
283,1,24938,60
284,1,12943,55
285,1,6865,55
286,1,7181,50
287,1,21324,45
288,1,17197,45
289,1,10849,45
290,1,44913,45
291,1,21696,50
292,1,9790,45
293,1,20821,45
294,1,8980,45
295,1,10565,45
296,1,148105,40
297,1,410353,40
298,1,46529,60
299,1,17039,45
300,1,6067,55
301,1,9891,50
302,1,21532,50
303,1,12742,55
304,1,10483,50
305,1,65827,50
306,1,23676,50
307,1,43489,45
308,1,7817,45
309,1,75148,45
310,1,22021,45
311,1,66650,40
312,1,11296,60
313,1,130990,60
314,1,14065,50
315,1,324430,50
316,1,4253,45
317,1,58416,45
318,1,45934,45
319,1,49447,45
320,1,131545,65
321,1,56852,60
322,1,3694,55
323,1,9797,55
324,1,10698,50
325,1,50569,50
326,1,2163,45
327,1,10048,45
328,1,71666,45
329,1,9750,55
330,1,199716,55
331,1,436313,55
332,1,135628,55
333,1,63856,55
334,1,20975,55
335,1,1755,50
336,1,16777,50
337,1,218430,50
338,1,1591131,110
339,1,9875,45
340,1,514748,55
341,1,15962,45
342,1,60979,95
343,1,370921,90
344,1,38989,85
345,1,608669,75
346,1,37710,60
347,1,20098,55
348,1,3818,50
349,1,84388,50
350,1,10534,50
351,1,798,45
352,1,25018,45
353,1,253744,50
354,1,13634,45
355,1,4687,45
356,1,15852,45
357,1,49998,45
358,1,261010,45
359,1,35136,45
360,1,8515,40
361,1,100621,40
362,1,174949,65
363,1,337999,65
364,1,46334,60
365,1,47746,50
366,1,168877,50
367,1,9535,45
368,1,200815,60
369,1,246209,60
370,1,13737,55
371,1,7519,50
372,1,2976,50
373,1,57796,50
374,1,15914,45
375,1,6262,45
376,1,23399,50
377,1,19136,45
378,1,23599,45
379,1,45630,45
380,1,19613,45
381,1,231395,45
382,1,27470,45
383,1,303577,40
384,1,67721,40
385,1,10496,70
386,1,57838,60
387,1,118372,45
388,1,286631,50
389,1,96528,70
390,1,529492,70
391,1,58508,65
392,1,11742,60
393,1,17010,55
394,1,32147,50
395,1,157759,50
396,1,26530,50
397,1,20626,45
398,1,6188,45
399,1,56910,65
400,1,5433,45
401,1,199907,60
402,1,70548,55
403,1,91016,50
404,1,36416,50
405,1,381591,50
406,1,17215,45
407,1,17166,45
408,1,94477,40
409,1,1293686,75
410,1,760902,65
411,1,271369,50
412,1,29942,45
413,1,46295,40
414,1,479901,55
415,1,397333,55
416,1,6061,50
417,1,17995,50
418,1,1482,50
419,1,722,50
420,1,840922,45
421,1,44764,60
422,1,68985,55
423,1,8809,45
427,1,16175,45
428,1,59003,60
429,1,8824,45
430,1,8105,50
431,1,498277,75
432,1,49783,55
433,1,7262,50
434,1,11189,55
435,1,7580,55
436,1,6034,45
437,1,75736,60
438,1,5892,55
439,1,16860,50
440,1,14821,50
441,1,8298,55
442,1,221033,60
443,1,72406,55
444,1,47151,45
445,1,94735,45
446,1,8835,45
447,1,9332,45
448,1,327240,65
449,1,35867,45
450,1,18181,45
451,1,25916,60
452,1,4111,45
453,1,55367,55
454,1,8583,45
455,1,6280,45
456,1,12567,50
457,1,244666,75
458,1,32103,45
459,1,184424,50
460,1,115213,70
461,1,48493,70
462,1,4186,55
463,1,47474,60
464,1,33435,45
465,1,149330,55
466,1,136531,60
467,1,39038,45
468,1,155018,50
469,1,208921,55
470,1,36123,45
471,1,80682,45
472,1,2668,50
473,1,25791,50
474,1,5785,45
475,1,3535,45
476,1,8568,50
477,1,9711,45
478,1,8985,45
479,1,41384,45
480,1,33262,45
481,1,7610,45
482,1,4015,45
483,1,1504,50
484,1,33433,40
485,1,4771,45
486,1,18025,50
487,1,82601,60
488,1,283730,95
489,1,6922,55
490,1,7466,50
491,1,12791,45
492,1,4272,60
493,1,5861,45
494,1,3091,45
495,1,3785,45
496,1,401577,70
497,1,4598,50
498,1,10377,45
499,1,3183,50
500,1,34113,55
501,1,9589,60
502,1,19770,60
503,1,116208,45
504,1,46077,45
505,1,62133,60
506,1,3524,50
507,1,2422,45
508,1,3305,55
509,1,34251,45
510,1,52407,50
511,1,15480,55
512,1,8949,60
513,1,10411,45
514,1,3165,60
515,1,49998,55
516,1,16261,50
517,1,4750,55
518,1,67202,55
519,1,3239,45
520,1,10294,55
521,1,1248,45
522,1,12216,45
523,1,30815,75
524,1,18354,55
525,1,22066,65
526,1,0,45
527,1,0,50
528,1,0,50
529,1,0,45
1,2,36709,55
2,2,8154,55
3,2,61787,55
4,2,300326,50
5,2,120270,50
6,2,79442,50
7,2,10089,50
8,2,3704,45
9,2,2582,45
10,2,5767,45
11,2,1793344,110
12,2,195393,95
13,2,79691,45
14,2,443302,50
15,2,64919,74
16,2,145143,70
17,2,136614,60
18,2,91310,55
19,2,122676,50
20,2,20424,45
21,2,432533,45
22,2,120473,45
23,2,6684,45
24,2,15221,45
25,2,4768,45
26,2,22427,55
27,2,12283,45
28,2,16676,60
29,2,369565,60
30,2,25533,55
31,2,350521,56
32,2,1272,50
33,2,6899,45
34,2,23918,45
35,2,12889,45
36,2,16111,60
37,2,178478,50
38,2,50184,45
39,2,10547,45
40,2,5361,45
41,2,9812,45
42,2,638520,45
43,2,1248,45
44,2,204727,60
45,2,21795,55
46,2,116668,50
47,2,951271,45
48,2,1600184,40
49,2,88937,65
50,2,5781,60
51,2,185,55
52,2,961,55
53,2,213,50
54,2,71475,50
55,2,33372,50
56,2,5226,45
57,2,231064,45
58,2,14443,50
59,2,1059134,50
60,2,16309,45
61,2,108632,45
62,2,612,45
63,2,88424,45
64,2,4917,45
65,2,365133,40
66,2,492423,40
67,2,1054621,80
68,2,1140443,65
69,2,33763,55
70,2,24532,50
71,2,44378,45
72,2,162692,45
73,2,24253,45
74,2,15330,45
75,2,1005651,75
76,2,16619,65
77,2,338,60
78,2,22002,50
79,2,398,50
80,2,3803,50
81,2,1082,50
82,2,15061,50
83,2,52788,50
84,2,106328,50
85,2,20927,45
86,2,11120,45
87,2,76445,45
88,2,9436,45
89,2,194021,40
90,2,233541,65
91,2,82910,65
92,2,4725,55
93,2,457584,45
94,2,421787,45
95,2,117165,45
96,2,115765,60
97,2,23267,60
98,2,1518,55
99,2,280,55
100,2,6144,55
101,2,48808,55
102,2,19860,50
103,2,240438,64
104,2,7432,60
105,2,468158,60
106,2,526000,60
107,2,97486,55
108,2,66648,50
109,2,31217,45
110,2,150385,70
111,2,348004,55
112,2,15386,50
113,2,40401,70
114,2,243762,70
115,2,5930,65
116,2,9532,60
117,2,434106,60
118,2,245994,50
119,2,465300,50
120,2,143926,45
121,2,1650,45
122,2,2177360,55
123,2,389546,55
124,2,698,50
125,2,5138,50
126,2,38390,45
127,2,20281,45
128,2,1590996,40
129,2,71692,60
130,2,368135,45
131,2,34685,50
132,2,62111,45
133,2,1117259,70
134,2,468348,70
135,2,224017,60
136,2,11693,55
137,2,5530,55
138,2,109551,55
139,2,10617,50
140,2,4955,45
141,2,1483833,60
142,2,119809,55
143,2,193361,55
144,2,216643,55
145,2,7367,50
146,2,11598,60
147,2,111451,60
148,2,670856,55
149,2,545191,40
150,2,558233,80
151,2,774275,80
152,2,37116,65
153,2,47822,65
154,2,9641,55
155,2,631,50
156,2,2020,50
157,2,46481,45
158,2,62157,45
159,2,351659,60
160,2,1156657,55
161,2,335869,55
162,2,55941,50
163,2,24677,45
164,2,32264,45
165,2,80900,45
166,2,551733,90
167,2,22249,60
168,2,379621,50
169,2,7426,45
170,2,14278,45
171,2,576149,70
172,2,14322,60
173,2,4207,55
174,2,19963,55
175,2,34382,55
176,2,83961,50
177,2,21177,45
178,2,22576,45
179,2,50312,45
180,2,61138,45
181,2,1844951,70
182,2,1492715,70
183,2,3217035,65
184,2,128977,55
185,2,58235,54
186,2,16605,55
187,2,673000,95
188,2,479825,56
189,2,741621,59
190,2,3382,45
191,2,2778082,125
192,2,863447,115
193,2,27412,65
194,2,27411,65
195,2,7855,60
196,2,26267,60
197,2,77496,55
198,2,61833,55
199,2,165162,55
200,2,50003,55
201,2,400,45
202,2,521926,65
203,2,1219479,60
204,2,18410,60
205,2,19775,55
206,2,679522,55
207,2,235331,55
208,2,71210,54
209,2,4884,50
210,2,1022143,120
211,2,186375,95
212,2,1436012,61
213,2,20828,50
214,2,2358491,121
215,2,995410,95
216,2,26241,94
217,2,264651,85
218,2,1276904,80
219,2,287369,75
220,2,41480,55
221,2,65483,54
222,2,159742,55
223,2,18452,55
224,2,24140,55
225,2,78371,55
226,2,122341,55
227,2,9652,50
228,2,2599,50
229,2,11047,49
230,2,5733,50
231,2,12276,50
232,2,32052,85
233,2,1448980,86
234,2,1004223,45
235,2,1214601,56
236,2,11396,50
237,2,7064,50
238,2,635071,85
239,2,619935,76
240,2,51826,70
241,2,106173,65
242,2,28575,65
243,2,171379,60
244,2,10797,55
245,2,7938,50
246,2,71134,50
247,2,36077,50
248,2,47686,50
249,2,16570,45
250,2,6977,45
251,2,35543,55
252,2,104584,50
253,2,3231,45
254,2,11003,45
255,2,15049,45
256,2,11062,45
257,2,212,45
258,2,445554,45
259,2,11813,45
260,2,9724,55
261,2,3462,50
262,2,61288,50
263,2,9862,45
264,2,63902,40
265,2,922054,65
266,2,57146,60
267,2,7986,55
268,2,5146,50
269,2,18583,50
270,2,46594,50
271,2,443094,45
272,2,5315,45
273,2,14605,45
274,2,172180,45
275,2,1356,45
276,2,13638,45
277,2,151912,40
278,2,398647,66
279,2,3920,55
280,2,80830,45
281,2,306923,40
282,2,10766,64
283,2,52193,60
284,2,11733,55
285,2,8988,55
286,2,13451,50
287,2,45092,45
288,2,19117,45
289,2,10758,45
290,2,63647,45
291,2,22171,50
292,2,9456,45
293,2,21582,45
294,2,10352,45
295,2,11355,45
296,2,158998,40
297,2,506872,40
298,2,89561,60
299,2,16381,45
300,2,3837,55
301,2,9918,50
302,2,22697,50
303,2,15106,55
304,2,10924,50
305,2,65810,50
306,2,22492,50
307,2,43690,45
308,2,8284,45
309,2,68064,45
310,2,21568,45
311,2,75158,40
312,2,7058,60
313,2,119615,60
314,2,15954,50
315,2,299229,50
316,2,4262,45
317,2,61187,45
318,2,41260,45
319,2,49588,45
320,2,119174,65
321,2,54070,60
322,2,3889,55
323,2,9548,55
324,2,10349,50
325,2,46040,50
326,2,1768,45
327,2,12295,45
328,2,81446,45
329,2,8293,55
330,2,174452,54
331,2,436403,55
332,2,147743,55
333,2,72851,55
334,2,15248,55
335,2,1671,50
336,2,20218,50
337,2,212685,50
338,2,1784749,110
339,2,8878,45
340,2,538741,55
341,2,16593,45
342,2,57236,95
343,2,349292,90
344,2,26235,85
345,2,620126,75
346,2,37111,60
347,2,23991,55
348,2,5747,50
349,2,166942,50
350,2,14247,50
351,2,970,45
352,2,36352,45
353,2,225049,50
354,2,13492,45
355,2,4883,45
356,2,15037,45
357,2,47141,45
358,2,237626,45
359,2,32584,45
360,2,7464,40
361,2,107352,40
362,2,160806,65
363,2,297181,65
364,2,44598,60
365,2,50128,50
366,2,157064,50
367,2,9985,45
368,2,168267,60
369,2,206213,60
370,2,13837,55
371,2,7890,50
372,2,3074,50
373,2,59067,50
374,2,14971,45
375,2,6212,45
376,2,27019,50
377,2,19822,45
378,2,23018,45
379,2,46843,45
380,2,21244,45
381,2,227989,45
382,2,27970,45
383,2,320991,40
384,2,77251,40
385,2,7735,70
386,2,58778,60
387,2,145229,45
388,2,308584,50
389,2,93959,70
390,2,401671,70
391,2,77441,65
392,2,10857,60
393,2,17451,55
394,2,33564,50
395,2,166213,50
396,2,21507,50
397,2,27218,45
398,2,4881,45
399,2,53941,65
400,2,5143,45
401,2,224750,60
402,2,72395,55
403,2,98516,50
404,2,39823,50
405,2,424345,50
406,2,17474,45
407,2,18119,45
408,2,114213,40
409,2,1237196,75
410,2,730131,65
411,2,297138,50
412,2,33242,45
413,2,47500,40
414,2,500641,55
415,2,399959,55
416,2,6170,50
417,2,18781,50
418,2,1364,50
419,2,634,50
420,2,995077,45
421,2,38093,60
422,2,53847,55
423,2,9695,45
427,2,18880,45
428,2,70354,60
429,2,9258,45
430,2,8742,50
431,2,546771,75
432,2,73950,55
433,2,7447,50
434,2,10230,55
435,2,7184,55
436,2,6328,45
437,2,70309,60
438,2,5561,55
439,2,16862,50
440,2,13366,49
441,2,8156,55
442,2,500842,60
443,2,108416,55
444,2,43880,45
445,2,144115,45
446,2,8295,45
447,2,210815,45
448,2,342333,65
449,2,34325,45
450,2,18735,45
451,2,23227,59
452,2,4797,45
453,2,57700,55
454,2,8667,45
455,2,8133,45
456,2,11585,50
457,2,228499,75
458,2,30392,45
459,2,178327,50
460,2,152777,70
461,2,42205,69
462,2,4834,55
463,2,86820,60
464,2,38729,45
465,2,186974,55
466,2,161680,60
467,2,76092,45
468,2,197313,50
469,2,224045,55
470,2,41964,45
471,2,93399,45
472,2,2794,50
473,2,25178,50
474,2,6423,45
475,2,8904,45
476,2,11943,50
477,2,11393,45
478,2,10458,45
479,2,38120,45
480,2,38414,45
481,2,8218,45
482,2,3765,45
483,2,1026,50
484,2,37469,40
485,2,5151,45
486,2,17725,50
487,2,79505,60
488,2,282874,95
489,2,12029,55
490,2,18179,50
491,2,14792,45
492,2,3378,60
493,2,6342,45
494,2,8566,45
495,2,4607,45
496,2,390707,70
497,2,5798,50
498,2,11814,45
499,2,4214,50
500,2,41233,55
501,2,9686,60
502,2,52264,60
503,2,120524,45
504,2,101246,45
505,2,60604,60
506,2,4028,50
507,2,2674,45
508,2,4313,55
509,2,51258,45
510,2,46176,50
511,2,17208,55
512,2,8135,60
513,2,13484,45
514,2,3647,60
515,2,37913,55
516,2,18906,50
517,2,5572,55
518,2,84445,55
519,2,4093,45
520,2,8836,55
521,2,2057,45
522,2,15920,45
523,2,34541,75
524,2,12721,55
525,2,18827,65
526,2,178033,45
527,2,1911,50
528,2,979,50
529,2,1050,45
530,2,1840,45
531,2,466,45
532,2,0,45
1,3,30975,54
2,3,7550,55
3,3,56477,54
4,3,343248,50
5,3,121345,50
6,3,78265,50
7,3,8432,50
8,3,3256,44
9,3,2267,45
10,3,5091,45
11,3,1573634,110
12,3,219803,95
13,3,67248,45
14,3,409348,50
15,3,47899,74
16,3,112066,70
17,3,104397,59
18,3,62461,54
19,3,103783,49
20,3,21170,45
21,3,435567,45
22,3,123189,45
23,3,5660,45
24,3,15009,45
25,3,4047,45
26,3,15108,54
27,3,11670,45
28,3,12489,59
29,3,354999,60
30,3,22463,55
31,3,330049,56
32,3,1098,50
33,3,5737,45
34,3,23596,45
35,3,11813,45
36,3,13664,59
37,3,177105,50
38,3,66000,45
39,3,10138,45
40,3,5160,45
41,3,9320,45
42,3,767375,46
43,3,1131,45
44,3,175907,60
45,3,18463,55
46,3,159900,50
47,3,1001596,46
48,3,1636521,40
49,3,83552,65
50,3,5184,59
51,3,187,55
52,3,853,55
53,3,203,50
54,3,65692,50
55,3,29978,50
56,3,4522,45
57,3,218446,45
58,3,14425,50
59,3,921924,50
60,3,16871,45
61,3,102003,45
62,3,578,45
63,3,79479,45
64,3,4174,45
65,3,363006,40
66,3,469519,40
67,3,793719,79
68,3,977772,65
69,3,31326,55
70,3,22405,49
71,3,39010,45
72,3,147643,44
73,3,22920,45
74,3,14497,44
75,3,615551,74
76,3,12919,64
77,3,307,60
78,3,17966,49
79,3,370,50
80,3,3538,49
81,3,961,50
82,3,13556,50
83,3,53156,50
84,3,105756,50
85,3,24396,45
86,3,10700,45
87,3,62700,44
88,3,9287,45
89,3,187090,40
90,3,462696,66
91,3,60327,64
92,3,4492,54
93,3,573817,45
94,3,400918,45
95,3,108737,45
96,3,106007,60
97,3,23265,60
98,3,1386,55
99,3,259,55
100,3,5677,54
101,3,42752,55
102,3,19928,50
103,3,190504,63
104,3,7414,60
105,3,448809,60
106,3,488076,60
107,3,135966,55
108,3,76679,50
109,3,25600,45
110,3,155755,70
111,3,354050,55
112,3,15488,50
113,3,41831,70
114,3,255712,70
115,3,5230,65
116,3,8585,60
117,3,280596,59
118,3,226141,50
119,3,496750,50
120,3,112048,45
121,3,1522,45
122,3,2349140,56
123,3,351795,55
124,3,644,50
125,3,4487,50
126,3,40267,45
127,3,21675,45
128,3,1705953,40
129,3,64248,60
130,3,442942,45
131,3,31680,50
132,3,57502,45
133,3,889279,69
134,3,369198,69
135,3,183235,60
136,3,10224,55
137,3,5242,55
138,3,91983,55
139,3,9518,49
140,3,4707,45
141,3,1629653,60
142,3,332279,56
143,3,246010,55
144,3,245133,55
145,3,7042,49
146,3,10135,59
147,3,105709,60
148,3,789207,56
149,3,569116,40
150,3,476562,80
151,3,615944,79
152,3,147543,65
153,3,41721,64
154,3,9030,55
155,3,579,50
156,3,1765,50
157,3,43399,45
158,3,62478,45
159,3,371329,60
160,3,1243678,55
161,3,272129,55
162,3,79061,50
163,3,29542,45
164,3,89748,45
165,3,72215,44
166,3,488259,89
167,3,19598,59
168,3,406036,50
169,3,7407,45
170,3,14364,45
171,3,655763,70
172,3,13165,60
173,3,3837,54
174,3,18503,55
175,3,28907,54
176,3,214846,50
177,3,20558,45
178,3,21222,45
179,3,51575,45
180,3,63516,45
181,3,1626092,70
182,3,1412954,70
183,3,3261181,65
184,3,106495,55
185,3,61495,54
186,3,13714,54
187,3,733558,95
188,3,435488,56
189,3,572939,59
190,3,3128,45
191,3,2444065,125
192,3,1221704,115
193,3,27521,64
194,3,24100,64
195,3,7431,59
196,3,17671,59
197,3,73585,55
198,3,57492,55
199,3,151399,55
200,3,60213,55
201,3,421,45
202,3,543100,65
203,3,1288564,60
204,3,15601,60
205,3,16005,54
206,3,735688,55
207,3,163661,55
208,3,76034,54
209,3,4219,50
210,3,996740,120
211,3,182336,95
212,3,1434805,61
213,3,19966,49
214,3,2784422,122
215,3,1566970,96
216,3,22177,94
217,3,249610,85
218,3,1032805,79
219,3,231338,75
220,3,35449,54
221,3,55416,54
222,3,146654,54
223,3,17338,54
224,3,22117,54
225,3,80213,55
226,3,135770,55
227,3,9293,49
228,3,2424,50
229,3,10163,49
230,3,5504,49
231,3,11615,49
232,3,28606,85
233,3,1768707,87
234,3,974829,45
235,3,1329773,56
236,3,11288,49
237,3,7215,50
238,3,624081,86
239,3,1173198,77
240,3,43325,69
241,3,102946,65
242,3,25803,64
243,3,159810,60
244,3,9770,54
245,3,7308,49
246,3,59930,50
247,3,31769,49
248,3,46399,50
249,3,15035,45
250,3,6702,45
251,3,31853,55
252,3,93953,50
253,3,2929,45
254,3,10323,45
255,3,13839,45
256,3,10030,45
257,3,202,45
258,3,395403,45
259,3,11016,45
260,3,8975,54
261,3,3044,50
262,3,57057,50
263,3,9600,45
264,3,63511,40
265,3,704801,64
266,3,45244,60
267,3,5572,54
268,3,4935,50
269,3,28933,50
270,3,42015,50
271,3,396415,45
272,3,4618,45
273,3,14814,45
274,3,163903,45
275,3,1245,45
276,3,22372,45
277,3,171903,40
278,3,1505154,68
279,3,3949,54
280,3,82843,45
281,3,320094,40
282,3,9045,64
283,3,44828,60
284,3,7470,54
285,3,8656,55
286,3,12106,50
287,3,333226,46
288,3,18960,45
289,3,13427,45
290,3,74565,45
291,3,26165,50
292,3,8608,44
293,3,24381,45
294,3,12823,45
295,3,13043,45
296,3,157226,40
297,3,1042906,41
298,3,71288,60
299,3,15432,45
300,3,2929,54
301,3,7726,50
302,3,21533,50
303,3,21755,55
304,3,11115,50
305,3,63868,50
306,3,22223,50
307,3,42182,45
308,3,7898,45
309,3,55336,44
310,3,22581,45
311,3,75506,40
312,3,5633,60
313,3,137130,60
314,3,15246,50
315,3,258414,49
316,3,4343,45
317,3,55724,45
318,3,37397,45
319,3,51272,45
320,3,104328,64
321,3,49522,59
322,3,3550,54
323,3,8879,54
324,3,9165,49
325,3,40492,50
326,3,1608,45
327,3,11891,45
328,3,77994,45
329,3,9198,55
330,3,144977,54
331,3,445596,55
332,3,164570,55
333,3,78229,55
334,3,13077,55
335,3,1503,50
336,3,19516,50
337,3,254883,50
338,3,2082179,110
339,3,8226,45
340,3,572671,55
341,3,16202,45
342,3,137515,95
343,3,322936,89
344,3,22013,84
345,3,663307,75
346,3,167211,60
347,3,23567,55
348,3,5773,50
349,3,172607,50
350,3,14141,50
351,3,972,45
352,3,37041,45
353,3,193358,49
354,3,12470,44
355,3,4648,45
356,3,13617,44
357,3,43787,45
358,3,212917,45
359,3,29127,44
360,3,6972,40
361,3,105874,40
362,3,114648,64
363,3,255464,64
364,3,39078,59
365,3,46147,50
366,3,144821,50
367,3,9837,45
368,3,128926,59
369,3,145787,59
370,3,12835,55
371,3,7496,50
372,3,2667,49
373,3,52517,50
374,3,15614,45
375,3,7760,45
376,3,24435,50
377,3,20311,45
378,3,22505,45
379,3,43152,45
380,3,21640,45
381,3,214512,45
382,3,25125,45
383,3,298138,40
384,3,78812,40
385,3,6684,70
386,3,126026,60
387,3,116512,45
388,3,298552,50
389,3,85122,70
390,3,307978,69
391,3,110260,65
392,3,9526,59
393,3,16524,55
394,3,30125,50
395,3,148806,50
396,3,18538,50
397,3,27486,45
398,3,4323,45
399,3,43487,64
400,3,4796,45
401,3,226075,60
402,3,74046,55
403,3,105624,50
404,3,41482,50
405,3,476123,50
406,3,16430,45
407,3,17094,45
408,3,121124,40
409,3,1128333,75
410,3,664219,65
411,3,414601,50
412,3,33351,45
413,3,47769,40
414,3,563921,55
415,3,437728,55
416,3,5978,50
417,3,20573,50
418,3,1222,50
419,3,599,50
420,3,983637,45
421,3,66554,60
422,3,52934,54
423,3,13712,45
427,3,18556,45
428,3,64136,60
429,3,9004,45
430,3,7997,49
431,3,485563,75
432,3,68082,55
433,3,7054,50
434,3,6751,54
435,3,5983,54
436,3,6218,45
437,3,65044,59
438,3,4896,54
439,3,16488,50
440,3,11981,49
441,3,7986,55
442,3,728861,61
443,3,103766,55
444,3,39627,44
445,3,148152,45
446,3,7388,44
447,3,367103,46
448,3,302392,65
449,3,32015,45
450,3,18445,45
451,3,19393,59
452,3,4638,45
453,3,41722,54
454,3,8537,45
455,3,8311,45
456,3,9962,49
457,3,166459,74
458,3,24337,44
459,3,173686,50
460,3,126585,70
461,3,33349,68
462,3,4544,54
463,3,408360,61
464,3,40473,45
465,3,163203,55
466,3,99148,59
467,3,66147,45
468,3,174586,50
469,3,761907,56
470,3,169749,45
471,3,124839,45
472,3,2560,49
473,3,23148,49
474,3,6381,45
475,3,13790,45
476,3,10217,50
477,3,11202,45
478,3,10967,45
479,3,35045,45
480,3,27168,45
481,3,7929,44
482,3,3471,45
483,3,884,49
484,3,37441,40
485,3,4991,45
486,3,16199,49
487,3,67285,59
488,3,215718,94
489,3,10885,55
490,3,18626,50
491,3,13501,45
492,3,2384,59
493,3,5912,45
494,3,13643,45
495,3,4818,45
496,3,275636,69
497,3,6653,50
498,3,10647,45
499,3,4024,50
500,3,27513,55
501,3,8466,60
502,3,49709,60
503,3,103938,45
504,3,112438,45
505,3,82050,60
506,3,3385,50
507,3,4077,45
508,3,3963,55
509,3,61326,45
510,3,34595,50
511,3,14460,55
512,3,11475,60
513,3,13788,45
514,3,3207,60
515,3,30203,55
516,3,16510,50
517,3,5078,55
518,3,76925,55
519,3,4148,45
520,3,7337,55
521,3,2248,45
522,3,15074,45
523,3,29202,75
524,3,9110,55
525,3,12099,65
526,3,226686,45
527,3,1820,50
528,3,1635,50
529,3,1768,45
530,3,1252,45
531,3,677,45
532,3,353,45
1,4,28096,54
2,4,7180,55
3,4,50556,54
4,4,389576,51
5,4,124969,50
6,4,76653,50
7,4,7394,50
8,4,2924,44
9,4,2053,45
10,4,4739,45
11,4,1499754,110
12,4,201972,95
13,4,66341,44
14,4,402670,50
15,4,40370,73
16,4,99835,69
17,4,97303,59
18,4,59887,54
19,4,116554,49
20,4,45715,44
21,4,444341,45
22,4,114557,45
23,4,4973,44
24,4,19823,45
25,4,4162,45
26,4,11406,54
27,4,11316,45
28,4,9819,58
29,4,339699,60
30,4,31576,55
31,4,458759,56
32,4,981,49
33,4,4839,45
34,4,22783,45
35,4,12804,44
36,4,19137,59
37,4,160955,50
38,4,59252,45
39,4,9835,45
40,4,5098,44
41,4,9067,44
42,4,771151,46
43,4,1039,44
44,4,123652,59
45,4,13733,54
46,4,90811,50
47,4,940325,46
48,4,1665644,40
49,4,63023,65
50,4,4925,59
51,4,172,55
52,4,773,54
53,4,191,50
54,4,57502,50
55,4,25533,50
56,4,4631,44
57,4,202499,45
58,4,14760,50
59,4,860627,49
60,4,13599,45
61,4,103929,45
62,4,533,45
63,4,75064,45
64,4,3717,44
65,4,423567,40
66,4,469388,40
67,4,672110,79
68,4,786591,64
69,4,29690,54
70,4,20502,49
71,4,42903,44
72,4,137053,44
73,4,22198,44
74,4,13898,44
75,4,480488,73
76,4,10659,64
77,4,290,60
78,4,16242,49
79,4,363,50
80,4,3331,49
81,4,864,49
82,4,13245,50
83,4,53936,50
84,4,102910,50
85,4,29711,45
86,4,10486,45
87,4,55487,44
88,4,9273,45
89,4,189140,40
90,4,666994,67
91,4,44380,63
92,4,4288,54
93,4,693050,45
94,4,450357,45
95,4,105799,44
96,4,76839,60
97,4,25891,60
98,4,1225,55
99,4,258,55
100,4,5391,54
101,4,37558,54
102,4,19839,50
103,4,168016,63
104,4,6812,60
105,4,451639,60
106,4,435597,59
107,4,185442,55
108,4,89847,50
109,4,19038,44
110,4,117077,69
111,4,365386,55
112,4,15587,49
113,4,45519,70
114,4,144754,70
115,4,4697,64
116,4,7975,60
117,4,220413,58
118,4,210500,50
119,4,382301,50
120,4,95991,45
121,4,1424,45
122,4,2212774,56
123,4,594396,55
124,4,601,50
125,4,4010,50
126,4,52100,45
127,4,20703,45
128,4,1844687,41
129,4,57584,59
130,4,421202,45
131,4,37092,50
132,4,53953,44
133,4,819837,69
134,4,314289,69
135,4,158706,59
136,4,9290,54
137,4,8651,55
138,4,82352,54
139,4,10436,49
140,4,4677,45
141,4,1795092,61
142,4,344087,56
143,4,247406,55
144,4,227297,55
145,4,8438,49
146,4,8760,58
147,4,84229,59
148,4,795798,56
149,4,594599,40
150,4,385230,79
151,4,449839,78
152,4,157751,65
153,4,37581,64
154,4,8455,54
155,4,531,50
156,4,1600,50
157,4,42125,45
158,4,64085,45
159,4,364788,60
160,4,1209236,55
161,4,231126,54
162,4,92500,50
163,4,33945,45
164,4,214639,45
165,4,66267,44
166,4,499553,89
167,4,17311,59
168,4,433234,50
169,4,7406,45
170,4,14200,45
171,4,815284,71
172,4,17833,59
173,4,3576,54
174,4,16619,54
175,4,25166,54
176,4,198763,50
177,4,17544,45
178,4,20079,45
179,4,51688,45
180,4,71909,45
181,4,1481300,69
182,4,1534536,70
183,4,3306073,65
184,4,86003,54
185,4,153503,54
186,4,12221,54
187,4,731346,95
188,4,353457,55
189,4,482277,58
190,4,2926,45
191,4,2810462,125
192,4,1205831,115
193,4,25847,64
194,4,22438,64
195,4,7520,59
196,4,14296,59
197,4,91301,55
198,4,57422,55
199,4,147049,55
200,4,56663,55
201,4,426,45
202,4,546531,65
203,4,1266171,60
204,4,14110,59
205,4,15303,54
206,4,824176,55
207,4,113034,54
208,4,84072,54
209,4,3790,50
210,4,1371233,120
211,4,116769,95
212,4,1473362,61
213,4,19629,49
214,4,3117805,123
215,4,1914603,97
216,4,19886,94
217,4,215727,85
218,4,882644,79
219,4,345449,74
220,4,31003,54
221,4,50223,53
222,4,131919,54
223,4,15655,54
224,4,24031,54
225,4,78515,55
226,4,85716,55
227,4,9257,49
228,4,2317,49
229,4,8037,49
230,4,5427,49
231,4,11315,49
232,4,26532,85
233,4,1609697,86
234,4,986503,45
235,4,1297883,56
236,4,11265,49
237,4,7082,49
238,4,567832,86
239,4,680768,77
240,4,37662,69
241,4,93843,65
242,4,24458,64
243,4,305785,60
244,4,9006,54
245,4,7333,49
246,4,44652,50
247,4,28726,49
248,4,49590,50
249,4,35600,44
250,4,13967,44
251,4,27860,55
252,4,111348,50
253,4,2702,45
254,4,10431,45
255,4,23826,45
256,4,9793,45
257,4,195,45
258,4,375312,45
259,4,10820,44
260,4,8999,54
261,4,2698,50
262,4,66281,50
263,4,9640,45
264,4,63288,40
265,4,517634,63
266,4,40722,60
267,4,7620,54
268,4,4727,49
269,4,31834,50
270,4,44154,50
271,4,365595,45
272,4,4356,45
273,4,16859,45
274,4,156762,45
275,4,1311,45
276,4,25926,45
277,4,201793,40
278,4,2593474,70
279,4,3909,54
280,4,89710,45
281,4,330494,40
282,4,8369,63
283,4,50903,60
284,4,5464,54
285,4,7950,55
286,4,11509,50
287,4,1089772,47
288,4,19700,45
289,4,13655,45
290,4,83396,45
291,4,24331,50
292,4,8043,44
293,4,23331,45
294,4,31039,45
295,4,12788,45
296,4,164966,40
297,4,1325677,42
298,4,51957,59
299,4,14657,44
300,4,2288,54
301,4,6067,49
302,4,19025,50
303,4,19611,55
304,4,16943,50
305,4,51151,50
306,4,21253,50
307,4,45700,45
308,4,7644,45
309,4,44100,44
310,4,21567,45
311,4,79151,40
312,4,4780,60
313,4,144458,60
314,4,13761,50
315,4,221170,49
316,4,4001,45
317,4,44342,45
318,4,35208,44
319,4,64626,45
320,4,87893,64
321,4,44934,59
322,4,3234,54
323,4,8158,54
324,4,8363,49
325,4,36077,49
326,4,1467,45
327,4,11396,45
328,4,76790,45
329,4,9789,55
330,4,127900,53
331,4,415297,55
332,4,153196,55
333,4,77007,55
334,4,11801,55
335,4,1385,50
336,4,19855,49
337,4,174450,50
338,4,1668519,111
339,4,7586,45
340,4,548755,55
341,4,16005,45
342,4,151579,95
343,4,269856,88
344,4,20998,84
345,4,587964,75
346,4,180703,60
347,4,22818,55
348,4,6071,50
349,4,171051,50
350,4,14037,50
351,4,989,45
352,4,35692,45
353,4,161806,49
354,4,11802,44
355,4,4512,44
356,4,12689,44
357,4,39302,45
358,4,189131,44
359,4,27013,44
360,4,6738,40
361,4,109490,40
362,4,63052,63
363,4,194298,63
364,4,49521,59
365,4,43398,49
366,4,135423,49
367,4,9702,45
368,4,104908,59
369,4,99409,59
370,4,13393,55
371,4,7479,49
372,4,2047,49
373,4,46746,49
374,4,15583,45
375,4,7917,45
376,4,23220,49
377,4,20596,45
378,4,23450,45
379,4,41957,44
380,4,24243,45
381,4,206335,45
382,4,23130,44
383,4,258394,40
384,4,86914,40
385,4,6022,70
386,4,91538,60
387,4,98987,45
388,4,289393,50
389,4,75030,70
390,4,319353,69
391,4,215127,65
392,4,9672,59
393,4,14817,54
394,4,27576,49
395,4,136712,49
396,4,41461,50
397,4,26975,45
398,4,4625,44
399,4,34899,63
400,4,4303,45
401,4,215151,60
402,4,72510,55
403,4,108140,50
404,4,41771,50
405,4,517034,50
406,4,15870,44
407,4,16624,44
408,4,134646,40
409,4,1015025,74
410,4,511093,64
411,4,573928,50
412,4,32955,45
413,4,47873,40
414,4,591020,55
415,4,424609,55
416,4,5924,49
417,4,20863,50
418,4,1185,50
419,4,562,50
420,4,881886,45
421,4,52807,60
422,4,48114,54
423,4,13207,45
427,4,18493,45
428,4,130782,60
429,4,8816,45
430,4,7475,49
431,4,500978,75
432,4,86316,55
433,4,6984,49
434,4,5238,54
435,4,5278,54
436,4,6145,45
437,4,50641,58
438,4,5501,54
439,4,15679,50
440,4,11249,48
441,4,7463,54
442,4,370401,60
443,4,92523,55
444,4,36450,44
445,4,282646,45
446,4,6949,44
447,4,474289,46
448,4,254667,64
449,4,31126,44
450,4,18178,45
451,4,17038,58
452,4,4659,44
453,4,30672,53
454,4,8420,45
455,4,29719,45
456,4,9236,49
457,4,339233,74
458,4,35309,44
459,4,171435,50
460,4,555628,71
461,4,27991,67
462,4,4300,54
463,4,1168228,63
464,4,37534,45
465,4,147896,54
466,4,117194,59
467,4,60994,45
468,4,328545,50
469,4,875613,57
470,4,306401,46
471,4,137004,45
472,4,2436,49
473,4,22049,49
474,4,6392,45
475,4,14747,45
476,4,10118,50
477,4,11026,44
478,4,10744,45
479,4,32913,44
480,4,27412,44
481,4,8091,44
482,4,4732,44
483,4,768,49
484,4,42237,40
485,4,4951,44
486,4,15486,49
487,4,54350,58
488,4,234049,94
489,4,10049,55
490,4,21926,50
491,4,12588,45
492,4,1914,59
493,4,5678,44
494,4,19406,45
495,4,5051,45
496,4,191382,68
497,4,4257,50
498,4,9646,45
499,4,4109,50
500,4,19260,54
501,4,9587,59
502,4,36784,60
503,4,108942,45
504,4,105991,45
505,4,186324,60
506,4,3063,50
507,4,4782,45
508,4,5159,55
509,4,65983,45
510,4,27105,49
511,4,12994,54
512,4,11666,60
513,4,13990,45
514,4,2855,59
515,4,26201,54
516,4,13914,50
517,4,5007,55
518,4,72629,55
519,4,5069,45
520,4,6141,55
521,4,2362,45
522,4,14051,45
523,4,26004,74
524,4,7001,54
525,4,11860,65
526,4,330807,45
527,4,1207,50
528,4,2224,50
529,4,2372,45
530,4,1325,45
531,4,923,45
532,4,2205,45
533,4,0,45
534,4,0,45
535,4,0,45
1,5,26902,53
2,5,7110,54
3,5,58382,54
4,5,453771,51
5,5,135300,50
6,5,36242,50
7,5,6713,50
8,5,2711,44
9,5,1891,45
10,5,5245,45
11,5,1468857,110
12,5,153548,94
13,5,66865,44
14,5,415601,50
15,5,41077,73
16,5,77646,69
17,5,139348,59
18,5,56783,53
19,5,111364,49
20,5,32443,44
21,5,616605,46
22,5,101305,45
23,5,4382,44
24,5,21312,45
25,5,4306,45
26,5,9321,54
27,5,11417,44
28,5,8854,58
29,5,301823,60
30,5,28322,55
31,5,462327,56
32,5,889,49
33,5,4212,45
34,5,23010,45
35,5,53891,44
36,5,17982,59
37,5,151728,50
38,5,58446,45
39,5,10335,44
40,5,4916,44
41,5,8960,44
42,5,763224,46
43,5,961,44
44,5,105700,58
45,5,9559,53
46,5,63598,50
47,5,893926,46
48,5,1708178,40
49,5,54447,65
50,5,4861,58
51,5,163,55
52,5,721,54
53,5,196,50
54,5,55687,50
55,5,24904,49
56,5,4427,44
57,5,200872,45
58,5,15435,50
59,5,805983,49
60,5,10779,44
61,5,96679,45
62,5,507,45
63,5,60263,45
64,5,3465,44
65,5,512397,40
66,5,478837,40
67,5,630779,78
68,5,657587,63
69,5,28548,54
70,5,21400,49
71,5,52307,44
72,5,113474,44
73,5,22299,44
74,5,13629,44
75,5,433622,73
76,5,9275,64
77,5,270,59
78,5,15442,48
79,5,346,50
80,5,3249,49
81,5,782,49
82,5,12670,49
83,5,60452,50
84,5,110483,50
85,5,50491,45
86,5,10420,44
87,5,49598,43
88,5,9553,44
89,5,199734,40
90,5,760072,67
91,5,44860,63
92,5,4279,54
93,5,870790,46
94,5,448344,45
95,5,104494,44
96,5,57883,60
97,5,24494,60
98,5,1137,55
99,5,261,55
100,5,5253,54
101,5,35843,54
102,5,20200,50
103,5,151099,62
104,5,7775,60
105,5,415120,59
106,5,412694,59
107,5,139026,55
108,5,77756,50
109,5,16314,44
110,5,99003,68
111,5,334228,55
112,5,15364,49
113,5,44898,70
114,5,113355,70
115,5,4332,64
116,5,8349,59
117,5,180320,57
118,5,228701,50
119,5,319607,50
120,5,83321,45
121,5,1365,45
122,5,1719305,55
123,5,808632,56
124,5,594,50
125,5,5773,50
126,5,148040,45
127,5,17302,45
128,5,1782794,41
129,5,52165,59
130,5,380227,45
131,5,42174,50
132,5,52358,44
133,5,732325,68
134,5,268156,68
135,5,135857,58
136,5,8290,54
137,5,9110,55
138,5,72186,54
139,5,10768,49
140,5,4763,45
141,5,1994135,62
142,5,343479,56
143,5,249449,55
144,5,215520,55
145,5,9309,49
146,5,8402,58
147,5,70194,58
148,5,792254,56
149,5,623572,40
150,5,521855,79
151,5,392345,78
152,5,130770,65
153,5,34548,63
154,5,8149,54
155,5,493,50
156,5,1453,50
157,5,40561,45
158,5,62234,45
159,5,343914,60
160,5,1131005,55
161,5,251028,54
162,5,98432,50
163,5,33671,45
164,5,280998,45
165,5,58936,43
166,5,613077,89
167,5,16220,58
168,5,427766,50
169,5,7397,45
170,5,14115,45
171,5,783912,71
172,5,17988,59
173,5,3511,54
174,5,15789,54
175,5,23761,53
176,5,209018,50
177,5,14386,44
178,5,19328,45
179,5,51030,45
180,5,70768,45
181,5,1382365,69
182,5,1794553,71
183,5,3401581,65
184,5,72195,53
185,5,297744,55
186,5,12353,53
187,5,823859,95
188,5,307206,54
189,5,430058,58
190,5,2770,45
191,5,2874525,125
192,5,1276973,115
193,5,24241,63
194,5,21753,63
195,5,7464,59
196,5,12420,58
197,5,100933,55
198,5,58292,55
199,5,148323,55
200,5,51012,54
201,5,406,45
202,5,253882,64
203,5,1307363,60
204,5,13316,59
205,5,18653,54
206,5,952978,56
207,5,105831,54
208,5,149026,54
209,5,3537,50
210,5,1779274,121
211,5,100103,95
212,5,1507919,61
213,5,19216,49
214,5,3082372,123
215,5,2386410,98
216,5,18448,93
217,5,198796,85
218,5,807702,78
219,5,572522,75
220,5,27764,53
221,5,48383,53
222,5,112813,53
223,5,11489,53
224,5,25323,54
225,5,78488,54
226,5,62654,54
227,5,9385,49
228,5,2239,49
229,5,7069,49
230,5,4524,49
231,5,11383,49
232,5,25170,85
233,5,1289403,85
234,5,990422,45
235,5,1194637,56
236,5,11396,49
237,5,7042,49
238,5,378842,85
239,5,402017,77
240,5,33474,69
241,5,74166,64
242,5,25627,64
243,5,970465,62
244,5,8796,53
245,5,7559,49
246,5,39490,50
247,5,28887,48
248,5,79925,50
249,5,40597,44
250,5,18381,44
251,5,18951,54
252,5,138661,50
253,5,2494,44
254,5,10585,44
255,5,21528,45
256,5,9810,44
257,5,189,45
258,5,356925,45
259,5,10613,44
260,5,8459,54
261,5,2461,50
262,5,61743,50
263,5,9560,45
264,5,63617,40
265,5,337050,62
266,5,36417,59
267,5,7859,54
268,5,4520,49
269,5,27393,50
270,5,37074,50
271,5,397234,45
272,5,3528,45
273,5,15849,45
274,5,129726,45
275,5,1253,45
276,5,25661,45
277,5,201539,40
278,5,2542459,70
279,5,3566,53
280,5,87937,45
281,5,345819,40
282,5,7105,63
283,5,44052,60
284,5,4478,53
285,5,7395,55
286,5,11129,49
287,5,1264977,48
288,5,18638,45
289,5,13432,45
290,5,73520,45
291,5,31586,50
292,5,7784,44
293,5,23083,45
294,5,41228,45
295,5,13101,45
296,5,178860,40
297,5,1582730,42
298,5,43580,58
299,5,14264,44
300,5,1955,53
301,5,5094,49
302,5,18412,50
303,5,16879,55
304,5,256666,51
305,5,46074,49
306,5,20111,49
307,5,51950,45
308,5,7668,44
309,5,34408,44
310,5,21887,44
311,5,85654,40
312,5,4260,60
313,5,155525,60
314,5,12517,50
315,5,208749,48
316,5,3623,45
317,5,38877,44
318,5,33572,44
319,5,107820,45
320,5,58555,63
321,5,42441,59
322,5,2494,54
323,5,7736,54
324,5,6462,49
325,5,34697,49
326,5,1733,44
327,5,11109,45
328,5,78363,45
329,5,10709,55
330,5,133069,53
331,5,426649,55
332,5,165033,55
333,5,73838,55
334,5,10798,55
335,5,1344,49
336,5,21239,49
337,5,120103,49
338,5,1563580,110
339,5,7056,45
340,5,563001,55
341,5,16011,44
342,5,191194,95
343,5,293690,88
344,5,26689,84
345,5,473857,74
346,5,207507,60
347,5,23655,55
348,5,6589,49
349,5,171727,50
350,5,11793,49
351,5,1001,45
352,5,34543,45
353,5,133147,48
354,5,11964,44
355,5,4494,44
356,5,11976,44
357,5,38264,44
358,5,156397,44
359,5,26810,44
360,5,6604,40
361,5,116450,40
362,5,48744,63
363,5,154549,62
364,5,46592,59
365,5,43131,49
366,5,127637,49
367,5,9710,45
368,5,88756,58
369,5,84352,58
370,5,45207,55
371,5,7604,49
372,5,1757,48
373,5,35368,49
374,5,15207,45
375,5,7655,45
376,5,22270,49
377,5,22789,45
378,5,87409,45
379,5,41178,44
380,5,25637,45
381,5,222761,45
382,5,21481,44
383,5,232607,40
384,5,98680,40
385,5,5656,70
386,5,48395,60
387,5,94703,44
388,5,295453,50
389,5,61526,69
390,5,306958,69
391,5,229615,66
392,5,19489,59
393,5,13474,54
394,5,25222,49
395,5,132772,49
396,5,49705,50
397,5,26553,45
398,5,5842,44
399,5,28656,62
400,5,3927,45
401,5,169920,60
402,5,68433,55
403,5,111369,50
404,5,41356,50
405,5,368743,50
406,5,16223,44
407,5,25979,44
408,5,154328,40
409,5,943841,74
410,5,405106,63
411,5,660120,51
412,5,32616,45
413,5,48674,40
414,5,583181,55
415,5,381568,55
416,5,5721,49
417,5,23192,50
418,5,1174,49
419,5,567,49
420,5,822159,45
421,5,30383,60
422,5,46433,54
423,5,13300,45
427,5,18567,45
428,5,139809,60
429,5,8772,44
430,5,8030,49
431,5,452500,75
432,5,73876,55
433,5,6834,49
434,5,5267,54
435,5,4775,53
436,5,6269,44
437,5,45633,58
438,5,4334,54
439,5,15107,49
440,5,10825,48
441,5,7389,54
442,5,270585,60
443,5,87313,55
444,5,34055,44
445,5,364801,46
446,5,6684,44
447,5,660147,47
448,5,301868,64
449,5,30324,44
450,5,17988,45
451,5,15906,58
452,5,4795,44
453,5,49120,53
454,5,8378,44
455,5,33108,45
456,5,8553,49
457,5,484438,75
458,5,40905,44
459,5,145538,49
460,5,1139221,72
461,5,26654,67
462,5,3535,54
463,5,1454291,64
464,5,35126,45
465,5,86206,53
466,5,110686,59
467,5,57955,45
468,5,536852,51
469,5,919202,57
470,5,341882,46
471,5,151288,45
472,5,2429,49
473,5,21241,49
474,5,6556,44
475,5,15985,45
476,5,10154,50
477,5,11610,44
478,5,10951,44
479,5,30754,44
480,5,24785,44
481,5,8449,44
482,5,20253,44
483,5,690,49
484,5,51553,40
485,5,4175,44
486,5,16977,49
487,5,50187,58
488,5,249486,94
489,5,10049,54
490,5,18607,50
491,5,28051,44
492,5,1667,58
493,5,5887,44
494,5,22068,45
495,5,5330,45
496,5,183298,68
497,5,3335,49
498,5,9654,45
499,5,3419,50
500,5,14955,54
501,5,10697,59
502,5,37437,60
503,5,124527,45
504,5,103034,45
505,5,212025,60
506,5,3144,50
507,5,5360,45
508,5,6967,55
509,5,70287,45
510,5,22814,48
511,5,12225,54
512,5,11901,60
513,5,14195,45
514,5,2698,59
515,5,24066,54
516,5,12636,49
517,5,4576,54
518,5,66206,54
519,5,5529,45
520,5,5512,54
521,5,2523,45
522,5,13543,45
523,5,21038,74
524,5,5994,54
525,5,10382,64
526,5,433745,46
527,5,1042,50
528,5,2598,50
529,5,4187,45
530,5,1500,45
531,5,1156,45
532,5,1510,45
533,5,843,45
534,5,14029,45
535,5,3718,45
536,5,0,40
537,5,0,45
538,5,0,45
539,5,0,45
540,5,0,45
541,5,0,45
542,5,0,40
1,6,26330,53
2,6,7285,54
3,6,60357,54
4,6,528279,51
5,6,133852,50
6,6,29785,50
7,6,6474,50
8,6,2591,44
9,6,1824,45
10,6,6817,45
11,6,1618723,110
12,6,120755,94
13,6,60928,44
14,6,423237,50
15,6,47272,73
16,6,69958,68
17,6,157185,59
18,6,57363,53
19,6,108319,49
20,6,29524,44
21,6,626037,46
22,6,95130,44
23,6,4140,44
24,6,23150,45
25,6,4338,45
26,6,8244,54
27,6,11321,44
28,6,8334,57
29,6,272091,59
30,6,26249,55
31,6,429122,56
32,6,862,49
33,6,3895,45
34,6,22887,45
35,6,59634,44
36,6,17127,59
37,6,145543,50
38,6,50983,45
39,6,9285,44
40,6,4502,44
41,6,8942,44
42,6,747719,46
43,6,939,44
44,6,92334,58
45,6,8344,53
46,6,51124,49
47,6,862640,46
48,6,1722860,40
49,6,49026,65
50,6,4723,58
51,6,159,54
52,6,700,54
53,6,295,50
54,6,50420,50
55,6,43623,49
56,6,4316,44
57,6,197695,45
58,6,16108,50
59,6,780394,49
60,6,9710,44
61,6,93348,45
62,6,501,44
63,6,50159,44
64,6,3376,44
65,6,622438,41
66,6,479081,40
67,6,672896,78
68,6,622191,63
69,6,28714,54
70,6,20955,49
71,6,48153,44
72,6,101796,44
73,6,22162,44
74,6,13294,44
75,6,442372,73
76,6,8731,63
77,6,273,59
78,6,14886,48
79,6,1166,50
80,6,3186,48
81,6,749,49
82,6,11978,49
83,6,60526,50
84,6,109083,50
85,6,58515,45
86,6,10230,44
87,6,46791,43
88,6,9542,44
89,6,199081,40
90,6,676909,67
91,6,39978,63
92,6,4847,54
93,6,909245,46
94,6,448508,45
95,6,103319,44
96,6,50454,60
97,6,30057,60
98,6,1387,55
99,6,256,55
100,6,5978,54
101,6,33328,54
102,6,19972,50
103,6,155099,62
104,6,8346,60
105,6,393077,59
106,6,396539,59
107,6,95258,55
108,6,71993,50
109,6,15384,44
110,6,90571,68
111,6,318926,55
112,6,15205,49
113,6,48255,70
114,6,107395,70
115,6,4189,64
116,6,9564,59
117,6,157917,57
118,6,240752,50
119,6,291536,50
120,6,73625,45
121,6,1380,45
122,6,1748887,55
123,6,796583,56
124,6,890,50
125,6,6527,50
126,6,167577,45
127,6,16104,45
128,6,1684455,41
129,6,49011,58
130,6,318543,45
131,6,41688,50
132,6,50810,44
133,6,703425,68
134,6,245254,68
135,6,127827,58
136,6,7840,53
137,6,10075,55
138,6,60198,54
139,6,9491,49
140,6,6053,44
141,6,2021685,62
142,6,331109,56
143,6,243922,55
144,6,207769,55
145,6,9534,49
146,6,8139,58
147,6,75437,58
148,6,776752,56
149,6,635887,40
150,6,620353,80
151,6,354273,77
152,6,114519,65
153,6,33555,63
154,6,7929,54
155,6,479,50
156,6,1419,50
157,6,39758,45
158,6,61967,45
159,6,331822,60
160,6,1143047,55
161,6,252309,54
162,6,99432,50
163,6,32514,45
164,6,313015,46
165,6,59957,43
166,6,557628,89
167,6,15486,58
168,6,428074,50
169,6,7375,44
170,6,14065,45
171,6,751930,71
172,6,17545,59
173,6,3256,53
174,6,14905,54
175,6,23399,53
176,6,203067,50
177,6,13653,44
178,6,18842,45
179,6,49905,45
180,6,70900,45
181,6,1318624,69
182,6,1799651,71
183,6,3308891,65
184,6,65610,53
185,6,317126,55
186,6,12269,53
187,6,828057,95
188,6,246034,54
189,6,406264,58
190,6,2748,45
191,6,2804643,125
192,6,1491310,116
193,6,24486,63
194,6,21587,63
195,6,7398,58
196,6,11832,58
197,6,102698,55
198,6,54305,55
199,6,144920,55
200,6,47927,54
201,6,429,45
202,6,204024,64
203,6,1283668,60
204,6,16819,59
205,6,19399,54
206,6,932403,56
207,6,93341,54
208,6,179284,54
209,6,3441,50
210,6,1897051,121
211,6,100259,95
212,6,1470015,61
213,6,19146,48
214,6,2983608,122
215,6,2431080,98
216,6,17975,93
217,6,182953,85
218,6,784842,78
219,6,578624,75
220,6,25327,53
221,6,47026,53
222,6,108806,53
223,6,10801,53
224,6,26820,54
225,6,96253,54
226,6,56572,54
227,6,9565,48
228,6,2587,49
229,6,6878,49
230,6,4166,49
231,6,11389,48
232,6,24716,85
233,6,1233336,85
234,6,908656,45
235,6,1257361,56
236,6,11393,49
237,6,7034,49
238,6,323061,85
239,6,320989,76
240,6,32325,69
241,6,66944,64
242,6,26748,64
243,6,909015,62
244,6,9061,53
245,6,7408,49
246,6,38109,50
247,6,29834,48
248,6,97747,50
249,6,48968,44
250,6,19816,44
251,6,16905,54
252,6,146546,50
253,6,2434,44
254,6,10757,44
255,6,23832,45
256,6,9872,44
257,6,190,45
258,6,360596,45
259,6,10430,44
260,6,8253,54
261,6,2363,50
262,6,65614,50
263,6,9539,44
264,6,63995,40
265,6,275641,61
266,6,37268,59
267,6,19434,54
268,6,4390,49
269,6,27392,50
270,6,29637,50
271,6,439569,45
272,6,3159,45
273,6,18076,45
274,6,108527,45
275,6,1155,45
276,6,31126,45
277,6,240710,40
278,6,3008922,71
279,6,3728,53
280,6,98420,45
281,6,350182,40
282,6,5933,63
283,6,138133,60
284,6,4060,53
285,6,7722,54
286,6,13931,49
287,6,1769658,49
288,6,15656,45
289,6,15302,45
290,6,64984,45
291,6,31708,50
292,6,7546,44
293,6,22287,45
294,6,42907,45
295,6,12872,45
296,6,183202,40
297,6,1652765,43
298,6,32461,58
299,6,13938,44
300,6,1797,53
301,6,4946,48
302,6,16583,49
303,6,16200,55
304,6,440600,52
305,6,44848,49
306,6,18484,49
307,6,76401,45
308,6,7504,44
309,6,31314,44
310,6,29253,44
311,6,87128,40
312,6,4050,60
313,6,128793,60
314,6,12733,50
315,6,197574,48
316,6,3349,45
317,6,36541,44
318,6,32489,44
319,6,234026,45
320,6,52092,63
321,6,42767,58
322,6,2305,53
323,6,7558,53
324,6,5626,48
325,6,33422,49
326,6,1935,44
327,6,16834,44
328,6,83714,45
329,6,11061,55
330,6,140009,53
331,6,474826,55
332,6,166546,55
333,6,66412,54
334,6,10480,55
335,6,1325,49
336,6,122511,49
337,6,101792,49
338,6,1384001,110
339,6,6698,45
340,6,597418,55
341,6,16038,44
342,6,474915,96
343,6,285994,88
344,6,28478,84
345,6,390852,73
346,6,348329,61
347,6,23657,54
348,6,6679,49
349,6,165684,50
350,6,12183,49
351,6,976,45
352,6,33547,45
353,6,120670,48
354,6,12018,44
355,6,4425,44
356,6,11622,44
357,6,36590,44
358,6,131271,44
359,6,26334,44
360,6,6532,40
361,6,118117,40
362,6,44127,62
363,6,146696,62
364,6,40723,59
365,6,39902,49
366,6,121030,49
367,6,9691,44
368,6,81821,58
369,6,81587,58
370,6,55273,55
371,6,12639,49
372,6,1646,48
373,6,33193,48
374,6,14814,45
375,6,7504,45
376,6,21523,49
377,6,24323,45
378,6,74037,45
379,6,40509,44
380,6,32881,45
381,6,240260,45
382,6,20734,44
383,6,220974,40
384,6,102530,40
385,6,5521,70
386,6,38063,60
387,6,92408,44
388,6,311621,50
389,6,56986,69
390,6,292645,69
391,6,196301,66
392,6,20250,59
393,6,12647,54
394,6,23578,48
395,6,128014,49
396,6,51285,50
397,6,25762,45
398,6,6374,44
399,6,26053,62
400,6,3744,45
401,6,170658,60
402,6,63631,54
403,6,105455,50
404,6,38606,50
405,6,361792,50
406,6,15724,44
407,6,33028,44
408,6,160618,40
409,6,760019,73
410,6,334585,62
411,6,626570,51
412,6,32307,45
413,6,49221,40
414,6,556870,55
415,6,352443,55
416,6,5547,49
417,6,22650,50
418,6,1154,49
419,6,586,49
420,6,769709,45
421,6,19735,59
422,6,39182,54
423,6,13114,45
427,6,18830,44
428,6,109941,60
429,6,8788,44
430,6,7722,49
431,6,350454,74
432,6,72713,55
433,6,6782,49
434,6,5607,54
435,6,4641,53
436,6,6273,44
437,6,42416,57
438,6,16848,54
439,6,14774,49
440,6,10602,48
441,6,6707,54
442,6,270810,60
443,6,111773,55
444,6,32307,44
445,6,407824,46
446,6,7053,44
447,6,678654,47
448,6,302710,64
449,6,29605,44
450,6,17878,45
451,6,14988,57
452,6,4737,44
453,6,43485,53
454,6,10090,44
455,6,65772,45
456,6,7933,48
457,6,404094,75
458,6,47176,44
459,6,128036,49
460,6,1702311,73
461,6,26333,67
462,6,3170,53
463,6,1514588,65
464,6,41586,44
465,6,78533,53
466,6,116037,59
467,6,55531,44
468,6,564118,51
469,6,875308,57
470,6,324724,46
471,6,154275,45
472,6,2380,48
473,6,20736,48
474,6,6627,44
475,6,16444,45
476,6,10314,50
477,6,11591,44
478,6,10938,44
479,6,28975,44
480,6,23674,44
481,6,8539,44
482,6,21536,44
483,6,645,49
484,6,52911,40
485,6,3718,44
486,6,18941,49
487,6,50387,58
488,6,239513,94
489,6,9794,54
490,6,18058,50
491,6,50183,44
492,6,1581,58
493,6,6129,44
494,6,26492,45
495,6,5413,45
496,6,158077,67
497,6,3375,49
498,6,20835,45
499,6,3105,49
500,6,13869,54
501,6,9701,59
502,6,42582,60
503,6,127340,45
504,6,96242,45
505,6,206403,60
506,6,3174,50
507,6,6860,45
508,6,12403,55
509,6,68732,45
510,6,20790,48
511,6,11820,54
512,6,11259,59
513,6,14283,45
514,6,2612,58
515,6,23582,54
516,6,11851,49
517,6,4260,54
518,6,63126,54
519,6,6846,45
520,6,5707,54
521,6,2582,45
522,6,12674,45
523,6,18064,73
524,6,5550,54
525,6,10224,64
526,6,422546,46
527,6,983,50
528,6,2651,50
529,6,47587,45
530,6,1543,45
531,6,1301,45
532,6,2046,45
533,6,1124,45
534,6,22804,45
535,6,5081,45
536,6,4535,40
537,6,282,45
538,6,2961,45
539,6,156,45
540,6,406,45
541,6,3718,45
542,6,2129,40
543,6,0,40
544,6,0,45
1,7,25642,53
2,7,12010,54
3,7,55687,54
4,7,400025,51
5,7,124166,50
6,7,25270,50
7,7,6235,50
8,7,2559,44
9,7,1763,45
10,7,9171,45
11,7,1587257,110
12,7,106747,93
13,7,56403,44
14,7,397350,50
15,7,45353,73
16,7,65367,68
17,7,123952,59
18,7,55455,53
19,7,102185,49
20,7,37867,43
21,7,691483,46
22,7,85131,44
23,7,3824,44
24,7,24804,45
25,7,4376,45
26,7,7425,54
27,7,11126,44
28,7,7913,57
29,7,269224,59
30,7,28923,55
31,7,574710,57
32,7,840,49
33,7,3627,45
34,7,22293,45
35,7,55098,44
36,7,16029,59
37,7,115984,49
38,7,47122,45
39,7,8305,44
40,7,4060,44
41,7,8773,44
42,7,721901,46
43,7,916,44
44,7,79925,57
45,7,7429,53
46,7,42799,49
47,7,850997,46
48,7,1724323,40
49,7,43491,65
50,7,4271,58
51,7,155,54
52,7,682,54
53,7,428,50
54,7,45752,50
55,7,33519,49
56,7,4447,44
57,7,195299,45
58,7,16621,50
59,7,812978,49
60,7,8623,44
61,7,85340,45
62,7,592,44
63,7,39300,44
64,7,3457,44
65,7,741725,41
66,7,475525,40
67,7,767120,78
68,7,556981,63
69,7,29926,54
70,7,29971,49
71,7,45605,44
72,7,90601,43
73,7,21788,44
74,7,12949,44
75,7,384714,72
76,7,8283,63
77,7,275,59
78,7,14114,48
79,7,1460,50
80,7,3154,48
81,7,728,49
82,7,11389,49
83,7,66556,50
84,7,111013,50
85,7,66270,45
86,7,9894,44
87,7,43063,43
88,7,9379,44
89,7,195976,40
90,7,563453,66
91,7,60936,62
92,7,4701,54
93,7,993837,46
94,7,469427,45
95,7,100661,44
96,7,45781,60
97,7,31185,60
98,7,1613,55
99,7,260,55
100,7,5277,54
101,7,37218,54
102,7,19274,50
103,7,174929,62
104,7,7768,60
105,7,414252,59
106,7,371083,58
107,7,73227,55
108,7,62489,50
109,7,14358,44
110,7,83787,67
111,7,330387,55
112,7,15138,49
113,7,57467,70
114,7,101762,70
115,7,4069,64
116,7,22487,59
117,7,141243,56
118,7,242564,50
119,7,349090,50
120,7,65596,45
121,7,1401,44
122,7,1608509,55
123,7,784275,56
124,7,1248,50
125,7,6951,50
126,7,188347,45
127,7,15720,44
128,7,1692902,41
129,7,46878,58
130,7,274602,45
131,7,41341,50
132,7,48912,44
133,7,658256,68
134,7,223351,67
135,7,115763,57
136,7,7397,53
137,7,10531,55
138,7,56347,53
139,7,9738,49
140,7,6651,44
141,7,1660140,61
142,7,255557,55
143,7,213594,55
144,7,171709,55
145,7,9502,49
146,7,7922,57
147,7,65208,58
148,7,671743,56
149,7,641030,40
150,7,501619,80
151,7,281472,76
152,7,87302,65
153,7,31838,63
154,7,7625,53
155,7,473,50
156,7,1376,50
157,7,42796,44
158,7,59788,45
159,7,449907,60
160,7,1049626,55
161,7,270616,54
162,7,105782,50
163,7,30662,45
164,7,420919,46
165,7,58216,43
166,7,597729,89
167,7,15103,58
168,7,457624,50
169,7,7309,44
170,7,14114,44
171,7,722588,71
172,7,18481,59
173,7,2777,53
174,7,14026,53
175,7,22375,53
176,7,200705,50
177,7,12767,44
178,7,20410,44
179,7,55873,44
180,7,80088,45
181,7,1336086,69
182,7,1992619,72
183,7,3234963,65
184,7,60672,52
185,7,370069,55
186,7,12191,53
187,7,949328,96
188,7,212025,53
189,7,383045,58
190,7,2675,45
191,7,2889458,125
192,7,1456661,116
193,7,23283,63
194,7,20402,63
195,7,7518,58
196,7,11755,58
197,7,104262,55
198,7,53704,54
199,7,141360,54
200,7,43289,54
201,7,428,45
202,7,176807,63
203,7,1192103,60
204,7,36117,59
205,7,18147,54
206,7,653230,55
207,7,77978,54
208,7,482526,55
209,7,3350,50
210,7,2034658,122
211,7,97812,95
212,7,1482823,61
213,7,18776,48
214,7,2594274,121
215,7,2871266,99
216,7,17541,93
217,7,198488,85
218,7,993928,79
219,7,691813,76
220,7,22754,52
221,7,46651,53
222,7,98541,52
223,7,10202,53
224,7,25757,54
225,7,92350,54
226,7,50985,54
227,7,9796,48
228,7,2221,49
229,7,6828,49
230,7,3904,49
231,7,10788,48
232,7,24349,85
233,7,768173,84
234,7,882820,44
235,7,1194609,56
236,7,11458,48
237,7,7071,49
238,7,289044,84
239,7,257714,76
240,7,31376,68
241,7,65683,64
242,7,26184,63
243,7,842931,62
244,7,9146,53
245,7,7037,49
246,7,34482,50
247,7,29996,48
248,7,95755,50
249,7,49508,44
250,7,19950,44
251,7,15167,54
252,7,184129,50
253,7,2439,44
254,7,10414,44
255,7,24871,45
256,7,10375,44
257,7,190,45
258,7,352882,44
259,7,10041,44
260,7,7957,53
261,7,2307,50
262,7,64362,50
263,7,9510,44
264,7,63932,40
265,7,242474,61
266,7,33890,59
267,7,17182,54
268,7,4277,48
269,7,23706,50
270,7,26286,50
271,7,458487,45
272,7,2877,44
273,7,18107,45
274,7,94327,44
275,7,1082,45
276,7,30678,45
277,7,260224,40
278,7,3068465,72
279,7,3712,53
280,7,88202,45
281,7,352564,40
282,7,5186,62
283,7,140417,60
284,7,3737,53
285,7,7434,54
286,7,14241,49
287,7,1886599,50
288,7,16866,45
289,7,13558,45
290,7,58964,45
291,7,37055,50
292,7,7277,43
293,7,21726,45
294,7,44432,45
295,7,13469,45
296,7,185342,40
297,7,1914259,44
298,7,27036,57
299,7,13552,44
300,7,1674,53
301,7,4936,48
302,7,17154,49
303,7,13580,55
304,7,474044,52
305,7,42685,49
306,7,16331,48
307,7,69953,45
308,7,7210,44
309,7,28941,44
310,7,26677,44
311,7,87594,40
312,7,3883,60
313,7,101538,59
314,7,12890,50
315,7,184587,48
316,7,3127,45
317,7,33966,44
318,7,30621,44
319,7,250035,45
320,7,51802,63
321,7,50017,58
322,7,2143,53
323,7,7205,53
324,7,5026,48
325,7,30673,49
326,7,2231,44
327,7,26106,44
328,7,81194,45
329,7,11026,55
330,7,142535,53
331,7,494796,55
332,7,168585,55
333,7,64828,54
334,7,10220,55
335,7,1448,49
336,7,256712,50
337,7,80508,48
338,7,1400676,110
339,7,6393,45
340,7,597483,55
341,7,18432,44
342,7,674811,97
343,7,263830,88
344,7,29279,84
345,7,331827,72
346,7,373275,61
347,7,23366,54
348,7,6759,49
349,7,154373,50
350,7,12277,49
351,7,990,45
352,7,32720,44
353,7,104476,47
354,7,11516,44
355,7,4312,44
356,7,11336,43
357,7,32007,44
358,7,114518,44
359,7,24691,44
360,7,6408,40
361,7,117473,40
362,7,40648,62
363,7,137835,62
364,7,36537,58
365,7,33694,49
366,7,112221,49
367,7,9577,44
368,7,74127,57
369,7,74788,58
370,7,54427,55
371,7,15793,49
372,7,1593,48
373,7,31506,48
374,7,14275,45
375,7,7156,45
376,7,46782,49
377,7,32273,45
378,7,70590,45
379,7,39577,44
380,7,42291,45
381,7,356767,45
382,7,19527,44
383,7,207582,40
384,7,105040,40
385,7,5442,70
386,7,32832,60
387,7,89277,44
388,7,469282,50
389,7,53433,69
390,7,298419,69
391,7,134431,65
392,7,93503,59
393,7,11930,53
394,7,22762,48
395,7,126133,49
396,7,68175,50
397,7,24717,45
398,7,6641,44
399,7,24525,61
400,7,3573,45
401,7,165544,60
402,7,60781,54
403,7,100056,50
404,7,35136,49
405,7,352770,50
406,7,14968,44
407,7,31077,44
408,7,163833,40
409,7,664936,72
410,7,324244,62
411,7,605325,51
412,7,32124,44
413,7,48930,40
414,7,510352,55
415,7,322132,54
416,7,5277,49
417,7,27065,50
418,7,1142,49
419,7,602,49
420,7,708925,45
421,7,15238,59
422,7,31756,53
423,7,13116,45
427,7,18886,44
428,7,127692,60
429,7,8726,44
430,7,7381,48
431,7,275115,73
432,7,71749,55
433,7,6699,49
434,7,5646,54
435,7,4527,53
436,7,6208,44
437,7,39747,57
438,7,10509,53
439,7,13686,49
440,7,10391,48
441,7,6135,53
442,7,261426,60
443,7,114364,55
444,7,31426,43
445,7,427697,46
446,7,7243,44
447,7,808878,47
448,7,312386,64
449,7,27474,44
450,7,17854,44
451,7,14386,57
452,7,4602,44
453,7,41840,53
454,7,10387,44
455,7,77235,45
456,7,7378,48
457,7,344443,74
458,7,51273,44
459,7,120913,48
460,7,2521808,75
461,7,27024,66
462,7,2913,53
463,7,1908601,66
464,7,43942,44
465,7,76355,53
466,7,101291,59
467,7,65031,44
468,7,563664,51
469,7,731371,56
470,7,291706,46
471,7,162887,45
472,7,2367,48
473,7,19902,48
474,7,6648,44
475,7,16462,45
476,7,12187,50
477,7,11253,44
478,7,10537,44
479,7,27392,44
480,7,22117,44
481,7,8655,44
482,7,17126,44
483,7,618,48
484,7,53058,40
485,7,3398,43
486,7,18365,49
487,7,48628,57
488,7,232804,94
489,7,9170,54
490,7,17490,50
491,7,73271,44
492,7,1581,58
493,7,8008,44
494,7,51706,45
495,7,5506,45
496,7,135289,66
497,7,2788,49
498,7,19970,45
499,7,2828,49
500,7,14173,54
501,7,9107,59
502,7,38765,60
503,7,125245,45
504,7,92349,45
505,7,268985,61
506,7,6370,50
507,7,7213,45
508,7,11212,55
509,7,67484,45
510,7,18869,47
511,7,11234,53
512,7,10966,59
513,7,14353,45
514,7,2569,58
515,7,32059,54
516,7,11427,49
517,7,4090,53
518,7,58782,53
519,7,6121,45
520,7,7190,54
521,7,2706,45
522,7,11949,45
523,7,16500,73
524,7,5030,54
525,7,9362,63
526,7,470770,46
527,7,938,50
528,7,2660,50
529,7,174368,46
530,7,1597,44
531,7,1457,45
532,7,2052,45
533,7,1367,45
534,7,32699,45
535,7,6252,45
536,7,8427,40
537,7,1434,45
538,7,5915,45
539,7,371,45
540,7,695,45
541,7,9432,45
542,7,6431,40
543,7,11614,40
544,7,466,45
545,7,0,40
546,7,0,40
547,7,0,45
548,7,0,40
549,7,0,40
1,8,25277,53
2,8,18486,54
3,8,58669,54
4,8,368825,50
5,8,125237,50
6,8,23328,50
7,8,6091,50
8,8,2641,44
9,8,1726,45
10,8,10597,45
11,8,1829633,110
12,8,101731,93
13,8,53287,44
14,8,422070,50
15,8,44586,73
16,8,63127,68
17,8,113141,59
18,8,55175,53
19,8,98964,48
20,8,50772,43
21,8,751976,46
22,8,79229,43
23,8,3656,44
24,8,23469,45
25,8,4325,45
26,8,7024,54
27,8,10910,44
28,8,7706,57
29,8,250741,59
30,8,44853,55
31,8,802738,58
32,8,817,49
33,8,3406,45
34,8,21844,45
35,8,49349,44
36,8,14606,59
37,8,91824,49
38,8,44570,45
39,8,7680,44
40,8,3926,44
41,8,8617,44
42,8,695148,46
43,8,900,44
44,8,73828,57
45,8,6984,53
46,8,38752,49
47,8,885290,46
48,8,1705377,40
49,8,40508,64
50,8,4329,58
51,8,154,54
52,8,671,54
53,8,536,50
54,8,36432,50
55,8,29095,49
56,8,3902,44
57,8,199779,45
58,8,15929,50
59,8,822665,49
60,8,8021,44
61,8,77220,45
62,8,788,44
63,8,34248,43
64,8,3823,44
65,8,756845,41
66,8,471272,40
67,8,812209,79
68,8,632532,63
69,8,30326,54
70,8,36361,49
71,8,43700,44
72,8,84972,43
73,8,21334,44
74,8,12668,44
75,8,290980,71
76,8,8018,63
77,8,271,59
78,8,13567,48
79,8,1569,50
80,8,3036,48
81,8,703,49
82,8,10831,48
83,8,65938,50
84,8,107175,50
85,8,71146,45
86,8,9626,44
87,8,41043,42
88,8,9204,44
89,8,193490,40
90,8,480535,65
91,8,93127,62
92,8,4578,54
93,8,1025339,46
94,8,461480,45
95,8,98368,44
96,8,43853,59
97,8,30994,60
98,8,1721,55
99,8,254,55
100,8,5940,54
101,8,35192,54
102,8,16337,50
103,8,185899,62
104,8,7124,60
105,8,425472,59
106,8,364462,58
107,8,62650,55
108,8,65843,50
109,8,13874,43
110,8,79594,67
111,8,341347,55
112,8,15028,49
113,8,94810,70
114,8,100028,69
115,8,3983,64
116,8,49727,59
117,8,134527,56
118,8,374386,50
119,8,330384,50
120,8,60476,44
121,8,1322,44
122,8,1407083,55
123,8,781601,56
124,8,1431,50
125,8,6052,50
126,8,246171,46
127,8,15007,44
128,8,1745313,41
129,8,44661,58
130,8,249754,45
131,8,55737,50
132,8,47612,44
133,8,645427,68
134,8,188982,67
135,8,113659,57
136,8,7085,53
137,8,9693,55
138,8,55943,53
139,8,10032,49
140,8,6717,44
141,8,1562937,60
142,8,236821,55
143,8,203909,55
144,8,177153,54
145,8,9663,49
146,8,7871,57
147,8,78623,58
148,8,659566,55
149,8,637592,40
150,8,487873,79
151,8,264190,76
152,8,67388,65
153,8,29806,62
154,8,7526,53
155,8,459,50
156,8,1358,50
157,8,44225,44
158,8,58779,45
159,8,557518,61
160,8,1031541,55
161,8,272151,54
162,8,127308,50
163,8,29199,44
164,8,446314,46
165,8,55899,43
166,8,634677,89
167,8,14845,57
168,8,478331,50
169,8,7282,44
170,8,14054,44
171,8,710123,71
172,8,18382,59
173,8,2597,53
174,8,14051,53
175,8,21393,53
176,8,212842,50
177,8,12078,44
178,8,20193,44
179,8,55355,44
180,8,78502,45
181,8,1347696,69
182,8,2048366,72
183,8,3233186,65
184,8,63370,52
185,8,321515,55
186,8,12209,53
187,8,929756,96
188,8,206375,53
189,8,376371,58
190,8,2638,45
191,8,2797360,125
192,8,1499465,116
193,8,22200,63
194,8,18689,63
195,8,7420,58
196,8,12134,58
197,8,103562,55
198,8,52876,54
199,8,167380,54
200,8,41349,53
201,8,426,45
202,8,166222,63
203,8,1157742,60
204,8,35252,59
205,8,18199,54
206,8,614463,55
207,8,72388,53
208,8,578044,56
209,8,3283,50
210,8,2035032,122
211,8,102835,95
212,8,1508794,61
213,8,18660,48
214,8,2660322,121
215,8,2169368,100
216,8,17322,93
217,8,663694,86
218,8,1041656,79
219,8,715344,76
220,8,22364,52
221,8,46633,52
222,8,98017,52
223,8,9853,53
224,8,26913,54
225,8,96960,54
226,8,48104,54
227,8,9920,48
228,8,2182,49
229,8,6718,49
230,8,3753,49
231,8,9782,48
232,8,24075,85
233,8,722006,84
234,8,881019,44
235,8,1209638,56
236,8,11544,48
237,8,7071,49
238,8,274375,84
239,8,219426,75
240,8,30754,68
241,8,61983,64
242,8,25593,63
243,8,823518,62
244,8,9059,53
245,8,6657,48
246,8,32745,50
247,8,29451,48
248,8,141419,50
249,8,46602,44
250,8,18960,44
251,8,14015,54
252,8,171020,50
253,8,2724,44
254,8,10144,44
255,8,22985,45
256,8,10044,44
257,8,190,45
258,8,336306,44
259,8,9751,44
260,8,7811,53
261,8,2243,50
262,8,63141,50
263,8,9400,44
264,8,63734,40
265,8,227827,60
266,8,31627,58
267,8,15430,54
268,8,4194,48
269,8,19621,50
270,8,25224,50
271,8,364166,45
272,8,2701,44
273,8,18977,45
274,8,93208,44
275,8,1023,45
276,8,27833,45
277,8,245301,40
278,8,3058138,72
279,8,3585,53
280,8,78486,45
281,8,386373,40
282,8,4846,62
283,8,139080,60
284,8,3529,53
285,8,7262,54
286,8,14988,49
287,8,1767780,50
288,8,18153,45
289,8,12378,45
290,8,55146,45
291,8,44322,50
292,8,7142,43
293,8,21828,45
294,8,48447,45
295,8,14961,45
296,8,183671,40
297,8,2115148,45
298,8,26041,57
299,8,13264,44
300,8,1603,53
301,8,5924,48
302,8,18835,49
303,8,11266,54
304,8,434343,52
305,8,41721,49
306,8,15293,48
307,8,65498,45
308,8,7003,44
309,8,29286,44
310,8,25951,44
311,8,86861,40
312,8,3785,60
313,8,110197,59
314,8,12957,50
315,8,177507,47
316,8,3039,45
317,8,32383,44
318,8,28899,44
319,8,242592,45
320,8,51030,63
321,8,50652,58
322,8,2056,53
323,8,6951,53
324,8,4725,48
325,8,30060,48
326,8,1957,44
327,8,26624,44
328,8,80708,45
329,8,10793,54
330,8,142627,53
331,8,491057,55
332,8,167635,55
333,8,62207,54
334,8,10045,55
335,8,1737,49
336,8,131430,49
337,8,75331,48
338,8,1377432,110
339,8,6277,45
340,8,594211,55
341,8,18246,44
342,8,873496,98
343,8,265642,88
344,8,29512,84
345,8,294491,72
346,8,299148,61
347,8,22790,54
348,8,6814,49
349,8,145917,50
350,8,12346,49
351,8,950,45
352,8,34685,44
353,8,96780,47
354,8,11224,43
355,8,4247,44
356,8,11059,43
357,8,29864,43
358,8,109579,44
359,8,24321,43
360,8,6337,40
361,8,116086,40
362,8,38881,62
363,8,136217,61
364,8,34500,58
365,8,30751,48
366,8,110852,48
367,8,9504,44
368,8,69647,57
369,8,70850,57
370,8,47161,55
371,8,20008,49
372,8,1525,48
373,8,30397,48
374,8,13810,45
375,8,7004,45
376,8,167821,49
377,8,34574,45
378,8,63675,45
379,8,38416,44
380,8,72194,45
381,8,362404,45
382,8,18985,43
383,8,223925,39
384,8,104534,40
385,8,5417,70
386,8,30768,60
387,8,85759,44
388,8,317735,51
389,8,51493,69
390,8,319305,69
391,8,122299,65
392,8,412689,60
393,8,11299,53
394,8,21960,48
395,8,123629,49
396,8,68017,50
397,8,23829,45
398,8,6030,44
399,8,23427,61
400,8,3435,45
401,8,183861,60
402,8,58676,54
403,8,96931,50
404,8,31912,49
405,8,346249,50
406,8,14291,44
407,8,33199,44
408,8,164079,40
409,8,573994,72
410,8,259164,62
411,8,625678,51
412,8,31777,44
413,8,49033,40
414,8,452169,54
415,8,292599,54
416,8,5467,48
417,8,26625,50
418,8,1150,49
419,8,602,49
420,8,699045,44
421,8,13220,58
422,8,29184,53
423,8,13731,45
427,8,18897,44
428,8,121676,60
429,8,8626,44
430,8,7140,48
431,8,226758,72
432,8,67407,54
433,8,6661,48
434,8,5667,54
435,8,4449,53
436,8,6185,44
437,8,35647,56
438,8,7901,53
439,8,13770,49
440,8,10178,47
441,8,5709,53
442,8,296057,60
443,8,113681,55
444,8,30386,43
445,8,407771,46
446,8,7206,44
447,8,888618,48
448,8,289483,64
449,8,26655,44
450,8,38263,44
451,8,15104,57
452,8,4524,44
453,8,42867,53
454,8,9958,44
455,8,71533,45
456,8,6931,48
457,8,351938,74
458,8,54410,44
459,8,107037,48
460,8,2673073,76
461,8,27435,66
462,8,2776,53
463,8,2195805,67
464,8,42199,44
465,8,75965,53
466,8,91048,58
467,8,72961,44
468,8,529561,51
469,8,637763,56
470,8,262675,45
471,8,223047,45
472,8,2335,48
473,8,19305,48
474,8,6644,44
475,8,16375,45
476,8,12128,50
477,8,11077,44
478,8,10337,44
479,8,26734,44
480,8,20892,44
481,8,10607,44
482,8,15164,44
483,8,601,48
484,8,52897,40
485,8,3245,43
486,8,15882,49
487,8,46443,57
488,8,231705,93
489,8,8869,53
490,8,17171,50
491,8,81234,44
492,8,1695,58
493,8,8328,44
494,8,58222,45
495,8,5572,45
496,8,127559,66
497,8,2618,49
498,8,17998,45
499,8,2671,49
500,8,14236,54
501,8,10919,59
502,8,36236,60
503,8,126477,45
504,8,96280,45
505,8,248125,61
506,8,7221,50
507,8,8114,45
508,8,11398,55
509,8,65171,45
510,8,17687,47
511,8,10944,53
512,8,11996,59
513,8,14414,45
514,8,2553,58
515,8,48724,54
516,8,11138,48
517,8,4460,53
518,8,55794,53
519,8,5885,45
520,8,7384,54
521,8,2785,45
522,8,11749,45
523,8,15867,73
524,8,4625,54
525,8,9208,63
526,8,479476,46
527,8,919,50
528,8,2906,50
529,8,341651,47
530,8,1615,44
531,8,1558,45
532,8,2042,45
533,8,1465,45
534,8,35026,45
535,8,6451,45
536,8,10629,40
537,8,2069,45
538,8,6427,45
539,8,479,45
540,8,873,45
541,8,57643,45
542,8,7836,40
543,8,17278,40
544,8,656,45
545,8,1832,40
546,8,1915,40
547,8,3358,45
548,8,3388,40
549,8,4998,40
550,8,0,45
551,8,0,40
552,8,0,40
553,8,0,40
554,8,0,50
1,9,25175,53
2,9,23253,54
3,9,65064,54
4,9,330367,50
5,9,128763,50
6,9,22104,50
7,9,6000,50
8,9,2697,44
9,9,1700,45
10,9,10962,45
11,9,1970131,111
12,9,100035,93
13,9,49749,44
14,9,453397,50
15,9,44711,72
16,9,61484,68
17,9,104844,58
18,9,54891,53
19,9,95462,48
20,9,56678,43
21,9,760314,47
22,9,74589,43
23,9,3500,44
24,9,22904,45
25,9,4385,45
26,9,6831,54
27,9,10701,44
28,9,9870,57
29,9,263973,59
30,9,129566,55
31,9,907102,59
32,9,797,49
33,9,3198,45
34,9,22235,44
35,9,47278,44
36,9,13114,58
37,9,85154,49
38,9,45708,45
39,9,7230,43
40,9,3967,44
41,9,8577,44
42,9,826825,46
43,9,910,44
44,9,69626,56
45,9,6631,52
46,9,35748,48
47,9,1044848,46
48,9,1659832,40
49,9,40344,64
50,9,4398,58
51,9,153,54
52,9,664,54
53,9,667,50
54,9,32493,50
55,9,27040,49
56,9,3690,44
57,9,199350,45
58,9,16575,50
59,9,838446,49
60,9,7553,43
61,9,69041,44
62,9,986,44
63,9,31047,43
64,9,4541,44
65,9,800457,42
66,9,466224,40
67,9,996294,80
68,9,698876,63
69,9,30538,54
70,9,34898,49
71,9,41333,44
72,9,78837,43
73,9,20950,44
74,9,12460,43
75,9,278803,71
76,9,7826,63
77,9,273,59
78,9,13314,47
79,9,1687,50
80,9,3008,48
81,9,686,49
82,9,10773,48
83,9,67164,50
84,9,112853,50
85,9,78842,45
86,9,9461,44
87,9,41394,42
88,9,9188,44
89,9,190034,40
90,9,346642,64
91,9,83201,62
92,9,4539,53
93,9,1049042,47
94,9,447272,45
95,9,95526,44
96,9,41107,59
97,9,28731,60
98,9,1832,55
99,9,248,55
100,9,9839,54
101,9,35023,54
102,9,14564,50
103,9,204804,62
104,9,6976,60
105,9,428043,59
106,9,394485,58
107,9,57248,55
108,9,56630,50
109,9,13430,43
110,9,78856,67
111,9,388159,55
112,9,15034,49
113,9,130403,70
114,9,96750,69
115,9,3927,64
116,9,120327,59
117,9,128969,56
118,9,377680,51
119,9,345112,50
120,9,56439,44
121,9,1306,44
122,9,1224192,54
123,9,831471,56
124,9,1644,50
125,9,5605,50
126,9,238644,46
127,9,14556,44
128,9,1800724,41
129,9,43040,57
130,9,225894,45
131,9,54479,50
132,9,46047,44
133,9,615980,67
134,9,184945,67
135,9,108141,57
136,9,6882,52
137,9,9109,55
138,9,53496,53
139,9,10839,49
140,9,6640,44
141,9,1439004,60
142,9,225432,54
143,9,197516,55
144,9,128374,54
145,9,9799,49
146,9,7670,57
147,9,77226,58
148,9,641581,55
149,9,627480,40
150,9,456791,79
151,9,246820,75
152,9,63074,65
153,9,29619,62
154,9,7407,53
155,9,459,50
156,9,1350,50
157,9,46657,44
158,9,57480,45
159,9,823524,62
160,9,972414,54
161,9,304617,54
162,9,152159,50
163,9,28407,44
164,9,522264,47
165,9,54411,43
166,9,807733,90
167,9,14780,57
168,9,586160,51
169,9,7223,44
170,9,13869,44
171,9,955498,72
172,9,18492,59
173,9,2486,53
174,9,14064,53
175,9,20647,52
176,9,221116,50
177,9,11502,44
178,9,19796,44
179,9,54960,44
180,9,74345,45
181,9,1332521,69
182,9,2114467,72
183,9,3185653,65
184,9,59437,52
185,9,293610,55
186,9,13284,53
187,9,898212,96
188,9,199758,53
189,9,412556,58
190,9,2595,45
191,9,2186184,124
192,9,2058900,118
193,9,21478,62
194,9,18048,63
195,9,7503,58
196,9,12469,58
197,9,100808,55
198,9,51341,54
199,9,175466,54
200,9,47936,53
201,9,420,45
202,9,159539,63
203,9,1105774,60
204,9,26375,59
205,9,16713,54
206,9,547448,54
207,9,70853,53
208,9,572029,56
209,9,3255,50
210,9,2030824,122
211,9,102174,95
212,9,1499826,61
213,9,18708,48
214,9,2633111,121
215,9,2319067,100
216,9,17176,93
217,9,604427,87
218,9,1009503,79
219,9,699287,76
220,9,21779,52
221,9,46360,52
222,9,94913,52
223,9,9666,53
224,9,26566,54
225,9,86041,54
226,9,45918,54
227,9,10096,48
228,9,2207,49
229,9,6577,49
230,9,3657,49
231,9,9274,48
232,9,23841,85
233,9,678570,84
234,9,787568,44
235,9,1014409,55
236,9,14480,48
237,9,7173,49
238,9,256481,84
239,9,208094,75
240,9,30283,68
241,9,56481,64
242,9,25936,63
243,9,721096,61
244,9,9020,53
245,9,6702,48
246,9,30308,50
247,9,28731,48
248,9,140415,50
249,9,44830,44
250,9,18345,44
251,9,13198,53
252,9,170288,50
253,9,3447,44
254,9,9970,44
255,9,21859,45
256,9,9770,44
257,9,200,45
258,9,331342,44
259,9,10045,43
260,9,7605,53
261,9,2179,50
262,9,63790,50
263,9,9312,44
264,9,62772,40
265,9,223889,60
266,9,30409,58
267,9,13713,54
268,9,4171,48
269,9,18689,50
270,9,26265,50
271,9,313384,45
272,9,2571,44
273,9,16270,45
274,9,89236,44
275,9,1001,45
276,9,25182,45
277,9,219769,40
278,9,2514813,71
279,9,3484,53
280,9,73159,45
281,9,438837,40
282,9,4608,62
283,9,116843,60
284,9,3409,53
285,9,6820,54
286,9,13722,49
287,9,1592579,49
288,9,17482,45
289,9,11739,45
290,9,52622,45
291,9,51585,50
292,9,7001,43
293,9,22459,45
294,9,52993,45
295,9,15850,45
296,9,181118,40
297,9,2234062,45
298,9,25091,57
299,9,12914,44
300,9,1548,53
301,9,5665,48
302,9,18435,49
303,9,9920,54
304,9,404850,52
305,9,40886,49
306,9,15609,48
307,9,62649,45
308,9,6880,43
309,9,32027,44
310,9,25371,44
311,9,86757,40
312,9,3697,60
313,9,119680,59
314,9,12874,49
315,9,173261,47
316,9,2862,45
317,9,30595,44
318,9,28335,43
319,9,233529,45
320,9,50468,63
321,9,49672,58
322,9,1998,53
323,9,6773,53
324,9,4512,48
325,9,29162,48
326,9,1893,44
327,9,27283,44
328,9,78914,45
329,9,10794,54
330,9,138208,53
331,9,466316,55
332,9,157457,55
333,9,60498,54
334,9,9945,55
335,9,2146,49
336,9,130134,49
337,9,64102,47
338,9,1311565,109
339,9,6060,45
340,9,372341,54
341,9,78652,44
342,9,822309,98
343,9,243609,88
344,9,30797,84
345,9,275711,71
346,9,263312,60
347,9,21944,54
348,9,6805,49
349,9,137742,50
350,9,12436,49
351,9,966,45
352,9,34639,44
353,9,91742,47
354,9,11921,43
355,9,4236,43
356,9,10792,43
357,9,27046,43
358,9,104796,44
359,9,26726,43
360,9,6457,40
361,9,111418,40
362,9,37594,62
363,9,125453,61
364,9,32100,57
365,9,28554,48
366,9,109774,48
367,9,9353,44
368,9,66202,57
369,9,66622,57
370,9,40872,55
371,9,20963,49
372,9,1485,48
373,9,25803,48
374,9,14059,44
375,9,7695,44
376,9,152619,50
377,9,33939,45
378,9,57793,45
379,9,37923,43
380,9,83816,45
381,9,349705,45
382,9,18372,43
383,9,234106,39
384,9,104488,40
385,9,5371,70
386,9,29464,60
387,9,81989,44
388,9,241911,50
389,9,50140,69
390,9,309833,69
391,9,111784,64
392,9,434915,60
393,9,10733,53
394,9,21231,48
395,9,119860,49
396,9,63922,50
397,9,24869,44
398,9,5771,44
399,9,22448,61
400,9,3302,45
401,9,217522,60
402,9,59496,54
403,9,101367,50
404,9,32388,49
405,9,436286,50
406,9,15960,43
407,9,29551,44
408,9,164446,40
409,9,633193,71
410,9,228038,61
411,9,842319,52
412,9,31509,44
413,9,47480,40
414,9,434691,54
415,9,280780,53
416,9,5043,48
417,9,214506,51
418,9,1166,49
419,9,617,49
420,9,658549,44
421,9,12611,58
422,9,28627,53
423,9,14210,45
427,9,18782,44
428,9,223485,61
429,9,8462,44
430,9,6939,48
431,9,211852,72
432,9,60874,54
433,9,6819,48
434,9,6074,54
435,9,4369,53
436,9,6142,44
437,9,32856,56
438,9,6713,52
439,9,13082,48
440,9,10077,47
441,9,5435,52
442,9,282371,60
443,9,109085,55
444,9,29296,43
445,9,409745,46
446,9,7245,44
447,9,826755,48
448,9,284856,64
449,9,25134,44
450,9,41393,44
451,9,14740,57
452,9,4507,44
453,9,39096,53
454,9,9531,44
455,9,70049,45
456,9,6669,47
457,9,346369,74
458,9,56985,44
459,9,105399,47
460,9,3078088,77
461,9,29376,66
462,9,2697,53
463,9,2560578,68
464,9,42005,44
465,9,72630,53
466,9,82774,58
467,9,102035,44
468,9,528846,51
469,9,581915,55
470,9,280786,45
471,9,267399,46
472,9,2284,48
473,9,19145,48
474,9,6672,44
475,9,19280,45
476,9,12241,50
477,9,10994,44
478,9,10207,44
479,9,25780,44
480,9,19938,44
481,9,11709,44
482,9,13983,44
483,9,594,48
484,9,52671,40
485,9,3134,43
486,9,14012,49
487,9,46674,57
488,9,238282,93
489,9,8087,53
490,9,16508,50
491,9,87027,44
492,9,1807,58
493,9,12226,44
494,9,70443,45
495,9,5602,44
496,9,121646,66
497,9,2521,48
498,9,45212,45
499,9,2585,49
500,9,17156,54
501,9,8779,59
502,9,48147,60
503,9,124923,45
504,9,97012,45
505,9,252978,61
506,9,6283,50
507,9,8320,45
508,9,10625,55
509,9,63482,45
510,9,16621,47
511,9,11076,53
512,9,11737,59
513,9,14411,45
514,9,2551,58
515,9,64586,54
516,9,12741,48
517,9,4824,53
518,9,57049,53
519,9,5760,45
520,9,7739,54
521,9,2839,44
522,9,11462,45
523,9,15483,73
524,9,4412,54
525,9,8720,63
526,9,408110,46
527,9,898,50
528,9,2663,50
529,9,427927,47
530,9,1654,44
531,9,1728,45
532,9,2124,44
533,9,1542,45
534,9,110944,45
535,9,6891,45
536,9,12849,40
537,9,2452,45
538,9,7029,45
539,9,579,45
540,9,12880,45
541,9,76596,45
542,9,9001,40
543,9,20188,40
544,9,863,45
545,9,3076,40
546,9,3428,40
547,9,4506,45
548,9,4104,40
549,9,9783,40
550,9,99,45
551,9,852,40
552,9,1463,40
553,9,5249,40
554,9,732,50
555,9,1528,45
556,9,0,40
557,9,0,45
558,9,0,40
1,10,25037,52
2,10,24277,54
3,10,65892,54
4,10,297254,49
5,10,128277,50
6,10,21568,50
7,10,5959,50
8,10,2750,44
9,10,1679,45
10,10,10834,45
11,10,2024573,111
12,10,106371,93
13,10,49264,44
14,10,450831,50
15,10,44651,72
16,10,60855,68
17,10,103669,58
18,10,54576,53
19,10,93186,48
20,10,57216,43
21,10,756253,47
22,10,71048,43
23,10,3468,43
24,10,21721,45
25,10,4370,45
26,10,6864,54
27,10,10586,44
28,10,9531,57
29,10,342709,59
30,10,123243,55
31,10,837159,59
32,10,793,49
33,10,3112,45
34,10,22502,44
35,10,45758,44
36,10,11928,58
37,10,84065,49
38,10,45123,45
39,10,7014,43
40,10,3981,44
41,10,8466,44
42,10,845513,46
43,10,896,44
44,10,67400,56
45,10,6530,52
46,10,34566,48
47,10,1075654,47
48,10,1645866,40
49,10,43201,64
50,10,4413,58
51,10,158,54
52,10,671,54
53,10,687,50
54,10,31700,50
55,10,25408,48
56,10,3609,44
57,10,197629,45
58,10,22050,50
59,10,880906,49
60,10,7287,43
61,10,67675,44
62,10,1026,44
63,10,32122,43
64,10,4611,44
65,10,862694,42
66,10,460466,40
67,10,990571,80
68,10,687942,63
69,10,30384,54
70,10,40912,49
71,10,41515,44
72,10,76438,43
73,10,20725,44
74,10,12409,43
75,10,270975,71
76,10,7725,63
77,10,272,59
78,10,13123,47
79,10,1919,50
80,10,2998,48
81,10,684,49
82,10,9974,48
83,10,65880,50
84,10,111454,50
85,10,77616,45
86,10,9354,43
87,10,40984,42
88,10,9117,44
89,10,187868,40
90,10,291696,64
91,10,93257,62
92,10,4477,53
93,10,1041606,47
94,10,431345,45
95,10,94206,44
96,10,38703,59
97,10,29779,60
98,10,1947,55
99,10,257,55
100,10,9963,54
101,10,34285,54
102,10,13757,50
103,10,272623,62
104,10,6868,60
105,10,434369,59
106,10,398701,58
107,10,56164,55
108,10,50515,50
109,10,13229,43
110,10,78552,67
111,10,392397,55
112,10,14988,48
113,10,134751,70
114,10,94316,69
115,10,3918,64
116,10,243358,60
117,10,119806,56
118,10,381941,51
119,10,311683,50
120,10,54441,44
121,10,1320,44
122,10,1225533,54
123,10,850342,56
124,10,1800,50
125,10,5343,50
126,10,237086,46
127,10,14426,44
128,10,1759610,41
129,10,42785,57
130,10,216503,45
131,10,48242,50
132,10,47319,44
133,10,600652,67
134,10,181649,67
135,10,104992,57
136,10,6774,52
137,10,8851,55
138,10,52352,53
139,10,11316,49
140,10,6583,44
141,10,1436528,60
142,10,211370,54
143,10,201326,55
144,10,127032,54
145,10,9876,49
146,10,7339,57
147,10,72375,58
148,10,646137,55
149,10,624038,40
150,10,463246,79
151,10,247346,75
152,10,69391,65
153,10,31221,62
154,10,7472,53
155,10,456,50
156,10,1346,50
157,10,46196,44
158,10,56014,45
159,10,901347,62
160,10,971962,54
161,10,317583,54
162,10,164719,50
163,10,27790,44
164,10,543045,47
165,10,53819,43
166,10,1080468,91
167,10,14772,57
168,10,599421,51
169,10,7209,44
170,10,13777,44
171,10,1007844,72
172,10,33996,59
173,10,2441,52
174,10,13935,53
175,10,20422,52
176,10,225133,50
177,10,11240,44
178,10,19495,44
179,10,54523,44
180,10,70793,45
181,10,1362420,69
182,10,2033932,72
183,10,3161305,65
184,10,57788,52
185,10,289945,55
186,10,13304,53
187,10,882607,96
188,10,198087,53
189,10,460728,58
190,10,2569,45
191,10,2096834,124
192,10,2120143,118
193,10,26410,62
194,10,17828,63
195,10,8088,58
196,10,13044,58
197,10,100111,55
198,10,51218,54
199,10,183421,54
200,10,47537,53
201,10,412,45
202,10,157104,63
203,10,1023481,59
204,10,64908,59
205,10,16078,54
206,10,398848,54
207,10,78855,53
208,10,495620,56
209,10,3255,50
210,10,1997045,122
211,10,113826,95
212,10,1510598,61
213,10,18687,48
214,10,2657386,121
215,10,2640790,101
216,10,17131,93
217,10,460633,86
218,10,1017840,79
219,10,829755,76
220,10,21637,52
221,10,47402,52
222,10,95762,52
223,10,9588,53
224,10,27601,54
225,10,86399,54
226,10,44733,54
227,10,10799,48
228,10,2208,49
229,10,6429,49
230,10,3608,49
231,10,9366,48
232,10,23764,85
233,10,743873,84
234,10,769594,44
235,10,1009485,55
236,10,13462,48
237,10,7204,49
238,10,248907,84
239,10,261598,75
240,10,30075,68
241,10,55298,63
242,10,25655,63
243,10,791060,61
244,10,9381,53
245,10,6765,48
246,10,31607,50
247,10,27365,48
248,10,149253,50
249,10,43362,44
250,10,18031,44
251,10,12790,53
252,10,160806,50
253,10,4354,44
254,10,9875,44
255,10,21036,45
256,10,9560,44
257,10,185,44
258,10,333752,44
259,10,10842,43
260,10,7487,53
261,10,2146,50
262,10,68601,50
263,10,9248,44
264,10,62497,40
265,10,217204,60
266,10,30412,58
267,10,12890,54
268,10,4142,48
269,10,18150,50
270,10,26691,50
271,10,293243,44
272,10,2479,44
273,10,15398,45
274,10,88986,44
275,10,972,45
276,10,25349,45
277,10,205884,40
278,10,2195351,70
279,10,3424,53
280,10,75137,45
281,10,453574,40
282,10,4539,62
283,10,105025,60
284,10,3499,53
285,10,6449,53
286,10,13520,49
287,10,1543497,49
288,10,17716,45
289,10,11887,45
290,10,52182,45
291,10,67746,50
292,10,6951,43
293,10,65069,45
294,10,62519,45
295,10,20700,45
296,10,179774,40
297,10,2384142,46
298,10,24830,57
299,10,12301,44
300,10,1519,53
301,10,6158,48
302,10,19400,49
303,10,9799,54
304,10,388109,52
305,10,40653,48
306,10,15540,48
307,10,61174,45
308,10,6836,43
309,10,46445,44
310,10,25242,44
311,10,86331,40
312,10,3679,60
313,10,220367,59
314,10,12757,49
315,10,169805,47
316,10,2934,45
317,10,29895,44
318,10,28024,43
319,10,228331,45
320,10,50003,63
321,10,49686,58
322,10,1982,53
323,10,6656,52
324,10,4432,48
325,10,32231,48
326,10,1884,44
327,10,27306,44
328,10,77446,45
329,10,10642,54
330,10,131508,53
331,10,429960,55
332,10,145545,54
333,10,59456,53
334,10,9928,55
335,10,2173,49
336,10,115454,49
337,10,57292,47
338,10,1142397,109
339,10,6132,45
340,10,338556,54
341,10,80711,44
342,10,593439,97
343,10,227224,87
344,10,33781,84
345,10,264739,71
346,10,220862,59
347,10,21480,53
348,10,6786,49
349,10,131895,49
350,10,12365,49
351,10,969,45
352,10,34548,44
353,10,81714,47
354,10,13004,43
355,10,4220,43
356,10,10593,43
357,10,25590,43
358,10,102907,44
359,10,47037,43
360,10,8941,39
361,10,107430,40
362,10,37175,62
363,10,128616,61
364,10,31552,57
365,10,27724,48
366,10,110079,48
367,10,9296,44
368,10,72237,57
369,10,61950,57
370,10,38452,55
371,10,20645,49
372,10,1475,48
373,10,23780,48
374,10,14665,44
375,10,7912,44
376,10,135473,50
377,10,34451,45
378,10,56744,45
379,10,37605,43
380,10,102415,45
381,10,340443,45
382,10,18009,43
383,10,239499,39
384,10,104013,40
385,10,5371,70
386,10,29035,60
387,10,81967,44
388,10,219069,50
389,10,49509,69
390,10,299507,69
391,10,105426,64
392,10,408125,60
393,10,10546,52
394,10,20937,47
395,10,117449,48
396,10,62431,50
397,10,24516,44
398,10,5684,44
399,10,21997,61
400,10,3252,45
401,10,230434,60
402,10,59346,54
403,10,100573,50
404,10,29678,49
405,10,459626,50
406,10,15655,43
407,10,28615,44
408,10,163910,40
409,10,742833,71
410,10,226875,61
411,10,881054,52
412,10,31256,44
413,10,47236,40
414,10,405507,54
415,10,272107,53
416,10,5029,48
417,10,259814,51
418,10,1182,49
419,10,630,49
420,10,667616,44
421,10,13389,58
422,10,29002,53
423,10,15996,45
427,10,18730,44
428,10,192079,61
429,10,8424,44
430,10,6888,48
431,10,206385,71
432,10,60228,53
433,10,6776,48
434,10,5988,54
435,10,4297,53
436,10,6168,44
437,10,31078,55
438,10,6230,52
439,10,13163,48
440,10,10010,47
441,10,5332,52
442,10,262207,60
443,10,94963,55
444,10,28615,43
445,10,391106,46
446,10,6998,44
447,10,822497,48
448,10,342067,64
449,10,24756,44
450,10,58562,44
451,10,14946,57
452,10,4457,43
453,10,35982,53
454,10,9294,44
455,10,67047,45
456,10,6580,47
457,10,350719,74
458,10,55713,44
459,10,108846,47
460,10,3155689,78
461,10,30351,66
462,10,2658,53
463,10,2590431,68
464,10,41914,44
465,10,70009,53
466,10,83307,58
467,10,114859,44
468,10,534021,51
469,10,535760,55
470,10,270871,45
471,10,332190,46
472,10,2285,48
473,10,19046,48
474,10,6664,44
475,10,19586,45
476,10,12324,50
477,10,10913,44
478,10,10193,44
479,10,25373,44
480,10,22790,43
481,10,11108,44
482,10,13428,44
483,10,592,48
484,10,52343,40
485,10,3070,43
486,10,13328,48
487,10,46427,57
488,10,243973,93
489,10,7691,53
490,10,16055,50
491,10,87123,44
492,10,1888,58
493,10,17848,44
494,10,90239,45
495,10,5573,44
496,10,119277,65
497,10,2472,48
498,10,60817,45
499,10,2523,49
500,10,20015,54
501,10,8443,58
502,10,57812,60
503,10,124710,45
504,10,97698,45
505,10,239354,61
506,10,6136,50
507,10,8737,45
508,10,10025,55
509,10,62863,45
510,10,16041,47
511,10,12996,53
512,10,10695,59
513,10,14471,45
514,10,2554,58
515,10,66653,54
516,10,11160,48
517,10,4895,53
518,10,81097,53
519,10,5614,45
520,10,7409,54
521,10,2859,44
522,10,11333,45
523,10,15523,73
524,10,4356,54
525,10,8453,62
526,10,303118,45
527,10,901,50
528,10,2519,50
529,10,474501,48
530,10,1661,44
531,10,1755,45
532,10,2091,44
533,10,1562,45
534,10,146247,46
535,10,7000,45
536,10,13337,40
537,10,2524,45
538,10,7211,45
539,10,620,45
540,10,20276,45
541,10,81567,45
542,10,9510,40
543,10,21172,40
544,10,965,45
545,10,3603,40
546,10,4006,40
547,10,5134,45
548,10,4366,40
549,10,19517,40
550,10,141,45
551,10,1134,40
552,10,2016,40
553,10,7414,40
554,10,1357,50
555,10,1403,45
556,10,2384,40
557,10,73,45
558,10,1050,40
559,10,0,45
1,11,24909,52
2,11,25403,54
3,11,59198,54
4,11,263873,48
5,11,140515,50
6,11,20886,50
7,11,5888,50
8,11,2825,44
9,11,1656,45
10,11,10579,45
11,11,1860399,111
12,11,118088,93
13,11,47847,43
14,11,433193,50
15,11,47557,72
16,11,59996,68
17,11,97548,58
18,11,53060,53
19,11,90620,48
20,11,59635,43
21,11,728754,47
22,11,68834,42
23,11,3603,43
24,11,20609,45
25,11,4375,44
26,11,6842,54
27,11,10438,44
28,11,9134,57
29,11,308793,59
30,11,108827,55
31,11,748369,58
32,11,792,49
33,11,3001,45
34,11,21833,44
35,11,43768,44
36,11,10826,58
37,11,81486,49
38,11,45117,45
39,11,6714,43
40,11,3988,44
41,11,8436,43
42,11,856434,46
43,11,884,44
44,11,65424,56
45,11,6329,52
46,11,33006,48
47,11,1102652,47
48,11,1629969,40
49,11,51658,64
50,11,4433,58
51,11,158,54
52,11,661,54
53,11,758,50
54,11,30370,50
55,11,23259,48
56,11,3443,44
57,11,191161,45
58,11,23196,50
59,11,946206,50
60,11,7009,43
61,11,65233,44
62,11,1124,44
63,11,34048,43
64,11,4662,44
65,11,916104,43
66,11,453918,40
67,11,804233,79
68,11,637852,63
69,11,29178,54
70,11,63361,49
71,11,39874,44
72,11,73219,43
73,11,20475,44
74,11,12337,43
75,11,252291,70
76,11,7579,63
77,11,274,59
78,11,12868,47
79,11,1987,50
80,11,2928,47
81,11,682,49
82,11,10033,48
83,11,64712,50
84,11,110004,50
85,11,79064,45
86,11,9073,43
87,11,39857,42
88,11,9103,44
89,11,185715,40
90,11,281377,63
91,11,72869,62
92,11,4481,53
93,11,1032242,47
94,11,419470,45
95,11,92920,43
96,11,36314,59
97,11,40140,60
98,11,2641,55
99,11,253,55
100,11,9845,54
101,11,33172,54
102,11,13487,50
103,11,329156,63
104,11,6721,60
105,11,432864,59
106,11,424688,58
107,11,55545,55
108,11,45760,49
109,11,12989,43
110,11,77905,66
111,11,392100,55
112,11,15045,48
113,11,180561,71
114,11,91478,69
115,11,3861,64
116,11,204274,60
117,11,109012,56
118,11,367747,51
119,11,278632,50
120,11,51921,44
121,11,1286,44
122,11,1223982,54
123,11,835564,56
124,11,2122,50
125,11,5078,50
126,11,231142,46
127,11,14135,44
128,11,1763874,41
129,11,42338,57
130,11,204094,45
131,11,43589,50
132,11,48127,44
133,11,586050,67
134,11,184341,67
135,11,98427,56
136,11,6647,52
137,11,8385,55
138,11,53377,53
139,11,12242,49
140,11,6530,44
141,11,1277056,59
142,11,184268,54
143,11,192237,55
144,11,119659,54
145,11,10071,49
146,11,7212,57
147,11,77136,58
148,11,614126,55
149,11,620436,40
150,11,440021,79
151,11,231835,75
152,11,57271,65
153,11,31457,62
154,11,7462,53
155,11,458,50
156,11,1330,50
157,11,46238,44
158,11,56332,44
159,11,990098,63
160,11,922771,54
161,11,708784,56
162,11,205116,51
163,11,26639,44
164,11,603794,47
165,11,52550,42
166,11,1773320,93
167,11,14842,57
168,11,643294,51
169,11,7096,44
170,11,13554,44
171,11,1070160,73
172,11,63094,59
173,11,2386,52
174,11,13638,53
175,11,19860,52
176,11,221818,50
177,11,10841,44
178,11,18895,44
179,11,53271,44
180,11,64155,45
181,11,1433018,69
182,11,2032528,72
183,11,3008759,65
184,11,57635,52
185,11,209116,54
186,11,22564,53
187,11,851954,95
188,11,198448,53
189,11,508599,59
190,11,2560,45
191,11,2001830,124
192,11,2173207,119
193,11,29527,62
194,11,17320,63
195,11,8428,58
196,11,12986,58
197,11,102311,55
198,11,56807,54
199,11,189922,54
200,11,46925,53
201,11,401,45
202,11,153310,63
203,11,916953,59
204,11,148108,60
205,11,15875,54
206,11,270478,53
207,11,100776,53
208,11,375657,54
209,11,3237,50
210,11,1742395,121
211,11,127434,95
212,11,1552931,61
213,11,18696,48
214,11,2776202,121
215,11,2825502,102
216,11,17014,93
217,11,324574,85
218,11,952052,79
219,11,952441,77
220,11,21558,52
221,11,46163,52
222,11,111007,52
223,11,9466,53
224,11,28785,54
225,11,82554,54
226,11,42987,54
227,11,11483,48
228,11,2224,49
229,11,6236,49
230,11,3559,49
231,11,9667,48
232,11,23654,85
233,11,868996,85
234,11,768587,43
235,11,1002235,55
236,11,12914,48
237,11,7260,49
238,11,236304,84
239,11,414585,76
240,11,29796,68
241,11,55577,63
242,11,24968,63
243,11,858325,61
244,11,9981,53
245,11,6789,48
246,11,32903,50
247,11,25376,48
248,11,243386,51
249,11,41223,44
250,11,17640,44
251,11,12316,53
252,11,137278,50
253,11,5613,44
254,11,10734,44
255,11,19860,45
256,11,9300,44
257,11,210,44
258,11,387517,44
259,11,11352,43
260,11,7282,53
261,11,2088,50
262,11,69494,50
263,11,9133,44
264,11,62507,40
265,11,401069,61
266,11,29719,58
267,11,11684,54
268,11,4088,48
269,11,17394,50
270,11,23288,50
271,11,281396,44
272,11,2383,44
273,11,15349,45
274,11,87593,44
275,11,952,44
276,11,23473,45
277,11,192621,40
278,11,1855008,69
279,11,3323,53
280,11,87202,45
281,11,478006,40
282,11,4418,62
283,11,88954,60
284,11,4097,53
285,11,6123,53
286,11,13293,49
287,11,1367222,48
288,11,17359,45
289,11,11992,45
290,11,50985,45
291,11,139610,50
292,11,6815,43
293,11,111297,45
294,11,69646,45
295,11,25461,45
296,11,178509,40
297,11,2538506,47
298,11,24324,57
299,11,11449,44
300,11,1492,53
301,11,6727,48
302,11,20713,49
303,11,9918,54
304,11,324775,51
305,11,34255,48
306,11,14657,47
307,11,55324,45
308,11,6678,43
309,11,58752,44
310,11,23682,44
311,11,85540,40
312,11,3609,60
313,11,201569,60
314,11,12529,49
315,11,162889,47
316,11,2823,45
317,11,28896,44
318,11,27463,43
319,11,206201,45
320,11,45982,63
321,11,43418,58
322,11,1947,53
323,11,6442,52
324,11,4286,48
325,11,30878,48
326,11,1873,44
327,11,27405,44
328,11,74030,45
329,11,10927,54
330,11,122967,53
331,11,412209,54
332,11,119949,54
333,11,59875,53
334,11,9871,55
335,11,2351,49
336,11,111775,48
337,11,52753,46
338,11,1156773,108
339,11,5939,45
340,11,306060,54
341,11,138519,44
342,11,539137,96
343,11,221548,87
344,11,35270,84
345,11,250421,71
346,11,154290,59
347,11,21051,53
348,11,6870,48
349,11,128284,49
350,11,12365,49
351,11,960,45
352,11,34832,44
353,11,77415,47
354,11,14119,43
355,11,4428,43
356,11,10416,43
357,11,24237,42
358,11,102194,44
359,11,83824,43
360,11,22000,39
361,11,109733,40
362,11,36470,62
363,11,123496,61
364,11,30165,57
365,11,27197,48
366,11,116794,48
367,11,9224,44
368,11,69812,57
369,11,59532,56
370,11,35008,55
371,11,15912,49
372,11,1476,48
373,11,21906,48
374,11,15114,44
375,11,7691,44
376,11,140056,49
377,11,32598,45
378,11,51985,45
379,11,37945,43
380,11,95542,45
381,11,327066,45
382,11,17923,43
383,11,255648,39
384,11,104052,40
385,11,5346,70
386,11,28385,60
387,11,79641,44
388,11,196071,50
389,11,48713,69
390,11,280189,69
391,11,91130,63
392,11,435679,60
393,11,12305,52
394,11,19345,47
395,11,114875,48
396,11,58529,50
397,11,24434,44
398,11,5410,44
399,11,21201,60
400,11,3174,45
401,11,229575,60
402,11,64182,54
403,11,102130,50
404,11,26768,49
405,11,322230,50
406,11,15615,43
407,11,30014,44
408,11,164678,40
409,11,747616,72
410,11,223003,61
411,11,862313,52
412,11,31050,44
413,11,47257,40
414,11,381435,53
415,11,253799,53
416,11,4857,48
417,11,260912,51
418,11,1185,49
419,11,647,49
420,11,673571,44
421,11,16710,58
422,11,28703,53
423,11,18287,45
427,11,18631,44
428,11,189226,61
429,11,8350,44
430,11,6786,48
431,11,346604,72
432,11,60354,53
433,11,6824,48
434,11,5869,54
435,11,4220,52
436,11,6163,44
437,11,28837,55
438,11,5723,52
439,11,13324,48
440,11,9918,47
441,11,5120,52
442,11,240469,60
443,11,73961,54
444,11,27723,43
445,11,376016,46
446,11,6785,43
447,11,794330,48
448,11,528460,65
449,11,24187,44
450,11,62825,44
451,11,18713,57
452,11,4476,43
453,11,32685,53
454,11,9171,44
455,11,65323,45
456,11,6426,47
457,11,328818,74
458,11,54253,44
459,11,112645,47
460,11,3271285,78
461,11,33620,66
462,11,2610,53
463,11,2622473,69
464,11,42055,44
465,11,68293,52
466,11,80311,57
467,11,115000,44
468,11,603354,51
469,11,470309,54
470,11,269520,45
471,11,388458,47
472,11,2263,48
473,11,18740,47
474,11,6670,44
475,11,20698,45
476,11,11983,50
477,11,10883,43
478,11,10507,44
479,11,24739,44
480,11,30176,43
481,11,10111,44
482,11,12618,44
483,11,580,48
484,11,52145,40
485,11,2985,43
486,11,12481,48
487,11,44761,57
488,11,229398,93
489,11,7213,53
490,11,15562,49
491,11,87435,44
492,11,1998,58
493,11,18946,44
494,11,108434,45
495,11,5540,44
496,11,114732,65
497,11,2398,48
498,11,66986,45
499,11,2463,49
500,11,21636,54
501,11,8195,58
502,11,142549,60
503,11,124874,45
504,11,105071,45
505,11,192079,60
506,11,6370,50
507,11,8006,45
508,11,8861,55
509,11,61685,45
510,11,15555,46
511,11,13056,53
512,11,9716,59
513,11,14467,45
514,11,2576,58
515,11,72519,54
516,11,11065,48
517,11,4624,53
518,11,122990,53
519,11,5482,45
520,11,6800,54
521,11,2888,44
522,11,11152,45
523,11,15873,73
524,11,4325,54
525,11,7648,62
526,11,244645,44
527,11,886,50
528,11,2586,50
529,11,522309,48
530,11,1681,44
531,11,1868,45
532,11,2032,44
533,11,1619,45
534,11,263242,46
535,11,7046,45
536,11,14332,40
537,11,3319,45
538,11,7611,45
539,11,701,45
540,11,28320,45
541,11,78828,45
542,11,12326,40
543,11,23624,40
544,11,1129,45
545,11,4530,40
546,11,13743,40
547,11,6025,45
548,11,5011,40
549,11,30325,40
550,11,275,45
551,11,1740,40
552,11,2910,40
553,11,11605,40
554,11,2163,50
555,11,1545,45
556,11,6318,40
557,11,225,45
558,11,2883,40
559,11,954,45
560,11,0,45
1,12,24731,52
2,12,24203,54
3,12,54779,54
4,12,238898,48
5,12,136600,50
6,12,20489,50
7,12,5869,50
8,12,2828,44
9,12,1652,45
10,12,10002,45
11,12,1811963,110
12,12,117840,93
13,12,47455,43
14,12,418549,50
15,12,50451,72
16,12,59501,68
17,12,96210,58
18,12,50861,52
19,12,90316,48
20,12,63794,43
21,12,705450,47
22,12,68227,42
23,12,3670,43
24,12,19789,45
25,12,4357,44
26,12,6801,54
27,12,10234,44
28,12,9121,57
29,12,286069,59
30,12,113096,55
31,12,835041,58
32,12,785,49
33,12,2944,45
34,12,20087,44
35,12,42650,44
36,12,10378,58
37,12,81352,49
38,12,49477,45
39,12,6542,43
40,12,3966,44
41,12,8293,43
42,12,852654,46
43,12,884,44
44,12,62579,56
45,12,6201,52
46,12,31988,48
47,12,1100802,47
48,12,1603483,40
49,12,48554,64
50,12,4449,58
51,12,157,54
52,12,666,54
53,12,796,50
54,12,29526,50
55,12,21844,47
56,12,3355,44
57,12,187741,45
58,12,27722,50
59,12,1054748,50
60,12,6785,43
61,12,62941,44
62,12,1187,44
63,12,53525,43
64,12,4634,44
65,12,987208,43
66,12,444484,40
67,12,698323,78
68,12,673634,63
69,12,27754,53
70,12,121626,49
71,12,38116,44
72,12,70095,43
73,12,20073,44
74,12,12104,43
75,12,249015,70
76,12,7464,63
77,12,275,59
78,12,12681,47
79,12,2151,50
80,12,2766,47
81,12,686,49
82,12,9128,48
83,12,62731,50
84,12,105179,50
85,12,77381,45
86,12,8945,43
87,12,39161,42
88,12,8998,43
89,12,182142,40
90,12,265392,63
91,12,59088,62
92,12,4423,53
93,12,1017885,47
94,12,415750,45
95,12,91074,43
96,12,35177,59
97,12,48482,60
98,12,2744,55
99,12,254,55
100,12,10315,54
101,12,33001,54
102,12,13335,50
103,12,303482,63
104,12,6612,60
105,12,435726,59
106,12,421640,58
107,12,59949,55
108,12,44338,49
109,12,12804,43
110,12,77155,66
111,12,411360,55
112,12,15004,48
113,12,197607,71
114,12,90215,69
115,12,3835,64
116,12,162927,59
117,12,104450,56
118,12,292804,51
119,12,281748,50
120,12,50167,44
121,12,1269,44
122,12,1206868,54
123,12,795061,56
124,12,2228,50
125,12,4939,50
126,12,220058,46
127,12,13851,43
128,12,1733639,41
129,12,41682,57
130,12,193667,45
131,12,42795,50
132,12,47379,44
133,12,576207,67
134,12,184047,67
135,12,91202,56
136,12,6571,52
137,12,8155,55
138,12,50038,53
139,12,12354,49
140,12,6519,44
141,12,1273940,59
142,12,180783,54
143,12,185730,54
144,12,114719,54
145,12,10181,49
146,12,7976,57
147,12,73602,58
148,12,612381,55
149,12,613067,40
150,12,475446,79
151,12,227091,75
152,12,51397,65
153,12,32165,62
154,12,7672,53
155,12,455,50
156,12,1327,50
157,12,45981,44
158,12,56337,44
159,12,1015019,63
160,12,890161,54
161,12,803122,57
162,12,205680,51
163,12,25913,43
164,12,744439,48
165,12,51720,42
166,12,2148771,94
167,12,14658,57
168,12,702800,51
169,12,7012,44
170,12,13297,44
171,12,1307914,74
172,12,76734,59
173,12,2353,52
174,12,13422,53
175,12,19917,52
176,12,223307,50
177,12,12608,43
178,12,18378,44
179,12,52228,44
180,12,60109,45
181,12,1499335,69
182,12,2047861,72
183,12,2864573,64
184,12,55803,52
185,12,159801,54
186,12,22599,53
187,12,773399,95
188,12,195532,53
189,12,522736,59
190,12,2561,45
191,12,1894445,123
192,12,2401403,120
193,12,36235,62
194,12,17040,63
195,12,8813,58
196,12,13106,58
197,12,100696,55
198,12,57347,54
199,12,187726,54
200,12,46791,53
201,12,405,45
202,12,151157,63
203,12,927980,59
204,12,115412,60
205,12,15503,54
206,12,236268,53
207,12,99552,53
208,12,271970,53
209,12,3230,50
210,12,1616202,120
211,12,113917,95
212,12,1341787,61
213,12,20005,48
214,12,2598151,121
215,12,2821187,102
216,12,16975,93
217,12,272610,84
218,12,907759,79
219,12,638066,77
220,12,21354,52
221,12,46338,52
222,12,112136,52
223,12,9392,53
224,12,24564,54
225,12,79258,54
226,12,41683,54
227,12,11803,48
228,12,2242,49
229,12,6139,49
230,12,3533,49
231,12,9712,48
232,12,23565,85
233,12,948548,85
234,12,739599,43
235,12,1032793,55
236,12,12767,48
237,12,7239,48
238,12,231173,84
239,12,568782,77
240,12,29609,68
241,12,55870,63
242,12,24555,62
243,12,903504,62
244,12,10457,53
245,12,6657,48
246,12,33499,50
247,12,24199,48
248,12,262469,51
249,12,39902,44
250,12,17239,44
251,12,11897,53
252,12,124235,50
253,12,6148,44
254,12,12568,44
255,12,19026,44
256,12,9111,43
257,12,207,44
258,12,399457,44
259,12,13719,43
260,12,7081,52
261,12,2056,50
262,12,72684,50
263,12,9013,44
264,12,62213,40
265,12,464027,61
266,12,30500,58
267,12,11168,54
268,12,4047,48
269,12,22421,50
270,12,21820,50
271,12,289714,44
272,12,2317,44
273,12,15351,45
274,12,86072,44
275,12,940,44
276,12,24992,45
277,12,181587,40
278,12,1657272,68
279,12,3274,52
280,12,103741,45
281,12,485801,40
282,12,4520,62
283,12,86934,60
284,12,5046,53
285,12,6049,53
286,12,13331,49
287,12,1301916,47
288,12,16732,45
289,12,12087,45
290,12,50338,45
291,12,163297,51
292,12,6745,43
293,12,137154,46
294,12,76628,45
295,12,23480,45
296,12,175628,40
297,12,2844665,48
298,12,23733,57
299,12,10820,44
300,12,1475,53
301,12,17377,48
302,12,21865,49
303,12,9749,54
304,12,299928,51
305,12,31976,48
306,12,13997,47
307,12,53076,45
308,12,6687,43
309,12,59245,44
310,12,22729,44
311,12,84524,40
312,12,3587,60
313,12,190281,60
314,12,12286,49
315,12,156834,47
316,12,2739,45
317,12,27851,44
318,12,28633,43
319,12,191293,45
320,12,46246,62
321,12,52471,58
322,12,1921,53
323,12,6630,52
324,12,4208,47
325,12,30904,48
326,12,1836,44
327,12,28017,44
328,12,72587,45
329,12,11543,54
330,12,110238,53
331,12,410056,54
332,12,117341,54
333,12,61181,53
334,12,9856,55
335,12,2626,49
336,12,134273,48
337,12,49683,46
338,12,1130448,108
339,12,5818,45
340,12,290680,54
341,12,195950,45
342,12,499029,96
343,12,226070,87
344,12,63463,84
345,12,252142,70
346,12,123006,58
347,12,20715,53
348,12,6936,48
349,12,126781,49
350,12,12430,49
351,12,965,45
352,12,35043,44
353,12,74476,47
354,12,14579,43
355,12,4500,43
356,12,10360,42
357,12,23825,42
358,12,95811,44
359,12,106939,43
360,12,27504,39
361,12,109155,40
362,12,36437,62
363,12,133639,61
364,12,29793,57
365,12,26991,48
366,12,130830,48
367,12,9129,44
368,12,73521,57
369,12,61864,56
370,12,33461,55
371,12,13345,49
372,12,1463,48
373,12,21076,48
374,12,15967,44
375,12,7209,44
376,12,120953,49
377,12,29985,45
378,12,46857,45
379,12,37386,43
380,12,80921,45
381,12,291928,45
382,12,18419,43
383,12,261486,39
384,12,102608,40
385,12,5337,70
386,12,28020,60
387,12,75941,44
388,12,181008,50
389,12,48276,69
390,12,267307,68
391,12,86917,63
392,12,374996,60
393,12,21445,52
394,12,18348,47
395,12,111956,48
396,12,53777,50
397,12,24341,44
398,12,5303,44
399,12,20656,60
400,12,3134,45
401,12,231490,60
402,12,73259,54
403,12,106229,50
404,12,24685,49
405,12,260446,49
406,12,15531,43
407,12,33699,44
408,12,163055,40
409,12,920928,73
410,12,220566,61
411,12,880876,52
412,12,30601,44
413,12,46646,40
414,12,373752,53
415,12,266497,53
416,12,4835,47
417,12,305096,51
418,12,1185,49
419,12,648,49
420,12,673083,44
421,12,26861,58
422,12,25837,53
423,12,19761,45
427,12,18490,44
428,12,183033,60
429,12,8243,44
430,12,6749,47
431,12,801573,73
432,12,63997,53
433,12,6763,48
434,12,5741,54
435,12,4174,52
436,12,6157,44
437,12,27734,55
438,12,7976,52
439,12,13437,48
440,12,10823,47
441,12,5025,52
442,12,236131,59
443,12,67570,54
444,12,27439,42
445,12,366086,46
446,12,6601,43
447,12,741949,47
448,12,642003,66
449,12,23932,44
450,12,60497,44
451,12,18366,57
452,12,4437,43
453,12,29553,53
454,12,8826,44
455,12,64266,45
456,12,6329,47
457,12,282523,73
458,12,51737,44
459,12,115758,47
460,12,3474222,79
461,12,33583,66
462,12,2578,53
463,12,2380557,69
464,12,39960,44
465,12,82443,52
466,12,81175,57
467,12,110458,44
468,12,582663,51
469,12,404098,54
470,12,279610,45
471,12,430174,47
472,12,2253,47
473,12,18479,47
474,12,6677,44
475,12,20395,45
476,12,12728,50
477,12,10831,43
478,12,11002,44
479,12,24073,44
480,12,33927,43
481,12,9406,44
482,12,12087,44
483,12,579,48
484,12,51281,40
485,12,2941,43
486,12,12155,48
487,12,43121,56
488,12,206433,93
489,12,7021,53
490,12,15156,49
491,12,88768,44
492,12,2069,58
493,12,14386,44
494,12,249480,46
495,12,5501,44
496,12,111915,65
497,12,2337,48
498,12,132812,45
499,12,2428,49
500,12,28192,54
501,12,7654,58
502,12,109319,61
503,12,121598,45
504,12,105287,45
505,12,188930,60
506,12,7039,50
507,12,7951,45
508,12,8417,55
509,12,60697,44
510,12,15279,46
511,12,14119,53
512,12,9305,59
513,12,14444,45
514,12,2539,58
515,12,70163,54
516,12,10811,48
517,12,4521,53
518,12,101177,53
519,12,5315,44
520,12,6732,54
521,12,2885,44
522,12,11018,45
523,12,17557,73
524,12,4695,54
525,12,7339,62
526,12,215693,43
527,12,882,50
528,12,2704,50
529,12,533390,48
530,12,1700,43
531,12,1940,45
532,12,2056,43
533,12,1639,45
534,12,246255,47
535,12,6916,45
536,12,14721,40
537,12,4252,45
538,12,7398,45
539,12,737,45
540,12,30330,45
541,12,73164,45
542,12,12550,40
543,12,25089,40
544,12,1243,45
545,12,4853,40
546,12,19808,40
547,12,5963,45
548,12,5481,40
549,12,40708,40
550,12,394,45
551,12,2083,40
552,12,3287,40
553,12,14188,40
554,12,2257,50
555,12,1525,44
556,12,8483,40
557,12,293,45
558,12,3796,40
559,12,1374,45
560,12,380,45
561,12,0,45
562,12,0,40
1,13,24575,52
2,13,30213,54
3,13,51060,53
4,13,219607,47
5,13,134726,50
6,13,19987,50
7,13,5829,50
8,13,2855,44
9,13,1631,45
10,13,10160,45
11,13,1743921,110
12,13,135603,93
13,13,48523,43
14,13,422958,50
15,13,58599,72
16,13,58869,68
17,13,94296,57
18,13,48711,52
19,13,90489,48
20,13,67646,43
21,13,695630,47
22,13,66400,42
23,13,3775,43
24,13,19511,44
25,13,4346,44
26,13,6767,54
27,13,11330,43
28,13,8835,57
29,13,271323,59
30,13,112246,55
31,13,878426,58
32,13,775,49
33,13,2853,45
34,13,18705,44
35,13,41277,44
36,13,9973,58
37,13,80566,49
38,13,49521,45
39,13,6336,43
40,13,3973,44
41,13,8192,43
42,13,742381,46
43,13,879,44
44,13,60730,55
45,13,6059,52
46,13,30922,48
47,13,1160556,47
48,13,1581065,40
49,13,47848,64
50,13,4503,58
51,13,154,54
52,13,660,54
53,13,848,50
54,13,28333,49
55,13,20897,47
56,13,11962,43
57,13,182546,45
58,13,29302,50
59,13,1057550,51
60,13,6553,43
61,13,60852,43
62,13,1328,44
63,13,69378,43
64,13,4361,44
65,13,1009162,43
66,13,440034,39
67,13,612701,77
68,13,535625,63
69,13,26964,53
70,13,196282,50
71,13,36846,44
72,13,66734,43
73,13,19790,44
74,13,11956,43
75,13,233135,70
76,13,7340,63
77,13,281,59
78,13,12503,47
79,13,2412,50
80,13,2605,47
81,13,819,49
82,13,9246,48
83,13,62871,50
84,13,122157,50
85,13,68386,45
86,13,9705,43
87,13,49358,42
88,13,8974,43
89,13,187370,39
90,13,291726,63
91,13,74207,62
92,13,4301,53
93,13,1061190,47
94,13,393493,45
95,13,89403,43
96,13,33917,59
97,13,83250,60
98,13,3050,55
99,13,257,55
100,13,10095,54
101,13,34639,54
102,13,13378,50
103,13,240909,62
104,13,6551,60
105,13,399056,59
106,13,423106,58
107,13,61179,55
108,13,43441,49
109,13,12565,43
110,13,76554,66
111,13,411857,55
112,13,14977,48
113,13,209314,71
114,13,88664,68
115,13,3810,64
116,13,98551,58
117,13,98501,56
118,13,304871,51
119,13,291110,50
120,13,48345,44
121,13,1284,44
122,13,1163803,54
123,13,744945,56
124,13,2421,50
125,13,5256,50
126,13,196676,45
127,13,13542,43
128,13,1704351,41
129,13,40937,57
130,13,188298,45
131,13,42312,50
132,13,47105,44
133,13,526796,66
134,13,181542,67
135,13,90219,56
136,13,6480,52
137,13,7883,55
138,13,49427,52
139,13,12324,49
140,13,6474,44
141,13,1249567,59
142,13,181219,54
143,13,178507,54
144,13,108667,53
145,13,10365,49
146,13,8698,57
147,13,73419,58
148,13,609203,55
149,13,606508,40
150,13,585711,79
151,13,224231,75
152,13,47449,64
153,13,33751,62
154,13,13952,53
155,13,459,50
156,13,1309,50
157,13,45423,44
158,13,58370,44
159,13,1076239,64
160,13,861085,53
161,13,945484,58
162,13,209840,51
163,13,25090,43
164,13,1081541,49
165,13,49906,42
166,13,2726238,96
167,13,14609,57
168,13,851169,52
169,13,6902,43
170,13,12922,44
171,13,1695553,75
172,13,97323,59
173,13,2309,52
174,13,13106,53
175,13,19934,52
176,13,234015,50
177,13,13207,43
178,13,22148,43
179,13,56704,43
180,13,54959,45
181,13,1478536,70
182,13,2145453,72
183,13,2821719,64
184,13,53942,51
185,13,130460,53
186,13,33974,53
187,13,726068,94
188,13,195217,52
189,13,617977,60
190,13,2528,45
191,13,1659338,123
192,13,2768501,121
193,13,44648,62
194,13,16798,63
195,13,8976,58
196,13,13403,58
197,13,121276,55
198,13,62290,54
199,13,201443,54
200,13,45918,53
201,13,423,45
202,13,148807,63
203,13,923261,58
204,13,78135,58
205,13,14125,54
206,13,211017,52
207,13,101316,53
208,13,213547,52
209,13,3220,50
210,13,1447186,119
211,13,107672,95
212,13,1095413,60
213,13,23901,48
214,13,2395574,120
215,13,2803514,102
216,13,16918,93
217,13,248374,83
218,13,756507,79
219,13,603218,76
220,13,20971,51
221,13,47212,52
222,13,114971,52
223,13,9302,53
224,13,24416,54
225,13,77474,53
226,13,40661,54
227,13,11276,48
228,13,2234,49
229,13,5972,49
230,13,3498,49
231,13,9851,48
232,13,23492,85
233,13,1030297,86
234,13,746493,43
235,13,1011569,55
236,13,12728,48
237,13,7233,48
238,13,225857,84
239,13,683939,78
240,13,29380,68
241,13,56180,63
242,13,24205,62
243,13,891659,62
244,13,11571,53
245,13,6296,48
246,13,50775,50
247,13,23294,48
248,13,227823,51
249,13,38586,44
250,13,16985,44
251,13,11428,53
252,13,113893,50
253,13,10922,44
254,13,16436,44
255,13,19432,44
256,13,8997,43
257,13,272,44
258,13,314732,44
259,13,25192,43
260,13,6935,52
261,13,2150,50
262,13,72018,50
263,13,8898,44
264,13,61890,40
265,13,465485,62
266,13,30511,58
267,13,10559,54
268,13,4045,47
269,13,23753,50
270,13,20438,50
271,13,293449,44
272,13,2255,44
273,13,14841,44
274,13,82169,44
275,13,967,44
276,13,21641,45
277,13,171153,40
278,13,1322264,67
279,13,3211,52
280,13,113143,45
281,13,494978,40
282,13,4591,62
283,13,74273,60
284,13,5097,53
285,13,5751,52
286,13,12800,49
287,13,1182058,46
288,13,15932,45
289,13,15096,45
290,13,49498,45
291,13,174657,51
292,13,6742,43
293,13,142030,46
294,13,164318,46
295,13,26541,45
296,13,173443,40
297,13,3049292,49
298,13,23381,57
299,13,10227,43
300,13,1443,53
301,13,26796,48
302,13,24124,49
303,13,14175,54
304,13,272319,50
305,13,31295,48
306,13,13633,47
307,13,50457,45
308,13,6684,43
309,13,55600,44
310,13,21919,44
311,13,89596,39
312,13,3586,60
313,13,228098,60
314,13,12223,49
315,13,153070,46
316,13,3204,45
317,13,26811,43
318,13,31515,43
319,13,175129,45
320,13,44771,62
321,13,52101,58
322,13,1898,53
323,13,6646,52
324,13,4104,47
325,13,28996,48
326,13,1779,44
327,13,28564,44
328,13,71865,45
329,13,12055,54
330,13,100929,52
331,13,394341,54
332,13,116123,54
333,13,62249,53
334,13,9846,55
335,13,2813,49
336,13,158569,48
337,13,47112,45
338,13,1118285,108
339,13,6033,45
340,13,275044,53
341,13,253253,45
342,13,622908,96
343,13,220432,87
344,13,72561,84
345,13,248810,70
346,13,103998,58
347,13,21560,53
348,13,7153,48
349,13,126925,49
350,13,13082,49
351,13,986,45
352,13,35232,44
353,13,74374,47
354,13,12591,43
355,13,4524,43
356,13,10568,42
357,13,22831,42
358,13,97158,44
359,13,182506,44
360,13,30382,39
361,13,105929,40
362,13,38090,62
363,13,215058,61
364,13,30944,57
365,13,27126,48
366,13,160940,48
367,13,9009,44
368,13,76308,57
369,13,54292,56
370,13,32126,55
371,13,11348,49
372,13,1442,48
373,13,21402,48
374,13,16583,44
375,13,6857,44
376,13,101445,48
377,13,27873,45
378,13,42698,44
379,13,36482,43
380,13,67283,45
381,13,260748,45
382,13,18314,43
383,13,282062,39
384,13,101181,40
385,13,5313,70
386,13,27609,60
387,13,73025,44
388,13,166987,49
389,13,48031,69
390,13,248733,68
391,13,67330,62
392,13,285381,59
393,13,28731,52
394,13,17559,47
395,13,108602,48
396,13,45699,50
397,13,24169,44
398,13,5186,44
399,13,20311,60
400,13,3040,45
401,13,228803,60
402,13,70973,54
403,13,104680,50
404,13,24518,49
405,13,219443,49
406,13,14629,43
407,13,34526,44
408,13,161678,40
409,13,1050305,74
410,13,218734,61
411,13,865296,52
412,13,30192,44
413,13,46297,40
414,13,399546,53
415,13,273335,53
416,13,4575,47
417,13,281240,52
418,13,1191,49
419,13,641,49
420,13,681993,44
421,13,26114,58
422,13,23881,53
423,13,24742,45
427,13,18364,44
428,13,184931,60
429,13,7951,44
430,13,6750,47
431,13,856189,74
432,13,64190,53
433,13,6774,48
434,13,5345,54
435,13,4084,52
436,13,6997,44
437,13,26676,54
438,13,9098,52
439,13,14201,48
440,13,16406,47
441,13,5000,52
442,13,217689,59
443,13,68093,54
444,13,27322,42
445,13,357865,46
446,13,6435,43
447,13,668178,47
448,13,787329,67
449,13,23685,44
450,13,57618,44
451,13,17696,57
452,13,4499,43
453,13,27385,53
454,13,8568,44
455,13,58540,45
456,13,6303,47
457,13,233091,72
458,13,57129,44
459,13,119242,47
460,13,3555229,80
461,13,34198,66
462,13,2553,53
463,13,2272276,68
464,13,38543,44
465,13,113306,52
466,13,80414,57
467,13,118557,44
468,13,574130,51
469,13,322486,53
470,13,292018,45
471,13,370847,47
472,13,2261,47
473,13,18291,47
474,13,6704,44
475,13,20612,45
476,13,13022,50
477,13,10796,43
478,13,21844,44
479,13,23441,43
480,13,31970,43
481,13,8893,44
482,13,11598,44
483,13,578,48
484,13,50533,40
485,13,2871,43
486,13,12215,48
487,13,41958,56
488,13,190742,92
489,13,7117,53
490,13,14865,49
491,13,89782,44
492,13,2184,58
493,13,11764,44
494,13,337020,47
495,13,5487,44
496,13,109396,65
497,13,2287,48
498,13,148348,46
499,13,2381,49
500,13,37054,54
501,13,7392,57
502,13,90001,60
503,13,120962,45
504,13,106332,45
505,13,229781,60
506,13,11860,50
507,13,7793,45
508,13,8393,55
509,13,61532,44
510,13,14906,46
511,13,19055,53
512,13,8971,58
513,13,14380,44
514,13,2546,58
515,13,67452,54
516,13,10519,48
517,13,4419,53
518,13,86349,53
519,13,5200,44
520,13,6694,54
521,13,2959,44
522,13,10972,45
523,13,18697,73
524,13,4852,54
525,13,7262,62
526,13,196384,43
527,13,877,50
528,13,2656,50
529,13,580936,48
530,13,1702,43
531,13,1946,45
532,13,2064,43
533,13,1759,45
534,13,208149,47
535,13,7114,45
536,13,15179,40
537,13,5658,45
538,13,7600,45
539,13,806,45
540,13,26880,45
541,13,65175,45
542,13,13590,40
543,13,28111,40
544,13,1392,45
545,13,5421,40
546,13,22928,40
547,13,6229,45
548,13,6148,40
549,13,67780,40
550,13,431,45
551,13,2687,40
552,13,3809,40
553,13,18175,40
554,13,2630,50
555,13,1495,44
556,13,12454,40
557,13,421,45
558,13,5748,40
559,13,2326,45
560,13,840,45
561,13,742,45
562,13,1317,40
563,13,0,45
1,14,24142,52
2,14,26481,54
3,14,46785,53
4,14,207441,47
5,14,126798,50
6,14,19766,50
7,14,5798,50
8,14,2869,44
9,14,1620,45
10,14,9501,45
11,14,1605491,109
12,14,174762,93
13,14,48645,43
14,14,421399,50
15,14,58780,72
16,14,58531,68
17,14,88418,57
18,14,47286,52
19,14,89606,47
20,14,66494,43
21,14,657294,46
22,14,64671,42
23,14,3818,43
24,14,19116,44
25,14,4336,44
26,14,6687,54
27,14,11125,43
28,14,11412,57
29,14,278446,59
30,14,112641,55
31,14,813918,59
32,14,777,49
33,14,2792,45
34,14,17920,44
35,14,40044,44
36,14,9742,58
37,14,78840,49
38,14,49848,45
39,14,6251,43
40,14,3962,44
41,14,8102,43
42,14,744942,46
43,14,877,44
44,14,59658,55
45,14,5976,52
46,14,30320,48
47,14,1171187,47
48,14,1569779,40
49,14,43143,64
50,14,4518,58
51,14,156,54
52,14,661,54
53,14,880,50
54,14,27535,49
55,14,19819,47
56,14,16519,43
57,14,175855,45
58,14,35309,50
59,14,998389,51
60,14,6403,43
61,14,59555,43
62,14,1160,44
63,14,71332,43
64,14,4127,44
65,14,974103,43
66,14,456908,39
67,14,525156,76
68,14,396460,62
69,14,25287,53
70,14,275220,50
71,14,35980,44
72,14,65255,43
73,14,19579,43
74,14,11810,43
75,14,226663,70
76,14,7263,63
77,14,278,59
78,14,12350,47
79,14,2422,50
80,14,2546,47
81,14,839,49
82,14,9107,48
83,14,64272,50
84,14,257626,51
85,14,56587,45
86,14,12842,43
87,14,71404,42
88,14,8947,43
89,14,190954,39
90,14,336130,63
91,14,98471,62
92,14,4147,53
93,14,1121897,47
94,14,387187,45
95,14,88404,43
96,14,33406,59
97,14,84354,60
98,14,3005,55
99,14,256,55
100,14,10042,54
101,14,28197,54
102,14,13434,50
103,14,215569,61
104,14,6512,60
105,14,395049,59
106,14,395421,58
107,14,62913,55
108,14,43013,49
109,14,12446,43
110,14,77720,66
111,14,413156,55
112,14,14980,48
113,14,219845,71
114,14,87778,68
115,14,3786,63
116,14,63794,57
117,14,96550,56
118,14,304440,51
119,14,335567,50
120,14,47685,44
121,14,1257,44
122,14,1113979,54
123,14,725980,56
124,14,3019,50
125,14,5466,50
126,14,173624,45
127,14,13400,43
128,14,1695324,41
129,14,41277,57
130,14,183783,45
131,14,43380,50
132,14,46517,43
133,14,554903,66
134,14,180565,67
135,14,92422,56
136,14,6385,52
137,14,7733,55
138,14,48852,52
139,14,12354,49
140,14,6449,44
141,14,1110103,58
142,14,171348,53
143,14,167231,54
144,14,100955,53
145,14,10268,49
146,14,8708,57
147,14,66913,58
148,14,567231,54
149,14,604028,40
150,14,464431,79
151,14,211755,74
152,14,46216,64
153,14,31635,62
154,14,12425,53
155,14,458,50
156,14,1306,50
157,14,44749,44
158,14,56120,44
159,14,1104793,64
160,14,838509,53
161,14,1053716,59
162,14,201061,51
163,14,24601,43
164,14,1254258,50
165,14,49069,42
166,14,3169067,98
167,14,14533,57
168,14,904277,52
169,14,6762,43
170,14,12722,43
171,14,1749586,76
172,14,90942,59
173,14,2294,52
174,14,12787,52
175,14,19860,52
176,14,226515,50
177,14,12451,43
178,14,23206,43
179,14,65105,43
180,14,51872,44
181,14,1610506,70
182,14,2100642,72
183,14,2756210,64
184,14,53716,51
185,14,117503,53
186,14,43283,53
187,14,762173,94
188,14,191222,52
189,14,620937,60
190,14,2518,45
191,14,1632180,122
192,14,2894269,122
193,14,44427,62
194,14,16775,63
195,14,8916,58
196,14,13463,58
197,14,98209,55
198,14,70047,54
199,14,200947,54
200,14,44637,53
201,14,403,45
202,14,147668,63
203,14,897007,58
204,14,74332,57
205,14,13453,54
206,14,201340,52
207,14,107370,53
208,14,183388,51
209,14,3215,50
210,14,946795,118
211,14,209419,95
212,14,1101981,60
213,14,21859,48
214,14,2162216,120
215,14,2872585,102
216,14,16888,93
217,14,263821,83
218,14,751537,79
219,14,555253,76
220,14,20937,51
221,14,48043,52
222,14,109458,52
223,14,9264,53
224,14,24225,54
225,14,76256,53
226,14,40608,54
227,14,10659,48
228,14,2223,49
229,14,5920,49
230,14,3477,49
231,14,9985,48
232,14,23465,85
233,14,1236859,87
234,14,769941,43
235,14,986515,55
236,14,12707,48
237,14,7279,48
238,14,223326,84
239,14,655168,78
240,14,29266,68
241,14,56170,63
242,14,23889,62
243,14,882292,62
244,14,11452,53
245,14,6375,48
246,14,48090,50
247,14,22855,48
248,14,182052,51
249,14,37616,44
250,14,16760,44
251,14,11185,53
252,14,111311,50
253,14,10113,44
254,14,17465,44
255,14,18966,44
256,14,8882,43
257,14,305,44
258,14,273445,44
259,14,29259,43
260,14,6820,52
261,14,2037,50
262,14,69271,50
263,14,8820,44
264,14,61794,40
265,14,523492,62
266,14,29297,58
267,14,10063,54
268,14,4020,47
269,14,22326,50
270,14,20230,50
271,14,288260,44
272,14,2205,44
273,14,15321,44
274,14,81532,44
275,14,1237,44
276,14,19631,45
277,14,162927,40
278,14,1275568,66
279,14,3528,52
280,14,136675,45
281,14,501841,40
282,14,4603,62
283,14,68239,60
284,14,5441,53
285,14,5594,52
286,14,12687,49
287,14,1177841,46
288,14,15302,45
289,14,14515,45
290,14,49423,45
291,14,174728,51
292,14,6771,43
293,14,140127,46
294,14,213041,46
295,14,26449,45
296,14,170964,40
297,14,3194604,50
298,14,23251,57
299,14,9958,43
300,14,1424,52
301,14,88954,48
302,14,23793,49
303,14,17929,54
304,14,255970,50
305,14,32794,48
306,14,13462,47
307,14,52084,45
308,14,7284,43
309,14,57031,44
310,14,21540,43
311,14,94964,39
312,14,3532,60
313,14,466242,61
314,14,12975,49
315,14,151589,46
316,14,2677,45
317,14,26333,43
318,14,37519,43
319,14,167371,45
320,14,45776,62
321,14,74379,58
322,14,1886,53
323,14,6448,52
324,14,4067,47
325,14,28601,48
326,14,1771,44
327,14,28288,44
328,14,71722,44
329,14,11152,54
330,14,99438,52
331,14,391840,54
332,14,114487,54
333,14,63674,53
334,14,9832,55
335,14,2700,49
336,14,313276,49
337,14,45379,45
338,14,1365784,109
339,14,5727,45
340,14,268316,53
341,14,279648,45
342,14,970090,97
343,14,213861,87
344,14,121017,84
345,14,313702,70
346,14,97121,57
347,14,22790,53
348,14,7160,48
349,14,121436,49
350,14,14153,49
351,14,974,45
352,14,34716,44
353,14,72339,47
354,14,12307,43
355,14,4503,43
356,14,10630,42
357,14,22459,42
358,14,95870,44
359,14,138434,44
360,14,28078,39
361,14,100973,40
362,14,38434,62
363,14,210142,61
364,14,29980,57
365,14,26967,48
366,14,152008,48
367,14,8968,44
368,14,72319,57
369,14,50847,56
370,14,30945,55
371,14,10511,49
372,14,1426,48
373,14,20961,48
374,14,16175,44
375,14,6612,44
376,14,90106,47
377,14,29254,45
378,14,40300,44
379,14,35890,43
380,14,59211,45
381,14,216413,45
382,14,17951,43
383,14,291317,39
384,14,99491,40
385,14,5303,70
386,14,27407,60
387,14,71074,44
388,14,160916,49
389,14,49478,69
390,14,235718,67
391,14,61411,62
392,14,213784,58
393,14,29442,52
394,14,17001,47
395,14,105794,48
396,14,44196,50
397,14,24077,44
398,14,5069,44
399,14,20013,60
400,14,3012,45
401,14,230115,60
402,14,72224,54
403,14,104899,50
404,14,24148,49
405,14,201720,49
406,14,14579,43
407,14,29836,44
408,14,158801,40
409,14,1521027,76
410,14,222450,61
411,14,844673,52
412,14,29982,44
413,14,46059,40
414,14,394401,53
415,14,331368,53
416,14,4432,47
417,14,346016,52
418,14,1190,49
419,14,642,49
420,14,676697,44
421,14,24305,58
422,14,23216,53
423,14,33318,45
427,14,18283,44
428,14,157508,59
429,14,7738,44
430,14,6687,47
431,14,1089500,75
432,14,72285,53
433,14,6749,48
434,14,5022,54
435,14,4023,52
436,14,7123,44
437,14,26059,54
438,14,9610,52
439,14,12645,48
440,14,15526,47
441,14,4972,52
442,14,207915,58
443,14,69114,54
444,14,28935,42
445,14,347314,45
446,14,6326,43
447,14,585112,46
448,14,765349,67
449,14,23561,44
450,14,53131,44
451,14,17204,57
452,14,4770,43
453,14,26364,52
454,14,8659,44
455,14,52990,45
456,14,6304,47
457,14,205925,71
458,14,65202,44
459,14,129478,47
460,14,2636680,79
461,14,95735,66
462,14,2527,53
463,14,2117597,67
464,14,39555,43
465,14,104418,52
466,14,76209,57
467,14,113110,44
468,14,583231,51
469,14,293402,53
470,14,289495,45
471,14,408887,47
472,14,2305,47
473,14,18150,47
474,14,6698,44
475,14,20068,45
476,14,10833,50
477,14,10711,43
478,14,17814,44
479,14,23051,43
480,14,29304,43
481,14,9015,44
482,14,11186,44
483,14,571,48
484,14,50002,40
485,14,2818,43
486,14,12678,48
487,14,41186,56
488,14,175645,92
489,14,7088,53
490,14,14580,49
491,14,85851,44
492,14,2205,58
493,14,11483,44
494,14,304711,47
495,14,5470,44
496,14,107696,64
497,14,2254,48
498,14,138615,46
499,14,2359,49
500,14,35105,54
501,14,8976,57
502,14,72831,59
503,14,125933,45
504,14,110491,45
505,14,204969,60
506,14,14301,50
507,14,7721,45
508,14,7980,55
509,14,61091,44
510,14,14527,46
511,14,16322,53
512,14,8798,58
513,14,14298,44
514,14,2551,58
515,14,64095,54
516,14,10356,48
517,14,4315,53
518,14,84595,53
519,14,5121,44
520,14,6654,54
521,14,2944,44
522,14,10881,45
523,14,17487,73
524,14,4701,54
525,14,7229,62
526,14,187210,42
527,14,867,50
528,14,2711,50
529,14,639533,49
530,14,1718,43
531,14,1912,45
532,14,2055,43
533,14,1801,45
534,14,183813,47
535,14,6893,45
536,14,15380,40
537,14,5383,45
538,14,7340,45
539,14,842,45
540,14,24027,45
541,14,56107,45
542,14,13307,40
543,14,29392,40
544,14,1497,45
545,14,5758,40
546,14,25718,40
547,14,6402,45
548,14,6714,40
549,14,126962,40
550,14,423,45
551,14,3063,40
552,14,4098,40
553,14,21285,40
554,14,2790,50
555,14,1316,44
556,14,14766,40
557,14,424,45
558,14,6618,40
559,14,2322,45
560,14,1174,45
561,14,1017,45
562,14,1946,40
563,14,103,45
564,14,0,45
565,14,0,45
566,14,0,45
567,14,0,45
1,15,24214,52
2,15,23710,54
3,15,46794,53
4,15,200192,47
5,15,120723,50
6,15,19617,50
7,15,5785,50
8,15,2893,44
9,15,1616,45
10,15,9400,45
11,15,1701355,109
12,15,179286,93
13,15,48416,43
14,15,425444,50
15,15,64873,72
16,15,58332,68
17,15,85799,57
18,15,47131,52
19,15,88468,47
20,15,64903,43
21,15,628916,46
22,15,63658,42
23,15,3863,43
24,15,18789,44
25,15,4334,44
26,15,6659,54
27,15,11002,43
28,15,11542,57
29,15,336581,59
30,15,99633,55
31,15,753673,59
32,15,783,49
33,15,2757,45
34,15,17441,44
35,15,39346,44
36,15,9620,58
37,15,77497,49
38,15,49344,45
39,15,6202,43
40,15,3960,44
41,15,8057,43
42,15,802732,46
43,15,870,44
44,15,58910,55
45,15,5939,52
46,15,29911,48
47,15,1208528,48
48,15,1547182,40
49,15,41649,64
50,15,4525,58
51,15,160,54
52,15,660,54
53,15,886,50
54,15,27035,49
55,15,18654,47
56,15,18093,43
57,15,172095,45
58,15,34795,50
59,15,973770,51
60,15,6323,43
61,15,58764,43
62,15,1237,44
63,15,64719,43
64,15,4008,44
65,15,954391,43
66,15,462513,39
67,15,505765,76
68,15,351889,62
69,15,25190,53
70,15,487875,51
71,15,35398,44
72,15,64141,43
73,15,19410,43
74,15,11695,43
75,15,223761,69
76,15,7222,63
77,15,279,59
78,15,12213,47
79,15,2662,50
80,15,2498,47
81,15,868,49
82,15,9085,48
83,15,61929,50
84,15,255484,51
85,15,50277,45
86,15,12452,43
87,15,64444,42
88,15,8924,43
89,15,192177,39
90,15,313567,63
91,15,89430,62
92,15,4108,53
93,15,1070791,47
94,15,380055,45
95,15,87496,43
96,15,33040,59
97,15,70087,60
98,15,2966,55
99,15,258,55
100,15,9631,54
101,15,26777,54
102,15,13257,50
103,15,200969,61
104,15,6499,60
105,15,379107,59
106,15,386008,58
107,15,63596,55
108,15,42626,49
109,15,12367,43
110,15,79165,66
111,15,423418,55
112,15,14955,48
113,15,201483,71
114,15,87477,68
115,15,3783,63
116,15,57617,57
117,15,95360,56
118,15,296954,51
119,15,335303,50
120,15,47540,44
121,15,1256,44
122,15,1067898,53
123,15,743198,56
124,15,5318,50
125,15,5690,50
126,15,152910,45
127,15,13099,43
128,15,1742075,41
129,15,41358,57
130,15,180928,45
131,15,61715,50
132,15,46069,43
133,15,764671,67
134,15,180144,67
135,15,93340,56
136,15,6345,52
137,15,8422,55
138,15,48705,52
139,15,12396,49
140,15,6364,44
141,15,1055375,58
142,15,167544,53
143,15,163175,53
144,15,94787,53
145,15,10227,49
146,15,8581,57
147,15,64647,57
148,15,549879,54
149,15,599000,40
150,15,448540,79
151,15,205949,74
152,15,45834,64
153,15,30263,62
154,15,11968,53
155,15,461,50
156,15,1310,50
157,15,44079,44
158,15,55227,44
159,15,1141611,64
160,15,804979,53
161,15,1080539,59
162,15,206523,51
163,15,24306,43
164,15,1316826,50
165,15,48373,42
166,15,3353947,99
167,15,18066,57
168,15,982463,53
169,15,6698,43
170,15,12620,43
171,15,1763366,76
172,15,84683,59
173,15,2278,52
174,15,12656,52
175,15,19249,52
176,15,220701,50
177,15,12120,43
178,15,23498,43
179,15,67323,43
180,15,50100,44
181,15,1603499,71
182,15,2164018,72
183,15,2820753,64
184,15,53249,51
185,15,111044,53
186,15,44239,53
187,15,743749,94
188,15,188444,52
189,15,520844,60
190,15,2522,45
191,15,1585242,122
192,15,2888125,122
193,15,45714,62
194,15,16860,63
195,15,8864,58
196,15,13413,58
197,15,89891,55
198,15,70069,54
199,15,196798,54
200,15,43596,53
201,15,400,45
202,15,146897,63
203,15,883007,58
204,15,68994,57
205,15,13097,53
206,15,196612,52
207,15,106762,53
208,15,167169,51
209,15,3213,50
210,15,854653,118
211,15,209848,96
212,15,1104791,60
213,15,21247,48
214,15,2126304,119
215,15,2951894,102
216,15,16846,93
217,15,252671,83
218,15,733497,79
219,15,564204,76
220,15,20889,51
221,15,48257,52
222,15,96229,52
223,15,9255,53
224,15,23937,54
225,15,76857,53
226,15,40719,54
227,15,10387,48
228,15,2223,49
229,15,5879,49
230,15,3460,49
231,15,10003,48
232,15,23444,85
233,15,1239593,87
234,15,769032,43
235,15,956495,55
236,15,12657,48
237,15,7283,48
238,15,222194,84
239,15,545207,77
240,15,29213,68
241,15,55904,63
242,15,23788,62
243,15,805515,62
244,15,11288,53
245,15,6372,48
246,15,44842,50
247,15,22588,48
248,15,164722,51
249,15,36900,44
250,15,16497,44
251,15,11028,53
252,15,108909,50
253,15,9070,44
254,15,17571,44
255,15,18930,44
256,15,8877,43
257,15,324,44
258,15,254142,43
259,15,37432,43
260,15,6762,52
261,15,2031,50
262,15,70608,50
263,15,8791,44
264,15,61475,40
265,15,521167,62
266,15,29823,58
267,15,10051,54
268,15,3993,47
269,15,29331,50
270,15,20058,50
271,15,288746,44
272,15,2180,44
273,15,15366,44
274,15,81254,44
275,15,1383,44
276,15,19465,45
277,15,158397,40
278,15,1317884,66
279,15,3447,52
280,15,147508,45
281,15,494061,40
282,15,4612,62
283,15,63852,60
284,15,5967,53
285,15,5461,52
286,15,12834,49
287,15,1295483,46
288,15,14909,44
289,15,13485,45
290,15,49215,45
291,15,170779,51
292,15,6765,43
293,15,137157,46
294,15,250409,46
295,15,30097,45
296,15,169442,40
297,15,3283764,50
298,15,23026,57
299,15,9749,43
300,15,1417,52
301,15,107071,48
302,15,23230,49
303,15,18957,54
304,15,242542,49
305,15,33178,48
306,15,13361,47
307,15,51497,45
308,15,7489,43
309,15,66084,44
310,15,21185,43
311,15,97049,39
312,15,3527,60
313,15,625702,62
314,15,13074,49
315,15,150363,46
316,15,2644,45
317,15,26015,43
318,15,40083,43
319,15,157628,45
320,15,44568,62
321,15,113067,58
322,15,1879,53
323,15,6127,52
324,15,4027,47
325,15,28720,48
326,15,1757,44
327,15,28006,44
328,15,70275,44
329,15,10468,54
330,15,99637,52
331,15,389485,54
332,15,110835,54
333,15,63837,53
334,15,9835,55
335,15,2631,49
336,15,317079,49
337,15,44411,45
338,15,1308264,109
339,15,5671,45
340,15,263851,53
341,15,275248,45
342,15,1078382,98
343,15,207863,86
344,15,328786,85
345,15,292078,70
346,15,93571,57
347,15,22104,53
348,15,7133,48
349,15,126830,49
350,15,14200,49
351,15,985,45
352,15,34317,44
353,15,70663,47
354,15,11795,43
355,15,4482,43
356,15,10670,42
357,15,21656,42
358,15,93815,44
359,15,120464,43
360,15,27492,39
361,15,98661,40
362,15,38000,62
363,15,186994,61
364,15,29262,57
365,15,26885,48
366,15,145955,48
367,15,8927,44
368,15,69332,57
369,15,50168,56
370,15,30110,55
371,15,10037,49
372,15,1455,48
373,15,20899,48
374,15,15974,44
375,15,6696,44
376,15,103225,47
377,15,30183,45
378,15,39234,44
379,15,35526,43
380,15,58345,45
381,15,210780,45
382,15,19860,43
383,15,297096,39
384,15,98610,40
385,15,5296,70
386,15,27261,60
387,15,69932,44
388,15,156497,49
389,15,49875,69
390,15,231192,67
391,15,58655,62
392,15,176647,57
393,15,28818,52
394,15,16571,47
395,15,104840,48
396,15,42886,50
397,15,23790,44
398,15,5046,44
399,15,19981,60
400,15,2978,45
401,15,248328,60
402,15,71483,54
403,15,104049,50
404,15,23842,49
405,15,192450,48
406,15,14409,43
407,15,29881,44
408,15,161339,40
409,15,1689040,77
410,15,221481,61
411,15,842772,52
412,15,29794,44
413,15,45597,40
414,15,389774,53
415,15,337947,53
416,15,4340,47
417,15,353223,52
418,15,1195,49
419,15,644,49
420,15,659447,44
421,15,24082,58
422,15,22880,53
423,15,35582,45
427,15,18214,44
428,15,145271,59
429,15,7616,44
430,15,6628,47
431,15,1115853,75
432,15,73525,53
433,15,6767,48
434,15,4880,54
435,15,3993,52
436,15,7060,44
437,15,25516,54
438,15,11210,52
439,15,12037,48
440,15,14632,47
441,15,4956,52
442,15,204442,58
443,15,68506,54
444,15,29094,42
445,15,355301,45
446,15,6316,43
447,15,532556,46
448,15,744424,67
449,15,23487,44
450,15,44673,44
451,15,16633,57
452,15,4889,43
453,15,25346,52
454,15,8629,44
455,15,50848,45
456,15,6249,47
457,15,194911,71
458,15,59586,44
459,15,131209,47
460,15,2184806,79
461,15,74715,66
462,15,2522,53
463,15,1961766,66
464,15,39975,43
465,15,101211,52
466,15,75227,57
467,15,110115,44
468,15,573574,51
469,15,278334,53
470,15,282663,45
471,15,513219,47
472,15,2273,47
473,15,18014,47
474,15,6680,44
475,15,19777,45
476,15,10611,50
477,15,10671,43
478,15,17264,44
479,15,22769,43
480,15,27946,43
481,15,8979,44
482,15,10916,44
483,15,570,48
484,15,49669,40
485,15,2804,43
486,15,12812,48
487,15,40617,56
488,15,168242,91
489,15,7080,53
490,15,14521,49
491,15,82625,44
492,15,2300,58
493,15,11370,44
494,15,301059,47
495,15,5454,44
496,15,107025,64
497,15,2248,48
498,15,164259,46
499,15,2333,49
500,15,32267,54
501,15,9151,57
502,15,64284,58
503,15,115629,45
504,15,110853,45
505,15,276922,60
506,15,16742,50
507,15,7763,45
508,15,7927,55
509,15,60869,44
510,15,14287,46
511,15,16595,53
512,15,8769,58
513,15,14281,44
514,15,2558,58
515,15,60124,54
516,15,10357,48
517,15,4255,53
518,15,78192,53
519,15,5055,44
520,15,6331,54
521,15,2957,44
522,15,10752,45
523,15,17148,73
524,15,4614,54
525,15,7556,62
526,15,206719,42
527,15,867,50
528,15,2711,50
529,15,639704,49
530,15,1737,43
531,15,1898,45
532,15,2059,43
533,15,1800,45
534,15,179771,47
535,15,6888,45
536,15,15568,40
537,15,5208,45
538,15,7335,45
539,15,857,45
540,15,21850,45
541,15,52285,45
542,15,13772,40
543,15,29794,40
544,15,1525,45
545,15,5916,40
546,15,27362,40
547,15,6432,45
548,15,6840,40
549,15,131032,41
550,15,474,45
551,15,3137,40
552,15,4233,40
553,15,55973,40
554,15,3054,50
555,15,1239,44
556,15,15200,40
557,15,396,45
558,15,6959,40
559,15,2504,45
560,15,1200,45
561,15,1230,45
562,15,1966,40
563,15,152,45
564,15,34,45
565,15,38,45
566,15,36,45
567,15,97,45
568,15,0,45
1,16,24078,52
2,16,22795,54
3,16,45816,52
4,16,192015,46
5,16,114496,49
6,16,19431,50
7,16,5765,50
8,16,2882,44
9,16,1616,45
10,16,9119,45
11,16,1560111,109
12,16,165960,93
13,16,46908,43
14,16,413685,50
15,16,65997,72
16,16,58051,68
17,16,83702,56
18,16,46591,52
19,16,86928,47
20,16,64268,43
21,16,588275,46
22,16,66258,42
23,16,3916,43
24,16,18352,44
25,16,4325,44
26,16,6564,54
27,16,10971,43
28,16,11754,57
29,16,417797,60
30,16,80695,55
31,16,687714,58
32,16,773,49
33,16,2703,45
34,16,16882,44
35,16,38359,44
36,16,9690,58
37,16,76330,49
38,16,48296,45
39,16,6248,43
40,16,3949,44
41,16,8018,43
42,16,883263,47
43,16,863,44
44,16,57816,55
45,16,5880,52
46,16,29352,48
47,16,1243454,48
48,16,1530751,40
49,16,40792,64
50,16,4521,58
51,16,155,54
52,16,655,54
53,16,900,50
54,16,26508,49
55,16,17183,47
56,16,20318,43
57,16,171141,44
58,16,26844,50
59,16,929307,50
60,16,6213,43
61,16,58060,43
62,16,1290,44
63,16,56868,43
64,16,3978,44
65,16,980593,43
66,16,471886,39
67,16,448123,75
68,16,316652,62
69,16,24734,52
70,16,513581,51
71,16,35254,43
72,16,62958,42
73,16,19204,43
74,16,11596,43
75,16,217958,69
76,16,7171,63
77,16,276,59
78,16,12015,47
79,16,2644,50
80,16,2443,47
81,16,875,49
82,16,8982,48
83,16,59689,50
84,16,267778,51
85,16,43396,45
86,16,11972,43
87,16,57658,42
88,16,8663,43
89,16,194459,39
90,16,267037,63
91,16,78976,62
92,16,4055,53
93,16,1056534,47
94,16,378267,45
95,16,86530,43
96,16,32627,59
97,16,60872,60
98,16,3216,55
99,16,254,55
100,16,9469,54
101,16,24398,54
102,16,13067,50
103,16,189392,60
104,16,6512,60
105,16,370496,58
106,16,375469,58
107,16,62514,55
108,16,42608,49
109,16,12288,43
110,16,77357,66
111,16,417398,55
112,16,14941,48
113,16,155318,71
114,16,86857,68
115,16,3775,63
116,16,50258,56
117,16,94179,56
118,16,278682,51
119,16,336410,50
120,16,47620,44
121,16,1247,44
122,16,1032199,53
123,16,607484,56
124,16,13313,50
125,16,5343,50
126,16,131105,44
127,16,12638,43
128,16,1897736,42
129,16,40968,57
130,16,176157,45
131,16,93987,50
132,16,45537,43
133,16,862955,68
134,16,177874,67
135,16,92881,56
136,16,6193,52
137,16,17396,55
138,16,51080,52
139,16,12497,49
140,16,6288,44
141,16,986828,58
142,16,160182,53
143,16,161779,53
144,16,89214,53
145,16,10179,49
146,16,8315,57
147,16,61964,57
148,16,525504,54
149,16,595105,40
150,16,462555,78
151,16,200783,74
152,16,46009,64
153,16,29894,62
154,16,11345,53
155,16,455,50
156,16,1303,50
157,16,43166,44
158,16,54623,44
159,16,1229547,65
160,16,781300,53
161,16,949534,59
162,16,261331,51
163,16,25115,43
164,16,1437709,51
165,16,47268,42
166,16,3496234,100
167,16,17773,57
168,16,1051045,53
169,16,6628,43
170,16,12489,43
171,16,1862879,77
172,16,77654,59
173,16,2257,52
174,16,12367,52
175,16,18547,51
176,16,208888,50
177,16,11780,43
178,16,24090,43
179,16,71573,43
180,16,48061,44
181,16,1570537,71
182,16,2223797,73
183,16,2844566,64
184,16,52838,51
185,16,104515,52
186,16,50718,53
187,16,701391,94
188,16,204955,52
189,16,518782,60
190,16,2515,45
191,16,1511749,122
192,16,3065463,123
193,16,42986,62
194,16,18044,63
195,16,8896,58
196,16,13417,58
197,16,84054,55
198,16,67705,54
199,16,205785,54
200,16,42776,53
201,16,396,45
202,16,146042,63
203,16,866240,58
204,16,56678,56
205,16,12698,53
206,16,192561,52
207,16,99602,53
208,16,159106,50
209,16,3201,50
210,16,787226,118
211,16,266801,96
212,16,1073788,60
213,16,20982,48
214,16,1934947,119
215,16,2925544,103
216,16,16802,93
217,16,252801,83
218,16,746918,79
219,16,626518,76
220,16,20643,51
221,16,48243,52
222,16,93393,52
223,16,9223,53
224,16,24276,54
225,16,78225,53
226,16,40923,54
227,16,10158,48
228,16,2221,49
229,16,5838,49
230,16,3446,49
231,16,10046,48
232,16,23382,85
233,16,1389052,88
234,16,755981,43
235,16,931574,55
236,16,12603,48
237,16,7295,48
238,16,220519,84
239,16,349040,76
240,16,29098,68
241,16,56323,63
242,16,23659,62
243,16,737675,61
244,16,11696,53
245,16,6394,48
246,16,40568,50
247,16,22326,48
248,16,166252,51
249,16,39065,43
250,16,16239,44
251,16,10832,53
252,16,106680,50
253,16,8320,44
254,16,18665,44
255,16,20588,44
256,16,12529,43
257,16,347,44
258,16,232037,43
259,16,57930,43
260,16,6645,52
261,16,2027,50
262,16,83028,50
263,16,8773,44
264,16,61405,40
265,16,476927,62
266,16,31057,58
267,16,9947,54
268,16,3975,47
269,16,65305,50
270,16,19799,50
271,16,283633,44
272,16,2153,44
273,16,15462,44
274,16,80516,44
275,16,1535,44
276,16,19219,45
277,16,152187,40
278,16,1338747,66
279,16,3384,52
280,16,156309,45
281,16,488284,40
282,16,4605,62
283,16,59597,60
284,16,6074,53
285,16,5351,52
286,16,12734,49
287,16,1372375,47
288,16,14585,44
289,16,14201,45
290,16,48612,45
291,16,162299,51
292,16,6809,42
293,16,132604,46
294,16,263568,47
295,16,33833,45
296,16,167755,40
297,16,3343500,51
298,16,22817,56
299,16,9547,43
300,16,1400,52
301,16,105752,49
302,16,22161,49
303,16,18252,54
304,16,226619,49
305,16,36431,48
306,16,13121,46
307,16,50187,44
308,16,7561,43
309,16,74690,44
310,16,20845,43
311,16,101075,39
312,16,3512,60
313,16,735193,63
314,16,12936,49
315,16,150803,46
316,16,2585,45
317,16,25633,43
318,16,41430,43
319,16,148530,45
320,16,43487,62
321,16,146700,59
322,16,1861,53
323,16,5887,52
324,16,3981,47
325,16,28178,48
326,16,1732,44
327,16,27473,44
328,16,68366,44
329,16,9964,54
330,16,101325,52
331,16,391050,54
332,16,108059,54
333,16,65084,53
334,16,9813,55
335,16,2610,49
336,16,422618,50
337,16,43124,45
338,16,1283571,109
339,16,5615,45
340,16,259029,53
341,16,295091,45
342,16,1169357,99
343,16,203863,86
344,16,720355,86
345,16,282484,70
346,16,90178,57
347,16,21740,53
348,16,7096,48
349,16,127204,49
350,16,13940,49
351,16,986,45
352,16,33730,44
353,16,65078,47
354,16,11613,43
355,16,4540,43
356,16,10751,42
357,16,21840,42
358,16,92534,43
359,16,94748,43
360,16,27311,39
361,16,95449,40
362,16,38368,62
363,16,172077,61
364,16,28615,56
365,16,26707,48
366,16,145353,48
367,16,8878,44
368,16,66944,57
369,16,49308,56
370,16,29195,54
371,16,9474,49
372,16,1426,48
373,16,20795,48
374,16,15607,44
375,16,6718,44
376,16,109020,47
377,16,30899,45
378,16,37659,43
379,16,35007,43
380,16,55230,45
381,16,199845,45
382,16,19828,43
383,16,307312,39
384,16,97543,40
385,16,5282,70
386,16,27083,60
387,16,68337,43
388,16,152176,49
389,16,49783,69
390,16,225946,67
391,16,56199,62
392,16,148112,56
393,16,24585,52
394,16,16230,47
395,16,102922,47
396,16,41035,50
397,16,23403,44
398,16,4949,44
399,16,19910,60
400,16,2949,45
401,16,282669,60
402,16,76326,54
403,16,108755,50
404,16,23576,49
405,16,182229,48
406,16,14231,43
407,16,31265,44
408,16,162170,40
409,16,1501317,76
410,16,216385,61
411,16,853175,52
412,16,29684,44
413,16,45294,40
414,16,382767,53
415,16,395451,54
416,16,4222,47
417,16,342825,52
418,16,1189,49
419,16,646,49
420,16,692460,44
421,16,23168,58
422,16,22545,53
423,16,36351,45
427,16,18121,44
428,16,131651,58
429,16,7478,44
430,16,6623,47
431,16,1041646,75
432,16,72530,53
433,16,6886,48
434,16,4731,54
435,16,3952,52
436,16,7040,44
437,16,24942,54
438,16,10809,52
439,16,11344,48
440,16,15510,47
441,16,4895,51
442,16,199745,58
443,16,75683,54
444,16,28997,42
445,16,363160,45
446,16,6243,43
447,16,494140,45
448,16,677374,67
449,16,23373,44
450,16,40533,44
451,16,16049,57
452,16,5128,43
453,16,24055,52
454,16,8568,44
455,16,47903,45
456,16,6161,47
457,16,183224,70
458,16,57642,44
459,16,132668,47
460,16,2513362,79
461,16,45985,66
462,16,2505,53
463,16,1996626,66
464,16,39158,43
465,16,113627,52
466,16,73746,57
467,16,99585,44
468,16,541894,51
469,16,265187,53
470,16,271381,45
471,16,535049,47
472,16,2265,47
473,16,17830,47
474,16,6666,44
475,16,19958,45
476,16,10309,50
477,16,10609,43
478,16,16365,44
479,16,22457,43
480,16,26756,43
481,16,8911,44
482,16,10616,44
483,16,570,48
484,16,49196,40
485,16,2782,43
486,16,12949,48
487,16,40684,56
488,16,162245,91
489,16,7045,53
490,16,14318,49
491,16,79668,44
492,16,2366,58
493,16,13193,44
494,16,281640,46
495,16,5416,44
496,16,106499,64
497,16,2222,48
498,16,230894,46
499,16,2307,48
500,16,35738,54
501,16,9190,57
502,16,71456,58
503,16,106728,45
504,16,107740,45
505,16,218360,60
506,16,30436,50
507,16,7695,45
508,16,7604,55
509,16,59879,44
510,16,13988,46
511,16,16301,53
512,16,8637,58
513,16,14208,44
514,16,2559,58
515,16,54331,54
516,16,11977,48
517,16,4191,53
518,16,70705,53
519,16,5004,44
520,16,7161,54
521,16,2975,44
522,16,10649,44
523,16,17036,73
524,16,4545,54
525,16,7922,62
526,16,199168,42
527,16,859,50
528,16,2826,50
529,16,587796,49
530,16,1729,43
531,16,1923,44
532,16,2052,43
533,16,1815,45
534,16,169256,47
535,16,6844,45
536,16,15951,40
537,16,5327,45
538,16,7191,45
539,16,868,45
540,16,19737,45
541,16,47585,45
542,16,14112,40
543,16,30509,40
544,16,1608,45
545,16,6210,40
546,16,30198,40
547,16,6317,45
548,16,7093,40
549,16,130006,41
550,16,496,45
551,16,3325,40
552,16,4510,40
553,16,90820,40
554,16,3135,50
555,16,1170,43
556,16,16518,40
557,16,358,45
558,16,7501,40
559,16,2613,45
560,16,1212,45
561,16,1333,45
562,16,2248,40
563,16,173,45
564,16,92,45
565,16,66,45
566,16,86,45
567,16,233,45
568,16,88,45
569,16,0,45
570,16,0,45
571,16,0,45
572,16,0,40
1,17,23907,52
2,17,20816,54
3,17,45705,52
4,17,186336,46
5,17,110140,49
6,17,19152,50
7,17,5740,50
8,17,2944,44
9,17,1620,45
10,17,8427,45
11,17,1385735,108
12,17,129154,93
13,17,45116,43
14,17,394161,50
15,17,62337,72
16,17,57678,68
17,17,82606,56
18,17,44852,51
19,17,86569,47
20,17,64126,43
21,17,556410,45
22,17,70727,42
23,17,4036,43
24,17,18047,44
25,17,4302,44
26,17,6476,54
27,17,10937,43
28,17,11529,57
29,17,572757,61
30,17,82856,55
31,17,622146,58
32,17,790,49
33,17,2698,45
34,17,18150,43
35,17,37372,44
36,17,9923,58
37,17,74842,48
38,17,46306,45
39,17,6305,43
40,17,3964,44
41,17,8005,43
42,17,915604,47
43,17,883,44
44,17,56609,55
45,17,5804,52
46,17,28728,48
47,17,1267662,48
48,17,1515492,40
49,17,38911,64
50,17,4588,58
51,17,165,54
52,17,664,54
53,17,931,50
54,17,27102,49
55,17,15854,46
56,17,22759,43
57,17,160261,44
58,17,20967,50
59,17,764484,50
60,17,6062,43
61,17,57333,43
62,17,1440,44
63,17,47533,43
64,17,4041,44
65,17,997591,43
66,17,496853,39
67,17,376013,75
68,17,290945,61
69,17,24739,52
70,17,456748,51
71,17,34681,43
72,17,61579,42
73,17,19086,43
74,17,11444,43
75,17,211523,69
76,17,7085,63
77,17,288,59
78,17,12018,46
79,17,2662,50
80,17,2460,47
81,17,919,49
82,17,8929,48
83,17,58921,50
84,17,272145,51
85,17,40965,44
86,17,11040,43
87,17,52404,42
88,17,8240,43
89,17,200449,39
90,17,229210,63
91,17,69349,62
92,17,4069,53
93,17,1050117,47
94,17,379934,45
95,17,85534,43
96,17,32091,59
97,17,55619,60
98,17,3366,55
99,17,263,55
100,17,9513,54
101,17,22454,54
102,17,12971,49
103,17,179820,60
104,17,9636,60
105,17,365527,58
106,17,362311,58
107,17,61051,55
108,17,43350,49
109,17,12184,43
110,17,75654,66
111,17,408070,55
112,17,14927,48
113,17,147366,70
114,17,85839,68
115,17,3763,63
116,17,44428,55
117,17,93510,56
118,17,256393,50
119,17,341295,50
120,17,47601,44
121,17,1337,44
122,17,1053050,53
123,17,475035,55
124,17,22093,50
125,17,5147,50
126,17,112770,44
127,17,12854,43
128,17,2169368,43
129,17,40572,57
130,17,171062,45
131,17,178773,51
132,17,45154,43
133,17,863571,68
134,17,175014,67
135,17,93070,56
136,17,5987,52
137,17,12259,55
138,17,52790,52
139,17,12731,49
140,17,6288,44
141,17,883091,57
142,17,146912,53
143,17,160807,53
144,17,84488,53
145,17,10441,49
146,17,8067,57
147,17,82064,57
148,17,510539,54
149,17,591557,40
150,17,519154,78
151,17,195754,74
152,17,45638,64
153,17,28694,62
154,17,11301,53
155,17,458,50
156,17,1302,50
157,17,43026,44
158,17,54912,44
159,17,1257799,65
160,17,781016,53
161,17,942807,58
162,17,386624,52
163,17,24843,43
164,17,1478892,51
165,17,47141,41
166,17,3698146,101
167,17,33751,57
168,17,1104856,54
169,17,6537,43
170,17,12326,43
171,17,2022473,78
172,17,67219,59
173,17,2236,52
174,17,12174,52
175,17,18267,51
176,17,198867,50
177,17,11503,43
178,17,24317,43
179,17,74489,43
180,17,52305,43
181,17,1579479,71
182,17,2204248,73
183,17,2898864,64
184,17,65462,51
185,17,98445,52
186,17,33921,53
187,17,635317,93
188,17,208310,52
189,17,552629,60
190,17,2515,45
191,17,1582495,122
192,17,3076237,123
193,17,51442,62
194,17,18455,63
195,17,8554,58
196,17,25034,58
197,17,79006,55
198,17,75776,54
199,17,198242,54
200,17,42480,53
201,17,403,45
202,17,144567,63
203,17,836411,58
204,17,48644,55
205,17,12187,53
206,17,189338,52
207,17,83953,53
208,17,163142,50
209,17,3185,50
210,17,731774,117
211,17,243491,96
212,17,1006563,60
213,17,20983,48
214,17,1702237,118
215,17,2708340,102
216,17,16746,93
217,17,249079,83
218,17,717069,79
219,17,531131,76
220,17,20945,51
221,17,48405,52
222,17,90840,52
223,17,9177,53
224,17,25159,54
225,17,88578,53
226,17,40851,54
227,17,9872,48
228,17,2225,49
229,17,5767,49
230,17,3425,49
231,17,10300,48
232,17,23357,85
233,17,1825049,90
234,17,740980,43
235,17,931341,55
236,17,12643,48
237,17,7298,48
238,17,217763,84
239,17,468346,76
240,17,28991,68
241,17,56776,63
242,17,23617,62
243,17,783659,61
244,17,13923,53
245,17,6449,48
246,17,36936,50
247,17,22080,48
248,17,180079,51
249,17,61415,43
250,17,15942,44
251,17,10610,53
252,17,104669,50
253,17,7527,44
254,17,35624,44
255,17,21143,44
256,17,16345,43
257,17,397,44
258,17,212656,43
259,17,49719,43
260,17,6539,52
261,17,1999,50
262,17,88028,50
263,17,8752,44
264,17,61801,40
265,17,411236,62
266,17,29461,58
267,17,9684,54
268,17,3921,47
269,17,139898,51
270,17,19873,50
271,17,282076,44
272,17,2130,43
273,17,15296,44
274,17,79202,44
275,17,2039,44
276,17,18841,45
277,17,146526,40
278,17,1220655,66
279,17,3309,52
280,17,157007,45
281,17,484260,40
282,17,4649,62
283,17,55724,60
284,17,5768,53
285,17,5241,52
286,17,12471,49
287,17,1397932,47
288,17,14363,44
289,17,20800,45
290,17,47733,45
291,17,171565,51
292,17,6952,42
293,17,133138,46
294,17,427380,48
295,17,37884,45
296,17,166350,40
297,17,3401366,51
298,17,22401,56
299,17,9283,43
300,17,1390,52
301,17,104927,49
302,17,21293,49
303,17,17832,54
304,17,212818,48
305,17,39265,48
306,17,12631,46
307,17,49603,44
308,17,8952,43
309,17,80670,44
310,17,20581,43
311,17,109374,39
312,17,3489,60
313,17,891477,64
314,17,12791,49
315,17,151591,46
316,17,2501,45
317,17,25122,43
318,17,43867,43
319,17,142593,44
320,17,42645,62
321,17,155282,59
322,17,1856,53
323,17,5732,52
324,17,3957,47
325,17,28123,48
326,17,1892,44
327,17,26997,44
328,17,66580,44
329,17,9524,54
330,17,112044,52
331,17,402604,54
332,17,105269,54
333,17,67849,53
334,17,9790,55
335,17,2677,49
336,17,513703,50
337,17,42029,45
338,17,1378160,109
339,17,5510,45
340,17,253038,53
341,17,315504,46
342,17,1515837,100
343,17,198879,86
344,17,902353,87
345,17,298523,70
346,17,86415,57
347,17,19703,53
348,17,7142,48
349,17,155202,49
350,17,14003,49
351,17,1040,45
352,17,33245,44
353,17,59449,47
354,17,12026,43
355,17,4588,43
356,17,10609,42
357,17,26615,42
358,17,93414,43
359,17,78302,42
360,17,27680,39
361,17,92203,40
362,17,37980,62
363,17,150667,61
364,17,27681,56
365,17,26531,48
366,17,140752,48
367,17,8851,43
368,17,64054,56
369,17,47973,56
370,17,27674,54
371,17,8997,48
372,17,1479,48
373,17,20556,48
374,17,15452,44
375,17,6726,44
376,17,99001,47
377,17,47843,45
378,17,36688,43
379,17,34625,43
380,17,52976,45
381,17,189696,45
382,17,20336,43
383,17,329596,39
384,17,96841,40
385,17,5272,70
386,17,26807,60
387,17,68371,43
388,17,147323,49
389,17,50507,69
390,17,219892,67
391,17,53813,62
392,17,117350,55
393,17,22462,52
394,17,15842,47
395,17,102411,47
396,17,39477,50
397,17,23015,44
398,17,5052,44
399,17,19954,60
400,17,2938,45
401,17,280560,60
402,17,78443,54
403,17,106616,50
404,17,23247,49
405,17,172115,48
406,17,14773,42
407,17,31205,44
408,17,164970,40
409,17,1247894,75
410,17,234257,61
411,17,819791,52
412,17,29462,44
413,17,45708,40
414,17,372922,53
415,17,404575,54
416,17,4109,47
417,17,322659,52
418,17,1220,49
419,17,680,49
420,17,724358,44
421,17,23381,58
422,17,22133,53
423,17,37837,45
427,17,18100,43
428,17,119161,57
429,17,7349,44
430,17,6660,47
431,17,922645,74
432,17,92239,53
433,17,7077,48
434,17,4536,54
435,17,3899,52
436,17,7076,44
437,17,24424,54
438,17,10461,52
439,17,10887,48
440,17,18117,47
441,17,4906,51
442,17,187361,58
443,17,78772,54
444,17,29241,42
445,17,316802,45
446,17,6185,43
447,17,467935,45
448,17,608036,66
449,17,23270,44
450,17,37955,44
451,17,15412,57
452,17,6524,43
453,17,22910,51
454,17,8533,44
455,17,46522,45
456,17,6164,46
457,17,171573,70
458,17,57783,44
459,17,143768,47
460,17,2716437,80
461,17,38511,66
462,17,2479,53
463,17,1935765,66
464,17,38988,43
465,17,113808,52
466,17,69638,56
467,17,93896,44
468,17,509199,51
469,17,251613,53
470,17,266698,45
471,17,549289,47
472,17,2274,47
473,17,17736,47
474,17,6678,44
475,17,19927,45
476,17,10085,50
477,17,10607,43
478,17,17332,44
479,17,22082,43
480,17,25329,43
481,17,8918,44
482,17,10381,44
483,17,566,48
484,17,48885,40
485,17,2774,43
486,17,13161,48
487,17,39942,56
488,17,160011,91
489,17,7057,53
490,17,14008,48
491,17,76712,44
492,17,2447,58
493,17,14300,44
494,17,277222,46
495,17,5403,44
496,17,104983,64
497,17,2229,48
498,17,242844,47
499,17,2294,48
500,17,29010,54
501,17,9025,57
502,17,90473,58
503,17,124057,45
504,17,126266,45
505,17,222873,60
506,17,39560,50
507,17,7684,45
508,17,7327,55
509,17,59759,44
510,17,13726,46
511,17,21323,53
512,17,8486,58
513,17,14176,44
514,17,2558,58
515,17,40245,54
516,17,13308,48
517,17,4414,53
518,17,65926,53
519,17,4947,44
520,17,8405,54
521,17,3004,44
522,17,10728,44
523,17,16907,73
524,17,4899,54
525,17,7999,62
526,17,186389,42
527,17,859,50
528,17,2858,50
529,17,418992,48
530,17,1741,43
531,17,1966,44
532,17,2063,43
533,17,1842,45
534,17,144653,46
535,17,6843,45
536,17,16873,40
537,17,6140,45
538,17,7223,44
539,17,953,45
540,17,17964,45
541,17,44138,45
542,17,14750,40
543,17,32022,40
544,17,1723,45
545,17,6756,40
546,17,34853,40
547,17,6307,45
548,17,7675,40
549,17,132329,41
550,17,561,45
551,17,3678,40
552,17,4845,40
553,17,137146,40
554,17,3436,50
555,17,1116,43
556,17,18570,40
557,17,371,45
558,17,8679,40
559,17,2958,45
560,17,1315,45
561,17,1539,45
562,17,2895,40
563,17,221,45
564,17,149,45
565,17,120,45
566,17,186,45
567,17,487,45
568,17,240,45
569,17,117,45
570,17,501,45
571,17,70,45
572,17,675,40
573,17,0,40
574,17,0,45
575,17,0,40
576,17,0,45
577,17,0,40
578,17,0,40
579,17,0,40
1,18,23900,52
2,18,18706,54
3,18,42167,52
4,18,183842,46
5,18,100385,49
6,18,18979,50
7,18,5736,50
8,18,2978,44
9,18,1618,45
10,18,7833,45
11,18,1403413,108
12,18,122899,93
13,18,43225,43
14,18,386270,50
15,18,61218,72
16,18,57407,68
17,18,83831,56
18,18,43798,51
19,18,86124,47
20,18,58893,43
21,18,526244,45
22,18,72474,42
23,18,4180,43
24,18,17782,44
25,18,4354,44
26,18,6731,54
27,18,10940,43
28,18,11731,57
29,18,863510,62
30,18,91519,55
31,18,595690,57
32,18,780,49
33,18,2613,45
34,18,18207,43
35,18,36178,44
36,18,10361,58
37,18,74665,48
38,18,47783,45
39,18,6392,43
40,18,3976,44
41,18,7991,43
42,18,965149,47
43,18,867,44
44,18,55759,55
45,18,5733,52
46,18,28208,48
47,18,1254372,48
48,18,1501039,40
49,18,42873,64
50,18,4666,58
51,18,162,54
52,18,663,54
53,18,998,50
54,18,27074,49
55,18,14799,46
56,18,20205,43
57,18,156814,44
58,18,18121,50
59,18,617166,49
60,18,5940,43
61,18,62026,43
62,18,3871,44
63,18,40590,43
64,18,3787,44
65,18,1139737,44
66,18,516025,39
67,18,343493,74
68,18,284900,61
69,18,24798,52
70,18,416588,51
71,18,34010,43
72,18,60418,42
73,18,18992,43
74,18,11353,43
75,18,221543,69
76,18,7024,63
77,18,486,59
78,18,11923,46
79,18,3090,50
80,18,2465,47
81,18,2176,49
82,18,11327,48
83,18,62463,50
84,18,329232,51
85,18,36973,44
86,18,13045,43
87,18,48098,42
88,18,7974,43
89,18,192752,39
90,18,224422,62
91,18,72502,62
92,18,4072,53
93,18,1040881,47
94,18,385528,45
95,18,84508,43
96,18,31726,59
97,18,53856,60
98,18,3402,55
99,18,255,55
100,18,9694,54
101,18,23529,54
102,18,12976,49
103,18,174741,60
104,18,12414,60
105,18,358979,58
106,18,356269,57
107,18,60740,55
108,18,42764,49
109,18,12082,43
110,18,74822,66
111,18,388312,55
112,18,14927,48
113,18,136587,70
114,18,85262,68
115,18,3754,63
116,18,39849,55
117,18,93092,56
118,18,243561,50
119,18,338242,50
120,18,46934,44
121,18,1274,44
122,18,1126931,53
123,18,420319,55
124,18,41390,50
125,18,5034,50
126,18,99592,43
127,18,13337,43
128,18,2292298,44
129,18,40603,57
130,18,165604,44
131,18,239940,51
132,18,44766,43
133,18,974571,68
134,18,173438,67
135,18,86325,56
136,18,5951,52
137,18,9152,55
138,18,52545,52
139,18,12733,49
140,18,6203,44
141,18,819287,57
142,18,148265,53
143,18,165525,53
144,18,86135,53
145,18,14597,49
146,18,7998,57
147,18,103969,57
148,18,506418,54
149,18,588317,40
150,18,691769,79
151,18,187656,74
152,18,46415,64
153,18,27677,62
154,18,11469,53
155,18,461,50
156,18,1299,50
157,18,42168,44
158,18,50545,44
159,18,1230668,65
160,18,807788,53
161,18,893028,58
162,18,409224,52
163,18,24576,43
164,18,1427701,51
165,18,47915,41
166,18,3654273,101
167,18,29522,57
168,18,1045344,54
169,18,6518,43
170,18,12271,43
171,18,1946385,78
172,18,55123,59
173,18,2233,52
174,18,11990,52
175,18,18175,51
176,18,192821,50
177,18,11277,43
178,18,25323,43
179,18,79618,43
180,18,60182,43
202,18,143667,63
203,18,858432,58
204,18,56041,55
205,18,11922,53
206,18,187896,52
207,18,77315,53
208,18,182815,50
209,18,3194,50
210,18,709622,117
211,18,259907,96
212,18,994042,60
213,18,20941,48
214,18,1855784,118
215,18,3240793,103
216,18,16737,93
217,18,244558,83
218,18,698731,79
219,18,422908,75
220,18,22856,51
221,18,48822,52
222,18,89998,52
223,18,9162,53
224,18,26139,54
225,18,102911,53
226,18,50213,54
227,18,9707,48
228,18,2233,49
229,18,5724,49
230,18,3411,49
231,18,10493,48
232,18,23322,85
233,18,2175733,91
234,18,763988,43
235,18,962923,55
236,18,12697,48
237,18,7308,48
238,18,215825,84
239,18,588860,77
240,18,28895,68
241,18,58084,63
242,18,23703,62
243,18,883198,62
244,18,14774,53
245,18,6493,48
246,18,33797,50
247,18,22160,48
248,18,182478,51
249,18,61997,43
250,18,16282,43
251,18,10434,53
252,18,107129,50
253,18,7825,44
254,18,46256,44
255,18,21707,44
256,18,21446,43
257,18,471,44
258,18,195218,43
259,18,35341,43
260,18,6469,52
261,18,1975,50
262,18,97541,50
263,18,8675,43
264,18,62115,40
265,18,337973,61
266,18,27346,58
267,18,9902,54
268,18,3787,47
269,18,111930,51
270,18,19992,50
271,18,272038,44
272,18,2105,43
273,18,14826,44
274,18,79252,44
275,18,2602,44
276,18,18616,45
277,18,141125,40
278,18,1232632,66
279,18,3298,52
280,18,157270,45
281,18,491975,40
282,18,4767,62
283,18,56766,60
284,18,5658,53
285,18,5199,51
286,18,12414,49
287,18,1400304,47
288,18,13913,44
289,18,23649,45
290,18,46887,45
291,18,196147,51
292,18,7039,42
293,18,141018,46
294,18,669666,49
295,18,45400,45
296,18,163219,40
297,18,3586554,52
298,18,22109,56
299,18,9052,43
300,18,1385,52
301,18,95397,49
302,18,21998,49
303,18,18578,54
304,18,201585,48
305,18,41542,48
306,18,11830,46
307,18,48463,44
308,18,9566,43
309,18,123272,44
310,18,20206,43
311,18,118213,39
312,18,3484,60
313,18,888726,64
314,18,12623,49
315,18,149161,46
316,18,2467,45
317,18,24711,43
318,18,46916,43
319,18,136725,44
320,18,41899,62
321,18,151437,59
322,18,1833,53
323,18,5776,52
324,18,3900,47
325,18,26969,48
326,18,1709,44
327,18,26276,44
328,18,63952,44
329,18,9266,54
330,18,142775,52
331,18,406824,54
332,18,103593,53
333,18,68629,53
334,18,9810,55
335,18,2791,49
336,18,561620,51
337,18,41144,44
338,18,1438190,109
339,18,5452,45
340,18,249034,53
341,18,310014,46
342,18,1759586,101
343,18,198659,86
344,18,999231,88
345,18,363375,71
346,18,84003,57
347,18,19455,52
348,18,7157,48
349,18,161480,49
350,18,14611,49
351,18,1009,45
352,18,32549,44
353,18,55649,47
354,18,13320,43
355,18,4393,43
356,18,11206,42
357,18,31846,42
358,18,97757,43
359,18,66021,42
360,18,27331,39
361,18,88653,40
362,18,38337,62
363,18,145154,61
364,18,27152,56
365,18,26308,48
366,18,137469,48
367,18,8842,43
368,18,63367,56
369,18,46402,56
370,18,26899,54
371,18,8558,48
372,18,1421,48
373,18,20336,48
374,18,15026,44
375,18,6720,44
401,18,381648,61
402,18,89664,54
403,18,113411,50
404,18,23243,49
405,18,164121,48
406,18,15225,42
407,18,32376,44
408,18,165102,40
409,18,1307730,75
410,18,251929,61
411,18,811669,52
412,18,29255,43
413,18,45437,40
414,18,367327,53
415,18,416178,54
416,18,3996,47
417,18,491547,53
418,18,1196,49
419,18,659,49
420,18,719869,44
421,18,26126,58
422,18,21803,53
423,18,46796,45
427,18,18073,43
428,18,122658,57
429,18,7197,44
430,18,6598,47
431,18,748452,73
432,18,87440,53
433,18,7106,48
434,18,4429,54
435,18,3890,52
436,18,7168,44
437,18,24073,54
438,18,7907,52
439,18,10943,48
440,18,17424,47
441,18,4976,51
442,18,181050,58
443,18,82104,54
444,18,28986,42
445,18,258697,45
446,18,7208,43
447,18,468320,45
448,18,530042,65
449,18,23175,44
451,18,15205,57
452,18,6871,43
453,18,21355,51
454,18,8614,44
455,18,47231,45
456,18,6237,46
458,18,71218,44
459,18,139785,47
460,18,2525376,79
461,18,36790,66
462,18,2465,53
463,18,1729629,65
465,18,108968,52
466,18,67818,56
467,18,90363,44
468,18,473577,50
469,18,243295,52
470,18,251847,44
471,18,564497,48
472,18,2307,47
473,18,17705,47
474,18,6707,44
475,18,20905,45
476,18,10396,50
477,18,10627,43
478,18,20622,44
479,18,21723,43
480,18,24897,43
481,18,8826,44
482,18,9950,44
483,18,568,48
484,18,52664,39
485,18,2744,43
486,18,13532,48
487,18,39354,56
488,18,168151,91
489,18,7099,53
490,18,13806,48
491,18,72948,44
492,18,2274,58
493,18,16011,44
494,18,402943,46
495,18,5420,44
496,18,104531,64
497,18,2190,48
498,18,299048,47
499,18,2254,48
500,18,22573,54
501,18,8811,57
502,18,133174,58
503,18,107524,45
504,18,138085,45
505,18,178061,60
506,18,33179,50
507,18,7616,45
508,18,6890,55
509,18,58719,44
510,18,13372,46
511,18,19064,53
512,18,8444,58
513,18,14185,44
515,18,32904,54
516,18,14666,48
517,18,4373,53
518,18,63577,53
519,18,4902,43
520,18,8972,54
521,18,3023,44
522,18,10726,44
523,18,17044,73
524,18,4967,54
525,18,8999,62
527,18,851,50
528,18,2925,50
529,18,313581,48
532,18,2023,43
533,18,1836,45
534,18,119562,46
535,18,6818,45
536,18,17595,40
537,18,6162,45
538,18,7743,44
539,18,908,45
540,18,15789,45
541,18,39557,45
542,18,15119,40
543,18,34653,40
544,18,1892,45
545,18,7017,40
546,18,37692,40
547,18,6209,45
548,18,9296,40
549,18,125703,41
551,18,4316,40
552,18,5181,40
554,18,3496,50
555,18,1076,43
556,18,21313,40
557,18,352,45
558,18,11817,40
559,18,3124,45
560,18,1372,45
561,18,1754,45
562,18,3561,40
563,18,266,45
564,18,199,45
565,18,156,45
566,18,236,45
567,18,704,45
570,18,1028,45
571,18,121,45
572,18,1148,40
573,18,1735,40
574,18,51,45
576,18,168,45
577,18,711,40
578,18,998,40
579,18,376,40
580,18,0,45
581,18,0,45
1,19,23785,52
2,19,18242,54
3,19,39917,52
4,19,185579,46
5,19,99995,49
6,19,18882,50
7,19,5722,50
8,19,3033,44
9,19,1617,45
10,19,7678,45
11,19,1324251,108
12,19,118625,93
13,19,42682,43
14,19,388593,50
15,19,60856,72
16,19,57255,68
17,19,78731,56
18,19,44246,51
19,19,87169,47
20,19,57103,43
21,19,510658,45
22,19,70637,42
23,19,4208,43
24,19,17649,43
25,19,4376,44
26,19,6681,54
27,19,10847,43
28,19,12860,57
29,19,1082993,63
30,19,92363,55
31,19,415125,56
32,19,791,49
33,19,2600,45
34,19,18453,43
35,19,35600,44
36,19,10479,58
37,19,72893,48
38,19,45496,45
39,19,6379,43
40,19,3977,44
41,19,7949,43
42,19,940764,47
43,19,860,44
44,19,55245,55
45,19,5700,52
46,19,28013,48
47,19,1221016,48
48,19,1491485,40
49,19,39508,64
50,19,4690,58
51,19,165,54
52,19,673,54
53,19,1011,50
54,19,26567,49
55,19,14389,46
56,19,19184,43
57,19,156857,44
58,19,17043,50
59,19,574293,49
60,19,5860,43
61,19,61113,43
62,19,3201,44
63,19,38354,43
64,19,3700,44
65,19,1023839,44
66,19,515218,39
67,19,343146,74
68,19,286412,61
69,19,24412,52
70,19,383798,50
71,19,33699,43
72,19,59731,42
73,19,18859,43
74,19,11289,43
75,19,212929,69
76,19,7008,63
77,19,578,59
78,19,11583,46
79,19,3002,50
80,19,2498,47
81,19,1870,49
82,19,10815,48
83,19,62481,50
84,19,321790,51
85,19,35114,43
86,19,14502,43
87,19,58604,42
88,19,8063,43
89,19,188675,39
90,19,217428,62
91,19,72014,62
92,19,4029,53
93,19,1047032,47
94,19,380246,45
95,19,83839,43
96,19,31699,59
97,19,50600,60
98,19,3470,55
99,19,254,55
100,19,8331,54
101,19,25395,54
102,19,12908,49
103,19,191528,60
104,19,17865,60
105,19,346498,58
106,19,357783,57
107,19,59596,55
108,19,42475,49
109,19,12020,43
110,19,74807,66
111,19,396135,55
112,19,14924,48
113,19,333152,71
114,19,85000,68
115,19,3743,63
116,19,38066,54
117,19,93007,56
118,19,237315,50
119,19,345622,50
120,19,46638,44
121,19,1302,44
122,19,1083075,53
123,19,438878,55
124,19,38677,50
125,19,5309,50
126,19,94910,43
127,19,12583,43
128,19,2345404,44
129,19,40837,57
130,19,165013,44
131,19,255338,51
132,19,44343,43
133,19,967041,69
134,19,171312,67
135,19,82305,56
136,19,5985,52
137,19,8256,55
138,19,53329,52
139,19,12780,49
140,19,6175,44
141,19,868887,57
142,19,151406,53
143,19,162869,53
144,19,84866,53
145,19,13038,49
146,19,8031,57
147,19,110171,57
148,19,513977,53
149,19,585922,40
150,19,765160,80
151,19,190080,73
152,19,46436,64
153,19,27257,62
154,19,12026,53
155,19,466,50
156,19,1303,50
157,19,42247,44
158,19,49456,44
159,19,1201524,65
160,19,782476,53
161,19,872046,58
162,19,420366,52
163,19,24446,43
164,19,1421642,51
165,19,47739,41
166,19,3707001,101
167,19,26540,57
168,19,1052074,54
169,19,6513,43
170,19,12220,43
171,19,1912889,78
172,19,49259,59
173,19,2231,52
174,19,11975,52
175,19,18097,51
176,19,188825,50
177,19,11188,43
178,19,24637,43
179,19,76995,43
180,19,58271,43
181,19,1404491,70
182,19,2088055,72
183,19,2852799,64
184,19,71005,51
185,19,92803,52
186,19,20409,53
187,19,559625,92
188,19,200502,52
189,19,551689,60
190,19,2508,45
191,19,1722996,122
192,19,2675872,122
193,19,35824,62
194,19,18405,63
195,19,8694,58
196,19,28145,58
197,19,75472,54
198,19,77736,54
199,19,163398,54
200,19,41848,53
201,19,417,45
202,19,143225,63
203,19,851462,58
204,19,66403,55
205,19,12599,53
206,19,186087,52
207,19,75018,53
208,19,191244,50
209,19,3189,50
210,19,724182,117
211,19,234501,96
212,19,992176,60
213,19,20908,48
214,19,1770703,118
215,19,3462785,104
216,19,16752,93
217,19,326710,83
218,19,689838,79
219,19,373996,75
220,19,22677,51
221,19,49565,52
222,19,89177,52
223,19,9156,53
224,19,25397,54
225,19,94724,53
226,19,47299,54
227,19,9630,48
228,19,2251,49
229,19,5695,49
230,19,3403,49
231,19,10516,48
232,19,23291,85
233,19,2050805,91
234,19,778046,43
235,19,919000,55
236,19,12735,48
237,19,7329,48
238,19,286505,84
239,19,523073,77
240,19,28859,68
241,19,57807,63
242,19,23665,62
243,19,816547,62
244,19,14851,53
245,19,6475,48
246,19,32119,49
247,19,22165,48
248,19,177237,51
249,19,60164,43
250,19,18747,43
251,19,10331,53
252,19,104925,50
253,19,7766,44
254,19,51117,44
255,19,20485,44
256,19,24163,43
257,19,764,44
258,19,188600,43
259,19,30648,43
260,19,6442,51
261,19,1965,50
262,19,94629,50
263,19,8658,43
264,19,61445,40
265,19,319848,61
266,19,33324,58
267,19,9562,54
268,19,3731,47
269,19,128606,51
270,19,19802,50
271,19,269717,44
272,19,2096,43
273,19,13544,44
274,19,78908,44
275,19,2701,44
276,19,18485,45
277,19,142855,40
278,19,1246221,66
279,19,3286,52
280,19,157415,45
281,19,490624,40
282,19,4781,62
283,19,57316,60
284,19,5494,53
285,19,5152,51
286,19,12352,49
287,19,1596402,48
288,19,13754,44
289,19,25261,45
290,19,46709,45
291,19,198681,51
292,19,7113,42
293,19,165175,46
294,19,747590,50
295,19,55952,45
296,19,170393,39
297,19,3632653,52
298,19,21995,56
299,19,8899,43
300,19,1388,52
301,19,159047,49
302,19,21529,49
303,19,18749,54
304,19,194502,48
305,19,40694,48
306,19,11518,46
307,19,47552,44
308,19,12949,43
309,19,121272,44
310,19,19966,43
311,19,115617,39
312,19,3475,60
313,19,1038350,65
314,19,12616,49
315,19,147729,46
316,19,2422,45
317,19,24474,43
318,19,48834,43
319,19,132778,44
320,19,41176,62
321,19,149328,59
322,19,1831,53
323,19,5867,52
324,19,3909,47
325,19,26392,48
326,19,1736,44
327,19,25965,44
328,19,73511,43
329,19,9123,54
330,19,146829,52
331,19,406903,54
332,19,102936,53
333,19,69408,53
334,19,9801,55
335,19,2845,49
336,19,609703,51
337,19,40754,44
338,19,1488141,110
339,19,5448,45
340,19,246863,53
341,19,329422,46
342,19,667759,99
343,19,200255,86
344,19,1172720,89
345,19,437887,71
346,19,83002,57
347,19,19348,52
348,19,7169,48
349,19,165237,49
350,19,14652,49
351,19,1032,45
352,19,32335,44
353,19,54104,46
354,19,20604,43
355,19,4387,43
356,19,12191,42
357,19,41218,42
358,19,104039,43
359,19,61224,41
360,19,26486,39
361,19,87258,40
362,19,42132,62
363,19,145023,61
364,19,26943,56
365,19,26332,48
366,19,143080,48
367,19,8815,43
368,19,59852,56
369,19,46743,56
370,19,27050,54
371,19,8407,48
372,19,1431,48
373,19,20519,48
374,19,14917,44
375,19,6676,44
376,19,108773,47
377,19,93288,45
378,19,34693,43
379,19,33970,42
380,19,39983,45
381,19,174641,45
382,19,26605,43
383,19,341300,39
384,19,94597,40
385,19,5268,70
386,19,26529,60
387,19,66975,43
388,19,142114,49
389,19,54190,69
390,19,206820,66
391,19,51865,62
392,19,98576,54
393,19,20184,52
394,19,15374,47
395,19,99969,47
396,19,36377,50
397,19,22399,44
398,19,4771,44
399,19,21517,60
400,19,2856,45
401,19,310269,61
402,19,79618,54
403,19,107267,50
404,19,22912,49
405,19,160861,48
406,19,15034,42
407,19,34516,44
408,19,164800,40
409,19,1220075,75
410,19,238937,61
411,19,774398,52
412,19,29135,43
413,19,45081,40
414,19,360366,53
415,19,414502,54
416,19,3989,47
417,19,484896,53
418,19,1249,49
419,19,716,49
420,19,722948,44
421,19,23910,58
422,19,21695,52
423,19,50186,45
427,19,18043,43
428,19,120841,57
429,19,7121,44
430,19,6438,47
431,19,654401,72
432,19,78079,53
433,19,7120,48
434,19,4354,54
435,19,3886,52
436,19,6901,44
437,19,23833,53
438,19,6841,52
439,19,10974,48
440,19,16552,47
441,19,5023,51
442,19,181496,58
443,19,81961,54
444,19,28641,42
445,19,244957,45
446,19,7058,43
447,19,449147,45
448,19,492026,65
449,19,23128,44
450,19,34528,44
451,19,15688,57
452,19,6452,43
453,19,20918,51
454,19,8558,44
455,19,46292,45
456,19,6284,46
457,19,168628,70
458,19,66349,44
459,19,148224,47
460,19,2659242,79
461,19,36035,66
462,19,2447,53
463,19,1737188,65
464,19,36729,43
465,19,103642,52
466,19,66092,56
467,19,82751,44
468,19,468716,50
469,19,239941,52
470,19,254650,44
471,19,691962,48
472,19,2364,47
473,19,17632,47
474,19,6695,44
475,19,20418,45
476,19,10620,50
477,19,10632,43
478,19,28635,44
479,19,21521,43
480,19,24405,43
481,19,8804,44
482,19,9816,44
483,19,568,48
484,19,54382,39
485,19,2741,43
486,19,13403,48
487,19,39047,56
488,19,164238,91
489,19,7237,53
490,19,13706,48
491,19,71762,44
492,19,2236,58
493,19,15613,44
494,19,384146,46
495,19,5411,44
496,19,104853,64
497,19,2182,48
498,19,235886,47
499,19,2251,48
500,19,20985,54
501,19,12104,57
502,19,131246,58
503,19,97632,45
504,19,138311,45
505,19,155391,59
506,19,31696,50
507,19,7505,45
508,19,7000,55
509,19,58518,44
510,19,13278,45
511,19,25814,53
512,19,8395,58
513,19,14189,44
514,19,2536,57
515,19,30829,54
516,19,14458,48
517,19,4362,53
518,19,62143,53
519,19,4893,43
520,19,9061,54
521,19,3052,44
522,19,10731,44
523,19,17280,73
524,19,5207,54
525,19,16445,62
526,19,174013,42
527,19,857,50
528,19,2920,50
529,19,345572,48
530,19,1766,43
531,19,2024,44
532,19,1974,43
533,19,1828,45
534,19,119037,46
535,19,6803,45
536,19,17543,40
537,19,5993,45
538,19,7834,44
539,19,928,45
540,19,15216,45
541,19,40147,45
542,19,15187,40
543,19,34627,40
544,19,1963,45
545,19,7118,40
546,19,38707,40
547,19,6245,45
548,19,9310,40
549,19,122882,41
550,19,641,45
551,19,4341,40
552,19,5251,40
553,19,134851,41
554,19,3495,50
555,19,1189,43
556,19,21893,40
557,19,345,45
558,19,12111,40
559,19,3209,45
560,19,1374,45
561,19,1900,45
562,19,3732,40
563,19,355,45
564,19,232,45
565,19,172,45
566,19,259,45
567,19,755,45
568,19,381,45
569,19,197,45
570,19,1272,45
571,19,142,45
572,19,1294,40
573,19,1914,40
574,19,89,45
575,19,1372,40
576,19,556,45
577,19,950,40
578,19,1581,40
579,19,633,40
580,19,49,45
581,19,226,45
582,19,0,40
583,19,0,40
1,20,23718,52
2,20,17661,54
3,20,38674,52
4,20,184198,46
5,20,97344,49
6,20,18812,50
7,20,5708,50
8,20,3050,44
9,20,1615,45
10,20,7497,45
11,20,1298352,108
12,20,116844,93
13,20,42065,43
14,20,382500,50
15,20,64087,72
16,20,57130,68
17,20,75821,56
18,20,44726,51
19,20,88229,47
20,20,55881,43
21,20,493110,44
22,20,73109,42
23,20,4226,43
24,20,17494,43
25,20,4637,44
26,20,6565,54
27,20,10780,43
28,20,15093,57
29,20,1273572,64
30,20,92769,55
31,20,349946,56
32,20,788,49
33,20,2572,45
34,20,18392,43
35,20,35071,44
36,20,10484,58
37,20,73616,48
38,20,44384,44
39,20,6570,43
40,20,3989,44
41,20,7919,43
42,20,876721,47
43,20,865,44
44,20,54740,55
45,20,5682,52
46,20,27793,48
47,20,1228352,48
48,20,1482675,40
49,20,44886,64
50,20,4707,58
51,20,165,54
52,20,668,54
53,20,1061,50
54,20,26416,49
55,20,14054,46
56,20,18596,43
57,20,160644,44
58,20,18446,50
59,20,541101,49
60,20,5810,43
61,20,61310,43
62,20,2710,44
63,20,36166,43
64,20,3607,44
65,20,1041249,44
66,20,533844,39
67,20,350199,74
68,20,290114,61
69,20,24133,52
70,20,307155,49
71,20,33443,43
72,20,59073,42
73,20,18826,43
74,20,11249,43
75,20,213134,69
76,20,6985,63
77,20,626,59
78,20,11385,46
79,20,3184,50
80,20,2509,47
81,20,6982,49
82,20,10983,48
83,20,61834,50
84,20,310152,51
85,20,33059,43
86,20,14639,43
87,20,59577,42
88,20,8111,43
89,20,185354,39
90,20,211204,62
91,20,68740,62
92,20,4008,53
93,20,1030760,47
94,20,389946,45
95,20,83293,43
96,20,31713,59
97,20,47910,60
98,20,3673,55
99,20,255,55
100,20,8330,54
101,20,25598,54
102,20,12886,49
103,20,179513,60
104,20,16985,60
105,20,341629,58
106,20,353975,57
107,20,58795,55
108,20,42147,49
109,20,11982,43
110,20,74722,66
111,20,384111,55
112,20,14913,48
113,20,337647,71
114,20,84835,68
115,20,3742,63
116,20,36802,54
117,20,92682,56
118,20,229394,49
119,20,343388,50
120,20,46284,44
121,20,1288,44
122,20,1080192,53
123,20,416940,55
124,20,40218,50
125,20,5652,50
126,20,90588,43
127,20,12092,43
128,20,2353470,44
129,20,39470,57
130,20,164340,44
131,20,256657,51
132,20,43984,43
133,20,927372,69
134,20,169264,67
135,20,79728,56
136,20,6006,52
137,20,7676,55
138,20,53381,52
139,20,18870,49
140,20,6143,44
141,20,875918,57
142,20,154209,53
143,20,158858,53
144,20,85317,53
145,20,12812,49
146,20,7965,57
147,20,144155,57
148,20,520260,53
149,20,584064,40
150,20,753994,80
151,20,190496,73
152,20,46916,64
153,20,27534,62
154,20,11816,53
155,20,468,50
156,20,1307,50
157,20,42007,44
158,20,48415,44
159,20,1157304,65
160,20,767271,52
161,20,845540,57
162,20,436215,52
163,20,24405,43
164,20,1410771,51
165,20,47747,41
166,20,3745990,101
167,20,25257,57
168,20,1085138,54
169,20,6514,43
170,20,12213,43
171,20,1924061,77
172,20,48836,59
173,20,2219,52
174,20,11992,52
175,20,18080,51
176,20,189567,50
177,20,11079,43
178,20,24656,43
179,20,76900,43
180,20,59452,43
181,20,1372422,70
182,20,2424027,73
183,20,2866541,64
184,20,90358,51
185,20,91219,52
186,20,18113,53
187,20,633070,92
188,20,202336,52
189,20,590094,60
190,20,2501,45
191,20,1787526,123
192,20,2724536,122
193,20,31743,62
194,20,19258,63
195,20,8738,58
196,20,35866,58
197,20,74608,54
198,20,73698,54
199,20,168427,54
200,20,44713,53
201,20,409,45
202,20,142736,63
203,20,846910,58
204,20,68047,55
205,20,13549,53
206,20,184664,52
207,20,73107,53
208,20,198137,50
209,20,3193,50
210,20,754514,117
211,20,176327,96
212,20,924398,60
213,20,30310,48
214,20,1760769,118
215,20,3531631,105
216,20,16737,93
217,20,338259,83
218,20,682483,79
219,20,345405,74
220,20,22959,51
221,20,50171,52
222,20,89874,52
223,20,9169,53
224,20,25201,54
225,20,92134,53
226,20,47213,54
227,20,9565,48
228,20,2259,49
229,20,5678,49
230,20,3396,49
231,20,10577,48
232,20,23266,85
233,20,2071439,91
234,20,876298,43
235,20,905801,55
236,20,12721,48
237,20,7321,48
238,20,300529,84
239,20,724795,78
240,20,28823,68
241,20,57706,63
242,20,23655,62
243,20,736125,61
244,20,15577,53
245,20,6473,48
246,20,33489,49
247,20,22168,48
248,20,145845,51
249,20,59038,43
250,20,19089,43
251,20,10276,53
252,20,103569,50
253,20,7682,44
254,20,52224,44
255,20,19198,44
256,20,22533,43
257,20,821,44
258,20,182724,42
259,20,26869,43
260,20,6419,51
261,20,1954,50
262,20,97973,50
263,20,8646,43
264,20,61351,40
265,20,306427,60
266,20,34990,58
267,20,9469,54
268,20,3682,47
269,20,139126,51
270,20,20355,50
271,20,263880,44
272,20,2087,43
273,20,12952,44
274,20,77203,44
275,20,2646,44
276,20,18159,45
277,20,144601,40
278,20,1184709,66
279,20,3235,52
280,20,154541,45
281,20,495168,40
282,20,4810,62
283,20,56214,60
284,20,5361,53
285,20,5107,51
286,20,12286,49
287,20,1633039,48
288,20,13571,44
289,20,26323,45
290,20,46314,45
291,20,183335,51
292,20,7110,42
293,20,162863,46
294,20,751578,50
295,20,57068,45
296,20,175051,39
297,20,3592185,52
298,20,21814,56
299,20,8775,43
300,20,1381,52
301,20,163040,49
302,20,24663,49
303,20,17777,54
304,20,188648,47
305,20,44330,48
306,20,11289,46
307,20,50911,44
308,20,25570,43
309,20,124746,44
310,20,19736,43
311,20,116666,39
312,20,3480,60
313,20,1171576,66
314,20,14098,49
315,20,140982,46
316,20,2384,45
317,20,24265,43
318,20,60961,43
319,20,129766,44
320,20,47981,62
321,20,166277,59
322,20,1824,53
323,20,6223,52
324,20,3890,47
325,20,30165,48
326,20,1713,44
327,20,25727,44
328,20,95927,43
329,20,9030,54
330,20,149373,52
331,20,401753,54
332,20,101651,53
333,20,69172,53
334,20,9798,55
335,20,2898,49
336,20,641210,51
337,20,40294,44
338,20,1520967,110
339,20,5413,45
340,20,244921,53
341,20,338435,46
342,20,490635,98
343,20,201411,86
344,20,1124433,89
345,20,454098,71
346,20,83188,57
347,20,18680,52
348,20,7213,48
349,20,143808,49
350,20,14953,49
351,20,1029,45
352,20,32131,44
353,20,52950,46
354,20,27783,43
355,20,4381,43
356,20,13105,42
357,20,48542,42
358,20,112132,43
359,20,58239,41
360,20,26311,39
361,20,85815,40
362,20,45972,62
363,20,166745,61
364,20,26820,56
365,20,26249,48
366,20,160263,48
367,20,8775,43
368,20,61763,56
369,20,46937,56
370,20,27270,54
371,20,8271,48
372,20,1432,48
373,20,21128,48
374,20,16457,44
375,20,6660,44
376,20,91703,47
377,20,92601,45
378,20,34040,43
379,20,33964,42
380,20,38953,45
381,20,169471,44
382,20,26978,43
383,20,343522,39
384,20,93831,40
385,20,5276,70
386,20,26450,60
387,20,66732,43
388,20,141015,49
389,20,55746,69
390,20,205384,66
391,20,51791,62
392,20,91043,54
393,20,22987,52
394,20,15236,47
395,20,100452,47
396,20,35986,50
397,20,23473,43
398,20,4745,44
399,20,21638,60
400,20,2829,45
401,20,306511,61
402,20,77109,54
403,20,105471,50
404,20,22763,49
405,20,157684,48
406,20,15075,42
407,20,35281,44
408,20,163004,40
409,20,1231125,75
410,20,232837,61
411,20,764454,52
412,20,29022,43
413,20,44973,40
414,20,356827,53
415,20,402206,54
416,20,3926,47
417,20,669995,54
418,20,1234,49
419,20,699,49
420,20,723416,44
421,20,24599,58
422,20,21532,52
423,20,49829,45
427,20,18016,43
428,20,111797,57
429,20,7048,44
430,20,6285,47
431,20,549334,71
432,20,79087,53
433,20,7150,48
434,20,4317,54
435,20,3865,51
436,20,6761,44
437,20,23803,53
438,20,6198,52
439,20,11073,48
440,20,16249,47
441,20,4968,51
442,20,180498,58
443,20,82793,54
444,20,28249,42
445,20,231871,45
446,20,10358,43
447,20,426207,44
448,20,471967,64
449,20,23022,44
450,20,33838,44
451,20,15532,57
452,20,6695,43
453,20,20390,51
454,20,8562,44
455,20,44253,45
456,20,6361,46
457,20,165948,70
458,20,60758,44
459,20,142620,47
460,20,2402282,78
461,20,35482,66
462,20,2451,53
463,20,1577727,64
464,20,35667,43
465,20,102110,52
466,20,66005,56
467,20,81377,44
468,20,525283,50
469,20,237168,52
470,20,258001,44
471,20,675322,49
472,20,2372,47
473,20,17605,47
474,20,6701,44
475,20,21662,45
476,20,10652,50
477,20,10617,43
478,20,37795,44
479,20,21319,43
480,20,23998,43
481,20,8689,44
482,20,9678,44
483,20,568,48
484,20,55968,39
485,20,2748,43
486,20,15718,48
487,20,38772,55
488,20,161049,91
489,20,7733,53
490,20,13670,48
491,20,70217,44
492,20,2192,58
493,20,45601,44
494,20,436505,47
495,20,5411,44
496,20,104452,64
497,20,2176,48
498,20,230511,47
499,20,2243,48
500,20,19849,54
501,20,11038,57
502,20,161425,58
503,20,90885,45
504,20,127754,45
505,20,166416,59
506,20,24743,50
507,20,7426,45
508,20,7138,55
509,20,58084,44
510,20,13181,45
511,20,83974,53
512,20,8340,58
513,20,14210,44
514,20,2522,57
515,20,29533,54
516,20,17142,48
517,20,4486,53
518,20,61423,53
519,20,4909,43
520,20,8795,54
521,20,3058,44
522,20,10647,44
523,20,18402,73
524,20,5987,54
525,20,21242,62
526,20,169329,42
527,20,858,50
528,20,2990,50
529,20,316280,48
530,20,1768,43
531,20,2036,44
532,20,2029,42
533,20,1843,45
534,20,116073,45
535,20,6812,45
536,20,17668,40
537,20,6898,45
538,20,7908,44
539,20,960,45
540,20,17526,45
541,20,41426,45
542,20,15071,40
543,20,35748,40
544,20,2080,45
545,20,7166,40
546,20,40853,40
547,20,6205,45
548,20,9597,40
549,20,117749,40
550,20,641,45
551,20,4536,40
552,20,5334,40
553,20,133357,41
554,20,3541,50
555,20,1254,43
556,20,23350,40
557,20,342,45
558,20,12436,40
559,20,3331,45
560,20,1421,45
561,20,1984,45
562,20,4259,40
563,20,414,45
564,20,262,45
565,20,211,45
566,20,301,45
567,20,853,45
568,20,415,45
569,20,232,45
570,20,1470,45
571,20,173,45
572,20,1460,40
573,20,2632,40
574,20,128,45
575,20,1553,40
576,20,602,45
577,20,1186,40
578,20,1977,40
579,20,824,40
580,20,81,45
581,20,392,45
582,20,2205,40
583,20,264,40
584,20,0,45
585,20,0,45
586,20,0,40
587,20,0,40
1,21,23807,52
2,21,17029,54
3,21,37376,52
4,21,182736,46
5,21,92895,49
6,21,18704,50
7,21,5688,50
8,21,3127,44
9,21,1610,45
10,21,7247,45
11,21,1289768,108
12,21,114259,93
13,21,41097,43
14,21,370542,50
15,21,67976,72
16,21,56946,68
17,21,72509,56
18,21,43546,51
19,21,89080,47
20,21,53144,43
21,21,476069,44
22,21,73195,42
23,21,4229,43
24,21,17213,43
25,21,4683,44
26,21,6523,54
27,21,10751,43
28,21,14491,57
29,21,1177398,64
30,21,81297,55
31,21,293761,55
32,21,779,49
33,21,2528,45
34,21,18027,43
35,21,34015,44
36,21,10437,58
37,21,74389,48
38,21,47418,44
39,21,6581,43
40,21,4003,44
41,21,7865,43
42,21,952455,47
43,21,862,44
44,21,54033,55
45,21,5641,52
46,21,27460,48
47,21,1230665,48
48,21,1471341,40
49,21,41755,64
50,21,5316,58
51,21,161,54
52,21,663,54
53,21,1180,50
54,21,25922,49
55,21,13551,46
56,21,17213,43
57,21,160143,44
58,21,18988,50
59,21,501359,49
60,21,5725,43
61,21,61403,43
62,21,2210,44
63,21,33481,43
64,21,3502,44
65,21,1062005,44
66,21,555279,39
67,21,344074,74
68,21,278109,61
69,21,24047,52
70,21,261000,48
71,21,33015,43
72,21,58154,42
73,21,18687,43
74,21,11151,43
75,21,209631,69
76,21,6931,63
77,21,738,59
78,21,11092,46
79,21,3141,50
80,21,2528,47
81,21,7943,49
82,21,9881,48
83,21,65009,50
84,21,336610,51
85,21,31213,42
86,21,18065,43
87,21,61736,42
88,21,8136,43
89,21,179661,39
90,21,205824,62
91,21,71575,62
92,21,3989,53
93,21,1043045,47
94,21,389686,45
95,21,82532,43
96,21,31827,59
97,21,45879,60
98,21,3713,55
99,21,258,55
100,21,8243,54
101,21,26659,54
102,21,12921,49
103,21,166860,60
104,21,19072,60
105,21,342908,58
106,21,349159,57
107,21,58242,55
108,21,41826,49
109,21,11916,43
110,21,74133,66
111,21,378592,55
112,21,14911,48
113,21,455059,72
114,21,84537,68
115,21,3730,63
116,21,35161,54
117,21,92183,56
118,21,235754,49
119,21,338819,50
120,21,45758,44
121,21,1307,44
122,21,1058567,53
123,21,382889,55
124,21,65222,50
125,21,6087,50
126,21,83800,43
127,21,11506,43
128,21,2369485,44
129,21,38391,57
130,21,161970,44
131,21,252863,51
132,21,43631,43
133,21,856220,69
134,21,168718,67
135,21,77052,56
136,21,6064,52
137,21,7029,55
138,21,51331,52
139,21,18661,49
140,21,7431,43
141,21,849470,57
142,21,151536,53
143,21,155996,53
144,21,84702,53
145,21,13229,49
146,21,7887,57
147,21,268936,58
148,21,511075,53
149,21,580187,40
150,21,718352,80
151,21,191040,73
152,21,46170,64
153,21,27804,62
154,21,11370,53
155,21,462,50
156,21,1300,50
157,21,41677,44
158,21,46902,44
159,21,1101502,64
160,21,764657,52
161,21,812948,57
162,21,483228,52
163,21,24474,43
164,21,1393936,51
165,21,49026,41
166,21,3757751,101
167,21,25862,57
168,21,1095969,54
169,21,6499,43
170,21,12169,43
171,21,1852895,77
172,21,46019,59
173,21,2206,52
174,21,11947,52
175,21,18969,51
176,21,184976,50
177,21,10921,43
178,21,24384,43
179,21,78836,43
180,21,61467,43
181,21,1360684,70
182,21,2665710,74
183,21,2909838,64
184,21,158839,51
185,21,89174,52
186,21,16495,53
187,21,636256,92
188,21,196895,52
189,21,620105,60
190,21,2497,45
191,21,1773138,123
192,21,2818918,123
193,21,28673,62
194,21,18100,63
195,21,9097,58
196,21,36132,58
197,21,73464,54
198,21,74173,54
199,21,167460,54
200,21,44267,53
201,21,427,45
202,21,142174,63
203,21,859799,58
204,21,64339,55
205,21,13560,53
206,21,189862,52
207,21,72089,53
208,21,190582,50
209,21,3190,50
210,21,788571,117
211,21,142871,95
212,21,893489,60
213,21,27520,48
214,21,1709126,118
215,21,3684027,106
216,21,16724,93
217,21,348536,83
218,21,661389,79
219,21,324399,74
220,21,22481,51
221,21,50465,52
222,21,89794,52
223,21,9154,53
224,21,25867,54
225,21,95027,53
226,21,46270,54
227,21,9488,48
228,21,2281,49
229,21,5662,49
230,21,3383,49
231,21,10662,48
232,21,23248,85
233,21,2069836,91
234,21,873519,43
235,21,892255,54
236,21,12762,47
237,21,7338,48
238,21,267782,84
239,21,951347,79
240,21,28749,68
241,21,57320,63
242,21,23580,62
243,21,711716,61
244,21,16034,53
245,21,6465,48
246,21,37400,49
247,21,22318,48
248,21,114353,50
249,21,56217,43
250,21,18931,43
251,21,10191,53
252,21,100624,50
253,21,7696,44
254,21,50362,44
255,21,17308,44
256,21,21845,43
257,21,845,44
258,21,174077,42
259,21,22524,43
260,21,6400,51
261,21,1941,50
262,21,97951,50
263,21,8622,43
264,21,61255,40
265,21,323469,60
266,21,34420,58
267,21,9221,53
268,21,3614,47
269,21,134313,51
270,21,20346,50
271,21,255067,44
272,21,2076,43
273,21,12276,44
274,21,78181,43
275,21,2937,44
276,21,18117,45
277,21,146075,40
278,21,1145893,65
279,21,3191,52
280,21,155217,45
281,21,505570,40
282,21,5167,62
283,21,59078,60
284,21,5293,53
285,21,5086,51
286,21,11975,49
287,21,1645246,48
288,21,14261,43
289,21,29193,45
290,21,45624,45
291,21,172554,51
292,21,7075,42
293,21,161484,46
294,21,804948,50
295,21,61957,45
296,21,182154,39
297,21,3418301,52
298,21,21659,56
299,21,8591,43
300,21,1367,52
301,21,167215,49
302,21,24705,49
303,21,16363,54
304,21,179041,47
305,21,45098,48
306,21,10998,46
307,21,49973,44
308,21,34817,43
309,21,98596,44
310,21,19301,42
311,21,117897,39
312,21,3468,60
313,21,1236950,66
314,21,13690,49
315,21,133149,46
316,21,2366,45
317,21,23978,43
318,21,72480,43
319,21,125104,43
320,21,46898,62
321,21,146404,59
322,21,1819,53
323,21,6145,52
324,21,3859,47
325,21,29935,48
326,21,1665,44
327,21,25049,44
328,21,117112,43
329,21,8913,53
330,21,146431,52
331,21,387123,54
332,21,99358,53
333,21,68660,53
334,21,9783,55
335,21,3016,49
336,21,582835,51
337,21,39696,44
338,21,1489650,110
339,21,5372,45
340,21,242421,53
341,21,324768,46
342,21,400887,98
343,21,205334,86
344,21,1071814,89
345,21,414068,72
346,21,82946,57
347,21,18553,52
348,21,7216,48
349,21,138862,49
350,21,14537,49
351,21,1040,45
352,21,32244,43
353,21,51541,46
354,21,51703,43
355,21,4409,43
356,21,11316,42
357,21,67853,42
358,21,113922,43
359,21,54507,41
360,21,25904,39
361,21,82921,40
362,21,67555,62
363,21,157622,61
364,21,26508,56
365,21,26091,48
366,21,208547,48
367,21,8755,43
368,21,64706,56
369,21,46076,56
370,21,25444,54
371,21,8052,48
372,21,1417,48
373,21,23278,48
374,21,16289,44
375,21,6546,44
376,21,98231,47
377,21,97410,45
378,21,33644,42
379,21,33711,42
380,21,40321,45
381,21,164127,44
382,21,29480,43
383,21,346725,39
384,21,92103,40
385,21,5262,70
386,21,26341,60
387,21,66133,43
388,21,175456,49
389,21,58191,69
390,21,210965,66
391,21,52309,62
392,21,81412,54
393,21,24079,52
394,21,15025,47
395,21,101042,47
396,21,35269,50
397,21,29558,43
398,21,4637,44
399,21,33274,60
400,21,2792,45
401,21,353623,61
402,21,81794,54
403,21,117898,50
404,21,23311,49
405,21,153021,48
406,21,17708,42
407,21,55311,44
408,21,163015,40
409,21,1334776,75
410,21,231512,61
411,21,775087,52
412,21,28853,43
413,21,44444,40
414,21,354166,53
415,21,394632,54
416,21,3839,47
417,21,1152382,56
418,21,1229,49
419,21,686,49
420,21,727249,44
421,21,25590,58
422,21,21337,52
423,21,50765,45
427,21,17967,43
428,21,101550,56
429,21,6969,44
430,21,6090,47
431,21,420106,70
432,21,78855,53
433,21,7294,48
434,21,4259,53
435,21,3840,51
436,21,6601,44
437,21,23623,53
438,21,6192,52
439,21,11090,48
440,21,15263,47
441,21,4954,51
442,21,180003,58
443,21,82034,54
444,21,27716,42
445,21,211441,45
446,21,9261,43
447,21,397051,44
448,21,430381,64
449,21,22683,44
450,21,32179,44
451,21,15522,57
452,21,6638,43
453,21,19885,50
454,21,8546,44
455,21,40899,45
456,21,6426,46
457,21,165117,70
458,21,53106,44
459,21,146084,47
460,21,2373116,78
461,21,34818,66
462,21,2442,53
463,21,1503229,63
464,21,34289,43
465,21,93309,52
466,21,62461,56
467,21,75115,44
468,21,532963,50
469,21,233405,52
470,21,254835,44
471,21,665133,49
472,21,2403,47
473,21,17644,47
474,21,6668,43
475,21,24864,45
476,21,10540,50
477,21,10588,43
478,21,46584,44
479,21,21090,43
480,21,23350,43
481,21,8546,44
482,21,9388,44
483,21,573,48
484,21,59357,39
485,21,2769,43
486,21,15328,48
487,21,38013,55
488,21,156752,91
489,21,8718,53
490,21,13568,48
491,21,66779,44
492,21,2149,58
493,21,42206,44
494,21,448315,47
495,21,5434,44
496,21,103816,64
497,21,2159,48
498,21,211660,46
499,21,2223,48
500,21,18524,54
501,21,10074,57
502,21,157996,58
503,21,82809,44
504,21,116528,45
505,21,167999,59
506,21,17512,50
507,21,7331,45
508,21,7166,55
509,21,57371,44
510,21,13043,45
511,21,92545,53
512,21,8295,58
513,21,14307,44
514,21,2531,57
515,21,28071,54
516,21,44402,48
517,21,4412,53
518,21,59729,52
519,21,4860,43
520,21,9601,54
521,21,3104,44
522,21,10726,44
523,21,18014,73
524,21,6083,54
525,21,49240,62
526,21,165026,41
527,21,856,50
528,21,4010,50
529,21,303243,48
530,21,1777,43
531,21,2051,44
532,21,2069,42
533,21,1861,45
534,21,107436,45
535,21,6752,45
536,21,17567,40
537,21,7327,45
538,21,7975,44
539,21,1046,45
540,21,16671,45
541,21,43368,45
542,21,14755,40
543,21,37868,40
544,21,3728,45
545,21,7223,40
546,21,38984,40
547,21,6120,45
548,21,10285,40
549,21,144188,40
550,21,684,45
551,21,4859,40
552,21,5354,40
553,21,128080,41
554,21,3515,50
555,21,1328,43
556,21,25885,40
557,21,339,45
558,21,13110,40
559,21,3638,45
560,21,1482,45
561,21,2141,45
562,21,4925,40
563,21,422,45
564,21,305,45
565,21,244,45
566,21,353,45
567,21,969,45
568,21,456,45
569,21,269,45
570,21,1748,45
571,21,208,45
572,21,1630,40
573,21,3793,40
574,21,156,45
575,21,1974,40
576,21,576,45
577,21,1416,40
578,21,2498,40
579,21,1040,40
580,21,115,45
581,21,536,45
582,21,5294,40
583,21,622,40
584,21,47,45
585,21,133,45
586,21,4034,40
587,21,431,40
588,21,0,45
589,21,0,40
1,22,23892,52
2,22,16418,54
3,22,42497,52
4,22,196200,46
5,22,112350,49
6,22,18557,50
7,22,5664,50
8,22,3197,44
9,22,1605,45
10,22,7575,45
11,22,1381989,108
12,22,126913,93
13,22,40272,43
14,22,391318,50
15,22,89457,72
16,22,56686,68
17,22,69614,56
18,22,44664,51
19,22,94598,47
20,22,49820,43
21,22,453434,44
22,22,72179,42
23,22,4269,43
24,22,17099,43
25,22,4758,44
26,22,6628,54
27,22,19235,43
28,22,13269,57
29,22,1358593,64
30,22,70448,55
31,22,252415,55
32,22,775,49
33,22,2484,45
34,22,17436,43
35,22,32440,44
36,22,10446,58
37,22,73172,48
38,22,50036,44
39,22,7836,43
40,22,4029,44
41,22,7808,43
42,22,1027330,48
43,22,876,44
44,22,52664,55
45,22,5591,52
46,22,27128,48
47,22,1283462,48
48,22,1457889,40
49,22,38619,64
50,22,10763,58
51,22,164,54
52,22,654,54
53,22,1243,50
54,22,25273,49
55,22,13164,46
56,22,15776,43
57,22,153094,44
58,22,19217,50
59,22,471675,48
60,22,5654,43
61,22,60151,43
62,22,2468,44
63,22,31371,43
64,22,3395,44
65,22,1017958,44
66,22,579478,39
67,22,343900,74
68,22,262523,61
69,22,24424,52
70,22,248089,48
71,22,35045,43
72,22,57322,42
73,22,18622,43
74,22,11046,43
75,22,205865,69
76,22,6868,63
77,22,812,59
78,22,11011,46
79,22,3130,50
80,22,2546,47
81,22,8866,49
82,22,9835,48
83,22,60886,50
84,22,290532,51
85,22,30688,42
86,22,16280,43
87,22,61015,42
88,22,8190,43
89,22,176857,39
90,22,192947,62
91,22,65811,62
92,22,3997,53
93,22,960036,47
94,22,300817,45
95,22,82281,42
96,22,31517,59
97,22,39224,60
98,22,3699,55
99,22,258,55
100,22,7932,54
101,22,27035,54
102,22,12608,49
103,22,157553,60
104,22,21750,60
105,22,373528,58
106,22,359726,57
107,22,57211,55
108,22,41480,49
109,22,11841,43
110,22,74001,66
111,22,377245,55
112,22,14935,48
113,22,472304,72
114,22,84306,68
115,22,3716,63
116,22,35298,53
117,22,91596,56
118,22,231396,49
119,22,334645,50
120,22,45238,44
121,22,1258,44
122,22,1043175,53
123,22,352506,55
124,22,61432,50
125,22,5620,50
126,22,78657,43
127,22,11019,43
128,22,2306467,44
129,22,37436,57
130,22,162907,44
131,22,223516,51
132,22,43280,43
133,22,743774,68
134,22,156754,67
135,22,74133,56
136,22,5983,52
137,22,6551,55
138,22,48735,52
139,22,17123,49
140,22,8147,43
141,22,862158,57
142,22,152939,53
143,22,152962,53
144,22,84853,53
145,22,13243,49
146,22,8407,57
147,22,513848,59
148,22,525468,53
149,22,575745,40
150,22,894286,80
151,22,191931,73
152,22,45300,64
153,22,28831,62
154,22,11201,53
155,22,459,50
156,22,1298,50
157,22,40793,44
158,22,45603,44
159,22,1100445,64
160,22,712770,52
161,22,811636,57
162,22,517871,53
163,22,27247,43
164,22,1456270,51
165,22,47790,41
166,22,3647189,100
167,22,27575,57
168,22,1163440,54
169,22,6501,43
170,22,12127,43
171,22,1975285,77
172,22,41255,59
173,22,2199,52
174,22,11789,52
175,22,18904,51
176,22,171651,50
177,22,10711,43
178,22,23347,43
179,22,75678,43
180,22,67231,43
181,22,1413313,70
182,22,2806209,75
183,22,2922685,64
184,22,200602,52
185,22,87087,52
186,22,15509,53
187,22,656172,93
188,22,191325,52
189,22,646893,60
190,22,2488,45
191,22,1838831,123
192,22,2923945,123
193,22,27510,62
194,22,17519,63
195,22,9208,58
196,22,25349,58
197,22,71745,54
198,22,76813,54
199,22,163002,54
200,22,41554,53
201,22,410,45
202,22,142010,63
203,22,849309,58
204,22,68878,55
205,22,13915,53
206,22,187177,52
207,22,72958,53
208,22,170632,50
209,22,3191,50
210,22,834190,117
211,22,203516,95
212,22,865688,60
213,22,26322,48
214,22,1658006,118
215,22,3786619,106
216,22,16709,93
217,22,392304,84
218,22,651335,78
219,22,327513,74
220,22,22953,51
221,22,50804,52
222,22,93970,52
223,22,9127,52
224,22,26010,54
225,22,95385,53
226,22,44821,54
227,22,9401,48
228,22,2309,49
229,22,5785,49
230,22,3369,49
231,22,10898,48
232,22,23233,85
233,22,2193838,92
234,22,864513,43
235,22,877748,54
236,22,12941,47
237,22,7390,48
238,22,226236,84
239,22,977845,79
240,22,28635,68
241,22,56314,63
242,22,23629,62
243,22,650448,61
244,22,16421,53
245,22,6501,48
246,22,35975,49
247,22,22589,48
248,22,93005,50
249,22,53000,43
250,22,18352,43
251,22,10331,53
252,22,95155,50
253,22,7287,44
254,22,47594,44
255,22,16107,44
256,22,17995,43
257,22,896,44
258,22,168584,42
259,22,20393,43
260,22,6312,51
261,22,1926,50
262,22,100302,50
263,22,8595,43
264,22,61148,40
265,22,446880,60
266,22,32395,58
267,22,8940,53
268,22,3598,47
269,22,89974,51
270,22,20275,50
271,22,258279,43
272,22,2097,43
273,22,11690,44
274,22,78144,43
275,22,2937,44
276,22,17806,45
277,22,149694,40
278,22,999320,65
279,22,3101,52
280,22,162360,45
281,22,517892,40
282,22,5157,62
283,22,63115,60
284,22,5150,53
285,22,5010,51
286,22,11692,49
287,22,1745327,49
288,22,15279,43
289,22,28220,45
290,22,44836,44
291,22,169583,51
292,22,7087,42
293,22,166985,46
294,22,845014,50
295,22,69784,45
296,22,187489,39
297,22,3455076,51
298,22,21706,56
299,22,8485,43
300,22,1355,52
301,22,175674,49
302,22,24814,49
303,22,16579,54
304,22,171668,47
305,22,48902,48
306,22,10665,46
307,22,52268,44
308,22,86962,43
309,22,80401,44
310,22,19172,42
311,22,117931,39
312,22,3463,60
313,22,1544123,67
314,22,13697,49
315,22,132989,46
316,22,2387,45
317,22,23672,43
318,22,121896,43
319,22,119779,43
320,22,46276,62
321,22,129072,59
322,22,1804,53
323,22,6245,52
324,22,3817,47
325,22,29861,48
326,22,1629,44
327,22,24302,44
328,22,118696,43
329,22,8778,53
330,22,139573,52
331,22,369319,54
332,22,94624,53
333,22,66774,53
334,22,9779,55
335,22,3073,49
336,22,458503,51
337,22,38792,44
338,22,829756,109
339,22,5331,45
340,22,239378,53
341,22,288253,46
342,22,455973,98
343,22,201511,86
344,22,708220,87
345,22,355868,71
346,22,82657,57
347,22,18312,52
348,22,7236,48
349,22,121904,49
350,22,13756,49
351,22,1025,45
352,22,36119,43
353,22,51592,46
354,22,39007,43
355,22,4479,43
356,22,12433,42
357,22,58110,42
358,22,143589,43
359,22,52535,41
360,22,24998,39
361,22,80068,40
362,22,76918,62
363,22,204450,61
364,22,26505,56
365,22,25876,48
366,22,254868,48
367,22,8753,43
368,22,74365,56
369,22,45444,56
370,22,23822,54
371,22,7814,48
372,22,1402,48
373,22,21708,48
374,22,15885,44
375,22,6452,44
376,22,94368,47
377,22,109366,45
378,22,34067,42
379,22,34052,42
380,22,42739,45
381,22,158424,44
382,22,35731,43
383,22,347886,39
384,22,94957,39
385,22,5256,70
386,22,26214,60
387,22,65442,43
388,22,217778,49
389,22,52101,69
390,22,227978,66
391,22,52149,62
392,22,72471,53
393,22,29560,52
394,22,14712,47
395,22,105775,47
396,22,51233,50
397,22,30941,43
398,22,4509,44
399,22,35204,60
400,22,2754,45
401,22,367650,61
402,22,80298,54
403,22,121255,50
404,22,23219,49
405,22,148473,48
406,22,18766,42
407,22,65472,44
408,22,160381,40
409,22,1408421,75
410,22,214335,61
411,22,766518,52
412,22,28760,43
413,22,43919,40
414,22,347419,53
415,22,407903,54
416,22,3747,47
417,22,1275191,57
418,22,1231,49
419,22,691,49
420,22,702244,44
421,22,25116,58
422,22,21095,52
423,22,53336,45
427,22,18004,43
428,22,82377,56
429,22,6833,44
430,22,5907,47
431,22,367669,70
432,22,75526,53
433,22,7360,48
434,22,4216,53
435,22,3702,51
436,22,6492,44
437,22,23376,53
438,22,6018,52
439,22,11364,48
440,22,14741,47
441,22,4949,51
442,22,174669,58
443,22,80589,54
444,22,27326,42
445,22,209480,45
446,22,7686,43
447,22,369801,43
448,22,391089,63
449,22,22362,44
450,22,30706,44
451,22,15274,57
452,22,6692,43
453,22,19466,50
454,22,8537,44
455,22,37630,45
456,22,6400,46
457,22,177502,70
458,22,49315,44
459,22,149330,47
460,22,2469411,78
461,22,34662,66
462,22,2431,53
463,22,1400882,63
464,22,35117,42
465,22,88374,52
466,22,62277,55
467,22,61702,44
468,22,517075,50
469,22,230280,52
470,22,265865,44
471,22,709882,49
472,22,2413,47
473,22,17602,47
474,22,6805,43
475,22,18343,45
476,22,10381,50
477,22,10662,43
478,22,79682,44
479,22,20876,43
480,22,22486,43
481,22,8292,44
482,22,9085,44
483,22,572,48
484,22,61252,39
485,22,2754,43
486,22,16938,48
487,22,37721,55
488,22,180384,91
489,22,8981,53
490,22,13333,48
491,22,63186,44
492,22,2088,58
493,22,49982,44
494,22,445314,47
495,22,5469,44
496,22,104139,64
497,22,2146,48
498,22,169477,46
499,22,2214,48
500,22,17447,54
501,22,10586,57
502,22,161856,58
503,22,80053,44
504,22,110248,45
505,22,159191,59
506,22,19350,50
507,22,7148,45
508,22,6891,55
509,22,56715,44
510,22,12704,45
511,22,155494,54
512,22,8250,58
513,22,14467,44
514,22,2548,57
515,22,26545,53
516,22,48146,48
517,22,4354,53
518,22,59419,52
519,22,4884,43
520,22,8921,54
521,22,3110,44
522,22,10633,44
523,22,18013,73
524,22,5942,54
525,22,79867,62
526,22,160794,41
527,22,847,50
528,22,7673,50
529,22,265716,47
530,22,1797,43
531,22,2107,44
532,22,2128,42
533,22,1784,45
534,22,102947,44
535,22,6712,45
536,22,17842,40
537,22,8057,45
538,22,9673,44
539,22,1051,45
540,22,15397,45
541,22,40620,45
542,22,13169,40
543,22,40238,40
544,22,6138,45
545,22,7180,40
546,22,37876,40
547,22,6074,45
548,22,11100,40
549,22,170941,40
550,22,696,45
551,22,5286,40
552,22,5454,40
553,22,121974,41
554,22,3353,50
555,22,1445,43
556,22,29111,40
557,22,332,45
558,22,13967,40
559,22,3733,45
560,22,1501,45
561,22,2339,45
562,22,5657,40
563,22,445,45
564,22,347,45
565,22,257,45
566,22,413,45
567,22,1101,45
568,22,446,45
569,22,358,45
570,22,1974,45
571,22,247,45
572,22,1902,40
573,22,5116,40
574,22,228,45
575,22,2394,40
576,22,572,44
577,22,1804,40
578,22,3092,40
579,22,1325,40
580,22,170,45
581,22,707,45
582,22,8613,40
583,22,1077,40
584,22,100,45
585,22,325,45
586,22,4951,40
587,22,1129,40
588,22,51,45
589,22,225,40
590,22,8297,65
591,22,217,45
592,22,296,50
593,22,0,40
594,22,0,40
595,22,0,45
596,22,0,40
597,22,0,40
598,22,0,45
599,22,0,40
600,22,0,45
1,23,23827,52
2,23,15934,54
3,23,41696,52
4,23,200122,46
5,23,116460,49
6,23,18443,50
7,23,5653,50
8,23,3096,44
9,23,1596,45
10,23,7687,45
11,23,988382,107
12,23,174110,93
13,23,40511,43
14,23,398622,50
15,23,89406,72
16,23,56495,68
17,23,67668,56
18,23,46222,51
19,23,88896,47
20,23,47786,43
21,23,438945,44
22,23,70497,42
23,23,4301,43
24,23,16896,43
25,23,4837,44
26,23,6345,54
27,23,19857,43
28,23,12610,57
29,23,1450069,65
30,23,72906,55
31,23,230283,55
32,23,774,49
33,23,2442,45
34,23,17143,43
35,23,31402,44
36,23,10511,58
37,23,72712,48
38,23,55527,44
39,23,8823,43
40,23,4038,44
41,23,7781,43
42,23,1098403,48
43,23,855,44
44,23,52510,54
45,23,5552,52
46,23,26768,48
47,23,1354628,49
48,23,1463376,39
49,23,38637,64
50,23,13009,58
51,23,165,54
52,23,655,54
53,23,1289,50
54,23,25391,48
55,23,13106,46
56,23,14725,43
57,23,149989,44
58,23,19037,50
59,23,471078,48
60,23,5569,43
61,23,54399,43
62,23,2651,44
63,23,31138,43
64,23,3339,44
65,23,933331,44
66,23,568017,40
67,23,338913,74
68,23,253815,61
69,23,24514,52
70,23,218268,47
71,23,36428,43
72,23,56637,42
73,23,18516,43
74,23,12215,42
75,23,202817,69
76,23,6839,63
77,23,690,59
78,23,11082,46
79,23,3220,50
80,23,2569,47
81,23,8249,49
82,23,9779,48
83,23,58344,50
84,23,259941,51
85,23,30384,42
86,23,15289,43
87,23,58964,42
88,23,8195,43
89,23,187726,39
90,23,181504,62
91,23,61281,62
92,23,4013,53
93,23,918844,46
94,23,255775,44
95,23,81682,42
96,23,31171,59
97,23,35522,60
98,23,3353,55
99,23,260,55
100,23,7822,54
101,23,26644,54
102,23,12400,49
103,23,152960,60
104,23,23899,60
105,23,417762,58
106,23,363734,57
107,23,56085,55
108,23,42055,49
109,23,11760,43
110,23,74142,66
111,23,377426,55
112,23,14922,48
113,23,510240,72
114,23,84048,68
115,23,3718,63
116,23,52793,53
117,23,91649,56
118,23,261739,49
119,23,308217,50
120,23,45941,44
121,23,1257,44
122,23,1022721,53
123,23,331086,55
124,23,53874,50
125,23,5380,50
126,23,75301,43
127,23,10948,43
128,23,2222070,44
129,23,36767,57
130,23,159734,44
131,23,195379,51
132,23,42854,43
133,23,686283,68
134,23,146992,67
135,23,72066,56
136,23,5862,52
137,23,6247,54
138,23,46921,52
139,23,17740,49
140,23,9188,43
141,23,925165,57
142,23,150111,53
143,23,152882,53
144,23,84151,53
145,23,12950,49
146,23,8835,57
147,23,521288,59
148,23,537866,53
149,23,568819,40
150,23,837297,81
151,23,185900,73
152,23,46815,64
153,23,29807,62
154,23,11218,53
155,23,459,50
156,23,1293,50
157,23,41368,43
158,23,45180,44
159,23,1033265,64
160,23,705218,52
161,23,767693,57
162,23,511460,53
163,23,26537,43
164,23,1421253,51
165,23,45791,41
166,23,3734531,101
167,23,26414,57
168,23,1189621,54
169,23,6504,43
170,23,12063,43
171,23,1932468,77
172,23,38590,59
173,23,2195,52
174,23,11688,51
175,23,18825,51
176,23,145699,50
177,23,10582,43
178,23,21522,43
179,23,74717,43
180,23,72248,43
181,23,1465772,70
182,23,2890840,75
183,23,2959715,64
184,23,256745,52
185,23,86048,52
186,23,15005,53
187,23,810469,94
188,23,187817,52
189,23,689116,61
190,23,2492,45
191,23,1891529,123
192,23,2935873,124
193,23,28953,62
194,23,17643,63
195,23,9294,58
196,23,19528,58
197,23,70852,54
198,23,81144,54
199,23,163405,54
200,23,38377,53
201,23,407,45
202,23,141807,63
203,23,826665,57
204,23,82641,55
205,23,13941,53
206,23,183105,52
207,23,75745,53
208,23,161531,50
209,23,3194,50
210,23,1165734,118
211,23,244561,95
212,23,868918,60
213,23,24198,48
214,23,1547088,118
215,23,3898669,107
216,23,16681,93
217,23,691686,85
218,23,640885,78
219,23,341553,74
220,23,22802,51
221,23,51408,52
222,23,93710,52
223,23,9108,52
224,23,25399,54
225,23,93309,53
226,23,42561,54
227,23,9338,48
228,23,2320,49
229,23,5817,49
230,23,3359,49
231,23,10900,48
232,23,23211,85
233,23,1732192,91
234,23,903731,43
235,23,862696,54
236,23,13031,47
237,23,7414,48
238,23,217287,84
239,23,921077,79
240,23,28589,68
241,23,54595,63
242,23,28183,62
243,23,567585,60
244,23,16671,53
245,23,6573,48
246,23,35156,49
247,23,23245,48
248,23,83054,49
249,23,51326,43
250,23,18183,43
251,23,10612,53
252,23,91875,50
253,23,6477,44
254,23,44532,44
255,23,15263,44
256,23,14684,43
257,23,919,44
258,23,168488,42
259,23,20033,43
260,23,6118,51
261,23,1912,50
262,23,100698,50
263,23,8578,43
264,23,60462,40
265,23,450817,61
266,23,45320,58
267,23,8806,53
268,23,3549,47
269,23,73345,50
270,23,20586,50
271,23,273828,43
272,23,2035,43
273,23,11415,44
274,23,79082,43
275,23,3079,44
276,23,17772,45
277,23,146613,40
278,23,939967,65
279,23,2940,52
280,23,166219,45
281,23,517174,40
282,23,5212,62
283,23,68560,60
284,23,5094,53
285,23,4983,51
286,23,11603,49
287,23,1849383,49
288,23,15982,43
289,23,27039,45
290,23,44208,44
291,23,170495,51
292,23,7080,42
293,23,179871,46
294,23,843483,51
295,23,80281,45
296,23,175613,39
297,23,3486595,51
298,23,21575,56
299,23,8519,43
300,23,1349,52
301,23,238388,49
302,23,24388,49
303,23,15995,54
304,23,165882,47
305,23,50162,48
306,23,10439,46
307,23,55988,44
308,23,136277,43
309,23,69146,44
310,23,19059,42
311,23,124811,39
312,23,3456,60
313,23,2055116,69
314,23,13623,49
315,23,135461,46
316,23,2314,45
317,23,23386,43
318,23,204624,44
319,23,115639,43
320,23,47424,62
321,23,126554,58
322,23,1797,53
323,23,9081,52
324,23,3785,47
325,23,30610,48
326,23,1638,44
327,23,23876,44
328,23,118845,43
329,23,8681,53
330,23,132603,52
331,23,363829,53
332,23,94665,53
333,23,66805,53
334,23,9780,55
335,23,3097,49
336,23,431175,50
337,23,38431,44
338,23,703286,109
339,23,5284,45
340,23,236923,53
341,23,299436,46
342,23,554956,98
343,23,199717,86
344,23,545886,86
345,23,370134,71
346,23,84313,57
347,23,18595,52
348,23,7292,48
349,23,107367,49
350,23,13810,49
351,23,1026,45
352,23,40027,43
353,23,51121,46
354,23,38360,43
355,23,5228,43
356,23,17114,42
357,23,45150,42
358,23,173799,43
359,23,49809,41
360,23,24248,39
361,23,79210,39
362,23,102722,62
363,23,203168,61
364,23,26548,56
365,23,25707,48
366,23,284942,49
367,23,8726,43
368,23,144555,56
369,23,46056,56
370,23,22597,53
371,23,7624,48
372,23,1396,48
373,23,22464,48
374,23,17167,44
375,23,6375,44
376,23,99546,47
377,23,112200,45
378,23,34934,42
379,23,34915,42
380,23,33886,45
381,23,152986,44
382,23,39093,43
383,23,359304,39
384,23,102356,39
385,23,5249,70
386,23,26104,60
387,23,64193,43
388,23,168214,49
389,23,49594,69
390,23,221048,66
391,23,53433,62
392,23,65521,53
393,23,32639,52
394,23,14464,47
395,23,112156,47
396,23,77373,50
397,23,32972,43
398,23,4507,44
399,23,32908,60
400,23,2725,45
401,23,343344,61
402,23,77042,54
403,23,116249,50
404,23,22844,49
405,23,145091,48
406,23,17617,42
407,23,60751,44
408,23,158543,40
409,23,1222845,75
410,23,196606,61
411,23,731632,52
412,23,28658,43
413,23,43630,40
414,23,341911,52
415,23,421043,54
416,23,3843,47
417,23,1205756,57
418,23,1244,49
419,23,686,49
420,23,754082,44
421,23,30888,58
422,23,20904,52
423,23,56607,45
427,23,18002,43
428,23,73525,55
429,23,6728,44
430,23,6104,46
431,23,306989,69
432,23,72506,53
433,23,7335,48
434,23,4159,53
435,23,3586,51
436,23,6418,43
437,23,23565,53
438,23,5865,52
439,23,11680,48
440,23,14201,47
441,23,4953,51
442,23,170122,58
443,23,80435,54
444,23,26832,42
445,23,205506,45
446,23,6887,43
447,23,350528,43
448,23,356450,63
449,23,22353,44
450,23,29498,44
451,23,14625,57
452,23,6637,43
453,23,19082,50
454,23,8555,44
455,23,35895,45
456,23,6382,46
457,23,183841,70
458,23,46105,44
459,23,138744,47
460,23,2567115,79
461,23,34477,66
462,23,2416,53
463,23,1308688,62
464,23,35238,42
465,23,86501,52
466,23,61742,55
467,23,55447,44
468,23,547923,50
469,23,227827,52
470,23,264192,44
471,23,770739,49
472,23,2461,47
473,23,17494,46
474,23,6789,43
475,23,15742,45
476,23,10346,50
477,23,10671,43
478,23,127513,44
479,23,20580,43
480,23,21977,43
481,23,8040,44
482,23,8873,44
483,23,571,48
484,23,56946,39
485,23,2682,43
486,23,19185,48
487,23,36309,55
488,23,179568,91
489,23,9139,53
490,23,13171,48
491,23,60646,44
492,23,2057,58
493,23,57943,44
494,23,341959,47
495,23,5478,44
496,23,103733,64
497,23,2128,48
498,23,158700,46
499,23,2257,48
500,23,17133,54
501,23,13772,57
502,23,182337,59
503,23,80460,44
504,23,119541,45
505,23,150234,59
506,23,48196,50
507,23,7104,45
508,23,6995,55
509,23,56886,43
510,23,12233,45
511,23,173809,54
512,23,8195,58
513,23,14572,44
514,23,2576,57
515,23,25541,53
516,23,43974,48
517,23,5698,53
518,23,60360,52
519,23,4824,43
520,23,8411,54
521,23,3060,44
522,23,10559,44
523,23,19501,73
524,23,5833,54
525,23,109140,62
526,23,155878,41
527,23,843,50
528,23,9110,50
529,23,220101,46
530,23,1813,43
531,23,2115,44
532,23,2178,42
533,23,1793,45
534,23,95188,44
535,23,6664,45
536,23,17363,40
537,23,8431,45
538,23,9916,44
539,23,1294,45
540,23,15118,45
541,23,38381,45
542,23,12187,40
543,23,41263,40
544,23,5092,45
545,23,6535,40
546,23,37284,40
547,23,5945,45
548,23,11561,40
549,23,291901,41
550,23,715,45
551,23,5547,40
552,23,4958,40
553,23,140483,41
554,23,3137,50
555,23,1515,43
556,23,31116,40
557,23,329,45
558,23,14382,40
559,23,3874,45
560,23,1565,45
561,23,2428,45
562,23,5819,40
563,23,513,45
564,23,370,45
565,23,286,45
566,23,474,45
567,23,1235,45
568,23,377,45
569,23,393,45
570,23,2060,45
571,23,277,45
572,23,1593,40
573,23,5887,40
574,23,279,45
575,23,3252,40
576,23,443,44
577,23,2042,40
578,23,3610,40
579,23,1534,40
580,23,209,45
581,23,790,45
582,23,10459,40
583,23,31844,40
584,23,134,45
585,23,355,45
586,23,5118,40
587,23,1781,40
588,23,105,45
589,23,279,40
590,23,7565,65
591,23,399,45
592,23,559,50
593,23,280,40
594,23,374,40
595,23,101,45
596,23,263,40
597,23,495,40
598,23,151,45
599,23,335,40
600,23,74,45
601,23,562,50
602,23,98,45
603,23,10237,45
604,23,143,50
605,23,1734,50
606,23,2428,45
607,23,132,40
608,23,0,45
609,23,0,45
1,24,23904,51
2,24,16288,54
3,24,39040,52
4,24,195567,46
5,24,105853,49
6,24,18390,50
7,24,5643,50
8,24,3031,44
9,24,1592,45
10,24,7652,45
11,24,935720,107
12,24,155956,93
13,24,44709,43
14,24,381090,50
15,24,81530,72
16,24,56361,68
17,24,66860,56
18,24,45935,51
19,24,89759,47
20,24,46288,43
21,24,428224,43
22,24,68286,42
23,24,4278,43
24,24,16727,43
25,24,4925,44
26,24,6201,54
27,24,18002,43
28,24,11996,57
29,24,1730737,66
30,24,72780,55
31,24,220639,55
32,24,772,49
33,24,2424,45
34,24,16928,43
35,24,30569,44
36,24,10532,58
37,24,71125,48
38,24,52365,44
39,24,9628,43
40,24,4034,44
41,24,7737,43
42,24,1089342,48
43,24,851,44
44,24,52519,54
45,24,5532,52
46,24,26625,47
47,24,1310387,49
48,24,1512090,39
49,24,36845,63
50,24,10881,58
51,24,171,54
52,24,660,54
53,24,1278,50
54,24,25231,48
55,24,13055,46
56,24,14011,43
57,24,146730,44
58,24,16977,50
59,24,472733,48
60,24,5538,43
61,24,52100,43
62,24,2623,44
63,24,30918,43
64,24,3328,44
65,24,852645,43
66,24,553983,40
67,24,335507,74
68,24,250144,61
69,24,24228,52
70,24,203466,47
71,24,39552,43
72,24,55873,42
73,24,18398,43
74,24,12199,42
75,24,200672,69
76,24,6825,63
77,24,652,59
78,24,10963,46
79,24,3168,50
80,24,2581,47
81,24,7301,49
82,24,9670,48
83,24,57244,50
84,24,236986,51
85,24,29350,42
86,24,14641,43
87,24,56930,42
88,24,8227,43
89,24,205793,39
90,24,176510,62
91,24,63684,62
92,24,4010,53
93,24,918443,46
94,24,234806,44
95,24,81272,42
96,24,31038,59
97,24,33527,60
98,24,3327,55
99,24,259,55
100,24,7724,54
101,24,29873,54
102,24,12283,49
103,24,151959,60
104,24,23643,60
105,24,418003,58
106,24,360096,57
107,24,55490,55
108,24,42337,49
109,24,11727,43
110,24,74165,66
111,24,364530,55
112,24,14900,48
113,24,443726,72
114,24,83832,68
115,24,3719,63
116,24,52805,53
117,24,91407,56
118,24,262966,49
119,24,305132,50
120,24,46032,44
121,24,1265,44
122,24,1017565,53
123,24,320435,55
124,24,52345,50
125,24,5282,50
126,24,74544,43
127,24,10945,43
128,24,2150962,44
129,24,36481,57
130,24,158592,44
131,24,187209,51
132,24,42502,43
133,24,716987,68
134,24,143579,67
135,24,71157,56
136,24,5814,52
137,24,6113,54
138,24,46189,52
139,24,21007,49
140,24,9706,43
141,24,949047,58
142,24,150168,53
143,24,147662,53
144,24,84184,53
145,24,12830,49
146,24,24895,57
147,24,716299,60
148,24,537723,53
149,24,559359,40
150,24,583241,81
151,24,178824,73
152,24,47142,64
153,24,29887,62
154,24,11394,53
155,24,459,50
156,24,1294,50
157,24,48865,43
158,24,44811,44
159,24,950361,63
160,24,711685,52
161,24,690356,56
162,24,488481,53
163,24,26623,43
164,24,1323921,51
165,24,45959,41
166,24,3475241,100
167,24,25385,57
168,24,1148181,54
169,24,6505,43
170,24,12028,43
171,24,1801565,77
172,24,43864,59
173,24,2190,52
174,24,11649,51
175,24,18665,51
176,24,138157,50
177,24,10542,43
178,24,20788,43
179,24,75463,43
180,24,71140,43
181,24,1532185,70
182,24,3073147,76
183,24,3177803,64
184,24,327567,52
185,24,86118,52
186,24,14725,53
187,24,1199018,95
188,24,188928,52
189,24,783914,61
190,24,2487,45
191,24,2229655,124
192,24,3098989,124
193,24,35219,62
194,24,17592,63
195,24,9482,58
196,24,17746,58
197,24,71475,54
198,24,97240,54
199,24,181930,54
200,24,37094,53
201,24,400,45
202,24,141630,63
203,24,791925,57
204,24,76364,55
205,24,14555,53
206,24,180345,52
207,24,74289,53
208,24,150316,50
209,24,3190,50
210,24,1442653,119
211,24,230546,95
212,24,850951,60
213,24,23401,48
214,24,1391944,117
215,24,3712642,107
216,24,16636,93
217,24,665349,85
218,24,628397,78
219,24,335828,74
220,24,22335,51
221,24,50649,52
222,24,93295,52
223,24,9101,52
224,24,24053,54
225,24,92623,53
226,24,43429,54
227,24,9280,48
228,24,2493,49
229,24,5859,49
230,24,3355,49
231,24,10943,48
232,24,23181,85
233,24,1069223,90
234,24,986909,44
235,24,859975,54
236,24,13088,47
237,24,7432,48
238,24,215396,83
239,24,1018269,79
240,24,28515,68
241,24,54709,63
242,24,30277,62
243,24,543989,60
244,24,18522,53
245,24,6601,48
246,24,36851,49
247,24,23704,48
248,24,79012,49
249,24,50069,43
250,24,18038,43
251,24,11828,53
252,24,91453,50
253,24,5907,44
254,24,54931,44
255,24,14442,44
256,24,13096,43
257,24,894,44
258,24,183104,42
259,24,20798,43
260,24,6029,51
261,24,1914,50
262,24,107633,50
263,24,8554,43
264,24,59561,40
265,24,438674,61
266,24,49724,58
267,24,8681,53
268,24,3516,47
269,24,69539,50
270,24,20397,50
271,24,312110,43
272,24,2026,43
273,24,11164,44
274,24,78262,43
275,24,3073,44
276,24,17373,45
277,24,146370,40
278,24,947522,65
279,24,2882,52
280,24,163877,45
281,24,509995,40
282,24,5095,62
283,24,63283,60
284,24,4970,53
285,24,4945,51
286,24,11497,49
287,24,1762975,50
288,24,16130,43
289,24,26193,45
290,24,43735,44
291,24,163191,51
292,24,7071,42
293,24,179422,46
294,24,784663,51
295,24,82698,45
296,24,172655,39
297,24,3405066,51
298,24,21518,56
299,24,8502,43
300,24,1339,52
301,24,325105,50
302,24,23794,49
303,24,14390,54
304,24,162069,46
305,24,49809,48
306,24,10313,46
307,24,54842,44
308,24,150680,44
309,24,66132,44
310,24,18855,42
311,24,138644,39
312,24,3454,60
313,24,2164068,70
314,24,13529,49
315,24,145711,46
316,24,2303,45
317,24,23206,43
318,24,218805,44
319,24,112807,43
320,24,47176,62
321,24,124557,58
322,24,1789,53
323,24,9152,52
324,24,3779,47
325,24,30544,48
326,24,1632,44
327,24,23542,44
328,24,117105,43
329,24,8622,53
330,24,132427,52
331,24,369761,53
332,24,93898,53
333,24,65899,53
334,24,9784,55
335,24,3114,49
336,24,451242,50
337,24,38330,44
338,24,680812,108
339,24,5281,45
340,24,235608,53
341,24,356463,46
342,24,577906,99
343,24,198322,86
344,24,439986,85
345,24,380314,71
346,24,87004,57
347,24,18714,52
348,24,7288,48
349,24,102474,49
350,24,13704,49
351,24,1020,45
352,24,43044,43
353,24,50890,46
354,24,36226,43
355,24,6792,43
356,24,25754,42
357,24,38441,42
358,24,246635,43
359,24,46513,41
360,24,23882,39
361,24,81366,39
362,24,122451,62
363,24,213562,61
364,24,26436,56
365,24,25680,48
366,24,382993,49
367,24,8715,43
368,24,190259,56
369,24,46377,56
370,24,21901,53
371,24,7551,48
372,24,1390,48
373,24,23359,48
374,24,18795,44
375,24,6349,44
376,24,121950,47
377,24,135455,45
378,24,35475,42
379,24,36463,42
380,24,29758,44
381,24,160082,44
382,24,36572,43
383,24,373895,39
384,24,110734,39
385,24,5261,70
386,24,26051,60
387,24,65026,43
388,24,155028,49
389,24,49328,69
390,24,207896,66
391,24,64365,62
392,24,62592,53
393,24,111699,52
394,24,14325,47
395,24,124193,47
396,24,182393,50
397,24,34688,43
398,24,4523,44
399,24,35723,60
400,24,2696,45
401,24,307266,61
402,24,74747,54
403,24,109617,50
404,24,22546,49
405,24,143201,47
406,24,16172,42
407,24,52842,44
408,24,157200,40
409,24,1279627,75
410,24,190995,61
411,24,681385,51
412,24,28521,43
413,24,43219,40
414,24,334751,52
415,24,396091,54
416,24,3870,47
417,24,1277984,57
418,24,1249,49
419,24,681,49
420,24,750870,44
421,24,46840,58
422,24,20801,52
423,24,55883,45
427,24,17978,43
428,24,70372,55
429,24,6643,44
430,24,6205,46
431,24,290068,69
432,24,70484,53
433,24,7328,48
434,24,4189,53
435,24,3563,51
436,24,6414,43
437,24,23579,53
438,24,5642,52
439,24,13071,48
440,24,13987,47
441,24,4949,51
442,24,168708,58
443,24,78494,54
444,24,26510,42
445,24,201331,45
446,24,6430,43
447,24,334422,43
448,24,333691,62
449,24,22177,44
450,24,27286,44
451,24,14874,57
452,24,6652,43
453,24,18793,50
454,24,8758,44
455,24,34470,44
456,24,6328,46
457,24,265068,70
458,24,43357,44
459,24,127121,47
460,24,2329885,78
461,24,34438,66
462,24,2412,53
463,24,1190336,62
464,24,33927,42
465,24,84424,52
466,24,62951,55
467,24,52407,44
468,24,594642,50
469,24,226214,52
470,24,273246,44
471,24,750737,49
472,24,2446,47
473,24,17445,46
474,24,6662,43
475,24,14446,45
476,24,10344,50
477,24,10678,43
478,24,197105,45
479,24,20373,43
480,24,21783,43
481,24,7915,44
482,24,8728,44
483,24,568,48
484,24,55928,39
485,24,2671,43
486,24,22713,48
487,24,35826,55
488,24,173760,91
489,24,8214,53
490,24,13023,48
491,24,57107,44
492,24,2048,58
493,24,56546,44
494,24,320219,47
495,24,5492,44
496,24,103749,64
497,24,2117,48
498,24,115407,46
499,24,2283,48
500,24,20701,54
501,24,14206,57
502,24,197716,59
503,24,85136,44
504,24,146310,45
505,24,139594,58
506,24,44581,50
507,24,7053,45
508,24,7046,55
509,24,59451,43
510,24,11908,45
511,24,159175,54
512,24,8180,58
513,24,14629,44
514,24,2862,57
515,24,25157,53
516,24,43391,48
517,24,7442,53
518,24,60912,52
519,24,4975,43
520,24,7794,54
521,24,3096,44
522,24,10560,44
523,24,20321,73
524,24,5667,54
525,24,69331,62
526,24,144549,41
527,24,843,50
528,24,13093,50
529,24,182034,45
530,24,1804,42
531,24,2096,44
532,24,2190,42
533,24,1811,45
534,24,92573,44
535,24,6673,45
536,24,16248,40
537,24,8736,45
538,24,9429,44
539,24,1499,45
540,24,14715,45
541,24,41134,45
542,24,11704,40
543,24,40509,40
544,24,4188,45
545,24,6337,40
546,24,36312,40
547,24,5880,45
548,24,11754,40
549,24,363663,41
550,24,700,45
551,24,5577,40
552,24,4782,40
553,24,138923,41
554,24,2982,50
555,24,1582,43
556,24,31937,40
557,24,376,45
558,24,14319,40
559,24,3962,45
560,24,1586,45
561,24,2536,45
562,24,5940,40
563,24,583,45
564,24,395,45
565,24,304,45
566,24,475,45
567,24,1225,45
568,24,356,45
569,24,383,45
570,24,2179,45
571,24,298,45
572,24,1510,40
573,24,6200,40
574,24,321,45
575,24,3004,40
576,24,1639,43
577,24,2206,40
578,24,4087,40
579,24,1703,40
580,24,222,45
581,24,885,45
582,24,10804,40
583,24,111826,40
584,24,147,45
585,24,394,45
586,24,5267,40
587,24,2099,40
588,24,121,45
589,24,251,40
590,24,6773,65
591,24,436,45
592,24,637,50
593,24,464,40
594,24,678,40
595,24,169,45
596,24,486,40
597,24,944,40
598,24,272,45
599,24,618,40
600,24,175,45
601,24,11668,50
602,24,119,45
603,24,18885,45
604,24,300,50
605,24,2878,50
606,24,20818,45
607,24,731,40
608,24,48,45
609,24,181,45
610,24,0,40
1,25,23916,51
2,25,38685,54
3,25,37345,52
4,25,189613,46
5,25,105866,49
6,25,18277,50
7,25,5642,50
8,25,2953,44
9,25,1597,45
10,25,8042,45
11,25,1206479,107
12,25,157692,93
13,25,43582,43
14,25,384033,50
15,25,80818,72
16,25,56167,68
17,25,65940,56
18,25,46513,51
19,25,93682,47
20,25,44005,43
21,25,422120,43
22,25,66822,42
23,25,4213,43
24,25,16551,43
25,25,4927,44
26,25,6035,54
27,25,17462,43
28,25,11501,57
29,25,1916621,67
30,25,70268,55
31,25,209886,54
32,25,768,48
33,25,2404,45
34,25,16737,43
35,25,29736,44
36,25,10575,58
37,25,68293,48
38,25,48935,44
39,25,9733,43
40,25,4032,44
41,25,7634,42
42,25,1063229,48
43,25,849,44
44,25,52254,54
45,25,5506,52
46,25,26397,47
47,25,1243447,49
48,25,1517564,39
49,25,36074,63
50,25,9880,58
51,25,176,54
52,25,654,54
53,25,1288,50
54,25,24705,48
55,25,13013,46
56,25,13221,43
57,25,142820,44
58,25,17172,50
59,25,474456,48
60,25,5480,43
61,25,50187,43
62,25,2681,44
63,25,30734,43
64,25,3462,44
65,25,850720,43
66,25,541003,40
67,25,379495,74
68,25,245842,61
69,25,25870,52
70,25,192007,46
71,25,39536,43
72,25,55114,42
73,25,18232,43
74,25,12179,42
75,25,200641,69
76,25,6790,63
77,25,611,59
78,25,10849,46
79,25,3139,50
80,25,2596,47
81,25,6455,49
82,25,9544,48
83,25,62693,50
84,25,240601,51
85,25,30252,42
86,25,13704,43
87,25,59084,42
88,25,8259,43
89,25,195436,39
90,25,171001,62
91,25,136284,62
92,25,4026,53
93,25,1038155,46
94,25,218643,44
95,25,80898,42
96,25,30860,59
97,25,32948,60
98,25,3387,55
99,25,265,55
100,25,7762,54
101,25,31194,54
102,25,12269,49
103,25,151789,60
104,25,23879,60
105,25,448242,58
106,25,352941,57
107,25,55257,55
108,25,42536,49
109,25,11661,43
110,25,74182,66
111,25,352373,55
112,25,14954,48
113,25,400866,72
114,25,83664,68
115,25,3742,63
116,25,61785,53
117,25,91166,56
118,25,310573,49
119,25,303484,50
120,25,45738,44
121,25,1257,44
122,25,1000671,53
123,25,313556,55
124,25,48424,50
125,25,5171,50
126,25,74433,43
127,25,10907,43
128,25,2087365,44
129,25,36275,57
130,25,155838,44
131,25,175839,51
132,25,42165,43
133,25,724227,68
134,25,143435,67
135,25,70324,56
136,25,5841,52
137,25,5927,54
138,25,45437,52
139,25,19865,49
140,25,9267,43
141,25,969418,58
142,25,148560,53
143,25,145552,52
144,25,83395,53
145,25,12653,49
146,25,17266,57
147,25,839363,61
148,25,523187,53
149,25,549880,40
150,25,575746,81
151,25,175028,73
152,25,49619,64
153,25,30070,62
154,25,10972,53
155,25,457,50
156,25,1294,50
157,25,49296,43
158,25,44444,44
159,25,990372,63
160,25,705361,52
161,25,657605,56
162,25,465822,53
163,25,26139,43
164,25,1242378,50
165,25,44985,41
166,25,3004159,99
167,25,31083,57
168,25,1081054,54
169,25,6491,42
170,25,11988,43
171,25,1727773,76
172,25,70711,59
173,25,2183,52
174,25,11601,51
175,25,18476,51
176,25,137414,50
177,25,10399,43
178,25,19817,43
179,25,68402,43
180,25,68234,43
181,25,1538739,70
182,25,3178642,76
183,25,3265907,65
184,25,355311,53
185,25,85845,52
186,25,14675,53
187,25,1301942,96
188,25,195411,52
189,25,822029,61
190,25,2501,45
191,25,3010184,126
192,25,1801221,123
193,25,45823,62
194,25,17320,63
195,25,9145,58
196,25,17319,58
197,25,71796,54
198,25,117706,54
199,25,174898,54
200,25,36031,53
201,25,402,45
202,25,156746,63
203,25,789662,57
204,25,64267,55
205,25,14558,53
206,25,180531,52
207,25,73350,53
208,25,153131,50
209,25,3185,50
210,25,1729092,120
211,25,214246,95
212,25,847778,60
213,25,22969,48
214,25,1391263,117
215,25,3938348,107
216,25,16786,93
217,25,656354,85
218,25,620228,78
219,25,325261,74
220,25,21833,51
221,25,49031,52
222,25,90592,52
223,25,9094,52
224,25,23081,54
225,25,88017,53
226,25,43733,54
227,25,9205,48
228,25,2726,49
229,25,5991,49
230,25,3347,49
231,25,11103,48
232,25,23185,85
233,25,832478,89
234,25,941926,44
235,25,843381,54
236,25,13208,47
237,25,7474,48
238,25,213082,83
239,25,1000413,79
240,25,28474,68
241,25,54964,63
242,25,29423,62
243,25,508829,59
244,25,19438,53
245,25,6643,48
246,25,34865,49
247,25,23405,48
248,25,74545,49
249,25,48330,43
250,25,17750,43
251,25,17322,53
252,25,95265,50
253,25,6006,44
254,25,71282,44
255,25,13719,44
256,25,11978,43
257,25,3392,44
258,25,227013,42
259,25,21319,43
260,25,5888,51
261,25,1897,50
262,25,124192,50
263,25,8558,43
264,25,58303,40
265,25,658736,62
266,25,63484,58
267,25,8674,53
268,25,3476,47
269,25,59502,50
270,25,20453,50
271,25,343029,43
272,25,2006,43
273,25,10870,44
274,25,79615,43
275,25,3081,44
276,25,17158,44
277,25,147516,40
278,25,1027988,65
279,25,2808,52
280,25,165109,45
281,25,498634,40
282,25,5007,62
283,25,57368,60
284,25,4958,53
285,25,4912,51
286,25,11405,49
287,25,1636529,49
288,25,16075,43
289,25,25182,45
290,25,43233,44
291,25,183969,51
292,25,7069,42
293,25,200442,46
294,25,820017,51
295,25,95440,45
296,25,165960,39
297,25,3437167,51
298,25,21602,56
299,25,8482,43
300,25,1335,52
301,25,444584,50
302,25,23686,49
303,25,13092,54
304,25,157886,46
305,25,53244,48
306,25,10211,46
307,25,53454,44
308,25,206729,44
309,25,70949,44
310,25,18425,42
311,25,132301,39
312,25,3456,60
313,25,2080750,70
314,25,13585,49
315,25,139264,46
316,25,2282,45
317,25,22962,43
318,25,252136,44
319,25,110120,43
320,25,59874,62
321,25,119419,58
322,25,1780,53
323,25,9807,52
324,25,3762,47
325,25,30114,48
326,25,1636,44
327,25,22972,44
328,25,113692,43
329,25,8538,53
330,25,128324,52
331,25,360413,53
332,25,98000,53
333,25,64962,53
334,25,9791,55
335,25,3140,48
336,25,427939,50
337,25,39828,44
338,25,658361,108
339,25,5260,45
340,25,238809,53
341,25,235353,45
342,25,613590,99
343,25,191542,86
344,25,448692,85
345,25,348722,71
346,25,86007,57
347,25,18316,52
348,25,7291,48
349,25,97582,48
350,25,13618,48
351,25,1013,45
352,25,43867,43
353,25,50578,46
354,25,34690,43
355,25,9021,43
356,25,27372,42
357,25,34390,42
358,25,245994,44
359,25,44601,40
360,25,22934,39
361,25,80026,39
362,25,167416,63
363,25,225598,61
364,25,26399,56
365,25,25583,48
366,25,376313,49
367,25,8606,43
368,25,189010,57
369,25,46507,56
370,25,21308,53
371,25,7418,48
372,25,1385,48
373,25,22952,48
374,25,17214,44
375,25,6280,44
376,25,108858,47
377,25,114948,45
378,25,34420,42
379,25,35625,42
380,25,27376,44
381,25,153833,44
382,25,33037,43
383,25,380813,39
384,25,116165,39
385,25,5254,70
386,25,25934,60
387,25,63873,43
388,25,155054,49
389,25,49516,69
390,25,195210,66
391,25,59128,62
392,25,59584,53
393,25,72722,52
394,25,14142,47
395,25,117568,47
396,25,152349,50
397,25,34375,43
398,25,4416,44
399,25,30325,60
400,25,2681,45
401,25,301475,61
402,25,74046,54
403,25,108307,50
404,25,22300,48
405,25,143209,47
406,25,14981,42
407,25,51197,44
408,25,154524,40
409,25,1767352,76
410,25,190227,61
411,25,657470,51
412,25,28362,43
413,25,42194,40
414,25,330343,52
415,25,387018,54
416,25,3900,47
417,25,1543979,58
418,25,1245,49
419,25,677,49
420,25,731036,44
421,25,44570,58
422,25,20652,52
423,25,59138,45
427,25,17984,43
428,25,66988,55
429,25,6555,43
430,25,6265,46
431,25,273955,69
432,25,69510,53
433,25,7377,48
434,25,4258,53
435,25,3491,51
436,25,6529,43
437,25,23500,53
438,25,5432,52
439,25,13135,48
440,25,13519,47
441,25,4940,51
442,25,168078,58
443,25,76885,54
444,25,26182,42
445,25,207660,45
446,25,6115,43
447,25,324407,43
448,25,316961,62
449,25,21958,44
450,25,25019,44
451,25,16749,57
452,25,7587,43
453,25,17878,50
454,25,8783,44
455,25,33474,44
456,25,6230,46
457,25,227156,70
458,25,41665,44
459,25,120681,47
460,25,1718098,77
461,25,37289,66
462,25,2410,52
463,25,1094164,61
464,25,33911,42
465,25,85755,52
466,25,67088,55
467,25,49958,44
468,25,586233,50
469,25,223924,52
470,25,297073,44
471,25,999154,50
472,25,2476,47
473,25,16976,46
474,25,6420,43
475,25,13566,45
476,25,10038,50
477,25,10555,43
478,25,197336,45
479,25,20101,43
480,25,21240,43
481,25,7732,44
482,25,8537,44
483,25,569,48
484,25,53599,39
485,25,2650,43
486,25,18735,48
487,25,35209,55
488,25,184297,91
489,25,7659,53
490,25,12925,48
491,25,55203,44
492,25,2017,58
493,25,53643,44
494,25,310886,47
495,25,5533,44
496,25,108210,64
497,25,2112,48
498,25,91312,45
499,25,2319,48
500,25,24183,54
501,25,16684,57
502,25,188642,59
503,25,86840,44
504,25,263179,46
505,25,167911,58
506,25,40749,50
507,25,6722,45
508,25,7102,55
509,25,59351,43
510,25,11557,45
511,25,144278,54
512,25,8309,58
513,25,14682,44
514,25,2706,57
515,25,24594,53
516,25,56204,48
517,25,6630,53
518,25,59437,52
519,25,4774,43
520,25,7124,54
521,25,3189,44
522,25,10692,44
523,25,24125,73
524,25,5605,54
525,25,45642,62
526,25,142269,41
527,25,841,50
528,25,15920,50
529,25,166621,45
530,25,1811,42
531,25,2104,44
532,25,2190,42
533,25,1837,45
534,25,90839,43
535,25,6709,45
536,25,15210,40
537,25,8726,45
538,25,9116,44
539,25,1588,45
540,25,14400,45
541,25,46908,45
542,25,11157,40
543,25,39767,40
544,25,3996,45
545,25,6100,40
546,25,34972,40
547,25,5924,44
548,25,11563,40
549,25,398509,41
550,25,708,45
551,25,5562,40
552,25,4554,40
553,25,132869,41
554,25,2812,50
555,25,1579,43
556,25,31990,40
557,25,418,45
558,25,14019,40
559,25,4077,45
560,25,1594,45
561,25,2677,45
562,25,5845,40
563,25,606,45
564,25,403,45
565,25,325,45
566,25,475,45
567,25,1226,45
568,25,322,44
569,25,413,45
570,25,2365,45
571,25,351,45
572,25,1420,40
573,25,6345,40
574,25,335,45
575,25,3369,40
576,25,1806,43
577,25,2394,40
578,25,3523,40
579,25,1944,40
580,25,250,45
581,25,996,45
582,25,10683,40
583,25,110857,40
584,25,190,45
585,25,372,45
586,25,6440,40
587,25,2390,40
588,25,149,45
589,25,246,40
590,25,7957,65
591,25,517,45
592,25,599,50
593,25,1619,40
594,25,970,40
595,25,233,45
596,25,763,40
597,25,1280,40
598,25,420,45
599,25,673,40
600,25,234,45
601,25,10430,50
602,25,234,45
603,25,26609,45
604,25,309,50
605,25,2673,50
606,25,12064,44
607,25,1058,40
608,25,92,45
609,25,285,45
610,25,512,40
611,25,739,40
612,25,1474,50
613,25,5003,60
614,25,592,55
615,25,4461,75
616,25,488,50
617,25,2441,50
618,25,97885,80
619,25,547,55
620,25,195,50
621,25,2775,50
622,25,622,50
1,26,24927,51
2,26,56655,54
3,26,36799,52
4,26,183703,46
5,26,103944,49
6,26,18219,50
7,26,5639,50
8,26,2912,44
9,26,1588,45
10,26,7995,45
11,26,1240907,108
12,26,151394,93
13,26,44637,43
14,26,386715,50
15,26,78496,72
16,26,56082,68
17,26,66301,56
18,26,46960,51
19,26,93879,47
20,26,42918,43
21,26,426238,43
22,26,65682,42
23,26,4042,43
24,26,16519,43
25,26,4903,44
26,26,5973,54
27,26,16760,43
28,26,11137,57
29,26,1853747,67
30,26,66412,55
31,26,204819,54
32,26,764,48
33,26,2391,45
34,26,17005,43
35,26,29227,44
36,26,10555,58
37,26,66174,48
38,26,48020,44
39,26,9862,43
40,26,3928,44
41,26,7419,42
42,26,1038954,48
43,26,850,44
44,26,55304,54
45,26,5546,52
46,26,26269,47
47,26,1184225,49
48,26,1532296,39
49,26,42129,63
50,26,9039,58
51,26,180,54
52,26,655,54
53,26,1293,50
54,26,26445,48
55,26,13277,46
56,26,12800,43
57,26,141536,44
58,26,16987,50
59,26,490270,48
60,26,5457,43
61,26,49176,43
62,26,2734,44
63,26,30666,43
64,26,3402,44
65,26,832505,43
66,26,532970,40
67,26,356813,74
68,26,244143,61
69,26,25224,52
70,26,186587,46
71,26,40326,43
72,26,54692,42
73,26,18144,43
74,26,12169,42
75,26,200105,69
76,26,6772,63
77,26,700,59
78,26,10914,46
79,26,3126,50
80,26,2609,47
81,26,6274,49
82,26,9032,48
83,26,76128,50
84,26,250033,51
85,26,34005,42
86,26,13366,43
87,26,74403,42
88,26,8326,43
89,26,195874,39
90,26,168524,61
91,26,160159,62
92,26,4030,53
93,26,1115805,47
94,26,209004,44
95,26,80682,42
96,26,30694,59
97,26,33417,60
98,26,3412,55
99,26,270,55
100,26,7933,54
101,26,33972,54
102,26,12349,49
103,26,151468,60
104,26,42750,60
105,26,447602,58
106,26,358795,57
107,26,54810,55
108,26,42732,49
109,26,11641,43
110,26,74214,66
111,26,338341,55
112,26,15371,48
113,26,341655,71
114,26,83723,68
115,26,3820,63
116,26,64620,53
117,26,91002,56
118,26,326889,49
119,26,303716,50
120,26,45002,44
121,26,1248,44
122,26,1003186,53
123,26,315153,55
124,26,45143,50
125,26,5133,50
126,26,76657,43
127,26,10897,43
128,26,1895474,43
129,26,36543,57
130,26,151768,44
131,26,158286,51
132,26,41916,43
133,26,705495,68
134,26,143306,67
135,26,70662,56
136,26,5850,52
137,26,5837,54
138,26,44951,52
139,26,19286,49
140,26,9303,43
141,26,973416,58
142,26,167775,53
143,26,144433,52
144,26,82864,53
145,26,12556,49
146,26,12707,57
147,26,824531,61
148,26,512210,53
149,26,543545,40
150,26,629640,81
151,26,179157,73
152,26,48789,64
153,26,33195,62
154,26,10653,53
155,26,459,50
156,26,1296,50
157,26,51337,43
158,26,44312,44
159,26,978325,63
160,26,705336,52
161,26,665822,56
162,26,442335,52
163,26,25745,43
164,26,1175922,50
165,26,43666,41
166,26,2760109,98
167,26,29345,57
168,26,1022005,54
169,26,6517,42
170,26,11985,43
171,26,1605971,75
172,26,168061,60
173,26,2179,52
174,26,11527,51
175,26,18327,51
176,26,132634,50
177,26,10377,43
178,26,19392,43
179,26,65610,43
180,26,68313,43
181,26,1525983,70
182,26,3216057,77
183,26,3308961,65
184,26,380456,53
185,26,85300,52
186,26,14659,53
187,26,1423949,97
188,26,188350,52
189,26,833645,61
190,26,2508,45
191,26,3339544,127
192,26,1497929,122
193,26,62123,62
194,26,17220,63
195,26,9131,58
196,26,17182,58
197,26,71885,54
198,26,196239,55
199,26,166928,54
200,26,35618,53
201,26,406,45
202,26,154772,63
203,26,789742,57
204,26,59349,55
205,26,13515,53
206,26,177056,52
207,26,73298,53
208,26,156560,50
209,26,3194,50
210,26,1824666,121
211,26,201531,95
212,26,846054,60
213,26,22810,48
214,26,1213228,117
215,26,3974254,108
216,26,16848,93
217,26,725611,85
218,26,618309,78
219,26,318408,74
220,26,21747,51
221,26,49012,52
222,26,91194,52
223,26,9096,52
224,26,22745,54
225,26,87807,53
226,26,44085,54
227,26,9159,48
228,26,2835,49
229,26,6072,49
230,26,3337,49
231,26,11171,48
232,26,23194,85
233,26,782774,89
234,26,911259,44
235,26,837694,54
236,26,13286,47
237,26,7473,48
238,26,212161,83
239,26,856345,79
240,26,28445,68
241,26,54959,63
242,26,29110,62
243,26,484358,59
244,26,20091,53
245,26,6651,48
246,26,34103,49
247,26,23548,48
248,26,72508,49
249,26,47602,43
250,26,17686,43
251,26,16619,53
252,26,92554,50
253,26,6030,44
254,26,120658,44
255,26,13317,44
256,26,11286,43
257,26,3416,44
258,26,271934,42
259,26,22669,43
260,26,5845,51
261,26,1891,50
262,26,123884,50
263,26,8562,43
264,26,57572,40
265,26,687998,62
266,26,58157,58
267,26,8568,53
268,26,3445,47
269,26,49978,49
270,26,20371,50
271,26,359986,43
272,26,1981,43
273,26,10867,44
274,26,80909,43
275,26,3158,44
276,26,16940,44
277,26,157753,40
278,26,991722,65
279,26,2756,52
280,26,167471,45
281,26,491872,40
282,26,5014,62
283,26,55882,60
284,26,4913,53
285,26,4886,51
286,26,11343,49
287,26,1578260,49
288,26,16212,43
289,26,25092,45
290,26,42968,44
291,26,240645,51
292,26,7122,42
293,26,265413,47
294,26,890382,51
295,26,135290,45
296,26,163796,39
297,26,3210874,50
298,26,21819,56
299,26,8481,43
300,26,1339,52
301,26,525571,51
302,26,30566,49
303,26,12522,54
304,26,156425,46
305,26,57111,48
306,26,10301,46
307,26,56827,44
308,26,246937,44
309,26,68489,44
310,26,17583,42
311,26,125305,39
312,26,3457,60
313,26,2203236,70
314,26,13610,49
315,26,145597,46
316,26,2281,45
317,26,22819,43
318,26,279310,44
319,26,108562,43
320,26,84305,62
321,26,112121,58
322,26,1775,52
323,26,11391,52
324,26,3752,47
325,26,32344,48
326,26,1775,44
327,26,22226,44
328,26,115550,43
329,26,8515,53
330,26,125198,52
331,26,361913,53
332,26,98077,53
333,26,65678,53
334,26,9801,55
335,26,3197,48
336,26,473263,50
337,26,42778,44
338,26,649428,108
339,26,5248,45
340,26,254054,53
341,26,193598,44
342,26,780973,100
343,26,186982,86
344,26,411217,85
345,26,366556,71
346,26,84206,57
347,26,18918,52
348,26,7345,48
349,26,95504,48
350,26,13676,48
351,26,1029,45
352,26,45190,43
353,26,50491,46
354,26,33843,43
355,26,17850,43
356,26,28311,42
357,26,31577,42
358,26,242820,44
359,26,44113,40
360,26,22877,39
361,26,80777,39
362,26,173294,63
363,26,231286,61
364,26,26320,55
365,26,25533,48
366,26,357890,49
367,26,8393,43
368,26,177299,57
369,26,50863,56
370,26,21212,53
371,26,7391,48
372,26,1388,48
373,26,23070,48
374,26,16625,44
375,26,6289,44
376,26,98411,47
377,26,98003,45
378,26,33442,42
379,26,34873,42
380,26,26995,44
381,26,153614,44
382,26,30067,43
383,26,377136,40
384,26,132786,39
385,26,5272,70
386,26,25891,60
387,26,63907,43
388,26,152236,49
389,26,49685,69
390,26,191351,66
391,26,55307,62
392,26,58102,53
393,26,87976,52
394,26,14057,47
395,26,114625,47
396,26,128178,50
397,26,35128,43
398,26,4387,44
399,26,27136,60
400,26,2662,45
401,26,302871,61
402,26,74779,54
403,26,110501,50
404,26,21799,48
405,26,153428,47
406,26,14430,42
407,26,54323,44
408,26,153507,40
409,26,1861897,77
410,26,191514,61
411,26,648116,51
412,26,28296,43
413,26,41710,40
414,26,329130,52
415,26,384077,54
416,26,3935,47
417,26,1468100,58
418,26,1243,49
419,26,676,49
420,26,726717,44
421,26,48611,58
422,26,20582,52
423,26,78002,45
427,26,17977,43
428,26,65453,55
429,26,6505,43
430,26,6339,46
431,26,269046,69
432,26,68315,53
433,26,7369,47
434,26,4244,53
435,26,3464,51
436,26,6559,43
437,26,23519,53
438,26,6140,52
439,26,12508,48
440,26,12694,47
441,26,4960,51
442,26,168986,58
443,26,77081,54
444,26,26008,42
445,26,203856,45
446,26,5954,43
447,26,316670,43
448,26,321350,62
449,26,21943,44
450,26,23947,44
451,26,18609,57
452,26,6935,43
453,26,17164,50
454,26,8946,44
455,26,32822,44
456,26,5905,46
457,26,188248,69
458,26,39982,44
459,26,115758,47
460,26,1685238,77
461,26,35822,66
462,26,2409,52
463,26,1118541,61
464,26,33759,42
465,26,84772,52
466,26,63700,55
467,26,48494,44
468,26,576514,50
469,26,222784,52
470,26,299932,44
471,26,1174616,51
472,26,2503,47
473,26,16674,46
474,26,6334,43
475,26,13042,45
476,26,12587,50
477,26,10204,43
478,26,207839,45
479,26,19505,43
480,26,21081,43
481,26,7644,44
482,26,8418,44
483,26,573,48
484,26,53025,39
485,26,2619,43
486,26,17885,48
487,26,34925,55
488,26,176645,91
489,26,7477,53
490,26,12939,48
491,26,54250,44
492,26,2016,58
493,26,52300,44
494,26,296864,46
495,26,5551,44
496,26,108899,64
497,26,2103,48
498,26,77898,45
499,26,2267,48
500,26,26441,54
501,26,19411,57
502,26,164262,59
503,26,88439,44
504,26,317344,46
505,26,161368,58
506,26,48918,50
507,26,6461,45
508,26,7338,55
509,26,60158,43
510,26,11382,45
511,26,129843,54
512,26,8540,58
513,26,14680,44
514,26,2648,57
515,26,24381,53
516,26,60484,48
517,26,6551,53
518,26,59556,52
519,26,4643,43
520,26,6811,54
521,26,3243,44
522,26,10772,44
523,26,24558,73
524,26,5543,54
525,26,36161,62
526,26,139871,40
527,26,846,50
528,26,15532,50
529,26,153427,44
530,26,1826,42
531,26,2110,44
532,26,2225,42
533,26,1879,45
534,26,92406,43
535,26,6845,45
536,26,14716,40
537,26,8071,45
538,26,9030,44
539,26,1649,45
540,26,14108,45
541,26,44557,45
542,26,10850,40
543,26,39279,40
544,26,3852,45
545,26,5947,40
546,26,35603,40
547,26,6080,44
548,26,11594,40
549,26,394653,41
550,26,722,45
551,26,5624,40
552,26,4448,40
553,26,128940,41
554,26,2743,50
555,26,1578,43
556,26,32405,40
557,26,486,45
558,26,13885,40
559,26,3837,45
560,26,1621,45
561,26,2888,45
562,26,5885,40
563,26,631,45
564,26,455,45
565,26,360,45
566,26,483,45
567,26,1290,45
568,26,349,44
569,26,432,45
570,26,2587,45
571,26,391,45
572,26,1383,40
573,26,6481,40
574,26,300,45
575,26,3576,40
576,26,2062,43
577,26,2630,40
578,26,3283,40
579,26,2206,40
580,26,283,45
581,26,843,45
582,26,10888,40
583,26,181867,41
584,26,217,45
585,26,360,45
586,26,7510,40
587,26,3172,40
588,26,164,45
589,26,240,40
590,26,5902,64
591,26,638,45
592,26,727,49
593,26,1846,40
594,26,1267,40
595,26,266,45
596,26,1063,40
597,26,1021,40
598,26,552,45
599,26,593,40
600,26,337,45
601,26,9653,50
602,26,424,45
603,26,27162,45
604,26,300,49
605,26,2464,49
606,26,9532,43
607,26,899,40
608,26,99,45
609,26,398,45
610,26,897,40
611,26,1193,40
612,26,1957,50
613,26,21313,60
614,26,636,55
615,26,125326,75
616,26,884,50
617,26,3471,50
618,26,175675,80
619,26,1845,55
620,26,352,50
621,26,8367,50
622,26,1150,50
623,26,121,55
624,26,23486,65
625,26,108,45
626,26,2274,65
1,27,27539,51
2,27,81445,54
3,27,36563,52
4,27,177458,46
5,27,100151,49
6,27,18155,50
7,27,5638,50
8,27,2873,44
9,27,1583,45
10,27,7953,45
11,27,1345575,109
12,27,164596,93
13,27,51480,43
14,27,387625,50
15,27,87905,72
16,27,55984,68
17,27,66094,56
18,27,47204,51
19,27,90006,47
20,27,41876,43
21,27,420912,43
22,27,64943,42
23,27,3894,43
24,27,16563,43
25,27,4921,44
26,27,5925,54
27,27,16138,43
28,27,10865,57
29,27,1919165,67
30,27,66047,55
31,27,199718,54
32,27,758,48
33,27,2375,45
34,27,16520,43
35,27,28736,44
36,27,10618,58
37,27,65868,48
38,27,45070,44
39,27,9261,43
40,27,3846,44
41,27,7242,42
42,27,995640,48
43,27,849,44
44,27,54804,54
45,27,5520,52
46,27,26131,47
47,27,1133725,48
48,27,1543056,39
49,27,39328,63
50,27,8712,58
51,27,181,54
52,27,659,54
53,27,1286,50
54,27,26366,48
55,27,13369,46
56,27,12400,43
57,27,133004,44
58,27,16774,50
59,27,492963,48
60,27,5438,42
61,27,48161,43
62,27,2716,44
63,27,30590,43
64,27,3355,44
65,27,815100,43
66,27,526493,40
67,27,363810,74
68,27,245706,61
69,27,25149,52
70,27,192268,46
71,27,41294,43
72,27,54251,42
73,27,18123,43
74,27,12126,42
75,27,198217,68
76,27,6742,62
77,27,764,59
78,27,10966,46
79,27,3126,50
80,27,2628,47
81,27,5811,49
82,27,8954,48
83,27,84172,50
84,27,260450,51
85,27,31151,42
86,27,13553,43
87,27,109327,42
88,27,8389,43
89,27,192870,39
90,27,166070,61
91,27,115092,62
92,27,7602,53
93,27,1183838,47
94,27,199941,44
95,27,80576,42
96,27,30647,59
97,27,33528,60
98,27,3484,55
99,27,268,55
100,27,8428,54
101,27,59479,54
102,27,12450,49
103,27,151409,60
104,27,46040,60
105,27,442749,58
106,27,361127,57
107,27,54494,54
108,27,42308,49
109,27,11619,43
110,27,75791,65
111,27,327277,55
112,27,15900,48
113,27,310297,70
114,27,83961,68
115,27,4387,63
116,27,51256,53
117,27,90868,56
118,27,330689,49
119,27,290719,50
120,27,44698,44
121,27,1247,44
122,27,1051382,53
123,27,321448,55
124,27,33868,50
125,27,5083,50
126,27,80497,43
127,27,11025,43
128,27,1619693,42
129,27,40643,57
130,27,148618,44
131,27,152162,51
132,27,41878,42
133,27,724954,68
134,27,143356,67
135,27,70731,56
136,27,5878,52
137,27,5742,54
138,27,44687,52
139,27,18411,49
140,27,9362,43
141,27,933463,58
142,27,167128,53
143,27,143202,52
144,27,82506,53
145,27,12472,49
146,27,11701,57
147,27,934013,62
148,27,496859,53
149,27,538492,40
150,27,802969,82
151,27,177501,73
152,27,52022,64
153,27,30516,62
154,27,10431,53
155,27,456,50
156,27,1299,50
157,27,53875,43
158,27,44510,44
159,27,978195,63
160,27,751979,52
161,27,660382,56
162,27,444160,52
163,27,25581,42
164,27,1165506,50
165,27,43880,41
166,27,2553509,97
167,27,27350,57
168,27,993815,53
169,27,6538,42
170,27,11982,43
171,27,1479905,74
172,27,201145,60
173,27,2175,52
174,27,11529,51
175,27,18217,51
176,27,127350,50
177,27,10580,43
178,27,18911,43
179,27,63034,43
180,27,62838,43
181,27,1548209,70
182,27,3256470,77
183,27,3350597,65
184,27,413522,53
185,27,84783,52
186,27,14665,53
187,27,1405815,97
188,27,183601,52
189,27,850136,62
190,27,2499,45
191,27,3334641,128
192,27,1679709,123
193,27,58773,62
194,27,17119,63
195,27,9107,57
196,27,17791,58
197,27,72860,54
198,27,166972,55
199,27,162735,54
200,27,35797,53
201,27,400,45
202,27,157655,63
203,27,784212,57
204,27,58618,55
205,27,13428,53
206,27,175015,52
207,27,72879,53
208,27,156213,50
209,27,3192,50
210,27,1682138,120
211,27,186154,95
212,27,839579,60
213,27,22751,47
214,27,1125089,117
215,27,3983614,108
216,27,16991,93
217,27,609886,85
218,27,613325,78
219,27,302615,74
220,27,21555,51
221,27,48807,52
222,27,89771,52
223,27,9081,52
224,27,22426,54
225,27,85558,53
226,27,45791,54
227,27,9111,48
228,27,8231,49
229,27,6155,49
230,27,3329,49
231,27,11244,48
232,27,23181,85
233,27,744083,89
234,27,847073,44
235,27,842273,54
236,27,13373,47
237,27,7527,48
238,27,210815,83
239,27,1023517,79
240,27,28416,68
241,27,55043,63
242,27,28154,62
243,27,469153,59
244,27,22061,53
245,27,6671,48
246,27,33092,49
247,27,24171,48
248,27,70886,49
249,27,46713,43
250,27,17547,43
251,27,15927,53
252,27,91767,50
253,27,6019,44
254,27,155630,45
255,27,12886,44
256,27,10653,43
257,27,5963,44
258,27,310086,43
259,27,21044,43
260,27,5834,51
261,27,1884,50
262,27,129037,50
263,27,8563,43
264,27,57010,40
265,27,671687,62
266,27,55977,58
267,27,8410,53
268,27,3418,47
269,27,44771,49
270,27,20550,50
271,27,368399,43
272,27,1972,43
273,27,10901,44
274,27,85221,43
275,27,3243,44
276,27,16897,44
277,27,172545,40
278,27,984749,65
279,27,2736,52
280,27,170610,45
281,27,485587,40
282,27,5024,62
283,27,54752,60
284,27,4829,53
285,27,4886,51
286,27,11317,48
287,27,1537719,49
288,27,16389,43
289,27,24852,45
290,27,42698,44
291,27,241871,51
292,27,7198,42
293,27,272964,47
294,27,898591,51
295,27,166709,46
296,27,162397,39
297,27,3211801,50
298,27,28407,56
299,27,8515,43
300,27,1334,52
301,27,510904,51
302,27,31861,49
303,27,12535,54
304,27,155089,46
305,27,58859,48
306,27,10396,46
307,27,56563,44
308,27,265518,44
309,27,68009,44
310,27,16915,42
311,27,121434,39
312,27,3454,60
313,27,2492198,71
314,27,13645,49
315,27,152783,46
316,27,2270,45
317,27,22703,43
318,27,296592,44
319,27,107457,42
320,27,57939,62
321,27,114745,57
322,27,1773,52
323,27,16047,52
324,27,3741,47
325,27,33146,48
326,27,1885,44
327,27,21592,44
328,27,114320,43
329,27,8740,53
330,27,121719,52
331,27,361055,53
332,27,98259,53
333,27,65804,53
334,27,9797,55
335,27,3120,48
336,27,450527,50
337,27,42829,44
338,27,640348,108
339,27,5224,45
340,27,256337,53
341,27,169986,43
342,27,467706,99
343,27,183909,86
344,27,384701,84
345,27,370763,71
346,27,83241,57
347,27,19167,52
348,27,7367,48
349,27,93603,48
350,27,14015,48
351,27,1053,44
352,27,46566,43
353,27,50149,46
354,27,33150,43
355,27,19075,43
356,27,26584,42
357,27,29717,42
358,27,237178,44
359,27,45218,40
360,27,23077,39
361,27,82084,39
362,27,141586,63
363,27,208661,61
364,27,26214,55
365,27,25546,47
366,27,336817,49
367,27,8247,43
368,27,178341,57
369,27,49536,56
370,27,21094,53
371,27,7397,48
372,27,1386,47
373,27,25378,48
374,27,16245,44
375,27,6269,44
376,27,92399,46
377,27,89827,45
378,27,33116,42
379,27,34615,42
380,27,26093,44
381,27,151101,44
382,27,28152,43
383,27,358396,40
384,27,155718,39
385,27,5274,70
386,27,25840,60
387,27,64089,43
388,27,150568,49
389,27,49584,69
390,27,189523,66
391,27,53659,62
392,27,56688,53
393,27,86045,52
394,27,13953,47
395,27,111803,47
396,27,111610,50
397,27,35625,43
398,27,4341,44
399,27,25467,60
400,27,2650,45
401,27,337047,61
402,27,80224,54
403,27,125626,50
404,27,21430,48
405,27,207183,47
406,27,13933,42
407,27,89615,44
408,27,152520,40
409,27,2153206,78
410,27,216418,61
411,27,672789,51
412,27,28225,43
413,27,42609,39
414,27,331180,52
415,27,377753,54
416,27,3987,47
417,27,1612794,58
418,27,1254,49
419,27,677,49
420,27,714439,44
421,27,40384,58
422,27,20590,52
423,27,94331,45
427,27,17978,43
428,27,64019,55
429,27,6459,43
430,27,6380,46
431,27,263538,69
432,27,68966,53
433,27,7425,47
434,27,4283,53
435,27,3443,51
436,27,6633,43
437,27,23541,53
438,27,6212,52
439,27,12358,48
440,27,12202,47
441,27,4945,51
442,27,168531,58
443,27,81399,54
444,27,25927,42
445,27,198897,45
446,27,5915,43
447,27,311770,42
448,27,313851,62
449,27,21922,44
450,27,23107,44
451,27,25297,57
452,27,7028,43
453,27,16645,50
454,27,8612,44
455,27,33688,44
456,27,5676,46
457,27,172799,69
458,27,38606,44
459,27,113405,47
460,27,1513108,76
461,27,36417,66
462,27,2414,52
463,27,1091555,61
464,27,33515,42
465,27,83123,52
466,27,63390,55
467,27,47148,44
468,27,585559,50
469,27,223238,52
470,27,301263,44
471,27,1255405,51
472,27,2552,47
473,27,16413,46
474,27,6250,43
475,27,13214,45
476,27,14112,50
477,27,9965,43
478,27,177529,45
479,27,19056,43
480,27,20865,43
481,27,7519,44
482,27,8405,43
483,27,568,48
484,27,52444,39
485,27,2615,42
486,27,16265,48
487,27,34650,55
488,27,261559,91
489,27,7404,53
490,27,12898,47
491,27,53152,44
492,27,2005,58
493,27,45677,44
494,27,285821,46
495,27,5590,43
496,27,106652,64
497,27,2097,48
498,27,67738,44
499,27,2243,48
500,27,33787,54
501,27,20309,57
502,27,130321,58
503,27,92543,44
504,27,296263,46
505,27,164160,58
506,27,53184,50
507,27,6225,45
508,27,7138,55
509,27,61721,43
510,27,11192,45
511,27,100583,52
512,27,8655,58
513,27,14689,44
514,27,2640,57
515,27,24100,53
516,27,59107,48
517,27,6186,53
518,27,58578,52
519,27,4550,43
520,27,6557,54
521,27,3308,44
522,27,10699,44
523,27,26101,73
524,27,5461,54
525,27,30620,62
526,27,138949,40
527,27,852,50
528,27,16632,50
529,27,143589,44
530,27,1844,42
531,27,2154,44
532,27,2313,42
533,27,1935,45
534,27,94497,43
535,27,6993,45
536,27,14271,40
537,27,8060,45
538,27,9083,44
539,27,1641,45
540,27,13649,45
541,27,82201,45
542,27,10580,40
543,27,38980,40
544,27,3726,45
545,27,5833,40
546,27,38056,40
547,27,6439,44
548,27,11613,40
549,27,433446,41
550,27,744,45
551,27,5639,40
552,27,4368,40
553,27,125635,40
554,27,2819,50
555,27,1626,43
556,27,32533,40
557,27,527,45
558,27,13844,40
559,27,3667,45
560,27,1661,45
561,27,3079,45
562,27,5927,40
563,27,659,45
564,27,467,45
565,27,387,45
566,27,514,45
567,27,1307,45
568,27,325,44
569,27,459,45
570,27,2869,45
571,27,416,45
572,27,1343,40
573,27,6633,40
574,27,273,45
575,27,4032,40
576,27,2361,43
577,27,2987,40
578,27,3071,40
579,27,2656,40
580,27,327,45
581,27,791,45
582,27,11027,40
583,27,182628,41
584,27,261,45
585,27,356,45
586,27,8076,40
587,27,4129,40
588,27,185,45
589,27,245,40
590,27,4498,63
591,27,651,45
592,27,914,49
593,27,2303,40
594,27,1761,40
595,27,309,45
596,27,1446,40
597,27,1232,39
598,27,645,45
599,27,572,40
600,27,383,45
601,27,8933,49
602,27,617,45
603,27,37049,45
604,27,279,48
605,27,2389,49
606,27,8557,42
607,27,904,40
608,27,82,45
609,27,477,45
610,27,1478,40
611,27,1692,40
612,27,2113,50
613,27,24206,60
614,27,909,55
615,27,145689,75
616,27,937,50
617,27,2930,49
618,27,325748,81
619,27,1800,55
620,27,351,50
621,27,8648,50
622,27,1066,49
623,27,232,55
624,27,44180,65
625,27,222,45
626,27,2775,65
627,27,419,55
17,28,66253,56
37,28,66502,48
38,28,42508,44
39,28,8924,43
40,28,3795,44
41,28,7127,42
42,28,993089,48
43,28,848,44
44,28,55237,54
45,28,5491,52
46,28,26045,47
47,28,1105968,48
48,28,1548586,39
49,28,39881,63
50,28,8349,58
51,28,181,54
52,28,657,54
53,28,1344,50
54,28,27387,48
55,28,13387,46
56,28,12336,43
57,28,127413,44
58,28,16733,50
59,28,486860,48
60,28,5411,42
61,28,47415,43
62,28,2707,44
63,28,30267,43
64,28,3311,44
65,28,755421,43
66,28,515310,40
67,28,357440,74
68,28,246996,61
69,28,24731,52
71,28,41630,43
72,28,53833,42
73,28,18106,43
74,28,12050,42
75,28,196559,68
76,28,6720,62
77,28,828,59
78,28,11015,46
79,28,3124,50
80,28,2672,47
81,28,5578,49
82,28,8717,48
83,28,92726,50
84,28,296067,51
85,28,27889,42
86,28,20184,43
87,28,166460,42
88,28,8472,43
89,28,192444,39
90,28,164716,61
91,28,101100,61
92,28,23217,53
93,28,1312418,48
95,28,80479,42
96,28,30649,59
97,28,87107,60
98,28,3527,55
99,28,294,55
100,28,8769,54
101,28,71493,54
102,28,12821,49
103,28,181620,60
104,28,53501,60
105,28,467609,58
107,28,54366,54
108,28,44277,49
109,28,11597,43
110,28,116686,65
111,28,319454,55
112,28,23093,48
113,28,301677,70
114,28,83677,68
115,28,5546,63
116,28,41120,53
117,28,99604,56
118,28,343482,49
119,28,278421,50
121,28,1394,44
122,28,1089317,53
123,28,384552,55
124,28,26476,50
125,28,5057,50
126,28,91188,43
127,28,11692,43
128,28,1552862,42
129,28,40891,57
130,28,146794,44
131,28,152054,51
132,28,41808,42
133,28,741345,68
134,28,141051,67
135,28,70817,56
136,28,5899,52
137,28,5733,54
138,28,44570,52
139,28,16826,49
140,28,9800,43
141,28,866588,58
142,28,174730,53
143,28,141992,52
144,28,82277,53
145,28,12730,49
146,28,11391,57
147,28,1075097,63
148,28,488598,53
149,28,531058,40
150,28,1012551,83
151,28,178566,73
152,28,51946,64
153,28,29773,62
154,28,10278,53
155,28,460,50
156,28,1299,50
157,28,63929,43
158,28,44238,44
159,28,1088024,63
160,28,813828,52
161,28,709219,56
162,28,486061,52
163,28,26411,42
164,28,1223552,50
165,28,43810,41
166,28,2840205,97
167,28,31960,57
168,28,1091849,53
169,28,6549,42
170,28,11991,42
171,28,1608203,74
172,28,279630,60
173,28,2171,52
174,28,11561,51
175,28,18148,51
176,28,123340,50
177,28,11137,43
178,28,18540,43
179,28,61010,43
180,28,61157,43
181,28,1566765,70
182,28,3343471,77
183,28,3323775,66
184,28,404890,53
185,28,84586,52
186,28,14663,53
187,28,1353215,97
188,28,181121,52
189,28,844783,62
190,28,2499,45
191,28,3382869,128
192,28,1877529,124
193,28,56994,62
194,28,17057,63
195,28,9074,57
196,28,17741,58
197,28,73740,54
198,28,113541,54
199,28,170614,54
200,28,35441,53
201,28,404,45
205,28,13493,53
223,28,9083,52
224,28,22317,54
225,28,85766,53
226,28,50523,54
227,28,9082,48
228,28,8101,49
229,28,6174,49
230,28,3323,49
231,28,11308,48
232,28,23196,85
233,28,724100,89
234,28,870817,43
235,28,846963,54
236,28,13392,47
237,28,7528,48
238,28,209888,83
239,28,1004115,80
240,28,28409,68
241,28,55083,63
242,28,27669,62
243,28,460555,59
244,28,25402,53
245,28,6713,48
246,28,31646,49
247,28,24505,48
248,28,74985,49
249,28,46152,43
250,28,17458,43
251,28,15412,53
252,28,95287,50
253,28,6065,44
254,28,208521,45
255,28,12628,44
256,28,10401,43
257,28,4981,44
258,28,324834,43
259,28,18482,43
260,28,5888,51
261,28,1886,50
262,28,151768,50
263,28,8613,43
264,28,56333,40
265,28,711713,62
266,28,56476,58
267,28,8193,53
268,28,3408,47
269,28,42289,49
270,28,20825,50
271,28,362003,43
272,28,1971,43
273,28,10967,44
274,28,84608,43
275,28,2882,44
276,28,16874,44
277,28,184007,40
278,28,973741,65
279,28,2721,52
280,28,172908,45
281,28,472236,40
282,28,5066,62
283,28,54028,60
284,28,4638,53
285,28,4900,51
286,28,11421,48
287,28,1492336,48
288,28,16665,43
289,28,25428,45
290,28,42390,44
304,28,153402,46
305,28,65792,48
306,28,10449,46
307,28,60808,44
308,28,283760,45
310,28,16593,42
311,28,118542,39
312,28,3451,60
313,28,2526786,71
314,28,13595,49
315,28,185822,46
316,28,2340,45
317,28,22610,43
318,28,333906,44
319,28,107210,42
320,28,47407,62
321,28,121204,57
322,28,1795,52
323,28,34250,52
324,28,3760,47
325,28,34761,48
326,28,2118,44
327,28,21426,44
328,28,115674,43
329,28,9156,53
330,28,120364,52
331,28,361256,53
332,28,99656,53
333,28,66675,53
334,28,9792,55
335,28,3072,48
336,28,429275,50
337,28,41986,44
338,28,635834,108
339,28,5248,45
340,28,262633,53
341,28,150531,43
342,28,365464,98
343,28,182458,86
344,28,365749,84
345,28,396902,71
346,28,85070,57
347,28,19357,52
348,28,7411,47
349,28,92392,48
350,28,14040,48
351,28,1100,44
352,28,50084,43
353,28,49905,46
354,28,31200,43
355,28,17615,43
356,28,24175,42
357,28,27593,42
358,28,218635,44
359,28,45159,40
360,28,23788,39
361,28,86426,39
362,28,119848,62
363,28,191699,61
364,28,26082,55
365,28,25539,47
366,28,311848,49
367,28,8168,43
368,28,166447,57
369,28,49128,56
370,28,21039,53
371,28,7401,48
372,28,1383,47
373,28,25881,48
374,28,15734,44
375,28,6243,44
376,28,94952,46
377,28,87137,45
378,28,32702,42
379,28,34288,42
380,28,24728,44
381,28,159488,43
382,28,26471,43
383,28,340894,40
384,28,187571,39
385,28,5270,70
386,28,25797,60
387,28,64431,43
388,28,153672,49
389,28,55091,69
390,28,192687,66
391,28,53133,62
392,28,55883,53
393,28,164957,52
394,28,13878,47
395,28,114863,47
396,28,107795,50
397,28,37344,43
398,28,4327,44
399,28,26266,60
400,28,2638,45
401,28,398965,61
402,28,74551,54
403,28,134284,50
404,28,21304,48
405,28,232264,47
406,28,14553,42
407,28,192733,45
408,28,150729,40
409,28,2227862,79
410,28,357310,62
411,28,688834,51
412,28,28163,43
413,28,51821,39
414,28,333516,52
415,28,375040,54
416,28,4002,47
417,28,1537850,59
418,28,1337,49
419,28,714,49
420,28,702272,44
421,28,37535,58
422,28,21322,52
430,28,6433,46
431,28,259101,69
432,28,72682,53
433,28,7456,47
434,28,4306,53
435,28,3429,51
437,28,23677,53
438,28,7363,52
439,28,12270,48
442,28,168645,58
446,28,5905,43
447,28,304714,42
448,28,332773,62
449,28,21905,44
450,28,22364,44
451,28,29705,57
454,28,8173,44
457,28,172743,68
459,28,111228,47
460,28,1428008,76
461,28,36264,66
462,28,2417,52
463,28,1199836,61
464,28,32953,42
466,28,65958,55
468,28,587807,50
473,28,16282,46
475,28,14047,45
476,28,16599,50
477,28,9856,43
478,28,160907,44
479,28,18774,43
480,28,20615,43
481,28,7445,44
482,28,8623,43
483,28,566,48
484,28,52175,39
485,28,2600,42
487,28,34516,55
492,28,2003,58
493,28,56383,44
494,28,273111,46
495,28,5614,43
496,28,105610,64
497,28,2095,48
498,28,61367,44
499,28,2233,48
500,28,43310,54
502,28,153032,58
503,28,98510,44
505,28,159683,58
506,28,76325,50
507,28,6088,45
508,28,7343,55
509,28,61989,43
510,28,11173,45
511,28,89375,52
512,28,8708,58
513,28,14698,44
514,28,2641,57
516,28,57676,48
517,28,6345,53
519,28,4470,43
520,28,6392,54
523,28,27575,73
524,28,5225,54
525,28,28705,62
526,28,137297,40
527,28,854,50
528,28,15239,50
529,28,134904,43
530,28,1859,42
531,28,2164,44
532,28,2354,42
533,28,1969,45
534,28,89857,43
535,28,7124,45
536,28,13926,40
537,28,7962,45
538,28,9002,44
539,28,1634,45
540,28,13172,45
542,28,10394,40
543,28,38564,40
545,28,5775,40
546,28,45456,40
548,28,11625,40
549,28,410870,41
550,28,747,45
551,28,5655,40
552,28,4318,40
553,28,122384,40
554,28,3034,50
555,28,1661,43
556,28,32683,40
557,28,548,45
558,28,13747,40
559,28,3837,45
560,28,1680,45
561,28,3189,45
563,28,870,45
564,28,476,45
565,28,388,45
566,28,534,45
567,28,1348,45
568,28,321,44
569,28,447,45
570,28,2911,45
571,28,464,45
572,28,2713,39
573,28,6722,40
574,28,264,45
575,28,4155,40
577,28,3335,40
578,28,2945,40
579,28,2981,40
580,28,346,45
581,28,816,45
582,28,11234,40
583,28,184150,41
584,28,561,45
586,28,8117,40
587,28,5141,40
588,28,215,45
589,28,240,40
590,28,3915,62
592,28,1013,49
593,28,5844,40
594,28,2281,40
595,28,379,45
596,28,1797,40
597,28,1615,39
598,28,780,45
599,28,6839,39
601,28,7973,48
602,28,725,45
604,28,264,47
605,28,2176,48
606,28,7495,42
607,28,943,40
608,28,247,45
609,28,627,45
610,28,1923,40
612,28,2243,50
614,28,523,55
615,28,148262,75
616,28,649,50
618,28,863003,82
619,28,1470,53
620,28,356,49
624,28,47772,65
626,28,3593,65
627,28,564,55
628,28,0,40
629,28,0,40
1,29,27137,51
2,29,105290,54
3,29,35418,52
4,29,172253,45
5,29,106342,48
6,29,18096,50
7,29,5646,50
8,29,2829,44
9,29,1577,45
10,29,7836,45
11,29,2137772,111
12,29,159656,93
13,29,101003,43
14,29,417485,50
15,29,115775,72
16,29,55855,68
17,29,66095,56
18,29,58048,51
19,29,84611,47
20,29,39889,43
21,29,420902,43
22,29,62659,42
23,29,3786,43
24,29,16626,43
25,29,4905,44
26,29,5868,54
27,29,15233,43
28,29,10530,57
29,29,1510653,65
30,29,57349,55
31,29,194615,54
32,29,761,48
33,29,2362,45
34,29,18036,43
35,29,27833,44
36,29,10969,58
37,29,65349,48
38,29,41045,43
39,29,8598,43
40,29,3767,44
41,29,7055,42
42,29,922355,48
43,29,847,44
44,29,54021,54
45,29,5476,52
46,29,25964,47
47,29,1044559,48
48,29,1551829,39
49,29,36914,63
50,29,7932,58
51,29,179,54
52,29,657,54
53,29,1345,50
54,29,26398,48
55,29,13527,46
56,29,12385,43
57,29,125415,44
58,29,16689,50
59,29,483726,48
60,29,5404,42
61,29,46965,43
62,29,2633,44
63,29,29973,43
64,29,3281,44
65,29,713538,42
66,29,509248,40
67,29,341808,74
68,29,248769,61
69,29,24392,52
70,29,168783,45
71,29,41197,43
72,29,53499,42
73,29,18055,43
74,29,11966,42
75,29,195611,68
76,29,6709,62
77,29,906,59
78,29,10957,46
79,29,2941,50
80,29,2652,47
81,29,5170,49
82,29,9422,48
83,29,88639,50
84,29,283254,51
85,29,26675,42
86,29,19238,43
87,29,176701,43
88,29,8464,43
89,29,189101,39
90,29,163653,61
91,29,91882,61
92,29,15612,53
93,29,1354564,48
94,29,187641,43
95,29,80120,42
96,29,30520,59
97,29,76422,60
98,29,3542,55
99,29,276,55
100,29,8716,54
101,29,64737,54
102,29,13084,49
103,29,272959,61
104,29,44944,60
105,29,439743,58
106,29,407755,57
107,29,54089,54
108,29,42855,49
109,29,11587,43
110,29,122758,65
111,29,315029,54
112,29,20468,48
113,29,243197,69
114,29,85501,68
115,29,5639,63
116,29,35618,53
117,29,102658,56
118,29,268799,49
119,29,272057,50
120,29,44079,44
121,29,1266,44
122,29,1039230,53
123,29,394017,55
124,29,24167,50
125,29,5202,50
126,29,98187,43
127,29,12226,43
128,29,1498762,42
129,29,41468,57
130,29,145107,44
131,29,151349,51
132,29,41623,42
133,29,716929,68
134,29,140638,67
135,29,70717,56
136,29,5902,52
137,29,5759,54
138,29,44456,52
139,29,18220,49
140,29,9633,43
141,29,827010,57
142,29,169890,53
143,29,141466,52
144,29,81108,53
145,29,13095,49
146,29,10233,57
147,29,1194462,64
148,29,482271,53
149,29,525762,40
150,29,929590,83
151,29,177979,73
152,29,50722,64
153,29,30060,62
154,29,10236,53
155,29,461,50
156,29,1300,50
157,29,60551,43
158,29,42909,44
159,29,1021772,63
160,29,782364,53
161,29,648435,56
162,29,471466,52
163,29,26192,42
164,29,1184951,50
165,29,43888,41
166,29,2117734,96
167,29,29843,57
168,29,1059916,53
169,29,6535,42
170,29,11998,42
171,29,1475154,75
172,29,246115,61
173,29,2170,52
174,29,11593,51
175,29,18103,51
176,29,124596,50
177,29,11491,43
178,29,18321,43
179,29,61314,43
180,29,65084,43
181,29,1533717,70
182,29,3317844,78
183,29,3291071,66
184,29,391136,53
185,29,84558,52
186,29,14952,53
187,29,1152792,96
188,29,180209,51
189,29,740105,62
190,29,2507,45
191,29,3224071,128
192,29,1792129,124
193,29,54173,62
194,29,17013,63
195,29,9176,57
196,29,17151,58
197,29,74665,54
198,29,99660,54
199,29,174064,54
200,29,35573,53
201,29,426,45
202,29,147969,63
203,29,852022,57
204,29,87467,55
205,29,13499,53
206,29,174780,52
207,29,73701,53
208,29,177006,50
209,29,3195,50
210,29,1369119,119
211,29,248940,95
212,29,877151,60
213,29,22598,47
214,29,1174941,117
215,29,3529427,107
216,29,17047,93
217,29,781785,84
218,29,660240,78
219,29,315319,73
220,29,27337,51
221,29,50852,52
222,29,99918,52
223,29,9072,52
224,29,22227,54
225,29,85161,53
226,29,52328,54
227,29,9061,48
228,29,7548,49
229,29,6228,49
230,29,3321,49
231,29,11328,48
232,29,23190,85
233,29,711318,89
234,29,863305,43
235,29,838363,54
236,29,13451,47
237,29,7456,48
238,29,209347,83
239,29,873502,79
240,29,28394,68
241,29,55067,63
242,29,27325,62
243,29,425838,58
244,29,26805,53
245,29,6724,48
246,29,30736,49
247,29,26780,48
248,29,78278,49
249,29,45563,43
250,29,17511,43
251,29,15500,53
252,29,91620,50
253,29,5940,44
254,29,212483,45
255,29,12451,44
256,29,10508,43
257,29,4397,44
258,29,326244,43
259,29,17485,43
260,29,5890,51
261,29,1881,50
262,29,142126,50
263,29,8576,43
264,29,55790,40
265,29,675844,62
266,29,56161,58
267,29,8101,53
268,29,3395,47
269,29,42414,49
270,29,20500,50
271,29,376134,43
272,29,1968,43
273,29,11121,44
274,29,96948,43
275,29,2712,44
276,29,20285,44
277,29,210172,40
278,29,952405,65
279,29,2691,52
280,29,188336,45
281,29,463787,40
282,29,5096,62
283,29,53416,60
284,29,4515,53
285,29,4896,51
286,29,11487,48
287,29,1474267,48
288,29,16816,43
289,29,27521,45
290,29,42190,44
291,29,221450,51
292,29,7182,42
293,29,262444,47
294,29,831050,51
295,29,179423,46
296,29,159648,39
297,29,2843553,48
298,29,30267,56
299,29,8533,43
300,29,1331,52
301,29,418154,50
302,29,35226,49
303,29,12380,54
304,29,151899,46
305,29,63774,48
306,29,10440,46
307,29,61297,44
308,29,272459,45
309,29,60463,44
310,29,16351,42
311,29,116237,39
312,29,3447,60
313,29,2236518,72
314,29,14584,49
315,29,185749,46
316,29,2269,45
317,29,22506,43
318,29,337378,45
319,29,104963,42
320,29,43840,62
321,29,126427,57
322,29,1782,52
323,29,22882,52
324,29,3727,47
325,29,33945,48
326,29,2087,44
327,29,20977,44
328,29,116419,43
329,29,9217,53
330,29,118745,52
331,29,354754,53
332,29,98320,53
333,29,66494,53
334,29,9810,55
335,29,3051,48
336,29,433494,50
337,29,41686,44
338,29,632152,108
339,29,5220,45
340,29,252675,53
341,29,151787,42
342,29,334444,98
343,29,181452,86
344,29,340952,83
345,29,362915,71
346,29,84225,57
347,29,19360,52
348,29,7335,47
349,29,91565,48
350,29,14236,48
351,29,1090,44
352,29,51408,43
353,29,49771,46
354,29,33777,43
355,29,22440,43
356,29,23196,42
357,29,33165,42
358,29,248196,43
359,29,44741,40
360,29,23383,39
361,29,83922,39
362,29,149370,62
363,29,155959,61
364,29,26129,55
365,29,25541,47
366,29,316901,49
367,29,8094,43
368,29,216540,56
369,29,49442,56
370,29,21168,53
371,29,7448,48
372,29,1390,47
373,29,29766,48
374,29,15607,44
375,29,6656,43
376,29,88401,46
377,29,81746,45
378,29,32046,42
379,29,33973,42
380,29,23958,44
381,29,156410,43
382,29,25568,43
383,29,331765,40
384,29,198840,39
385,29,5279,70
386,29,25753,60
387,29,64343,43
388,29,149925,49
389,29,59659,69
390,29,190392,66
391,29,52307,62
392,29,55161,52
393,29,138651,53
394,29,13826,47
395,29,113029,47
396,29,95459,50
397,29,37088,43
398,29,5522,43
399,29,28867,60
400,29,2631,45
401,29,588748,62
402,29,67816,54
403,29,142028,50
404,29,21211,48
405,29,236847,48
406,29,17304,42
407,29,245666,45
408,29,149162,40
409,29,2381416,80
410,29,676711,63
411,29,724566,51
412,29,28014,43
413,29,51916,39
414,29,339097,52
415,29,385132,54
416,29,3994,47
417,29,1265885,58
418,29,1287,49
419,29,688,49
420,29,683158,44
421,29,31114,58
422,29,22052,52
423,29,104408,45
427,29,17898,43
428,29,62594,55
429,29,6364,43
430,29,6395,46
431,29,255887,69
432,29,69659,53
433,29,7482,47
434,29,4355,53
435,29,3413,51
436,29,6602,43
437,29,23497,53
438,29,7065,52
439,29,12295,48
440,29,11786,47
441,29,4968,51
442,29,168393,58
443,29,146618,54
444,29,25474,42
445,29,190557,45
446,29,6248,43
447,29,299514,42
448,29,318741,62
449,29,21772,44
450,29,21802,44
451,29,25935,57
452,29,6771,43
453,29,16148,50
454,29,7924,44
455,29,32494,44
456,29,5484,46
457,29,171745,68
458,29,35015,44
459,29,109540,47
460,29,1147669,75
461,29,36370,66
462,29,2406,52
463,29,1151727,61
464,29,35588,42
465,29,79736,52
466,29,64117,55
467,29,45603,43
468,29,618556,51
469,29,229156,52
470,29,284393,44
471,29,1193462,52
472,29,2604,47
473,29,16155,46
474,29,6117,43
475,29,13635,45
476,29,16913,50
477,29,9751,43
478,29,153762,44
479,29,18511,43
480,29,20497,43
481,29,7406,44
482,29,8602,43
483,29,566,48
484,29,51570,39
485,29,2598,42
486,29,14788,48
487,29,34364,55
488,29,425610,92
489,29,7794,53
490,29,12990,47
491,29,51012,44
492,29,1999,58
493,29,46945,44
494,29,261731,46
495,29,5610,43
496,29,105066,64
497,29,2091,48
498,29,58061,44
499,29,2219,48
500,29,38231,54
501,29,18033,57
502,29,125049,58
503,29,103477,44
504,29,217086,45
505,29,132966,58
506,29,68783,50
507,29,5973,45
508,29,7399,55
509,29,61920,43
510,29,10991,45
511,29,78501,51
512,29,8841,58
513,29,14756,44
514,29,2632,57
515,29,23850,53
516,29,50866,48
517,29,6329,53
518,29,57546,52
519,29,4437,43
520,29,6276,54
521,29,3373,44
522,29,10517,44
523,29,27265,73
524,29,5140,54
525,29,203060,63
526,29,162385,40
527,29,855,50
528,29,14868,50
529,29,131596,43
530,29,1916,42
531,29,2183,44
532,29,2363,42
533,29,7169,45
534,29,85345,43
535,29,7101,45
536,29,13671,40
537,29,7913,45
538,29,9030,44
539,29,1649,45
540,29,12661,45
541,29,397432,46
542,29,10177,40
543,29,38206,40
544,29,3605,45
545,29,5725,40
546,29,42312,40
547,29,6531,44
548,29,11470,40
549,29,395632,41
550,29,766,45
551,29,5613,40
552,29,4244,40
553,29,118976,40
554,29,3220,50
555,29,1717,43
556,29,32365,40
557,29,613,45
558,29,13625,40
559,29,3567,45
560,29,1712,45
561,29,3292,45
562,29,5755,40
563,29,751,45
564,29,537,45
565,29,408,45
566,29,544,45
567,29,1309,45
568,29,311,44
569,29,494,45
570,29,2940,45
571,29,474,45
572,29,3296,39
573,29,6620,40
574,29,265,45
575,29,4878,40
576,29,3026,43
577,29,3475,40
578,29,2873,40
579,29,3239,40
580,29,355,45
581,29,761,45
582,29,11115,40
583,29,186882,41
584,29,475,45
585,29,367,45
586,29,8112,40
587,29,5562,40
588,29,227,45
589,29,246,40
590,29,3693,61
591,29,723,45
592,29,1129,49
593,29,8746,40
594,29,2503,40
595,29,429,45
596,29,1992,40
597,29,2439,39
598,29,858,45
599,29,7766,39
600,29,499,45
601,29,7765,48
602,29,1024,45
603,29,37967,45
604,29,299,47
605,29,2105,47
606,29,7418,41
607,29,4985,39
608,29,130,45
609,29,711,45
610,29,2156,40
611,29,2274,40
612,29,1854,50
613,29,18162,59
614,29,528,54
615,29,165476,75
616,29,520,49
617,29,2974,48
618,29,1036914,84
619,29,1292,52
620,29,336,49
621,29,7101,49
622,29,886,48
623,29,264,55
624,29,49735,65
625,29,286,45
626,29,9840,65
627,29,549,55
628,29,149,40
629,29,139,40
630,29,0,45
631,29,0,45
1,39,28416,51
2,39,104617,55
3,39,38306,52
4,39,174895,45
5,39,120079,48
6,39,17986,50
7,39,5639,50
8,39,2816,43
9,39,1574,45
10,39,8469,44
11,39,2209579,111
12,39,189462,94
13,39,141245,44
14,39,614482,50
15,39,164952,73
16,39,55614,67
17,39,66162,56
18,39,66357,51
19,39,85585,47
20,39,39256,42
21,39,564236,42
22,39,68762,41
23,39,3690,42
24,39,18193,42
25,39,5304,44
26,39,5795,54
27,39,24213,43
28,39,11538,57
29,39,2035690,64
30,39,94136,55
31,39,296692,54
32,39,765,48
33,39,2315,45
34,39,18628,43
35,39,26831,44
36,39,13170,58
37,39,64502,48
38,39,39372,43
39,39,8094,43
40,39,3673,43
41,39,6849,42
42,39,807623,47
43,39,842,43
44,39,53915,54
45,39,5442,52
46,39,25717,47
47,39,898342,47
48,39,1451778,39
49,39,35259,62
50,39,7653,58
51,39,221,54
52,39,656,53
53,39,1573,50
54,39,25293,48
55,39,14048,46
56,39,11347,43
57,39,119548,44
58,39,16910,50
59,39,499068,48
60,39,5318,42
61,39,46394,43
62,39,2772,44
63,39,31062,43
64,39,3898,44
65,39,607844,42
66,39,610006,39
67,39,349206,74
68,39,258916,61
69,39,24761,51
70,39,254549,45
71,39,41626,43
72,39,52001,42
73,39,18545,42
74,39,11616,42
75,39,195780,68
76,39,9307,62
77,39,1489,59
78,39,11605,46
79,39,3360,50
80,39,2755,47
81,39,4626,49
82,39,10603,48
83,39,82012,50
84,39,257040,52
85,39,25560,42
86,39,17981,43
87,39,139883,43
88,39,8795,43
89,39,172282,39
90,39,161108,61
91,39,81948,61
92,39,11300,53
93,39,1299041,49
94,39,171126,43
95,39,79950,42
96,39,30305,59
97,39,65855,61
98,39,3710,55
99,39,279,55
100,39,8629,54
101,39,50356,55
102,39,12964,49
103,39,277686,62
104,39,50442,60
105,39,445375,59
106,39,444821,57
107,39,54515,54
108,39,43135,48
109,39,11544,42
110,39,125561,66
111,39,320726,54
112,39,18493,48
113,39,299561,70
114,39,91860,68
115,39,13763,63
116,39,35524,52
117,39,118844,57
118,39,219652,49
119,39,281138,50
120,39,44080,44
121,39,1259,43
122,39,1101595,53
123,39,404494,56
124,39,22126,50
125,39,6025,50
126,39,102449,43
127,39,17691,43
128,39,1430861,41
129,39,41302,57
130,39,140956,43
131,39,138344,50
132,39,42907,42
133,39,677894,67
134,39,140426,67
135,39,71214,56
136,39,5988,52
137,39,5995,54
138,39,44632,52
139,39,18032,49
140,39,9106,43
141,39,799098,57
142,39,156291,53
143,39,139859,52
144,39,80360,53
145,39,13549,49
146,39,9308,57
147,39,918029,65
148,39,462594,52
149,39,542263,39
150,39,789370,83
151,39,178655,73
152,39,48962,64
153,39,29377,62
154,39,10205,53
155,39,463,50
156,39,1304,50
157,39,62017,43
158,39,40939,44
159,39,744859,63
160,39,811817,53
161,39,641464,55
162,39,445550,53
163,39,27054,42
164,39,1148862,49
165,39,44886,41
166,39,2101681,97
167,39,28488,57
168,39,985673,54
169,39,6582,42
170,39,12039,42
171,39,1304440,75
172,39,288592,62
173,39,2158,51
174,39,12703,51
175,39,18529,50
176,39,130493,50
177,39,12333,43
178,39,22906,42
179,39,61440,43
180,39,60527,43
181,39,1366439,70
182,39,3162196,78
183,39,3249515,65
184,39,304252,53
185,39,85326,52
186,39,15160,53
187,39,940790,95
188,39,183541,51
189,39,680992,62
190,39,2510,45
191,39,2755990,127
192,39,1808160,125
193,39,46766,62
194,39,16933,63
195,39,9349,57
196,39,20122,58
197,39,75629,54
198,39,144293,53
199,39,170088,54
200,39,35991,53
201,39,408,45
202,39,261054,63
203,39,934955,56
204,39,99711,55
205,39,13276,53
206,39,178240,52
207,39,77059,53
208,39,210694,49
209,39,3192,50
210,39,1850460,118
211,39,238361,96
212,39,968409,60
213,39,22977,47
214,39,1311922,117
215,39,3825649,106
216,39,26713,93
217,39,729679,85
218,39,673462,77
219,39,332149,73
220,39,27431,51
221,39,53605,51
222,39,101098,52
223,39,9087,52
224,39,22038,54
225,39,85550,53
226,39,56273,54
227,39,9030,48
228,39,7670,49
229,39,6416,49
230,39,3302,49
231,39,11394,47
232,39,23202,85
233,39,1062974,88
234,39,871059,43
235,39,851068,53
236,39,13970,46
237,39,7553,47
238,39,245982,83
239,39,841904,80
240,39,28357,68
241,39,55583,63
242,39,27417,61
243,39,415592,58
244,39,26827,53
245,39,6921,47
246,39,29955,48
247,39,27589,48
248,39,86967,49
249,39,42600,43
250,39,16873,43
251,39,15307,53
252,39,91868,50
253,39,6767,44
254,39,241228,46
255,39,12407,43
256,39,10743,43
257,39,3957,44
258,39,388988,43
259,39,16695,43
260,39,6126,51
261,39,1872,50
262,39,136085,51
263,39,9170,43
264,39,57626,39
265,39,453720,62
266,39,50719,58
267,39,8287,53
268,39,3358,47
269,39,44919,49
270,39,19809,50
271,39,310779,44
272,39,2239,43
273,39,11505,44
274,39,109844,43
275,39,2917,44
276,39,20897,44
277,39,176202,41
278,39,1005641,65
279,39,2658,52
280,39,186624,46
281,39,411187,41
282,39,5309,62
283,39,54989,60
284,39,4609,53
285,39,4992,50
286,39,11583,48
287,39,1477337,47
288,39,16097,43
289,39,25492,45
290,39,44149,43
291,39,351485,52
292,39,7668,42
293,39,235289,47
294,39,996506,51
295,39,378509,46
296,39,148560,39
297,39,3239773,49
298,39,51358,56
299,39,8619,43
300,39,1327,52
301,39,464185,50
302,39,74335,49
303,39,14520,54
304,39,149378,45
305,39,56699,48
306,39,11486,46
307,39,56868,44
308,39,177956,44
309,39,205836,44
310,39,15770,41
311,39,106795,39
312,39,3449,60
313,39,1716450,71
314,39,15360,49
315,39,182806,47
316,39,2238,45
317,39,22073,42
318,39,260089,45
319,39,104170,42
320,39,43946,62
321,39,108060,57
322,39,1775,52
323,39,15188,52
324,39,3711,46
325,39,31531,48
326,39,2388,44
327,39,20052,44
328,39,105914,43
329,39,9654,53
330,39,117239,52
331,39,346404,53
332,39,97452,53
333,39,66460,53
334,39,9852,55
335,39,3369,48
336,39,351092,49
337,39,39001,44
338,39,686708,108
339,39,5182,45
340,39,254448,53
341,39,130044,42
342,39,444429,97
343,39,179183,86
344,39,264259,83
345,39,319902,71
346,39,84172,57
347,39,19290,52
348,39,7106,47
349,39,92560,48
350,39,14715,48
351,39,1164,44
352,39,48170,43
353,39,50306,46
354,39,30203,43
355,39,17463,43
356,39,19778,42
357,39,32862,42
358,39,265433,43
359,39,51088,40
360,39,21950,39
361,39,79272,39
362,39,128381,62
363,39,138991,61
364,39,27102,55
365,39,26393,47
366,39,270550,49
367,39,7848,42
368,39,169110,56
369,39,48870,56
370,39,21045,53
371,39,7541,48
372,39,1421,47
373,39,27041,48
374,39,14936,44
375,39,7780,43
376,39,85564,45
377,39,71625,45
378,39,35330,41
379,39,35430,41
380,39,23539,44
381,39,150537,43
382,39,23335,43
383,39,297205,39
384,39,178000,40
385,39,5290,70
386,39,25625,60
387,39,65881,43
388,39,146010,49
389,39,57924,69
390,39,190431,66
391,39,51858,61
392,39,54544,52
393,39,89534,52
394,39,14817,46
395,39,109059,47
396,39,73922,50
397,39,35002,43
398,39,5224,43
399,39,27063,60
400,39,2592,45
401,39,680245,63
402,39,69160,54
403,39,145718,51
404,39,20834,48
405,39,239638,48
406,39,17982,42
407,39,291833,46
408,39,225199,39
409,39,2245032,81
410,39,601277,64
411,39,704921,52
412,39,28099,42
413,39,51378,39
414,39,342612,52
415,39,370668,54
416,39,4031,47
417,39,1229990,57
418,39,1309,48
419,39,686,49
420,39,627913,44
421,39,24905,58
422,39,22152,52
423,39,144901,46
427,39,18873,42
428,39,61116,54
429,39,6512,43
430,39,6807,46
431,39,274050,69
432,39,70427,53
433,39,27196,47
434,39,4518,53
435,39,3397,50
436,39,6998,43
437,39,23726,53
438,39,5296,52
439,39,12277,48
440,39,11486,46
441,39,5763,50
442,39,168736,58
443,39,124961,55
444,39,27331,41
445,39,256648,44
446,39,6600,43
447,39,288124,42
448,39,304656,61
449,39,20924,44
450,39,20210,44
451,39,23526,57
452,39,7100,43
453,39,15675,49
454,39,7875,43
455,39,35546,43
456,39,5290,45
457,39,169474,68
458,39,36842,44
459,39,111072,47
460,39,1229915,75
461,39,36854,66
462,39,2395,52
463,39,1174896,62
464,39,34206,42
465,39,82883,52
466,39,67372,55
467,39,44251,43
468,39,663929,52
469,39,233648,52
470,39,345093,44
471,39,1526482,53
472,39,2770,47
473,39,15907,46
474,39,6025,42
475,39,14063,45
476,39,13118,50
477,39,9538,42
478,39,115063,43
479,39,17673,42
480,39,30698,42
481,39,7525,44
482,39,8257,43
483,39,576,47
484,39,48583,39
485,39,2589,42
486,39,16509,48
487,39,34024,54
488,39,382762,93
489,39,8381,53
490,39,14041,47
491,39,48897,44
492,39,2105,58
493,39,36338,45
494,39,274431,45
495,39,5716,43
496,39,104870,63
497,39,2080,48
498,39,50800,43
499,39,2217,48
500,39,53149,54
501,39,50630,57
502,39,114284,57
503,39,108794,44
504,39,224625,44
505,39,133359,58
506,39,61750,51
507,39,5712,45
508,39,7595,55
509,39,59590,43
510,39,10649,45
511,39,60687,50
512,39,10067,58
513,39,15461,43
514,39,2765,56
515,39,34712,53
516,39,38018,48
517,39,6255,53
518,39,58981,51
519,39,4482,43
520,39,6761,54
521,39,3724,44
522,39,11535,43
523,39,29764,73
524,39,5325,54
525,39,171114,64
526,39,158546,40
527,39,866,50
528,39,12504,50
529,39,140637,42
530,39,1982,42
531,39,2382,44
532,39,2666,42
533,39,29818,45
534,39,132408,42
535,39,7489,44
536,39,12738,40
537,39,7889,45
538,39,9503,44
539,39,1717,45
540,39,11126,45
541,39,400726,47
542,39,11351,39
543,39,36350,40
544,39,3910,45
545,39,6246,39
546,39,48473,40
547,39,7061,44
548,39,11163,40
549,39,315729,42
550,39,1076,45
551,39,5606,40
552,39,4651,39
553,39,203561,39
554,39,4744,50
555,39,1977,42
556,39,32596,40
557,39,962,45
558,39,13193,40
559,39,3507,45
560,39,1881,45
561,39,3840,45
562,39,5451,40
563,39,883,45
564,39,663,45
565,39,539,45
566,39,620,45
567,39,1372,45
568,39,570,44
569,39,776,45
570,39,3692,45
571,39,599,45
572,39,2812,39
573,39,6594,40
574,39,260,44
575,39,7896,40
576,39,2538,43
577,39,5110,40
578,39,10385,39
579,39,4842,40
580,39,483,45
581,39,751,45
582,39,10537,40
583,39,106010,41
584,39,600,45
585,39,387,44
586,39,10092,40
587,39,8395,40
588,39,341,45
589,39,669,39
590,39,4339,60
591,39,1126,45
592,39,1899,49
593,39,16833,40
594,39,4160,40
595,39,606,45
596,39,3392,40
597,39,2271,39
598,39,1352,45
599,39,6835,39
600,39,852,45
601,39,9998,47
602,39,816,45
603,39,120730,45
604,39,387,47
605,39,2221,47
606,39,9345,40
607,39,10475,39
608,39,108,45
609,39,1060,45
610,39,4351,40
611,39,7564,40
612,39,1776,49
613,39,87268,58
614,39,615,54
615,39,74687,74
616,39,903,49
617,39,7767,48
618,39,1304122,86
619,39,1236,51
620,39,401,48
621,39,7591,48
622,39,1516,47
623,39,1012,55
624,39,49299,65
625,39,686,45
626,39,11138,65
627,39,924,55
628,39,1237,40
629,39,507,40
630,39,270,45
631,39,777,45
632,39,0,45
633,39,0,45
634,39,0,45
635,39,0,40
636,39,0,40
637,39,0,40
638,39,0,40
639,39,0,40
640,39,0,45
641,39,0,40
1,40,28015,51
2,40,88416,55
3,40,37493,52
4,40,172325,45
5,40,106437,48
6,40,17962,50
7,40,5635,50
8,40,2802,43
9,40,1575,45
10,40,9495,44
11,40,1897324,110
12,40,163613,93
13,40,133351,44
14,40,423066,49
15,40,112123,72
16,40,55529,67
17,40,66529,56
18,40,55750,51
19,40,82324,47
20,40,39565,42
21,40,595730,42
22,40,68783,41
23,40,3652,42
24,40,17981,42
25,40,7203,44
26,40,5780,54
27,40,32212,43
28,40,11440,57
29,40,1767780,64
30,40,73414,55
31,40,246731,54
32,40,770,48
33,40,2301,45
34,40,26137,43
35,40,26600,44
36,40,12516,58
37,40,64444,48
38,40,39246,43
39,40,8089,43
40,40,3654,43
41,40,6826,42
42,40,832555,47
43,40,843,43
44,40,53729,54
45,40,5432,52
46,40,25653,47
47,40,902015,47
48,40,1466870,39
49,40,35114,62
50,40,7621,58
51,40,210,54
52,40,659,53
53,40,1642,50
54,40,25173,48
55,40,14055,46
56,40,11174,43
57,40,118788,44
58,40,16924,50
59,40,493782,48
60,40,5324,42
61,40,46355,43
62,40,2753,44
63,40,30486,43
64,40,3932,44
65,40,594470,42
66,40,628962,39
67,40,343533,74
68,40,253307,61
69,40,24741,51
70,40,231765,45
71,40,41755,43
72,40,51772,42
73,40,18494,42
74,40,11537,42
75,40,193392,68
76,40,9382,62
77,40,1492,59
78,40,11579,46
79,40,3377,50
80,40,2750,47
81,40,4468,49
82,40,10424,48
83,40,83008,50
84,40,259391,52
85,40,27484,42
86,40,17876,43
87,40,151510,43
88,40,8911,43
89,40,171545,39
90,40,160316,61
91,40,75859,61
92,40,11179,53
93,40,1451982,49
94,40,169278,43
95,40,80446,42
96,40,30226,59
97,40,64975,61
98,40,3739,55
99,40,275,55
100,40,8523,54
101,40,49803,55
102,40,12972,49
103,40,268483,62
104,40,50621,60
105,40,459175,59
106,40,384316,57
107,40,54458,54
108,40,43772,48
109,40,11529,42
110,40,132306,66
111,40,320719,54
112,40,18266,48
113,40,288713,70
114,40,89999,68
115,40,12437,63
116,40,34321,52
117,40,114551,57
118,40,216820,49
119,40,283608,50
120,40,43461,44
121,40,1256,43
122,40,1140117,53
123,40,412277,56
124,40,21220,50
125,40,6226,50
126,40,106978,43
127,40,18334,43
128,40,1373540,41
129,40,41307,57
130,40,140399,43
131,40,139797,50
132,40,42620,42
133,40,675901,67
134,40,144133,67
135,40,71132,56
136,40,5978,52
137,40,5879,54
138,40,44386,52
139,40,17944,49
140,40,9030,43
141,40,815865,57
142,40,153624,53
143,40,141033,52
144,40,83486,53
145,40,13756,49
146,40,9160,57
147,40,1061802,65
148,40,484770,52
149,40,545556,39
150,40,851079,83
151,40,178954,73
152,40,49106,64
153,40,29008,62
154,40,10496,53
155,40,465,50
156,40,1293,50
157,40,62313,43
158,40,40564,44
159,40,687444,63
160,40,843884,53
161,40,722971,55
162,40,451036,53
163,40,27159,42
164,40,1173730,49
165,40,45304,41
166,40,2255975,97
167,40,28356,57
168,40,1017654,54
169,40,6620,42
170,40,12073,42
171,40,1301711,75
172,40,294666,62
173,40,2154,51
174,40,12887,51
175,40,19632,50
176,40,131778,50
177,40,12387,43
178,40,20958,42
179,40,61338,43
180,40,60008,43
181,40,1358952,70
182,40,3234163,78
183,40,3309746,65
184,40,306286,53
185,40,85090,52
186,40,15383,53
187,40,935188,95
188,40,183553,51
189,40,712481,62
190,40,2515,45
191,40,2802123,127
192,40,1862270,125
193,40,46125,62
194,40,16877,63
195,40,9409,57
196,40,20425,58
197,40,76094,54
198,40,149118,53
199,40,168313,54
200,40,35643,53
201,40,406,45
202,40,244402,63
203,40,917859,56
204,40,99077,55
205,40,13158,53
206,40,177184,52
207,40,74517,53
208,40,195626,49
209,40,3185,50
210,40,1257056,118
211,40,268289,96
212,40,939800,60
213,40,23041,47
214,40,1241572,117
215,40,3846505,106
216,40,22887,92
217,40,716269,85
218,40,657346,77
219,40,329137,73
220,40,81958,51
221,40,52802,51
222,40,99044,52
223,40,9084,52
224,40,21942,54
225,40,84842,53
226,40,59138,54
227,40,9010,48
228,40,7866,49
229,40,6442,49
230,40,3297,49
231,40,11337,47
232,40,23200,85
233,40,1293319,89
234,40,879804,43
235,40,884033,53
236,40,14098,46
237,40,7614,47
238,40,290322,83
239,40,844178,80
240,40,28349,68
241,40,55638,63
242,40,27350,61
243,40,411470,58
244,40,26280,53
245,40,6934,47
246,40,29520,48
247,40,27304,48
248,40,87637,49
249,40,42044,43
250,40,16734,43
251,40,70212,53
252,40,91834,50
253,40,6925,44
254,40,269527,46
255,40,12216,43
256,40,12899,43
257,40,3735,44
258,40,457374,43
259,40,16511,43
260,40,6163,51
261,40,1871,50
262,40,193438,51
263,40,9186,43
264,40,58380,39
265,40,439797,62
266,40,56907,58
267,40,8281,53
268,40,3349,47
269,40,47059,49
270,40,19542,50
271,40,328962,44
272,40,2301,43
273,40,11574,44
274,40,104711,43
275,40,2718,44
276,40,20472,44
277,40,165010,41
278,40,974062,65
279,40,2647,52
280,40,185699,46
281,40,405620,41
282,40,5340,62
283,40,54313,60
284,40,4628,53
285,40,4990,50
286,40,11566,48
287,40,1416854,47
288,40,15967,43
289,40,24767,45
290,40,44825,43
291,40,281076,52
292,40,7736,42
293,40,194899,46
294,40,912292,51
295,40,253023,46
296,40,147776,39
297,40,3095824,49
298,40,44568,56
299,40,8667,43
300,40,1331,52
301,40,391805,49
302,40,58176,49
303,40,13826,54
304,40,148551,45
305,40,58257,48
306,40,12028,46
307,40,58164,44
308,40,183169,44
309,40,138091,44
310,40,15638,41
311,40,105745,39
312,40,3444,60
313,40,1900338,72
314,40,18321,49
315,40,171648,47
316,40,2222,45
317,40,21990,42
318,40,281519,45
319,40,102732,42
320,40,49420,62
321,40,107281,57
322,40,1776,52
323,40,35364,52
324,40,3706,46
325,40,31629,48
326,40,2378,44
327,40,19845,44
328,40,103690,43
329,40,11176,53
330,40,116958,52
331,40,344493,53
332,40,98249,53
333,40,68537,53
334,40,9859,55
335,40,3412,48
336,40,457555,49
337,40,38973,44
338,40,815428,108
339,40,5180,45
340,40,284244,53
341,40,125503,42
342,40,605136,97
343,40,178371,86
344,40,262446,83
345,40,308905,71
346,40,86184,57
347,40,19584,52
348,40,7046,47
349,40,94238,48
350,40,15070,48
351,40,1157,44
352,40,47613,43
353,40,50399,46
354,40,35947,43
355,40,26445,43
356,40,19817,42
357,40,53275,42
358,40,258985,43
359,40,49065,40
360,40,22033,39
361,40,79543,39
362,40,129937,62
363,40,136099,61
364,40,27163,55
365,40,25924,47
366,40,284959,49
367,40,7793,42
368,40,168533,56
369,40,48861,56
370,40,21054,53
371,40,7555,48
372,40,1399,47
373,40,27217,48
374,40,14851,44
375,40,7796,43
376,40,85126,45
377,40,68266,45
378,40,34826,41
379,40,35771,41
380,40,23565,44
381,40,150109,43
382,40,23152,43
383,40,295956,39
384,40,176666,40
385,40,5293,70
386,40,25588,60
387,40,66169,43
388,40,147067,49
389,40,57317,69
390,40,190333,66
391,40,51792,61
392,40,54333,52
393,40,75539,52
394,40,14808,46
395,40,108488,47
396,40,72459,50
397,40,34612,43
398,40,5218,43
399,40,26682,60
400,40,2581,45
401,40,841701,63
402,40,73502,54
403,40,152446,51
404,40,20837,48
405,40,249399,48
406,40,17724,42
407,40,343704,46
408,40,224828,39
409,40,2565752,82
410,40,580947,64
411,40,794384,52
412,40,28105,42
413,40,50219,39
414,40,344170,52
415,40,368634,54
416,40,4040,47
417,40,1319608,57
418,40,1317,48
419,40,681,49
420,40,622806,44
421,40,24579,58
422,40,22633,52
423,40,135512,46
427,40,92560,42
428,40,60721,54
429,40,6473,43
430,40,6776,46
431,40,292191,69
432,40,70397,53
433,40,37903,47
434,40,4665,53
435,40,3392,50
436,40,7727,43
437,40,23737,53
438,40,5160,52
439,40,15048,48
440,40,11418,46
441,40,5623,50
442,40,168269,58
443,40,113872,55
444,40,27389,41
445,40,237448,44
446,40,6534,43
447,40,287889,42
448,40,302904,61
449,40,20725,44
450,40,20014,44
451,40,24335,57
452,40,7472,43
453,40,15602,49
454,40,7702,43
455,40,32557,43
456,40,5249,45
457,40,163488,68
458,40,33487,44
459,40,110279,47
460,40,1183260,75
461,40,36820,66
462,40,2393,52
463,40,1142613,62
464,40,33768,42
465,40,80711,52
466,40,83116,55
467,40,44003,43
468,40,674456,52
469,40,229530,52
470,40,316311,44
471,40,1261211,53
472,40,2723,47
473,40,15845,46
474,40,5967,42
475,40,14245,45
476,40,12602,50
477,40,9472,42
478,40,153370,43
479,40,17550,42
480,40,29070,42
481,40,7431,44
482,40,8257,43
483,40,582,47
484,40,48443,39
485,40,2573,42
486,40,15237,48
487,40,33916,54
488,40,322202,93
489,40,8156,53
490,40,14035,47
491,40,48209,44
492,40,2148,58
493,40,36694,45
494,40,266253,45
495,40,5796,43
496,40,104949,63
497,40,2077,48
498,40,49878,43
499,40,2210,48
500,40,109501,54
501,40,34871,57
502,40,132582,57
503,40,113531,44
504,40,212334,44
505,40,129281,58
506,40,57891,51
507,40,5671,45
508,40,7603,55
509,40,58957,43
510,40,10626,45
511,40,57211,50
512,40,10246,58
513,40,15533,43
514,40,2769,56
515,40,32469,53
516,40,36931,48
517,40,6005,53
518,40,58634,51
519,40,4519,43
520,40,6908,54
521,40,3871,44
522,40,11352,43
523,40,29293,73
524,40,5331,54
525,40,170578,64
526,40,156403,40
527,40,862,50
528,40,16472,50
529,40,133825,42
530,40,2006,42
531,40,2361,44
532,40,2691,42
533,40,27211,45
534,40,148214,42
535,40,7532,44
536,40,12610,40
537,40,7804,45
538,40,9658,44
539,40,1746,45
540,40,10770,45
541,40,404723,47
542,40,11941,39
543,40,36040,40
544,40,4093,45
545,40,6367,39
546,40,53348,40
547,40,7092,44
548,40,11069,40
549,40,305168,42
550,40,1084,45
551,40,5641,40
552,40,4764,39
553,40,227142,39
554,40,4861,50
555,40,2013,42
556,40,32427,40
557,40,966,45
558,40,13131,40
559,40,3506,45
560,40,1925,45
561,40,4196,45
562,40,5507,40
563,40,883,45
564,40,696,45
565,40,545,45
566,40,655,45
567,40,1402,45
568,40,594,44
569,40,780,45
570,40,3852,45
571,40,611,45
572,40,2884,39
573,40,6622,40
574,40,264,44
575,40,8215,40
576,40,2441,43
577,40,5296,40
578,40,11716,39
579,40,5120,40
580,40,495,45
581,40,740,45
582,40,10568,40
583,40,95789,41
584,40,618,45
585,40,401,44
586,40,10290,40
587,40,8708,40
588,40,352,45
589,40,670,39
590,40,4489,60
591,40,1118,45
592,40,2087,49
593,40,24679,40
594,40,4587,40
595,40,630,45
596,40,3562,40
597,40,2384,39
598,40,1463,45
599,40,7075,39
600,40,847,45
601,40,7723,47
602,40,780,45
603,40,73212,44
604,40,375,47
605,40,2239,47
606,40,9361,40
607,40,8804,39
608,40,105,45
609,40,1091,45
610,40,4800,40
611,40,51043,40
612,40,1737,49
613,40,45207,57
614,40,619,54
615,40,151574,74
616,40,870,49
617,40,4647,47
618,40,1557042,87
619,40,1151,51
620,40,424,48
621,40,6919,48
622,40,1668,47
623,40,800,54
624,40,43865,64
625,40,643,45
626,40,10362,64
627,40,1028,55
628,40,1361,40
629,40,606,40
630,40,274,45
631,40,906,45
632,40,68,45
633,40,30,45
634,40,57,45
635,40,225,40
636,40,496,40
637,40,246,40
638,40,114,40
639,40,125,40
640,40,91,45
641,40,187,40
642,40,0,40
643,40,0,45
644,40,0,45
645,40,0,40
646,40,0,40
647,40,0,40
1,41,29741,51
2,41,95522,54
3,41,37479,52
4,41,171302,45
5,41,104861,48
6,41,17956,50
7,41,5635,50
8,41,2792,43
9,41,1577,45
10,41,16207,44
11,41,1886191,110
12,41,158792,93
13,41,180452,44
14,41,385400,49
15,41,98197,71
16,41,55492,67
17,41,66911,56
18,41,54852,51
19,41,80770,47
20,41,39026,42
21,41,591853,42
22,41,75221,41
23,41,3635,42
24,41,17885,42
25,41,7713,44
26,41,5776,54
27,41,33795,43
28,41,11525,57
29,41,1575030,63
30,41,68758,54
31,41,234757,54
32,41,775,48
33,41,2305,45
34,41,25961,43
35,41,26442,44
36,41,12120,57
37,41,64577,48
38,41,38738,43
39,41,8064,43
40,41,3651,43
41,41,6806,42
42,41,846815,47
43,41,845,43
44,41,53597,54
45,41,5438,52
46,41,25631,47
47,41,899803,47
48,41,1459837,39
49,41,34765,62
50,41,7531,58
51,41,221,54
52,41,663,53
53,41,1663,50
54,41,24906,48
55,41,14043,46
56,41,11079,43
57,41,118440,44
58,41,17022,50
59,41,494505,48
60,41,5301,42
61,41,46253,43
62,41,2721,44
63,41,30835,43
64,41,3974,44
65,41,579680,42
66,41,632875,39
67,41,330022,74
68,41,249061,61
69,41,24837,51
70,41,220629,44
71,41,41733,43
72,41,51606,42
73,41,18459,42
74,41,11513,42
75,41,190124,68
76,41,9425,62
77,41,1520,59
78,41,11339,46
79,41,3434,50
80,41,2739,47
81,41,4355,49
82,41,10375,48
83,41,84828,50
84,41,260107,52
85,41,33325,42
86,41,17266,43
87,41,153445,43
88,41,8929,43
89,41,170063,39
90,41,159766,61
91,41,70318,61
92,41,10969,53
93,41,1466114,50
94,41,167944,43
95,41,80318,42
96,41,30184,59
97,41,65806,61
98,41,3648,55
99,41,281,55
100,41,8392,54
101,41,48820,55
102,41,13017,49
103,41,285563,62
104,41,52732,60
105,41,511935,59
106,41,374803,57
107,41,54380,54
108,41,49121,48
109,41,11521,42
110,41,150477,66
111,41,329072,54
112,41,18162,48
113,41,340594,70
114,41,89056,68
115,41,10765,61
116,41,32657,52
117,41,112187,57
118,41,216930,49
119,41,285552,50
120,41,43025,44
121,41,1266,43
122,41,1247577,54
123,41,444988,56
124,41,20241,50
125,41,6494,50
126,41,114484,43
127,41,18497,43
128,41,1299861,41
129,41,40588,57
130,41,139824,43
131,41,131303,50
132,41,45336,42
133,41,646427,67
134,41,147487,67
135,41,71518,56
136,41,6025,52
137,41,5785,54
138,41,45109,52
139,41,18151,49
140,41,8934,43
141,41,827102,57
142,41,151348,53
143,41,152443,52
144,41,84319,53
145,41,13800,49
146,41,9092,57
147,41,1002711,65
148,41,483765,52
149,41,546854,39
150,41,791784,83
151,41,178210,73
152,41,49124,64
153,41,28836,62
154,41,10476,53
155,41,464,50
156,41,1288,50
157,41,63437,43
158,41,40257,44
159,41,654700,63
160,41,852649,53
161,41,748829,56
162,41,448722,53
163,41,27074,42
164,41,1182526,49
165,41,45348,41
166,41,2088522,98
167,41,28329,57
168,41,1038985,54
169,41,6626,42
170,41,12081,42
171,41,1247229,75
172,41,238689,61
173,41,2155,51
174,41,12684,51
175,41,20647,50
176,41,131448,50
177,41,12364,43
178,41,21169,42
179,41,62573,43
180,41,59064,43
181,41,1341956,70
182,41,3219744,78
183,41,3289026,65
184,41,296779,53
185,41,84159,52
186,41,15333,53
187,41,891197,95
188,41,183650,51
189,41,707320,62
190,41,2514,45
191,41,2756082,127
192,41,1818352,125
193,41,44577,62
194,41,16865,63
195,41,9411,57
196,41,19851,58
197,41,88901,54
198,41,147897,53
199,41,166025,54
200,41,35272,53
201,41,415,45
202,41,237066,63
203,41,899997,56
204,41,92812,55
205,41,13072,53
206,41,176574,52
207,41,73365,53
208,41,185625,48
209,41,3181,50
210,41,1036311,117
211,41,278967,96
212,41,929534,60
213,41,23057,47
214,41,1206191,117
215,41,3832840,107
216,41,21277,91
217,41,728552,85
218,41,642711,77
219,41,322947,73
220,41,98948,52
221,41,50784,51
222,41,97192,52
223,41,9087,52
224,41,21898,54
225,41,85834,53
226,41,61660,54
227,41,8989,48
228,41,7540,49
229,41,6448,49
230,41,3292,49
231,41,11285,47
232,41,23196,85
233,41,1567460,90
234,41,874433,43
235,41,899359,53
236,41,14137,46
237,41,7625,47
238,41,295601,83
239,41,1237575,81
240,41,28358,68
241,41,55549,63
242,41,27264,61
243,41,403814,58
244,41,25004,52
245,41,6891,47
246,41,29124,48
247,41,27568,48
248,41,85489,49
249,41,41397,43
250,41,16553,43
251,41,63682,53
252,41,90999,50
253,41,6928,44
254,41,272252,46
255,41,12108,43
256,41,14563,43
257,41,3313,44
258,41,469631,43
259,41,15940,43
260,41,6167,51
261,41,1873,50
262,41,190318,51
263,41,9145,43
264,41,58701,39
265,41,420244,61
266,41,57520,58
267,41,8233,53
268,41,3348,47
269,41,48810,49
270,41,19377,50
271,41,315541,44
272,41,2328,43
273,41,11584,44
274,41,102943,43
275,41,2616,44
276,41,20210,44
277,41,157817,41
278,41,947698,65
279,41,2664,52
280,41,182993,46
281,41,402017,41
282,41,5323,62
283,41,53307,60
284,41,4637,53
285,41,4968,50
286,41,11515,48
287,41,1354410,46
288,41,15807,43
289,41,24505,45
290,41,44669,43
291,41,260368,51
292,41,7722,42
293,41,175168,46
294,41,865438,51
295,41,242265,45
296,41,146827,39
297,41,3025440,48
298,41,40835,55
299,41,8659,43
300,41,1327,52
301,41,359516,48
302,41,53567,48
303,41,13481,54
304,41,147948,45
305,41,58400,48
306,41,12123,46
307,41,58873,44
308,41,158722,44
309,41,130303,44
310,41,15555,41
311,41,104863,39
312,41,3440,60
313,41,1919616,72
314,41,18315,49
315,41,170444,47
316,41,2229,45
317,41,21954,42
318,41,276547,45
319,41,102068,42
320,41,51314,62
321,41,105689,57
322,41,1776,52
323,41,40325,52
324,41,3707,46
325,41,30442,48
326,41,2375,44
327,41,19678,44
328,41,102121,43
329,41,13439,53
330,41,115877,52
331,41,339468,53
332,41,98793,53
333,41,79067,53
334,41,9865,55
335,41,3347,48
336,41,521289,50
337,41,38920,44
338,41,901062,109
339,41,5170,45
340,41,293659,53
341,41,122654,42
342,41,676359,98
343,41,177972,86
344,41,254111,83
345,41,306637,71
346,41,86155,57
347,41,19482,52
348,41,7024,47
349,41,95859,48
350,41,15738,48
351,41,1150,44
352,41,47160,43
353,41,50333,46
354,41,35837,43
355,41,28012,43
356,41,19612,42
357,41,56992,42
358,41,255400,43
359,41,47610,40
360,41,21915,39
361,41,79128,39
362,41,132571,62
363,41,134219,61
364,41,27271,55
365,41,25591,47
366,41,288932,49
367,41,7766,42
368,41,163756,56
369,41,48607,56
370,41,21065,53
371,41,7562,48
372,41,1404,47
373,41,27178,48
374,41,14799,44
375,41,7917,43
376,41,84767,45
377,41,66853,45
378,41,33949,41
379,41,35022,41
380,41,23601,44
381,41,149546,43
382,41,23030,43
383,41,293181,39
384,41,175039,40
385,41,5297,70
386,41,25569,60
387,41,66356,43
388,41,147637,49
389,41,56818,69
390,41,189915,66
391,41,51635,61
392,41,54063,52
393,41,63089,51
394,41,14738,46
395,41,108898,47
396,41,69921,50
397,41,33843,43
398,41,5183,43
399,41,26162,60
400,41,2573,45
401,41,908114,64
402,41,80414,54
403,41,157913,51
404,41,20805,48
405,41,263359,48
406,41,17221,42
407,41,371685,46
408,41,226611,39
409,41,2760340,83
410,41,537586,63
411,41,799673,53
412,41,28058,42
413,41,49988,39
414,41,343131,52
415,41,363272,54
416,41,4032,47
417,41,1428326,58
418,41,1330,48
419,41,680,49
420,41,609539,44
421,41,24000,58
422,41,22970,52
423,41,132389,46
427,41,151724,43
428,41,60453,54
429,41,6466,43
430,41,6753,46
431,41,477940,70
432,41,70101,53
433,41,36423,47
434,41,4629,53
435,41,3399,50
436,41,7701,43
437,41,23694,53
438,41,5065,52
439,41,15778,48
440,41,11375,46
441,41,5510,50
442,41,167289,58
443,41,106373,54
444,41,28087,41
445,41,234038,44
446,41,6663,43
447,41,286665,42
448,41,296088,61
449,41,20633,44
450,41,19916,44
451,41,24295,57
452,41,7589,43
453,41,15543,49
454,41,7592,43
455,41,31514,43
456,41,5220,45
457,41,159544,68
458,41,32184,44
459,41,109404,47
460,41,1186935,75
461,41,36814,66
462,41,2394,52
463,41,1151867,62
464,41,33741,42
465,41,79527,52
466,41,85356,55
467,41,43809,43
468,41,706934,52
469,41,228544,52
470,41,306702,44
471,41,1243548,52
472,41,2699,47
473,41,15802,46
474,41,5958,42
475,41,15325,45
476,41,12265,50
477,41,9448,42
478,41,178587,43
479,41,17452,42
480,41,29797,42
481,41,7390,44
482,41,8223,43
483,41,580,47
484,41,47952,39
485,41,2575,42
486,41,14838,48
487,41,33852,54
488,41,313593,92
489,41,8071,53
490,41,15933,47
491,41,47702,44
492,41,2156,58
493,41,33607,45
494,41,264232,45
495,41,5814,43
496,41,105100,63
497,41,2076,48
498,41,49141,43
499,41,2210,48
500,41,125586,54
501,41,30497,56
502,41,137362,57
503,41,120826,44
504,41,183453,44
505,41,126632,58
506,41,53717,50
507,41,5659,45
508,41,7538,55
509,41,58508,43
510,41,10582,45
511,41,51730,50
512,41,10630,58
513,41,15558,43
514,41,2751,56
515,41,35687,53
516,41,36188,48
517,41,5850,53
518,41,58136,51
519,41,4530,43
520,41,7596,54
521,41,3844,44
522,41,11232,43
523,41,30015,73
524,41,5302,54
525,41,165835,63
526,41,156410,40
527,41,864,50
528,41,17097,50
529,41,128254,42
530,41,2009,42
531,41,2381,44
532,41,2725,42
533,41,25490,44
534,41,165353,42
535,41,7593,44
536,41,12528,40
537,41,7685,45
538,41,9769,44
539,41,1794,45
540,41,10494,45
541,41,422586,47
542,41,11714,39
543,41,35860,40
544,41,4026,45
545,41,6273,39
546,41,52231,40
547,41,7149,44
548,41,11079,40
549,41,280459,41
550,41,1306,45
551,41,5634,40
552,41,4687,39
553,41,229615,39
554,41,10633,50
555,41,2037,42
556,41,32450,40
557,41,961,45
558,41,13058,40
559,41,3476,45
560,41,1928,45
561,41,4358,45
562,41,5574,40
563,41,897,45
564,41,696,45
565,41,555,45
566,41,662,45
567,41,1420,45
568,41,587,44
569,41,815,45
570,41,3762,45
571,41,622,45
572,41,2813,39
573,41,6384,40
574,41,255,44
575,41,10266,40
576,41,2395,43
577,41,5192,40
578,41,12365,39
579,41,5186,40
580,41,504,45
581,41,740,45
582,41,10607,40
583,41,86501,40
584,41,615,45
585,41,397,44
586,41,21835,40
587,41,8851,40
588,41,364,45
589,41,724,39
590,41,4588,60
591,41,1119,45
592,41,2118,49
593,41,20601,40
594,41,4787,40
595,41,652,45
596,41,3623,40
597,41,2326,39
598,41,1485,45
599,41,7113,39
600,41,852,45
601,41,7538,46
602,41,814,44
603,41,66294,43
604,41,380,46
605,41,2150,47
606,41,9312,40
607,41,8664,39
608,41,104,45
609,41,1125,45
610,41,4949,40
611,41,58392,40
612,41,1651,48
613,41,36808,56
614,41,597,54
615,41,138531,75
616,41,814,48
617,41,3609,46
618,41,1580556,87
619,41,1093,50
620,41,478,48
621,41,6376,47
622,41,1722,47
623,41,721,53
624,41,37439,63
625,41,561,45
626,41,9922,64
627,41,1069,55
628,41,1440,40
629,41,649,40
630,41,296,45
631,41,992,45
632,41,91,45
633,41,56,45
634,41,98,45
635,41,409,40
636,41,872,40
637,41,572,40
638,41,367,40
639,41,358,40
640,41,297,45
641,41,289,40
642,41,113,40
643,41,22,45
644,41,11,45
645,41,194,40
646,41,380,40
647,41,136,40
648,41,0,45
649,41,0,45
650,41,0,40
651,41,0,45
1,42,28396,51
2,42,84983,54
3,42,37286,52
4,42,169706,45
5,42,102144,48
6,42,17940,50
7,42,5635,50
8,42,2791,43
9,42,1576,45
10,42,14954,44
11,42,1803712,110
12,42,149072,92
13,42,185123,44
14,42,356266,48
15,42,87305,70
16,42,55434,67
17,42,66876,56
18,42,56690,51
19,42,79932,47
20,42,39101,42
21,42,572794,42
22,42,78300,41
23,42,3652,42
24,42,18307,42
25,42,8177,44
26,42,5761,54
27,42,34075,43
28,42,11203,57
29,42,1314821,61
30,42,62562,53
31,42,217604,53
32,42,769,48
33,42,2297,45
34,42,25323,43
35,42,26168,44
36,42,11806,57
37,42,65632,48
38,42,40179,43
39,42,8120,43
40,42,3644,43
41,42,6785,42
42,42,892409,47
43,42,849,43
44,42,53563,54
45,42,5416,52
46,42,25559,47
47,42,905156,47
48,42,1456711,39
49,42,34717,62
50,42,7485,58
51,42,203,54
52,42,664,53
53,42,1794,50
54,42,24348,48
55,42,13880,46
56,42,10867,43
57,42,117686,44
58,42,16860,50
59,42,488004,48
60,42,5354,42
61,42,46148,43
62,42,2567,44
63,42,30233,43
64,42,3974,44
65,42,559546,42
66,42,644691,39
67,42,321661,74
68,42,247335,61
69,42,24705,51
70,42,228762,44
71,42,42269,43
72,42,51447,42
73,42,18452,42
74,42,11501,42
75,42,186818,68
76,42,8773,62
77,42,1467,58
78,42,11055,46
79,42,3386,50
80,42,2729,47
81,42,4369,49
82,42,10159,48
83,42,141651,50
84,42,266280,52
85,42,29372,42
86,42,19151,43
87,42,193433,43
88,42,9000,43
89,42,168414,39
90,42,159135,61
91,42,67213,61
92,42,11198,53
93,42,1541433,50
94,42,166469,43
95,42,78942,42
96,42,30122,59
97,42,65800,61
98,42,3574,55
99,42,281,55
100,42,7945,54
101,42,51344,55
102,42,12596,49
103,42,280229,62
104,42,53512,60
105,42,532915,59
106,42,369941,57
107,42,54327,54
108,42,53971,48
109,42,11521,42
110,42,154853,66
111,42,329984,54
112,42,18092,48
113,42,542799,71
114,42,88257,68
115,42,8995,60
116,42,31567,51
117,42,111553,56
118,42,214499,49
119,42,286246,50
120,42,42801,44
121,42,1302,43
122,42,1484251,55
123,42,420317,56
124,42,19404,50
125,42,6509,50
126,42,113710,43
127,42,18449,43
128,42,1230848,41
129,42,39918,57
130,42,139245,43
131,42,127740,49
132,42,44708,42
133,42,634530,67
134,42,146254,67
135,42,71219,56
136,42,5998,52
137,42,5734,54
138,42,44434,52
139,42,17593,49
140,42,8901,43
141,42,840899,57
142,42,150975,53
143,42,156681,52
144,42,85056,53
145,42,13922,49
146,42,9026,57
147,42,914709,64
148,42,479877,52
149,42,550857,39
150,42,698224,82
151,42,180446,73
152,42,48810,64
153,42,28694,62
154,42,10431,53
155,42,463,50
156,42,1293,50
157,42,61099,43
158,42,39923,44
159,42,628429,63
160,42,889272,53
161,42,771101,56
162,42,445114,53
163,42,27126,42
164,42,1184908,49
165,42,45494,41
166,42,1983098,97
167,42,32900,57
168,42,1035706,54
169,42,6633,42
170,42,12105,42
171,42,1137823,74
172,42,193862,60
173,42,2160,51
174,42,12587,51
175,42,20386,50
176,42,130931,50
177,42,12405,43
178,42,20638,42
179,42,62031,43
180,42,57962,43
181,42,1334553,70
182,42,3228859,78
183,42,3315856,65
184,42,300017,53
185,42,83445,52
186,42,15277,53
187,42,869963,94
188,42,186738,51
189,42,715193,62
190,42,2511,45
191,42,2748713,126
192,42,1773073,124
193,42,43842,61
194,42,16843,63
195,42,9442,57
196,42,19764,58
197,42,93565,54
198,42,146138,53
199,42,163421,54
200,42,35119,53
201,42,414,45
202,42,252276,63
203,42,917697,56
204,42,104615,55
205,42,12957,53
206,42,176304,52
207,42,73147,53
208,42,180856,48
209,42,3181,50
210,42,963050,117
211,42,304588,96
212,42,941306,60
213,42,23137,47
214,42,1228716,117
215,42,3923481,107
216,42,19782,91
217,42,803637,85
218,42,631220,77
219,42,317601,73
220,42,305917,53
221,42,49304,51
222,42,95808,52
223,42,9088,52
224,42,21855,54
225,42,87885,53
226,42,64864,54
227,42,8971,48
228,42,7300,48
229,42,6499,49
230,42,3287,49
231,42,11242,47
232,42,23176,85
233,42,1639325,91
234,42,1110157,44
235,42,914236,53
236,42,14177,46
237,42,7654,47
238,42,307931,83
239,42,1351286,82
240,42,28344,68
241,42,55564,63
242,42,27203,61
243,42,393971,58
244,42,23563,52
245,42,6802,47
246,42,28767,48
247,42,28609,48
248,42,82446,49
249,42,40558,43
250,42,16352,43
251,42,72897,53
252,42,90350,50
253,42,7201,44
254,42,282736,46
255,42,11990,43
256,42,14458,43
257,42,2951,43
258,42,453001,43
259,42,15404,43
260,42,6138,51
261,42,1870,50
262,42,183830,51
263,42,9134,43
264,42,59426,39
265,42,405298,61
266,42,63408,58
267,42,8186,53
268,42,3336,47
269,42,53321,49
270,42,19338,50
271,42,305768,44
272,42,2434,43
273,42,11967,44
274,42,103301,43
275,42,2534,44
276,42,20616,44
277,42,150073,41
278,42,938682,65
279,42,2643,52
280,42,184313,46
281,42,397774,41
282,42,5349,62
283,42,52892,60
284,42,4702,53
285,42,4954,50
286,42,11551,48
287,42,1309246,46
288,42,15475,43
289,42,24106,45
290,42,44622,43
291,42,269707,51
292,42,7897,42
293,42,159605,46
294,42,874748,50
295,42,246285,45
296,42,145883,39
297,42,2552486,47
298,42,37818,54
299,42,8677,43
300,42,1329,52
301,42,281397,48
302,42,49543,48
303,42,13709,54
304,42,146587,45
305,42,57741,48
306,42,11905,46
307,42,57796,44
308,42,148499,44
309,42,103545,43
310,42,15469,41
311,42,103881,39
312,42,3445,60
313,42,2018826,73
314,42,17414,49
315,42,167823,46
316,42,2224,45
317,42,21918,42
318,42,263751,45
319,42,101193,42
320,42,50047,62
321,42,111070,57
322,42,1774,52
323,42,33472,52
324,42,3695,46
325,42,27931,48
326,42,2267,44
327,42,19508,44
328,42,101088,43
329,42,13172,53
330,42,115339,52
331,42,335730,53
332,42,98193,53
333,42,78169,53
334,42,9875,55
335,42,3299,48
336,42,516876,50
337,42,39111,44
338,42,929932,109
339,42,5169,45
340,42,288867,53
341,42,120541,42
342,42,614252,98
343,42,177529,86
344,42,242027,83
345,42,301905,71
346,42,85411,57
347,42,19335,52
348,42,6993,47
349,42,95793,48
350,42,15817,48
351,42,1157,44
352,42,46666,43
353,42,50543,46
354,42,33580,43
355,42,26906,43
356,42,19163,42
357,42,59714,42
358,42,248198,43
359,42,46204,40
360,42,21913,39
361,42,78363,39
362,42,122407,62
363,42,132541,61
364,42,27136,55
365,42,25349,47
366,42,277877,49
367,42,7746,42
368,42,148257,55
369,42,48151,56
370,42,20951,53
371,42,7526,48
372,42,1431,47
373,42,26372,48
374,42,14590,44
375,42,8002,43
376,42,90869,45
377,42,65814,45
378,42,33041,41
379,42,34022,41
380,42,24817,44
381,42,151730,43
382,42,22952,43
383,42,289879,39
384,42,173147,40
385,42,5303,70
386,42,25538,60
387,42,67447,43
388,42,150850,49
389,42,68297,69
390,42,189095,66
391,42,51720,61
392,42,55898,52
393,42,54678,51
394,42,14727,46
395,42,109241,47
396,42,63385,50
397,42,32757,43
398,42,5267,43
399,42,26085,60
400,42,2572,45
401,42,924451,64
402,42,117828,54
403,42,169732,51
404,42,20845,48
405,42,281268,48
406,42,16785,42
407,42,401944,47
408,42,240076,39
409,42,2766481,83
410,42,477466,62
411,42,791652,53
412,42,28064,42
413,42,51239,39
414,42,338637,52
415,42,355524,54
416,42,4007,47
417,42,1344768,58
418,42,1372,48
419,42,690,49
420,42,635731,44
421,42,24852,58
422,42,22936,52
423,42,158926,46
427,42,168128,43
428,42,60176,54
429,42,6448,43
430,42,6558,46
431,42,661121,71
432,42,68925,53
433,42,38116,47
434,42,4675,53
435,42,3371,50
436,42,7619,43
437,42,23757,53
438,42,5043,52
439,42,15153,48
440,42,11326,46
441,42,5299,50
442,42,166657,58
443,42,101332,54
444,42,28741,41
445,42,226174,44
446,42,6517,43
447,42,298192,42
448,42,291077,61
449,42,20531,44
450,42,19744,44
451,42,22355,57
452,42,7644,43
453,42,15468,49
454,42,7505,43
455,42,30589,43
456,42,5208,45
457,42,157242,68
458,42,30828,44
459,42,109196,47
460,42,1183420,75
461,42,36788,66
462,42,2391,52
463,42,1106788,62
464,42,34415,42
465,42,78045,52
466,42,80899,55
467,42,43580,43
468,42,690641,52
469,42,227842,52
470,42,287381,43
471,42,1234365,52
472,42,2710,47
473,42,15742,46
474,42,5935,42
475,42,18124,45
476,42,12120,49
477,42,9417,42
478,42,215423,43
479,42,17358,42
480,42,29384,42
481,42,7338,44
482,42,8236,43
483,42,586,47
484,42,47925,39
485,42,2577,42
486,42,17812,48
487,42,33773,54
488,42,269252,91
489,42,7996,53
490,42,15335,47
491,42,46995,44
492,42,2182,58
493,42,30984,44
494,42,253192,45
495,42,5904,43
496,42,104959,63
497,42,2072,48
498,42,48233,43
499,42,2212,48
500,42,300352,55
501,42,31583,56
502,42,169042,57
503,42,121675,44
504,42,163678,43
505,42,121313,57
506,42,49033,49
507,42,5646,45
508,42,7370,55
509,42,58089,43
510,42,10542,45
511,42,49149,50
512,42,10653,58
513,42,15566,43
514,42,2790,56
515,42,39021,53
516,42,35093,47
517,42,5773,52
518,42,58316,51
519,42,4829,43
520,42,7956,54
521,42,3851,44
522,42,10872,43
523,42,29800,73
524,42,5283,54
525,42,124313,61
526,42,156537,40
527,42,861,50
528,42,15731,50
529,42,121853,42
530,42,2018,42
531,42,2401,44
532,42,2767,42
533,42,22492,43
534,42,202545,42
535,42,7614,44
536,42,12403,40
537,42,7499,45
538,42,9879,44
539,42,1770,45
540,42,10538,45
541,42,365965,47
542,42,11760,39
543,42,35720,40
544,42,20249,45
545,42,6357,39
546,42,51980,40
547,42,7063,44
548,42,11029,40
549,42,256123,40
550,42,1428,45
551,42,5686,40
552,42,4906,39
553,42,244122,39
554,42,37801,50
555,42,2080,42
556,42,32551,40
557,42,939,45
558,42,13006,40
559,42,3503,45
560,42,1949,45
561,42,6378,45
562,42,5579,40
563,42,928,45
564,42,701,45
565,42,553,45
566,42,659,45
567,42,1429,45
568,42,596,44
569,42,851,45
570,42,3488,45
571,42,656,45
572,42,2840,39
573,42,6143,40
574,42,274,44
575,42,14260,40
576,42,2383,43
577,42,4810,40
578,42,13971,39
579,42,5324,40
580,42,533,45
581,42,750,45
582,42,10606,40
583,42,77975,40
584,42,995,45
585,42,409,44
586,42,35763,40
587,42,9276,40
588,42,369,45
589,42,780,39
590,42,4929,60
591,42,1084,45
592,42,2205,49
593,42,16825,40
594,42,5116,40
595,42,657,45
596,42,3379,40
597,42,2450,39
598,42,1551,45
599,42,7622,39
600,42,847,45
601,42,6725,45
602,42,835,44
603,42,58912,42
604,42,379,46
605,42,2120,46
606,42,9480,40
607,42,10159,39
608,42,100,45
609,42,1205,45
610,42,4423,40
611,42,84477,40
612,42,1602,48
613,42,28140,54
614,42,742,53
615,42,110326,74
616,42,2221,48
617,42,2838,45
618,42,1833628,88
619,42,1036,49
620,42,634,48
621,42,13509,47
622,42,1773,47
623,42,579,53
624,42,34281,62
625,42,517,45
626,42,13201,64
627,42,1165,55
628,42,1570,40
629,42,695,40
630,42,303,45
631,42,1065,45
632,42,127,45
633,42,43,45
634,42,148,45
635,42,386,40
636,42,1256,40
637,42,1016,40
638,42,778,40
639,42,645,40
640,42,470,45
641,42,531,40
642,42,350,40
643,42,59,45
644,42,70,45
645,42,586,40
646,42,733,40
647,42,491,40
648,42,110,45
649,42,17,45
650,42,309,40
651,42,50,45
652,42,0,45
653,42,0,45
654,42,0,45
655,42,0,40
1,43,29716,51
2,43,80824,53
3,43,38133,52
4,43,168886,45
5,43,100828,48
6,43,17928,50
7,43,5638,50
8,43,2788,43
9,43,1577,45
10,43,13956,44
11,43,1749870,109
12,43,149215,92
13,43,170270,44
14,43,345960,48
15,43,84175,70
16,43,55401,67
17,43,66584,56
18,43,57294,51
19,43,79634,47
20,43,38500,42
21,43,558113,42
22,43,78855,41
23,43,3635,42
24,43,18549,42
25,43,8401,44
26,43,5787,54
27,43,33078,43
28,43,11062,57
29,43,1217546,60
30,43,60458,53
31,43,211776,53
32,43,787,48
33,43,2288,45
34,43,24678,43
35,43,26006,44
36,43,11699,57
37,43,64916,48
38,43,39002,43
39,43,8088,43
40,43,3636,43
41,43,6751,42
42,43,901132,48
43,43,844,43
44,43,52992,54
45,43,5403,52
46,43,25520,47
47,43,893148,47
48,43,1447693,39
49,43,34204,62
50,43,7445,58
51,43,194,54
52,43,659,53
53,43,1842,50
54,43,24319,48
55,43,13801,46
56,43,10709,43
57,43,116757,44
58,43,16508,50
59,43,485659,48
60,43,5365,42
61,43,45929,43
62,43,2501,44
63,43,30133,43
64,43,4070,44
65,43,549709,42
66,43,628009,39
67,43,320095,74
68,43,251301,61
69,43,24631,51
70,43,213633,44
71,43,41848,43
72,43,51345,42
73,43,18401,42
74,43,11459,42
75,43,185311,68
76,43,8494,61
77,43,1795,58
78,43,10932,46
79,43,3391,50
80,43,2719,47
81,43,4266,49
82,43,10054,48
83,43,111081,50
84,43,297489,52
85,43,27522,42
86,43,19472,43
87,43,204858,43
88,43,9294,43
89,43,167523,39
90,43,158676,61
91,43,68259,61
92,43,10338,52
93,43,1555197,50
94,43,165388,43
95,43,78152,42
96,43,30148,59
97,43,63722,61
98,43,3600,55
99,43,277,55
100,43,7722,54
101,43,51776,55
102,43,12225,49
103,43,260510,62
104,43,52001,60
105,43,630688,60
106,43,370999,57
107,43,54297,54
108,43,60401,48
109,43,11508,42
110,43,172796,66
111,43,332981,54
112,43,18019,48
113,43,714877,72
114,43,87773,68
115,43,8186,59
116,43,31236,51
117,43,128229,56
118,43,212258,49
119,43,278499,50
120,43,42644,44
121,43,1278,43
122,43,1481804,55
123,43,413959,56
124,43,18941,50
125,43,6687,50
126,43,114247,43
127,43,18088,43
128,43,1196453,41
129,43,39890,57
130,43,138687,43
131,43,125919,49
132,43,44456,42
133,43,629078,66
134,43,145605,67
135,43,71044,56
136,43,5985,52
137,43,5687,54
138,43,44067,52
139,43,17270,49
140,43,8810,43
141,43,880387,57
142,43,151454,53
143,43,162270,52
144,43,86637,53
145,43,14089,49
146,43,8968,57
147,43,834667,64
148,43,482380,52
149,43,550247,39
150,43,672567,82
151,43,181210,73
152,43,48866,64
153,43,28597,62
154,43,10456,53
155,43,464,50
156,43,1287,50
157,43,59548,43
158,43,39665,44
159,43,614426,62
160,43,874474,53
161,43,658214,56
162,43,458829,53
163,43,27502,42
164,43,1210560,49
165,43,45628,41
166,43,2026188,97
167,43,39589,57
168,43,1028668,54
169,43,6639,42
170,43,12097,42
171,43,1049864,74
172,43,198292,60
173,43,2155,51
174,43,12545,51
175,43,19990,50
176,43,131842,50
177,43,12431,43
178,43,20409,42
179,43,61644,43
180,43,57187,43
181,43,1332327,70
182,43,3241461,78
183,43,3347161,65
184,43,316014,53
185,43,83104,52
186,43,15149,53
187,43,834956,94
188,43,185165,51
189,43,724458,62
190,43,2513,45
191,43,2658414,126
192,43,1752008,124
193,43,42957,61
194,43,16897,63
195,43,9438,57
196,43,19903,58
197,43,93105,54
198,43,141634,53
199,43,160847,54
200,43,34996,53
201,43,417,45
202,43,270390,63
203,43,933403,56
204,43,115696,55
205,43,12918,53
206,43,176975,52
207,43,73164,53
208,43,175869,48
209,43,3180,50
210,43,940709,117
211,43,307573,96
212,43,962494,60
213,43,23164,47
214,43,1240886,117
215,43,3981993,108
216,43,19024,91
217,43,766393,86
218,43,623096,77
219,43,313217,73
220,43,449187,54
221,43,49492,51
222,43,94538,52
223,43,9093,52
224,43,21826,54
225,43,84874,53
226,43,65392,54
227,43,8966,48
228,43,7466,48
229,43,6496,49
230,43,3286,49
231,43,11207,47
232,43,23178,85
233,43,1595915,91
234,43,1605000,46
235,43,897374,53
236,43,14192,46
237,43,7655,47
238,43,286257,83
239,43,1489860,83
240,43,28339,68
241,43,55524,63
242,43,27151,61
243,43,386060,58
244,43,22727,51
245,43,6728,47
246,43,28380,48
247,43,30283,48
248,43,79378,48
249,43,39831,43
250,43,16184,43
251,43,67412,53
252,43,89558,50
253,43,7106,44
254,43,261755,46
255,43,11920,43
256,43,16265,43
257,43,2792,43
258,43,437009,43
259,43,15134,43
260,43,6104,51
261,43,1862,50
262,43,168170,51
263,43,9104,43
264,43,59639,39
265,43,385632,61
266,43,63175,58
267,43,8160,53
268,43,3329,47
269,43,63967,49
270,43,19169,50
271,43,287958,44
272,43,2550,43
273,43,12113,44
274,43,103385,43
275,43,2493,44
276,43,20651,44
277,43,145692,41
278,43,913327,64
279,43,2635,52
280,43,182454,46
281,43,394519,41
282,43,5349,62
283,43,52758,60
284,43,4814,53
285,43,4958,50
286,43,11394,48
287,43,1178277,46
288,43,15137,43
289,43,23446,45
290,43,44349,43
291,43,267848,51
292,43,7940,42
293,43,157708,45
294,43,875134,50
295,43,286443,45
296,43,145169,39
297,43,2274633,46
298,43,36089,54
299,43,8679,43
300,43,1326,52
301,43,231987,47
302,43,48177,47
303,43,13548,54
304,43,144013,45
305,43,59759,48
306,43,11544,46
307,43,62892,44
308,43,150849,44
309,43,91902,43
310,43,15412,41
311,43,103241,39
312,43,3453,60
313,43,2057094,73
314,43,16684,49
315,43,163130,46
316,43,2218,45
317,43,21886,42
318,43,272752,45
319,43,100551,42
320,43,50275,62
321,43,114368,57
322,43,1771,52
323,43,34338,52
324,43,3692,46
325,43,26135,48
326,43,2194,44
327,43,19369,44
328,43,100769,43
329,43,14677,53
330,43,115022,52
331,43,336799,53
332,43,97254,53
333,43,77997,53
334,43,9886,55
335,43,3294,48
336,43,584986,50
337,43,41916,44
338,43,966476,110
339,43,5144,45
340,43,296648,53
341,43,118662,42
342,43,607775,98
343,43,177187,86
344,43,232395,83
345,43,300084,71
346,43,84910,57
347,43,19338,52
348,43,6973,47
349,43,96060,48
350,43,16012,48
351,43,1158,44
352,43,46323,43
353,43,51198,46
354,43,41566,43
355,43,32402,43
356,43,19529,42
357,43,71970,42
358,43,259237,43
359,43,45057,40
360,43,21865,39
361,43,77999,39
362,43,150285,62
363,43,131438,61
364,43,27266,55
365,43,25151,47
366,43,307530,49
367,43,7711,42
368,43,154065,55
369,43,48261,56
370,43,21254,53
371,43,7549,48
372,43,1400,47
373,43,26704,48
374,43,14979,44
375,43,8003,43
376,43,102714,45
377,43,66236,45
378,43,33331,41
379,43,33515,41
380,43,26651,44
381,43,155610,43
382,43,22840,43
383,43,287741,39
384,43,171875,40
385,43,5302,70
386,43,25526,60
387,43,66769,43
388,43,155154,49
389,43,96332,69
390,43,187757,66
391,43,51765,61
392,43,56721,52
393,43,50896,50
394,43,14796,46
395,43,114093,47
396,43,63373,49
397,43,32075,43
398,43,5114,43
399,43,25999,60
400,43,2555,45
401,43,954911,64
402,43,141965,54
403,43,175902,51
404,43,20871,48
405,43,293821,48
406,43,16668,41
407,43,422538,47
408,43,250516,39
409,43,2673018,83
410,43,424956,61
411,43,794583,53
412,43,28083,42
413,43,50924,39
414,43,336256,52
415,43,349331,54
416,43,4021,47
417,43,1275503,57
418,43,1352,48
419,43,690,49
420,43,642060,44
421,43,25527,58
422,43,23018,52
423,43,162621,46
427,43,192730,43
428,43,60022,54
429,43,6457,43
430,43,6433,46
431,43,745008,72
432,43,66812,53
433,43,40237,47
434,43,4670,53
435,43,3354,50
436,43,7557,43
437,43,25445,53
438,43,5014,52
439,43,25298,48
440,43,11297,46
441,43,5126,50
442,43,166321,58
443,43,98066,53
444,43,28914,41
445,43,223927,44
446,43,6495,43
447,43,302220,42
448,43,291520,61
449,43,20456,44
450,43,19644,44
451,43,23946,57
452,43,7752,43
453,43,15412,49
454,43,7441,43
455,43,30160,43
456,43,5180,45
457,43,156046,68
458,43,30380,43
459,43,113532,47
460,43,1123322,74
461,43,36648,66
462,43,2393,52
463,43,1074898,61
464,43,33834,42
465,43,77310,52
466,43,74182,55
467,43,43417,43
468,43,635776,52
469,43,227730,52
470,43,284706,43
471,43,1217722,52
472,43,2731,47
473,43,15697,46
474,43,5933,42
475,43,18689,45
476,43,12020,49
477,43,9384,42
478,43,216500,44
479,43,17282,42
480,43,29566,42
481,43,7282,44
482,43,8149,43
483,43,583,47
484,43,47833,39
485,43,2580,42
486,43,21607,48
487,43,33723,54
488,43,250722,90
489,43,7934,53
490,43,15370,47
491,43,46558,44
492,43,2202,58
493,43,33601,44
494,43,247887,45
495,43,5910,43
496,43,104826,63
497,43,2070,48
498,43,47593,43
499,43,2200,48
500,43,260201,55
501,43,28700,56
502,43,140039,57
503,43,121426,44
504,43,152212,43
505,43,118469,57
506,43,54024,49
507,43,5570,45
508,43,7271,55
509,43,57650,43
510,43,10506,45
511,43,49192,50
512,43,11272,58
513,43,15597,43
514,43,2770,56
515,43,46532,53
516,43,35559,47
517,43,5727,52
518,43,58929,51
519,43,5345,43
520,43,7574,54
521,43,3839,44
522,43,10544,43
523,43,30701,73
524,43,5269,54
525,43,131081,61
526,43,155979,40
527,43,862,50
528,43,14710,50
529,43,117358,42
530,43,2021,42
531,43,2414,44
532,43,2791,42
533,43,21331,43
534,43,193857,42
535,43,7626,44
536,43,12304,40
537,43,7358,45
538,43,9978,44
539,43,1805,45
540,43,10541,45
541,43,399301,47
542,43,11810,39
543,43,35574,40
544,43,44648,45
545,43,6439,39
546,43,50860,40
547,43,6779,44
548,43,10973,40
549,43,232246,40
550,43,1455,45
551,43,5748,40
552,43,4972,39
553,43,245062,39
554,43,33058,50
555,43,2101,42
556,43,32505,40
557,43,948,45
558,43,12969,40
559,43,3488,45
560,43,1953,45
561,43,6455,45
562,43,5568,40
563,43,913,45
564,43,708,45
565,43,549,45
566,43,664,45
567,43,1420,45
568,43,603,44
569,43,1906,45
570,43,3315,45
571,43,672,45
572,43,2906,39
573,43,5982,40
574,43,294,44
575,43,15687,40
576,43,2304,43
577,43,4605,40
578,43,15838,39
579,43,5753,40
580,43,529,45
581,43,742,45
582,43,10614,40
583,43,72992,40
584,43,1114,45
585,43,409,44
586,43,54267,40
587,43,9723,40
588,43,370,45
589,43,854,39
590,43,4573,60
591,43,1093,45
592,43,2232,49
593,43,15250,40
594,43,5473,40
595,43,655,45
596,43,3216,40
597,43,2551,39
598,43,1510,45
599,43,8093,39
600,43,876,45
601,43,6630,45
602,43,826,44
603,43,60346,42
604,43,393,46
605,43,2176,46
606,43,9487,40
607,43,10593,39
608,43,99,45
609,43,1215,45
610,43,4151,40
611,43,88300,40
612,43,1548,48
613,43,22925,53
614,43,728,53
615,43,96161,73
616,43,12757,48
617,43,2544,45
618,43,2054665,89
619,43,1006,49
620,43,688,48
621,43,15048,47
622,43,1750,47
623,43,538,53
624,43,29693,61
625,43,505,45
626,43,18312,64
627,43,1079,55
628,43,1638,40
629,43,719,40
630,43,314,45
631,43,1051,45
632,43,144,45
633,43,37,45
634,43,163,45
635,43,354,40
636,43,1528,40
637,43,1377,40
638,43,1039,40
639,43,849,40
640,43,500,45
641,43,546,40
642,43,504,40
643,43,80,45
644,43,76,45
645,43,932,40
646,43,878,40
647,43,701,40
648,43,172,45
649,43,31,45
650,43,570,40
651,43,67,45
652,43,120,45
653,43,19,45
654,43,11,45
655,43,83,40
656,43,0,45
1,44,29595,51
2,44,77270,53
3,44,37886,52
4,44,167791,45
5,44,99359,48
6,44,17913,50
7,44,5638,50
8,44,2784,43
9,44,1576,45
10,44,12880,44
11,44,1711638,109
12,44,146070,92
13,44,127419,44
14,44,335258,48
15,44,82101,70
16,44,55375,67
17,44,66135,56
18,44,56772,51
19,44,79308,47
20,44,38057,42
21,44,542783,42
22,44,79320,41
23,44,3600,42
24,44,19471,42
25,44,9075,44
26,44,5742,54
27,44,31410,43
28,44,10941,57
29,44,1153533,60
30,44,59158,53
31,44,207533,53
32,44,769,48
33,44,2280,45
34,44,24364,43
35,44,25854,44
36,44,11597,57
37,44,64492,48
38,44,38368,43
39,44,8063,43
40,44,3619,43
41,44,6732,42
42,44,897157,48
43,44,845,43
44,44,52699,54
45,44,5402,52
46,44,25491,47
47,44,878838,47
48,44,1439550,39
49,44,33925,62
50,44,7400,58
51,44,194,54
52,44,660,53
53,44,1910,50
54,44,24243,48
55,44,13788,46
56,44,10649,43
57,44,116615,44
58,44,16357,50
59,44,486817,48
60,44,5295,42
61,44,45715,43
62,44,2430,44
63,44,29501,43
64,44,4467,44
65,44,552118,42
66,44,614628,39
67,44,319369,74
68,44,251799,61
69,44,24540,51
70,44,213017,44
71,44,42160,43
72,44,51143,42
73,44,18352,42
74,44,11427,42
75,44,183985,68
76,44,8099,61
77,44,1971,58
78,44,10805,46
79,44,3407,50
80,44,2707,47
81,44,4238,48
82,44,9984,48
83,44,85720,50
84,44,301792,52
85,44,26209,42
86,44,20199,43
87,44,238066,43
88,44,9580,43
89,44,166331,39
90,44,158220,61
91,44,67251,61
92,44,9577,52
93,44,1526950,50
94,44,164149,43
95,44,77339,42
96,44,30167,59
97,44,59869,60
98,44,3623,55
99,44,279,55
100,44,7561,54
101,44,51167,55
102,44,11942,49
103,44,234361,61
104,44,49275,59
105,44,643561,60
106,44,368654,57
107,44,54149,54
108,44,61126,48
109,44,11519,42
110,44,209695,67
111,44,330530,54
112,44,17906,48
113,44,933101,73
114,44,87318,68
115,44,8274,59
116,44,30834,51
117,44,128893,56
118,44,211156,49
119,44,272112,50
120,44,42524,44
121,44,1278,43
122,44,1493477,55
123,44,435822,56
124,44,18486,50
125,44,7047,50
126,44,122052,43
127,44,18879,43
128,44,1164904,41
129,44,41908,57
130,44,138059,43
131,44,132298,49
132,44,44197,42
133,44,646939,66
134,44,144744,67
135,44,70934,56
136,44,5976,52
137,44,5644,54
138,44,44034,52
139,44,17235,49
140,44,8727,43
141,44,922968,58
142,44,151258,53
143,44,162787,52
144,44,86909,53
145,44,14092,49
146,44,8914,57
147,44,712002,63
148,44,481043,52
149,44,552544,39
150,44,671746,82
151,44,179727,73
152,44,48589,64
153,44,28649,62
154,44,10468,53
155,44,464,50
156,44,1290,50
157,44,61994,42
158,44,39400,44
159,44,602009,62
160,44,869391,53
161,44,584189,55
162,44,475835,53
163,44,28096,42
164,44,1253775,50
165,44,45580,41
166,44,2324142,98
167,44,47775,57
168,44,1081553,54
169,44,6651,42
170,44,12114,42
171,44,989753,73
172,44,191863,60
173,44,2149,51
174,44,12569,51
175,44,20804,50
176,44,132856,50
177,44,12501,43
178,44,20048,42
179,44,61310,43
180,44,56364,43
181,44,1340448,70
182,44,3214868,78
183,44,3363960,65
184,44,326001,53
185,44,82834,52
186,44,15066,53
187,44,806678,94
188,44,183854,51
189,44,729842,62
190,44,2521,45
191,44,2758220,126
192,44,1686099,123
193,44,42561,61
194,44,16934,63
195,44,9419,57
196,44,24717,58
197,44,91604,54
198,44,119035,53
199,44,161125,54
200,44,35044,53
201,44,417,45
202,44,269048,63
203,44,925449,56
204,44,105511,55
205,44,12854,53
206,44,184203,52
207,44,75665,53
208,44,184256,48
209,44,3180,50
210,44,922902,117
211,44,360165,97
212,44,993758,60
213,44,23185,47
214,44,1280162,117
215,44,3979358,108
216,44,18748,91
217,44,785700,86
218,44,615139,76
219,44,349011,73
220,44,490154,55
221,44,49374,51
222,44,93169,52
223,44,9100,52
224,44,21809,54
225,44,84982,53
226,44,67929,54
227,44,8962,48
228,44,7226,48
229,44,6494,49
230,44,3282,49
231,44,11169,47
232,44,23181,85
233,44,1415667,90
234,44,2042404,48
235,44,895089,53
236,44,14204,46
237,44,7655,47
238,44,289978,83
239,44,1532288,83
240,44,28332,68
241,44,55481,63
242,44,27078,61
243,44,379982,57
244,44,22115,51
245,44,6692,47
246,44,28074,48
247,44,30867,48
248,44,77411,48
249,44,39170,43
250,44,16032,43
251,44,68204,53
252,44,89310,50
253,44,7312,44
254,44,255609,46
255,44,11851,43
256,44,19666,43
257,44,2648,43
258,44,403488,43
259,44,14889,43
260,44,6122,51
261,44,1865,50
262,44,168101,51
263,44,9052,43
264,44,60331,39
265,44,382243,60
266,44,67198,58
267,44,8169,53
268,44,3328,47
269,44,80142,49
270,44,18967,50
271,44,266097,44
272,44,2600,43
273,44,12149,44
274,44,102796,43
275,44,2455,44
276,44,20371,44
277,44,140949,41
278,44,900419,64
279,44,2631,52
280,44,181070,46
281,44,389936,41
282,44,5377,62
283,44,54178,60
284,44,5155,53
285,44,4989,50
286,44,11343,48
287,44,1060721,45
288,44,14952,43
289,44,23559,44
290,44,44316,43
291,44,263613,51
292,44,7939,42
293,44,159950,45
294,44,865021,50
295,44,367970,46
296,44,144356,39
297,44,2220760,46
298,44,35068,53
299,44,8666,43
300,44,1329,52
301,44,205229,47
302,44,51752,47
303,44,12900,54
304,44,141287,45
305,44,60143,48
306,44,11176,46
307,44,64896,44
308,44,149096,44
309,44,82715,43
310,44,15335,41
311,44,102544,39
312,44,3446,60
313,44,2114906,74
314,44,16296,49
315,44,161458,46
316,44,2214,45
317,44,21842,42
318,44,272704,45
319,44,99703,42
320,44,49868,62
321,44,114555,57
322,44,1767,52
323,44,40037,52
324,44,3687,46
325,44,25650,48
326,44,2151,44
327,44,19232,44
328,44,100436,43
329,44,15022,53
330,44,115104,52
331,44,336429,53
332,44,97003,53
333,44,75060,53
334,44,9885,55
335,44,3280,48
336,44,591865,51
337,44,43442,44
338,44,851244,109
339,44,5130,45
340,44,294552,53
341,44,117294,41
342,44,489321,96
343,44,176890,86
344,44,218776,83
345,44,295327,70
346,44,84653,57
347,44,19361,52
348,44,6962,47
349,44,95846,48
350,44,14903,48
351,44,1173,44
352,44,45925,43
353,44,50720,46
354,44,41737,43
355,44,32121,43
356,44,18974,42
357,44,74937,42
358,44,242606,43
359,44,44095,40
360,44,22031,39
361,44,77612,39
362,44,135705,62
363,44,130355,61
364,44,27103,55
365,44,25006,47
366,44,300464,49
367,44,7693,42
368,44,149112,55
369,44,47765,56
370,44,21069,53
371,44,7539,48
372,44,1402,47
373,44,30521,48
374,44,14945,44
375,44,8095,43
376,44,119828,45
377,44,67022,45
378,44,33468,41
379,44,33039,41
380,44,29260,44
381,44,162173,43
382,44,22670,43
383,44,285246,39
384,44,170066,40
385,44,5310,70
386,44,25513,60
387,44,67051,43
388,44,171661,49
389,44,130324,69
390,44,186479,66
391,44,51665,61
392,44,58154,52
393,44,47900,50
394,44,14808,46
395,44,116364,47
396,44,62550,49
397,44,31453,43
398,44,5020,43
399,44,26012,60
400,44,2551,45
401,44,946770,64
402,44,155485,55
403,44,178506,51
404,44,21123,48
405,44,300389,48
406,44,16773,41
407,44,436495,47
408,44,263791,39
409,44,2439413,82
410,44,394515,61
411,44,791396,53
412,44,28034,42
413,44,51750,39
414,44,334674,52
415,44,345472,54
416,44,4036,47
417,44,1129436,57
418,44,1351,48
419,44,683,49
420,44,642507,44
421,44,30284,58
422,44,22574,52
423,44,163498,46
427,44,210414,43
428,44,59785,54
429,44,6459,43
430,44,6319,46
431,44,879868,73
432,44,65875,53
433,44,57585,47
434,44,4661,53
435,44,3339,50
436,44,7490,43
437,44,26067,53
438,44,4920,52
439,44,38471,48
440,44,11273,46
441,44,5031,50
442,44,165992,58
443,44,95064,53
444,44,28834,41
445,44,224975,44
446,44,6467,43
447,44,307530,42
448,44,290364,61
449,44,20384,44
450,44,19513,44
451,44,29705,57
452,44,8236,43
453,44,15372,49
454,44,7396,43
455,44,29667,43
456,44,5156,45
457,44,159128,68
458,44,30085,43
459,44,117157,47
460,44,1113961,74
461,44,36537,66
462,44,2399,52
463,44,1034455,61
464,44,33935,42
465,44,77044,52
466,44,73633,55
467,44,43259,43
468,44,621130,52
469,44,228372,52
470,44,287437,43
471,44,1193869,52
472,44,2756,47
473,44,15667,46
474,44,5899,42
475,44,18937,45
476,44,11949,49
477,44,9358,42
478,44,189948,44
479,44,17186,42
480,44,29379,42
481,44,7248,44
482,44,8100,43
483,44,586,47
484,44,47839,39
485,44,2580,42
486,44,20485,48
487,44,33670,54
488,44,234779,90
489,44,7855,53
490,44,15050,47
491,44,46074,44
492,44,2216,58
493,44,34262,44
494,44,244389,45
495,44,5921,43
496,44,104545,63
497,44,2068,48
498,44,46964,43
499,44,2201,48
500,44,198397,54
501,44,23152,55
502,44,130108,57
503,44,106250,44
504,44,145265,43
505,44,115924,57
506,44,56521,49
507,44,5515,45
508,44,7205,55
509,44,57296,43
510,44,10449,45
511,44,48716,50
512,44,20583,58
513,44,15548,43
514,44,2805,56
515,44,51873,53
516,44,34671,47
517,44,5682,52
518,44,59488,51
519,44,5368,43
520,44,7108,54
521,44,3843,44
522,44,10380,43
523,44,29937,73
524,44,5271,54
525,44,123356,61
526,44,155006,40
527,44,864,50
528,44,12441,50
529,44,113370,42
530,44,2028,42
531,44,2430,44
532,44,2805,42
533,44,23323,42
534,44,214879,42
535,44,7676,44
536,44,12251,40
537,44,7304,45
538,44,10659,44
539,44,1825,45
540,44,10672,45
541,44,458288,47
542,44,12003,39
543,44,35426,40
544,44,50122,45
545,44,6523,39
546,44,49756,40
547,44,6632,44
548,44,10933,40
549,44,230082,39
550,44,1439,45
551,44,5807,40
552,44,5206,39
553,44,250343,39
554,44,35850,50
555,44,2113,42
556,44,32451,40
557,44,945,45
558,44,12932,40
559,44,3498,45
560,44,1966,45
561,44,9035,45
562,44,5563,40
563,44,917,45
564,44,716,45
565,44,562,45
566,44,658,45
567,44,1424,45
568,44,615,44
569,44,2108,45
570,44,3200,45
571,44,704,45
572,44,2985,39
573,44,5798,40
574,44,277,44
575,44,18387,40
576,44,2252,43
577,44,4446,40
578,44,17353,39
579,44,5892,40
580,44,533,45
581,44,739,45
582,44,10582,40
583,44,69855,39
584,44,1340,45
585,44,410,44
586,44,89692,40
587,44,10054,40
588,44,380,45
589,44,896,39
590,44,4289,59
591,44,1126,45
592,44,2249,49
593,44,13690,40
594,44,5665,40
595,44,651,45
596,44,3077,40
597,44,2646,39
598,44,1555,45
599,44,8542,39
600,44,969,45
601,44,6267,45
602,44,812,44
603,44,65810,42
604,44,409,46
605,44,2251,46
606,44,9478,40
607,44,11638,39
608,44,93,45
609,44,1308,45
610,44,3922,40
611,44,84914,40
612,44,1564,48
613,44,20198,52
614,44,770,53
615,44,77959,71
616,44,19751,48
617,44,2387,45
618,44,2217790,90
619,44,1010,49
620,44,743,48
621,44,15501,47
622,44,1806,47
623,44,469,53
624,44,26666,60
625,44,494,45
626,44,21418,64
627,44,1027,55
628,44,1669,40
629,44,779,40
630,44,323,45
631,44,1134,45
632,44,172,45
633,44,37,45
634,44,200,45
635,44,328,40
636,44,1831,40
637,44,1685,40
638,44,1254,40
639,44,1035,40
640,44,666,45
641,44,640,40
642,44,621,40
643,44,106,45
644,44,150,45
645,44,1287,40
646,44,1093,40
647,44,942,40
648,44,265,45
649,44,39,45
650,44,854,40
651,44,106,45
652,44,308,45
653,44,49,45
654,44,46,45
655,44,328,40
656,44,40,45
657,44,0,45
1,45,29421,51
2,45,73594,53
3,45,37703,52
4,45,166860,45
5,45,98539,48
6,45,17895,50
7,45,5637,50
8,45,2788,43
9,45,1573,45
10,45,12151,44
11,45,1617394,109
12,45,145837,92
13,45,108405,43
14,45,329270,48
15,45,81108,70
16,45,55354,67
17,45,66165,56
18,45,56474,51
19,45,79054,47
20,45,37439,42
21,45,534489,41
22,45,85456,41
23,45,3589,42
24,45,18516,42
25,45,8224,44
26,45,5727,54
27,45,28928,43
28,45,11051,57
29,45,1100022,59
30,45,57370,53
31,45,203816,53
32,45,762,48
33,45,2274,45
34,45,22626,43
35,45,25686,44
36,45,11523,57
37,45,64464,48
38,45,38014,43
39,45,8131,43
40,45,3610,43
41,45,6706,42
42,45,911871,48
43,45,846,43
44,45,52516,54
45,45,5387,52
46,45,25427,47
47,45,875571,47
48,45,1429327,39
49,45,33913,62
50,45,7419,58
51,45,191,54
52,45,655,53
53,45,1961,50
54,45,24195,48
55,45,13678,46
56,45,10400,43
57,45,115655,44
58,45,16588,50
59,45,475109,48
60,45,5280,42
61,45,45568,43
62,45,2377,43
63,45,28857,43
64,45,4525,44
65,45,549406,42
66,45,613077,39
67,45,318560,74
68,45,247386,61
69,45,27013,51
70,45,207927,44
71,45,42680,43
72,45,51035,42
73,45,18344,42
74,45,11407,42
75,45,183060,68
76,45,8087,61
77,45,3455,58
78,45,10719,46
79,45,3420,50
80,45,2705,47
81,45,4166,48
82,45,9957,48
83,45,76440,50
84,45,392890,53
85,45,25185,42
86,45,23415,43
87,45,276847,44
88,45,10784,43
89,45,164811,39
90,45,157824,61
91,45,68648,61
92,45,9230,51
93,45,1583508,50
94,45,163256,43
95,45,76733,42
96,45,30235,59
97,45,59836,60
98,45,3654,55
99,45,281,55
100,45,7472,54
101,45,52680,55
102,45,11788,49
103,45,259002,61
104,45,51563,59
105,45,778884,61
106,45,366478,57
107,45,54236,54
108,45,63523,48
109,45,11529,42
110,45,265988,67
111,45,351611,54
112,45,17903,48
113,45,1079195,74
114,45,87160,68
115,45,8552,59
116,45,30958,51
117,45,131084,56
118,45,211064,49
119,45,269291,50
120,45,42334,44
121,45,1285,43
122,45,1505171,55
123,45,417120,56
124,45,18215,50
125,45,7293,50
126,45,113973,43
127,45,18151,43
128,45,1151834,41
129,45,40055,57
130,45,137569,43
131,45,124791,49
132,45,43898,42
133,45,638797,66
134,45,143747,67
135,45,70764,56
136,45,5975,52
137,45,5626,54
138,45,43352,52
139,45,16890,49
140,45,8652,43
141,45,1038769,58
142,45,150059,53
143,45,172074,52
144,45,89702,53
145,45,14510,49
146,45,8883,57
147,45,665717,62
148,45,488578,52
149,45,554564,39
150,45,689109,82
151,45,179528,73
152,45,48569,64
153,45,28802,62
154,45,10569,53
155,45,464,50
156,45,1287,50
157,45,63395,42
158,45,39220,44
159,45,595105,62
160,45,865554,53
161,45,544857,55
162,45,463553,53
163,45,29067,42
164,45,913349,50
165,45,45912,41
166,45,2238422,98
167,45,41953,57
168,45,1037473,55
169,45,6639,42
170,45,12097,42
171,45,963792,73
172,45,172231,59
173,45,2151,51
174,45,12283,51
175,45,20541,50
176,45,132373,50
177,45,12464,43
178,45,19559,42
179,45,60938,43
180,45,55685,43
181,45,1339490,70
182,45,3062780,78
183,45,3288260,65
184,45,299304,53
185,45,82637,52
186,45,15096,53
187,45,786454,93
188,45,181823,51
189,45,709364,62
190,45,2524,45
191,45,2609146,126
192,45,1541517,122
193,45,41688,61
194,45,16977,63
195,45,9422,57
196,45,23349,58
197,45,94414,54
198,45,102466,52
199,45,159463,54
200,45,34874,53
201,45,417,45
202,45,285474,63
203,45,958285,56
204,45,111133,55
205,45,12804,53
206,45,185744,52
207,45,75809,53
208,45,181957,48
209,45,3180,50
210,45,913237,117
211,45,608629,98
212,45,1025182,60
213,45,23254,47
214,45,1562989,118
215,45,3885423,108
216,45,18628,91
217,45,779881,86
218,45,619869,76
219,45,395684,73
220,45,483485,55
221,45,49147,51
222,45,91718,51
223,45,9108,52
224,45,21765,54
225,45,86116,53
226,45,64083,54
227,45,8947,48
228,45,7140,48
229,45,6599,49
230,45,3283,49
231,45,11138,47
232,45,23192,85
233,45,1380335,90
234,45,2080842,49
235,45,893794,53
236,45,14215,46
237,45,7651,47
238,45,282203,83
239,45,1576923,84
240,45,28346,68
241,45,55456,63
242,45,27054,61
243,45,376407,57
244,45,21808,51
245,45,6657,47
246,45,27868,48
247,45,30980,48
248,45,76312,48
249,45,39023,42
250,45,15953,43
251,45,60801,53
252,45,89012,50
253,45,7151,44
254,45,237999,46
255,45,11788,43
256,45,18128,43
257,45,2559,43
258,45,359872,43
259,45,14691,43
260,45,6096,51
261,45,1861,50
262,45,156763,51
263,45,9026,43
264,45,62498,39
265,45,377950,60
266,45,61218,58
267,45,8153,53
268,45,3323,47
269,45,77607,49
270,45,18863,50
271,45,252792,44
272,45,2608,43
273,45,12061,44
274,45,98416,43
275,45,2414,44
276,45,20023,44
277,45,137427,40
278,45,886201,64
279,45,2620,52
280,45,174208,46
281,45,385602,41
282,45,5409,62
283,45,53452,60
284,45,5112,53
285,45,4992,50
286,45,11312,48
287,45,1024331,45
288,45,14663,43
289,45,23140,44
290,45,43837,43
291,45,319522,51
292,45,7982,42
293,45,168473,45
294,45,879114,50
295,45,479268,46
296,45,143450,39
297,45,2219537,46
298,45,33687,53
299,45,8680,43
300,45,1322,52
301,45,190631,47
302,45,50820,47
303,45,18566,54
304,45,140785,45
305,45,76113,48
306,45,10995,46
307,45,104015,44
308,45,157165,44
309,45,80357,43
310,45,15308,41
311,45,101817,39
312,45,3447,60
313,45,2321021,75
314,45,16834,49
315,45,160652,46
316,45,2213,45
317,45,21810,42
318,45,305652,45
319,45,99305,42
320,45,54948,62
321,45,123875,57
322,45,1767,52
323,45,68011,52
324,45,3690,46
325,45,25559,48
326,45,2117,44
327,45,19133,44
328,45,99683,43
329,45,19573,53
330,45,115359,52
331,45,363507,53
332,45,96137,53
333,45,75322,53
334,45,9906,55
335,45,3268,48
336,45,528742,51
337,45,51635,44
338,45,811280,109
339,45,5123,45
340,45,302037,53
341,45,116290,41
342,45,506694,96
343,45,176629,86
344,45,212073,83
345,45,294089,70
346,45,84215,57
347,45,19380,52
348,45,6954,47
349,45,95849,48
350,45,14523,48
351,45,1173,44
352,45,45528,43
353,45,50364,46
354,45,38570,43
355,45,28823,43
356,45,18528,42
357,45,70952,42
358,45,229533,42
359,45,42897,40
360,45,21993,39
361,45,76902,39
362,45,137174,62
363,45,129667,61
364,45,27004,55
365,45,24877,47
366,45,285268,49
367,45,7662,42
368,45,139961,55
369,45,47341,56
370,45,20953,53
371,45,7515,48
372,45,1396,47
373,45,29152,48
374,45,14701,44
375,45,7908,43
376,45,135286,45
377,45,67742,45
378,45,33538,41
379,45,32722,41
380,45,46654,44
381,45,185347,43
382,45,22618,43
383,45,282352,39
384,45,168014,40
385,45,5320,70
386,45,25492,60
387,45,66819,43
388,45,171211,49
389,45,293836,70
390,45,185859,66
391,45,51403,61
392,45,56707,52
393,45,46374,50
394,45,14845,46
395,45,115760,47
396,45,66759,49
397,45,31008,43
398,45,4932,43
399,45,25739,60
400,45,2547,45
401,45,964813,65
402,45,181278,55
403,45,189702,51
404,45,21282,48
405,45,314435,48
406,45,16564,41
407,45,445452,47
408,45,262468,39
409,45,2307802,81
410,45,386953,60
411,45,781952,53
412,45,28063,42
413,45,53333,39
414,45,338012,52
415,45,338144,54
416,45,4050,47
417,45,1043952,56
418,45,1352,48
419,45,684,49
420,45,651337,44
421,45,33904,58
422,45,22170,52
423,45,144795,46
427,45,206452,43
428,45,59596,54
429,45,6463,43
430,45,6274,46
431,45,1029239,73
432,45,66133,53
433,45,55460,47
434,45,4654,53
435,45,3331,50
436,45,7454,43
437,45,26925,53
438,45,4877,52
439,45,30724,48
440,45,11243,46
441,45,4974,50
442,45,165648,58
443,45,95357,53
444,45,29063,41
445,45,222096,44
446,45,6502,43
447,45,321184,42
448,45,287716,61
449,45,20329,44
450,45,19415,44
451,45,56608,57
452,45,8534,43
453,45,15322,49
454,45,7365,43
455,45,29314,43
456,45,5129,45
457,45,157266,68
458,45,29642,43
459,45,134358,47
460,45,1126571,74
461,45,36512,66
462,45,2409,52
463,45,1014370,61
464,45,35038,42
465,45,84336,52
466,45,70289,55
467,45,43151,43
468,45,583301,51
469,45,227631,52
470,45,276652,43
471,45,1197691,52
472,45,2842,47
473,45,15639,46
474,45,5872,42
475,45,19262,45
476,45,11897,49
477,45,9335,42
478,45,164520,43
479,45,17115,42
480,45,28126,42
481,45,7224,44
482,45,8053,43
483,45,586,47
484,45,47770,39
485,45,2580,42
486,45,19950,48
487,45,33643,54
488,45,229021,89
489,45,7854,53
490,45,14769,47
491,45,45676,44
492,45,2246,58
493,45,34743,44
494,45,237788,45
495,45,5990,43
496,45,104498,63
497,45,2065,48
498,45,46546,43
499,45,2198,48
500,45,170293,54
501,45,30559,55
502,45,125983,57
503,45,97987,44
504,45,141608,43
505,45,113963,57
506,45,75739,49
507,45,5476,45
508,45,7158,55
509,45,57136,43
510,45,10422,45
511,45,49051,50
512,45,17353,58
513,45,15522,43
514,45,2803,56
515,45,53066,53
516,45,34150,47
517,45,5650,52
518,45,60984,51
519,45,5336,43
520,45,6920,54
521,45,3855,44
522,45,10183,43
523,45,29517,73
524,45,5267,54
525,45,109514,60
526,45,154611,40
527,45,863,50
528,45,11681,50
529,45,110556,42
530,45,2052,42
531,45,2447,44
532,45,2845,42
533,45,18643,42
534,45,219523,42
535,45,7688,44
536,45,12157,40
537,45,7099,44
538,45,10832,44
539,45,1835,45
540,45,10565,45
541,45,407294,47
542,45,11881,39
543,45,35345,40
544,45,61935,45
545,45,6393,39
546,45,48196,40
547,45,6479,44
548,45,10955,40
549,45,224190,39
550,45,1387,45
551,45,5967,40
552,45,5381,39
553,45,256197,39
554,45,39508,50
555,45,2139,42
556,45,32354,40
557,45,918,44
558,45,12915,40
559,45,3483,45
560,45,1973,45
561,45,9436,45
562,45,5513,40
563,45,908,45
564,45,713,45
565,45,562,45
566,45,655,45
567,45,1430,45
568,45,610,44
569,45,2744,45
570,45,3135,45
571,45,692,45
572,45,4890,39
573,45,5675,40
574,45,274,44
575,45,29104,40
576,45,2222,43
577,45,4343,40
578,45,18478,39
579,45,5908,40
580,45,537,45
581,45,730,45
582,45,10594,40
583,45,94582,39
584,45,1350,45
585,45,447,44
586,45,107724,40
587,45,10189,40
588,45,379,45
589,45,1009,39
590,45,4055,59
591,45,1112,45
592,45,2253,49
593,45,11996,40
594,45,5748,40
595,45,652,45
596,45,2979,40
597,45,2622,39
598,45,1540,45
599,45,8752,39
600,45,966,45
601,45,5568,44
602,45,789,44
603,45,72194,42
604,45,408,46
605,45,2234,46
606,45,9459,40
607,45,12825,39
608,45,91,45
609,45,1370,45
610,45,3776,40
611,45,73575,40
612,45,1524,47
613,45,18365,52
614,45,749,53
615,45,69543,70
616,45,18135,48
617,45,2277,44
618,45,2247036,90
619,45,2072,49
620,45,839,48
621,45,15956,47
622,45,1828,47
623,45,438,53
624,45,25431,60
625,45,485,45
626,45,19138,64
627,45,993,55
628,45,1742,40
629,45,830,40
630,45,333,45
631,45,1219,45
632,45,189,45
633,45,38,45
634,45,209,45
635,45,318,40
636,45,1990,40
637,45,2122,40
638,45,1457,40
639,45,1205,40
640,45,804,45
641,45,795,40
642,45,688,40
643,45,113,45
644,45,154,45
645,45,1476,40
646,45,1339,40
647,45,1088,40
648,45,286,45
649,45,52,45
650,45,999,40
651,45,123,45
652,45,489,45
653,45,67,45
654,45,55,45
655,45,475,40
656,45,74,45
657,45,29,45
658,45,0,45
659,45,0,45
660,45,0,40
661,45,0,45
662,45,0,40
663,45,0,45
664,45,0,45
1,46,30205,51
2,46,75895,52
3,46,38482,52
4,46,166743,45
5,46,98324,48
6,46,17900,50
7,46,5647,50
8,46,2786,43
9,46,1587,45
10,46,14952,44
11,46,1663435,109
12,46,178253,92
13,46,108724,43
14,46,325928,48
15,46,80737,69
16,46,55340,67
17,46,66187,56
18,46,58338,51
19,46,78969,47
20,46,37079,42
21,46,539709,41
22,46,84828,41
23,46,3592,42
24,46,18087,42
25,46,7532,44
26,46,5726,54
27,46,28703,43
28,46,11666,57
29,46,1084782,59
30,46,56584,52
31,46,202818,52
32,46,760,48
33,46,2274,45
34,46,23038,43
35,46,25630,44
36,46,11527,57
37,46,64649,48
38,46,38193,43
39,46,8129,43
40,46,3612,43
41,46,6696,42
42,46,953687,48
43,46,847,43
44,46,52730,54
45,46,5393,52
46,46,25423,47
47,46,879825,47
48,46,1412944,39
49,46,34320,62
50,46,7404,58
51,46,193,54
52,46,662,53
53,46,2017,50
54,46,24292,48
55,46,13766,46
56,46,10525,42
57,46,115835,44
58,46,17201,50
59,46,465829,48
60,46,5262,42
61,46,45425,43
62,46,2342,43
63,46,28582,43
64,46,4754,44
65,46,558833,42
66,46,606344,39
67,46,324276,74
68,46,249724,61
69,46,30130,51
70,46,203868,43
71,46,42112,43
72,46,50927,42
73,46,18307,42
74,46,11367,42
75,46,182565,68
76,46,11280,61
77,46,10455,58
78,46,10665,46
79,46,3474,50
80,46,2706,47
81,46,4236,48
82,46,10089,48
83,46,71807,49
84,46,631887,54
85,46,24784,42
86,46,122623,43
87,46,197800,44
88,46,18674,43
89,46,162815,39
90,46,157617,61
91,46,164419,61
92,46,9191,51
93,46,1697170,51
94,46,162556,43
95,46,76340,42
96,46,30632,59
97,46,83242,60
98,46,3744,55
99,46,282,55
100,46,7404,54
101,46,64405,55
102,46,11705,49
103,46,233415,61
104,46,50506,59
105,46,670964,61
106,46,379228,57
107,46,54100,54
108,46,56457,48
109,46,11528,42
110,46,209489,67
111,46,329261,54
112,46,17841,48
113,46,871847,74
114,46,86988,68
115,46,8209,59
116,46,30645,51
117,46,124505,56
118,46,210657,49
119,46,267911,50
120,46,42218,44
121,46,1284,43
122,46,1501045,55
123,46,384749,56
124,46,18054,50
125,46,7651,50
126,46,114280,43
127,46,18178,43
128,46,1138362,41
129,46,39510,57
130,46,137559,43
131,46,123598,49
132,46,43651,42
133,46,642420,66
134,46,143532,67
135,46,70814,56
136,46,5971,52
137,46,5645,54
138,46,43120,52
139,46,16700,49
140,46,8635,43
141,46,980913,59
142,46,148971,53
143,46,167522,52
144,46,88702,53
145,46,14551,49
146,46,8863,57
147,46,608581,62
148,46,479130,52
149,46,553067,39
150,46,668463,82
151,46,179234,73
152,46,48710,64
153,46,29375,62
154,46,10592,53
155,46,469,50
156,46,1289,50
157,46,67415,42
158,46,39111,44
159,46,590750,62
160,46,870790,53
161,46,510471,55
162,46,456079,53
163,46,27550,42
164,46,786864,49
165,46,48047,41
166,46,2167644,98
167,46,37776,57
168,46,1015067,55
169,46,6629,42
170,46,12084,42
171,46,946013,73
172,46,167888,59
173,46,2157,51
174,46,12045,51
175,46,21311,50
176,46,132608,50
177,46,12520,43
178,46,19559,42
179,46,60659,43
180,46,56255,42
181,46,1359409,70
182,46,2961882,77
183,46,3239360,65
184,46,292995,53
185,46,82533,52
186,46,15155,53
187,46,772849,93
188,46,180831,51
189,46,698685,62
190,46,2541,45
191,46,2559844,125
192,46,1547476,122
193,46,41614,61
194,46,17059,63
195,46,9419,57
196,46,23133,58
197,46,95347,54
198,46,96742,52
199,46,159056,54
200,46,34803,53
201,46,420,45
202,46,278902,63
203,46,956593,56
204,46,124493,55
205,46,12786,53
206,46,183009,52
207,46,76571,53
208,46,183103,48
209,46,3186,50
210,46,908154,117
211,46,590579,98
212,46,1004908,60
213,46,23159,47
214,46,1533615,119
215,46,3791088,107
216,46,18590,91
217,46,786145,86
218,46,620613,76
219,46,519920,74
220,46,464419,55
221,46,49211,51
222,46,91504,51
223,46,9108,52
224,46,21755,54
225,46,89819,53
226,46,59945,54
227,46,8950,48
228,46,7076,48
229,46,6586,49
230,46,3287,49
231,46,11131,47
232,46,23207,85
233,46,1476950,89
234,46,1961422,49
235,46,889949,53
236,46,14223,46
237,46,7673,47
238,46,279989,83
239,46,1773432,85
240,46,28365,68
241,46,55526,63
242,46,27019,61
243,46,373958,57
244,46,21604,51
245,46,6640,47
246,46,27743,48
247,46,30836,48
248,46,75946,48
249,46,38966,42
250,46,15878,43
251,46,86492,53
252,46,87824,50
253,46,7312,44
254,46,240376,46
255,46,11755,43
256,46,17842,43
257,46,2502,43
258,46,315660,42
259,46,14553,43
260,46,6090,51
261,46,1861,50
262,46,155504,51
263,46,9018,43
264,46,62120,39
265,46,386081,60
266,46,63289,58
267,46,8175,53
268,46,3326,47
269,46,78896,49
270,46,18808,50
271,46,247115,44
272,46,2714,43
273,46,12372,44
274,46,98802,43
275,46,2395,44
276,46,20385,44
277,46,134634,40
278,46,880796,64
279,46,2633,52
280,46,173500,46
281,46,381834,41
282,46,5434,62
283,46,53173,60
284,46,5216,53
285,46,4986,50
286,46,11398,48
287,46,1018294,45
288,46,14550,43
289,46,23170,44
290,46,43556,43
291,46,362436,52
292,46,8006,42
293,46,177537,45
294,46,904095,50
295,46,551019,47
296,46,142656,39
297,46,2228524,46
298,46,33038,53
299,46,8678,43
300,46,1324,52
301,46,189530,47
302,46,52101,47
303,46,19019,54
304,46,141315,45
305,46,73585,48
306,46,10884,46
307,46,111141,44
308,46,152273,44
309,46,80585,43
310,46,15280,41
311,46,100969,39
312,46,3449,60
313,46,2381089,76
314,46,17047,49
315,46,158589,46
316,46,2222,45
317,46,21773,42
318,46,290431,45
319,46,98552,42
320,46,71800,62
321,46,132040,57
322,46,1768,52
323,46,89468,52
324,46,3694,46
325,46,25688,48
326,46,2091,44
327,46,19074,44
328,46,99320,43
329,46,18261,53
330,46,115255,52
331,46,361857,53
332,46,95981,53
333,46,75122,53
334,46,9922,55
335,46,3259,48
336,46,495360,51
337,46,50954,44
338,46,841123,109
339,46,5147,45
340,46,296615,53
341,46,114835,41
342,46,620518,96
343,46,176484,86
344,46,209120,83
345,46,294566,70
346,46,84535,57
347,46,19448,52
348,46,6951,47
349,46,96020,48
350,46,14375,48
351,46,1175,44
352,46,45274,43
353,46,50184,46
354,46,36688,43
355,46,26887,43
356,46,18316,41
357,46,68035,42
358,46,219770,42
359,46,42148,40
360,46,21639,39
361,46,76466,39
362,46,124974,62
363,46,129304,61
364,46,26927,55
365,46,24818,47
366,46,275239,49
367,46,7651,42
368,46,136563,54
369,46,47190,56
370,46,20918,53
371,46,7532,48
372,46,1401,47
373,46,27584,48
374,46,14578,44
375,46,7853,43
376,46,121786,45
377,46,66617,45
378,46,33134,41
379,46,32513,41
380,46,36078,44
381,46,175525,43
382,46,22483,43
383,46,279529,39
384,46,166729,40
385,46,5337,70
386,46,25494,60
387,46,66411,43
388,46,163524,49
389,46,285913,70
390,46,185628,66
391,46,51334,61
392,46,56114,52
393,46,45449,50
394,46,14822,46
395,46,118114,47
396,46,66802,49
397,46,30780,43
398,46,4959,43
399,46,25569,60
400,46,2545,45
401,46,1046635,65
402,46,188745,55
403,46,202327,51
404,46,22178,48
405,46,330382,49
406,46,19883,41
407,46,476592,47
408,46,255544,39
409,46,2399709,81
410,46,381561,60
411,46,782806,53
412,46,27995,42
413,46,52239,39
414,46,340279,52
415,46,339414,53
416,46,4054,47
417,46,1052754,56
418,46,1354,48
419,46,689,49
420,46,658673,44
421,46,46344,58
422,46,23287,52
423,46,155549,46
427,46,251394,43
428,46,59513,54
429,46,6454,43
430,46,6245,46
431,46,908064,74
432,46,66249,53
433,46,49282,47
434,46,4663,53
435,46,3330,50
436,46,7419,43
437,46,26628,53
438,46,4847,52
439,46,27769,48
440,46,11215,46
441,46,4945,50
442,46,165026,58
443,46,94172,53
444,46,28967,41
445,46,222323,44
446,46,6678,43
447,46,381918,42
448,46,287164,61
449,46,20266,44
450,46,19350,44
451,46,74923,57
452,46,11451,43
453,46,15308,49
454,46,7345,43
455,46,29088,43
456,46,5121,45
457,46,156021,68
458,46,29358,43
459,46,126411,47
460,46,1072160,74
461,46,36499,66
462,46,2400,52
463,46,976649,60
464,46,34652,42
465,46,87528,52
466,46,68920,55
467,46,43080,43
468,46,568835,51
469,46,228218,52
470,46,278808,43
471,46,1212210,52
472,46,2857,47
473,46,15629,46
474,46,5868,42
475,46,21474,45
476,46,12060,49
477,46,9323,42
478,46,149514,43
479,46,17045,42
480,46,27851,42
481,46,7201,44
482,46,8038,43
483,46,591,47
484,46,47337,39
485,46,2600,42
486,46,23715,48
487,46,33630,54
488,46,233692,89
489,46,9418,53
490,46,14755,47
491,46,45363,44
492,46,2262,58
493,46,39000,44
494,46,239619,44
495,46,6008,43
496,46,104454,63
497,46,2070,48
498,46,46225,43
499,46,2204,48
500,46,154040,53
501,46,34031,55
502,46,140878,57
503,46,93635,44
504,46,138894,43
505,46,114237,57
506,46,61635,49
507,46,5470,45
508,46,7121,55
509,46,56875,43
510,46,10401,45
511,46,48369,50
512,46,15604,58
513,46,15502,43
514,46,2782,56
515,46,78090,53
516,46,34389,47
517,46,5630,52
518,46,59678,51
519,46,5559,43
520,46,6827,54
521,46,3855,44
522,46,10120,43
523,46,31242,73
524,46,5259,54
525,46,102727,60
526,46,153614,40
527,46,867,50
528,46,11992,49
529,46,110250,42
530,46,2060,42
531,46,2460,44
532,46,2869,42
533,46,19834,41
534,46,199262,42
535,46,7721,44
536,46,12110,40
537,46,6789,44
538,46,10584,44
539,46,1844,45
540,46,10571,45
541,46,451607,47
542,46,12016,39
543,46,35152,40
544,46,59855,45
545,46,6624,39
546,46,47436,40
547,46,6420,44
548,46,10888,40
549,46,207401,39
550,46,1364,45
551,46,5864,40
552,46,5327,39
553,46,254071,39
554,46,39310,50
555,46,2154,42
556,46,32198,40
557,46,957,44
558,46,12882,40
559,46,3456,45
560,46,1986,45
561,46,9089,45
562,46,5554,40
563,46,908,45
564,46,721,45
565,46,620,45
566,46,671,45
567,46,1443,45
568,46,617,44
569,46,2721,45
570,46,3086,45
571,46,701,45
572,46,6609,39
573,46,5572,40
574,46,260,44
575,46,26762,40
576,46,2197,43
577,46,4264,40
578,46,18592,39
579,46,6276,40
580,46,556,45
581,46,733,45
582,46,10566,40
583,46,101056,39
584,46,1536,45
585,46,470,44
586,46,107129,41
587,46,10047,40
588,46,388,45
589,46,1058,39
590,46,4067,58
591,46,1120,45
592,46,2283,49
593,46,11733,40
594,46,5770,40
595,46,655,45
596,46,2914,40
597,46,2661,39
598,46,1558,45
599,46,9255,39
600,46,993,45
601,46,5256,44
602,46,820,44
603,46,73447,42
604,46,410,46
605,46,2225,46
606,46,9204,40
607,46,11607,39
608,46,92,45
609,46,1423,45
610,46,3654,40
611,46,71683,40
612,46,1520,47
613,46,17366,51
614,46,763,53
615,46,69062,70
616,46,22553,48
617,46,2221,44
618,46,2313386,91
619,46,2821,49
620,46,1208,48
621,46,16598,47
622,46,1872,47
623,46,429,53
624,46,24587,59
625,46,488,45
626,46,18489,64
627,46,992,54
628,46,1735,40
629,46,838,40
630,46,337,45
631,46,1206,45
632,46,200,45
633,46,40,45
634,46,228,45
635,46,311,40
636,46,2105,40
637,46,3525,40
638,46,1560,40
639,46,1329,40
640,46,851,45
641,46,793,40
642,46,756,40
643,46,121,45
644,46,164,45
645,46,2259,40
646,46,1470,40
647,46,1180,40
648,46,304,45
649,46,56,45
650,46,1146,40
651,46,153,45
652,46,522,45
653,46,83,45
654,46,73,45
655,46,578,40
656,46,105,45
657,46,58,45
658,46,5139,45
659,46,33,45
660,46,46781,40
661,46,23,45
662,46,168,40
663,46,8,45
664,46,12,45
665,46,0,45
666,46,0,40
667,46,0,45
668,46,0,45
1,47,27882,51
2,47,74713,52
3,47,39698,52
4,47,167330,45
5,47,98028,48
6,47,17892,50
7,47,5657,50
8,47,2785,43
9,47,1584,45
10,47,19087,44
11,47,1759479,109
12,47,188113,92
13,47,127193,43
14,47,319622,48
15,47,80453,69
16,47,55335,67
17,47,66150,56
18,47,58719,51
19,47,78754,47
20,47,36434,42
21,47,571343,41
22,47,77178,41
23,47,3588,42
24,47,17539,42
25,47,7451,44
26,47,5723,54
27,47,25958,43
28,47,12028,57
29,47,1101271,59
30,47,55317,52
31,47,201394,52
32,47,763,48
33,47,2266,45
34,47,26038,42
35,47,25519,44
36,47,11509,57
37,47,64400,48
38,47,37353,43
39,47,8119,43
40,47,3603,43
41,47,6683,42
42,47,944632,48
43,47,844,43
44,47,52559,54
45,47,5426,52
46,47,25633,47
47,47,864021,47
48,47,1410030,39
49,47,33776,62
50,47,7311,58
51,47,188,54
52,47,672,53
53,47,2136,50
54,47,24019,48
55,47,13826,46
56,47,11251,42
57,47,115300,44
58,47,17336,50
59,47,457591,48
60,47,5249,42
61,47,45168,43
62,47,2277,43
63,47,28141,43
64,47,4863,44
65,47,556446,42
66,47,595174,39
67,47,322521,74
68,47,249383,61
69,47,29498,51
70,47,204987,43
71,47,42466,43
72,47,50705,42
73,47,18236,42
74,47,11313,42
75,47,181674,68
76,47,9796,61
77,47,7686,58
78,47,10587,46
79,47,3487,50
80,47,2704,47
81,47,4145,48
82,47,9957,48
83,47,67259,49
84,47,745665,55
85,47,23926,42
86,47,196893,44
87,47,142791,43
88,47,31339,43
89,47,159759,39
90,47,157229,61
91,47,192803,62
92,47,8865,51
93,47,1799888,52
94,47,161103,43
95,47,75454,42
96,47,30810,59
97,47,75337,60
98,47,3807,55
99,47,283,55
100,47,7349,54
101,47,64093,55
102,47,11557,49
103,47,233174,61
104,47,51207,59
105,47,654198,61
106,47,391723,57
107,47,54179,54
108,47,52836,48
109,47,11537,42
110,47,250571,67
111,47,325601,54
112,47,18058,48
113,47,772679,73
114,47,86930,68
115,47,7858,59
116,47,31005,51
117,47,118400,56
118,47,210627,49
119,47,266177,50
120,47,41823,44
121,47,1276,43
122,47,1391007,55
123,47,357864,56
124,47,17777,49
125,47,7139,50
126,47,108821,43
127,47,17745,43
128,47,1112356,41
129,47,39117,57
130,47,139325,43
131,47,119552,49
132,47,43260,42
133,47,635437,66
134,47,141136,67
135,47,70824,56
136,47,5985,52
137,47,5699,54
138,47,42483,52
139,47,16526,48
140,47,8636,43
141,47,1029200,59
142,47,147156,53
143,47,187434,52
144,47,89695,53
145,47,15264,49
146,47,8840,57
147,47,590778,61
148,47,483833,52
149,47,568916,39
150,47,718862,82
151,47,180893,73
152,47,48662,64
153,47,30332,62
154,47,10696,53
155,47,472,50
156,47,1293,50
157,47,71867,42
158,47,38912,44
159,47,583862,62
160,47,839498,53
161,47,477114,54
162,47,425296,53
163,47,26495,42
164,47,688011,49
165,47,49400,41
166,47,2039465,97
167,47,35200,57
168,47,960330,55
169,47,6635,42
170,47,12075,42
171,47,921995,73
172,47,156582,58
173,47,2164,51
174,47,11824,51
175,47,21130,50
176,47,132285,50
177,47,12696,43
178,47,19463,42
179,47,60499,43
180,47,56819,42
181,47,1403234,70
182,47,2952884,77
183,47,3210350,65
184,47,296053,53
185,47,82340,52
186,47,15299,53
187,47,771677,93
188,47,182995,51
189,47,696011,62
190,47,2571,45
191,47,2457006,125
192,47,1485737,121
193,47,43984,61
194,47,17178,63
195,47,9917,57
196,47,27988,58
197,47,94579,54
198,47,92125,52
199,47,164486,54
200,47,34953,53
201,47,418,45
202,47,318208,63
203,47,1019957,57
204,47,123523,55
205,47,12733,53
206,47,181532,52
207,47,77089,53
208,47,180812,48
209,47,3196,50
210,47,899748,116
211,47,640508,99
212,47,1025535,61
213,47,22999,47
214,47,1890311,120
215,47,3658668,106
216,47,18549,91
217,47,773320,86
218,47,615096,76
219,47,801163,75
220,47,424930,55
221,47,48985,51
222,47,90589,51
223,47,9134,52
224,47,21751,54
225,47,88818,53
226,47,55536,54
227,47,8939,48
228,47,6721,47
229,47,6614,49
230,47,3286,49
231,47,11128,47
232,47,23274,85
233,47,1334500,89
234,47,2053394,48
235,47,867369,53
236,47,14318,46
237,47,7690,47
238,47,267699,83
239,47,1696353,85
240,47,28394,68
241,47,55592,63
242,47,27035,61
243,47,370544,57
244,47,21327,51
245,47,6618,47
246,47,27577,47
247,47,30782,48
248,47,74997,48
249,47,39164,42
250,47,15839,43
251,47,63700,53
252,47,86086,50
253,47,7160,44
254,47,205610,46
255,47,11702,43
256,47,16689,43
257,47,2398,43
258,47,266831,42
259,47,14347,43
260,47,6081,51
261,47,1974,50
262,47,143407,51
263,47,9006,43
264,47,67832,39
265,47,379772,60
266,47,56825,58
267,47,8155,53
268,47,3326,47
269,47,71485,49
270,47,18720,50
271,47,236739,44
272,47,2579,43
273,47,12109,44
274,47,95796,42
275,47,2460,44
276,47,19750,44
277,47,129945,40
278,47,868719,64
279,47,3010,52
280,47,166177,46
281,47,374659,41
282,47,5431,62
283,47,50735,60
284,47,5066,53
285,47,4983,50
286,47,11275,48
287,47,981440,45
288,47,14237,43
289,47,22241,44
290,47,43146,43
291,47,337432,52
292,47,8099,42
293,47,177864,45
294,47,857082,50
295,47,518244,47
296,47,141235,39
297,47,2170833,46
298,47,32427,52
299,47,8691,43
300,47,1320,52
301,47,183542,47
302,47,47759,47
303,47,18974,54
304,47,142499,45
305,47,80617,48
306,47,10881,46
307,47,91678,44
308,47,173659,44
309,47,85994,43
310,47,15220,41
311,47,99835,39
312,47,3465,60
313,47,2389993,76
314,47,18003,49
315,47,160068,46
316,47,2359,45
317,47,21713,42
318,47,286303,45
319,47,97427,42
320,47,74053,62
321,47,125020,57
322,47,1771,52
323,47,73176,52
324,47,3691,46
325,47,25540,48
326,47,2070,44
327,47,18973,44
328,47,100865,43
329,47,22976,53
330,47,115018,52
331,47,390226,53
332,47,95629,53
333,47,76554,53
334,47,9960,55
335,47,3348,48
336,47,636404,51
337,47,57539,44
338,47,1114955,110
339,47,5134,45
340,47,317939,53
341,47,113721,41
342,47,681694,97
343,47,176230,86
344,47,206558,83
345,47,315129,70
346,47,84133,57
347,47,19568,52
348,47,6940,47
349,47,96620,48
350,47,14503,48
351,47,1164,44
352,47,46757,42
353,47,49656,46
354,47,34260,43
355,47,23761,43
356,47,18383,41
357,47,59697,42
358,47,209531,41
359,47,40954,40
360,47,21557,39
361,47,75483,39
362,47,127285,62
363,47,128605,61
364,47,26962,55
365,47,25950,47
366,47,264879,49
367,47,7636,42
368,47,131826,54
369,47,46988,56
370,47,20855,53
371,47,7567,48
372,47,1406,47
373,47,25090,48
374,47,14513,44
375,47,7759,43
376,47,110578,45
377,47,73816,45
378,47,34417,41
379,47,32183,41
380,47,31093,44
381,47,192561,43
382,47,22498,43
383,47,274572,39
384,47,170489,40
385,47,5356,70
386,47,25499,60
387,47,66699,43
388,47,166383,49
389,47,480891,71
390,47,185940,66
391,47,51278,61
392,47,55487,52
393,47,44056,50
394,47,14822,46
395,47,139165,47
396,47,74758,49
397,47,30328,43
398,47,5036,43
399,47,25760,60
400,47,2543,45
401,47,901612,65
402,47,187343,55
403,47,183389,51
404,47,21912,48
405,47,295729,49
406,47,18649,41
407,47,358738,47
408,47,257831,39
409,47,2153806,80
410,47,361705,60
411,47,726576,53
412,47,27940,42
413,47,58585,39
414,47,335371,52
415,47,331286,53
416,47,4051,47
417,47,980579,56
418,47,1374,48
419,47,688,49
420,47,646787,44
421,47,37186,58
422,47,23532,52
423,47,151541,46
427,47,304855,44
428,47,59351,54
429,47,6472,43
430,47,6202,46
431,47,1008889,74
432,47,66992,53
433,47,38893,47
434,47,4764,53
435,47,3320,50
436,47,7358,43
437,47,31051,53
438,47,4803,52
439,47,24978,48
440,47,11186,46
441,47,4904,50
442,47,164418,58
443,47,93148,53
444,47,28920,41
445,47,258981,44
446,47,6670,43
447,47,612589,43
448,47,283764,61
449,47,20177,44
450,47,19218,44
451,47,74741,57
452,47,17752,43
453,47,15243,49
454,47,7278,43
455,47,28632,43
456,47,5098,45
457,47,156604,68
458,47,29769,43
459,47,128161,47
460,47,1065376,73
461,47,36544,66
462,47,2411,52
463,47,963502,60
464,47,35708,42
465,47,153177,52
466,47,66870,55
467,47,42916,43
468,47,548848,51
469,47,229117,52
470,47,282040,43
471,47,1151516,52
472,47,2821,47
473,47,15599,46
474,47,5852,42
475,47,25090,45
476,47,12034,49
477,47,9305,42
478,47,111127,42
479,47,16911,42
480,47,27335,42
481,47,7196,44
482,47,8032,43
483,47,592,47
484,47,46744,39
485,47,2585,42
486,47,28500,48
487,47,33616,54
488,47,231933,89
489,47,8880,53
490,47,14611,47
491,47,45057,44
492,47,2277,58
493,47,39526,44
494,47,242100,44
495,47,6101,43
496,47,104329,63
497,47,2068,48
498,47,45690,43
499,47,2200,48
500,47,128498,52
501,47,32488,55
502,47,131059,57
503,47,89019,43
504,47,139608,42
505,47,112331,57
506,47,64916,49
507,47,5425,45
508,47,7084,55
509,47,56811,43
510,47,10358,45
511,47,54284,50
512,47,14786,58
513,47,15546,43
514,47,2815,56
515,47,94051,53
516,47,32891,47
517,47,5640,52
518,47,63238,51
519,47,5183,43
520,47,6879,54
521,47,3846,44
522,47,9987,43
523,47,31012,73
524,47,5268,54
525,47,94055,59
526,47,154892,40
527,47,864,50
528,47,11737,49
529,47,109499,42
530,47,2076,42
531,47,2485,44
532,47,2970,42
533,47,26534,41
534,47,226980,42
535,47,8015,44
536,47,12029,40
537,47,6394,44
538,47,10812,44
539,47,1922,45
540,47,10462,45
541,47,417856,47
542,47,11901,39
543,47,34975,40
544,47,77992,45
545,47,6502,39
546,47,51230,39
547,47,6582,44
548,47,11000,40
549,47,362263,38
550,47,1488,45
551,47,5723,40
552,47,6935,39
553,47,279025,39
554,47,33821,50
555,47,2198,42
556,47,32295,40
557,47,1037,44
558,47,12868,40
559,47,4306,45
560,47,2054,45
561,47,10608,45
562,47,5589,40
563,47,978,44
564,47,747,45
565,47,614,45
566,47,697,45
567,47,1499,45
568,47,663,44
569,47,4330,45
570,47,3082,45
571,47,718,45
572,47,7772,39
573,47,5421,40
574,47,261,44
575,47,41906,40
576,47,2161,43
577,47,4173,40
578,47,36830,39
579,47,6861,40
580,47,567,45
581,47,873,45
582,47,10786,40
583,47,119577,39
584,47,1550,45
585,47,521,44
586,47,124169,41
587,47,10462,40
588,47,583,45
589,47,1191,39
590,47,4906,58
591,47,1131,45
592,47,2356,48
593,47,9892,40
594,47,5991,40
595,47,659,45
596,47,2803,40
597,47,2704,39
598,47,1597,45
599,47,17862,39
600,47,1109,45
601,47,4796,44
602,47,837,44
603,47,91985,42
604,47,416,46
605,47,2327,46
606,47,31142,39
607,47,14838,39
608,47,97,45
609,47,1774,45
610,47,3503,40
611,47,58392,40
612,47,1541,47
613,47,17674,51
614,47,730,53
615,47,63023,69
616,47,36879,48
617,47,2134,44
618,47,2062670,90
619,47,6714,49
620,47,1453,48
621,47,15075,47
622,47,1984,47
623,47,467,53
624,47,23723,59
625,47,474,45
626,47,14446,64
627,47,969,54
628,47,2947,39
629,47,971,40
630,47,359,45
631,47,1299,45
632,47,211,45
633,47,43,45
634,47,263,45
635,47,312,40
636,47,2496,40
637,47,63051,40
638,47,1828,40
639,47,1464,40
640,47,969,45
641,47,1161,40
642,47,869,40
643,47,165,45
644,47,179,45
645,47,2075,40
646,47,3113,40
647,47,1502,40
648,47,486,45
649,47,73,45
650,47,1299,40
651,47,209,45
652,47,952,45
653,47,132,45
654,47,79,45
655,47,858,40
656,47,163,45
657,47,89,45
658,47,3177,45
659,47,144,45
660,47,86635,40
661,47,178,45
662,47,409,40
663,47,35,45
664,47,107,45
665,47,94,45
666,47,211,40
667,47,92,45
668,47,34,45
669,47,0,45
