element,gw,selected,value
1,1,8964,50
2,1,222249,55
3,1,43837,40
4,1,22384,60
5,1,22724,50
6,1,1698,50
7,1,572986,60
8,1,6359,50
9,1,14005,45
10,1,227033,55
11,1,95869,50
12,1,78101,55
13,1,467980,60
14,1,126282,120
15,1,120780,75
16,1,78613,95
17,1,1541,70
18,1,33792,70
19,1,135193,60
20,1,26574,45
21,1,134752,55
22,1,60538,45
23,1,168237,55
24,1,1481,55
25,1,81145,85
26,1,38464,75
27,1,11966,75
28,1,695667,105
29,1,227589,45
30,1,208181,45
31,1,224542,40
32,1,134616,45
33,1,35704,50
34,1,852727,50
35,1,50168,50
36,1,18958,45
37,1,168690,40
38,1,336369,50
39,1,35277,50
40,1,4459,50
41,1,29900,45
42,1,4109,60
43,1,3554,50
44,1,4103,50
45,1,21655,50
46,1,26243,45
47,1,58560,55
48,1,1729,60
49,1,30511,60
50,1,4671,50
51,1,273764,75
52,1,210521,80
53,1,58538,40
54,1,29416,45
55,1,79027,45
56,1,15722,45
57,1,294924,40
58,1,11889,45
59,1,5547,45
60,1,129815,40
61,1,35648,40
62,1,87634,60
63,1,21575,45
64,1,3747,45
65,1,21349,45
66,1,6536,50
67,1,1530,50
68,1,596,45
69,1,3230,50
70,1,27254,55
71,1,26660,60
72,1,12807,50
73,1,1201,50
74,1,393626,50
75,1,528,45
76,1,42328,45
77,1,470160,45
78,1,96206,45
79,1,2769,45
80,1,128417,40
81,1,12113,45
82,1,2730,50
83,1,864,45
84,1,2820,50
85,1,5875,55
86,1,6261,55
87,1,17382,55
88,1,4739,45
89,1,30768,55
90,1,15784,45
91,1,102551,60
92,1,95817,65
93,1,39759,55
94,1,692468,55
95,1,3527,50
96,1,6172,50
97,1,445163,65
98,1,620439,65
99,1,100008,55
100,1,527736,70
101,1,921507,60
102,1,14003,65
103,1,121610,60
104,1,59180,105
105,1,375528,70
106,1,690754,70
107,1,688772,50
108,1,483364,45
109,1,140891,80
110,1,2371,50
111,1,657402,50
112,1,87154,45
113,1,72107,85
114,1,70685,100
115,1,67318,45
116,1,99107,40
117,1,67078,45
118,1,55689,50
119,1,25307,50
120,1,12549,45
121,1,26732,45
122,1,629,45
123,1,15544,50
124,1,170864,55
125,1,62271,50
126,1,1039751,70
127,1,219884,45
128,1,4623,45
129,1,21311,55
130,1,3408,50
131,1,117997,60
132,1,60673,50
133,1,1117,55
134,1,420235,80
135,1,408612,50
136,1,12979,45
137,1,28828,45
138,1,455490,60
139,1,8554,65
140,1,282207,50
141,1,6005,40
142,1,1050,50
143,1,226751,55
144,1,61326,45
145,1,5799,45
146,1,483590,55
147,1,4207,65
148,1,132889,65
149,1,11234,75
150,1,2348,50
151,1,93466,45
152,1,7473,45
153,1,4681,55
154,1,41115,50
155,1,51661,50
156,1,40187,55
157,1,8034,55
158,1,84202,75
159,1,17219,50
160,1,77226,75
161,1,604383,75
162,1,85198,40
163,1,10469,45
164,1,20491,45
165,1,25608,45
166,1,23205,50
167,1,7531,45
168,1,9463,40
169,1,5219,40
170,1,22798,40
171,1,5958,45
172,1,59955,55
173,1,7333,50
174,1,1719,45
175,1,6525,45
176,1,2543,45
177,1,614,45
178,1,4561,45
179,1,816,45
180,1,3336,45
181,1,13170,60
182,1,70654,60
183,1,4071,55
184,1,3293,50
185,1,3137,50
186,1,142160,45
187,1,8090,55
188,1,27779,60
189,1,103260,50
190,1,2368,45
191,1,143971,45
192,1,167677,50
193,1,230727,45
194,1,4887,50
195,1,3287,45
196,1,21829,45
197,1,570,45
198,1,53600,50
199,1,79107,85
200,1,45539,55
201,1,33071,45
202,1,13593,50
203,1,33410,55
204,1,10847,45
205,1,2968,45
206,1,18763,50
207,1,35587,65
208,1,9263,60
209,1,194195,85
210,1,10072,50
211,1,42847,55
212,1,15744,70
213,1,69381,50
214,1,6473,50
215,1,80102,55
216,1,65856,45
217,1,35830,55
218,1,14230,45
219,1,118699,55
220,1,19836,45
221,1,3493,50
222,1,291610,65
223,1,105135,45
224,1,1491,45
225,1,46946,55
226,1,265913,90
227,1,273154,50
228,1,45019,75
229,1,1876,50
230,1,897388,95
231,1,8123,45
232,1,295522,70
233,1,9101,45
234,1,874608,90
235,1,868769,85
236,1,30609,80
237,1,2970,55
238,1,26128,75
239,1,151051,50
240,1,163725,55
241,1,34470,50
242,1,193659,55
243,1,3031,55
244,1,220819,60
245,1,146658,55
246,1,11529,45
247,1,247309,80
248,1,167664,80
249,1,85542,65
250,1,37579,50
251,1,5817,45
252,1,1236998,100
253,1,17173,55
254,1,2939,70
255,1,211370,85
256,1,91243,80
257,1,439441,115
258,1,140110,70
259,1,526481,105
260,1,1195182,55
261,1,7601,50
262,1,38383,40
263,1,65797,55
264,1,28003,50
265,1,3576,50
266,1,1964,55
267,1,362470,65
268,1,29145,55
269,1,60308,45
270,1,53799,55
271,1,352951,60
272,1,66867,40
273,1,259905,55
274,1,127293,70
275,1,20119,50
276,1,48481,45
277,1,513,50
278,1,204440,55
279,1,12315,60
280,1,38558,80
281,1,271342,80
282,1,812407,80
283,1,1850,45
284,1,209974,75
285,1,1902800,115
286,1,694817,40
287,1,18015,45
288,1,17756,45
289,1,29375,45
290,1,68429,45
291,1,39018,45
292,1,94940,40
293,1,89381,40
294,1,34083,45
295,1,149149,60
296,1,79334,55
297,1,355,50
298,1,13068,50
299,1,41590,45
300,1,108635,50
301,1,102404,65
302,1,56097,55
303,1,121294,50
304,1,14918,45
305,1,4487,45
306,1,279708,50
307,1,613635,55
308,1,67407,50
309,1,7415,45
310,1,523597,50
311,1,93099,55
312,1,4233,45
313,1,40682,50
314,1,4539,45
315,1,10291,45
316,1,8445,50
317,1,114499,55
318,1,138397,65
319,1,17458,45
320,1,214539,45
321,1,13724,45
322,1,9203,60
323,1,2592,45
324,1,355220,65
325,1,28672,60
326,1,56567,65
327,1,264048,70
328,1,84471,50
329,1,28603,45
330,1,69753,50
331,1,16566,45
332,1,48548,50
333,1,5580,45
334,1,7243,45
335,1,32499,45
336,1,965,45
337,1,198220,55
338,1,5541,50
339,1,1101,45
340,1,78101,70
341,1,688,50
342,1,145781,60
343,1,9218,45
344,1,4169,55
345,1,27830,50
346,1,44764,50
347,1,104948,50
348,1,15288,55
349,1,25150,60
350,1,174030,45
351,1,57975,40
352,1,77639,45
353,1,847779,40
354,1,16653,45
355,1,6389,45
356,1,4657,45
357,1,54205,50
358,1,11361,50
359,1,297704,85
360,1,4758,55
361,1,6140,45
362,1,1986,45
363,1,415,50
364,1,3170,50
365,1,25405,55
366,1,2252,45
367,1,267869,45
368,1,368,50
369,1,2964,50
370,1,26307,45
371,1,8380,75
372,1,99554,45
373,1,78264,50
374,1,115311,55
375,1,522036,55
376,1,5079,50
377,1,595743,60
378,1,19698,65
379,1,847978,65
380,1,399943,60
381,1,134281,55
382,1,161833,55
383,1,13586,45
384,1,177730,50
385,1,98847,50
386,1,2875,65
387,1,570759,95
388,1,1512564,95
389,1,44364,50
390,1,37255,80
391,1,5044,50
392,1,834,55
393,1,13211,55
394,1,1473220,125
395,1,11771,75
396,1,7221,45
397,1,72559,45
398,1,21752,45
399,1,1170,45
400,1,23351,45
401,1,19384,50
402,1,19335,45
403,1,1698,45
404,1,13324,50
405,1,171365,40
406,1,64421,40
407,1,5241,45
408,1,8190,50
409,1,309813,55
410,1,10651,45
411,1,344,50
412,1,3796,50
413,1,2973,55
414,1,1207,50
415,1,10004,60
416,1,13786,50
417,1,38457,65
418,1,6536,55
419,1,674,55
420,1,186295,40
421,1,604214,45
422,1,13029,50
423,1,33974,50
424,1,247072,50
425,1,99420,50
426,1,9248,50
427,1,34759,60
428,1,531,55
429,1,17803,45
430,1,5761,50
431,1,4590,45
432,1,114646,60
433,1,2503,45
434,1,5228,55
435,1,87183,65
436,1,36081,50
437,1,120452,60
438,1,24951,45
439,1,1563,45
440,1,94959,50
441,1,12540,45
442,1,75418,50
443,1,25136,50
444,1,48392,45
445,1,10821,45
446,1,10420,45
447,1,150926,50
448,1,250680,60
449,1,92244,70
450,1,11166,55
451,1,1272,50
452,1,37423,45
453,1,61106,70
454,1,6194,75
455,1,1798,55
456,1,13831,45
457,1,4252,60
458,1,2459,55
459,1,41694,45
460,1,2427,50
461,1,39852,45
462,1,7187,45
463,1,23262,50
464,1,27700,45
465,1,70393,40
466,1,9725,50
467,1,13496,45
468,1,90370,45
469,1,3195,45
470,1,5068,55
471,1,3084,50
472,1,245495,100
473,1,12408,45
474,1,6163,45
475,1,70031,50
476,1,4259,50
477,1,57103,45
478,1,10434,55
479,1,527358,45
480,1,20295,50
481,1,3785,55
482,1,18572,50
483,1,168249,55
484,1,20568,65
485,1,5524,45
486,1,5647,45
487,1,833378,70
488,1,10521,55
489,1,1979,50
490,1,6787,55
491,1,4672,45
492,1,1930,50
493,1,2913,50
494,1,98023,40
495,1,2640,50
496,1,6798,45
497,1,6855,55
498,1,14948,45
499,1,4907,50
500,1,7001,50
501,1,2013,60
502,1,0,50
503,1,0,45
504,1,0,45
505,1,0,45
506,1,0,40
507,1,0,45
508,1,0,40
509,1,0,60
510,1,0,45
511,1,0,45
1,2,11030,50
2,2,262457,55
3,2,42898,40
4,2,23720,60
5,2,24766,50
6,2,1909,50
7,2,628098,60
8,2,6392,50
9,2,16350,45
10,2,228895,55
11,2,97016,50
12,2,80370,55
13,2,619774,60
14,2,103479,120
15,2,98396,74
16,2,116891,95
17,2,1777,70
18,2,161837,70
19,2,174880,60
20,2,34744,45
21,2,93372,54
22,2,195048,45
23,2,744228,56
24,2,1638,55
25,2,97369,85
26,2,56895,75
27,2,10508,75
28,2,830774,105
29,2,263092,45
30,2,187595,45
31,2,233415,40
32,2,116700,45
33,2,35810,50
34,2,830662,50
35,2,48017,50
36,2,20141,45
37,2,209075,40
38,2,374864,50
39,2,38760,50
40,2,4909,50
41,2,41057,45
42,2,3988,60
43,2,3789,50
44,2,3488,50
45,2,23329,50
46,2,28997,45
47,2,63146,55
48,2,1665,60
49,2,27862,60
50,2,5218,50
51,2,242463,75
52,2,195923,80
53,2,60951,40
54,2,33370,45
55,2,77139,45
56,2,17882,45
57,2,303829,40
58,2,13564,45
59,2,5722,45
60,2,134898,40
61,2,39267,40
62,2,85940,60
63,2,25139,45
64,2,3322,45
65,2,20624,45
66,2,7454,50
67,2,1579,50
68,2,510,45
69,2,3699,50
70,2,28395,55
71,2,21986,59
72,2,13005,50
73,2,1064,50
74,2,408343,50
75,2,494,45
76,2,53871,45
77,2,454679,45
78,2,196051,45
79,2,4291,45
80,2,145230,40
81,2,12042,45
82,2,2948,50
83,2,1055,45
84,2,3838,50
85,2,21148,55
86,2,7705,55
87,2,24706,55
88,2,5490,45
89,2,29569,55
90,2,69899,45
91,2,283189,60
92,2,87651,65
93,2,33268,55
94,2,695553,55
95,2,3817,50
96,2,6617,50
97,2,460787,65
98,2,332830,64
99,2,120592,55
100,2,525340,70
101,2,1134418,60
102,2,25708,65
103,2,117176,60
104,2,59607,105
105,2,197694,69
106,2,900812,71
107,2,847838,50
108,2,519175,45
109,2,78266,79
110,2,2563,50
111,2,762578,50
112,2,98757,45
113,2,50418,84
114,2,42796,98
115,2,66925,45
116,2,107281,40
117,2,61293,45
118,2,53059,50
119,2,23006,50
120,2,12038,45
121,2,25778,45
122,2,607,45
123,2,13985,50
124,2,159779,55
125,2,59031,50
126,2,613794,70
127,2,187944,45
128,2,4939,45
129,2,17774,55
130,2,2688,50
131,2,103343,60
132,2,54435,50
133,2,993,55
134,2,355002,80
135,2,485430,50
136,2,12852,45
137,2,30007,45
138,2,492348,60
139,2,10159,65
140,2,363422,50
141,2,5609,40
142,2,1029,50
143,2,217375,55
144,2,51652,45
145,2,6667,45
146,2,648201,55
147,2,4961,65
148,2,120803,65
149,2,10372,75
150,2,1921,50
151,2,79528,45
152,2,7880,45
153,2,4220,55
154,2,60436,50
155,2,67175,50
156,2,39582,55
157,2,7424,55
158,2,76300,75
159,2,35406,50
160,2,59296,75
161,2,743286,75
162,2,91567,40
163,2,135078,45
164,2,30789,45
165,2,36148,45
166,2,22058,50
167,2,6742,45
168,2,8843,40
169,2,5457,40
170,2,18392,40
171,2,219013,45
172,2,139899,55
173,2,6530,50
174,2,1488,45
175,2,18878,45
176,2,2630,45
177,2,502,45
178,2,4495,45
179,2,688,45
180,2,3260,45
181,2,15290,60
182,2,81560,60
183,2,4601,55
184,2,3516,50
185,2,2620,50
186,2,181693,45
187,2,6561,54
188,2,210581,61
189,2,158278,50
190,2,2856,45
191,2,155130,45
192,2,180286,50
193,2,237381,45
194,2,4555,50
195,2,3385,45
196,2,20678,45
197,2,469,45
198,2,98736,50
199,2,153310,85
200,2,146708,55
201,2,35103,45
202,2,12672,50
203,2,32924,55
204,2,12380,45
205,2,3150,45
206,2,23837,50
207,2,33089,65
208,2,6891,60
209,2,623169,86
210,2,9953,50
211,2,98054,55
212,2,14568,69
213,2,77246,50
214,2,7172,50
215,2,89903,55
216,2,96753,45
217,2,30780,55
218,2,20111,45
219,2,132912,55
220,2,18355,45
221,2,3720,50
222,2,281031,65
223,2,147455,45
224,2,1335,45
225,2,70682,55
226,2,150006,89
227,2,379582,50
228,2,30675,75
229,2,1654,50
230,2,1090292,95
231,2,8404,45
232,2,290335,70
233,2,9241,45
234,2,1293309,91
235,2,1105996,85
236,2,25772,80
237,2,4061,55
238,2,24336,75
239,2,132477,50
240,2,214241,55
241,2,34566,50
242,2,265102,55
243,2,2203,55
244,2,284514,60
245,2,312973,55
246,2,12123,45
247,2,185223,79
248,2,343625,80
249,2,79698,65
250,2,118321,50
251,2,4329,45
252,2,1265348,100
253,2,15840,55
254,2,2313,70
255,2,173202,84
256,2,75610,79
257,2,543214,115
258,2,113093,70
259,2,487529,105
260,2,1495257,55
261,2,8519,50
262,2,39686,40
263,2,70836,55
264,2,96051,50
265,2,3698,50
266,2,1986,55
267,2,438316,65
268,2,23965,54
269,2,80902,45
270,2,103681,55
271,2,410326,60
272,2,66312,40
273,2,196843,54
274,2,161413,70
275,2,22421,50
276,2,46542,45
277,2,537,50
278,2,180353,55
279,2,16899,60
280,2,86722,80
281,2,560162,81
282,2,1056883,80
283,2,1916,45
284,2,268183,75
285,2,2414732,116
286,2,816266,40
287,2,17319,45
288,2,15604,45
289,2,33122,45
290,2,69574,45
291,2,30662,45
292,2,95955,40
293,2,92443,40
294,2,25528,45
295,2,150468,60
296,2,48867,54
297,2,263,50
298,2,11783,50
299,2,38904,45
300,2,134713,50
301,2,108842,65
302,2,57981,55
303,2,106208,50
304,2,15528,45
305,2,5065,45
306,2,309686,50
307,2,769844,55
308,2,83289,50
309,2,6968,45
310,2,586136,50
311,2,86194,55
312,2,4010,44
313,2,47357,50
314,2,5335,45
315,2,9552,45
316,2,12053,50
317,2,126169,55
318,2,168789,65
319,2,17481,45
320,2,212080,45
321,2,13574,45
322,2,9019,60
323,2,2707,45
324,2,351664,65
325,2,25584,59
326,2,44591,64
327,2,242865,70
328,2,100478,50
329,2,26905,45
330,2,78267,50
331,2,20596,45
332,2,47312,50
333,2,3695,45
334,2,7682,45
335,2,29793,45
336,2,1090,45
337,2,184151,55
338,2,5503,50
339,2,919,45
340,2,105073,70
341,2,689,50
342,2,171884,60
343,2,9671,45
344,2,6976,55
345,2,29583,50
346,2,43766,50
347,2,96131,50
348,2,16443,55
349,2,25194,60
350,2,193670,45
351,2,61300,40
352,2,96079,45
353,2,850636,40
354,2,106070,45
355,2,6545,45
356,2,4920,45
357,2,57280,50
358,2,14393,50
359,2,266497,85
360,2,6073,55
361,2,8885,45
362,2,2190,45
363,2,428,50
364,2,3176,50
365,2,26481,55
366,2,2370,45
367,2,285540,45
368,2,271,50
369,2,2795,50
370,2,25041,45
371,2,6941,75
372,2,97361,45
373,2,83626,50
374,2,114618,55
375,2,650793,55
376,2,5707,50
377,2,708691,60
378,2,18604,65
379,2,1016978,65
380,2,432049,60
381,2,376483,55
382,2,113022,54
383,2,13453,45
384,2,194797,50
385,2,133074,50
386,2,2421,65
387,2,808266,95
388,2,1679577,95
389,2,43893,50
390,2,48767,80
391,2,5007,50
392,2,657,55
393,2,17093,55
394,2,1429411,125
395,2,11324,75
396,2,7867,45
397,2,77879,45
398,2,23745,45
399,2,1025,45
400,2,21181,45
401,2,32829,50
402,2,59183,45
403,2,1549,45
404,2,11009,50
405,2,174653,40
406,2,70909,40
407,2,5908,45
408,2,10989,50
409,2,253579,55
410,2,10577,45
411,2,271,50
412,2,6008,50
413,2,2930,55
414,2,148232,50
415,2,8111,60
416,2,12389,50
417,2,30368,65
418,2,45133,55
419,2,655,55
420,2,196616,40
421,2,723375,45
422,2,18247,50
423,2,31475,50
424,2,264128,50
425,2,80020,50
426,2,11000,50
427,2,32667,60
428,2,495,55
429,2,19328,45
430,2,7881,50
431,2,4825,45
432,2,114554,60
433,2,4928,45
434,2,70766,55
435,2,67246,64
436,2,32874,50
437,2,107958,60
438,2,25302,45
439,2,1405,45
440,2,92248,50
441,2,13930,45
442,2,78106,50
443,2,27824,50
444,2,52037,45
445,2,10850,45
446,2,13582,45
447,2,157576,50
448,2,201637,59
449,2,90698,70
450,2,13731,55
451,2,1231,50
452,2,41520,45
453,2,48208,70
454,2,7861,75
455,2,1370,55
456,2,16545,45
457,2,3920,60
458,2,4227,55
459,2,33202,45
460,2,2138,50
461,2,39767,45
462,2,6544,45
463,2,21784,50
464,2,25449,45
465,2,72884,40
466,2,9672,50
467,2,13254,45
468,2,551757,46
469,2,3677,45
470,2,7385,55
471,2,3743,50
472,2,353016,100
473,2,12229,45
474,2,13400,45
475,2,58077,49
476,2,3869,50
477,2,59082,45
478,2,9694,55
479,2,565494,45
480,2,20567,50
481,2,3053,55
482,2,17385,50
483,2,215626,55
484,2,19752,65
485,2,6404,45
486,2,6309,45
487,2,832247,70
488,2,8439,55
489,2,2072,50
490,2,7486,55
491,2,4706,45
492,2,2084,50
493,2,3125,50
494,2,137866,40
495,2,3356,50
496,2,9942,45
497,2,7013,55
498,2,93141,45
499,2,6496,50
500,2,9197,50
501,2,8884,60
502,2,2294,50
503,2,561,45
504,2,1223,45
505,2,5618,45
506,2,8250,40
507,2,1989,45
508,2,11056,40
509,2,707,60
510,2,497,45
511,2,520,45
512,2,4740,60
513,2,179,50
514,2,0,45
515,2,0,45
516,2,0,45
1,3,11243,50
2,3,261327,55
3,3,42087,40
4,3,31429,60
5,3,24714,50
6,3,1995,50
7,3,579314,60
8,3,7014,50
9,3,13634,45
10,3,197205,55
11,3,70122,49
12,3,78817,55
13,3,573375,60
14,3,108721,119
15,3,71159,73
16,3,113940,95
17,3,1801,70
18,3,167984,70
19,3,165226,60
20,3,38260,45
21,3,64474,53
22,3,192411,45
23,3,775942,56
24,3,1684,55
25,3,89443,85
26,3,55026,75
27,3,9386,74
28,3,751453,105
29,3,252076,45
30,3,163402,45
31,3,230195,40
32,3,81581,45
33,3,31311,50
34,3,684186,50
35,3,41688,50
36,3,18410,45
37,3,216841,40
38,3,329355,50
39,3,36097,50
40,3,4332,50
41,3,44081,45
42,3,3566,60
43,3,3470,49
44,3,2277,50
45,3,20915,50
46,3,27266,45
47,3,52276,55
48,3,1550,60
49,3,22054,59
50,3,5368,50
51,3,168029,74
52,3,151526,79
53,3,59383,40
54,3,32083,45
55,3,69626,45
56,3,17191,45
57,3,280232,40
58,3,12776,45
59,3,5218,45
60,3,127566,40
61,3,38440,40
62,3,65597,59
63,3,25212,45
64,3,2953,45
65,3,17171,45
66,3,7055,50
67,3,1637,49
68,3,442,45
69,3,3695,50
70,3,23913,55
71,3,14957,58
72,3,11571,50
73,3,977,50
74,3,376720,50
75,3,468,45
76,3,52769,45
77,3,417830,45
78,3,203185,45
79,3,4426,45
80,3,142605,40
81,3,10683,44
82,3,2656,49
83,3,1061,45
84,3,3908,50
85,3,21718,55
86,3,7158,55
87,3,23787,55
88,3,5376,45
89,3,19878,55
90,3,127498,45
91,3,294092,60
92,3,95046,65
93,3,27346,54
94,3,700917,55
95,3,3763,49
96,3,6440,50
97,3,438776,65
98,3,243526,64
99,3,155636,55
100,3,841202,70
101,3,1216456,60
102,3,37257,65
103,3,108822,60
104,3,59638,105
105,3,179265,69
106,3,908201,71
107,3,809298,50
108,3,493007,45
109,3,78482,79
110,3,2464,49
111,3,767346,50
112,3,112135,45
113,3,35482,83
114,3,31638,97
115,3,83687,45
116,3,107319,40
117,3,58283,45
118,3,50713,50
119,3,21685,50
120,3,11236,44
121,3,22947,44
122,3,546,45
123,3,12871,49
124,3,149561,55
125,3,53292,50
126,3,291562,69
127,3,172078,45
128,3,4601,45
129,3,17514,55
130,3,2222,50
131,3,91595,59
132,3,45758,49
133,3,1074,55
134,3,306909,79
135,3,505200,50
136,3,12183,45
137,3,28452,45
138,3,476163,60
139,3,10986,65
140,3,370020,50
141,3,5160,40
142,3,957,50
143,3,210231,55
144,3,58649,44
145,3,6658,45
146,3,666980,55
147,3,4986,65
148,3,99963,64
149,3,8989,75
150,3,1650,50
151,3,81452,45
152,3,7945,45
153,3,4550,55
154,3,46469,50
155,3,64310,50
156,3,36518,54
157,3,6624,54
158,3,46411,74
159,3,82432,50
160,3,38990,74
161,3,946023,76
162,3,90531,40
163,3,253993,45
164,3,117311,45
165,3,50699,45
166,3,22097,50
167,3,6641,44
168,3,8253,40
169,3,5314,40
170,3,15484,40
171,3,360014,46
172,3,445787,56
173,3,6018,50
174,3,1304,45
175,3,23181,45
176,3,2471,45
177,3,463,45
178,3,4188,45
179,3,589,45
180,3,2466,45
181,3,17968,60
182,3,73202,60
183,3,3956,55
184,3,3257,50
185,3,2234,50
186,3,201789,45
187,3,5359,53
188,3,237280,61
189,3,165581,50
190,3,2852,45
191,3,141143,45
192,3,177355,50
193,3,241557,45
194,3,4170,50
195,3,3135,45
196,3,18418,44
197,3,400,45
198,3,264186,51
199,3,228533,85
200,3,149705,55
201,3,32828,45
202,3,11541,49
203,3,28486,54
204,3,11573,45
205,3,3905,45
206,3,23966,50
207,3,29136,64
208,3,5348,59
209,3,534928,86
210,3,9641,49
211,3,193328,55
212,3,13913,69
213,3,80220,50
214,3,6869,50
215,3,78391,55
216,3,83308,45
217,3,25936,55
218,3,29261,45
219,3,140531,55
220,3,24278,45
221,3,3439,49
222,3,277513,65
223,3,127500,45
224,3,1225,45
225,3,74150,55
226,3,111031,89
227,3,339070,50
228,3,24270,74
229,3,1238,50
230,3,1270056,95
231,3,7732,45
232,3,254227,70
233,3,8543,45
234,3,1158692,90
235,3,1091127,85
236,3,27720,80
237,3,4127,54
238,3,20229,74
239,3,117994,49
240,3,225468,55
241,3,32386,49
242,3,281277,55
243,3,1853,55
244,3,294293,60
245,3,375932,55
246,3,10146,45
247,3,179214,79
248,3,405582,81
249,3,68212,64
250,3,158686,50
251,3,3730,45
252,3,1080812,100
253,3,14047,54
254,3,2055,70
255,3,131665,83
256,3,56939,78
257,3,600066,115
258,3,70389,69
259,3,388870,104
260,3,1577700,55
261,3,8049,49
262,3,36233,40
263,3,56407,54
264,3,182295,50
265,3,3429,49
266,3,1806,55
267,3,443380,65
268,3,16136,53
269,3,89867,45
270,3,140674,55
271,3,642226,61
272,3,55528,40
273,3,115224,52
274,3,153572,70
275,3,20103,49
276,3,49989,44
277,3,517,49
278,3,133339,54
279,3,14243,59
280,3,106558,80
281,3,870741,82
282,3,1621268,82
283,3,2853,44
284,3,243798,75
285,3,2750195,117
286,3,887497,40
287,3,15150,45
288,3,13538,45
289,3,31738,45
290,3,63537,45
291,3,21807,44
292,3,88464,40
293,3,86226,40
294,3,18442,44
295,3,119782,60
296,3,35282,54
297,3,214,50
298,3,10267,49
299,3,33747,45
300,3,121621,50
301,3,77758,64
302,3,52147,55
303,3,85097,49
304,3,16253,45
305,3,5014,45
306,3,304691,50
307,3,744273,55
308,3,107265,50
309,3,6182,44
310,3,564431,50
311,3,76421,55
312,3,3821,44
313,3,44291,50
314,3,5033,45
315,3,8328,44
316,3,35044,50
317,3,100307,55
318,3,214337,65
319,3,15627,45
320,3,199593,45
321,3,12334,45
322,3,7317,59
323,3,2627,45
324,3,337561,65
325,3,22542,59
326,3,49896,64
327,3,276893,70
328,3,183516,50
329,3,24219,45
330,3,87758,50
331,3,31781,45
332,3,44396,50
333,3,2770,45
334,3,7026,45
335,3,25370,44
336,3,1170,45
337,3,167965,55
338,3,5001,49
339,3,805,45
340,3,51523,69
341,3,552,50
342,3,114179,59
343,3,9175,45
344,3,6643,55
345,3,28055,49
346,3,42825,50
347,3,81286,49
348,3,16205,55
349,3,29361,60
350,3,190727,45
351,3,60794,40
352,3,94689,45
353,3,793524,40
354,3,109806,45
355,3,5469,45
356,3,4577,45
357,3,53846,50
358,3,14452,50
359,3,256173,84
360,3,5692,55
361,3,7902,45
362,3,2187,45
363,3,403,50
364,3,2698,49
365,3,24223,55
366,3,2326,45
367,3,293322,45
368,3,234,50
369,3,2611,49
370,3,24031,45
371,3,5707,75
372,3,93795,45
373,3,89580,50
374,3,109393,55
375,3,665913,55
376,3,5606,50
377,3,716063,60
378,3,15741,65
379,3,647125,65
380,3,419905,60
381,3,584601,56
382,3,132128,54
383,3,12443,44
384,3,184760,50
385,3,162007,50
386,3,2018,64
387,3,1033626,96
388,3,1656504,95
389,3,43762,50
390,3,48288,80
391,3,4419,49
392,3,562,55
393,3,16558,55
394,3,1390600,125
395,3,10446,74
396,3,7707,45
397,3,89486,45
398,3,18290,45
399,3,1021,45
400,3,23948,45
401,3,33772,50
402,3,149520,45
403,3,1846,45
404,3,8184,49
405,3,165982,40
406,3,70613,40
407,3,21872,45
408,3,12892,50
409,3,263412,54
410,3,7807,45
411,3,230,50
412,3,7638,50
413,3,2644,54
414,3,208425,51
415,3,5568,59
416,3,10158,49
417,3,27138,65
418,3,47627,55
419,3,697,55
420,3,195134,40
421,3,845133,45
422,3,56649,50
423,3,26784,49
424,3,290474,50
425,3,63987,50
426,3,12717,50
427,3,25585,59
428,3,530,55
429,3,15519,45
430,3,9466,50
431,3,4642,45
432,3,132385,60
433,3,17183,45
434,3,93112,55
435,3,50547,63
436,3,24820,50
437,3,91127,59
438,3,23853,45
439,3,1290,45
440,3,85527,50
441,3,12772,45
442,3,55597,50
443,3,28464,50
444,3,51130,45
445,3,9858,45
446,3,12771,45
447,3,138276,50
448,3,129352,58
449,3,84375,70
450,3,13895,55
451,3,1418,50
452,3,40116,45
453,3,44326,69
454,3,21306,75
455,3,1014,55
456,3,16800,45
457,3,3758,59
458,3,7314,55
459,3,27975,45
460,3,1947,50
461,3,35874,45
462,3,5664,44
463,3,30150,50
464,3,21660,44
465,3,68821,40
466,3,8279,49
467,3,12031,45
468,3,1144010,48
469,3,3615,45
470,3,9399,55
471,3,3225,49
472,3,386689,100
473,3,11311,45
474,3,21152,45
475,3,108732,49
476,3,3532,49
477,3,55142,45
478,3,7959,54
479,3,540005,45
480,3,17664,49
481,3,2239,54
482,3,12619,49
483,3,219201,55
484,3,18164,65
485,3,5886,45
486,3,6502,45
487,3,1389225,71
488,3,7480,55
489,3,1910,50
490,3,6459,55
491,3,4077,45
492,3,1894,50
493,3,2792,50
494,3,252167,40
495,3,3299,50
496,3,10441,45
497,3,8522,55
498,3,92630,45
499,3,6607,50
500,3,7361,50
501,3,195727,60
502,3,3170,50
503,3,794,45
504,3,1771,45
505,3,9825,45
506,3,13552,40
507,3,2243,45
508,3,18359,40
509,3,781,60
510,3,1207,45
511,3,691,45
512,3,402219,60
513,3,929,50
514,3,369,45
515,3,1030,45
516,3,1061,45
517,3,676,60
518,3,2339,65
519,3,407,50
520,3,736,60
521,3,65,45
522,3,46,50
523,3,1127,100
524,3,1163,55
525,3,226,50
526,3,13,50
527,3,137,55
528,3,0,45
529,3,0,40
530,3,0,45
531,3,0,45
1,4,11534,49
2,4,262836,55
3,4,42382,40
4,4,40040,60
5,4,24111,50
6,4,1665,50
7,4,533242,59
8,4,13720,50
9,4,11158,45
10,4,175768,54
11,4,60021,48
12,4,71071,54
13,4,511672,60
14,4,132490,119
15,4,59824,72
16,4,120542,95
17,4,1952,70
18,4,147584,70
19,4,159067,60
20,4,38902,45
21,4,42289,52
22,4,174616,45
23,4,738845,56
24,4,1856,54
25,4,83172,84
26,4,58467,75
27,4,8160,74
28,4,680443,104
29,4,243497,45
30,4,146837,44
31,4,216066,40
32,4,68062,44
33,4,28500,49
34,4,660334,49
35,4,37451,49
36,4,17922,44
37,4,213803,40
38,4,270345,50
39,4,34025,50
40,4,4434,49
41,4,44419,45
42,4,3355,59
43,4,3970,49
44,4,1827,50
45,4,18636,49
46,4,33434,44
47,4,42235,54
48,4,1527,60
49,4,16487,58
50,4,5824,50
51,4,138498,73
52,4,131253,78
53,4,57280,40
54,4,32012,45
55,4,69378,45
56,4,24677,45
57,4,249371,40
58,4,11746,45
59,4,4817,44
60,4,145534,40
61,4,36431,40
62,4,63774,59
63,4,27699,45
64,4,2650,45
65,4,14554,45
66,4,7120,50
67,4,1635,49
68,4,419,45
69,4,3482,50
70,4,20744,54
71,4,11278,58
72,4,11015,49
73,4,932,50
74,4,361324,50
75,4,446,45
76,4,53132,45
77,4,400995,45
78,4,214286,45
79,4,4941,45
80,4,133817,40
81,4,10117,44
82,4,2747,49
83,4,1022,45
84,4,4009,50
85,4,23015,55
86,4,5876,54
87,4,88131,55
88,4,5319,45
89,4,15676,54
90,4,175674,45
91,4,319825,60
92,4,82643,64
93,4,24450,54
94,4,717751,55
95,4,3843,49
96,4,6385,49
97,4,459098,65
98,4,206645,63
99,4,150057,55
100,4,1040491,71
101,4,1293378,60
102,4,45642,65
103,4,108000,60
104,4,93905,105
105,4,266381,69
106,4,887246,71
107,4,771674,50
108,4,418578,45
109,4,82804,79
110,4,2353,49
111,4,772301,50
112,4,132514,45
113,4,28816,82
114,4,27411,96
115,4,79316,45
116,4,105922,40
117,4,45499,44
118,4,42897,49
119,4,19079,49
120,4,10496,44
121,4,21036,44
122,4,525,45
123,4,11419,49
124,4,123475,54
125,4,46476,49
126,4,199373,68
127,4,159313,45
128,4,13754,44
129,4,15915,55
130,4,1962,49
131,4,79015,59
132,4,34544,48
133,4,1218,55
134,4,240581,78
135,4,482131,50
136,4,11762,45
137,4,27431,44
138,4,450731,60
139,4,12440,65
140,4,357927,50
141,4,4890,40
142,4,903,50
143,4,200282,55
144,4,57054,44
145,4,6640,44
146,4,649227,55
147,4,5166,65
148,4,85355,64
149,4,8284,74
150,4,1521,49
151,4,80019,45
152,4,8148,45
153,4,4853,55
154,4,43334,50
155,4,60969,50
156,4,33479,54
157,4,5711,54
158,4,30259,73
159,4,100836,50
160,4,33888,74
161,4,968882,76
162,4,87816,40
163,4,387679,46
164,4,216172,45
165,4,64335,45
166,4,26035,50
167,4,6324,44
168,4,7697,40
169,4,5078,40
170,4,13454,40
171,4,500573,46
172,4,628197,57
173,4,4954,49
174,4,1160,45
175,4,33604,45
176,4,2554,44
177,4,422,45
178,4,4617,44
179,4,531,45
180,4,1999,45
181,4,20430,60
182,4,65342,60
183,4,3573,54
184,4,3207,49
185,4,2054,50
186,4,207338,45
187,4,5055,53
188,4,226803,61
189,4,196853,50
190,4,2872,45
191,4,142216,45
192,4,168951,50
193,4,233609,45
194,4,3851,50
195,4,3039,44
196,4,16944,44
197,4,442,45
198,4,322299,51
199,4,247444,85
200,4,139166,55
201,4,34492,44
202,4,13298,49
203,4,26077,54
204,4,10785,45
205,4,3894,45
206,4,23199,50
207,4,26814,64
208,4,4497,59
209,4,511786,86
210,4,9953,49
211,4,223289,55
212,4,14175,68
213,4,76546,50
214,4,8524,49
215,4,76174,54
216,4,92073,45
217,4,21975,54
218,4,98252,45
219,4,156167,55
220,4,22347,45
221,4,5505,49
222,4,237523,64
223,4,108737,45
224,4,1167,45
225,4,81491,55
226,4,97354,88
227,4,361178,50
228,4,21222,74
229,4,1026,50
230,4,1505868,96
231,4,13361,44
232,4,233420,69
233,4,14041,44
234,4,1422941,91
235,4,1495880,86
236,4,31854,80
237,4,4323,54
238,4,15754,74
239,4,99068,49
240,4,212236,55
241,4,30497,49
242,4,245380,55
243,4,1674,55
244,4,240434,60
245,4,359504,55
246,4,10007,45
247,4,111976,78
248,4,486832,81
249,4,59487,63
250,4,180417,50
251,4,3373,45
252,4,790440,99
253,4,13003,54
254,4,1925,70
255,4,97398,82
256,4,51623,78
257,4,477257,115
258,4,58692,69
259,4,380564,104
260,4,1689047,55
261,4,7971,49
262,4,33750,40
263,4,50678,53
264,4,298627,51
265,4,3393,49
266,4,1764,55
267,4,479178,65
268,4,14021,52
269,4,84702,45
270,4,170197,55
271,4,809375,62
272,4,65135,39
273,4,85099,51
274,4,148456,70
275,4,27233,49
276,4,50076,44
277,4,526,49
278,4,106716,53
279,4,14861,59
280,4,112716,80
281,4,1126421,83
282,4,1833726,83
283,4,4450,44
284,4,274690,75
285,4,2847500,117
286,4,993621,40
287,4,12767,45
288,4,12327,44
289,4,86602,45
290,4,60073,45
291,4,14746,44
292,4,73580,40
293,4,81093,40
294,4,15364,44
295,4,116961,59
296,4,32390,54
297,4,195,50
298,4,8950,49
299,4,39431,44
300,4,176259,50
301,4,53931,63
302,4,56817,55
303,4,71107,49
304,4,17930,45
305,4,4979,45
306,4,391127,50
307,4,763627,55
308,4,135894,50
309,4,5739,44
310,4,586251,50
311,4,70686,54
312,4,3566,43
313,4,42734,50
314,4,5006,45
315,4,7541,44
316,4,59109,50
317,4,73762,54
318,4,237945,65
319,4,13903,44
320,4,186858,45
321,4,16171,44
322,4,6367,58
323,4,2551,45
324,4,318353,65
325,4,21150,58
326,4,41280,64
327,4,263038,70
328,4,188000,50
329,4,22308,44
330,4,82549,50
331,4,32666,45
332,4,42117,50
333,4,2311,45
334,4,6747,44
335,4,22482,44
336,4,1206,45
337,4,149218,54
338,4,4726,49
339,4,733,45
340,4,39429,69
341,4,486,49
342,4,108959,59
343,4,7563,45
344,4,4876,55
345,4,33279,49
346,4,36922,50
347,4,90822,49
348,4,13876,54
349,4,25676,60
350,4,205655,45
351,4,59716,40
352,4,225178,45
353,4,757204,40
354,4,117592,45
355,4,4158,45
356,4,5556,45
357,4,55708,50
358,4,16430,50
359,4,246608,84
360,4,5353,55
361,4,7617,45
362,4,2187,45
363,4,423,50
364,4,2074,49
365,4,30587,55
366,4,2231,45
367,4,307089,45
368,4,217,50
369,4,2391,49
370,4,21346,45
371,4,5740,74
372,4,83768,45
373,4,119589,50
374,4,194301,55
375,4,645393,55
376,4,5557,50
377,4,700520,60
378,4,14228,64
379,4,601124,65
380,4,405797,60
381,4,615874,56
382,4,119660,54
383,4,19090,44
384,4,174461,50
385,4,168124,50
386,4,1873,64
387,4,1075484,96
388,4,1698224,95
389,4,35103,50
390,4,47494,80
391,4,4066,49
392,4,503,54
393,4,16267,54
394,4,1269420,124
395,4,9464,74
396,4,7115,45
397,4,91285,45
398,4,15684,44
399,4,934,45
400,4,25534,45
401,4,32957,50
402,4,92683,45
403,4,2461,45
404,4,6854,49
405,4,154747,40
406,4,68937,40
407,4,40068,45
408,4,13849,50
409,4,225282,54
410,4,6430,45
411,4,207,50
412,4,5529,50
413,4,2480,54
414,4,242211,51
415,4,4686,59
416,4,8361,48
417,4,24711,65
418,4,37456,55
419,4,767,54
420,4,189127,40
421,4,882840,45
422,4,172849,50
423,4,32383,49
424,4,286629,50
425,4,54564,49
426,4,13423,50
427,4,21486,58
428,4,808,55
429,4,14588,45
430,4,9109,50
431,4,3885,45
432,4,130977,60
433,4,15835,45
434,4,117104,55
435,4,43525,63
436,4,20932,49
437,4,92328,59
438,4,22690,45
439,4,1204,45
440,4,75964,49
441,4,12383,45
442,4,45896,49
443,4,28977,50
444,4,49490,45
445,4,9221,44
446,4,11687,44
447,4,124557,49
448,4,72500,58
449,4,75574,70
450,4,13751,55
451,4,1846,50
452,4,37149,45
453,4,38410,69
454,4,32946,75
455,4,869,55
456,4,15700,45
457,4,3983,59
458,4,7730,55
459,4,24852,45
460,4,1827,50
461,4,34113,45
462,4,5127,44
463,4,30266,50
464,4,18414,44
465,4,65598,40
466,4,5881,49
467,4,11079,45
468,4,1412948,49
469,4,3587,45
470,4,9078,55
471,4,2938,49
472,4,749266,101
473,4,10628,44
474,4,23490,45
475,4,100413,49
476,4,2935,49
477,4,54805,45
478,4,6582,53
479,4,502193,45
480,4,14336,49
481,4,1801,54
482,4,9978,49
483,4,222946,55
484,4,26429,65
485,4,4703,45
486,4,6302,45
487,4,1401076,71
488,4,18158,55
489,4,2114,50
490,4,7245,55
491,4,4111,44
492,4,1722,49
493,4,2585,49
494,4,378655,40
495,4,3984,50
496,4,12712,45
497,4,7609,55
498,4,79543,44
499,4,6880,50
500,4,7956,50
501,4,243606,60
502,4,3816,50
503,4,895,45
504,4,1885,45
505,4,14899,45
506,4,15541,40
507,4,2011,45
508,4,21313,40
509,4,625,60
510,4,1746,45
511,4,464,45
512,4,461240,60
513,4,1592,50
514,4,702,45
515,4,1229,45
516,4,1253,45
517,4,1461,60
518,4,33555,65
519,4,2387,50
520,4,2956,60
521,4,224,45
522,4,155,50
523,4,2430,100
524,4,2268,55
525,4,930,50
526,4,121,50
527,4,526,55
528,4,4980,45
529,4,2831,40
530,4,281,45
531,4,357,45
532,4,13572,60
533,4,6049,50
534,4,168,45
535,4,108550,50
536,4,194,45
537,4,283,45
538,4,262,45
539,4,346,55
540,4,8229,40
541,4,437,50
542,4,25216,60
543,4,1586,60
544,4,0,45
1,5,11566,49
2,5,262787,55
3,5,41537,40
4,5,42218,60
5,5,23213,49
6,5,1678,50
7,5,508976,59
8,5,14373,50
9,5,10280,45
10,5,166375,54
11,5,51774,48
12,5,70907,54
13,5,531661,60
14,5,123802,119
15,5,51281,72
16,5,115105,95
17,5,2026,70
18,5,152141,70
19,5,151994,60
20,5,34846,45
21,5,35232,52
22,5,159187,45
23,5,687134,56
24,5,2068,54
25,5,75299,84
26,5,132932,75
27,5,7432,74
28,5,600129,104
29,5,241495,45
30,5,135286,44
31,5,202345,40
32,5,63963,44
33,5,27224,49
34,5,633570,49
35,5,35249,49
36,5,17585,44
37,5,209652,40
38,5,252046,50
39,5,35780,49
40,5,4159,49
41,5,43707,45
42,5,3273,59
43,5,4195,49
44,5,1739,50
45,5,17946,49
46,5,37850,44
47,5,33126,54
48,5,1516,60
49,5,15502,58
50,5,6161,49
51,5,134739,73
52,5,123064,78
53,5,57540,40
54,5,32041,45
55,5,66814,45
56,5,29065,45
57,5,251499,39
58,5,11509,45
59,5,4333,44
60,5,156162,40
61,5,35243,40
62,5,59320,59
63,5,31284,45
64,5,3834,44
65,5,12096,45
66,5,8717,50
67,5,1582,49
68,5,403,45
69,5,3217,49
70,5,208883,55
71,5,10142,58
72,5,71869,49
73,5,937,50
74,5,287198,50
75,5,429,45
76,5,53372,45
77,5,383121,45
78,5,226155,45
79,5,6335,45
80,5,128799,40
81,5,9453,44
82,5,2604,49
83,5,995,45
84,5,4043,50
85,5,22364,55
86,5,5199,54
87,5,85789,55
88,5,5243,45
89,5,13359,54
90,5,189836,45
91,5,294539,61
92,5,73934,64
93,5,22695,53
94,5,712087,55
95,5,3795,49
96,5,6291,49
97,5,484221,65
98,5,201817,63
99,5,153906,55
100,5,1057886,71
101,5,1275202,60
102,5,45821,65
103,5,109316,59
104,5,135394,105
105,5,289065,69
106,5,765082,71
107,5,751972,50
108,5,379118,45
109,5,88495,79
110,5,2274,49
111,5,926379,50
112,5,160002,45
113,5,26180,82
114,5,25837,96
115,5,76202,45
116,5,105280,40
117,5,39398,44
118,5,39875,49
119,5,17846,49
120,5,9990,44
121,5,19722,44
122,5,523,45
123,5,10936,48
124,5,103349,54
125,5,43399,49
126,5,167088,68
127,5,150236,45
128,5,33857,44
129,5,15712,55
130,5,1858,49
131,5,73839,58
132,5,27858,48
133,5,1250,55
134,5,209331,78
135,5,466205,50
136,5,11418,44
137,5,26649,44
138,5,414395,60
139,5,13004,65
140,5,326779,50
141,5,4736,40
142,5,857,49
143,5,183408,54
144,5,53684,44
145,5,6471,44
146,5,604689,55
147,5,5189,65
148,5,76180,63
149,5,7918,74
150,5,1453,49
151,5,79981,45
152,5,7938,45
153,5,4789,55
154,5,41509,50
155,5,58144,50
156,5,30623,54
157,5,5357,53
158,5,27392,73
159,5,94204,50
160,5,30228,73
161,5,828987,75
162,5,86183,40
163,5,446833,46
164,5,224828,46
165,5,111260,45
166,5,25489,50
167,5,5911,44
168,5,7350,40
169,5,4926,40
170,5,12292,40
171,5,494787,46
172,5,636994,57
173,5,4877,49
174,5,1090,45
175,5,33474,45
176,5,3658,44
177,5,399,45
178,5,5040,44
179,5,511,45
180,5,1753,45
181,5,19429,60
182,5,58235,60
183,5,3030,54
184,5,3075,49
185,5,1961,49
186,5,193726,45
187,5,5001,52
188,5,181841,61
189,5,218091,50
190,5,2894,45
191,5,144934,45
192,5,156045,50
193,5,233386,45
194,5,4030,49
195,5,2957,44
196,5,15980,44
197,5,468,45
198,5,350159,51
199,5,276698,85
200,5,130452,55
201,5,54932,44
202,5,12703,49
203,5,24608,54
204,5,11386,44
205,5,3434,45
206,5,23019,50
207,5,25772,64
208,5,4257,58
209,5,571036,85
210,5,10038,49
211,5,217725,55
212,5,14660,68
213,5,77864,50
214,5,8714,49
215,5,70474,54
216,5,106334,45
217,5,19474,54
218,5,114321,45
219,5,155993,55
220,5,21669,45
221,5,5721,49
222,5,206032,64
223,5,106929,45
224,5,1138,45
225,5,88157,55
226,5,157217,88
227,5,369626,50
228,5,19966,74
229,5,937,50
230,5,757570,95
231,5,13737,44
232,5,219824,69
233,5,16761,44
234,5,1571656,91
235,5,1593943,86
236,5,32190,80
237,5,4125,54
238,5,13945,74
239,5,94047,48
240,5,197893,55
241,5,32630,49
242,5,275889,55
243,5,1599,55
244,5,193208,60
245,5,373123,55
246,5,9829,45
247,5,117109,78
248,5,593479,82
249,5,54787,63
250,5,188961,50
251,5,3229,45
252,5,926269,99
253,5,14087,54
254,5,1926,70
255,5,187706,82
256,5,44073,77
257,5,502186,114
258,5,53099,68
259,5,541106,104
260,5,1744231,55
261,5,7905,49
262,5,42137,39
263,5,48796,53
264,5,346175,51
265,5,3439,49
266,5,1752,54
267,5,470771,65
268,5,13991,52
269,5,80922,45
270,5,156135,55
271,5,839529,62
272,5,77907,39
273,5,74737,51
274,5,143252,70
275,5,42028,49
276,5,48566,44
277,5,670,49
278,5,101292,53
279,5,14689,59
280,5,122180,80
281,5,1416299,84
282,5,1323399,82
283,5,4336,44
284,5,327640,75
285,5,2808410,117
286,5,1107360,41
287,5,11400,45
288,5,12095,44
289,5,158862,45
290,5,125309,45
291,5,12078,44
292,5,62543,40
293,5,148124,40
294,5,14217,44
295,5,130828,59
296,5,29785,54
297,5,183,50
298,5,8353,48
299,5,38098,44
300,5,166433,50
301,5,46936,63
302,5,58746,55
303,5,58736,49
304,5,18670,45
305,5,4927,45
306,5,402253,50
307,5,703889,55
308,5,118219,50
309,5,5372,44
310,5,550234,50
311,5,64817,54
312,5,4173,43
313,5,37187,50
314,5,4802,44
315,5,6999,44
316,5,62382,50
317,5,61046,54
318,5,211000,65
319,5,11716,44
320,5,177227,45
321,5,16353,44
322,5,6251,58
323,5,3361,44
324,5,283561,65
325,5,20189,58
326,5,35008,63
327,5,209094,70
328,5,203972,50
329,5,20860,44
330,5,69903,50
331,5,27821,45
332,5,41564,50
333,5,2089,45
334,5,6430,44
335,5,20877,43
336,5,1221,45
337,5,137888,54
338,5,4534,49
339,5,681,45
340,5,38196,69
341,5,461,49
342,5,138765,59
343,5,6503,45
344,5,3886,55
345,5,30889,49
346,5,35426,50
347,5,88366,49
348,5,16871,54
349,5,23834,59
350,5,207860,45
351,5,59159,40
352,5,234468,45
353,5,716951,40
354,5,115234,45
355,5,3607,45
356,5,5451,45
357,5,52956,50
358,5,15892,50
359,5,222405,84
360,5,4966,54
361,5,7351,45
362,5,2161,45
363,5,422,50
364,5,1764,49
365,5,27795,55
366,5,2129,45
367,5,310432,45
368,5,209,50
369,5,2239,49
370,5,24055,44
371,5,6322,74
372,5,72997,45
373,5,124677,50
374,5,187233,55
375,5,658849,55
376,5,5501,49
377,5,687932,60
378,5,13197,64
379,5,621150,65
380,5,400640,60
381,5,983133,57
382,5,140339,54
383,5,27310,44
384,5,173718,50
385,5,160503,50
386,5,1804,64
387,5,1374938,97
388,5,1739571,95
389,5,28761,49
390,5,54740,80
391,5,3845,49
392,5,477,54
393,5,15187,54
394,5,1499862,124
395,5,8327,74
396,5,6452,45
397,5,123780,45
398,5,15514,44
399,5,842,45
400,5,21440,45
401,5,35208,50
402,5,76388,45
403,5,5334,45
404,5,8808,49
405,5,153679,40
406,5,68677,40
407,5,148225,45
408,5,20985,50
409,5,187950,53
410,5,5717,45
411,5,199,50
412,5,4070,50
413,5,2352,54
414,5,465324,52
415,5,4376,58
416,5,7482,48
417,5,22761,64
418,5,32367,55
419,5,792,54
420,5,187023,40
421,5,876756,45
422,5,180867,50
423,5,36271,49
424,5,272271,50
425,5,49403,49
426,5,13159,50
427,5,17188,58
428,5,1845,55
429,5,13817,45
430,5,8058,50
431,5,3387,45
432,5,120475,60
433,5,14535,45
434,5,103737,55
435,5,39121,62
436,5,22082,49
437,5,83392,59
438,5,22060,44
439,5,1161,45
440,5,76100,49
441,5,15997,44
442,5,45210,49
443,5,30355,50
444,5,46757,45
445,5,8841,44
446,5,11093,44
447,5,119286,49
448,5,56373,58
449,5,83638,70
450,5,11383,55
451,5,2246,50
452,5,97002,45
453,5,32775,69
454,5,38225,75
455,5,799,55
456,5,13906,45
457,5,10451,59
458,5,7786,55
459,5,23246,45
460,5,1796,50
461,5,31972,45
462,5,4798,44
463,5,34659,50
464,5,17610,43
465,5,61548,40
466,5,4791,49
467,5,10370,45
468,5,1403626,49
469,5,4940,45
470,5,8502,55
471,5,2807,48
472,5,912455,102
473,5,10150,44
474,5,24146,45
475,5,90281,49
476,5,2515,49
477,5,58394,45
478,5,6031,53
479,5,485320,45
480,5,13071,48
481,5,1577,54
482,5,9213,49
483,5,261367,55
484,5,73191,65
485,5,4233,44
486,5,6174,45
487,5,1215092,71
488,5,31867,55
489,5,2057,50
490,5,6937,55
491,5,6328,44
492,5,1643,49
493,5,2495,49
494,5,392404,40
495,5,5298,50
496,5,13657,45
497,5,238688,56
498,5,69452,44
499,5,6979,50
500,5,7135,50
501,5,234675,60
502,5,4533,50
503,5,803,45
504,5,1888,45
505,5,23229,45
506,5,16742,40
507,5,1782,45
508,5,20017,40
509,5,529,60
510,5,1744,45
511,5,411,45
512,5,486463,60
513,5,1839,50
514,5,842,45
515,5,1200,45
516,5,1268,45
517,5,1310,60
518,5,79902,65
519,5,2328,50
520,5,6813,60
521,5,260,45
522,5,212,50
523,5,2742,100
524,5,2355,55
525,5,1137,50
526,5,164,50
527,5,962,55
528,5,8090,45
529,5,4647,40
530,5,450,45
531,5,533,45
532,5,16337,60
533,5,7611,50
534,5,341,45
535,5,125778,50
536,5,324,45
537,5,309,45
538,5,303,45
539,5,444,55
540,5,19832,40
541,5,658,50
542,5,27352,60
543,5,6316,60
544,5,128,45
545,5,0,40
546,5,0,45
1,6,11539,49
2,6,275010,55
3,6,40202,40
4,6,51421,60
5,6,22638,49
6,6,1726,50
7,6,510414,59
8,6,15809,50
9,6,9584,45
10,6,185727,54
11,6,45313,47
12,6,82165,54
13,6,613555,60
14,6,124756,119
15,6,41587,72
16,6,94857,94
17,6,2141,70
18,6,182672,70
19,6,123665,59
20,6,31533,45
21,6,34274,51
22,6,146882,45
23,6,661770,56
24,6,3138,54
25,6,72768,83
26,6,91416,75
27,6,6959,74
28,6,529091,103
29,6,228880,45
30,6,123160,44
31,6,189674,40
32,6,59722,44
33,6,23770,49
34,6,571590,49
35,6,32281,49
36,6,15819,44
37,6,202326,40
38,6,228032,50
39,6,33722,49
40,6,3910,49
41,6,99992,45
42,6,3263,59
43,6,3962,49
44,6,1704,50
45,6,28404,49
46,6,41155,44
47,6,28965,54
48,6,1506,59
49,6,14247,58
50,6,6171,49
51,6,111832,72
52,6,128946,78
53,6,62445,40
54,6,31128,45
55,6,61526,45
56,6,30062,45
57,6,279259,39
58,6,10207,45
59,6,4013,44
60,6,172005,40
61,6,33754,40
62,6,51811,58
63,6,31226,45
64,6,5004,44
65,6,10234,44
66,6,15900,50
67,6,1629,48
68,6,385,45
69,6,2971,49
70,6,585252,56
71,6,9210,57
72,6,139301,49
73,6,915,49
74,6,221232,49
75,6,423,45
76,6,54977,45
77,6,373007,45
78,6,249310,45
79,6,14771,45
80,6,122658,40
81,6,9013,43
82,6,10126,49
83,6,975,45
84,6,3992,50
85,6,21759,55
86,6,4831,54
87,6,112617,55
88,6,5355,45
89,6,10838,53
90,6,190681,45
91,6,282904,61
92,6,68620,63
93,6,21283,53
94,6,711245,55
95,6,3792,49
96,6,6228,49
97,6,527942,65
98,6,207218,63
99,6,135621,55
100,6,1072176,71
101,6,869886,60
102,6,49499,65
103,6,106823,59
104,6,157713,105
105,6,306530,69
106,6,669198,70
107,6,776815,50
108,6,363879,45
109,6,69907,79
110,6,2244,48
111,6,1034553,51
112,6,167724,45
113,6,25298,81
114,6,24650,95
115,6,69605,45
116,6,106801,40
117,6,34763,44
118,6,32988,48
119,6,15665,49
120,6,9314,43
121,6,18197,43
122,6,559,45
123,6,10440,48
124,6,81570,53
125,6,37575,48
126,6,142791,68
127,6,138323,44
128,6,38185,44
129,6,14754,55
130,6,2099,49
131,6,63619,58
132,6,22365,47
133,6,1285,54
134,6,172761,77
135,6,450505,50
136,6,11035,44
137,6,25608,44
138,6,380364,59
139,6,13447,65
140,6,306566,50
141,6,4584,40
142,6,840,49
143,6,167543,54
144,6,48661,44
145,6,6367,44
146,6,561130,55
147,6,5228,65
148,6,69493,63
149,6,7606,74
150,6,1379,49
151,6,80083,45
152,6,8744,44
153,6,4699,54
154,6,40384,50
155,6,57320,50
156,6,31947,53
157,6,4881,53
158,6,24944,72
159,6,106034,50
160,6,28000,73
161,6,796982,75
162,6,86707,40
163,6,442746,46
164,6,213287,46
165,6,145835,45
166,6,24351,50
167,6,5465,43
168,6,7538,40
169,6,4748,40
170,6,11171,40
171,6,468775,46
172,6,587519,57
173,6,4136,49
174,6,2820,44
175,6,31220,45
176,6,3960,44
177,6,362,45
178,6,5206,44
179,6,483,45
180,6,1559,45
181,6,17530,60
182,6,50033,59
183,6,2371,54
184,6,2825,49
185,6,1918,49
186,6,197740,45
187,6,13042,52
188,6,112900,60
189,6,216244,50
190,6,2867,45
191,6,142056,45
192,6,132620,49
193,6,221102,45
194,6,4469,49
195,6,2905,44
196,6,15594,44
197,6,524,45
198,6,336325,51
199,6,245863,85
200,6,116992,55
201,6,122286,44
202,6,10911,49
203,6,22927,53
204,6,12241,44
205,6,3067,45
206,6,22031,50
207,6,24335,63
208,6,4205,58
209,6,536636,85
210,6,9460,49
211,6,206453,55
212,6,15950,68
213,6,74162,50
214,6,8665,49
215,6,55619,54
216,6,100307,45
217,6,17473,54
218,6,103493,45
219,6,137672,55
220,6,24138,44
221,6,6558,49
222,6,184925,63
223,6,99056,45
224,6,1116,45
225,6,81464,55
226,6,181966,88
227,6,350978,50
228,6,18870,74
229,6,868,50
230,6,551457,94
231,6,13957,44
232,6,189559,68
233,6,18344,44
234,6,1749987,92
235,6,1431184,87
236,6,33935,80
237,6,4101,54
238,6,12698,74
239,6,91860,48
240,6,204138,55
241,6,30593,48
242,6,336528,55
243,6,1551,55
244,6,165247,59
245,6,624571,56
246,6,9429,45
247,6,162551,78
248,6,950528,83
249,6,50721,62
250,6,188182,50
251,6,3092,45
252,6,969496,100
253,6,13795,54
254,6,1867,70
255,6,168196,82
256,6,37877,76
257,6,1322677,117
258,6,48647,68
259,6,678050,105
260,6,1793116,55
261,6,7837,49
262,6,58935,39
263,6,46339,53
264,6,432725,51
265,6,4040,49
266,6,1726,54
267,6,574499,65
268,6,13326,52
269,6,73590,45
270,6,122350,55
271,6,862742,62
272,6,82147,39
273,6,65245,50
274,6,138372,70
275,6,54993,49
276,6,53749,43
277,6,1411,49
278,6,92920,52
279,6,15301,59
280,6,147615,80
281,6,1697232,85
282,6,765452,81
283,6,4234,44
284,6,375736,75
285,6,2816943,117
286,6,1196849,41
287,6,10282,44
288,6,12889,44
289,6,174530,45
290,6,482195,46
291,6,9744,43
292,6,52972,40
293,6,153801,40
294,6,12151,44
295,6,304259,60
296,6,26711,53
297,6,180,50
298,6,8047,48
299,6,36292,44
300,6,253246,51
301,6,41416,62
302,6,62337,55
303,6,51149,48
304,6,19336,45
305,6,4864,45
306,6,411158,50
307,6,652275,55
308,6,123761,50
309,6,4900,43
310,6,521836,50
311,6,67582,54
312,6,4028,43
313,6,24742,49
314,6,4568,44
315,6,6512,43
316,6,145860,50
317,6,49147,53
318,6,179782,65
319,6,10156,44
320,6,167934,45
321,6,15168,44
322,6,5704,58
323,6,4373,44
324,6,237413,64
325,6,19896,58
326,6,25783,63
327,6,142112,68
328,6,197909,50
329,6,19337,44
330,6,59789,49
331,6,22395,45
332,6,38229,50
333,6,1884,45
334,6,6124,44
335,6,19272,43
336,6,1225,45
337,6,130531,54
338,6,4452,48
339,6,640,45
340,6,36795,69
341,6,442,49
342,6,183805,59
343,6,5680,45
344,6,3314,55
345,6,28240,48
346,6,33498,50
347,6,84958,49
348,6,18098,54
349,6,21046,59
350,6,368750,45
351,6,59817,40
352,6,307521,46
353,6,666820,40
354,6,142738,45
355,6,3164,45
356,6,6382,45
357,6,55411,50
358,6,17285,50
359,6,207198,83
360,6,4600,54
361,6,7000,45
362,6,2463,44
363,6,420,50
364,6,1538,49
365,6,25587,55
366,6,2025,45
367,6,312938,45
368,6,195,50
369,6,2147,48
370,6,26019,44
371,6,6820,74
372,6,65083,45
373,6,157507,50
374,6,218311,55
375,6,654310,55
376,6,5450,49
377,6,682683,60
378,6,11953,64
379,6,688873,65
380,6,409195,60
381,6,1055320,57
382,6,164627,54
383,6,26358,44
384,6,173311,50
385,6,145937,50
386,6,1774,64
387,6,1368966,97
388,6,1565575,95
389,6,24386,49
390,6,58830,80
391,6,3669,48
392,6,471,54
393,6,16151,54
394,6,1365449,125
395,6,7569,74
396,6,5906,45
397,6,124204,45
398,6,14038,44
399,6,758,45
400,6,17514,45
401,6,33527,50
402,6,63984,45
403,6,5747,45
404,6,9052,49
405,6,147844,40
406,6,67802,40
407,6,218291,45
408,6,21199,50
409,6,160538,53
410,6,5138,45
411,6,190,50
412,6,3252,50
413,6,2252,53
414,6,543306,52
415,6,4435,58
416,6,6711,47
417,6,21132,64
418,6,28571,55
419,6,839,54
420,6,188441,40
421,6,852011,45
422,6,154489,50
423,6,39531,49
424,6,253361,50
425,6,45846,49
426,6,10649,50
427,6,14066,57
428,6,2168,55
429,6,12961,45
430,6,7247,50
431,6,3008,45
432,6,96131,60
433,6,13241,45
434,6,82793,55
435,6,33074,61
436,6,22949,49
437,6,67329,58
438,6,21393,44
439,6,1117,45
440,6,77998,49
441,6,13370,44
442,6,47900,49
443,6,35059,50
444,6,43679,44
445,6,8459,44
446,6,10444,44
447,6,116454,49
448,6,45167,58
449,6,78205,70
450,6,9946,55
451,6,2644,50
452,6,124175,45
453,6,28948,68
454,6,33856,75
455,6,745,55
456,6,12399,45
457,6,16790,59
458,6,7890,55
459,6,21896,45
460,6,1739,50
461,6,28639,44
462,6,4565,43
463,6,37549,50
464,6,24963,43
465,6,53694,40
466,6,4036,49
467,6,9588,45
468,6,1411407,49
469,6,11884,45
470,6,9513,55
471,6,2763,48
472,6,882733,102
473,6,9605,44
474,6,20069,45
475,6,83350,49
476,6,2247,49
477,6,52953,45
478,6,5249,52
479,6,467295,45
480,6,11811,48
481,6,1393,53
482,6,8123,49
483,6,208278,55
484,6,103350,65
485,6,3808,44
486,6,7145,44
487,6,994617,70
488,6,42345,55
489,6,1992,49
490,6,6273,55
491,6,8458,44
492,6,1554,49
493,6,2379,49
494,6,533537,40
495,6,5543,50
496,6,13812,45
497,6,263628,56
498,6,62430,43
499,6,7189,50
500,6,11017,50
501,6,211416,60
502,6,4923,50
503,6,748,45
504,6,1951,45
505,6,37197,45
506,6,19085,40
507,6,1600,45
508,6,17546,40
509,6,470,60
510,6,1669,45
511,6,378,45
512,6,420693,60
513,6,2052,50
514,6,936,45
515,6,1156,45
516,6,1294,45
517,6,1181,60
518,6,158304,66
519,6,2773,50
520,6,11712,60
521,6,296,45
522,6,588,50
523,6,2953,100
524,6,1892,55
525,6,2166,50
526,6,214,50
527,6,1366,55
528,6,12267,45
529,6,7202,40
530,6,599,45
531,6,694,45
532,6,17154,60
533,6,8647,50
534,6,483,45
535,6,120067,50
536,6,413,45
537,6,337,45
538,6,341,45
539,6,590,55
540,6,29063,40
541,6,792,50
542,6,31181,60
543,6,7079,60
544,6,209,45
545,6,3850,40
546,6,174,45
547,6,0,40
548,6,0,50
549,6,0,40
550,6,0,40
1,7,11534,49
2,7,287723,55
3,7,39271,40
4,7,54845,60
5,7,22406,49
6,7,1761,50
7,7,536290,59
8,7,19373,50
9,7,9080,45
10,7,262726,54
11,7,41876,47
12,7,97792,54
13,7,678373,60
14,7,130680,119
15,7,40616,72
16,7,84752,94
17,7,2236,70
18,7,250976,70
19,7,104728,58
20,7,29553,45
21,7,29256,51
22,7,147160,45
23,7,645892,56
24,7,5029,54
25,7,68918,83
26,7,60979,75
27,7,6657,74
28,7,765730,104
29,7,219917,45
30,7,114719,44
31,7,181452,40
32,7,57345,44
33,7,22435,49
34,7,559876,49
35,7,30130,49
36,7,13483,44
37,7,197887,40
38,7,211965,49
39,7,28331,49
40,7,3856,48
41,7,189744,45
42,7,3747,59
43,7,3755,49
44,7,1701,50
45,7,34338,49
46,7,43827,44
47,7,25789,53
48,7,1493,59
49,7,13144,57
50,7,6492,49
51,7,112726,72
52,7,121079,78
53,7,64532,40
54,7,33076,45
55,7,63321,44
56,7,30711,45
57,7,316053,39
58,7,12849,45
59,7,3890,44
60,7,174602,40
61,7,32986,40
62,7,45388,58
63,7,50562,45
64,7,5608,44
65,7,9416,44
66,7,23456,50
67,7,1690,48
68,7,375,45
69,7,2862,49
70,7,690497,57
71,7,8120,57
72,7,131192,50
73,7,901,49
74,7,186117,49
75,7,407,45
76,7,59195,45
77,7,370005,45
78,7,311049,45
79,7,16669,45
80,7,119303,40
81,7,9222,43
82,7,12404,49
83,7,985,45
84,7,3864,50
85,7,20848,55
86,7,4821,54
87,7,114862,55
88,7,5311,45
89,7,8610,53
90,7,188938,45
91,7,225644,60
92,7,79758,63
93,7,19654,53
94,7,695136,55
95,7,3744,49
96,7,6126,49
97,7,707679,66
98,7,196929,63
99,7,133793,55
100,7,942707,70
101,7,710887,59
102,7,52216,65
103,7,108370,59
104,7,161664,105
105,7,269414,69
106,7,569569,70
107,7,808093,50
108,7,343012,45
109,7,77249,79
110,7,2245,48
111,7,1067590,51
112,7,129953,45
113,7,24332,81
114,7,23052,95
115,7,65026,45
116,7,107963,40
117,7,30232,44
118,7,29042,48
119,7,14237,48
120,7,8915,43
121,7,17096,43
122,7,626,45
123,7,9714,48
124,7,70191,52
125,7,34134,48
126,7,128256,67
127,7,139567,44
128,7,36487,44
129,7,13967,55
130,7,2425,49
131,7,56641,57
132,7,19987,47
133,7,1274,54
134,7,133812,77
135,7,431562,50
136,7,10670,44
137,7,24785,44
138,7,354399,59
139,7,13447,65
140,7,231370,49
141,7,4498,40
142,7,828,49
143,7,158756,54
144,7,50976,44
145,7,6548,44
146,7,429893,54
147,7,5201,64
148,7,63394,62
149,7,7407,74
150,7,1315,49
151,7,83837,45
152,7,10045,44
153,7,4558,54
154,7,39085,50
155,7,56216,50
156,7,42480,53
157,7,4598,52
158,7,22888,72
159,7,109706,50
160,7,25316,72
161,7,608378,74
162,7,87005,40
163,7,464085,46
164,7,267914,46
165,7,208236,45
166,7,24561,50
167,7,5218,43
168,7,8445,40
169,7,4672,40
170,7,10387,40
171,7,470918,46
172,7,534762,57
173,7,3647,49
174,7,8364,44
175,7,29414,45
176,7,4120,44
177,7,351,45
178,7,5312,44
179,7,456,45
180,7,1421,45
181,7,15834,60
182,7,44003,59
183,7,2046,53
184,7,2411,49
185,7,1841,49
186,7,188867,45
187,7,13401,52
188,7,75644,59
189,7,213716,50
190,7,2870,44
191,7,144342,45
192,7,124765,49
193,7,219061,45
194,7,3959,49
195,7,2861,44
196,7,16421,44
197,7,591,45
198,7,362160,51
199,7,216834,85
200,7,109348,55
201,7,208704,44
202,7,9807,49
203,7,24032,53
204,7,12800,44
205,7,2832,45
206,7,21809,50
207,7,23361,63
208,7,4141,58
209,7,597139,85
210,7,9233,48
211,7,265471,56
212,7,16140,68
213,7,74924,49
214,7,8545,49
215,7,51429,54
216,7,111429,45
217,7,16092,54
218,7,103070,45
219,7,129445,55
220,7,23114,44
221,7,7309,49
222,7,165579,63
223,7,88196,44
224,7,1096,45
225,7,105547,55
226,7,367107,89
227,7,354069,50
228,7,18047,74
229,7,832,50
230,7,589944,94
231,7,13791,44
232,7,172317,68
233,7,18963,44
234,7,1825218,92
235,7,1234429,86
236,7,35922,80
237,7,4198,54
238,7,11990,74
239,7,86456,48
240,7,204314,55
241,7,29388,48
242,7,367324,55
243,7,1509,55
244,7,143476,59
245,7,725195,57
246,7,17514,45
247,7,261535,79
248,7,1114884,84
249,7,47986,62
250,7,188041,50
251,7,2979,45
252,7,826875,100
253,7,13119,54
254,7,1829,70
255,7,284648,83
256,7,33715,76
257,7,579849,116
258,7,43563,67
259,7,568739,104
260,7,1900503,56
261,7,7775,48
262,7,73391,39
263,7,49038,53
264,7,452079,52
265,7,4455,49
266,7,1689,54
267,7,614845,66
268,7,12994,51
269,7,62880,45
270,7,106757,55
271,7,925820,62
272,7,83335,39
273,7,60100,50
274,7,137613,70
275,7,44913,49
276,7,61577,43
277,7,5755,49
278,7,87389,52
279,7,15323,59
280,7,120820,80
281,7,1751963,85
282,7,580117,80
283,7,4185,44
284,7,399243,76
285,7,3101421,118
286,7,1264555,41
287,7,9916,44
288,7,13517,44
289,7,170972,45
290,7,569166,47
291,7,8451,43
292,7,47279,40
293,7,176792,40
294,7,10829,44
295,7,318800,60
296,7,24590,53
297,7,175,50
298,7,7538,48
299,7,35004,44
300,7,259969,51
301,7,37317,62
302,7,56374,55
303,7,51932,48
304,7,20216,45
305,7,4801,45
306,7,418987,50
307,7,620200,55
308,7,135847,50
309,7,4366,43
310,7,515231,50
311,7,67891,54
312,7,3906,43
313,7,19542,48
314,7,4395,44
315,7,6202,43
316,7,212720,51
317,7,42635,53
318,7,162577,65
319,7,9152,44
320,7,169505,45
321,7,15468,44
322,7,5363,57
323,7,4758,44
324,7,210852,64
325,7,20280,58
326,7,22404,62
327,7,108602,67
328,7,190556,50
329,7,18203,44
330,7,51841,49
331,7,19541,44
332,7,36429,50
333,7,1751,45
334,7,5830,44
335,7,19249,43
336,7,1241,44
337,7,123227,54
338,7,4425,48
339,7,604,45
340,7,38791,69
341,7,594,49
342,7,216945,59
343,7,5198,45
344,7,3041,55
345,7,27663,48
346,7,32003,50
347,7,81103,49
348,7,19401,54
349,7,18753,58
350,7,398698,45
351,7,60449,40
352,7,305079,46
353,7,641395,39
354,7,149719,45
355,7,2883,45
356,7,6484,45
357,7,52899,50
358,7,16830,50
359,7,178637,83
360,7,4271,54
361,7,6775,45
362,7,3243,44
363,7,421,50
364,7,1401,49
365,7,22974,55
366,7,2228,44
367,7,314527,45
368,7,186,50
369,7,2057,48
370,7,28179,44
371,7,6735,74
372,7,59931,45
373,7,162771,50
374,7,281581,56
375,7,634255,55
376,7,5385,49
377,7,663928,60
378,7,11147,64
379,7,702561,65
380,7,405402,60
381,7,1088516,58
382,7,173742,54
383,7,22274,44
384,7,169036,50
385,7,112719,50
386,7,1710,64
387,7,1333526,97
388,7,1508314,95
389,7,21797,49
390,7,50743,80
391,7,3751,48
392,7,518,54
393,7,18873,54
394,7,1679631,126
395,7,7114,74
396,7,5541,45
397,7,122922,45
398,7,12815,44
399,7,703,45
400,7,15240,44
401,7,32421,50
402,7,61079,45
403,7,6538,45
404,7,8945,49
405,7,163004,40
406,7,68109,40
407,7,260907,45
408,7,21870,50
409,7,139868,52
410,7,4707,45
411,7,182,50
412,7,2900,50
413,7,2178,53
414,7,550057,52
415,7,4390,58
416,7,6330,47
417,7,20406,64
418,7,25334,54
419,7,858,54
420,7,191726,40
421,7,841857,45
422,7,140846,50
423,7,43079,49
424,7,244497,50
425,7,42738,49
426,7,10253,50
427,7,12361,57
428,7,2406,55
429,7,12481,45
430,7,6802,50
431,7,2748,45
432,7,81903,59
433,7,12333,45
434,7,71079,55
435,7,29380,61
436,7,25488,49
437,7,64636,58
438,7,20918,44
439,7,1076,45
440,7,100094,49
441,7,11369,44
442,7,49576,49
443,7,59270,50
444,7,43913,44
445,7,8105,44
446,7,12046,44
447,7,115767,49
448,7,38729,58
449,7,72037,70
450,7,9877,55
451,7,30690,50
452,7,103504,45
453,7,27996,68
454,7,26399,75
455,7,721,55
456,7,11374,45
457,7,22115,59
458,7,7681,55
459,7,20916,45
460,7,1694,50
461,7,37005,44
462,7,4512,43
463,7,54303,50
464,7,32404,43
465,7,49148,40
466,7,3614,49
467,7,10003,44
468,7,1410314,49
469,7,14016,45
470,7,10707,55
471,7,2744,48
472,7,1388499,104
473,7,9144,44
474,7,17017,45
475,7,73518,49
476,7,2076,49
477,7,46601,45
478,7,4705,52
479,7,455612,45
480,7,10727,48
481,7,1343,53
482,7,7447,48
483,7,200962,54
484,7,44669,65
485,7,3496,44
486,7,9812,44
487,7,1029867,70
488,7,36729,55
489,7,2015,49
490,7,5651,54
491,7,9526,44
492,7,1473,48
493,7,2316,48
494,7,651598,40
495,7,5711,50
496,7,14181,45
497,7,303056,56
498,7,58494,43
499,7,7177,50
500,7,15280,50
501,7,261290,61
502,7,5247,50
503,7,711,45
504,7,1970,45
505,7,55011,45
506,7,20906,40
507,7,1506,45
508,7,16245,40
509,7,431,60
510,7,1684,45
511,7,357,45
512,7,371765,59
513,7,1659,50
514,7,1028,45
515,7,3519,44
516,7,1347,45
517,7,996,59
518,7,140423,66
519,7,2537,50
520,7,14508,60
521,7,347,45
522,7,625,50
523,7,2999,100
524,7,1491,54
525,7,3364,50
526,7,251,50
527,7,2419,55
528,7,16472,45
529,7,9050,40
530,7,700,45
531,7,855,45
532,7,9339,59
533,7,9966,50
534,7,606,45
535,7,102049,50
536,7,460,45
537,7,363,45
538,7,373,45
539,7,1031,55
540,7,39969,40
541,7,948,50
542,7,31643,60
543,7,5344,60
544,7,281,45
545,7,5545,40
546,7,352,45
547,7,3383,40
548,7,116479,50
549,7,7664,40
550,7,3667,40
551,7,0,50
552,7,0,45
553,7,0,45
554,7,0,40
1,8,11589,49
2,8,295997,55
3,8,38476,40
4,8,45232,60
5,8,22188,49
6,8,1810,50
7,8,557637,59
8,8,19461,50
9,8,8723,45
10,8,405912,55
11,8,44923,47
12,8,79710,54
13,8,613139,60
14,8,131808,119
15,8,39615,72
16,8,77707,93
17,8,2288,70
18,8,259273,71
19,8,93649,58
20,8,30857,44
21,8,51186,51
22,8,144712,45
23,8,635715,55
24,8,6469,54
25,8,67220,83
26,8,62582,74
27,8,6445,74
28,8,772085,104
29,8,212677,45
30,8,108299,43
31,8,173880,40
32,8,57639,44
33,8,20990,49
34,8,528408,49
35,8,29141,48
36,8,12237,44
37,8,185625,40
38,8,204311,49
39,8,26036,49
40,8,4130,48
41,8,245735,46
42,8,4114,59
43,8,3632,49
44,8,1702,50
45,8,33227,49
46,8,51731,44
47,8,22214,53
48,8,1542,59
49,8,12501,57
50,8,6594,49
51,8,92672,72
52,8,112888,77
53,8,65282,40
54,8,33873,45
55,8,63912,44
56,8,31756,45
57,8,323723,39
58,8,13155,45
59,8,3850,44
60,8,169132,40
61,8,33415,39
62,8,40901,57
63,8,83901,45
64,8,5850,44
65,8,8700,44
66,8,34621,50
67,8,1684,48
68,8,361,45
69,8,2808,48
70,8,741806,57
71,8,7810,57
72,8,107304,50
73,8,893,49
74,8,162784,49
75,8,404,45
76,8,67773,45
77,8,372594,45
78,8,544471,46
79,8,21959,45
80,8,113422,40
81,8,9474,43
82,8,17156,49
83,8,977,45
84,8,3845,50
85,8,20785,55
86,8,10205,54
87,8,128412,55
88,8,6381,44
89,8,7054,52
90,8,201586,45
91,8,197040,60
92,8,77375,63
93,8,19009,52
94,8,712397,55
95,8,3742,48
96,8,6040,49
97,8,789294,66
98,8,193489,63
99,8,129044,55
100,8,894754,70
101,8,713863,59
102,8,51734,65
103,8,109863,59
104,8,244304,106
105,8,283368,69
106,8,519121,69
107,8,821137,50
108,8,309397,45
109,8,91940,79
110,8,2259,48
111,8,925761,51
112,8,105270,45
113,8,79958,81
114,8,21529,95
115,8,60094,44
116,8,107973,40
117,8,26308,43
118,8,24155,47
119,8,13276,48
120,8,8588,43
121,8,16277,43
122,8,676,45
123,8,9279,48
124,8,62754,52
125,8,31964,48
126,8,121457,67
127,8,158444,44
128,8,34765,44
129,8,13621,54
130,8,2937,49
131,8,51994,57
132,8,18131,46
133,8,1303,54
134,8,118941,76
135,8,406390,50
136,8,10408,44
137,8,24132,44
138,8,321827,59
139,8,13367,64
140,8,197147,49
141,8,4382,40
142,8,818,49
143,8,146626,53
144,8,45836,44
145,8,6444,44
146,8,396613,54
147,8,5198,64
148,8,59646,62
149,8,7276,74
150,8,1279,49
151,8,86470,45
152,8,11141,44
153,8,4373,54
154,8,38354,49
155,8,55701,49
156,8,41592,53
157,8,4634,52
158,8,21469,71
159,8,112414,50
160,8,23893,72
161,8,535986,74
162,8,86343,40
163,8,461708,46
164,8,260968,46
165,8,215946,45
166,8,22408,50
167,8,4471,43
168,8,9197,40
169,8,4528,40
170,8,9707,40
171,8,443773,46
172,8,491296,56
173,8,3577,49
174,8,24945,44
175,8,28124,45
176,8,4445,44
177,8,337,45
178,8,5738,44
179,8,437,45
180,8,1331,45
181,8,14683,60
182,8,40330,58
183,8,1868,53
184,8,2245,49
185,8,1813,49
186,8,187312,45
187,8,16663,52
188,8,61086,59
189,8,224096,50
190,8,2883,44
191,8,148337,45
192,8,125727,49
193,8,222781,45
194,8,3700,49
195,8,2861,44
196,8,15452,44
197,8,612,45
198,8,387311,51
199,8,193398,85
200,8,105191,55
201,8,213463,45
202,8,9049,49
203,8,24743,53
204,8,13600,44
205,8,2713,45
206,8,22722,49
207,8,22916,63
208,8,4174,58
209,8,848103,86
210,8,10671,48
211,8,293683,56
212,8,15872,68
213,8,73237,49
214,8,8464,49
215,8,47673,54
216,8,108211,45
217,8,15144,53
218,8,96500,45
219,8,121696,55
220,8,21447,44
221,8,7502,49
222,8,150040,62
223,8,75961,44
224,8,1098,45
225,8,107463,55
226,8,516854,90
227,8,336292,50
228,8,17564,73
229,8,790,50
230,8,442473,94
231,8,13688,44
232,8,159694,68
233,8,19767,44
234,8,1716950,92
235,8,1012931,85
236,8,36813,80
237,8,4408,54
238,8,11521,74
239,8,85582,48
240,8,235355,55
241,8,28630,48
242,8,449400,56
243,8,1481,55
244,8,128444,59
245,8,813243,57
246,8,25353,45
247,8,422367,80
248,8,1360943,85
249,8,46363,62
250,8,207767,50
251,8,2884,45
252,8,892147,100
253,8,15301,54
254,8,1817,70
255,8,395923,84
256,8,32238,75
257,8,351363,115
258,8,40858,67
259,8,1018694,106
260,8,1928137,56
261,8,7731,48
262,8,95309,39
263,8,49278,53
264,8,450647,52
265,8,4699,49
266,8,1685,54
267,8,628356,66
268,8,12386,51
269,8,58251,45
270,8,87686,55
271,8,833605,62
272,8,87860,39
273,8,55397,49
274,8,158730,70
275,8,117553,49
276,8,68202,43
277,8,17296,49
278,8,85312,52
279,8,15265,59
280,8,127119,80
281,8,1558846,85
282,8,499272,80
283,8,15503,43
284,8,487213,76
285,8,3040442,118
286,8,1329917,41
287,8,9554,44
288,8,14908,44
289,8,167997,45
290,8,585717,47
291,8,7370,43
292,8,42681,40
293,8,183252,40
294,8,9869,44
295,8,260318,60
296,8,24764,53
297,8,167,50
298,8,7272,48
299,8,34052,44
300,8,222415,51
301,8,35125,61
302,8,53348,54
303,8,55846,48
304,8,21182,45
305,8,4757,44
306,8,467618,50
307,8,568828,55
308,8,181141,50
309,8,4019,43
310,8,486003,50
311,8,76626,54
312,8,3785,43
313,8,16136,47
314,8,4297,44
315,8,5970,43
316,8,276460,51
317,8,37934,52
318,8,150318,65
319,8,8473,44
320,8,165711,45
321,8,15666,44
322,8,5275,57
323,8,5026,44
324,8,192277,63
325,8,20738,58
326,8,21030,62
327,8,95831,67
328,8,183170,50
329,8,17281,43
330,8,46290,49
331,8,19876,44
332,8,33438,49
333,8,1642,45
334,8,5665,43
335,8,18499,43
336,8,1245,44
337,8,101992,53
338,8,4386,48
339,8,584,45
340,8,35825,69
341,8,785,49
342,8,245200,60
343,8,4834,45
344,8,2870,55
345,8,26147,48
346,8,30645,50
347,8,95838,49
348,8,42087,54
349,8,17653,58
350,8,421105,46
351,8,60384,40
352,8,295893,46
353,8,651947,39
354,8,152268,45
355,8,2639,45
356,8,6248,45
357,8,50370,50
358,8,18010,50
359,8,157451,82
360,8,4083,53
361,8,6850,45
362,8,3721,44
363,8,481,49
364,8,1293,49
365,8,21588,54
366,8,3762,44
367,8,316107,45
368,8,182,50
369,8,2038,48
370,8,31154,44
371,8,6635,74
372,8,56438,45
373,8,182386,50
374,8,348791,56
375,8,622671,55
376,8,5349,49
377,8,641021,60
378,8,10658,64
379,8,743118,66
380,8,396094,60
381,8,1338492,59
382,8,255326,55
383,8,22579,44
384,8,177187,49
385,8,96085,49
386,8,1685,64
387,8,1352097,97
388,8,1354211,94
389,8,19883,49
390,8,45812,79
391,8,6056,48
392,8,570,54
393,8,28609,54
394,8,2235900,128
395,8,6821,74
396,8,5274,45
397,8,118178,45
398,8,11681,44
399,8,670,45
400,8,13575,44
401,8,31742,50
402,8,56952,45
403,8,6343,45
404,8,8364,49
405,8,170156,40
406,8,66400,40
407,8,246604,45
408,8,21876,50
409,8,126677,52
410,8,4359,45
411,8,178,50
412,8,2671,50
413,8,2094,53
414,8,712722,53
415,8,4404,58
416,8,6173,47
417,8,20288,63
418,8,23916,54
419,8,898,54
420,8,191908,40
421,8,801670,45
422,8,120147,50
423,8,47136,49
424,8,217663,50
425,8,39163,49
426,8,9598,50
427,8,11609,57
428,8,2013,55
429,8,12302,44
430,8,6900,49
431,8,2548,45
432,8,72514,59
433,8,11661,45
434,8,64375,55
435,8,31811,61
436,8,24810,49
437,8,57556,58
438,8,20563,44
439,8,1053,45
440,8,111998,49
441,8,10145,43
442,8,49850,49
443,8,61725,50
444,8,41963,44
445,8,7826,44
446,8,13699,44
447,8,119914,49
448,8,34733,58
449,8,68912,70
450,8,9874,55
451,8,37366,50
452,8,91717,45
453,8,29447,68
454,8,25001,75
455,8,693,55
456,8,10918,44
457,8,24607,59
458,8,10092,55
459,8,20330,45
460,8,1678,50
461,8,36279,44
462,8,4511,43
463,8,90050,50
464,8,35934,43
465,8,45269,40
466,8,3312,49
467,8,10444,44
468,8,1313987,48
469,8,30212,45
470,8,12193,55
471,8,2795,48
472,8,698503,103
473,8,8780,44
474,8,15223,45
475,8,64939,48
476,8,1968,49
477,8,46894,44
478,8,4404,51
479,8,449375,44
480,8,10007,48
481,8,1399,53
482,8,6965,48
483,8,178183,54
484,8,27779,64
485,8,3320,44
486,8,11325,44
487,8,970902,70
488,8,72034,55
489,8,2042,49
490,8,5341,54
491,8,9586,44
492,8,1430,48
493,8,2328,48
494,8,708230,40
495,8,6825,50
496,8,14729,45
497,8,324746,56
498,8,55591,42
499,8,7733,49
500,8,17220,50
501,8,433178,62
502,8,5498,50
503,8,688,45
504,8,2623,44
505,8,85701,45
506,8,22115,40
507,8,1437,45
508,8,15207,40
509,8,416,60
510,8,1657,45
511,8,349,45
512,8,273536,58
513,8,1432,49
514,8,1135,45
515,8,6038,44
516,8,1384,45
517,8,1052,59
518,8,144724,66
519,8,2430,50
520,8,16161,60
521,8,382,45
522,8,588,50
523,8,3106,100
524,8,1321,54
525,8,2975,50
526,8,294,50
527,8,2492,55
528,8,21394,45
529,8,10334,40
530,8,806,45
531,8,939,45
532,8,9300,59
533,8,15381,50
534,8,676,45
535,8,78741,49
536,8,529,45
537,8,401,45
538,8,384,45
539,8,1287,55
540,8,47296,40
541,8,1031,50
542,8,24199,60
543,8,4535,59
544,8,313,45
545,8,6505,40
546,8,471,45
547,8,5341,40
548,8,162505,50
549,8,11351,40
550,8,4920,40
551,8,78,50
552,8,137,45
553,8,146,45
554,8,4206,40
555,8,0,40
556,8,0,40
557,8,0,40
1,9,11512,49
2,9,291032,55
3,9,37985,40
4,9,43769,60
5,9,28454,49
6,9,1842,50
7,9,558476,59
8,9,19854,50
9,9,8584,45
10,9,455507,55
11,9,43352,47
12,9,68084,54
13,9,598327,60
14,9,109099,118
15,9,38329,72
16,9,76710,93
17,9,2315,69
18,9,198219,71
19,9,89285,57
20,9,31759,44
21,9,52946,51
22,9,150198,44
23,9,636910,55
24,9,7703,54
25,9,66204,83
26,9,54617,74
27,9,6357,74
28,9,622384,104
29,9,209136,45
30,9,104146,43
31,9,168911,40
32,9,59670,44
33,9,20379,49
34,9,518469,49
35,9,28535,48
36,9,11640,44
37,9,175805,40
38,9,200618,49
39,9,25223,49
40,9,4134,48
41,9,245974,46
42,9,4395,59
43,9,3596,49
44,9,1702,50
45,9,31373,49
46,9,54767,44
47,9,19941,53
48,9,1593,59
49,9,12061,57
50,9,6865,49
51,9,90038,71
52,9,108127,77
53,9,64876,40
54,9,35154,45
55,9,64408,44
56,9,30261,45
57,9,335691,39
58,9,13615,45
59,9,3803,44
60,9,164118,40
61,9,38079,39
62,9,43034,57
63,9,86020,45
64,9,5861,44
65,9,8247,44
66,9,34610,50
67,9,1644,48
68,9,357,45
69,9,2745,48
70,9,772097,57
71,9,7880,57
72,9,91827,50
73,9,893,49
74,9,149476,49
75,9,401,45
76,9,69878,45
77,9,367249,45
78,9,632969,46
79,9,22682,45
80,9,117985,39
81,9,9330,43
82,9,15988,49
83,9,975,45
84,9,3887,50
85,9,19933,55
86,9,9869,54
87,9,114304,55
88,9,6669,44
89,9,6484,52
90,9,195281,45
91,9,175818,59
92,9,72691,63
93,9,18515,52
94,9,691957,55
95,9,3792,48
96,9,5979,49
97,9,793938,66
98,9,192241,63
99,9,127942,55
100,9,858021,70
101,9,698801,59
102,9,44442,65
103,9,106555,59
104,9,259198,106
105,9,298363,69
106,9,471910,69
107,9,827486,50
108,9,297193,45
109,9,81428,79
110,9,2268,48
111,9,775720,50
112,9,92911,45
113,9,48668,81
114,9,21149,95
115,9,57090,44
116,9,122537,40
117,9,25366,43
118,9,24157,47
119,9,13155,48
120,9,8403,43
121,9,15900,43
122,9,722,45
123,9,9591,47
124,9,61517,52
125,9,30755,48
126,9,193715,67
127,9,164464,44
128,9,33285,44
129,9,17971,54
130,9,2988,49
131,9,53057,57
132,9,17396,46
133,9,1320,54
134,9,114683,76
135,9,386016,50
136,9,10195,44
137,9,23661,44
138,9,305472,58
139,9,13302,64
140,9,190917,49
141,9,4317,40
142,9,816,49
143,9,138246,53
144,9,46192,43
145,9,6287,44
146,9,382385,54
147,9,5212,64
148,9,57542,62
149,9,7232,74
150,9,1267,49
151,9,84535,45
152,9,11026,44
153,9,4005,54
154,9,36981,49
155,9,54892,49
156,9,37879,53
157,9,4493,52
158,9,20665,71
159,9,108107,50
160,9,23091,72
161,9,519704,73
162,9,85167,40
163,9,444147,46
164,9,244592,46
165,9,206658,45
166,9,20844,50
167,9,4163,43
168,9,9567,40
169,9,4474,40
170,9,9360,40
171,9,414994,46
172,9,436438,56
173,9,3404,49
174,9,25774,44
175,9,25037,45
176,9,4496,44
177,9,332,45
178,9,5688,44
179,9,427,45
180,9,1269,45
181,9,13450,60
182,9,36901,58
183,9,1791,53
184,9,2244,49
185,9,1768,49
186,9,181056,45
187,9,15381,52
188,9,54505,58
189,9,222290,50
190,9,2884,44
191,9,147825,45
192,9,123898,49
193,9,220124,45
194,9,3603,49
195,9,2842,44
196,9,15381,43
197,9,643,45
198,9,391386,51
199,9,189249,84
200,9,98322,55
201,9,202043,45
202,9,8653,48
203,9,23602,53
204,9,13454,44
205,9,2649,45
206,9,22473,49
207,9,22628,63
208,9,4142,58
209,9,795367,86
210,9,11213,48
211,9,258800,56
212,9,16195,68
213,9,74429,49
214,9,8432,49
215,9,48522,54
216,9,128675,45
217,9,14823,53
218,9,122752,45
219,9,123800,55
220,9,20679,43
221,9,11732,49
222,9,143090,62
223,9,69728,43
224,9,1096,45
225,9,113157,55
226,9,552297,90
227,9,332994,50
228,9,17346,73
229,9,773,50
230,9,389871,93
231,9,13377,44
232,9,154962,67
233,9,19560,44
234,9,1656590,92
235,9,938123,85
236,9,36026,80
237,9,4490,54
238,9,11333,74
239,9,85168,48
240,9,234373,55
241,9,27812,48
242,9,487185,56
243,9,1464,55
244,9,121904,59
245,9,849186,58
246,9,46349,45
247,9,813950,81
248,9,1458457,86
249,9,45858,62
250,9,244287,51
251,9,2834,45
252,9,1001000,100
253,9,15114,54
254,9,1840,70
255,9,511034,85
256,9,32737,75
257,9,495429,115
258,9,39365,67
259,9,1271030,107
260,9,2040174,56
261,9,7726,48
262,9,101576,39
263,9,65045,53
264,9,598224,53
265,9,4754,49
266,9,1697,54
267,9,753486,66
268,9,13957,51
269,9,56840,45
270,9,81035,54
271,9,661063,62
272,9,87154,39
273,9,54391,49
274,9,153687,70
275,9,94114,49
276,9,68128,43
277,9,21005,49
278,9,85031,52
279,9,15261,58
280,9,134912,80
281,9,1345051,84
282,9,479180,80
283,9,20771,43
284,9,442224,76
285,9,3009850,118
286,9,1360871,41
287,9,9303,44
288,9,16859,44
289,9,165113,45
290,9,616965,47
291,9,6820,43
292,9,40231,40
293,9,180780,40
294,9,9992,44
295,9,255431,60
296,9,26165,53
297,9,168,50
298,9,6997,48
299,9,32961,44
300,9,245105,51
301,9,32943,61
302,9,64100,54
303,9,55548,48
304,9,21583,45
305,9,4728,44
306,9,476404,50
307,9,546431,55
308,9,209872,50
309,9,3942,43
310,9,471987,50
311,9,82143,54
312,9,3662,43
313,9,14761,47
314,9,4216,44
315,9,5835,43
316,9,257841,51
317,9,35072,52
318,9,138986,65
319,9,8126,44
320,9,159125,45
321,9,15486,44
322,9,5209,57
323,9,5002,44
324,9,184259,63
325,9,21781,58
326,9,19822,62
327,9,148377,66
328,9,179632,50
329,9,16702,43
330,9,43947,49
331,9,22689,44
332,9,33533,49
333,9,1593,45
334,9,5548,43
335,9,18049,43
336,9,1242,44
337,9,89744,53
338,9,4345,48
339,9,570,45
340,9,35319,69
341,9,899,49
342,9,232001,60
343,9,4680,45
344,9,2795,55
345,9,25093,47
346,9,29986,50
347,9,91769,49
348,9,109543,54
349,9,17165,58
350,9,439915,46
351,9,59919,40
352,9,311987,46
353,9,649383,39
354,9,188408,45
355,9,2537,45
356,9,6118,45
357,9,50391,50
358,9,21867,50
359,9,141672,82
360,9,3945,53
361,9,6955,45
362,9,3856,44
363,9,647,49
364,9,1245,49
365,9,17244,54
366,9,5024,44
367,9,368788,45
368,9,180,50
369,9,2194,48
370,9,30506,44
371,9,6992,74
372,9,54170,45
373,9,189818,50
374,9,636418,57
375,9,612412,55
376,9,5291,49
377,9,647044,60
378,9,11472,64
379,9,766759,66
380,9,392954,60
381,9,1165186,59
382,9,359088,55
383,9,22679,44
384,9,177464,49
385,9,91121,49
386,9,1695,64
387,9,1371901,97
388,9,1157119,94
389,9,19147,48
390,9,43786,79
391,9,8346,48
392,9,546,54
393,9,28268,54
394,9,2113846,128
395,9,6706,74
396,9,5134,45
397,9,117346,45
398,9,11135,44
399,9,644,44
400,9,12681,44
401,9,32070,50
402,9,55543,45
403,9,6409,45
404,9,8063,49
405,9,188130,40
406,9,65620,40
407,9,245779,45
408,9,50632,50
409,9,121175,52
410,9,4195,45
411,9,178,50
412,9,2583,50
413,9,1992,53
414,9,737126,53
415,9,4529,58
416,9,6102,47
417,9,24131,63
418,9,23005,54
419,9,922,54
420,9,189556,40
421,9,741528,45
422,9,110554,50
423,9,48294,49
424,9,206952,50
425,9,37711,48
426,9,9245,50
427,9,15430,57
428,9,1697,55
429,9,12961,44
430,9,6834,49
431,9,2448,45
432,9,61564,58
433,9,11197,45
434,9,58540,54
435,9,30777,61
436,9,22550,49
437,9,50261,57
438,9,20045,44
439,9,1046,45
440,9,130146,49
441,9,9657,43
442,9,50541,49
443,9,70421,50
444,9,40874,44
445,9,7739,43
446,9,14832,44
447,9,124582,49
448,9,33217,58
449,9,66107,70
450,9,9648,55
451,9,39432,50
452,9,89076,45
453,9,31557,68
454,9,43192,75
455,9,683,55
456,9,10824,44
457,9,13682,59
458,9,9577,55
459,9,19867,45
460,9,1668,50
461,9,39277,44
462,9,4524,43
463,9,128414,51
464,9,32965,43
465,9,43272,40
466,9,3201,49
467,9,10382,44
468,9,1276474,48
469,9,37044,45
470,9,12350,55
471,9,2969,48
472,9,825784,102
473,9,8559,44
474,9,14307,45
475,9,59831,48
476,9,1930,49
477,9,49684,44
478,9,4259,51
479,9,483645,44
480,9,9715,48
481,9,1364,53
482,9,6762,48
483,9,154034,53
484,9,24652,64
485,9,3241,44
486,9,11547,44
487,9,820652,70
488,9,74334,55
489,9,2026,49
490,9,5093,54
491,9,9495,44
492,9,1402,48
493,9,2310,48
494,9,719938,40
495,9,6858,50
496,9,20028,45
497,9,352850,56
498,9,55072,42
499,9,7990,49
500,9,17357,50
501,9,534330,62
502,9,5501,50
503,9,688,45
504,9,3361,44
505,9,91332,45
506,9,22382,40
507,9,1401,45
508,9,14756,40
509,9,410,60
510,9,1653,44
511,9,343,45
512,9,265407,58
513,9,1461,49
514,9,1172,45
515,9,7167,44
516,9,1397,45
517,9,1075,59
518,9,137388,66
519,9,2166,50
520,9,19021,60
521,9,389,45
522,9,534,50
523,9,3191,100
524,9,1021,54
525,9,2514,50
526,9,316,50
527,9,2342,55
528,9,22791,45
529,9,10716,40
530,9,855,45
531,9,997,45
532,9,10154,59
533,9,22241,50
534,9,710,45
535,9,64933,49
536,9,572,45
537,9,432,44
538,9,387,44
539,9,1423,55
540,9,48458,40
541,9,1062,50
542,9,15114,59
543,9,6268,59
544,9,323,45
545,9,6580,40
546,9,507,45
547,9,5899,40
548,9,135516,50
549,9,11751,40
550,9,5451,40
551,9,118,50
552,9,203,45
553,9,229,45
554,9,5191,40
555,9,998,40
556,9,381,40
557,9,2004,40
558,9,0,45
559,9,0,50
1,10,11027,49
2,10,298019,55
3,10,37401,40
4,10,46337,60
5,10,35745,49
6,10,1877,50
7,10,558563,59
8,10,19573,50
9,10,8420,45
10,10,612056,56
11,10,40897,47
12,10,60361,53
13,10,587466,60
14,10,179611,118
15,10,36877,72
16,10,108483,93
17,10,2343,69
18,10,256777,70
19,10,86257,57
20,10,33308,44
21,10,44578,51
22,10,145033,44
23,10,636786,55
24,10,10520,54
25,10,65563,82
26,10,45543,74
27,10,6249,74
28,10,775360,104
29,10,203602,45
30,10,99674,43
31,10,163120,40
32,10,59929,44
33,10,19744,48
34,10,493342,49
35,10,27688,48
36,10,11134,43
37,10,165204,40
38,10,195475,49
39,10,24226,49
40,10,4126,48
41,10,308084,46
42,10,14375,59
43,10,3480,49
44,10,1705,50
45,10,28850,49
46,10,54024,44
47,10,18092,52
48,10,2673,59
49,10,12246,57
50,10,7735,49
51,10,75671,71
52,10,93809,77
53,10,63895,40
54,10,43652,45
55,10,82295,44
56,10,78219,45
57,10,357156,39
58,10,21216,45
59,10,4295,44
60,10,156479,40
61,10,43283,39
62,10,43031,57
63,10,89616,45
64,10,5716,44
65,10,7594,44
66,10,30582,50
67,10,1632,48
68,10,347,45
69,10,2718,48
70,10,857505,58
71,10,32647,57
72,10,95027,50
73,10,884,49
74,10,137265,48
75,10,389,45
76,10,76848,45
77,10,368283,45
78,10,767184,47
79,10,24521,45
80,10,124112,39
81,10,9132,43
82,10,14828,49
83,10,968,45
84,10,3766,50
85,10,19167,55
86,10,9821,54
87,10,101976,55
88,10,6677,44
89,10,5784,52
90,10,183924,45
91,10,146152,59
92,10,71530,63
93,10,18272,52
94,10,683392,54
95,10,3772,48
96,10,5946,48
97,10,855307,67
98,10,185264,63
99,10,123449,55
100,10,789750,69
101,10,697466,59
102,10,37875,65
103,10,101791,59
104,10,264541,106
105,10,280369,69
106,10,429026,68
107,10,791034,50
108,10,282280,45
109,10,134514,79
110,10,2255,48
111,10,667814,50
112,10,77542,44
113,10,63836,81
114,10,20739,95
115,10,55241,44
116,10,147569,40
117,10,24201,43
118,10,27097,47
119,10,12972,48
120,10,8149,43
121,10,15319,43
122,10,783,45
123,10,9795,47
124,10,59332,52
125,10,28914,47
126,10,209997,68
127,10,150788,44
128,10,29988,44
129,10,18142,54
130,10,3040,49
131,10,51928,57
132,10,16231,46
133,10,1330,54
134,10,110284,76
135,10,368141,49
136,10,9944,44
137,10,23046,43
138,10,281792,58
139,10,13234,64
140,10,180912,49
141,10,4256,40
142,10,810,49
143,10,127916,53
144,10,43683,43
145,10,6386,43
146,10,359317,54
147,10,5221,64
148,10,55160,61
149,10,7138,74
150,10,1354,49
151,10,72764,45
152,10,10534,44
153,10,3827,54
154,10,34392,49
155,10,51691,49
156,10,34082,53
157,10,4488,52
158,10,19864,71
159,10,108248,50
160,10,22336,71
161,10,539329,73
162,10,83876,40
163,10,440896,46
164,10,232394,46
165,10,210552,45
166,10,19749,49
167,10,3836,43
168,10,10091,40
169,10,4386,40
170,10,8940,40
171,10,396507,46
172,10,433619,56
173,10,3368,49
174,10,24676,44
175,10,21240,45
176,10,4421,44
177,10,322,45
178,10,5492,44
179,10,418,45
180,10,1205,45
181,10,11643,59
182,10,34921,58
183,10,1710,53
184,10,2260,49
185,10,1705,49
186,10,179301,45
187,10,24367,52
188,10,52320,58
189,10,224372,50
190,10,2849,44
191,10,146452,45
192,10,121435,49
193,10,214546,45
194,10,3493,49
195,10,2820,43
196,10,14970,43
197,10,688,45
198,10,386965,51
199,10,220512,84
200,10,90159,55
201,10,183350,44
202,10,8681,48
203,10,21809,53
204,10,12759,44
205,10,2554,45
206,10,22065,49
207,10,22202,63
208,10,4192,58
209,10,765322,86
210,10,11491,48
211,10,294759,56
212,10,16007,68
213,10,77251,49
214,10,8502,48
215,10,46347,54
216,10,155173,45
217,10,14405,53
218,10,151771,45
219,10,124164,55
220,10,20535,43
221,10,13594,49
222,10,135993,62
223,10,64413,43
224,10,1085,45
225,10,121337,55
226,10,439323,90
227,10,317457,50
228,10,17019,73
229,10,757,50
230,10,358236,93
231,10,12850,44
232,10,142278,67
233,10,18653,44
234,10,1884658,92
235,10,959659,85
236,10,36213,80
237,10,4523,54
238,10,11134,74
239,10,85199,47
240,10,254244,55
241,10,27014,47
242,10,516088,56
243,10,1444,55
244,10,113724,58
245,10,1098434,59
246,10,54152,45
247,10,718681,82
248,10,1403413,86
249,10,45240,61
250,10,234037,51
251,10,2781,45
252,10,1080688,101
253,10,13130,54
254,10,1831,70
255,10,866091,86
256,10,33891,75
257,10,1223783,118
258,10,38132,66
259,10,1049533,106
260,10,2057321,56
261,10,7744,48
262,10,127009,39
263,10,65776,53
264,10,588395,53
265,10,4884,49
266,10,1692,54
267,10,751732,67
268,10,13422,51
269,10,54153,45
270,10,72774,54
271,10,537590,61
272,10,91340,39
273,10,52563,49
274,10,138541,70
275,10,76275,49
276,10,67884,43
277,10,19936,49
278,10,79312,52
279,10,16114,58
280,10,119158,80
281,10,1020005,82
282,10,463435,80
283,10,27641,43
284,10,422892,76
285,10,2770776,117
286,10,1395297,42
287,10,9026,44
288,10,28091,44
289,10,144967,45
290,10,669411,47
291,10,6278,43
292,10,37606,40
293,10,174726,40
294,10,10812,44
295,10,246377,59
296,10,26666,53
297,10,164,50
298,10,6769,47
299,10,61242,43
300,10,237785,51
301,10,30795,61
302,10,64771,54
303,10,55459,48
304,10,22094,45
305,10,4697,44
306,10,503051,51
307,10,529899,55
308,10,281896,51
309,10,3905,43
310,10,460877,50
311,10,102840,54
312,10,3392,43
313,10,13317,46
314,10,4158,43
315,10,5688,43
316,10,231335,51
317,10,31588,51
318,10,124920,65
319,10,7634,44
320,10,162736,44
321,10,14907,44
322,10,8160,57
323,10,4833,44
324,10,162549,63
325,10,22314,58
326,10,18552,61
327,10,169224,66
328,10,173220,50
329,10,16035,43
330,10,43516,48
331,10,22255,44
332,10,31242,49
333,10,1529,45
334,10,5442,43
335,10,17952,42
336,10,1236,44
337,10,83875,53
338,10,4267,48
339,10,556,45
340,10,32657,69
341,10,918,49
342,10,182379,59
343,10,4473,45
344,10,2710,55
345,10,23504,47
346,10,28724,49
347,10,84710,49
348,10,234313,55
349,10,16444,57
350,10,441506,46
351,10,59289,40
352,10,301244,46
353,10,655566,39
354,10,179287,45
355,10,2410,45
356,10,5984,44
357,10,56702,50
358,10,18546,50
359,10,128695,81
360,10,3803,53
361,10,6961,44
362,10,3751,44
363,10,756,49
364,10,1203,49
365,10,15306,54
366,10,5527,44
367,10,360135,45
368,10,180,50
369,10,2174,48
370,10,28367,44
371,10,9957,74
372,10,51847,45
373,10,203204,50
374,10,704247,58
375,10,607394,55
376,10,5250,49
377,10,630277,60
378,10,12447,64
379,10,773227,66
380,10,392731,60
381,10,1034836,58
382,10,450976,56
383,10,20277,44
384,10,166439,49
385,10,87709,49
386,10,1687,63
387,10,1301251,97
388,10,1085712,93
389,10,18264,48
390,10,58276,79
391,10,12418,48
392,10,563,54
393,10,27051,54
394,10,1505840,127
395,10,6601,74
396,10,4928,45
397,10,122904,45
398,10,10436,44
399,10,626,44
400,10,11624,44
401,10,36583,50
402,10,54455,45
403,10,7242,45
404,10,7897,49
405,10,211917,40
406,10,64450,40
407,10,263303,45
408,10,68943,50
409,10,110812,51
410,10,3983,45
411,10,176,50
412,10,2459,50
413,10,1898,53
414,10,932128,54
415,10,4498,58
416,10,5814,46
417,10,35485,63
418,10,22343,53
419,10,979,54
420,10,189817,40
421,10,703840,45
422,10,100105,50
423,10,40686,49
424,10,144718,50
425,10,35908,48
426,10,8793,49
427,10,15492,57
428,10,1413,55
429,10,12403,44
430,10,6495,49
431,10,2314,45
432,10,49036,57
433,10,10467,45
434,10,50493,53
435,10,29228,61
436,10,20209,49
437,10,43334,56
438,10,19676,44
439,10,1029,45
440,10,123873,49
441,10,9061,43
442,10,48885,49
443,10,61476,50
444,10,39765,44
445,10,7632,43
446,10,14961,44
447,10,120385,49
448,10,31399,58
449,10,65314,69
450,10,9046,54
451,10,33181,50
452,10,83863,45
453,10,32410,68
454,10,28878,75
455,10,669,55
456,10,11266,44
457,10,14739,59
458,10,8381,55
459,10,19402,45
460,10,1664,50
461,10,35121,44
462,10,5610,43
463,10,195243,51
464,10,28445,43
465,10,48288,39
466,10,3063,49
467,10,9990,44
468,10,1191426,47
469,10,62318,45
470,10,11235,55
471,10,2944,48
472,10,1079273,103
473,10,8329,43
474,10,13213,45
475,10,54794,47
476,10,1892,49
477,10,61193,44
478,10,3991,51
479,10,478596,44
480,10,9340,47
481,10,1336,53
482,10,6525,48
483,10,129947,52
484,10,22672,64
485,10,3104,44
486,10,11714,44
487,10,710248,69
488,10,65710,55
489,10,2002,49
490,10,5994,54
491,10,8998,44
492,10,1350,48
493,10,2250,48
494,10,701159,40
495,10,12364,50
496,10,20549,45
497,10,335550,57
498,10,53950,42
499,10,8367,49
500,10,14679,50
501,10,859487,64
502,10,5491,50
503,10,686,45
504,10,3425,44
505,10,103982,45
506,10,22493,40
507,10,1363,45
508,10,14189,40
509,10,410,60
510,10,1660,44
511,10,334,45
512,10,237151,58
513,10,1374,49
514,10,1194,45
515,10,6810,44
516,10,1399,45
517,10,2505,59
518,10,98117,65
519,10,1834,49
520,10,20530,60
521,10,407,45
522,10,504,50
523,10,3259,100
524,10,776,53
525,10,2086,50
526,10,338,50
527,10,2187,55
528,10,25421,45
529,10,11011,40
530,10,910,45
531,10,1043,45
532,10,11836,59
533,10,22598,50
534,10,741,45
535,10,47859,49
536,10,614,45
537,10,478,44
538,10,408,44
539,10,1592,55
540,10,49062,40
541,10,1096,50
542,10,10181,58
543,10,5866,59
544,10,349,45
545,10,6635,40
546,10,539,45
547,10,6468,40
548,10,126275,49
549,10,12283,40
550,10,5851,40
551,10,149,50
552,10,258,45
553,10,278,45
554,10,5922,40
555,10,1487,40
556,10,638,40
557,10,3996,40
558,10,108,45
559,10,46,50
560,10,405,50
561,10,0,40
562,10,0,45
563,10,0,45
1,11,10761,49
2,11,287256,54
3,11,36944,40
4,11,46598,60
5,11,36029,49
6,11,1900,50
7,11,526768,59
8,11,20202,50
9,11,8336,45
10,11,580751,56
11,11,39552,46
12,11,57269,53
13,11,560805,60
14,11,155145,118
15,11,35958,71
16,11,103895,93
17,11,2379,69
18,11,287677,70
19,11,83765,57
20,11,33573,44
21,11,38488,51
22,11,139047,44
23,11,599981,55
24,11,9673,54
25,11,63824,82
26,11,42538,73
27,11,6181,74
28,11,599584,103
29,11,201341,45
30,11,95839,43
31,11,158613,40
32,11,61268,44
33,11,19469,48
34,11,484549,48
35,11,27084,48
36,11,10740,43
37,11,158753,40
38,11,193289,49
39,11,23478,49
40,11,4162,48
41,11,338335,46
42,11,11331,59
43,11,3387,49
44,11,1708,50
45,11,27285,49
46,11,53944,44
47,11,16837,52
48,11,3339,59
49,11,11336,57
50,11,7625,49
51,11,68331,70
52,11,91598,76
53,11,63024,40
54,11,43442,45
55,11,88550,44
56,11,84911,45
57,11,376536,39
58,11,21356,45
59,11,4448,44
60,11,151686,40
61,11,48042,39
62,11,42195,57
63,11,86826,45
64,11,5678,44
65,11,7252,44
66,11,27258,50
67,11,1623,48
68,11,337,45
69,11,2668,48
70,11,988171,59
71,11,59448,57
72,11,86767,50
73,11,893,49
74,11,128106,48
75,11,384,45
76,11,96701,45
77,11,389910,45
78,11,845664,48
79,11,25915,45
80,11,130350,39
81,11,9014,43
82,11,13564,49
83,11,969,45
84,11,4093,50
85,11,18001,55
86,11,11530,54
87,11,94009,55
88,11,6629,44
89,11,5423,52
90,11,176241,45
91,11,135939,58
92,11,68137,63
93,11,17912,52
94,11,668494,54
95,11,3727,48
96,11,5914,48
97,11,859102,67
98,11,174988,62
99,11,126046,55
100,11,754455,69
101,11,693429,59
102,11,35396,64
103,11,100501,59
104,11,268684,106
105,11,258685,69
106,11,388446,68
107,11,773356,50
108,11,280983,45
109,11,126485,79
110,11,2222,48
111,11,632397,49
112,11,70915,44
113,11,50502,81
114,11,20514,95
115,11,52934,44
116,11,161511,40
117,11,23835,43
118,11,25614,47
119,11,12519,48
120,11,8072,42
121,11,15270,42
122,11,792,45
123,11,9624,47
124,11,54183,51
125,11,27101,47
126,11,229549,68
127,11,138970,44
128,11,27887,44
129,11,17598,54
130,11,3008,49
131,11,51031,57
132,11,19161,46
133,11,1334,54
134,11,107994,76
135,11,352304,49
136,11,9697,44
137,11,22566,43
138,11,268997,58
139,11,13184,64
140,11,174872,49
141,11,4199,40
142,11,802,49
143,11,122744,52
144,11,41335,43
145,11,7086,43
146,11,327273,53
147,11,5262,64
148,11,54158,61
149,11,7121,74
150,11,1317,49
151,11,79518,45
152,11,10186,44
153,11,3941,54
154,11,33041,48
155,11,50343,49
156,11,32168,53
157,11,4366,52
158,11,19437,71
159,11,106579,50
160,11,21919,71
161,11,527269,73
162,11,82797,40
163,11,474149,46
164,11,233629,46
165,11,216597,45
166,11,19111,49
167,11,3652,43
168,11,10290,40
169,11,4332,40
170,11,8681,40
171,11,388062,46
172,11,428996,56
173,11,3224,48
174,11,24178,44
175,11,19188,45
176,11,4384,44
177,11,315,45
178,11,5343,44
179,11,412,45
180,11,1169,45
181,11,11108,59
182,11,33869,57
183,11,1676,53
184,11,2277,49
185,11,1764,49
186,11,185295,45
187,11,28756,52
188,11,50043,58
189,11,233056,50
190,11,2867,44
191,11,149222,45
192,11,148707,49
193,11,215063,45
194,11,3458,49
195,11,2815,43
196,11,19098,43
197,11,695,45
198,11,399165,51
199,11,263263,84
200,11,83097,55
201,11,171930,44
202,11,8848,48
203,11,53654,53
204,11,12327,44
205,11,2515,45
206,11,21970,49
207,11,21987,62
208,11,4334,58
209,11,829521,86
210,11,11327,48
211,11,274029,56
212,11,15833,67
213,11,81366,49
214,11,8455,48
215,11,41767,54
216,11,181553,45
217,11,14133,53
218,11,208168,46
219,11,128476,55
220,11,27069,43
221,11,11317,49
222,11,143178,62
223,11,60091,42
224,11,1089,45
225,11,126571,55
226,11,272907,89
227,11,304917,50
228,11,16938,73
229,11,748,50
230,11,350509,93
231,11,26657,43
232,11,136058,67
233,11,18046,44
234,11,1978650,93
235,11,1015345,85
236,11,47769,80
237,11,4555,54
238,11,11009,74
239,11,84458,47
240,11,252018,55
241,11,26645,47
242,11,508541,56
243,11,1433,55
244,11,109770,58
245,11,1124621,59
246,11,54326,45
247,11,738313,82
248,11,1234663,85
249,11,44612,61
250,11,317257,51
251,11,2744,45
252,11,1045118,101
253,11,12901,54
254,11,1822,70
255,11,1254732,88
256,11,33998,75
257,11,1168529,118
258,11,37093,66
259,11,885922,105
260,11,2122417,57
261,11,7747,48
262,11,139152,39
263,11,70952,53
264,11,744430,54
265,11,4993,49
266,11,1704,54
267,11,767911,67
268,11,13217,51
269,11,52545,45
270,11,68205,53
271,11,539692,61
272,11,93009,39
273,11,50748,49
274,11,125671,70
275,11,68607,49
276,11,66736,43
277,11,21082,49
278,11,78884,51
279,11,15264,58
280,11,127962,80
281,11,860864,81
282,11,451378,80
283,11,29146,43
284,11,426093,76
285,11,2588345,116
286,11,1421846,42
287,11,8787,44
288,11,33709,44
289,11,131686,45
290,11,706713,48
291,11,5913,42
292,11,35857,40
293,11,170516,40
294,11,11551,44
295,11,242067,59
296,11,26827,53
297,11,161,50
298,11,6684,47
299,11,70719,43
300,11,231780,51
301,11,30506,61
302,11,64596,54
303,11,53285,48
304,11,22452,45
305,11,4667,44
306,11,517777,51
307,11,518417,55
308,11,279542,51
309,11,3877,43
310,11,453437,50
311,11,118815,54
312,11,3250,43
313,11,12558,46
314,11,4108,43
315,11,5653,42
316,11,263584,51
317,11,30748,51
318,11,118284,64
319,11,7352,44
320,11,165797,44
321,11,14536,44
322,11,9101,57
323,11,4723,44
324,11,149693,62
325,11,21414,58
326,11,17063,61
327,11,167589,66
328,11,171976,50
329,11,15455,43
330,11,44087,48
331,11,19793,44
332,11,31406,49
333,11,1496,45
334,11,5348,43
335,11,16688,42
336,11,1218,44
337,11,81212,52
338,11,4232,48
339,11,546,45
340,11,31009,68
341,11,944,49
342,11,191483,59
343,11,4366,45
344,11,2662,55
345,11,23387,47
346,11,39121,49
347,11,76857,49
348,11,241639,55
349,11,16048,57
350,11,445091,46
351,11,58650,40
352,11,304537,46
353,11,629319,39
354,11,179842,45
355,11,2317,45
356,11,6174,44
357,11,71509,50
358,11,15783,50
359,11,121401,81
360,11,3696,53
361,11,6510,44
362,11,3664,44
363,11,881,49
364,11,1169,49
365,11,14883,54
366,11,5788,44
367,11,362713,45
368,11,176,50
369,11,2161,48
370,11,27089,44
371,11,9027,74
372,11,56043,45
373,11,218884,50
374,11,915456,59
375,11,563770,55
376,11,11491,49
377,11,535393,60
378,11,13674,64
379,11,769608,66
380,11,442643,60
381,11,1084581,58
382,11,521953,56
383,11,22457,44
384,11,164472,49
385,11,88050,49
386,11,1724,63
387,11,1353950,97
388,11,1159393,93
389,11,17679,48
390,11,75618,79
391,11,19300,48
392,11,580,54
393,11,28524,54
394,11,2063150,128
395,11,6523,74
396,11,4790,45
397,11,121559,45
398,11,9998,43
399,11,610,44
400,11,10939,44
401,11,36548,50
402,11,53469,45
403,11,7320,45
404,11,7702,49
405,11,215079,40
406,11,63455,40
407,11,253490,45
408,11,71281,50
409,11,104908,51
410,11,3870,45
411,11,173,50
412,11,2399,50
413,11,1855,53
414,11,948324,54
415,11,4179,58
416,11,5634,46
417,11,26635,63
418,11,21756,53
419,11,997,54
420,11,189972,40
421,11,687767,45
422,11,95104,50
423,11,41834,49
424,11,113099,49
425,11,35138,48
426,11,8530,49
427,11,15305,57
428,11,1260,55
429,11,12060,44
430,11,6277,49
431,11,2243,45
432,11,47340,57
433,11,10047,45
434,11,46006,53
435,11,28602,60
436,11,20101,49
437,11,45900,56
438,11,19312,44
439,11,1016,45
440,11,100310,49
441,11,8604,43
442,11,44958,49
443,11,53794,50
444,11,39395,44
445,11,7333,43
446,11,14440,44
447,11,99009,49
448,11,30402,58
449,11,69157,69
450,11,8823,54
451,11,29473,50
452,11,77969,45
453,11,31758,68
454,11,20595,75
455,11,663,55
456,11,11774,44
457,11,13313,59
458,11,8336,55
459,11,18920,45
460,11,1651,50
461,11,31474,44
462,11,5592,43
463,11,200971,51
464,11,23843,43
465,11,57353,39
466,11,2979,49
467,11,9744,44
468,11,1145766,47
469,11,81207,45
470,11,10514,55
471,11,2851,48
472,11,971914,103
473,11,8132,43
474,11,12706,44
475,11,51228,47
476,11,1874,49
477,11,71323,44
478,11,3873,51
479,11,472219,44
480,11,9176,47
481,11,1310,53
482,11,6373,47
483,11,118345,52
484,11,21807,63
485,11,3021,44
486,11,11488,44
487,11,695431,69
488,11,59330,55
489,11,1978,49
490,11,5779,54
491,11,8738,44
492,11,1367,48
493,11,2192,48
494,11,685093,40
495,11,10221,50
496,11,19905,45
497,11,321657,57
498,11,52694,42
499,11,8313,49
500,11,11417,50
501,11,896448,64
502,11,5555,50
503,11,685,45
504,11,3459,44
505,11,98196,45
506,11,22570,40
507,11,1342,45
508,11,13843,40
509,11,447,60
510,11,1729,44
511,11,330,45
512,11,213350,57
513,11,1353,49
514,11,1211,45
515,11,6435,44
516,11,1395,45
517,11,2645,59
518,11,76316,65
519,11,2863,49
520,11,24351,60
521,11,422,45
522,11,493,50
523,11,3366,100
524,11,705,52
525,11,2280,50
526,11,413,50
527,11,2067,55
528,11,24283,45
529,11,11252,40
530,11,941,45
531,11,1046,45
532,11,17808,59
533,11,22282,50
534,11,801,45
535,11,38233,48
536,11,637,45
537,11,515,44
538,11,430,44
539,11,1484,55
540,11,49359,40
541,11,1149,50
542,11,8452,57
543,11,6045,59
544,11,359,45
545,11,6648,40
546,11,537,45
547,11,6878,40
548,11,114587,49
549,11,12711,40
550,11,5935,40
551,11,173,50
552,11,290,45
553,11,322,45
554,11,6395,40
555,11,1875,40
556,11,1150,40
557,11,5593,40
558,11,186,45
559,11,101,50
560,11,566,50
561,11,684,40
562,11,3209,45
563,11,72,45
564,11,0,45
565,11,0,45
566,11,0,40
1,12,10611,48
2,12,279687,54
3,12,36594,40
4,12,47382,60
5,12,31431,49
6,12,1980,50
7,12,507874,59
8,12,19535,50
9,12,8284,45
10,12,560851,56
11,12,36780,46
12,12,55177,53
13,12,589903,60
14,12,142440,118
15,12,35387,71
16,12,100121,93
17,12,2450,69
18,12,323805,70
19,12,87675,57
20,12,34665,44
21,12,36750,51
22,12,134037,44
23,12,560172,55
24,12,9710,54
25,12,61072,82
26,12,41137,73
27,12,6144,74
28,12,558843,103
29,12,212330,45
30,12,92466,43
31,12,154483,40
32,12,75397,44
33,12,52249,48
34,12,547335,48
35,12,26392,48
36,12,10458,43
37,12,152492,39
38,12,204951,49
39,12,23152,49
40,12,4477,48
41,12,390547,47
42,12,8985,59
43,12,3319,49
44,12,1743,50
45,12,26814,49
46,12,52865,44
47,12,16456,52
48,12,6520,59
49,12,11042,57
50,12,7497,49
51,12,67538,70
52,12,90854,76
53,12,62253,40
54,12,46839,45
55,12,113947,44
56,12,145438,46
57,12,390609,39
58,12,30157,45
59,12,6055,44
60,12,149736,39
61,12,52151,39
62,12,51326,57
63,12,92421,45
64,12,5765,44
65,12,6892,44
66,12,24487,50
67,12,1629,48
68,12,337,45
69,12,2655,48
70,12,1051097,59
71,12,168635,58
72,12,80729,49
73,12,964,49
74,12,119627,48
75,12,379,45
76,12,176244,46
77,12,577693,46
78,12,1086874,49
79,12,40311,45
80,12,133542,39
81,12,8956,43
82,12,12404,49
83,12,977,45
84,12,7595,50
85,12,17869,55
86,12,13264,54
87,12,89622,55
88,12,6545,44
89,12,5145,52
90,12,173871,45
91,12,144021,58
92,12,73149,63
93,12,17762,52
94,12,688093,54
95,12,3730,48
96,12,5903,48
97,12,1055829,68
98,12,177165,62
99,12,126333,55
100,12,749844,69
101,12,668367,59
102,12,33777,64
103,12,100562,59
104,12,259729,106
105,12,260340,69
106,12,358712,67
107,12,757930,50
108,12,280458,45
109,12,116050,79
110,12,2231,48
111,12,647560,49
112,12,64634,44
113,12,39890,81
114,12,20316,95
115,12,51134,43
116,12,186464,40
117,12,23280,43
118,12,29548,47
119,12,12606,48
120,12,8423,42
121,12,15161,42
122,12,865,45
123,12,10066,47
124,12,50155,51
125,12,25654,47
126,12,266346,68
127,12,132421,44
128,12,25960,44
129,12,17747,54
130,12,2977,49
131,12,51252,57
132,12,23416,46
133,12,1359,54
134,12,108737,76
135,12,340990,49
136,12,9534,43
137,12,22153,43
138,12,276881,58
139,12,13099,64
140,12,170438,48
141,12,4148,40
142,12,795,49
143,12,118234,52
144,12,39234,42
145,12,9044,43
146,12,317531,53
147,12,5359,64
148,12,52904,61
149,12,7125,74
150,12,1289,49
151,12,79506,45
152,12,9949,44
153,12,4166,54
154,12,32011,48
155,12,49186,49
156,12,29794,52
157,12,4423,52
158,12,19057,70
159,12,120794,50
160,12,21772,71
161,12,513163,73
162,12,81845,40
163,12,527561,46
164,12,175084,46
165,12,209355,45
166,12,18330,49
167,12,3483,42
168,12,13907,40
169,12,4277,40
170,12,8359,40
171,12,408142,46
172,12,417576,55
173,12,6093,48
174,12,25291,44
175,12,17597,45
176,12,4323,44
177,12,310,45
178,12,5238,44
179,12,408,45
180,12,1130,45
181,12,10654,59
182,12,32640,57
183,12,1656,53
184,12,2266,49
185,12,1827,49
186,12,192348,45
187,12,30305,52
188,12,47866,57
189,12,229096,50
190,12,2865,44
191,12,145033,45
192,12,144956,49
193,12,205355,45
194,12,3384,49
195,12,2803,43
196,12,18738,43
197,12,737,45
198,12,411358,51
199,12,267013,84
200,12,76014,55
201,12,162827,44
202,12,8925,48
203,12,58320,53
204,12,12038,44
205,12,2482,45
206,12,23600,49
207,12,21821,62
208,12,4740,58
209,12,753675,86
210,12,11226,48
211,12,254043,56
212,12,15855,67
213,12,83313,49
214,12,8445,48
215,12,41632,53
216,12,228076,46
217,12,13903,53
218,12,258049,46
219,12,171792,55
220,12,35076,43
221,12,13595,49
222,12,139895,62
223,12,55358,42
224,12,1085,45
225,12,100724,55
226,12,259010,88
227,12,292708,49
228,12,17385,73
229,12,738,50
230,12,401536,93
231,12,41777,43
232,12,135731,67
233,12,17476,44
234,12,2285001,95
235,12,1004089,85
236,12,42867,80
237,12,4640,54
238,12,10893,74
239,12,83680,47
240,12,258331,55
241,12,26414,47
242,12,590264,57
243,12,1428,55
244,12,106836,58
245,12,778630,58
246,12,49069,45
247,12,601692,81
248,12,1174682,84
249,12,44227,61
250,12,406869,52
251,12,2723,45
252,12,1113392,101
253,12,13163,54
254,12,1826,70
255,12,1507893,89
256,12,33449,75
257,12,1191295,118
258,12,36692,66
259,12,821389,105
260,12,2234698,58
261,12,7798,48
262,12,149484,39
263,12,123069,53
264,12,705493,55
265,12,5232,49
266,12,3187,54
267,12,834482,67
268,12,13225,51
269,12,52400,45
270,12,66220,53
271,12,584571,61
272,12,92969,39
273,12,49631,49
274,12,117495,69
275,12,74078,49
276,12,65513,43
277,12,21975,49
278,12,78016,51
279,12,15174,58
280,12,133827,80
281,12,764235,80
282,12,485707,80
283,12,29526,43
284,12,466975,76
285,12,2596806,115
286,12,1426708,42
287,12,8547,44
288,12,34464,44
289,12,121380,45
290,12,544173,48
291,12,5784,42
292,12,34019,40
293,12,165257,40
294,12,11623,44
295,12,209844,58
296,12,25597,53
297,12,160,50
298,12,6415,47
299,12,81496,43
300,12,170044,51
301,12,30283,61
302,12,57274,54
303,12,50930,48
304,12,23106,45
305,12,4622,44
306,12,481272,51
307,12,481379,54
308,12,258088,51
309,12,3813,43
310,12,402547,49
311,12,116038,54
312,12,3099,43
313,12,11789,46
314,12,4073,43
315,12,5560,42
316,12,256888,51
317,12,29258,51
318,12,108412,64
319,12,7104,44
320,12,166932,44
321,12,14161,44
322,12,9066,57
323,12,4632,44
324,12,137332,62
325,12,20420,57
326,12,16626,60
327,12,146180,66
328,12,154122,50
329,12,15814,43
330,12,45079,48
331,12,17203,44
332,12,30819,49
333,12,1458,45
334,12,5332,43
335,12,15610,42
336,12,1227,44
337,12,78365,52
338,12,4192,47
339,12,531,45
340,12,30061,68
341,12,959,49
342,12,279762,59
343,12,4227,45
344,12,2623,55
345,12,23329,47
346,12,40684,49
347,12,91418,48
348,12,243498,55
349,12,15735,57
350,12,431990,46
351,12,58124,40
352,12,294539,46
353,12,612152,39
354,12,172338,45
355,12,2223,45
356,12,6157,44
357,12,71884,50
358,12,14646,50
359,12,115900,80
360,12,3639,53
361,12,6265,44
362,12,3628,44
363,12,948,49
364,12,1142,49
365,12,14155,54
366,12,6645,44
367,12,346987,45
368,12,176,50
369,12,2123,48
370,12,25954,44
371,12,8473,74
372,12,61722,45
373,12,217313,51
374,12,975919,60
375,12,509856,55
376,12,8205,49
377,12,429972,59
378,12,17178,64
379,12,785507,66
380,12,489034,60
381,12,1008719,58
382,12,478172,57
383,12,22842,44
384,12,161567,49
385,12,87739,49
386,12,1812,63
387,12,1281965,96
388,12,929166,93
389,12,17149,48
390,12,97072,79
391,12,17630,48
392,12,609,54
393,12,28581,54
394,12,2070115,128
395,12,6440,74
396,12,4671,45
397,12,114506,45
398,12,9602,43
399,12,597,44
400,12,10316,43
401,12,38973,50
402,12,52469,45
403,12,9053,45
404,12,7581,49
405,12,220382,40
406,12,71045,39
407,12,250082,45
408,12,68735,50
409,12,99279,51
410,12,3757,45
411,12,173,50
412,12,2349,50
413,12,1812,53
414,12,952366,54
415,12,3962,58
416,12,5642,46
417,12,22024,63
418,12,21612,53
419,12,1043,54
420,12,189652,40
421,12,639871,45
422,12,89261,50
423,12,41176,49
424,12,91791,49
425,12,33838,48
426,12,8357,49
427,12,13367,57
428,12,1167,55
429,12,11687,44
430,12,6036,49
431,12,2173,45
432,12,42448,57
433,12,9672,45
434,12,42583,52
435,12,27548,60
436,12,19830,49
437,12,43280,56
438,12,19051,43
439,12,1008,45
440,12,83140,49
441,12,8119,43
442,12,43733,49
443,12,50796,50
444,12,38919,44
445,12,6871,43
446,12,14009,44
447,12,96370,49
448,12,29443,58
449,12,70548,69
450,12,8635,54
451,12,26667,50
452,12,73993,45
453,12,34016,68
454,12,16156,74
455,12,656,55
456,12,12215,44
457,12,15458,59
458,12,8718,55
459,12,18523,45
460,12,1638,50
461,12,27062,44
462,12,10768,43
463,12,215466,51
464,12,19816,43
465,12,64745,39
466,12,2906,49
467,12,9481,44
468,12,1073813,46
469,12,149665,46
470,12,22522,54
471,12,2754,48
472,12,1179916,104
473,12,7943,43
474,12,12222,44
475,12,47895,47
476,12,1830,49
477,12,72357,44
478,12,3770,50
479,12,460474,44
480,12,8992,47
481,12,1294,53
482,12,6209,47
483,12,112269,51
484,12,21228,63
485,12,2941,44
486,12,11370,44
487,12,572957,69
488,12,48074,55
489,12,1989,48
490,12,5571,54
491,12,8526,44
492,12,1374,48
493,12,2206,47
494,12,658600,40
495,12,7969,50
496,12,19261,45
497,12,319034,57
498,12,51861,42
499,12,8386,49
500,12,9424,50
501,12,992819,65
502,12,5846,50
503,12,686,45
504,12,3500,44
505,12,94614,45
506,12,22676,40
507,12,1315,45
508,12,13457,40
509,12,500,60
510,12,1780,44
511,12,324,45
512,12,190238,56
513,12,1456,49
514,12,1279,45
515,12,5809,44
516,12,1497,44
517,12,2677,59
518,12,72436,65
519,12,2693,49
520,12,29286,60
521,12,1357,45
522,12,488,50
523,12,10074,100
524,12,690,52
525,12,2074,50
526,12,483,50
527,12,2000,55
528,12,23745,45
529,12,11426,40
530,12,978,45
531,12,1078,45
532,12,22199,59
533,12,20172,50
534,12,862,45
535,12,32967,48
536,12,699,45
537,12,554,44
538,12,449,44
539,12,1283,55
540,12,49140,40
541,12,1195,49
542,12,7870,57
543,12,9687,59
544,12,388,45
545,12,6716,40
546,12,583,45
547,12,7419,40
548,12,163283,49
549,12,12938,40
550,12,6007,40
551,12,212,50
552,12,320,45
553,12,368,45
554,12,7019,40
555,12,2326,40
556,12,1629,40
557,12,7017,40
558,12,272,45
559,12,179,50
560,12,740,50
561,12,1309,40
562,12,7233,45
563,12,165,45
564,12,280,45
565,12,6008,45
566,12,1480,40
567,12,0,50
568,12,0,45
569,12,0,40
1,13,10686,48
2,13,282218,54
3,13,36345,40
4,13,52101,60
5,13,30482,49
6,13,1996,50
7,13,515094,59
8,13,18551,50
9,13,8226,45
10,13,608279,56
11,13,35515,46
12,13,125006,53
13,13,665476,60
14,13,145681,118
15,13,34073,71
16,13,102599,93
17,13,2470,69
18,13,327394,70
19,13,83845,57
20,13,34961,44
21,13,34940,51
22,13,136808,43
23,13,536989,54
24,13,8954,54
25,13,59495,82
26,13,42403,73
27,13,6106,74
28,13,559556,103
29,13,232899,45
30,13,90401,43
31,13,151894,40
32,13,63460,44
33,13,70249,48
34,13,637076,49
35,13,25869,48
36,13,10260,43
37,13,150792,39
38,13,213983,49
39,13,24442,49
40,13,4574,48
41,13,444266,47
42,13,7905,59
43,13,3284,49
44,13,1778,50
45,13,24502,49
46,13,51687,44
47,13,16062,51
48,13,235920,60
49,13,11114,57
50,13,7508,49
51,13,74603,70
52,13,87016,76
53,13,61917,40
54,13,46090,45
55,13,120618,44
56,13,143521,46
57,13,389214,39
58,13,29895,45
59,13,6164,44
60,13,169581,39
61,13,52772,39
62,13,47491,57
63,13,87425,45
64,13,5769,44
65,13,6610,44
66,13,22073,50
67,13,1628,47
68,13,339,45
69,13,2635,48
70,13,1053209,59
71,13,161956,58
72,13,75956,49
73,13,1015,49
74,13,115123,48
75,13,379,45
76,13,221040,46
77,13,662922,46
78,13,1178916,50
79,13,64875,45
80,13,134890,39
81,13,8925,43
82,13,11419,49
83,13,973,45
84,13,7664,50
85,13,17624,55
86,13,15194,54
87,13,86339,55
88,13,6433,44
89,13,4953,52
90,13,199145,45
91,13,140350,58
92,13,85531,63
93,13,24013,52
94,13,685182,54
95,13,3699,48
96,13,5865,48
97,13,1100809,68
98,13,177348,62
99,13,130473,55
100,13,776408,69
101,13,626899,59
102,13,33181,64
103,13,96150,58
104,13,315729,106
105,13,266363,69
106,13,336920,67
107,13,722941,50
108,13,308854,45
109,13,91329,79
110,13,2201,48
111,13,647481,49
112,13,59799,44
113,13,35461,81
114,13,20220,95
115,13,50180,43
116,13,207750,40
117,13,22731,43
118,13,34202,47
119,13,13765,48
120,13,8562,42
121,13,15051,42
122,13,915,45
123,13,10300,47
124,13,48698,51
125,13,24752,46
126,13,299479,68
127,13,136602,44
128,13,24328,44
129,13,17314,54
130,13,2912,49
131,13,50227,57
132,13,23030,46
133,13,1367,54
134,13,110796,76
135,13,330417,49
136,13,9429,43
137,13,21866,43
138,13,283332,58
139,13,13042,64
140,13,162704,48
141,13,4212,40
142,13,800,49
143,13,113647,52
144,13,36279,42
145,13,10285,43
146,13,308171,53
147,13,5388,64
148,13,51818,61
149,13,7146,74
150,13,1268,49
151,13,76875,45
152,13,9686,44
153,13,4203,54
154,13,30310,48
155,13,48363,48
156,13,25914,52
157,13,4364,52
158,13,18744,70
159,13,128054,50
160,13,21760,71
161,13,470160,73
162,13,81404,40
163,13,524037,46
164,13,166866,46
165,13,192923,45
166,13,17077,49
167,13,3372,42
168,13,16616,40
169,13,4268,40
170,13,8174,40
171,13,386997,46
172,13,387160,55
173,13,5885,48
174,13,23871,44
175,13,16494,45
176,13,4246,44
177,13,307,45
178,13,5095,44
179,13,403,45
180,13,1103,45
181,13,10137,59
182,13,30631,57
183,13,1672,53
184,13,2232,49
185,13,1911,49
186,13,205098,45
187,13,29394,52
188,13,46085,57
189,13,229318,50
190,13,2899,44
191,13,147218,45
192,13,146430,49
193,13,207344,45
194,13,3356,49
195,13,2799,43
196,13,18686,43
197,13,754,45
198,13,426598,51
199,13,253164,84
200,13,72586,55
201,13,171036,43
202,13,8821,48
203,13,61104,53
204,13,11721,44
205,13,2457,45
206,13,23976,49
207,13,21689,62
208,13,5346,58
209,13,755088,85
210,13,11434,48
211,13,248779,56
212,13,16074,67
213,13,82996,49
214,13,8383,48
215,13,41738,53
216,13,241780,46
217,13,13704,53
218,13,244517,46
219,13,145044,55
220,13,49144,43
221,13,13936,49
222,13,136041,62
223,13,62866,42
224,13,1086,45
225,13,97534,55
226,13,274917,88
227,13,270044,49
228,13,17423,73
229,13,735,50
230,13,398134,93
231,13,41878,43
232,13,135137,67
233,13,16968,44
234,13,2417627,96
235,13,964931,85
236,13,39643,80
237,13,4703,54
238,13,10823,74
239,13,83893,47
240,13,271408,55
241,13,26264,47
242,13,351708,57
243,13,1435,55
244,13,119173,58
245,13,893424,58
246,13,51758,45
247,13,557024,81
248,13,1132564,84
249,13,43835,61
250,13,445070,52
251,13,2708,45
252,13,1154935,101
253,13,13039,54
254,13,1823,70
255,13,1599854,90
256,13,32466,75
257,13,1024260,117
258,13,36578,66
259,13,849509,105
260,13,2264528,58
261,13,7822,48
262,13,158829,39
263,13,198345,54
264,13,544476,55
265,13,5289,49
266,13,7097,54
267,13,848681,67
268,13,13013,51
269,13,51264,45
270,13,64143,53
271,13,513250,61
272,13,92395,39
273,13,50846,49
274,13,115357,69
275,13,70037,49
276,13,62809,43
277,13,31270,49
278,13,76054,51
279,13,14969,58
280,13,138845,80
281,13,593304,79
282,13,874149,80
283,13,28397,43
284,13,506332,76
285,13,2595459,115
286,13,1434496,42
287,13,8418,44
288,13,44190,44
289,13,118673,45
290,13,467506,47
291,13,5804,42
292,13,32847,40
293,13,160922,40
294,13,11931,44
295,13,191550,58
296,13,25523,53
297,13,158,50
298,13,6269,47
299,13,81840,43
300,13,125092,50
301,13,36546,61
302,13,53438,54
303,13,50819,48
304,13,23550,45
305,13,4606,44
306,13,468959,51
307,13,464271,54
308,13,236741,50
309,13,3776,43
310,13,386660,49
311,13,116038,54
312,13,3025,42
313,13,11436,45
314,13,4022,43
315,13,5538,42
316,13,249745,51
317,13,28250,51
318,13,102196,63
319,13,6923,44
320,13,147012,44
321,13,13790,44
322,13,9089,57
323,13,4543,44
324,13,130213,61
325,13,21143,57
326,13,16567,60
327,13,138609,66
328,13,142311,50
329,13,16217,43
330,13,45701,48
331,13,16086,44
332,13,30250,49
333,13,1431,45
334,13,5261,43
335,13,14897,42
336,13,1234,44
337,13,75864,52
338,13,4128,47
339,13,520,45
340,13,29359,68
341,13,935,49
342,13,307490,60
343,13,4140,45
344,13,2583,55
345,13,23112,47
346,13,39733,49
347,13,107197,48
348,13,270205,55
349,13,15590,57
350,13,425352,46
351,13,57899,40
352,13,287461,46
353,13,612179,39
354,13,168418,45
355,13,2157,45
356,13,6139,44
357,13,69276,50
358,13,14450,50
359,13,113155,80
360,13,3567,52
361,13,6169,44
362,13,3557,44
363,13,958,49
364,13,1117,49
365,13,13636,54
366,13,6993,44
367,13,315741,45
368,13,175,50
369,13,2062,48
370,13,24906,44
371,13,8422,74
372,13,68825,45
373,13,217405,51
374,13,764846,60
375,13,514365,55
376,13,7655,49
377,13,380768,59
378,13,17324,64
379,13,835975,66
380,13,517799,61
381,13,1003372,57
382,13,478610,57
383,13,23975,44
384,13,158652,49
385,13,87719,49
386,13,1852,63
387,13,1157898,95
388,13,877802,92
389,13,16823,48
390,13,89151,79
391,13,17921,48
392,13,611,54
393,13,28799,54
394,13,2059841,128
395,13,6393,74
396,13,4579,45
397,13,117177,45
398,13,9346,43
399,13,593,44
400,13,10596,43
401,13,37457,50
402,13,52457,45
403,13,17660,45
404,13,7414,49
405,13,246254,40
406,13,76694,39
407,13,257343,45
408,13,64954,50
409,13,94578,50
410,13,3672,45
411,13,174,50
412,13,2318,50
413,13,1776,53
414,13,908829,54
415,13,4003,58
416,13,22519,46
417,13,20464,63
418,13,21452,53
419,13,1084,54
420,13,189730,40
421,13,617155,44
422,13,84336,50
423,13,39212,49
424,13,82680,49
425,13,32678,48
426,13,8141,49
427,13,11881,57
428,13,1118,54
429,13,11395,44
430,13,5892,48
431,13,2111,45
432,13,39321,56
433,13,9266,45
434,13,40015,52
435,13,27056,60
436,13,19852,49
437,13,42110,56
438,13,18938,43
439,13,1005,45
440,13,75451,49
441,13,7846,43
442,13,43117,49
443,13,48510,50
444,13,39062,43
445,13,6639,43
446,13,13853,44
447,13,94433,49
448,13,28929,58
449,13,66161,69
450,13,8471,54
451,13,24900,50
452,13,69605,45
453,13,34351,68
454,13,14341,74
455,13,649,55
456,13,12091,44
457,13,18359,59
458,13,9351,55
459,13,18314,45
460,13,1639,50
461,13,25795,43
462,13,12292,43
463,13,201901,51
464,13,18786,43
465,13,69887,39
466,13,2863,49
467,13,9336,44
468,13,1005823,46
469,13,183637,46
470,13,32320,54
471,13,2630,48
472,13,1343971,105
473,13,7827,43
474,13,11848,44
475,13,45966,46
476,13,1807,49
477,13,76709,44
478,13,3852,50
479,13,451369,44
480,13,8931,47
481,13,1280,53
482,13,6114,47
483,13,107805,51
484,13,20870,63
485,13,2893,44
486,13,11108,44
487,13,486207,68
488,13,47850,55
489,13,1971,48
490,13,5428,54
491,13,8295,44
492,13,1381,47
493,13,2210,47
494,13,641854,40
495,13,7343,50
496,13,16652,45
497,13,343012,57
498,13,50852,42
499,13,8531,49
500,13,8479,50
501,13,1056480,65
502,13,7436,50
503,13,682,45
504,13,3434,44
505,13,93751,45
506,13,22855,40
507,13,1296,45
508,13,13240,40
509,13,498,60
510,13,1802,44
511,13,325,45
512,13,175641,56
513,13,1502,49
514,13,1312,45
515,13,5564,44
516,13,1584,44
517,13,2818,59
518,13,67475,64
519,13,2580,49
520,13,36219,60
521,13,1222,45
522,13,480,50
523,13,19592,100
524,13,670,52
525,13,2064,50
526,13,496,50
527,13,1841,55
528,13,24029,45
529,13,11612,40
530,13,1012,45
531,13,1097,45
532,13,20861,59
533,13,17988,50
534,13,883,45
535,13,30495,48
536,13,709,45
537,13,3300,44
538,13,479,44
539,13,1161,55
540,13,49467,40
541,13,1214,49
542,13,8774,57
543,13,12269,59
544,13,398,45
545,13,6822,40
546,13,592,45
547,13,7790,40
548,13,274876,50
549,13,13156,40
550,13,6039,40
551,13,231,50
552,13,305,45
553,13,378,45
554,13,7468,40
555,13,2663,40
556,13,1900,40
557,13,7914,40
558,13,309,45
559,13,190,50
560,13,820,50
561,13,1743,40
562,13,12509,45
563,13,189,45
564,13,445,45
565,13,5251,45
566,13,2341,40
567,13,325,50
568,13,169,45
569,13,921,40
570,13,0,40
1,14,10704,48
2,14,285936,54
3,14,36127,40
4,14,58902,60
5,14,29610,49
6,14,2017,50
7,14,522387,59
8,14,19066,50
9,14,8196,45
10,14,659523,56
11,14,35043,45
12,14,179048,54
13,14,726644,61
14,14,157869,118
15,14,33333,71
16,14,92526,93
17,14,2498,69
18,14,348511,71
19,14,85843,57
20,14,34801,44
21,14,33150,51
22,14,137481,43
23,14,519686,54
24,14,8878,54
25,14,59686,82
26,14,44764,73
27,14,6095,74
28,14,556555,103
29,14,251884,45
30,14,88668,42
31,14,149703,40
32,14,63552,44
33,14,98189,48
34,14,701421,49
35,14,26001,48
36,14,10115,43
37,14,149144,39
38,14,223116,49
39,14,24677,49
40,14,4648,48
41,14,464594,48
42,14,7257,59
43,14,3260,48
44,14,1801,50
45,14,23973,49
46,14,50554,44
47,14,15660,51
48,14,307235,61
49,14,11271,57
50,14,7502,49
51,14,78864,70
52,14,83933,76
53,14,61421,40
54,14,49243,45
55,14,130622,44
56,14,154044,46
57,14,386251,39
58,14,33682,45
59,14,7129,44
60,14,182674,39
61,14,53031,39
62,14,47871,57
63,14,85969,45
64,14,5750,44
65,14,7105,43
66,14,20739,50
67,14,1629,47
68,14,336,45
69,14,2613,48
70,14,1176227,60
71,14,217849,58
72,14,78499,49
73,14,1089,49
74,14,111573,48
75,14,375,45
76,14,252864,47
77,14,711546,47
78,14,1247654,50
79,14,87840,45
80,14,135804,39
81,14,8947,42
82,14,10631,49
83,14,973,45
84,14,8443,50
85,14,17512,55
86,14,15962,54
87,14,83621,55
88,14,6342,44
89,14,4816,51
90,14,201861,46
91,14,138224,58
92,14,122692,63
93,14,29039,52
94,14,711063,54
95,14,3677,48
96,14,5845,48
97,14,1171279,69
98,14,182856,62
99,14,128665,55
100,14,811545,69
101,14,589040,58
102,14,33700,64
103,14,93068,58
104,14,480999,107
105,14,267289,69
106,14,338528,67
107,14,696160,50
108,14,379807,45
109,14,81850,79
110,14,2133,48
111,14,645958,49
112,14,55521,44
113,14,33499,81
114,14,20171,95
115,14,50617,43
116,14,214437,40
117,14,22564,43
118,14,31701,47
119,14,13852,48
120,14,8517,42
121,14,14883,42
122,14,936,45
123,14,10370,47
124,14,48042,51
125,14,23720,46
126,14,294991,69
127,14,134296,44
128,14,22890,44
129,14,17579,54
130,14,2889,49
131,14,51053,57
132,14,21669,46
133,14,1382,54
134,14,111910,76
135,14,316434,48
136,14,9332,43
137,14,21602,43
138,14,256631,58
139,14,12991,64
140,14,157189,48
141,14,4219,40
142,14,801,49
143,14,110207,52
144,14,33302,42
145,14,10588,43
146,14,293143,53
147,14,5409,64
148,14,51245,61
149,14,7151,74
150,14,1252,49
151,14,74725,45
152,14,9419,44
153,14,4267,54
154,14,29613,48
155,14,47617,48
156,14,24705,52
157,14,4274,51
158,14,18587,70
159,14,176048,51
160,14,21651,71
161,14,438200,72
162,14,80930,40
163,14,524999,46
164,14,163922,46
165,14,180842,45
166,14,16531,48
167,14,3297,42
168,14,17866,40
169,14,4255,40
170,14,8005,40
171,14,374320,46
172,14,365952,55
173,14,4877,48
174,14,22838,44
175,14,15632,45
176,14,4172,44
177,14,303,45
178,14,4968,44
179,14,396,45
180,14,1079,45
181,14,9787,58
182,14,29309,56
183,14,1678,53
184,14,2253,49
185,14,2003,49
186,14,225241,45
187,14,31458,52
188,14,45157,57
189,14,226059,50
190,14,2909,44
191,14,144008,45
192,14,142066,49
193,14,201102,45
194,14,3328,49
195,14,2792,43
196,14,18189,43
197,14,762,45
198,14,409130,52
199,14,227837,84
200,14,73864,55
201,14,172936,43
202,14,9229,48
203,14,55656,53
204,14,11644,43
205,14,2437,45
206,14,23219,49
207,14,21499,62
208,14,5361,58
209,14,742984,85
210,14,11527,48
211,14,230744,55
212,14,16037,67
213,14,83826,49
214,14,8372,48
215,14,39856,53
216,14,257465,46
217,14,13583,53
218,14,247812,46
219,14,145094,55
220,14,61787,43
221,14,21670,49
222,14,134376,61
223,14,62441,42
224,14,1083,45
225,14,95371,55
226,14,286221,88
227,14,245658,49
228,14,18193,73
229,14,731,50
230,14,404048,93
231,14,39784,43
232,14,133162,67
233,14,16406,44
234,14,2624122,97
235,14,946579,85
236,14,39624,80
237,14,4765,54
238,14,10767,74
239,14,84216,47
240,14,275113,55
241,14,26108,47
242,14,275510,56
243,14,1436,55
244,14,124202,58
245,14,914909,58
246,14,51753,45
247,14,684010,81
248,14,1027328,83
249,14,43554,61
250,14,443298,52
251,14,2693,45
252,14,1139470,101
253,14,12857,54
254,14,1815,70
255,14,1583910,90
256,14,31941,75
257,14,1035800,117
258,14,35959,66
259,14,812034,104
260,14,2282900,58
261,14,7862,48
262,14,171680,39
263,14,216201,54
264,14,456845,54
265,14,5329,49
266,14,6942,54
267,14,859235,68
268,14,12811,51
269,14,49760,44
270,14,62112,53
271,14,466140,61
272,14,92564,39
273,14,56809,49
274,14,112786,69
275,14,65531,49
276,14,60650,43
277,14,48974,49
278,14,74371,51
279,14,14746,58
280,14,134900,80
281,14,517874,78
282,14,912931,80
283,14,27616,43
284,14,513445,77
285,14,2250581,115
286,14,1433428,42
287,14,8288,44
288,14,42648,44
289,14,113846,45
290,14,406856,47
291,14,5712,42
292,14,31925,40
293,14,156700,40
294,14,11626,44
295,14,169313,57
296,14,24440,53
297,14,158,50
298,14,6117,47
299,14,79089,43
300,14,99795,50
301,14,37164,61
302,14,50911,54
303,14,51699,48
304,14,23865,45
305,14,4566,44
306,14,442790,51
307,14,455727,54
308,14,200662,49
309,14,3648,43
310,14,351282,49
311,14,109875,54
312,14,2995,42
313,14,11029,45
314,14,3972,43
315,14,5469,42
316,14,251576,51
317,14,27774,51
318,14,102298,63
319,14,6779,44
320,14,140022,44
321,14,16304,43
322,14,8814,57
323,14,4451,44
324,14,121698,61
325,14,20757,57
326,14,45898,60
327,14,118167,66
328,14,135396,50
329,14,16394,43
330,14,45847,48
331,14,15198,44
332,14,28886,49
333,14,1410,45
334,14,5236,43
335,14,14468,41
336,14,1231,44
337,14,73466,52
338,14,4075,47
339,14,517,45
340,14,28637,68
341,14,933,49
342,14,359192,60
343,14,4063,45
344,14,2565,55
345,14,23049,46
346,14,38061,49
347,14,121108,48
348,14,285486,55
349,14,15362,57
350,14,424730,46
351,14,57583,40
352,14,286692,46
353,14,609230,39
354,14,141871,45
355,14,2118,45
356,14,6490,44
357,14,66545,50
358,14,14355,50
359,14,113074,80
360,14,3498,52
361,14,6062,44
362,14,3500,44
363,14,942,49
364,14,1104,49
365,14,12997,53
366,14,6822,44
367,14,289622,45
368,14,175,50
369,14,2004,48
370,14,27895,43
371,14,8345,74
372,14,74262,45
373,14,214536,51
374,14,639492,59
375,14,506670,55
376,14,7371,49
377,14,356464,59
378,14,16775,64
379,14,837484,67
380,14,500978,61
381,14,950650,57
382,14,474885,57
383,14,22620,44
384,14,153156,48
385,14,86809,49
386,14,2095,63
387,14,992750,94
388,14,840302,92
389,14,16590,48
390,14,82813,79
391,14,16270,48
392,14,611,54
393,14,26927,54
394,14,2059011,128
395,14,6370,74
396,14,4525,45
397,14,119684,45
398,14,9087,43
399,14,578,44
400,14,10556,43
401,14,32990,50
402,14,49300,45
403,14,20460,45
404,14,7168,48
405,14,280775,41
406,14,80200,39
407,14,282701,45
408,14,62500,50
409,14,90363,50
410,14,3593,45
411,14,172,50
412,14,2291,50
413,14,1771,53
414,14,846632,54
415,14,3997,58
416,14,60306,46
417,14,20709,63
418,14,21269,53
419,14,1133,54
420,14,189490,40
421,14,607844,44
422,14,82324,49
423,14,40209,49
424,14,76528,48
425,14,31645,47
426,14,8663,49
427,14,11112,57
428,14,1082,54
429,14,11173,44
430,14,5811,48
431,14,2058,45
432,14,39290,56
433,14,9079,45
434,14,36929,52
435,14,45808,60
436,14,20884,49
437,14,49766,56
438,14,18791,43
439,14,997,45
440,14,70102,48
441,14,7602,43
442,14,42455,49
443,14,45409,50
444,14,39228,43
445,14,6447,43
446,14,14105,44
447,14,92459,49
448,14,28522,58
449,14,63206,69
450,14,8219,54
451,14,28479,50
452,14,65534,45
453,14,35824,68
454,14,13455,74
455,14,644,55
456,14,11833,44
457,14,20203,59
458,14,9821,55
459,14,18231,45
460,14,1644,50
461,14,24608,43
462,14,13598,43
463,14,189300,51
464,14,17746,43
465,14,72913,39
466,14,2824,49
467,14,9145,44
468,14,996874,45
469,14,215060,46
470,14,67504,54
471,14,2541,48
472,14,1717969,106
473,14,7726,43
474,14,11530,44
475,14,44474,46
476,14,1792,49
477,14,75092,44
478,14,3817,50
479,14,441999,44
480,14,9025,47
481,14,1260,53
482,14,6022,47
483,14,104250,51
484,14,20647,63
485,14,2857,43
486,14,10790,44
487,14,445614,68
488,14,45946,55
489,14,1990,48
490,14,5732,54
491,14,8100,44
492,14,1379,47
493,14,2198,47
494,14,618979,40
495,14,7187,50
496,14,15868,45
497,14,327073,57
498,14,50412,41
499,14,8631,49
500,14,8141,50
501,14,1089624,66
502,14,7141,50
503,14,681,45
504,14,3375,44
505,14,94200,45
506,14,22847,40
507,14,1275,45
508,14,13050,40
509,14,496,60
510,14,1789,44
511,14,325,45
512,14,165301,55
513,14,1515,49
514,14,1329,45
515,14,5412,44
516,14,1602,44
517,14,3057,59
518,14,67481,64
519,14,2306,49
520,14,36584,60
521,14,1180,45
522,14,468,50
523,14,20544,100
524,14,633,51
525,14,2048,50
526,14,506,50
527,14,1725,55
528,14,24372,45
529,14,11658,40
530,14,1030,45
531,14,1116,45
532,14,18377,59
533,14,16050,50
534,14,908,45
535,14,28260,47
536,14,717,45
537,14,38381,44
538,14,492,44
539,14,1077,55
540,14,49468,40
541,14,1229,49
542,14,9186,57
543,14,18876,59
544,14,407,45
545,14,6841,40
546,14,603,45
547,14,8012,40
548,14,263071,50
549,14,13247,40
550,14,5992,40
551,14,245,50
552,14,323,45
553,14,384,45
554,14,7740,40
555,14,2866,40
556,14,1990,40
557,14,8274,40
558,14,315,45
559,14,204,50
560,14,891,50
561,14,1895,40
562,14,16859,45
563,14,205,45
564,14,533,45
565,14,4939,44
566,14,2656,40
567,14,603,50
568,14,362,45
569,14,1668,40
570,14,613,40
571,14,0,45
1,15,10741,48
2,15,285346,54
3,15,35911,40
4,15,63713,60
5,15,28685,49
6,15,2051,50
7,15,520489,59
8,15,19288,50
9,15,8170,45
10,15,679875,57
11,15,34427,45
12,15,224006,54
13,15,791445,61
14,15,148758,118
15,15,32878,71
16,15,110829,93
17,15,2517,69
18,15,381905,71
19,15,85943,57
20,15,34486,44
21,15,30637,51
22,15,137026,43
23,15,493471,54
24,15,8411,54
25,15,71063,82
26,15,45799,73
27,15,6087,74
28,15,437768,103
29,15,262583,45
30,15,86926,42
31,15,147279,40
32,15,64183,44
33,15,109886,49
34,15,725938,50
35,15,25647,48
36,15,9964,43
37,15,147765,39
38,15,225713,49
39,15,24407,49
40,15,4652,48
41,15,458849,48
42,15,6846,59
43,15,3221,48
44,15,1817,50
45,15,23276,49
46,15,49417,44
47,15,15318,51
48,15,302979,61
49,15,11064,57
50,15,7444,49
51,15,84144,70
52,15,82970,76
53,15,60873,40
54,15,53576,45
55,15,139538,44
56,15,158803,46
57,15,384595,39
58,15,39606,45
59,15,6689,44
60,15,196197,39
61,15,53809,39
62,15,45202,57
63,15,84653,45
64,15,5741,44
65,15,7548,43
66,15,19080,50
67,15,1697,47
68,15,329,45
69,15,2570,47
70,15,1168763,60
71,15,189364,58
72,15,75004,49
73,15,1096,49
74,15,107509,48
75,15,364,45
76,15,214491,47
77,15,773845,47
78,15,1283269,51
79,15,102371,46
80,15,137139,39
81,15,9094,42
82,15,9971,49
83,15,974,45
84,15,9835,50
85,15,16604,55
86,15,15486,54
87,15,103586,55
88,15,6272,44
89,15,4683,51
90,15,206131,46
91,15,133093,58
92,15,130839,63
93,15,28174,52
94,15,773043,54
95,15,3678,48
96,15,5816,48
97,15,1215355,69
98,15,190818,62
99,15,130695,55
100,15,856029,69
101,15,540283,58
102,15,34520,64
103,15,111244,58
104,15,541034,107
105,15,264808,69
106,15,335956,67
107,15,592619,49
108,15,412979,46
109,15,77716,78
110,15,2095,48
111,15,669464,49
112,15,53070,43
113,15,32113,81
114,15,20125,95
115,15,60953,43
116,15,216756,40
117,15,24192,43
118,15,26679,47
119,15,15360,48
120,15,8442,42
121,15,14425,42
122,15,956,45
123,15,10277,47
124,15,47193,51
125,15,22706,46
126,15,283073,69
127,15,130201,44
128,15,21807,43
129,15,16219,54
130,15,2881,49
131,15,50288,57
132,15,19611,46
133,15,1411,54
134,15,112169,76
135,15,329112,48
136,15,9253,43
137,15,21356,43
138,15,233513,57
139,15,12946,64
140,15,154569,48
141,15,4225,40
142,15,802,49
143,15,121547,52
144,15,38451,42
145,15,35574,43
146,15,284585,53
147,15,5440,64
148,15,50614,61
149,15,7141,74
150,15,1231,49
151,15,72702,45
152,15,9653,43
153,15,4751,54
154,15,29308,47
155,15,47723,48
156,15,24744,52
157,15,4221,51
158,15,18511,70
159,15,184233,51
160,15,21455,71
161,15,587141,73
162,15,80371,40
163,15,515946,46
164,15,159687,46
165,15,171583,45
166,15,15996,48
167,15,3208,42
168,15,19712,40
169,15,4218,40
170,15,7852,40
171,15,362546,45
172,15,344255,54
173,15,4088,48
174,15,21883,44
175,15,14862,45
176,15,4104,44
177,15,301,45
178,15,5327,43
179,15,386,45
180,15,1048,45
181,15,9564,58
182,15,27914,56
183,15,1688,53
184,15,2248,49
185,15,2027,49
186,15,238786,45
187,15,30282,52
188,15,44392,57
189,15,229433,50
190,15,2942,44
191,15,148296,45
192,15,140043,49
193,15,206006,45
194,15,3275,49
195,15,2809,43
196,15,19250,43
197,15,777,45
198,15,423720,52
199,15,253831,84
200,15,88244,55
201,15,173651,43
202,15,9279,48
203,15,50149,53
204,15,11787,43
205,15,2407,45
206,15,26202,49
207,15,21371,62
208,15,5579,58
209,15,896134,86
210,15,11514,48
211,15,223797,55
212,15,16077,67
213,15,87862,49
214,15,8361,48
215,15,41464,53
216,15,322068,47
217,15,13449,53
218,15,269877,46
219,15,142682,55
220,15,56259,43
221,15,46996,49
222,15,132480,61
223,15,60977,42
224,15,1081,45
225,15,92045,55
226,15,281800,88
227,15,240501,48
228,15,18372,73
229,15,725,50
230,15,457993,94
231,15,37776,43
232,15,131093,67
233,15,16356,43
234,15,2884620,98
235,15,906579,84
236,15,38665,80
237,15,4788,54
238,15,10710,74
239,15,89507,47
240,15,282477,55
241,15,25984,47
242,15,237347,56
243,15,1430,55
244,15,129036,58
245,15,960026,58
246,15,52279,45
247,15,1032514,83
248,15,901247,82
249,15,43233,61
250,15,431321,52
251,15,2684,45
252,15,1211989,102
253,15,13092,54
254,15,1813,70
255,15,1268645,89
256,15,31362,75
257,15,1077926,117
258,15,34938,66
259,15,815832,104
260,15,2258277,58
261,15,7883,48
262,15,184943,39
263,15,210855,54
264,15,370789,54
265,15,5383,49
266,15,7739,54
267,15,839478,68
268,15,12575,51
269,15,48391,44
270,15,60323,52
271,15,430721,61
272,15,92832,39
273,15,62755,49
274,15,108410,69
275,15,54420,49
276,15,58771,43
277,15,205328,50
278,15,73891,51
279,15,17492,58
280,15,144781,80
281,15,460289,78
282,15,909960,80
283,15,26868,43
284,15,459699,77
285,15,2026891,114
286,15,1410682,42
287,15,8312,44
288,15,40357,44
289,15,114438,45
290,15,359873,47
291,15,5588,42
292,15,30998,40
293,15,153080,40
294,15,11158,44
295,15,166552,57
296,15,23144,53
297,15,156,50
298,15,5928,47
299,15,76517,43
300,15,83779,49
301,15,35012,61
302,15,47963,53
303,15,50975,48
304,15,24234,45
305,15,4544,44
306,15,438053,50
307,15,457119,54
308,15,192706,49
309,15,3519,43
310,15,294024,48
311,15,109905,54
312,15,3030,42
313,15,10796,45
314,15,4002,43
315,15,5421,42
316,15,245345,51
317,15,27051,51
318,15,101290,63
319,15,6628,44
320,15,145086,44
321,15,18928,43
322,15,9903,57
323,15,4372,44
324,15,117730,61
325,15,20168,57
326,15,59760,60
327,15,105547,65
328,15,129188,50
329,15,20006,43
330,15,48517,48
331,15,14458,43
332,15,29172,49
333,15,1382,45
334,15,5534,43
335,15,14635,41
336,15,1240,44
337,15,71901,52
338,15,4058,47
339,15,510,45
340,15,28251,68
341,15,926,49
342,15,429400,61
343,15,4003,45
344,15,2546,55
345,15,22650,46
346,15,36705,49
347,15,131043,48
348,15,286072,55
349,15,15130,57
350,15,445237,46
351,15,57298,40
352,15,299770,46
353,15,607082,39
354,15,122898,45
355,15,2085,45
356,15,7049,44
357,15,65517,50
358,15,14389,50
359,15,119469,80
360,15,3457,52
361,15,5941,44
362,15,3432,44
363,15,956,49
364,15,1092,49
365,15,12515,53
366,15,6605,44
367,15,271462,45
368,15,174,50
369,15,1956,47
370,15,30893,43
371,15,8110,74
372,15,76266,45
373,15,206301,51
374,15,636200,59
375,15,496911,55
376,15,7140,49
377,15,337078,59
378,15,17378,64
379,15,843965,67
380,15,476330,61
381,15,862458,56
382,15,435490,57
383,15,21818,44
384,15,148535,48
385,15,86187,49
386,15,4793,63
387,15,858680,93
388,15,783846,92
389,15,16338,48
390,15,75647,79
391,15,14746,48
392,15,620,54
393,15,25770,54
394,15,2080769,128
395,15,6344,74
396,15,4463,45
397,15,120701,45
398,15,8756,43
399,15,570,44
400,15,10674,43
401,15,30194,50
402,15,46915,44
403,15,23208,45
404,15,6983,48
405,15,293772,41
406,15,83861,39
407,15,296581,46
408,15,59436,50
409,15,86381,50
410,15,3517,45
411,15,170,50
412,15,2260,50
413,15,1749,53
414,15,864874,54
415,15,4114,58
416,15,50641,46
417,15,23392,63
418,15,20956,53
419,15,1146,54
420,15,189364,40
421,15,601096,44
422,15,80826,49
423,15,39824,49
424,15,71443,48
425,15,30623,47
426,15,8673,49
427,15,10598,57
428,15,1052,54
429,15,11378,43
430,15,5737,48
431,15,2017,45
432,15,35202,56
433,15,12024,45
434,15,34053,51
435,15,48288,60
436,15,28674,49
437,15,46175,56
438,15,18770,43
439,15,980,45
440,15,65583,48
441,15,7350,43
442,15,40368,49
443,15,40264,50
444,15,38609,43
445,15,6280,43
446,15,13856,44
447,15,88650,49
448,15,28116,58
449,15,60711,69
450,15,7983,53
451,15,26104,50
452,15,62676,44
453,15,32899,68
454,15,13130,74
455,15,638,55
456,15,11561,44
457,15,13992,59
458,15,9589,55
459,15,18090,45
460,15,1676,50
461,15,27770,43
462,15,14492,43
463,15,168230,51
464,15,18524,43
465,15,75905,39
466,15,2785,49
467,15,8967,44
468,15,986391,45
469,15,233325,46
470,15,142093,55
471,15,2477,48
472,15,1827151,107
473,15,7610,43
474,15,11227,44
475,15,42930,46
476,15,1774,49
477,15,70326,44
478,15,3742,50
479,15,410582,44
480,15,9141,47
481,15,1248,52
482,15,5924,47
483,15,100999,51
484,15,20456,63
485,15,2802,43
486,15,10548,44
487,15,413360,68
488,15,40256,55
489,15,1970,48
490,15,5492,54
491,15,7895,44
492,15,1379,47
493,15,2210,47
494,15,615431,40
495,15,6987,50
496,15,15350,45
497,15,288705,57
498,15,49890,41
499,15,8628,49
500,15,8144,50
501,15,1111099,66
502,15,7000,50
503,15,677,45
504,15,3352,44
505,15,92918,45
506,15,22836,40
507,15,1266,45
508,15,12848,40
509,15,488,60
510,15,1798,44
511,15,323,45
512,15,157572,55
513,15,1574,49
514,15,1371,44
515,15,5259,44
516,15,1589,44
517,15,2858,59
518,15,84955,64
519,15,2123,49
520,15,36410,60
521,15,1152,45
522,15,460,50
523,15,16836,99
524,15,613,51
525,15,2195,50
526,15,514,50
527,15,1732,55
528,15,24252,45
529,15,11494,40
530,15,1053,45
531,15,1123,45
532,15,17777,59
533,15,14544,50
534,15,913,45
535,15,26025,47
536,15,726,45
537,15,57882,44
538,15,504,44
539,15,1019,55
540,15,48721,40
541,15,1254,49
542,15,9689,57
543,15,28549,59
544,15,405,45
545,15,6874,40
546,15,596,45
547,15,8229,40
548,15,319328,50
549,15,13275,40
550,15,6013,40
551,15,261,50
552,15,354,45
553,15,402,45
554,15,8056,40
555,15,3049,40
556,15,2155,40
557,15,8577,40
558,15,319,45
559,15,224,50
560,15,936,50
561,15,2118,40
562,15,19324,45
563,15,211,45
564,15,617,45
565,15,4719,44
566,15,2937,40
567,15,820,50
568,15,537,45
569,15,2350,40
570,15,1278,40
571,15,48,45
572,15,0,40
573,15,0,45
574,15,0,40
1,16,10822,48
2,16,289513,54
3,16,35636,40
4,16,72397,60
5,16,28547,48
6,16,2096,50
7,16,526000,59
8,16,21191,50
9,16,8138,45
10,16,720348,57
11,16,34037,45
12,16,170933,54
13,16,863173,62
14,16,152775,118
15,16,32769,71
16,16,126530,93
17,16,2567,69
18,16,576769,72
19,16,83115,57
20,16,34248,44
21,16,30531,51
22,16,138444,43
23,16,475683,53
24,16,8633,54
25,16,66169,82
26,16,44315,73
27,16,6075,74
28,16,506448,103
29,16,265481,45
30,16,85088,42
31,16,144482,40
32,16,64294,44
33,16,104456,49
34,16,725388,50
35,16,23166,48
36,16,9834,43
37,16,146737,39
38,16,228526,49
39,16,23788,49
40,16,4634,48
41,16,486251,48
42,16,7007,59
43,16,3189,48
44,16,1851,50
45,16,22331,49
46,16,48785,44
47,16,16876,51
48,16,255687,60
49,16,10942,57
50,16,7418,49
51,16,84664,70
52,16,82233,76
53,16,60279,40
54,16,58111,45
55,16,145132,44
56,16,178783,46
57,16,384894,39
58,16,41258,45
59,16,6856,44
60,16,213798,39
61,16,55047,39
62,16,43501,57
63,16,85420,45
64,16,5749,44
65,16,8328,43
66,16,17765,50
67,16,1784,47
68,16,330,45
69,16,2581,47
70,16,1165303,60
71,16,212225,58
72,16,71161,48
73,16,1114,49
74,16,103753,48
75,16,363,45
76,16,190363,47
77,16,754172,48
78,16,1316817,51
79,16,124371,46
80,16,139617,39
81,16,9312,42
82,16,9570,49
83,16,973,45
84,16,11183,50
85,16,16540,54
86,16,15848,54
87,16,66105,55
88,16,6191,44
89,16,4568,51
90,16,209679,46
91,16,129055,58
92,16,129336,63
93,16,27142,52
94,16,787629,55
95,16,3645,48
96,16,5780,48
97,16,1224309,69
98,16,187341,62
99,16,128652,55
100,16,870175,69
101,16,510001,58
102,16,49641,64
103,16,120110,58
104,16,807136,109
105,16,260540,69
106,16,322116,67
107,16,560578,49
108,16,438423,46
109,16,71246,78
110,16,2069,47
111,16,674202,49
112,16,51355,43
113,16,31666,81
114,16,20088,95
115,16,58627,43
116,16,255374,40
117,16,22771,43
118,16,24333,47
119,16,16261,48
120,16,10385,42
121,16,13474,42
122,16,1001,45
123,16,15141,47
124,16,46497,51
125,16,21892,46
126,16,278333,69
127,16,125686,44
128,16,21145,43
129,16,14858,54
130,16,2906,49
131,16,50806,57
132,16,19127,46
133,16,1432,54
134,16,115020,76
135,16,332830,48
136,16,9154,43
137,16,21090,43
138,16,216714,57
139,16,12997,64
140,16,149612,48
141,16,4264,40
142,16,809,49
143,16,123701,52
144,16,48812,42
145,16,50690,43
146,16,280713,53
147,16,5537,64
148,16,49891,61
149,16,7201,74
150,16,1212,49
151,16,64890,45
152,16,9993,43
153,16,4864,54
154,16,29073,47
155,16,47241,48
156,16,24312,52
157,16,4398,51
158,16,18401,70
159,16,337746,52
160,16,21275,71
161,16,607920,73
162,16,79583,40
163,16,507750,46
164,16,157815,46
165,16,162229,45
166,16,15864,48
167,16,3128,42
168,16,19661,40
169,16,4209,40
170,16,7687,40
171,16,358080,45
172,16,329038,54
173,16,3605,48
174,16,20898,44
175,16,14260,45
176,16,4024,44
177,16,298,45
178,16,5567,43
179,16,379,45
180,16,1017,45
181,16,9514,58
182,16,27166,56
183,16,1762,53
184,16,2266,49
185,16,2079,49
186,16,256105,45
187,16,31466,52
188,16,43478,57
189,16,244382,50
190,16,2975,44
191,16,164507,45
192,16,133362,49
193,16,218502,45
194,16,3239,48
195,16,2825,43
196,16,24801,43
197,16,801,45
198,16,481633,52
199,16,288738,84
200,16,95707,55
201,16,176657,43
202,16,9584,48
203,16,60103,53
204,16,11967,43
205,16,2389,45
206,16,27238,49
207,16,21309,62
208,16,5663,58
209,16,925691,86
210,16,11506,48
211,16,210908,55
212,16,16109,67
213,16,89098,49
214,16,8346,48
215,16,44766,53
216,16,259888,47
217,16,13317,53
218,16,265028,46
219,16,123851,55
220,16,55954,43
221,16,129205,50
222,16,132096,61
223,16,62778,42
224,16,1079,45
225,16,89972,55
226,16,583946,90
227,16,250897,48
228,16,17752,73
229,16,720,50
230,16,451948,94
231,16,36002,43
232,16,129080,67
233,16,16286,43
234,16,3006525,99
235,16,1120376,85
236,16,37410,80
237,16,4820,54
238,16,10645,74
239,16,89957,47
240,16,272809,55
241,16,25811,47
242,16,214665,55
243,16,1425,55
244,16,123590,58
245,16,991098,59
246,16,50903,45
247,16,1046322,83
248,16,794119,81
249,16,42977,61
250,16,394647,52
251,16,2663,45
252,16,1192741,102
253,16,12784,53
254,16,1801,70
255,16,1082375,88
256,16,30718,74
257,16,952448,116
258,16,34490,65
259,16,688072,103
260,16,2296888,58
261,16,7887,48
262,16,201548,39
263,16,210269,54
264,16,335861,53
265,16,5923,49
266,16,9340,54
267,16,874997,68
268,16,12533,50
269,16,47342,44
270,16,58745,52
271,16,404398,60
272,16,93754,39
273,16,68128,49
274,16,104610,68
275,16,48209,48
276,16,57081,43
277,16,276061,51
278,16,72845,51
279,16,77534,58
280,16,181464,80
281,16,421833,77
282,16,583340,79
283,16,26266,43
284,16,410938,76
285,16,1815645,113
286,16,1372584,42
287,16,9034,44
288,16,38885,44
289,16,112643,45
290,16,332973,46
291,16,5441,42
292,16,30100,40
293,16,150381,40
294,16,10926,44
295,16,167870,57
296,16,22345,52
297,16,155,50
298,16,5860,46
299,16,74205,43
300,16,75242,49
301,16,40400,61
302,16,46752,53
303,16,49746,48
304,16,24855,45
305,16,4527,44
306,16,424890,50
307,16,451293,54
308,16,176078,48
309,16,3481,43
310,16,244880,48
311,16,109450,54
312,16,3242,42
313,16,10533,45
314,16,3968,43
315,16,5356,42
316,16,229603,51
317,16,26432,50
318,16,98072,63
319,16,6466,44
320,16,145892,44
321,16,19521,43
322,16,10002,57
323,16,4279,44
324,16,114320,61
325,16,18790,57
326,16,97489,61
327,16,95723,65
328,16,127957,50
329,16,17720,43
330,16,47958,48
331,16,14058,43
332,16,27863,48
333,16,1365,45
334,16,6034,43
335,16,14830,41
336,16,1243,44
337,16,71910,52
338,16,4015,47
339,16,505,45
340,16,27950,68
341,16,948,49
342,16,475384,61
343,16,3944,45
344,16,2528,55
345,16,22135,46
346,16,35032,49
347,16,150424,48
348,16,303260,56
349,16,14809,56
350,16,465137,46
351,16,56827,40
352,16,316778,46
353,16,606281,39
354,16,110859,45
355,16,2044,45
356,16,7685,44
357,16,64859,50
358,16,15549,50
359,16,128909,80
360,16,3401,52
361,16,5839,44
362,16,3376,44
363,16,1015,49
364,16,1077,49
365,16,12208,53
366,16,6468,44
367,16,256798,44
368,16,174,50
369,16,1930,47
370,16,30990,43
371,16,8017,74
372,16,80025,45
373,16,197869,51
374,16,610360,59
375,16,493756,55
376,16,7019,49
377,16,321617,59
378,16,17112,64
379,16,806634,67
380,16,465575,61
381,16,838495,56
382,16,434642,56
383,16,20149,43
384,16,144991,48
385,16,87429,49
386,16,4782,63
387,16,828844,93
388,16,742400,91
389,16,16075,48
390,16,92944,79
391,16,13983,48
392,16,648,54
393,16,24812,54
394,16,2054988,128
395,16,6317,74
396,16,4398,45
397,16,127852,45
398,16,8501,43
399,16,559,44
400,16,11236,43
401,16,28643,49
402,16,44830,44
403,16,73191,45
404,16,6937,48
405,16,316707,41
406,16,88816,39
407,16,338617,46
408,16,60381,50
409,16,83441,50
410,16,3456,45
411,16,172,50
412,16,2230,50
413,16,1727,53
414,16,874266,54
415,16,4336,58
416,16,39001,46
417,16,25562,63
418,16,20211,53
419,16,1163,54
420,16,188944,40
421,16,597778,44
422,16,79760,49
423,16,41341,49
424,16,67345,48
425,16,29601,47
426,16,8508,49
427,16,10214,57
428,16,1028,54
429,16,17669,43
430,16,5628,48
431,16,1984,45
432,16,30998,56
433,16,13063,45
434,16,31695,51
435,16,45780,60
436,16,30702,49
437,16,43339,56
438,16,19849,43
439,16,976,45
440,16,61531,48
441,16,7170,43
442,16,38654,48
443,16,39148,50
444,16,40784,43
445,16,6101,43
446,16,14117,44
447,16,86999,49
448,16,27729,58
449,16,58827,69
450,16,7638,53
451,16,20844,50
452,16,61137,44
453,16,32247,68
454,16,13244,74
455,16,637,55
456,16,11473,44
457,16,11690,59
458,16,9717,55
459,16,17868,45
460,16,1696,50
461,16,28912,43
462,16,14519,43
463,16,143774,51
464,16,19620,43
465,16,80248,39
466,16,2736,49
467,16,10316,43
468,16,1011207,45
469,16,245759,47
470,16,175995,55
471,16,2457,48
472,16,2038861,108
473,16,7499,43
474,16,10937,44
475,16,43885,46
476,16,1760,49
477,16,69823,44
478,16,3789,50
479,16,398183,44
480,16,9357,47
481,16,1287,52
482,16,5840,47
483,16,99234,50
484,16,20287,63
485,16,2772,43
486,16,10323,44
487,16,392135,67
488,16,34712,55
489,16,1982,48
490,16,5382,54
491,16,7707,44
492,16,1383,47
493,16,2212,47
494,16,622894,40
495,16,6854,50
496,16,14972,45
497,16,259185,56
498,16,49483,41
499,16,8722,49
500,16,7873,50
501,16,1127378,66
502,16,7255,50
503,16,679,45
504,16,3321,44
505,16,91991,45
506,16,22751,40
507,16,1253,45
508,16,12628,40
509,16,489,60
510,16,1970,44
511,16,316,45
512,16,146010,55
513,16,1481,49
514,16,1397,44
515,16,5123,44
516,16,1580,44
517,16,2749,59
518,16,95847,64
519,16,2014,49
520,16,23601,60
521,16,1130,45
522,16,450,49
523,16,13954,98
524,16,602,51
525,16,2306,50
526,16,522,50
527,16,1694,55
528,16,24396,45
529,16,11412,40
530,16,1087,45
531,16,1164,45
532,16,17321,59
533,16,13122,50
534,16,1104,45
535,16,24245,46
536,16,743,45
537,16,86787,45
538,16,524,44
539,16,978,55
540,16,48164,40
541,16,1297,49
542,16,17261,57
543,16,23629,59
544,16,420,45
545,16,6869,40
546,16,617,45
547,16,8449,40
548,16,288852,50
549,16,13253,40
550,16,6029,40
551,16,272,50
552,16,380,45
553,16,433,45
554,16,8323,40
555,16,3216,40
556,16,2338,40
557,16,8724,40
558,16,357,45
559,16,248,50
560,16,1002,50
561,16,2348,40
562,16,22836,45
563,16,219,45
564,16,805,45
565,16,4507,43
566,16,3219,40
567,16,1106,50
568,16,640,45
569,16,2674,40
570,16,2030,40
571,16,78,45
572,16,429,40
573,16,241,45
574,16,1272,40
575,16,0,45
576,16,0,40
577,16,0,45
1,17,10832,48
2,17,286816,54
3,17,35507,40
4,17,77744,60
5,17,28913,48
6,17,2113,50
7,17,517864,59
8,17,20536,50
9,17,8142,45
10,17,717753,57
11,17,33721,45
12,17,137069,54
13,17,861343,62
14,17,153328,118
15,17,32487,71
16,17,123765,93
17,17,2590,69
18,17,400555,72
19,17,82323,57
20,17,34049,44
21,17,29767,51
22,17,138298,43
23,17,461221,53
24,17,11077,54
25,17,70458,82
26,17,43317,73
27,17,6069,74
28,17,557193,103
29,17,266570,45
30,17,83874,42
31,17,142857,40
32,17,61202,44
33,17,95568,49
34,17,663160,50
35,17,22754,48
36,17,9724,43
37,17,145765,39
38,17,221071,49
39,17,23132,49
40,17,4592,48
41,17,512365,48
42,17,6936,59
43,17,3144,48
44,17,1872,50
45,17,21378,49
46,17,49128,44
47,17,16455,51
48,17,163579,59
49,17,10764,57
50,17,7324,49
51,17,78512,70
52,17,86310,76
53,17,60111,40
54,17,56482,45
55,17,142765,44
56,17,171865,46
57,17,380629,39
58,17,39469,45
59,17,6579,44
60,17,214761,39
61,17,55369,39
62,17,40270,57
63,17,85053,45
64,17,5749,44
65,17,8786,43
66,17,16898,50
67,17,1848,47
68,17,328,45
69,17,2562,47
70,17,1098618,60
71,17,181809,58
72,17,68043,48
73,17,1129,49
74,17,101460,48
75,17,362,45
76,17,158241,46
77,17,681600,48
78,17,1404152,52
79,17,198337,46
80,17,180558,39
81,17,9386,42
82,17,13030,49
83,17,978,45
84,17,18321,50
85,17,16777,54
86,17,15405,54
87,17,51578,55
88,17,6172,44
89,17,4516,51
90,17,215748,46
91,17,125434,58
92,17,120570,63
93,17,26482,52
94,17,771876,55
95,17,3644,48
96,17,5755,48
97,17,1202548,69
98,17,184936,62
99,17,126894,55
100,17,837028,69
101,17,497069,58
102,17,49789,64
103,17,114138,58
104,17,832920,109
105,17,254862,69
106,17,315510,66
107,17,552391,49
108,17,440974,46
109,17,69578,77
110,17,2091,47
111,17,678640,49
112,17,49944,43
113,17,39003,81
114,17,20046,95
115,17,56939,43
116,17,271003,41
117,17,22682,43
118,17,27805,47
119,17,14533,48
120,17,10137,42
121,17,12992,42
122,17,1012,45
123,17,16049,47
124,17,45828,51
125,17,21416,45
126,17,279518,69
127,17,137291,43
128,17,20564,43
129,17,15631,54
130,17,2874,49
131,17,49762,57
132,17,27769,46
133,17,1447,54
134,17,113434,76
135,17,342700,48
136,17,9068,43
137,17,20931,43
138,17,208735,57
139,17,13038,64
140,17,147438,47
141,17,4284,40
142,17,807,49
143,17,130430,52
144,17,61180,42
145,17,91794,43
146,17,277750,53
147,17,5601,64
148,17,49531,61
149,17,7247,74
150,17,1209,49
151,17,60192,45
152,17,10079,43
153,17,4909,54
154,17,28910,47
155,17,47209,48
156,17,24118,52
157,17,4408,51
158,17,18387,70
159,17,503136,53
160,17,21126,71
161,17,724401,74
162,17,79246,40
163,17,502957,46
164,17,165194,46
165,17,159439,45
166,17,15883,48
167,17,3079,42
168,17,19521,40
169,17,4180,40
170,17,7599,40
171,17,378138,45
172,17,316966,54
173,17,3543,48
174,17,20456,44
175,17,13870,45
176,17,3960,44
177,17,297,45
178,17,5602,43
179,17,377,45
180,17,1005,45
181,17,9397,58
182,17,26515,56
183,17,1761,53
184,17,2241,49
185,17,2119,49
186,17,267864,45
187,17,27852,52
188,17,53578,57
189,17,241272,50
190,17,3021,44
191,17,165837,45
192,17,128691,49
193,17,219786,45
194,17,3217,48
195,17,2805,43
196,17,26931,43
197,17,818,45
198,17,481264,52
199,17,325255,85
200,17,105952,55
201,17,171269,43
202,17,9082,48
203,17,82187,53
204,17,11986,43
205,17,2372,45
206,17,29827,49
207,17,21232,62
208,17,5596,58
209,17,919737,86
210,17,11491,48
211,17,206343,54
212,17,15985,67
213,17,91318,49
214,17,8343,48
215,17,45897,53
216,17,195747,46
217,17,13246,53
218,17,325978,47
219,17,115350,54
220,17,62345,43
221,17,79602,50
222,17,131916,61
223,17,63834,42
224,17,1075,45
225,17,88737,55
226,17,623850,90
227,17,246532,48
228,17,17427,73
229,17,718,50
230,17,439271,94
231,17,34914,43
232,17,127171,67
233,17,16162,43
234,17,3106340,99
235,17,1280841,85
236,17,36133,80
237,17,4902,54
238,17,10609,74
239,17,92220,47
240,17,275468,55
241,17,25655,46
242,17,203756,55
243,17,1423,55
244,17,115320,58
245,17,1183523,60
246,17,52327,45
247,17,1081978,83
248,17,875630,81
249,17,42794,61
250,17,382906,52
251,17,2651,45
252,17,1210345,102
253,17,12994,53
254,17,1800,70
255,17,1022410,87
256,17,30621,74
257,17,934583,116
258,17,34188,65
259,17,695797,103
260,17,2355583,58
261,17,7884,48
262,17,213751,39
263,17,233980,54
264,17,359642,53
265,17,6301,49
266,17,8598,54
267,17,916027,68
268,17,12518,50
269,17,46996,44
270,17,57858,52
271,17,391322,60
272,17,93451,39
273,17,73564,49
274,17,104002,68
275,17,45291,48
276,17,55822,43
277,17,321590,51
278,17,72427,51
279,17,112307,59
280,17,196685,80
281,17,405068,77
282,17,538286,79
283,17,25810,43
284,17,464415,76
285,17,1785037,113
286,17,1334170,41
287,17,9483,44
288,17,37834,44
289,17,110767,45
290,17,324259,46
291,17,5330,42
292,17,29458,40
293,17,147251,40
294,17,10572,44
295,17,163001,57
296,17,21498,52
297,17,155,50
298,17,5750,46
299,17,72740,43
300,17,72632,49
301,17,65727,61
302,17,43858,53
303,17,48941,48
304,17,25168,45
305,17,4495,44
306,17,418830,50
307,17,451832,54
308,17,173959,48
309,17,3472,43
310,17,222937,48
311,17,110369,54
312,17,3253,42
313,17,10693,45
314,17,3948,43
315,17,5317,42
316,17,217894,51
317,17,26353,50
318,17,105511,63
319,17,6377,44
320,17,145599,44
321,17,21039,43
322,17,9774,57
323,17,4226,44
324,17,113229,60
325,17,18535,56
326,17,251842,62
327,17,89950,64
328,17,127480,50
329,17,16879,43
330,17,49854,48
331,17,14055,43
332,17,27225,48
333,17,1357,45
334,17,8974,43
335,17,14568,41
336,17,1258,44
337,17,71022,52
338,17,3987,47
339,17,499,45
340,17,30355,68
341,17,955,49
342,17,508929,61
343,17,3912,45
344,17,2505,55
345,17,21487,46
346,17,34849,49
347,17,152874,48
348,17,299115,56
349,17,14651,56
350,17,468104,46
351,17,56560,40
352,17,337718,46
353,17,600069,39
354,17,107322,45
355,17,2020,45
356,17,8647,44
357,17,66068,50
358,17,15750,50
359,17,131055,80
360,17,3329,52
361,17,5744,44
362,17,3350,44
363,17,1052,49
364,17,1069,49
365,17,11830,53
366,17,6500,44
367,17,247112,44
368,17,176,50
369,17,1899,47
370,17,31667,43
371,17,7919,74
372,17,80886,45
373,17,184555,50
374,17,557783,59
375,17,488633,55
376,17,6919,48
377,17,313567,58
378,17,17158,64
379,17,786256,67
380,17,457772,61
381,17,857431,56
382,17,423929,56
383,17,19270,43
384,17,142183,48
385,17,87077,49
386,17,4942,63
387,17,836622,93
388,17,726860,91
389,17,15943,48
390,17,192715,80
391,17,13957,48
392,17,673,54
393,17,24121,54
394,17,2270264,129
395,17,6292,74
396,17,4354,45
397,17,141243,45
398,17,8332,43
399,17,551,44
400,17,11132,43
401,17,28943,49
402,17,43103,44
403,17,117658,46
404,17,7163,48
405,17,339423,41
406,17,91268,39
407,17,303078,46
408,17,59544,50
409,17,81600,49
410,17,3421,45
411,17,171,50
412,17,2217,50
413,17,1734,53
414,17,874118,54
415,17,4420,58
416,17,31440,46
417,17,26924,63
418,17,19586,53
419,17,1173,54
420,17,191699,40
421,17,579224,44
422,17,77618,49
423,17,39964,49
424,17,64866,48
425,17,28706,47
426,17,8276,49
427,17,10019,57
428,17,1015,54
429,17,18722,43
430,17,5530,48
431,17,1959,45
432,17,28434,55
433,17,12908,45
434,17,31059,51
435,17,39305,60
436,17,29849,49
437,17,39531,56
438,17,28972,43
439,17,975,45
440,17,59190,48
441,17,7041,43
442,17,39152,48
443,17,41325,50
444,17,60952,43
445,17,6011,43
446,17,22770,44
447,17,90153,49
448,17,27514,58
449,17,57794,68
450,17,7663,53
451,17,17774,50
452,17,60671,44
453,17,35327,68
454,17,13864,74
455,17,637,55
456,17,11257,44
457,17,11197,59
458,17,9641,55
459,17,17694,45
460,17,1691,50
461,17,28771,43
462,17,13681,43
463,17,130429,50
464,17,21249,43
465,17,82162,39
466,17,2720,49
467,17,11238,43
468,17,983329,45
469,17,275108,47
470,17,189295,55
471,17,2455,48
472,17,1415221,108
473,17,7412,43
474,17,10751,44
475,17,49804,46
476,17,1753,49
477,17,68871,44
478,17,3781,50
479,17,382879,44
480,17,9468,47
481,17,1269,52
482,17,5806,47
483,17,97871,50
484,17,20188,63
485,17,2751,43
486,17,10152,44
487,17,387082,67
488,17,36549,55
489,17,1978,48
490,17,5130,54
491,17,7579,44
492,17,1382,47
493,17,2216,47
494,17,609813,40
495,17,7048,50
496,17,14712,45
497,17,245168,56
498,17,48881,41
499,17,8730,49
500,17,7622,49
501,17,1136171,66
502,17,9476,50
503,17,686,45
504,17,3299,44
505,17,90517,45
506,17,22809,40
507,17,1247,45
508,17,12434,40
509,17,488,60
510,17,2015,44
511,17,314,45
512,17,138536,55
513,17,1435,49
514,17,1422,44
515,17,5036,44
516,17,1585,44
517,17,2569,59
518,17,102001,64
519,17,1889,49
520,17,20644,60
521,17,1103,45
522,17,441,49
523,17,15800,98
524,17,591,51
525,17,2268,50
526,17,533,50
527,17,1711,55
528,17,24027,45
529,17,11447,40
530,17,1099,45
531,17,1200,45
532,17,16825,59
533,17,12104,50
534,17,1087,45
535,17,22713,46
536,17,754,45
537,17,56323,45
538,17,526,44
539,17,966,55
540,17,48262,40
541,17,1318,49
542,17,24916,57
543,17,22629,59
544,17,425,45
545,17,6922,40
546,17,635,45
547,17,8639,40
548,17,272955,50
549,17,13361,40
550,17,6003,40
551,17,296,50
552,17,378,45
553,17,432,45
554,17,8606,40
555,17,3420,40
556,17,2500,40
557,17,8840,40
558,17,374,45
559,17,264,50
560,17,1019,50
561,17,2426,40
562,17,22823,45
563,17,225,45
564,17,946,45
565,17,4436,43
566,17,3397,40
567,17,1223,50
568,17,685,45
569,17,2774,40
570,17,2370,40
571,17,102,45
572,17,689,40
573,17,415,45
574,17,2256,40
575,17,56,45
576,17,830,40
577,17,3136,45
578,17,0,40
1,18,10875,48
2,18,289847,54
3,18,35357,40
4,18,99064,60
5,18,28627,48
6,18,2141,50
7,18,530050,59
8,18,21180,50
9,18,8117,45
10,18,790269,58
11,18,33307,45
12,18,120755,54
13,18,858032,62
14,18,163560,118
15,18,32338,71
16,18,135211,93
17,18,2624,69
18,18,261175,71
19,18,81247,56
20,18,33797,44
21,18,30052,51
22,18,136496,43
23,18,454051,53
24,18,16668,54
25,18,72080,82
26,18,42900,73
27,18,6059,74
28,18,614133,104
29,18,262862,45
30,18,82539,42
31,18,141203,40
32,18,58767,44
33,18,87217,48
34,18,625637,49
35,18,22420,48
36,18,9610,43
37,18,144477,39
38,18,216614,49
39,18,22772,48
40,18,4537,48
41,18,515466,48
42,18,6968,59
43,18,3123,48
44,18,1900,50
45,18,20610,48
46,18,48403,44
47,18,16261,51
48,18,130010,58
49,18,10595,57
50,18,7254,49
51,18,75938,70
52,18,86806,76
53,18,59872,40
54,18,56642,45
55,18,141694,44
56,18,171514,46
57,18,374273,39
58,18,38257,45
59,18,6482,44
60,18,214712,39
61,18,55477,39
62,18,38562,57
63,18,84696,45
64,18,5731,44
65,18,9196,43
66,18,16118,50
67,18,1914,47
68,18,327,45
69,18,2544,47
70,18,1049505,59
71,18,164874,58
72,18,66080,48
73,18,1137,49
74,18,99079,48
75,18,357,45
76,18,150855,46
77,18,653053,47
78,18,1212867,51
79,18,324576,47
80,18,233957,40
81,18,9954,42
82,18,15877,49
83,18,982,45
84,18,21209,50
85,18,17068,54
86,18,15216,54
87,18,43090,55
88,18,6108,44
89,18,4445,51
90,18,222735,46
91,18,122153,58
92,18,111832,63
93,18,30933,52
94,18,751744,55
95,18,3646,48
96,18,5732,48
97,18,1193941,69
98,18,178730,62
99,18,117698,55
100,18,857786,69
101,18,485696,58
102,18,50879,64
103,18,113942,58
104,18,863913,109
105,18,238991,69
106,18,395098,66
107,18,545122,49
108,18,432809,46
109,18,72053,77
110,18,2096,47
111,18,681677,49
112,18,48506,43
113,18,34034,81
114,18,20011,95
115,18,54321,43
116,18,275169,41
117,18,22547,43
118,18,27245,47
119,18,12788,48
120,18,9793,42
121,18,12487,42
122,18,1008,45
123,18,15214,47
124,18,45257,51
125,18,20886,45
126,18,278481,69
127,18,158344,43
128,18,20239,43
129,18,15510,54
130,18,3209,49
131,18,47868,56
132,18,22948,46
133,18,1458,54
134,18,110579,76
135,18,364095,48
136,18,9003,43
137,18,20736,43
138,18,201197,57
139,18,13085,64
140,18,145056,47
141,18,4277,40
142,18,803,49
143,18,157388,52
144,18,82323,42
145,18,153928,44
146,18,274739,53
147,18,5676,64
148,18,49215,60
149,18,7268,74
150,18,1203,49
151,18,57188,45
152,18,10034,43
153,18,6184,54
154,18,29099,47
155,18,47692,48
156,18,23871,52
157,18,4346,51
158,18,18385,70
159,18,560901,53
160,18,21045,71
161,18,994269,75
162,18,78935,40
163,18,492735,46
164,18,166174,46
165,18,154847,45
166,18,15663,48
167,18,3006,42
168,18,19319,40
169,18,4130,40
170,18,7478,40
171,18,387657,45
172,18,305602,53
173,18,3490,48
174,18,19716,44
175,18,13490,44
176,18,3897,44
177,18,293,45
178,18,5607,43
179,18,372,45
180,18,990,45
181,18,9341,58
182,18,25912,56
183,18,1764,53
184,18,2248,49
185,18,2178,49
186,18,271644,45
187,18,30274,52
188,18,57189,57
189,18,241739,50
190,18,3034,44
191,18,169898,45
192,18,127649,49
193,18,224351,45
194,18,3187,48
195,18,2794,43
196,18,29100,43
197,18,817,45
198,18,540968,53
199,18,506844,86
200,18,110371,55
201,18,174047,43
202,18,9131,48
203,18,87097,53
204,18,12011,43
205,18,2352,45
206,18,31646,49
207,18,21208,62
208,18,5504,58
209,18,1012181,87
210,18,11470,48
211,18,337317,55
212,18,15921,67
213,18,88314,49
214,18,8491,48
215,18,48098,53
216,18,157417,46
217,18,13190,53
218,18,306174,47
219,18,108482,54
220,18,76721,43
221,18,52988,49
222,18,128350,61
223,18,66496,42
224,18,1074,45
225,18,86368,54
226,18,600811,90
227,18,229410,48
228,18,17368,73
229,18,717,50
230,18,428272,94
231,18,33782,43
232,18,125804,67
233,18,16022,43
234,18,3166441,100
235,18,1262285,86
236,18,35222,80
237,18,4915,54
238,18,10584,74
239,18,93947,47
240,18,272577,55
241,18,25510,46
242,18,194158,55
243,18,1421,55
244,18,110988,58
245,18,1289203,61
246,18,53954,45
247,18,1103416,84
248,18,1152503,83
249,18,42804,61
250,18,361851,52
251,18,2639,45
252,18,1250966,102
253,18,12725,53
254,18,1799,70
255,18,864850,86
256,18,30550,74
257,18,904472,116
258,18,33891,65
259,18,624970,103
260,18,2426184,59
261,18,7897,48
262,18,223175,39
263,18,253206,54
264,18,469606,54
265,18,9679,49
266,18,6769,54
267,18,967833,68
268,18,12477,50
269,18,44862,44
270,18,57067,52
271,18,372378,60
272,18,92574,39
273,18,68999,49
274,18,104570,68
275,18,42673,48
276,18,54528,43
277,18,318770,51
278,18,71737,51
279,18,131153,59
280,18,196333,80
281,18,388331,77
282,18,520095,79
283,18,25579,43
284,18,456589,76
285,18,1827492,113
286,18,1304125,41
287,18,9491,44
288,18,35684,44
289,18,104569,45
290,18,313058,46
291,18,5233,42
292,18,28723,40
293,18,140406,40
294,18,10071,44
295,18,150816,56
296,18,19508,52
297,18,156,50
298,18,5673,46
299,18,70956,43
300,18,69448,49
301,18,64022,61
302,18,41238,52
303,18,47238,47
304,18,25489,45
305,18,4456,44
306,18,392575,50
307,18,440273,54
308,18,172211,48
309,18,3441,43
310,18,213178,48
311,18,106348,54
312,18,3242,42
313,18,10462,45
314,18,3892,43
315,18,5261,42
316,18,204002,51
317,18,25880,50
318,18,102478,63
319,18,6279,44
320,18,141247,44
321,18,20740,43
322,18,9371,57
323,18,4172,44
324,18,110307,60
325,18,18249,56
326,18,244614,62
327,18,85190,64
328,18,126837,50
329,18,16246,43
330,18,51880,48
331,18,14278,43
332,18,27039,48
333,18,1340,45
334,18,10983,43
335,18,14032,41
336,18,1243,44
337,18,70218,51
338,18,3969,47
339,18,494,45
340,18,37862,68
341,18,959,49
342,18,555043,62
343,18,3860,45
344,18,2491,55
345,18,21429,46
346,18,34302,49
347,18,154869,48
348,18,296639,56
349,18,14474,56
350,18,463145,46
351,18,56294,40
352,18,334839,46
353,18,590766,39
354,18,103536,45
355,18,2001,45
356,18,8523,44
357,18,64587,50
358,18,15645,50
359,18,135325,80
360,18,3257,52
361,18,5682,44
362,18,3313,44
363,18,1070,49
364,18,1066,49
365,18,11493,53
366,18,6429,44
367,18,236414,44
368,18,176,50
369,18,1888,47
370,18,31565,43
371,18,7715,74
372,18,81359,45
373,18,177300,50
374,18,503593,58
375,18,476836,55
376,18,6866,48
377,18,304056,58
378,18,17334,64
379,18,752760,66
380,18,441394,60
381,18,792456,55
382,18,368836,55
383,18,18385,43
384,18,138294,48
385,18,86045,49
386,18,4960,63
387,18,806222,93
388,18,686351,91
389,18,15806,48
390,18,204530,80
391,18,14506,48
392,18,675,54
393,18,23640,54
394,18,2184586,129
395,18,6274,74
396,18,4304,45
397,18,145347,45
398,18,8140,43
399,18,554,44
400,18,11285,43
401,18,30215,49
402,18,41200,44
403,18,147382,46
404,18,15177,48
405,18,351700,41
406,18,92694,39
407,18,245005,46
408,18,45225,50
409,18,79738,49
410,18,3370,45
411,18,169,50
412,18,2203,50
413,18,1761,53
414,18,874133,54
415,18,4348,58
416,18,26409,46
417,18,28993,63
418,18,19143,53
419,18,1174,54
420,18,193621,40
421,18,570814,44
422,18,76633,49
423,18,39888,49
424,18,62354,48
425,18,27796,47
426,18,8127,49
427,18,9888,56
428,18,999,54
429,18,19918,43
430,18,5475,48
431,18,1934,45
432,18,26148,55
433,18,12212,45
434,18,30490,51
435,18,35762,60
436,18,29761,49
437,18,36363,55
438,18,44119,43
439,18,966,45
440,18,57008,48
441,18,6987,43
442,18,38044,48
443,18,49941,50
444,18,110675,43
445,18,5897,43
446,18,38660,44
447,18,95721,49
448,18,27272,58
449,18,56828,68
450,18,7830,53
451,18,15763,50
452,18,60894,44
453,18,37802,68
454,18,15155,74
455,18,637,55
456,18,10819,44
457,18,10778,58
458,18,9551,55
459,18,17499,45
460,18,1681,50
461,18,27410,43
462,18,12913,43
463,18,144431,50
464,18,26744,43
465,18,83090,39
466,18,2696,49
467,18,11706,43
468,18,988473,45
469,18,333835,47
470,18,221178,56
471,18,2450,48
472,18,1230547,107
473,18,7343,43
474,18,10572,44
475,18,50395,46
476,18,1747,49
477,18,65441,44
478,18,3693,50
479,18,368847,44
480,18,9529,47
481,18,1260,52
482,18,5742,47
483,18,98051,50
484,18,20121,63
485,18,2713,43
486,18,9997,44
487,18,386814,67
488,18,32502,55
489,18,1988,48
490,18,5084,53
491,18,7457,44
492,18,1373,47
493,18,2222,47
494,18,585266,40
495,18,6844,50
496,18,14221,45
497,18,230333,55
498,18,48222,41
499,18,8705,49
500,18,7402,49
501,18,1097511,66
502,18,10368,50
503,18,675,45
504,18,3292,44
505,18,88761,45
506,18,22811,40
507,18,1233,45
508,18,12232,40
509,18,483,60
510,18,2035,44
511,18,314,45
512,18,132263,55
513,18,1389,49
514,18,1457,44
515,18,4924,44
516,18,1586,44
517,18,2464,59
518,18,96337,64
519,18,1805,48
520,18,18876,60
521,18,1154,45
522,18,434,49
523,18,13157,98
524,18,582,50
525,18,2124,50
526,18,536,50
527,18,1869,55
528,18,23595,45
529,18,11491,40
530,18,1115,45
531,18,1248,45
532,18,19415,59
533,18,11659,50
534,18,1077,45
535,18,21278,45
536,18,753,45
537,18,42705,44
538,18,541,44
539,18,977,55
540,18,48258,40
541,18,1331,49
542,18,27706,57
543,18,19536,59
544,18,429,45
545,18,6963,40
546,18,725,45
547,18,8838,40
548,18,242663,49
549,18,13421,40
550,18,5968,40
551,18,302,50
552,18,386,45
553,18,441,45
554,18,8850,40
555,18,3574,40
556,18,2564,40
557,18,8932,40
558,18,387,45
559,18,275,50
560,18,1036,50
561,18,2484,40
562,18,22696,45
563,18,221,45
564,18,1039,45
565,18,4335,43
566,18,3581,40
567,18,1407,50
568,18,698,45
569,18,2891,40
570,18,2612,40
571,18,118,45
572,18,809,40
573,18,554,45
574,18,2958,40
575,18,94,45
576,18,1701,40
577,18,5624,45
578,18,232,40
579,18,0,45
580,18,0,45
1,19,10927,48
2,19,286269,54
3,19,35157,40
4,19,116249,60
5,19,28119,48
6,19,2208,50
7,19,539873,59
8,19,23406,50
9,19,8112,45
10,19,810710,58
11,19,32884,45
12,19,114884,54
13,19,733105,61
14,19,148002,118
15,19,32212,71
16,19,141913,93
17,19,2668,69
18,19,185163,70
19,19,84313,56
20,19,33201,44
21,19,29821,51
22,19,142196,42
23,19,436550,53
24,19,19781,54
25,19,65221,82
26,19,43166,73
27,19,6053,74
28,19,568819,104
29,19,256153,45
30,19,81055,42
31,19,138924,40
32,19,55908,44
33,19,80009,48
34,19,516589,49
35,19,22027,48
36,19,9488,43
37,19,143262,39
38,19,208328,49
39,19,21837,48
40,19,4439,48
41,19,497459,48
42,19,6935,59
43,19,3099,48
44,19,1935,50
45,19,19837,48
46,19,49467,43
47,19,15913,51
48,19,94643,57
49,19,10466,57
50,19,7273,49
51,19,68511,70
52,19,84783,76
53,19,59554,40
54,19,67641,45
55,19,160007,44
56,19,135543,46
57,19,369630,39
58,19,50896,45
59,19,6959,44
60,19,216538,39
61,19,56265,39
62,19,37225,56
63,19,83086,45
64,19,5683,44
65,19,9461,43
66,19,15367,50
67,19,2003,47
68,19,325,45
69,19,2517,47
70,19,998649,59
71,19,160846,58
72,19,64954,48
73,19,1195,49
74,19,96638,48
75,19,354,45
76,19,145891,46
77,19,724698,47
78,19,996947,50
79,19,298829,48
80,19,240689,40
81,19,11334,42
82,19,15548,49
83,19,978,44
84,19,20934,50
85,19,17072,54
86,19,14513,54
87,19,37322,54
88,19,6604,43
89,19,4352,51
90,19,218175,46
91,19,119082,57
92,19,109517,63
93,19,29407,52
94,19,743214,55
95,19,3635,48
96,19,5719,48
97,19,1197885,69
98,19,180056,62
99,19,109997,54
100,19,998307,70
101,19,472570,58
102,19,55490,64
103,19,107265,58
104,19,810165,109
105,19,218003,69
106,19,414474,67
107,19,531850,48
108,19,461587,46
109,19,71131,77
110,19,2121,47
111,19,682098,49
112,19,46250,43
113,19,33504,81
114,19,19959,95
115,19,52576,43
116,19,287540,41
117,19,27326,43
118,19,35710,47
119,19,11497,48
120,19,14205,42
121,19,11943,42
122,19,1079,45
123,19,24808,47
124,19,44865,51
125,19,20097,45
126,19,358356,69
127,19,172358,43
128,19,19795,43
129,19,15991,54
130,19,5777,49
131,19,54788,56
132,19,22836,46
133,19,1477,54
134,19,107972,76
135,19,363423,48
136,19,8895,43
137,19,20503,43
138,19,193484,57
139,19,13191,64
140,19,141604,47
141,19,4210,40
142,19,807,49
143,19,160580,52
144,19,96223,42
145,19,171732,44
146,19,270627,53
147,19,5776,64
148,19,48775,60
149,19,7375,74
150,19,1194,49
151,19,57289,45
152,19,9862,43
153,19,6145,54
154,19,28870,47
155,19,47115,48
156,19,23424,52
157,19,4255,51
158,19,18314,70
159,19,649985,54
160,19,21006,71
161,19,1190436,76
162,19,78559,40
163,19,484948,46
164,19,173940,46
165,19,141260,45
166,19,15488,48
167,19,2936,42
168,19,19154,40
169,19,4082,40
170,19,7305,40
171,19,422440,45
172,19,407144,54
173,19,3510,48
174,19,17222,44
175,19,13010,44
176,19,3908,43
177,19,288,45
178,19,5506,43
179,19,365,45
180,19,973,45
181,19,8565,58
182,19,25327,55
183,19,1770,53
184,19,2264,49
185,19,2252,49
186,19,303198,46
187,19,133233,53
188,19,56783,57
189,19,233850,50
190,19,3054,44
191,19,163607,45
192,19,120463,49
193,19,208363,45
194,19,3162,48
195,19,2802,43
196,19,29083,43
197,19,839,45
198,19,508714,53
199,19,404991,86
200,19,104531,55
201,19,166972,43
202,19,8946,48
203,19,78630,53
204,19,11885,43
205,19,2329,45
206,19,27642,49
207,19,21124,62
208,19,5390,58
209,19,885009,86
210,19,11600,48
211,19,324433,55
212,19,15899,67
213,19,87404,49
214,19,8502,48
215,19,63301,53
216,19,128162,45
217,19,13086,53
218,19,329855,47
219,19,102863,54
220,19,91810,43
221,19,39639,48
222,19,125488,61
223,19,63589,42
224,19,1071,45
225,19,84555,54
226,19,639466,90
227,19,220068,48
228,19,17708,73
229,19,718,50
230,19,401582,93
231,19,32281,43
232,19,124026,67
233,19,15647,43
234,19,3223204,100
235,19,1404913,87
236,19,34495,79
237,19,5007,54
238,19,10556,74
239,19,95081,47
240,19,285238,55
241,19,25435,46
242,19,186257,55
243,19,1421,55
244,19,108179,58
245,19,1490316,62
246,19,53505,45
247,19,1518855,86
248,19,853543,82
249,19,42709,61
250,19,349883,51
251,19,2626,45
252,19,1480571,103
253,19,34988,53
254,19,1785,70
255,19,936221,86
256,19,30943,74
257,19,941575,115
258,19,33615,65
259,19,586423,102
260,19,2459071,59
261,19,7931,47
262,19,240915,39
263,19,267338,55
264,19,564305,55
265,19,9688,49
266,19,7291,54
267,19,817342,69
268,19,12522,50
269,19,42608,44
270,19,56305,52
271,19,355768,60
272,19,92288,39
273,19,63738,49
274,19,104762,68
275,19,39654,47
276,19,52765,43
277,19,299954,51
278,19,70959,51
279,19,222660,60
280,19,167335,80
281,19,371304,76
282,19,668018,79
283,19,24954,43
284,19,480930,76
285,19,1896560,113
286,19,1295901,41
287,19,9166,44
288,19,34476,44
289,19,98807,45
290,19,306685,46
291,19,5255,42
292,19,27734,40
293,19,130412,40
294,19,9850,44
295,19,140014,56
296,19,18103,52
297,19,155,50
298,19,5553,46
299,19,68085,43
300,19,65335,48
301,19,62443,61
302,19,40728,52
303,19,44279,47
304,19,26205,45
305,19,4441,44
306,19,390413,50
307,19,407125,54
308,19,198400,48
309,19,3473,43
310,19,191487,48
311,19,108425,54
312,19,3402,42
313,19,10809,45
314,19,3867,43
315,19,5191,42
316,19,190027,50
317,19,25471,50
318,19,100096,63
319,19,6167,44
320,19,136496,44
321,19,20482,43
322,19,9202,57
323,19,4249,43
324,19,108073,60
325,19,18296,56
326,19,315540,62
327,19,83719,64
328,19,126542,50
329,19,15702,43
330,19,55291,48
331,19,15021,43
332,19,23810,48
333,19,1326,45
334,19,18324,43
335,19,13588,41
336,19,1260,44
337,19,68811,51
338,19,3926,47
339,19,489,45
340,19,70695,68
341,19,967,48
342,19,533122,62
343,19,3809,45
344,19,2479,55
345,19,21391,45
346,19,33391,49
347,19,164949,48
348,19,301781,56
349,19,14353,56
350,19,473152,46
351,19,56048,40
352,19,349464,46
353,19,581744,39
354,19,100676,45
355,19,1957,45
356,19,8321,44
357,19,66131,50
358,19,16140,50
359,19,133102,80
360,19,3266,52
361,19,5520,44
362,19,3408,44
363,19,1006,49
364,19,1055,49
365,19,11301,52
366,19,6324,44
367,19,229672,43
368,19,176,50
369,19,1872,47
370,19,30859,43
371,19,7749,74
372,19,86587,45
373,19,174695,50
374,19,477760,58
375,19,473806,55
376,19,6807,48
377,19,294224,58
378,19,19244,64
379,19,762074,66
380,19,444713,60
381,19,773185,55
382,19,352938,55
383,19,18272,42
384,19,135149,47
385,19,85195,49
386,19,4911,63
387,19,818189,93
388,19,648962,90
389,19,15613,48
390,19,221204,80
391,19,14539,48
392,19,683,54
393,19,22768,54
394,19,2154344,128
395,19,6252,74
396,19,4256,45
397,19,141161,45
398,19,7948,43
399,19,547,44
400,19,11326,43
401,19,29884,49
402,19,39340,44
403,19,142813,46
404,19,14956,48
405,19,350610,41
406,19,95553,39
407,19,191675,45
408,19,42590,50
409,19,77901,49
410,19,3297,45
411,19,166,50
412,19,2186,50
413,19,1782,53
414,19,670385,54
415,19,4307,58
416,19,22320,46
417,19,21756,63
418,19,19324,53
419,19,1193,54
420,19,195978,40
421,19,564399,44
422,19,76183,49
423,19,44743,49
424,19,59690,48
425,19,26932,46
426,19,8047,49
427,19,9731,56
428,19,974,54
429,19,20194,43
430,19,5469,48
431,19,1894,45
432,19,24163,55
433,19,11517,45
434,19,29890,51
435,19,36961,60
436,19,29881,49
437,19,35151,55
438,19,73287,43
439,19,954,45
440,19,54701,48
441,19,8414,43
442,19,40736,48
443,19,141239,50
444,19,265126,44
445,19,5775,43
446,19,91653,44
447,19,114974,49
448,19,26943,58
449,19,56011,68
450,19,7703,53
451,19,14249,50
452,19,61517,44
453,19,53178,68
454,19,16299,74
455,19,635,55
456,19,10381,44
457,19,10831,58
458,19,15608,55
459,19,17339,45
460,19,1693,50
461,19,26313,43
462,19,12501,43
463,19,146168,50
464,19,30084,43
465,19,84042,39
466,19,2673,49
467,19,11803,43
468,19,1018114,45
469,19,357176,48
470,19,277670,56
471,19,2420,48
472,19,949372,107
473,19,7231,43
474,19,10327,44
475,19,64277,46
476,19,1736,49
477,19,63063,44
478,19,3630,50
479,19,357313,44
480,19,9665,47
481,19,1250,52
482,19,5693,47
483,19,98208,50
484,19,19981,63
485,19,2690,43
486,19,9743,44
487,19,391662,67
488,19,31496,55
489,19,1976,48
490,19,5268,53
491,19,7267,44
492,19,1399,47
493,19,2212,47
494,19,602661,39
495,19,6735,50
496,19,13641,45
497,19,196255,54
498,19,47822,41
499,19,8747,49
500,19,7256,49
501,19,1081132,66
502,19,15816,50
503,19,669,45
504,19,3411,43
505,19,88872,45
506,19,22875,40
507,19,1221,45
508,19,11998,40
509,19,485,60
510,19,2118,44
511,19,312,45
512,19,126399,55
513,19,1353,49
514,19,1507,44
515,19,4766,44
516,19,1559,44
517,19,2337,59
518,19,88937,64
519,19,1730,48
520,19,19823,60
521,19,1201,45
522,19,420,49
523,19,12763,97
524,19,666,50
525,19,2528,50
526,19,540,50
527,19,1911,55
528,19,23478,45
529,19,11623,40
530,19,1144,45
531,19,1255,45
532,19,20902,59
533,19,11180,50
534,19,1094,45
535,19,19847,45
536,19,767,45
537,19,35080,44
538,19,560,44
539,19,957,55
540,19,48527,40
541,19,1375,49
542,19,20239,57
543,19,16778,59
544,19,442,45
545,19,7059,40
546,19,1143,45
547,19,9107,40
548,19,210822,48
549,19,13577,40
550,19,5981,40
551,19,307,50
552,19,378,45
553,19,447,45
554,19,9263,40
555,19,3837,40
556,19,2730,40
557,19,9061,40
558,19,401,45
559,19,297,50
560,19,1137,50
561,19,2702,40
562,19,23921,45
563,19,226,45
564,19,1191,45
565,19,4265,43
566,19,3844,40
567,19,1741,50
568,19,675,45
569,19,3041,40
570,19,3181,40
571,19,129,45
572,19,1025,40
573,19,589,45
574,19,3942,40
575,19,119,45
576,19,2942,40
577,19,10541,45
578,19,769,40
579,19,42,45
580,19,175,45
581,19,0,45
582,19,0,40
583,19,0,45
584,19,0,45
585,19,0,45
1,20,10945,48
2,20,286234,54
3,20,35028,40
4,20,129811,60
5,20,27856,48
6,20,2249,50
7,20,599129,59
8,20,23607,50
9,20,8096,45
10,20,653211,58
11,20,32598,45
12,20,121288,54
13,20,646509,60
14,20,144386,118
15,20,32241,71
16,20,154765,93
17,20,2690,69
18,20,165538,70
19,20,84531,56
20,20,33033,44
21,20,30745,51
22,20,144511,42
23,20,450847,53
24,20,22512,54
25,20,61444,82
26,20,43915,73
27,20,6064,74
28,20,535815,104
29,20,254837,45
30,20,80008,42
31,20,137329,40
32,20,51722,44
33,20,76618,47
34,20,459526,48
35,20,21997,48
36,20,9371,43
37,20,142428,39
38,20,207553,49
39,20,20990,48
40,20,4511,47
41,20,496577,48
42,20,6669,59
43,20,3110,48
44,20,1959,50
45,20,19643,48
46,20,49715,43
47,20,15903,51
48,20,95321,57
49,20,10484,57
50,20,7357,49
51,20,64485,70
52,20,81167,76
53,20,59305,40
54,20,70751,45
55,20,166368,45
56,20,139729,46
57,20,365821,39
58,20,59776,45
59,20,6733,44
60,20,214293,39
61,20,73706,39
62,20,35854,56
63,20,81111,45
64,20,5679,44
65,20,9247,43
66,20,14898,50
67,20,1973,47
68,20,325,45
69,20,2498,47
70,20,1014824,59
71,20,133539,58
72,20,66956,48
73,20,1223,49
74,20,94885,48
75,20,352,45
76,20,138545,45
77,20,760680,48
78,20,836202,49
79,20,227302,48
80,20,254509,40
81,20,11887,42
82,20,14899,49
83,20,978,44
84,20,19761,50
85,20,16872,54
86,20,13815,54
87,20,34579,54
88,20,6648,43
89,20,4328,51
90,20,212447,46
91,20,117121,57
92,20,104801,63
93,20,28435,52
94,20,751807,55
95,20,3627,48
96,20,5702,48
97,20,1220796,69
98,20,174998,62
99,20,109685,54
100,20,1091273,71
101,20,464932,58
102,20,60896,64
103,20,111364,58
104,20,749342,109
105,20,206985,68
106,20,413176,67
107,20,522010,48
108,20,481522,46
109,20,69985,77
110,20,2142,47
111,20,680388,49
112,20,44909,43
113,20,32500,81
114,20,19924,95
115,20,50927,43
116,20,289606,41
117,20,27514,43
118,20,34642,47
119,20,10817,48
120,20,14955,42
121,20,11621,42
122,20,1112,45
123,20,24210,47
124,20,44490,51
125,20,19698,45
126,20,336057,69
127,20,171511,43
128,20,19512,43
129,20,15729,54
130,20,5217,49
131,20,52926,56
132,20,26329,46
133,20,1498,54
134,20,112138,76
135,20,396274,48
136,20,8852,43
137,20,20334,43
138,20,188976,57
139,20,13236,64
140,20,151200,47
141,20,4172,40
142,20,811,49
143,20,166368,52
144,20,99900,42
145,20,279885,45
146,20,273753,53
147,20,6054,64
148,20,48456,60
149,20,7409,74
150,20,1192,49
151,20,56813,45
152,20,9748,43
153,20,6168,54
154,20,29057,47
155,20,45267,48
156,20,23338,52
157,20,4171,51
158,20,18229,70
159,20,747987,55
160,20,21266,71
161,20,1032049,76
162,20,78258,40
163,20,484325,46
164,20,188113,46
165,20,137990,45
166,20,16012,48
167,20,2894,42
168,20,18999,40
169,20,4398,39
170,20,7187,40
171,20,467189,46
172,20,420047,54
173,20,3506,48
174,20,16804,44
175,20,12718,44
176,20,3947,43
177,20,284,45
178,20,5434,43
179,20,362,45
180,20,956,45
181,20,8206,58
182,20,25006,55
183,20,1765,53
184,20,2271,49
185,20,2317,49
186,20,305657,46
187,20,331342,54
188,20,56413,57
189,20,231829,50
190,20,3082,44
191,20,168331,45
192,20,119531,49
193,20,186692,45
194,20,3159,48
195,20,2831,43
196,20,29692,43
197,20,843,45
198,20,579667,53
199,20,399844,85
200,20,105920,55
201,20,175979,42
202,20,8844,48
203,20,76527,53
204,20,11466,43
205,20,2311,45
206,20,27102,49
207,20,21105,62
208,20,5381,58
209,20,899771,86
210,20,11686,48
211,20,315453,55
212,20,15994,66
213,20,87442,49
214,20,8541,48
215,20,75113,53
216,20,107333,45
217,20,13020,53
218,20,386179,47
219,20,100296,54
220,20,114568,43
221,20,33881,48
222,20,125130,61
223,20,66632,42
224,20,1065,45
225,20,76987,54
226,20,716482,91
227,20,227345,48
228,20,17829,73
229,20,719,50
230,20,384470,93
231,20,33346,42
232,20,122374,67
233,20,15353,43
234,20,3292586,101
235,20,1641101,88
236,20,34142,79
237,20,5037,54
238,20,10533,74
239,20,94866,47
240,20,292112,55
241,20,25400,46
242,20,182188,55
243,20,1421,55
244,20,112019,58
245,20,1625881,63
246,20,54112,45
247,20,1691522,87
248,20,875008,82
249,20,42604,61
250,20,355397,51
251,20,2610,45
252,20,1451675,103
253,20,31621,53
254,20,1782,70
255,20,862887,86
256,20,31276,74
257,20,996718,115
258,20,33541,65
259,20,505397,101
260,20,2472520,59
261,20,8002,47
262,20,256584,39
263,20,208858,55
264,20,652043,55
265,20,9837,49
266,20,8307,54
267,20,682293,69
268,20,12159,50
269,20,41264,44
270,20,55954,52
271,20,347677,60
272,20,92620,39
273,20,68629,49
274,20,129677,68
275,20,37959,47
276,20,52118,42
277,20,281985,51
278,20,70403,50
279,20,284432,60
280,20,158227,80
281,20,362867,76
282,20,699730,79
283,20,24569,43
284,20,471742,76
285,20,1786822,114
286,20,1304510,41
287,20,8912,44
288,20,33522,44
289,20,96104,44
290,20,298568,46
291,20,5262,42
292,20,27139,40
293,20,124595,40
294,20,9392,44
295,20,131941,56
296,20,17755,52
297,20,155,50
298,20,5699,46
299,20,66379,43
300,20,74212,48
301,20,61030,61
302,20,39729,52
303,20,42789,47
304,20,26957,45
305,20,4415,44
306,20,374876,49
307,20,351850,54
308,20,195421,48
309,20,3488,43
310,20,175751,48
311,20,102272,54
312,20,3329,42
313,20,10613,45
314,20,3852,43
315,20,5143,42
316,20,178971,50
317,20,25061,50
318,20,95846,63
319,20,6086,44
320,20,131467,44
321,20,20116,43
322,20,8820,57
323,20,4391,43
324,20,105312,60
325,20,18401,56
326,20,171442,62
327,20,83299,64
328,20,125827,50
329,20,15369,42
330,20,54731,48
331,20,15125,43
332,20,21440,47
333,20,1315,45
334,20,20988,43
335,20,13274,41
336,20,1269,44
337,20,77059,51
338,20,3845,47
339,20,488,45
340,20,99488,68
341,20,980,48
342,20,496233,62
343,20,3779,45
344,20,2469,55
345,20,22891,45
346,20,32534,49
347,20,186698,48
348,20,269199,56
349,20,14264,56
350,20,468837,46
351,20,55879,40
352,20,313364,46
353,20,578282,39
354,20,98063,45
355,20,1932,45
356,20,8012,44
357,20,64752,50
358,20,15868,50
359,20,132411,80
360,20,3240,52
361,20,5348,44
362,20,3357,44
363,20,931,49
364,20,1044,49
365,20,10829,52
366,20,6321,44
367,20,244917,43
368,20,173,50
369,20,1859,47
370,20,29226,43
371,20,7956,74
372,20,96241,45
373,20,186170,50
374,20,437213,57
375,20,473772,55
376,20,6785,48
377,20,288515,58
378,20,19411,64
379,20,766201,66
380,20,458053,60
381,20,822529,55
382,20,331392,54
383,20,18766,42
384,20,134559,47
385,20,84457,49
386,20,4910,63
387,20,802361,93
388,20,639764,90
389,20,15516,48
390,20,213206,80
391,20,12843,48
392,20,686,54
393,20,22990,54
394,20,2282382,129
395,20,6239,74
396,20,4224,45
397,20,137194,45
398,20,7795,43
399,20,543,44
400,20,11545,43
401,20,29260,49
402,20,38125,43
403,20,136240,46
404,20,14558,48
405,20,341259,41
406,20,97549,39
407,20,166343,45
408,20,41015,50
409,20,76476,49
410,20,3261,45
411,20,167,50
412,20,2174,50
413,20,1777,53
414,20,666324,53
415,20,4297,58
416,20,20740,46
417,20,20077,63
418,20,19327,53
419,20,1212,54
420,20,197210,40
421,20,555501,44
422,20,75107,49
423,20,45670,49
424,20,58880,48
425,20,26330,46
426,20,7901,49
427,20,9596,56
428,20,952,54
429,20,19602,43
430,20,5416,48
431,20,1866,45
432,20,23137,55
433,20,11040,45
434,20,29643,51
435,20,44556,60
436,20,30105,49
437,20,33586,55
438,20,80709,43
439,20,949,45
440,20,53163,48
441,20,8306,43
442,20,40933,48
443,20,144192,51
444,20,297718,44
445,20,5694,43
446,20,99076,45
447,20,119064,49
448,20,26730,58
449,20,55838,68
450,20,7396,53
451,20,14103,50
452,20,61385,44
453,20,58406,68
454,20,15329,74
455,20,636,55
456,20,10097,44
457,20,12815,58
458,20,14121,55
459,20,17422,45
460,20,1688,50
461,20,28652,43
462,20,12593,43
463,20,145287,50
464,20,54311,43
465,20,84998,39
466,20,2648,49
467,20,11436,43
468,20,1014742,45
469,20,359643,48
470,20,372682,57
471,20,2388,48
472,20,950828,106
473,20,7164,42
474,20,10175,44
475,20,96285,46
476,20,1731,49
477,20,61059,44
478,20,3578,50
479,20,348705,44
480,20,9698,47
481,20,1211,52
482,20,5661,47
483,20,103729,50
484,20,19895,63
485,20,2671,43
486,20,9651,44
487,20,385485,67
488,20,31587,55
489,20,1983,48
490,20,5057,53
491,20,7132,44
492,20,1353,47
493,20,2214,47
494,20,622534,39
495,20,6216,50
496,20,12920,45
497,20,223340,54
498,20,47544,41
499,20,8785,49
500,20,7119,49
501,20,1013150,65
502,20,13753,50
503,20,670,45
504,20,3552,43
505,20,89564,45
506,20,22889,40
507,20,1208,45
508,20,11868,40
509,20,481,60
510,20,2131,44
511,20,312,45
512,20,123227,55
513,20,1341,49
514,20,1537,44
515,20,4686,44
516,20,2325,44
517,20,2207,59
518,20,70710,64
519,20,1692,48
520,20,22663,60
521,20,1262,45
522,20,422,49
523,20,12275,97
524,20,659,50
525,20,2660,50
526,20,535,50
527,20,1877,55
528,20,23448,45
529,20,11702,40
530,20,1142,45
531,20,1276,45
532,20,27690,59
533,20,10709,49
534,20,1099,45
535,20,18848,45
536,20,771,45
537,20,34557,44
538,20,560,44
539,20,933,54
540,20,48669,40
541,20,1413,49
542,20,14636,57
543,20,15329,59
544,20,445,45
545,20,7108,40
546,20,1655,45
547,20,9257,40
548,20,189865,47
549,20,13629,40
550,20,6045,40
551,20,321,50
552,20,377,45
553,20,446,45
554,20,9555,40
555,20,3967,40
556,20,3914,40
557,20,9185,40
558,20,416,45
559,20,307,50
560,20,1147,50
561,20,2893,40
562,20,24790,45
563,20,244,45
564,20,1275,45
565,20,4243,43
566,20,3979,40
567,20,1926,50
568,20,663,45
569,20,3131,40
570,20,4172,40
571,20,130,44
572,20,1196,40
573,20,593,45
574,20,4440,40
575,20,123,45
576,20,3216,40
577,20,12737,45
578,20,1128,40
579,20,55,45
580,20,216,45
581,20,3042,45
582,20,607,40
583,20,13,45
584,20,15,45
585,20,26,45
586,20,0,40
1,21,10933,48
2,21,284610,54
3,21,34793,40
4,21,135089,60
5,21,27695,48
6,21,2291,50
7,21,640852,60
8,21,25458,50
9,21,8096,45
10,21,446501,57
11,21,32261,45
12,21,176384,54
13,21,629074,60
14,21,158685,118
15,21,32230,71
16,21,161422,93
17,21,2717,69
18,21,149187,70
19,21,88500,56
20,21,32810,44
21,21,29893,51
22,21,145952,42
23,21,428539,53
24,21,33307,54
25,21,59043,82
26,21,43741,73
27,21,6045,74
28,21,527612,103
29,21,248702,45
30,21,78294,42
31,21,134657,40
32,21,50699,43
33,21,72559,47
34,21,395470,48
35,21,21665,48
36,21,9185,43
37,21,140991,39
38,21,230538,49
39,21,20022,48
40,21,4595,47
41,21,400118,48
42,21,6391,59
43,21,5792,48
44,21,1987,50
45,21,19389,48
46,21,49840,43
47,21,15794,51
48,21,109623,57
49,21,10407,57
50,21,7370,49
51,21,67147,70
52,21,78432,76
53,21,59087,40
54,21,81857,45
55,21,177943,45
56,21,159144,46
57,21,360416,39
58,21,65883,45
59,21,6679,44
60,21,210999,39
61,21,88012,39
62,21,34332,56
63,21,78496,45
64,21,5735,44
65,21,8949,43
66,21,14369,49
67,21,1953,47
68,21,327,45
69,21,2492,47
70,21,1012714,59
71,21,121010,57
72,21,72116,48
73,21,1288,49
74,21,92225,47
75,21,347,45
76,21,133476,45
77,21,867373,49
78,21,693186,48
79,21,190178,47
80,21,325051,40
81,21,13772,42
82,21,21999,49
83,21,1032,44
84,21,20186,50
85,21,20685,54
86,21,13283,54
87,21,31796,54
88,21,6685,43
89,21,4341,51
90,21,209123,46
91,21,115301,57
92,21,99296,63
93,21,46838,52
94,21,774884,55
95,21,3639,48
96,21,5662,48
97,21,1316110,70
98,21,177509,62
99,21,106094,54
100,21,1273082,72
101,21,455789,57
102,21,74988,64
103,21,140284,58
104,21,671354,108
105,21,206993,68
106,21,382654,67
107,21,509269,48
108,21,477794,46
109,21,67275,77
110,21,2144,47
111,21,677062,49
112,21,42819,43
113,21,31801,81
114,21,19816,95
115,21,49226,43
116,21,300206,41
117,21,29398,43
118,21,33397,47
119,21,10186,47
120,21,15239,42
121,21,11166,42
122,21,1138,45
123,21,22930,47
124,21,43876,51
125,21,19116,45
126,21,314937,69
127,21,166953,43
128,21,18938,43
129,21,14771,54
130,21,4715,49
131,21,56230,56
132,21,27933,46
133,21,1526,54
134,21,112476,76
135,21,453928,49
136,21,8785,43
137,21,20072,43
138,21,181818,57
139,21,13257,64
140,21,147448,47
141,21,4129,40
142,21,811,49
143,21,189439,52
144,21,122735,43
145,21,400132,46
146,21,282773,53
147,21,6842,64
148,21,47970,60
149,21,7446,73
150,21,1183,49
151,21,55826,45
152,21,9643,43
153,21,5990,54
154,21,29490,47
155,21,43157,48
156,21,23204,52
157,21,4074,51
158,21,18090,70
159,21,813149,55
160,21,21228,71
161,21,972153,75
162,21,77799,40
163,21,477737,46
164,21,189636,46
165,21,135113,45
166,21,16105,48
167,21,2823,42
168,21,18528,40
169,21,4869,39
170,21,7025,40
171,21,471405,46
172,21,408596,54
173,21,3503,48
174,21,16396,44
175,21,12344,44
176,21,3912,43
177,21,281,45
178,21,5321,43
179,21,357,45
180,21,941,45
181,21,7893,58
182,21,27127,55
183,21,1779,53
184,21,2251,49
185,21,2420,49
186,21,330428,46
187,21,378281,54
188,21,56674,57
189,21,223392,50
190,21,3104,44
191,21,163768,45
192,21,114331,48
193,21,145055,44
194,21,3128,48
195,21,2841,43
196,21,29514,43
197,21,3320,45
198,21,590847,53
199,21,419035,85
200,21,109355,55
201,21,188639,42
202,21,8757,48
203,21,67097,53
204,21,11875,43
205,21,2295,45
206,21,25981,49
207,21,21007,62
208,21,5216,58
209,21,838147,86
210,21,11804,48
211,21,306992,55
212,21,16022,66
213,21,86784,49
214,21,8458,48
215,21,71193,53
216,21,92127,44
217,21,12914,53
218,21,363152,47
219,21,105904,54
220,21,134420,44
221,21,28852,48
222,21,123360,61
223,21,107222,42
224,21,1061,45
225,21,70653,54
226,21,866606,92
227,21,228285,48
228,21,17894,73
229,21,716,50
230,21,366733,93
231,21,33575,42
232,21,120780,67
233,21,15398,42
234,21,3355073,101
235,21,2035553,90
236,21,33705,79
237,21,5067,54
238,21,10498,74
239,21,91912,47
240,21,307353,55
241,21,25271,46
242,21,177753,54
243,21,1458,55
244,21,109040,58
245,21,1781226,64
246,21,45600,45
247,21,1906682,88
248,21,733201,82
249,21,42491,61
250,21,351124,51
251,21,2594,45
252,21,1465060,103
253,21,31960,53
254,21,1776,70
255,21,784333,85
256,21,31434,74
257,21,1074383,116
258,21,33226,65
259,21,446737,101
260,21,2444886,59
261,21,8014,47
262,21,285929,39
263,21,148157,54
264,21,712237,56
265,21,14954,49
266,21,9036,54
267,21,563374,68
268,21,11704,50
269,21,40263,44
270,21,55373,52
271,21,338541,60
272,21,92575,39
273,21,65963,49
274,21,135689,68
275,21,35492,47
276,21,51419,42
277,21,329103,51
278,21,69336,50
279,21,584042,61
280,21,124973,80
281,21,352364,76
282,21,690653,79
283,21,23991,43
284,21,457910,76
285,21,1651992,114
286,21,1282351,41
287,21,10626,44
288,21,37321,44
289,21,95450,44
290,21,316747,46
291,21,6412,42
292,21,26268,40
293,21,117182,40
294,21,8300,44
295,21,125767,55
296,21,17723,52
297,21,152,50
298,21,6201,46
299,21,66505,42
300,21,91636,48
301,21,69890,61
302,21,38898,52
303,21,40813,47
304,21,27798,45
305,21,4382,44
306,21,354035,49
307,21,302566,53
308,21,184626,48
309,21,3512,43
310,21,159240,47
311,21,118035,54
312,21,3312,42
313,21,10424,45
314,21,3813,43
315,21,5080,42
316,21,159911,49
317,21,24286,50
318,21,93732,63
319,21,5964,44
320,21,126159,44
321,21,19749,43
322,21,9535,57
323,21,4401,43
324,21,101912,60
325,21,18821,56
326,21,105077,61
327,21,80870,63
328,21,124576,50
329,21,15143,42
330,21,47112,48
331,21,14832,43
332,21,19370,47
333,21,1294,45
334,21,27283,43
335,21,12862,41
336,21,1275,44
337,21,85238,51
338,21,3791,47
339,21,484,45
341,21,1002,48
342,21,413516,61
343,21,3721,45
344,21,2456,55
345,21,31292,45
346,21,31305,49
347,21,192473,49
348,21,223270,55
349,21,14068,56
350,21,462022,46
351,21,55615,40
352,21,298007,46
353,21,569222,39
354,21,95089,45
355,21,1903,45
356,21,7697,44
357,21,61605,50
358,21,15270,50
359,21,132404,80
360,21,3230,52
361,21,5125,44
362,21,3297,44
363,21,860,49
364,21,1022,49
365,21,10374,52
366,21,6200,44
367,21,261979,43
368,21,170,50
369,21,1827,47
370,21,28436,43
372,21,113620,45
373,21,196319,50
374,21,397491,57
379,21,775658,66
383,21,18812,42
396,21,4173,45
397,21,139609,45
398,21,7603,43
399,21,538,44
400,21,11519,43
401,21,28690,49
402,21,36549,43
403,21,146450,46
404,21,17440,48
405,21,322515,41
406,21,101257,39
407,21,139512,45
408,21,39834,50
409,21,74220,49
410,21,3203,45
411,21,166,50
412,21,2150,50
413,21,1798,53
414,21,719881,53
415,21,3991,58
416,21,17955,46
417,21,18958,63
418,21,19690,53
419,21,1235,54
420,21,199935,40
421,21,552899,44
422,21,72709,49
423,21,52085,49
424,21,58740,48
425,21,25439,46
426,21,7785,48
427,21,9411,56
428,21,937,54
429,21,18690,43
430,21,5345,48
431,21,1835,45
432,21,22647,55
433,21,10415,45
434,21,29144,51
435,21,33629,60
436,21,29254,49
437,21,32732,55
461,21,29659,43
462,21,12155,43
463,21,143533,50
464,21,105071,43
465,21,86534,39
466,21,2616,49
467,21,11441,43
468,21,1067700,45
469,21,394362,48
470,21,298495,57
471,21,2361,48
472,21,1214651,106
473,21,7072,42
474,21,10096,44
475,21,139245,47
476,21,1717,49
477,21,62119,44
478,21,3547,50
480,21,10130,47
481,21,1197,52
482,21,5585,47
483,21,126872,50
484,21,19770,63
485,21,2647,43
486,21,9547,43
488,21,39415,55
489,21,1981,48
490,21,5005,53
491,21,6994,43
492,21,1320,47
493,21,2208,47
494,21,657281,39
495,21,6031,50
496,21,12261,45
497,21,212290,54
499,21,8880,49
500,21,6974,49
501,21,1032477,65
502,21,14738,50
503,21,661,45
504,21,3579,43
505,21,89880,45
506,21,22973,40
507,21,1186,45
508,21,11683,40
509,21,479,60
512,21,119388,54
513,21,1319,49
514,21,1570,44
515,21,4625,43
516,21,2432,44
517,21,2132,59
518,21,56921,64
519,21,1641,48
521,21,1222,45
522,21,423,48
523,21,12302,96
524,21,611,50
525,21,2613,50
527,21,2074,55
528,21,23230,45
529,21,12156,40
530,21,1155,45
533,21,10138,49
535,21,17944,44
536,21,780,45
537,21,41360,44
538,21,617,44
539,21,910,54
540,21,48849,40
541,21,1421,49
542,21,11669,57
543,21,13777,59
544,21,444,44
545,21,7263,40
546,21,1792,45
547,21,9604,40
548,21,185247,47
549,21,13795,40
550,21,6073,40
551,21,326,50
552,21,396,45
553,21,444,45
554,21,10071,40
555,21,4232,40
556,21,5687,40
557,21,9425,40
558,21,413,45
559,21,333,50
560,21,1225,50
561,21,3092,40
562,21,25494,45
563,21,272,45
564,21,1345,45
569,21,3295,40
570,21,4629,40
571,21,148,44
572,21,1360,40
575,21,130,45
576,21,3421,40
577,21,15121,45
578,21,1526,40
579,21,67,45
581,21,7590,45
582,21,1793,40
583,21,47,45
584,21,33,45
585,21,70,45
586,21,288,40
587,21,0,45
1,22,10950,48
2,22,278241,54
3,22,34502,40
4,22,134009,60
5,22,27511,48
6,22,2321,50
7,22,614239,60
8,22,27334,50
9,22,8094,45
10,22,362574,57
11,22,32072,45
12,22,171973,54
13,22,566250,60
14,22,158830,118
15,22,32285,71
16,22,133176,93
17,22,2726,69
18,22,144188,70
19,22,91252,56
20,22,32664,44
21,22,29426,51
22,22,146457,42
23,22,416071,52
24,22,35458,54
25,22,58438,82
26,22,43393,73
27,22,6039,74
28,22,498537,103
29,22,242781,45
30,22,76960,42
31,22,131815,40
32,22,50355,43
33,22,69166,47
34,22,375414,47
35,22,22079,48
36,22,9101,43
37,22,139532,39
38,22,234019,49
39,22,20013,47
40,22,4518,47
41,22,333966,47
42,22,6275,59
43,22,5739,48
44,22,2005,50
45,22,19306,48
46,22,50497,43
47,22,40225,51
48,22,108413,57
49,22,10546,57
50,22,7416,49
51,22,64401,70
52,22,77673,76
53,22,58386,40
54,22,110515,45
55,22,195242,45
56,22,201591,46
57,22,354179,39
58,22,80366,45
59,22,9284,44
60,22,207180,39
61,22,104874,39
62,22,33568,56
63,22,77892,45
64,22,5710,44
65,22,8796,43
66,22,14180,49
67,22,1937,47
68,22,324,45
69,22,2476,47
70,22,997677,59
71,22,117806,57
72,22,74175,48
73,22,1310,49
74,22,90827,47
75,22,342,45
76,22,119751,45
77,22,858746,49
78,22,601931,48
79,22,209574,47
80,22,379740,41
81,22,16459,42
82,22,24433,49
83,22,1047,44
84,22,19666,50
85,22,21008,54
86,22,12865,54
87,22,30715,54
88,22,6621,43
89,22,4338,51
90,22,201845,46
91,22,114167,57
92,22,89937,63
93,22,47296,52
94,22,752642,55
95,22,3635,48
96,22,5638,48
97,22,1295534,70
98,22,175852,62
99,22,107075,54
100,22,1277765,72
101,22,453238,57
102,22,69636,64
103,22,170926,58
104,22,481151,107
105,22,197203,68
106,22,441095,67
107,22,504025,48
108,22,425821,46
109,22,68926,77
110,22,2140,47
111,22,675016,49
112,22,41122,43
113,22,31665,81
114,22,19791,95
115,22,53395,43
116,22,307443,41
117,22,43146,43
118,22,28006,47
119,22,9898,47
120,22,22038,42
121,22,10970,42
122,22,1137,45
123,22,21958,47
124,22,44333,51
125,22,18546,45
126,22,310472,69
127,22,154450,43
128,22,18385,43
129,22,14572,54
130,22,4397,49
131,22,64534,56
132,22,34096,46
133,22,1547,54
134,22,114590,76
135,22,449917,49
136,22,8737,43
137,22,19948,42
138,22,179095,57
139,22,13290,64
140,22,144932,47
141,22,4094,40
142,22,803,49
143,22,175826,52
144,22,110771,43
145,22,376130,46
146,22,279974,53
147,22,6755,64
148,22,47769,60
149,22,7467,73
150,22,1206,49
151,22,54976,45
152,22,9544,43
153,22,5810,54
154,22,29399,47
155,22,44799,48
156,22,22877,52
157,22,4022,51
158,22,18051,70
159,22,733309,55
160,22,21175,71
161,22,922086,75
162,22,76965,40
163,22,470080,46
164,22,201921,46
165,22,126702,44
166,22,15672,48
167,22,2843,42
168,22,18171,40
169,22,5298,39
170,22,6881,40
171,22,453223,46
172,22,393723,54
173,22,3483,48
174,22,16059,44
175,22,12053,44
176,22,3876,43
177,22,278,45
178,22,5217,43
179,22,353,45
180,22,933,45
181,22,7794,58
182,22,26469,55
183,22,1789,53
184,22,2246,49
185,22,2484,49
186,22,341982,46
187,22,385300,55
188,22,53706,57
189,22,229820,50
190,22,3122,44
191,22,174190,45
192,22,115668,48
193,22,124870,44
194,22,3120,48
195,22,2841,43
196,22,26313,43
197,22,3174,45
198,22,611054,53
199,22,500444,85
200,22,111941,55
201,22,194663,42
202,22,10607,48
203,22,64685,53
204,22,11967,43
205,22,2284,45
206,22,25872,49
207,22,20971,62
208,22,5280,58
209,22,972230,86
210,22,11774,48
211,22,301419,55
212,22,16055,66
213,22,84724,49
214,22,8596,48
215,22,69234,53
216,22,85908,44
217,22,12877,53
218,22,345478,47
219,22,107289,54
220,22,125290,44
221,22,26796,47
222,22,123719,61
223,22,123106,42
224,22,1059,45
225,22,68874,54
226,22,892287,92
227,22,227623,48
228,22,17964,73
229,22,716,50
230,22,378112,93
231,22,33422,42
232,22,119933,67
233,22,16061,42
234,22,2870412,101
235,22,2079110,90
236,22,33598,79
237,22,5124,54
238,22,10488,74
239,22,91705,47
240,22,350545,55
241,22,25218,46
242,22,182850,54
243,22,1485,55
244,22,107374,58
245,22,1860340,64
246,22,40027,45
247,22,1997418,88
248,22,594432,81
249,22,42531,61
250,22,350162,51
251,22,2591,45
252,22,1156439,103
253,22,34521,53
254,22,1781,70
255,22,713204,85
256,22,32630,74
257,22,1195698,116
258,22,33128,65
259,22,380435,100
260,22,2392688,59
261,22,8014,47
262,22,334547,39
263,22,116306,53
264,22,751478,56
265,22,21484,49
266,22,8323,54
267,22,514533,68
268,22,11578,50
269,22,42294,44
270,22,54938,52
271,22,335635,60
272,22,93275,39
273,22,67838,49
274,22,133406,68
275,22,34377,47
276,22,50624,42
277,22,234777,51
278,22,69093,50
279,22,591825,61
280,22,124306,80
281,22,349654,76
282,22,633117,79
283,22,24196,42
284,22,477122,76
285,22,1341457,113
286,22,1201522,41
287,22,11823,44
288,22,37428,44
289,22,98197,44
290,22,313241,46
291,22,8614,42
292,22,25512,40
293,22,110944,40
294,22,7816,44
295,22,119341,55
296,22,17573,52
297,22,153,50
298,22,6015,46
299,22,68181,42
300,22,101444,48
301,22,69317,61
302,22,38160,52
303,22,39853,47
304,22,28158,45
305,22,6001,44
306,22,333558,49
307,22,285383,53
308,22,205162,48
309,22,3538,43
310,22,152647,47
311,22,126154,54
312,22,3298,42
313,22,12296,45
314,22,5396,43
315,22,5052,42
316,22,148064,49
317,22,24310,50
318,22,94588,63
319,22,5874,44
320,22,128981,43
321,22,19906,43
322,22,10714,57
323,22,4433,43
324,22,100747,60
325,22,21384,56
326,22,86241,61
327,22,81414,63
328,22,124408,50
329,22,14937,42
330,22,44100,48
331,22,15745,43
332,22,18500,47
333,22,1286,45
334,22,31570,43
335,22,12623,41
336,22,1284,44
337,22,89421,51
338,22,3814,47
339,22,481,45
340,22,500237,69
341,22,1035,48
342,22,376393,61
343,22,3701,45
344,22,2450,55
345,22,34828,45
346,22,30705,49
347,22,188377,49
348,22,208236,55
349,22,14222,56
350,22,442275,46
351,22,55027,40
352,22,242856,46
353,22,561574,39
354,22,91878,45
355,22,1889,45
356,22,7451,44
357,22,58535,50
358,22,14863,50
359,22,124117,80
360,22,3210,52
361,22,5010,44
362,22,3239,44
363,22,845,49
364,22,1019,49
365,22,10276,52
366,22,6606,44
367,22,268832,43
368,22,170,50
369,22,2436,47
370,22,27720,43
371,22,10034,74
372,22,136216,45
373,22,242182,50
374,22,366073,56
375,22,520736,55
376,22,6688,48
377,22,278902,58
378,22,22479,64
379,22,784385,66
380,22,541653,60
381,22,752200,55
382,22,253432,53
383,22,21111,42
384,22,144114,47
385,22,81522,49
386,22,4858,63
387,22,1068413,92
388,22,879233,90
389,22,15361,48
390,22,712926,81
391,22,11660,48
392,22,682,54
393,22,23144,54
394,22,2373580,128
395,22,6203,74
396,22,4148,45
397,22,127779,45
398,22,7491,43
399,22,537,44
400,22,10986,43
401,22,26816,49
402,22,35073,43
403,22,121781,46
404,22,14997,48
405,22,293764,41
406,22,104576,39
407,22,122716,44
408,22,38425,50
409,22,73163,49
410,22,3171,45
411,22,166,50
412,22,2139,50
413,22,1797,53
414,22,683754,53
415,22,3973,58
416,22,15948,46
417,22,18618,63
418,22,19606,53
419,22,1213,54
420,22,202716,40
421,22,539261,44
422,22,71141,48
423,22,52701,49
424,22,58422,48
425,22,25049,46
426,22,7782,48
427,22,9348,56
428,22,934,54
429,22,17984,43
430,22,5279,48
431,22,1807,45
432,22,22517,55
433,22,10003,45
434,22,28860,51
435,22,30010,60
436,22,28855,49
437,22,37624,55
438,22,155712,43
439,22,942,45
440,22,50672,48
441,22,13142,43
442,22,41902,48
443,22,229063,51
444,22,355615,44
445,22,5618,43
446,22,119011,45
447,22,128278,49
448,22,26250,58
449,22,59028,68
450,22,6980,53
451,22,23314,50
452,22,65573,44
453,22,119235,68
454,22,12902,74
455,22,635,55
456,22,9512,44
457,22,16413,58
458,22,16288,55
459,22,17348,45
460,22,1693,50
461,22,29968,43
462,22,12513,43
463,22,134972,50
464,22,106449,44
465,22,87442,39
466,22,2605,49
467,22,11171,43
468,22,1060352,45
469,22,404594,48
470,22,249069,56
471,22,2345,48
472,22,1019221,106
473,22,7001,42
474,22,10033,44
475,22,148469,47
476,22,1714,49
477,22,57866,44
478,22,3519,50
479,22,330220,43
480,22,10410,47
481,22,1194,52
482,22,5684,47
483,22,149218,50
484,22,19737,63
485,22,2635,43
486,22,9627,43
487,22,409300,67
488,22,39923,55
489,22,1982,48
490,22,5179,53
491,22,6939,43
492,22,1314,47
493,22,2219,47
494,22,679105,39
495,22,5940,50
496,22,12243,44
497,22,211966,54
498,22,46072,41
499,22,8807,49
500,22,6902,49
501,22,904680,65
502,22,15899,50
503,22,663,45
504,22,3578,43
505,22,89174,45
506,22,23061,40
507,22,1177,45
508,22,11495,40
509,22,477,60
510,22,2132,44
511,22,307,45
512,22,118048,54
513,22,1315,49
514,22,1582,44
515,22,4599,43
516,22,2334,44
517,22,2099,59
518,22,51616,63
519,22,1618,48
520,22,30834,60
521,22,1148,45
522,22,422,48
523,22,10901,96
524,22,590,50
525,22,3685,50
526,22,554,50
527,22,2876,55
528,22,22940,45
529,22,12306,40
530,22,1161,45
531,22,1274,45
532,22,44457,59
533,22,9859,49
534,22,1102,45
535,22,17703,44
536,22,774,45
537,22,36307,44
538,22,641,44
539,22,889,54
540,22,48494,40
541,22,1469,49
542,22,10389,57
543,22,14085,59
544,22,451,44
545,22,7315,40
546,22,2014,45
547,22,9809,40
548,22,199085,47
549,22,13820,40
550,22,6090,40
551,22,332,50
552,22,409,45
553,22,443,45
554,22,10447,40
555,22,4468,40
556,22,8512,40
557,22,9672,40
558,22,413,45
559,22,343,50
560,22,1256,50
561,22,3189,40
562,22,27542,45
563,22,269,45
564,22,1395,45
565,22,4108,42
566,22,4192,40
567,22,2202,50
568,22,657,44
569,22,3476,40
570,22,5044,40
571,22,152,44
572,22,1460,40
573,22,609,45
574,22,5874,40
575,22,135,45
576,22,3607,40
577,22,17552,45
578,22,1748,40
579,22,75,45
580,22,289,45
581,22,10105,45
582,22,2636,40
583,22,53,45
584,22,44,45
585,22,93,45
586,22,515,40
587,22,65,45
588,22,0,45
589,22,0,60
590,22,0,45
1,23,11038,48
2,23,278447,54
3,23,34150,40
4,23,95341,60
5,23,28025,48
6,23,2377,50
7,23,712646,60
8,23,27759,50
9,23,8089,45
10,23,278948,56
11,23,36099,45
12,23,197261,54
13,23,425285,59
14,23,174026,118
15,23,32643,71
16,23,128450,93
17,23,2808,69
18,23,145287,69
19,23,95280,56
20,23,32043,43
21,23,29703,51
22,23,149486,42
23,23,409434,52
24,23,51342,54
25,23,57065,82
26,23,44779,73
27,23,6032,74
28,23,507208,103
29,23,233266,45
30,23,75154,42
31,23,128801,40
32,23,50083,43
33,23,71643,47
34,23,355461,47
35,23,22595,48
36,23,8892,43
37,23,142806,39
38,23,228214,49
39,23,20017,47
40,23,4436,47
41,23,305680,47
42,23,6167,59
43,23,5613,48
44,23,2093,50
45,23,23980,48
46,23,50828,43
47,23,32866,51
48,23,131652,57
49,23,10444,57
50,23,7530,49
51,23,60523,70
52,23,75592,76
53,23,57817,40
54,23,133262,45
55,23,224580,45
56,23,236487,46
57,23,348889,39
58,23,86686,45
59,23,9190,44
60,23,204954,39
61,23,127192,39
62,23,34855,56
63,23,75263,45
64,23,5752,44
65,23,8531,43
66,23,13646,49
67,23,1916,47
68,23,321,45
69,23,2462,47
70,23,983017,59
71,23,146511,57
72,23,72929,48
73,23,1419,49
74,23,88116,47
75,23,341,45
76,23,115039,44
77,23,837031,49
78,23,492180,48
79,23,259114,47
80,23,373570,41
81,23,23819,42
82,23,22616,49
83,23,1096,44
84,23,37970,50
85,23,21848,54
86,23,12406,54
87,23,28526,54
88,23,6591,43
89,23,4341,51
90,23,191417,46
91,23,114937,57
92,23,102888,63
93,23,56920,52
94,23,759191,55
95,23,3648,47
96,23,5630,48
97,23,1306919,70
98,23,176538,62
99,23,105670,54
100,23,1443686,73
101,23,448549,57
102,23,67634,64
103,23,185582,58
104,23,460018,107
105,23,191169,68
106,23,462587,67
107,23,495281,48
108,23,358953,46
109,23,68488,77
110,23,2159,47
111,23,676800,49
112,23,38447,43
113,23,31690,81
114,23,19698,95
115,23,57142,43
116,23,307162,41
117,23,91639,43
118,23,21187,47
119,23,9340,47
120,23,33548,42
121,23,11090,42
122,23,1212,45
123,23,18196,47
124,23,44931,51
125,23,17028,45
126,23,321883,69
127,23,172332,43
128,23,17501,43
129,23,14800,54
130,23,4655,49
131,23,61375,56
132,23,98390,46
133,23,1582,54
134,23,129151,76
135,23,456681,49
136,23,8671,43
137,23,19276,42
138,23,172027,56
139,23,13323,64
140,23,141164,47
141,23,4132,40
142,23,817,49
143,23,164533,52
144,23,107781,43
145,23,339668,46
146,23,266358,53
147,23,8397,64
148,23,46557,60
149,23,8100,73
150,23,1315,49
151,23,53362,45
152,23,9355,43
153,23,5517,54
154,23,29426,47
155,23,44274,48
156,23,22523,52
157,23,3998,51
158,23,18019,70
159,23,639309,55
160,23,21179,71
161,23,888370,75
162,23,76222,40
163,23,457736,46
164,23,218308,46
165,23,102937,44
166,23,15521,48
167,23,2895,42
168,23,17051,40
169,23,5737,39
170,23,6647,40
171,23,439203,46
172,23,383510,54
173,23,3546,48
174,23,15195,44
175,23,11621,44
176,23,3837,43
177,23,278,45
178,23,5074,43
179,23,351,45
180,23,935,45
181,23,7621,58
182,23,26255,55
183,23,1919,53
184,23,2249,49
185,23,2674,49
186,23,330141,46
187,23,451354,55
188,23,51914,57
189,23,224393,50
190,23,3191,44
191,23,132503,45
192,23,116378,48
193,23,102295,44
194,23,3104,48
195,23,2877,43
196,23,24281,43
197,23,3469,45
198,23,623361,54
199,23,673212,86
200,23,164061,55
201,23,201707,42
202,23,11451,48
203,23,55883,53
204,23,12051,43
205,23,2265,45
206,23,25609,49
207,23,20993,62
208,23,5185,58
209,23,849620,86
210,23,11762,48
211,23,299685,55
212,23,18683,66
213,23,82262,49
214,23,8667,48
215,23,72889,53
216,23,79149,44
217,23,12734,53
218,23,327975,47
219,23,104768,54
220,23,190468,44
221,23,23173,47
222,23,123074,61
223,23,158755,42
224,23,1052,45
225,23,65194,54
226,23,312154,91
227,23,222320,48
228,23,20028,73
229,23,713,50
230,23,403754,93
231,23,33516,42
232,23,118501,66
233,23,16996,42
234,23,2874585,101
235,23,2049845,91
236,23,33319,79
237,23,5263,54
238,23,10430,74
239,23,92590,47
240,23,368339,55
241,23,25203,46
242,23,213586,54
243,23,1587,55
244,23,104769,58
245,23,1883177,65
246,23,37876,45
247,23,2162530,89
248,23,561543,81
249,23,42538,61
250,23,342311,51
251,23,2572,45
252,23,1211877,102
253,23,30689,53
254,23,1787,70
255,23,667167,85
256,23,32016,74
257,23,1289928,117
258,23,32896,65
259,23,302152,100
260,23,2424184,59
261,23,8092,47
262,23,365622,39
263,23,114607,53
264,23,913296,57
265,23,54490,49
266,23,12255,54
267,23,446367,67
268,23,11634,50
269,23,45580,44
270,23,54300,51
271,23,326966,60
272,23,94553,39
273,23,73841,49
274,23,140446,68
275,23,33535,47
276,23,48968,42
277,23,128246,50
278,23,69029,50
279,23,1140488,63
280,23,140426,80
281,23,340089,76
282,23,780062,79
283,23,24483,42
284,23,466494,76
285,23,1289281,113
286,23,1159074,41
287,23,18076,44
288,23,47143,44
289,23,118882,44
290,23,343822,46
291,23,10953,42
292,23,24321,40
293,23,104536,39
294,23,7088,43
295,23,117877,55
296,23,17560,52
297,23,154,50
298,23,6097,46
299,23,69523,42
300,23,121124,48
301,23,67838,61
302,23,71146,52
303,23,38085,47
304,23,29880,45
305,23,6530,44
306,23,303886,48
307,23,277355,53
308,23,210510,48
309,23,3579,43
310,23,141807,47
311,23,255651,54
312,23,3459,42
313,23,12457,45
314,23,5219,43
315,23,5049,42
316,23,132494,49
317,23,24041,50
318,23,92524,63
319,23,5729,44
320,23,126561,43
321,23,19636,43
322,23,11526,57
323,23,4476,43
324,23,97883,60
325,23,28410,56
326,23,60017,60
327,23,78707,63
328,23,122251,50
329,23,14677,42
330,23,40449,48
331,23,15692,43
332,23,17500,47
333,23,1270,45
334,23,47815,43
335,23,12051,41
336,23,1300,44
337,23,86239,51
338,23,3834,47
339,23,472,45
340,23,445510,69
341,23,1045,48
342,23,315833,60
343,23,3630,45
344,23,2436,55
345,23,33753,45
346,23,29047,49
347,23,184221,49
348,23,181547,54
349,23,14077,56
350,23,434933,46
351,23,54426,40
352,23,170207,45
353,23,532768,39
354,23,88606,45
355,23,1850,45
356,23,7285,44
357,23,56637,50
358,23,14565,50
359,23,117937,80
360,23,3180,51
361,23,4824,44
362,23,3153,44
363,23,844,49
364,23,1009,49
365,23,10021,52
366,23,6702,44
367,23,283668,43
368,23,170,50
369,23,2454,47
370,23,26473,43
371,23,10569,74
372,23,172609,45
373,23,326513,50
374,23,294780,56
375,23,509424,55
376,23,6638,48
377,23,272336,58
378,23,19110,64
379,23,733400,66
380,23,549025,60
381,23,775456,55
382,23,251460,53
383,23,22065,42
384,23,141054,47
385,23,79919,49
386,23,4984,63
387,23,1039884,93
388,23,875154,90
389,23,15768,48
390,23,745107,81
391,23,9561,48
392,23,1453,54
393,23,22543,54
394,23,2629402,129
395,23,6175,74
396,23,4084,45
397,23,122520,45
398,23,7280,43
399,23,537,44
400,23,10701,43
401,23,25700,49
402,23,33100,43
403,23,108457,46
404,23,14737,48
405,23,271360,41
406,23,100417,39
407,23,102764,44
408,23,36520,50
409,23,71372,49
410,23,3102,45
411,23,166,50
412,23,2114,50
413,23,1826,53
414,23,690311,53
415,23,4029,58
416,23,13506,46
417,23,20024,63
418,23,19562,53
419,23,1188,54
420,23,210636,40
421,23,532650,44
422,23,68973,48
423,23,54063,49
424,23,58359,48
425,23,24317,46
426,23,7914,48
427,23,9180,56
428,23,925,54
429,23,17143,43
430,23,5883,48
431,23,1818,45
432,23,21747,55
433,23,9519,45
434,23,28249,51
435,23,36199,60
436,23,28961,49
437,23,45093,55
438,23,190309,43
439,23,931,45
440,23,49033,47
441,23,11840,43
442,23,40329,48
443,23,215396,51
444,23,352363,45
445,23,5566,42
446,23,129341,45
447,23,131386,49
448,23,25894,58
449,23,57427,68
450,23,7071,53
451,23,21525,50
452,23,81509,44
453,23,117287,68
454,23,12185,74
455,23,634,55
456,23,9161,44
457,23,49931,58
458,23,13113,55
459,23,17387,45
460,23,1683,50
461,23,30904,43
462,23,12342,43
463,23,129821,50
464,23,107845,44
465,23,91002,39
466,23,2569,49
467,23,10770,43
468,23,1085267,45
469,23,465547,48
470,23,252884,56
471,23,2314,48
472,23,942230,105
473,23,6915,42
474,23,10083,44
475,23,139188,47
476,23,1695,49
477,23,58158,44
478,23,3949,50
479,23,319920,43
480,23,12861,47
481,23,1164,52
482,23,5652,47
483,23,148089,50
484,23,19676,63
485,23,2675,43
486,23,9842,43
487,23,398256,67
488,23,40250,55
489,23,2009,48
490,23,5022,53
491,23,6836,43
492,23,1302,47
493,23,2238,47
494,23,689861,39
495,23,5722,50
496,23,11932,44
497,23,191272,54
498,23,45676,41
499,23,8935,49
500,23,6690,48
501,23,879924,64
502,23,13495,50
503,23,664,45
504,23,3605,43
505,23,89910,45
506,23,23364,40
507,23,1164,45
508,23,11197,40
509,23,477,60
510,23,2840,44
511,23,303,45
512,23,114281,54
513,23,1302,49
514,23,1645,44
515,23,4534,43
516,23,2231,44
517,23,3364,59
518,23,43742,63
519,23,1584,47
520,23,30319,60
521,23,1137,45
522,23,439,48
523,23,9593,96
524,23,574,50
525,23,3050,50
526,23,558,50
527,23,6707,55
528,23,22995,45
529,23,12607,40
530,23,1179,44
531,23,1284,45
532,23,44038,59
533,23,9397,49
534,23,1142,45
535,23,16373,44
536,23,782,45
537,23,34470,44
538,23,686,44
539,23,899,54
540,23,49232,40
541,23,1730,49
542,23,10702,57
543,23,15993,59
544,23,472,44
545,23,7543,40
546,23,6381,45
547,23,10430,40
548,23,235936,47
549,23,13428,40
550,23,6147,40
551,23,338,50
552,23,419,45
553,23,441,45
554,23,11435,40
555,23,4983,40
556,23,21629,40
557,23,10018,40
558,23,432,45
559,23,367,50
560,23,1396,50
561,23,3567,40
562,23,31285,45
563,23,275,45
564,23,1590,45
565,23,4181,42
566,23,4581,40
567,23,2602,50
568,23,687,44
569,23,3877,40
570,23,6327,40
571,23,178,44
572,23,1799,40
573,23,632,45
574,23,7199,40
575,23,152,44
576,23,4163,40
577,23,21304,45
578,23,2403,40
579,23,82,45
580,23,371,45
581,23,13174,45
582,23,4832,40
583,23,86,45
584,23,56,45
585,23,117,45
586,23,986,40
587,23,174,45
588,23,56,45
589,23,1165,60
590,23,158,45
591,23,609,45
592,23,24132,75
593,23,393,55
594,23,57,45
595,23,160,45
596,23,0,40
597,23,0,45
598,23,0,40
1,24,11075,48
2,24,275975,54
3,24,33876,40
4,24,82960,60
5,24,27877,48
6,24,2429,50
7,24,749436,61
8,24,29430,50
9,24,8072,45
10,24,251551,56
11,24,37703,45
12,24,193679,55
13,24,408315,59
14,24,146359,117
15,24,57478,71
16,24,112125,93
17,24,2835,69
18,24,149474,69
19,24,201931,57
20,24,30964,43
21,24,32211,51
22,24,151540,42
23,24,400654,52
24,24,62643,54
25,24,56329,82
26,24,45775,73
27,24,6015,74
28,24,482372,103
29,24,229039,45
30,24,73728,42
31,24,128125,40
32,24,51617,43
33,24,70895,47
34,24,344953,47
35,24,22768,48
36,24,8782,43
37,24,147842,39
38,24,226856,49
39,24,19923,47
40,24,4392,47
41,24,281837,46
42,24,6143,59
43,24,5606,48
44,24,2111,50
45,24,38799,48
46,24,51729,43
47,24,37216,51
48,24,281428,58
49,24,10495,57
50,24,7829,49
51,24,58855,70
52,24,74523,76
53,24,57131,40
54,24,134897,45
55,24,217367,45
56,24,232167,46
57,24,346957,39
58,24,89337,45
59,24,9085,44
60,24,206013,39
61,24,143795,39
62,24,33369,56
63,24,72773,45
64,24,5863,44
65,24,8354,43
66,24,13226,49
67,24,1901,47
68,24,323,45
69,24,2439,47
70,24,872371,58
71,24,130174,57
72,24,71297,48
73,24,1500,49
74,24,86415,47
75,24,339,45
76,24,105538,44
77,24,818211,49
78,24,423901,47
79,24,278011,47
80,24,365771,41
81,24,23825,42
82,24,18660,49
83,24,1142,44
84,24,35558,50
85,24,20789,54
86,24,11651,54
87,24,27432,53
88,24,6570,43
89,24,4275,51
90,24,180752,46
91,24,113569,57
92,24,111059,63
93,24,55702,52
94,24,752993,55
95,24,3656,47
96,24,6265,48
97,24,1310211,70
98,24,158232,62
99,24,106179,54
100,24,1497654,73
101,24,446926,57
102,24,69280,64
103,24,212522,59
104,24,361656,106
105,24,173191,68
106,24,428444,67
107,24,487409,48
108,24,284554,46
109,24,62851,77
110,24,2182,47
111,24,670970,49
112,24,37257,42
113,24,33145,81
114,24,19631,95
115,24,67911,43
116,24,297370,41
117,24,156742,43
118,24,19001,47
119,24,9198,47
120,24,51346,42
121,24,11164,42
122,24,1238,45
123,24,15091,47
124,24,45485,51
125,24,16325,45
126,24,287336,69
127,24,182054,43
128,24,17042,43
129,24,14280,54
130,24,11094,49
131,24,49554,56
132,24,123490,46
133,24,1609,54
134,24,127421,76
135,24,484692,49
136,24,8622,43
137,24,18851,42
138,24,168394,56
139,24,13271,64
140,24,139804,47
141,24,4116,40
142,24,816,49
143,24,155983,52
144,24,114150,43
145,24,326336,46
146,24,258886,53
147,24,8589,64
148,24,45401,60
149,24,9124,73
150,24,1395,49
151,24,52759,45
152,24,9309,43
153,24,5409,54
154,24,29269,47
155,24,44229,48
156,24,22053,51
157,24,3958,51
158,24,17990,70
159,24,523771,54
160,24,21205,71
161,24,828957,74
162,24,94718,39
163,24,442591,46
164,24,210180,46
165,24,92488,44
166,24,14975,48
167,24,2931,42
168,24,15931,40
169,24,6091,39
170,24,6503,40
171,24,414520,46
172,24,373908,54
173,24,3503,48
174,24,14760,44
175,24,11500,44
176,24,5848,43
177,24,276,45
178,24,5007,43
179,24,350,45
180,24,948,45
181,24,7522,57
182,24,25422,55
183,24,1961,53
184,24,2229,48
185,24,2864,49
186,24,316739,46
187,24,428970,55
188,24,48409,57
189,24,243463,50
190,24,3229,44
191,24,115930,45
192,24,118182,48
193,24,95655,43
194,24,3112,48
195,24,2887,42
196,24,36741,43
197,24,3535,45
198,24,684481,54
199,24,730404,86
200,24,201409,56
201,24,207486,42
202,24,10995,48
203,24,49511,53
204,24,12690,43
205,24,2252,45
206,24,26345,49
207,24,21008,62
208,24,5159,58
209,24,913322,85
210,24,11905,48
211,24,307227,55
212,24,18499,66
213,24,78705,49
214,24,11163,48
215,24,69054,53
216,24,76181,44
217,24,12663,53
218,24,341792,47
219,24,105800,54
220,24,180907,44
221,24,21666,47
222,24,121598,61
223,24,165965,42
224,24,1050,45
225,24,63725,53
226,24,240529,91
227,24,214311,48
228,24,19457,73
229,24,711,50
230,24,428860,93
231,24,32894,42
232,24,117961,66
233,24,17528,42
234,24,3102706,102
235,24,2294220,92
236,24,33226,79
237,24,5299,54
238,24,10401,74
239,24,91483,47
240,24,402739,55
241,24,25155,46
242,24,240890,54
243,24,1581,55
244,24,103365,58
245,24,1870888,65
246,24,31778,45
247,24,2130174,89
248,24,498432,80
249,24,42414,61
250,24,335053,51
251,24,2562,45
252,24,1199220,102
253,24,50103,53
254,24,1785,70
255,24,698803,84
256,24,32479,74
257,24,1346689,117
258,24,33531,65
259,24,284028,99
260,24,2443386,59
261,24,8107,47
262,24,382311,40
263,24,118906,53
264,24,938245,57
265,24,82037,49
266,24,10184,54
267,24,491761,67
268,24,11673,50
269,24,57876,44
270,24,53105,51
271,24,322273,60
272,24,95592,39
273,24,66347,49
274,24,134228,68
275,24,33226,47
276,24,48122,42
277,24,121578,50
278,24,68329,50
279,24,1113331,64
280,24,149710,80
281,24,334169,76
282,24,865380,80
283,24,25028,42
284,24,408412,76
285,24,1249293,113
286,24,1148433,41
287,24,16965,44
288,24,45106,44
289,24,117528,44
290,24,336149,46
291,24,12075,42
292,24,23662,40
293,24,102180,39
294,24,6783,43
295,24,106103,55
296,24,17226,52
297,24,154,50
298,24,6026,46
299,24,70089,42
300,24,114615,48
301,24,53331,61
302,24,72016,52
303,24,37216,47
304,24,30763,45
305,24,6725,44
306,24,279267,48
307,24,271175,53
308,24,172069,48
309,24,3575,43
310,24,139815,47
311,24,277366,55
312,24,3464,42
313,24,12398,45
314,24,5050,43
315,24,5062,41
316,24,128687,48
317,24,32246,50
318,24,90618,62
319,24,5650,44
320,24,123650,43
321,24,19415,43
322,24,10594,57
323,24,4427,43
324,24,95295,59
325,24,29352,56
326,24,48866,60
327,24,75896,63
328,24,122726,50
329,24,14497,42
330,24,39130,48
331,24,16246,43
332,24,16882,47
333,24,1260,45
334,24,50435,43
335,24,11851,41
336,24,1329,44
337,24,85062,51
338,24,3842,47
339,24,467,45
340,24,750345,70
341,24,1069,48
342,24,313899,60
343,24,3596,45
344,24,2428,55
345,24,33352,45
346,24,28299,49
347,24,201472,49
348,24,168411,54
349,24,14224,56
350,24,425596,46
351,24,53928,40
352,24,160794,45
353,24,514431,39
354,24,85669,44
355,24,1830,45
356,24,7276,44
357,24,53631,50
358,24,14146,50
359,24,114667,80
360,24,3147,51
361,24,4777,44
362,24,3127,43
363,24,874,49
364,24,1005,49
365,24,9882,52
366,24,6767,44
367,24,291603,43
368,24,168,50
369,24,2355,47
370,24,31764,42
371,24,9787,74
372,24,215811,46
373,24,464935,51
374,24,249484,55
375,24,490419,55
376,24,6646,48
377,24,269021,58
378,24,17688,64
379,24,733569,66
380,24,542489,60
381,24,796301,55
382,24,223683,53
383,24,24122,42
384,24,146156,47
385,24,79958,49
386,24,4516,63
387,24,962158,93
388,24,794385,90
389,24,15842,48
390,24,847721,82
391,24,8125,48
392,24,1439,54
393,24,21890,54
394,24,2765620,130
395,24,6136,74
396,24,4039,45
397,24,116219,45
398,24,7152,43
399,24,535,44
400,24,10363,43
401,24,24412,48
402,24,32029,43
403,24,94239,46
404,24,14679,48
405,24,255555,41
406,24,95809,39
407,24,91393,44
408,24,32559,50
409,24,69972,49
410,24,3067,45
411,24,163,50
412,24,2106,50
413,24,1826,53
414,24,740290,53
415,24,4006,58
416,24,11977,46
417,24,21079,63
418,24,19539,53
419,24,1147,54
420,24,212205,40
421,24,543083,44
422,24,67225,48
423,24,102927,49
424,24,61874,48
425,24,23968,46
426,24,7683,48
427,24,9071,56
428,24,913,54
429,24,16564,43
430,24,5620,48
431,24,1817,45
432,24,21499,55
433,24,9208,45
434,24,28140,51
435,24,35468,60
436,24,28491,49
437,24,49249,55
438,24,207744,44
439,24,925,45
440,24,48123,47
441,24,13624,43
442,24,38243,48
443,24,225368,51
444,24,350403,45
445,24,5487,42
446,24,136072,45
447,24,131398,49
448,24,25676,58
449,24,56009,68
450,24,8081,53
451,24,21440,50
452,24,95977,44
453,24,170462,68
454,24,11778,74
455,24,632,55
456,24,8948,44
457,24,30224,58
458,24,12139,55
459,24,17522,45
460,24,1704,50
461,24,29953,43
462,24,12133,43
463,24,123351,50
464,24,114511,44
465,24,93475,39
466,24,2548,49
467,24,10525,43
468,24,1080412,46
469,24,460593,48
470,24,239502,56
471,24,2319,48
472,24,621064,104
473,24,6837,42
474,24,9955,44
475,24,161827,47
476,24,1689,49
477,24,53351,44
478,24,3728,50
479,24,311300,43
480,24,13525,47
481,24,1110,52
482,24,5884,47
483,24,157870,50
484,24,19636,63
485,24,2768,43
486,24,10054,43
487,24,372886,67
488,24,40018,55
489,24,2048,48
490,24,4745,53
491,24,6793,43
492,24,1294,47
493,24,2273,47
494,24,721566,39
495,24,5473,50
496,24,11636,44
497,24,186151,54
498,24,46507,40
499,24,8946,49
500,24,6509,48
501,24,742290,63
502,24,12185,50
503,24,660,45
504,24,3654,43
505,24,94425,45
506,24,23394,40
507,24,1152,45
508,24,11061,40
509,24,475,60
510,24,2852,44
511,24,302,45
512,24,112217,54
513,24,1469,49
514,24,1663,44
515,24,4509,43
516,24,2152,44
517,24,2940,59
518,24,39290,63
519,24,1565,47
520,24,30362,60
521,24,1111,45
522,24,427,48
523,24,9267,95
524,24,546,50
525,24,3062,50
526,24,565,50
527,24,5744,55
528,24,23444,45
529,24,12604,40
530,24,1211,44
531,24,1314,45
532,24,49822,59
533,24,9232,48
534,24,1182,45
535,24,15055,44
536,24,787,45
537,24,31497,44
538,24,685,44
539,24,883,54
540,24,49175,40
541,24,4093,49
542,24,10797,57
543,24,14738,59
544,24,483,44
545,24,7574,40
546,24,8213,45
547,24,10632,40
548,24,241115,47
549,24,12932,40
550,24,6236,40
551,24,363,50
552,24,425,45
553,24,443,45
554,24,11771,40
555,24,5167,40
556,24,26421,40
557,24,10100,40
558,24,442,45
559,24,372,50
560,24,1553,50
561,24,3747,40
562,24,37307,45
563,24,281,45
564,24,1649,45
565,24,4303,42
566,24,4742,40
567,24,3133,50
568,24,714,44
569,24,3983,40
570,24,6957,40
571,24,207,44
572,24,2010,40
573,24,662,45
574,24,7830,40
575,24,168,44
576,24,4347,40
577,24,26844,45
578,24,2714,40
579,24,87,45
580,24,390,45
581,24,11736,45
582,24,5595,40
583,24,106,45
584,24,60,45
585,24,125,45
586,24,1227,40
587,24,244,45
588,24,90,45
589,24,1258,60
590,24,1628,45
591,24,756,45
592,24,47879,75
593,24,818,55
594,24,2477,45
595,24,306,45
596,24,1333,40
597,24,140,45
598,24,2543,40
599,24,194,45
600,24,0,45
601,24,0,50
602,24,0,45
603,24,0,45
1,25,11124,48
2,25,285384,54
3,25,33721,40
4,25,93645,60
5,25,27811,48
6,25,2491,50
7,25,751187,61
8,25,28465,50
9,25,8115,45
10,25,392446,56
11,25,35930,45
12,25,192941,55
13,25,396557,59
14,25,222756,117
15,25,96116,71
16,25,135118,93
17,25,2872,69
18,25,152525,69
19,25,244691,57
20,25,30389,43
21,25,50538,51
22,25,168206,42
23,25,426993,52
24,25,86667,54
25,25,55965,82
26,25,42533,73
27,25,6027,74
28,25,496583,103
29,25,225223,45
30,25,72598,41
31,25,127271,40
32,25,54229,43
33,25,70449,47
34,25,334651,47
35,25,23063,48
36,25,8697,43
37,25,154320,39
38,25,224001,49
39,25,19449,47
40,25,4381,47
41,25,260269,46
42,25,6404,59
43,25,5536,48
44,25,2154,50
45,25,44059,48
46,25,52994,43
47,25,58562,51
48,25,299209,58
49,25,10457,57
50,25,7901,49
51,25,59363,70
52,25,73735,76
53,25,56385,40
54,25,145507,45
55,25,212243,45
56,25,226357,46
57,25,347109,39
58,25,87776,45
59,25,9011,44
60,25,209061,39
61,25,159503,39
62,25,32580,55
63,25,75846,45
64,25,6044,44
65,25,8260,43
66,25,13215,49
67,25,1906,47
68,25,323,45
69,25,2382,47
70,25,856297,58
71,25,120776,57
72,25,70798,48
73,25,1551,49
74,25,84929,47
75,25,339,45
76,25,101499,44
77,25,831026,49
78,25,386303,47
79,25,281575,47
80,25,359661,41
81,25,32881,42
82,25,18066,49
83,25,1200,44
84,25,47553,50
85,25,20069,54
86,25,11487,54
87,25,26843,53
88,25,6603,43
89,25,4210,51
90,25,178192,46
91,25,112813,57
92,25,108086,63
93,25,60671,52
94,25,686175,55
95,25,3663,47
96,25,12216,48
97,25,1314723,70
98,25,152690,62
99,25,108087,54
100,25,1542897,73
101,25,445638,57
102,25,107454,64
103,25,243574,59
104,25,483699,106
105,25,168694,68
106,25,463958,68
107,25,480011,48
108,25,235265,45
109,25,72275,77
110,25,4614,47
111,25,675918,49
112,25,37945,42
113,25,41721,81
114,25,19618,95
115,25,82188,43
116,25,290078,41
117,25,167679,44
118,25,17899,46
119,25,9350,47
120,25,63178,42
121,25,11206,42
122,25,1278,45
123,25,13621,47
124,25,45746,51
125,25,15858,45
126,25,292718,69
127,25,202071,43
128,25,16748,43
129,25,13626,53
130,25,15528,49
131,25,50806,56
132,25,241662,47
133,25,1627,54
134,25,132912,76
135,25,477721,49
136,25,8548,43
137,25,18427,42
138,25,165636,56
139,25,13539,64
140,25,136949,47
141,25,4164,40
142,25,817,49
143,25,150589,52
144,25,118725,43
145,25,303791,45
146,25,256984,53
147,25,8509,64
148,25,44708,60
149,25,9952,73
150,25,1289,49
151,25,52905,45
152,25,9555,42
153,25,6346,54
154,25,29177,47
155,25,43752,48
156,25,21717,51
157,25,3921,51
158,25,18047,70
159,25,419542,53
160,25,21156,70
161,25,740258,74
162,25,146868,39
163,25,423189,46
164,25,197510,46
165,25,87704,44
166,25,14473,48
167,25,2949,42
168,25,15312,40
169,25,6405,39
170,25,6398,40
171,25,387646,46
172,25,355739,54
173,25,3428,48
174,25,14499,44
175,25,11403,44
176,25,5488,43
177,25,273,45
178,25,5023,43
179,25,348,45
180,25,952,45
181,25,7416,57
182,25,24654,55
183,25,1965,53
184,25,2209,48
185,25,3006,49
186,25,318855,46
187,25,363081,55
188,25,46516,57
189,25,282663,50
190,25,3295,44
191,25,107284,44
192,25,115275,48
193,25,104993,43
194,25,3209,48
195,25,2923,42
196,25,62293,43
197,25,2994,45
198,25,725173,55
199,25,842653,87
200,25,222393,56
201,25,220665,42
202,25,10547,48
203,25,45553,53
204,25,15053,43
205,25,2249,45
206,25,27078,49
207,25,21128,61
208,25,5149,57
209,25,977323,85
210,25,17536,48
211,25,299769,55
212,25,18373,66
213,25,76289,49
214,25,13527,48
215,25,62704,53
216,25,76829,44
217,25,12584,53
218,25,346492,47
219,25,105836,54
220,25,146725,44
221,25,22707,47
222,25,120270,60
223,25,167580,42
224,25,1055,45
225,25,63046,53
226,25,224037,91
227,25,214596,48
228,25,18784,73
229,25,714,50
230,25,434767,93
231,25,31369,42
232,25,117909,66
233,25,18360,42
234,25,3187877,103
235,25,2297196,92
236,25,40382,79
237,25,5598,54
238,25,10366,74
239,25,89721,47
240,25,441980,56
241,25,25223,46
242,25,260125,54
243,25,1579,55
244,25,103246,58
245,25,1818352,65
246,25,27564,45
247,25,2159827,89
248,25,525092,80
249,25,42393,60
250,25,331184,51
251,25,2558,45
252,25,1216475,102
253,25,48527,53
254,25,1783,70
255,25,535327,84
256,25,46690,74
257,25,1653174,119
258,25,34295,65
259,25,274497,99
260,25,2461591,59
261,25,8151,47
262,25,374237,40
263,25,128129,53
264,25,971649,57
265,25,68251,49
266,25,8988,54
267,25,517614,67
268,25,11687,49
269,25,62242,44
270,25,51403,51
271,25,318616,60
272,25,94071,39
273,25,61379,49
274,25,130352,68
275,25,33019,47
276,25,48749,42
277,25,131967,50
278,25,67921,50
279,25,1004544,63
280,25,213756,80
281,25,429549,76
282,25,879083,80
283,25,25633,42
284,25,371833,75
285,25,1210836,113
286,25,1116335,41
287,25,22986,44
288,25,44826,44
289,25,137171,44
290,25,347512,46
291,25,14763,42
292,25,23191,40
293,25,100658,39
294,25,6596,43
295,25,101132,54
296,25,17286,52
297,25,153,50
298,25,6362,46
299,25,70848,42
300,25,111840,48
301,25,51032,61
302,25,73736,52
303,25,36428,47
304,25,32154,45
305,25,12037,44
306,25,267741,48
307,25,266830,53
308,25,168048,47
309,25,3434,43
310,25,144815,47
311,25,306867,55
312,25,3671,42
313,25,16759,45
314,25,4936,43
315,25,5187,41
316,25,124856,48
317,25,48683,50
318,25,99484,62
319,25,5586,44
320,25,124545,43
321,25,20140,43
322,25,10535,57
323,25,4402,43
324,25,94050,59
325,25,28884,56
326,25,43176,59
327,25,77121,63
328,25,131411,50
329,25,14418,42
330,25,43727,48
331,25,15980,43
332,25,20970,47
333,25,1248,45
334,25,61192,43
335,25,11697,41
336,25,1332,44
337,25,117232,51
338,25,4101,47
339,25,467,45
340,25,377215,70
341,25,1088,48
342,25,441611,60
343,25,3574,45
344,25,2417,55
345,25,32701,45
346,25,27922,49
347,25,197483,49
348,25,217232,54
349,25,14159,56
350,25,451699,46
351,25,53491,40
352,25,171328,45
353,25,512923,39
354,25,91384,44
355,25,1815,45
356,25,10578,44
357,25,71890,50
358,25,14199,50
359,25,112198,80
360,25,3132,51
361,25,4765,44
362,25,3086,43
363,25,951,49
364,25,997,49
365,25,9889,52
366,25,8094,44
367,25,294367,43
368,25,168,50
369,25,2369,47
370,25,37920,42
371,25,9570,74
372,25,208642,46
373,25,545245,52
374,25,227840,55
375,25,461831,54
376,25,6812,48
377,25,266861,58
378,25,17096,64
379,25,723668,66
380,25,504894,60
381,25,789539,55
382,25,205651,52
383,25,23028,42
384,25,145891,47
385,25,79941,49
386,25,4315,63
387,25,789301,92
388,25,738662,90
389,25,15930,48
390,25,747980,82
391,25,7377,48
392,25,1446,54
393,25,21782,54
394,25,2594866,129
395,25,6124,74
396,25,3985,45
397,25,102581,45
398,25,7076,43
399,25,536,44
400,25,10284,43
401,25,23248,48
402,25,31345,43
403,25,85776,46
404,25,14498,48
405,25,244129,41
406,25,92860,39
407,25,83692,44
408,25,30140,50
409,25,68980,48
410,25,3045,45
411,25,162,50
412,25,2088,50
413,25,1862,53
414,25,766333,53
415,25,4036,58
416,25,11096,46
417,25,20663,63
418,25,19492,53
419,25,1122,54
420,25,211376,40
421,25,543515,44
422,25,65786,48
423,25,91557,49
424,25,66084,48
425,25,23433,46
426,25,7395,48
427,25,8985,56
428,25,907,54
429,25,16191,43
430,25,5502,48
431,25,1828,45
432,25,21388,54
433,25,8894,45
434,25,28007,50
435,25,35742,60
436,25,26790,49
437,25,108936,55
438,25,215814,44
439,25,925,45
440,25,47411,47
441,25,14934,43
442,25,36922,48
443,25,211552,51
444,25,339629,45
445,25,5757,42
446,25,90435,45
447,25,131526,49
448,25,25490,58
449,25,54931,68
450,25,8544,53
451,25,21919,50
452,25,90845,44
453,25,98559,68
454,25,11606,74
455,25,634,55
456,25,8832,44
457,25,20922,58
458,25,11465,55
459,25,18361,45
460,25,1727,50
461,25,30748,43
462,25,11918,43
463,25,123419,50
464,25,110753,44
465,25,98277,39
466,25,2528,49
467,25,10404,43
468,25,1084300,46
469,25,487678,48
470,25,215590,55
471,25,2405,48
472,25,540730,104
473,25,6798,42
474,25,10556,44
475,25,166204,47
476,25,1686,49
477,25,51499,44
478,25,5951,50
479,25,303952,43
480,25,12637,47
481,25,1093,52
482,25,5913,47
483,25,144969,50
484,25,19619,63
485,25,2846,43
486,25,10427,43
487,25,395649,67
488,25,41553,55
489,25,2070,48
490,25,4647,53
491,25,6752,43
492,25,1281,47
493,25,2303,47
494,25,733923,39
495,25,5328,50
496,25,11779,44
497,25,235430,54
498,25,49211,40
499,25,8986,49
500,25,6615,48
501,25,698770,63
502,25,11518,50
503,25,661,45
504,25,3701,43
505,25,105704,45
506,25,23451,40
507,25,1137,45
508,25,10941,40
509,25,478,60
510,25,2993,44
511,25,302,45
512,25,110594,54
513,25,1516,49
514,25,1723,44
515,25,4475,43
516,25,2173,44
517,25,2886,59
518,25,36864,63
519,25,1629,47
520,25,28163,60
521,25,1120,45
522,25,438,48
523,25,9119,95
524,25,541,49
525,25,4142,50
526,25,577,50
527,25,5552,55
528,25,23904,45
529,25,12655,40
530,25,1264,44
531,25,1339,45
532,25,38686,59
533,25,10044,48
534,25,1220,45
535,25,14322,43
536,25,903,45
537,25,30610,43
538,25,1594,44
539,25,917,54
540,25,49131,40
541,25,13815,49
542,25,10738,57
543,25,14351,59
544,25,501,44
545,25,7611,40
546,25,8549,45
547,25,10784,40
548,25,311299,47
549,25,12522,40
550,25,6089,40
551,25,678,50
552,25,445,45
553,25,446,45
554,25,11990,40
555,25,5269,40
556,25,29912,40
557,25,10170,40
558,25,478,45
559,25,406,50
560,25,1753,50
561,25,4009,40
562,25,42451,45
563,25,307,45
564,25,1764,45
565,25,4384,42
566,25,4966,40
567,25,3544,50
568,25,781,44
569,25,4111,40
570,25,7474,40
571,25,229,44
572,25,2169,40
573,25,700,45
574,25,8518,40
575,25,200,44
576,25,4480,40
577,25,30879,45
578,25,3034,40
579,25,105,45
580,25,410,45
581,25,10974,45
582,25,5785,40
583,25,142,45
584,25,78,45
585,25,135,45
586,25,1548,40
587,25,294,45
588,25,117,45
589,25,2147,60
590,25,1568,45
591,25,685,45
592,25,41503,75
593,25,843,55
594,25,16197,45
595,25,315,45
596,25,2554,40
597,25,261,45
598,25,4005,40
599,25,369,45
600,25,287,45
601,25,3993,50
602,25,89,45
603,25,16704,45
604,25,341,60
605,25,140,45
606,25,60,50
607,25,7158,65
608,25,4121,65
609,25,2386,60
610,25,903,45
611,25,0,45
612,25,0,55
613,25,0,45
1,26,11137,48
2,26,276847,54
3,26,33577,40
4,26,91986,60
5,26,27598,48
6,26,2508,50
7,26,707969,61
8,26,25905,50
9,26,8114,45
10,26,513094,57
11,26,34620,45
12,26,178683,55
13,26,382494,59
14,26,271831,118
15,26,348506,72
16,26,157698,93
17,26,2896,69
18,26,156884,69
19,26,216821,57
20,26,30128,43
21,26,47398,51
22,26,183966,42
23,26,422994,52
24,26,67344,54
25,26,100156,82
26,26,41440,73
27,26,6019,74
28,26,463406,103
29,26,236629,45
30,26,72172,41
31,26,126788,40
32,26,74536,43
33,26,73349,47
34,26,369899,47
35,26,21471,48
36,26,8641,43
37,26,157241,39
38,26,308171,50
39,26,19462,47
40,26,4357,47
41,26,246588,46
42,26,31814,59
43,26,5579,48
44,26,2167,50
45,26,92355,48
46,26,58041,43
47,26,69690,51
48,26,518233,59
49,26,10119,57
50,26,8034,49
51,26,59852,70
52,26,73250,76
53,26,55920,40
54,26,148897,45
55,26,210118,45
56,26,224056,46
57,26,344998,39
58,26,82347,45
59,26,9132,44
60,26,208085,39
61,26,164067,39
62,26,31779,55
63,26,78318,45
64,26,6125,44
65,26,8201,43
66,26,13339,49
67,26,1886,47
68,26,323,45
69,26,2309,47
70,26,850270,58
71,26,125376,57
72,26,66504,48
73,26,1564,49
74,26,84017,47
75,26,340,45
76,26,99597,43
77,26,805055,49
78,26,365871,47
79,26,227557,47
80,26,357472,41
81,26,34886,42
82,26,17277,49
83,26,1178,44
84,26,44817,50
85,26,18401,54
86,26,11256,54
87,26,26397,53
88,26,6753,43
89,26,4164,51
90,26,174028,46
91,26,111734,57
92,26,96279,63
93,26,54674,52
94,26,681969,55
95,26,3658,47
96,26,9270,48
97,26,1291557,70
98,26,152418,62
99,26,108877,54
100,26,1533416,74
101,26,442351,57
102,26,103448,64
103,26,238231,59
104,26,477674,107
105,26,167063,68
106,26,409016,68
107,26,474506,48
108,26,207752,45
109,26,72388,77
110,26,32630,47
111,26,670958,49
112,26,38361,42
113,26,33310,81
114,26,19611,95
115,26,92034,43
116,26,285400,41
117,26,168489,44
118,26,17216,46
119,26,9367,47
120,26,72289,42
121,26,11217,42
122,26,1303,45
123,26,12828,47
124,26,46152,51
125,26,15559,45
126,26,293832,69
127,26,216919,43
128,26,16605,43
129,26,13659,53
130,26,9916,49
131,26,66049,56
132,26,266959,47
133,26,1630,54
134,26,144389,76
135,26,466868,49
136,26,8526,43
137,26,18214,42
138,26,164224,56
139,26,16087,64
140,26,135702,47
141,26,4163,40
142,26,816,49
143,26,145215,52
144,26,109664,43
145,26,252426,44
146,26,256949,53
147,26,8023,64
148,26,44378,60
149,26,9857,73
150,26,1269,49
151,26,53282,45
152,26,9755,42
153,26,6643,54
154,26,28950,47
155,26,43490,48
156,26,21597,51
157,26,3787,51
158,26,17977,69
159,26,320675,52
160,26,20816,70
161,26,668436,73
162,26,181096,39
163,26,408783,46
164,26,187330,46
165,26,83766,44
166,26,14105,47
167,26,2939,42
168,26,14897,40
169,26,6620,39
170,26,6349,40
171,26,368145,45
172,26,341863,54
173,26,3342,48
174,26,14417,44
175,26,11377,44
176,26,5051,43
177,26,272,45
178,26,5025,43
179,26,346,45
180,26,964,45
181,26,7368,57
182,26,23989,55
183,26,1957,53
184,26,2166,48
185,26,3009,49
186,26,309455,46
187,26,288510,54
188,26,44723,57
189,26,294154,50
190,26,3313,44
191,26,102141,44
192,26,114076,48
193,26,106907,43
194,26,3322,48
195,26,2947,42
196,26,80919,43
197,26,2608,45
198,26,748538,55
199,26,544972,87
200,26,225631,56
201,26,219239,42
202,26,10358,48
203,26,45512,53
204,26,18552,43
205,26,2243,45
206,26,29124,49
207,26,20852,61
208,26,5149,57
209,26,1022144,86
210,26,23028,48
211,26,279220,54
212,26,20436,66
213,26,73174,48
214,26,14496,48
215,26,62983,53
216,26,76158,44
217,26,12542,53
218,26,356205,47
219,26,105843,54
220,26,121198,44
221,26,29273,47
222,26,120155,60
223,26,156615,42
224,26,1056,45
225,26,63409,53
226,26,218972,91
227,26,264045,48
228,26,18280,73
229,26,712,50
230,26,430976,93
231,26,30674,42
232,26,117291,66
233,26,19750,42
234,26,3211480,103
235,26,2270476,92
236,26,61504,79
237,26,5563,54
238,26,10355,74
239,26,88327,47
240,26,445882,56
241,26,25240,46
242,26,226187,54
243,26,1578,55
244,26,103311,58
245,26,1805713,65
246,26,25369,45
247,26,2229642,90
248,26,443591,80
249,26,42353,60
250,26,367333,51
251,26,2556,45
252,26,1300477,103
253,26,49510,53
254,26,1803,70
255,26,421456,83
256,26,54615,74
257,26,1714874,119
258,26,34586,65
259,26,269613,99
260,26,2480966,59
261,26,8169,47
262,26,368070,40
263,26,156238,53
264,26,981627,57
265,26,58216,49
266,26,8778,54
267,26,553008,68
268,26,11679,49
269,26,67017,44
270,26,50701,51
271,26,316690,60
272,26,90905,39
273,26,58871,49
274,26,128021,68
275,26,32061,47
276,26,50575,42
277,26,136643,50
278,26,67760,50
279,26,976551,63
280,26,297260,81
281,26,465592,77
282,26,911746,80
283,26,26935,42
284,26,351082,75
285,26,1207723,113
286,26,1080138,41
287,26,22148,44
288,26,43641,44
289,26,142045,44
290,26,394520,46
291,26,15868,42
292,26,22834,40
293,26,99187,39
294,26,6398,43
295,26,96264,54
296,26,17146,52
297,26,153,50
298,26,6523,46
299,26,69049,42
300,26,107694,48
301,26,47922,61
302,26,67555,52
303,26,35496,47
304,26,32480,45
305,26,12021,44
306,26,257910,47
307,26,265008,53
308,26,158638,47
309,26,3346,43
310,26,143397,47
311,26,286857,55
312,26,3690,42
313,26,20865,45
314,26,4747,43
315,26,5196,41
316,26,120946,48
317,26,85131,50
318,26,96003,62
319,26,5544,44
320,26,123775,43
321,26,20597,43
322,26,10275,57
323,26,4472,43
324,26,92911,59
325,26,27119,56
326,26,39516,59
327,26,73614,63
328,26,129035,50
329,26,14515,42
330,26,48759,48
331,26,15437,43
332,26,21600,47
333,26,1243,45
334,26,62560,43
335,26,11649,41
336,26,1291,44
337,26,119627,51
338,26,4139,47
339,26,468,45
340,26,239999,69
341,26,1094,48
342,26,445687,61
343,26,3558,45
344,26,2412,55
345,26,31720,45
346,26,27630,48
347,26,181435,49
348,26,197468,54
349,26,14070,56
350,26,475039,46
351,26,53236,40
352,26,186058,45
353,26,514661,39
354,26,99497,44
355,26,1810,45
356,26,19053,44
357,26,111480,50
358,26,14354,50
359,26,113173,80
360,26,3131,51
361,26,4765,44
362,26,3036,43
363,26,1094,49
364,26,995,49
365,26,10028,52
366,26,10497,44
367,26,295129,43
368,26,168,50
369,26,2353,47
370,26,34550,42
371,26,9398,73
372,26,187304,46
373,26,684371,53
374,26,211831,55
375,26,460096,54
376,26,6796,48
377,26,265803,58
378,26,17221,64
379,26,722821,66
380,26,497066,60
381,26,803487,55
382,26,221502,52
383,26,21329,42
384,26,147005,47
385,26,80539,49
386,26,4362,63
387,26,821593,92
388,26,725197,89
389,26,15904,48
390,26,732213,81
391,26,7014,48
392,26,1346,54
393,26,21679,54
394,26,2527679,129
395,26,6108,74
396,26,3947,45
397,26,92828,45
398,26,7025,42
399,26,533,44
400,26,10901,43
401,26,23096,48
402,26,30873,43
403,26,80164,46
404,26,13332,48
405,26,249190,41
406,26,91088,39
407,26,78600,43
408,26,29052,50
409,26,68461,48
410,26,3028,45
411,26,161,50
412,26,2082,50
413,26,1827,53
414,26,756664,53
415,26,4036,58
416,26,10474,46
417,26,20520,63
418,26,19314,53
419,26,1112,54
420,26,211036,40
421,26,561443,44
422,26,65268,48
423,26,83548,49
424,26,76108,48
425,26,23481,46
426,26,7095,48
427,26,8933,56
428,26,907,54
429,26,16382,43
430,26,5475,48
431,26,1852,45
432,26,21473,54
433,26,8768,45
434,26,27974,50
435,26,34885,60
436,26,24932,49
437,26,133766,56
438,26,213442,44
439,26,922,45
440,26,47209,47
441,26,15438,43
442,26,36288,48
443,26,204505,51
444,26,325466,45
445,26,6072,42
446,26,62577,44
447,26,128917,49
448,26,25391,58
449,26,55144,68
450,26,16096,53
451,26,21433,50
452,26,75462,44
453,26,80339,67
454,26,11684,74
455,26,632,55
456,26,8746,44
457,26,17306,58
458,26,10793,55
459,26,18557,45
460,26,1735,50
461,26,29640,43
462,26,10997,43
463,26,119051,50
464,26,110289,44
465,26,99722,39
466,26,2514,49
467,26,10087,43
468,26,1106897,46
469,26,504091,48
470,26,118975,54
471,26,2341,48
472,26,494180,104
473,26,6815,42
474,26,10996,44
475,26,173004,47
476,26,1684,49
477,26,49045,44
478,26,5573,50
479,26,298571,43
480,26,12000,47
481,26,1077,52
482,26,5854,47
483,26,133084,50
484,26,19570,63
485,26,2865,43
486,26,9946,43
487,26,397151,67
488,26,37086,55
489,26,2071,48
490,26,4700,53
491,26,6783,43
492,26,1271,47
493,26,2367,47
494,26,753309,39
495,26,5198,50
496,26,11744,44
497,26,242708,54
498,26,49911,40
499,26,9045,49
500,26,6512,48
501,26,646181,62
502,26,14085,50
503,26,660,45
504,26,3763,43
505,26,100240,45
506,26,23465,40
507,26,1138,45
508,26,10877,40
509,26,477,60
510,26,3208,44
511,26,302,45
512,26,109779,54
513,26,1503,49
514,26,1682,44
515,26,4394,43
516,26,2023,44
517,26,2899,59
518,26,35240,62
519,26,35323,47
520,26,28325,60
521,26,1123,45
522,26,442,48
523,26,9029,95
524,26,539,49
525,26,3836,50
526,26,582,50
527,26,4781,55
528,26,23124,45
529,26,12315,40
530,26,1277,44
531,26,1355,45
532,26,32844,59
533,26,9745,48
534,26,1227,45
535,26,13636,43
536,26,1509,45
537,26,27734,43
538,26,2088,44
539,26,922,54
540,26,49205,40
541,26,15898,49
542,26,9875,57
543,26,14316,59
544,26,514,44
545,26,7642,40
546,26,7503,45
547,26,10896,40
548,26,308697,48
549,26,12278,40
550,26,5854,40
551,26,918,50
552,26,459,45
553,26,451,45
554,26,12253,40
555,26,5393,40
556,26,28906,40
557,26,10189,40
558,26,500,45
559,26,413,50
560,26,1838,50
561,26,3720,40
562,26,39166,45
563,26,313,45
564,26,1625,45
565,26,4421,42
566,26,5039,40
567,26,3459,50
568,26,892,44
569,26,4184,40
570,26,7830,40
571,26,253,44
572,26,2099,40
573,26,726,45
574,26,8950,40
575,26,228,44
576,26,4579,40
577,26,33569,45
578,26,3462,40
579,26,114,45
580,26,390,45
581,26,10470,45
582,26,5932,40
583,26,308,45
584,26,94,45
585,26,130,45
586,26,1767,40
587,26,320,45
588,26,138,45
589,26,2281,60
590,26,1309,45
591,26,965,44
592,26,22920,72
593,26,784,55
594,26,23449,45
595,26,350,44
596,26,2391,40
597,26,352,45
598,26,5630,40
599,26,398,45
600,26,390,45
601,26,5112,50
602,26,129,45
603,26,26392,45
604,26,444,60
605,26,208,45
606,26,94,50
607,26,7133,65
608,26,8479,65
609,26,13626,60
610,26,3981,45
611,26,9,45
612,26,93506,55
613,26,50,45
614,26,759,55
615,26,46,50
616,26,94852,105
617,26,4409,80
618,26,186,45
619,26,519,55
620,26,3292,55
621,26,330,45
622,26,1097,55
623,26,0,45
624,26,0,40
625,26,0,40
1,27,11522,48
2,27,257265,54
3,27,33447,40
4,27,107674,60
5,27,27565,47
6,27,2537,50
7,27,685954,61
8,27,23229,50
9,27,8131,45
10,27,462966,57
11,27,33701,45
12,27,176414,55
13,27,371893,59
14,27,301803,118
15,27,445883,73
16,27,151399,93
17,27,2947,69
18,27,290886,70
19,27,180322,57
20,27,29778,43
21,27,48323,51
22,27,184573,42
23,27,406405,52
24,27,56813,53
25,27,125339,82
26,27,40705,73
27,27,6023,74
28,27,404721,102
29,27,239105,45
30,27,71935,41
31,27,126399,40
32,27,88466,43
33,27,66851,47
34,27,395963,47
35,27,20256,48
36,27,8566,43
37,27,162419,39
38,27,356169,50
39,27,19392,47
40,27,4333,47
41,27,227864,45
42,27,26155,59
43,27,5562,48
44,27,2213,50
45,27,119997,49
46,27,62821,43
47,27,65048,51
48,27,589936,60
49,27,9791,57
50,27,13545,49
51,27,64608,70
52,27,72681,76
53,27,55457,40
54,27,147381,45
55,27,203481,45
56,27,221686,46
57,27,343726,39
58,27,75113,45
59,27,9396,44
60,27,208089,39
61,27,168376,39
62,27,31040,55
63,27,75504,45
64,27,6215,44
65,27,8136,43
66,27,12983,49
67,27,1864,47
68,27,323,45
69,27,2213,47
70,27,956617,58
71,27,157058,57
72,27,65224,47
73,27,1601,49
74,27,82979,47
75,27,339,45
76,27,126334,43
77,27,844415,49
78,27,365116,47
79,27,174784,46
80,27,365697,41
81,27,48117,42
82,27,16263,49
83,27,1147,44
84,27,74822,50
85,27,17136,54
86,27,11198,54
87,27,25916,53
88,27,6824,43
89,27,4134,51
90,27,169147,46
91,27,112501,57
92,27,89569,63
93,27,53931,52
94,27,669054,55
95,27,3678,47
96,27,8381,48
97,27,1283787,70
98,27,152237,62
99,27,111808,54
100,27,1329047,73
101,27,442341,57
102,27,109368,64
103,27,224829,59
104,27,474133,107
105,27,164319,68
106,27,403383,68
107,27,469062,48
108,27,182349,45
109,27,66227,77
110,27,38439,47
111,27,658358,49
112,27,38679,42
113,27,31589,81
114,27,19622,95
115,27,102218,43
116,27,270782,41
117,27,162273,44
118,27,16575,46
119,27,9321,47
120,27,57267,42
121,27,11234,42
122,27,1326,45
123,27,12106,47
124,27,46497,51
125,27,15241,45
126,27,212351,69
127,27,219173,43
128,27,16413,43
129,27,13671,53
130,27,6725,49
131,27,61767,56
132,27,311998,48
133,27,1662,54
134,27,144020,76
135,27,458928,49
136,27,8479,43
137,27,17958,42
138,27,162403,56
139,27,18240,64
140,27,133761,47
141,27,4208,40
142,27,830,49
143,27,143111,52
144,27,101906,42
145,27,227033,44
146,27,256266,53
147,27,8497,64
148,27,43930,60
149,27,8963,73
150,27,1249,49
151,27,52405,45
152,27,9741,42
153,27,8298,54
154,27,28907,47
155,27,43499,48
156,27,21535,51
157,27,3673,51
158,27,17898,69
159,27,312629,52
160,27,20490,70
161,27,611973,73
162,27,219024,39
163,27,413012,46
164,27,166681,46
165,27,77061,44
166,27,13538,47
167,27,2976,42
168,27,14267,40
169,27,6885,39
170,27,6272,40
171,27,361853,45
172,27,327985,53
173,27,3358,48
174,27,14313,44
175,27,11323,44
176,27,4607,43
177,27,273,45
178,27,5031,43
179,27,345,45
180,27,975,45
181,27,7289,57
182,27,23501,55
183,27,1928,53
184,27,2123,48
185,27,3128,49
186,27,310825,46
187,27,215213,53
188,27,43834,57
189,27,287572,50
190,27,3360,44
191,27,97067,44
192,27,112723,48
193,27,111214,43
194,27,3435,48
195,27,2983,42
196,27,72503,43
197,27,2274,45
198,27,727628,55
199,27,375598,86
200,27,193750,56
201,27,217287,42
202,27,10207,48
203,27,41144,53
204,27,17929,43
205,27,2227,45
206,27,28354,49
207,27,20624,61
208,27,5071,57
209,27,1008454,86
210,27,23978,48
211,27,234136,54
212,27,20406,66
213,27,71119,48
214,27,23186,48
215,27,67315,53
216,27,75489,44
217,27,12509,53
218,27,287011,47
219,27,105560,54
220,27,100705,43
221,27,29252,47
222,27,122529,60
223,27,167242,42
224,27,1059,45
225,27,63760,53
226,27,213633,91
227,27,277419,48
228,27,18020,73
229,27,710,50
230,27,424774,93
231,27,29768,42
232,27,116423,66
233,27,20539,42
234,27,3331540,104
235,27,2259386,92
236,27,60682,79
237,27,5666,54
238,27,10327,74
239,27,86924,47
240,27,444446,56
241,27,25269,46
242,27,209925,54
243,27,1572,55
244,27,104693,58
245,27,1805267,65
246,27,23398,45
247,27,2174653,90
248,27,379736,79
249,27,42280,60
250,27,370174,51
251,27,2558,45
252,27,1314931,103
253,27,49838,53
254,27,1831,70
255,27,369494,83
256,27,62401,74
257,27,1681474,119
258,27,36209,65
259,27,263511,99
260,27,2517780,59
261,27,8258,47
262,27,362900,40
263,27,231016,54
264,27,914481,57
265,27,72477,49
266,27,11139,54
267,27,663578,69
268,27,11685,49
269,27,68343,44
270,27,49847,51
271,27,314087,60
272,27,87920,39
273,27,56680,49
274,27,129865,68
275,27,30954,47
276,27,51797,42
277,27,116103,50
278,27,67358,50
279,27,839443,62
280,27,254643,81
281,27,746323,78
282,27,839984,80
283,27,32430,42
284,27,333464,74
285,27,1197467,113
286,27,1052780,41
287,27,21913,44
288,27,42351,44
289,27,127589,44
290,27,409467,46
291,27,16579,42
292,27,22410,40
293,27,97531,39
294,27,6328,43
295,27,91231,54
296,27,17023,52
297,27,154,50
298,27,9165,46
299,27,65931,42
300,27,97729,48
301,27,45952,61
302,27,66560,52
303,27,34587,47
304,27,33364,45
305,27,11914,44
306,27,248114,47
307,27,261998,53
308,27,147404,47
309,27,3248,43
310,27,141528,47
311,27,314287,55
312,27,3643,42
313,27,36511,45
314,27,4610,42
315,27,5245,41
316,27,113012,48
317,27,158604,51
318,27,91446,62
319,27,5498,44
320,27,122154,43
321,27,20376,43
322,27,10262,57
323,27,4537,43
324,27,91626,59
325,27,25476,56
326,27,36804,59
327,27,72035,62
328,27,131409,50
329,27,14686,42
330,27,54580,48
331,27,15622,43
332,27,23038,47
333,27,1233,45
334,27,46648,43
335,27,11749,41
336,27,1248,44
337,27,114336,51
338,27,4082,47
339,27,468,45
340,27,199167,68
341,27,1109,48
342,27,498686,61
343,27,3529,45
344,27,2406,55
345,27,30272,45
346,27,26001,48
347,27,170263,49
348,27,179371,54
349,27,14084,56
350,27,501453,46
351,27,53006,40
352,27,217672,45
353,27,502418,39
354,27,206042,45
355,27,1793,45
356,27,23088,44
357,27,186360,51
358,27,15232,50
359,27,112031,80
360,27,3150,51
361,27,4692,44
362,27,2961,43
363,27,2198,49
364,27,993,49
365,27,9530,52
366,27,15111,44
367,27,293872,43
368,27,169,50
369,27,2439,47
370,27,31598,42
371,27,9393,73
372,27,167995,46
373,27,791048,54
374,27,206068,54
375,27,459338,54
376,27,6791,48
377,27,266870,58
378,27,17577,64
379,27,732658,66
380,27,496221,60
381,27,860340,55
382,27,235560,52
383,27,19944,41
384,27,145034,47
385,27,81628,49
386,27,4822,63
387,27,834190,92
388,27,703102,89
389,27,17311,48
390,27,687276,81
391,27,6817,48
392,27,1231,54
393,27,21386,53
394,27,2541567,128
395,27,6101,74
396,27,3922,45
397,27,85683,45
398,27,6956,42
399,27,539,44
400,27,11786,43
401,27,23845,48
402,27,30341,43
403,27,62292,46
404,27,25411,48
405,27,261618,41
406,27,88749,39
407,27,73432,43
408,27,27397,50
409,27,67974,48
410,27,3004,45
411,27,161,50
412,27,2076,50
413,27,1797,53
414,27,820583,54
415,27,4710,58
416,27,9741,46
417,27,24067,63
418,27,19299,53
419,27,1108,54
420,27,210834,40
421,27,555937,44
422,27,64298,48
423,27,73918,49
424,27,75939,48
425,27,23307,46
426,27,6767,48
427,27,8873,56
428,27,903,54
429,27,16508,43
430,27,5401,47
431,27,1879,45
432,27,21130,54
433,27,8579,45
434,27,29271,50
435,27,36283,60
436,27,23233,49
437,27,114618,55
438,27,207755,44
439,27,916,45
440,27,47191,47
441,27,15644,43
442,27,36036,48
443,27,193060,51
444,27,304290,45
445,27,6353,42
446,27,48643,43
447,27,126161,49
448,27,25243,58
449,27,55589,68
450,27,17267,53
451,27,20600,50
452,27,63195,44
453,27,72483,67
454,27,12067,74
455,27,630,55
456,27,8642,44
457,27,15492,57
458,27,10363,55
459,27,19084,45
460,27,1774,50
461,27,28144,43
462,27,10744,43
463,27,93894,50
464,27,119828,44
465,27,102240,39
466,27,2504,49
467,27,9683,43
468,27,1180138,47
469,27,557982,49
470,27,82989,53
471,27,2287,48
472,27,457456,104
473,27,6843,42
474,27,11037,44
475,27,197476,47
476,27,1683,49
477,27,46271,44
478,27,5063,50
479,27,293747,43
480,27,11680,47
481,27,1053,52
482,27,5805,47
483,27,159523,50
484,27,19557,63
485,27,2927,43
486,27,9353,43
487,27,429832,67
488,27,32523,55
489,27,2074,47
490,27,4815,53
491,27,6791,43
492,27,1279,47
493,27,2432,47
494,27,768233,39
495,27,5028,50
496,27,11597,44
497,27,228226,54
498,27,51312,40
499,27,9344,49
500,27,8749,48
501,27,590904,62
502,27,16328,50
503,27,655,45
504,27,3859,43
505,27,93700,45
506,27,23549,40
507,27,1163,45
508,27,10780,40
509,27,476,60
510,27,3285,44
511,27,303,45
512,27,108864,54
513,27,1552,49
514,27,1611,44
515,27,4312,43
516,27,1889,44
517,27,3617,59
518,27,33794,62
519,27,40288,47
520,27,29058,60
521,27,1195,45
522,27,445,48
523,27,8945,95
524,27,528,49
525,27,3859,50
526,27,596,50
527,27,4106,55
528,27,22284,45
529,27,11817,40
530,27,1323,44
531,27,1357,45
532,27,31679,59
533,27,9223,48
534,27,1252,45
535,27,12840,43
536,27,2078,45
537,27,28175,43
538,27,2414,44
539,27,920,54
540,27,49364,40
541,27,15031,49
542,27,8190,57
543,27,14435,59
544,27,539,44
545,27,7729,40
546,27,6265,45
547,27,11083,40
548,27,325206,48
549,27,12012,40
550,27,5629,40
551,27,848,50
552,27,475,45
553,27,462,45
554,27,12607,40
555,27,5631,40
556,27,27945,40
557,27,10262,40
558,27,527,45
559,27,436,50
560,27,1943,50
561,27,3414,40
562,27,35371,45
563,27,318,45
564,27,1494,45
565,27,4551,42
566,27,5228,40
567,27,2845,50
568,27,1007,44
569,27,4311,40
570,27,8344,40
571,27,294,44
572,27,1945,40
573,27,746,45
574,27,9483,40
575,27,224,44
576,27,4688,40
577,27,38347,45
578,27,3759,40
579,27,123,45
580,27,356,45
581,27,9944,45
582,27,6212,40
583,27,359,45
584,27,99,45
585,27,123,45
586,27,2018,40
587,27,352,45
588,27,140,45
589,27,2066,60
590,27,1087,45
591,27,1486,44
592,27,16372,70
593,27,666,54
594,27,45572,45
595,27,369,44
596,27,2030,40
597,27,433,45
598,27,7883,40
599,27,402,45
600,27,585,45
601,27,7945,50
602,27,176,45
603,27,38767,45
604,27,964,60
605,27,208,45
606,27,95,50
607,27,6804,65
608,27,11852,65
609,27,204123,60
610,27,4484,45
611,27,10,45
612,27,96607,55
613,27,110,45
614,27,1203,55
615,27,84,50
616,27,326792,105
617,27,3327,80
618,27,272,45
619,27,1448,55
620,27,4754,55
621,27,515,45
622,27,1264,55
623,27,99,45
624,27,745,40
625,27,361,40
626,27,8923,45
627,27,0,45
1,28,11563,48
2,28,255105,53
3,28,33406,40
4,28,106470,60
5,28,27649,47
6,28,2613,50
7,28,655806,60
8,28,23367,50
9,28,8159,45
10,28,498577,57
11,28,33353,44
12,28,168315,54
13,28,361924,58
14,28,255397,118
15,28,419582,73
16,28,136024,93
17,28,3018,69
18,28,220276,70
19,28,163411,56
20,28,29518,43
21,28,44374,51
22,28,196299,42
23,28,397227,52
24,28,55740,53
25,28,108655,82
26,28,41322,73
27,28,6048,74
28,28,375137,102
29,28,237641,45
30,28,71577,41
31,28,126111,40
32,28,90105,43
33,28,65528,46
34,28,397158,47
35,28,20360,48
36,28,8494,43
37,28,169256,39
38,28,363088,50
39,28,19463,47
40,28,4304,47
41,28,215992,45
42,28,34123,59
43,28,5669,48
44,28,2261,50
45,28,120485,49
46,28,67145,43
47,28,68243,51
48,28,570029,60
49,28,9608,57
50,28,12973,49
51,28,64694,70
52,28,72217,76
53,28,55059,40
54,28,158175,45
55,28,201282,45
56,28,222403,46
57,28,344650,39
58,28,69460,45
59,28,9870,44
60,28,210036,39
61,28,173868,39
62,28,30731,55
63,28,87875,45
64,28,6426,44
65,28,8100,43
66,28,12853,48
67,28,1849,47
68,28,321,45
69,28,2142,47
70,28,1014247,59
71,28,160348,57
72,28,64696,47
73,28,1624,49
74,28,82047,47
75,28,335,45
76,28,144277,43
77,28,856216,49
78,28,371252,47
79,28,148300,45
80,28,378579,41
81,28,55005,42
82,28,15252,49
83,28,1154,44
84,28,88383,51
85,28,16453,54
86,28,11101,54
87,28,25466,53
88,28,6912,43
89,28,4098,51
90,28,169255,46
91,28,112407,57
92,28,84710,63
93,28,51891,52
94,28,651605,54
95,28,3688,47
96,28,8011,48
97,28,1253016,70
98,28,150061,62
99,28,110323,54
100,28,1176922,72
101,28,439020,57
102,28,116748,64
103,28,210472,59
104,28,458605,107
105,28,163120,68
106,28,433405,68
107,28,467262,47
108,28,167171,44
109,28,64529,77
110,28,44665,47
111,28,654465,49
112,28,39561,42
113,28,30937,81
114,28,19610,95
115,28,105878,43
116,28,255643,41
117,28,153180,44
118,28,16094,46
119,28,9289,47
120,28,48430,42
121,28,11273,42
122,28,1340,45
123,28,11626,47
124,28,46241,51
125,28,14979,44
126,28,182974,68
127,28,221521,43
128,28,17693,42
129,28,13564,53
130,28,5580,49
131,28,58537,56
132,28,398195,49
133,28,1684,54
134,28,139719,76
135,28,451509,49
136,28,8508,42
137,28,17734,42
138,28,160813,56
139,28,16256,64
140,28,129598,47
141,28,4277,40
142,28,853,49
143,28,139643,52
144,28,97321,42
145,28,209941,43
146,28,255654,53
147,28,8358,64
148,28,43563,60
149,28,8471,73
150,28,1240,49
151,28,52370,45
152,28,9773,42
153,28,8791,54
154,28,28795,47
155,28,42651,48
156,28,23682,51
157,28,3591,51
158,28,17880,69
159,28,269807,51
160,28,20280,70
161,28,583095,72
162,28,253315,39
163,28,410706,46
164,28,164489,46
165,28,72802,44
166,28,12900,47
167,28,2968,42
168,28,13688,40
169,28,7286,39
170,28,6223,40
171,28,358869,45
172,28,290172,53
173,28,4711,48
174,28,14390,44
175,28,11355,44
176,28,4354,43
177,28,272,45
178,28,5096,43
179,28,346,45
180,28,998,45
181,28,7289,57
182,28,23449,55
183,28,1899,53
184,28,2175,48
185,28,3304,49
186,28,302726,46
187,28,180730,52
188,28,59397,57
189,28,294148,50
190,28,3425,43
191,28,97002,44
192,28,115439,48
193,28,115617,43
194,28,3589,48
195,28,3051,42
196,28,73335,43
197,28,2106,45
198,28,755917,55
199,28,483808,86
200,28,194435,56
201,28,222681,42
202,28,10180,48
203,28,38964,53
204,28,17415,43
205,28,2221,45
206,28,29507,49
207,28,20431,61
208,28,5097,57
209,28,1128951,87
210,28,23899,48
211,28,198154,53
212,28,19447,66
213,28,69330,48
214,28,49027,48
215,28,67113,53
216,28,74018,44
217,28,12477,53
218,28,260890,47
219,28,108457,54
220,28,94608,43
221,28,25526,47
222,28,122944,60
223,28,186165,43
224,28,1058,45
225,28,63801,53
226,28,208810,91
227,28,289932,48
228,28,18283,73
229,28,713,50
230,28,475332,93
231,28,29067,42
232,28,116387,66
233,28,21500,42
234,28,3455913,105
235,28,2386021,93
236,28,45349,79
237,28,5854,54
238,28,10310,74
239,28,85313,47
240,28,432852,56
241,28,25375,46
242,28,202533,54
243,28,1569,55
244,28,104438,58
245,28,1717916,64
246,28,22532,45
247,28,1948718,89
248,28,363403,79
249,28,41984,60
250,28,366271,51
251,28,2550,45
252,28,1407421,104
253,28,52976,53
254,28,1835,70
255,28,381087,83
256,28,53643,74
257,28,1696285,120
258,28,36638,65
259,28,258609,99
260,28,2505094,59
261,28,8358,47
262,28,359623,40
263,28,221665,54
264,28,666183,56
265,28,62906,49
266,28,9553,54
267,28,641614,69
268,28,11729,49
269,28,67097,44
270,28,49109,51
271,28,314504,60
272,28,86067,39
273,28,55855,49
274,28,126569,68
275,28,30157,47
276,28,54803,42
277,28,110471,49
278,28,66277,50
279,28,689007,61
280,28,216369,80
281,28,708116,78
282,28,705949,79
283,28,40945,42
284,28,309151,74
285,28,1145810,112
286,28,1031507,41
287,28,20031,44
288,28,46208,44
289,28,116099,44
290,28,461026,47
291,28,24541,42
292,28,22074,40
293,28,96822,39
294,28,7637,43
295,28,99513,54
296,28,18071,52
297,28,155,50
298,28,12540,46
299,28,63915,42
300,28,93157,48
301,28,46378,61
302,28,65133,52
303,28,33799,47
304,28,34888,45
305,28,12293,44
306,28,240830,47
307,28,261016,53
308,28,133489,46
309,28,3163,43
310,28,140869,47
311,28,405043,56
312,28,3664,42
313,28,44231,45
314,28,4674,42
315,28,5328,41
316,28,105149,47
317,28,197187,51
318,28,90604,62
319,28,5471,44
320,28,122098,43
321,28,20935,43
322,28,9800,57
323,28,4594,43
324,28,90559,59
325,28,23366,56
326,28,34973,59
327,28,71162,62
328,28,130764,50
329,28,14649,42
330,28,53287,48
331,28,15212,43
332,28,23154,47
333,28,1231,45
334,28,37742,43
335,28,11869,41
336,28,1227,44
337,28,108146,51
338,28,4082,47
339,28,467,45
340,28,301664,69
341,28,1156,48
342,28,592023,62
343,28,3509,45
344,28,2393,55
345,28,29462,45
346,28,25622,48
347,28,145195,48
348,28,160595,54
349,28,14104,56
350,28,534044,46
351,28,52820,40
352,28,297472,46
353,28,488905,39
354,28,252514,45
355,28,1782,45
356,28,31692,44
357,28,219256,51
358,28,15195,50
359,28,130617,80
360,28,3154,51
361,28,4602,44
362,28,2909,43
363,28,24250,49
364,28,988,49
365,28,9265,52
366,28,19076,44
367,28,309120,43
368,28,167,50
369,28,2393,47
370,28,29985,42
371,28,9533,73
372,28,152274,46
373,28,784585,54
374,28,198725,54
375,28,478763,54
376,28,6797,48
377,28,267181,58
378,28,18258,64
379,28,719613,66
380,28,543840,60
381,28,1152408,57
382,28,299795,53
383,28,19675,41
384,28,146689,47
385,28,88764,49
386,28,6230,63
387,28,923639,93
388,28,707987,89
389,28,18031,48
390,28,697969,81
391,28,6703,48
392,28,1182,54
393,28,21207,53
394,28,2659930,128
395,28,6074,74
396,28,3903,45
397,28,80973,45
398,28,6910,42
399,28,538,44
400,28,12009,43
401,28,23969,48
402,28,29993,43
403,28,49659,45
404,28,26405,48
405,28,271586,41
406,28,86988,39
407,28,70220,43
408,28,25995,50
409,28,67724,48
410,28,2983,45
411,28,161,50
412,28,2073,50
413,28,1778,53
414,28,884480,54
415,28,5058,58
416,28,9357,46
417,28,26615,63
418,28,19330,53
419,28,1095,54
420,28,210372,40
421,28,560075,44
422,28,63458,48
423,28,74406,49
424,28,77545,48
425,28,23195,45
426,28,6541,48
427,28,8831,56
428,28,901,54
429,28,16512,43
430,28,5400,47
431,28,1936,45
432,28,21675,54
433,28,8453,45
434,28,30186,50
435,28,39536,60
436,28,22061,49
437,28,108640,55
438,28,204128,44
439,28,915,45
440,28,47068,47
441,28,23569,43
442,28,35495,48
443,28,195858,51
444,28,290605,44
445,28,6430,42
446,28,42484,43
447,28,124114,49
448,28,25100,58
449,28,55820,68
450,28,16329,53
451,28,19996,50
452,28,56850,43
453,28,70888,66
454,28,12575,74
455,28,629,55
456,28,8542,44
457,28,14448,57
458,28,10063,55
459,28,19969,45
460,28,1829,50
461,28,27008,43
462,28,10638,43
463,28,83999,49
464,28,135410,44
465,28,106332,39
466,28,2491,49
467,28,9434,43
468,28,1217899,47
469,28,595510,49
470,28,85362,53
471,28,2259,48
472,28,444100,104
473,28,6866,42
474,28,11451,44
475,28,247556,48
476,28,1674,49
477,28,44368,43
478,28,4824,50
479,28,289042,43
480,28,11623,47
481,28,1038,52
482,28,5757,46
483,28,152617,50
484,28,19567,63
485,28,3014,43
486,28,9025,43
487,28,452407,67
488,28,30072,55
489,28,2126,47
490,28,5094,53
491,28,6874,43
492,28,1380,47
493,28,2438,47
494,28,782633,39
495,28,4912,50
496,28,11596,44
497,28,209807,54
498,28,53309,40
499,28,9617,49
500,28,8944,48
501,28,564274,61
502,28,13101,50
503,28,650,45
504,28,4004,43
505,28,88641,45
506,28,23613,40
507,28,1201,45
508,28,10702,40
509,28,477,60
510,28,3263,44
511,28,302,45
512,28,108520,54
513,28,1588,49
514,28,1562,44
515,28,4238,43
516,28,1782,44
517,28,15579,59
518,28,32790,62
519,28,46032,47
520,28,35094,60
521,28,1306,45
522,28,466,48
523,28,8954,95
524,28,533,49
525,28,4005,50
526,28,611,50
527,28,3768,55
528,28,21568,45
529,28,11477,40
530,28,1375,44
531,28,1407,45
532,28,31014,59
533,28,9300,48
534,28,1284,45
535,28,12337,43
536,28,2329,45
537,28,27353,43
538,28,2825,44
539,28,951,54
540,28,49430,40
541,28,15785,49
542,28,7528,57
543,28,14529,59
544,28,580,44
545,28,7797,40
546,28,5651,45
547,28,11287,40
548,28,466296,49
549,28,11771,40
550,28,5439,40
551,28,896,50
552,28,496,45
553,28,489,45
554,28,12895,40
555,28,5867,40
556,28,27777,40
557,28,10369,40
558,28,566,45
559,28,449,50
560,28,2115,50
561,28,3256,40
562,28,32545,45
563,28,352,45
564,28,1416,45
565,28,4700,42
566,28,5352,40
567,28,2540,50
568,28,1211,44
569,28,4434,40
570,28,9110,40
571,28,314,44
572,28,1856,40
573,28,811,45
574,28,10086,40
575,28,211,44
576,28,4869,40
577,28,40711,45
578,28,4395,40
579,28,142,45
580,28,333,45
581,28,9504,45
582,28,6531,40
583,28,379,45
584,28,117,45
585,28,117,45
586,28,2363,40
587,28,419,45
588,28,151,45
589,28,2286,60
590,28,862,45
591,28,1586,44
592,28,11096,68
593,28,5307,54
594,28,43409,45
595,28,399,43
596,28,1875,40
597,28,570,45
598,28,8824,40
599,28,367,44
600,28,836,45
601,28,9117,50
602,28,222,45
603,28,44736,45
604,28,3327,60
605,28,211,44
606,28,115,50
607,28,6568,65
608,28,9882,64
609,28,241038,60
610,28,4884,45
611,28,14,45
612,28,83939,55
613,28,210,45
614,28,1138,55
615,28,100,50
616,28,287902,105
617,28,6268,80
618,28,411,45
619,28,1385,55
620,28,5476,55
621,28,12356,45
622,28,985,54
623,28,270,45
624,28,1684,40
625,28,1122,40
626,28,11241,45
627,28,2722,45
628,28,1094,45
629,28,0,40
630,28,0,45
1,29,11596,48
2,29,254897,53
3,29,33302,40
4,29,110522,60
5,29,27738,47
6,29,2636,50
7,29,659721,60
8,29,23007,50
9,29,8173,45
10,29,407825,56
11,29,33252,44
12,29,174180,54
13,29,361320,58
14,29,232167,117
15,29,346553,72
16,29,133620,93
17,29,3055,69
18,29,244776,69
19,29,167761,56
20,29,29431,43
21,29,41804,51
22,29,198169,42
23,29,393956,52
24,29,49040,53
25,29,93607,82
26,29,41803,73
27,29,6059,74
28,29,367742,102
29,29,235022,45
30,29,71407,41
31,29,125795,40
32,29,88648,43
33,29,64827,46
34,29,381997,47
35,29,21777,48
36,29,8474,43
37,29,172341,39
38,29,371344,50
39,29,19484,47
40,29,4295,47
41,29,207258,45
42,29,31193,59
43,29,7040,48
44,29,2285,50
45,29,104291,49
46,29,73600,43
47,29,64745,51
48,29,508000,60
49,29,9557,57
50,29,12754,49
51,29,64183,70
52,29,72439,76
53,29,62017,39
54,29,158938,45
55,29,191774,45
56,29,217088,46
57,29,344532,39
58,29,65530,45
59,29,9818,44
60,29,210491,39
61,29,176465,39
62,29,32006,55
63,29,99250,45
64,29,6510,44
65,29,8064,43
66,29,12708,48
67,29,1838,47
68,29,319,45
69,29,2121,47
70,29,1022000,59
71,29,227724,58
72,29,63695,47
73,29,1647,49
74,29,81554,47
75,29,336,45
76,29,152981,43
77,29,857034,49
78,29,389038,47
79,29,151345,45
80,29,383276,41
81,29,49438,42
82,29,14330,49
83,29,1190,44
84,29,88563,51
85,29,16200,54
86,29,11603,54
87,29,25304,53
88,29,7013,43
89,29,4085,51
90,29,168183,46
91,29,111224,57
92,29,82211,63
93,29,57058,52
94,29,636666,54
95,29,3689,47
96,29,7854,48
97,29,1214145,70
98,29,148327,62
99,29,110470,54
100,29,1146451,72
101,29,436638,57
102,29,114278,64
103,29,203363,59
104,29,445757,107
105,29,161559,68
106,29,523473,69
107,29,468702,47
108,29,159184,44
109,29,63079,77
110,29,44182,47
111,29,649450,49
112,29,39787,42
113,29,30745,81
114,29,19609,95
115,29,110230,43
116,29,248746,41
117,29,154737,44
118,29,15834,46
119,29,9080,47
120,29,45940,42
121,29,11366,42
122,29,1359,45
123,29,11553,47
124,29,46319,51
125,29,14865,44
126,29,174949,68
127,29,219766,43
128,29,19002,42
129,29,13046,53
130,29,5068,49
131,29,56787,56
132,29,413978,49
133,29,1720,54
134,29,135692,76
135,29,447879,49
136,29,8589,42
137,29,17610,42
138,29,160916,56
139,29,16220,64
140,29,127240,47
141,29,4284,40
142,29,860,49
143,29,139003,52
144,29,93153,41
145,29,203734,43
146,29,256214,53
147,29,8275,64
148,29,43381,60
149,29,8343,73
150,29,1236,49
151,29,51727,45
152,29,9734,42
153,29,8620,54
154,29,28620,47
155,29,42804,48
156,29,23962,51
157,29,3568,51
158,29,17848,69
159,29,251850,51
160,29,20189,70
161,29,570854,72
162,29,265884,39
163,29,409627,46
164,29,165300,46
165,29,70952,44
166,29,12832,47
167,29,2937,42
168,29,13454,40
169,29,7445,39
170,29,6179,40
171,29,357007,45
172,29,267713,53
173,29,14770,48
174,29,14448,44
175,29,11299,44
176,29,4231,43
177,29,271,45
178,29,5108,43
179,29,347,45
180,29,1002,45
181,29,7288,57
182,29,23218,55
183,29,1890,53
184,29,2175,48
185,29,3317,49
186,29,307171,46
187,29,169212,52
188,29,72027,57
189,29,292668,50
190,29,3435,43
191,29,102537,44
192,29,113483,48
193,29,118173,43
194,29,3699,48
195,29,3093,42
196,29,75156,43
197,29,2030,45
198,29,780544,55
199,29,527600,87
200,29,203282,56
201,29,225064,42
202,29,10324,48
203,29,38187,53
204,29,16871,43
205,29,2223,45
206,29,29870,49
207,29,20382,61
208,29,5094,57
209,29,1132800,87
210,29,22423,48
211,29,188134,53
212,29,18533,66
213,29,68150,48
214,29,58715,48
215,29,64240,53
216,29,73116,44
217,29,12483,53
218,29,236488,47
219,29,111812,54
220,29,90058,42
221,29,23568,47
222,29,122359,60
223,29,194416,43
224,29,1058,45
225,29,63595,53
226,29,207075,91
227,29,374656,49
228,29,18304,73
229,29,714,50
230,29,506530,94
231,29,28697,42
232,29,114416,66
233,29,21294,42
234,29,3512691,105
235,29,2477011,94
236,29,40684,79
237,29,5724,54
238,29,10309,74
239,29,84625,46
240,29,438718,56
241,29,25475,46
242,29,197329,54
243,29,1570,55
244,29,108910,58
245,29,1710379,64
246,29,21960,45
247,29,1468609,88
248,29,399318,79
249,29,41923,60
250,29,304186,51
251,29,2553,45
252,29,1433172,104
253,29,58063,53
254,29,1869,70
255,29,616856,84
256,29,58560,74
257,29,1651428,120
258,29,36401,65
259,29,259737,99
260,29,2519411,59
261,29,8405,47
262,29,357775,40
263,29,253678,54
264,29,491733,56
265,29,54053,49
266,29,8529,54
267,29,655978,69
268,29,11752,49
269,29,63647,44
270,29,48816,51
271,29,317591,60
272,29,85134,39
273,29,59193,49
274,29,123134,68
275,29,29863,47
276,29,55355,42
277,29,111202,49
278,29,65742,50
279,29,700430,61
280,29,214652,80
281,29,682774,78
282,29,676900,79
283,29,57063,42
284,29,304106,74
285,29,1166250,112
286,29,1019670,41
287,29,19118,44
288,29,45446,44
289,29,113751,44
290,29,472261,47
291,29,26210,42
292,29,21901,40
293,29,96260,39
294,29,7739,43
295,29,98758,54
296,29,17608,52
297,29,155,50
298,29,13917,46
299,29,62996,42
300,29,89556,48
301,29,53155,61
302,29,64936,52
303,29,33499,47
304,29,35465,45
305,29,13052,44
306,29,237019,47
307,29,262194,53
308,29,123157,46
309,29,3130,43
310,29,141946,47
311,29,425611,56
312,29,3653,42
313,29,51997,45
314,29,4724,42
315,29,5354,41
316,29,98003,47
317,29,201419,51
318,29,90859,62
319,29,5450,44
320,29,121487,43
321,29,20673,43
322,29,9817,57
323,29,4703,43
324,29,90414,59
325,29,22138,56
326,29,34289,59
327,29,74060,62
328,29,131889,50
329,29,14335,42
330,29,50701,48
331,29,15198,43
332,29,22627,47
333,29,1228,45
334,29,36058,43
335,29,12142,41
336,29,1211,44
337,29,108527,51
338,29,4074,47
339,29,466,45
340,29,394820,70
341,29,1180,48
342,29,741085,63
343,29,3497,45
344,29,2388,55
345,29,28844,45
346,29,25388,48
347,29,138489,48
348,29,152527,53
349,29,14118,56
350,29,532871,47
351,29,52722,40
352,29,309306,46
353,29,481619,39
354,29,257736,45
355,29,1781,45
356,29,31300,44
357,29,223672,51
358,29,15074,50
359,29,129068,80
360,29,3157,51
361,29,4603,44
362,29,2881,43
363,29,31247,49
364,29,984,49
365,29,9164,52
366,29,19140,44
367,29,307861,43
368,29,167,50
369,29,2385,47
370,29,29256,42
371,29,9682,73
372,29,146079,46
373,29,765431,54
374,29,197297,54
375,29,494167,54
376,29,6787,48
377,29,264687,58
378,29,18684,64
379,29,696526,66
380,29,484332,60
381,29,1358163,58
382,29,306295,53
383,29,19196,41
384,29,149049,47
385,29,92686,49
386,29,7541,63
387,29,989507,93
388,29,712682,89
389,29,19014,48
390,29,652317,80
391,29,6637,48
392,29,1133,54
393,29,21150,53
394,29,2739983,129
395,29,6073,74
396,29,3889,45
397,29,80736,45
398,29,6873,42
399,29,540,44
400,29,14706,43
401,29,29391,48
402,29,29946,43
403,29,43532,45
404,29,33166,48
405,29,323462,41
406,29,86109,39
407,29,72582,43
408,29,25342,50
409,29,67899,48
410,29,2979,45
411,29,161,50
412,29,2072,50
413,29,1775,53
414,29,915992,55
415,29,5464,58
416,29,9418,46
417,29,44419,63
418,29,19771,53
419,29,1092,54
420,29,210027,40
421,29,555475,44
422,29,62865,48
423,29,71947,49
424,29,80003,48
425,29,22992,45
426,29,6511,48
427,29,8808,56
428,29,898,54
429,29,16362,43
430,29,5391,47
431,29,1950,45
432,29,21564,54
433,29,8411,45
434,29,31094,50
435,29,38598,60
436,29,22101,49
437,29,99182,54
438,29,204789,44
439,29,911,45
440,29,46629,47
441,29,23928,43
442,29,35459,48
443,29,198475,51
444,29,282834,44
445,29,6411,42
446,29,39526,43
447,29,123111,49
448,29,25045,58
449,29,55478,68
450,29,15757,53
451,29,20435,50
452,29,53785,43
453,29,74517,66
454,29,14034,74
455,29,629,55
456,29,8500,43
457,29,14089,57
458,29,9967,55
459,29,20299,45
460,29,1841,50
461,29,26189,43
462,29,10456,43
463,29,79472,49
464,29,143299,44
465,29,108199,39
466,29,2487,49
467,29,9335,43
468,29,1203673,47
469,29,605721,49
470,29,89919,53
471,29,2242,48
472,29,440834,104
473,29,6880,42
474,29,11702,44
475,29,366268,49
476,29,1670,49
477,29,43484,43
478,29,4680,50
479,29,287015,42
480,29,11652,47
481,29,1036,52
482,29,5781,46
483,29,169932,50
484,29,19560,63
485,29,3025,43
486,29,8872,43
487,29,448832,67
488,29,28256,55
489,29,2149,47
490,29,5047,53
491,29,6884,43
492,29,1414,47
493,29,2442,47
494,29,787482,39
495,29,4854,50
496,29,11547,44
497,29,201063,54
498,29,54359,40
499,29,9707,49
500,29,10933,48
501,29,543399,61
502,29,11812,50
503,29,650,45
504,29,4045,43
505,29,86568,45
506,29,23623,40
507,29,1215,45
508,29,10676,40
509,29,476,60
510,29,3257,44
511,29,304,45
512,29,108323,54
513,29,1616,49
514,29,1545,44
515,29,4207,43
516,29,1757,44
517,29,20772,59
518,29,32826,62
519,29,44276,47
520,29,69191,60
521,29,1322,45
522,29,470,48
523,29,8944,95
524,29,539,49
525,29,4242,50
526,29,615,50
527,29,3676,55
528,29,21301,45
529,29,11340,40
530,29,1395,44
531,29,1431,45
532,29,34463,59
533,29,9256,48
534,29,1307,45
535,29,12080,43
536,29,5873,45
537,29,25725,42
538,29,2841,44
539,29,958,53
540,29,49424,40
541,29,13121,49
542,29,7317,56
543,29,14095,59
544,29,588,44
545,29,7812,40
546,29,5248,45
547,29,11327,40
548,29,478180,49
549,29,11627,40
550,29,5371,40
551,29,913,50
552,29,501,45
553,29,493,45
554,29,13023,40
555,29,5969,40
556,29,27500,40
557,29,10399,40
558,29,552,45
559,29,460,50
560,29,2162,50
561,29,3181,40
562,29,31412,45
563,29,365,45
564,29,1390,45
565,29,4724,42
566,29,5412,40
567,29,2464,50
568,29,1312,44
569,29,4478,40
570,29,9458,40
571,29,324,44
572,29,1816,40
573,29,856,45
574,29,10393,40
575,29,203,44
576,29,4920,40
577,29,41445,45
578,29,4651,40
579,29,159,45
580,29,324,45
581,29,9291,45
582,29,6568,40
583,29,366,45
584,29,123,45
585,29,116,45
586,29,2552,40
587,29,424,45
588,29,157,45
589,29,2149,60
590,29,757,45
591,29,1783,44
592,29,9535,67
593,29,7793,54
594,29,44034,45
595,29,413,43
596,29,1799,40
597,29,636,45
598,29,8747,40
599,29,468,44
600,29,922,45
601,29,8488,50
602,29,245,45
603,29,45410,45
604,29,4717,60
605,29,208,44
606,29,118,50
607,29,7795,65
608,29,8651,63
609,29,112014,59
610,29,4528,45
611,29,15,45
612,29,67237,54
613,29,230,45
614,29,968,54
615,29,115,50
616,29,264092,104
617,29,6406,80
618,29,433,45
619,29,1292,54
620,29,5734,55
621,29,13747,45
622,29,850,53
623,29,293,45
624,29,2114,40
625,29,1371,40
626,29,10592,45
627,29,3454,45
628,29,7492,45
629,29,322,40
630,29,16,45
631,29,0,45
632,29,0,40
633,29,0,40
1,30,12086,48
2,30,251105,53
3,30,35429,40
4,30,112606,60
5,30,26867,47
6,30,2776,50
7,30,596102,60
8,30,22292,50
9,30,8904,45
10,30,327459,55
11,30,36830,44
12,30,177700,54
13,30,370177,58
14,30,181409,116
15,30,324267,72
16,30,128853,93
17,30,3148,69
18,30,239708,69
19,30,183762,56
20,30,30600,43
21,30,44541,51
22,30,190790,42
23,30,414687,52
24,30,47111,52
25,30,89094,82
26,30,44535,73
27,30,6576,74
28,30,353927,102
29,30,243287,45
30,30,81986,41
31,30,135006,40
32,30,94083,43
33,30,64604,46
34,30,437483,47
35,30,24952,48
36,30,9432,43
37,30,180451,39
38,30,378931,50
39,30,21184,47
40,30,4428,47
41,30,211136,44
42,30,29053,59
43,30,7259,48
44,30,2533,50
45,30,79280,48
46,30,75086,43
47,30,54001,51
48,30,432356,59
49,30,10962,57
50,30,12235,49
51,30,80653,70
52,30,81570,76
53,30,76787,39
54,30,149493,45
55,30,187858,45
56,30,199590,46
57,30,307179,39
58,30,55294,45
59,30,9130,44
60,30,189765,39
61,30,154058,39
62,30,36348,55
63,30,101244,45
64,30,6588,44
65,30,9122,43
66,30,12332,48
67,30,1918,47
68,30,353,45
69,30,2258,47
70,30,1060127,59
71,30,317891,59
72,30,61671,47
73,30,1657,49
74,30,104148,47
75,30,353,45
76,30,180778,44
77,30,856853,49
78,30,414259,47
79,30,162514,45
80,30,329070,41
81,30,40594,42
82,30,11223,49
83,30,1279,44
84,30,96871,51
85,30,16015,54
86,30,11362,54
87,30,26856,53
88,30,6806,43
89,30,5253,51
90,30,166131,46
91,30,117812,57
92,30,81625,63
93,30,73957,52
94,30,668333,54
95,30,3899,47
96,30,7637,48
97,30,1197227,69
98,30,175364,62
99,30,115142,54
100,30,1142744,72
101,30,482932,57
102,30,119223,64
103,30,205616,59
104,30,445840,106
105,30,176900,68
106,30,645885,70
107,30,529299,47
108,30,193356,44
109,30,60917,77
110,30,44016,47
111,30,665873,49
112,30,47975,42
113,30,29546,81
114,30,23257,95
115,30,115618,43
116,30,212488,41
117,30,150689,44
118,30,16554,46
119,30,10185,47
120,30,42709,42
121,30,12881,42
122,30,1356,45
123,30,10691,47
124,30,56167,51
125,30,18030,44
126,30,202062,68
127,30,217954,43
128,30,17453,42
129,30,13611,53
130,30,4599,49
131,30,64665,56
132,30,417427,49
133,30,1800,54
134,30,151242,76
135,30,461621,49
136,30,9235,42
137,30,18969,42
138,30,184867,56
139,30,23191,64
140,30,145262,47
141,30,4525,40
142,30,974,49
143,30,134070,52
144,30,89725,41
145,30,181991,42
146,30,286327,53
147,30,8451,64
148,30,49379,60
149,30,8821,73
150,30,1328,49
151,30,53278,45
152,30,9017,42
153,30,8820,54
154,30,30422,47
155,30,46034,48
156,30,25360,51
157,30,3960,51
158,30,21304,69
159,30,261415,50
160,30,23523,70
161,30,589260,72
162,30,250794,40
163,30,426142,46
164,30,208457,46
165,30,72183,44
166,30,13970,47
167,30,3252,42
168,30,11591,40
169,30,6986,39
170,30,7407,40
171,30,386653,45
172,30,283181,53
173,30,54457,48
174,30,11232,44
175,30,12112,44
176,30,3766,43
177,30,309,45
178,30,4821,43
179,30,382,45
180,30,1194,45
181,30,8033,57
182,30,27009,55
183,30,2060,53
184,30,2415,48
185,30,3399,49
186,30,292289,46
187,30,158841,51
188,30,131657,58
189,30,280131,50
190,30,3550,43
191,30,106782,44
192,30,118453,48
193,30,132885,43
194,30,3945,48
195,30,3231,42
196,30,74078,43
197,30,1563,45
198,30,754982,56
199,30,556058,88
200,30,199941,56
201,30,207239,42
202,30,11382,48
203,30,38005,53
204,30,14854,43
205,30,2392,45
206,30,30565,49
207,30,21783,61
208,30,5517,57
209,30,1066821,87
210,30,20724,48
211,30,183130,53
212,30,18860,66
213,30,66981,47
214,30,64831,48
215,30,68825,53
216,30,71840,44
217,30,14137,53
218,30,206807,46
219,30,110389,54
220,30,83568,42
221,30,19679,46
222,30,132584,60
223,30,225436,43
224,30,1116,45
225,30,63934,53
226,30,179275,91
227,30,399587,49
228,30,20251,73
229,30,817,50
230,30,520194,94
231,30,23646,42
232,30,125916,66
233,30,19060,42
234,30,3542316,106
235,30,2416374,94
236,30,38298,79
237,30,5803,54
238,30,11447,74
239,30,88425,46
240,30,456462,56
241,30,27610,46
242,30,194084,53
243,30,1708,55
244,30,119347,58
245,30,1667499,64
246,30,22846,45
247,30,1074144,87
248,30,518209,80
249,30,45794,60
250,30,275157,50
251,30,2833,45
252,30,1473171,104
253,30,64270,53
254,30,2023,70
255,30,764091,86
256,30,121536,75
257,30,1573515,119
258,30,42572,65
259,30,270429,99
260,30,2527916,59
261,30,8828,47
262,30,259793,40
263,30,259507,54
264,30,397349,55
265,30,44668,49
266,30,7655,54
267,30,658814,69
268,30,12876,49
269,30,65613,44
270,30,51182,51
271,30,327595,60
272,30,73486,39
273,30,69999,49
274,30,122525,68
275,30,31660,47
276,30,51666,42
277,30,111865,49
278,30,74932,50
279,30,632008,61
280,30,163954,79
281,30,654894,77
282,30,654008,79
283,30,50623,42
284,30,303434,73
285,30,1252980,112
286,30,1032669,40
287,30,17379,44
288,30,44870,44
289,30,110741,44
290,30,482087,47
291,30,31030,42
292,30,26979,40
293,30,91876,39
294,30,10102,43
295,30,107380,54
296,30,20401,52
297,30,165,50
298,30,15111,46
299,30,47283,42
300,30,96743,48
301,30,63962,61
302,30,65615,52
303,30,38954,47
304,30,36837,45
305,30,14146,44
306,30,242307,47
307,30,305934,53
308,30,97269,46
309,30,3418,43
310,30,181652,47
311,30,427103,56
312,30,3663,42
313,30,52427,45
314,30,4423,42
315,30,5772,41
316,30,92156,47
317,30,171465,51
318,30,95765,62
319,30,6259,44
320,30,128907,43
321,30,18469,43
322,30,9761,57
323,30,4298,43
324,30,108130,59
325,30,22800,56
326,30,33731,59
327,30,80843,62
328,30,138286,50
329,30,14852,42
330,30,51247,48
331,30,15697,43
332,30,25045,47
333,30,1520,45
334,30,30505,43
335,30,13662,41
336,30,1241,44
337,30,112899,51
338,30,4332,47
339,30,511,45
340,30,297590,70
341,30,1210,48
342,30,729538,63
343,30,3978,45
344,30,2570,55
345,30,29262,45
346,30,26741,48
347,30,135199,48
348,30,122347,53
349,30,15240,56
350,30,533824,47
351,30,52871,40
352,30,335043,46
353,30,476940,39
354,30,250356,45
355,30,2169,45
356,30,60301,44
357,30,228110,51
358,30,15158,50
359,30,147958,80
360,30,3367,51
361,30,4883,44
362,30,2429,43
363,30,103982,50
364,30,1137,49
365,30,10560,52
366,30,17176,44
367,30,304742,43
368,30,183,50
369,30,2442,47
370,30,25414,42
371,30,9180,73
372,30,123404,46
373,30,799277,54
374,30,207894,54
375,30,502159,54
376,30,5582,48
377,30,294113,58
378,30,18557,64
379,30,741199,66
380,30,496809,60
381,30,1420536,59
382,30,274231,53
383,30,18399,41
384,30,152901,47
385,30,102337,49
386,30,7185,63
387,30,895817,94
388,30,712662,89
389,30,21177,48
390,30,731965,81
391,30,6584,48
392,30,1119,54
393,30,21216,53
394,30,2731847,129
395,30,6479,74
396,30,4187,45
397,30,81062,45
398,30,8208,42
399,30,582,44
400,30,16667,43
401,30,28806,48
402,30,27422,43
403,30,36831,44
404,30,36537,48
405,30,333308,42
406,30,72098,39
407,30,74255,43
408,30,23537,50
409,30,83189,48
410,30,3621,45
411,30,170,50
412,30,2209,50
413,30,1887,53
414,30,897737,55
415,30,6020,58
416,30,11742,46
417,30,56973,63
418,30,20299,53
419,30,1126,54
420,30,200750,40
421,30,597120,44
422,30,63613,48
423,30,67904,49
424,30,95979,48
425,30,27986,45
426,30,6933,48
427,30,10226,56
428,30,884,54
429,30,15144,43
430,30,5530,47
431,30,2228,45
432,30,28204,54
433,30,7892,44
434,30,32476,50
435,30,41848,60
436,30,23038,49
437,30,95093,54
438,30,172464,44
439,30,978,45
440,30,47362,47
441,30,19538,43
442,30,37013,48
443,30,162286,51
444,30,230834,43
445,30,6610,42
446,30,30756,42
447,30,118279,49
448,30,36407,58
449,30,58737,68
450,30,15091,53
451,30,15777,50
452,30,51112,43
453,30,45760,66
454,30,15296,74
455,30,704,55
456,30,8874,43
457,30,11973,57
458,30,8226,55
459,30,22822,45
460,30,1968,50
461,30,24860,42
462,30,9671,43
463,30,74430,49
464,30,147640,44
465,30,98476,39
466,30,3029,49
467,30,8959,43
468,30,1203109,47
469,30,581573,49
470,30,127383,53
471,30,2386,48
472,30,439837,104
473,30,7476,42
474,30,12584,44
475,30,387358,49
476,30,1905,49
477,30,42629,43
478,30,5100,50
479,30,312477,42
480,30,12761,47
481,30,1201,52
482,30,6663,46
483,30,167926,50
484,30,19295,63
485,30,3322,43
486,30,7631,43
487,30,468396,67
488,30,27687,55
489,30,2299,47
490,30,5272,53
491,30,5824,43
492,30,1573,47
493,30,2647,47
494,30,712238,40
495,30,4657,50
496,30,11163,44
497,30,193621,54
498,30,55763,40
499,30,9821,49
500,30,12213,48
501,30,482738,60
502,30,9738,50
503,30,665,45
504,30,3829,43
505,30,65514,45
506,30,22148,40
507,30,1245,45
508,30,10536,40
509,30,504,60
510,30,3202,44
511,30,324,45
512,30,118419,54
513,30,1751,49
514,30,1533,44
515,30,3243,43
516,30,1577,44
517,30,23785,59
518,30,39139,62
519,30,39684,47
520,30,74904,60
521,30,1893,45
522,30,461,47
523,30,8579,95
524,30,661,49
525,30,5338,50
526,30,588,50
527,30,3304,55
528,30,17947,45
529,30,9439,40
530,30,1426,44
531,30,1387,45
532,30,33130,59
533,30,8881,48
534,30,1330,45
535,30,18200,43
536,30,7443,45
537,30,23473,42
538,30,2707,44
539,30,933,53
540,30,43511,40
541,30,9952,49
542,30,8388,56
543,30,13317,59
544,30,576,44
545,30,6284,40
546,30,4789,45
547,30,9790,40
548,30,447203,49
549,30,8065,40
550,30,4066,40
551,30,1161,50
552,30,441,45
553,30,442,45
554,30,11450,40
555,30,5112,40
556,30,23751,40
557,30,7951,40
558,30,496,45
559,30,471,50
560,30,2177,50
561,30,2561,40
562,30,23721,45
563,30,360,45
564,30,1358,45
565,30,4448,42
566,30,4854,40
567,30,2294,50
568,30,1268,44
569,30,3784,40
570,30,8762,40
571,30,327,44
572,30,1451,40
573,30,767,45
574,30,8684,40
575,30,177,44
576,30,4148,40
577,30,34786,45
578,30,4243,40
579,30,338,45
580,30,275,45
581,30,6581,45
582,30,5636,40
583,30,378,45
584,30,130,45
585,30,103,45
586,30,2489,40
587,30,436,45
588,30,174,45
589,30,1987,60
590,30,620,45
591,30,2330,44
592,30,19374,67
593,30,9255,54
594,30,43334,45
595,30,432,43
596,30,1587,40
597,30,608,45
598,30,8194,40
599,30,470,44
600,30,995,45
601,30,7195,50
602,30,274,45
603,30,43481,45
604,30,3818,60
605,30,208,43
606,30,118,49
607,30,6386,65
608,30,6486,62
609,30,59251,58
610,30,4137,44
611,30,16,45
612,30,70349,54
613,30,271,45
614,30,945,53
615,30,117,50
616,30,278068,104
617,30,4006,80
618,30,431,45
619,30,1156,54
620,30,6202,55
621,30,19654,45
622,30,704,52
623,30,302,45
624,30,2300,40
625,30,1514,40
626,30,10794,44
627,30,3866,45
628,30,12182,45
629,30,534,40
630,30,33,45
631,30,104,45
632,30,310,40
633,30,276,40
634,30,0,45
8,31,32193,50
15,31,430692,71
19,31,177780,56
29,31,382024,45
30,31,80636,41
31,31,132274,40
32,31,96355,43
33,31,84114,46
34,31,556017,47
35,31,131429,48
36,31,9374,43
37,31,178815,39
38,31,696193,51
39,31,21196,47
40,31,4344,47
41,31,201070,44
42,31,292746,60
43,31,13329,48
44,31,2552,50
45,31,78720,47
46,31,75296,43
47,31,51084,51
48,31,782912,60
49,31,10922,57
50,31,13516,49
51,31,121522,70
52,31,88529,76
92,31,83138,63
99,31,273218,54
108,31,182583,44
112,31,47496,42
115,31,148451,43
116,31,189975,41
117,31,195667,44
118,31,16326,46
119,31,10110,47
120,31,40394,42
121,31,13011,42
122,31,1415,45
123,31,19109,47
124,31,290124,51
125,31,17866,44
126,31,492404,68
127,31,199920,43
128,31,17385,42
129,31,13867,53
130,31,4169,49
131,31,138844,56
132,31,461887,49
133,31,1829,54
134,31,296807,76
135,31,628697,49
136,31,9470,42
137,31,18777,42
138,31,456589,56
139,31,121812,64
140,31,151832,47
141,31,4548,40
142,31,1147,49
143,31,128807,52
144,31,83079,41
145,31,152079,42
146,31,340115,53
147,31,33510,64
148,31,49239,60
150,31,1324,49
151,31,50054,45
152,31,8899,42
154,31,29725,47
155,31,49255,48
156,31,32797,51
157,31,3937,51
158,31,21956,69
159,31,258702,50
160,31,23478,70
161,31,723679,72
162,31,226789,40
163,31,613500,46
164,31,468150,47
165,31,72757,44
166,31,14955,47
167,31,3213,42
168,31,11187,40
169,31,6887,39
170,31,7325,40
171,31,521547,45
172,31,408974,53
173,31,100386,49
174,31,11435,44
175,31,12039,44
176,31,3625,43
177,31,311,45
178,31,4958,42
179,31,382,45
180,31,1209,45
181,31,8499,57
182,31,35248,55
184,31,2387,48
186,31,272638,46
187,31,191382,51
188,31,367185,59
197,31,1521,45
213,31,67835,47
214,31,80980,48
215,31,85854,53
216,31,70067,44
217,31,14126,53
218,31,176898,46
219,31,109727,54
220,31,74989,42
221,31,23475,46
222,31,135225,60
223,31,208917,43
224,31,1118,45
225,31,63912,53
226,31,178383,91
227,31,377727,49
228,31,20860,73
229,31,819,50
230,31,964913,95
231,31,22952,42
232,31,125972,66
233,31,17909,42
234,31,3662419,106
235,31,2938151,96
236,31,37508,79
237,31,5873,54
238,31,11448,74
239,31,86675,46
269,31,64850,44
311,31,460859,57
328,31,319401,50
329,31,14261,42
330,31,56129,48
331,31,18206,43
332,31,35885,47
333,31,1518,45
335,31,13757,41
336,31,1232,44
337,31,124743,51
338,31,4362,47
339,31,510,45
341,31,1252,48
342,31,948083,64
343,31,3968,45
344,31,2570,55
345,31,29015,45
346,31,26667,47
347,31,135158,48
348,31,108463,52
349,31,15756,56
359,31,128353,80
383,31,16960,40
396,31,4176,45
397,31,81484,45
398,31,8157,42
399,31,600,44
400,31,17639,43
401,31,58873,48
402,31,27408,43
403,31,32622,44
404,31,42092,48
405,31,316076,42
406,31,70122,39
407,31,75343,43
408,31,22952,50
409,31,83261,48
410,31,3606,45
411,31,170,50
412,31,2204,50
413,31,1880,53
414,31,905905,55
415,31,7195,58
416,31,11499,46
417,31,101894,63
418,31,20599,53
419,31,1121,54
420,31,193613,40
421,31,590784,44
422,31,63693,48
423,31,73688,49
424,31,111364,48
425,31,27967,45
426,31,7235,48
427,31,10212,56
428,31,885,54
429,31,14681,43
430,31,5559,47
431,31,2253,45
432,31,33104,54
433,31,7806,44
434,31,37285,50
435,31,73945,60
436,31,22912,49
437,31,98888,53
462,31,12322,43
464,31,139521,44
468,31,1250095,47
475,31,381622,50
482,31,6857,46
486,31,7466,43
491,31,5783,43
497,31,260076,54
499,31,9821,49
501,31,510699,60
502,31,9341,50
505,31,61924,45
507,31,1253,45
508,31,10471,40
512,31,121099,54
513,31,5059,49
514,31,1526,44
515,31,3201,43
521,31,24279,45
522,31,480,47
524,31,2533,49
527,31,3427,55
528,31,17601,45
530,31,1431,44
533,31,9021,48
536,31,13977,45
537,31,20957,41
539,31,984,53
544,31,585,44
547,31,9969,40
548,31,385358,49
549,31,7734,40
550,31,3979,40
552,31,418,45
555,31,5248,40
556,31,21624,40
557,31,8201,40
562,31,21921,45
563,31,387,45
569,31,4416,40
570,31,8698,40
572,31,1395,40
577,31,33003,45
578,31,4238,40
579,31,593,45
581,31,6256,45
582,31,5858,40
584,31,138,45
585,31,102,45
588,31,179,45
590,31,519,45
591,31,1451,44
592,31,274409,68
593,31,19412,54
594,31,62642,45
599,31,1059,44
602,31,291,45
605,31,236,43
606,31,122,49
609,31,41005,57
610,31,3903,43
613,31,277,45
615,31,133,50
618,31,457,45
619,31,2149,53
620,31,17355,55
624,31,2513,40
625,31,1617,40
628,31,13407,45
629,31,665,40
630,31,45,45
633,31,878,40
1,32,12240,48
2,32,264728,53
3,32,35243,40
4,32,103651,60
5,32,27039,47
6,32,2840,50
7,32,576889,59
8,32,23333,50
9,32,8966,45
10,32,382859,55
11,32,37855,44
12,32,220800,54
13,32,367606,58
14,32,165402,115
15,32,236332,70
16,32,137747,93
17,32,3235,69
18,32,219423,69
19,32,174121,56
20,32,30434,43
21,32,41976,51
22,32,186972,42
23,32,405743,52
24,32,42278,51
25,32,85287,82
26,32,46697,73
27,32,6618,74
28,32,348546,102
29,32,262549,45
30,32,81541,41
31,32,133856,40
32,32,91145,43
33,32,69781,46
34,32,452377,47
35,32,38814,48
36,32,9405,42
37,32,184557,39
38,32,437693,51
39,32,20914,47
40,32,4369,47
41,32,198153,44
42,32,116379,60
43,32,8738,48
44,32,2598,50
45,32,81175,47
46,32,76984,43
47,32,45629,51
48,32,497939,59
49,32,10891,57
50,32,12748,49
51,32,90275,70
52,32,83325,76
53,32,89879,39
54,32,184036,46
55,32,183781,45
56,32,191234,46
57,32,302202,39
58,32,51222,45
59,32,8558,44
60,32,187205,39
61,32,155959,39
62,32,32320,55
63,32,77638,45
64,32,6584,44
65,32,9034,43
66,32,12072,48
67,32,1919,47
68,32,355,45
69,32,2227,47
70,32,1010622,60
71,32,407798,60
72,32,60636,47
73,32,1698,49
74,32,103479,47
75,32,352,45
76,32,246495,44
77,32,843515,49
78,32,427893,47
79,32,206762,45
80,32,308105,40
81,32,34872,42
82,32,10076,49
83,32,1302,44
84,32,111277,51
85,32,15741,54
86,32,11195,54
87,32,26652,53
88,32,6856,43
89,32,5233,51
90,32,162189,45
91,32,117381,57
92,32,80178,63
93,32,163075,53
94,32,625009,54
95,32,3905,47
96,32,7812,48
97,32,1175656,69
98,32,174800,62
99,32,126439,54
100,32,1145183,72
101,32,480004,57
102,32,109636,65
103,32,187915,58
104,32,401830,106
105,32,175999,68
106,32,790406,71
107,32,536670,47
108,32,184301,44
109,32,60046,77
110,32,117639,48
111,32,665585,49
112,32,48114,42
113,32,29302,81
114,32,23299,95
115,32,140078,43
116,32,194827,41
117,32,164524,44
118,32,16254,46
119,32,10042,47
120,32,41290,42
121,32,12959,42
122,32,1397,45
123,32,11346,47
124,32,100656,51
125,32,17807,44
126,32,244068,68
127,32,205740,43
128,32,18169,42
129,32,13710,53
130,32,4084,48
131,32,78889,56
132,32,442779,49
133,32,1869,54
134,32,171110,76
135,32,473376,49
136,32,9305,42
137,32,18731,42
138,32,226386,56
139,32,28548,64
140,32,146830,47
141,32,4539,40
142,32,1033,49
143,32,126167,52
144,32,80915,41
145,32,154265,41
146,32,291190,53
147,32,11984,64
148,32,49086,60
149,32,8786,73
150,32,1324,49
151,32,49265,45
152,32,8899,42
153,32,8987,54
154,32,29691,47
155,32,45227,48
156,32,25287,51
157,32,3906,51
158,32,21382,69
159,32,262222,50
160,32,23431,70
161,32,604436,72
162,32,240172,40
163,32,458232,46
164,32,237141,47
165,32,70982,44
166,32,13955,47
167,32,3193,42
168,32,11120,40
169,32,8132,39
170,32,7314,40
171,32,410794,45
172,32,304345,53
173,32,50018,48
174,32,11164,44
175,32,11998,44
176,32,3580,43
177,32,310,45
178,32,5495,42
179,32,380,45
180,32,1210,45
181,32,8221,57
182,32,27814,55
183,32,2054,53
184,32,2329,48
185,32,3481,49
186,32,285216,46
187,32,166754,51
188,32,176798,58
189,32,274744,50
190,32,3573,43
191,32,134896,44
192,32,115211,48
193,32,132420,43
194,32,4099,48
195,32,3263,42
196,32,86531,43
197,32,1497,45
198,32,727663,56
199,32,738843,89
200,32,183522,56
201,32,201433,42
202,32,11027,48
203,32,36050,53
204,32,13156,43
205,32,2388,45
206,32,29315,49
207,32,21731,61
208,32,6384,57
209,32,1293935,88
210,32,18845,48
211,32,184490,53
212,32,18967,66
213,32,66564,47
214,32,78703,48
215,32,71200,53
216,32,70246,43
217,32,14199,53
218,32,173020,45
219,32,110329,54
220,32,80141,41
221,32,21894,46
222,32,134538,60
223,32,224233,43
224,32,1125,45
225,32,64233,53
226,32,177161,91
227,32,328575,49
228,32,20624,73
229,32,819,50
230,32,650828,95
231,32,22821,42
232,32,125971,66
233,32,18303,42
234,32,3680559,107
235,32,2865862,97
236,32,37041,79
237,32,6213,54
238,32,11432,74
239,32,87556,46
240,32,479796,56
241,32,27804,46
242,32,188790,53
243,32,1715,55
244,32,122622,58
245,32,1682339,64
246,32,21940,45
247,32,1098736,86
248,32,648973,81
249,32,45898,60
250,32,265438,50
251,32,2836,45
252,32,1460129,104
253,32,54717,53
254,32,2034,70
255,32,738638,86
256,32,94298,74
257,32,960380,117
258,32,45624,65
259,32,445805,100
260,32,2588599,59
261,32,8894,47
262,32,255098,39
263,32,323014,55
264,32,337212,55
265,32,36681,49
266,32,7265,54
267,32,685500,69
268,32,12932,49
269,32,63988,44
270,32,50705,51
271,32,347276,60
272,32,71440,39
273,32,68160,49
274,32,122301,68
275,32,31679,47
276,32,50229,42
277,32,99560,49
278,32,74239,50
279,32,559924,60
280,32,155121,79
281,32,739065,78
282,32,617947,78
283,32,48407,42
284,32,413975,74
285,32,1797292,115
286,32,936904,40
287,32,15881,44
288,32,46780,44
289,32,104250,44
290,32,513056,48
291,32,40697,42
292,32,26668,40
293,32,90301,39
294,32,11565,43
295,32,108111,54
296,32,24290,52
297,32,166,50
298,32,14117,46
299,32,45027,42
300,32,88499,48
301,32,77452,61
302,32,68602,52
303,32,38416,47
304,32,38266,45
305,32,17080,44
306,32,236478,46
307,32,296713,53
308,32,91633,46
309,32,3352,43
310,32,181837,47
311,32,442954,57
312,32,3654,42
313,32,51424,45
314,32,4415,42
315,32,5824,41
316,32,84081,47
317,32,132168,51
318,32,93354,62
319,32,6223,44
320,32,120774,43
321,32,17768,43
322,32,9569,57
323,32,4168,43
324,32,107455,59
325,32,23085,56
326,32,35780,58
327,32,80586,62
328,32,157171,50
329,32,14178,42
330,32,50407,48
331,32,15694,43
332,32,25323,47
333,32,1518,45
334,32,26527,43
335,32,14713,41
336,32,1229,44
337,32,110533,51
338,32,4142,47
339,32,507,45
340,32,244809,69
341,32,1249,48
342,32,655960,63
343,32,3960,45
344,32,2571,55
345,32,28839,45
346,32,26269,47
347,32,133905,48
348,32,107378,52
349,32,15377,56
350,32,518813,47
351,32,65611,39
352,32,328323,46
353,32,460983,39
354,32,232040,45
355,32,2161,45
356,32,75478,44
357,32,219035,51
358,32,14978,50
359,32,117319,80
360,32,3339,51
361,32,4840,44
362,32,2375,43
363,32,86109,50
364,32,1132,49
365,32,10433,52
366,32,14528,44
367,32,265559,43
368,32,182,50
369,32,2364,47
370,32,23891,42
371,32,10803,73
372,32,114016,46
373,32,430493,53
374,32,204944,54
375,32,493791,54
376,32,5616,48
377,32,292808,58
378,32,18970,64
379,32,771567,66
380,32,497822,60
381,32,1328971,59
382,32,262254,52
383,32,17232,40
384,32,144664,47
385,32,101377,49
386,32,7626,63
387,32,828377,94
388,32,680038,89
389,32,20897,48
390,32,954072,83
391,32,6368,48
392,32,1103,54
393,32,21141,53
394,32,1405079,127
395,32,6470,74
396,32,4168,45
397,32,79096,45
398,32,8146,42
399,32,601,44
400,32,17481,43
401,32,33790,48
402,32,27410,43
403,32,31917,44
404,32,35752,48
405,32,335263,42
406,32,70152,39
407,32,77823,43
408,32,22635,50
409,32,82723,48
410,32,3601,45
411,32,170,50
412,32,2203,50
413,32,1873,53
414,32,858069,55
415,32,6978,58
416,32,11504,46
417,32,70903,63
418,32,20479,53
419,32,1118,54
420,32,197306,40
421,32,584345,44
422,32,62990,47
423,32,66912,49
424,32,94476,48
425,32,27732,45
426,32,6994,48
427,32,10183,56
428,32,881,54
429,32,14693,43
430,32,5466,47
431,32,2259,45
432,32,28410,54
433,32,7718,44
434,32,32420,50
435,32,52359,60
436,32,23059,49
437,32,113718,53
438,32,143447,43
439,32,975,45
440,32,46876,47
441,32,17610,43
442,32,36303,48
443,32,142632,50
444,32,198203,43
445,32,6315,42
446,32,30417,42
447,32,113910,49
448,32,36296,58
449,32,57062,68
450,32,13550,53
451,32,13800,50
452,32,46354,43
453,32,42385,66
454,32,14777,74
455,32,702,55
456,32,8841,43
457,32,11635,57
458,32,8129,55
459,32,23683,45
460,32,1962,50
461,32,24165,42
462,32,10611,43
463,32,72315,49
464,32,118427,44
465,32,100877,39
466,32,3020,49
467,32,8705,43
468,32,1164980,47
469,32,609595,49
470,32,124421,53
471,32,2369,48
472,32,442100,104
473,32,7424,42
474,32,12121,44
475,32,463374,50
476,32,1901,49
477,32,40994,43
478,32,4915,50
479,32,313087,42
480,32,12741,47
481,32,1198,52
482,32,6690,46
483,32,157042,50
484,32,19355,63
485,32,3349,43
486,32,7405,43
487,32,452621,67
488,32,26067,55
489,32,2308,47
490,32,5242,53
491,32,5798,43
492,32,1584,47
493,32,2666,47
494,32,672194,40
495,32,4527,50
496,32,10862,44
497,32,163032,54
498,32,55619,40
499,32,9949,49
500,32,11199,48
501,32,458453,60
502,32,9220,50
503,32,664,45
504,32,3833,43
505,32,62164,45
506,32,22044,40
507,32,1265,45
508,32,10459,40
509,32,502,60
510,32,3121,44
511,32,322,45
512,32,118515,54
513,32,2164,49
514,32,1514,44
515,32,3169,43
516,32,1534,44
517,32,19667,59
518,32,83541,62
519,32,30267,47
520,32,71655,60
521,32,7231,45
522,32,469,47
523,32,8622,95
524,32,1008,49
525,32,4888,50
526,32,606,50
527,32,3147,55
528,32,17517,45
529,32,9107,40
530,32,1449,44
531,32,1425,45
532,32,57656,59
533,32,8672,48
534,32,1365,45
535,32,17690,43
536,32,10447,45
537,32,21654,41
538,32,3473,44
539,32,949,53
540,32,42730,40
541,32,8165,49
542,32,8219,56
543,32,13452,59
544,32,596,44
545,32,6271,40
546,32,4394,45
547,32,9791,40
548,32,370302,48
549,32,7780,40
550,32,3944,40
551,32,1208,50
552,32,417,45
553,32,442,45
554,32,11427,40
555,32,5184,40
556,32,22260,40
557,32,8008,40
558,32,481,45
559,32,505,50
560,32,2338,50
561,32,2454,40
562,32,21853,45
563,32,380,45
564,32,1334,45
565,32,4529,42
566,32,4975,40
567,32,2195,50
568,32,1300,44
569,32,3858,40
570,32,8989,40
571,32,337,44
572,32,1375,40
573,32,794,45
574,32,8989,40
575,32,173,44
576,32,4162,40
577,32,35617,45
578,32,4348,40
579,32,558,45
580,32,269,45
581,32,6249,45
582,32,5688,40
583,32,378,45
584,32,144,45
585,32,100,45
586,32,2632,40
587,32,473,45
588,32,184,45
589,32,1895,60
590,32,510,45
591,32,1546,44
592,32,162866,68
593,32,8653,54
594,32,37382,45
595,32,473,43
596,32,1491,40
597,32,646,45
598,32,7846,40
599,32,609,44
600,32,1168,45
601,32,6034,50
602,32,303,45
603,32,43747,45
604,32,3177,60
605,32,225,43
606,32,121,49
607,32,4727,63
608,32,4951,60
609,32,35273,56
610,32,3859,43
611,32,18,45
612,32,59875,53
613,32,290,45
614,32,899,52
615,32,129,50
616,32,709722,107
617,32,2745,79
618,32,468,45
619,32,1199,52
620,32,8207,55
621,32,26438,45
622,32,643,51
623,32,311,45
624,32,2645,40
625,32,1730,40
626,32,9916,43
627,32,4976,45
628,32,17543,45
629,32,726,40
630,32,52,45
631,32,285,45
632,32,711,40
633,32,609,40
634,32,69,45
635,32,0,40
636,32,0,45
637,32,0,45
1,33,12542,48
2,33,267715,53
3,33,35155,40
4,33,101656,60
5,33,27102,47
6,33,2874,50
7,33,586853,59
8,33,22906,50
9,33,8974,45
10,33,422357,56
11,33,37654,44
12,33,271936,55
13,33,365151,58
14,33,172380,115
15,33,193752,69
16,33,159240,93
17,33,3248,69
18,33,282485,69
19,33,176624,56
20,33,30376,43
21,33,41805,51
22,33,190363,42
23,33,402961,52
24,33,44502,51
25,33,82675,82
26,33,46449,73
27,33,6629,74
28,33,357002,102
29,33,261968,45
30,33,81355,41
31,33,133455,40
32,33,82323,43
33,33,69060,46
34,33,442722,47
35,33,32233,48
36,33,9414,42
37,33,186885,39
38,33,431197,51
39,33,20930,47
40,33,4382,47
41,33,194699,44
42,33,50017,59
43,33,8548,48
44,33,2613,50
45,33,88623,47
46,33,78965,43
47,33,43738,51
48,33,436697,58
49,33,10869,57
50,33,11849,49
51,33,107692,70
52,33,84645,76
53,33,94636,39
54,33,209522,46
55,33,188262,45
56,33,195643,46
57,33,300868,39
58,33,49751,45
59,33,9271,44
60,33,187101,39
61,33,158718,39
62,33,31600,55
63,33,71898,45
64,33,6660,44
65,33,9007,43
66,33,12061,48
67,33,1916,47
68,33,355,45
69,33,2218,47
70,33,1031086,60
71,33,422401,60
72,33,60917,47
73,33,1735,49
74,33,103660,47
75,33,353,45
76,33,276748,44
77,33,785707,49
78,33,441565,47
79,33,244175,45
80,33,301740,40
81,33,32491,42
82,33,9756,49
83,33,1332,44
84,33,89051,51
85,33,15668,54
86,33,11412,54
87,33,26590,53
88,33,7455,43
89,33,5229,51
90,33,167235,45
91,33,117171,57
92,33,79094,63
93,33,241604,54
94,33,604720,54
95,33,3909,47
96,33,8879,48
97,33,1169925,69
98,33,174311,62
99,33,120693,54
100,33,1156175,72
101,33,479148,57
102,33,114929,65
103,33,188618,58
104,33,424064,106
105,33,176716,68
106,33,948910,72
107,33,539858,47
108,33,183082,44
109,33,59258,77
110,33,150449,48
111,33,673556,49
112,33,48192,42
113,33,29265,81
114,33,23307,95
115,33,150912,43
116,33,188696,41
117,33,151194,44
118,33,16151,46
119,33,9984,47
120,33,41254,42
121,33,12968,42
122,33,1410,45
123,33,10929,47
124,33,101626,51
125,33,17746,44
126,33,263806,68
127,33,203808,43
128,33,18440,42
129,33,13824,53
130,33,3946,48
131,33,80069,56
132,33,546236,50
133,33,1875,54
134,33,153745,76
135,33,461664,49
136,33,9309,42
137,33,18645,42
138,33,219210,56
139,33,25868,64
140,33,146493,47
141,33,4528,40
142,33,1049,49
143,33,125717,52
144,33,73688,41
145,33,141991,41
146,33,289052,53
147,33,12781,64
148,33,49008,60
149,33,8796,73
150,33,1322,49
151,33,48150,45
152,33,8884,42
153,33,15108,54
154,33,29643,47
155,33,44707,48
156,33,24900,51
157,33,3893,51
158,33,21351,69
159,33,275342,50
160,33,23402,70
161,33,589654,72
162,33,237704,40
163,33,448524,46
164,33,222838,47
165,33,70074,44
166,33,13899,47
167,33,3174,42
168,33,10996,40
169,33,10040,39
170,33,7295,40
171,33,398647,45
172,33,296561,53
173,33,41542,47
174,33,10949,44
175,33,11956,44
176,33,3522,43
177,33,308,45
178,33,5764,42
179,33,380,45
180,33,1214,45
181,33,8159,57
182,33,27159,55
183,33,2050,53
184,33,2308,48
185,33,3500,49
186,33,280000,46
187,33,159358,51
188,33,140235,57
189,33,313271,50
190,33,3570,43
191,33,156793,44
192,33,114266,48
193,33,137424,43
194,33,4159,48
195,33,3274,42
196,33,183452,44
197,33,1466,45
198,33,735583,56
199,33,811616,90
200,33,189076,56
201,33,205576,42
202,33,10947,48
203,33,36480,53
204,33,12777,43
205,33,2384,45
206,33,26213,49
207,33,21723,61
208,33,22289,57
209,33,1384832,89
210,33,18388,48
211,33,185160,53
212,33,18846,66
213,33,66063,47
214,33,78914,48
215,33,70358,53
216,33,70012,43
217,33,14322,53
218,33,155965,45
219,33,105961,54
220,33,77146,41
221,33,23881,46
222,33,136381,60
223,33,227470,43
224,33,1126,45
225,33,64815,53
226,33,176606,91
227,33,290134,49
228,33,20290,73
229,33,820,50
230,33,660542,95
231,33,22673,42
232,33,126194,66
233,33,18638,42
234,33,3382574,106
235,33,2673081,96
236,33,36805,79
237,33,7917,54
238,33,11434,74
239,33,89808,46
240,33,476058,56
241,33,27873,46
242,33,185969,53
243,33,1730,55
244,33,123237,58
245,33,1634627,64
246,33,22050,45
247,33,1097931,87
248,33,704987,82
249,33,45912,60
250,33,265972,50
251,33,2837,45
252,33,1414874,104
253,33,50150,53
254,33,2053,70
255,33,721464,86
256,33,76126,73
257,33,824516,116
258,33,45482,65
259,33,425635,100
260,33,2595897,59
261,33,8848,47
262,33,255514,39
263,33,325020,55
264,33,328344,55
265,33,32644,49
266,33,7275,54
267,33,675965,69
268,33,12956,49
269,33,63080,44
270,33,50595,51
271,33,343141,60
272,33,70842,39
273,33,69376,49
274,33,121834,68
275,33,31643,47
276,33,50113,42
277,33,106126,48
278,33,74250,50
279,33,585939,60
280,33,147894,79
281,33,535372,78
282,33,612775,78
283,33,48127,42
284,33,395792,74
285,33,1684872,116
286,33,911291,40
287,33,15463,44
288,33,53121,44
289,33,100414,44
290,33,516749,48
291,33,45916,42
292,33,26550,40
293,33,90284,39
294,33,15869,43
295,33,107553,54
296,33,25539,52
297,33,167,50
298,33,14384,46
299,33,44472,42
300,33,85721,48
301,33,72145,61
302,33,77102,52
303,33,38238,47
304,33,38675,45
305,33,18142,44
306,33,234324,46
307,33,294670,53
308,33,90863,46
309,33,3332,43
310,33,181154,47
311,33,424363,57
312,33,3642,42
313,33,48532,45
314,33,4370,42
315,33,5859,41
316,33,82832,47
317,33,115727,50
318,33,92397,62
319,33,6203,44
320,33,122372,42
321,33,17884,43
322,33,9445,57
323,33,4122,43
324,33,107225,59
325,33,23020,56
326,33,38885,58
327,33,79887,62
328,33,152928,50
329,33,13995,42
330,33,49571,48
331,33,15385,43
332,33,24670,47
333,33,1516,45
334,33,24692,42
335,33,15805,41
336,33,1223,44
337,33,107134,51
338,33,4087,47
339,33,508,45
340,33,284955,69
341,33,1258,48
342,33,585754,63
343,33,3957,45
344,33,2572,55
345,33,28822,45
346,33,26048,47
347,33,132383,48
348,33,103145,52
349,33,15365,56
350,33,524101,47
351,33,71255,39
352,33,333641,46
353,33,455175,39
354,33,226764,45
355,33,2159,45
356,33,76537,44
357,33,219574,51
358,33,15136,50
359,33,114726,80
360,33,3346,51
361,33,4839,44
362,33,2360,43
363,33,78455,49
364,33,1132,49
365,33,10385,52
366,33,14047,44
367,33,256449,43
368,33,182,50
369,33,2335,47
370,33,23480,42
371,33,10154,73
372,33,111032,46
373,33,369078,53
374,33,206677,54
375,33,510912,54
376,33,5625,48
377,33,292740,58
378,33,19195,64
379,33,763678,66
380,33,512460,60
381,33,1351229,59
382,33,270231,52
383,33,17408,40
384,33,151485,47
385,33,102107,49
386,33,8267,63
387,33,884416,94
388,33,821682,89
389,33,20828,48
390,33,1081598,84
391,33,6231,48
392,33,1128,54
393,33,21115,53
394,33,1728110,128
395,33,6461,74
396,33,4157,45
397,33,77885,45
398,33,8126,42
399,33,618,44
400,33,17121,43
401,33,33830,48
402,33,27256,43
403,33,30478,44
404,33,34221,48
405,33,328861,42
406,33,69579,39
407,33,89271,43
408,33,22392,50
409,33,82572,48
410,33,3594,45
411,33,171,50
412,33,2201,50
413,33,1868,53
414,33,824981,54
415,33,9266,58
416,33,16509,46
417,33,65487,63
418,33,20413,53
419,33,1120,54
420,33,195910,40
421,33,572424,44
422,33,62724,47
423,33,67117,49
424,33,91442,48
425,33,27590,45
426,33,6960,48
427,33,10168,56
428,33,880,54
429,33,14565,43
430,33,5443,47
431,33,2282,45
432,33,28031,54
433,33,7604,44
434,33,31972,50
435,33,57759,60
436,33,23013,49
437,33,111463,53
438,33,129098,42
439,33,974,45
440,33,46707,47
441,33,16229,43
442,33,36071,48
443,33,137401,50
444,33,193596,42
445,33,6239,42
446,33,37859,42
447,33,113084,49
448,33,36282,58
449,33,57389,68
450,33,13139,53
451,33,14187,50
452,33,45142,43
453,33,40023,66
454,33,12589,74
455,33,703,55
456,33,9115,43
457,33,11561,57
458,33,8108,55
459,33,23901,45
460,33,1961,50
461,33,24029,42
462,33,10414,43
463,33,71807,49
464,33,101178,44
465,33,102930,39
466,33,3016,49
467,33,8648,43
468,33,1128946,47
469,33,616605,50
470,33,146013,53
471,33,2365,48
472,33,460263,104
473,33,7394,42
474,33,11797,44
475,33,503590,51
476,33,1902,49
477,33,40203,43
478,33,4854,50
479,33,318600,42
480,33,14563,47
481,33,1197,52
482,33,6666,46
483,33,150649,50
484,33,19373,63
485,33,3344,43
486,33,7347,43
487,33,434373,67
488,33,24759,55
489,33,2318,47
490,33,5673,53
491,33,5799,43
492,33,1599,47
493,33,2677,47
494,33,657518,40
495,33,4468,49
496,33,10796,44
497,33,139771,53
498,33,55406,40
499,33,9976,49
500,33,10491,48
501,33,436434,60
502,33,9064,50
503,33,665,45
504,33,3851,43
505,33,61100,45
506,33,22013,40
507,33,1266,45
508,33,10432,40
509,33,503,60
510,33,3303,44
511,33,320,45
512,33,118279,54
513,33,2114,49
514,33,1514,44
515,33,3152,43
516,33,1525,44
517,33,19688,59
518,33,136339,63
519,33,26878,47
520,33,71848,60
521,33,6070,45
522,33,479,47
523,33,8644,95
524,33,950,49
525,33,4546,50
526,33,611,50
527,33,3055,55
528,33,17395,45
529,33,9008,40
530,33,1472,44
531,33,1442,45
532,33,57400,59
533,33,8534,48
534,33,1369,45
535,33,17506,43
536,33,10981,45
537,33,20624,41
538,33,4632,44
539,33,948,53
540,33,42375,40
541,33,7322,49
542,33,8167,56
543,33,12869,59
544,33,605,44
545,33,6257,40
546,33,4088,45
547,33,9775,40
548,33,343771,48
549,33,7694,40
550,33,3899,40
551,33,1138,50
552,33,413,45
553,33,451,45
554,33,11414,40
555,33,5215,40
556,33,21776,40
557,33,8050,40
558,33,479,45
559,33,531,50
560,33,2385,50
561,33,2423,40
562,33,21260,45
563,33,385,45
564,33,1332,45
565,33,4533,42
566,33,4974,40
567,33,2171,50
568,33,1289,44
569,33,3869,40
570,33,9119,40
571,33,344,44
572,33,1350,40
573,33,836,44
574,33,9189,40
575,33,169,44
576,33,4192,40
577,33,36789,45
578,33,4424,40
579,33,719,45
580,33,266,45
581,33,6162,45
582,33,5712,40
583,33,398,45
584,33,144,45
585,33,100,45
586,33,2736,40
587,33,491,45
588,33,189,45
589,33,1912,60
590,33,503,45
591,33,1499,44
592,33,150412,69
593,33,7109,54
594,33,31683,45
595,33,478,43
596,33,1479,40
597,33,646,45
598,33,7775,40
599,33,523,44
600,33,1246,45
601,33,5704,50
602,33,320,45
603,33,44967,45
604,33,3122,60
605,33,234,43
606,33,127,49
607,33,3703,62
608,33,7189,60
609,33,30364,56
610,33,3783,43
611,33,19,45
612,33,53009,52
613,33,305,45
614,33,927,52
615,33,124,49
616,33,867988,108
617,33,2386,78
618,33,486,45
619,33,1090,51
620,33,6130,55
621,33,29399,45
622,33,654,51
623,33,327,45
624,33,2750,40
625,33,1840,40
626,33,9212,43
627,33,5761,45
628,33,19826,45
629,33,806,40
630,33,58,45
631,33,291,45
632,33,865,40
633,33,690,40
634,33,85,45
635,33,476,40
636,33,78,45
637,33,29,45
638,33,0,45
639,33,0,40
640,33,0,45
641,33,0,45
1,34,12347,48
2,34,260963,53
3,34,35040,40
4,34,97436,60
5,34,27143,47
6,34,2908,50
7,34,574471,59
8,34,22144,50
9,34,8985,45
10,34,394530,56
11,34,37499,44
12,34,250907,55
13,34,363589,58
14,34,264721,115
15,34,158311,68
16,34,140847,93
17,34,3250,69
18,34,214591,69
19,34,172675,56
20,34,30326,43
21,34,46048,51
22,34,193981,42
23,34,389421,52
24,34,42044,51
25,34,82566,82
26,34,66487,73
27,34,6628,74
28,34,354072,102
29,34,257622,45
30,34,81023,41
31,34,132738,40
32,34,78848,43
33,34,70678,46
34,34,427460,47
35,34,27781,48
36,34,9415,42
37,34,195132,39
38,34,409816,51
39,34,20945,47
40,34,4432,47
41,34,191112,44
42,34,27322,58
43,34,8447,48
44,34,2639,50
45,34,77973,47
46,34,81955,43
47,34,47136,51
48,34,380166,58
49,34,10857,57
50,34,15196,49
51,34,117768,70
52,34,84742,76
53,34,116844,39
54,34,217428,46
55,34,193823,45
56,34,198307,46
57,34,303499,39
58,34,47901,45
59,34,10603,44
60,34,193951,39
61,34,173857,39
62,34,32314,55
63,34,74140,45
64,34,6777,44
65,34,9003,43
66,34,16039,48
67,34,1912,47
68,34,359,45
69,34,2213,47
70,34,1027097,60
71,34,434928,60
72,34,60496,47
73,34,1783,49
74,34,103645,47
75,34,350,45
76,34,320678,44
77,34,601621,49
78,34,512922,47
79,34,304384,46
80,34,386140,40
81,34,29781,42
82,34,9453,49
83,34,1367,44
84,34,74373,50
85,34,15616,54
86,34,12213,54
87,34,26524,53
88,34,9117,43
89,34,5217,51
90,34,241529,45
91,34,121471,57
92,34,77746,63
93,34,306741,54
94,34,617918,53
95,34,3926,47
96,34,8303,48
97,34,1235020,69
98,34,174951,62
99,34,118146,54
100,34,1168644,72
101,34,478395,57
102,34,126040,65
103,34,204707,58
104,34,428570,106
105,34,179626,68
106,34,1052395,72
107,34,547474,47
108,34,183724,44
109,34,59699,77
110,34,144984,48
111,34,700357,49
112,34,48630,42
113,34,29209,81
114,34,23319,95
115,34,155463,43
116,34,182115,40
117,34,159800,43
118,34,16070,46
119,34,9923,47
120,34,38252,42
121,34,12981,42
122,34,1429,45
123,34,10583,47
124,34,97458,51
125,34,17668,44
126,34,267777,68
127,34,200815,43
128,34,19836,42
129,34,14080,53
130,34,3847,48
131,34,79217,56
132,34,646174,51
133,34,1874,54
134,34,144159,75
135,34,457295,49
136,34,9302,42
137,34,18561,42
138,34,215142,56
139,34,24660,64
140,34,149868,47
141,34,4511,40
142,34,1086,49
143,34,125215,52
144,34,67636,40
145,34,131699,40
146,34,290862,53
147,34,12635,64
148,34,48929,60
149,34,8803,73
150,34,1320,49
151,34,47086,45
152,34,8884,42
153,34,21252,54
154,34,29772,47
155,34,44558,48
156,34,24615,51
157,34,3881,51
158,34,21318,69
159,34,268270,50
160,34,23384,70
161,34,575441,72
162,34,232532,40
163,34,428057,46
164,34,202456,46
165,34,68760,44
166,34,13791,47
167,34,3158,42
168,34,10856,40
169,34,16146,39
170,34,7250,40
171,34,379176,45
172,34,286156,52
173,34,33236,46
174,34,10539,44
175,34,11929,44
176,34,3483,43
177,34,306,45
178,34,7038,42
179,34,383,45
180,34,1216,45
181,34,8123,57
182,34,26644,55
183,34,2044,53
184,34,2296,48
185,34,3604,49
186,34,274255,46
187,34,147168,51
188,34,123599,56
189,34,333268,51
190,34,3572,43
191,34,199751,44
192,34,113720,48
193,34,146305,43
194,34,4261,48
195,34,3318,42
196,34,280227,44
197,34,1448,45
198,34,761573,56
199,34,845618,90
200,34,217686,56
201,34,210446,42
202,34,10889,48
203,34,37870,53
204,34,12476,43
205,34,2380,45
206,34,24706,49
207,34,21698,61
208,34,12052,57
209,34,1639200,90
210,34,18382,48
211,34,193575,53
212,34,18889,66
213,34,65579,47
214,34,80782,49
215,34,75888,53
216,34,69247,43
217,34,14649,53
218,34,142611,45
219,34,102842,54
220,34,81487,41
221,34,25611,46
222,34,140855,60
223,34,227525,43
224,34,1126,45
225,34,65377,53
226,34,176038,91
227,34,264180,49
228,34,20181,73
229,34,822,50
230,34,581194,95
231,34,22562,42
232,34,126327,66
233,34,20249,42
234,34,3320084,105
235,34,2159657,95
236,34,36621,79
237,34,7334,54
238,34,11430,74
239,34,93861,46
240,34,446908,56
241,34,27926,45
242,34,183312,53
243,34,1737,55
244,34,126744,58
245,34,1500882,63
246,34,22504,45
247,34,1011629,87
248,34,643882,82
249,34,45936,60
250,34,240026,50
251,34,2832,45
252,34,1271216,103
253,34,56479,53
254,34,2065,70
255,34,642066,85
256,34,67559,72
257,34,752462,116
258,34,44973,65
259,34,376988,100
260,34,2689810,59
261,34,8780,47
262,34,247588,39
263,34,523395,55
264,34,322041,55
265,34,29154,48
266,34,7260,54
267,34,716979,69
268,34,12943,49
269,34,61278,44
270,34,50671,51
271,34,348825,60
272,34,69552,39
273,34,70471,49
274,34,121848,68
275,34,31578,47
276,34,49688,42
277,34,133260,48
278,34,75545,50
279,34,668693,60
280,34,144984,78
281,34,447025,77
282,34,871125,78
283,34,46429,42
284,34,400148,74
285,34,1919739,116
286,34,885664,40
287,34,14918,43
288,34,54329,44
289,34,96344,43
290,34,504620,48
291,34,46658,42
292,34,26348,40
293,34,92249,39
294,34,36259,43
295,34,104918,54
296,34,29428,52
297,34,168,50
298,34,14132,46
299,34,43941,42
300,34,82865,48
301,34,66392,61
302,34,111040,52
303,34,38051,47
304,34,39128,45
305,34,22046,44
306,34,232429,46
307,34,296581,53
308,34,92628,46
309,34,3306,43
310,34,207874,47
311,34,413479,57
312,34,3737,42
313,34,31809,45
314,34,4264,42
315,34,6071,41
316,34,81512,47
317,34,113676,50
318,34,97143,62
319,34,6180,44
320,34,141221,42
321,34,28036,43
322,34,9479,57
323,34,4154,43
324,34,107176,59
325,34,23206,56
326,34,83722,58
327,34,79708,62
328,34,148155,50
329,34,13760,42
330,34,48738,48
331,34,14930,43
332,34,23888,47
333,34,1515,45
334,34,22602,42
335,34,16659,41
336,34,1216,44
337,34,104231,51
338,34,4048,47
339,34,508,45
340,34,321898,70
341,34,1274,48
342,34,535829,62
343,34,3948,45
344,34,2572,55
345,34,28937,45
346,34,25780,47
347,34,130543,48
348,34,105330,52
349,34,15330,56
350,34,503971,47
351,34,95605,39
352,34,322159,46
353,34,447587,39
354,34,213953,45
355,34,2154,45
356,34,61417,44
357,34,208227,51
358,34,15040,50
359,34,113438,80
360,34,3331,51
361,34,4856,44
362,34,2346,43
363,34,65216,48
364,34,1132,49
365,34,10349,52
366,34,13418,44
367,34,246183,43
368,34,181,50
369,34,2305,47
370,34,23126,42
371,34,9952,73
372,34,108026,46
373,34,356627,53
374,34,209599,54
375,34,507484,54
376,34,5634,48
377,34,292620,58
378,34,19288,64
379,34,737635,66
380,34,533647,60
381,34,1306235,59
382,34,270651,52
383,34,17938,40
384,34,156022,47
385,34,104430,49
386,34,8599,63
387,34,1060011,94
388,34,860892,90
389,34,20937,48
390,34,1058696,84
391,34,6132,48
392,34,1123,54
393,34,21165,53
394,34,1999986,129
395,34,6457,74
396,34,4141,45
397,34,76220,45
398,34,8103,42
399,34,623,44
400,34,16567,43
401,34,32599,48
402,34,27193,43
403,34,29600,44
404,34,31388,48
405,34,313374,42
406,34,68949,39
407,34,90425,43
408,34,22193,50
409,34,82191,48
410,34,3580,45
411,34,171,50
412,34,2200,50
413,34,1865,53
414,34,748676,54
415,34,14256,58
416,34,16360,46
417,34,56331,63
418,34,20327,53
419,34,1116,54
420,34,193253,40
421,34,548399,43
422,34,62295,47
423,34,60298,49
424,34,87100,48
425,34,27386,45
426,34,6918,48
427,34,10168,56
428,34,878,53
429,34,14449,43
430,34,5414,47
431,34,2311,45
432,34,27511,54
433,34,7514,44
434,34,31036,50
435,34,52696,60
436,34,22433,49
437,34,110931,53
438,34,113176,41
439,34,974,45
440,34,46539,47
441,34,14789,43
442,34,35844,48
443,34,115440,50
444,34,195376,42
445,34,6162,42
446,34,51962,42
447,34,113575,49
448,34,36250,58
449,34,56324,68
450,34,12809,53
451,34,14537,50
452,34,43918,43
453,34,38934,66
454,34,12039,74
455,34,703,55
456,34,11153,43
457,34,11512,57
458,34,8089,55
459,34,24150,45
460,34,1964,50
461,34,24118,42
462,34,9941,43
463,34,71462,49
464,34,83847,43
465,34,111806,39
466,34,3009,49
467,34,8578,43
468,34,1061866,46
469,34,619313,50
470,34,154680,53
471,34,2359,48
472,34,504820,104
473,34,7354,42
474,34,11571,44
475,34,477775,51
476,34,1902,49
477,34,39139,43
478,34,4799,50
479,34,332802,42
480,34,15278,47
481,34,1192,52
482,34,6653,46
483,34,144958,50
484,34,19408,63
485,34,3344,43
486,34,7292,43
487,34,439362,67
488,34,24358,55
489,34,2384,47
490,34,4851,53
491,34,5831,43
492,34,1607,47
493,34,2691,47
494,34,634962,40
495,34,4427,49
496,34,10723,44
497,34,127450,53
498,34,54418,40
499,34,10007,49
500,34,9790,48
501,34,411177,59
502,34,8938,50
503,34,665,45
504,34,3894,43
505,34,60055,45
506,34,22052,40
507,34,1271,45
508,34,10404,40
509,34,505,60
510,34,3748,44
511,34,321,45
512,34,118049,54
513,34,2093,49
514,34,1507,44
515,34,3133,43
516,34,1522,44
517,34,19445,59
518,34,168173,63
519,34,23581,47
520,34,72228,60
521,34,5090,45
522,34,484,47
523,34,8703,95
524,34,885,49
525,34,4624,50
526,34,623,50
527,34,2957,54
528,34,17272,45
529,34,8856,40
530,34,1495,44
531,34,1473,45
532,34,55668,59
533,34,8411,47
534,34,1397,45
535,34,17334,43
536,34,10565,45
537,34,19526,41
538,34,5527,44
539,34,948,53
540,34,41954,40
541,34,6656,49
542,34,8119,56
543,34,12317,59
544,34,607,44
545,34,6259,40
546,34,3686,45
547,34,9748,40
548,34,322416,47
549,34,7568,40
550,34,3869,40
551,34,1087,50
552,34,410,45
553,34,467,45
554,34,11426,40
555,34,5232,40
556,34,20953,40
557,34,8140,40
558,34,483,45
559,34,532,50
560,34,2427,50
561,34,2377,40
562,34,20720,45
563,34,403,45
564,34,1331,45
565,34,4545,42
566,34,5016,40
567,34,2156,50
568,34,1351,44
569,34,3904,40
570,34,9532,40
571,34,503,44
572,34,1332,40
573,34,960,44
574,34,9821,40
575,34,165,44
576,34,4227,40
577,34,39828,45
578,34,4565,40
579,34,789,45
580,34,263,45
581,34,6089,45
582,34,5764,40
583,34,422,45
584,34,164,45
585,34,99,45
586,34,2843,40
587,34,516,45
588,34,201,45
589,34,2261,60
590,34,488,45
591,34,1724,44
592,34,130402,68
593,34,5533,54
594,34,26318,45
595,34,490,43
596,34,1436,40
597,34,651,45
598,34,7657,40
599,34,430,44
600,34,1347,45
601,34,5977,50
602,34,327,45
603,34,46707,45
604,34,2701,60
605,34,235,43
606,34,123,48
607,34,3157,61
608,34,7840,60
609,34,27447,55
610,34,3697,42
611,34,20,45
612,34,46457,51
613,34,319,45
614,34,920,52
615,34,128,49
616,34,667062,107
617,34,2129,78
618,34,525,45
619,34,973,51
620,34,4916,55
621,34,29728,45
622,34,643,50
623,34,348,45
624,34,3216,40
625,34,2014,40
626,34,9435,42
627,34,7020,45
628,34,30275,45
629,34,922,40
630,34,68,45
631,34,312,45
632,34,1117,40
633,34,824,40
634,34,152,45
635,34,1506,40
636,34,254,45
637,34,46,45
638,34,2765,45
639,34,264,40
640,34,56,45
641,34,34,45
642,34,0,45
643,34,0,45
1,35,12612,48
2,35,286064,53
3,35,34945,40
4,35,102964,60
5,35,27259,47
6,35,2922,50
7,35,616835,59
8,35,22955,50
9,35,9004,45
10,35,493362,56
11,35,38846,44
12,35,301544,55
13,35,364065,58
15,35,169865,68
16,35,179072,93
17,35,3277,69
18,35,242997,68
19,35,184499,56
20,35,30289,43
21,35,59279,51
22,35,195534,42
23,35,393550,51
24,35,39488,51
26,35,84213,73
27,35,6640,74
28,35,438263,102
74,35,103887,47
75,35,353,45
76,35,298601,44
77,35,539995,49
78,35,540538,48
79,35,278825,46
80,35,454148,40
81,35,28659,42
82,35,9316,49
83,35,1377,44
84,35,98285,50
85,35,15584,54
86,35,11874,54
87,35,26466,53
88,35,8612,43
89,35,5217,51
90,35,226486,45
91,35,120696,57
92,35,77903,63
93,35,288080,54
99,35,122896,54
108,35,184511,44
110,35,151794,48
112,35,48259,42
115,35,170938,44
116,35,180411,40
117,35,227700,43
118,35,16009,46
119,35,10384,47
120,35,37287,42
121,35,12980,42
122,35,1471,45
123,35,10459,47
124,35,120498,51
125,35,17622,44
126,35,533856,69
127,35,202495,43
128,35,19425,42
129,35,14346,53
130,35,3793,48
131,35,84395,56
132,35,833735,52
133,35,1891,54
134,35,149266,75
135,35,534525,49
136,35,9955,42
137,35,18456,42
138,35,272971,56
139,35,35453,64
140,35,158177,47
141,35,4503,40
142,35,1205,49
143,35,125740,52
144,35,64589,40
145,35,129369,40
146,35,307153,53
147,35,15487,64
148,35,48871,60
150,35,1322,49
151,35,46444,44
152,35,8814,42
153,35,18632,54
154,35,30336,47
155,35,46577,48
156,35,24708,51
157,35,3879,51
158,35,21349,69
159,35,261817,50
160,35,23359,70
161,35,589038,71
185,35,3613,49
197,35,1451,45
201,35,202865,42
212,35,19574,66
213,35,65269,47
214,35,113459,49
215,35,93104,53
216,35,74227,43
217,35,14453,53
218,35,141730,45
219,35,101429,54
220,35,95094,41
221,35,28750,46
222,35,152592,60
223,35,300953,44
224,35,1128,45
225,35,66131,53
226,35,175551,91
227,35,251667,49
228,35,20135,73
229,35,819,50
230,35,698548,95
231,35,22338,42
232,35,126995,66
233,35,18799,42
234,35,3558646,106
235,35,2403271,95
236,35,36699,79
237,35,9720,54
238,35,11430,74
239,35,92425,46
240,35,520063,56
241,35,28265,45
242,35,181414,53
243,35,1738,55
244,35,197017,58
245,35,1605330,63
246,35,22938,45
247,35,1443047,89
248,35,735882,82
249,35,46046,60
250,35,229490,50
251,35,2834,45
252,35,1338730,103
253,35,113203,54
254,35,2089,70
255,35,747874,85
256,35,72608,72
257,35,688174,116
259,35,856604,102
269,35,60589,44
281,35,429530,77
286,35,864473,40
287,35,14796,43
288,35,105221,44
289,35,95051,43
290,35,568562,48
291,35,54806,42
292,35,26249,40
293,35,89823,39
294,35,49668,43
295,35,127652,54
296,35,35109,52
297,35,168,50
298,35,14741,46
299,35,43486,42
300,35,79948,48
301,35,67480,61
302,35,276720,53
303,35,37897,47
304,35,39446,45
311,35,483228,57
328,35,179530,50
329,35,14565,42
330,35,51558,48
331,35,15081,43
332,35,27179,47
333,35,1514,45
334,35,21639,42
335,35,15883,41
336,35,1210,44
337,35,104848,51
338,35,4052,47
339,35,507,45
340,35,375333,70
341,35,1288,48
342,35,612949,62
343,35,3947,45
344,35,2573,55
345,35,29499,45
346,35,25730,47
347,35,139626,48
348,35,112547,52
349,35,15349,56
350,35,504194,47
351,35,98851,39
352,35,314512,46
353,35,442491,39
354,35,210202,45
355,35,2148,45
356,35,57592,44
357,35,210492,51
358,35,15146,50
359,35,112778,80
360,35,3331,51
361,35,4852,44
362,35,2338,43
363,35,60355,47
364,35,1131,49
365,35,10315,52
366,35,13072,44
367,35,249935,43
368,35,183,50
369,35,2271,47
370,35,22872,42
372,35,105783,46
373,35,366134,53
374,35,206861,54
379,35,799013,66
383,35,17894,40
392,35,1090,54
396,35,4137,45
397,35,76826,45
398,35,8080,42
399,35,734,44
400,35,17352,43
401,35,32844,48
402,35,27174,43
403,35,29648,44
404,35,33077,48
405,35,316930,42
406,35,68347,39
407,35,101062,43
408,35,22054,50
409,35,82395,48
410,35,3572,45
411,35,171,50
412,35,2199,50
413,35,1865,53
414,35,751388,53
415,35,19948,58
416,35,19676,46
417,35,64466,63
418,35,20307,53
419,35,1118,54
420,35,190939,40
421,35,557454,43
422,35,62408,47
423,35,59057,49
424,35,87701,48
425,35,27330,45
426,35,7030,48
427,35,10167,56
428,35,874,53
429,35,14397,43
430,35,5499,47
431,35,2315,45
432,35,27595,54
433,35,7475,44
434,35,31268,50
435,35,53090,60
436,35,22185,49
437,35,130658,53
438,35,109220,41
439,35,973,45
440,35,46438,47
441,35,14151,43
442,35,35704,48
443,35,132819,49
444,35,187320,42
445,35,6118,42
446,35,58371,42
447,35,113998,49
448,35,36222,58
449,35,56443,68
450,35,12835,53
451,35,14794,50
452,35,43594,42
453,35,39812,66
454,35,11908,74
455,35,702,55
456,35,10729,43
457,35,15035,57
458,35,8075,55
459,35,24321,45
460,35,1964,50
464,35,79281,43
465,35,109688,39
466,35,3008,49
467,35,8521,43
468,35,1069897,46
469,35,668439,50
475,35,553303,51
477,35,38946,42
478,35,4788,50
479,35,341127,42
480,35,21966,47
482,35,6673,46
483,35,145740,50
484,35,19433,63
485,35,3352,43
486,35,7255,43
487,35,439835,67
488,35,24367,55
489,35,2432,47
491,35,5806,43
492,35,1749,47
493,35,2717,47
494,35,636963,39
495,35,4419,49
496,35,10695,44
497,35,122394,53
499,35,10111,49
501,35,412095,59
502,35,8849,50
505,35,59181,45
507,35,1278,45
508,35,10368,40
510,35,4064,44
512,35,118007,54
513,35,2331,49
514,35,1506,44
515,35,3120,43
516,35,1510,44
518,35,206151,63
519,35,21059,47
524,35,864,49
526,35,629,50
527,35,2959,54
528,35,17097,45
529,35,8726,40
530,35,1499,44
533,35,8380,47
535,35,17238,43
536,35,13424,45
537,35,20214,40
539,35,957,53
542,35,8107,56
544,35,611,44
545,35,6233,40
546,35,3691,45
548,35,305248,47
550,35,3829,40
551,35,1065,50
552,35,408,45
554,35,11336,40
555,35,5207,40
556,35,20564,40
557,35,8105,40
559,35,559,50
560,35,2480,50
561,35,2350,40
562,35,20288,45
563,35,430,45
564,35,1325,45
567,35,2145,50
568,35,1357,44
569,35,4142,40
572,35,1326,40
573,35,984,44
574,35,9836,40
575,35,167,44
576,35,4213,40
577,35,38790,45
578,35,4504,40
579,35,754,45
580,35,258,45
581,35,5967,45
582,35,5794,40
586,35,2798,40
590,35,503,45
592,35,166194,68
594,35,40379,45
595,35,505,43
596,35,1397,40
597,35,654,45
598,35,7564,40
599,35,416,43
605,35,244,43
606,35,124,48
608,35,8210,60
609,35,26126,55
610,35,3663,42
611,35,20,45
612,35,57891,51
613,35,337,45
615,35,134,49
616,35,930400,108
618,35,543,45
619,35,975,50
620,35,4874,55
621,35,48868,45
622,35,634,50
623,35,350,45
624,35,3067,40
625,35,2101,40
626,35,9260,42
627,35,5899,45
628,35,30078,45
629,35,994,40
630,35,75,45
631,35,326,45
633,35,902,40
634,35,179,45
635,35,1494,40
636,35,259,45
637,35,62,45
638,35,2725,45
639,35,271,40
640,35,94,45
641,35,45,45
1,36,12630,48
2,36,264754,53
3,36,34906,40
4,36,98269,60
5,36,27262,47
6,36,2937,50
7,36,581470,59
8,36,22638,50
9,36,9019,45
10,36,472569,56
11,36,38080,44
12,36,262655,55
13,36,360775,58
14,36,190019,115
15,36,161501,68
16,36,139639,93
17,36,3291,69
18,36,243687,68
19,36,154903,56
20,36,30272,43
21,36,55431,51
22,36,186726,42
23,36,395909,51
24,36,37875,50
25,36,127314,82
26,36,72570,73
27,36,6649,74
28,36,396787,102
29,36,246966,45
30,36,79903,41
31,36,131493,40
32,36,74014,43
33,36,66318,46
34,36,404847,47
35,36,25842,48
36,36,9427,42
37,36,189868,39
38,36,378319,50
39,36,20853,47
40,36,4402,47
41,36,184099,43
42,36,20439,57
43,36,7740,48
44,36,2665,50
45,36,67071,47
46,36,75615,43
47,36,41745,51
48,36,299211,57
49,36,10826,57
50,36,13906,49
51,36,105222,70
52,36,84040,76
53,36,109528,39
54,36,203807,46
55,36,178198,45
56,36,180095,46
57,36,307125,38
58,36,45857,45
59,36,9755,44
60,36,183955,39
61,36,158913,39
62,36,31884,55
63,36,69339,45
64,36,6740,44
65,36,9470,42
66,36,13871,48
67,36,1918,47
68,36,361,45
69,36,2208,47
70,36,950352,60
71,36,377859,60
72,36,57884,46
73,36,1778,49
74,36,103476,47
75,36,352,45
76,36,316188,44
77,36,499295,49
78,36,528742,48
79,36,305217,46
80,36,427604,41
81,36,27624,42
82,36,9230,49
83,36,1396,44
84,36,114439,50
85,36,15559,54
86,36,11574,54
87,36,26431,53
88,36,8614,43
89,36,5214,51
90,36,227569,45
91,36,119705,57
92,36,77028,63
93,36,318878,55
94,36,605011,53
95,36,3946,47
96,36,7988,48
97,36,1212747,69
98,36,174590,62
99,36,119122,54
100,36,933041,71
101,36,477426,57
102,36,144967,65
103,36,184338,58
104,36,364677,105
105,36,176816,68
106,36,866322,71
107,36,537668,47
108,36,184246,44
109,36,59583,77
110,36,166966,48
111,36,685800,49
112,36,48145,42
113,36,29140,81
114,36,23320,95
115,36,170334,44
116,36,177046,40
117,36,220705,43
118,36,15963,46
119,36,10473,47
120,36,35576,42
121,36,12943,42
122,36,1461,45
123,36,10426,47
124,36,103751,51
125,36,17592,44
126,36,452708,69
127,36,201273,43
128,36,19162,42
129,36,14428,53
130,36,3751,48
131,36,83610,56
132,36,840573,53
133,36,1901,54
134,36,146357,75
135,36,502121,49
136,36,9355,42
137,36,18431,42
138,36,224730,56
139,36,28821,64
140,36,158488,47
141,36,4510,40
142,36,1185,49
143,36,125166,52
144,36,62390,40
145,36,123778,40
146,36,304760,53
147,36,13790,64
148,36,48834,60
149,36,8911,73
150,36,1326,49
151,36,46020,44
152,36,8795,42
153,36,17122,54
154,36,29891,47
155,36,45812,48
156,36,24430,51
157,36,3875,51
158,36,21343,69
159,36,246366,50
160,36,23346,70
161,36,580044,71
162,36,230298,39
163,36,414919,46
164,36,196897,46
165,36,67744,44
166,36,13675,47
167,36,3141,42
168,36,10670,40
169,36,13159,39
170,36,7197,40
171,36,396665,45
172,36,278582,52
173,36,28104,45
174,36,10393,44
175,36,11865,44
176,36,3439,43
177,36,309,45
178,36,6474,42
179,36,382,45
180,36,1225,45
181,36,8115,57
182,36,26190,55
183,36,2038,53
184,36,2280,48
185,36,3593,49
186,36,271356,45
187,36,136499,50
188,36,106944,55
189,36,273146,51
190,36,5119,43
191,36,175890,44
192,36,110825,48
193,36,138514,43
194,36,4267,48
195,36,3287,42
196,36,270789,44
197,36,1423,45
198,36,697770,56
199,36,569108,88
200,36,178309,55
201,36,205921,42
202,36,10757,47
203,36,36244,53
204,36,12164,43
205,36,2381,45
206,36,25188,49
207,36,21695,61
208,36,8349,57
209,36,1379594,89
210,36,17651,48
211,36,179102,53
212,36,20078,66
213,36,65004,47
214,36,107166,49
215,36,91326,53
216,36,70939,43
217,36,14594,53
218,36,141660,45
219,36,100644,54
220,36,92046,41
221,36,30544,46
222,36,145912,60
223,36,290634,44
224,36,1126,45
225,36,67114,53
226,36,175325,91
227,36,245523,49
228,36,20100,73
229,36,818,50
230,36,555252,95
231,36,22277,42
232,36,129076,66
233,36,19231,42
234,36,3531038,106
235,36,2294746,96
236,36,36754,79
237,36,15145,54
238,36,11422,74
239,36,92132,46
240,36,512971,57
241,36,28171,45
242,36,180336,53
243,36,1738,55
244,36,202776,59
245,36,1542707,64
246,36,25424,45
247,36,1473662,90
248,36,775879,83
249,36,46214,60
250,36,231644,50
251,36,2834,45
252,36,1303350,103
253,36,127241,54
254,36,2110,70
255,36,689526,86
256,36,82392,72
257,36,661632,115
258,36,44513,65
259,36,852490,103
260,36,2634144,59
261,36,8754,47
262,36,246908,39
263,36,558093,56
264,36,320074,55
265,36,28226,48
266,36,7277,54
267,36,683227,69
268,36,13067,49
269,36,59560,44
270,36,50677,51
271,36,339283,60
272,36,68774,39
273,36,69265,49
274,36,119554,68
275,36,31590,47
276,36,49589,42
277,36,120429,48
278,36,76437,50
279,36,603922,60
280,36,140609,78
281,36,421432,77
282,36,757082,79
283,36,43445,42
284,36,370713,74
285,36,1583809,115
286,36,849190,40
287,36,14615,43
288,36,104889,45
289,36,93737,43
290,36,583707,49
291,36,63875,42
292,36,26142,40
293,36,88507,39
294,36,54480,43
295,36,135926,54
296,36,36778,52
297,36,168,50
298,36,15242,46
299,36,43208,42
300,36,76855,48
301,36,66261,61
302,36,318313,54
303,36,37839,47
304,36,39616,45
305,36,31146,44
306,36,229980,46
307,36,300962,53
308,36,96579,46
309,36,3289,43
310,36,219496,47
311,36,458565,57
312,36,3656,42
313,36,29709,45
314,36,4272,42
315,36,19384,41
316,36,79968,47
317,36,105430,49
318,36,103504,62
319,36,6171,44
320,36,134553,42
321,36,23799,43
322,36,9213,57
323,36,4057,43
324,36,106671,59
325,36,26359,56
326,36,70505,58
327,36,79119,62
328,36,152845,50
329,36,13669,42
330,36,49195,48
331,36,14767,43
332,36,24689,47
333,36,1514,45
334,36,21040,41
335,36,15575,41
336,36,1207,44
337,36,102040,51
338,36,4058,47
339,36,505,45
340,36,363149,70
341,36,1291,48
342,36,543949,62
343,36,3945,45
344,36,2570,55
345,36,29162,45
346,36,25592,47
347,36,134671,48
348,36,110565,52
349,36,15320,55
350,36,535717,47
351,36,87177,39
352,36,330264,46
353,36,438473,39
354,36,199008,45
355,36,2145,45
356,36,62006,44
357,36,211357,51
358,36,15204,50
359,36,112387,80
360,36,3331,51
361,36,4845,44
362,36,2331,43
363,36,57296,47
364,36,1130,49
365,36,10302,52
366,36,12809,44
367,36,260735,43
368,36,184,50
369,36,2253,47
370,36,22717,42
371,36,9773,73
372,36,104469,46
373,36,388368,53
374,36,202053,54
375,36,516475,54
376,36,5650,48
377,36,293573,58
378,36,18756,64
379,36,777457,66
380,36,547345,60
381,36,1275400,58
382,36,263321,52
383,36,17504,40
384,36,150791,47
385,36,102321,49
386,36,8234,63
387,36,1071085,96
388,36,782354,90
389,36,20769,48
390,36,877599,83
391,36,6047,48
392,36,1077,54
393,36,21154,53
394,36,2048011,130
395,36,6452,74
396,36,4130,45
397,36,75107,45
398,36,8073,42
399,36,731,44
400,36,15740,43
401,36,31780,48
402,36,27121,43
403,36,29566,44
404,36,29673,48
405,36,306428,42
406,36,67820,39
407,36,90849,43
408,36,21973,50
409,36,82054,48
410,36,3564,45
411,36,171,50
412,36,2198,50
413,36,1861,53
414,36,710211,53
415,36,13079,58
416,36,18636,46
417,36,51104,63
418,36,20217,53
419,36,1117,54
420,36,189761,40
421,36,553551,43
422,36,62265,47
423,36,58708,49
424,36,87296,48
425,36,27256,45
426,36,11037,48
427,36,10161,56
428,36,877,53
429,36,14284,43
430,36,5495,47
431,36,2315,45
432,36,27498,54
433,36,7466,44
434,36,31270,50
435,36,60962,60
436,36,22255,49
437,36,135786,53
438,36,106926,41
439,36,970,45
440,36,46373,47
441,36,13595,43
442,36,35599,48
443,36,127691,49
444,36,185470,42
445,36,6084,42
446,36,59917,42
447,36,112473,49
448,36,36205,58
449,36,56489,68
450,36,12677,53
451,36,14798,50
452,36,43117,42
453,36,39966,66
454,36,11858,74
455,36,702,55
456,36,10750,43
457,36,14326,57
458,36,8072,55
459,36,24356,45
460,36,1964,50
461,36,23004,42
462,36,9585,43
463,36,70713,49
464,36,73994,42
465,36,105607,39
466,36,3003,49
467,36,8488,43
468,36,1060129,46
469,36,646254,50
470,36,133357,53
471,36,2353,48
472,36,457099,104
473,36,7304,42
474,36,11401,44
475,36,517021,51
476,36,1901,49
477,36,38515,42
478,36,4786,50
479,36,337495,42
480,36,17612,47
481,36,1193,52
482,36,6657,46
483,36,153894,50
484,36,20436,63
485,36,3346,43
486,36,7219,43
487,36,435028,67
488,36,24199,55
489,36,2427,47
490,36,4556,53
491,36,5786,43
492,36,1950,47
493,36,2718,47
494,36,620202,39
495,36,4388,49
496,36,10629,44
497,36,119194,53
498,36,53022,40
499,36,10081,49
500,36,9350,48
501,36,398235,59
502,36,8804,50
503,36,663,45
504,36,3889,43
505,36,58540,45
506,36,21833,40
507,36,1281,45
508,36,10359,40
509,36,505,60
510,36,4101,44
511,36,323,45
512,36,117893,54
513,36,2178,49
514,36,1506,44
515,36,3114,43
516,36,1507,44
517,36,17728,59
518,36,189372,64
519,36,20654,47
520,36,66322,60
521,36,4938,45
522,36,490,47
523,36,8781,95
524,36,852,49
525,36,5040,50
526,36,627,50
527,36,2872,54
528,36,17053,45
529,36,8667,40
530,36,1512,44
531,36,1484,45
532,36,49791,59
533,36,8335,47
534,36,1426,45
535,36,17160,43
536,36,11377,45
537,36,19228,40
538,36,4619,44
539,36,958,53
540,36,41127,40
541,36,6350,49
542,36,8099,56
543,36,12481,59
544,36,602,44
545,36,6148,40
546,36,3692,45
547,36,9577,40
548,36,297616,46
549,36,7405,40
550,36,3812,40
551,36,1042,50
552,36,405,45
553,36,469,45
554,36,11221,40
555,36,5165,40
556,36,20038,40
557,36,8042,40
558,36,485,45
559,36,569,50
560,36,2475,50
561,36,2337,40
562,36,20005,45
563,36,425,45
564,36,1321,45
565,36,4522,42
566,36,4969,40
567,36,2137,50
568,36,1349,44
569,36,3846,40
570,36,9195,40
571,36,461,44
572,36,1313,40
573,36,989,44
574,36,9630,40
575,36,168,44
576,36,4191,40
577,36,37108,45
578,36,4501,40
579,36,707,45
580,36,260,45
581,36,5916,45
582,36,5668,40
583,36,415,45
584,36,169,45
585,36,98,45
586,36,2833,40
587,36,545,45
588,36,206,45
589,36,2153,60
590,36,501,45
591,36,2296,44
592,36,134381,68
593,36,4416,54
594,36,27258,45
595,36,525,42
596,36,1392,40
597,36,656,45
598,36,7508,40
599,36,397,43
600,36,1412,45
601,36,5307,49
602,36,338,45
603,36,41990,45
604,36,2200,60
605,36,236,42
606,36,127,48
607,36,2569,60
608,36,7570,60
609,36,25364,55
610,36,3638,42
611,36,21,45
612,36,66283,51
613,36,337,45
614,36,4092,52
615,36,129,49
616,36,685639,107
617,36,2162,77
618,36,536,45
619,36,1219,50
620,36,4563,55
621,36,56551,45
622,36,616,49
623,36,358,45
624,36,2993,40
625,36,2016,40
626,36,8924,42
627,36,5939,45
628,36,26695,45
629,36,957,40
630,36,71,45
631,36,334,45
632,36,1110,40
633,36,853,40
634,36,182,45
635,36,1386,40
636,36,258,45
637,36,71,45
638,36,2589,45
639,36,314,40
640,36,114,45
641,36,47,45
642,36,80,45
643,36,2069,45
644,36,0,40
1,37,13211,48
2,37,262253,53
3,37,34778,40
4,37,94108,60
5,37,27340,47
6,37,2959,50
7,37,588398,59
8,37,22507,50
9,37,9026,45
10,37,507327,57
11,37,38332,44
12,37,260996,55
13,37,359087,58
14,37,197935,115
15,37,144646,67
16,37,135815,93
17,37,3306,69
18,37,268788,68
19,37,138506,56
20,37,30259,43
21,37,54440,51
22,37,181104,42
23,37,419429,51
24,37,38351,50
25,37,153642,83
26,37,76777,73
27,37,6660,74
28,37,422096,103
29,37,241555,45
30,37,79298,41
31,37,130652,40
32,37,72559,43
33,37,64259,46
34,37,389722,47
35,37,24869,48
36,37,9441,42
37,37,190197,39
38,37,358823,50
39,37,20690,47
40,37,4397,47
41,37,180781,43
42,37,18446,57
43,37,7546,48
44,37,2661,50
45,37,61710,46
46,37,73155,43
47,37,39790,51
48,37,269298,56
49,37,10827,57
50,37,14674,49
51,37,108902,70
52,37,83785,76
53,37,116559,39
54,37,202622,46
55,37,173005,45
56,37,174974,46
57,37,327667,38
58,37,45317,45
59,37,11191,44
60,37,181721,39
61,37,157036,39
62,37,32137,55
63,37,69053,45
64,37,6853,44
65,37,9769,42
66,37,13615,48
67,37,1921,47
68,37,363,45
69,37,2202,47
70,37,916999,59
71,37,351423,60
72,37,57450,46
73,37,1793,49
74,37,103194,47
75,37,351,45
76,37,283576,44
77,37,455766,49
78,37,488094,48
79,37,283198,46
80,37,421529,41
81,37,26117,42
82,37,9137,49
83,37,1411,44
84,37,96955,50
85,37,15544,54
86,37,11222,54
87,37,26389,53
88,37,8400,43
89,37,5211,51
90,37,212474,45
91,37,118789,57
92,37,76749,63
93,37,251474,54
94,37,612851,53
95,37,3947,47
96,37,7897,48
97,37,1237394,69
98,37,175967,62
99,37,118380,54
100,37,935037,71
101,37,476993,57
102,37,156897,65
103,37,188459,58
104,37,385279,105
105,37,183093,68
106,37,809512,71
107,37,540981,47
108,37,189419,44
109,37,59530,77
110,37,163208,48
111,37,692039,49
112,37,48109,42
113,37,29116,81
114,37,23337,95
115,37,168056,44
116,37,173443,40
117,37,228081,44
118,37,15891,46
119,37,10840,47
120,37,32579,42
121,37,12918,42
122,37,1472,45
123,37,10440,47
124,37,106132,51
125,37,17546,44
126,37,449230,70
127,37,218602,43
128,37,19904,42
129,37,14464,53
130,37,3707,48
131,37,78886,56
132,37,758836,53
133,37,1908,54
134,37,145793,75
135,37,488112,49
136,37,9318,42
137,37,18355,42
138,37,230140,56
139,37,27001,64
140,37,160078,47
141,37,4531,40
142,37,1206,49
143,37,124615,52
144,37,59682,40
145,37,120074,40
146,37,303198,53
147,37,12386,64
148,37,48795,60
149,37,8946,73
150,37,1328,49
151,37,45576,44
152,37,8785,42
153,37,13327,54
154,37,29864,47
155,37,47990,48
156,37,24092,51
157,37,3871,51
158,37,21335,69
159,37,222961,50
160,37,23325,70
161,37,570901,71
162,37,228426,39
163,37,405050,46
164,37,187658,46
165,37,67078,44
166,37,13601,47
167,37,3137,42
168,37,10540,40
169,37,14084,39
170,37,7182,40
171,37,386876,45
172,37,275914,52
173,37,26395,45
174,37,10349,44
175,37,11847,44
176,37,3403,43
177,37,309,45
178,37,6989,42
179,37,384,45
180,37,1224,45
181,37,8103,57
182,37,25549,55
183,37,2036,53
184,37,2277,48
185,37,3588,49
186,37,287232,45
187,37,136186,50
188,37,101138,55
189,37,250909,51
190,37,7816,43
191,37,176453,44
192,37,110212,47
193,37,133354,43
194,37,4290,48
195,37,3314,42
196,37,251251,44
197,37,1412,45
198,37,677455,56
199,37,522900,88
200,37,141559,55
201,37,209217,42
202,37,10707,47
203,37,38716,53
204,37,12008,43
205,37,2380,45
206,37,24401,49
207,37,21681,61
208,37,7744,57
209,37,1382423,89
210,37,18169,48
211,37,175129,53
212,37,19197,66
213,37,64704,47
214,37,92804,49
215,37,82470,53
216,37,70269,43
217,37,14588,53
218,37,134819,45
219,37,100017,54
220,37,102487,41
221,37,44718,46
222,37,143067,60
223,37,263893,44
224,37,1128,45
225,37,66439,53
226,37,175052,91
227,37,240278,49
228,37,20074,73
229,37,817,50
230,37,495068,94
231,37,22190,42
232,37,128621,66
233,37,20553,42
234,37,3161808,105
235,37,2024537,95
236,37,36771,79
237,37,12101,54
238,37,11427,74
239,37,91867,46
240,37,537725,57
241,37,28160,45
242,37,179547,53
243,37,1741,55
244,37,175298,59
245,37,1536793,64
246,37,27624,45
247,37,1677526,91
248,37,738011,83
249,37,46586,60
250,37,256131,50
251,37,2834,45
252,37,1303738,103
253,37,145265,54
254,37,2108,70
255,37,740751,86
256,37,79409,72
257,37,645323,115
258,37,44819,65
259,37,1123923,104
260,37,2675859,59
261,37,8734,47
262,37,244034,39
263,37,697170,57
264,37,302804,55
265,37,27587,48
266,37,7344,54
267,37,697677,69
268,37,13133,49
269,37,58138,44
270,37,50720,51
271,37,334749,60
272,37,68163,39
273,37,77466,49
274,37,119255,68
275,37,33921,47
276,37,49712,42
277,37,144369,48
278,37,77718,50
279,37,644073,60
280,37,143715,78
281,37,431118,77
282,37,909794,79
283,37,42858,42
284,37,436323,73
285,37,1369950,115
286,37,822663,40
287,37,14193,43
288,37,108809,45
289,37,91905,43
290,37,578671,49
291,37,64705,42
292,37,25991,40
293,37,87705,39
294,37,57593,43
295,37,143028,54
296,37,37708,52
297,37,169,50
298,37,15422,46
299,37,42858,42
300,37,74099,48
301,37,66219,61
302,37,360409,54
303,37,37715,47
304,37,39727,45
305,37,48064,44
306,37,229792,46
307,37,310410,53
308,37,107550,46
309,37,3273,43
310,37,246052,47
311,37,402441,57
312,37,3636,42
313,37,28378,45
314,37,4267,42
315,37,42516,41
316,37,78725,47
317,37,104020,49
318,37,217299,62
319,37,6162,44
320,37,148495,42
321,37,23034,43
322,37,9256,57
323,37,4035,43
324,37,106822,59
325,37,28522,56
326,37,86461,58
327,37,79213,62
328,37,150031,50
329,37,13586,42
330,37,48861,48
331,37,14481,43
332,37,24353,47
333,37,1513,45
334,37,19917,41
335,37,15038,41
336,37,1205,44
337,37,99493,51
338,37,4061,47
339,37,508,45
340,37,407646,70
341,37,1292,48
342,37,495678,62
343,37,3940,45
344,37,2570,55
345,37,29021,45
346,37,25448,47
347,37,137107,48
348,37,112100,52
349,37,15334,55
350,37,595202,47
351,37,92032,39
352,37,383046,46
353,37,436900,39
354,37,193012,45
355,37,2145,45
356,37,76099,44
357,37,244171,51
358,37,16698,50
359,37,111988,80
360,37,3346,51
361,37,4842,44
362,37,2326,43
363,37,57503,47
364,37,1130,49
365,37,10280,52
366,37,12557,44
367,37,271427,43
368,37,185,50
369,37,2248,47
370,37,22485,42
371,37,9813,73
372,37,102432,46
373,37,533102,53
374,37,202659,54
375,37,547071,54
376,37,5668,48
377,37,293434,58
378,37,18654,64
379,37,724085,66
380,37,594971,60
381,37,1323307,58
382,37,323382,52
383,37,17426,40
384,37,153106,47
385,37,100029,49
386,37,8297,63
387,37,1180208,96
388,37,831319,90
389,37,20784,48
390,37,866722,83
391,37,6005,48
392,37,1064,53
393,37,21212,53
394,37,2222843,131
395,37,6452,74
396,37,4128,45
397,37,74031,44
398,37,8062,42
399,37,748,44
400,37,14711,43
401,37,30782,48
402,37,27067,43
403,37,29303,44
404,37,27190,48
405,37,293213,42
406,37,67186,39
407,37,87423,43
408,37,21868,50
409,37,81721,48
410,37,3561,45
411,37,172,50
412,37,2197,50
413,37,1859,53
414,37,663923,52
415,37,10659,58
416,37,17236,46
417,37,47386,63
418,37,20024,53
419,37,1118,54
420,37,186786,40
421,37,542693,43
422,37,62103,47
423,37,57414,49
424,37,86305,48
425,37,27160,45
426,37,11160,48
427,37,10163,56
428,37,880,53
429,37,14206,43
430,37,5476,47
431,37,2314,45
432,37,28149,54
433,37,7447,44
434,37,30837,50
435,37,58638,60
436,37,22325,49
437,37,134368,53
438,37,107152,40
439,37,972,45
440,37,46302,47
441,37,12881,43
442,37,35486,48
443,37,151330,49
444,37,190574,42
445,37,6038,42
446,37,62577,42
447,37,111553,49
448,37,36180,58
449,37,58375,68
450,37,12927,53
451,37,15400,50
452,37,42795,42
453,37,41427,66
454,37,11818,74
455,37,701,55
456,37,12327,43
457,37,14803,57
458,37,8057,55
459,37,24359,45
460,37,1964,50
461,37,22538,42
462,37,9453,43
463,37,70942,49
464,37,66843,42
465,37,106305,39
466,37,3003,49
467,37,8438,43
468,37,1032140,46
469,37,579440,50
470,37,116239,53
471,37,2352,48
472,37,453954,104
473,37,7279,42
474,37,11308,44
475,37,414227,51
476,37,1901,49
477,37,38067,42
478,37,4767,50
479,37,342027,42
480,37,25837,47
481,37,1194,52
482,37,6646,46
483,37,165991,50
484,37,20791,63
485,37,3318,43
486,37,7186,43
487,37,435750,67
488,37,24151,55
489,37,2491,47
490,37,4560,53
491,37,5782,43
492,37,1946,47
493,37,2717,47
494,37,614805,39
495,37,4337,49
496,37,10657,43
497,37,116164,53
498,37,53011,40
499,37,10117,49
500,37,10586,48
501,37,387132,59
502,37,8756,50
503,37,664,45
504,37,3904,43
505,37,57699,45
506,37,21762,40
507,37,1282,45
508,37,10335,40
509,37,507,60
510,37,4641,44
511,37,326,45
512,37,117762,54
513,37,2054,49
514,37,1506,44
515,37,3105,43
516,37,1501,44
517,37,17115,59
518,37,120502,63
519,37,21729,47
520,37,69089,60
521,37,4482,45
522,37,494,47
523,37,8824,95
524,37,835,49
525,37,5931,50
526,37,634,50
527,37,2833,54
528,37,16968,45
529,37,8554,40
530,37,1527,44
531,37,1490,45
532,37,47615,59
533,37,8269,47
534,37,1438,45
535,37,17112,43
536,37,10519,45
537,37,19428,40
538,37,4219,44
539,37,976,53
540,37,47487,39
541,37,6204,49
542,37,8082,56
543,37,12436,59
544,37,606,44
545,37,6085,40
546,37,4687,45
547,37,9506,40
548,37,292714,46
549,37,7301,40
550,37,3785,40
551,37,1024,50
552,37,405,45
553,37,487,45
554,37,11081,40
555,37,5125,40
556,37,19323,40
557,37,8087,40
558,37,484,45
559,37,577,50
560,37,2567,50
561,37,2317,40
562,37,19671,45
563,37,430,45
564,37,1322,45
565,37,4548,42
566,37,4962,40
567,37,2134,50
568,37,1378,44
569,37,3826,40
570,37,9163,40
571,37,562,44
572,37,1294,40
573,37,1046,44
574,37,9916,40
575,37,168,44
576,37,4151,40
577,37,38072,45
578,37,4514,40
579,37,646,45
580,37,258,45
581,37,5859,45
582,37,5631,40
583,37,422,45
584,37,169,45
585,37,97,45
586,37,2888,40
587,37,567,45
588,37,212,45
589,37,2213,59
590,37,503,45
591,37,2394,44
592,37,121223,68
593,37,3974,54
594,37,25195,45
595,37,2717,42
596,37,1367,40
597,37,663,45
598,37,12148,40
599,37,363,43
600,37,1467,45
601,37,5595,49
602,37,345,45
603,37,41424,45
604,37,2054,60
605,37,246,42
606,37,128,48
607,37,2463,59
608,37,7162,60
609,37,25245,55
610,37,3618,42
611,37,20,45
612,37,101652,51
613,37,355,45
614,37,5784,52
615,37,125,48
616,37,674346,107
617,37,2101,77
618,37,532,45
619,37,1155,50
620,37,4087,55
621,37,57891,45
622,37,642,49
623,37,364,45
624,37,3140,40
625,37,2033,40
626,37,8932,42
627,37,6549,45
628,37,27233,45
629,37,948,40
630,37,80,45
631,37,344,45
632,37,1166,40
633,37,875,40
634,37,221,45
635,37,1798,40
636,37,343,45
637,37,82,45
638,37,3571,45
639,37,396,40
640,37,155,45
641,37,59,45
642,37,107,45
643,37,3155,45
644,37,133,40
645,37,0,40
1,38,13121,48
2,38,263510,53
3,38,34633,40
4,38,88659,60
5,38,27502,47
6,38,2976,50
7,38,611078,59
8,38,23574,50
9,38,9041,45
10,38,473537,57
11,38,38481,44
12,38,247189,54
13,38,363769,58
14,38,179253,114
15,38,120062,66
16,38,124922,93
17,38,3360,69
18,38,266503,68
19,38,131563,55
20,38,30238,43
21,38,62392,51
22,38,177425,42
23,38,415824,51
24,38,39723,50
25,38,222690,84
26,38,71822,73
27,38,6669,74
28,38,450063,103
29,38,242680,45
30,38,78809,41
31,38,129677,40
32,38,77139,43
33,38,64903,46
34,38,388220,47
35,38,24228,48
36,38,9599,42
37,38,189789,39
38,38,358959,50
39,38,20527,47
40,38,4435,47
41,38,184026,43
42,38,17236,57
43,38,7481,48
44,38,2661,50
45,38,59281,46
46,38,72637,43
47,38,43218,51
48,38,262663,56
49,38,10813,57
50,38,14773,49
51,38,113766,70
52,38,83755,76
53,38,116297,39
54,38,202193,46
55,38,170453,45
56,38,170783,46
57,38,334685,38
58,38,45398,45
59,38,11171,44
60,38,178577,39
61,38,152378,39
62,38,32578,55
63,38,67985,45
64,38,6885,44
65,38,10131,42
66,38,13380,48
67,38,1937,47
68,38,363,45
69,38,2197,47
70,38,909205,59
71,38,331596,59
72,38,56644,46
73,38,1826,49
74,38,103241,47
75,38,358,45
76,38,289425,44
77,38,426386,49
78,38,501168,48
79,38,304587,46
80,38,443823,41
81,38,25553,42
82,38,9071,49
83,38,1452,44
84,38,109985,50
85,38,15525,54
86,38,11282,54
87,38,26343,53
88,38,8611,43
89,38,5216,51
90,38,210087,45
91,38,126811,57
92,38,78552,63
93,38,182731,53
94,38,610098,53
95,38,3945,47
96,38,8148,48
97,38,1242264,69
98,38,176224,62
99,38,118064,54
100,38,959385,71
101,38,476475,57
102,38,172762,65
103,38,193436,58
104,38,380712,105
105,38,185906,68
106,38,741267,70
107,38,537069,47
108,38,209138,44
109,38,59583,77
110,38,113862,48
111,38,692447,49
112,38,48109,42
113,38,29103,81
114,38,23355,95
115,38,180921,44
116,38,170477,40
117,38,260696,44
118,38,15803,46
119,38,10536,47
120,38,32760,41
121,38,12964,42
122,38,1508,45
123,38,10582,47
124,38,188305,52
125,38,17500,44
126,38,633887,71
127,38,281352,44
128,38,20297,42
129,38,14693,53
130,38,3659,48
131,38,84447,56
132,38,794269,52
133,38,1927,54
134,38,149804,75
135,38,488304,49
136,38,9288,42
137,38,18338,42
138,38,234324,57
139,38,26842,64
140,38,160136,47
141,38,4530,40
142,38,1250,49
143,38,124218,52
144,38,57657,40
145,38,126090,39
146,38,302591,53
147,38,12099,64
148,38,48766,60
149,38,8981,73
150,38,1332,49
151,38,45027,44
152,38,8784,42
153,38,13013,54
154,38,29937,47
155,38,53356,48
156,38,24576,51
157,38,3864,51
158,38,21350,69
159,38,207070,49
160,38,23312,70
161,38,548621,71
162,38,224219,39
163,38,403011,46
164,38,185954,46
165,38,66796,44
166,38,13631,47
167,38,3115,42
168,38,10406,40
169,38,14327,39
170,38,7117,40
171,38,390905,45
172,38,274638,52
173,38,24818,44
174,38,10379,44
175,38,11842,44
176,38,3375,43
177,38,308,45
178,38,7338,42
179,38,386,45
180,38,1234,45
181,38,8098,57
182,38,25457,55
183,38,2034,53
184,38,2267,48
185,38,3732,49
186,38,285910,45
187,38,153652,50
188,38,97284,55
189,38,242169,51
190,38,7162,43
191,38,169236,44
192,38,109487,47
193,38,126783,43
194,38,4209,48
195,38,3309,42
196,38,180514,44
197,38,1398,45
198,38,642354,55
199,38,483792,87
200,38,129024,55
201,38,206208,42
202,38,10671,47
203,38,37429,53
204,38,11888,43
205,38,2380,45
206,38,23796,49
207,38,21683,61
208,38,7660,57
209,38,1278058,88
210,38,19924,48
211,38,172232,53
212,38,18720,66
213,38,64628,47
214,38,111369,49
215,38,87487,53
216,38,70583,43
217,38,14848,53
218,38,128177,45
219,38,99476,54
220,38,105708,41
221,38,62249,46
222,38,146370,60
223,38,327198,44
224,38,1131,45
225,38,68249,53
226,38,174740,91
227,38,236199,49
228,38,20208,73
229,38,817,50
230,38,499375,94
231,38,22088,42
232,38,132301,66
233,38,20551,42
234,38,3354920,106
235,38,2137893,95
236,38,36977,79
237,38,14499,54
238,38,11432,74
239,38,93589,46
240,38,532027,57
241,38,28570,45
242,38,180821,53
243,38,1743,55
244,38,169003,59
245,38,1522840,64
246,38,26916,45
247,38,1631959,91
248,38,678457,82
249,38,47782,60
250,38,274806,50
251,38,2834,45
252,38,1261734,103
253,38,133553,54
254,38,2112,70
255,38,796592,87
256,38,85016,72
257,38,631755,115
258,38,47511,65
259,38,1009260,104
260,38,2612843,59
261,38,46271,47
262,38,242323,39
263,38,681530,57
264,38,307516,55
265,38,31019,48
266,38,7570,54
267,38,688218,69
268,38,13525,49
269,38,57404,44
270,38,53832,51
271,38,334808,60
272,38,67528,39
273,38,77226,49
274,38,120504,68
275,38,32831,47
276,38,58799,42
277,38,139438,48
278,38,77490,50
279,38,607685,60
280,38,154756,78
281,38,443102,77
282,38,865651,79
283,38,44962,42
284,38,452144,73
285,38,1290973,115
286,38,802215,40
287,38,13957,43
288,38,101648,45
289,38,87394,43
290,38,555335,49
291,38,62366,42
292,38,25770,40
293,38,86379,39
294,38,53932,43
295,38,135193,54
296,38,36570,52
297,38,170,50
298,38,14999,46
299,38,42426,42
300,38,71926,48
301,38,64952,61
302,38,386096,55
303,38,37604,47
304,38,39993,45
305,38,45437,44
306,38,227549,46
307,38,305671,53
308,38,101883,46
309,38,3256,43
310,38,236764,47
311,38,435537,57
312,38,3629,42
313,38,27607,45
314,38,4268,42
315,38,35342,41
316,38,77587,47
317,38,97721,49
318,38,188126,62
319,38,6143,44
320,38,149507,42
321,38,22616,43
322,38,9225,57
323,38,4023,43
324,38,107476,59
325,38,27250,56
326,38,82963,58
327,38,81506,62
328,38,149789,50
329,38,13515,42
330,38,48678,48
331,38,14356,43
332,38,24176,47
333,38,1510,45
334,38,20108,40
335,38,15193,41
336,38,1201,44
337,38,98247,51
338,38,4085,47
339,38,508,45
340,38,449937,71
341,38,1314,48
342,38,510539,61
343,38,3932,45
344,38,2571,55
345,38,29035,45
346,38,25307,47
347,38,140701,48
348,38,114985,52
349,38,15345,55
350,38,597942,47
351,38,92167,39
352,38,370738,46
353,38,432689,39
354,38,191922,45
355,38,2144,45
356,38,68870,44
357,38,239214,51
358,38,17130,50
359,38,111561,80
360,38,3353,51
361,38,4867,44
362,38,2321,43
363,38,54862,46
364,38,1131,49
365,38,10257,52
366,38,12330,44
367,38,266559,43
368,38,188,50
369,38,2261,47
370,38,22250,42
371,38,9862,73
372,38,100421,46
373,38,561760,54
374,38,203460,54
375,38,547617,55
376,38,5683,48
377,38,293738,58
378,38,18921,64
379,38,725012,66
380,38,600333,61
381,38,1289185,58
382,38,283931,52
383,38,17334,40
384,38,143487,47
385,38,97451,49
386,38,8618,63
387,38,1143660,97
388,38,815050,90
389,38,20633,48
390,38,822266,83
391,38,5951,48
392,38,1084,53
393,38,21376,53
394,38,2229620,131
395,38,6454,74
396,38,4121,45
397,38,73357,44
398,38,8040,42
399,38,794,44
400,38,14108,43
401,38,30168,48
402,38,26994,43
403,38,28975,44
404,38,26283,48
405,38,289081,41
406,38,66435,39
407,38,83332,43
408,38,21764,50
409,38,81053,48
410,38,3556,45
411,38,174,50
412,38,2197,50
413,38,1859,53
414,38,649744,52
415,38,11856,58
416,38,16861,46
417,38,45312,63
418,38,19905,53
419,38,1119,54
420,38,184288,40
421,38,557440,43
422,38,62177,47
423,38,56789,49
424,38,92217,48
425,38,27095,45
426,38,28273,48
427,38,10226,56
428,38,885,53
429,38,14121,43
430,38,5619,47
431,38,2351,45
432,38,29099,54
433,38,7415,44
434,38,31106,50
435,38,64799,60
436,38,22401,49
437,38,147821,54
438,38,142834,40
439,38,980,45
440,38,46197,47
441,38,12453,43
442,38,35374,48
443,38,193430,49
444,38,201996,42
445,38,5982,42
446,38,70153,42
447,38,112683,49
448,38,36162,58
449,38,59221,68
450,38,15277,53
451,38,15487,50
452,38,44729,42
453,38,44860,66
454,38,11807,74
455,38,704,55
456,38,11904,43
457,38,17465,57
458,38,8048,55
459,38,24375,45
460,38,1968,50
461,38,22141,42
462,38,9372,43
463,38,71034,49
464,38,64173,41
465,38,106126,39
466,38,3001,49
467,38,8386,43
468,38,1049752,46
469,38,595765,50
470,38,110953,53
471,38,2348,48
472,38,447739,104
473,38,7572,42
474,38,11256,44
475,38,439883,50
476,38,1901,49
477,38,37851,42
478,38,4775,50
479,38,335710,42
480,38,26131,47
481,38,1195,52
482,38,6633,46
483,38,166787,50
484,38,21051,63
485,38,3292,43
486,38,7141,43
487,38,425370,67
488,38,23946,55
489,38,2516,47
490,38,4633,53
491,38,5791,43
492,38,2294,47
493,38,2767,47
494,38,599558,39
495,38,4345,49
496,38,10629,43
497,38,113842,52
498,38,53483,40
499,38,10186,49
500,38,9708,48
501,38,380208,58
502,38,8708,50
503,38,668,45
504,38,3933,43
505,38,56805,45
506,38,21625,40
507,38,1290,45
508,38,10311,40
509,38,509,60
510,38,5804,44
511,38,328,45
512,38,117541,54
513,38,1987,49
514,38,1506,44
515,38,3099,43
516,38,1493,44
517,38,16780,59
518,38,96596,62
519,38,21050,47
520,38,70644,60
521,38,4440,45
522,38,492,47
523,38,8863,95
524,38,821,49
525,38,6117,50
526,38,647,50
527,38,2739,54
528,38,16856,45
529,38,8465,40
530,38,1546,44
531,38,1526,45
532,38,42310,59
533,38,8248,47
534,38,1504,45
535,38,17129,43
536,38,10234,45
537,38,19337,40
538,38,3905,44
539,38,992,53
540,38,52168,39
541,38,5833,49
542,38,8093,56
543,38,12453,59
544,38,615,44
545,38,6021,40
546,38,4721,45
547,38,9455,40
548,38,296484,46
549,38,7198,40
550,38,3753,40
551,38,1055,50
552,38,405,45
553,38,492,45
554,38,10956,40
555,38,5098,40
556,38,18770,40
557,38,8123,40
558,38,495,45
559,38,594,50
560,38,2702,50
561,38,2305,40
562,38,19291,45
563,38,440,45
564,38,1324,45
565,38,4534,42
566,38,4965,40
567,38,2122,50
568,38,1464,44
569,38,3811,40
570,38,9167,40
571,38,695,44
572,38,1279,40
573,38,1133,44
574,38,10160,40
575,38,169,44
576,38,4137,40
577,38,38828,45
578,38,4531,40
579,38,622,45
580,38,255,45
581,38,5807,45
582,38,5601,40
583,38,427,45
584,38,186,45
585,38,99,45
586,38,3001,40
587,38,602,45
588,38,224,45
589,38,2115,59
590,38,517,45
591,38,2780,44
592,38,124603,67
593,38,3848,54
594,38,24531,45
595,38,2314,42
596,38,1347,40
597,38,663,45
598,38,17962,40
599,38,353,43
600,38,1516,45
601,38,5532,49
602,38,351,45
603,38,40444,45
604,38,1946,60
605,38,253,42
606,38,133,48
607,38,2389,59
608,38,12068,60
609,38,25101,55
610,38,3686,42
611,38,23,45
612,38,90663,51
613,38,380,45
614,38,3737,52
615,38,133,48
616,38,835042,108
617,38,2171,77
618,38,571,45
619,38,1149,50
620,38,3974,54
621,38,57451,45
622,38,763,49
623,38,379,45
624,38,3310,40
625,38,2098,40
626,38,9283,41
627,38,7553,45
628,38,28229,45
629,38,979,40
630,38,97,45
631,38,385,45
632,38,1225,40
633,38,896,40
634,38,233,45
635,38,2271,40
636,38,461,45
637,38,109,45
638,38,4098,45
639,38,509,40
640,38,199,45
641,38,104,45
642,38,137,45
643,38,5052,45
644,38,244,40
645,38,189,40
646,38,0,45
647,38,0,40
