element,gw,selected,value
1,1,153122,50
2,1,91500,40
3,1,22000,65
4,1,200068,100
5,1,17385,45
6,1,192345,85
7,1,61422,50
8,1,9359,45
9,1,72864,50
10,1,26222,45
11,1,9282,45
12,1,44765,45
13,1,6271,55
14,1,154190,45
15,1,5080,50
16,1,540892,50
17,1,243459,75
18,1,29602,45
19,1,95790,60
20,1,8562,55
21,1,497578,55
22,1,1014984,65
23,1,6701,50
24,1,99,45
25,1,221,45
26,1,25036,55
27,1,385,45
28,1,71768,40
29,1,3083,50
30,1,2386407,55
31,1,95,45
32,1,141304,60
33,1,1605017,80
34,1,947,50
35,1,60533,60
36,1,8179,45
37,1,612,55
38,1,572675,50
39,1,675492,50
40,1,312088,75
41,1,7728,45
42,1,82948,60
43,1,386824,65
44,1,126813,50
45,1,75220,50
46,1,1794,45
47,1,16681,55
48,1,129,55
49,1,169789,45
50,1,72328,45
51,1,22121,45
52,1,63216,50
53,1,17460,55
54,1,177975,40
55,1,34936,60
56,1,226602,40
57,1,107,45
58,1,3067,45
59,1,437885,50
60,1,6789,55
61,1,38441,45
62,1,271608,45
63,1,160421,65
64,1,88156,65
65,1,1410,45
66,1,203,55
67,1,1716768,45
68,1,1037,40
69,1,1701303,45
70,1,882586,45
71,1,41209,45
72,1,15789,55
73,1,3347,50
74,1,3931,55
75,1,8712,45
76,1,28324,45
77,1,13090,50
78,1,2065056,65
79,1,7791,55
80,1,96605,45
81,1,15606,55
82,1,1911,55
83,1,38378,45
84,1,3003,50
85,1,4061,55
86,1,2850,50
87,1,90851,40
88,1,11516,55
89,1,6247,45
90,1,8201,45
91,1,13971,45
92,1,1347,40
93,1,49963,45
94,1,93320,40
95,1,3289,55
96,1,73833,55
97,1,4979,45
98,1,92401,50
99,1,56223,40
100,1,13554,45
101,1,7356,45
102,1,1674,45
103,1,12414,40
104,1,58733,55
105,1,133470,55
106,1,59668,50
107,1,46788,55
108,1,4960,55
109,1,220337,70
110,1,181765,45
111,1,69784,55
112,1,280784,55
113,1,41905,45
114,1,8993,45
115,1,288638,45
116,1,408,45
117,1,830,45
118,1,20227,60
119,1,254999,60
120,1,2369,65
121,1,219781,55
122,1,101537,55
123,1,328061,60
124,1,9890,55
125,1,17075,50
126,1,14838,55
127,1,446404,55
128,1,99447,55
129,1,19536,50
130,1,316399,50
131,1,37887,75
132,1,7043,55
133,1,51896,50
134,1,335608,90
135,1,896206,60
136,1,45383,65
137,1,94495,80
138,1,1404414,75
139,1,7410,45
140,1,14532,55
141,1,834989,85
142,1,465500,55
143,1,613542,60
144,1,2134,55
145,1,592329,45
146,1,361754,45
147,1,9200,45
148,1,16857,45
149,1,96513,65
150,1,30144,45
151,1,80769,40
152,1,9126,55
153,1,48838,60
154,1,460453,70
155,1,4667,55
156,1,30766,45
157,1,2741,50
158,1,3499,45
159,1,8209,55
160,1,3447,60
161,1,331,45
162,1,44446,45
163,1,12377,45
164,1,144120,70
165,1,41053,50
166,1,139782,70
167,1,471,55
168,1,1292519,55
169,1,203108,50
170,1,446969,50
171,1,78248,45
172,1,10273,50
173,1,19357,55
174,1,12093,60
175,1,41893,50
176,1,5901,50
177,1,686033,80
178,1,54382,45
179,1,73737,50
180,1,640325,75
181,1,167543,40
182,1,392,55
183,1,881,45
184,1,21528,45
185,1,787277,45
186,1,31003,55
187,1,112933,65
188,1,1045606,55
189,1,1258401,80
190,1,8101,45
191,1,161941,50
192,1,14333,55
193,1,4628,50
194,1,21640,45
195,1,5955,45
196,1,1238151,65
197,1,4409,45
198,1,29507,45
199,1,281639,50
200,1,1114563,50
201,1,17182,55
202,1,14368,55
203,1,31304,45
204,1,230909,40
205,1,1032316,105
206,1,4344,50
207,1,150617,55
208,1,985291,40
209,1,83726,55
210,1,364491,65
211,1,18150,60
212,1,833924,70
213,1,929331,75
214,1,8491,45
215,1,916129,70
216,1,106828,50
217,1,184568,50
218,1,2893,50
219,1,14916,45
220,1,60900,45
221,1,6425,50
222,1,47909,50
223,1,17548,45
224,1,25704,50
225,1,72500,55
226,1,7832,60
227,1,9191,60
228,1,406171,90
229,1,736976,65
230,1,306339,120
231,1,382936,60
232,1,57480,55
233,1,3548693,125
234,1,106719,70
235,1,80854,50
236,1,9552,55
237,1,2245431,75
238,1,52503,50
239,1,11589,50
240,1,777536,75
241,1,23686,45
242,1,7681,45
243,1,212508,55
244,1,1989,50
245,1,1540416,40
246,1,63346,40
247,1,4581,45
248,1,29413,40
249,1,371353,55
250,1,577874,75
251,1,170476,120
252,1,778503,55
253,1,57602,55
254,1,533583,90
255,1,207534,110
256,1,484049,60
257,1,683423,60
258,1,22462,50
259,1,100948,55
260,1,15690,45
261,1,88694,70
262,1,1704318,60
263,1,208816,85
264,1,104388,55
265,1,105611,80
266,1,28016,55
267,1,330990,60
268,1,129946,70
269,1,556860,85
270,1,173508,50
271,1,14969,45
272,1,214089,75
273,1,842854,55
274,1,13665,50
275,1,3743944,55
276,1,150273,70
277,1,3381004,120
278,1,130051,80
279,1,1436,50
280,1,117077,50
281,1,21167,95
282,1,10131,60
283,1,52507,45
284,1,38513,50
285,1,36489,55
286,1,9363,50
287,1,9452,60
288,1,704348,55
289,1,506276,75
290,1,135410,40
291,1,9252,55
292,1,16998,50
293,1,9309,45
294,1,53679,45
295,1,12762,45
296,1,484010,75
297,1,4139,50
298,1,9176,55
299,1,27048,45
300,1,16263,55
301,1,1515,45
302,1,688449,40
303,1,4670,45
304,1,7373,50
305,1,17533,45
306,1,10633,45
307,1,293340,65
308,1,34866,55
309,1,22857,45
310,1,44613,60
311,1,11767,45
312,1,9525,45
313,1,45779,40
314,1,99090,45
315,1,449744,60
316,1,77,50
317,1,8058,45
318,1,3511,50
319,1,12650,45
320,1,4889,50
321,1,2098,45
322,1,3139,55
323,1,4891,55
324,1,7768,45
325,1,47808,55
326,1,156882,45
327,1,5315,45
328,1,1551,50
329,1,31923,50
330,1,55,50
331,1,111756,40
332,1,16692,60
333,1,81382,45
334,1,105810,45
335,1,37248,45
336,1,8313,60
337,1,2574177,80
338,1,7152,45
339,1,29374,60
340,1,97933,50
341,1,299682,65
342,1,55553,50
343,1,82735,45
344,1,2798,45
345,1,122487,70
346,1,9118,50
347,1,880,45
348,1,849691,45
349,1,7483,45
350,1,4568,55
351,1,6041,45
352,1,3224,45
353,1,224734,55
354,1,95256,45
355,1,3820,50
356,1,707,60
357,1,991445,125
358,1,40214,50
359,1,1412718,100
360,1,50765,50
361,1,96915,45
362,1,53342,65
363,1,84222,65
364,1,18832,45
365,1,203490,50
366,1,74300,45
367,1,37061,45
368,1,10883,45
369,1,18514,60
370,1,188039,50
371,1,11654,45
372,1,10720,60
373,1,17425,45
374,1,8844,45
375,1,22204,60
376,1,1859663,40
377,1,47198,45
378,1,4874,50
379,1,10383,45
380,1,225411,55
381,1,6655,50
382,1,15648,45
383,1,19046,55
384,1,6905,45
385,1,1795,50
386,1,5046,50
387,1,7659,45
388,1,305769,45
389,1,149145,45
390,1,7697,45
391,1,4107,55
392,1,744,55
393,1,38535,50
394,1,4092,45
395,1,17050,50
396,1,13068,45
397,1,6842,45
398,1,53117,40
399,1,192715,60
400,1,4345,45
401,1,64,45
402,1,3366,45
403,1,2882,55
404,1,16092,55
405,1,6634,45
406,1,44904,45
407,1,11617,45
408,1,145096,50
409,1,9668,50
410,1,125953,40
411,1,1213434,55
412,1,18464,55
413,1,1617415,75
414,1,21144,50
415,1,9545,45
416,1,9936,60
417,1,5351,45
418,1,932002,50
419,1,420297,60
420,1,114253,65
421,1,299441,50
422,1,753486,60
423,1,27855,60
424,1,30917,45
425,1,169647,40
426,1,30970,50
427,1,3082,50
428,1,8049,50
429,1,493790,45
430,1,240264,75
431,1,40940,50
432,1,5788,45
433,1,408,45
434,1,14765,50
435,1,71206,60
436,1,107318,55
437,1,117436,50
438,1,710,55
439,1,11773,45
440,1,30702,45
441,1,2873,65
442,1,20548,45
443,1,134452,40
444,1,80400,40
445,1,59391,60
446,1,2407,45
447,1,12873,60
448,1,103597,40
449,1,14489,55
450,1,25528,50
451,1,7002,45
452,1,14394,45
453,1,22889,50
454,1,58021,40
455,1,105111,75
456,1,6190,45
457,1,6451,45
458,1,7397,50
459,1,3734,50
460,1,7538,50
461,1,30883,60
462,1,9904,60
463,1,61450,50
464,1,3327,55
465,1,14823,45
466,1,21150,45
467,1,12764,45
468,1,21981,55
469,1,20264,45
470,1,44020,45
471,1,4850,50
472,1,22290,50
473,1,144893,50
474,1,15214,45
475,1,23035,50
476,1,2238,45
477,1,21817,45
478,1,15087,50
479,1,4896,50
480,1,17185,45
481,1,153135,40
482,1,47331,55
483,1,35174,45
484,1,27308,55
485,1,683763,95
486,1,18475,45
487,1,9372,60
488,1,33665,45
489,1,86830,50
490,1,9800,45
491,1,114247,40
492,1,171733,65
493,1,7285,45
494,1,22135,50
495,1,2737,55
496,1,8453,45
497,1,1298,50
498,1,2758,45
499,1,2794,50
500,1,12723,50
501,1,3636,50
502,1,4273,45
503,1,2025,45
504,1,2036,45
505,1,2531,45
506,1,6475,55
507,1,2450,45
508,1,1270,50
509,1,25705,40
510,1,4750,45
511,1,1693,50
512,1,1515,50
513,1,10930,45
514,1,12284,40
515,1,21526,40
516,1,8779,55
517,1,1933,55
518,1,50205,50
519,1,13833,55
520,1,112697,45
521,1,34822,40
522,1,6773,45
523,1,17822,50
524,1,4209,60
525,1,65676,60
526,1,1933,45
527,1,8103,50
528,1,4851,50
529,1,485681,115
530,1,16628,50
531,1,0,50
532,1,0,40
533,1,0,45
534,1,0,40
535,1,0,45
536,1,0,40
537,1,0,45
538,1,0,45
539,1,0,45
540,1,0,40
541,1,0,45
542,1,0,45
543,1,0,45
544,1,0,40
545,1,0,45
546,1,0,40
547,1,0,45
548,1,0,45
549,1,0,40
550,1,0,45
551,1,0,45
552,1,0,45
553,1,0,45
554,1,0,40
1,2,144885,50
2,2,105244,40
3,2,18418,64
4,2,93597,99
5,2,17397,45
6,2,108809,84
7,2,71783,50
8,2,12789,45
9,2,64255,49
10,2,29487,45
11,2,9325,45
12,2,48273,45
13,2,6016,55
14,2,122888,44
15,2,4141,50
16,2,530760,50
17,2,170310,74
18,2,34649,45
19,2,125295,60
20,2,6834,55
21,2,473317,55
22,2,831796,64
23,2,5261,50
24,2,78,45
25,2,169,45
26,2,26785,55
27,2,304,45
28,2,86891,40
29,2,3302,50
30,2,2391120,55
31,2,67,45
32,2,111033,60
33,2,1610907,80
34,2,740,50
35,2,99747,60
36,2,8909,45
37,2,836,55
38,2,561674,50
39,2,612505,50
40,2,207134,74
41,2,18812,45
42,2,75151,60
43,2,374696,65
44,2,135222,50
45,2,76463,50
46,2,1757,45
47,2,21372,55
48,2,101,55
49,2,160965,45
50,2,58428,45
51,2,28689,45
52,2,74817,50
53,2,18760,55
54,2,194441,40
55,2,41958,60
56,2,377199,40
57,2,74,45
58,2,2407,45
59,2,435444,50
60,2,7648,55
61,2,43513,45
62,2,220851,45
63,2,226193,65
64,2,79895,65
65,2,1164,45
66,2,156,55
67,2,1557470,45
68,2,856,40
69,2,1781897,45
70,2,937554,45
71,2,34905,45
72,2,15599,55
73,2,4272,50
74,2,43643,55
75,2,73312,45
76,2,51593,45
77,2,91042,50
78,2,2181813,65
79,2,6182,54
80,2,299591,45
81,2,221559,55
82,2,1335,55
83,2,68989,45
84,2,4523,50
85,2,4058,55
86,2,1973,50
87,2,97274,40
88,2,14948,55
89,2,5818,45
90,2,9490,45
91,2,314303,45
92,2,1223,40
93,2,60790,45
94,2,108214,40
95,2,3436,55
96,2,100186,55
97,2,7269,45
98,2,118063,50
99,2,62737,40
100,2,13362,45
101,2,12156,45
102,2,1615,45
103,2,10978,40
104,2,74511,55
105,2,137355,55
106,2,58756,50
107,2,51975,55
108,2,5372,55
109,2,184699,70
110,2,168739,45
111,2,62676,55
112,2,275954,55
113,2,41980,45
114,2,10110,45
115,2,287798,45
116,2,313,45
117,2,694,45
118,2,18186,60
119,2,305902,60
120,2,1801,65
121,2,208598,55
122,2,506094,56
123,2,384379,60
124,2,10260,55
125,2,64591,50
126,2,12915,55
127,2,561100,55
128,2,86341,54
129,2,22705,50
130,2,259685,50
131,2,21629,74
132,2,6439,55
133,2,101993,50
134,2,284094,89
135,2,742264,59
136,2,30353,65
137,2,128772,80
138,2,1449753,75
139,2,8238,45
140,2,13780,55
141,2,639736,84
142,2,430073,55
143,2,741833,60
144,2,3592,55
145,2,649449,45
146,2,382200,45
147,2,10345,45
148,2,28495,45
149,2,98830,65
150,2,37299,45
151,2,88019,40
152,2,5607,54
153,2,66458,60
154,2,484350,70
155,2,5332,55
156,2,34147,45
157,2,3390,50
158,2,3857,45
159,2,11816,55
160,2,3006,60
161,2,397,45
162,2,49918,45
163,2,14476,45
164,2,120059,70
165,2,52475,50
166,2,86487,70
167,2,352,55
168,2,1317706,55
169,2,204423,50
170,2,502827,50
171,2,114757,45
172,2,11412,50
173,2,71179,55
174,2,18620,60
175,2,47667,50
176,2,6939,50
177,2,990904,81
178,2,66169,45
179,2,67924,50
180,2,1215805,76
181,2,173850,40
182,2,282,55
183,2,701,45
184,2,23580,45
185,2,962027,45
186,2,33239,55
187,2,118868,65
188,2,1075755,55
189,2,1191621,80
190,2,6336,45
191,2,169560,50
192,2,14801,55
193,2,5193,50
194,2,23366,45
195,2,6345,45
196,2,1196087,65
197,2,4795,45
198,2,29428,45
199,2,279258,50
200,2,1462965,50
201,2,13390,55
202,2,14371,55
203,2,34996,45
204,2,275786,40
205,2,1192885,105
206,2,4290,50
207,2,412582,55
208,2,1302262,40
209,2,65153,54
210,2,376007,65
211,2,22761,60
212,2,618565,69
213,2,738659,74
214,2,9804,45
215,2,854193,70
216,2,127834,50
217,2,242236,50
218,2,2430,50
219,2,85680,45
220,2,43011,45
221,2,9977,50
222,2,46968,50
223,2,19533,45
224,2,72468,50
225,2,65201,55
226,2,8545,60
227,2,13044,60
228,2,524202,90
229,2,1056227,65
230,2,274989,120
231,2,508052,60
232,2,61205,55
233,2,4181298,126
234,2,70276,70
235,2,87580,50
236,2,8239,54
237,2,2418233,75
238,2,53470,50
239,2,18078,50
240,2,968642,75
241,2,21288,45
242,2,8455,45
243,2,177170,54
244,2,1582,50
245,2,2023945,41
246,2,64837,40
247,2,4867,45
248,2,26605,40
249,2,410733,55
250,2,463271,74
251,2,193709,120
252,2,776043,55
253,2,85999,55
254,2,587717,90
255,2,214674,110
256,2,539200,60
257,2,769175,60
258,2,42395,50
259,2,106315,55
260,2,17729,45
261,2,87321,70
262,2,1844026,60
263,2,236822,85
264,2,115705,55
265,2,68816,79
266,2,29485,55
267,2,305139,60
268,2,159103,70
269,2,348818,85
270,2,245055,50
271,2,18966,45
272,2,1114223,76
273,2,925801,55
274,2,63157,50
275,2,3960716,55
276,2,101808,70
277,2,4305673,121
278,2,105654,79
279,2,1321,50
280,2,81107,49
281,2,15818,95
282,2,10076,59
283,2,56077,45
284,2,61124,50
285,2,42982,55
286,2,6602,50
287,2,13141,60
288,2,707386,55
289,2,712563,75
290,2,155546,40
291,2,9335,55
292,2,24799,50
293,2,11142,45
294,2,45105,45
295,2,11467,45
296,2,539593,75
297,2,4218,50
298,2,9289,55
299,2,27224,45
300,2,16874,55
301,2,1305,45
302,2,679162,40
303,2,5237,45
304,2,24918,50
305,2,18433,45
306,2,14759,45
307,2,438106,65
308,2,35663,55
309,2,25284,45
310,2,42159,60
311,2,12024,45
312,2,10436,45
313,2,50886,40
314,2,114671,45
315,2,463102,60
316,2,61,50
317,2,10891,45
318,2,3356,50
319,2,13273,45
320,2,4763,50
321,2,1795,45
322,2,3179,55
323,2,4758,55
324,2,7704,45
325,2,52257,55
326,2,164542,45
327,2,5676,45
328,2,1023,50
329,2,36741,50
330,2,42,50
331,2,104044,40
332,2,17822,60
333,2,85946,45
334,2,113162,45
335,2,41948,45
336,2,8321,60
337,2,2815876,80
338,2,8252,45
339,2,25259,59
340,2,108119,50
341,2,288544,65
342,2,52259,50
343,2,76002,45
344,2,2328,45
345,2,129701,70
346,2,8610,50
347,2,926,45
348,2,975678,45
349,2,8855,45
350,2,4957,55
351,2,6844,45
352,2,2539,45
353,2,363408,55
354,2,110238,45
355,2,2612,50
356,2,500,60
357,2,612275,124
358,2,45854,50
359,2,1758548,100
360,2,51940,50
361,2,227449,45
362,2,105050,65
363,2,108881,65
364,2,21407,45
365,2,214795,50
366,2,85719,45
367,2,71171,45
368,2,11217,45
369,2,53698,60
370,2,340874,50
371,2,103579,45
372,2,12147,60
373,2,58231,45
374,2,8606,45
375,2,21873,59
376,2,2030261,40
377,2,42220,45
378,2,4669,50
379,2,12032,45
380,2,225205,55
381,2,15650,50
382,2,14145,45
383,2,19563,55
384,2,8330,45
385,2,1356,50
386,2,4677,50
387,2,9032,45
388,2,260250,45
389,2,159947,45
390,2,9061,45
391,2,4302,55
392,2,492,55
393,2,38344,50
394,2,2957,45
395,2,17986,50
396,2,11739,45
397,2,7034,45
398,2,54882,40
399,2,417607,60
400,2,4391,45
401,2,51,45
402,2,3062,45
403,2,2832,55
404,2,10526,55
405,2,6994,45
406,2,50227,45
407,2,12927,45
408,2,151405,50
409,2,10620,50
410,2,143128,40
411,2,1345295,55
412,2,17623,55
413,2,2152885,76
414,2,23171,50
415,2,11112,45
416,2,8902,59
417,2,4434,45
418,2,920647,50
419,2,862296,61
420,2,106137,65
421,2,318784,50
422,2,830636,60
423,2,28703,60
424,2,31178,45
425,2,183314,40
426,2,34854,50
427,2,2301,50
428,2,6324,50
429,2,496233,45
430,2,244968,75
431,2,44275,50
432,2,6849,45
433,2,422,45
434,2,14385,50
435,2,85215,60
436,2,106895,55
437,2,107567,50
438,2,673,55
439,2,14239,45
440,2,34802,45
441,2,2448,65
442,2,20600,45
443,2,169960,40
444,2,99074,40
445,2,58286,60
446,2,1991,45
447,2,9898,60
448,2,112261,40
449,2,14914,55
450,2,312447,51
451,2,7479,45
452,2,16114,45
453,2,40019,50
454,2,63630,40
455,2,83139,74
456,2,7357,45
457,2,7553,45
458,2,7290,50
459,2,4348,50
460,2,7929,50
461,2,30129,60
462,2,9111,60
463,2,60316,50
464,2,2490,55
465,2,16228,45
466,2,21734,45
467,2,16243,45
468,2,18983,55
469,2,16511,45
470,2,40898,45
471,2,5131,50
472,2,135794,50
473,2,100985,50
474,2,19449,45
475,2,28451,50
476,2,1923,45
477,2,24278,45
478,2,16263,50
479,2,7330,50
480,2,19095,45
481,2,177071,40
482,2,61758,55
483,2,62183,45
484,2,30399,55
485,2,560868,94
486,2,20033,45
487,2,8220,60
488,2,35072,45
489,2,86636,50
490,2,11641,45
491,2,152150,40
492,2,199852,65
493,2,9126,45
494,2,31517,50
495,2,3126,55
496,2,11767,45
497,2,1482,50
498,2,3685,45
499,2,2734,50
500,2,15827,50
501,2,4590,50
502,2,5784,45
503,2,3233,45
504,2,2451,45
505,2,2878,45
506,2,6776,55
507,2,3475,45
508,2,1442,50
509,2,35261,40
510,2,5693,45
511,2,2083,50
512,2,1648,50
513,2,39679,45
514,2,17158,40
515,2,27531,40
516,2,11038,55
517,2,2246,55
518,2,52467,50
519,2,18216,55
520,2,163397,45
521,2,30060,40
522,2,8150,45
523,2,13582,50
524,2,3961,60
525,2,165181,60
526,2,2912,45
527,2,243530,50
528,2,5251,50
529,2,1046468,115
530,2,36294,50
531,2,939,50
532,2,8072,40
533,2,33615,45
534,2,9825,40
535,2,47702,45
536,2,2734,40
537,2,751,45
538,2,588,45
539,2,2839,45
540,2,2509,40
541,2,684,45
542,2,17246,45
543,2,708,45
544,2,6948,40
545,2,5120,45
546,2,19283,40
547,2,1564,45
548,2,7604,45
549,2,14604,40
550,2,53807,45
551,2,992,45
552,2,503,45
553,2,2481,45
554,2,5081,40
555,2,67465,55
556,2,924,45
557,2,157,50
558,2,8691,55
559,2,1432,45
560,2,0,40
561,2,0,40
562,2,0,40
563,2,0,40
564,2,0,60
565,2,0,40
566,2,0,45
1,3,136757,49
2,3,104983,40
3,3,12925,63
4,3,93954,99
5,3,17617,44
6,3,92011,84
7,3,68971,50
8,3,12951,45
9,3,48415,48
10,3,26344,44
11,3,8749,44
12,3,45705,45
13,3,5401,54
14,3,103894,44
15,3,3864,50
16,3,413442,49
17,3,130423,73
18,3,29757,45
19,3,120274,60
20,3,6202,55
21,3,400421,54
22,3,642187,63
23,3,4686,50
24,3,71,45
25,3,147,45
26,3,23911,54
27,3,268,45
28,3,98486,40
29,3,3081,49
30,3,2332815,55
31,3,63,45
32,3,56038,59
33,3,1761282,80
34,3,667,50
35,3,100236,60
36,3,8189,44
37,3,796,55
38,3,817626,50
39,3,412604,49
40,3,133365,73
41,3,16735,45
42,3,117718,60
43,3,268257,64
44,3,147978,50
45,3,77856,50
46,3,2172,45
47,3,21652,55
48,3,88,55
49,3,146531,45
50,3,60764,45
51,3,40069,45
52,3,86366,50
53,3,18657,55
54,3,208843,40
55,3,66445,60
56,3,901780,41
57,3,72,45
58,3,2106,45
59,3,425832,50
60,3,7325,55
61,3,47355,45
62,3,145679,44
63,3,168678,65
64,3,62662,64
65,3,1041,45
66,3,138,55
67,3,1121034,44
68,3,781,40
69,3,1839826,45
70,3,1206675,46
71,3,30176,45
72,3,15457,55
73,3,4159,50
74,3,51047,55
75,3,67082,45
76,3,99653,45
77,3,103755,50
78,3,1707531,64
79,3,4520,53
80,3,431437,45
81,3,268454,55
82,3,1119,54
83,3,82124,45
84,3,4980,50
85,3,3766,54
86,3,1643,49
87,3,86748,40
88,3,12394,55
89,3,5123,44
90,3,7833,45
91,3,463814,46
92,3,1143,40
93,3,65369,45
94,3,117341,40
95,3,3138,54
96,3,91818,55
97,3,7106,45
98,3,116507,50
99,3,61255,40
100,3,12528,45
101,3,14258,45
102,3,1594,45
103,3,9890,40
104,3,69889,55
105,3,144074,55
106,3,55742,50
107,3,35188,54
108,3,5482,55
109,3,152732,69
110,3,152267,45
111,3,45253,54
112,3,267442,55
113,3,39685,45
114,3,10057,45
115,3,269451,45
116,3,273,45
117,3,634,45
118,3,18936,59
119,3,306416,60
120,3,1626,65
121,3,173055,54
122,3,697605,56
123,3,362021,60
124,3,9342,54
125,3,76638,50
126,3,8590,55
127,3,572284,55
128,3,65227,54
129,3,21461,49
130,3,269280,49
131,3,24959,74
132,3,5094,54
133,3,129519,50
134,3,185589,88
135,3,516090,58
136,3,19226,65
137,3,76859,79
138,3,1398037,75
139,3,8065,45
140,3,11280,54
141,3,459983,83
142,3,833445,56
143,3,774783,60
144,3,4575,55
145,3,632575,45
146,3,408150,45
147,3,9599,45
148,3,39812,45
149,3,84428,64
150,3,42760,45
151,3,83861,40
152,3,4286,54
153,3,55756,60
154,3,403025,69
155,3,5220,55
156,3,33474,45
157,3,2907,50
158,3,3715,45
159,3,9549,55
160,3,2629,60
161,3,335,45
162,3,48034,45
163,3,13441,45
164,3,98559,69
165,3,49854,50
166,3,69157,69
167,3,302,55
168,3,1114963,55
169,3,187748,50
170,3,493892,50
171,3,124951,45
172,3,10422,49
173,3,125921,55
174,3,17089,60
175,3,45850,50
176,3,6710,50
177,3,1259992,82
178,3,56972,45
179,3,55256,49
180,3,1135090,76
181,3,164772,40
182,3,241,55
183,3,626,45
184,3,25267,45
185,3,1017292,45
186,3,70244,55
187,3,100794,64
188,3,984820,55
189,3,1067864,79
190,3,6401,45
191,3,165554,50
192,3,13207,54
193,3,4902,50
194,3,17702,45
195,3,4975,45
196,3,1350393,65
197,3,5200,45
198,3,27669,45
199,3,277617,50
200,3,1528484,50
201,3,11680,55
202,3,13185,54
203,3,30581,45
204,3,305046,40
205,3,1125378,105
206,3,4036,49
207,3,434559,55
208,3,1398589,41
209,3,61318,54
210,3,395136,65
211,3,14442,59
212,3,576886,69
213,3,469547,73
214,3,9738,45
215,3,683949,69
216,3,125850,50
217,3,239016,50
218,3,2113,50
219,3,90122,45
220,3,35855,44
221,3,6881,50
222,3,50846,50
223,3,19233,45
224,3,98977,50
225,3,58014,54
226,3,5929,59
227,3,11126,59
228,3,356190,89
229,3,1111675,65
230,3,247504,119
231,3,536317,60
232,3,43825,54
233,3,4031662,126
234,3,83990,70
235,3,80850,49
236,3,6263,53
237,3,2561556,75
238,3,48696,49
239,3,20769,50
240,3,1184840,76
241,3,18102,44
242,3,8282,45
243,3,128476,53
244,3,1825,50
245,3,2205058,42
246,3,62207,40
247,3,4587,44
248,3,20592,40
249,3,454552,55
250,3,378759,73
251,3,131636,120
252,3,565878,54
253,3,66002,54
254,3,506505,90
255,3,212435,110
256,3,554340,60
257,3,796739,60
258,3,36150,50
259,3,233410,55
260,3,17613,45
261,3,83477,70
262,3,2029902,60
263,3,331920,85
264,3,96623,54
265,3,56761,79
266,3,31545,55
267,3,265407,59
268,3,156323,70
269,3,290204,85
270,3,261452,50
271,3,21651,45
272,3,1490294,77
273,3,873199,55
274,3,59052,50
275,3,3844864,55
276,3,93492,69
277,3,4391403,121
278,3,77152,78
279,3,1235,50
280,3,66920,49
281,3,14071,94
282,3,9584,59
283,3,51968,45
284,3,61246,50
285,3,33341,55
286,3,7168,50
287,3,12443,60
288,3,654005,55
289,3,996847,76
290,3,184362,40
291,3,6539,54
292,3,26614,50
293,3,9990,45
294,3,38518,45
295,3,10510,45
296,3,457795,75
297,3,3800,49
298,3,8260,54
299,3,26590,45
300,3,15031,54
301,3,1101,45
302,3,623565,40
303,3,4893,45
304,3,28763,50
305,3,17224,45
306,3,11409,45
307,3,398778,65
308,3,34218,55
309,3,24775,45
310,3,36213,59
311,3,10701,44
312,3,9761,45
313,3,53310,40
314,3,109843,45
315,3,397602,59
316,3,56,50
317,3,10835,45
318,3,3214,49
319,3,12072,45
320,3,4290,49
321,3,1369,45
322,3,2459,54
323,3,4009,54
324,3,6708,45
325,3,48753,55
326,3,148083,45
327,3,5301,45
328,3,1113,49
329,3,33145,50
330,3,37,50
331,3,96417,40
332,3,17479,60
333,3,83674,45
334,3,121899,45
335,3,45605,45
336,3,7685,59
337,3,3078954,81
338,3,9035,45
339,3,19994,59
340,3,79661,50
341,3,277646,65
342,3,48092,49
343,3,69190,45
344,3,2077,45
345,3,176201,70
346,3,7206,49
347,3,1028,45
348,3,984788,45
349,3,9311,45
350,3,5723,55
351,3,11280,45
352,3,2291,45
353,3,564232,55
354,3,108947,45
355,3,2254,50
356,3,430,60
357,3,664425,123
358,3,41582,49
359,3,2025828,101
360,3,41023,49
361,3,404813,46
362,3,105812,65
363,3,266000,65
364,3,20070,45
365,3,201443,50
366,3,88171,45
367,3,163181,45
368,3,10343,44
369,3,73146,60
370,3,585442,51
371,3,205349,45
372,3,11678,59
373,3,72730,45
374,3,6178,44
375,3,19394,58
376,3,1989321,40
377,3,34052,44
378,3,3750,49
379,3,10978,45
380,3,178666,54
381,3,16009,50
382,3,11319,44
383,3,17175,54
384,3,7778,45
385,3,1125,50
386,3,4301,49
387,3,8399,45
388,3,217895,45
389,3,153208,45
390,3,8448,45
391,3,3950,54
392,3,396,55
393,3,30741,50
394,3,2461,45
395,3,17019,50
396,3,9437,44
397,3,6624,45
398,3,51504,40
399,3,365191,60
400,3,4074,44
401,3,48,45
402,3,2432,45
403,3,2631,54
404,3,8454,54
405,3,6902,45
406,3,48651,45
407,3,12989,45
408,3,156599,50
409,3,14331,50
410,3,138475,40
411,3,1402594,55
412,3,15165,54
413,3,3317114,78
414,3,30911,50
415,3,10821,45
416,3,9073,59
417,3,3746,44
418,3,956620,50
419,3,2078311,63
420,3,89640,64
421,3,348473,50
422,3,775679,60
423,3,68619,60
424,3,28255,44
425,3,179244,40
426,3,33538,50
427,3,2028,50
428,3,5504,49
429,3,467115,45
430,3,203246,74
431,3,42467,50
432,3,9021,45
433,3,433,45
434,3,13017,49
435,3,94846,60
436,3,100356,55
437,3,103284,49
438,3,1575,55
439,3,15234,45
440,3,33642,45
441,3,2236,65
442,3,16992,45
443,3,177788,40
444,3,109941,40
445,3,51449,59
446,3,1790,45
447,3,8497,60
448,3,119334,40
449,3,13678,55
450,3,530746,51
451,3,7170,45
452,3,16186,45
453,3,35177,50
454,3,61701,40
455,3,61825,73
456,3,7085,45
457,3,7058,45
458,3,6574,49
459,3,4331,49
460,3,8668,50
461,3,27131,59
462,3,6441,59
463,3,52669,49
464,3,2095,54
465,3,16143,45
466,3,21774,45
467,3,17835,45
468,3,19147,55
469,3,14508,45
470,3,34310,44
471,3,4859,50
472,3,144082,50
473,3,76869,49
474,3,18914,45
475,3,31706,50
476,3,1875,45
477,3,24959,45
478,3,16029,50
479,3,7524,50
480,3,18813,45
481,3,199118,40
482,3,50716,55
483,3,73855,45
484,3,115371,55
485,3,411281,93
486,3,19312,45
487,3,7512,59
488,3,34896,45
489,3,79595,49
490,3,11614,45
491,3,414345,41
492,3,93086,64
493,3,8496,45
494,3,28093,49
495,3,2395,55
496,3,12222,45
497,3,1468,50
498,3,3676,45
499,3,2102,50
500,3,11830,50
501,3,4388,50
502,3,5781,45
503,3,3349,45
504,3,2518,45
505,3,2807,45
506,3,11935,55
507,3,4000,45
508,3,1318,50
509,3,40901,40
510,3,5489,45
511,3,1515,50
512,3,1571,50
513,3,47692,45
514,3,20262,40
515,3,25901,40
516,3,10839,55
517,3,2757,55
518,3,47482,50
519,3,17981,55
520,3,171611,45
521,3,25316,40
522,3,8400,45
523,3,10159,50
524,3,3557,60
525,3,276132,60
526,3,3114,45
527,3,187573,50
528,3,5802,50
529,3,1605827,115
530,3,36210,50
531,3,1201,50
532,3,16440,40
533,3,50598,45
534,3,14845,40
535,3,75452,45
536,3,5802,40
537,3,1162,45
538,3,884,45
539,3,1676,45
540,3,3307,40
541,3,856,45
542,3,26817,45
543,3,1032,45
544,3,10103,40
545,3,3362,45
546,3,29714,40
547,3,2705,45
548,3,12896,45
549,3,24140,40
550,3,79315,45
551,3,1875,45
552,3,723,45
553,3,2684,45
554,3,9313,40
555,3,99101,55
556,3,2420,45
557,3,373,50
558,3,38900,55
559,3,8159,45
560,3,4927,40
561,3,4204,40
562,3,1492,40
563,3,9172,40
564,3,3149,60
565,3,1730,40
566,3,413,45
567,3,164,45
568,3,0,45
569,3,0,40
570,3,0,40
571,3,0,40
572,3,0,40
573,3,0,40
574,3,0,40
575,3,0,50
576,3,0,45
577,3,0,45
1,4,153130,49
2,4,95398,40
3,4,9631,63
4,4,167315,99
5,4,18386,44
6,4,94327,84
7,4,41136,49
8,4,12600,44
9,4,33835,48
10,4,24794,44
11,4,8262,44
12,4,40279,45
13,4,4957,54
14,4,91804,43
15,4,6612,50
16,4,477206,49
17,4,115338,72
18,4,20775,45
19,4,92909,60
20,4,6210,54
21,4,317395,54
22,4,616623,63
23,4,8425,50
24,4,61,45
25,4,125,45
26,4,21111,54
27,4,244,45
28,4,186783,40
29,4,2299,49
30,4,1374952,55
31,4,56,45
32,4,41023,59
33,4,1716488,80
34,4,743,50
35,4,71270,60
36,4,8129,44
37,4,812,55
38,4,635889,50
39,4,305441,48
40,4,115875,73
41,4,18595,45
42,4,90355,60
43,4,160471,64
44,4,121282,50
45,4,54499,50
46,4,1942,45
47,4,19735,54
48,4,81,55
49,4,121347,45
50,4,67777,45
51,4,32037,45
52,4,75311,50
53,4,17558,54
54,4,279514,40
55,4,65880,60
56,4,1306541,42
57,4,57,45
58,4,1855,44
59,4,376699,50
60,4,5518,54
61,4,45588,45
62,4,120868,44
63,4,184446,65
64,4,52022,64
65,4,874,45
66,4,124,55
67,4,955219,44
68,4,713,40
69,4,1994204,45
70,4,1289130,46
71,4,25824,44
72,4,12065,54
73,4,4154,50
74,4,47506,55
75,4,74808,45
76,4,539815,46
77,4,104389,50
78,4,1395526,64
79,4,3697,53
80,4,796908,46
81,4,252273,55
82,4,943,54
83,4,100050,45
84,4,5107,50
85,4,3695,54
86,4,2281,49
87,4,88974,39
88,4,10544,54
89,4,4518,44
90,4,5599,44
91,4,449561,46
92,4,986,40
93,4,71924,45
94,4,94580,40
95,4,2374,54
96,4,74008,55
97,4,7049,45
98,4,111113,50
99,4,62831,40
100,4,11414,44
101,4,14441,45
102,4,1521,45
103,4,9021,40
104,4,59742,55
105,4,129774,55
106,4,51728,49
107,4,32818,54
108,4,5612,55
109,4,138728,69
110,4,137160,45
111,4,37197,54
112,4,258671,55
113,4,35476,45
114,4,10050,45
115,4,230214,45
116,4,247,45
117,4,557,45
118,4,18366,59
119,4,324250,60
120,4,1489,65
121,4,162043,54
122,4,1158320,57
123,4,364405,60
124,4,8653,54
125,4,94058,50
126,4,6521,55
127,4,664111,55
128,4,75941,54
129,4,20888,49
130,4,224868,49
131,4,28303,74
132,4,5008,54
133,4,277734,50
134,4,147360,87
135,4,403399,57
136,4,15032,65
137,4,62712,79
138,4,1395243,75
139,4,6104,45
140,4,10070,53
141,4,482326,83
142,4,542544,56
143,4,942978,60
144,4,111968,55
145,4,627537,45
146,4,441867,45
147,4,9096,44
148,4,139517,45
149,4,76763,64
150,4,47038,45
151,4,81954,40
152,4,3550,54
153,4,48349,59
154,4,341168,69
155,4,4725,54
156,4,32267,45
157,4,2838,49
158,4,3582,44
159,4,7865,54
160,4,2384,59
161,4,367,45
162,4,43651,45
163,4,9869,45
164,4,87161,69
165,4,71452,50
166,4,59743,69
167,4,257,55
168,4,1072841,54
169,4,188949,50
170,4,603366,50
171,4,505355,46
172,4,11466,49
173,4,141987,55
174,4,17308,59
175,4,34258,49
176,4,7101,49
177,4,1163116,82
178,4,78142,45
179,4,43402,48
180,4,964314,75
181,4,134751,40
182,4,217,55
183,4,540,45
184,4,25455,45
185,4,983243,45
186,4,49780,55
187,4,84281,63
188,4,817782,55
189,4,902862,79
190,4,8322,45
191,4,157564,50
192,4,9094,54
193,4,5244,49
194,4,14293,44
195,4,3602,45
196,4,1187293,65
197,4,13404,45
198,4,24794,45
199,4,252407,50
200,4,1521522,50
201,4,10644,54
202,4,18889,54
203,4,97685,44
204,4,386410,40
205,4,972310,104
206,4,2871,49
207,4,301453,55
208,4,1413181,41
209,4,56576,54
210,4,356930,65
211,4,9960,59
212,4,463566,68
213,4,280585,72
214,4,10431,45
215,4,418449,68
216,4,122960,50
217,4,210729,50
218,4,1910,49
219,4,92386,45
220,4,31017,44
221,4,5394,49
222,4,65240,50
223,4,20367,45
224,4,200487,50
225,4,53253,54
226,4,4508,59
227,4,10909,59
228,4,214541,88
229,4,1174622,65
230,4,216690,119
231,4,555625,60
232,4,49239,54
233,4,4316524,125
234,4,112283,70
235,4,82570,49
236,4,5227,53
237,4,2701011,75
238,4,45767,49
239,4,18170,50
240,4,1636980,76
241,4,17107,44
242,4,9148,45
243,4,106771,52
244,4,2398,50
245,4,1757888,41
246,4,60104,40
247,4,3677,44
248,4,16825,40
249,4,442166,55
250,4,435851,73
251,4,97534,119
252,4,431989,53
253,4,46032,54
254,4,357411,89
255,4,159153,109
256,4,565871,60
257,4,767438,60
258,4,32517,49
259,4,393601,55
260,4,15983,45
261,4,84024,69
262,4,2081783,60
263,4,535501,86
264,4,89790,54
265,4,50573,79
266,4,56613,55
267,4,207649,59
268,4,1278882,71
269,4,218458,84
270,4,459479,50
271,4,21968,45
272,4,1526757,77
273,4,817449,55
274,4,53575,50
275,4,3603991,55
276,4,85148,69
277,4,3298340,120
278,4,60951,77
279,4,1187,50
280,4,50522,49
281,4,12776,94
282,4,9514,58
283,4,51019,45
284,4,50566,50
285,4,21860,54
286,4,7427,50
287,4,42644,60
288,4,618617,55
289,4,1462701,77
290,4,492960,40
291,4,5053,54
292,4,21154,50
293,4,9214,44
294,4,29210,45
295,4,9019,45
296,4,222663,74
297,4,3635,49
298,4,7132,54
299,4,23170,44
300,4,14054,54
301,4,1032,45
302,4,556195,40
303,4,4602,44
304,4,83856,50
305,4,15947,44
306,4,8948,45
307,4,395368,65
308,4,27908,54
309,4,26568,45
310,4,29251,58
311,4,9578,44
312,4,6589,45
313,4,60078,40
314,4,109997,45
315,4,425459,59
316,4,54,50
317,4,10685,45
318,4,3342,49
319,4,11589,44
320,4,2973,49
321,4,1357,44
322,4,1572,54
323,4,3509,54
324,4,6258,44
325,4,46447,55
326,4,137488,45
327,4,5040,44
328,4,847,49
329,4,32516,50
330,4,34,50
331,4,104805,39
332,4,14328,59
333,4,76666,45
334,4,118422,45
335,4,51878,45
336,4,7325,59
337,4,2049336,80
338,4,8785,45
339,4,13658,58
340,4,58584,49
341,4,286541,65
342,4,42428,49
343,4,59224,44
344,4,1771,45
345,4,139287,70
346,4,5842,49
347,4,1115,45
348,4,687451,45
349,4,10485,45
350,4,5405,55
351,4,10926,45
352,4,2004,45
353,4,995983,56
354,4,196402,45
355,4,1980,50
356,4,386,60
357,4,680349,123
358,4,28022,49
359,4,1506096,101
360,4,33908,48
361,4,729401,46
362,4,90105,65
363,4,297733,65
364,4,20275,44
365,4,196405,50
366,4,101505,45
367,4,163085,45
368,4,9449,44
369,4,100227,60
370,4,1079250,52
371,4,321062,46
372,4,9418,59
373,4,87722,45
374,4,5399,44
375,4,18870,58
376,4,1647964,40
377,4,28386,44
378,4,2894,49
379,4,9853,45
380,4,90418,54
381,4,16021,50
382,4,8364,44
383,4,11704,54
384,4,7491,45
385,4,922,50
386,4,4405,49
387,4,9372,45
388,4,151890,45
389,4,194517,45
390,4,9746,45
391,4,3504,54
392,4,349,55
393,4,19671,50
394,4,1956,45
395,4,19978,49
396,4,9288,44
397,4,5260,45
398,4,40965,40
399,4,420552,60
400,4,3993,44
401,4,43,45
402,4,1924,45
403,4,2400,54
404,4,7045,54
405,4,7043,45
406,4,49056,45
407,4,12897,45
408,4,159234,50
409,4,15866,50
410,4,137968,40
411,4,1324980,55
412,4,13106,54
413,4,4273709,80
414,4,27650,50
415,4,10743,45
416,4,9411,59
417,4,3242,44
418,4,822982,50
419,4,2555058,64
420,4,72861,64
421,4,364250,50
422,4,666116,60
423,4,265673,60
424,4,26106,44
425,4,192125,40
426,4,41980,50
427,4,1742,50
428,4,6671,49
429,4,522286,45
430,4,302151,74
431,4,71788,50
432,4,98849,45
433,4,444,45
434,4,12193,49
435,4,319053,60
436,4,105462,55
437,4,191576,49
438,4,4727,55
439,4,24963,45
440,4,25274,45
441,4,1937,64
442,4,13417,45
443,4,213314,40
444,4,99876,40
445,4,46171,59
446,4,1689,45
447,4,12382,60
448,4,140772,40
449,4,13611,54
450,4,754977,52
451,4,6390,44
452,4,16626,45
453,4,32694,50
454,4,49051,40
455,4,43972,72
456,4,7261,45
457,4,6359,44
458,4,6007,49
459,4,4643,49
460,4,7469,49
461,4,75960,59
462,4,5717,59
463,4,39497,48
464,4,2063,54
465,4,14819,45
466,4,20343,44
467,4,22723,45
468,4,26833,55
469,4,11718,45
470,4,26967,44
471,4,7353,50
472,4,162253,50
473,4,57109,49
474,4,19256,45
475,4,121133,50
476,4,1693,45
477,4,24974,45
478,4,16219,50
479,4,5785,50
480,4,18504,45
481,4,266045,40
482,4,45864,54
483,4,87655,45
484,4,799388,56
485,4,253420,92
486,4,19085,44
487,4,8293,59
488,4,32566,45
489,4,73964,49
490,4,11551,45
491,4,614697,41
492,4,60644,64
493,4,8282,45
494,4,23596,49
495,4,2662,55
496,4,15295,45
497,4,1540,50
498,4,3779,45
499,4,2315,50
500,4,8111,50
501,4,4769,50
502,4,6388,45
503,4,4138,45
504,4,2761,45
505,4,3302,45
506,4,29084,55
507,4,5342,45
508,4,1392,50
509,4,46382,40
510,4,5528,45
511,4,1141,50
512,4,1466,49
513,4,53785,45
514,4,28166,40
515,4,21754,40
516,4,10467,55
517,4,8332,55
518,4,45686,50
519,4,14388,55
520,4,225327,45
521,4,20990,40
522,4,6988,45
523,4,7566,50
524,4,3535,60
525,4,275824,60
526,4,4148,45
527,4,166558,49
528,4,5502,50
529,4,1739710,115
530,4,32475,50
531,4,1015,50
532,4,41414,40
533,4,83859,45
534,4,23500,40
535,4,53564,45
536,4,5714,40
537,4,2226,45
538,4,803,45
539,4,1316,45
540,4,5224,40
541,4,1332,45
542,4,74072,45
543,4,1831,45
544,4,16901,40
545,4,2520,45
546,4,48762,40
547,4,5399,45
548,4,22212,45
549,4,31548,40
550,4,137242,45
551,4,4164,45
552,4,1227,45
553,4,1938,45
554,4,18712,40
555,4,336949,55
556,4,4733,45
557,4,684,50
558,4,97162,55
559,4,17374,45
560,4,13209,40
561,4,14991,40
562,4,3963,40
563,4,24833,40
564,4,1771,60
565,4,4003,40
566,4,504,45
567,4,685,45
568,4,42912,45
569,4,17537,40
570,4,1844,40
571,4,3426,40
572,4,7880,40
573,4,4257,40
574,4,45537,40
575,4,590,50
576,4,529,45
577,4,14157,45
578,4,1228,60
579,4,2235383,125
580,4,2476,45
581,4,1511,45
582,4,3924,60
583,4,11187,55
584,4,12759,50
585,4,573,45
586,4,12385,65
587,4,1673,60
588,4,13530,50
589,4,3131,45
590,4,11378,45
591,4,5452,60
592,4,21786,55
593,4,33682,40
594,4,91,45
595,4,0,45
596,4,0,40
597,4,0,45
598,4,0,40
599,4,0,45
1,5,129851,49
2,5,86811,40
3,5,8644,63
4,5,190778,99
5,5,17259,44
6,5,87026,84
7,5,35411,49
8,5,11480,44
9,5,27948,48
10,5,21709,44
11,5,7723,43
12,5,33035,45
13,5,5122,54
14,5,70745,43
15,5,10140,50
16,5,505564,49
17,5,128512,72
18,5,18112,45
19,5,89846,60
20,5,7560,54
21,5,281002,53
22,5,593607,63
23,5,17926,50
24,5,58,45
25,5,119,45
26,5,18339,53
27,5,236,45
28,5,316105,40
29,5,1951,49
30,5,1181646,55
31,5,50,45
32,5,39861,59
33,5,1665073,80
34,5,1071,50
35,5,69175,59
36,5,7770,44
37,5,818,55
38,5,598093,50
39,5,252229,48
40,5,131662,73
41,5,19917,45
42,5,76271,60
43,5,132908,64
44,5,111186,50
45,5,51942,49
46,5,1690,45
47,5,16079,54
48,5,72,55
49,5,115711,45
50,5,85205,45
51,5,36517,45
52,5,65412,50
53,5,17388,54
54,5,296595,40
55,5,40293,60
56,5,1611840,42
57,5,50,45
58,5,1797,44
59,5,362005,50
60,5,5124,54
61,5,33428,45
62,5,112227,44
63,5,169739,65
64,5,65858,64
65,5,808,45
66,5,120,55
67,5,961945,44
68,5,667,40
69,5,2081580,45
70,5,1405148,46
71,5,24200,44
72,5,9659,54
73,5,4007,50
74,5,49046,55
75,5,74998,45
76,5,592702,46
77,5,95895,50
78,5,1107587,63
79,5,3607,52
80,5,797888,46
81,5,219996,55
82,5,924,54
83,5,98991,45
84,5,5816,50
85,5,3479,54
86,5,2439,49
87,5,150928,39
88,5,9604,54
89,5,4357,44
90,5,4924,44
91,5,420429,46
92,5,936,40
93,5,74103,45
94,5,85508,40
95,5,1874,54
96,5,58393,55
97,5,6903,45
98,5,107391,50
99,5,60831,40
100,5,10577,44
101,5,14379,45
102,5,1625,45
103,5,8580,40
104,5,57003,54
105,5,127901,55
106,5,54466,49
107,5,31975,54
108,5,6976,55
109,5,134874,69
110,5,126817,44
111,5,34104,53
112,5,249623,55
113,5,32667,45
114,5,10113,45
115,5,207168,45
116,5,232,45
117,5,529,45
118,5,18686,59
119,5,312510,60
120,5,1432,65
121,5,167213,54
122,5,1267321,57
123,5,342433,59
124,5,8269,53
125,5,368353,51
126,5,5865,55
127,5,713395,55
128,5,74020,54
129,5,20215,49
130,5,207259,49
131,5,29105,74
132,5,4987,54
133,5,242301,50
134,5,132591,87
135,5,343766,57
136,5,13982,65
137,5,52315,79
138,5,1155080,74
139,5,5116,45
140,5,10610,53
141,5,417735,83
142,5,628803,56
143,5,1052166,60
144,5,436828,56
145,5,595783,45
146,5,507912,45
147,5,8881,44
148,5,294966,45
149,5,70833,64
150,5,61758,45
151,5,77469,40
152,5,3731,54
153,5,47979,59
154,5,406443,69
155,5,3791,54
156,5,31310,45
157,5,2737,49
158,5,3512,44
159,5,7356,54
160,5,2286,59
161,5,401,45
162,5,52433,45
163,5,25280,44
164,5,82283,68
165,5,67337,50
166,5,55442,69
167,5,245,55
168,5,938589,54
169,5,204506,50
170,5,577123,50
171,5,533577,46
172,5,11859,49
173,5,237412,55
174,5,17197,59
175,5,35909,49
176,5,7057,49
177,5,555358,81
178,5,69759,45
179,5,43610,48
180,5,974952,75
181,5,122790,40
182,5,202,55
183,5,514,45
184,5,26944,45
185,5,991620,45
186,5,48951,55
187,5,83503,63
188,5,738888,54
189,5,1394112,79
190,5,7524,45
191,5,159244,49
192,5,7189,54
193,5,5810,49
194,5,12234,44
195,5,3098,45
196,5,1332358,65
197,5,13983,45
198,5,19448,44
199,5,244209,50
200,5,1611155,50
201,5,11668,54
202,5,20655,54
203,5,148900,44
204,5,414387,40
205,5,922098,104
206,5,2396,49
207,5,300111,55
208,5,1262878,41
209,5,58886,54
210,5,348298,65
211,5,8646,58
212,5,430690,68
213,5,234741,71
214,5,10935,45
215,5,368888,68
216,5,124343,50
217,5,207277,50
218,5,1810,49
219,5,83729,45
220,5,29138,44
221,5,5736,49
222,5,71703,50
223,5,19948,45
224,5,318733,50
225,5,63653,54
226,5,4174,59
227,5,11087,59
228,5,176135,88
229,5,1191869,65
230,5,220958,119
231,5,609978,60
232,5,66245,54
233,5,4498374,125
234,5,128137,70
235,5,89086,49
236,5,4571,52
237,5,2954867,75
238,5,44752,49
239,5,17093,50
240,5,1752352,77
241,5,16557,44
242,5,8806,45
243,5,98431,52
244,5,2866,50
245,5,1471824,41
246,5,52959,40
247,5,3179,44
248,5,15221,40
249,5,485464,55
250,5,422572,73
251,5,121952,119
252,5,350523,53
253,5,39505,53
254,5,267864,88
255,5,138612,108
256,5,762719,60
257,5,801398,60
258,5,37548,49
259,5,387009,56
260,5,14366,45
261,5,122313,69
262,5,2174576,60
263,5,686609,86
264,5,84015,53
265,5,57155,79
266,5,65683,55
267,5,187327,58
268,5,1459029,72
269,5,174470,84
270,5,439922,50
271,5,27782,45
272,5,1886162,78
273,5,744888,54
274,5,44973,50
275,5,3435590,55
276,5,89716,69
277,5,2797372,120
278,5,57160,77
279,5,1169,50
280,5,44393,49
281,5,12316,94
282,5,9583,58
283,5,51502,45
284,5,43258,49
285,5,19309,54
286,5,7265,50
287,5,50541,60
288,5,542701,54
289,5,1529037,77
290,5,581362,40
291,5,4568,54
292,5,23262,50
293,5,9127,44
294,5,28803,45
295,5,8545,45
296,5,131518,74
297,5,3635,49
298,5,5911,54
299,5,23294,44
300,5,13804,54
301,5,974,45
302,5,679038,40
303,5,4435,44
304,5,87307,50
305,5,15246,44
306,5,10258,45
307,5,725094,66
308,5,35500,54
309,5,35844,45
310,5,34477,58
311,5,9206,44
312,5,5753,45
313,5,61508,40
314,5,111222,45
315,5,469033,59
316,5,50,50
317,5,11506,45
318,5,3842,49
319,5,11228,44
320,5,2434,49
321,5,1144,44
322,5,1327,54
323,5,3444,53
324,5,5234,44
325,5,42715,54
326,5,132155,45
327,5,4774,44
328,5,765,49
329,5,34179,50
330,5,33,50
331,5,278458,39
332,5,10887,59
333,5,71914,45
334,5,128732,45
335,5,49480,45
336,5,7400,59
337,5,1798312,80
338,5,9058,45
339,5,11836,58
340,5,68720,49
341,5,268540,64
342,5,37616,49
343,5,52260,44
344,5,1648,45
345,5,109201,70
346,5,5175,48
347,5,1103,45
348,5,545693,45
349,5,10950,45
350,5,5438,55
351,5,13749,45
352,5,1908,45
353,5,877029,56
354,5,246950,45
355,5,1910,50
356,5,371,60
357,5,497833,122
358,5,22545,49
359,5,964030,100
360,5,30470,48
361,5,519573,46
362,5,70967,65
363,5,240787,65
364,5,20412,44
365,5,181584,50
366,5,115109,45
367,5,146109,45
368,5,8235,44
369,5,64366,60
370,5,948824,52
371,5,190632,46
372,5,8276,59
373,5,122706,45
374,5,6367,44
375,5,18621,58
376,5,1589460,40
377,5,25903,44
378,5,2766,49
379,5,9305,44
380,5,63481,54
381,5,14186,50
382,5,6601,44
383,5,9067,54
384,5,7065,44
385,5,816,50
386,5,4064,49
387,5,11027,45
388,5,125022,45
389,5,196368,45
390,5,9130,45
391,5,3236,54
392,5,331,55
393,5,16315,50
394,5,1709,45
395,5,21104,49
396,5,8419,44
397,5,4401,45
398,5,34696,40
399,5,438688,60
400,5,4119,44
401,5,41,45
402,5,1708,45
403,5,2297,54
404,5,6680,54
405,5,7511,45
406,5,49813,45
407,5,12782,45
408,5,153344,50
409,5,18871,50
410,5,134032,40
411,5,1265797,55
412,5,12460,53
413,5,2443566,79
414,5,26658,50
415,5,10636,45
416,5,9276,58
417,5,3150,44
418,5,732168,50
419,5,2377648,64
420,5,63475,63
421,5,367579,50
422,5,595476,60
423,5,277533,60
424,5,24646,44
425,5,179552,40
426,5,60902,50
427,5,1646,50
428,5,7276,49
429,5,567703,45
430,5,436766,74
431,5,89694,50
432,5,556608,46
433,5,483,45
434,5,11314,49
435,5,369081,60
436,5,109047,55
437,5,309262,49
438,5,6138,55
439,5,31639,45
440,5,20333,45
441,5,1865,64
442,5,11860,45
443,5,197944,40
444,5,91872,40
445,5,42141,58
446,5,2147,45
447,5,14243,60
448,5,144086,40
449,5,12594,54
450,5,895354,52
451,5,5688,44
452,5,16759,45
453,5,33369,49
454,5,43002,40
455,5,39334,72
456,5,6958,44
457,5,5339,44
458,5,5694,49
459,5,4523,49
460,5,7680,49
461,5,94165,59
462,5,4766,59
463,5,40496,48
464,5,2235,54
465,5,14480,45
466,5,18439,44
467,5,26092,45
468,5,30569,55
469,5,10662,45
470,5,22853,43
471,5,7914,50
472,5,185738,50
473,5,56812,49
474,5,22863,45
475,5,187779,50
476,5,2092,45
477,5,29525,45
478,5,16942,50
479,5,5718,49
480,5,18238,45
481,5,277894,40
482,5,130644,54
483,5,85576,45
484,5,1318915,57
485,5,214251,91
486,5,19202,44
487,5,7309,59
488,5,38851,45
489,5,69895,49
490,5,11647,45
491,5,770558,41
492,5,57636,64
493,5,8143,44
494,5,21582,49
495,5,2895,55
496,5,16181,45
497,5,1284,50
498,5,3859,45
499,5,2585,50
500,5,6968,50
501,5,4823,49
502,5,6758,45
503,5,4763,45
504,5,3031,45
505,5,3543,45
506,5,16262,55
507,5,5505,45
508,5,1408,49
509,5,45640,40
510,5,5652,44
511,5,1007,50
512,5,1391,49
513,5,56864,45
514,5,30260,40
515,5,22077,40
516,5,8733,55
517,5,8910,55
518,5,51075,50
519,5,12292,55
520,5,304229,45
521,5,19128,40
522,5,6119,45
523,5,6586,50
524,5,3399,59
525,5,249612,60
526,5,3453,45
527,5,187392,49
528,5,6109,50
529,5,2524166,116
530,5,34151,49
531,5,860,50
532,5,46292,40
533,5,111700,45
534,5,24949,40
535,5,45327,45
536,5,4812,40
537,5,2621,45
538,5,664,45
539,5,1205,45
540,5,6044,40
541,5,1653,45
542,5,116817,45
543,5,2609,45
544,5,18843,40
545,5,2250,45
546,5,46824,40
547,5,7269,45
548,5,27534,45
549,5,25375,40
550,5,182162,45
551,5,4753,45
552,5,1246,45
553,5,1760,45
554,5,20651,40
555,5,327373,55
556,5,5118,45
557,5,1014,50
558,5,111137,55
559,5,77277,45
560,5,14875,40
561,5,18457,40
562,5,5159,40
563,5,29297,40
564,5,1485,60
565,5,4761,40
566,5,399,45
567,5,838,45
568,5,79599,45
569,5,19810,40
570,5,1378,40
571,5,4472,40
572,5,10110,40
573,5,5506,40
574,5,62638,40
575,5,859,50
576,5,924,45
577,5,24397,45
578,5,1374,60
579,5,3549349,126
580,5,2861,45
581,5,1956,45
582,5,4470,60
583,5,213373,55
584,5,43990,50
585,5,524,45
586,5,263235,65
587,5,3039,60
588,5,15946,50
589,5,5213,45
590,5,78048,45
591,5,7605,60
592,5,22845,55
593,5,34352,40
594,5,460,45
595,5,34457,45
596,5,2520,40
597,5,439,45
598,5,2568,40
599,5,3205,45
600,5,0,45
601,5,0,45
602,5,0,45
603,5,0,40
604,5,0,40
605,5,0,45
606,5,0,40
1,6,113567,48
2,6,81403,40
3,6,8050,63
4,6,154213,99
5,6,16050,43
6,6,83168,84
7,6,35103,49
8,6,10708,43
9,6,24612,48
10,6,19948,43
11,6,8010,43
12,6,31264,45
13,6,4974,53
14,6,64249,43
15,6,12543,50
16,6,506045,49
17,6,113336,72
18,6,16323,45
19,6,69954,59
20,6,8018,54
21,6,253851,53
22,6,562604,62
23,6,24098,50
24,6,57,45
25,6,114,45
26,6,16173,53
27,6,228,45
28,6,308990,40
29,6,1742,49
30,6,1157573,55
31,6,47,45
32,6,38248,59
33,6,1528690,80
34,6,1130,50
35,6,58435,59
36,6,7752,44
37,6,827,55
38,6,593806,50
39,6,235577,48
40,6,126133,73
41,6,20016,45
42,6,59938,59
43,6,123278,64
44,6,170495,50
45,6,53367,49
46,6,1521,45
47,6,13019,54
48,6,69,55
49,6,108332,45
50,6,133317,45
51,6,39939,45
52,6,58307,49
53,6,17915,54
54,6,293749,40
55,6,33657,60
56,6,1844274,43
57,6,49,45
58,6,2376,44
59,6,361827,50
60,6,5072,54
61,6,25090,44
62,6,110621,44
63,6,231316,65
64,6,105099,64
65,6,770,45
66,6,116,55
67,6,975074,44
68,6,630,40
69,6,2113031,46
70,6,1344305,46
71,6,28413,44
72,6,9738,53
73,6,3945,50
74,6,42565,55
75,6,71371,45
76,6,626399,46
77,6,92659,50
78,6,1158358,63
79,6,3471,52
80,6,812107,46
81,6,193998,55
82,6,858,54
83,6,86852,45
84,6,6287,50
85,6,3335,53
86,6,2410,49
87,6,171188,39
88,6,9111,54
89,6,4351,43
90,6,4392,44
91,6,435618,46
92,6,883,40
93,6,73750,45
94,6,78644,40
95,6,1604,54
96,6,63867,55
97,6,6658,45
98,6,100577,50
99,6,58637,40
100,6,9885,44
101,6,13611,45
102,6,1485,45
103,6,8145,40
104,6,53527,54
105,6,114277,54
106,6,52772,49
107,6,28443,54
108,6,6459,55
109,6,117312,68
110,6,120651,44
111,6,31557,53
112,6,237926,54
113,6,31249,44
114,6,9935,44
115,6,189280,45
116,6,227,45
117,6,505,45
118,6,17192,59
119,6,316013,60
120,6,1393,65
121,6,229045,54
122,6,1566955,58
123,6,326707,59
124,6,7868,53
125,6,575474,52
126,6,5419,55
127,6,978164,56
128,6,92508,54
129,6,25287,49
130,6,262256,49
131,6,28995,74
132,6,4897,54
133,6,250333,50
134,6,126548,86
135,6,304618,56
136,6,13262,65
137,6,47899,79
138,6,858536,74
139,6,4564,45
140,6,9785,53
141,6,383711,82
142,6,612367,56
143,6,948833,60
144,6,654258,57
145,6,582889,45
146,6,562743,45
147,6,8680,44
148,6,350503,46
149,6,69790,63
150,6,71318,45
151,6,74629,40
152,6,3735,54
153,6,47084,59
154,6,511984,69
155,6,3428,54
156,6,30607,45
157,6,2634,49
158,6,3426,44
159,6,6793,53
160,6,2189,59
161,6,366,45
162,6,59680,45
163,6,35239,44
164,6,78643,68
165,6,44352,50
166,6,51393,69
167,6,235,55
168,6,822935,54
169,6,250234,50
170,6,443057,50
171,6,556727,46
172,6,10379,49
173,6,277834,55
174,6,17747,59
175,6,41077,49
176,6,6990,49
177,6,371500,80
178,6,62879,44
179,6,45692,48
180,6,481911,74
181,6,115157,40
182,6,195,55
183,6,498,45
184,6,29458,45
185,6,828964,45
186,6,47188,55
187,6,85601,63
188,6,651985,54
189,6,792418,79
190,6,6374,45
191,6,155512,49
192,6,6091,54
193,6,5880,49
194,6,10887,44
195,6,2770,45
196,6,1138035,65
197,6,14130,45
198,6,16499,44
199,6,240567,50
200,6,1652153,51
201,6,11658,54
202,6,19012,54
203,6,163893,44
204,6,416732,40
205,6,988956,104
206,6,2115,49
207,6,320118,55
208,6,1152498,41
209,6,57710,54
210,6,356439,64
211,6,9647,58
212,6,394418,68
213,6,205674,71
214,6,10807,45
215,6,370247,68
216,6,120843,50
217,6,205360,50
218,6,1739,49
219,6,73918,45
220,6,27585,44
221,6,6611,49
222,6,77625,50
223,6,19351,44
224,6,304531,50
225,6,47174,54
226,6,3952,59
227,6,10834,58
228,6,161251,88
229,6,1397651,66
230,6,236746,119
231,6,767927,60
232,6,75447,54
233,6,4808143,126
234,6,137296,70
235,6,93966,49
236,6,4820,52
237,6,2808135,76
238,6,43769,48
239,6,19055,50
240,6,1646173,77
241,6,15935,43
242,6,8575,44
243,6,106638,52
244,6,3319,50
245,6,1554295,40
246,6,50420,39
247,6,2880,44
248,6,14110,40
249,6,491941,55
250,6,311442,73
251,6,126921,119
252,6,277967,53
253,6,35864,53
254,6,222939,87
255,6,125236,108
256,6,797392,60
257,6,805000,60
258,6,42963,49
259,6,244903,55
260,6,13780,45
261,6,122371,69
262,6,2221324,61
263,6,551450,86
264,6,71336,53
265,6,64912,79
266,6,46181,55
267,6,127492,58
268,6,1092788,71
269,6,157100,84
270,6,537192,50
271,6,30452,45
272,6,1946226,78
273,6,708288,54
274,6,41938,50
275,6,3359554,55
276,6,112361,69
277,6,2516238,119
278,6,53768,76
279,6,1275,50
280,6,40785,49
281,6,11988,94
282,6,9471,58
283,6,44891,45
284,6,39166,49
285,6,19893,54
286,6,7205,49
287,6,49607,60
288,6,512424,54
289,6,1513826,77
290,6,573614,40
291,6,4180,53
292,6,21792,50
293,6,9452,44
294,6,36093,45
295,6,8204,44
296,6,90488,74
297,6,3497,49
298,6,5746,54
299,6,20811,44
300,6,12893,54
301,6,885,45
302,6,715112,40
303,6,4300,44
304,6,75571,50
305,6,14392,44
306,6,10575,45
307,6,1192238,67
308,6,32889,54
309,6,39103,45
310,6,35718,58
311,6,8765,44
312,6,5103,45
313,6,61180,40
314,6,109970,45
315,6,469536,59
316,6,48,50
317,6,11103,45
318,6,3903,49
319,6,11334,44
320,6,2119,49
321,6,1178,44
322,6,1153,54
323,6,3270,53
324,6,4777,44
325,6,34479,54
326,6,125315,44
327,6,4702,44
328,6,837,49
329,6,35010,50
330,6,33,50
331,6,331674,39
332,6,9372,58
333,6,69765,44
334,6,164332,45
335,6,53093,45
336,6,7945,59
337,6,1581169,79
338,6,7540,45
339,6,10736,58
340,6,85981,49
341,6,271422,64
342,6,40249,48
343,6,63082,44
344,6,1555,45
345,6,100259,69
346,6,5261,48
347,6,1112,45
348,6,472511,45
349,6,11071,45
350,6,5195,54
351,6,16715,45
352,6,1823,45
353,6,856648,56
354,6,256753,45
355,6,1836,50
356,6,359,60
357,6,448603,121
358,6,19626,49
359,6,944388,100
360,6,28119,47
361,6,509533,46
362,6,52833,64
363,6,208203,65
364,6,19942,44
365,6,172155,49
366,6,114930,45
367,6,147638,45
368,6,7402,44
369,6,44025,60
370,6,916705,52
371,6,190403,46
372,6,8696,59
373,6,122291,45
374,6,6209,44
375,6,20475,58
376,6,1687608,40
377,6,26885,43
378,6,2607,49
379,6,9194,44
380,6,50136,54
381,6,13394,50
382,6,6486,44
383,6,7622,54
384,6,6542,44
385,6,735,50
386,6,3854,48
387,6,11752,45
388,6,111441,45
389,6,169724,45
390,6,8198,44
391,6,3090,53
392,6,312,55
393,6,14135,50
394,6,1557,45
395,6,20679,49
396,6,7603,43
397,6,3895,45
398,6,30894,40
399,6,1099120,62
400,6,4069,44
401,6,39,45
402,6,1591,45
403,6,2200,53
404,6,6147,54
405,6,7616,45
406,6,49505,45
407,6,12659,44
408,6,171616,50
409,6,23401,50
410,6,120885,40
411,6,1277017,55
412,6,12183,53
413,6,3358752,79
414,6,25262,50
415,6,9764,44
416,6,9983,58
417,6,3495,44
418,6,712696,50
419,6,2917663,65
420,6,68140,63
421,6,376087,50
422,6,545253,59
423,6,276456,60
424,6,23805,44
425,6,169738,40
426,6,57703,50
427,6,1574,50
428,6,7239,49
429,6,534083,45
430,6,389597,75
431,6,76976,50
432,6,549442,46
433,6,513,45
434,6,10408,49
435,6,334831,60
436,6,98474,54
437,6,294418,49
438,6,6787,55
439,6,30487,45
440,6,17805,45
441,6,1798,64
442,6,10899,45
443,6,187466,40
444,6,86657,40
445,6,38714,58
446,6,2226,45
447,6,28899,60
448,6,141930,40
449,6,11156,54
450,6,1021793,53
451,6,5587,44
452,6,16468,45
453,6,33648,49
454,6,39187,40
455,6,36829,71
456,6,6677,44
457,6,5132,44
458,6,5645,48
459,6,4482,48
460,6,8000,49
461,6,78725,59
462,6,4575,59
463,6,39919,48
464,6,2244,54
465,6,13341,44
466,6,17028,43
467,6,25105,45
468,6,65870,55
469,6,9905,45
470,6,19700,43
471,6,7549,50
472,6,165996,50
473,6,56019,49
474,6,23803,45
475,6,164967,50
476,6,2456,45
477,6,31079,45
478,6,15276,49
479,6,5447,49
480,6,17032,45
481,6,305777,40
482,6,211909,54
483,6,98263,45
484,6,1629164,58
485,6,185399,91
486,6,18660,44
487,6,7015,58
488,6,40995,45
489,6,67875,48
490,6,11738,45
491,6,944432,42
492,6,58212,64
493,6,7913,44
494,6,22794,49
495,6,3091,55
496,6,16453,45
497,6,1219,50
498,6,3976,45
499,6,2629,50
500,6,6131,50
501,6,5057,49
502,6,7194,45
503,6,5254,45
504,6,2952,45
505,6,3628,45
506,6,10323,54
507,6,5594,45
508,6,1401,49
509,6,44184,40
510,6,5612,44
511,6,931,50
512,6,1360,49
513,6,45289,45
514,6,29626,40
515,6,22634,40
516,6,8904,54
517,6,14081,55
518,6,51677,50
519,6,11712,54
520,6,307377,45
521,6,17669,40
522,6,5536,45
523,6,5887,50
524,6,3351,59
525,6,250797,60
526,6,3352,45
527,6,163113,49
528,6,5743,50
529,6,2618387,116
530,6,33006,49
531,6,795,50
532,6,46708,40
533,6,112845,45
534,6,24825,40
535,6,40158,45
536,6,4405,40
537,6,2951,45
538,6,593,45
539,6,1119,45
540,6,6222,40
541,6,1642,45
542,6,123724,45
543,6,2719,45
544,6,19657,40
545,6,2072,45
546,6,45934,40
547,6,7828,45
548,6,29164,45
549,6,22809,40
550,6,188740,45
551,6,5986,45
552,6,1250,45
553,6,1614,45
554,6,22120,40
555,6,336832,55
556,6,5509,45
557,6,1095,50
558,6,208131,55
559,6,139625,45
560,6,15953,40
561,6,17910,40
562,6,6054,40
563,6,31726,40
564,6,1350,60
565,6,5085,40
566,6,356,45
567,6,1015,45
568,6,89535,45
569,6,20875,40
570,6,1211,40
571,6,5025,40
572,6,10459,40
573,6,5768,40
574,6,64383,40
575,6,954,50
576,6,1028,45
577,6,27367,45
578,6,2214,60
579,6,4096647,127
580,6,3573,45
581,6,8067,45
582,6,5107,60
583,6,181114,55
584,6,52549,50
585,6,511,45
586,6,276686,65
587,6,4732,60
588,6,17905,50
589,6,5889,45
590,6,135957,45
591,6,26167,60
592,6,17728,54
593,6,33874,40
594,6,739,45
595,6,42776,45
596,6,4183,40
597,6,864,45
598,6,3888,40
599,6,4920,45
600,6,308,45
601,6,430,45
602,6,8553,45
603,6,1159,40
604,6,2601,40
605,6,373,45
606,6,638,40
607,6,0,45
608,6,0,40
609,6,0,45
610,6,0,40
611,6,0,40
1,7,104952,48
2,7,77636,40
3,7,7748,63
4,7,187133,99
5,7,15401,43
6,7,80509,83
7,7,31703,49
8,7,10285,43
9,7,22939,48
10,7,18824,43
11,7,7946,43
12,7,30901,45
13,7,4908,53
14,7,59535,43
15,7,15060,50
16,7,563030,49
17,7,98171,71
18,7,15370,45
19,7,65044,59
20,7,8283,54
21,7,426569,53
22,7,911549,63
23,7,45041,50
24,7,57,45
25,7,113,45
26,7,14980,52
27,7,223,45
28,7,303684,40
29,7,1647,49
30,7,1190292,55
31,7,47,45
32,7,36608,58
33,7,1474596,80
34,7,973,50
35,7,57700,58
36,7,27105,44
37,7,816,54
38,7,633666,50
39,7,234450,48
40,7,125892,73
41,7,19056,45
42,7,50986,58
43,7,114334,64
44,7,305084,50
45,7,61137,49
46,7,1437,45
47,7,11910,54
48,7,69,55
49,7,105984,44
50,7,264426,45
51,7,42596,45
52,7,53122,49
53,7,17473,54
54,7,276397,40
55,7,32029,60
56,7,1919590,43
57,7,48,45
58,7,2716,44
59,7,353301,50
60,7,4778,54
61,7,21116,44
62,7,109427,44
63,7,266863,65
64,7,101437,64
65,7,749,45
66,7,115,55
67,7,1005840,44
68,7,610,40
69,7,2014794,46
70,7,1181603,46
71,7,30578,44
72,7,9730,53
73,7,3526,49
74,7,38651,55
75,7,66885,45
76,7,679407,46
77,7,86437,50
78,7,1235115,63
79,7,3383,52
80,7,828258,46
81,7,180811,55
82,7,824,54
83,7,88868,45
84,7,29465,50
85,7,3239,53
86,7,2495,49
87,7,173609,39
88,7,8633,53
89,7,4378,43
90,7,4100,44
91,7,496976,46
92,7,853,40
93,7,71341,45
94,7,74631,40
95,7,1455,54
96,7,82390,55
97,7,6495,45
98,7,120891,50
99,7,56769,40
100,7,9491,44
101,7,13064,45
102,7,1559,45
103,7,7922,40
104,7,45912,54
105,7,108028,54
106,7,94626,49
107,7,37686,54
108,7,6951,55
109,7,148912,68
110,7,145601,44
111,7,28991,53
112,7,251185,54
113,7,34880,44
114,7,9965,44
115,7,242280,44
116,7,222,45
117,7,489,45
118,7,22341,59
119,7,430408,60
120,7,1366,65
121,7,340865,54
122,7,2240730,60
123,7,319202,59
124,7,7660,53
125,7,700813,52
126,7,5227,55
127,7,1712200,57
128,7,103256,54
129,7,23176,49
130,7,227891,49
131,7,29856,74
132,7,5392,54
133,7,333591,50
134,7,126047,86
135,7,292935,56
136,7,12813,65
137,7,45008,79
138,7,738103,74
139,7,4235,45
140,7,9491,53
141,7,380838,82
142,7,445104,56
143,7,1090025,60
144,7,693548,57
145,7,526169,45
146,7,559645,45
147,7,8451,44
148,7,324173,46
149,7,65153,63
150,7,68165,45
151,7,78914,39
152,7,3776,54
153,7,45424,59
154,7,572178,69
155,7,3401,54
156,7,30099,44
157,7,2559,49
158,7,3380,44
159,7,6590,53
160,7,2260,59
161,7,367,45
162,7,59328,45
163,7,35404,44
164,7,75791,68
165,7,35660,49
166,7,48979,69
167,7,231,55
168,7,722917,53
169,7,241093,50
170,7,432261,50
171,7,575262,46
172,7,8790,49
173,7,417921,56
174,7,16284,59
175,7,39316,49
176,7,6991,49
177,7,316722,80
178,7,53517,44
179,7,44715,48
180,7,373071,74
181,7,110102,40
182,7,189,55
183,7,485,45
184,7,37028,45
185,7,608162,45
186,7,56944,55
187,7,93738,63
188,7,592359,53
189,7,487813,78
190,7,6922,45
191,7,154118,49
192,7,5571,54
193,7,5472,49
194,7,10069,44
195,7,2564,45
196,7,1601986,66
197,7,13892,45
198,7,17188,44
199,7,243227,50
200,7,1571547,51
201,7,11508,54
202,7,16792,54
203,7,157270,44
204,7,416658,40
205,7,1093570,104
206,7,1992,49
207,7,290495,55
208,7,1024393,40
209,7,54727,53
210,7,370183,64
211,7,9524,58
212,7,356256,67
213,7,191615,70
214,7,10473,45
215,7,322620,67
216,7,111682,49
217,7,193812,50
218,7,1699,49
219,7,64848,45
220,7,26582,44
221,7,7301,49
222,7,83582,50
223,7,19059,44
224,7,279410,50
225,7,40197,53
226,7,3845,59
227,7,10611,58
228,7,163193,88
229,7,1399169,66
230,7,217887,119
231,7,718756,60
232,7,78428,54
233,7,4916925,126
234,7,160663,70
235,7,91403,49
236,7,4642,52
237,7,1953112,75
238,7,42730,48
239,7,16705,50
240,7,1471939,76
241,7,15514,43
242,7,8456,44
243,7,100095,52
244,7,14308,50
245,7,1472937,40
246,7,63460,39
247,7,2722,44
248,7,13404,40
249,7,545880,55
250,7,218739,72
251,7,139442,119
252,7,265902,53
253,7,34160,53
254,7,203873,87
255,7,117366,107
256,7,1261495,61
257,7,826850,60
258,7,38322,49
259,7,280461,55
260,7,13756,45
261,7,136295,69
262,7,2304046,61
263,7,564579,86
264,7,64460,53
265,7,75918,79
266,7,48456,55
267,7,120403,58
268,7,719255,70
269,7,155055,84
270,7,547444,51
271,7,29299,45
272,7,1835211,78
273,7,570420,54
274,7,40045,50
275,7,2381934,54
276,7,110820,69
277,7,2247981,119
278,7,52000,76
279,7,9773,50
280,7,39811,48
281,7,11971,94
282,7,9394,57
283,7,45758,45
284,7,40772,48
285,7,20495,54
286,7,7272,49
287,7,45495,60
288,7,509455,54
289,7,1341562,77
290,7,556897,40
291,7,4093,53
292,7,21829,50
293,7,9697,44
294,7,37131,45
295,7,8037,44
296,7,76754,73
297,7,3439,48
298,7,5491,54
299,7,16963,44
300,7,12586,53
301,7,857,45
302,7,747463,40
303,7,4198,44
304,7,64996,50
305,7,13875,44
306,7,10412,45
307,7,1378398,68
308,7,30546,54
309,7,63015,45
310,7,34158,58
311,7,8566,43
312,7,4735,45
313,7,59913,40
314,7,108303,45
315,7,435896,59
316,7,48,50
317,7,10417,45
318,7,3992,49
319,7,11393,44
320,7,1963,49
321,7,1086,44
322,7,1080,54
323,7,3168,53
324,7,4453,44
325,7,27730,53
326,7,121042,44
327,7,4599,44
328,7,1038,49
329,7,33339,50
330,7,33,50
331,7,354077,39
332,7,8826,58
333,7,67876,44
334,7,166586,45
335,7,51719,45
336,7,7987,59
337,7,1412903,79
338,7,6566,44
339,7,10362,58
340,7,77558,49
341,7,253906,64
342,7,39119,48
343,7,61484,44
344,7,1473,45
345,7,88761,69
346,7,4826,48
347,7,1435,45
348,7,397585,45
349,7,10752,45
350,7,4987,54
351,7,17140,45
352,7,1781,45
353,7,802843,56
354,7,250895,45
355,7,1791,50
356,7,352,60
357,7,422877,121
358,7,18196,49
359,7,1025364,100
360,7,26690,47
361,7,487765,46
362,7,52289,64
363,7,175681,65
364,7,19140,44
365,7,162049,49
366,7,110077,45
367,7,146688,45
368,7,6743,43
369,7,33557,59
370,7,902849,51
371,7,175862,46
372,7,9241,59
373,7,113046,45
374,7,6036,44
375,7,20684,58
376,7,1765909,40
377,7,26988,43
378,7,2534,48
379,7,9220,44
380,7,43807,54
381,7,11856,50
382,7,7193,44
383,7,6953,54
384,7,6206,44
385,7,695,50
386,7,3808,48
387,7,12882,45
388,7,96657,45
389,7,148950,45
390,7,7417,44
391,7,2947,53
392,7,304,55
393,7,12816,50
394,7,1434,45
395,7,20046,49
396,7,7000,43
397,7,3585,45
398,7,28568,40
399,7,1579978,63
400,7,3959,44
401,7,38,45
402,7,1492,45
403,7,2122,53
404,7,6533,54
405,7,7501,45
406,7,47757,45
407,7,12475,44
408,7,169808,50
409,7,26225,50
410,7,107945,40
411,7,1301848,55
412,7,11691,53
413,7,3784079,80
414,7,24613,50
415,7,8518,44
416,7,10153,58
417,7,3681,44
418,7,623012,50
419,7,3116189,66
420,7,73529,63
421,7,393598,50
422,7,506120,59
423,7,244926,60
424,7,23212,43
425,7,161520,40
426,7,56575,50
427,7,1531,50
428,7,7440,49
429,7,541254,45
430,7,464699,75
431,7,84503,50
432,7,671895,46
433,7,522,45
434,7,10886,48
435,7,290930,60
436,7,91728,54
437,7,315102,49
438,7,8292,55
439,7,34208,45
440,7,16005,45
441,7,1800,64
442,7,10266,45
443,7,180607,40
444,7,83270,40
445,7,36516,58
446,7,2026,45
447,7,22823,60
448,7,138505,40
449,7,10739,53
450,7,926744,53
451,7,5544,43
452,7,16392,44
453,7,32517,49
454,7,36822,40
455,7,34672,71
456,7,6585,44
457,7,5004,44
458,7,5902,48
459,7,4629,48
460,7,7734,49
461,7,62893,59
462,7,4152,59
463,7,42243,48
464,7,2148,54
465,7,13182,44
466,7,16519,43
467,7,21216,45
468,7,85850,55
469,7,9256,45
470,7,17484,43
471,7,7631,50
472,7,147614,50
473,7,52524,49
474,7,23676,45
475,7,220688,50
476,7,2609,45
477,7,31121,45
478,7,14230,49
479,7,5747,49
480,7,16420,45
481,7,297579,40
482,7,290294,55
483,7,106599,45
484,7,1581680,58
485,7,170615,90
486,7,18304,44
487,7,6974,58
488,7,40976,45
489,7,66343,48
490,7,11593,44
491,7,1035506,42
492,7,48424,64
493,7,7792,44
494,7,23092,49
495,7,3458,55
496,7,16165,45
497,7,1271,50
498,7,4034,44
499,7,2783,50
500,7,5665,50
501,7,5254,49
502,7,7206,45
503,7,5271,45
504,7,2700,45
505,7,3604,45
506,7,8768,54
507,7,5449,45
508,7,1401,49
509,7,44106,40
510,7,6585,44
511,7,901,50
512,7,1392,49
513,7,40091,45
514,7,29072,40
515,7,22317,40
516,7,8936,54
517,7,13969,55
518,7,43630,50
519,7,12054,54
520,7,279508,45
521,7,16731,40
522,7,5183,45
523,7,5502,50
524,7,4541,59
525,7,215719,60
526,7,3377,45
527,7,145888,48
528,7,5376,50
529,7,3096876,117
530,7,30755,49
531,7,759,50
532,7,46813,40
533,7,105947,45
534,7,24801,40
535,7,36314,45
536,7,4144,40
537,7,2998,45
538,7,545,45
539,7,1087,45
540,7,6418,40
541,7,1708,45
542,7,117154,45
543,7,2831,45
544,7,19676,40
545,7,1951,45
546,7,45509,40
547,7,7645,45
548,7,28537,45
549,7,21460,40
550,7,177983,45
551,7,5821,45
552,7,1336,45
553,7,1553,45
554,7,22496,40
555,7,371855,55
556,7,5923,45
557,7,1155,50
558,7,236723,55
559,7,312525,45
560,7,16028,40
561,7,17918,40
562,7,5940,40
563,7,37756,40
564,7,1295,60
565,7,5360,40
566,7,335,45
567,7,1163,45
568,7,98766,45
569,7,21180,40
570,7,1157,40
571,7,5347,40
572,7,10598,40
573,7,5878,40
574,7,63827,40
575,7,1105,50
576,7,1064,45
577,7,25536,45
578,7,2917,60
579,7,4001257,127
580,7,3858,45
581,7,9574,45
582,7,4605,60
583,7,154697,55
584,7,52535,50
585,7,496,45
586,7,237472,65
587,7,5593,60
588,7,17401,50
589,7,5759,45
590,7,220740,45
591,7,16334,60
592,7,14526,53
593,7,32898,40
594,7,970,45
595,7,39468,45
596,7,4251,40
597,7,972,45
598,7,4442,40
599,7,5250,45
600,7,349,45
601,7,400,45
602,7,9432,45
603,7,1528,40
604,7,3292,40
605,7,387,45
606,7,924,40
607,7,13192,45
608,7,530,40
609,7,531,45
610,7,1465,40
611,7,4485,40
612,7,0,45
613,7,0,45
1,8,98912,47
2,8,73624,40
3,8,7512,63
4,8,207365,99
5,8,15015,43
6,8,80349,83
7,8,28992,49
8,8,9971,43
9,8,21792,48
10,8,18078,43
11,8,8023,43
12,8,30546,45
13,8,4893,53
14,8,55675,43
15,8,17556,50
16,8,603062,49
17,8,88868,71
18,8,14597,45
19,8,56822,59
20,8,8644,54
21,8,514516,54
22,8,1109344,64
23,8,64155,50
24,8,57,45
25,8,112,45
26,8,13941,52
27,8,223,45
28,8,300746,40
29,8,1574,49
30,8,1219462,55
31,8,47,45
32,8,34700,58
33,8,1520995,79
34,8,890,50
35,8,59182,58
36,8,31560,44
37,8,820,54
38,8,645243,50
39,8,232361,48
40,8,148197,73
41,8,18638,45
42,8,46633,58
43,8,107935,63
44,8,360804,51
45,8,64875,49
46,8,1382,45
47,8,11133,54
48,8,67,55
49,8,129909,44
50,8,314904,46
51,8,47101,45
52,8,49945,48
53,8,18603,54
54,8,258279,40
55,8,33014,60
56,8,2106230,44
57,8,47,45
58,8,4533,44
59,8,388075,50
60,8,4797,53
61,8,19198,44
62,8,107179,44
63,8,398371,66
64,8,127562,64
65,8,723,45
66,8,115,55
67,8,1080390,44
68,8,592,40
69,8,2016052,46
70,8,1017937,46
71,8,31509,44
72,8,10001,53
73,8,3043,49
74,8,36981,55
75,8,68765,45
76,8,746914,46
77,8,81366,50
78,8,1270414,64
79,8,3352,52
80,8,857157,46
81,8,172134,55
82,8,801,54
83,8,93434,45
84,8,22680,50
85,8,3192,53
86,8,2727,49
87,8,172297,39
88,8,8592,53
89,8,4349,43
90,8,3876,44
91,8,549052,46
92,8,821,40
93,8,68855,45
94,8,69803,40
95,8,1370,54
96,8,213236,55
97,8,6514,45
98,8,104517,50
99,8,56550,40
100,8,9155,43
101,8,13283,45
102,8,2028,45
103,8,9761,40
104,8,44831,53
105,8,100728,54
106,8,57089,49
107,8,31022,54
108,8,5731,55
109,8,111975,68
110,8,127753,44
111,8,27257,52
112,8,233374,54
113,8,32637,44
114,8,10165,44
115,8,300950,44
116,8,216,45
117,8,473,45
118,8,18274,59
119,8,664864,61
120,8,1340,65
121,8,312650,55
122,8,2106863,60
123,8,309093,59
124,8,7811,53
125,8,722543,52
126,8,5065,55
127,8,1304570,58
128,8,102510,54
129,8,22734,49
130,8,209502,49
131,8,26906,73
132,8,7486,54
133,8,343370,50
134,8,182960,86
135,8,355311,56
136,8,12478,65
137,8,42424,79
138,8,741995,74
139,8,4045,45
140,8,9764,53
141,8,338118,82
142,8,424380,55
143,8,1171595,60
144,8,659948,57
145,8,489503,44
146,8,553465,45
147,8,8318,44
148,8,303672,46
149,8,62337,63
150,8,64175,45
151,8,86843,39
152,8,3819,54
153,8,44567,59
154,8,581542,70
155,8,3718,54
156,8,29382,44
157,8,2581,48
158,8,3359,44
159,8,6408,53
160,8,2166,59
161,8,371,45
162,8,57528,45
163,8,31545,44
164,8,71023,68
165,8,33403,49
166,8,47537,69
167,8,230,55
168,8,650063,53
169,8,240882,50
170,8,433202,50
171,8,593475,46
172,8,8048,49
173,8,633456,57
174,8,14146,59
175,8,39250,49
176,8,7283,49
177,8,290329,80
178,8,49452,43
179,8,45404,48
180,8,335143,74
181,8,104430,40
182,8,185,55
183,8,467,45
184,8,38925,45
185,8,452929,44
186,8,55450,55
187,8,95047,63
188,8,526484,53
189,8,406382,78
190,8,29837,45
191,8,139132,49
192,8,5229,54
193,8,5544,49
194,8,9432,43
195,8,2410,45
196,8,1631345,66
197,8,15352,45
198,8,16512,44
199,8,246335,50
200,8,1479395,51
201,8,10903,54
202,8,15716,54
203,8,144508,44
204,8,416152,40
205,8,1284387,105
206,8,1884,49
207,8,256420,54
208,8,924332,40
209,8,52423,53
210,8,351471,64
211,8,9542,58
212,8,326756,67
213,8,201768,70
214,8,10852,45
215,8,290716,67
216,8,92262,49
217,8,182040,49
218,8,1682,49
219,8,59277,44
220,8,25788,44
221,8,8288,49
222,8,94146,50
223,8,20782,44
224,8,295642,50
225,8,37011,53
226,8,3747,59
227,8,10623,58
228,8,172119,88
229,8,1470871,66
230,8,247219,119
231,8,649529,60
232,8,71548,54
233,8,5296809,127
234,8,181078,70
235,8,90697,49
236,8,4660,52
237,8,1935034,75
238,8,42910,48
239,8,17252,50
240,8,1328230,76
241,8,15256,43
242,8,13827,44
243,8,96617,52
244,8,26941,50
245,8,1372273,40
246,8,70873,39
247,8,2605,44
248,8,12830,40
249,8,667248,55
250,8,203414,72
251,8,231743,119
252,8,261493,53
253,8,32945,53
254,8,236156,87
255,8,115584,107
256,8,1834094,62
257,8,787051,60
258,8,36995,49
259,8,375990,55
260,8,25952,45
261,8,212677,69
262,8,2505923,62
263,8,540837,86
264,8,61723,53
265,8,362595,80
266,8,53795,55
267,8,108635,58
268,8,432200,69
269,8,151574,84
270,8,540369,51
271,8,29294,45
272,8,1637712,77
273,8,498892,54
274,8,36898,49
275,8,2230148,54
276,8,105882,69
277,8,2078240,118
278,8,52485,76
279,8,6105,50
280,8,38850,48
281,8,17592,94
282,8,9528,57
283,8,45554,45
284,8,43030,48
285,8,21661,54
286,8,8273,49
287,8,47536,60
288,8,483180,54
289,8,1093969,76
290,8,524840,40
291,8,3976,53
292,8,20955,49
293,8,9584,44
294,8,36576,45
295,8,7837,44
296,8,75551,73
297,8,4770,48
298,8,5404,54
299,8,15837,44
300,8,12617,53
301,8,839,45
302,8,774929,40
303,8,4140,44
304,8,57979,50
305,8,13565,43
306,8,11034,45
307,8,1433719,68
308,8,26385,54
309,8,80642,45
310,8,33943,58
311,8,8370,43
312,8,4420,45
313,8,57407,40
314,8,109013,45
315,8,403660,59
316,8,47,50
317,8,9735,45
318,8,4080,49
319,8,11580,44
320,8,1847,49
321,8,975,44
322,8,1011,54
323,8,3059,52
324,8,4181,44
325,8,24938,53
326,8,116915,44
327,8,4479,43
328,8,873,49
329,8,34240,49
330,8,32,50
331,8,358686,39
332,8,9374,58
333,8,66065,44
334,8,186568,45
335,8,52933,45
336,8,9676,59
337,8,1352838,78
338,8,5933,44
339,8,10984,58
340,8,67958,49
341,8,191458,64
342,8,40073,48
343,8,62317,44
344,8,1422,45
345,8,72172,68
346,8,4902,48
347,8,1284,45
348,8,349013,45
349,8,10879,45
350,8,4923,54
351,8,17523,45
352,8,1723,45
353,8,814377,55
354,8,246335,45
355,8,1754,50
356,8,346,60
357,8,419835,121
358,8,17206,49
359,8,1186844,101
360,8,24886,47
361,8,474608,46
362,8,56907,64
363,8,150445,65
364,8,17042,44
365,8,193711,49
366,8,106594,45
367,8,128675,45
368,8,6335,43
369,8,29305,59
370,8,873676,51
371,8,158502,45
372,8,9213,59
373,8,107657,45
374,8,5977,44
375,8,20968,58
376,8,1844060,40
377,8,26756,43
378,8,2563,48
379,8,8480,44
380,8,39907,54
381,8,11084,50
382,8,6720,44
383,8,6515,54
384,8,5576,44
385,8,665,50
386,8,3734,48
387,8,11597,45
388,8,85589,45
389,8,128944,44
390,8,7072,43
391,8,2853,53
392,8,298,55
393,8,11922,50
394,8,1335,45
395,8,21655,49
396,8,5983,43
397,8,3312,45
398,8,26745,40
399,8,1414421,63
400,8,3885,44
401,8,37,45
402,8,1406,45
403,8,2113,53
404,8,7016,54
405,8,7854,45
406,8,56933,44
407,8,12315,44
408,8,165377,50
409,8,25247,50
410,8,99854,40
411,8,1212093,55
412,8,11280,53
413,8,3863555,81
414,8,23426,50
415,8,8008,44
416,8,10010,58
417,8,3782,44
418,8,522850,49
419,8,3039592,66
420,8,79395,63
421,8,392316,50
422,8,490166,59
423,8,213400,60
424,8,22795,43
425,8,167662,39
426,8,55486,50
427,8,1486,50
428,8,7655,49
429,8,520159,45
430,8,594501,76
431,8,79005,50
432,8,644049,46
433,8,528,45
434,8,10941,48
435,8,222681,60
436,8,87661,54
437,8,280748,49
438,8,7156,55
439,8,33643,45
440,8,14268,45
441,8,1748,64
442,8,9760,45
443,8,174509,40
444,8,79868,40
445,8,35242,57
446,8,1925,45
447,8,17711,60
448,8,131956,40
449,8,9781,53
450,8,831870,52
451,8,6587,43
452,8,16112,44
453,8,32000,49
454,8,34980,40
455,8,33553,71
456,8,6654,44
457,8,5102,44
458,8,6063,48
459,8,4790,48
460,8,7670,49
461,8,46204,59
462,8,3865,59
463,8,43972,48
464,8,3794,54
465,8,12995,44
466,8,16077,43
467,8,17658,45
468,8,60846,55
469,8,8784,45
470,8,16634,43
471,8,6824,50
472,8,136672,50
473,8,47386,48
474,8,23445,45
475,8,225363,50
476,8,2895,45
477,8,30439,45
478,8,14261,49
479,8,6163,49
480,8,16289,45
481,8,291458,40
482,8,800266,56
483,8,94367,45
484,8,1591226,58
485,8,163835,90
486,8,17937,44
487,8,6776,58
488,8,39391,45
489,8,65214,48
490,8,11337,44
491,8,1230940,42
492,8,45223,64
493,8,7679,44
494,8,23323,49
495,8,3546,55
496,8,16308,45
497,8,1364,50
498,8,4141,44
499,8,2483,50
500,8,5350,50
501,8,5507,49
502,8,7335,45
503,8,5971,45
504,8,2650,45
505,8,3579,45
506,8,7864,54
507,8,5392,45
508,8,1412,49
509,8,44103,40
510,8,6456,44
511,8,873,50
512,8,1451,48
513,8,37219,45
514,8,28484,40
515,8,21625,40
516,8,9698,54
517,8,16096,55
518,8,44407,50
519,8,12593,54
520,8,267497,45
521,8,16039,40
522,8,4967,45
523,8,5209,50
524,8,9063,59
525,8,260538,60
526,8,3525,45
527,8,232402,48
528,8,5044,49
529,8,3063760,117
530,8,30175,48
531,8,736,50
532,8,46868,40
533,8,109556,45
534,8,25444,40
535,8,33810,45
536,8,3949,40
537,8,3021,45
538,8,521,45
539,8,1057,45
540,8,6691,40
541,8,1791,45
542,8,115953,45
543,8,2857,45
544,8,19612,40
545,8,1862,45
546,8,44806,40
547,8,7809,45
548,8,28165,45
549,8,20396,40
550,8,174650,45
551,8,5223,45
552,8,1111,45
553,8,1490,45
554,8,22681,40
555,8,280521,55
556,8,6472,45
557,8,1251,50
558,8,239209,55
559,8,514981,46
560,8,16253,40
561,8,17838,40
562,8,6065,40
563,8,37977,40
564,8,1252,60
565,8,6334,40
566,8,318,45
567,8,1276,45
568,8,112928,45
569,8,21558,40
570,8,1086,40
571,8,5209,40
572,8,10825,40
573,8,6280,40
574,8,64313,40
575,8,1247,50
576,8,1079,45
577,8,25239,45
578,8,2952,60
579,8,3673494,126
580,8,4591,45
581,8,13805,45
582,8,4232,59
583,8,501426,56
584,8,92766,50
585,8,627,45
586,8,207273,65
587,8,5773,60
588,8,16195,50
589,8,5739,45
590,8,264739,46
591,8,16104,60
592,8,12744,52
593,8,32646,40
594,8,1266,45
595,8,39082,45
596,8,4983,40
597,8,1122,45
598,8,5226,40
599,8,5481,45
600,8,420,45
601,8,15447,44
602,8,11185,45
603,8,2005,40
604,8,3827,40
605,8,508,45
606,8,1516,40
607,8,29514,45
608,8,819,40
609,8,990,45
610,8,3307,40
611,8,10338,40
612,8,182,45
613,8,417,45
614,8,0,45
615,8,0,40
616,8,0,40
617,8,0,40
1,9,95264,47
2,9,71518,40
3,9,7398,63
4,9,324854,99
5,9,14735,43
6,9,86439,83
7,9,27784,49
8,9,9797,43
9,9,21210,48
10,9,17622,43
11,9,8076,43
12,9,30281,45
13,9,4883,53
14,9,53392,42
15,9,18926,50
16,9,599910,49
17,9,96547,71
18,9,14169,45
19,9,56579,59
20,9,8944,54
21,9,532950,54
22,9,868342,64
23,9,64959,50
24,9,57,45
25,9,110,45
26,9,14154,52
27,9,216,45
28,9,295284,40
29,9,1526,49
30,9,1195301,55
31,9,46,45
32,9,32976,58
33,9,1355725,79
34,9,1003,50
35,9,90183,58
36,9,32114,44
37,9,834,54
38,9,619414,50
39,9,221984,48
40,9,151676,73
41,9,18137,45
42,9,42920,57
43,9,103556,63
44,9,360485,51
45,9,63580,49
46,9,1344,45
47,9,10770,54
48,9,66,55
49,9,149750,44
50,9,328890,46
51,9,45174,45
52,9,47376,48
53,9,17813,54
54,9,252452,40
55,9,31260,60
56,9,2127352,44
57,9,45,45
58,9,5317,44
59,9,404063,50
60,9,4614,53
61,9,18057,44
62,9,94377,44
63,9,335677,66
64,9,104213,64
65,9,706,45
66,9,113,55
67,9,1064105,44
68,9,580,40
69,9,1960211,46
70,9,955131,45
71,9,32471,44
72,9,9697,53
73,9,2854,49
74,9,35131,54
75,9,67799,45
76,9,800511,47
77,9,79945,50
78,9,1486617,65
79,9,3353,52
80,9,897349,46
81,9,165565,55
82,9,794,53
83,9,97822,45
84,9,18196,50
85,9,3213,53
86,9,2954,49
87,9,169662,39
88,9,8890,53
89,9,4339,43
90,9,3755,43
91,9,604544,46
92,9,802,40
93,9,67056,45
94,9,67321,40
95,9,1320,54
96,9,361586,56
97,9,6466,45
98,9,102670,50
99,9,57038,39
100,9,9036,43
101,9,12668,45
102,9,1621,45
103,9,9602,40
104,9,44182,53
105,9,98177,53
106,9,49345,49
107,9,29461,54
108,9,5541,54
109,9,106302,68
110,9,123697,44
111,9,25266,52
112,9,229503,54
113,9,28817,44
114,9,9875,44
115,9,318644,44
116,9,209,45
117,9,471,45
118,9,17828,59
119,9,928851,62
120,9,1331,65
121,9,314146,55
122,9,1739267,59
123,9,310585,58
124,9,7748,53
125,9,727659,53
126,9,4962,55
127,9,1225343,58
128,9,106573,54
129,9,22516,48
130,9,225384,49
131,9,27556,73
132,9,12746,54
133,9,377588,51
134,9,150038,86
135,9,710915,57
136,9,12312,65
137,9,41234,79
138,9,762255,74
139,9,3927,45
140,9,14598,53
141,9,675047,81
142,9,445924,55
143,9,1399112,61
144,9,673264,57
145,9,432600,44
146,9,556561,45
147,9,8279,44
148,9,292366,45
149,9,76713,63
150,9,62711,45
151,9,89303,39
152,9,4108,54
153,9,48508,59
154,9,525235,70
155,9,3746,54
156,9,29059,44
157,9,2618,48
158,9,3334,43
159,9,6351,53
160,9,2200,59
161,9,389,45
162,9,62304,45
163,9,28880,44
164,9,68131,68
165,9,38191,49
166,9,46807,69
167,9,229,55
168,9,664115,53
169,9,261363,50
170,9,447989,50
171,9,595425,46
172,9,7572,49
173,9,434319,57
174,9,14674,58
175,9,38798,49
176,9,7278,49
177,9,266597,80
178,9,47038,43
179,9,47777,48
180,9,338072,74
181,9,101253,40
182,9,183,55
183,9,464,45
184,9,38925,45
185,9,394657,44
186,9,52451,55
187,9,94193,63
188,9,492237,52
189,9,362630,78
190,9,37814,45
191,9,124168,49
192,9,5038,54
193,9,5451,49
194,9,9086,43
195,9,2301,45
196,9,1826365,67
197,9,15835,45
198,9,16305,44
199,9,240020,50
200,9,1443557,50
201,9,12754,54
202,9,14622,53
203,9,129531,44
204,9,415612,40
205,9,2616698,107
206,9,1820,49
207,9,253004,54
208,9,897870,40
209,9,51923,53
210,9,425217,64
211,9,10269,58
212,9,328203,67
213,9,250883,70
214,9,10614,45
215,9,259795,66
216,9,83513,49
217,9,194777,49
218,9,1677,49
219,9,55342,44
220,9,25296,44
221,9,10435,49
222,9,96461,50
223,9,19256,44
224,9,301913,50
225,9,34891,53
226,9,3704,59
227,9,10569,58
228,9,318455,88
229,9,1490363,66
230,9,286669,119
231,9,628602,60
232,9,70328,54
233,9,5565682,128
234,9,176006,70
235,9,88110,49
236,9,4473,52
237,9,1996858,75
238,9,42070,48
239,9,19509,50
240,9,1014041,75
241,9,14859,43
242,9,11237,44
243,9,92282,51
244,9,18965,50
245,9,1288761,40
246,9,83174,39
247,9,2546,44
248,9,12449,40
249,9,653955,56
250,9,199030,72
251,9,352984,120
252,9,264385,53
253,9,32364,53
254,9,225039,87
255,9,112672,107
256,9,2084194,63
257,9,802817,60
258,9,38205,49
259,9,414159,55
260,9,18814,45
261,9,410146,70
262,9,2454071,62
263,9,652314,86
264,9,61066,53
265,9,470363,80
266,9,56258,55
267,9,101821,57
268,9,299317,68
269,9,150187,84
270,9,492443,51
271,9,29331,45
272,9,1401685,76
273,9,488540,54
274,9,34706,49
275,9,2022980,53
276,9,101646,69
277,9,1885663,118
278,9,50129,76
279,9,5350,50
280,9,38113,48
281,9,39724,94
282,9,9567,57
283,9,45218,45
284,9,41814,48
285,9,21149,54
286,9,7975,49
287,9,44608,60
288,9,436086,53
289,9,1107599,76
290,9,496808,40
291,9,3932,53
292,9,21785,49
293,9,9623,44
294,9,37655,45
295,9,7794,44
296,9,125608,73
297,9,4665,48
298,9,5345,54
299,9,16006,44
300,9,12446,53
301,9,870,45
302,9,805789,40
303,9,4123,43
304,9,56547,50
305,9,13403,43
306,9,11036,45
307,9,1478050,68
308,9,25625,53
309,9,82736,45
310,9,34214,58
311,9,8286,43
312,9,4244,45
313,9,56843,40
314,9,118402,45
315,9,366120,59
316,9,46,50
317,9,19719,44
318,9,4571,49
319,9,13213,44
320,9,1768,49
321,9,1055,44
322,9,973,54
323,9,3008,52
324,9,4202,44
325,9,23875,53
326,9,116199,44
327,9,4474,43
328,9,930,48
329,9,35619,49
330,9,32,50
331,9,352328,39
332,9,9518,58
333,9,64943,44
334,9,224080,45
335,9,54195,45
336,9,22299,59
337,9,1392392,78
338,9,5613,44
339,9,11261,58
340,9,64751,49
341,9,170750,63
342,9,38918,48
343,9,66481,44
344,9,1384,45
345,9,65869,68
346,9,4697,48
347,9,1331,45
348,9,325414,45
349,9,11511,45
350,9,4944,54
351,9,21765,45
352,9,1700,45
353,9,765737,55
354,9,239988,45
355,9,1731,50
356,9,343,60
357,9,563973,121
358,9,16701,49
359,9,1413867,102
360,9,22801,47
361,9,436030,45
362,9,58742,64
363,9,131615,65
364,9,16798,44
365,9,227217,49
366,9,103286,45
367,9,118729,45
368,9,6075,43
369,9,28913,59
370,9,856800,51
371,9,141976,45
372,9,9283,59
373,9,103179,45
374,9,5881,44
375,9,27809,58
376,9,1883246,40
377,9,26096,43
378,9,2539,48
379,9,8268,44
380,9,37936,54
381,9,10506,49
382,9,6165,44
383,9,6271,54
384,9,5165,44
385,9,640,50
386,9,3666,48
387,9,11811,45
388,9,80642,45
389,9,116289,44
390,9,6827,43
391,9,2776,53
392,9,290,55
393,9,11386,50
394,9,1288,45
395,9,20508,49
396,9,5511,43
397,9,3181,45
398,9,25575,40
399,9,1322792,63
400,9,3923,44
401,9,37,45
402,9,1365,45
403,9,2109,53
404,9,7600,54
405,9,7395,45
406,9,62006,44
407,9,12191,44
408,9,162970,50
409,9,41156,50
410,9,98668,39
411,9,1189983,55
412,9,11011,52
413,9,3837127,81
414,9,22746,49
415,9,7789,44
416,9,9929,58
417,9,3795,44
418,9,458716,49
419,9,2928633,66
420,9,108012,63
421,9,394053,50
422,9,475297,59
423,9,191196,60
424,9,22641,43
425,9,203823,39
426,9,52233,50
427,9,1457,50
428,9,7629,49
429,9,536138,45
430,9,621405,76
431,9,89894,50
432,9,600118,46
433,9,519,45
434,9,12302,48
435,9,214490,60
436,9,96329,54
437,9,261369,49
438,9,7965,55
439,9,32015,45
440,9,13531,45
441,9,1738,64
442,9,9415,45
443,9,167987,40
444,9,77693,40
445,9,34832,57
446,9,1875,45
447,9,15348,60
448,9,130181,40
449,9,9374,53
450,9,793987,52
451,9,7242,43
452,9,15981,44
453,9,31367,49
454,9,33820,40
455,9,90226,71
456,9,6931,44
457,9,6033,44
458,9,6756,48
459,9,4853,48
460,9,9435,49
461,9,38280,59
462,9,3958,59
463,9,37086,48
464,9,5965,54
465,9,12670,44
466,9,15749,43
467,9,15734,45
468,9,55745,55
469,9,8513,45
470,9,15985,43
471,9,7530,50
472,9,130577,50
473,9,43088,48
474,9,24053,45
475,9,220027,50
476,9,2930,45
477,9,31783,45
478,9,13550,49
479,9,6581,49
480,9,16082,45
481,9,288300,40
482,9,1206754,57
483,9,92474,45
484,9,1614930,58
485,9,158281,90
486,9,17607,44
487,9,6535,57
488,9,39835,45
489,9,64266,48
490,9,11210,44
491,9,1393057,43
492,9,46654,64
493,9,7608,44
494,9,23855,49
495,9,3647,55
496,9,16027,45
497,9,1391,50
498,9,4193,44
499,9,2242,50
500,9,5150,50
501,9,7714,49
502,9,7434,45
503,9,6159,45
504,9,2663,45
505,9,3484,45
506,9,7450,53
507,9,6546,45
508,9,1422,49
509,9,43806,40
510,9,6287,44
511,9,855,50
512,9,1428,48
513,9,36213,45
514,9,28273,40
515,9,21622,40
516,9,10361,54
517,9,16820,55
518,9,101480,50
519,9,13042,54
520,9,262105,45
521,9,15542,40
522,9,4782,45
523,9,5025,50
524,9,6786,59
525,9,243483,60
526,9,3553,45
527,9,313775,48
528,9,4765,49
529,9,1585998,116
530,9,30470,48
531,9,725,50
532,9,47418,40
533,9,103382,45
534,9,24697,40
535,9,32418,45
536,9,3837,40
537,9,2990,45
538,9,501,45
539,9,1035,45
540,9,6884,40
541,9,1807,45
542,9,116344,45
543,9,2853,45
544,9,19755,40
545,9,1795,45
546,9,44259,40
547,9,7411,45
548,9,27320,45
549,9,19805,40
550,9,172396,45
551,9,5241,45
552,9,1178,45
553,9,1455,45
554,9,22573,40
555,9,226770,55
556,9,6797,45
557,9,1245,50
558,9,223854,55
559,9,530588,46
560,9,16366,40
561,9,17913,40
562,9,6161,40
563,9,37882,40
564,9,1233,60
565,9,5907,40
566,9,312,45
567,9,1382,45
568,9,121608,45
569,9,21878,40
570,9,1046,40
571,9,5209,40
572,9,11333,40
573,9,6172,40
574,9,63381,40
575,9,1268,50
576,9,1090,45
577,9,30618,45
578,9,4196,60
579,9,3033935,125
580,9,5365,45
581,9,15852,45
582,9,3911,59
583,9,583684,56
584,9,89499,50
585,9,844,45
586,9,283268,65
587,9,5169,60
588,9,15683,49
589,9,5056,45
590,9,265066,46
591,9,21374,60
592,9,11866,52
593,9,31427,40
594,9,1590,45
595,9,39549,45
596,9,5156,40
597,9,1197,45
598,9,5577,40
599,9,5610,45
600,9,450,45
601,9,18728,44
602,9,12628,45
603,9,2302,40
604,9,4164,40
605,9,544,45
606,9,1683,40
607,9,34686,45
608,9,1048,40
609,9,1336,45
610,9,3570,40
611,9,13705,40
612,9,250,45
613,9,604,45
614,9,158,45
615,9,231,40
616,9,1167,40
617,9,490,40
618,9,0,45
1,10,91686,47
2,10,69148,40
3,10,7257,63
4,10,418136,100
5,10,14590,42
6,10,89585,83
7,10,26436,49
8,10,9339,43
9,10,20522,48
10,10,17623,42
11,10,8283,43
12,10,29641,45
13,10,4849,53
14,10,51562,42
15,10,30877,50
16,10,464557,49
17,10,82349,70
18,10,13561,45
19,10,50976,58
20,10,10087,54
21,10,901415,55
22,10,819749,63
23,10,67639,50
24,10,57,45
25,10,107,45
26,10,13833,52
27,10,217,45
28,10,290742,40
29,10,1476,49
30,10,1253823,55
31,10,46,45
32,10,32047,57
33,10,1279706,78
34,10,1077,50
35,10,84531,58
36,10,28315,44
37,10,845,54
38,10,565981,50
39,10,206330,47
40,10,141166,73
41,10,17182,45
42,10,39504,57
43,10,95023,63
44,10,344985,51
45,10,59911,49
46,10,1312,45
47,10,10317,54
48,10,66,55
49,10,167472,44
50,10,308654,46
51,10,54961,45
52,10,44886,48
53,10,17129,54
54,10,250768,40
55,10,29202,59
56,10,2080208,44
57,10,45,45
58,10,4860,44
59,10,396968,50
60,10,4549,53
61,10,17616,44
62,10,87177,44
63,10,290162,65
64,10,89784,64
65,10,697,45
66,10,114,55
67,10,976830,44
68,10,568,40
69,10,1991624,46
70,10,876165,45
71,10,40580,44
72,10,9552,53
73,10,2698,49
74,10,34909,54
75,10,64337,45
76,10,902004,47
77,10,79662,50
78,10,1739899,66
79,10,3376,52
80,10,715485,46
81,10,168892,55
82,10,794,53
83,10,118044,45
84,10,13921,50
85,10,3256,53
86,10,8176,49
87,10,169359,39
88,10,9820,53
89,10,4394,43
90,10,3649,43
91,10,549989,47
92,10,779,40
93,10,64392,45
94,10,65216,40
95,10,1273,54
96,10,349210,56
97,10,6473,45
98,10,101252,50
99,10,61547,39
100,10,8833,43
101,10,12403,45
102,10,1605,45
103,10,10412,40
104,10,43334,53
105,10,94351,53
106,10,46119,49
107,10,31281,53
108,10,5394,54
109,10,104379,67
110,10,129230,44
111,10,27614,52
112,10,227345,54
113,10,30463,44
114,10,10198,44
115,10,336470,44
116,10,207,45
117,10,469,45
118,10,17201,58
119,10,720322,61
120,10,1315,65
121,10,319298,55
122,10,1169547,57
123,10,324233,58
124,10,7803,52
125,10,687806,53
126,10,4852,55
127,10,1491165,58
128,10,123099,54
129,10,21977,48
130,10,220682,49
131,10,27094,73
132,10,12923,54
133,10,302551,50
134,10,121746,86
135,10,1458239,59
136,10,12097,65
137,10,39931,79
138,10,1594355,76
139,10,3764,45
140,10,44428,53
141,10,633143,81
142,10,632772,56
143,10,1563012,62
144,10,563497,56
145,10,413640,44
146,10,541011,45
147,10,8190,43
148,10,286021,45
149,10,89067,63
150,10,57869,45
151,10,95839,39
152,10,4028,54
153,10,45965,59
154,10,463387,69
155,10,3639,54
156,10,28656,44
157,10,2591,48
158,10,3330,43
159,10,6458,53
160,10,2256,59
161,10,475,45
162,10,64839,45
163,10,26313,44
164,10,65591,68
165,10,35534,49
166,10,45983,69
167,10,224,55
168,10,586190,52
169,10,246791,50
170,10,426436,50
171,10,553275,46
172,10,7122,49
173,10,236270,55
174,10,14271,58
175,10,31857,49
176,10,8663,49
177,10,242613,80
178,10,44164,43
179,10,45792,48
180,10,374753,74
181,10,97841,40
182,10,179,55
183,10,457,45
184,10,44139,45
185,10,344362,44
186,10,51788,55
187,10,162086,63
188,10,464396,52
189,10,330614,78
190,10,63212,45
191,10,121814,48
192,10,4839,54
193,10,5367,49
194,10,8672,43
195,10,2181,45
196,10,1553886,67
197,10,14204,45
198,10,17230,44
199,10,262452,50
200,10,1404233,50
201,10,14134,54
202,10,11923,53
203,10,117152,44
204,10,413388,40
205,10,2646688,108
206,10,1749,49
207,10,232545,54
208,10,877444,39
209,10,50967,53
210,10,682333,65
211,10,9726,58
212,10,340697,67
213,10,270784,70
214,10,10370,45
215,10,229825,66
216,10,76013,48
217,10,195862,49
218,10,1727,49
219,10,51505,43
220,10,24731,43
221,10,8281,49
222,10,113290,50
223,10,18659,44
224,10,287882,50
225,10,32865,53
226,10,3647,59
227,10,10655,58
228,10,467952,89
229,10,1592789,67
230,10,311990,119
231,10,679787,60
232,10,61928,54
233,10,6023450,129
234,10,193788,70
235,10,85382,49
236,10,4349,51
237,10,2398801,76
238,10,41352,48
239,10,30912,50
240,10,1059795,75
241,10,14469,43
242,10,10091,44
243,10,108261,51
244,10,22790,50
245,10,1192819,39
246,10,79218,39
247,10,2465,44
248,10,11957,40
249,10,641506,56
250,10,223445,72
251,10,327014,120
252,10,255772,53
253,10,31708,53
254,10,220404,87
255,10,102668,106
256,10,2272619,64
257,10,812520,60
258,10,37185,49
259,10,430807,55
260,10,17259,45
261,10,511544,71
262,10,2407992,62
263,10,852322,87
264,10,60394,53
265,10,1206304,82
266,10,56959,55
267,10,96574,57
268,10,240191,68
269,10,150173,84
270,10,458522,50
271,10,28033,45
272,10,889464,75
273,10,464342,54
274,10,34099,49
275,10,1807155,53
276,10,96122,69
277,10,1649817,117
278,10,48505,76
279,10,5074,50
280,10,37585,48
281,10,54451,94
282,10,9806,57
283,10,44157,45
284,10,40879,48
285,10,21444,54
286,10,7958,49
287,10,44479,60
288,10,394597,53
289,10,975857,75
290,10,464163,40
291,10,4038,53
292,10,19873,49
293,10,9362,44
294,10,35921,45
295,10,7759,44
296,10,135441,73
297,10,4385,48
298,10,5256,54
299,10,15597,44
300,10,12310,53
301,10,914,45
302,10,802634,40
303,10,4928,43
304,10,49299,50
305,10,13060,43
306,10,10643,45
307,10,1320153,68
308,10,23509,53
309,10,76049,45
310,10,31251,58
311,10,8074,43
312,10,4032,45
313,10,55623,40
314,10,131370,45
315,10,343759,58
316,10,46,50
317,10,28716,44
318,10,4308,49
319,10,12542,44
320,10,1694,49
321,10,1071,44
322,10,935,54
323,10,2936,52
324,10,3953,44
325,10,21025,53
326,10,108342,44
327,10,4416,43
328,10,867,48
329,10,35483,49
330,10,30,50
331,10,342958,39
332,10,9654,58
333,10,64592,44
334,10,235498,45
335,10,51960,45
336,10,29183,59
337,10,1330944,78
338,10,5289,44
339,10,11284,58
340,10,60709,49
341,10,174188,63
342,10,36846,48
343,10,63611,44
344,10,1348,45
345,10,65952,68
346,10,4619,47
347,10,1400,45
348,10,301230,45
349,10,17550,45
350,10,4872,53
351,10,20870,45
352,10,1675,45
353,10,716353,55
354,10,231180,45
355,10,1704,50
356,10,342,60
357,10,556568,121
358,10,16067,49
359,10,1474812,102
360,10,21655,47
361,10,408317,45
362,10,58082,64
363,10,115159,64
364,10,16853,44
365,10,243163,49
366,10,97926,45
367,10,108427,45
368,10,5820,43
369,10,28477,59
370,10,808564,51
371,10,125101,44
372,10,9532,59
373,10,96681,45
374,10,5814,43
375,10,28730,58
376,10,1933812,41
377,10,23622,43
378,10,2510,48
379,10,8954,44
380,10,35752,54
381,10,9781,49
382,10,5418,44
383,10,5947,54
384,10,4755,43
385,10,607,50
386,10,3542,48
387,10,10945,45
388,10,75787,45
389,10,107928,43
390,10,6923,43
391,10,2751,52
392,10,281,55
393,10,10815,50
394,10,1206,45
395,10,20513,49
396,10,5007,43
397,10,3020,45
398,10,24175,40
399,10,1206897,62
400,10,3963,44
401,10,37,45
402,10,1326,45
403,10,2104,53
404,10,9825,54
405,10,8371,44
406,10,71504,44
407,10,12047,44
408,10,185675,50
409,10,74972,50
410,10,95697,39
411,10,1308512,55
412,10,10732,52
413,10,4136487,82
414,10,22289,49
415,10,7988,44
416,10,9826,58
417,10,3879,44
418,10,414723,48
419,10,2765276,65
420,10,114016,63
421,10,393269,50
422,10,451388,58
423,10,172853,60
424,10,22816,43
425,10,273409,39
426,10,49097,50
427,10,1432,50
428,10,6874,49
429,10,541305,45
430,10,635045,76
431,10,89637,50
432,10,402225,45
433,10,526,45
434,10,12543,48
435,10,192891,59
436,10,91812,54
437,10,244055,49
438,10,7286,55
439,10,30757,45
440,10,12765,45
441,10,1735,64
442,10,8987,45
443,10,162642,40
444,10,75351,40
445,10,33939,57
446,10,1825,45
447,10,13575,60
448,10,127479,40
449,10,8888,52
450,10,656143,52
451,10,8370,43
452,10,15930,44
453,10,30523,48
454,10,32386,40
455,10,123886,71
456,10,5909,44
457,10,6760,44
458,10,7177,48
459,10,4909,48
460,10,9199,49
461,10,34345,58
462,10,4214,59
463,10,32771,48
464,10,6008,54
465,10,12106,44
466,10,20259,43
467,10,14261,44
468,10,318289,56
469,10,8204,45
470,10,18136,43
471,10,6334,49
472,10,146599,50
473,10,39255,47
474,10,22899,45
475,10,222292,50
476,10,3129,45
477,10,30102,45
478,10,13799,48
479,10,7003,49
480,10,15736,45
481,10,284923,40
482,10,1197986,57
483,10,92383,45
484,10,1564728,58
485,10,151785,89
486,10,17360,44
487,10,6087,57
488,10,37174,45
489,10,64043,48
490,10,11137,44
491,10,1684116,44
492,10,52923,64
493,10,7560,44
494,10,25543,49
495,10,5272,55
496,10,16005,45
497,10,1385,50
498,10,4352,44
499,10,2029,50
500,10,4906,50
501,10,7230,49
502,10,7568,45
503,10,6491,45
504,10,2656,45
505,10,3486,45
506,10,6973,53
507,10,6732,45
508,10,1416,48
509,10,43396,40
510,10,6408,44
511,10,833,50
512,10,1438,48
513,10,34859,45
514,10,27919,40
515,10,21211,40
516,10,11532,54
517,10,15383,55
518,10,103445,50
519,10,13516,54
520,10,254647,45
521,10,14906,40
522,10,4593,45
523,10,4846,50
524,10,5238,59
525,10,204055,59
526,10,3504,45
527,10,479226,49
528,10,4433,49
529,10,949432,115
530,10,30696,48
531,10,708,50
532,10,49164,40
533,10,102778,45
534,10,24513,40
535,10,30540,45
536,10,3705,40
537,10,2949,45
538,10,477,45
539,10,1010,45
540,10,7734,40
541,10,2076,45
542,10,119210,45
543,10,3320,45
544,10,19817,40
545,10,1735,45
546,10,43425,40
547,10,7102,45
548,10,26086,45
549,10,18923,40
550,10,169058,45
551,10,5250,45
552,10,1246,45
553,10,1384,45
554,10,22293,40
555,10,201113,55
556,10,46718,45
557,10,1316,50
558,10,151289,55
559,10,568492,46
560,10,17532,40
561,10,20135,40
562,10,6380,40
563,10,37812,40
564,10,1196,60
565,10,6216,40
566,10,302,45
567,10,1601,45
568,10,117770,45
569,10,22569,40
570,10,1006,40
571,10,5235,40
572,10,12245,40
573,10,6615,40
574,10,62196,40
575,10,1324,50
576,10,1087,45
577,10,72899,45
578,10,41651,60
579,10,2628861,124
580,10,5608,45
581,10,15540,45
582,10,3611,58
583,10,967184,57
584,10,87044,50
585,10,1128,45
586,10,243532,65
587,10,4734,60
588,10,16280,49
589,10,4451,45
590,10,269427,46
591,10,17720,60
592,10,11024,51
593,10,58352,39
594,10,8545,45
595,10,41603,45
596,10,5359,40
597,10,1279,45
598,10,6147,40
599,10,5462,45
600,10,475,45
601,10,17185,44
602,10,14433,45
603,10,2719,40
604,10,4642,40
605,10,597,45
606,10,1952,40
607,10,33304,45
608,10,1373,40
609,10,1479,45
610,10,4267,40
611,10,16409,40
612,10,760,45
613,10,770,45
614,10,392,45
615,10,506,40
616,10,1959,40
617,10,1293,40
618,10,330,45
619,10,0,40
620,10,0,45
621,10,0,40
622,10,0,50
623,10,0,40
1,11,88230,47
2,11,67491,40
3,11,7188,63
4,11,531667,100
5,11,14422,42
6,11,97390,83
7,11,25783,49
8,11,8978,43
9,11,20128,48
10,11,17367,42
11,11,8307,43
12,11,28998,45
13,11,4846,53
14,11,49726,42
15,11,35353,50
16,11,403639,49
17,11,79448,70
18,11,13239,45
19,11,48482,58
20,11,10643,54
21,11,1652233,57
22,11,863989,63
23,11,183468,50
24,11,57,45
25,11,105,45
26,11,13616,52
27,11,217,45
28,11,289796,40
29,11,1452,49
30,11,1251778,55
31,11,45,45
32,11,30772,57
33,11,1176936,78
34,11,1072,50
35,11,86143,58
36,11,26449,44
37,11,897,54
38,11,538547,49
39,11,198203,47
40,11,190113,73
41,11,17223,45
42,11,38127,57
43,11,95087,63
44,11,338552,51
45,11,48868,49
46,11,1297,45
47,11,10114,54
48,11,64,55
49,11,196279,44
50,11,255867,46
51,11,52337,45
52,11,44120,48
53,11,20353,54
54,11,246101,40
55,11,28480,59
56,11,2077652,44
57,11,43,45
58,11,4026,44
59,11,425182,50
60,11,5547,53
61,11,17313,44
62,11,86059,44
63,11,303378,65
64,11,181938,64
65,11,686,45
66,11,113,55
67,11,1025411,44
68,11,564,40
69,11,2009136,46
70,11,857059,45
71,11,51109,44
72,11,9352,53
73,11,2597,49
74,11,34744,54
75,11,63078,45
76,11,925528,47
77,11,88002,50
78,11,1975809,67
79,11,3389,51
80,11,582541,45
81,11,170614,55
82,11,782,53
83,11,121226,45
84,11,13660,50
85,11,3703,53
86,11,9604,49
87,11,163532,39
88,11,10883,53
89,11,4390,43
90,11,3573,43
91,11,583442,47
92,11,770,40
93,11,62874,45
94,11,63257,40
95,11,1240,54
96,11,404282,56
97,11,6230,45
98,11,95611,49
99,11,59702,39
100,11,8600,43
101,11,12034,45
102,11,1786,45
103,11,10608,40
104,11,42686,53
105,11,90532,53
106,11,44953,49
107,11,29570,53
108,11,5320,54
109,11,102492,67
110,11,144668,44
111,11,26964,52
112,11,220958,54
113,11,29817,44
114,11,10276,44
115,11,344374,44
116,11,204,45
117,11,461,45
118,11,16559,58
119,11,566646,60
120,11,1305,65
121,11,333825,55
122,11,881463,56
123,11,382224,58
124,11,7925,52
125,11,443342,52
126,11,4791,55
127,11,1565411,59
128,11,123633,54
129,11,21798,48
130,11,221208,49
131,11,35775,73
132,11,15564,54
133,11,303030,50
134,11,115333,86
135,11,1702891,60
136,11,11975,65
137,11,45094,79
138,11,1366777,76
139,11,3698,45
140,11,59900,53
141,11,646723,81
142,11,1613162,58
143,11,1671469,62
144,11,975846,57
145,11,400757,44
146,11,559087,45
147,11,8149,43
148,11,294663,45
149,11,103550,63
150,11,59188,45
151,11,92021,39
152,11,3964,54
153,11,46373,59
154,11,593666,69
155,11,3616,54
156,11,28338,44
157,11,2557,48
158,11,3335,43
159,11,6379,53
160,11,2214,59
161,11,431,45
162,11,86889,45
163,11,27392,44
164,11,64359,68
165,11,34617,49
166,11,45489,69
167,11,223,55
168,11,508290,52
169,11,239238,50
170,11,411471,50
171,11,527411,46
172,11,6914,49
173,11,181449,55
174,11,14793,58
175,11,29991,49
176,11,8490,49
177,11,233826,80
178,11,43576,42
179,11,44325,48
180,11,375566,74
181,11,96066,40
182,11,177,55
183,11,450,45
184,11,40378,45
185,11,316402,43
186,11,44384,55
187,11,165604,63
188,11,431844,52
189,11,312453,77
190,11,54355,45
191,11,123235,48
192,11,4729,54
193,11,5226,49
194,11,8452,43
195,11,2118,45
196,11,1623028,66
197,11,12860,45
198,11,16453,44
199,11,240476,50
200,11,1356720,50
201,11,15810,54
202,11,11032,53
203,11,109962,44
204,11,408224,40
205,11,2620580,108
206,11,1722,49
207,11,203608,54
208,11,851536,39
209,11,50394,53
210,11,750870,65
211,11,9366,58
212,11,331543,67
213,11,260570,70
214,11,10687,44
215,11,215667,65
216,11,76436,48
217,11,191567,49
218,11,1709,49
219,11,50659,43
220,11,24397,43
221,11,7416,49
222,11,160112,50
223,11,18468,44
224,11,244311,50
225,11,32782,53
226,11,3613,59
227,11,11441,58
228,11,365139,89
229,11,1569276,67
230,11,339554,119
231,11,670480,60
232,11,58500,54
233,11,6116608,129
234,11,184242,70
235,11,85204,49
236,11,4376,51
237,11,2449431,76
238,11,40019,47
239,11,24809,50
240,11,1073063,75
241,11,14338,42
242,11,9725,44
243,11,113134,51
244,11,19224,50
245,11,1144951,39
246,11,77277,39
247,11,2424,44
248,11,11676,40
249,11,566049,56
250,11,212951,72
251,11,272245,119
252,11,255547,53
253,11,31336,53
254,11,207350,87
255,11,100890,106
256,11,2212656,64
257,11,768180,60
258,11,36418,48
259,11,289038,55
260,11,16875,45
261,11,481092,71
262,11,2249518,61
263,11,825357,87
264,11,59761,53
265,11,1247987,82
266,11,56623,55
267,11,90660,57
268,11,221639,67
269,11,169247,84
270,11,451451,50
271,11,28681,45
272,11,768407,75
273,11,458375,54
274,11,35593,49
275,11,1741767,52
276,11,93898,68
277,11,1633500,117
278,11,49100,76
279,11,4921,50
280,11,37117,48
281,11,72366,94
282,11,10001,57
283,11,43231,45
284,11,39095,48
285,11,23206,54
286,11,10421,49
287,11,41969,60
288,11,392136,53
289,11,831917,75
290,11,444718,40
291,11,4105,53
292,11,19535,49
293,11,9281,44
294,11,35740,45
295,11,8101,44
296,11,161149,73
297,11,4240,48
298,11,5357,53
299,11,15384,44
300,11,12078,53
301,11,850,45
302,11,794089,40
303,11,5070,43
304,11,45787,49
305,11,12837,43
306,11,10454,45
307,11,1297721,68
308,11,22587,53
309,11,73702,45
310,11,29807,58
311,11,7955,43
312,11,3919,45
313,11,55772,40
314,11,132407,45
315,11,328642,58
316,11,45,50
317,11,33261,44
318,11,5293,49
319,11,12574,44
320,11,1645,49
321,11,1045,44
322,11,920,54
323,11,2984,52
324,11,3819,44
325,11,19858,53
326,11,106796,43
327,11,4433,43
328,11,962,48
329,11,36927,49
330,11,30,50
331,11,356211,39
332,11,9627,58
333,11,63974,44
334,11,262420,45
335,11,52831,45
336,11,33302,59
337,11,1023241,78
338,11,5114,44
339,11,11488,58
340,11,56897,48
341,11,181896,63
342,11,42218,48
343,11,68821,44
344,11,1322,45
345,11,83595,68
346,11,4658,47
347,11,1540,45
348,11,289823,45
349,11,18915,45
350,11,4786,53
351,11,23824,45
352,11,1660,45
353,11,693686,54
354,11,223979,45
355,11,1688,50
356,11,339,60
357,11,615973,121
358,11,15757,49
359,11,1628813,103
360,11,21699,47
361,11,396330,45
362,11,66051,64
363,11,109283,64
364,11,17235,44
365,11,244278,49
366,11,95305,45
367,11,102272,45
368,11,5681,43
369,11,28274,59
370,11,807644,50
371,11,115732,44
372,11,10254,59
373,11,93914,45
374,11,5804,43
375,11,28188,58
376,11,1936052,41
377,11,22870,42
378,11,2498,48
379,11,8596,44
380,11,34753,54
381,11,9443,49
382,11,5120,44
383,11,5805,54
384,11,4599,43
385,11,597,50
386,11,3561,47
387,11,10479,44
388,11,73429,45
389,11,102094,43
390,11,6868,43
391,11,2686,52
392,11,277,55
393,11,10542,50
394,11,1175,45
395,11,20534,49
396,11,4856,43
397,11,2922,45
398,11,23418,40
399,11,998700,61
400,11,3972,43
401,11,37,45
402,11,1291,45
403,11,2105,53
404,11,9841,54
405,11,9178,44
406,11,76120,44
407,11,11967,44
408,11,183626,50
409,11,78739,50
410,11,93743,39
411,11,1292130,55
412,11,10383,52
413,11,4016151,82
414,11,21502,49
415,11,7993,44
416,11,10008,58
417,11,3863,44
418,11,393419,48
419,11,2621298,64
420,11,130604,63
421,11,453871,50
422,11,425083,58
423,11,163901,60
424,11,22564,43
425,11,326120,39
426,11,47179,50
427,11,1413,50
428,11,7138,49
429,11,532165,45
430,11,806306,77
431,11,87699,50
432,11,275849,45
433,11,548,45
434,11,12229,48
435,11,169980,59
436,11,90691,54
437,11,229823,49
438,11,6876,55
439,11,33825,45
440,11,12361,45
441,11,1720,64
442,11,8760,45
443,11,162776,39
444,11,74060,40
445,11,33536,57
446,11,1823,45
447,11,12906,60
448,11,127481,40
449,11,9980,52
450,11,679237,52
451,11,7922,43
452,11,15807,44
453,11,29939,48
454,11,31641,40
455,11,110207,71
456,11,5951,44
457,11,6632,44
458,11,7085,48
459,11,5004,48
460,11,8994,49
461,11,33256,58
462,11,9767,59
463,11,30657,48
464,11,8282,54
465,11,11866,43
466,11,29195,43
467,11,13763,44
468,11,307135,56
469,11,8044,45
470,11,22096,43
471,11,6176,49
472,11,141911,50
473,11,36748,47
474,11,24757,45
475,11,214570,50
476,11,3236,45
477,11,31689,45
478,11,14317,48
479,11,6927,49
480,11,15753,45
481,11,283585,40
482,11,1045501,57
483,11,76831,45
484,11,1389079,58
485,11,147587,89
486,11,17224,43
487,11,5699,57
488,11,38109,45
489,11,63449,48
490,11,11023,44
491,11,1862286,45
492,11,56698,64
493,11,7501,44
494,11,28435,49
495,11,4979,55
496,11,16072,45
497,11,1367,50
498,11,4310,44
499,11,1954,49
500,11,4804,50
501,11,7132,49
502,11,7483,44
503,11,6542,45
504,11,2669,45
505,11,3445,45
506,11,6783,53
507,11,6720,45
508,11,1435,48
509,11,43390,40
510,11,6416,44
511,11,823,50
512,11,1495,48
513,11,34046,45
514,11,27571,40
515,11,21393,40
516,11,12240,54
517,11,15074,55
518,11,117560,50
519,11,13695,54
520,11,249034,45
521,11,14555,40
522,11,4503,45
523,11,4745,50
524,11,4618,59
525,11,207367,59
526,11,3538,45
527,11,435386,49
528,11,4312,48
529,11,822489,115
530,11,30035,48
531,11,699,50
532,11,47193,40
533,11,100455,45
534,11,24258,40
535,11,29677,45
536,11,3629,40
537,11,2653,45
538,11,468,45
539,11,1001,45
540,11,7385,40
541,11,1855,45
542,11,114841,45
543,11,3019,45
544,11,19819,40
545,11,1703,45
546,11,43045,40
547,11,7013,45
548,11,25608,45
549,11,18433,40
550,11,166721,45
551,11,5101,45
552,11,1273,45
553,11,1350,45
554,11,22186,40
555,11,199858,55
556,11,52728,45
557,11,1287,50
558,11,130868,55
559,11,824308,47
560,11,16722,40
561,11,18077,40
562,11,6494,40
563,11,37289,40
564,11,1178,60
565,11,6262,40
566,11,297,45
567,11,1701,45
568,11,115598,45
569,11,22212,40
570,11,984,40
571,11,5283,40
572,11,11632,40
573,11,6294,40
574,11,61709,40
575,11,1367,50
576,11,1113,45
577,11,81093,45
578,11,90137,60
579,11,2730680,124
580,11,5709,45
581,11,15932,45
582,11,3452,58
583,11,1075274,58
584,11,103811,50
585,11,1328,45
586,11,252377,65
587,11,4618,60
588,11,21299,49
589,11,4235,45
590,11,301689,46
591,11,15832,60
592,11,10759,51
593,11,84795,39
594,11,9390,45
595,11,38658,45
596,11,5667,40
597,11,1334,45
598,11,6325,40
599,11,5489,45
600,11,507,45
601,11,16654,44
602,11,14799,45
603,11,3001,40
604,11,4835,40
605,11,698,45
606,11,2145,40
607,11,32445,45
608,11,1554,40
609,11,1302,45
610,11,4895,40
611,11,15749,40
612,11,565,45
613,11,854,45
614,11,398,45
615,11,693,40
616,11,2044,40
617,11,1832,40
618,11,420,45
619,11,963,40
620,11,103,45
621,11,1005,40
622,11,609,50
623,11,239,40
624,11,0,45
1,12,85968,46
2,12,65410,40
3,12,7125,63
4,12,370013,100
5,12,14322,42
6,12,98091,83
7,12,25201,48
8,12,8978,42
9,12,19784,48
10,12,17129,42
11,12,8059,43
12,12,29094,44
13,12,5095,53
14,12,48242,42
15,12,27959,50
16,12,374798,48
17,12,75210,69
18,12,12918,45
19,12,47197,58
20,12,10908,54
21,12,1971198,58
22,12,798776,63
23,12,193719,51
24,12,57,45
25,12,103,45
26,12,13541,52
27,12,216,45
28,12,278394,40
29,12,1426,49
30,12,1243357,55
31,12,45,45
32,12,29378,57
33,12,932665,77
34,12,1236,50
35,12,86847,58
36,12,24257,44
37,12,937,54
38,12,521709,49
39,12,191049,47
40,12,208539,73
41,12,16987,45
42,12,37583,56
43,12,94482,62
44,12,328974,51
45,12,47312,49
46,12,1268,45
47,12,9885,54
48,12,61,55
49,12,236157,44
50,12,207515,45
51,12,54592,45
52,12,42912,47
53,12,21245,54
54,12,245349,40
55,12,27189,59
56,12,2034549,44
57,12,43,45
58,12,3840,44
59,12,415074,50
60,12,6276,53
61,12,16983,44
62,12,81827,44
63,12,270267,65
64,12,257302,65
65,12,673,45
66,12,110,55
67,12,1029442,44
68,12,549,40
69,12,1656569,46
70,12,842675,44
71,12,65885,44
72,12,9292,53
73,12,2543,48
74,12,34580,54
75,12,60497,45
76,12,852627,47
77,12,87077,50
78,12,1830244,67
79,12,3408,51
80,12,473663,45
81,12,159981,55
82,12,804,53
83,12,125196,45
84,12,13216,50
85,12,4189,53
86,12,7607,49
87,12,160906,39
88,12,10540,53
89,12,4346,43
90,12,3528,43
91,12,542094,47
92,12,756,40
93,12,61275,45
94,12,68901,39
95,12,1207,54
96,12,375000,56
97,12,6147,44
98,12,94883,49
99,12,59005,39
100,12,8534,43
101,12,11793,45
102,12,1579,45
103,12,10941,40
104,12,44143,53
105,12,85086,53
106,12,44986,49
107,12,30328,53
108,12,5463,54
109,12,109337,67
110,12,163048,44
111,12,33559,52
112,12,223502,54
113,12,31079,44
114,12,10138,44
115,12,346610,44
116,12,202,45
117,12,455,45
118,12,17058,58
119,12,442530,59
120,12,1294,65
121,12,329966,55
122,12,672259,56
123,12,378416,58
124,12,8519,52
125,12,355833,52
126,12,4738,55
127,12,1506044,59
128,12,154898,54
129,12,21761,48
130,12,225828,49
131,12,32330,73
132,12,14785,54
133,12,287652,50
134,12,113000,86
135,12,1690830,60
136,12,11859,65
137,12,46060,79
138,12,1224734,75
139,12,3628,45
140,12,62585,53
141,12,603110,81
142,12,2091478,60
143,12,1706975,62
144,12,1862397,59
145,12,387840,44
146,12,723591,46
147,12,8175,43
148,12,294259,45
149,12,123146,63
150,12,64793,45
151,12,91666,39
152,12,4014,54
153,12,46455,58
154,12,719990,70
155,12,3687,54
156,12,28157,44
157,12,2578,48
158,12,3363,43
159,12,6430,53
160,12,2708,59
161,12,428,45
162,12,117707,45
163,12,28127,44
164,12,63256,68
165,12,34598,49
166,12,45030,69
167,12,219,55
168,12,480197,51
169,12,241952,50
170,12,399112,50
171,12,505439,46
172,12,6705,49
173,12,153991,54
174,12,14768,58
175,12,28313,49
176,12,7925,49
177,12,227452,80
178,12,38736,42
179,12,43733,48
180,12,371383,74
181,12,93258,40
182,12,174,55
183,12,443,45
184,12,38210,45
185,12,291829,43
186,12,39612,54
187,12,174377,63
188,12,405212,51
189,12,298994,77
190,12,49620,45
191,12,124398,48
192,12,4641,54
193,12,5123,48
194,12,8256,43
195,12,2080,45
196,12,1725277,66
197,12,11825,45
198,12,15962,44
199,12,228668,49
200,12,1314062,50
201,12,16514,54
202,12,10362,52
203,12,103781,44
204,12,401471,40
205,12,2293153,107
206,12,1686,49
207,12,195919,53
208,12,828288,39
209,12,49478,53
210,12,500938,65
211,12,9537,57
212,12,318257,66
213,12,236595,70
214,12,11458,44
215,12,212166,65
216,12,77670,48
217,12,185485,49
218,12,1712,49
219,12,48784,43
220,12,24073,43
221,12,6942,49
222,12,151280,50
223,12,18279,44
224,12,227583,50
225,12,33861,53
226,12,3578,59
227,12,12236,58
228,12,240669,88
229,12,1520813,67
230,12,321391,119
231,12,659859,60
232,12,60662,54
233,12,6199228,130
234,12,156343,70
235,12,96638,49
236,12,4533,51
237,12,2657544,77
238,12,37455,47
239,12,19847,50
240,12,1185146,75
241,12,14304,42
242,12,9639,44
243,12,107983,51
244,12,13884,50
245,12,1131733,39
246,12,75923,39
247,12,2374,44
248,12,11439,40
249,12,581437,55
250,12,233527,72
251,12,188186,119
252,12,259239,53
253,12,30967,53
254,12,204848,86
255,12,100043,106
256,12,2653728,65
257,12,788801,60
258,12,35319,48
259,12,276055,55
260,12,16475,45
261,12,660543,71
262,12,2200005,61
263,12,907036,87
264,12,59018,53
265,12,1214380,83
266,12,60654,55
267,12,86655,56
268,12,209023,67
269,12,156444,84
270,12,469831,50
271,12,28178,45
272,12,695706,74
273,12,454605,54
274,12,37069,49
275,12,1570687,52
276,12,91901,68
277,12,1592480,117
278,12,50001,76
279,12,5761,50
280,12,36613,48
281,12,76621,94
282,12,11789,57
283,12,42652,45
284,12,40606,48
285,12,22012,54
286,12,10663,49
287,12,39293,60
288,12,387369,52
289,12,765828,74
290,12,429865,40
291,12,4496,53
292,12,22693,49
293,12,12023,44
294,12,43386,45
295,12,9091,44
296,12,293902,74
297,12,4225,48
298,12,5837,53
299,12,15988,44
300,12,12156,53
301,12,854,45
302,12,770908,40
303,12,5770,43
304,12,44098,49
305,12,12680,43
306,12,33011,45
307,12,1341089,68
308,12,23861,52
309,12,69626,45
310,12,29250,58
311,12,7885,43
312,12,3795,45
313,12,53858,40
314,12,136244,45
315,12,370592,58
316,12,43,50
317,12,33808,44
318,12,4643,49
319,12,10831,44
320,12,1610,49
321,12,990,44
322,12,893,54
323,12,2970,52
324,12,3719,44
325,12,19289,53
326,12,104121,43
327,12,4363,43
328,12,926,48
329,12,37003,49
330,12,28,50
331,12,368087,39
332,12,9686,58
333,12,63435,44
334,12,471755,46
335,12,53763,45
336,12,24704,59
337,12,870469,77
338,12,4929,44
339,12,13120,58
340,12,53778,48
341,12,180183,63
342,12,49269,48
343,12,84823,44
344,12,1300,45
345,12,97028,68
346,12,4590,47
347,12,1467,45
348,12,277823,45
349,12,18570,45
350,12,4820,53
351,12,25454,45
352,12,1643,45
353,12,744936,54
354,12,216893,45
355,12,1674,50
356,12,335,60
357,12,926879,122
358,12,15466,49
359,12,1842747,104
360,12,21776,47
361,12,420270,45
362,12,79431,64
363,12,105160,63
364,12,20876,44
365,12,259548,49
366,12,100034,44
367,12,97080,45
368,12,5579,43
369,12,28681,59
370,12,922816,50
371,12,108426,43
372,12,10449,59
373,12,82825,45
374,12,5796,43
375,12,27365,58
376,12,1993395,41
377,12,23511,42
378,12,2482,48
379,12,8674,44
380,12,33759,54
381,12,9166,48
382,12,5076,43
383,12,5663,54
384,12,4397,43
385,12,592,50
386,12,3706,47
387,12,10037,44
388,12,70845,45
389,12,90070,42
390,12,6627,43
391,12,2467,52
392,12,273,55
393,12,10233,50
394,12,1133,45
395,12,20575,49
396,12,4687,43
397,12,2837,45
398,12,22628,40
399,12,831974,60
400,12,3950,43
401,12,37,45
402,12,1263,45
403,12,2101,52
404,12,10040,54
405,12,8025,44
406,12,76334,44
407,12,11910,44
408,12,198288,50
409,12,55530,50
410,12,91408,39
411,12,1310220,55
412,12,9982,51
413,12,4191532,82
414,12,22109,49
415,12,8061,44
416,12,10312,58
417,12,3964,44
418,12,371780,48
419,12,2523940,64
420,12,271669,64
421,12,478198,50
422,12,405504,58
423,12,193239,60
424,12,22595,43
425,12,378702,40
426,12,45921,50
427,12,1400,50
428,12,7253,49
429,12,508073,45
430,12,847105,77
431,12,82291,50
432,12,232593,44
433,12,530,45
434,12,11718,48
435,12,151722,58
436,12,89624,53
437,12,209971,49
438,12,6622,55
439,12,32917,45
440,12,11925,45
441,12,1722,64
442,12,8490,45
443,12,165341,39
444,12,72227,40
445,12,33193,57
446,12,1801,45
447,12,12291,60
448,12,122187,40
449,12,10381,52
450,12,710784,52
451,12,7685,43
452,12,15707,44
453,12,29494,48
454,12,30686,40
455,12,93681,71
456,12,5961,44
457,12,6402,44
458,12,9406,48
459,12,5055,48
460,12,8883,49
461,12,31783,58
462,12,6924,59
463,12,28692,48
464,12,7878,54
465,12,11728,43
466,12,32087,43
467,12,13131,44
468,12,321647,56
469,12,7887,45
470,12,23057,43
471,12,5821,49
472,12,136077,50
473,12,34883,47
474,12,27055,45
475,12,204780,50
476,12,4252,45
477,12,37273,45
478,12,14383,48
479,12,6720,49
480,12,15782,45
481,12,277214,40
482,12,885140,56
483,12,63820,45
484,12,1167279,57
485,12,146168,89
486,12,17204,43
487,12,5488,57
488,12,38081,45
489,12,63393,48
490,12,10949,44
491,12,2057255,46
492,12,58433,64
493,12,7500,43
494,12,29626,49
495,12,4063,55
496,12,16005,45
497,12,1480,50
498,12,4301,44
499,12,1917,49
500,12,4697,50
501,12,7099,49
502,12,7407,44
503,12,7205,45
504,12,2669,45
505,12,3497,45
506,12,6619,53
507,12,6432,45
508,12,1449,48
509,12,42659,40
510,12,6441,44
511,12,810,50
512,12,1477,48
513,12,32862,44
514,12,26964,40
515,12,21081,40
516,12,11979,54
517,12,15503,55
518,12,142030,50
519,12,14066,54
520,12,243308,45
521,12,14145,40
522,12,4389,45
523,12,4652,50
524,12,4265,59
525,12,373520,60
526,12,3568,45
527,12,362445,48
528,12,4175,48
529,12,771660,115
530,12,29783,48
531,12,694,50
532,12,46743,40
533,12,98576,45
534,12,24025,40
535,12,28860,45
536,12,3536,40
537,12,2729,45
538,12,459,45
539,12,990,45
540,12,7545,40
541,12,1843,45
542,12,111547,45
543,12,3084,45
544,12,19825,40
545,12,1659,45
546,12,42291,40
547,12,6950,45
548,12,25147,45
549,12,17951,40
550,12,164607,45
551,12,4999,45
552,12,1486,45
553,12,1323,45
554,12,21992,40
555,12,179675,55
556,12,50675,45
557,12,1300,50
558,12,115259,55
559,12,952960,48
560,12,16735,40
561,12,17756,40
562,12,6586,40
563,12,37472,40
564,12,1165,60
565,12,6321,40
566,12,293,45
567,12,1794,45
568,12,118755,45
569,12,22131,40
570,12,959,40
571,12,5230,40
572,12,11556,40
573,12,6386,40
574,12,60345,40
575,12,1281,49
576,12,1152,45
577,12,82712,45
578,12,158709,61
579,12,2756677,124
580,12,4894,45
581,12,34492,45
582,12,3261,57
583,12,1119320,58
584,12,101326,50
585,12,1540,45
586,12,259913,65
587,12,4892,60
588,12,44900,49
589,12,8245,44
590,12,294929,46
591,12,14464,60
592,12,10427,51
593,12,100497,39
594,12,6185,45
595,12,65509,44
596,12,5621,40
597,12,1411,45
598,12,6552,40
599,12,5477,45
600,12,765,44
601,12,15979,44
602,12,14835,45
603,12,3195,40
604,12,4997,40
605,12,721,45
606,12,2369,40
607,12,31567,45
608,12,1757,40
609,12,1594,45
610,12,5254,40
611,12,15506,40
612,12,660,45
613,12,941,45
614,12,516,45
615,12,772,40
616,12,2342,40
617,12,2285,40
618,12,610,45
619,12,1570,40
620,12,165,45
621,12,2699,40
622,12,1572,50
623,12,640,40
624,12,115,45
625,12,0,45
626,12,0,40
627,12,0,40
628,12,0,45
629,12,0,45
630,12,0,45
631,12,0,45
1,13,84519,46
2,13,64132,40
3,13,7074,63
4,13,393167,99
5,13,14137,42
6,13,101530,83
7,13,24876,48
8,13,8904,42
9,13,19569,48
10,13,16894,42
11,13,7603,43
12,13,30158,44
13,13,5147,53
14,13,46922,42
15,13,29160,50
16,13,357270,48
17,13,74158,69
18,13,12736,45
19,13,46431,57
20,13,10945,54
21,13,2424606,59
22,13,822570,63
23,13,220181,51
24,13,57,45
25,13,102,45
26,13,13415,52
27,13,213,45
28,13,275076,40
29,13,1411,49
30,13,1240545,55
31,13,45,45
32,13,28955,57
33,13,811099,77
34,13,1303,50
35,13,87366,58
36,13,22266,44
37,13,993,54
38,13,567550,49
39,13,188890,47
40,13,269004,74
41,13,17921,45
42,13,36690,56
43,13,93465,62
44,13,317949,51
45,13,46750,49
46,13,1253,45
47,13,9751,54
48,13,60,55
49,13,259053,44
50,13,196904,45
51,13,59301,45
52,13,42705,47
53,13,21019,54
54,13,246145,40
55,13,26361,59
56,13,1923350,43
57,13,43,45
58,13,3827,44
59,13,388730,50
60,13,6130,53
61,13,16628,44
62,13,74013,43
63,13,236354,64
64,13,288587,65
65,13,663,45
66,13,109,55
67,13,1026027,44
68,13,544,40
69,13,1646164,46
70,13,852667,44
71,13,75960,44
72,13,9061,53
73,13,2467,48
74,13,33250,54
75,13,59543,45
76,13,750390,47
77,13,82063,50
78,13,1821342,67
79,13,3357,51
80,13,439299,44
81,13,183325,55
82,13,780,53
83,13,139709,45
84,13,12709,50
85,13,4056,53
86,13,6663,49
87,13,157174,39
88,13,9858,53
89,13,4281,43
90,13,3441,43
91,13,486330,46
92,13,749,40
93,13,62443,44
94,13,72952,39
95,13,1186,54
96,13,340443,56
97,13,6284,44
119,13,356516,58
120,13,1284,65
121,13,336183,55
122,13,769347,56
123,13,377099,58
124,13,8291,52
125,13,277428,51
126,13,4706,55
127,13,1703662,59
128,13,152627,54
129,13,21490,48
130,13,237471,49
131,13,35644,73
132,13,14306,54
133,13,231519,49
134,13,120120,86
135,13,919823,59
136,13,11797,65
137,13,56767,79
138,13,1171202,75
139,13,3571,45
140,13,74382,53
141,13,448445,80
142,13,2905652,62
143,13,1730856,63
144,13,2413099,61
145,13,408699,44
146,13,719401,46
147,13,8101,43
148,13,238000,45
149,13,274409,64
150,13,62690,45
151,13,90522,39
152,13,4141,54
153,13,45624,58
154,13,725432,70
155,13,3673,54
156,13,27918,44
157,13,2574,48
158,13,3343,43
159,13,6386,53
160,13,3449,59
161,13,432,45
162,13,109344,45
163,13,28297,44
164,13,62625,68
165,13,34349,49
166,13,44748,69
167,13,218,55
168,13,465475,51
169,13,234459,50
170,13,394101,50
171,13,488324,45
172,13,6566,49
173,13,139030,54
174,13,15414,58
175,13,27073,49
176,13,7129,49
177,13,222911,80
178,13,35621,42
179,13,42832,48
180,13,335444,74
181,13,91685,40
182,13,172,55
183,13,438,45
184,13,36097,45
185,13,275407,43
186,13,37404,54
187,13,153534,63
188,13,396264,51
189,13,291156,77
190,13,45618,45
191,13,125543,48
192,13,4582,54
193,13,5102,48
194,13,8106,43
195,13,2024,45
196,13,1721181,67
197,13,11361,45
198,13,15600,44
199,13,223062,49
200,13,1277883,50
201,13,16034,54
202,13,10696,52
203,13,99548,44
204,13,397866,40
205,13,2222380,106
206,13,1668,49
207,13,172502,53
208,13,804162,39
209,13,51724,53
210,13,358010,64
211,13,9713,57
212,13,323798,66
213,13,222079,70
214,13,11410,44
215,13,222578,65
216,13,79540,48
217,13,180194,49
218,13,1682,49
219,13,46984,43
220,13,23765,43
221,13,6869,49
222,13,157844,50
223,13,18068,43
224,13,225496,50
225,13,38043,53
226,13,3558,59
227,13,13853,58
228,13,208869,88
229,13,1500440,66
230,13,450826,120
231,13,683223,60
232,13,61952,54
233,13,6294628,130
234,13,144176,70
235,13,91204,49
236,13,5720,51
237,13,3212101,79
238,13,35952,47
239,13,18102,50
240,13,1440825,76
241,13,14099,42
242,13,9412,44
243,13,101336,51
244,13,11054,50
245,13,1118090,39
246,13,71900,39
247,13,2347,44
248,13,11168,40
249,13,604038,55
250,13,251300,72
251,13,147090,118
252,13,262437,53
253,13,30784,53
254,13,206214,86
255,13,109195,106
256,13,3062560,66
257,13,791220,60
258,13,34683,48
259,13,270101,55
260,13,16237,45
261,13,1000277,72
262,13,2017986,60
263,13,840436,87
264,13,58728,53
265,13,970034,83
266,13,89375,55
267,13,87274,56
268,13,202839,67
269,13,150834,84
270,13,458258,50
271,13,28361,45
272,13,663202,74
273,13,404818,54
274,13,35282,49
275,13,1389440,52
276,13,91083,68
277,13,1484449,116
278,13,50386,76
279,13,6387,50
280,13,36301,48
281,13,66986,94
282,13,24305,57
283,13,41499,45
284,13,39843,48
285,13,22082,54
286,13,10658,49
287,13,51908,60
288,13,360737,52
289,13,574886,73
290,13,421479,39
291,13,4689,53
292,13,21595,49
293,13,10554,44
294,13,41888,45
295,13,9241,44
296,13,262631,74
297,13,4158,48
298,13,6427,53
299,13,16239,44
300,13,11878,53
301,13,1058,45
302,13,719114,40
303,13,5387,43
304,13,43545,49
305,13,12275,43
306,13,32680,45
307,13,1458430,68
308,13,22484,52
309,13,66389,45
310,13,32339,58
311,13,7830,42
312,13,3730,45
313,13,53655,40
314,13,138528,45
315,13,438557,58
316,13,41,50
317,13,33507,44
318,13,4902,49
319,13,13420,44
320,13,1581,49
321,13,1151,44
322,13,877,54
323,13,2991,52
324,13,3816,44
325,13,19897,53
326,13,104560,43
327,13,4370,43
328,13,1081,47
329,13,37374,49
330,13,27,50
331,13,364698,39
332,13,9650,58
333,13,62913,44
334,13,442082,46
335,13,53233,45
336,13,20022,59
337,13,856864,77
338,13,4832,44
339,13,11306,58
340,13,51039,48
341,13,173182,63
342,13,44510,48
343,13,75526,44
344,13,1284,45
345,13,95196,68
346,13,4516,47
347,13,1705,45
348,13,268371,45
349,13,18145,45
350,13,4691,53
351,13,22621,45
354,13,217080,45
376,13,2034391,41
377,13,23151,42
378,13,2483,48
379,13,8483,44
380,13,33102,54
381,13,9713,48
382,13,5712,43
383,13,5544,54
384,13,4314,43
385,13,584,50
386,13,3840,47
387,13,9734,44
388,13,68671,45
389,13,87592,42
390,13,6690,43
391,13,2372,52
392,13,273,55
393,13,10030,50
394,13,1103,45
395,13,20770,49
396,13,4523,43
397,13,2762,45
398,13,21935,40
399,13,657580,60
400,13,3878,43
401,13,36,45
402,13,1239,45
403,13,2324,52
404,13,13215,54
405,13,7651,44
406,13,75774,44
407,13,11841,44
408,13,192058,50
409,13,42179,50
410,13,89659,39
411,13,1199662,55
412,13,10001,51
413,13,3852686,81
414,13,21766,49
415,13,8003,44
416,13,10268,58
417,13,3953,44
418,13,344122,47
419,13,2261773,63
420,13,268896,64
421,13,503568,50
422,13,387394,57
423,13,187089,60
424,13,22255,43
425,13,381168,40
426,13,48993,50
427,13,1389,50
428,13,7220,49
429,13,509283,45
430,13,1224394,78
431,13,94707,50
432,13,204411,43
433,13,549,45
434,13,11416,48
435,13,144702,58
436,13,92160,53
437,13,211452,49
438,13,14990,55
439,13,38203,45
440,13,11686,45
441,13,1740,64
442,13,8295,45
443,13,164602,39
444,13,71116,40
445,13,32896,57
446,13,1788,45
447,13,11896,60
448,13,121831,40
449,13,10898,52
450,13,932344,53
452,13,15634,44
453,13,29080,48
454,13,29883,40
455,13,80161,71
456,13,6087,44
457,13,6142,44
458,13,11222,48
459,13,5109,48
460,13,8367,49
461,13,31103,57
462,13,6357,59
463,13,28091,47
464,13,7011,54
465,13,11493,43
466,13,32853,43
467,13,12693,44
468,13,387704,56
469,13,7715,45
470,13,41808,43
471,13,5662,48
472,13,130558,50
473,13,33423,46
474,13,25994,45
475,13,229810,50
476,13,3864,45
477,13,48800,45
478,13,14340,48
479,13,7230,49
481,13,274634,40
482,13,848110,56
483,13,57055,45
484,13,917733,56
485,13,156577,89
488,13,62815,45
489,13,62634,47
490,13,10858,44
491,13,1974327,46
492,13,56409,64
493,13,7410,43
495,13,4302,55
496,13,16112,45
497,13,1496,50
498,13,4249,44
499,13,1988,49
500,13,4614,50
501,13,7015,49
502,13,7380,44
503,13,8106,45
504,13,2705,45
505,13,3490,45
506,13,6504,53
507,13,9300,45
508,13,1449,48
509,13,42431,40
510,13,6408,44
511,13,805,50
512,13,1498,48
513,13,32375,44
514,13,27557,40
515,13,21057,40
516,13,11736,54
517,13,13637,55
518,13,135827,50
519,13,13831,54
521,13,13875,40
522,13,4323,45
523,13,4575,50
524,13,4153,59
525,13,340198,60
526,13,3618,45
527,13,385160,48
528,13,4126,48
529,13,777302,115
530,13,29534,48
531,13,692,50
532,13,46109,40
535,13,28148,45
536,13,3471,40
537,13,2706,45
538,13,454,45
539,13,986,45
540,13,7606,40
541,13,1912,45
542,13,108816,45
543,13,3211,45
544,13,19573,40
545,13,1639,45
546,13,41773,40
547,13,6918,45
548,13,24918,45
549,13,17492,40
550,13,162342,45
551,13,4911,45
552,13,1754,45
553,13,1292,45
554,13,21661,40
555,13,171066,55
556,13,46886,45
557,13,1338,50
558,13,108312,54
559,13,1072429,48
560,13,16294,40
561,13,18013,40
562,13,6572,40
563,13,36947,40
564,13,1154,60
566,13,289,45
567,13,1817,44
568,13,116992,45
569,13,21609,40
570,13,944,40
571,13,5209,40
572,13,11446,40
573,13,6204,40
574,13,59910,40
576,13,1178,45
577,13,96199,45
579,13,2514042,124
580,13,4935,45
581,13,48845,45
582,13,3259,57
583,13,1118074,58
584,13,97311,50
586,13,222225,65
587,13,5870,60
589,13,10730,44
590,13,291657,46
591,13,14228,60
592,13,10108,50
593,13,113416,39
594,13,4761,45
595,13,80532,44
596,13,5833,40
599,13,7128,44
600,13,1028,44
601,13,15369,44
602,13,14769,45
603,13,3261,40
604,13,5058,40
605,13,748,45
606,13,2357,40
607,13,30401,45
608,13,1860,40
609,13,1728,45
610,13,5607,40
611,13,15273,40
612,13,601,45
613,13,979,45
614,13,499,45
615,13,825,40
616,13,2386,40
617,13,2556,40
618,13,726,45
619,13,1526,40
620,13,252,45
621,13,3729,40
622,13,2240,50
623,13,828,40
624,13,174,45
625,13,63,45
626,13,146,40
627,13,154,40
628,13,47,45
629,13,54,45
630,13,54,45
631,13,63,45
632,13,0,45
633,13,0,40
1,14,83324,46
2,14,63375,40
3,14,7040,63
4,14,298113,98
5,14,14027,42
6,14,96187,83
7,14,24703,48
8,14,8865,42
9,14,19425,48
10,14,16710,42
11,14,7437,43
12,14,30852,44
13,14,5108,53
14,14,46267,41
15,14,29250,50
16,14,323534,47
17,14,72599,69
18,14,12593,45
19,14,50149,57
20,14,11032,54
21,14,2437093,60
22,14,744627,63
23,14,238788,51
24,14,57,45
25,14,102,45
26,14,16436,52
27,14,214,45
28,14,273076,40
29,14,1399,49
30,14,1207781,55
31,14,45,45
32,14,28196,57
33,14,764067,76
34,14,1330,50
35,14,104599,58
36,14,21158,44
37,14,996,54
38,14,562510,49
39,14,190393,47
40,14,256497,74
41,14,18277,45
42,14,36683,56
43,14,88018,62
44,14,300180,50
45,14,45869,49
46,14,1243,45
47,14,9663,54
48,14,60,55
49,14,270084,44
50,14,192530,45
51,14,66038,45
52,14,45407,47
53,14,19938,54
54,14,248206,40
55,14,26037,58
56,14,1792336,42
57,14,43,45
58,14,3765,44
59,14,382885,50
60,14,5985,53
61,14,16616,44
62,14,72899,43
63,14,215745,64
64,14,267051,65
65,14,659,45
66,14,109,55
67,14,1025891,44
68,14,542,40
69,14,1652925,46
70,14,860555,44
71,14,107428,44
72,14,9056,53
73,14,2449,48
74,14,32463,54
75,14,59908,45
76,14,720574,47
77,14,74945,50
78,14,1854659,67
79,14,3323,51
80,14,411867,44
81,14,167898,55
82,14,775,53
83,14,136460,45
84,14,12667,50
85,14,3985,53
86,14,6328,49
87,14,161059,39
88,14,9877,53
89,14,4251,43
90,14,3450,43
91,14,477352,46
92,14,743,40
93,14,65232,44
94,14,77525,39
95,14,1179,54
96,14,302146,56
97,14,6380,44
98,14,77219,49
99,14,57538,39
100,14,8250,42
101,14,11597,44
102,14,1556,44
103,14,11031,40
104,14,41101,53
105,14,73248,53
106,14,45251,49
107,14,23373,53
108,14,5462,54
109,14,109554,67
110,14,146091,44
111,14,29849,52
112,14,213694,54
113,14,28039,44
114,14,9816,44
115,14,338635,44
116,14,200,45
117,14,445,45
118,14,16045,58
119,14,334745,58
120,14,1283,65
121,14,387958,55
122,14,924809,56
123,14,407179,58
124,14,8283,52
125,14,241237,51
126,14,4682,55
127,14,1844276,60
128,14,159363,54
129,14,21393,48
130,14,225336,49
131,14,39335,73
132,14,15747,54
133,14,206595,48
134,14,122993,86
135,14,559829,58
136,14,11749,65
137,14,58086,79
138,14,1111684,74
139,14,3534,45
140,14,94861,53
141,14,406292,80
142,14,3096922,63
143,14,1764727,63
144,14,2538755,61
145,14,419836,44
146,14,717107,46
147,14,8158,43
148,14,213823,44
149,14,299405,64
150,14,64913,45
151,14,89375,39
152,14,4125,54
153,14,45216,58
154,14,682256,70
155,14,3656,54
156,14,27857,44
157,14,2558,48
158,14,3331,43
159,14,6464,53
160,14,4693,59
161,14,422,45
162,14,105629,45
163,14,27946,44
164,14,62310,68
165,14,33915,49
166,14,44592,69
167,14,218,55
168,14,450789,51
169,14,222071,50
170,14,384835,50
171,14,482307,45
172,14,6490,49
173,14,140159,54
174,14,15419,58
175,14,26457,49
176,14,6832,49
177,14,220713,79
178,14,34199,42
179,14,41982,48
180,14,331869,74
181,14,90764,40
182,14,172,55
183,14,439,45
184,14,38241,45
185,14,267829,43
186,14,35538,54
187,14,151817,63
188,14,392857,51
189,14,287788,77
190,14,48558,45
191,14,125820,48
192,14,4553,54
193,14,5151,48
194,14,8005,43
195,14,2000,45
196,14,1748678,67
197,14,11215,45
198,14,15559,44
199,14,225468,49
200,14,1261556,49
201,14,17929,54
202,14,10721,52
203,14,96796,44
204,14,396592,40
205,14,2406342,106
206,14,1660,49
207,14,161644,53
208,14,786933,39
209,14,53117,53
210,14,317810,64
211,14,9811,57
212,14,484447,66
213,14,208711,70
214,14,11448,44
215,14,229932,65
216,14,80905,48
217,14,179442,49
218,14,1679,49
219,14,46630,43
220,14,23634,43
221,14,6935,49
222,14,157293,50
223,14,17874,43
224,14,200271,50
225,14,51657,53
226,14,3556,59
227,14,13479,58
228,14,198166,88
229,14,1539620,66
230,14,428080,120
231,14,676804,60
232,14,61840,54
233,14,6310003,130
234,14,159141,70
235,14,89861,49
236,14,5539,51
237,14,3351242,80
238,14,35234,47
239,14,16832,50
240,14,2120029,78
241,14,13907,42
242,14,9242,44
243,14,102601,51
244,14,9410,50
245,14,1056841,38
246,14,69001,39
247,14,2321,44
248,14,10982,40
249,14,631174,55
250,14,364783,72
251,14,139437,118
252,14,262376,53
253,14,30645,53
254,14,215718,86
255,14,110287,106
256,14,3210022,67
257,14,795226,60
258,14,34308,48
259,14,243177,55
260,14,16085,45
261,14,1117185,73
262,14,1978190,60
263,14,810500,87
264,14,58667,53
265,14,683178,82
266,14,102029,55
267,14,88513,56
268,14,199995,67
269,14,148744,84
270,14,473518,50
271,14,29748,45
272,14,648690,74
273,14,401476,54
274,14,36682,49
275,14,1315061,51
276,14,90734,68
277,14,1442444,116
278,14,50595,76
279,14,9011,50
280,14,36124,47
281,14,66196,94
282,14,26961,57
283,14,40635,44
284,14,41053,48
285,14,23059,54
286,14,11222,49
287,14,59753,60
288,14,359325,52
289,14,531047,73
290,14,442875,39
291,14,6550,53
292,14,18613,49
293,14,13301,44
294,14,41919,45
295,14,17005,44
296,14,331315,74
297,14,4102,48
298,14,9454,53
299,14,14846,44
300,14,11376,53
301,14,934,45
302,14,690916,40
303,14,7537,43
304,14,43786,49
305,14,15034,43
306,14,37901,45
307,14,1605023,69
308,14,22697,52
309,14,63918,45
310,14,38099,58
311,14,8003,42
312,14,3697,45
313,14,53295,40
314,14,144668,45
315,14,467840,58
316,14,41,50
317,14,33213,44
318,14,6135,49
319,14,16814,44
320,14,1561,49
321,14,1151,44
322,14,872,54
323,14,2982,52
324,14,3802,44
325,14,19788,53
326,14,106874,43
327,14,4333,43
328,14,1116,47
329,14,37178,49
330,14,27,50
331,14,357773,39
332,14,9633,58
333,14,62530,44
334,14,431841,46
335,14,54277,45
336,14,19084,59
337,14,794805,77
338,14,4805,44
339,14,10814,58
340,14,49354,47
341,14,174927,63
342,14,43537,48
343,14,72919,44
344,14,1276,45
345,14,94675,68
346,14,4596,47
347,14,1635,45
348,14,263231,45
349,14,17144,45
350,14,4627,53
351,14,22569,45
352,14,1623,45
353,14,743921,54
354,14,216007,45
355,14,1653,50
356,14,331,60
357,14,952982,123
358,14,15174,49
359,14,1787175,104
360,14,21310,47
361,14,450337,45
362,14,110371,64
363,14,100722,63
364,14,23671,44
365,14,387799,50
366,14,108895,44
367,14,90319,45
368,14,5752,43
369,14,28581,59
370,14,1198859,51
371,14,102438,43
372,14,9457,59
373,14,78712,45
374,14,5705,43
375,14,25436,58
376,14,2002983,41
377,14,22826,42
378,14,2482,48
379,14,8739,44
380,14,32730,54
381,14,9774,48
382,14,5877,43
383,14,5496,54
384,14,4275,43
385,14,581,50
386,14,3888,47
387,14,9646,44
388,14,67559,45
389,14,93486,42
390,14,6428,43
391,14,2332,52
392,14,273,55
393,14,9918,50
394,14,1078,45
395,14,21343,49
396,14,4459,43
397,14,2728,45
398,14,21556,40
399,14,503587,59
400,14,3866,43
401,14,36,45
402,14,1224,45
403,14,2327,52
404,14,14576,54
405,14,7605,44
406,14,75945,44
407,14,11822,44
408,14,195307,50
409,14,37616,50
410,14,88609,39
411,14,1088804,55
412,14,9993,51
413,14,3775385,81
414,14,22192,49
415,14,8034,44
416,14,12043,58
417,14,4112,44
418,14,333203,47
419,14,2145518,62
420,14,270907,64
421,14,527016,51
422,14,381320,57
423,14,195799,60
424,14,22128,43
425,14,406284,40
426,14,49944,50
427,14,1384,50
428,14,6923,49
429,14,519005,45
430,14,1203893,78
431,14,95745,50
432,14,179629,43
433,14,545,45
434,14,11214,48
435,14,138029,57
436,14,80287,53
437,14,205262,49
438,14,9372,55
439,14,40035,45
440,14,11542,45
441,14,1752,64
442,14,8194,45
443,14,164891,39
444,14,70429,40
445,14,32722,57
446,14,1786,45
447,14,11720,60
448,14,121118,40
449,14,12698,52
450,14,993333,53
451,14,7321,43
452,14,15620,44
453,14,31086,48
454,14,29457,40
455,14,73607,71
456,14,6430,44
457,14,6002,44
458,14,12989,48
459,14,5170,48
460,14,8227,48
461,14,30991,57
462,14,6125,59
463,14,28025,47
464,14,7012,54
465,14,11465,43
466,14,54872,43
467,14,12563,44
468,14,435514,57
469,14,7622,45
470,14,46421,43
471,14,5612,48
472,14,129687,50
473,14,32605,46
474,14,25508,45
475,14,266044,50
476,14,3794,45
477,14,111126,45
478,14,15465,48
479,14,8964,49
480,14,15580,45
481,14,273711,40
482,14,757271,55
483,14,53918,44
484,14,813585,56
485,14,195430,89
486,14,17087,43
487,14,5540,57
488,14,48072,45
489,14,62481,47
490,14,10943,44
491,14,1930641,46
492,14,54282,64
493,14,7377,43
494,14,23744,49
495,14,4443,55
496,14,16075,45
497,14,1514,50
498,14,4226,44
499,14,2040,49
500,14,4565,50
501,14,7026,49
502,14,7329,44
503,14,8427,45
504,14,2710,45
505,14,3512,45
506,14,6444,53
507,14,9713,45
508,14,1450,48
509,14,42318,40
510,14,6419,44
511,14,804,50
512,14,1501,48
513,14,32032,44
514,14,27183,40
515,14,21873,39
516,14,12106,54
517,14,12684,55
518,14,148284,50
519,14,14014,54
520,14,226926,45
521,14,13689,40
522,14,4293,45
523,14,4535,50
524,14,4256,59
525,14,348189,60
526,14,3595,45
527,14,432287,48
528,14,4077,48
529,14,836247,115
530,14,29501,48
531,14,693,50
532,14,45860,40
533,14,95622,45
534,14,23462,40
535,14,27773,45
536,14,3429,40
537,14,2719,45
538,14,453,45
539,14,981,45
540,14,7543,40
541,14,1886,45
542,14,107385,45
543,14,3195,45
544,14,19501,40
545,14,1624,45
546,14,41313,40
547,14,6833,45
548,14,24720,45
549,14,17309,40
550,14,161980,45
551,14,4865,45
552,14,2372,45
553,14,1269,45
554,14,21535,40
555,14,167550,55
556,14,50139,45
557,14,1394,50
558,14,107258,54
559,14,1125402,49
560,14,16215,40
561,14,17802,40
562,14,6611,40
563,14,36769,40
564,14,1151,60
565,14,6652,39
566,14,285,45
567,14,1824,44
568,14,116605,45
569,14,21449,40
570,14,935,40
571,14,5197,40
572,14,11405,40
573,14,6214,40
574,14,60073,40
575,14,1330,49
576,14,1199,45
577,14,101203,45
578,14,252284,61
579,14,2348347,123
580,14,4916,45
581,14,39046,45
582,14,3270,57
583,14,1055879,58
584,14,100747,50
585,14,1631,45
586,14,196732,65
587,14,9575,60
588,14,49969,49
589,14,12274,44
590,14,329334,46
591,14,13723,60
592,14,10054,50
593,14,124392,39
594,14,4060,45
595,14,101116,44
596,14,5692,40
597,14,1447,45
598,14,6632,40
599,14,7520,44
600,14,1204,44
601,14,15038,44
602,14,14969,45
603,14,3333,40
604,14,5120,40
605,14,774,45
606,14,2395,40
607,14,30022,45
608,14,1940,40
609,14,1548,45
610,14,5578,40
611,14,15237,40
612,14,622,45
613,14,983,45
614,14,556,45
615,14,870,40
616,14,2545,40
617,14,2719,40
618,14,680,45
619,14,1848,40
620,14,259,45
621,14,4260,40
622,14,2676,50
623,14,958,40
624,14,214,45
625,14,96,45
626,14,218,40
627,14,231,40
628,14,80,45
629,14,89,45
630,14,77,45
631,14,117,45
632,14,104,45
633,14,197,40
634,14,0,45
635,14,0,40
636,14,0,50
1,15,82225,46
2,15,62521,40
3,15,7001,63
4,15,254684,97
5,15,13868,42
6,15,93739,83
7,15,24441,48
8,15,8795,42
9,15,19251,48
10,15,16516,42
11,15,7224,43
12,15,34250,44
13,15,5052,53
14,15,45891,41
15,15,28901,50
16,15,301799,47
17,15,71013,69
18,15,12404,45
19,15,49152,57
20,15,11288,54
21,15,2628974,61
22,15,721565,62
23,15,263885,51
24,15,57,45
25,15,101,45
26,15,26427,52
27,15,214,45
28,15,271989,40
29,15,1388,49
30,15,1188016,55
31,15,45,45
32,15,27426,57
33,15,742864,76
34,15,1388,50
35,15,114784,58
36,15,20110,44
37,15,989,54
38,15,574931,49
39,15,174223,47
40,15,434596,75
41,15,18547,45
42,15,35720,56
43,15,85463,62
44,15,291844,50
45,15,45426,49
46,15,1231,45
47,15,9552,54
48,15,60,55
49,15,291066,45
50,15,204371,45
51,15,63629,45
52,15,47727,47
53,15,16783,54
54,15,254330,40
55,15,25583,58
56,15,1707415,42
57,15,43,45
58,15,3808,44
59,15,384749,50
60,15,5991,53
61,15,15538,44
62,15,71925,43
63,15,256311,63
64,15,245541,65
65,15,655,45
66,15,108,55
67,15,1037822,44
68,15,537,40
69,15,1674209,46
70,15,851131,44
71,15,152201,44
72,15,9181,53
73,15,2430,48
74,15,31502,54
75,15,59308,45
76,15,688331,46
77,15,69938,50
78,15,1946010,67
79,15,3085,51
80,15,386276,44
81,15,156167,55
82,15,764,53
83,15,156787,45
84,15,12188,50
85,15,3832,53
86,15,5919,49
87,15,164729,39
88,15,9672,53
89,15,4210,43
90,15,3463,43
91,15,466223,46
92,15,730,40
93,15,66139,44
94,15,87677,39
95,15,1167,54
96,15,263480,55
97,15,6381,44
98,15,78472,49
99,15,55734,39
100,15,8191,42
101,15,12038,44
102,15,1803,44
103,15,11190,40
104,15,42098,52
105,15,68553,52
106,15,48321,49
107,15,24254,53
108,15,5638,54
109,15,117498,67
110,15,151946,44
111,15,35579,52
112,15,215691,54
113,15,32821,44
114,15,10035,44
115,15,332484,44
116,15,196,45
117,15,441,45
118,15,16643,58
119,15,321939,57
120,15,1278,65
121,15,417737,55
122,15,942177,57
123,15,400464,58
124,15,8137,52
125,15,205849,50
126,15,4653,55
127,15,1935174,61
128,15,159740,54
129,15,21299,48
130,15,211355,49
131,15,44566,73
132,15,15499,54
133,15,198034,48
134,15,122409,86
135,15,430978,57
136,15,11715,65
137,15,54922,79
138,15,1163520,74
139,15,3489,45
140,15,84970,53
141,15,379394,79
142,15,2986283,62
143,15,1764690,63
144,15,2277696,62
145,15,420804,44
146,15,695788,46
147,15,8120,43
148,15,188518,44
149,15,255636,64
150,15,63203,45
151,15,88002,39
152,15,3935,54
153,15,44557,58
154,15,586601,69
155,15,3676,54
156,15,27753,44
157,15,2510,48
158,15,3317,43
159,15,6392,52
160,15,4392,59
161,15,411,45
162,15,97177,45
163,15,27218,44
164,15,61913,68
165,15,33501,49
166,15,44390,69
167,15,216,55
168,15,432608,51
169,15,208511,50
170,15,376571,49
171,15,474857,45
172,15,6448,49
173,15,140254,54
174,15,15099,58
175,15,25811,49
176,15,6509,49
177,15,217845,79
178,15,33769,42
179,15,41119,48
180,15,339487,74
181,15,89708,40
182,15,172,55
183,15,433,45
184,15,53169,45
185,15,259542,43
186,15,33357,53
187,15,142378,63
188,15,375624,51
189,15,286962,77
190,15,47861,45
191,15,125643,48
192,15,4506,54
193,15,5250,48
194,15,7892,43
195,15,1963,45
196,15,1843134,67
197,15,10894,45
198,15,14177,44
199,15,229493,49
200,15,1221536,49
201,15,22040,54
202,15,10589,52
203,15,101945,43
204,15,395971,40
205,15,2335306,107
206,15,1648,49
207,15,151651,53
208,15,783767,38
209,15,50558,53
210,15,289015,64
211,15,9790,57
212,15,637484,67
213,15,192938,70
214,15,11320,44
215,15,222234,65
216,15,82693,48
217,15,172940,49
218,15,1667,49
219,15,46747,43
220,15,23426,43
221,15,6951,49
222,15,218980,51
223,15,17718,43
224,15,194088,49
225,15,54539,53
226,15,3542,59
227,15,12973,58
228,15,189781,87
229,15,1549056,66
230,15,381198,120
231,15,669681,60
232,15,61302,54
233,15,6375874,130
234,15,205845,70
235,15,89099,48
236,15,5335,51
237,15,3454175,80
238,15,34432,47
239,15,15493,50
240,15,2556424,79
241,15,13747,42
242,15,9069,43
243,15,100226,51
244,15,8059,50
245,15,1016110,38
246,15,66055,39
247,15,2299,44
248,15,10760,40
249,15,597912,55
250,15,333014,73
251,15,134517,118
252,15,251930,53
253,15,30488,53
254,15,211490,86
255,15,111471,106
256,15,3365289,68
257,15,803505,60
258,15,34521,48
259,15,243574,55
260,15,15895,45
261,15,1507389,74
262,15,2051102,60
263,15,884467,87
264,15,59812,53
265,15,603285,81
266,15,108462,55
267,15,84450,56
268,15,195874,67
269,15,146518,84
270,15,523068,50
271,15,27873,45
272,15,630769,74
273,15,408354,54
274,15,56756,49
275,15,1235604,51
276,15,89822,68
277,15,1439355,116
278,15,51878,76
279,15,22009,50
280,15,35936,47
281,15,70299,94
282,15,27156,57
283,15,39701,44
284,15,48793,48
285,15,24078,54
286,15,11319,49
287,15,57000,60
288,15,338785,52
289,15,492351,72
290,15,466306,39
291,15,6659,53
292,15,19931,49
293,15,9691,44
294,15,39162,45
295,15,22461,44
296,15,391384,74
297,15,4040,48
298,15,8715,53
299,15,15936,44
300,15,11975,52
301,15,901,45
302,15,678623,40
303,15,5919,43
304,15,40718,48
305,15,14138,43
306,15,38203,45
307,15,1556602,69
308,15,21636,52
309,15,59452,45
310,15,41543,58
311,15,8349,42
312,15,3643,45
313,15,52638,40
314,15,143159,45
315,15,516843,59
316,15,40,50
317,15,32081,44
318,15,5588,49
319,15,13934,44
320,15,1546,49
321,15,1077,44
322,15,859,54
323,15,2909,52
324,15,3690,44
325,15,18952,53
326,15,103904,43
327,15,4287,43
328,15,1021,47
329,15,38204,49
330,15,27,50
331,15,344243,39
332,15,9570,58
333,15,61352,44
334,15,438635,46
335,15,53457,45
336,15,20411,59
337,15,696617,77
338,15,4854,44
339,15,10350,58
340,15,47404,47
341,15,171968,63
342,15,44434,48
343,15,64205,44
344,15,1263,45
345,15,147229,68
346,15,4784,47
347,15,1659,45
348,15,256086,45
349,15,16309,45
350,15,4523,53
351,15,23583,45
352,15,1613,45
353,15,764951,54
354,15,222325,45
355,15,1645,50
356,15,329,60
357,15,916315,123
358,15,15033,49
359,15,1809753,104
360,15,21151,47
361,15,511090,45
362,15,116171,64
363,15,98031,63
364,15,32074,44
365,15,418679,50
366,15,108929,44
367,15,91413,45
368,15,5794,43
369,15,28339,59
370,15,1579507,52
371,15,99080,43
372,15,9159,59
373,15,78110,45
374,15,5677,43
375,15,24478,58
376,15,1939146,41
377,15,22641,42
378,15,2479,47
379,15,8330,44
380,15,32220,54
381,15,9664,48
382,15,5794,43
383,15,5416,54
384,15,4223,43
385,15,576,50
386,15,3878,47
387,15,9449,43
388,15,65987,45
389,15,109440,42
390,15,5965,43
391,15,2253,52
392,15,273,55
393,15,9726,50
394,15,1056,45
395,15,21518,49
396,15,4309,43
397,15,2677,45
398,15,21064,40
399,15,394266,59
400,15,3819,43
401,15,36,45
402,15,1205,45
403,15,2331,52
404,15,15999,54
405,15,7227,44
406,15,74949,44
407,15,11937,44
408,15,190502,50
409,15,33220,50
410,15,87455,39
411,15,924326,54
412,15,9855,51
413,15,3363968,80
414,15,22231,49
415,15,8043,44
416,15,12027,58
417,15,4147,44
418,15,324504,47
419,15,1887155,61
420,15,232419,64
421,15,509994,51
422,15,384735,57
423,15,209656,60
424,15,21964,43
425,15,423375,40
426,15,48002,50
427,15,1379,50
428,15,6634,49
429,15,516797,45
430,15,897806,77
431,15,90446,50
432,15,146426,42
433,15,561,45
434,15,11069,48
435,15,131362,57
436,15,77459,53
437,15,195457,48
438,15,7046,55
439,15,38684,45
440,15,11317,45
441,15,1787,64
442,15,8045,45
443,15,164223,39
444,15,69849,40
445,15,32378,56
446,15,1800,45
447,15,11511,59
448,15,120225,40
449,15,9856,52
450,15,1695268,55
451,15,7701,43
452,15,15674,44
453,15,31815,48
454,15,28927,40
455,15,66681,71
456,15,6159,44
457,15,5953,44
458,15,12470,48
459,15,5168,48
460,15,8058,48
461,15,29438,57
462,15,5941,59
463,15,27602,47
464,15,6058,54
465,15,12088,43
466,15,74287,43
467,15,12038,44
468,15,473915,57
469,15,7486,45
470,15,49713,43
471,15,5417,48
472,15,124355,50
473,15,31568,46
474,15,21309,45
475,15,250279,50
476,15,3805,45
477,15,119128,45
478,15,15088,48
479,15,9034,49
480,15,15634,45
481,15,273742,40
482,15,647604,54
483,15,50728,44
484,15,810831,55
485,15,225511,89
486,15,17143,43
487,15,5504,57
488,15,38941,45
489,15,62105,47
490,15,10866,44
491,15,1905713,45
492,15,46356,64
493,15,7317,43
494,15,22006,49
495,15,4097,55
496,15,15819,45
497,15,1511,50
498,15,4228,44
499,15,2058,49
500,15,4502,50
501,15,7082,49
502,15,7239,44
503,15,8476,45
504,15,2692,45
505,15,3550,44
506,15,6372,53
507,15,9329,45
508,15,1459,48
509,15,42407,40
510,15,10373,44
511,15,795,50
512,15,1510,48
513,15,31635,44
514,15,27820,40
515,15,22717,39
516,15,12127,54
517,15,11400,55
518,15,160182,50
519,15,14122,54
520,15,218383,45
521,15,13450,40
522,15,4239,45
523,15,4470,50
524,15,4378,59
525,15,350063,60
526,15,3693,45
527,15,318402,48
528,15,4000,48
529,15,837272,115
530,15,29598,48
531,15,691,50
532,15,45727,40
533,15,95798,45
534,15,23349,40
535,15,27217,45
536,15,3392,40
537,15,2805,45
538,15,444,45
539,15,978,45
540,15,7531,40
541,15,1827,45
542,15,105929,45
543,15,3081,45
544,15,19322,40
545,15,1607,45
546,15,41030,40
547,15,7154,45
548,15,24693,45
549,15,17043,40
550,15,161439,45
551,15,4759,45
552,15,2924,45
553,15,1244,45
554,15,21407,40
555,15,162765,55
556,15,56488,45
557,15,1388,50
558,15,116911,54
559,15,1222798,49
560,15,16296,40
561,15,17633,40
562,15,6614,40
563,15,37126,40
564,15,1145,60
565,15,7467,39
566,15,283,45
567,15,1908,44
568,15,116846,45
569,15,21318,40
570,15,925,40
571,15,5260,40
572,15,11437,40
573,15,6172,40
574,15,60363,40
575,15,1368,49
576,15,1198,45
577,15,111948,45
578,15,276838,61
579,15,2430536,123
580,15,4667,45
581,15,30041,45
582,15,3228,57
583,15,825845,57
584,15,106483,50
585,15,1738,45
586,15,170296,64
587,15,8788,60
588,15,65401,49
589,15,13273,44
590,15,372848,46
591,15,12095,60
592,15,9944,50
593,15,141455,39
594,15,3385,45
595,15,138909,44
596,15,5695,40
597,15,1457,45
598,15,6691,40
599,15,8248,44
600,15,1268,44
601,15,14438,44
602,15,15421,45
603,15,3428,40
604,15,5184,40
605,15,780,45
606,15,2696,40
607,15,29583,45
608,15,1990,40
609,15,1441,45
610,15,5728,40
611,15,15925,40
612,15,623,45
613,15,1006,45
614,15,578,45
615,15,983,40
616,15,2732,40
617,15,2998,40
618,15,588,45
619,15,2359,40
620,15,279,45
621,15,6657,40
622,15,3432,50
623,15,1098,40
624,15,237,45
625,15,142,45
626,15,296,40
627,15,309,40
628,15,106,45
629,15,123,45
630,15,118,45
631,15,131,45
632,15,325,45
633,15,383,40
634,15,113,45
635,15,651,40
636,15,44,50
637,15,0,40
638,15,0,45
639,15,0,40
640,15,0,45
1,16,80128,46
2,16,61330,40
3,16,6961,63
4,16,235468,97
5,16,13878,42
6,16,95372,83
7,16,25416,48
8,16,8803,42
9,16,19065,48
10,16,16410,42
11,16,7059,43
12,16,36005,44
13,16,5009,52
14,16,46085,41
15,16,29034,50
16,16,330541,47
17,16,70153,69
18,16,12184,45
19,16,46963,57
20,16,12108,54
21,16,2248465,61
22,16,775566,62
23,16,312808,51
24,16,56,45
25,16,101,45
26,16,29807,52
27,16,214,45
28,16,269714,40
29,16,1373,49
30,16,1158461,55
31,16,45,45
32,16,26811,57
33,16,733180,76
34,16,1436,50
35,16,135058,58
36,16,19355,44
37,16,1463,54
38,16,582774,49
39,16,160323,47
40,16,460676,75
41,16,18815,45
42,16,34742,56
43,16,84833,62
44,16,291466,50
45,16,76267,49
46,16,1214,45
47,16,9453,54
48,16,60,55
49,16,280135,45
50,16,209234,45
51,16,66216,45
52,16,49116,47
67,16,1079009,44
76,16,665441,46
77,16,70686,50
78,16,1279628,66
79,16,2958,51
80,16,361983,44
81,16,133786,55
82,16,775,53
83,16,180740,45
84,16,12454,50
85,16,3780,53
86,16,5600,49
87,16,180512,39
88,16,11203,53
89,16,4363,43
90,16,3517,43
91,16,460959,46
92,16,720,40
93,16,67673,44
94,16,106403,39
95,16,1147,54
96,16,262899,55
97,16,6445,44
98,16,77983,49
99,16,53099,39
100,16,8156,42
101,16,11669,44
102,16,1571,44
103,16,11438,40
104,16,42346,52
105,16,64920,52
106,16,42572,49
107,16,23390,53
108,16,5619,54
109,16,111094,67
110,16,148723,44
111,16,34754,52
112,16,210864,54
113,16,32753,44
114,16,9817,44
115,16,324802,44
116,16,194,45
117,16,433,45
118,16,16078,58
119,16,304744,57
120,16,1272,65
121,16,549043,56
122,16,895897,57
123,16,359034,58
124,16,8035,52
125,16,181609,50
126,16,4626,55
127,16,1922336,61
128,16,134423,54
129,16,21373,48
130,16,196031,49
131,16,50293,73
132,16,16153,54
133,16,194123,48
134,16,147790,86
135,16,374019,57
136,16,11656,65
137,16,53251,79
138,16,1609882,75
139,16,3455,45
140,16,69921,53
141,16,335547,78
142,16,3162777,62
143,16,1727044,63
144,16,2122249,61
145,16,415176,44
146,16,745420,46
147,16,8695,43
148,16,168895,44
149,16,281618,64
150,16,65261,45
151,16,87342,39
152,16,3868,54
153,16,47019,58
154,16,559881,69
155,16,3702,54
156,16,27752,44
157,16,2494,48
158,16,3321,43
159,16,6408,52
160,16,4777,59
161,16,407,45
162,16,98771,45
163,16,26212,44
164,16,61367,68
165,16,34438,49
166,16,44060,69
167,16,214,55
168,16,423840,50
169,16,207910,50
170,16,374809,49
171,16,460094,45
172,16,6857,49
173,16,139045,54
174,16,15134,58
175,16,25325,49
176,16,6250,48
177,16,214410,79
178,16,34418,42
179,16,41317,48
180,16,425849,74
181,16,88060,40
182,16,172,55
183,16,430,45
184,16,39047,45
185,16,260898,43
186,16,31137,53
187,16,113419,63
188,16,354921,51
189,16,296605,77
190,16,45077,45
191,16,113870,48
192,16,4466,54
193,16,7174,48
194,16,7821,43
195,16,1924,45
196,16,1572601,67
197,16,11646,44
198,16,13227,43
199,16,222382,49
200,16,1156340,49
201,16,26556,54
202,16,10533,52
203,16,117509,43
204,16,394939,40
205,16,2284468,107
206,16,1632,49
207,16,144077,52
208,16,817564,38
209,16,51842,53
210,16,279014,64
211,16,9914,57
212,16,706135,67
213,16,186047,70
214,16,11146,44
215,16,242916,65
216,16,84353,48
217,16,173054,49
218,16,1696,49
219,16,48367,43
220,16,23216,43
221,16,6968,49
222,16,244261,51
223,16,17620,43
224,16,209286,49
225,16,58058,53
226,16,3524,59
227,16,12998,58
228,16,184808,87
229,16,1594808,66
230,16,351254,119
231,16,687901,60
232,16,61101,54
233,16,6414019,131
234,16,234298,70
235,16,128185,48
236,16,5194,51
237,16,3572163,81
238,16,34181,47
239,16,15421,50
240,16,2383949,80
241,16,13607,42
242,16,9006,43
243,16,98111,51
244,16,7122,50
245,16,1020511,38
246,16,64467,39
247,16,2276,44
248,16,10584,40
249,16,645290,55
250,16,360322,73
251,16,138391,118
252,16,249302,53
253,16,30314,53
254,16,204025,86
255,16,131673,106
256,16,3498902,68
257,16,822898,60
258,16,33415,48
259,16,245481,55
260,16,15683,45
261,16,2551196,76
262,16,2076408,60
263,16,673130,87
264,16,59527,53
265,16,515766,81
266,16,106996,55
267,16,81121,56
268,16,191987,67
269,16,144351,84
270,16,725219,51
271,16,28187,44
272,16,614989,74
273,16,443878,54
274,16,171052,49
275,16,1206461,51
276,16,88068,68
277,16,1449621,116
278,16,50333,76
279,16,71270,50
280,16,35899,47
281,16,100516,94
282,16,25149,57
283,16,39087,44
284,16,67669,48
285,16,25325,54
286,16,11642,49
287,16,51807,60
288,16,320745,51
289,16,504059,72
290,16,436568,39
291,16,6777,53
292,16,18222,49
293,16,9264,44
294,16,36544,45
295,16,27879,44
296,16,413904,75
297,16,3940,48
298,16,6499,53
299,16,16245,44
300,16,11677,52
301,16,899,45
302,16,701300,40
303,16,5476,43
304,16,38658,48
305,16,16384,43
306,16,32877,45
307,16,1400026,68
308,16,21191,52
309,16,55085,45
310,16,39296,58
311,16,12225,42
312,16,3575,45
313,16,51935,40
314,16,145919,45
315,16,513683,59
316,16,40,50
317,16,30503,44
318,16,5514,49
319,16,13867,44
320,16,1523,49
321,16,1129,44
322,16,843,54
323,16,2894,51
324,16,3702,44
325,16,18602,53
326,16,103809,43
327,16,4275,43
328,16,991,47
329,16,39269,49
330,16,27,50
331,16,343050,39
332,16,9587,58
333,16,58493,44
334,16,309141,46
335,16,44932,45
336,16,22452,59
337,16,660362,77
338,16,4846,44
339,16,10057,58
340,16,46223,47
341,16,166370,63
342,16,43071,48
343,16,57242,44
344,16,1244,45
345,16,132528,68
346,16,5036,47
347,16,1677,45
348,16,247631,45
349,16,15542,45
350,16,4438,52
351,16,18154,45
354,16,242947,45
376,16,1847567,41
377,16,24080,42
378,16,2582,47
379,16,10980,43
380,16,31659,54
381,16,9939,48
382,16,9433,43
383,16,5340,54
384,16,4241,43
385,16,574,50
386,16,3902,47
387,16,10418,43
388,16,63894,45
389,16,176089,42
390,16,5603,43
391,16,2256,52
392,16,271,55
393,16,9505,50
394,16,1023,45
395,16,21643,49
396,16,4133,43
397,16,2609,45
398,16,20574,40
399,16,334206,58
400,16,3914,43
401,16,36,45
402,16,1182,45
403,16,2410,52
404,16,22707,54
405,16,6992,44
406,16,73751,44
407,16,11850,44
408,16,203788,50
409,16,30230,50
410,16,85631,39
411,16,821067,54
412,16,9703,51
413,16,3518849,79
414,16,25646,49
415,16,8099,44
416,16,28622,58
417,16,10903,44
418,16,349888,47
419,16,1708757,60
420,16,653894,65
421,16,509655,51
422,16,391533,57
423,16,211350,60
424,16,24650,43
425,16,380999,40
426,16,46001,49
427,16,1367,50
428,16,6472,49
429,16,541428,45
430,16,732540,76
431,16,93894,50
432,16,132850,42
433,16,566,45
434,16,10914,48
435,16,129267,57
436,16,76114,53
437,16,195918,48
438,16,6782,55
439,16,40894,45
440,16,11027,45
441,16,1817,64
442,16,7883,45
443,16,165286,39
444,16,68642,40
445,16,31992,56
446,16,1781,45
448,16,118672,40
449,16,8653,52
450,16,2596104,57
451,16,7933,43
452,16,15661,44
453,16,31512,48
454,16,28316,40
455,16,70197,71
456,16,6148,44
457,16,5871,44
458,16,11418,48
459,16,5252,48
460,16,7981,48
461,16,28405,57
463,16,27236,47
464,16,5557,54
465,16,11718,43
466,16,83208,43
467,16,11693,44
468,16,691728,58
469,16,7336,45
470,16,58637,43
471,16,5357,48
472,16,133061,50
473,16,31058,46
474,16,21178,45
475,16,296792,50
477,16,149994,45
478,16,14512,48
479,16,9014,49
480,16,15529,45
481,16,272873,40
482,16,573683,54
483,16,48034,44
484,16,944114,55
485,16,251754,89
488,16,35483,45
489,16,62334,47
490,16,11078,44
491,16,1862596,45
492,16,41164,64
493,16,7578,43
495,16,4613,55
496,16,17429,44
497,16,1522,50
498,16,4256,44
499,16,4723,49
501,16,7295,49
502,16,7264,44
503,16,9338,45
504,16,2797,44
505,16,5319,44
506,16,6276,53
507,16,8708,45
508,16,1470,48
509,16,42313,40
510,16,205679,44
511,16,792,50
512,16,1642,48
513,16,30813,44
514,16,26478,40
515,16,24156,39
516,16,11854,54
517,16,10291,55
518,16,238694,50
519,16,14120,54
521,16,13212,40
522,16,4168,45
523,16,4421,50
524,16,5160,59
525,16,304583,59
526,16,3758,45
527,16,231052,47
528,16,3935,48
529,16,864864,115
530,16,29477,48
531,16,691,50
532,16,45693,40
533,16,93591,45
534,16,23307,40
539,16,969,45
540,16,7973,39
541,16,1808,45
542,16,104187,45
543,16,3095,45
544,16,19367,40
545,16,1590,45
546,16,40626,40
547,16,6923,45
548,16,24184,45
549,16,16743,40
550,16,160451,45
551,16,4718,45
552,16,3215,45
553,16,1230,45
554,16,21463,40
555,16,158236,55
556,16,74457,45
557,16,1468,50
558,16,179990,54
559,16,1368378,50
561,16,17493,40
562,16,7461,39
563,16,37930,40
564,16,1140,60
565,16,7740,39
566,16,279,45
567,16,2067,44
568,16,114520,45
569,16,21571,40
570,16,916,40
571,16,5253,40
572,16,11598,40
573,16,6264,40
574,16,60920,40
575,16,1364,49
576,16,1230,45
577,16,118384,45
578,16,161925,61
579,16,2826642,124
580,16,4632,45
581,16,24851,45
582,16,3252,57
583,16,693947,56
585,16,1821,45
586,16,156571,64
587,16,8748,60
589,16,14240,44
590,16,432835,47
591,16,11103,60
592,16,9868,50
593,16,172987,39
594,16,2955,45
596,16,5768,40
599,16,8205,44
600,16,1383,44
601,16,13885,44
602,16,15770,45
603,16,3593,40
604,16,5363,40
605,16,797,45
606,16,2858,40
607,16,29406,45
608,16,2206,40
609,16,1347,45
610,16,6195,40
611,16,15929,40
613,16,1048,45
614,16,661,45
615,16,1080,40
616,16,2980,40
617,16,3341,40
618,16,550,45
619,16,3162,40
620,16,302,45
621,16,8071,40
622,16,3877,50
623,16,1331,40
624,16,308,45
625,16,191,45
626,16,460,40
627,16,439,40
628,16,149,45
629,16,177,45
630,16,161,45
631,16,241,45
632,16,605,45
633,16,915,40
634,16,180,45
635,16,1121,40
636,16,188,50
637,16,2432,40
638,16,35,45
639,16,207,40
640,16,3358,45
641,16,2374,45
642,16,0,40
643,16,0,40
644,16,0,40
645,16,0,40
646,16,0,45
647,16,0,45
1,17,78426,46
2,17,60494,40
3,17,6943,63
4,17,181271,96
5,17,13724,42
6,17,154047,83
7,17,26011,48
8,17,8745,42
9,17,18968,48
10,17,16228,42
11,17,6958,43
12,17,33945,44
13,17,4950,52
14,17,46364,41
15,17,28093,50
16,17,423827,47
17,17,69459,69
18,17,12028,45
19,17,44897,57
20,17,12236,54
21,17,2109000,60
22,17,769163,62
23,17,419799,52
24,17,56,45
25,17,101,45
26,17,38719,52
27,17,212,45
28,17,264765,40
29,17,1364,49
30,17,1199292,55
31,17,45,45
32,17,26460,57
33,17,725410,76
34,17,1483,50
35,17,167720,58
36,17,18902,44
37,17,2077,54
38,17,684039,49
39,17,185969,47
40,17,916260,76
41,17,17373,45
42,17,34064,56
43,17,89344,62
44,17,367298,50
45,17,127864,49
46,17,1206,45
47,17,9370,54
48,17,60,55
49,17,267326,45
50,17,215399,45
51,17,69189,45
52,17,57893,47
53,17,13844,53
54,17,245039,40
55,17,24502,58
56,17,1208008,41
57,17,43,45
58,17,4717,44
59,17,259863,49
60,17,5423,53
61,17,14118,44
62,17,59857,43
63,17,400033,63
64,17,134604,63
65,17,644,45
66,17,106,55
67,17,1112055,44
68,17,525,40
69,17,1595544,46
70,17,773161,44
71,17,186232,45
72,17,9319,53
73,17,2353,48
74,17,29909,53
75,17,60588,45
119,17,299765,57
120,17,1269,65
121,17,564796,56
122,17,924512,57
123,17,433809,58
124,17,7948,52
125,17,169814,50
126,17,4606,55
127,17,2143852,62
128,17,121754,54
129,17,21323,47
130,17,188372,49
131,17,44674,73
132,17,14993,54
133,17,184466,48
134,17,154964,86
135,17,347825,57
136,17,11616,65
137,17,50857,79
138,17,1786330,76
139,17,3431,45
140,17,55181,53
141,17,323123,78
142,17,3126030,63
143,17,1648648,63
144,17,2481802,62
145,17,405551,44
146,17,780526,46
147,17,16988,43
148,17,154490,43
149,17,284444,64
150,17,67323,45
151,17,85662,39
152,17,3818,53
153,17,59422,58
154,17,543743,69
155,17,3678,54
156,17,27780,44
157,17,2502,48
158,17,3322,43
159,17,6499,52
160,17,4545,59
161,17,404,45
162,17,104159,45
163,17,24969,44
164,17,61082,68
165,17,33941,49
166,17,43903,69
167,17,213,55
168,17,410679,50
169,17,198949,49
170,17,367782,49
171,17,402016,45
172,17,6956,49
173,17,135411,54
174,17,14875,58
175,17,24841,49
176,17,6110,48
177,17,212752,79
178,17,34695,42
179,17,40905,48
180,17,394200,74
181,17,86907,40
182,17,171,55
183,17,427,45
184,17,31294,45
185,17,260342,43
186,17,29663,53
187,17,94843,63
188,17,340679,50
189,17,286733,77
190,17,43600,45
191,17,104645,48
192,17,4444,54
193,17,10107,48
194,17,7703,43
195,17,1893,45
196,17,1550348,66
197,17,11436,44
198,17,12432,43
199,17,218277,49
221,17,6986,49
222,17,244274,51
223,17,17501,43
224,17,234929,49
225,17,56863,53
226,17,3519,59
227,17,13045,58
228,17,182851,87
229,17,1716297,67
230,17,353817,119
231,17,725748,60
232,17,60745,54
233,17,6467029,131
234,17,316063,71
235,17,111556,48
236,17,5053,51
237,17,3765872,82
238,17,34310,47
239,17,15290,50
240,17,2429414,80
241,17,13142,42
242,17,8944,43
243,17,97103,51
244,17,6646,50
245,17,966079,38
246,17,62214,39
247,17,2261,44
248,17,10432,40
249,17,697100,55
250,17,314693,73
251,17,142630,118
252,17,247150,53
253,17,30209,53
254,17,203061,86
255,17,184321,106
256,17,2855180,68
257,17,850236,60
258,17,33366,47
259,17,276397,55
260,17,15594,45
261,17,2859313,77
262,17,2278893,61
263,17,755131,86
264,17,90746,53
265,17,573382,80
266,17,102953,55
267,17,79500,56
268,17,189795,67
283,17,38476,44
287,17,53229,60
290,17,460458,39
291,17,6113,53
292,17,17642,49
293,17,9062,44
294,17,35320,45
295,17,26843,44
296,17,345242,75
297,17,3868,48
298,17,5998,53
299,17,15588,44
300,17,11635,52
301,17,853,45
302,17,671232,40
303,17,5303,43
304,17,36978,48
305,17,15061,43
306,17,28563,45
307,17,1235919,67
308,17,20446,51
309,17,51151,45
310,17,36906,58
311,17,11762,42
312,17,3516,45
313,17,51489,40
314,17,154721,45
315,17,580933,59
316,17,40,50
317,17,29825,44
318,17,7310,49
319,17,12183,44
320,17,1513,49
321,17,1101,44
322,17,832,54
323,17,2893,51
324,17,3571,44
325,17,18846,53
326,17,108139,43
327,17,4358,43
328,17,1169,47
329,17,38764,49
330,17,27,50
331,17,314699,39
332,17,9542,58
333,17,56667,44
334,17,261858,45
335,17,43299,45
336,17,20015,59
337,17,690557,77
338,17,4849,44
339,17,9913,58
341,17,161325,63
342,17,42151,48
343,17,58625,44
344,17,1232,45
345,17,95703,68
346,17,5072,47
347,17,1572,45
348,17,241631,45
349,17,14895,45
350,17,4378,52
351,17,17869,45
386,17,5133,47
406,17,71052,44
407,17,11841,44
408,17,201881,50
409,17,28650,49
410,17,84135,39
411,17,753488,54
412,17,9615,51
413,17,3504865,79
414,17,26265,49
415,17,7947,44
416,17,26875,58
417,17,15903,44
418,17,351005,47
419,17,1592961,60
420,17,642431,65
421,17,494475,51
422,17,381639,57
423,17,188578,60
424,17,26069,43
425,17,342147,40
426,17,47776,49
427,17,1363,50
428,17,6767,49
429,17,603630,45
430,17,448381,75
431,17,107734,50
432,17,126617,42
433,17,555,45
434,17,10804,48
435,17,129733,57
436,17,75559,53
437,17,204626,48
438,17,6933,55
439,17,48673,45
440,17,10803,45
441,17,1782,64
442,17,7732,45
443,17,162479,39
444,17,67720,40
445,17,32042,56
446,17,1745,45
447,17,11177,59
448,17,117478,40
449,17,8244,52
452,17,15567,44
453,17,30892,48
456,17,5959,44
457,17,6594,44
460,17,7844,48
461,17,27793,56
462,17,5902,59
463,17,27251,47
464,17,5073,54
465,17,11517,43
466,17,65475,43
470,17,113190,43
471,17,5421,48
474,17,21504,45
475,17,340737,51
476,17,3851,45
477,17,184102,46
478,17,13694,48
481,17,270012,40
482,17,510719,53
484,17,889414,56
488,17,33875,45
489,17,61988,47
490,17,11141,44
491,17,1730384,45
492,17,39251,64
493,17,7623,43
496,17,17786,44
497,17,1548,50
500,17,4376,50
501,17,7298,49
502,17,7277,44
503,17,8890,45
504,17,2791,44
506,17,6248,53
507,17,8086,45
508,17,1472,48
513,17,30351,44
514,17,26205,40
515,17,24230,39
516,17,14292,54
517,17,9645,55
518,17,212004,51
519,17,14302,54
521,17,12969,40
522,17,4112,45
523,17,4377,50
525,17,237402,59
526,17,3727,45
527,17,194105,47
528,17,3812,48
529,17,881891,115
530,17,29142,48
531,17,690,50
532,17,45160,40
535,17,26142,45
536,17,3313,40
537,17,2677,45
538,17,423,45
539,17,965,45
540,17,8108,39
541,17,1808,45
542,17,101800,45
543,17,3108,45
544,17,19324,40
545,17,1581,45
546,17,40658,39
547,17,6711,45
548,17,23712,45
549,17,16469,40
550,17,157576,45
551,17,4635,45
552,17,3196,45
553,17,1219,45
554,17,21376,40
558,17,270695,55
559,17,1459440,50
560,17,16175,40
561,17,17343,40
562,17,7688,39
563,17,38595,40
564,17,1140,60
566,17,278,45
567,17,1963,44
568,17,110183,45
570,17,910,40
571,17,5255,40
572,17,11452,40
576,17,1223,45
577,17,157330,45
580,17,5552,44
581,17,20509,45
582,17,3242,57
583,17,668279,56
584,17,112374,50
586,17,155418,63
589,17,13420,44
590,17,467111,47
591,17,13520,60
592,17,9690,50
593,17,169515,39
595,17,200838,44
596,17,5788,40
599,17,8143,44
600,17,1372,44
601,17,13330,44
602,17,15785,45
603,17,3682,40
604,17,5437,40
605,17,804,45
606,17,2851,40
607,17,28588,45
608,17,2238,40
609,17,1508,45
610,17,6397,40
611,17,15668,40
612,17,520,45
613,17,1058,45
615,17,1122,40
616,17,3149,40
617,17,3392,40
620,17,320,45
621,17,8535,40
622,17,4170,50
623,17,1485,40
624,17,369,45
625,17,215,45
626,17,548,40
627,17,507,40
629,17,187,45
630,17,180,45
631,17,316,45
634,17,206,45
635,17,1315,40
637,17,1865,40
638,17,67,45
641,17,3332,45
643,17,230,40
644,17,254,40
648,17,0,45
649,17,0,45
650,17,0,40
651,17,0,40
652,17,0,45
653,17,0,40
654,17,0,45
655,17,0,45
656,17,0,40
1,18,77133,46
2,18,58742,40
3,18,6924,63
4,18,157042,96
5,18,13741,42
6,18,725261,84
7,18,27999,48
8,18,8750,42
9,18,18870,48
10,18,16112,42
11,18,6868,43
12,18,34218,44
13,18,5259,52
14,18,46121,41
15,18,30048,50
16,18,587479,48
17,18,70119,69
18,18,11892,45
19,18,44907,57
20,18,26427,54
21,18,2470636,60
22,18,954926,62
23,18,542935,52
24,18,56,45
25,18,101,45
26,18,156550,52
27,18,212,45
33,18,767993,76
67,18,1172323,45
119,18,298239,57
120,18,1268,65
121,18,589360,56
122,18,962877,57
123,18,425175,58
124,18,8369,52
125,18,174993,50
126,18,4590,55
127,18,2170043,62
129,18,21796,47
130,18,194729,49
131,18,50783,73
132,18,13856,54
133,18,176704,47
134,18,136691,86
135,18,333767,57
136,18,11590,65
137,18,54882,79
138,18,2164307,77
139,18,3411,45
140,18,39089,53
141,18,318661,78
142,18,3278831,63
143,18,1611262,62
182,18,171,55
183,18,426,45
184,18,27930,45
185,18,270141,43
186,18,29781,52
187,18,88367,63
188,18,341879,50
189,18,280619,77
190,18,48498,45
191,18,99837,48
192,18,4410,54
193,18,16413,48
194,18,8146,43
195,18,1864,45
196,18,1622271,66
197,18,10527,44
198,18,11831,43
199,18,235410,49
221,18,7088,49
222,18,257165,51
223,18,17159,43
224,18,256469,49
225,18,60239,53
226,18,3506,59
227,18,14350,58
228,18,233342,87
229,18,1453326,67
230,18,341882,119
231,18,719034,60
232,18,58264,54
233,18,6483921,131
234,18,324197,71
235,18,109424,48
236,18,5035,51
237,18,3906248,82
238,18,34536,47
239,18,16095,50
240,18,2564980,80
241,18,12907,42
242,18,9465,43
243,18,105591,51
244,18,6395,50
245,18,964128,38
246,18,61458,39
247,18,2251,44
248,18,10325,40
249,18,606497,55
250,18,411470,73
251,18,345039,118
252,18,271096,53
253,18,30118,53
254,18,243189,86
255,18,216514,106
256,18,3177774,68
257,18,933488,60
258,18,36340,47
259,18,312608,55
260,18,15586,45
261,18,2522125,76
262,18,2314365,61
263,18,908161,86
264,18,85223,53
265,18,1090002,81
266,18,118816,55
267,18,82196,56
268,18,188347,67
287,18,40616,60
291,18,9722,53
292,18,18070,49
293,18,9146,44
294,18,39656,45
295,18,53026,44
296,18,397150,74
297,18,3880,48
298,18,6247,53
299,18,16603,44
300,18,18025,52
301,18,949,45
302,18,674662,39
303,18,5249,43
304,18,37202,48
305,18,16040,43
306,18,28863,45
307,18,1134439,67
308,18,20374,51
309,18,48454,45
310,18,103766,58
311,18,10790,42
312,18,3479,45
352,18,1584,45
353,18,672889,54
355,18,1630,50
356,18,324,60
357,18,495475,121
358,18,14730,49
359,18,1376561,103
360,18,21296,47
361,18,541317,45
362,18,121475,64
363,18,93518,63
364,18,165739,44
365,18,351220,50
366,18,108364,44
367,18,114076,45
368,18,6775,43
369,18,28048,59
370,18,1005945,52
371,18,102790,42
372,18,9226,59
373,18,74383,45
374,18,5656,43
375,18,23312,57
426,18,52450,49
427,18,1357,50
428,18,7297,49
429,18,638105,45
430,18,578053,75
431,18,171303,50
432,18,145884,42
433,18,568,45
434,18,11143,48
435,18,132641,57
436,18,81420,53
437,18,211464,48
438,18,8034,55
439,18,54283,45
440,18,10616,45
441,18,1771,64
442,18,7568,45
443,18,167768,39
444,18,67222,40
445,18,33057,56
446,18,1750,45
452,18,15966,44
453,18,31049,48
461,18,28093,56
463,18,25918,47
465,18,10894,43
466,18,59147,43
470,18,84757,43
475,18,380880,51
478,18,13178,48
486,18,17589,43
487,18,5249,57
490,18,11535,44
494,18,20044,49
501,18,7538,49
506,18,6209,53
507,18,7668,45
508,18,1469,48
513,18,30017,44
514,18,30266,40
520,18,262999,45
523,18,4347,50
527,18,205993,47
529,18,764767,115
530,18,33104,47
531,18,688,50
532,18,45379,40
539,18,961,45
547,18,6778,45
548,18,23708,45
549,18,16289,40
550,18,202482,45
551,18,4721,45
552,18,6649,45
553,18,1205,45
558,18,380512,55
559,18,1802585,51
562,18,10533,39
563,18,41337,40
566,18,276,45
572,18,11612,40
576,18,1281,45
577,18,369524,46
583,18,557959,56
588,18,31479,49
590,18,589852,47
592,18,9753,50
593,18,176626,39
597,18,1535,45
598,18,7115,40
599,18,9037,44
600,18,1579,44
601,18,13384,44
603,18,3752,40
604,18,5514,40
605,18,811,45
606,18,5131,40
608,18,2611,40
609,18,1349,45
611,18,19204,40
615,18,1256,40
620,18,364,45
621,18,17906,40
624,18,465,45
625,18,260,45
626,18,659,40
627,18,632,40
629,18,205,45
631,18,326,45
635,18,2567,40
651,18,142,40
656,18,550,40
657,18,0,40
658,18,0,45
659,18,0,40
660,18,0,40
661,18,0,45
1,19,76933,45
2,19,56707,40
3,19,6898,63
4,19,155740,96
5,19,14574,42
6,19,742530,85
7,19,29691,48
8,19,8480,42
9,19,18777,48
10,19,15535,42
11,19,6767,43
12,19,32112,44
13,19,5120,52
14,19,45080,41
15,19,28993,50
16,19,772723,48
17,19,71094,69
18,19,11716,45
19,19,43345,57
20,19,31837,54
21,19,2415693,61
22,19,1114715,63
23,19,646147,53
24,19,56,45
25,19,100,45
26,19,1106310,54
27,19,209,45
28,19,259135,40
29,19,1349,49
30,19,1169894,55
31,19,42,45
32,19,25951,57
33,19,736029,76
34,19,1340,50
35,19,174175,59
36,19,18052,44
37,19,2524,54
38,19,703948,50
39,19,196168,47
40,19,1695693,79
41,19,14817,45
42,19,31067,56
43,19,87699,62
44,19,374904,50
45,19,139394,49
46,19,1186,45
47,19,9251,54
48,19,60,55
49,19,231277,45
50,19,197326,45
51,19,188268,46
52,19,48037,47
53,19,14258,53
54,19,250456,40
55,19,23136,58
56,19,1166018,41
57,19,42,45
58,19,5152,44
59,19,207602,49
60,19,5558,53
61,19,14303,44
62,19,50727,42
63,19,552022,64
64,19,139746,62
65,19,635,45
66,19,103,55
67,19,1184974,45
68,19,516,40
69,19,1536739,46
70,19,585640,44
71,19,231665,45
72,19,13233,53
73,19,2507,48
74,19,29170,53
75,19,64512,45
76,19,643403,46
77,19,60181,50
78,19,1091551,66
79,19,2791,51
80,19,320637,44
81,19,123680,55
82,19,765,53
83,19,131645,45
84,19,10381,50
85,19,3702,53
86,19,4938,49
87,19,159549,39
88,19,13071,53
89,19,4659,43
90,19,3667,43
91,19,322728,45
92,19,690,40
93,19,63236,44
94,19,205966,39
95,19,1121,54
96,19,165519,54
97,19,6163,44
119,19,295901,57
120,19,1265,65
121,19,599126,56
122,19,946482,57
123,19,420563,58
124,19,8202,52
125,19,176851,50
126,19,4569,55
127,19,2107364,62
128,19,108633,54
129,19,21807,47
130,19,201258,49
131,19,39777,73
132,19,11522,54
133,19,154324,47
134,19,125887,86
135,19,321406,56
136,19,11542,65
137,19,58075,79
138,19,2230999,77
139,19,3394,45
140,19,31178,53
141,19,288976,78
142,19,3337655,63
143,19,1545945,62
144,19,2143376,61
145,19,373894,44
146,19,674257,46
147,19,16413,43
148,19,132188,43
149,19,208351,64
150,19,63247,45
151,19,83378,39
152,19,3822,53
153,19,89535,58
154,19,501597,68
155,19,3687,54
156,19,28578,44
157,19,2563,47
158,19,3354,43
159,19,7077,52
160,19,4313,59
161,19,472,45
162,19,85571,45
200,19,1075203,48
201,19,18536,54
202,19,10445,52
203,19,98978,43
204,19,380395,40
205,19,1374396,105
206,19,1598,49
207,19,140281,52
208,19,802598,38
209,19,47326,53
210,19,318087,64
211,19,9246,57
212,19,718335,68
213,19,168383,69
214,19,9848,44
215,19,200831,65
216,19,83551,48
217,19,148305,49
218,19,1667,49
219,19,49255,43
220,19,22793,43
249,19,512150,55
250,19,350584,73
251,19,480425,119
252,19,258670,53
253,19,30004,52
254,19,390059,86
255,19,227965,106
256,19,3656695,68
257,19,887605,60
258,19,34929,47
259,19,314007,55
260,19,15126,45
261,19,2628336,76
262,19,2414754,62
263,19,855438,87
264,19,108230,53
265,19,881944,81
266,19,107336,55
268,19,186491,67
269,19,143775,84
270,19,871447,51
271,19,25943,44
272,19,594035,74
273,19,491511,54
274,19,169258,50
275,19,1149293,50
276,19,86732,68
277,19,1425591,116
278,19,50003,76
279,19,115600,50
280,19,35644,47
281,19,111643,94
282,19,19483,57
283,19,37967,44
284,19,60107,48
285,19,25473,54
286,19,12580,49
288,19,307494,51
289,19,462414,72
290,19,453950,39
291,19,6671,53
292,19,17657,49
293,19,8975,44
294,19,34560,45
295,19,42106,44
296,19,339929,74
297,19,3865,48
298,19,6202,53
299,19,15771,44
300,19,13163,52
301,19,956,45
302,19,594680,39
303,19,5005,43
304,19,36485,47
305,19,15255,43
306,19,20754,45
307,19,1094112,66
308,19,20187,51
309,19,45453,45
310,19,56353,58
311,19,9551,42
312,19,3425,45
313,19,51795,40
314,19,148714,45
315,19,571555,59
316,19,40,50
317,19,25389,44
318,19,6260,49
319,19,10373,44
320,19,1492,49
321,19,1136,44
322,19,822,54
323,19,2886,51
324,19,3573,44
325,19,18638,53
326,19,103762,43
327,19,4350,43
328,19,1227,47
329,19,48870,49
330,19,26,50
331,19,271959,39
332,19,9663,58
333,19,53782,44
334,19,203448,45
335,19,42137,45
336,19,18154,59
337,19,682971,77
338,19,4887,44
339,19,9662,58
340,19,41942,47
341,19,163808,63
342,19,41883,48
343,19,56963,44
344,19,1204,45
345,19,73827,68
346,19,5238,47
347,19,1658,45
348,19,230095,45
349,19,13732,45
350,19,4422,52
351,19,17554,45
352,19,1574,45
353,19,703854,54
355,19,1625,50
356,19,324,60
357,19,811726,121
358,19,14647,49
359,19,2422891,104
360,19,21275,47
361,19,591967,46
362,19,131955,64
363,19,101581,62
364,19,244843,45
365,19,322034,50
366,19,118920,44
367,19,139189,45
368,19,6632,43
369,19,28638,59
370,19,1350885,52
371,19,99598,42
372,19,9277,59
373,19,71771,45
374,19,5664,43
375,19,25489,57
386,19,5345,47
406,19,67797,44
407,19,12078,44
408,19,249058,50
409,19,26852,49
410,19,81638,39
411,19,645861,53
412,19,9576,51
413,19,2698715,78
414,19,38653,49
415,19,7868,44
416,19,33206,58
417,19,38756,44
418,19,347266,47
419,19,1396670,59
420,19,838534,65
421,19,483003,51
422,19,371688,57
423,19,177286,60
424,19,32821,43
425,19,334237,40
447,19,14898,59
448,19,134780,40
449,19,7707,52
453,19,30422,48
455,19,133560,71
456,19,6342,44
457,19,6055,44
458,19,9451,48
459,19,5086,47
460,19,7774,48
462,19,5929,59
464,19,4570,54
465,19,10434,43
466,19,52539,43
471,19,4847,48
473,19,29816,46
474,19,20836,45
476,19,4025,45
477,19,143221,46
478,19,11616,48
479,19,7653,49
483,19,44020,44
485,19,211444,89
486,19,17179,43
487,19,5254,57
488,19,32777,45
489,19,62545,47
491,19,1429826,44
492,19,37452,63
493,19,7697,43
494,19,19707,49
496,19,23757,44
497,19,1614,50
498,19,4263,44
499,19,5090,49
500,19,4312,50
501,19,7604,49
505,19,6382,44
507,19,7392,45
508,19,1464,48
509,19,42860,40
510,19,304281,45
511,19,786,50
512,19,1734,48
513,19,29604,44
514,19,26069,40
515,19,25252,39
516,19,11573,54
517,19,8720,54
518,19,650009,52
519,19,17231,54
520,19,229130,45
521,19,12616,40
522,19,4003,45
524,19,4736,59
525,19,163091,58
526,19,4381,45
527,19,196375,47
528,19,3584,48
529,19,728283,115
530,19,30954,47
531,19,686,50
532,19,42624,40
535,19,25375,45
536,19,3238,40
537,19,2682,45
538,19,413,45
539,19,957,45
540,19,8545,39
541,19,2005,44
542,19,113682,45
543,19,3209,45
546,19,43532,39
554,19,21278,40
555,19,163067,55
556,19,71468,45
558,19,450825,56
559,19,1845626,52
560,19,16110,40
561,19,17978,40
566,19,274,45
567,19,1976,44
568,19,154746,45
569,19,21373,40
572,19,10726,40
573,19,6822,40
579,19,3143512,125
580,19,4785,44
581,19,13569,45
582,19,3386,57
584,19,115890,50
586,19,166032,63
587,19,5423,60
588,19,43071,49
589,19,12186,44
590,19,461183,48
592,19,9675,50
593,19,202324,39
594,19,2475,45
595,19,199155,45
596,19,6249,40
597,19,1528,45
598,19,7032,40
599,19,8446,44
603,19,3768,40
604,19,6498,39
605,19,808,45
606,19,3687,40
609,19,1497,45
610,19,7091,40
612,19,495,45
614,19,737,45
615,19,1268,40
617,19,4374,40
619,19,5202,40
628,19,204,45
629,19,212,45
632,19,1002,45
634,19,307,45
636,19,339,50
637,19,3729,40
638,19,130,45
639,19,243,40
640,19,44560,45
641,19,9890,45
643,19,686,40
644,19,1178,40
645,19,631,40
646,19,213,45
647,19,277,45
648,19,239,45
649,19,15780,45
650,19,788,40
651,19,214,40
652,19,133,45
653,19,470,40
654,19,171,45
655,19,4922,45
659,19,1674,40
662,19,0,45
663,19,0,50
664,19,0,45
665,19,0,40
33,20,726998,76
53,20,14233,53
54,20,239985,40
55,20,22762,57
56,20,1067299,41
57,20,42,45
58,20,5595,44
59,20,202433,49
60,20,5192,53
61,20,14263,44
62,20,50061,42
63,20,484550,64
64,20,110053,62
65,20,632,45
66,20,102,55
68,20,515,40
69,20,1576097,46
70,20,606431,44
71,20,181888,45
72,20,10670,53
73,20,2459,48
74,20,29093,53
75,20,69367,45
76,20,614787,46
77,20,55188,50
78,20,1003057,66
79,20,2782,51
80,20,313123,43
81,20,119580,55
82,20,762,53
83,20,115552,45
84,20,9698,50
85,20,3656,53
86,20,4807,49
87,20,157285,39
88,20,11238,53
89,20,4241,43
90,20,3647,43
91,20,314934,45
92,20,686,40
93,20,62447,44
94,20,150229,39
95,20,1120,54
96,20,125666,54
97,20,6004,44
98,20,77625,49
99,20,52308,39
100,20,8042,42
101,20,11968,44
102,20,1555,44
103,20,11729,40
104,20,51640,52
105,20,59590,52
106,20,43327,48
107,20,22241,53
108,20,5693,54
109,20,127840,67
110,20,151135,44
111,20,39894,52
112,20,211693,54
113,20,42483,44
114,20,9837,44
115,20,257059,43
116,20,191,45
117,20,426,45
118,20,15928,57
119,20,294203,57
120,20,1261,65
121,20,484595,56
122,20,964860,57
123,20,558063,59
124,20,8135,52
125,20,179894,50
126,20,4563,55
127,20,2131665,62
128,20,106580,54
129,20,22055,47
130,20,194217,49
131,20,40280,73
132,20,11075,54
133,20,161459,46
134,20,123597,86
135,20,318139,56
136,20,11524,65
137,20,54458,79
138,20,2064345,77
139,20,3382,45
140,20,46934,53
141,20,281048,78
142,20,3213978,64
143,20,1562533,62
144,20,2446187,61
145,20,372815,44
146,20,736184,46
147,20,23549,43
148,20,130277,43
149,20,233585,63
150,20,76478,45
151,20,83437,39
152,20,3936,53
153,20,127669,58
154,20,436758,68
155,20,4570,54
156,20,52395,44
157,20,2595,47
158,20,3377,43
159,20,7767,52
160,20,4892,59
161,20,588,45
162,20,122148,45
200,20,1067414,48
201,20,18123,54
202,20,10667,52
203,20,97480,43
204,20,375784,40
205,20,1360031,104
206,20,1594,49
207,20,138809,52
208,20,811380,38
209,20,48329,53
210,20,313936,64
211,20,9327,57
212,20,856239,68
213,20,228539,69
214,20,9947,44
215,20,192361,65
216,20,83252,48
217,20,143063,49
218,20,1665,49
219,20,49033,43
220,20,22736,43
221,20,7438,49
222,20,213413,51
223,20,16531,43
224,20,230373,49
225,20,48922,53
226,20,3491,59
227,20,13728,58
228,20,211171,87
229,20,1304345,66
230,20,284302,118
231,20,682857,60
232,20,55931,54
233,20,5847988,130
234,20,181547,70
235,20,99597,48
236,20,5305,51
237,20,3818166,83
238,20,34972,47
239,20,17377,50
240,20,2551657,81
241,20,12553,42
242,20,9314,43
243,20,102224,51
244,20,6210,50
245,20,1112126,37
246,20,59937,39
247,20,2231,44
248,20,10183,40
249,20,492106,55
250,20,386810,73
251,20,376171,119
252,20,249199,53
253,20,29968,52
254,20,376880,86
255,20,247248,106
256,20,3613445,69
257,20,931588,60
258,20,35967,47
259,20,416493,55
260,20,15216,45
261,20,2480164,76
262,20,2403964,62
263,20,797906,87
264,20,101964,53
265,20,833000,81
266,20,91944,55
268,20,185900,67
269,20,158693,84
270,20,1021910,51
271,20,25589,44
272,20,591730,74
273,20,468259,54
274,20,158914,50
275,20,1136005,50
276,20,86610,68
277,20,1277507,116
278,20,49587,76
279,20,101292,50
280,20,35522,47
281,20,77686,94
282,20,19743,57
284,20,49577,48
285,20,25635,54
286,20,12488,49
288,20,302473,51
289,20,453300,72
290,20,456826,39
313,20,51281,40
314,20,138278,45
315,20,578555,59
316,20,40,50
317,20,25051,44
318,20,6689,49
319,20,10099,44
320,20,1486,49
321,20,1158,44
322,20,821,54
323,20,2965,51
324,20,3507,44
325,20,18641,53
326,20,104700,43
327,20,4338,43
328,20,1316,47
329,20,44150,49
330,20,26,50
331,20,273463,39
332,20,9732,58
333,20,56619,44
334,20,185496,45
335,20,42279,45
336,20,18057,59
338,20,4807,44
339,20,9893,58
340,20,41969,47
341,20,182218,63
342,20,44984,48
343,20,67622,44
344,20,1200,45
345,20,78897,68
346,20,4728,47
347,20,1646,45
348,20,229901,45
349,20,13734,45
350,20,4385,52
351,20,17623,45
352,20,1570,45
353,20,793807,54
354,20,211858,44
355,20,1627,50
356,20,323,60
357,20,710492,121
358,20,14611,49
359,20,2136604,105
360,20,21334,47
361,20,672968,46
362,20,403626,65
363,20,98319,62
364,20,190566,45
365,20,334195,50
366,20,111244,44
367,20,185626,45
368,20,6411,43
369,20,28877,59
370,20,1430226,53
371,20,116964,42
372,20,9182,59
373,20,75161,45
374,20,5625,43
375,20,24884,57
376,20,1642808,41
377,20,22342,42
378,20,2604,47
379,20,10332,43
380,20,30713,54
381,20,10153,48
382,20,7980,43
383,20,5196,54
384,20,4041,43
385,20,559,50
386,20,7972,47
387,20,9617,43
388,20,59665,45
389,20,229940,42
390,20,5294,43
391,20,2337,52
392,20,267,55
393,20,9143,50
394,20,952,45
395,20,22340,49
396,20,3939,43
397,20,2464,45
398,20,19230,40
399,20,274680,58
400,20,4031,43
401,20,35,45
402,20,1120,45
403,20,2361,52
404,20,26198,54
405,20,6414,44
406,20,66924,44
407,20,11919,44
408,20,256730,50
409,20,26577,49
410,20,81527,39
411,20,627420,53
412,20,9696,51
413,20,3224676,77
414,20,39181,49
415,20,7891,44
416,20,30231,58
417,20,31944,44
418,20,332390,47
419,20,1431514,59
420,20,724020,65
421,20,422573,51
422,20,367498,57
423,20,165541,60
424,20,30976,43
425,20,315679,40
447,20,12978,59
448,20,120913,40
449,20,7790,52
450,20,3355371,60
451,20,7990,43
453,20,33383,48
454,20,26742,40
455,20,98658,71
456,20,6492,44
457,20,6101,44
458,20,9251,48
459,20,5119,47
460,20,7781,48
462,20,6113,59
464,20,4852,54
467,20,12609,43
468,20,611925,58
469,20,7028,45
471,20,4963,48
472,20,149647,50
473,20,29168,46
474,20,25595,45
476,20,3971,45
477,20,171693,46
479,20,7493,49
480,20,15572,45
483,20,43648,44
485,20,196501,89
486,20,16935,43
487,20,5298,57
488,20,37192,45
489,20,62274,47
491,20,1485525,44
493,20,7767,43
494,20,19553,49
495,20,4392,55
498,20,4287,44
499,20,4754,49
500,20,4295,50
501,20,7622,49
505,20,6828,44
506,20,6152,53
507,20,7303,45
508,20,1469,48
509,20,42135,40
510,20,270595,45
511,20,785,50
512,20,1735,48
515,20,25732,39
516,20,13251,54
517,20,10950,54
518,20,646480,52
519,20,16354,54
520,20,226454,45
521,20,12552,40
522,20,3990,45
524,20,4690,59
525,20,169920,58
527,20,207335,47
528,20,3619,48
529,20,830277,115
533,20,94593,45
534,20,23017,40
535,20,25331,45
536,20,3226,40
537,20,2647,45
538,20,412,45
539,20,957,45
540,20,8560,39
541,20,1972,44
542,20,111915,45
543,20,3223,45
546,20,44320,39
553,20,1190,45
554,20,21232,40
555,20,174201,55
556,20,64393,45
557,20,1522,50
560,20,16000,40
561,20,17746,40
565,20,8117,39
566,20,273,45
567,20,1878,44
569,20,21142,40
573,20,6935,40
574,20,59328,40
575,20,1412,49
578,20,60614,59
579,20,2604537,125
580,20,4903,44
581,20,13885,45
582,20,3392,57
584,20,110647,50
585,20,1539,45
586,20,249726,63
587,20,7397,60
588,20,109913,49
589,20,11954,44
592,20,9607,50
593,20,191740,39
594,20,2416,45
595,20,182673,45
597,20,1526,45
598,20,6980,40
603,20,3810,40
604,20,7504,39
605,20,829,44
606,20,3385,40
612,20,476,45
614,20,726,45
615,20,1268,40
617,20,4157,40
618,20,458,44
619,20,4331,40
620,20,512,45
625,20,313,45
626,20,824,40
627,20,762,40
628,20,200,45
629,20,216,44
632,20,1023,45
633,20,1526,40
634,20,297,45
636,20,373,50
637,20,3117,40
639,20,349,40
640,20,35162,45
641,20,5080,45
642,20,2599,40
643,20,771,40
644,20,1106,40
645,20,708,40
646,20,236,45
647,20,140,45
648,20,365,45
649,20,15092,45
651,20,265,40
652,20,141,45
653,20,401,40
654,20,139,45
655,20,3151,45
656,20,328,40
659,20,1015,40
660,20,133,40
662,20,36,45
663,20,189,50
665,20,149,40
666,20,0,40
667,20,0,40
668,20,0,45
669,20,0,45
1,21,76454,45
2,21,56008,40
3,21,6877,63
4,21,141021,96
5,21,13238,42
6,21,371882,84
7,21,28871,48
8,21,8635,42
9,21,18676,48
10,21,15138,42
11,21,6713,42
12,21,31224,44
13,21,4763,52
14,21,46793,41
15,21,27145,50
16,21,758526,49
17,21,69652,69
18,21,11588,45
20,21,22575,54
21,21,1957205,60
22,21,1032399,63
23,21,531758,53
24,21,56,45
25,21,100,45
26,21,541459,54
27,21,207,45
28,21,243651,40
29,21,1342,49
30,21,1152290,55
31,21,42,45
32,21,26310,57
33,21,711920,76
34,21,1526,50
35,21,146722,58
36,21,17874,44
37,21,2354,54
38,21,519880,50
39,21,219396,47
40,21,1448060,78
41,21,14136,45
42,21,31042,56
43,21,85396,62
44,21,434974,50
45,21,162794,49
46,21,1184,45
47,21,9200,54
48,21,60,55
49,21,226182,45
50,21,187189,45
51,21,172217,46
52,21,44369,47
53,21,14860,53
54,21,230633,40
55,21,22498,57
56,21,1048017,41
57,21,42,45
58,21,6933,44
59,21,193747,49
60,21,5228,53
61,21,14140,44
62,21,55876,42
63,21,499453,65
64,21,99181,62
65,21,628,45
66,21,102,55
67,21,1100532,45
68,21,515,40
69,21,1588356,46
70,21,587309,44
71,21,212196,45
72,21,10194,53
73,21,2484,48
74,21,29183,53
75,21,69736,45
76,21,780795,46
77,21,59517,50
78,21,1266111,66
79,21,2773,51
80,21,301567,43
81,21,164481,55
82,21,774,53
83,21,98410,45
84,21,9082,50
85,21,3765,53
86,21,5334,49
87,21,149132,39
88,21,11348,53
89,21,6372,43
90,21,4383,43
91,21,377201,45
92,21,676,40
93,21,61515,44
94,21,133206,39
95,21,1116,54
96,21,107991,53
97,21,6076,44
98,21,79625,49
99,21,52076,39
100,21,8062,42
101,21,11775,44
102,21,1604,44
103,21,11699,40
104,21,47362,52
105,21,58644,52
106,21,44389,48
107,21,22231,53
108,21,5721,54
109,21,120989,67
110,21,156939,44
111,21,37691,52
112,21,202526,54
113,21,41593,44
114,21,9829,44
115,21,223946,43
116,21,190,45
117,21,423,45
118,21,16198,57
119,21,294434,57
120,21,1258,65
121,21,421908,56
122,21,906393,57
123,21,510519,59
124,21,8098,52
125,21,173676,50
126,21,4549,55
127,21,2024095,62
128,21,102435,54
129,21,22869,47
130,21,195690,49
131,21,38247,73
132,21,10208,54
133,21,145565,46
134,21,120640,86
135,21,310025,56
136,21,11486,65
137,21,52894,79
138,21,1836546,77
139,21,3374,45
140,21,37134,53
141,21,276167,78
142,21,2073555,63
143,21,1433205,62
144,21,1585400,62
145,21,351087,44
146,21,683195,46
147,21,17827,43
148,21,123235,43
149,21,175520,63
150,21,71110,45
151,21,82688,39
152,21,3830,53
153,21,92836,58
154,21,440790,68
155,21,5400,54
156,21,36531,44
157,21,2584,47
158,21,3394,43
159,21,10458,52
160,21,4465,59
161,21,613,45
162,21,113166,45
163,21,50155,43
164,21,60405,67
165,21,52456,49
166,21,43511,69
167,21,211,55
168,21,440160,50
169,21,446231,49
170,21,499596,49
171,21,344443,44
172,21,7735,49
173,21,177465,54
174,21,17715,58
175,21,23968,49
176,21,5921,48
177,21,475939,79
178,21,40344,42
179,21,57475,48
180,21,311564,74
181,21,81857,40
182,21,166,55
183,21,423,45
184,21,23839,44
185,21,259299,43
186,21,27585,52
187,21,79507,62
188,21,302619,50
189,21,273419,77
190,21,33326,45
191,21,92614,48
192,21,4359,54
193,21,13640,48
194,21,8267,43
195,21,1816,45
196,21,1391061,65
197,21,9413,44
198,21,10888,43
199,21,207969,49
221,21,7307,49
222,21,197277,51
223,21,16344,43
224,21,222742,49
225,21,45310,53
226,21,3483,59
227,21,13621,58
228,21,206699,87
229,21,1324707,66
230,21,262380,118
231,21,662706,60
232,21,56103,54
233,21,5447666,129
234,21,165741,70
235,21,95735,48
236,21,5131,51
237,21,3803813,83
238,21,35103,47
239,21,16546,50
240,21,2456213,81
241,21,12441,42
242,21,9657,43
243,21,100427,51
244,21,6186,50
245,21,1132526,37
246,21,59146,39
247,21,2225,44
248,21,10124,40
249,21,461353,55
250,21,343048,73
251,21,514409,119
252,21,242130,53
253,21,29947,52
254,21,337245,87
255,21,244239,107
256,21,3678449,69
257,21,930067,60
258,21,36275,47
259,21,470304,56
260,21,15070,45
261,21,2184710,75
262,21,2492839,62
263,21,684361,86
264,21,92907,53
265,21,806802,81
266,21,80057,55
267,21,73430,55
268,21,184369,67
269,21,160479,84
270,21,977481,52
271,21,25638,44
272,21,587859,74
273,21,477562,54
274,21,135226,50
275,21,1169415,50
276,21,86408,68
277,21,1262755,116
278,21,49510,76
279,21,82473,50
280,21,35433,47
281,21,65938,94
282,21,18418,57
283,21,37747,44
284,21,44985,48
285,21,41800,54
286,21,12267,49
287,21,32914,60
288,21,306175,51
289,21,448594,72
290,21,436196,39
313,21,49225,40
314,21,130542,45
315,21,435119,59
316,21,40,50
317,21,23842,44
318,21,5684,49
319,21,9702,44
320,21,1477,49
321,21,1143,44
322,21,820,54
323,21,2898,51
324,21,3472,44
325,21,18025,53
326,21,95063,43
327,21,4334,43
328,21,1195,47
329,21,40422,49
330,21,26,50
331,21,263029,39
332,21,9744,58
333,21,66708,44
334,21,173169,44
335,21,39789,45
336,21,16974,59
337,21,665093,77
338,21,4748,44
339,21,10133,58
341,21,255642,63
342,21,37670,48
343,21,87614,44
344,21,1192,45
345,21,71200,68
346,21,4631,47
347,21,1516,45
348,21,224940,45
349,21,13344,45
350,21,4323,52
351,21,15697,45
352,21,1567,45
353,21,766426,54
354,21,203464,44
355,21,1620,50
356,21,322,60
357,21,869622,122
358,21,14555,49
359,21,2473143,106
360,21,21709,47
361,21,678060,46
362,21,342095,65
363,21,96831,62
364,21,187186,45
365,21,308151,50
366,21,109319,44
367,21,197585,45
368,21,6211,43
369,21,27234,59
370,21,1544728,54
371,21,106789,42
372,21,9182,59
373,21,69902,45
374,21,5629,43
375,21,24329,57
376,21,1596567,41
377,21,20848,42
378,21,2588,47
379,21,10040,43
380,21,30556,54
381,21,9471,48
382,21,6649,43
383,21,5170,54
384,21,4041,43
385,21,559,50
386,21,8934,47
387,21,9468,43
388,21,58616,45
389,21,224215,42
390,21,5384,43
391,21,2351,52
392,21,264,55
393,21,9088,50
394,21,937,45
395,21,21762,49
396,21,3995,43
397,21,2431,45
398,21,18958,40
399,21,268460,58
400,21,4032,43
401,21,35,45
402,21,1113,45
403,21,2370,52
404,21,24563,54
405,21,6374,44
406,21,68839,44
407,21,11801,43
408,21,374502,50
409,21,26104,49
410,21,79927,39
411,21,587753,53
412,21,9530,51
413,21,3880687,78
414,21,106236,49
415,21,7956,44
416,21,32981,58
417,21,44042,44
418,21,680590,47
419,21,1638998,59
420,21,1907011,66
421,21,429480,51
422,21,416229,57
423,21,133769,60
424,21,48664,43
425,21,344445,40
426,21,45940,49
427,21,1339,50
428,21,7281,49
429,21,671676,45
430,21,393899,74
431,21,257819,51
432,21,141528,42
433,21,552,45
434,21,10155,48
435,21,120629,56
436,21,74645,53
437,21,187399,48
438,21,7006,55
439,21,57026,45
440,21,10285,45
441,21,1763,64
442,21,7342,45
443,21,171382,39
444,21,87524,39
445,21,29981,56
446,21,1711,44
447,21,18490,59
448,21,124160,40
449,21,7587,52
450,21,3314786,61
451,21,7869,43
452,21,15408,44
453,21,32319,48
454,21,26411,40
456,21,6207,44
457,21,5731,44
459,21,5120,47
460,21,8651,48
461,21,26601,56
462,21,6337,59
463,21,26750,47
464,21,4369,54
466,21,44626,43
467,21,12654,43
468,21,567814,58
469,21,6911,45
470,21,56826,43
471,21,4836,48
472,21,140310,50
474,21,23105,45
475,21,380890,51
476,21,4058,45
477,21,155066,46
478,21,11396,48
479,21,8002,49
480,21,16519,45
481,21,257498,40
482,21,251164,52
483,21,43056,44
484,21,1209899,55
485,21,200746,89
486,21,16756,43
487,21,5360,57
488,21,33487,45
489,21,61938,47
490,21,10914,44
491,21,1315425,44
492,21,36766,63
493,21,7692,43
494,21,19377,48
495,21,4451,55
496,21,21409,44
497,21,1622,50
498,21,4288,44
499,21,9235,49
500,21,4276,50
501,21,7680,49
502,21,7863,44
503,21,14626,45
504,21,2876,44
506,21,6136,53
507,21,6934,45
508,21,1478,48
509,21,55739,39
510,21,238921,45
511,21,782,50
512,21,1685,48
515,21,25309,39
516,21,12079,54
517,21,9660,54
518,21,583648,53
519,21,16646,54
520,21,213076,45
521,21,12397,40
522,21,3961,45
523,21,4275,50
524,21,8379,59
525,21,164684,58
526,21,4254,45
527,21,201444,47
528,21,3576,48
529,21,813400,115
530,21,29829,47
531,21,685,50
532,21,42458,40
533,21,90596,45
534,21,23207,39
535,21,24805,45
536,21,3208,40
537,21,2645,45
538,21,407,45
539,21,952,45
540,21,8898,39
541,21,1983,44
542,21,103610,45
543,21,3173,45
544,21,47518,40
545,21,1539,45
546,21,46815,39
547,21,6447,45
548,21,22563,45
549,21,15795,40
550,21,165567,45
551,21,4508,45
552,21,3483,45
553,21,1189,45
554,21,20968,40
555,21,186020,55
556,21,146523,45
557,21,1529,50
558,21,442777,56
559,21,1555083,51
560,21,15983,40
561,21,17143,40
562,21,8983,39
563,21,32206,40
564,21,1125,60
565,21,8072,39
566,21,273,45
567,21,1816,44
568,21,121925,45
569,21,21377,40
570,21,890,40
571,21,5196,40
572,21,10853,40
574,21,57943,40
575,21,2754,49
576,21,1246,45
577,21,252946,46
578,21,53135,59
579,21,2633831,125
580,21,4764,44
581,21,12338,45
582,21,3823,57
583,21,322370,55
584,21,215106,50
585,21,1564,45
586,21,335191,64
588,21,131207,49
589,21,11319,44
590,21,342885,47
591,21,22959,60
592,21,9516,50
593,21,189744,39
594,21,2394,45
595,21,159782,45
596,21,5862,40
597,21,1523,45
598,21,7001,40
600,21,1311,44
601,21,32366,43
602,21,38738,45
603,21,3817,40
604,21,8250,39
605,21,869,44
606,21,3422,40
607,21,31331,45
608,21,2501,40
610,21,7152,40
611,21,15938,40
612,21,477,45
613,21,1138,45
614,21,734,45
615,21,1308,40
616,21,5045,40
617,21,4031,40
618,21,469,44
619,21,4758,40
620,21,488,45
621,21,13267,40
622,21,5996,50
623,21,1999,40
624,21,400,45
625,21,318,45
626,21,864,40
627,21,851,40
628,21,218,45
629,21,249,44
630,21,276,45
631,21,288,45
632,21,1109,45
633,21,1847,40
634,21,329,45
635,21,2298,40
636,21,360,50
637,21,2534,40
638,21,142,45
640,21,27014,45
641,21,3958,45
642,21,2665,40
643,21,748,40
644,21,1103,40
648,21,217,45
649,21,8857,45
650,21,659,40
651,21,322,40
652,21,154,45
653,21,576,40
654,21,168,45
655,21,2749,45
656,21,338,40
657,21,489,40
658,21,296,45
659,21,1025,40
660,21,192,40
661,21,441,45
662,21,58,45
663,21,329,50
664,21,303,45
665,21,222,40
666,21,376,40
667,21,150,40
668,21,86,45
669,21,81,45
670,21,0,40
671,21,0,45
672,21,0,45
673,21,0,45
674,21,0,45
675,21,0,50
680,21,0,45
682,21,0,40
683,21,0,45
19,22,40370,57
28,22,226648,40
29,22,1329,49
30,22,1092333,55
31,22,42,45
32,22,25794,57
33,22,697113,76
34,22,1626,50
35,22,103585,58
36,22,17201,44
37,22,1944,54
38,22,515090,50
39,22,194106,47
40,22,1010226,77
41,22,13422,44
42,22,31947,56
43,22,86108,62
44,22,375708,51
45,22,133508,49
46,22,1176,45
47,22,9118,54
48,22,59,55
49,22,181700,45
50,22,170357,45
51,22,149747,46
52,22,41471,47
53,22,17205,53
54,22,216511,40
55,22,23799,57
56,22,1017328,41
57,22,42,45
58,22,42793,44
59,22,183745,48
60,22,5334,53
61,22,14950,44
62,22,69385,42
63,22,708754,65
64,22,388946,61
65,22,620,45
66,22,102,55
68,22,505,40
69,22,1635716,46
70,22,503585,44
71,22,286851,45
72,22,8612,53
73,22,2716,48
74,22,131242,53
75,22,75339,45
76,22,644736,46
77,22,57568,50
78,22,1001060,66
79,22,2704,51
80,22,280790,43
81,22,117419,55
82,22,766,53
83,22,86464,45
84,22,12188,50
85,22,3801,53
86,22,5037,49
87,22,134579,39
88,22,10667,53
89,22,19404,43
90,22,4153,43
91,22,327875,45
92,22,650,40
93,22,59070,44
94,22,160256,39
95,22,1104,54
96,22,137707,53
97,22,6209,44
109,22,126995,67
119,22,320921,57
120,22,1254,65
121,22,439853,56
122,22,1274433,57
123,22,674455,59
124,22,8113,52
125,22,244659,50
126,22,4528,55
127,22,2440666,62
128,22,96359,54
129,22,75048,47
130,22,203864,49
131,22,43038,73
132,22,9863,54
133,22,136706,46
134,22,131403,86
135,22,299034,56
136,22,11439,65
137,22,112782,79
138,22,2643634,77
139,22,3339,45
140,22,37385,53
141,22,299586,78
142,22,1449580,62
143,22,1062830,62
144,22,1436859,61
145,22,324410,43
146,22,610845,46
147,22,14393,43
148,22,114497,43
149,22,152219,62
150,22,54431,45
151,22,80293,39
152,22,3839,53
153,22,59520,58
154,22,379560,68
155,22,5286,54
156,22,34004,44
157,22,2614,47
158,22,3418,43
159,22,11302,52
160,22,5177,59
161,22,755,45
162,22,101361,45
163,22,48205,43
164,22,60134,67
165,22,45300,49
166,22,43309,69
167,22,210,55
168,22,424545,50
169,22,304820,49
170,22,421714,49
171,22,336799,44
172,22,7406,49
173,22,145316,54
174,22,14616,58
175,22,23660,49
176,22,5930,48
177,22,436970,79
178,22,38878,42
179,22,51162,48
180,22,303832,74
181,22,78713,40
182,22,165,55
183,22,420,45
184,22,22390,44
185,22,249085,43
186,22,27384,52
187,22,76807,62
188,22,298640,50
189,22,272142,77
190,22,26055,45
191,22,89251,47
192,22,4324,54
193,22,9178,48
194,22,8435,43
195,22,1787,45
196,22,1267674,65
197,22,8863,44
198,22,10435,43
199,22,192920,49
200,22,1166838,48
201,22,16053,54
202,22,11025,52
203,22,89735,43
204,22,359576,40
205,22,926444,103
206,22,1578,49
207,22,134150,52
208,22,685741,38
209,22,72272,53
210,22,407547,64
211,22,10315,57
212,22,1333509,69
213,22,176187,69
214,22,9989,44
215,22,197396,65
216,22,76316,48
217,22,138973,49
218,22,2917,49
219,22,76974,43
220,22,22504,43
221,22,7747,49
222,22,188668,51
223,22,16347,43
224,22,204607,49
225,22,40956,53
226,22,3475,59
227,22,16127,58
228,22,257872,87
229,22,1407651,66
230,22,203599,118
231,22,634492,60
232,22,58162,54
233,22,3327189,128
234,22,274254,70
235,22,89334,48
236,22,9499,51
237,22,3858839,84
238,22,35620,47
239,22,14956,50
240,22,3357777,83
241,22,12174,42
242,22,12729,43
243,22,104939,51
244,22,7232,50
245,22,1202442,37
246,22,79991,38
247,22,2212,44
248,22,9976,40
249,22,450447,54
250,22,314394,73
251,22,711607,120
252,22,233703,53
253,22,29885,52
254,22,217976,87
255,22,302936,107
256,22,3597641,70
257,22,977001,61
258,22,37800,47
259,22,501611,56
260,22,14797,44
261,22,2158925,75
262,22,2387836,63
263,22,621847,86
264,22,76038,53
265,22,581061,80
266,22,85441,55
267,22,74300,55
268,22,181984,67
269,22,222507,84
270,22,1425323,52
271,22,27136,44
272,22,581050,74
273,22,437914,54
274,22,127977,49
275,22,1092990,50
276,22,87086,68
277,22,1735835,116
278,22,50361,76
279,22,102612,50
280,22,35567,47
281,22,107360,94
282,22,18737,57
283,22,35620,44
284,22,55578,48
285,22,31034,54
286,22,11395,49
287,22,34461,60
288,22,370852,51
289,22,590839,72
290,22,431129,39
291,22,8683,53
292,22,16705,49
293,22,8143,44
294,22,29151,45
295,22,43465,44
296,22,133654,73
297,22,3837,48
298,22,6316,53
299,22,18303,44
300,22,12988,52
301,22,952,45
302,22,484567,39
303,22,5236,43
304,22,35028,47
305,22,15019,43
306,22,15941,45
307,22,898796,66
308,22,19992,51
309,22,42798,45
310,22,56045,58
311,22,8253,42
312,22,3325,45
313,22,62786,39
314,22,127190,45
315,22,376108,58
316,22,39,50
317,22,22153,44
318,22,5931,49
319,22,10216,44
320,22,1458,49
321,22,1233,44
322,22,809,54
323,22,2944,51
324,22,3516,44
325,22,17737,53
326,22,91292,43
327,22,4325,43
328,22,1260,47
329,22,39849,49
330,22,26,50
331,22,242201,39
332,22,9870,58
333,22,67379,44
334,22,155679,44
335,22,38247,45
336,22,16552,59
337,22,692484,77
338,22,4753,44
339,22,10396,58
340,22,45368,47
341,22,288433,63
342,22,37513,48
343,22,89571,44
344,22,1170,45
345,22,71390,68
346,22,4571,47
347,22,1553,45
348,22,212824,45
349,22,15006,45
350,22,4090,52
351,22,16160,45
352,22,1554,45
353,22,817329,54
354,22,259132,44
355,22,1614,50
356,22,322,60
357,22,1492577,122
358,22,14454,49
359,22,1476173,107
360,22,21938,47
361,22,519940,46
362,22,930920,65
363,22,97722,62
364,22,177506,45
365,22,314847,50
366,22,107610,44
367,22,362468,46
368,22,6351,43
369,22,26508,59
370,22,1763008,54
371,22,100880,42
372,22,10264,59
373,22,68515,44
374,22,5666,43
375,22,24526,57
376,22,1557238,41
377,22,19971,42
378,22,2703,47
379,22,65181,43
380,22,30259,54
381,22,11077,48
382,22,10345,43
383,22,5118,54
384,22,4103,43
385,22,555,50
386,22,8687,47
387,22,8575,43
388,22,55948,45
389,22,275767,43
390,22,5157,43
391,22,3559,52
392,22,262,55
393,22,8944,50
394,22,902,45
395,22,21362,49
396,22,5903,43
397,22,2385,45
398,22,18316,40
399,22,259347,58
400,22,4713,43
401,22,35,45
402,22,1088,45
403,22,2288,52
404,22,27194,54
405,22,6997,43
406,22,65896,44
407,22,11747,43
408,22,297808,50
409,22,25284,49
410,22,77367,39
411,22,581227,53
412,22,9444,51
413,22,3610165,79
414,22,83893,49
415,22,8001,44
416,22,90617,58
417,22,30824,44
418,22,561044,47
419,22,1157284,59
420,22,2245638,67
421,22,427292,51
422,22,366568,57
423,22,128162,60
424,22,45620,43
425,22,317190,40
426,22,63227,49
427,22,1335,50
428,22,6889,49
429,22,824646,46
430,22,395915,74
431,22,152789,51
432,22,184617,42
433,22,548,45
434,22,10240,47
435,22,120940,56
436,22,78221,53
437,22,239248,48
438,22,15228,55
439,22,118134,45
440,22,10072,45
441,22,1805,64
442,22,7177,45
443,22,176485,39
444,22,151897,39
445,22,30930,56
446,22,1737,44
447,22,21217,59
448,22,122022,40
449,22,7780,52
450,22,3526961,61
452,22,15482,43
453,22,31164,48
454,22,25570,40
455,22,90633,71
456,22,6255,44
457,22,5567,44
458,22,8511,48
459,22,5220,47
460,22,8385,48
461,22,26991,56
462,22,7627,59
463,22,25771,47
464,22,18576,54
465,22,9692,43
467,22,14043,43
468,22,838666,58
469,22,6658,45
470,22,54746,43
471,22,4916,48
472,22,133071,50
473,22,26983,46
474,22,22659,45
475,22,545898,52
476,22,4203,45
477,22,135296,46
479,22,6453,49
481,22,246844,40
482,22,239942,52
483,22,43374,44
484,22,1005170,55
485,22,202769,89
486,22,16405,43
487,22,5648,57
488,22,33374,45
489,22,61603,47
490,22,10801,44
491,22,1031055,43
492,22,36045,63
493,22,7692,43
494,22,19096,48
495,22,14156,55
496,22,19318,44
497,22,1649,50
498,22,4288,44
499,22,5366,49
500,22,4217,50
501,22,8946,49
502,22,9021,44
503,22,112484,45
504,22,2866,44
505,22,18992,44
506,22,6092,53
507,22,6874,45
508,22,1499,48
509,22,62961,39
510,22,200113,45
511,22,777,50
512,22,1901,48
513,22,28663,43
514,22,24051,40
515,22,23330,39
516,22,11605,54
517,22,8918,54
518,22,430618,53
519,22,16384,54
520,22,196887,45
521,22,12180,40
522,22,3897,45
523,22,4228,50
524,22,14134,59
525,22,149058,58
526,22,4139,45
527,22,181618,47
528,22,3567,48
529,22,1027821,115
535,22,23851,45
536,22,3156,40
537,22,2542,45
538,22,402,45
539,22,950,45
540,22,8968,39
541,22,1966,44
542,22,96057,45
543,22,3191,45
544,22,36365,40
545,22,1509,45
546,22,47285,39
547,22,6457,45
548,22,22261,45
549,22,15459,40
550,22,160134,45
551,22,4461,45
552,22,3396,45
553,22,1172,45
554,22,20855,40
555,22,351743,55
556,22,85970,45
557,22,1773,50
560,22,16034,40
561,22,16315,40
562,22,8655,39
563,22,30035,40
564,22,1118,60
566,22,271,45
567,22,1840,44
568,22,111383,45
569,22,25141,39
570,22,877,40
571,22,5100,40
573,22,6012,40
574,22,55459,40
576,22,1272,45
577,22,171545,46
579,22,3005644,125
580,22,4765,44
581,22,10708,45
582,22,4021,57
583,22,252924,54
584,22,493816,51
586,22,409971,64
587,22,69908,60
588,22,293081,50
589,22,10859,44
591,22,18643,60
592,22,9565,49
593,22,168887,39
594,22,2292,45
595,22,126646,44
596,22,5787,40
597,22,1512,45
598,22,8212,39
599,22,8275,44
600,22,1331,44
601,22,50784,43
602,22,36642,45
603,22,4644,39
604,22,10692,39
605,22,947,44
606,22,4000,40
607,22,28742,45
608,22,2701,40
609,22,1655,45
610,22,7358,40
611,22,15565,40
612,22,480,45
613,22,1163,45
614,22,810,45
615,22,1398,40
616,22,4764,40
617,22,4211,40
618,22,472,44
619,22,4353,40
620,22,566,45
621,22,12977,40
622,22,5999,50
623,22,2212,40
624,22,476,45
625,22,441,45
626,22,1053,40
627,22,1051,40
628,22,255,45
629,22,290,44
630,22,318,45
631,22,307,45
632,22,3159,45
633,22,2400,40
634,22,367,45
635,22,3517,40
636,22,455,50
637,22,2473,40
638,22,180,45
639,22,858,40
640,22,26947,45
641,22,3491,44
642,22,3250,40
643,22,990,40
644,22,1696,40
645,22,1138,40
646,22,334,45
647,22,199,45
648,22,410,44
649,22,5495,45
650,22,767,40
651,22,494,40
652,22,394,44
653,22,915,40
654,22,289,45
655,22,3801,45
656,22,475,40
657,22,795,40
658,22,414,45
659,22,1191,40
660,22,339,40
661,22,860,45
662,22,110,45
663,22,698,50
665,22,394,40
666,22,566,40
667,22,327,40
668,22,373,44
669,22,231,45
670,22,394,40
671,22,110,45
672,22,109,45
673,22,328,45
674,22,2185,45
675,22,3344,50
676,22,4202,45
677,22,1007,45
678,22,35485,50
679,22,247,50
680,22,36,45
681,22,105612,70
682,22,182,40
683,22,69,45
684,22,0,40
685,22,0,45
686,22,0,40
687,22,0,45
688,22,0,40
1,23,75890,45
2,23,53461,40
3,23,6835,63
4,23,129198,96
5,23,12973,42
6,23,412098,84
7,23,27115,48
8,23,8623,42
9,23,18462,48
10,23,14761,42
11,23,6615,42
12,23,28101,44
13,23,4526,52
14,23,49821,41
15,23,20724,50
16,23,1064770,50
17,23,66544,69
18,23,11330,45
19,23,39954,57
20,23,20454,54
21,23,1496964,59
22,23,1321420,64
23,23,505180,53
24,23,55,45
25,23,100,45
26,23,593876,54
27,23,206,45
28,23,242458,39
29,23,1325,49
30,23,1120916,55
31,23,42,45
32,23,25659,57
33,23,695513,76
34,23,1724,50
35,23,108129,58
36,23,17453,44
37,23,1868,54
38,23,531272,50
39,23,191144,47
40,23,1182642,77
41,23,13179,44
42,23,30533,56
43,23,89212,62
44,23,400893,51
45,23,123123,49
46,23,1170,45
47,23,9093,54
48,23,59,55
49,23,178454,45
50,23,169040,45
51,23,222102,46
52,23,41481,47
53,23,14550,53
54,23,215253,40
55,23,23003,57
56,23,944685,41
57,23,41,45
58,23,22166,44
59,23,181578,48
60,23,5062,53
61,23,19403,44
62,23,65053,42
63,23,604816,65
64,23,186181,61
65,23,618,45
66,23,102,55
67,23,1118211,45
68,23,503,40
69,23,1629926,46
70,23,493746,44
71,23,241788,45
72,23,8214,53
73,23,2591,48
74,23,72014,53
75,23,66754,45
76,23,625289,46
77,23,54378,50
78,23,995798,66
79,23,2689,51
80,23,278340,43
81,23,115623,55
82,23,770,53
83,23,88257,45
84,23,9595,50
85,23,3697,53
86,23,4608,49
87,23,133101,39
88,23,10333,53
89,23,11042,43
90,23,4009,43
91,23,319474,45
92,23,652,40
93,23,57284,44
94,23,139095,39
95,23,1101,54
96,23,108041,53
97,23,5857,44
98,23,84617,49
99,23,51010,39
100,23,7729,42
101,23,11810,44
102,23,1691,44
103,23,15288,40
104,23,49390,52
105,23,56491,52
106,23,54951,48
107,23,28384,53
108,23,5538,54
109,23,137036,67
110,23,184539,44
111,23,32649,52
112,23,203078,54
113,23,34264,44
114,23,9766,44
115,23,215124,43
116,23,189,45
117,23,414,45
118,23,18061,57
119,23,306419,57
120,23,1253,65
121,23,433314,56
122,23,1031872,57
123,23,547913,59
124,23,8070,52
125,23,209348,50
126,23,4508,55
127,23,2223643,62
128,23,95441,54
129,23,55855,47
130,23,209571,49
131,23,44323,73
132,23,9637,54
133,23,132276,46
134,23,127656,86
135,23,295228,56
136,23,11411,65
137,23,78348,79
138,23,2019018,77
139,23,3329,45
140,23,33437,53
141,23,282334,78
142,23,1256996,62
143,23,1031379,61
144,23,1597225,61
145,23,308672,43
146,23,627515,46
147,23,13051,43
148,23,110840,43
149,23,144888,62
150,23,52499,45
151,23,79527,39
152,23,3806,53
153,23,58909,58
154,23,365807,68
155,23,5157,54
156,23,40348,44
157,23,2580,47
158,23,3408,43
159,23,10909,52
160,23,5763,59
161,23,780,45
162,23,104789,45
163,23,40550,43
164,23,59911,67
165,23,41707,49
166,23,43179,69
167,23,209,55
168,23,530465,50
169,23,284983,49
170,23,416579,49
171,23,315046,44
172,23,7361,49
173,23,139613,54
174,23,14318,58
175,23,24061,49
176,23,5832,48
177,23,427094,79
178,23,37844,42
179,23,49137,48
180,23,329381,74
181,23,78422,40
182,23,163,55
183,23,420,45
184,23,21968,44
185,23,261578,43
186,23,27722,52
187,23,79476,62
188,23,300472,50
189,23,270518,77
190,23,28832,45
191,23,87943,47
192,23,4309,54
193,23,8553,48
194,23,12142,43
195,23,1774,45
196,23,1573574,66
197,23,8719,44
198,23,10980,43
199,23,199939,48
200,23,1144014,48
201,23,15639,54
202,23,10784,52
203,23,83991,43
204,23,359497,40
205,23,878587,103
206,23,1570,49
207,23,133009,52
208,23,687536,38
209,23,57144,53
210,23,359923,64
211,23,9991,57
212,23,1268666,70
213,23,171563,69
214,23,9923,44
215,23,190429,65
216,23,74867,48
217,23,136005,49
218,23,3989,49
219,23,71211,43
220,23,22466,43
221,23,7553,49
222,23,187471,51
223,23,16272,43
224,23,210811,49
225,23,39812,53
226,23,3470,59
227,23,15158,58
228,23,296281,87
229,23,1430604,66
230,23,194745,117
231,23,662516,60
232,23,62432,54
233,23,3205253,127
234,23,343072,70
235,23,86950,48
236,23,10372,51
237,23,4174626,84
238,23,35664,47
239,23,14695,50
240,23,3546479,84
241,23,12114,42
242,23,11551,43
243,23,103020,51
244,23,7380,50
245,23,1089519,37
246,23,63654,38
247,23,2202,44
248,23,9923,40
249,23,467225,54
250,23,298683,73
251,23,1275355,121
252,23,237501,52
253,23,29794,52
254,23,204678,86
255,23,353962,107
256,23,4075182,71
257,23,1075882,61
258,23,36129,47
259,23,650166,57
260,23,14667,44
261,23,2248851,75
262,23,2481688,63
263,23,618125,86
264,23,71565,53
265,23,709587,80
266,23,86192,55
267,23,175640,55
268,23,180695,67
269,23,173624,84
270,23,1171314,52
271,23,26174,44
272,23,577759,74
273,23,433674,54
274,23,125692,49
275,23,1085229,50
276,23,86676,67
277,23,1840063,117
278,23,50113,76
279,23,90126,50
280,23,35274,47
281,23,77278,94
282,23,17882,57
283,23,34100,44
284,23,48034,48
285,23,31879,54
286,23,11164,49
287,23,36360,60
288,23,307993,51
289,23,524997,72
290,23,450272,39
291,23,8102,53
292,23,16202,49
293,23,8069,44
294,23,29674,45
295,23,46977,44
296,23,124964,72
297,23,3825,48
298,23,6347,53
299,23,17932,44
300,23,12935,52
301,23,1067,45
302,23,502663,39
303,23,5118,43
304,23,34326,47
305,23,15143,43
306,23,15141,45
307,23,1148176,67
308,23,19606,51
309,23,43180,45
310,23,54936,58
311,23,8378,42
312,23,3300,45
313,23,56282,39
314,23,122372,45
315,23,385781,58
316,23,39,50
317,23,21527,44
318,23,5953,49
319,23,11399,44
320,23,1449,49
321,23,1310,44
322,23,804,54
323,23,2934,51
324,23,3541,44
325,23,17836,53
326,23,89481,43
327,23,4380,43
328,23,1228,47
329,23,60285,49
330,23,26,50
331,23,239331,39
332,23,9732,58
333,23,66974,44
334,23,154100,44
335,23,37907,45
336,23,16138,59
337,23,705534,77
338,23,4757,44
339,23,10369,58
340,23,43109,47
341,23,300618,63
342,23,37350,48
343,23,94132,44
344,23,1167,45
345,23,70341,68
346,23,4448,47
347,23,1971,45
348,23,212017,45
349,23,14049,45
350,23,4013,52
351,23,15899,45
352,23,1550,45
353,23,774908,54
354,23,218094,44
355,23,1610,50
356,23,322,60
357,23,1188299,123
358,23,14421,49
359,23,1188331,106
360,23,22110,47
361,23,476565,46
362,23,501737,66
363,23,94879,62
364,23,174136,45
365,23,286163,50
366,23,107484,44
367,23,287945,46
368,23,6276,43
369,23,31623,59
370,23,1567426,54
371,23,101467,42
372,23,9823,59
373,23,70600,44
374,23,5646,43
375,23,24060,57
376,23,1654814,41
377,23,19603,42
378,23,2592,47
379,23,46385,43
380,23,30111,54
381,23,9943,48
382,23,17367,43
383,23,5094,54
384,23,4071,43
385,23,552,50
386,23,7858,47
387,23,8359,43
388,23,55762,45
389,23,225141,43
390,23,5068,43
391,23,2760,52
392,23,261,55
393,23,8897,50
394,23,901,45
395,23,21513,48
396,23,4433,43
397,23,2360,45
398,23,18188,40
399,23,255671,58
400,23,4560,43
401,23,35,45
402,23,1083,45
403,23,2704,52
404,23,56954,54
405,23,6343,43
406,23,62389,44
407,23,11743,43
408,23,301691,50
409,23,25000,49
410,23,76690,39
411,23,598841,53
412,23,9380,51
413,23,3736105,79
414,23,83419,49
415,23,8021,44
416,23,70250,58
417,23,30541,44
418,23,570858,47
419,23,1106359,59
420,23,2507157,68
421,23,424249,51
422,23,342432,57
423,23,131074,60
424,23,45632,43
425,23,316711,40
426,23,62466,49
427,23,1328,50
428,23,6805,49
429,23,1027477,47
430,23,438891,74
431,23,144169,50
432,23,160019,42
433,23,551,45
434,23,10168,47
435,23,124292,56
436,23,73639,53
437,23,243514,48
438,23,14697,55
439,23,157943,45
440,23,10001,45
441,23,1791,64
442,23,7117,45
443,23,169304,39
444,23,104261,39
445,23,31300,56
446,23,1704,44
447,23,20006,59
448,23,120368,40
449,23,8519,52
450,23,3772542,61
451,23,7292,43
452,23,15594,43
453,23,30522,48
454,23,25391,40
455,23,120539,71
456,23,6731,44
457,23,5592,44
458,23,8243,48
459,23,5233,47
460,23,8261,48
461,23,27090,56
462,23,6375,59
463,23,25280,47
464,23,14173,54
465,23,9641,43
466,23,38934,43
467,23,12094,43
468,23,925137,58
469,23,6630,45
470,23,111321,43
471,23,5243,48
472,23,129844,50
473,23,26477,46
474,23,22518,45
475,23,666350,52
476,23,4126,45
477,23,138036,45
478,23,11275,48
479,23,6223,49
480,23,16831,45
481,23,246111,40
482,23,233516,52
483,23,42841,44
484,23,936048,55
485,23,183822,89
486,23,16429,43
487,23,5588,57
488,23,32873,45
489,23,64233,47
490,23,10841,44
491,23,988502,43
492,23,35616,63
493,23,7677,43
494,23,19108,48
495,23,10604,55
496,23,17903,44
497,23,1613,50
498,23,4267,44
499,23,4951,49
500,23,4200,50
501,23,9330,49
502,23,8242,44
503,23,78500,45
504,23,2865,44
505,23,16860,44
506,23,6116,53
507,23,6469,45
508,23,1493,48
509,23,60064,39
510,23,214191,45
511,23,776,50
512,23,12321,48
513,23,28408,43
514,23,23970,40
515,23,22733,39
516,23,12196,54
517,23,8492,54
518,23,480605,52
519,23,16066,54
520,23,197619,45
521,23,12102,40
522,23,3879,45
523,23,4204,50
524,23,7952,59
525,23,146174,58
526,23,4135,45
527,23,170916,47
528,23,3561,48
529,23,882814,115
530,23,26871,47
531,23,679,50
532,23,40264,40
533,23,110809,44
534,23,24050,39
535,23,23722,45
536,23,3143,40
537,23,2484,45
538,23,399,45
539,23,948,45
540,23,8722,39
541,23,1928,44
542,23,95125,45
543,23,3122,45
544,23,34189,40
545,23,1504,45
546,23,46149,39
547,23,6372,45
548,23,22074,45
549,23,15397,40
550,23,156271,45
551,23,4406,45
552,23,5878,45
553,23,1162,45
554,23,20761,40
555,23,251404,55
556,23,82671,45
557,23,1642,50
558,23,378185,56
559,23,1684136,51
560,23,15797,40
561,23,16040,40
562,23,8140,39
563,23,29466,40
564,23,1117,60
565,23,8178,39
566,23,269,45
567,23,1848,44
568,23,111705,45
569,23,22347,39
570,23,873,40
571,23,5080,40
572,23,15784,39
573,23,5967,40
574,23,54964,40
575,23,5854,49
576,23,1245,45
577,23,170232,46
578,23,39799,59
579,23,2568932,125
580,23,4776,44
581,23,10353,45
582,23,4029,57
583,23,245347,54
584,23,320912,51
585,23,1501,45
586,23,392820,64
587,23,45686,60
588,23,184726,50
589,23,10696,44
590,23,337868,47
591,23,17932,60
592,23,9466,49
593,23,153001,39
594,23,2269,45
595,23,120189,44
596,23,5774,40
597,23,1486,45
598,23,8217,39
599,23,8533,44
600,23,1292,44
601,23,35702,43
602,23,34852,45
603,23,4046,39
604,23,8676,39
605,23,903,44
606,23,3669,40
607,23,28864,45
608,23,3177,40
609,23,1648,45
610,23,7160,40
611,23,15369,40
612,23,465,45
613,23,1147,45
614,23,726,45
615,23,1308,40
616,23,4687,40
617,23,4092,40
618,23,460,44
619,23,5217,40
620,23,527,45
621,23,12202,40
622,23,6547,50
623,23,2202,40
624,23,3319,45
625,23,449,45
626,23,1061,40
627,23,1045,40
628,23,235,45
629,23,286,44
630,23,314,45
631,23,322,45
632,23,2428,45
633,23,1975,40
634,23,405,45
635,23,2806,40
636,23,455,50
637,23,3055,39
638,23,198,45
639,23,761,40
640,23,23738,45
641,23,3357,44
642,23,2658,40
643,23,1119,40
644,23,1512,40
645,23,1152,40
646,23,333,45
647,23,180,45
648,23,422,44
649,23,5029,45
650,23,731,40
651,23,517,40
652,23,402,44
653,23,3607,40
654,23,246,45
655,23,3983,45
656,23,420,40
657,23,847,40
658,23,450,45
659,23,1168,40
660,23,372,40
661,23,575,45
662,23,102,45
663,23,753,50
664,23,546,45
665,23,433,40
666,23,1018,40
667,23,3173,40
668,23,957,44
669,23,138,45
670,23,382,40
671,23,107,45
672,23,105,45
673,23,485,45
674,23,2014,45
675,23,2597,50
676,23,12921,45
677,23,1930,45
678,23,40921,50
679,23,3188,50
680,23,33,45
681,23,784155,70
682,23,175,40
683,23,112,45
684,23,182,40
685,23,200,45
686,23,291,40
687,23,85,45
688,23,105,40
689,23,125,55
690,23,138,45
691,23,323,40
692,23,0,45
693,23,0,45
694,23,0,45
695,23,0,40
698,23,0,50
700,23,0,65
1,24,75699,45
2,24,52772,40
3,24,6818,63
4,24,125999,96
5,24,12734,42
6,24,374319,84
7,24,27174,48
8,24,8414,42
9,24,18395,48
10,24,15892,42
11,24,6553,42
12,24,27589,44
13,24,4406,52
14,24,53876,41
15,24,20729,50
16,24,1105529,51
17,24,66464,69
18,24,11236,45
19,24,39757,57
20,24,21238,54
21,24,1433515,59
22,24,1362735,64
23,24,500993,53
24,24,55,45
25,24,99,45
26,24,574568,54
27,24,204,45
28,24,233189,39
29,24,1319,49
30,24,1129779,55
31,24,41,45
32,24,25471,57
33,24,690666,75
34,24,1766,50
35,24,106482,58
36,24,17317,44
37,24,1856,54
38,24,542061,50
39,24,185755,47
40,24,1214749,77
41,24,12938,44
42,24,30663,56
43,24,138243,62
44,24,398814,51
45,24,124119,49
46,24,1164,45
47,24,9048,54
48,24,59,55
49,24,170619,45
50,24,170280,44
51,24,289059,46
52,24,40909,47
58,24,22196,44
67,24,1144596,45
76,24,591093,45
77,24,52872,50
78,24,977472,66
79,24,2690,51
80,24,275572,43
81,24,111998,55
82,24,805,53
83,24,85742,45
84,24,9582,50
85,24,3697,53
86,24,4493,49
87,24,127851,39
88,24,9647,53
89,24,10302,43
90,24,4030,43
91,24,308967,45
92,24,640,40
93,24,55730,44
94,24,135138,39
95,24,1091,54
96,24,98794,53
97,24,5665,44
98,24,89135,49
99,24,51013,39
100,24,10127,42
101,24,11634,44
102,24,1890,44
103,24,14689,40
104,24,50164,52
105,24,55844,52
106,24,55188,48
107,24,26348,53
108,24,5279,54
109,24,151164,67
110,24,169659,44
111,24,30519,52
112,24,209017,54
113,24,30972,44
114,24,9881,44
115,24,210387,43
116,24,188,45
117,24,413,45
118,24,17593,57
128,24,101109,54
144,24,1750640,62
145,24,300549,43
146,24,634781,46
147,24,11901,43
148,24,107715,43
149,24,142281,61
150,24,50192,45
151,24,78811,39
152,24,3814,53
153,24,71423,58
154,24,370326,68
155,24,5300,54
156,24,42104,44
157,24,2609,47
158,24,3440,43
159,24,21065,52
160,24,6065,59
161,24,893,45
162,24,110943,45
163,24,37164,43
164,24,59784,67
165,24,41209,49
166,24,43032,69
167,24,207,55
168,24,810383,51
169,24,265753,49
170,24,415270,49
171,24,317191,43
172,24,7446,49
173,24,121191,54
174,24,14350,58
175,24,26796,49
176,24,5739,48
177,24,435385,79
178,24,39786,42
179,24,44579,48
180,24,430692,74
181,24,77389,40
182,24,163,55
183,24,418,45
184,24,21401,44
185,24,257365,43
186,24,27331,52
187,24,82232,62
188,24,295169,49
189,24,267216,77
190,24,27332,45
191,24,86419,47
192,24,4283,54
193,24,8202,48
194,24,11370,43
195,24,1755,45
196,24,1402705,66
197,24,8581,44
198,24,10878,43
199,24,195389,48
200,24,1125888,48
201,24,15170,54
202,24,10690,52
203,24,82706,43
204,24,354661,40
205,24,833516,103
206,24,1566,49
207,24,131779,52
208,24,711098,38
209,24,48886,53
210,24,340450,64
211,24,9926,57
212,24,1123695,70
213,24,172234,69
214,24,9848,44
215,24,189032,65
216,24,74593,48
217,24,134830,49
218,24,15303,49
219,24,67654,43
220,24,22383,43
221,24,7522,49
222,24,184204,50
223,24,16321,43
224,24,220279,49
225,24,38897,53
226,24,3455,59
227,24,26481,58
228,24,290906,87
229,24,1471444,67
230,24,189958,117
231,24,664177,60
232,24,76609,54
233,24,3394696,127
234,24,492691,71
235,24,84621,48
236,24,8877,51
237,24,4236466,85
238,24,35724,47
239,24,14757,50
240,24,3594970,85
241,24,11977,42
242,24,11477,43
243,24,101314,51
244,24,7250,50
245,24,1063626,37
246,24,60908,38
247,24,2194,44
248,24,9845,40
249,24,484245,54
250,24,280384,72
251,24,1468005,122
252,24,236940,52
253,24,29790,52
254,24,266503,86
255,24,309491,108
256,24,4162507,71
257,24,1101139,61
258,24,36073,47
259,24,834320,58
260,24,14601,44
261,24,2167731,75
262,24,2442709,63
263,24,553258,85
264,24,67890,53
265,24,712783,80
266,24,86796,55
267,24,182421,55
268,24,179073,67
269,24,176931,84
270,24,1307551,53
271,24,28601,43
272,24,598216,74
273,24,443872,54
274,24,110243,49
275,24,1074165,50
276,24,87354,67
277,24,1805775,117
278,24,49297,76
279,24,78700,50
280,24,35331,47
281,24,115776,94
282,24,51814,57
283,24,32868,44
284,24,45422,48
285,24,39276,54
286,24,11075,49
287,24,35251,60
288,24,297935,51
289,24,434385,72
290,24,481921,39
291,24,12700,53
292,24,15436,49
293,24,7977,44
294,24,29421,45
295,24,65478,44
296,24,115747,72
297,24,3721,48
298,24,6604,53
299,24,18157,44
300,24,13047,52
301,24,1040,45
302,24,505917,39
303,24,5086,43
304,24,33569,47
305,24,16479,43
306,24,14106,45
307,24,1299406,68
308,24,19222,51
309,24,42039,44
310,24,47630,58
311,24,8181,42
312,24,3269,45
313,24,67682,39
314,24,113729,45
315,24,405002,58
316,24,39,50
317,24,20849,44
318,24,5566,49
319,24,11188,44
320,24,1440,49
321,24,1274,44
322,24,799,54
323,24,2913,51
324,24,3434,44
325,24,17355,53
326,24,89747,43
327,24,4227,43
328,24,1225,47
329,24,102755,49
330,24,25,50
331,24,232819,39
332,24,9806,58
333,24,69468,44
334,24,142679,44
335,24,37639,45
336,24,15964,59
337,24,699019,77
338,24,4762,44
339,24,10508,58
340,24,42337,47
341,24,309399,63
342,24,40760,48
343,24,97750,44
344,24,1159,45
345,24,71696,68
346,24,4322,47
347,24,1756,45
348,24,209289,45
349,24,15042,45
350,24,3994,52
351,24,17719,45
352,24,1544,45
353,24,766321,54
354,24,209865,44
355,24,1600,50
356,24,321,60
357,24,1294704,123
358,24,14340,49
359,24,1272230,106
360,24,22604,47
361,24,448295,46
362,24,429481,65
363,24,121118,62
364,24,174441,45
365,24,273644,49
366,24,108161,44
367,24,294309,46
368,24,6367,43
369,24,38721,59
370,24,1526798,54
371,24,97066,42
372,24,9541,59
373,24,66878,44
374,24,5663,42
375,24,23207,57
376,24,1660674,41
377,24,18979,42
378,24,2544,47
379,24,38089,43
380,24,29917,54
381,24,9632,48
382,24,15213,43
383,24,5058,54
384,24,4108,43
385,24,549,50
386,24,7646,47
387,24,8380,43
388,24,55230,45
389,24,210695,43
390,24,5065,43
391,24,2771,52
392,24,260,55
393,24,8820,50
394,24,892,45
395,24,22565,48
396,24,4318,43
397,24,2333,45
398,24,17974,40
399,24,252937,57
400,24,4345,43
401,24,35,45
402,24,1074,45
403,24,2491,52
404,24,59871,54
405,24,6749,43
406,24,61283,44
407,24,11722,43
408,24,268009,50
409,24,24585,49
410,24,75691,39
411,24,646632,53
412,24,9333,51
413,24,3628246,79
414,24,81624,49
415,24,8101,44
416,24,58378,58
417,24,25034,44
418,24,583034,47
419,24,1106937,59
420,24,2755833,69
421,24,426289,51
422,24,339024,57
423,24,135460,60
424,24,43034,43
425,24,302785,40
426,24,99545,49
427,24,1324,50
428,24,6717,49
429,24,1049462,47
430,24,401410,74
431,24,143309,50
432,24,154289,42
433,24,10626,45
434,24,10135,47
435,24,114213,56
436,24,77054,53
437,24,246339,48
438,24,13562,55
439,24,167549,45
440,24,9913,45
441,24,1804,64
442,24,7050,45
443,24,166132,39
444,24,102859,39
445,24,32833,56
446,24,1694,44
448,24,135125,40
449,24,8681,52
450,24,3416085,62
451,24,7234,43
452,24,15672,43
453,24,30048,48
454,24,25127,40
455,24,173305,72
456,24,6537,44
457,24,5555,44
458,24,8039,48
459,24,5331,47
460,24,8272,48
461,24,26585,56
463,24,24631,47
464,24,43055,54
465,24,9467,43
466,24,37023,43
467,24,12687,43
468,24,814537,59
469,24,6574,45
470,24,149033,43
471,24,5133,48
472,24,139654,50
473,24,25821,46
474,24,22843,45
475,24,670122,52
477,24,144622,45
478,24,11182,48
479,24,6103,49
480,24,26748,45
481,24,241313,40
482,24,231252,52
483,24,42577,44
484,24,902486,55
485,24,178363,89
486,24,16326,43
487,24,5465,57
488,24,33517,45
489,24,65945,47
490,24,10775,43
491,24,916696,43
492,24,35154,63
493,24,7717,43
494,24,21628,48
495,24,18587,55
496,24,16964,44
497,24,1592,50
498,24,4149,44
499,24,4565,49
502,24,8344,44
503,24,76891,45
504,24,2865,44
505,24,16286,44
506,24,8853,53
507,24,6199,45
508,24,1509,47
509,24,62262,39
510,24,292287,45
511,24,771,50
512,24,32559,48
513,24,27587,43
514,24,23724,40
515,24,22154,39
516,24,34819,54
517,24,8305,54
518,24,518216,52
519,24,16193,54
520,24,199097,45
521,24,12004,40
522,24,3857,45
523,24,4182,50
524,24,7066,59
525,24,144805,57
526,24,4270,45
528,24,3540,48
530,24,26012,47
531,24,677,50
532,24,39010,40
533,24,157116,44
534,24,24584,39
540,24,8873,39
541,24,1947,44
542,24,91588,45
543,24,3137,45
544,24,33271,40
545,24,1500,45
546,24,45945,39
547,24,6309,45
548,24,22037,44
549,24,15270,40
550,24,148729,45
551,24,4372,45
552,24,5035,45
553,24,1153,45
554,24,20715,40
555,24,287853,55
556,24,74049,45
557,24,1582,50
558,24,374893,56
559,24,1719353,51
561,24,19191,39
562,24,7848,39
563,24,29085,40
564,24,1110,60
565,24,8625,39
566,24,267,45
567,24,1850,44
568,24,103712,45
569,24,23393,39
570,24,867,40
571,24,5101,40
572,24,24665,39
573,24,5897,40
574,24,54011,40
575,24,5138,49
576,24,1262,45
577,24,191231,46
578,24,51412,59
579,24,2521784,125
580,24,4695,43
581,24,10031,45
582,24,3962,57
583,24,229417,54
585,24,2375,45
586,24,808245,65
587,24,36589,60
588,24,174092,49
589,24,10494,44
590,24,299885,47
591,24,17684,60
593,24,148337,39
594,24,2239,45
596,24,5943,40
597,24,1450,45
598,24,8653,39
599,24,7935,44
600,24,1311,44
601,24,36793,43
602,24,32041,45
603,24,4203,39
604,24,9012,39
605,24,924,44
607,24,34771,45
608,24,3234,40
609,24,1579,45
610,24,7301,40
611,24,14960,40
613,24,1186,45
614,24,833,45
615,24,1332,40
616,24,4770,40
617,24,4155,40
618,24,497,44
619,24,5615,40
620,24,549,45
621,24,12399,40
622,24,7073,50
623,24,2383,40
624,24,2762,45
625,24,477,45
626,24,1190,40
627,24,1151,40
628,24,308,45
629,24,305,44
630,24,356,45
631,24,332,45
632,24,2424,45
633,24,2337,40
634,24,435,45
635,24,3082,40
636,24,440,50
637,24,10413,39
638,24,224,45
639,24,771,40
640,24,26096,45
641,24,3229,43
642,24,3150,40
643,24,1152,40
644,24,1672,40
645,24,1306,40
646,24,388,45
647,24,175,45
648,24,352,44
649,24,4593,45
650,24,823,40
651,24,641,40
652,24,483,44
656,24,456,40
657,24,995,40
658,24,541,45
659,24,1280,40
660,24,465,40
661,24,564,45
662,24,230,45
663,24,1229,50
664,24,611,45
665,24,438,40
666,24,5451,40
667,24,2770,40
668,24,898,44
669,24,10172,45
670,24,490,40
673,24,751,45
674,24,2041,45
675,24,3725,50
676,24,10609,45
677,24,1549,45
678,24,68183,50
679,24,2367,50
680,24,61,45
681,24,965865,70
682,24,312,40
683,24,10351,45
684,24,380,40
685,24,321,45
686,24,332,40
687,24,92,45
689,24,263,55
691,24,826,40
692,24,41,45
693,24,41,45
694,24,1944,45
695,24,100,40
696,24,19513,80
697,24,19028,50
698,24,134,50
699,24,12568,55
700,24,26422,65
701,24,10039,60
702,24,2606,50
703,24,0,45
704,24,0,45
705,24,0,40
10,25,16454,42
19,25,39600,57
28,25,219371,39
29,25,1318,49
30,25,1111026,55
31,25,39,45
32,25,25468,57
33,25,684368,75
34,25,1798,50
35,25,100457,58
36,25,17198,44
37,25,1727,54
38,25,537146,50
39,25,170883,47
40,25,1093203,77
41,25,12825,44
42,25,30411,56
43,25,104471,62
44,25,395577,51
45,25,99135,49
46,25,1163,45
47,25,9033,54
48,25,59,55
49,25,165971,45
50,25,166417,44
51,25,675555,47
52,25,40697,47
53,25,14998,53
54,25,191462,40
55,25,24048,57
56,25,874322,41
57,25,39,45
58,25,21116,44
59,25,202193,48
60,25,5131,53
61,25,57072,44
62,25,88730,42
63,25,964064,65
64,25,214333,60
65,25,609,45
66,25,100,55
68,25,495,40
69,25,1648606,46
70,25,479377,44
71,25,236500,45
72,25,7659,53
73,25,2733,48
74,25,94983,53
75,25,70766,45
76,25,577200,45
77,25,52189,50
78,25,876783,66
79,25,2678,51
80,25,282209,43
81,25,110249,55
82,25,844,53
83,25,86045,45
84,25,9048,50
85,25,3681,53
86,25,4426,49
87,25,124672,39
88,25,9154,53
89,25,10445,43
90,25,4040,43
91,25,305340,45
92,25,630,40
93,25,54897,44
94,25,130229,39
95,25,1090,54
96,25,98667,53
97,25,5482,44
98,25,95252,49
99,25,50595,39
100,25,15790,42
101,25,11415,44
102,25,1814,44
103,25,14659,40
104,25,79790,52
105,25,57259,52
106,25,57555,48
107,25,25040,53
108,25,5162,54
109,25,142646,67
110,25,153389,44
111,25,28506,52
112,25,214427,54
113,25,28865,44
114,25,9762,44
115,25,204480,43
116,25,188,45
117,25,412,45
118,25,17114,57
128,25,102140,54
144,25,1659657,62
145,25,298028,43
146,25,621190,46
147,25,11609,43
148,25,109436,43
149,25,135726,61
150,25,48854,45
151,25,78646,39
152,25,3806,53
153,25,69328,58
154,25,385410,68
155,25,5289,54
156,25,39640,44
157,25,2598,47
158,25,3461,43
159,25,25655,52
160,25,6014,59
161,25,836,45
162,25,115422,45
163,25,35181,43
164,25,59748,67
165,25,42436,49
166,25,42979,69
167,25,206,55
168,25,828593,51
169,25,245402,48
170,25,406119,49
171,25,317692,43
172,25,7395,49
173,25,112633,53
174,25,14305,58
175,25,25059,49
176,25,5711,48
177,25,393755,79
178,25,40775,42
179,25,41137,48
180,25,442705,75
181,25,76470,40
182,25,162,55
183,25,418,45
184,25,21057,44
185,25,258132,43
186,25,26527,52
187,25,97966,62
188,25,290937,49
189,25,265956,77
190,25,32705,45
191,25,85755,47
192,25,4277,54
193,25,7854,48
194,25,11392,43
195,25,1751,45
196,25,1321284,65
197,25,8527,44
198,25,12033,43
199,25,194667,48
200,25,1117005,48
201,25,15017,54
202,25,10709,52
203,25,81664,43
204,25,349673,40
205,25,816055,103
206,25,1560,49
207,25,131985,52
208,25,760357,38
209,25,45966,53
210,25,324051,64
211,25,9929,57
212,25,949428,69
213,25,174068,69
214,25,9791,44
215,25,186135,65
216,25,74887,48
217,25,134121,49
218,25,14576,49
219,25,65905,43
220,25,22362,43
221,25,7447,49
222,25,170443,50
223,25,16276,43
224,25,257053,49
225,25,39724,53
226,25,3458,59
227,25,23414,58
228,25,262696,87
229,25,1513991,67
230,25,188594,117
231,25,665228,60
232,25,78563,54
233,25,3959365,129
234,25,535366,71
235,25,83560,48
236,25,7334,51
237,25,4251391,85
238,25,35515,47
239,25,14753,50
240,25,3618036,85
241,25,11906,42
242,25,11215,43
243,25,100209,51
244,25,7098,50
245,25,1036322,37
246,25,58667,38
247,25,2189,44
248,25,9808,40
249,25,477723,54
250,25,261397,72
251,25,1344015,122
252,25,241319,52
253,25,29794,52
254,25,319387,86
255,25,271171,107
256,25,4188780,72
257,25,1114163,61
258,25,36063,47
259,25,926825,58
260,25,14521,44
261,25,1888704,74
262,25,2428404,63
263,25,483035,85
264,25,66733,53
265,25,623950,80
266,25,88129,55
267,25,174814,55
268,25,178568,67
269,25,194059,84
270,25,1438579,53
271,25,28358,43
272,25,770923,74
273,25,460210,54
274,25,91202,49
275,25,1185361,50
276,25,87635,67
277,25,2116608,117
278,25,48926,76
279,25,62299,50
280,25,35241,47
281,25,136802,94
282,25,48156,57
283,25,32399,44
284,25,45243,48
285,25,65126,54
286,25,10981,49
287,25,64200,60
288,25,293076,51
289,25,407911,71
290,25,502235,39
291,25,11479,53
292,25,15074,49
293,25,7839,44
294,25,28908,45
295,25,69326,44
296,25,111502,72
297,25,3647,48
298,25,14498,53
299,25,20431,44
300,25,13037,52
301,25,1016,45
302,25,511212,39
303,25,5035,43
304,25,32855,47
305,25,16729,43
306,25,13451,45
307,25,1496506,69
308,25,18918,51
309,25,40775,44
310,25,48989,58
311,25,7958,42
312,25,3245,45
313,25,72255,39
314,25,109060,45
315,25,432471,58
316,25,39,50
317,25,20513,44
318,25,5455,49
319,25,11011,44
320,25,1433,49
321,25,1273,44
322,25,797,54
323,25,2894,51
324,25,3452,44
325,25,17090,53
326,25,89372,43
327,25,4164,43
328,25,1213,47
329,25,163923,49
330,25,25,50
331,25,227051,39
332,25,9854,58
333,25,70310,44
334,25,134093,44
335,25,37221,45
336,25,14749,59
337,25,679619,77
338,25,4779,44
339,25,10688,58
340,25,41934,47
341,25,358847,64
342,25,43901,48
343,25,100360,44
344,25,1157,45
345,25,83136,68
346,25,4171,47
347,25,1763,45
348,25,207628,45
349,25,14856,45
350,25,4011,52
351,25,18703,45
352,25,1543,45
353,25,743549,54
354,25,202375,44
355,25,1597,50
356,25,321,60
357,25,1053825,123
358,25,14316,49
359,25,1275610,107
360,25,22465,47
361,25,374848,46
362,25,361534,64
363,25,118005,62
364,25,169243,45
365,25,265258,49
366,25,109059,44
367,25,284039,46
368,25,6342,43
369,25,38056,59
370,25,1447747,54
371,25,91411,42
372,25,9373,59
373,25,63583,44
374,25,5686,42
375,25,22699,57
376,25,1678959,41
377,25,18383,42
378,25,2508,47
379,25,36132,43
380,25,29851,54
381,25,9459,48
382,25,17102,43
383,25,5050,54
384,25,4139,43
385,25,550,50
386,25,7320,47
387,25,8387,43
388,25,54894,45
389,25,188788,42
390,25,5086,43
391,25,2679,52
392,25,259,55
393,25,8789,50
394,25,884,45
395,25,23552,48
396,25,4249,43
397,25,2317,45
398,25,17831,40
399,25,252748,57
400,25,4292,43
401,25,35,45
402,25,1071,45
403,25,2504,52
404,25,59471,54
405,25,6819,43
406,25,60311,44
407,25,11682,43
408,25,266409,50
409,25,24411,49
410,25,75112,39
411,25,665710,53
412,25,9330,51
413,25,3447545,78
414,25,76720,49
415,25,8119,44
416,25,54281,58
417,25,20022,44
418,25,575605,48
419,25,1078271,59
420,25,2858072,70
421,25,423026,51
422,25,332617,57
423,25,130762,60
424,25,38553,43
425,25,289101,40
426,25,83992,49
427,25,1324,50
428,25,6669,49
429,25,1059969,47
430,25,394635,74
431,25,148526,50
432,25,153914,42
433,25,8920,45
434,25,10224,47
435,25,109718,56
436,25,77410,53
437,25,245463,48
438,25,13537,55
439,25,180521,45
440,25,9848,45
441,25,1815,64
442,25,6991,45
443,25,165767,39
444,25,100270,39
445,25,33366,56
446,25,1696,44
447,25,40796,59
448,25,144070,40
449,25,8609,52
450,25,3292561,62
451,25,7186,43
452,25,15663,43
453,25,29752,48
454,25,24928,40
455,25,183271,72
456,25,6530,44
457,25,5506,44
458,25,7853,48
459,25,5384,47
460,25,8686,48
461,25,26692,56
462,25,5747,59
463,25,24375,47
464,25,69311,54
465,25,9371,43
467,25,12956,43
468,25,763878,59
469,25,6542,45
470,25,150952,44
471,25,5107,48
472,25,136734,50
473,25,25539,46
474,25,23419,45
475,25,654573,52
476,25,3902,45
477,25,149229,45
479,25,6059,49
480,25,24714,45
481,25,235482,40
482,25,230029,52
483,25,42753,44
484,25,665116,55
485,25,198946,89
486,25,16224,43
487,25,5388,57
488,25,34508,45
489,25,64904,47
490,25,10764,43
491,25,877724,43
492,25,34975,63
493,25,7715,43
494,25,23795,48
495,25,15920,55
496,25,16469,44
497,25,1575,50
498,25,4064,44
499,25,4285,49
500,25,4175,50
502,25,8247,44
503,25,71365,45
504,25,2852,44
505,25,15348,44
506,25,9304,53
507,25,6068,45
508,25,1508,47
509,25,62845,39
510,25,402507,46
511,25,769,50
512,25,36486,48
513,25,26939,43
514,25,23746,39
515,25,21806,39
516,25,31981,54
517,25,9471,54
518,25,752904,53
519,25,16419,54
520,25,204099,45
521,25,11939,40
522,25,3843,45
523,25,4168,50
524,25,6843,58
525,25,143125,57
526,25,4387,45
528,25,3528,48
533,25,223176,44
534,25,24500,39
535,25,23332,45
536,25,3107,40
537,25,2396,45
538,25,394,45
540,25,9062,39
541,25,1965,44
542,25,89150,45
543,25,3196,45
544,25,32720,40
545,25,1496,45
546,25,46381,39
547,25,6312,44
548,25,22050,44
549,25,15184,40
550,25,145621,45
551,25,4345,45
552,25,5099,45
553,25,1149,45
554,25,20636,40
555,25,355209,55
556,25,66142,45
557,25,1530,50
560,25,15883,40
561,25,23381,39
562,25,7706,39
563,25,29630,40
564,25,1111,60
565,25,8501,39
566,25,266,45
567,25,1829,44
568,25,98412,45
569,25,23837,39
570,25,864,40
571,25,5041,40
573,25,5813,40
574,25,52801,40
575,25,4430,49
576,25,1265,44
577,25,211153,46
578,25,52373,59
579,25,2521179,125
580,25,4519,43
581,25,9764,45
582,25,3851,56
583,25,224135,54
584,25,407432,51
585,25,4363,45
586,25,795396,65
587,25,30549,60
588,25,166709,49
589,25,10322,44
591,25,16954,60
593,25,145213,39
594,25,2232,45
595,25,108054,44
596,25,6033,40
597,25,1440,45
598,25,9461,39
599,25,7663,44
600,25,1330,44
601,25,36924,43
602,25,30098,45
603,25,4359,39
604,25,9778,39
605,25,927,44
607,25,44446,45
608,25,3347,40
609,25,1525,45
610,25,7380,40
611,25,14555,40
612,25,490,45
613,25,1190,45
614,25,790,45
615,25,1350,40
616,25,4701,40
617,25,4161,40
618,25,496,44
619,25,5338,40
620,25,543,45
621,25,12682,40
622,25,7521,50
623,25,2409,40
624,25,2765,45
625,25,469,45
626,25,1214,40
627,25,1195,40
628,25,293,45
629,25,318,44
630,25,378,45
631,25,353,45
632,25,2393,45
633,25,2356,40
634,25,446,45
635,25,3374,40
636,25,410,50
637,25,20421,39
638,25,239,45
639,25,736,40
640,25,30518,45
641,25,3156,43
642,25,3118,40
643,25,1190,40
644,25,1807,40
645,25,1390,40
646,25,398,45
647,25,167,45
648,25,409,44
649,25,4379,45
650,25,754,40
651,25,687,40
652,25,496,44
653,25,3235,40
654,25,331,45
655,25,8884,45
656,25,468,40
657,25,1099,40
658,25,604,45
659,25,1409,40
660,25,490,40
661,25,518,45
662,25,210,45
663,25,1335,50
665,25,420,40
666,25,4580,40
667,25,2911,40
668,25,990,44
669,25,8112,45
670,25,556,40
673,25,719,45
674,25,1920,44
675,25,2595,50
676,25,11736,45
677,25,1853,45
678,25,94484,50
679,25,1879,49
680,25,102,45
681,25,1569517,72
682,25,370,40
683,25,8532,45
684,25,465,40
685,25,357,45
686,25,292,40
687,25,85,45
688,25,298,40
689,25,345,55
691,25,1028,40
696,25,30151,80
697,25,20761,50
698,25,143,50
699,25,8860,55
700,25,80805,65
701,25,9065,60
702,25,3993,50
703,25,48,45
704,25,2208,45
706,25,0,45
707,25,0,45
1,26,74577,45
2,26,50819,40
3,26,6800,63
4,26,121996,96
5,26,14682,42
6,26,618426,83
7,26,27822,48
8,26,8247,42
9,26,18316,48
10,26,17299,42
11,26,6475,42
12,26,27550,44
13,26,4319,52
14,26,56237,41
15,26,21966,50
16,26,1333730,51
17,26,68945,69
18,26,11120,45
19,26,41604,57
20,26,21593,54
21,26,1278954,58
22,26,2136222,65
23,26,771531,53
24,26,55,45
25,26,96,45
26,26,229291,53
27,26,203,45
28,26,205218,39
29,26,1313,49
30,26,1068794,55
31,26,39,45
32,26,25306,57
33,26,664408,75
34,26,1811,50
35,26,95617,58
36,26,16857,44
37,26,1643,54
38,26,524226,50
39,26,164290,47
40,26,901238,76
41,26,12656,44
42,26,30106,56
43,26,100955,62
44,26,369199,51
45,26,83343,49
46,26,1156,45
47,26,9004,54
48,26,59,55
49,26,158510,45
50,26,157558,44
51,26,758166,48
52,26,40202,47
53,26,14586,53
54,26,180316,40
55,26,23163,57
56,26,834862,41
57,26,39,45
58,26,22887,44
59,26,187850,48
60,26,4866,53
61,26,73147,44
62,26,95062,42
63,26,882245,66
64,26,152166,60
65,26,606,45
66,26,100,55
67,26,1261366,45
68,26,493,40
69,26,1567542,46
70,26,469697,44
71,26,234621,45
72,26,7423,53
73,26,2677,48
74,26,69819,53
75,26,70484,45
76,26,544367,45
77,26,51258,50
78,26,782563,65
79,26,2692,51
80,26,289679,43
81,26,107084,55
82,26,942,53
83,26,82685,45
84,26,9010,50
85,26,3660,53
86,26,4421,49
87,26,120012,39
88,26,8681,53
89,26,9069,43
90,26,3974,43
91,26,294484,45
92,26,623,40
93,26,53846,44
94,26,123531,39
95,26,1085,54
96,26,93679,52
97,26,5280,44
98,26,159785,49
99,26,51228,39
100,26,35538,42
101,26,11354,44
102,26,1932,44
103,26,14972,40
104,26,153993,52
105,26,61422,52
106,26,83069,48
107,26,30087,53
108,26,5030,54
109,26,130770,67
110,26,142619,44
111,26,26572,52
112,26,289308,54
113,26,26400,44
114,26,9847,44
115,26,209462,43
116,26,187,45
117,26,409,45
118,26,19961,57
119,26,297621,56
120,26,1247,65
121,26,461010,56
122,26,748760,56
123,26,426780,58
124,26,7988,52
125,26,189527,50
126,26,4477,55
127,26,1747847,61
128,26,97929,54
129,26,41177,47
130,26,209456,49
131,26,104001,73
132,26,9186,54
133,26,125289,46
134,26,126175,86
135,26,285520,56
136,26,11348,65
137,26,62640,79
138,26,1121188,75
139,26,3294,45
140,26,31307,53
141,26,273791,78
142,26,930342,62
143,26,958649,61
144,26,1215795,62
145,26,300895,43
146,26,612492,46
147,26,11288,43
148,26,119634,43
149,26,131234,61
150,26,49072,45
151,26,79323,39
152,26,3876,53
153,26,72845,58
154,26,595655,68
155,26,6826,54
156,26,37373,44
157,26,2641,47
158,26,3446,43
159,26,27582,52
160,26,6813,59
161,26,789,45
162,26,125297,45
163,26,33249,43
164,26,59661,67
165,26,45311,49
166,26,42926,69
167,26,205,55
168,26,813313,51
169,26,227663,48
170,26,387141,49
171,26,326205,43
172,26,7310,49
173,26,106906,53
174,26,14573,58
175,26,24258,49
176,26,5673,48
177,26,335579,78
178,26,41078,42
179,26,38649,47
180,26,435956,75
181,26,75135,40
182,26,160,55
183,26,416,45
184,26,20583,44
185,26,255223,43
186,26,26964,52
187,26,111791,62
188,26,276408,49
189,26,264279,77
190,26,31849,45
191,26,84850,47
192,26,4260,54
193,26,7767,48
194,26,11415,43
195,26,1741,45
196,26,1339612,65
197,26,8557,44
198,26,12053,43
199,26,190464,48
200,26,1086216,48
201,26,14779,54
202,26,10684,52
203,26,93866,43
204,26,343536,40
205,26,794448,103
206,26,1558,49
207,26,133684,52
208,26,865436,38
209,26,43454,53
210,26,326555,64
211,26,9930,57
212,26,752581,68
213,26,171297,69
214,26,9753,44
215,26,187865,65
216,26,75175,48
217,26,131434,49
218,26,12024,49
219,26,60836,43
220,26,22271,43
221,26,7394,49
222,26,167793,50
223,26,16149,43
224,26,288881,49
225,26,41135,53
226,26,3456,59
227,26,22559,58
228,26,350679,87
229,26,1691142,67
230,26,355919,117
231,26,728035,60
232,26,155042,54
233,26,5419768,131
234,26,764967,72
235,26,84171,48
236,26,6436,51
237,26,4386788,85
238,26,35587,47
239,26,15490,50
240,26,2230656,84
241,26,11799,42
242,26,10800,43
243,26,100639,51
244,26,6825,50
245,26,946071,37
246,26,55572,38
247,26,2185,44
248,26,9713,40
249,26,473966,54
250,26,246494,71
251,26,849463,120
252,26,237845,52
253,26,29765,52
254,26,313543,87
255,26,309905,107
256,26,3845997,72
257,26,1059694,61
258,26,36248,47
259,26,793695,58
260,26,14404,44
261,26,1676102,73
262,26,2342795,63
263,26,441526,84
264,26,65852,53
265,26,565332,79
266,26,83756,55
267,26,165150,55
268,26,177672,67
269,26,161400,84
270,26,1189431,53
271,26,26981,43
272,26,688613,74
273,26,435024,54
274,26,84873,49
275,26,1131762,50
276,26,86561,67
277,26,1581073,117
278,26,48524,76
279,26,53532,50
280,26,35185,47
281,26,88308,94
282,26,59836,57
283,26,31780,44
284,26,43724,48
285,26,50391,54
286,26,10887,49
287,26,87792,60
288,26,284274,51
289,26,392996,71
290,26,520164,39
291,26,11777,53
292,26,14688,49
293,26,7662,44
294,26,28586,45
295,26,88919,44
296,26,107199,72
297,26,3560,48
298,26,23242,53
299,26,18678,44
300,26,13153,52
301,26,1126,45
302,26,481088,39
303,26,5074,43
304,26,32201,47
305,26,22855,43
306,26,12790,45
307,26,1472993,69
308,26,18661,51
309,26,39623,44
310,26,48243,58
311,26,7723,42
312,26,3224,45
313,26,96725,39
314,26,103629,45
315,26,434894,58
316,26,39,50
317,26,19928,44
318,26,5295,49
319,26,10732,44
320,26,1428,49
321,26,1270,44
322,26,793,54
323,26,2893,51
324,26,3514,44
325,26,16824,53
326,26,87932,43
327,26,4083,43
328,26,1239,47
329,26,133495,49
330,26,25,50
331,26,217475,39
332,26,9894,58
333,26,75824,44
334,26,125370,44
335,26,37462,45
336,26,13587,59
337,26,664779,77
338,26,4804,44
339,26,11048,58
340,26,41437,47
341,26,404231,64
342,26,48136,48
343,26,89475,44
344,26,1153,45
345,26,171785,68
346,26,4006,47
347,26,1739,45
348,26,204805,45
349,26,14483,45
350,26,4021,52
351,26,19582,45
352,26,1540,45
353,26,713218,54
354,26,207942,44
355,26,1594,50
356,26,320,60
357,26,1006631,122
358,26,14289,49
359,26,1639539,107
360,26,23051,47
361,26,347802,46
362,26,340053,64
363,26,108998,62
364,26,154465,45
365,26,260050,49
366,26,110851,44
367,26,270841,46
368,26,6534,43
369,26,41145,59
370,26,1278380,53
371,26,86440,42
372,26,9209,59
373,26,60705,44
374,26,5780,42
375,26,22117,57
376,26,1695643,41
377,26,17707,42
378,26,2488,47
379,26,34263,43
380,26,29708,54
381,26,9647,48
382,26,21701,43
383,26,5024,54
384,26,4150,43
385,26,550,50
386,26,8128,47
387,26,8427,43
388,26,54270,45
389,26,167667,42
390,26,5157,43
391,26,2682,52
392,26,259,55
393,26,8741,50
394,26,876,45
395,26,25070,48
396,26,4175,43
397,26,2300,45
398,26,17600,40
399,26,293886,57
400,26,4219,43
401,26,35,45
402,26,1061,45
403,26,2563,52
404,26,55924,54
405,26,7733,43
406,26,59403,44
407,26,11704,43
408,26,248611,50
409,26,24143,49
410,26,74173,39
411,26,649373,53
412,26,9313,51
413,26,3155345,77
414,26,66650,49
415,26,8161,44
416,26,50219,58
417,26,15933,44
418,26,505565,48
419,26,1053312,59
420,26,2939351,71
421,26,416732,51
422,26,325973,57
423,26,128812,60
424,26,35475,43
425,26,270059,39
426,26,86501,49
427,26,1322,50
428,26,6842,49
429,26,1199615,47
430,26,887697,74
431,26,284056,50
432,26,143280,42
433,26,8494,45
434,26,56857,47
435,26,105791,56
436,26,106009,53
437,26,310346,48
438,26,25750,55
439,26,247603,46
440,26,9771,45
441,26,2701,64
442,26,6928,45
443,26,169944,39
444,26,95775,39
445,26,34586,56
446,26,1714,44
447,26,34835,59
448,26,164264,40
449,26,8637,52
450,26,3230136,61
451,26,7227,43
452,26,15714,43
453,26,29835,47
454,26,24612,40
455,26,172603,72
456,26,6450,44
457,26,5447,44
458,26,7630,48
459,26,5408,47
460,26,8892,48
461,26,27460,56
462,26,5567,59
463,26,24105,47
464,26,74464,54
465,26,9236,43
466,26,33340,43
467,26,14782,43
468,26,742277,59
469,26,6470,45
470,26,178910,44
471,26,5073,48
472,26,139375,50
473,26,25134,46
474,26,23908,45
475,26,761789,52
476,26,3790,45
477,26,167478,45
478,26,10911,48
479,26,5967,49
480,26,24233,45
481,26,229104,40
482,26,221939,52
483,26,42618,44
484,26,535189,55
485,26,208969,89
486,26,16087,43
487,26,5326,57
488,26,43455,45
489,26,64523,47
490,26,10730,43
491,26,808697,43
492,26,35225,63
493,26,7741,43
494,26,26468,48
495,26,14912,55
496,26,15964,44
497,26,1563,50
498,26,3973,44
499,26,3976,49
500,26,4155,50
501,26,11422,49
502,26,8523,44
503,26,116450,45
504,26,2844,44
505,26,15090,44
506,26,11782,53
507,26,5928,45
508,26,1516,47
509,26,64777,39
510,26,322189,46
511,26,767,50
512,26,27986,48
513,26,26205,43
514,26,27746,39
515,26,21374,39
516,26,38680,54
517,26,9712,54
518,26,974194,54
519,26,16274,54
520,26,205467,45
521,26,11816,40
522,26,3827,45
523,26,4140,50
524,26,6563,58
525,26,139447,57
526,26,4694,45
527,26,159593,47
528,26,3502,48
529,26,748874,115
530,26,25038,47
531,26,674,50
532,26,35932,40
533,26,302458,44
534,26,25992,39
535,26,23105,45
536,26,3084,40
537,26,2359,45
538,26,394,45
539,26,942,45
540,26,9654,39
541,26,1986,44
542,26,85711,45
543,26,3309,45
544,26,31278,40
545,26,1491,45
546,26,48027,39
547,26,6676,44
548,26,22347,44
549,26,15051,40
550,26,140504,45
551,26,4343,45
552,26,5325,45
553,26,1143,45
554,26,20614,40
555,26,276070,55
556,26,57507,45
557,26,1494,50
558,26,416320,55
559,26,1965891,51
560,26,16855,39
561,26,43561,39
562,26,7527,39
563,26,30555,40
564,26,1107,60
565,26,8966,39
566,26,266,45
567,26,1764,44
568,26,91608,45
569,26,26758,39
570,26,859,40
571,26,4950,40
572,26,40228,39
573,26,11272,39
574,26,51877,40
575,26,5382,49
576,26,1286,44
577,26,224179,46
578,26,222636,59
579,26,2047944,125
580,26,4447,43
581,26,9504,45
582,26,3856,56
583,26,232697,54
584,26,343342,51
585,26,9377,45
586,26,884017,66
587,26,25501,60
588,26,141435,48
589,26,10140,44
590,26,238939,46
591,26,16550,60
592,26,9396,49
593,26,148459,39
594,26,2200,45
595,26,101483,44
596,26,6330,40
597,26,1422,45
598,26,11865,39
599,26,7369,44
600,26,1338,44
601,26,37515,43
602,26,27584,45
603,26,5317,39
604,26,16999,39
605,26,982,44
606,26,3738,40
607,26,52208,45
608,26,3620,40
609,26,1477,45
610,26,7557,40
611,26,13999,40
612,26,488,45
613,26,1203,45
614,26,849,45
615,26,1439,40
616,26,4559,40
617,26,4249,40
618,26,482,44
619,26,5371,40
620,26,529,45
621,26,13433,40
622,26,8147,50
623,26,2482,40
624,26,2789,45
625,26,480,45
626,26,1259,40
627,26,1210,40
628,26,329,45
629,26,364,44
630,26,492,45
631,26,365,45
632,26,2364,45
633,26,2626,40
634,26,472,45
635,26,4055,40
636,26,391,50
637,26,41421,39
638,26,276,45
639,26,683,40
640,26,35847,45
641,26,3031,43
642,26,3390,40
643,26,1317,40
644,26,2106,40
645,26,1537,40
646,26,481,45
647,26,160,45
648,26,439,44
649,26,4065,45
650,26,675,40
651,26,795,40
652,26,665,44
653,26,3366,40
654,26,343,45
655,26,11193,45
656,26,461,40
657,26,1257,40
658,26,717,45
659,26,1767,40
660,26,530,40
661,26,488,45
662,26,290,45
663,26,1710,50
664,26,717,45
665,26,398,40
666,26,4418,40
667,26,2976,40
668,26,1199,44
669,26,7390,45
670,26,696,40
671,26,185,45
672,26,240,45
673,26,756,45
674,26,1752,43
675,26,2111,50
676,26,11926,45
677,26,1962,45
678,26,73973,50
679,26,1681,48
680,26,121,45
681,26,1664551,73
682,26,630,40
683,26,7924,45
684,26,631,40
685,26,400,45
686,26,265,40
687,26,75,45
688,26,435,40
689,26,436,55
690,26,413,45
691,26,1407,40
692,26,96,45
693,26,84,45
694,26,5113,45
695,26,70,40
696,26,148277,80
697,26,18733,50
698,26,238,50
699,26,6880,55
700,26,193441,65
701,26,9883,60
702,26,6032,50
703,26,137,45
704,26,15499,45
705,26,456,40
706,26,175,45
707,26,96,45
708,26,0,40
709,26,0,40
710,26,0,45
711,26,0,40
10,27,18876,42
19,27,107988,57
28,27,197868,39
29,27,1312,49
30,27,1078174,55
31,27,39,45
32,27,25188,57
33,27,655302,75
34,27,1876,50
35,27,95427,57
36,27,16731,44
37,27,1567,54
38,27,540066,50
39,27,197919,47
40,27,801211,76
41,27,12499,44
42,27,29960,56
43,27,101559,62
44,27,405076,51
45,27,84270,49
46,27,1153,45
47,27,8959,54
48,27,59,55
49,27,149782,45
50,27,153578,44
51,27,776669,48
52,27,40263,47
53,27,14707,53
54,27,172458,40
55,27,22943,57
56,27,818331,41
57,27,39,45
58,27,40528,44
59,27,192573,48
60,27,4838,53
61,27,45254,44
62,27,106501,42
63,27,864941,66
64,27,150000,60
65,27,606,45
66,27,100,55
68,27,492,40
69,27,1526464,46
70,27,467624,44
71,27,246944,45
72,27,7264,53
73,27,2669,48
74,27,69224,53
75,27,71024,45
76,27,554995,45
77,27,56710,50
78,27,751813,65
79,27,2671,51
80,27,310589,43
81,27,108290,55
82,27,1066,53
83,27,86019,45
84,27,9042,50
85,27,3654,53
86,27,4170,49
87,27,116336,39
88,27,8357,53
89,27,8806,42
90,27,4009,43
91,27,300232,45
92,27,614,40
93,27,52839,44
94,27,120203,39
95,27,1080,54
96,27,103657,52
97,27,5137,44
98,27,223204,49
99,27,49861,39
100,27,76247,42
101,27,11600,44
102,27,1876,44
103,27,14884,40
104,27,169303,52
105,27,61625,52
106,27,691643,48
107,27,29565,53
108,27,4911,54
109,27,153467,67
110,27,135082,44
111,27,25294,52
112,27,676431,54
113,27,26360,44
114,27,9740,44
115,27,281290,43
116,27,185,45
117,27,408,45
118,27,52574,57
128,27,106678,54
144,27,1395951,62
145,27,335454,43
146,27,548032,46
147,27,10928,43
148,27,134606,43
149,27,123252,61
150,27,50061,45
151,27,77997,39
152,27,3825,53
153,27,71704,58
154,27,578345,68
155,27,5733,54
156,27,38585,44
157,27,2664,47
158,27,3456,43
159,27,32054,52
160,27,6441,59
161,27,776,45
162,27,137914,45
163,27,31858,43
164,27,59586,67
165,27,49634,49
166,27,42849,69
167,27,206,55
168,27,823150,51
169,27,221726,48
170,27,384962,49
171,27,319152,43
172,27,7312,49
173,27,104762,53
174,27,14642,58
175,27,23945,49
176,27,5613,48
177,27,309804,78
178,27,40390,42
179,27,37451,47
180,27,417166,75
181,27,74461,40
182,27,159,55
183,27,415,45
184,27,20280,44
185,27,250518,43
186,27,26591,52
187,27,119955,62
188,27,275050,49
189,27,262977,77
190,27,29247,45
191,27,84035,47
192,27,4244,54
193,27,7459,48
194,27,11241,43
195,27,1724,45
196,27,1297667,65
197,27,8524,44
198,27,11944,43
199,27,188631,48
200,27,1092720,48
201,27,14595,54
202,27,11079,52
203,27,103160,43
204,27,339841,40
205,27,778021,103
206,27,1556,49
207,27,142124,52
208,27,930454,38
209,27,42173,53
210,27,335634,64
211,27,10007,57
212,27,776164,68
213,27,172740,69
214,27,9713,44
215,27,186360,65
216,27,75409,48
217,27,133290,49
218,27,11148,49
219,27,61613,43
220,27,22221,43
249,27,493784,54
250,27,265512,71
251,27,988496,119
252,27,238662,52
253,27,29767,52
254,27,634463,87
255,27,540660,107
256,27,4119753,71
257,27,1089823,61
258,27,36227,47
259,27,854933,58
260,27,14318,44
261,27,1750997,73
262,27,2490531,63
263,27,424952,84
264,27,65926,53
265,27,600732,79
266,27,84340,55
267,27,151211,55
268,27,176749,67
269,27,155418,84
270,27,1219725,53
271,27,30655,43
272,27,711947,74
273,27,524569,54
274,27,92550,49
275,27,1233778,50
276,27,86822,67
277,27,2081723,117
278,27,48179,76
279,27,54273,50
280,27,35241,47
281,27,85614,94
282,27,57316,57
283,27,31286,44
284,27,46479,48
285,27,42556,54
286,27,11028,49
287,27,82079,60
288,27,286606,51
289,27,384600,71
290,27,520769,39
291,27,13828,53
292,27,14443,49
293,27,7546,44
294,27,29097,45
295,27,108944,44
296,27,104505,72
297,27,3508,48
298,27,23513,53
299,27,19337,44
300,27,13301,52
301,27,1315,45
302,27,451410,39
303,27,5604,43
304,27,32768,47
305,27,39990,43
306,27,12330,45
307,27,1236066,69
308,27,18711,51
309,27,38990,44
310,27,53242,58
311,27,7539,42
312,27,3204,45
313,27,111510,39
314,27,103489,45
315,27,473105,58
316,27,39,50
317,27,19614,44
318,27,6040,49
319,27,12836,44
320,27,1419,49
321,27,1354,44
322,27,787,54
323,27,2954,51
324,27,3571,44
325,27,16648,53
326,27,89648,43
327,27,4084,43
328,27,1286,47
329,27,86572,49
330,27,25,50
331,27,209913,39
332,27,10112,58
333,27,125711,44
334,27,120738,44
335,27,40920,45
336,27,14045,59
337,27,664731,77
338,27,4940,44
339,27,25464,58
340,27,41526,47
341,27,816525,65
342,27,158483,48
343,27,202469,44
344,27,1146,45
345,27,409984,69
346,27,3928,47
347,27,1766,45
348,27,201748,45
349,27,14304,45
350,27,4103,52
351,27,30537,45
352,27,1535,45
353,27,711911,54
354,27,204006,44
355,27,1589,50
356,27,321,60
357,27,1490201,122
358,27,14248,49
359,27,2100853,108
360,27,22797,47
361,27,375093,46
362,27,280876,64
363,27,105988,62
364,27,148974,45
365,27,249709,49
366,27,105388,44
367,27,245339,46
368,27,8609,43
369,27,36796,59
370,27,1134222,53
371,27,83511,42
372,27,9108,59
373,27,58385,44
374,27,5767,42
375,27,21720,57
376,27,1645741,41
377,27,17280,42
378,27,2435,47
379,27,30905,43
380,27,29591,54
381,27,9339,48
382,27,16552,43
383,27,5010,54
384,27,4111,43
385,27,547,50
386,27,7376,47
387,27,8298,43
388,27,53624,45
389,27,156820,42
390,27,5108,43
391,27,2635,52
392,27,259,55
393,27,8701,50
394,27,873,45
395,27,24811,48
396,27,4139,43
397,27,2283,45
398,27,17432,40
399,27,274744,57
400,27,4139,43
401,27,35,45
402,27,1054,45
403,27,2617,52
404,27,37584,54
405,27,7715,43
406,27,58748,44
407,27,11655,43
408,27,252004,50
409,27,23886,49
410,27,73428,39
411,27,780068,53
412,27,9338,51
413,27,3024993,77
414,27,134199,49
415,27,8283,44
416,27,39331,58
417,27,13544,44
418,27,367971,48
419,27,1049165,59
420,27,2930529,71
421,27,417464,51
422,27,325292,57
423,27,126923,60
424,27,32532,43
425,27,281301,39
426,27,82145,49
427,27,1318,50
428,27,7249,49
429,27,1223981,47
430,27,728458,75
431,27,254918,50
432,27,134959,42
433,27,8567,45
434,27,41633,47
435,27,103179,56
436,27,102243,53
437,27,248439,48
438,27,35359,55
439,27,246228,46
440,27,9716,45
441,27,4328,64
442,27,6882,45
443,27,162125,39
444,27,94564,39
445,27,33902,56
446,27,1784,44
447,27,32889,59
448,27,192969,40
449,27,12964,52
450,27,3016461,61
451,27,7942,43
452,27,15684,43
453,27,29648,47
454,27,24409,40
455,27,176199,72
456,27,6812,44
457,27,5473,44
458,27,7505,48
459,27,5444,47
460,27,9542,48
461,27,26938,56
462,27,5445,59
463,27,24544,47
464,27,60767,54
465,27,9346,43
467,27,15147,43
468,27,488974,59
469,27,6401,45
470,27,171561,44
471,27,5105,48
472,27,135166,50
473,27,24833,46
474,27,21385,45
475,27,746866,52
476,27,3706,45
477,27,163768,45
479,27,5931,49
480,27,24090,45
481,27,225586,40
482,27,218252,52
483,27,48803,44
484,27,488775,55
485,27,397416,89
486,27,16020,43
487,27,5283,57
488,27,40264,45
489,27,64546,47
490,27,10801,43
491,27,1167478,43
492,27,35505,63
493,27,8332,43
494,27,32837,48
495,27,13694,55
496,27,15571,44
497,27,1551,50
498,27,3903,44
499,27,3929,49
500,27,4140,50
502,27,8542,44
503,27,120619,45
504,27,2793,44
505,27,17565,44
507,27,5806,45
508,27,1529,47
509,27,65937,39
510,27,306988,46
511,27,763,50
512,27,95260,48
513,27,25791,43
514,27,33631,39
515,27,21032,39
516,27,47511,54
517,27,32864,54
518,27,1329770,55
519,27,18143,54
520,27,201761,45
521,27,11727,40
522,27,3806,45
523,27,4129,50
524,27,6895,58
525,27,143705,57
526,27,4853,45
528,27,3519,48
533,27,247925,44
534,27,25094,39
535,27,22896,45
536,27,3064,40
537,27,2322,45
538,27,389,45
540,27,9693,39
541,27,1976,44
542,27,82258,45
543,27,3370,45
544,27,30145,40
545,27,1480,45
546,27,47044,39
547,27,6446,44
548,27,22529,44
549,27,14957,40
550,27,135699,45
551,27,4347,45
552,27,5610,45
554,27,20591,40
555,27,307373,55
556,27,55305,45
557,27,1474,50
560,27,17213,39
561,27,45111,39
562,27,7393,39
563,27,30388,40
564,27,1107,60
565,27,8691,39
566,27,265,45
567,27,1751,44
568,27,85443,45
569,27,25074,39
570,27,857,40
571,27,4948,40
573,27,23849,39
574,27,51057,40
575,27,21151,49
576,27,1293,44
577,27,210941,46
578,27,126719,59
579,27,2073816,124
580,27,4552,43
581,27,10013,45
582,27,3928,56
583,27,253585,54
584,27,357785,51
585,27,120668,45
586,27,580982,66
587,27,31724,60
588,27,151553,48
589,27,9987,44
591,27,16126,60
593,27,137774,39
594,27,2172,45
595,27,94269,44
596,27,6441,40
597,27,1409,45
598,27,11247,39
599,27,7129,44
600,27,1372,44
601,27,36466,43
602,27,25263,45
603,27,4769,39
604,27,11337,39
605,27,979,44
607,27,48099,45
608,27,3200,40
609,27,1446,45
610,27,7564,40
611,27,13726,40
612,27,530,45
613,27,1223,45
614,27,900,45
615,27,1438,40
616,27,4527,40
617,27,4325,40
618,27,471,44
619,27,5316,40
621,27,13740,40
622,27,8255,50
623,27,2594,40
624,27,2808,45
628,27,331,45
629,27,375,44
630,27,583,45
631,27,406,45
632,27,2390,45
633,27,2462,40
634,27,495,45
635,27,4345,40
636,27,376,50
637,27,45258,39
638,27,307,45
639,27,662,40
640,27,39602,45
641,27,3156,43
642,27,3217,40
643,27,1555,40
644,27,2074,40
645,27,1727,40
646,27,533,45
647,27,150,45
648,27,539,44
649,27,3813,45
650,27,636,40
651,27,845,40
652,27,620,44
653,27,3569,40
654,27,396,45
655,27,21538,45
657,27,1421,40
658,27,753,45
659,27,1782,40
661,27,473,45
662,27,296,45
663,27,1716,50
665,27,385,40
666,27,4610,40
667,27,3121,40
668,27,1327,44
669,27,7192,45
670,27,788,40
673,27,822,45
674,27,1666,43
675,27,2052,50
676,27,9094,45
677,27,1669,45
678,27,49142,50
679,27,1234,48
680,27,148,45
681,27,1708523,73
682,27,650,40
683,27,7915,45
684,27,785,40
685,27,462,45
686,27,250,40
687,27,72,45
688,27,581,40
689,27,439,55
691,27,1680,40
697,27,17954,49
698,27,206,50
699,27,10934,55
700,27,1143662,65
701,27,94256,60
702,27,4117,50
703,27,188,45
704,27,9409,45
706,27,200,45
707,27,166,45
708,27,263,40
709,27,763,40
710,27,112,45
712,27,0,40
713,27,0,45
714,27,0,45
1,28,74794,45
2,28,50306,40
3,28,6779,63
4,28,118640,96
5,28,16807,42
6,28,443593,83
7,28,27708,48
8,28,8094,42
9,28,18212,48
10,28,17700,42
11,28,6409,42
12,28,27428,44
13,28,4240,52
14,28,52551,41
15,28,22354,50
16,28,1076517,51
17,28,69712,69
18,28,11034,45
19,28,475335,58
20,28,21285,54
21,28,1100076,58
22,28,1837116,65
23,28,595609,53
24,28,55,45
25,28,96,45
26,28,221705,53
27,28,202,45
28,28,187751,39
29,28,1310,49
30,28,1104031,55
31,28,39,45
32,28,25122,57
33,28,652581,75
34,28,1891,50
35,28,100819,57
36,28,16472,44
37,28,1544,54
38,28,574729,50
39,28,256561,47
40,28,1002239,75
41,28,12406,44
42,28,29814,56
43,28,100911,62
44,28,571777,51
45,28,87996,49
46,28,1147,45
47,28,8942,54
48,28,59,55
49,28,147115,45
50,28,148168,44
51,28,949184,48
52,28,40072,47
53,28,14162,53
54,28,165720,40
55,28,22452,57
56,28,788638,41
57,28,39,45
58,28,52564,44
59,28,188560,48
60,28,4806,53
61,28,36160,43
62,28,86750,42
63,28,779968,65
64,28,127209,59
65,28,602,45
66,28,99,55
67,28,1148879,45
68,28,493,40
69,28,1487456,46
70,28,458179,44
71,28,213694,45
72,28,7165,53
73,28,2633,48
74,28,58113,53
75,28,65138,45
76,28,521814,45
77,28,53371,50
78,28,746324,65
79,28,2690,51
80,28,300104,43
81,28,104937,55
82,28,962,53
83,28,81222,45
84,28,8779,49
85,28,3629,53
86,28,4123,49
87,28,114136,39
88,28,8152,53
89,28,8201,42
90,28,3935,43
91,28,288487,45
92,28,606,40
93,28,52410,44
94,28,116431,39
95,28,1080,54
96,28,91436,52
97,28,5047,44
98,28,126449,49
99,28,49542,39
100,28,31497,42
101,28,11283,44
102,28,1877,44
103,28,14769,40
104,28,136383,52
105,28,61178,52
106,28,195320,48
107,28,24957,53
108,28,4913,54
109,28,212601,67
110,28,118514,44
111,28,24832,52
112,28,299255,54
113,28,25807,44
114,28,9729,44
115,28,230446,43
116,28,183,45
117,28,408,45
118,28,27400,57
119,28,281362,56
120,28,1243,65
121,28,777736,56
122,28,801561,56
123,28,442233,58
124,28,7996,52
125,28,186713,50
126,28,4460,55
127,28,2410202,61
128,28,103075,54
129,28,36088,46
130,28,218329,49
131,28,139434,73
132,28,9193,54
133,28,129699,46
134,28,135694,86
135,28,281208,56
136,28,11311,65
137,28,73116,79
138,28,1436309,75
139,28,3274,45
140,28,27188,53
141,28,393209,78
142,28,1224297,62
143,28,1102060,61
144,28,1249397,62
145,28,296352,43
146,28,533763,46
147,28,10636,43
148,28,115324,43
149,28,117934,60
150,28,48630,45
151,28,76407,39
152,28,3796,53
153,28,66803,58
154,28,479228,68
155,28,6115,54
156,28,36745,44
157,28,2649,47
158,28,3443,43
159,28,27205,52
160,28,6132,59
161,28,771,45
162,28,108114,45
163,28,30979,43
164,28,59529,67
165,28,47056,49
166,28,42778,69
167,28,206,55
168,28,930942,51
169,28,212825,47
170,28,389733,49
171,28,305883,43
172,28,7230,49
173,28,104542,53
174,28,14701,58
175,28,23759,49
176,28,5608,48
177,28,273432,77
178,28,43480,42
179,28,36719,47
180,28,408578,75
181,28,73714,40
182,28,159,55
183,28,414,45
184,28,20026,44
185,28,250646,43
186,28,26463,52
187,28,135016,62
188,28,274639,49
189,28,262893,77
190,28,27940,45
191,28,83554,47
192,28,4234,54
193,28,7263,48
194,28,11519,43
195,28,1718,45
196,28,1633506,65
197,28,8497,44
198,28,12171,43
199,28,193241,48
200,28,1086538,48
201,28,14476,54
202,28,11232,52
203,28,91403,43
204,28,336243,40
205,28,859727,103
206,28,1554,49
207,28,135223,52
208,28,823402,38
209,28,41221,53
210,28,333521,64
211,28,10002,57
212,28,693447,68
213,28,170631,69
214,28,9628,44
215,28,196263,65
216,28,75468,48
217,28,135806,49
218,28,10631,49
219,28,61507,43
220,28,22200,43
221,28,7274,49
222,28,160202,50
223,28,16156,43
224,28,262115,49
225,28,39538,53
226,28,3444,59
227,28,21576,58
228,28,221149,87
229,28,1617127,67
230,28,292474,117
231,28,683147,60
232,28,107030,54
233,28,5510047,132
234,28,613500,72
235,28,92104,48
236,28,6086,51
237,28,4062552,85
238,28,35850,47
239,28,14898,50
240,28,1720241,83
241,28,11655,42
242,28,11080,43
243,28,100427,51
244,28,6487,50
245,28,975212,37
246,28,53605,38
247,28,2169,44
248,28,9637,40
249,28,469924,54
250,28,252412,71
251,28,709777,118
252,28,241215,52
253,28,29769,52
254,28,344652,87
255,28,302042,107
256,28,3747104,71
257,28,1043194,61
258,28,35595,47
259,28,762403,58
260,28,14255,44
261,28,1563314,72
262,28,2057993,63
263,28,423035,84
264,28,65216,53
265,28,534477,79
266,28,82752,55
267,28,145737,55
268,28,176064,67
269,28,152500,84
270,28,1035882,52
271,28,30554,43
272,28,646849,74
273,28,433141,54
274,28,86159,49
275,28,1112896,50
276,28,86231,67
277,28,1492693,117
278,28,47968,76
279,28,48185,50
280,28,35182,47
281,28,66239,94
282,28,53229,57
283,28,31014,44
284,28,45179,48
285,28,35706,54
286,28,11066,49
287,28,97688,60
288,28,282528,51
289,28,379616,71
290,28,469035,39
291,28,14968,53
292,28,14222,49
293,28,7455,44
294,28,30027,45
295,28,257430,44
296,28,102789,72
297,28,3450,48
298,28,104093,53
299,28,19033,44
300,28,13447,52
301,28,1456,45
302,28,451911,39
303,28,6422,43
304,28,33042,47
305,28,159609,43
306,28,12035,45
307,28,1128738,68
308,28,18668,51
309,28,38401,44
310,28,136196,58
311,28,7434,42
312,28,3193,45
313,28,83956,39
314,28,102326,45
315,28,475539,58
316,28,38,50
317,28,19408,44
318,28,5581,49
319,28,11851,44
320,28,1415,49
321,28,1314,44
322,28,786,54
323,28,2928,51
324,28,3545,44
325,28,16523,53
326,28,87500,43
327,28,4080,43
328,28,1272,47
329,28,80719,49
330,28,25,50
331,28,205554,39
332,28,10147,58
333,28,120774,44
334,28,116302,44
335,28,51579,45
336,28,14832,59
337,28,677858,77
338,28,4975,44
339,28,25093,58
340,28,41202,47
341,28,929029,66
342,28,110850,48
343,28,180415,44
344,28,1142,45
345,28,790507,70
346,28,3883,47
347,28,1790,45
348,28,200695,45
349,28,13883,45
350,28,4079,52
351,28,24124,45
352,28,1532,45
353,28,688349,54
354,28,202247,44
355,28,1586,50
356,28,321,60
357,28,1348552,123
358,28,14220,49
359,28,1804292,108
360,28,37226,47
361,28,364693,46
362,28,187767,62
363,28,101886,62
364,28,139833,44
365,28,245496,49
366,28,103857,44
367,28,209372,45
368,28,12741,43
369,28,34593,59
370,28,941248,52
371,28,81907,42
372,28,9029,59
373,28,57235,44
374,28,5745,42
375,28,21496,57
376,28,1700183,41
377,28,16950,42
378,28,2403,47
379,28,33266,43
380,28,29492,54
381,28,9427,48
382,28,13933,43
383,28,4994,54
384,28,4127,43
385,28,548,50
386,28,6824,47
387,28,8160,43
388,28,53342,45
389,28,146724,42
390,28,5113,43
391,28,2632,52
392,28,258,55
393,28,8678,50
394,28,864,45
395,28,23258,48
396,28,4100,43
397,28,2271,45
398,28,17315,40
399,28,262009,57
400,28,4220,43
401,28,35,45
402,28,1049,45
403,28,2779,52
404,28,36696,54
405,28,7358,43
406,28,57731,44
407,28,11705,43
408,28,236895,50
409,28,23708,49
410,28,72964,39
411,28,682829,54
412,28,9257,51
413,28,2814508,76
414,28,92046,49
415,28,8175,44
416,28,36812,57
417,28,12306,44
418,28,325891,47
419,28,1017901,59
420,28,2488621,70
421,28,408755,51
422,28,317348,57
423,28,121859,60
424,28,30898,43
425,28,262762,39
426,28,89707,49
427,28,1318,50
428,28,7709,49
429,28,1424111,48
430,28,1192960,75
431,28,436249,50
432,28,134220,42
433,28,8515,45
434,28,46850,47
435,28,101681,56
436,28,124140,53
437,28,189259,48
438,28,56858,55
439,28,376377,46
440,28,9681,45
441,28,9613,64
442,28,6831,45
443,28,164206,39
444,28,91898,39
445,28,34830,56
446,28,1790,44
447,28,29833,59
448,28,168309,40
449,28,11313,52
450,28,3124956,61
451,28,7523,43
452,28,15849,43
453,28,29587,47
454,28,24213,40
455,28,158609,72
456,28,6592,44
457,28,5456,44
458,28,7413,48
459,28,5442,47
460,28,11299,48
461,28,27152,56
462,28,5395,59
463,28,25188,47
464,28,48321,54
465,28,9369,43
466,28,31497,43
467,28,14450,43
468,28,506848,58
469,28,6371,45
470,28,173206,44
471,28,4970,48
472,28,133719,50
473,28,24623,46
474,28,20322,45
475,28,1137043,53
476,28,3645,45
477,28,133827,45
478,28,10700,48
479,28,5849,49
480,28,23702,45
481,28,221848,40
482,28,214044,52
483,28,44256,44
484,28,471740,55
485,28,236507,89
486,28,15961,43
487,28,5243,57
488,28,36842,45
489,28,64282,47
490,28,10893,43
491,28,1192009,44
492,28,35796,63
493,28,8009,43
494,28,32252,48
495,28,13468,55
496,28,15321,44
497,28,1546,50
498,28,3864,44
499,28,3776,49
500,28,4131,50
501,28,17010,49
502,28,8941,44
503,28,129515,45
504,28,2760,44
505,28,15128,44
506,28,9162,53
507,28,5743,45
508,28,1537,47
509,28,63713,39
510,28,189985,44
511,28,761,50
512,28,48055,48
513,28,25403,43
514,28,26768,39
515,28,20754,39
516,28,45629,54
517,28,23344,54
518,28,1419407,55
519,28,17086,54
520,28,201061,45
521,28,11664,40
522,28,3795,45
523,28,4108,50
524,28,6520,58
525,28,140198,57
526,28,4528,45
527,28,162181,47
528,28,3500,48
529,28,817206,115
530,28,24275,47
531,28,672,50
532,28,34796,40
533,28,278731,44
534,28,25104,39
535,28,22771,45
536,28,3059,40
537,28,2312,45
538,28,390,45
539,28,939,45
540,28,9298,39
541,28,1952,44
542,28,81139,45
543,28,3312,45
544,28,29242,40
545,28,1480,45
546,28,46008,39
547,28,6395,44
548,28,22329,44
549,28,14872,40
550,28,133937,45
551,28,4302,45
552,28,5586,45
553,28,1135,45
554,28,20483,40
555,28,260848,55
556,28,51668,45
557,28,1450,50
558,28,334147,55
559,28,1788672,51
560,28,16520,39
561,28,29662,39
562,28,7296,39
563,28,30252,40
564,28,1105,60
565,28,8724,39
566,28,265,45
567,28,1749,44
568,28,83059,45
569,28,23980,39
570,28,849,40
571,28,4905,40
572,28,59198,39
573,28,9645,39
574,28,50213,40
575,28,10953,49
576,28,1291,44
577,28,211923,46
578,28,81744,59
579,28,1794837,123
580,28,4469,43
581,28,9352,45
582,28,3932,56
583,28,360958,54
584,28,287013,50
585,28,39182,45
586,28,441692,64
587,28,28947,60
588,28,114518,47
589,28,9884,44
590,28,199162,46
591,28,16108,60
592,28,9421,49
593,28,137798,39
594,28,2221,45
595,28,92257,44
596,28,6147,40
597,28,1397,45
598,28,10542,39
599,28,6993,44
600,28,1354,44
601,28,34456,43
602,28,24667,45
603,28,4814,39
604,28,11798,39
605,28,1003,44
606,28,3641,40
607,28,45876,45
608,28,3134,40
609,28,1405,45
610,28,7388,40
611,28,13404,40
612,28,526,45
613,28,1234,45
614,28,831,45
615,28,1465,40
616,28,4478,40
617,28,4271,40
618,28,455,44
619,28,4869,40
620,28,550,45
621,28,12688,40
622,28,8449,50
623,28,2596,40
624,28,2790,45
625,28,498,45
626,28,1395,40
627,28,1325,40
628,28,317,45
629,28,391,44
630,28,478,45
631,28,405,45
632,28,2403,45
633,28,2489,40
634,28,498,45
635,28,3914,40
636,28,367,50
637,28,33378,39
638,28,313,45
639,28,651,40
640,28,32903,45
641,28,3009,43
642,28,3065,40
643,28,1441,40
644,28,2041,40
645,28,1740,40
646,28,545,45
647,28,145,45
648,28,510,44
649,28,3628,45
650,28,611,40
651,28,877,40
652,28,655,44
653,28,3452,40
654,28,397,45
655,28,16584,45
656,28,551,40
657,28,1460,40
658,28,774,45
659,28,1728,40
660,28,630,40
661,28,459,45
662,28,257,45
663,28,1842,50
664,28,868,45
665,28,378,40
666,28,4374,40
667,28,3143,40
668,28,1336,44
669,28,7047,45
670,28,793,40
671,28,243,45
672,28,285,45
673,28,834,45
674,28,1638,42
675,28,1891,49
676,28,10767,45
677,28,2188,45
678,28,39025,50
679,28,999,47
680,28,181,45
681,28,2104192,74
682,28,676,40
683,28,7667,45
684,28,794,40
685,28,502,45
686,28,237,40
687,28,70,45
688,28,564,40
689,28,467,55
690,28,616,45
691,28,1589,40
692,28,133,45
693,28,124,45
694,28,6380,45
695,28,67,40
696,28,162734,80
697,28,16335,49
698,28,160,50
699,28,10722,55
700,28,491124,66
701,28,187928,61
702,28,2621,49
703,28,189,45
704,28,10402,45
705,28,913,40
706,28,215,45
707,28,165,45
708,28,421,40
709,28,473,40
710,28,153,45
711,28,208,40
712,28,82,40
713,28,58,45
714,28,43,45
1,29,74799,45
2,29,49688,40
3,29,6764,63
4,29,117405,96
5,29,21796,42
6,29,718276,83
7,29,28514,48
8,29,8030,42
9,29,18178,48
10,29,31470,42
11,29,6372,42
12,29,27379,44
13,29,4203,52
14,29,52499,41
15,29,24189,50
16,29,1147748,51
17,29,70911,69
18,29,10980,45
19,29,365133,58
20,29,23045,54
21,29,987816,58
22,29,2691355,66
23,29,651430,53
24,29,55,45
25,29,95,45
26,29,308011,53
27,29,201,45
28,29,183611,39
29,29,1304,49
30,29,1072095,55
31,29,39,45
32,29,25247,57
33,29,650804,75
34,29,1895,50
35,29,94230,57
36,29,16232,44
37,29,1524,54
38,29,564915,50
39,29,249461,47
40,29,869276,75
41,29,12273,44
42,29,29811,56
43,29,91068,62
44,29,699724,52
45,29,80771,49
46,29,1145,45
47,29,8911,54
48,29,59,55
49,29,144335,45
50,29,159318,44
51,29,825045,48
52,29,40734,47
53,29,14121,53
54,29,164233,40
55,29,23608,57
56,29,778509,41
57,29,39,45
58,29,74034,44
59,29,197003,48
60,29,4830,53
61,29,30133,43
62,29,93617,42
63,29,774919,65
64,29,130844,59
65,29,601,45
66,29,99,55
67,29,1210247,45
68,29,488,40
69,29,1475596,46
70,29,455535,44
71,29,212351,45
72,29,7053,53
73,29,2726,48
74,29,55256,52
75,29,66111,45
76,29,518707,45
77,29,51385,50
78,29,919864,65
79,29,2706,51
80,29,325904,43
81,29,104304,55
82,29,918,53
83,29,81820,45
84,29,8916,49
85,29,3617,53
86,29,4076,49
87,29,111892,39
88,29,7967,53
89,29,8304,41
90,29,3973,43
91,29,286530,45
92,29,602,40
93,29,51722,44
94,29,114343,39
95,29,1078,54
96,29,90418,52
97,29,4955,44
98,29,121325,49
99,29,50289,39
100,29,24189,42
101,29,11406,44
102,29,1869,44
103,29,14990,40
104,29,138594,52
105,29,62333,52
106,29,134463,47
107,29,23940,52
108,29,4816,54
109,29,280537,67
110,29,113067,44
111,29,24303,52
112,29,286522,54
113,29,26353,44
114,29,9713,44
115,29,246507,43
116,29,182,45
117,29,408,45
118,29,24274,56
119,29,273565,56
120,29,1244,65
121,29,762463,57
122,29,694887,56
123,29,423484,58
124,29,7971,52
125,29,182024,50
126,29,4449,55
127,29,2245889,61
128,29,105949,54
129,29,34548,46
130,29,221095,49
131,29,107664,73
132,29,9126,54
133,29,129531,46
134,29,131902,86
135,29,279138,56
136,29,11284,65
137,29,66622,79
138,29,1302588,75
139,29,3269,45
140,29,25134,53
141,29,489302,78
142,29,1141349,62
143,29,1051719,61
144,29,1158493,61
145,29,300645,43
146,29,524148,46
147,29,10458,43
148,29,109601,43
149,29,114688,60
150,29,48927,45
151,29,129829,38
152,29,3790,53
153,29,64509,58
154,29,472714,68
155,29,6213,54
156,29,36006,44
157,29,2670,47
158,29,3470,43
159,29,51919,52
160,29,5995,59
161,29,765,45
162,29,109740,45
163,29,30091,43
164,29,59468,67
165,29,74378,49
166,29,42714,69
167,29,205,55
168,29,792800,51
169,29,221950,47
170,29,424424,49
171,29,318653,43
172,29,7287,49
173,29,111696,53
174,29,15089,58
175,29,23584,49
176,29,5567,48
177,29,296952,77
178,29,53720,42
179,29,36870,47
180,29,510625,75
181,29,72920,40
182,29,159,55
183,29,412,45
184,29,19753,44
185,29,249452,43
186,29,26127,52
187,29,129242,62
188,29,271116,49
189,29,269777,77
190,29,26830,45
191,29,82900,47
192,29,4226,54
193,29,6734,48
194,29,11618,43
195,29,1706,45
196,29,1447958,65
197,29,8443,44
198,29,12014,43
199,29,187960,48
200,29,1096868,48
201,29,14360,54
202,29,11430,52
203,29,99721,43
204,29,333637,40
205,29,790494,103
206,29,1550,49
207,29,133028,52
208,29,908339,39
209,29,40423,53
210,29,321193,64
211,29,9956,57
212,29,604653,67
213,29,172537,69
214,29,9736,44
215,29,207203,65
216,29,75493,48
217,29,137782,49
218,29,10945,49
219,29,66140,43
220,29,22239,43
221,29,7284,49
222,29,170738,50
223,29,16133,43
224,29,336938,49
225,29,39504,53
226,29,3442,59
227,29,21389,58
228,29,216387,87
229,29,1781017,68
230,29,377045,117
231,29,752455,60
232,29,109207,54
233,29,5722763,133
234,29,796231,72
235,29,96549,48
236,29,6004,51
237,29,4259522,85
238,29,36028,47
239,29,15407,50
240,29,1660924,83
241,29,11588,42
242,29,11023,43
243,29,100918,51
244,29,6531,50
245,29,974658,37
246,29,52307,38
247,29,2165,44
248,29,9583,40
249,29,485125,54
250,29,247159,71
251,29,681114,118
252,29,255854,52
253,29,29737,52
254,29,385296,87
255,29,243083,106
256,29,3306354,70
257,29,1030529,61
258,29,34578,47
259,29,822153,58
260,29,14079,44
261,29,1500457,72
262,29,1651133,62
263,29,419472,84
264,29,66101,53
265,29,513000,79
266,29,82418,55
267,29,132584,55
268,29,175337,67
269,29,151682,84
270,29,986219,52
271,29,34324,43
272,29,629953,74
273,29,423315,54
274,29,84787,49
275,29,1069584,50
276,29,86027,67
277,29,1377685,116
278,29,47745,76
279,29,48229,50
280,29,35284,47
281,29,60238,94
282,29,55222,57
283,29,30726,44
284,29,45627,48
285,29,33106,54
286,29,11182,49
287,29,77740,60
288,29,280983,51
289,29,374861,71
290,29,474150,39
291,29,16052,53
292,29,14971,49
293,29,7370,44
294,29,29576,45
295,29,270050,44
296,29,101117,72
297,29,3406,48
298,29,197863,53
299,29,18566,44
300,29,14780,52
301,29,1639,45
302,29,456548,39
303,29,6242,43
304,29,37424,47
305,29,191852,43
306,29,11703,45
307,29,1094493,68
308,29,18596,51
309,29,38992,44
310,29,109321,58
311,29,7329,42
312,29,3175,45
313,29,99519,39
314,29,101827,45
315,29,531562,58
316,29,38,50
317,29,19229,44
318,29,5377,49
319,29,11185,44
320,29,1407,49
321,29,1315,44
322,29,785,54
323,29,2919,51
324,29,3596,44
325,29,16409,53
326,29,86438,43
327,29,4076,43
328,29,1266,47
329,29,72551,49
330,29,25,50
331,29,201288,39
332,29,10082,58
333,29,114343,44
334,29,113074,43
335,29,47835,45
336,29,13674,59
337,29,702864,77
338,29,4975,44
339,29,22854,58
340,29,40876,47
341,29,653202,66
342,29,104289,48
343,29,146182,44
344,29,1139,45
345,29,599073,70
346,29,3797,47
347,29,1759,45
348,29,199355,45
349,29,13649,45
350,29,4043,52
351,29,22911,45
352,29,1522,45
353,29,722156,54
354,29,215094,44
355,29,1581,50
356,29,321,60
357,29,1884005,124
358,29,14182,49
359,29,2076468,109
360,29,617939,48
361,29,440598,46
362,29,165537,62
363,29,101626,62
364,29,161894,44
365,29,268611,49
366,29,102036,44
367,29,196385,45
368,29,10567,43
369,29,34212,59
370,29,1022908,52
371,29,80029,42
372,29,8960,59
373,29,55817,44
374,29,5805,42
375,29,21237,57
376,29,1713568,41
377,29,16674,42
378,29,2396,47
379,29,28110,43
380,29,29381,54
381,29,9255,48
382,29,12676,43
383,29,4973,54
384,29,4134,43
385,29,548,50
386,29,6523,47
387,29,7951,43
388,29,53005,45
389,29,142466,41
390,29,5129,43
391,29,2604,52
392,29,258,55
393,29,8636,50
394,29,862,45
395,29,21899,48
396,29,4094,43
397,29,2258,45
398,29,17193,40
399,29,250618,57
400,29,4043,43
401,29,34,45
402,29,1040,45
403,29,2700,52
404,29,33653,54
405,29,9210,43
406,29,57305,44
407,29,11675,43
408,29,235396,50
409,29,23534,49
410,29,72381,39
411,29,686920,54
412,29,9080,51
413,29,2711253,75
414,29,96419,49
415,29,8211,44
416,29,36168,57
417,29,12027,44
418,29,301362,47
419,29,1004074,59
420,29,1383168,69
421,29,388616,51
422,29,320623,57
423,29,120546,60
424,29,30271,42
425,29,293170,39
426,29,81724,49
427,29,1314,50
428,29,7961,49
429,29,1347081,48
430,29,993180,76
431,29,351041,50
432,29,131155,42
433,29,9739,45
434,29,36068,47
435,29,100348,56
436,29,120414,53
437,29,168370,48
438,29,49985,55
439,29,330315,46
440,29,9622,45
441,29,7262,64
442,29,6788,45
443,29,157643,39
444,29,91062,39
445,29,34700,56
446,29,1819,44
447,29,34153,59
448,29,171725,40
449,29,10552,52
450,29,2919809,61
451,29,7674,43
452,29,15711,43
453,29,29568,47
454,29,24029,40
455,29,137742,71
456,29,6463,44
457,29,5415,44
458,29,7282,48
459,29,5493,47
460,29,9813,48
461,29,26617,56
462,29,5482,59
463,29,24661,47
464,29,43476,54
465,29,9287,43
466,29,30917,43
467,29,19036,43
468,29,413785,58
469,29,6335,45
470,29,176452,44
471,29,5024,48
472,29,166563,50
473,29,24407,46
474,29,19509,45
475,29,1017347,53
476,29,3606,45
477,29,129285,45
478,29,10607,48
479,29,5785,49
480,29,23579,45
481,29,219614,40
482,29,213645,52
483,29,48330,44
484,29,463634,55
485,29,237338,89
486,29,15816,43
487,29,5202,57
488,29,37311,45
489,29,64249,47
490,29,10738,43
491,29,1095986,44
492,29,35469,63
493,29,8368,43
494,29,36633,48
495,29,12905,55
496,29,15103,44
497,29,1537,50
498,29,3813,44
499,29,3680,49
500,29,4114,50
501,29,14837,49
502,29,11342,44
503,29,267248,45
504,29,2716,44
505,29,16407,44
506,29,8624,53
507,29,5702,45
508,29,1537,47
509,29,69197,39
510,29,164697,43
511,29,760,50
512,29,51406,48
513,29,25032,43
514,29,33148,39
515,29,20472,39
516,29,43441,54
517,29,20239,54
518,29,1393303,55
519,29,16666,54
520,29,206972,45
521,29,11610,40
522,29,3788,45
523,29,4094,50
524,29,6344,57
525,29,138677,57
526,29,4504,45
527,29,205529,47
528,29,3485,48
529,29,719506,115
530,29,24007,47
531,29,670,50
532,29,33999,40
533,29,329169,45
534,29,25869,39
535,29,22601,45
536,29,3052,40
537,29,2289,45
538,29,388,45
539,29,936,45
540,29,9553,39
541,29,1963,44
542,29,79615,45
543,29,3350,45
544,29,29766,40
545,29,1477,45
546,29,46721,39
547,29,6378,44
548,29,22725,44
549,29,14784,40
550,29,146741,45
551,29,4277,45
552,29,5551,45
553,29,1129,45
554,29,20521,40
555,29,239343,55
556,29,49597,45
557,29,1426,50
558,29,504947,55
559,29,1893851,51
560,29,19122,39
561,29,41165,39
562,29,7211,39
563,29,30558,40
564,29,1104,60
565,29,9260,39
566,29,264,45
567,29,1727,44
568,29,80638,45
569,29,26163,39
570,29,846,40
571,29,4895,40
572,29,64705,39
573,29,12783,39
574,29,49845,40
575,29,10499,49
576,29,1279,44
577,29,256862,46
578,29,71668,59
579,29,1640879,123
580,29,4511,43
581,29,9349,45
582,29,3991,56
583,29,423677,54
584,29,276692,50
585,29,37087,45
586,29,365669,63
587,29,24786,60
588,29,98446,47
589,29,9759,44
590,29,182144,46
591,29,17842,60
592,29,9929,49
593,29,142306,39
594,29,2271,45
595,29,89877,44
596,29,6338,40
597,29,1382,45
598,29,11124,39
599,29,6879,44
600,29,1377,44
601,29,34850,43
602,29,23816,45
603,29,5466,39
604,29,14965,39
605,29,1046,44
606,29,3753,40
607,29,60918,45
608,29,3080,40
609,29,1377,45
610,29,7500,40
611,29,13162,40
612,29,592,45
613,29,1258,45
614,29,942,45
615,29,1511,40
616,29,4452,40
617,29,4344,40
618,29,461,44
619,29,5239,40
620,29,545,45
621,29,13267,40
622,29,9110,50
623,29,2715,40
624,29,2815,45
625,29,536,45
626,29,1434,40
627,29,1370,40
628,29,351,45
629,29,409,44
630,29,531,45
631,29,391,45
632,29,2481,45
633,29,2545,40
634,29,505,45
635,29,4456,40
636,29,361,50
637,29,49171,39
638,29,333,45
639,29,632,40
640,29,54929,45
641,29,2984,43
642,29,3142,40
643,29,1562,40
644,29,2178,40
645,29,1867,40
646,29,562,45
647,29,140,45
648,29,699,44
649,29,3500,45
650,29,585,40
651,29,1007,40
652,29,789,44
653,29,3725,40
654,29,518,45
655,29,36838,45
656,29,555,40
657,29,1514,40
658,29,815,45
659,29,1891,40
660,29,670,40
661,29,450,45
662,29,446,45
663,29,1976,50
664,29,940,45
665,29,368,40
666,29,4407,40
667,29,3234,40
668,29,1563,44
669,29,6956,45
670,29,909,40
671,29,272,45
672,29,329,45
673,29,879,45
674,29,1648,42
675,29,2185,49
676,29,8352,45
677,29,1780,45
678,29,30212,50
679,29,844,47
680,29,180,45
681,29,2082171,74
682,29,805,40
683,29,7610,45
684,29,904,40
685,29,564,45
686,29,227,40
687,29,68,45
688,29,1128,40
689,29,515,55
690,29,712,45
691,29,1766,40
692,29,165,45
693,29,140,45
694,29,9198,45
695,29,63,40
696,29,232171,80
697,29,20102,49
698,29,166,49
699,29,14979,55
700,29,448828,65
701,29,935588,62
702,29,3951,49
703,29,224,45
704,29,22663,45
705,29,1135,40
706,29,292,45
707,29,391,45
708,29,989,40
709,29,811,40
710,29,216,45
711,29,338,40
712,29,302,40
713,29,93,45
714,29,107,45
1,30,75131,45
2,30,48837,40
3,30,6759,63
4,30,116484,96
5,30,27801,42
6,30,1087821,84
7,30,28921,48
8,30,7998,42
9,30,18144,48
10,30,41011,42
11,30,6350,42
12,30,27195,44
13,30,4172,52
14,30,51152,41
15,30,44361,50
16,30,1425988,51
17,30,75545,69
18,30,10942,45
20,30,24619,54
21,30,980492,57
22,30,3074753,67
23,30,816477,53
24,30,55,45
25,30,95,45
26,30,460406,53
27,30,201,45
28,30,174905,39
29,30,1302,49
30,30,1131814,55
31,30,39,45
32,30,25496,57
34,30,1977,50
35,30,96376,57
36,30,16199,44
37,30,1507,54
38,30,660538,50
40,30,885216,75
41,30,12217,44
43,30,93621,62
44,30,1350404,52
45,30,83175,49
46,30,1141,45
47,30,8897,54
48,30,59,55
49,30,139143,45
50,30,155524,44
51,30,828808,48
52,30,43919,47
67,30,1238095,45
76,30,609114,45
77,30,53911,50
78,30,1741460,66
79,30,2789,51
80,30,410453,43
81,30,106315,55
82,30,944,53
83,30,94397,45
84,30,9279,49
85,30,3741,53
86,30,4107,49
87,30,109821,39
88,30,7864,53
89,30,8813,41
90,30,4291,43
91,30,321556,45
92,30,596,40
93,30,51207,44
94,30,109871,39
95,30,1073,54
96,30,96506,52
97,30,4879,44
128,30,146757,54
168,30,606621,51
182,30,159,55
183,30,412,45
184,30,21317,44
185,30,262390,43
186,30,26513,52
187,30,129446,62
188,30,270679,49
189,30,303372,77
190,30,41305,45
191,30,83003,47
192,30,4220,54
193,30,6475,48
194,30,13315,43
195,30,1703,45
196,30,1634582,65
197,30,8428,44
198,30,14320,43
199,30,215124,48
200,30,1406292,48
201,30,14713,54
202,30,12352,52
203,30,99631,43
204,30,325130,40
205,30,772455,103
206,30,1544,49
207,30,279328,52
208,30,1039096,39
209,30,40072,53
210,30,370041,64
211,30,10434,57
212,30,1220733,67
213,30,312960,69
214,30,9757,44
215,30,663591,65
216,30,75393,48
217,30,210539,49
218,30,41637,49
219,30,192318,43
220,30,41239,43
267,30,127729,55
287,30,91142,60
337,30,786633,77
340,30,44113,47
352,30,1520,45
353,30,716378,54
355,30,1576,50
356,30,321,60
357,30,2621613,124
358,30,14161,49
359,30,2681408,109
360,30,741946,48
361,30,441955,46
362,30,154193,61
364,30,152649,44
365,30,257762,49
366,30,99309,44
367,30,176256,44
368,30,8509,43
369,30,33662,59
370,30,1253377,52
371,30,78805,42
372,30,8921,59
373,30,54653,44
374,30,5794,42
375,30,21054,57
406,30,57032,44
407,30,12264,43
408,30,267138,50
409,30,23476,49
410,30,71901,39
411,30,824387,54
412,30,13077,51
413,30,2624842,75
414,30,149312,49
415,30,8686,44
416,30,41444,57
417,30,12132,44
418,30,286481,47
419,30,1130645,59
420,30,928966,68
421,30,392508,50
422,30,344588,57
423,30,160129,60
424,30,30108,42
425,30,304235,39
426,30,85372,49
427,30,1311,50
428,30,12261,49
429,30,2033048,49
430,30,1470324,76
431,30,772261,51
432,30,141462,42
433,30,44545,45
434,30,34558,47
435,30,99333,56
436,30,261831,53
437,30,156125,48
438,30,102920,55
439,30,413602,46
440,30,9596,45
441,30,7473,64
442,30,6754,45
443,30,149575,39
444,30,87172,39
445,30,41657,56
446,30,1911,44
452,30,16805,43
455,30,141170,71
458,30,7197,48
461,30,27725,56
463,30,24396,47
466,30,30283,43
470,30,170369,44
473,30,24285,46
475,30,1462924,53
478,30,10540,48
479,30,5807,49
483,30,108186,44
486,30,15712,43
487,30,5172,57
489,30,65602,47
490,30,11456,43
492,30,36136,63
494,30,57481,48
496,30,14961,44
497,30,1524,50
498,30,3783,44
499,30,3647,49
505,30,20645,44
520,30,198888,45
521,30,11569,40
522,30,3777,45
523,30,4079,50
524,30,6973,57
526,30,4523,45
530,30,23768,47
531,30,669,50
532,30,33114,40
547,30,6365,44
548,30,22546,44
549,30,14697,40
550,30,144207,45
551,30,4288,45
552,30,6329,45
554,30,20615,40
556,30,50296,45
558,30,562410,55
559,30,1881867,51
562,30,7120,39
563,30,31491,40
568,30,77079,45
569,30,28993,39
572,30,65059,39
573,30,19065,39
576,30,1324,44
577,30,240490,46
582,30,4133,56
583,30,385027,54
587,30,28639,60
588,30,83231,46
589,30,9676,44
590,30,170315,46
594,30,2556,45
596,30,7230,40
597,30,1365,45
598,30,10818,39
600,30,1391,44
601,30,34708,43
608,30,3149,40
610,30,7628,40
611,30,12836,40
614,30,940,45
617,30,4474,40
619,30,7117,40
621,30,13604,40
624,30,2812,45
628,30,362,45
631,30,423,45
634,30,519,45
635,30,4656,40
638,30,343,45
639,30,625,40
640,30,47831,45
644,30,2381,40
645,30,2230,40
646,30,656,45
647,30,138,45
650,30,564,40
652,30,866,44
657,30,1977,40
658,30,891,45
659,30,1941,40
661,30,436,45
662,30,413,45
664,30,953,45
668,30,1512,44
670,30,1043,40
673,30,1498,45
681,30,2520461,75
682,30,1082,40
684,30,1191,40
685,30,693,45
686,30,219,40
687,30,66,45
689,30,746,55
691,30,2763,40
692,30,171,45
693,30,163,45
694,30,8359,45
695,30,64,40
699,30,89064,55
701,30,1213208,62
702,30,5988,49
703,30,234,45
705,30,1290,40
710,30,246,45
711,30,533,40
713,30,156,45
714,30,140,45
1,31,87600,45
2,31,49158,40
3,31,6753,63
4,31,115466,96
5,31,28376,42
6,31,772307,84
7,31,29087,48
8,31,7960,42
9,31,18113,48
10,31,35540,42
11,31,6333,42
12,31,27231,44
13,31,4156,52
14,31,51497,41
15,31,41827,50
16,31,1222841,51
17,31,70804,69
18,31,10920,45
19,31,200933,57
20,31,23275,54
21,31,981384,57
22,31,2983113,68
23,31,701212,53
24,31,54,45
25,31,95,45
26,31,381047,53
27,31,201,45
28,31,177716,39
29,31,1300,49
30,31,1075212,55
31,31,39,45
32,31,25418,57
33,31,648670,75
34,31,1958,50
35,31,92452,57
36,31,15560,44
37,31,1500,54
38,31,576516,50
39,31,214243,47
40,31,832843,75
41,31,12141,44
42,31,29634,56
43,31,89059,62
44,31,862577,53
45,31,79410,49
46,31,1139,45
47,31,8871,54
48,31,59,55
49,31,140824,45
50,31,163920,44
51,31,859906,48
52,31,41433,47
53,31,13482,53
54,31,159803,40
55,31,22822,57
56,31,759075,41
57,31,39,45
58,31,57693,44
59,31,195433,48
60,31,4915,53
61,31,26145,43
62,31,88448,42
63,31,696490,65
64,31,120186,59
65,31,598,45
66,31,99,55
67,31,1309305,45
68,31,488,40
69,31,1466688,46
70,31,448389,44
71,31,196514,45
72,31,6960,53
73,31,2655,48
74,31,50017,52
75,31,61334,45
76,31,519207,45
77,31,51543,50
78,31,1350178,67
79,31,2760,51
80,31,344112,43
81,31,102788,55
82,31,922,53
83,31,81411,45
84,31,8915,49
85,31,3621,52
86,31,4035,49
87,31,109511,39
88,31,7765,53
89,31,8216,41
90,31,4035,43
91,31,287324,45
92,31,594,40
93,31,50971,44
94,31,111284,39
95,31,1073,54
96,31,88672,52
97,31,4851,44
98,31,132704,49
99,31,50122,39
100,31,18951,41
101,31,11212,44
102,31,1939,44
103,31,15243,40
104,31,141184,52
105,31,63554,52
106,31,96834,47
107,31,24168,52
108,31,4744,54
109,31,198636,67
110,31,110201,44
111,31,23716,52
112,31,372069,54
113,31,30748,44
114,31,9677,43
115,31,257752,43
116,31,180,45
117,31,408,45
118,31,25752,56
119,31,276121,56
120,31,1239,65
121,31,726822,57
122,31,680981,55
123,31,421885,58
124,31,8023,52
125,31,176488,50
126,31,4434,55
127,31,2238224,61
128,31,114707,54
129,31,33290,46
130,31,222826,49
131,31,100081,73
132,31,9052,54
133,31,129846,46
134,31,133503,86
135,31,276430,56
136,31,11253,65
137,31,64377,79
138,31,1290259,75
139,31,3258,45
140,31,23079,53
141,31,758616,79
142,31,1222150,62
143,31,1071622,61
144,31,1131368,61
145,31,297383,43
146,31,531830,46
147,31,10318,43
148,31,104831,43
149,31,111966,60
150,31,49490,45
151,31,121487,38
152,31,3800,53
153,31,62983,58
154,31,446122,68
155,31,6949,54
156,31,35195,44
157,31,2686,47
158,31,3507,42
159,31,81493,52
160,31,6143,59
161,31,737,45
162,31,118568,45
163,31,37861,42
164,31,59280,67
165,31,73175,49
166,31,42552,69
167,31,205,55
168,31,624884,51
169,31,225632,47
170,31,426761,49
171,31,284736,43
172,31,7302,49
173,31,114100,53
174,31,20215,58
175,31,23355,49
176,31,5534,48
177,31,336934,77
178,31,54481,42
179,31,38374,47
180,31,570952,75
181,31,72237,40
182,31,159,55
183,31,410,45
184,31,20072,44
185,31,262195,43
186,31,26119,51
187,31,173335,62
188,31,269350,49
189,31,268916,77
190,31,28015,45
191,31,83165,47
192,31,4213,54
193,31,6307,48
194,31,11794,43
195,31,1700,45
196,31,1458825,65
197,31,8299,44
198,31,12346,43
199,31,181626,48
200,31,1176615,48
201,31,14650,54
202,31,11320,52
203,31,101241,43
204,31,325380,40
205,31,763002,103
206,31,1539,49
207,31,149357,52
208,31,980580,39
209,31,44057,53
210,31,324624,64
211,31,10123,57
212,31,818350,68
213,31,224334,70
214,31,9731,44
215,31,358992,66
216,31,73660,48
217,31,147308,49
218,31,17123,49
219,31,86616,43
220,31,29746,43
221,31,7297,49
222,31,164814,50
223,31,16191,43
224,31,419038,50
225,31,40472,53
226,31,3433,59
227,31,21152,58
228,31,224728,87
229,31,1830016,68
230,31,330282,117
231,31,781712,60
232,31,99132,54
233,31,5593506,133
234,31,1035315,73
235,31,96952,48
236,31,5899,51
237,31,3523276,84
238,31,37006,47
239,31,15019,50
240,31,1587957,83
241,31,11475,42
242,31,11292,43
243,31,99035,51
244,31,6465,50
245,31,981974,37
246,31,51343,38
247,31,2154,44
248,31,9531,40
249,31,492667,54
250,31,240853,71
251,31,685493,117
252,31,266302,52
253,31,29700,52
254,31,410997,87
255,31,217971,105
256,31,3495355,70
257,31,1044419,61
258,31,34759,47
259,31,857691,58
260,31,14117,44
261,31,1442733,71
262,31,1500013,62
263,31,419326,84
264,31,65708,53
265,31,528501,78
266,31,82045,55
267,31,129355,55
268,31,174059,67
269,31,150956,84
270,31,963201,51
271,31,35771,43
272,31,614735,74
273,31,412202,54
274,31,91006,49
275,31,1055785,50
276,31,85668,67
277,31,1337171,116
278,31,47357,76
279,31,49646,50
280,31,35299,47
281,31,57033,94
282,31,48424,57
283,31,30277,44
284,31,44866,48
285,31,31235,54
286,31,11347,49
287,31,77211,60
288,31,277981,51
289,31,368528,71
290,31,443989,39
291,31,12122,53
292,31,14726,49
293,31,7295,44
294,31,28829,45
295,31,233955,44
296,31,99391,72
297,31,3336,48
298,31,121704,53
299,31,17815,44
300,31,13836,52
301,31,1589,45
302,31,445377,39
303,31,5961,43
304,31,34332,47
305,31,144371,43
306,31,11334,45
307,31,1028540,68
308,31,18431,50
309,31,37733,44
310,31,85423,58
311,31,7181,42
312,31,3164,45
313,31,103637,39
314,31,103574,45
315,31,591390,59
316,31,37,50
317,31,19083,44
318,31,6090,49
319,31,11713,44
320,31,1400,49
321,31,1342,44
322,31,781,54
323,31,2932,51
324,31,3607,44
325,31,16209,53
326,31,83098,43
327,31,4110,43
328,31,1262,47
329,31,64800,49
330,31,25,50
331,31,197082,39
332,31,10116,58
333,31,112835,44
334,31,109466,43
335,31,46508,45
336,31,13360,59
337,31,725555,77
338,31,4972,44
339,31,22023,58
340,31,41170,47
341,31,517288,65
342,31,93176,48
343,31,129106,44
344,31,1129,45
345,31,502267,69
346,31,3786,47
347,31,1766,45
348,31,197806,45
349,31,13388,45
350,31,4041,52
351,31,22466,45
352,31,1513,45
353,31,721431,54
354,31,210069,44
355,31,1572,50
356,31,319,60
357,31,2218468,125
358,31,14131,49
359,31,2166864,109
360,31,666168,48
361,31,443648,46
362,31,146389,61
363,31,99020,62
364,31,159464,44
365,31,259823,49
366,31,99283,44
367,31,176395,44
368,31,8413,43
369,31,33209,59
370,31,1075715,52
371,31,78206,42
372,31,8891,59
373,31,54504,44
374,31,5800,42
375,31,20889,57
376,31,1715357,41
377,31,16377,42
378,31,2402,47
379,31,24220,43
380,31,29266,54
381,31,9017,48
382,31,11498,43
383,31,4953,54
384,31,4168,43
385,31,543,50
386,31,6317,47
387,31,7918,43
388,31,52613,45
389,31,136102,41
390,31,5133,43
391,31,2582,52
392,31,257,55
393,31,8583,50
394,31,854,45
395,31,20834,48
396,31,4096,43
397,31,2234,45
398,31,17054,40
399,31,247146,57
400,31,3945,42
401,31,33,45
402,31,1033,45
403,31,2760,52
404,31,32305,54
405,31,9244,43
406,31,56865,44
407,31,11764,43
408,31,256337,50
409,31,23296,49
410,31,71737,39
411,31,710067,54
412,31,10703,51
413,31,2698131,75
414,31,104408,49
415,31,8383,44
416,31,37244,57
417,31,11842,44
418,31,283673,47
419,31,1115132,59
420,31,908784,68
421,31,393836,50
422,31,328920,57
423,31,132333,60
424,31,29820,42
425,31,312734,39
426,31,82534,49
427,31,1309,50
428,31,8710,49
429,31,1585889,49
430,31,618122,76
431,31,401243,51
432,31,136788,42
433,31,20713,45
434,31,34002,47
435,31,98473,56
436,31,126538,53
437,31,155298,48
438,31,63947,55
439,31,338293,46
440,31,9584,45
441,31,4767,64
442,31,6749,45
443,31,148933,39
444,31,89084,39
445,31,38452,56
446,31,1900,44
447,31,30040,59
448,31,167075,40
449,31,10523,52
450,31,2607389,60
451,31,7044,43
452,31,15798,43
453,31,29478,47
454,31,23844,40
455,31,125402,71
456,31,6917,44
457,31,5453,44
458,31,7141,48
459,31,5565,47
460,31,9418,48
461,31,29251,56
462,31,5548,59
463,31,24036,47
464,31,34745,54
465,31,9189,43
466,31,30039,43
467,31,18993,43
468,31,355491,57
469,31,6287,45
470,31,165036,44
471,31,5058,48
472,31,248446,50
473,31,24132,46
474,31,19371,45
475,31,1094878,53
476,31,3538,45
477,31,129580,45
478,31,10493,48
479,31,5747,49
480,31,23583,45
481,31,225576,40
482,31,203527,52
483,31,57667,44
484,31,501718,55
485,31,259843,89
486,31,15744,42
487,31,5137,57
488,31,37764,45
489,31,64981,47
490,31,11276,43
491,31,997029,44
492,31,35603,63
493,31,11222,43
494,31,47437,48
495,31,12741,55
496,31,14862,44
497,31,1516,50
498,31,3757,44
499,31,3594,49
500,31,4101,50
501,31,15254,49
502,31,10001,44
503,31,271779,46
504,31,2674,44
505,31,20856,44
506,31,8156,53
507,31,5647,45
508,31,1558,47
509,31,67355,39
510,31,148327,42
511,31,757,50
512,31,48690,48
513,31,24652,43
514,31,29513,39
515,31,20166,39
516,31,38841,54
517,31,20387,54
518,31,1260556,55
519,31,16913,54
520,31,208059,45
521,31,11551,40
522,31,3770,45
523,31,4073,50
524,31,6599,57
525,31,136401,57
526,31,4543,45
527,31,281544,47
528,31,3491,48
529,31,701045,114
530,31,23632,47
531,31,669,50
532,31,33334,40
533,31,303159,45
534,31,26198,39
535,31,22426,45
536,31,3031,40
537,31,2253,45
538,31,385,45
539,31,934,45
540,31,9540,39
541,31,1964,44
542,31,77897,45
543,31,3377,45
544,31,28790,40
545,31,1471,45
546,31,46537,39
547,31,6380,44
548,31,22558,44
549,31,14674,40
550,31,199459,45
551,31,4266,45
552,31,5971,45
553,31,1123,45
554,31,21315,39
555,31,237544,55
556,31,46743,45
557,31,1414,50
558,31,538226,55
559,31,1711660,51
560,31,17846,39
561,31,38293,39
562,31,7084,39
563,31,31071,40
564,31,1101,60
565,31,9358,39
566,31,262,45
567,31,1719,44
568,31,77749,45
569,31,26219,39
570,31,841,40
571,31,4891,40
572,31,68180,39
573,31,13392,39
574,31,49611,40
575,31,10991,48
576,31,1306,44
577,31,297609,46
578,31,77950,59
579,31,1694907,122
580,31,4513,43
581,31,9214,45
582,31,4085,56
583,31,416154,54
584,31,248058,50
585,31,46735,44
586,31,309435,62
587,31,23436,60
588,31,82431,45
589,31,9689,44
590,31,168864,45
591,31,16991,60
592,31,9607,49
593,31,139163,39
594,31,2364,45
595,31,86996,44
596,31,6392,40
597,31,1360,45
598,31,10996,39
599,31,6715,44
600,31,1622,44
601,31,33692,43
602,31,22820,45
603,31,5319,39
604,31,13461,39
605,31,1071,44
606,31,3770,40
607,31,57434,45
608,31,3031,40
609,31,1350,45
610,31,7535,40
611,31,12857,40
612,31,551,45
613,31,1268,45
614,31,951,45
615,31,1563,40
616,31,4411,40
617,31,4488,40
618,31,461,44
619,31,5802,40
620,31,574,45
621,31,13170,40
622,31,9150,50
623,31,2806,40
624,31,2769,45
625,31,575,45
626,31,1593,40
627,31,1508,40
628,31,362,45
629,31,446,44
630,31,508,45
631,31,407,45
632,31,2616,45
633,31,2820,40
634,31,546,45
635,31,4631,40
636,31,349,50
637,31,48234,39
638,31,350,45
639,31,620,40
640,31,62991,45
641,31,3098,42
642,31,3467,40
643,31,1868,40
644,31,2356,40
645,31,2103,40
646,31,635,45
647,31,135,45
648,31,846,44
649,31,3357,45
650,31,566,40
651,31,1148,40
652,31,862,44
653,31,3714,40
654,31,478,45
655,31,30233,45
656,31,627,40
657,31,1720,40
658,31,910,45
659,31,1940,40
660,31,804,40
661,31,432,45
662,31,491,45
663,31,2131,50
664,31,1008,45
665,31,357,40
666,31,4504,40
667,31,3389,40
668,31,1628,44
669,31,6870,45
670,31,1041,40
671,31,322,45
672,31,352,45
673,31,1029,45
674,31,1674,42
675,31,2124,49
676,31,7036,45
677,31,1680,45
678,31,24750,49
679,31,923,46
680,31,213,45
681,31,2049521,74
682,31,976,40
683,31,7641,45
684,31,1092,40
685,31,665,45
686,31,213,40
687,31,66,45
688,31,953,40
689,31,640,55
690,31,832,45
691,31,1999,40
692,31,199,45
693,31,183,45
694,31,10267,45
695,31,64,40
696,31,257901,81
697,31,20472,49
698,31,197,49
699,31,36970,55
700,31,659713,64
701,31,1131724,63
702,31,6656,49
703,31,237,45
704,31,19683,45
705,31,1374,40
706,31,302,45
707,31,258,44
708,31,1285,40
709,31,967,40
710,31,282,45
711,31,580,40
712,31,327,40
713,31,130,45
714,31,176,45
715,31,0,45
716,31,0,45
717,31,0,45
718,31,0,45
719,31,0,40
720,31,0,45
1,32,83902,45
2,32,49001,40
3,32,6749,63
4,32,115103,96
5,32,37142,42
6,32,769223,84
7,32,29242,48
8,32,7930,42
9,32,18093,48
10,32,34175,42
11,32,6322,42
12,32,27205,44
13,32,4144,52
14,32,51245,41
15,32,34808,50
16,32,850175,51
17,32,69431,69
18,32,10910,45
19,32,166828,57
20,32,23234,54
21,32,975422,57
22,32,3027730,68
23,32,763060,53
24,32,54,45
25,32,95,45
26,32,374093,53
27,32,201,45
28,32,175911,39
29,32,1298,49
30,32,1063991,55
31,32,39,45
32,32,25429,57
33,32,647594,75
34,32,1965,50
35,32,90146,57
36,32,15528,44
37,32,1488,54
38,32,566941,50
39,32,221808,47
40,32,815595,75
41,32,12116,44
42,32,29527,56
43,32,86812,62
44,32,829707,53
45,32,77851,49
46,32,1136,45
47,32,8861,54
48,32,59,55
49,32,139905,45
50,32,159315,44
51,32,789388,48
52,32,41240,47
53,32,13464,53
54,32,158811,40
55,32,22597,57
56,32,752038,41
57,32,39,45
58,32,61377,44
59,32,194152,48
60,32,4894,53
61,32,25062,43
62,32,89079,42
63,32,612680,64
64,32,112487,58
65,32,597,45
66,32,99,55
67,32,1397799,46
68,32,487,40
69,32,1450070,46
70,32,445387,44
71,32,192537,45
72,32,6930,53
73,32,2652,48
74,32,47014,52
75,32,56237,45
76,32,518205,44
77,32,50928,50
78,32,1493143,68
79,32,2771,51
80,32,349250,43
81,32,101697,55
82,32,905,53
83,32,81337,45
84,32,17267,49
85,32,3617,52
86,32,4007,49
87,32,108772,39
88,32,7699,53
89,32,8851,41
90,32,4039,43
91,32,286580,44
92,32,594,40
93,32,50738,44
94,32,110212,39
95,32,1072,54
96,32,99864,52
97,32,4825,44
98,32,146773,49
99,32,49707,39
100,32,17095,41
101,32,11126,44
102,32,1829,44
103,32,15650,40
104,32,162147,52
105,32,63992,52
106,32,84618,47
107,32,23955,52
108,32,4732,54
109,32,201405,67
110,32,108115,44
111,32,24147,52
112,32,375007,54
113,32,41298,44
114,32,9672,43
115,32,254330,43
116,32,180,45
117,32,408,45
118,32,23739,56
119,32,276371,56
120,32,1239,65
121,32,699453,57
122,32,670943,55
123,32,409866,58
124,32,8020,52
125,32,174178,50
126,32,4431,55
127,32,2266191,61
128,32,115965,54
129,32,32958,46
130,32,224302,49
131,32,91642,73
132,32,9085,54
133,32,129428,46
134,32,134107,86
135,32,275873,56
136,32,11248,65
137,32,62372,79
138,32,1248888,75
139,32,3255,45
140,32,22454,53
141,32,763058,79
142,32,1305054,63
143,32,1060833,61
144,32,1135939,61
145,32,295311,43
146,32,546699,46
147,32,10287,43
148,32,104744,43
149,32,111303,60
150,32,51056,45
151,32,129524,38
152,32,3821,53
153,32,79148,58
154,32,460768,68
155,32,6955,54
156,32,34975,44
157,32,2688,47
158,32,3522,42
159,32,201403,53
160,32,6182,59
161,32,740,45
162,32,146509,45
163,32,44262,42
164,32,59268,67
165,32,64082,49
166,32,42545,69
167,32,205,55
168,32,596752,51
169,32,209952,47
170,32,414613,49
171,32,282569,43
172,32,7189,49
173,32,110959,53
174,32,18587,58
175,32,23391,49
176,32,5528,48
177,32,312186,77
178,32,54504,42
179,32,38111,47
180,32,561051,75
181,32,72020,40
182,32,159,55
183,32,408,45
184,32,20217,44
185,32,264076,43
186,32,26066,51
187,32,181538,62
188,32,267545,49
189,32,264951,77
190,32,28056,45
191,32,83443,47
192,32,4204,54
193,32,6233,48
194,32,11677,43
195,32,1698,45
196,32,1426003,65
197,32,8267,44
198,32,12153,43
199,32,181711,48
200,32,1209971,48
201,32,18424,54
202,32,11236,52
203,32,102371,43
204,32,322781,40
205,32,756914,103
206,32,1540,49
207,32,147499,52
208,32,989792,40
209,32,75534,53
210,32,321621,64
211,32,10091,57
212,32,1105042,69
213,32,330699,70
214,32,9722,44
215,32,371007,66
216,32,72968,48
217,32,149718,49
218,32,32936,49
219,32,80529,43
220,32,41307,43
221,32,7265,49
222,32,161320,49
223,32,16208,43
224,32,440364,50
225,32,40770,53
226,32,3434,59
227,32,21022,58
228,32,222764,87
229,32,1812064,68
230,32,300490,117
231,32,775666,60
232,32,97962,54
233,32,5402879,133
234,32,1002287,73
235,32,97773,48
236,32,5812,51
237,32,3518349,84
238,32,37561,47
239,32,15032,50
240,32,1654655,83
241,32,11456,42
242,32,11312,43
243,32,99020,51
244,32,6442,50
245,32,987650,37
246,32,51050,38
247,32,2155,44
248,32,9514,40
249,32,498887,54
250,32,245663,71
251,32,751559,117
252,32,261822,52
253,32,29713,52
254,32,372412,87
255,32,219178,105
256,32,3500628,70
257,32,1037914,61
258,32,35513,47
259,32,867083,58
260,32,14100,44
261,32,1357376,71
262,32,1463660,61
263,32,417989,84
264,32,65466,53
265,32,523201,78
266,32,81455,55
267,32,135158,55
268,32,173852,67
269,32,150255,84
270,32,965394,51
271,32,35777,43
272,32,612932,74
273,32,418805,54
274,32,135242,49
275,32,1043887,50
276,32,85636,67
277,32,1398950,116
278,32,47280,76
279,32,59620,50
280,32,35339,47
281,32,56749,94
282,32,38590,57
283,32,30184,44
284,32,45133,48
285,32,30456,54
286,32,11419,49
287,32,70384,60
288,32,277687,51
289,32,367192,71
290,32,433930,39
291,32,12306,53
292,32,15078,49
293,32,7270,44
294,32,28919,45
295,32,238680,44
296,32,98933,72
297,32,3315,48
298,32,123989,53
299,32,17807,44
300,32,13971,52
301,32,1635,45
302,32,449506,39
303,32,5985,43
304,32,34097,47
305,32,219889,43
306,32,11311,45
307,32,1065829,68
308,32,18485,50
309,32,37543,44
310,32,82424,58
311,32,7197,42
312,32,3156,45
313,32,102204,39
314,32,106938,45
315,32,616639,59
316,32,37,50
317,32,18899,44
318,32,5672,49
319,32,12087,44
320,32,1396,49
321,32,1419,44
322,32,780,54
323,32,2930,51
324,32,3603,44
325,32,16170,53
326,32,81402,43
327,32,4127,43
328,32,1250,47
329,32,61241,49
330,32,25,50
331,32,195435,39
332,32,10132,58
333,32,112917,44
334,32,108572,43
335,32,46218,45
336,32,13299,59
337,32,705797,77
338,32,4989,44
339,32,20474,58
340,32,41054,47
341,32,522511,64
342,32,99169,48
343,32,127276,44
344,32,1128,45
345,32,462058,69
346,32,3814,47
347,32,1801,45
348,32,197289,45
349,32,13377,45
350,32,4044,52
351,32,22622,45
352,32,1514,45
353,32,717597,54
354,32,211164,44
355,32,1570,50
356,32,319,60
357,32,2313394,125
358,32,14121,49
359,32,2306932,110
360,32,868139,49
361,32,443387,46
362,32,139748,60
363,32,97283,62
364,32,169733,44
365,32,251500,48
366,32,98167,44
367,32,167351,43
368,32,8116,43
369,32,33631,59
370,32,947667,52
371,32,77667,42
372,32,8865,59
373,32,54045,44
374,32,5811,42
375,32,20813,57
376,32,1724355,41
377,32,16308,42
378,32,2411,47
379,32,23258,43
380,32,29238,54
381,32,8959,48
382,32,11951,43
383,32,4944,54
384,32,4245,43
385,32,542,50
386,32,6223,47
387,32,7921,43
388,32,52474,45
389,32,133897,41
390,32,5135,43
391,32,2576,52
392,32,257,55
393,32,8566,50
394,32,850,45
395,32,20580,48
396,32,4094,43
397,32,2229,45
398,32,17023,40
399,32,251097,57
400,32,3951,42
401,32,33,45
402,32,1030,45
403,32,2759,52
404,32,35046,54
405,32,8794,43
406,32,57190,43
407,32,11776,43
408,32,256235,50
409,32,23250,49
410,32,71564,39
411,32,773869,54
412,32,10423,51
413,32,2716476,75
414,32,104069,49
415,32,8520,44
416,32,34594,57
417,32,11691,44
418,32,283022,47
419,32,1116166,59
420,32,1199557,69
421,32,394505,50
422,32,325760,57
423,32,129840,60
424,32,29480,42
425,32,307763,39
426,32,80658,49
427,32,1308,50
428,32,9061,49
429,32,1584058,49
430,32,475649,75
431,32,375789,50
432,32,139769,42
433,32,45815,45
434,32,31797,47
435,32,98058,56
436,32,100827,53
437,32,156278,48
438,32,60572,55
439,32,324341,46
440,32,9565,45
441,32,4825,63
442,32,6735,45
443,32,146941,39
444,32,88544,39
445,32,43341,56
446,32,1909,44
447,32,29152,59
448,32,165851,40
449,32,10176,52
450,32,2571385,59
451,32,8807,43
452,32,15823,43
453,32,29386,47
454,32,23779,40
455,32,120842,70
456,32,6892,44
457,32,5552,44
458,32,7087,48
459,32,5579,47
460,32,9284,48
461,32,30846,56
462,32,5539,59
463,32,23946,47
464,32,28226,54
465,32,9224,43
466,32,37319,43
467,32,18026,43
468,32,345201,57
469,32,6272,45
470,32,148614,43
471,32,5127,48
472,32,319682,51
473,32,24081,46
474,32,19384,45
475,32,1086774,53
476,32,3523,45
477,32,136742,45
478,32,10495,48
479,32,5706,49
480,32,23516,45
481,32,225380,40
482,32,200422,52
483,32,57384,44
484,32,475443,55
485,32,274987,89
486,32,15722,42
487,32,5119,57
488,32,95657,45
489,32,65012,47
490,32,11141,43
491,32,980252,44
492,32,35574,63
493,32,15247,43
494,32,50487,48
495,32,12738,55
496,32,14797,44
497,32,1515,50
498,32,3746,44
499,32,3521,49
500,32,4091,50
501,32,14756,49
502,32,9794,44
503,32,244347,46
504,32,2714,44
505,32,23542,44
506,32,7931,53
507,32,5615,45
508,32,1564,47
509,32,67841,39
510,32,153972,42
511,32,756,50
512,32,49515,48
513,32,24536,43
514,32,30339,39
515,32,20092,39
516,32,32557,54
517,32,19898,54
518,32,1066345,55
519,32,16999,54
520,32,208349,45
521,32,11522,40
522,32,3763,45
523,32,4071,50
524,32,7340,57
525,32,135981,57
526,32,4533,45
527,32,267765,47
528,32,3494,48
529,32,695387,114
530,32,23546,47
531,32,669,50
532,32,33122,40
533,32,295781,45
534,32,25988,39
535,32,22380,45
536,32,3026,40
537,32,2246,45
538,32,385,45
539,32,934,45
540,32,9591,39
541,32,1954,44
542,32,77363,45
543,32,3389,45
544,32,28777,40
545,32,1468,45
546,32,47069,39
547,32,6403,44
548,32,22633,44
549,32,14644,40
550,32,223133,45
551,32,4263,45
552,32,6118,45
553,32,1118,45
554,32,21744,39
555,32,240122,55
556,32,45677,45
557,32,1409,50
558,32,532164,55
559,32,1743585,51
560,32,18182,39
561,32,39554,39
562,32,7061,39
563,32,31158,40
564,32,1099,60
565,32,9043,39
566,32,261,45
567,32,1709,44
568,32,76935,45
569,32,25823,39
570,32,841,40
571,32,4973,40
572,32,70153,39
573,32,13907,39
574,32,49264,40
575,32,10517,48
576,32,1310,44
577,32,297515,46
578,32,107810,59
579,32,1686640,122
580,32,4456,43
581,32,9266,45
582,32,4076,56
583,32,404435,54
584,32,243907,50
585,32,48013,44
586,32,293728,62
587,32,21758,60
588,32,84601,45
589,32,9639,44
590,32,162837,45
591,32,16521,60
592,32,9536,49
593,32,139099,39
594,32,2382,45
595,32,86158,44
596,32,6424,40
597,32,1348,45
598,32,11079,39
599,32,6678,44
600,32,1658,44
601,32,33051,43
602,32,22519,45
603,32,5404,39
604,32,13668,39
605,32,1089,44
606,32,3835,40
607,32,58669,45
608,32,3008,40
609,32,1342,45
610,32,7561,40
611,32,12762,40
612,32,616,45
613,32,1278,45
614,32,907,45
615,32,1582,40
616,32,4516,40
617,32,4511,40
618,32,467,44
619,32,5217,40
620,32,571,45
621,32,13500,40
622,32,9474,50
623,32,2893,40
624,32,2763,45
625,32,581,45
626,32,1620,40
627,32,1553,40
628,32,341,45
629,32,451,44
630,32,533,45
631,32,417,45
632,32,2679,45
633,32,2736,40
634,32,559,45
635,32,4777,40
636,32,345,50
637,32,51275,39
638,32,352,45
639,32,618,40
640,32,62902,45
641,32,3181,42
642,32,3247,40
643,32,1824,40
644,32,2407,40
645,32,2136,40
646,32,647,45
647,32,133,45
648,32,762,44
649,32,3321,45
650,32,562,40
651,32,1187,40
652,32,886,44
653,32,3799,40
654,32,535,45
655,32,30279,45
656,32,665,40
657,32,1762,40
658,32,922,45
659,32,1942,40
660,32,836,40
661,32,426,45
662,32,380,45
663,32,2236,50
664,32,1026,45
665,32,356,40
666,32,4452,40
667,32,3502,40
668,32,1630,44
669,32,6842,45
670,32,1070,40
671,32,343,45
672,32,367,45
673,32,1054,45
674,32,1632,42
675,32,2274,49
676,32,7117,45
677,32,1681,45
678,32,23080,49
679,32,863,46
680,32,286,45
681,32,1703950,73
682,32,1012,40
683,32,7516,45
684,32,1134,40
685,32,698,45
686,32,208,40
687,32,65,45
688,32,1143,40
689,32,662,55
690,32,873,45
691,32,2080,40
692,32,209,45
693,32,189,45
694,32,10932,45
695,32,63,40
696,32,224237,80
697,32,21855,49
698,32,186,49
699,32,106412,55
700,32,654755,64
701,32,1140565,63
702,32,6540,49
703,32,242,45
704,32,19952,45
705,32,1469,40
706,32,340,45
707,32,347,44
708,32,907,40
709,32,1073,40
710,32,300,45
711,32,630,40
712,32,426,40
713,32,137,45
714,32,181,45
715,32,5054,45
716,32,31,45
717,32,44,45
718,32,26,45
719,32,45,40
720,32,15,45
721,32,0,45
722,32,0,40
1,33,80619,45
2,33,48606,40
3,33,6741,63
4,33,114515,96
5,33,56808,42
6,33,607422,84
7,33,32345,48
8,33,7908,42
9,33,18065,48
11,33,6296,42
12,33,27141,44
13,33,4123,52
14,33,51041,41
15,33,27098,50
16,33,596483,50
17,33,69771,69
18,33,10867,45
19,33,130126,56
20,33,27068,54
21,33,973127,57
22,33,3032954,68
23,33,867382,54
24,33,54,45
25,33,95,45
26,33,403522,53
27,33,201,45
33,33,646383,75
39,33,310946,47
42,33,29372,56
53,33,13547,53
54,33,199479,39
55,33,22631,57
56,33,738707,40
57,33,39,45
58,33,114850,44
59,33,200951,48
60,33,4932,53
61,33,25125,43
62,33,96595,42
63,33,558928,64
64,33,125596,58
65,33,597,45
66,33,99,55
67,33,1477756,46
68,33,487,40
69,33,1412519,46
70,33,443982,44
71,33,189210,45
72,33,6879,53
73,33,2649,48
74,33,47063,51
75,33,51898,45
76,33,501267,44
77,33,50819,50
78,33,1668273,69
79,33,2791,51
80,33,365327,43
81,33,100616,55
82,33,908,53
83,33,92559,45
84,33,22019,49
85,33,3620,52
86,33,4032,49
87,33,107603,39
88,33,7615,53
89,33,10349,41
90,33,4069,43
91,33,300417,44
92,33,589,40
93,33,50400,44
94,33,107792,39
95,33,1069,54
96,33,169066,52
97,33,4779,44
98,33,170077,49
99,33,49775,39
100,33,15030,41
101,33,11061,44
102,33,1846,44
103,33,16228,40
104,33,198246,52
105,33,64937,52
106,33,72673,47
107,33,24868,52
108,33,4698,54
109,33,569749,68
110,33,110185,44
111,33,25213,52
112,33,369543,54
113,33,49489,44
114,33,9651,43
115,33,252546,43
116,33,180,45
117,33,406,45
118,33,23276,56
119,33,274610,56
120,33,1237,65
121,33,680580,56
122,33,708071,55
123,33,390776,57
124,33,8018,52
125,33,172929,49
126,33,4426,55
127,33,2220217,62
128,33,110154,54
129,33,32027,45
130,33,229359,49
131,33,79832,73
132,33,9276,54
133,33,132277,46
134,33,164391,86
135,33,274791,56
136,33,11235,65
137,33,61173,79
138,33,1352562,76
139,33,3248,45
140,33,21849,53
141,33,706418,79
142,33,1271277,63
143,33,1039610,61
144,33,1097241,61
145,33,288012,43
146,33,544423,46
147,33,10231,43
148,33,104435,43
149,33,109948,60
150,33,51812,45
151,33,158179,38
152,33,3828,53
153,33,86278,58
154,33,469880,68
155,33,6836,54
156,33,34327,44
157,33,2683,47
158,33,3527,42
159,33,225706,53
160,33,6229,59
161,33,743,45
162,33,134567,45
163,33,74917,42
164,33,59193,67
165,33,62661,49
166,33,42491,69
167,33,205,55
169,33,204652,47
170,33,403536,48
171,33,280028,43
172,33,7161,49
173,33,107427,53
174,33,17838,58
175,33,23294,49
176,33,5506,48
177,33,288007,77
178,33,52557,42
179,33,38805,47
180,33,520313,75
181,33,71469,40
200,33,1433171,49
201,33,25297,54
202,33,11265,52
203,33,102574,43
204,33,317205,40
205,33,749177,103
206,33,1535,49
207,33,152962,52
208,33,1041347,40
209,33,134444,53
210,33,342027,64
211,33,10120,57
212,33,1724855,70
213,33,399489,71
214,33,9724,44
215,33,407325,66
216,33,72174,48
217,33,180861,49
218,33,73809,49
219,33,84269,43
220,33,49091,43
221,33,7247,49
222,33,158395,49
223,33,16207,43
224,33,474768,50
225,33,41374,53
226,33,3431,59
227,33,20947,58
228,33,222355,87
229,33,1784814,68
230,33,289788,117
231,33,770903,60
232,33,94965,54
233,33,5119670,132
234,33,939469,73
235,33,99356,48
236,33,5780,51
237,33,3478486,84
238,33,37632,47
239,33,15197,50
240,33,1620084,83
241,33,11424,42
242,33,11374,43
243,33,99868,51
244,33,6457,50
245,33,1059764,37
246,33,50587,38
247,33,2153,44
248,33,9487,40
249,33,495864,54
250,33,245229,71
251,33,681473,118
252,33,271170,52
253,33,29689,52
254,33,347300,86
255,33,221326,105
256,33,3610178,71
257,33,1050379,61
258,33,37301,47
259,33,934446,59
260,33,14101,44
261,33,1312522,70
262,33,1451959,61
263,33,430913,84
264,33,65772,53
265,33,519300,78
266,33,81769,55
268,33,173384,67
269,33,149502,84
270,33,965918,51
271,33,37106,43
272,33,616346,74
273,33,443251,54
274,33,106062,49
275,33,1022863,50
276,33,85600,67
277,33,1593935,116
278,33,47150,76
279,33,151936,51
280,33,35336,47
281,33,59323,94
282,33,35807,57
283,33,30033,44
284,33,54334,48
285,33,28019,54
286,33,11613,49
288,33,283732,51
289,33,365078,71
290,33,416492,39
291,33,17944,53
292,33,16660,49
293,33,7228,44
294,33,29133,45
295,33,298397,44
296,33,98209,71
297,33,3301,48
298,33,74859,53
299,33,17799,44
300,33,13919,52
301,33,1813,45
302,33,453216,39
303,33,11826,43
304,33,34457,47
305,33,651629,44
306,33,11144,45
307,33,1185041,68
308,33,21339,50
309,33,39232,43
310,33,86485,58
311,33,7128,42
312,33,3147,45
313,33,106545,39
314,33,114010,45
315,33,620797,59
316,33,36,50
317,33,19022,44
318,33,5909,49
319,33,15826,44
320,33,1393,49
321,33,1822,44
322,33,778,54
323,33,2980,51
324,33,3652,44
325,33,16108,53
326,33,80960,43
327,33,4155,43
328,33,1240,47
329,33,57941,49
330,33,25,50
331,33,194306,39
332,33,10194,58
333,33,116211,44
334,33,107879,43
335,33,47729,45
336,33,13447,59
338,33,5021,44
339,33,20781,58
340,33,41149,47
341,33,686838,64
342,33,144378,48
343,33,139733,44
344,33,1126,45
345,33,498616,68
346,33,3859,47
347,33,1834,45
348,33,196315,45
349,33,13527,45
350,33,4069,52
351,33,24070,45
352,33,1512,45
353,33,731253,54
354,33,208270,44
355,33,1565,50
356,33,319,60
357,33,2341779,126
358,33,14102,49
359,33,2631562,111
360,33,333945,48
361,33,468660,46
362,33,132625,60
363,33,95947,62
364,33,201365,44
365,33,242539,48
366,33,96496,44
367,33,158584,43
368,33,8476,43
369,33,33288,59
370,33,989000,51
371,33,76917,42
372,33,8838,59
373,33,53413,44
374,33,5830,42
375,33,20688,57
376,33,1715693,41
377,33,16178,42
378,33,2417,47
379,33,21804,43
380,33,29177,54
381,33,8881,48
382,33,13480,43
383,33,4929,54
384,33,4408,43
385,33,541,50
386,33,5901,47
387,33,7906,43
388,33,52252,45
389,33,128241,41
390,33,5164,43
391,33,2575,52
392,33,257,55
393,33,8555,50
394,33,845,45
395,33,20204,48
396,33,4109,43
397,33,2221,45
398,33,16928,40
399,33,252302,57
400,33,4033,42
401,33,33,45
402,33,1029,45
403,33,2808,52
404,33,36808,54
405,33,9369,43
406,33,58644,43
407,33,11747,43
408,33,251867,50
409,33,23133,49
410,33,71231,39
411,33,781129,55
412,33,10202,51
413,33,2600050,75
414,33,104001,49
415,33,8615,44
416,33,32467,56
417,33,11479,44
418,33,282979,47
419,33,1083688,59
420,33,1213348,69
421,33,394688,50
422,33,320409,57
423,33,126877,60
424,33,29525,42
425,33,313872,39
447,33,30917,59
448,33,163444,40
449,33,10276,52
450,33,2377655,58
451,33,12108,43
453,33,29397,47
454,33,23655,40
455,33,127400,70
456,33,7593,44
457,33,5769,44
458,33,6962,48
459,33,5661,47
460,33,9400,48
462,33,15478,59
464,33,23210,54
465,33,9331,43
466,33,36239,43
467,33,18006,43
468,33,322050,56
469,33,6249,45
471,33,5956,48
472,33,258815,51
473,33,23974,46
474,33,19403,45
476,33,3494,45
477,33,145893,45
478,33,10627,48
479,33,5607,49
480,33,23502,45
481,33,225147,40
482,33,197050,52
483,33,60081,44
484,33,452734,55
485,33,313063,89
486,33,15657,42
487,33,5097,57
488,33,146731,46
489,33,65053,47
491,33,996749,43
493,33,17377,43
494,33,78283,48
495,33,12759,55
498,33,3730,44
499,33,3478,49
500,33,4079,50
501,33,14187,49
502,33,9493,44
503,33,245442,46
504,33,2655,44
505,33,128970,44
506,33,7768,53
507,33,5577,45
508,33,1567,47
509,33,68427,39
510,33,148559,42
511,33,756,50
512,33,52225,48
513,33,24294,43
514,33,30211,39
515,33,19964,39
516,33,28790,54
517,33,22861,54
518,33,1067242,55
519,33,16607,54
520,33,212136,45
521,33,11483,40
522,33,3750,45
524,33,8471,57
525,33,138192,57
527,33,237637,47
528,33,3499,48
529,33,684204,114
530,33,23410,47
531,33,668,50
532,33,32662,40
533,33,295471,45
534,33,26325,39
535,33,22298,45
536,33,3013,40
537,33,2230,45
538,33,887,45
539,33,934,45
540,33,9759,39
541,33,1950,44
542,33,76530,45
543,33,3411,45
544,33,28662,40
545,33,1465,45
546,33,49410,39
553,33,1113,45
554,33,22656,39
555,33,210306,55
556,33,43678,45
557,33,1400,50
558,33,601293,56
559,33,1716611,51
560,33,19819,39
561,33,40852,39
564,33,1097,60
565,33,9130,39
566,33,260,45
567,33,1719,44
569,33,26704,39
570,33,841,40
571,33,5811,39
572,33,72413,39
573,33,17221,39
574,33,49150,40
575,33,10462,48
578,33,145838,59
579,33,1820055,122
580,33,4420,43
581,33,10349,45
582,33,4071,56
584,33,270379,49
585,33,42465,44
586,33,273739,61
587,33,30178,59
588,33,119326,45
589,33,9590,44
590,33,155404,45
591,33,16210,60
592,33,9445,49
593,33,140386,39
594,33,2668,45
595,33,84718,44
597,33,1344,45
598,33,11353,39
599,33,6613,44
602,33,22007,45
603,33,5594,39
604,33,14408,39
605,33,1087,44
606,33,3779,40
607,33,64751,45
609,33,1335,45
612,33,648,45
613,33,1286,45
614,33,936,45
615,33,1625,40
616,33,4421,40
617,33,4571,40
618,33,502,44
619,33,5263,40
620,33,574,45
622,33,9777,50
623,33,2918,40
625,33,591,45
626,33,1662,40
627,33,1593,40
628,33,350,45
629,33,455,44
630,33,552,45
632,33,2734,45
633,33,3141,40
634,33,559,45
636,33,342,50
637,33,60145,39
639,33,612,40
640,33,74347,45
641,33,3179,42
642,33,3562,40
643,33,2174,40
644,33,2484,40
645,33,2212,40
646,33,675,45
647,33,132,45
648,33,973,44
649,33,3240,45
651,33,1240,40
652,33,927,44
653,33,3897,40
654,33,616,45
655,33,36478,45
656,33,660,40
659,33,2035,40
660,33,886,40
662,33,405,45
663,33,2395,50
664,33,1064,45
665,33,353,40
666,33,4559,40
667,33,3623,40
668,33,1674,44
669,33,6816,45
671,33,369,45
672,33,371,45
673,33,1114,45
674,33,1468,42
675,33,4906,49
676,33,8031,45
677,33,2313,45
678,33,21217,49
679,33,839,46
680,33,329,45
682,33,1063,40
683,33,7552,45
688,33,1207,40
690,33,912,45
692,33,206,45
693,33,196,45
694,33,13831,45
695,33,63,40
696,33,194272,79
697,33,43787,49
698,33,203,49
699,33,121052,56
700,33,578563,64
701,33,1225244,64
702,33,6700,49
704,33,23846,45
705,33,1611,40
706,33,384,45
707,33,308,44
708,33,977,40
709,33,1282,40
710,33,314,45
711,33,732,40
712,33,541,40
714,33,210,45
715,33,16136,45
716,33,133,45
717,33,97,45
718,33,37,45
719,33,159,40
720,33,45,45
721,33,73,45
722,33,144,40
723,33,0,45
724,33,0,40
725,33,0,45
726,33,0,45
1,34,79615,45
2,34,48472,40
3,34,6732,63
4,34,113923,96
5,34,42945,42
6,34,438262,83
7,34,31930,48
8,34,7873,42
9,34,18033,48
10,34,30146,42
11,34,6281,42
12,34,27769,44
13,34,4109,52
14,34,52149,41
15,34,24732,50
16,34,528446,50
17,34,68871,69
18,34,10844,45
19,34,119587,56
20,34,166592,54
21,34,976736,57
22,34,2805386,68
23,34,756990,54
24,34,54,45
25,34,95,45
26,34,333884,53
27,34,201,45
28,34,170165,39
29,34,1294,49
30,34,1025656,55
31,34,39,45
32,34,25453,57
33,34,647237,75
34,34,1977,50
35,34,85936,56
36,34,15350,44
37,34,1467,54
38,34,542397,50
39,34,293794,47
40,34,714625,74
41,34,12191,44
42,34,29305,56
43,34,83516,61
44,34,731134,52
45,34,76582,49
46,34,1135,45
47,34,8839,54
48,34,59,55
49,34,137009,45
50,34,148665,44
51,34,653785,47
52,34,41799,47
53,34,13530,53
54,34,194399,39
55,34,22462,57
56,34,722263,40
57,34,39,45
58,34,108242,44
59,34,201214,48
60,34,4873,53
61,34,24712,43
62,34,110394,42
63,34,506854,63
64,34,118558,58
65,34,597,45
66,34,99,55
67,34,1418228,46
68,34,487,40
69,34,1418447,46
70,34,433194,44
71,34,199204,45
72,34,6838,53
73,34,2594,48
74,34,45561,51
75,34,49949,45
76,34,512234,44
77,34,53752,50
78,34,1657714,69
79,34,2800,51
80,34,367791,43
81,34,97838,55
82,34,933,53
83,34,86705,45
84,34,21769,49
85,34,3607,52
86,34,4009,49
87,34,106755,39
88,34,7551,53
89,34,10123,41
90,34,4107,43
91,34,280115,44
92,34,588,40
93,34,50130,44
94,34,106577,39
95,34,1064,54
96,34,166617,52
97,34,4743,44
98,34,150670,49
99,34,49503,39
100,34,14255,41
101,34,11124,44
102,34,1824,44
103,34,16063,40
104,34,224047,52
105,34,64641,52
106,34,67229,47
107,34,21754,52
108,34,4672,54
109,34,449214,68
110,34,107190,44
111,34,25326,52
112,34,351190,54
113,34,44001,44
114,34,9659,43
115,34,261460,43
116,34,180,45
117,34,405,45
118,34,21815,55
119,34,297906,56
120,34,1235,65
121,34,731373,56
122,34,962761,56
123,34,395585,57
124,34,8064,52
125,34,164400,49
126,34,4421,55
127,34,1812923,62
128,34,105587,54
129,34,31633,45
130,34,251209,49
131,34,78792,73
132,34,16738,54
133,34,131321,46
134,34,468293,87
135,34,273817,56
136,34,11226,65
137,34,61218,79
138,34,2080382,77
139,34,3245,45
140,34,21424,53
141,34,918291,79
142,34,1619877,64
143,34,1058713,61
144,34,1086022,61
145,34,287303,43
146,34,560336,46
147,34,10198,43
148,34,104549,43
149,34,109206,59
150,34,52370,45
151,34,167268,38
152,34,3771,53
153,34,88023,58
154,34,486631,68
155,34,6962,54
156,34,34279,44
157,34,2687,47
158,34,3544,42
159,34,273809,53
160,34,6405,59
161,34,773,45
162,34,146541,45
163,34,83978,42
164,34,59146,67
165,34,59683,49
166,34,42448,69
167,34,204,55
168,34,482519,50
169,34,198152,47
170,34,401591,48
171,34,277820,43
172,34,7142,49
173,34,105630,53
174,34,17316,58
175,34,23475,49
176,34,5489,48
177,34,263621,77
178,34,50896,42
179,34,38886,47
180,34,513430,75
181,34,71194,40
182,34,159,55
183,34,406,45
184,34,21253,44
185,34,272588,43
186,34,25723,51
187,34,195128,63
188,34,261735,49
189,34,261615,77
190,34,27640,45
191,34,83646,47
192,34,4182,54
193,34,5977,48
194,34,11796,43
195,34,1693,45
196,34,1157187,64
197,34,8134,44
198,34,11748,43
199,34,178845,48
200,34,1414132,49
201,34,22870,54
202,34,11090,52
203,34,102249,43
204,34,314789,40
205,34,744120,103
206,34,1533,49
207,34,148663,52
208,34,1028999,40
209,34,105790,53
210,34,326805,64
211,34,10167,57
212,34,1379084,70
213,34,352661,71
214,34,9705,44
215,34,353241,66
216,34,71657,48
217,34,170925,49
218,34,60322,49
219,34,81316,43
220,34,49384,43
221,34,7260,49
222,34,158853,49
223,34,16185,43
224,34,561512,51
225,34,46240,53
226,34,3428,59
227,34,20900,58
228,34,216783,87
229,34,1814208,68
230,34,337295,117
231,34,794989,60
232,34,95273,54
233,34,5334037,132
234,34,973680,73
235,34,99430,48
236,34,5745,51
237,34,3555301,84
238,34,37747,47
239,34,15460,50
240,34,1631724,83
241,34,11382,42
242,34,11308,43
243,34,106838,51
244,34,6466,50
245,34,1029843,37
246,34,50221,38
247,34,2149,44
248,34,9461,40
249,34,472418,54
250,34,245152,71
251,34,768310,118
252,34,264316,52
253,34,29670,52
254,34,389021,86
255,34,236722,105
256,34,3694641,71
257,34,1082606,61
258,34,37010,47
259,34,1069452,59
260,34,14142,44
261,34,1359267,70
262,34,1482929,61
263,34,447331,84
264,34,70632,53
265,34,563425,78
266,34,83499,55
267,34,156930,55
268,34,172921,67
269,34,149001,84
270,34,940833,51
271,34,38431,43
272,34,595542,74
273,34,427534,54
274,34,87433,49
275,34,1011947,50
276,34,86780,67
277,34,1399783,116
278,34,47029,76
279,34,107015,51
280,34,35395,47
281,34,57411,94
282,34,33598,57
283,34,29903,44
284,34,54388,48
285,34,29311,54
286,34,11828,49
287,34,57936,60
288,34,280898,51
289,34,363079,71
290,34,423119,39
291,34,15957,53
292,34,16104,49
293,34,7196,44
294,34,28683,45
295,34,284922,45
296,34,97606,71
297,34,3286,48
298,34,48896,53
299,34,17483,44
300,34,14238,52
301,34,1862,45
302,34,447166,39
303,34,12262,43
304,34,33846,47
305,34,562197,44
306,34,11065,45
307,34,1153819,68
308,34,23291,50
309,34,39840,43
310,34,85915,58
311,34,7104,42
312,34,3145,45
313,34,105718,39
314,34,126157,45
315,34,943019,60
316,34,36,50
317,34,18778,44
318,34,6185,49
319,34,19614,44
320,34,1391,49
321,34,2106,44
322,34,778,54
323,34,5322,51
324,34,3659,44
325,34,16051,53
326,34,80924,43
327,34,4158,43
328,34,1259,47
329,34,56266,49
330,34,25,50
331,34,192350,39
332,34,10222,58
333,34,122338,44
334,34,107165,43
335,34,47079,45
336,34,13209,59
337,34,676197,77
338,34,5033,44
339,34,19229,58
340,34,40893,47
341,34,548908,64
342,34,125479,48
343,34,146765,44
344,34,1125,45
345,34,384654,68
346,34,3817,47
347,34,1798,45
348,34,195752,45
349,34,13331,45
350,34,4069,52
351,34,22642,45
352,34,1511,45
353,34,730396,54
354,34,206283,44
355,34,1562,50
356,34,319,60
357,34,2098014,125
358,34,14069,49
359,34,2458567,111
360,34,208574,47
361,34,474359,46
362,34,129136,59
363,34,95267,62
364,34,234936,44
365,34,239249,48
366,34,95923,44
367,34,154889,43
368,34,8502,43
369,34,33112,59
370,34,980598,51
371,34,76365,42
372,34,8814,59
373,34,53050,44
374,34,5860,42
375,34,20595,57
376,34,1761970,41
377,34,16101,42
378,34,2456,47
379,34,21066,42
380,34,29132,54
381,34,8863,48
382,34,13234,43
383,34,4924,54
384,34,4354,43
385,34,540,50
386,34,5779,47
387,34,7784,43
388,34,52093,45
389,34,126256,41
390,34,5182,43
391,34,2594,52
392,34,257,55
393,34,8539,50
394,34,846,45
395,34,19965,48
396,34,4076,43
397,34,2213,45
398,34,16868,40
399,34,250771,57
400,34,4073,42
401,34,33,45
402,34,1024,45
403,34,2830,52
404,34,41090,54
405,34,9459,43
406,34,59288,43
407,34,11769,43
408,34,244297,50
409,34,23004,49
410,34,70983,39
411,34,753338,55
412,34,10061,51
413,34,2495731,75
414,34,98678,49
415,34,8622,44
416,34,32152,56
417,34,11365,44
418,34,280361,47
419,34,1051936,59
420,34,1111899,69
421,34,392867,50
422,34,322297,57
423,34,122960,60
424,34,28278,42
425,34,321626,39
426,34,69809,49
427,34,1306,50
428,34,9421,49
429,34,1405821,48
430,34,419039,75
431,34,277849,49
432,34,138565,42
433,34,61045,45
434,34,24817,47
435,34,96918,56
436,34,81862,52
437,34,153471,48
438,34,30977,55
439,34,247301,45
440,34,9510,45
441,34,4404,62
442,34,6698,45
443,34,144994,39
444,34,86886,39
445,34,43288,56
446,34,1980,44
447,34,29765,59
448,34,163343,40
449,34,11109,52
450,34,2402270,58
451,34,17735,43
452,34,15681,43
453,34,29497,47
454,34,23574,40
455,34,121471,70
456,34,8890,44
457,34,6296,44
458,34,6863,48
459,34,5758,47
460,34,9468,48
461,34,29241,56
462,34,12482,59
463,34,23652,47
464,34,21932,54
465,34,9385,43
466,34,38017,43
467,34,17768,43
468,34,309298,56
469,34,6236,45
470,34,121515,42
471,34,6282,48
472,34,222066,50
473,34,23914,46
474,34,19402,45
475,34,927092,53
476,34,3486,45
477,34,152908,45
478,34,10556,48
479,34,5536,49
480,34,23401,45
481,34,222943,40
482,34,194510,52
483,34,59208,44
484,34,442026,55
485,34,273529,89
486,34,15670,42
487,34,5083,57
488,34,172860,46
489,34,65062,47
490,34,11039,43
491,34,944786,43
492,34,35550,63
493,34,18269,43
494,34,77703,48
495,34,12711,55
496,34,14604,44
497,34,1502,50
498,34,3709,44
499,34,3439,49
500,34,4074,50
501,34,15262,49
502,34,9298,44
503,34,262496,46
504,34,2649,44
505,34,136394,44
506,34,7654,53
507,34,5569,45
508,34,1569,47
509,34,69301,39
510,34,150856,42
511,34,756,50
512,34,119463,48
513,34,24140,43
514,34,30817,39
515,34,19868,39
516,34,26622,54
517,34,21067,54
518,34,1026852,55
519,34,16575,54
520,34,217250,45
521,34,11463,40
522,34,3746,45
523,34,4056,50
524,34,7879,57
525,34,135093,57
526,34,4571,45
527,34,231026,47
528,34,3503,48
529,34,681503,114
530,34,23290,47
531,34,667,50
532,34,32463,40
533,34,297501,45
534,34,26330,39
535,34,22244,45
536,34,3004,40
537,34,2216,45
538,34,1702,45
539,34,933,45
540,34,9780,39
541,34,1975,44
542,34,75914,45
543,34,3422,45
544,34,28626,40
545,34,1462,45
546,34,65065,39
547,34,6342,44
548,34,22374,44
549,34,14565,40
550,34,285703,46
551,34,4245,45
552,34,5726,45
553,34,1110,45
554,34,23071,39
555,34,208532,55
556,34,42887,45
557,34,1394,50
558,34,574278,56
559,34,1668989,51
560,34,18667,39
561,34,40383,39
562,34,6980,39
563,34,31409,40
564,34,1097,60
565,34,9101,39
566,34,260,45
567,34,1847,44
568,34,74765,45
569,34,26661,39
570,34,840,40
571,34,6192,39
572,34,72962,39
573,34,15980,39
574,34,49131,40
575,34,8613,48
576,34,1325,44
577,34,328235,47
578,34,104554,59
579,34,1877883,122
580,34,4402,43
581,34,11183,45
582,34,4083,56
583,34,352273,54
584,34,301272,49
585,34,43881,44
586,34,271515,61
587,34,32289,59
588,34,130875,45
589,34,9560,44
590,34,152798,45
591,34,16244,60
592,34,9446,49
593,34,136980,39
594,34,2515,45
595,34,83822,44
596,34,6664,40
597,34,1338,45
598,34,11494,39
599,34,6548,44
600,34,1849,44
601,34,31671,43
602,34,21720,45
603,34,5628,39
604,34,14725,39
605,34,1099,44
606,34,3772,40
607,34,78166,45
608,34,3109,40
609,34,1326,45
610,34,7685,40
611,34,12510,40
612,34,576,45
613,34,1301,45
614,34,916,45
615,34,1668,40
616,34,4438,40
617,34,4646,40
618,34,553,44
619,34,5135,40
620,34,581,45
621,34,13685,40
622,34,10127,50
623,34,2966,40
624,34,2759,45
625,34,610,45
626,34,1706,40
627,34,1622,40
628,34,343,45
629,34,465,44
630,34,548,45
631,34,430,45
632,34,2925,45
633,34,3511,40
634,34,564,45
635,34,5408,40
636,34,342,50
637,34,60159,39
638,34,377,45
639,34,609,40
640,34,84153,45
641,34,3163,42
642,34,3848,40
643,34,2268,40
644,34,2557,40
645,34,2353,40
646,34,694,45
647,34,131,45
648,34,920,44
649,34,3188,45
650,34,543,40
651,34,1313,40
652,34,986,44
653,34,3861,40
654,34,494,45
655,34,38434,45
656,34,667,40
657,34,1898,40
658,34,1006,45
659,34,2103,40
660,34,906,40
661,34,413,45
662,34,367,45
663,34,2517,50
664,34,1111,45
665,34,347,40
666,34,4614,40
667,34,3612,40
668,34,1726,44
669,34,6795,45
670,34,1225,40
671,34,376,45
672,34,380,45
673,34,1138,45
674,34,1441,42
675,34,5356,49
676,34,6920,45
677,34,1958,45
678,34,20058,49
679,34,855,46
680,34,288,45
681,34,1031476,70
682,34,1153,40
683,34,7565,45
684,34,1408,40
685,34,750,44
686,34,201,40
687,34,62,45
688,34,1059,40
689,34,690,55
690,34,1003,45
691,34,2463,40
692,34,221,45
693,34,210,45
694,34,17188,45
695,34,63,40
696,34,259640,79
697,34,140952,49
698,34,233,49
699,34,131919,56
700,34,541222,64
701,34,1177069,64
702,34,6393,49
703,34,286,45
704,34,23915,45
705,34,1739,40
706,34,729,45
707,34,388,44
708,34,984,40
709,34,1374,40
710,34,327,45
711,34,847,40
712,34,505,40
713,34,194,45
714,34,228,45
715,34,20260,45
716,34,152,45
717,34,129,45
718,34,60,45
719,34,281,40
720,34,92,45
721,34,122,45
722,34,196,40
723,34,138,45
724,34,90,40
725,34,15226,45
726,34,18,45
727,34,0,45
728,34,0,40
1,35,78846,45
2,35,48262,40
3,35,6725,63
4,35,113456,96
5,35,42469,42
6,35,358874,82
7,35,36720,48
8,35,7844,42
9,35,18019,48
10,35,29105,42
11,35,6264,42
12,35,30797,44
13,35,4092,52
14,35,52325,41
15,35,23479,50
16,35,486590,50
17,35,68808,69
18,35,10823,45
19,35,105580,55
20,35,368172,55
21,35,992834,57
22,35,2657251,68
23,35,734811,54
24,35,54,45
25,35,95,45
26,35,301666,53
27,35,201,45
28,35,167261,39
29,35,1293,49
30,35,1050119,55
31,35,39,45
32,35,25422,57
33,35,648760,75
34,35,1921,50
35,35,88446,56
36,35,15056,44
37,35,1463,54
38,35,591233,50
39,35,269400,47
40,35,906401,75
41,35,12195,44
42,35,29280,56
43,35,84426,61
44,35,959298,53
45,35,88313,49
46,35,1131,45
47,35,8825,54
48,35,59,55
49,35,135514,45
50,35,150928,43
51,35,726955,47
52,35,52761,47
53,35,13536,53
54,35,199625,39
55,35,22305,57
56,35,718355,40
57,35,39,45
58,35,99078,44
59,35,200830,48
60,35,4861,53
61,35,24536,43
62,35,115732,42
63,35,469344,63
64,35,129217,58
65,35,597,45
66,35,99,55
67,35,1417583,46
68,35,486,40
69,35,1390694,45
70,35,430490,44
71,35,179187,45
72,35,6802,53
73,35,2596,48
74,35,44318,51
75,35,48573,45
76,35,524350,44
77,35,51108,50
78,35,1636686,69
79,35,2817,51
80,35,375558,43
81,35,96330,55
82,35,951,53
83,35,88477,45
84,35,22537,49
85,35,3589,52
86,35,4017,49
87,35,105958,39
88,35,7501,53
89,35,14875,41
90,35,4209,43
91,35,267706,44
92,35,586,40
93,35,49916,44
94,35,104913,39
95,35,1064,54
96,35,178147,52
97,35,4720,44
98,35,159120,49
99,35,49476,39
100,35,13432,41
101,35,11317,44
102,35,1852,44
103,35,16382,40
104,35,194264,52
105,35,65049,52
106,35,62632,46
107,35,20708,52
108,35,4650,54
109,35,305000,66
110,35,105081,44
111,35,40317,52
112,35,356381,54
113,35,49576,44
114,35,9685,43
115,35,270634,43
116,35,180,45
117,35,406,45
118,35,23083,55
119,35,300506,56
120,35,1234,65
121,35,740178,56
122,35,1136967,56
123,35,391543,57
124,35,8038,52
125,35,160392,49
126,35,4420,55
127,35,1704783,61
128,35,103889,54
129,35,31408,45
130,35,253322,49
131,35,74832,73
132,35,15713,54
133,35,129320,46
134,35,412933,87
135,35,273062,56
136,35,11209,65
137,35,62267,79
138,35,2096959,77
139,35,3243,45
140,35,21147,53
141,35,855975,79
142,35,1601870,64
143,35,1052678,61
144,35,1083559,61
145,35,284296,43
146,35,565219,46
147,35,10172,43
148,35,104625,43
149,35,108553,59
150,35,52620,45
151,35,179207,38
152,35,3734,53
153,35,87225,58
154,35,510064,68
155,35,7031,54
156,35,34014,44
157,35,2689,47
158,35,3569,42
159,35,276395,53
160,35,6786,59
161,35,770,45
162,35,135617,45
163,35,90992,42
164,35,59130,67
165,35,60313,49
166,35,42425,69
167,35,203,55
168,35,450957,50
169,35,197527,46
170,35,405308,48
171,35,275811,43
172,35,7059,49
173,35,104981,53
174,35,17437,58
175,35,23723,49
176,35,5479,48
177,35,255428,77
178,35,52261,42
179,35,37987,47
180,35,539803,75
181,35,70860,40
182,35,159,55
183,35,407,45
184,35,22441,44
185,35,278619,43
186,35,25656,51
187,35,186405,63
188,35,260691,49
189,35,260844,77
190,35,27691,45
191,35,83792,47
192,35,4180,54
193,35,5925,48
194,35,11794,43
195,35,1690,45
196,35,1106403,64
197,35,8104,44
198,35,11673,43
199,35,181010,48
200,35,1465366,49
201,35,21688,54
202,35,11004,52
203,35,101324,43
204,35,313132,40
205,35,752408,103
206,35,1531,49
207,35,145465,52
208,35,1005114,40
209,35,101394,53
210,35,322820,64
211,35,10200,57
212,35,1267398,69
213,35,292883,70
214,35,9701,44
215,35,324995,66
216,35,71285,48
217,35,178384,49
218,35,61967,49
219,35,77032,43
220,35,67755,43
221,35,7253,49
222,35,157943,49
223,35,16178,43
224,35,652288,51
225,35,51978,53
226,35,3427,59
227,35,20868,58
228,35,212220,87
229,35,1834718,68
230,35,363856,117
231,35,813813,60
232,35,95840,54
233,35,5403400,133
234,35,1056068,73
235,35,110308,48
236,35,5742,51
237,35,3560626,84
238,35,37757,47
239,35,15784,50
240,35,1654280,83
241,35,11350,42
242,35,11261,43
243,35,109036,51
244,35,6406,50
245,35,1023499,37
246,35,49871,38
247,35,2144,44
248,35,9440,40
249,35,453807,54
250,35,245757,71
251,35,921543,119
252,35,251579,52
253,35,29672,52
254,35,384852,86
255,35,231576,105
256,35,3704415,71
257,35,1084895,61
258,35,39587,47
259,35,1086073,60
260,35,14122,44
261,35,1356208,70
262,35,1507498,61
263,35,721844,85
264,35,84008,53
265,35,592562,78
266,35,95211,55
267,35,158968,55
268,35,172582,67
269,35,148567,84
270,35,904187,51
271,35,44955,43
272,35,588393,74
273,35,408745,54
274,35,81644,49
275,35,1004666,50
276,35,85952,67
277,35,1317019,116
278,35,46950,76
279,35,94530,51
280,35,35423,47
281,35,56110,94
282,35,31389,57
283,35,29816,44
284,35,52628,48
285,35,29212,54
286,35,11876,49
287,35,55306,60
288,35,276200,51
289,35,361676,71
290,35,420821,39
291,35,14113,53
292,35,16000,49
293,35,7182,44
294,35,28342,45
295,35,265862,45
296,35,97181,71
297,35,3269,48
298,35,36190,52
299,35,17658,44
300,35,14310,52
301,35,1888,45
302,35,443247,39
303,35,12008,43
304,35,33880,47
305,35,445412,44
306,35,10989,45
307,35,1074752,68
308,35,21891,50
309,35,41003,43
310,35,105401,58
311,35,7064,42
312,35,3135,45
313,35,105468,39
314,35,130161,45
315,35,982460,61
316,35,36,50
317,35,18624,44
318,35,6500,49
319,35,18450,44
320,35,1388,49
321,35,2067,44
322,35,778,54
323,35,5413,51
324,35,3647,44
325,35,16017,53
326,35,80774,43
327,35,4163,43
328,35,1262,47
329,35,54120,49
330,35,25,50
331,35,190290,39
332,35,10290,58
333,35,129882,44
334,35,106574,43
335,35,48336,45
336,35,13395,59
337,35,674616,77
338,35,5037,44
339,35,18588,58
340,35,40763,47
341,35,630049,64
342,35,127802,48
343,35,153488,44
344,35,1121,45
345,35,343521,67
346,35,3976,47
347,35,1813,45
348,35,195064,45
349,35,13251,45
350,35,4088,52
351,35,22612,45
352,35,1508,45
353,35,727954,54
354,35,204550,44
355,35,1561,50
356,35,319,60
357,35,1951616,125
358,35,14055,49
359,35,2384938,110
360,35,140901,46
361,35,489856,46
362,35,126974,59
363,35,94943,62
364,35,268956,45
365,35,236628,48
366,35,95285,44
367,35,153731,42
368,35,21099,43
369,35,32900,59
370,35,860705,51
371,35,75977,42
372,35,8791,59
373,35,52716,44
374,35,5872,42
375,35,20516,57
376,35,1797357,41
377,35,15984,42
378,35,2450,47
379,35,21173,42
380,35,29102,54
381,35,8869,48
382,35,13312,43
383,35,4915,54
384,35,4917,43
385,35,537,50
386,35,5732,47
387,35,7786,43
388,35,51919,45
389,35,123671,40
390,35,5188,43
391,35,2605,52
392,35,257,55
393,35,8525,50
394,35,844,45
395,35,19753,48
396,35,4040,43
397,35,2205,45
398,35,16818,40
399,35,259072,57
400,35,4114,42
401,35,33,45
402,35,1018,45
403,35,2928,52
404,35,41357,54
405,35,9544,43
406,35,60604,43
407,35,11787,43
408,35,242554,50
409,35,22921,49
410,35,70746,39
411,35,743399,55
412,35,10154,51
413,35,2396183,74
414,35,79755,49
415,35,8646,44
416,35,31559,56
417,35,11378,44
418,35,279326,47
419,35,1039172,59
420,35,1087295,69
421,35,392313,50
422,35,321469,57
423,35,121352,60
424,35,27152,42
425,35,334335,39
426,35,69357,49
427,35,1305,50
428,35,10154,49
429,35,1388890,48
430,35,412476,75
431,35,269009,48
432,35,136753,42
433,35,71511,45
434,35,24259,46
435,35,96537,56
436,35,79254,52
437,35,154649,48
438,35,24030,55
439,35,196148,45
440,35,9492,45
441,35,4644,62
442,35,6687,45
443,35,145728,39
444,35,86212,39
445,35,43535,56
446,35,2002,44
447,35,32437,59
448,35,161469,40
449,35,11221,52
450,35,2565188,58
451,35,37452,43
452,35,15679,43
453,35,29693,47
454,35,23492,40
455,35,117641,70
456,35,7869,44
457,35,6146,44
458,35,6820,48
459,35,5797,47
460,35,10076,48
461,35,29012,56
462,35,11902,59
463,35,23639,47
464,35,21530,54
465,35,9414,43
466,35,56073,43
467,35,17297,43
468,35,305852,56
469,35,6220,45
470,35,114672,42
471,35,6401,48
472,35,193384,50
473,35,23802,46
474,35,19927,45
475,35,911336,53
476,35,3472,45
477,35,179417,45
478,35,10501,48
479,35,5482,49
480,35,23450,45
481,35,221227,40
482,35,192726,52
483,35,58282,44
484,35,438240,55
485,35,228403,89
486,35,15677,42
487,35,5069,57
488,35,198524,46
489,35,65053,47
490,35,11029,43
491,35,794356,43
492,35,36617,63
493,35,22818,43
494,35,91755,48
495,35,12582,55
496,35,14542,44
497,35,1495,50
498,35,3689,44
499,35,3412,49
500,35,4063,50
501,35,14636,49
502,35,9206,44
503,35,309202,46
504,35,2659,44
505,35,147495,44
506,35,7587,53
507,35,5585,45
508,35,1575,47
509,35,69388,39
510,35,147931,42
511,35,755,50
512,35,108615,48
513,35,23997,43
514,35,30952,39
515,35,19785,39
516,35,25361,54
517,35,20632,54
518,35,949432,55
519,35,16758,54
520,35,218328,45
521,35,11437,40
522,35,3744,45
523,35,4053,50
524,35,7643,57
525,35,132870,57
526,35,4606,45
527,35,227928,47
528,35,3523,48
529,35,678073,114
530,35,23199,47
531,35,666,50
532,35,32201,40
533,35,294580,45
534,35,26471,39
535,35,22202,45
536,35,3001,40
537,35,2209,45
538,35,1889,45
539,35,932,45
540,35,9844,39
541,35,2004,44
542,35,75280,45
543,35,3464,45
544,35,28442,40
545,35,1460,45
546,35,67799,39
547,35,6333,44
548,35,22308,44
549,35,14526,40
550,35,292161,46
551,35,4237,45
552,35,5454,45
553,35,1109,45
554,35,23309,39
555,35,209327,55
556,35,41898,45
557,35,1388,50
558,35,595395,56
559,35,1648051,51
560,35,18792,39
561,35,40436,39
562,35,6950,39
563,35,31486,40
564,35,1096,60
565,35,9161,39
566,35,259,45
567,35,1873,44
568,35,73789,45
569,35,26993,39
570,35,839,40
571,35,6615,39
572,35,72118,39
573,35,15301,39
574,35,48781,40
575,35,7932,47
576,35,1329,44
577,35,326023,47
578,35,77899,59
579,35,1903579,122
580,35,4424,43
581,35,11029,45
582,35,4110,56
583,35,344546,54
584,35,291460,49
585,35,52833,44
586,35,261315,61
587,35,34116,59
588,35,157416,45
589,35,9518,44
590,35,158984,45
591,35,16418,60
592,35,9422,49
593,35,134943,39
594,35,2432,45
595,35,82652,44
596,35,6661,40
597,35,1331,45
598,35,11611,39
599,35,6506,44
600,35,1899,44
601,35,31291,43
602,35,21372,45
603,35,5662,39
604,35,14888,39
605,35,1105,44
606,35,3803,40
607,35,82947,45
608,35,3154,40
609,35,1316,45
610,35,7687,40
611,35,12436,40
612,35,566,45
613,35,1309,45
614,35,929,45
615,35,1688,40
616,35,4424,40
617,35,4679,40
618,35,544,44
619,35,5107,40
620,35,585,45
621,35,13784,40
622,35,10253,50
623,35,3024,40
624,35,2765,45
625,35,625,45
626,35,1761,40
627,35,1655,40
628,35,355,45
629,35,476,44
630,35,561,45
631,35,443,45
632,35,2980,45
633,35,3251,40
634,35,580,45
635,35,5584,40
636,35,336,50
637,35,62563,39
638,35,402,45
639,35,608,40
640,35,88245,45
641,35,3181,42
642,35,3835,40
643,35,2240,40
644,35,2612,40
645,35,2363,40
646,35,691,45
647,35,129,45
648,35,918,44
649,35,3135,45
650,35,537,40
651,35,1346,40
652,35,1046,44
653,35,3895,40
654,35,486,45
655,35,39622,45
656,35,729,40
657,35,2000,40
658,35,1056,45
659,35,2151,40
660,35,936,40
661,35,406,45
662,35,367,45
663,35,2604,50
664,35,1166,45
665,35,343,40
666,35,4717,40
667,35,3691,40
668,35,1804,44
669,35,6774,45
670,35,1263,40
671,35,385,45
672,35,408,45
673,35,1178,45
674,35,1415,42
675,35,8247,49
676,35,11596,45
677,35,2692,45
678,35,19311,49
679,35,819,45
680,35,330,45
681,35,1207473,70
682,35,1231,40
683,35,7578,45
684,35,1431,40
685,35,766,44
686,35,200,40
687,35,61,45
688,35,1084,40
689,35,718,55
690,35,1073,45
691,35,2447,40
692,35,236,45
693,35,217,45
694,35,17217,45
695,35,63,40
696,35,302841,80
697,35,182594,50
698,35,221,49
699,35,141118,56
700,35,549521,64
701,35,1122187,63
702,35,6235,49
703,35,302,45
704,35,23850,45
705,35,1805,40
706,35,684,45
707,35,464,44
708,35,1091,40
709,35,1476,40
710,35,335,45
711,35,885,40
712,35,550,40
713,35,201,45
714,35,237,45
715,35,22588,45
716,35,258,45
717,35,164,45
718,35,85,45
719,35,315,40
720,35,97,45
721,35,154,45
722,35,302,40
723,35,284,45
724,35,150,40
725,35,19034,45
726,35,87,45
727,35,13,45
728,35,63,40
729,35,0,45
730,35,0,40
1,36,77793,45
2,36,47796,40
3,36,6718,63
4,36,112993,96
5,36,38194,42
6,36,309347,81
7,36,42475,48
8,36,7823,42
9,36,17991,48
10,36,34161,42
11,36,6246,42
12,36,32892,44
13,36,4082,52
14,36,88965,41
15,36,22517,50
16,36,451138,49
17,36,68610,69
18,36,10803,45
19,36,87016,54
20,36,786826,56
21,36,982647,57
22,36,2846316,67
23,36,791192,54
24,36,54,45
25,36,94,45
26,36,300566,53
27,36,201,45
28,36,162011,39
29,36,1292,49
30,36,1048087,55
31,36,39,45
32,36,25539,57
33,36,646033,75
34,36,1933,50
35,36,91007,56
36,36,14734,44
37,36,1454,54
38,36,634142,50
39,36,239261,47
40,36,1007319,75
41,36,12194,44
42,36,29252,56
43,36,85787,61
44,36,1006262,53
45,36,83193,49
46,36,1126,45
47,36,8811,54
48,36,59,55
49,36,133267,45
50,36,153292,43
51,36,516022,47
52,36,46203,47
53,36,13487,53
54,36,249605,39
55,36,22027,56
56,36,708919,40
57,36,39,45
58,36,92024,44
59,36,198564,48
60,36,4834,53
61,36,23536,43
62,36,118303,42
63,36,405062,62
64,36,139117,58
65,36,594,45
66,36,99,55
67,36,1181975,46
68,36,485,40
69,36,1316113,45
70,36,430920,44
71,36,165911,45
72,36,6757,53
73,36,2588,48
74,36,42949,51
75,36,46773,45
76,36,528546,44
77,36,51281,50
78,36,1465414,68
79,36,2829,51
80,36,379298,43
81,36,95024,55
82,36,985,53
83,36,91640,45
84,36,20679,49
85,36,3541,52
86,36,4014,49
87,36,104588,39
88,36,7446,53
89,36,16284,41
90,36,4354,43
91,36,256230,44
92,36,579,40
93,36,49623,44
94,36,101320,39
95,36,1063,54
96,36,166884,52
97,36,4675,44
98,36,137170,49
99,36,49442,39
100,36,12136,41
101,36,12408,44
102,36,1913,44
103,36,16426,40
104,36,137481,52
105,36,66035,52
106,36,56902,46
107,36,19932,52
108,36,4646,54
109,36,202109,64
110,36,99797,44
111,36,72504,52
112,36,307737,53
113,36,51946,44
114,36,9647,43
115,36,304955,43
116,36,180,45
117,36,403,45
118,36,21602,55
119,36,302597,56
120,36,1232,65
121,36,750438,56
122,36,1386833,57
123,36,365831,57
124,36,7985,52
125,36,165869,49
126,36,4416,55
127,36,1708856,61
128,36,105183,54
129,36,30831,45
130,36,230932,49
131,36,72434,73
132,36,16483,54
133,36,127006,46
134,36,362078,87
135,36,272154,56
136,36,11203,65
137,36,62986,79
138,36,2097890,77
139,36,3233,45
140,36,20830,53
141,36,782007,79
142,36,1629242,64
143,36,1060558,61
144,36,1024830,60
145,36,280453,43
146,36,548873,46
147,36,10059,43
148,36,105044,43
149,36,107428,59
150,36,51962,45
151,36,227951,38
152,36,3775,52
153,36,85896,58
154,36,503384,68
155,36,6944,54
156,36,33302,44
157,36,2685,47
158,36,3557,42
159,36,238762,53
160,36,11125,59
161,36,788,45
162,36,125878,45
163,36,118180,42
164,36,59070,67
165,36,87668,49
166,36,42387,69
167,36,203,55
168,36,483270,50
169,36,209601,46
170,36,492771,48
171,36,273747,43
172,36,7057,49
173,36,106051,53
174,36,19125,58
175,36,33184,49
176,36,5546,48
177,36,256624,77
178,36,113093,42
179,36,36450,47
180,36,847845,75
181,36,69966,40
182,36,158,55
183,36,405,45
184,36,21416,44
185,36,295823,43
186,36,25775,51
187,36,198216,63
188,36,249864,49
189,36,260117,77
190,36,28277,45
191,36,84694,47
192,36,4171,54
193,36,5850,48
194,36,11917,43
195,36,1687,45
196,36,1087941,63
197,36,8120,44
198,36,11655,43
199,36,183283,48
200,36,1709180,49
201,36,22335,54
202,36,11252,52
203,36,101252,43
204,36,310999,40
205,36,782249,103
206,36,1529,49
207,36,145016,52
208,36,994112,40
209,36,114903,53
210,36,334805,64
211,36,10508,57
212,36,1267369,69
213,36,364949,70
214,36,9668,44
215,36,311610,65
216,36,70887,48
217,36,218177,49
218,36,62556,49
219,36,78446,43
220,36,89076,43
221,36,7313,49
222,36,163297,49
223,36,16141,43
224,36,775983,52
225,36,54885,53
226,36,3425,59
227,36,20844,58
228,36,208880,87
229,36,1854634,68
230,36,377029,118
231,36,838655,61
232,36,96048,54
233,36,5388439,133
234,36,1071129,73
235,36,119861,48
236,36,5709,51
237,36,3537988,84
238,36,38481,47
239,36,20472,50
240,36,1642716,83
241,36,11319,42
242,36,11204,43
243,36,111500,51
244,36,6401,50
245,36,1059558,37
246,36,49390,38
247,36,2140,44
248,36,9414,40
249,36,439148,54
250,36,242349,71
251,36,1084004,119
252,36,240785,52
253,36,29657,52
254,36,404299,86
255,36,214032,105
256,36,3777965,72
257,36,1133539,61
258,36,47668,47
259,36,1146745,60
260,36,14039,44
261,36,1344651,70
262,36,1619201,61
263,36,1097373,86
264,36,93335,53
265,36,698847,79
266,36,147109,55
267,36,155927,55
268,36,172173,67
269,36,148487,84
270,36,822086,51
271,36,45211,43
272,36,583870,74
273,36,396443,54
274,36,78977,49
275,36,997208,50
276,36,85450,67
277,36,1265919,116
278,36,46838,76
279,36,81465,50
280,36,35380,47
281,36,53928,94
282,36,29682,57
283,36,29700,44
284,36,51160,48
285,36,28507,54
286,36,11874,49
287,36,53457,60
288,36,271469,51
289,36,360097,71
290,36,432612,39
291,36,12478,53
292,36,15686,49
293,36,7170,44
294,36,27795,45
295,36,220016,44
296,36,96690,71
297,36,3248,48
298,36,27660,51
299,36,17367,44
300,36,14268,52
301,36,1880,45
302,36,436706,39
303,36,11734,43
304,36,32953,46
305,36,259493,42
306,36,10838,45
307,36,975063,67
308,36,20822,50
309,36,41297,43
310,36,101400,58
311,36,7019,42
312,36,3125,45
313,36,104650,39
314,36,130969,45
315,36,1000502,61
316,36,36,50
317,36,18398,44
318,36,5344,49
319,36,18401,44
320,36,1385,49
321,36,2045,44
322,36,778,54
323,36,5456,51
324,36,3594,44
325,36,15971,53
326,36,80498,43
327,36,4145,43
328,36,1244,47
329,36,50136,48
330,36,25,50
331,36,187082,39
332,36,10313,58
333,36,119965,44
334,36,105295,43
335,36,51671,45
336,36,13514,59
337,36,688943,77
338,36,5035,44
339,36,17121,58
340,36,40815,47
341,36,544054,65
342,36,109863,48
343,36,137675,44
344,36,1112,45
345,36,271165,66
346,36,3941,47
347,36,1841,45
348,36,193780,45
349,36,13041,45
350,36,4087,52
351,36,22098,45
352,36,1506,45
353,36,707196,54
354,36,203267,44
355,36,1559,50
356,36,319,60
357,36,1764284,124
358,36,14032,49
359,36,2441497,110
360,36,92965,45
361,36,502096,47
362,36,124510,59
363,36,94609,62
364,36,263695,45
365,36,235742,48
366,36,94342,44
367,36,150515,42
368,36,24007,43
369,36,32673,59
370,36,711986,51
371,36,75478,42
372,36,8767,59
373,36,52229,44
374,36,5866,42
375,36,20431,57
376,36,1833203,42
377,36,15889,42
378,36,2524,47
379,36,18485,42
380,36,29055,54
381,36,8753,48
382,36,17024,43
383,36,4907,54
384,36,4905,43
385,36,537,50
386,36,5673,47
387,36,7788,43
388,36,51556,45
389,36,119420,40
390,36,5182,43
391,36,2612,52
392,36,257,55
393,36,8495,50
394,36,842,45
395,36,19496,48
396,36,4012,43
397,36,2198,45
398,36,16707,40
399,36,261255,57
400,36,4113,42
401,36,33,45
402,36,1014,45
403,36,3010,52
404,36,50739,54
405,36,10257,43
406,36,62344,43
407,36,11771,43
408,36,234964,50
409,36,22863,49
410,36,70359,39
411,36,710780,55
412,36,10024,51
413,36,2272720,74
414,36,74656,49
415,36,8776,44
416,36,30870,56
417,36,11170,44
418,36,281258,47
419,36,1017241,59
420,36,1032544,69
421,36,389121,50
422,36,316213,57
423,36,118850,59
424,36,26912,42
425,36,338555,39
426,36,68475,49
427,36,1304,50
428,36,10382,49
429,36,1250340,48
430,36,391793,75
431,36,241681,48
432,36,129354,42
433,36,56748,45
434,36,23091,46
435,36,96143,56
436,36,80123,52
437,36,147149,48
438,36,19499,55
439,36,139019,45
440,36,9466,45
441,36,4718,62
442,36,6665,45
443,36,147273,39
444,36,84120,39
445,36,42659,56
446,36,2075,44
447,36,46962,59
448,36,155285,40
449,36,10458,52
450,36,2661950,59
451,36,43603,43
452,36,15623,43
453,36,31442,47
454,36,23336,40
455,36,119717,70
456,36,7238,44
457,36,5813,44
458,36,6898,48
459,36,6357,47
460,36,10041,48
461,36,28515,56
462,36,8717,59
463,36,23835,47
464,36,19971,53
465,36,9412,43
466,36,107406,43
467,36,17066,43
468,36,300880,56
469,36,6192,45
470,36,111001,41
471,36,6196,48
472,36,161699,49
473,36,23715,46
474,36,20040,45
475,36,796078,52
476,36,3444,45
477,36,203078,45
478,36,10466,48
479,36,5418,49
480,36,23332,45
481,36,217146,40
482,36,190607,52
483,36,57896,44
484,36,473060,54
485,36,204923,89
486,36,15645,42
487,36,5041,57
488,36,193405,46
489,36,65038,47
490,36,11016,43
491,36,662785,42
492,36,35535,63
493,36,38512,43
494,36,104384,48
495,36,13062,55
496,36,14459,44
497,36,1491,50
498,36,3671,44
499,36,3375,49
500,36,4053,50
501,36,14032,49
502,36,9088,43
503,36,568500,46
504,36,2635,44
505,36,157737,44
506,36,7491,53
507,36,5619,45
508,36,1579,47
509,36,71772,39
510,36,137940,42
511,36,754,50
512,36,87329,48
513,36,23798,43
514,36,31787,39
515,36,19630,39
516,36,23456,54
517,36,17142,54
518,36,758395,54
519,36,17038,54
520,36,226878,45
521,36,11395,40
522,36,3742,45
523,36,4041,50
524,36,7603,57
525,36,130102,57
526,36,4649,45
527,36,216056,47
528,36,3505,48
529,36,675996,114
530,36,23074,47
531,36,665,50
532,36,31699,40
533,36,330176,44
534,36,26765,39
535,36,22104,45
536,36,2992,40
537,36,2201,45
538,36,2134,45
539,36,931,45
540,36,9989,39
541,36,1998,44
542,36,74425,45
543,36,3459,45
544,36,28196,40
545,36,1455,45
546,36,73554,39
547,36,6430,44
548,36,22376,44
549,36,14475,40
550,36,313551,46
551,36,4186,45
552,36,5218,45
553,36,1107,45
554,36,24353,39
555,36,211514,55
556,36,39679,45
557,36,1383,50
558,36,610305,56
559,36,1607968,51
560,36,19290,39
561,36,41088,39
562,36,6911,39
563,36,31622,40
564,36,1096,60
565,36,9301,39
566,36,259,45
567,36,1851,44
568,36,72131,45
569,36,28255,39
570,36,835,40
571,36,8975,39
572,36,76063,39
573,36,14470,39
574,36,48368,40
575,36,7004,46
576,36,1339,44
577,36,336656,47
578,36,56866,58
579,36,1785998,122
580,36,4294,43
581,36,10977,45
582,36,4119,56
583,36,329480,54
584,36,270989,49
585,36,48694,44
586,36,246712,60
587,36,40081,59
588,36,174053,45
589,36,9492,44
590,36,190862,45
591,36,18264,60
592,36,9412,49
593,36,130169,39
594,36,2425,45
595,36,80940,44
596,36,6879,40
597,36,1327,45
598,36,12151,39
599,36,6463,44
600,36,2108,44
601,36,30735,43
602,36,20789,45
603,36,5705,39
604,36,15504,39
605,36,1114,44
606,36,3948,40
607,36,94242,45
608,36,3171,40
609,36,1310,45
610,36,7782,40
611,36,12292,40
612,36,542,45
613,36,1334,45
614,36,941,45
615,36,1695,40
616,36,4413,40
617,36,4752,40
618,36,588,44
619,36,5243,40
620,36,586,45
621,36,14631,40
622,36,10776,50
623,36,3097,40
624,36,2766,45
625,36,644,45
626,36,1785,40
627,36,1686,40
628,36,374,45
629,36,483,44
630,36,562,45
631,36,451,45
632,36,3070,45
633,36,3319,40
634,36,581,45
635,36,6165,40
636,36,333,50
637,36,75560,39
638,36,562,45
639,36,602,40
640,36,103385,45
641,36,3229,42
642,36,4111,40
643,36,2131,40
644,36,2742,40
645,36,2403,40
646,36,717,45
647,36,128,45
648,36,845,44
649,36,3071,45
650,36,517,40
651,36,1364,40
652,36,1131,44
653,36,3930,40
654,36,467,45
655,36,44196,45
656,36,739,40
657,36,2014,40
658,36,1091,45
659,36,2288,40
660,36,960,40
661,36,399,45
662,36,388,45
663,36,2642,50
664,36,1194,45
665,36,339,40
666,36,4612,40
667,36,3755,40
668,36,1860,44
669,36,6757,45
670,36,1314,40
671,36,406,45
672,36,436,45
673,36,1238,45
674,36,1337,42
675,36,45873,49
676,36,12753,45
677,36,2550,45
678,36,18671,49
679,36,819,45
680,36,376,45
681,36,1090687,71
682,36,1421,40
683,36,7552,45
684,36,1486,40
685,36,788,44
686,36,199,40
687,36,60,45
688,36,1183,40
689,36,773,55
690,36,1128,45
691,36,2627,40
692,36,239,45
693,36,234,45
694,36,20418,45
695,36,62,40
696,36,388420,80
697,36,162898,50
698,36,246,49
699,36,124005,56
700,36,382722,63
701,36,1101428,63
702,36,6428,49
703,36,301,45
704,36,23727,45
705,36,1993,40
706,36,610,45
707,36,434,44
708,36,1291,40
709,36,1614,40
710,36,345,45
711,36,928,40
712,36,608,40
713,36,222,45
714,36,244,45
715,36,28414,45
716,36,190,45
717,36,190,45
718,36,96,45
719,36,364,40
720,36,125,45
721,36,196,45
722,36,417,40
723,36,400,45
724,36,210,40
725,36,31671,45
726,36,116,45
727,36,44,45
728,36,225,40
729,36,31,45
730,36,72,40
731,36,0,45
732,36,0,45
733,36,0,45
734,36,0,45
1,37,77632,45
2,37,47579,40
3,37,6711,63
4,37,112541,96
5,37,36657,42
6,37,286961,81
7,37,40260,48
8,37,7796,42
9,37,17970,48
10,37,35678,42
11,37,6231,42
12,37,33512,44
13,37,4074,52
14,37,69552,41
15,37,22015,50
16,37,436959,49
17,37,68543,69
18,37,10777,45
19,37,76425,54
20,37,900968,57
21,37,926825,57
22,37,2509309,67
23,37,657883,54
24,37,54,45
25,37,94,45
26,37,280273,53
27,37,201,45
28,37,158936,39
29,37,1290,49
30,37,1119774,55
31,37,39,45
32,37,25779,57
33,37,644514,75
34,37,2002,50
35,37,110536,56
36,37,14550,44
37,37,1451,54
38,37,697407,50
39,37,231524,47
40,37,895452,75
41,37,12319,44
42,37,29313,56
43,37,154423,61
44,37,1415675,53
45,37,88401,49
46,37,1126,45
47,37,8799,54
48,37,59,55
49,37,131257,45
50,37,188169,43
51,37,462479,47
52,37,44817,47
53,37,13495,53
54,37,301106,39
55,37,25041,56
56,37,703484,40
57,37,39,45
58,37,85790,44
59,37,208820,48
60,37,5047,53
61,37,23534,43
62,37,130394,42
63,37,399893,62
64,37,259182,59
65,37,591,45
66,37,99,55
67,37,1098013,46
68,37,484,40
69,37,1319412,45
70,37,431954,44
71,37,163153,45
72,37,6727,53
73,37,2629,48
74,37,45118,51
75,37,45913,45
76,37,614486,44
77,37,55121,50
78,37,1475856,68
79,37,2836,51
80,37,390407,43
81,37,94423,55
82,37,1016,53
83,37,92031,45
84,37,18774,49
85,37,3525,52
86,37,4167,49
87,37,103693,39
88,37,7395,53
89,37,16221,41
90,37,4902,43
91,37,250630,44
92,37,576,40
93,37,49379,44
94,37,99707,39
95,37,1063,54
96,37,158724,52
97,37,4637,44
98,37,117886,49
99,37,49694,39
100,37,15425,41
101,37,12222,44
102,37,1996,44
103,37,17557,40
104,37,118303,51
105,37,76062,52
106,37,55275,46
107,37,19625,52
108,37,4623,54
109,37,188121,63
110,37,100972,44
111,37,48135,52
112,37,320557,53
113,37,67724,44
114,37,9708,43
115,37,367880,43
116,37,180,45
117,37,401,45
118,37,23282,55
119,37,297598,56
120,37,1230,65
121,37,700327,56
122,37,1217308,57
123,37,359531,57
124,37,8035,52
125,37,161633,49
126,37,4410,55
127,37,1675026,61
128,37,106567,54
129,37,30712,45
130,37,221912,49
131,37,69882,73
132,37,14951,54
133,37,126539,46
134,37,251857,86
135,37,271395,56
136,37,11187,65
137,37,64054,79
138,37,1833232,77
139,37,3229,45
140,37,20600,53
141,37,561736,79
142,37,1556950,64
143,37,1029898,61
144,37,1100879,60
145,37,278546,43
146,37,514687,46
147,37,10177,43
148,37,103004,43
149,37,108591,59
150,37,53560,45
151,37,242311,38
152,37,3856,52
153,37,93134,58
154,37,1151695,69
155,37,7312,54
156,37,43683,44
157,37,2726,47
158,37,3630,42
159,37,227633,53
160,37,18431,59
161,37,776,45
162,37,144348,45
163,37,114078,42
164,37,59062,67
165,37,117800,49
166,37,42354,69
167,37,202,55
168,37,697149,50
169,37,286040,46
170,37,793504,48
171,37,271098,43
172,37,7123,49
173,37,108745,53
174,37,33266,58
175,37,27633,49
176,37,5668,48
177,37,259661,77
178,37,169798,42
179,37,36089,47
180,37,1414913,76
181,37,69378,40
182,37,158,55
183,37,404,45
184,37,22351,44
185,37,264739,43
186,37,25979,51
187,37,183946,63
188,37,245398,49
189,37,259668,77
190,37,32338,45
191,37,85119,47
192,37,4167,54
193,37,5783,48
194,37,12409,43
195,37,1682,45
196,37,1032737,63
197,37,8186,44
198,37,12481,43
199,37,183273,48
200,37,1640141,50
201,37,35177,54
202,37,11274,52
203,37,101012,43
204,37,307661,40
205,37,1141974,103
206,37,1529,49
207,37,139560,52
208,37,999177,40
209,37,174802,53
210,37,345352,64
211,37,10669,57
212,37,1431208,69
213,37,327638,70
214,37,9657,44
215,37,374077,65
216,37,70569,48
217,37,200648,49
218,37,68885,49
219,37,70689,43
220,37,70506,43
221,37,7368,49
222,37,162665,49
223,37,16141,43
224,37,768303,52
225,37,56780,53
226,37,3419,59
227,37,20825,58
228,37,210340,87
229,37,1780356,68
230,37,396833,118
231,37,828151,61
232,37,84591,54
233,37,4271773,132
234,37,985658,73
235,37,120964,48
236,37,5728,51
237,37,3378533,84
238,37,38606,47
239,37,19608,50
240,37,1573383,83
241,37,11285,42
242,37,11385,43
243,37,116543,51
244,37,6488,50
245,37,1195322,37
246,37,49085,38
247,37,2137,44
248,37,9397,40
249,37,429474,54
250,37,238092,71
251,37,1561088,120
252,37,236763,52
253,37,29684,52
254,37,359633,86
255,37,239388,105
256,37,3682974,72
257,37,1088020,62
258,37,54735,47
259,37,880816,60
260,37,14054,44
261,37,1274270,70
262,37,1451787,62
263,37,893163,86
264,37,124353,53
265,37,653458,79
266,37,153780,55
267,37,135400,55
268,37,171851,67
282,37,28989,57
287,37,47907,60
290,37,419748,39
291,37,10897,53
292,37,15763,49
293,37,7141,44
294,37,27737,45
295,37,201518,44
296,37,99479,71
297,37,3235,48
298,37,25694,51
299,37,17334,44
300,37,14454,52
301,37,1945,45
302,37,433191,39
303,37,11396,43
304,37,32865,46
305,37,239597,42
306,37,10766,45
307,37,967575,67
308,37,20859,50
309,37,43898,43
310,37,110657,58
311,37,6983,42
312,37,3116,45
313,37,106041,39
314,37,123627,45
315,37,826729,61
316,37,36,50
317,37,18310,44
318,37,5031,49
319,37,16478,44
320,37,1385,49
321,37,1936,44
322,37,776,54
323,37,4791,51
324,37,3619,44
325,37,15941,53
326,37,79951,43
327,37,4156,43
328,37,1257,47
329,37,48491,48
330,37,25,50
331,37,185285,39
332,37,10338,58
333,37,112192,44
334,37,104479,43
335,37,49434,45
336,37,13166,59
337,37,1196456,77
338,37,5050,44
339,37,16540,58
340,37,40823,47
341,37,489573,64
342,37,99797,48
343,37,127889,44
344,37,1106,45
345,37,240372,65
346,37,3899,47
347,37,1812,45
348,37,192766,45
349,37,12963,45
350,37,4073,52
351,37,21416,45
352,37,1504,45
353,37,722096,54
354,37,207649,43
355,37,1554,50
356,37,319,60
357,37,1949088,124
358,37,14006,49
359,37,3034967,111
360,37,82224,45
361,37,522987,47
362,37,122769,59
363,37,94664,62
364,37,256247,45
365,37,234998,48
366,37,93640,44
367,37,154365,42
368,37,59732,43
369,37,32708,59
370,37,675346,50
371,37,75097,42
372,37,8736,59
373,37,51889,44
374,37,5898,42
375,37,20344,57
376,37,1777204,42
377,37,15865,42
378,37,2604,47
379,37,18464,42
380,37,29021,54
381,37,8556,48
382,37,13213,43
383,37,4900,54
384,37,4828,43
385,37,536,50
386,37,5960,47
387,37,7778,43
388,37,51287,45
389,37,118317,40
390,37,5451,43
391,37,3039,52
392,37,256,55
393,37,8477,50
394,37,835,45
395,37,19308,48
396,37,4037,43
397,37,2194,45
398,37,16631,40
399,37,249467,57
400,37,4533,42
401,37,33,45
402,37,1014,45
403,37,2858,52
404,37,42461,54
405,37,10152,43
406,37,67186,43
407,37,11796,43
408,37,232223,50
409,37,22801,49
410,37,70085,39
411,37,702100,54
412,37,10005,50
413,37,2158457,74
414,37,68760,49
415,37,8779,44
416,37,31652,56
417,37,11055,44
418,37,279438,47
419,37,995496,59
420,37,1036063,68
421,37,387331,50
422,37,312388,57
423,37,117727,59
424,37,26855,42
425,37,328223,39
426,37,67438,49
427,37,1300,50
428,37,12514,49
429,37,1289491,48
430,37,402869,75
431,37,210083,48
432,37,125275,42
433,37,56952,45
434,37,28818,46
435,37,95773,56
436,37,81829,52
437,37,143021,48
438,37,18019,55
439,37,123182,45
440,37,9448,45
441,37,8157,62
442,37,6647,45
443,37,146877,39
444,37,83272,39
445,37,41281,56
446,37,2095,44
447,37,95060,59
448,37,163717,40
449,37,10195,52
450,37,2003229,59
451,37,46669,43
452,37,15625,43
453,37,30369,47
454,37,23233,40
455,37,135893,70
456,37,7027,44
457,37,5729,44
458,37,6891,48
460,37,9527,48
461,37,30502,56
462,37,7704,59
463,37,24719,47
464,37,26919,53
465,37,9362,43
466,37,77263,43
467,37,17501,43
468,37,275049,56
469,37,6163,45
470,37,122708,41
471,37,5987,48
472,37,151338,49
473,37,23628,46
474,37,25255,45
475,37,776644,52
476,37,3429,45
477,37,173596,45
478,37,10435,48
479,37,5380,49
480,37,23676,45
481,37,215397,40
482,37,189099,52
483,37,64566,44
484,37,505994,54
486,37,15646,42
487,37,5032,57
488,37,373637,46
489,37,65140,47
490,37,11162,43
491,37,625131,42
492,37,35238,63
493,37,129370,43
494,37,78813,48
495,37,12468,55
496,37,14387,44
497,37,1488,50
498,37,3662,44
499,37,3372,49
500,37,4047,50
501,37,14044,49
502,37,9112,43
503,37,582446,47
504,37,2641,44
505,37,149449,44
506,37,7483,53
507,37,5708,45
508,37,1599,47
513,37,23643,43
514,37,32617,39
515,37,19506,39
516,37,22308,54
517,37,15453,54
518,37,689049,53
519,37,16969,54
520,37,214600,45
521,37,11348,40
522,37,3733,45
523,37,4033,50
524,37,8082,57
525,37,129230,57
526,37,4847,45
527,37,211181,47
528,37,3512,48
529,37,687025,114
530,37,22970,47
531,37,663,50
532,37,31452,40
533,37,376406,44
534,37,27245,39
535,37,21999,45
536,37,2986,40
537,37,2195,45
538,37,6847,45
539,37,930,45
540,37,10196,39
541,37,2114,44
542,37,73717,45
543,37,3536,45
544,37,28003,40
545,37,1449,45
546,37,74239,39
547,37,6350,44
548,37,22250,44
549,37,14443,40
550,37,281524,46
551,37,4145,45
552,37,5112,45
553,37,1104,45
554,37,24714,39
556,37,38999,45
557,37,1378,50
558,37,546491,56
559,37,1490905,51
560,37,19685,39
561,37,43228,39
562,37,6881,39
563,37,31703,40
564,37,1095,60
565,37,9549,39
566,37,259,45
567,37,1844,44
568,37,70968,45
569,37,28384,39
570,37,834,40
571,37,8303,39
572,37,87390,39
573,37,16127,39
574,37,48364,40
575,37,7594,46
576,37,1360,44
577,37,325496,47
578,37,78427,58
580,37,4278,43
581,37,9948,45
582,37,4157,56
583,37,321913,54
584,37,357165,49
585,37,60050,44
586,37,283711,60
587,37,36591,59
588,37,195891,45
589,37,9453,44
590,37,187621,45
591,37,18872,60
592,37,9438,49
593,37,132668,39
594,37,2399,45
595,37,79395,44
596,37,6921,40
597,37,1320,45
598,37,12224,39
599,37,6424,44
600,37,2338,44
601,37,30858,43
602,37,20335,45
603,37,5930,39
604,37,16497,39
605,37,1163,44
606,37,3922,40
607,37,78268,45
608,37,3246,40
609,37,1303,45
610,37,7817,40
611,37,12207,40
612,37,540,45
613,37,1350,45
614,37,954,45
615,37,1789,40
616,37,4394,40
617,37,4818,40
618,37,594,44
619,37,5314,40
620,37,611,45
621,37,14966,40
622,37,11066,50
623,37,3172,40
624,37,2881,45
625,37,665,45
626,37,1842,40
627,37,1736,40
628,37,395,45
629,37,506,44
630,37,564,45
631,37,472,45
633,37,3568,40
634,37,586,45
635,37,6348,40
637,37,83667,39
638,37,518,45
639,37,597,40
640,37,94009,45
641,37,3247,42
642,37,4578,40
643,37,2113,40
644,37,2876,40
645,37,2461,40
646,37,731,45
647,37,127,45
648,37,846,44
649,37,3016,45
650,37,510,40
651,37,1632,40
652,37,1260,44
653,37,3999,40
654,37,516,45
655,37,36319,45
656,37,823,40
657,37,2161,40
658,37,1154,45
659,37,2407,40
660,37,1005,40
661,37,397,45
662,37,382,45
663,37,2789,50
664,37,1244,45
665,37,337,40
666,37,4652,40
667,37,3784,40
668,37,1942,44
669,37,6746,45
670,37,1377,40
671,37,442,45
672,37,472,45
673,37,1278,45
674,37,1298,41
675,37,260723,49
676,37,10187,45
677,37,2894,45
678,37,23501,49
679,37,1046,45
680,37,320,45
681,37,1236013,71
682,37,1521,40
683,37,7534,45
684,37,1571,40
685,37,827,44
686,37,196,40
687,37,61,45
688,37,1366,40
689,37,2441,55
690,37,1211,45
691,37,2707,40
692,37,265,45
693,37,286,45
694,37,17681,45
695,37,61,40
696,37,604632,80
697,37,170327,50
698,37,420,49
699,37,127552,56
700,37,392325,63
701,37,965727,63
702,37,7744,49
703,37,324,45
704,37,22078,45
705,37,2246,40
707,37,462,44
708,37,1814,40
709,37,1926,40
710,37,356,45
711,37,1036,40
712,37,649,40
713,37,254,45
714,37,264,45
715,37,22033,45
716,37,189,45
717,37,226,45
718,37,118,45
719,37,434,40
720,37,147,45
721,37,252,45
722,37,485,40
724,37,267,40
725,37,19323,45
726,37,224,45
729,37,81,45
730,37,197,40
731,37,41,45
732,37,1398,45
733,37,132,45
734,37,3346,45
735,37,0,45
736,37,0,45
1,38,77609,45
2,38,47275,40
3,38,6705,63
4,38,112183,96
5,38,38794,42
6,38,279080,81
7,38,40301,48
8,38,7779,42
9,38,17955,48
10,38,33681,42
11,38,6217,42
12,38,34283,44
13,38,4066,52
14,38,72492,41
15,38,21698,50
16,38,425997,49
17,38,68673,69
18,38,10754,45
19,38,70821,53
20,38,1060565,57
21,38,907538,57
22,38,2605325,67
23,38,675825,53
24,38,54,45
25,38,94,45
26,38,285487,53
27,38,201,45
28,38,157165,39
29,38,1286,49
30,38,1036289,55
31,38,39,45
32,38,25796,57
33,38,653717,75
34,38,2023,50
35,38,99822,56
36,38,14410,44
37,38,1448,54
38,38,625542,50
39,38,265742,47
40,38,808340,75
41,38,12372,44
42,38,29249,56
43,38,113648,61
44,38,1007088,53
45,38,76673,49
46,38,1123,45
47,38,8786,54
48,38,58,55
49,38,129785,45
50,38,176323,43
51,38,436865,47
52,38,43931,47
53,38,13528,53
54,38,299471,39
55,38,24193,56
56,38,698216,40
57,38,39,45
58,38,106558,44
59,38,208395,48
60,38,5124,53
61,38,23451,43
62,38,130822,42
63,38,387643,62
64,38,260094,59
65,38,587,45
66,38,99,55
67,38,1118358,46
68,38,485,40
69,38,1323292,45
70,38,448059,44
71,38,159493,45
72,38,6710,53
73,38,2625,48
74,38,44856,51
75,38,45154,45
76,38,658854,45
77,38,59629,50
78,38,1754085,69
79,38,2873,51
80,38,437649,44
81,38,94335,55
82,38,1075,53
83,38,116910,45
84,38,18254,49
85,38,3521,52
86,38,4367,49
87,38,102735,39
88,38,7360,53
89,38,16790,41
90,38,5171,43
91,38,245733,44
92,38,572,40
93,38,49094,44
94,38,98186,39
95,38,1059,54
96,38,170209,52
97,38,4616,44
98,38,122928,49
99,38,49543,39
100,38,12800,41
101,38,12855,44
102,38,1925,44
103,38,20047,40
104,38,106982,51
105,38,111743,52
106,38,53465,46
107,38,19318,52
108,38,4625,54
109,38,164172,63
110,38,92550,44
111,38,41875,52
112,38,322531,53
113,38,61759,44
114,38,9656,43
115,38,334845,43
116,38,180,45
117,38,401,45
118,38,21655,55
119,38,301544,56
120,38,1227,65
121,38,713966,56
122,38,1429920,57
123,38,361881,57
124,38,8216,52
125,38,159337,49
126,38,4408,55
127,38,1720935,61
128,38,110397,54
129,38,32341,45
130,38,223561,49
131,38,72178,73
132,38,14858,54
133,38,124073,46
134,38,199024,85
135,38,270866,56
136,38,11175,65
137,38,69643,79
138,38,2018149,77
139,38,3225,45
140,38,20411,53
141,38,522105,79
142,38,1780503,65
143,38,1050073,61
144,38,1011410,60
145,38,271809,43
146,38,505318,46
147,38,9884,43
148,38,100204,43
149,38,107583,59
150,38,52071,45
151,38,256149,38
152,38,3852,52
153,38,90652,58
154,38,756252,69
155,38,7184,54
156,38,36934,44
157,38,2717,47
158,38,3601,42
159,38,245179,53
160,38,13481,59
161,38,798,45
162,38,129417,45
163,38,129579,42
164,38,59137,67
165,38,91548,49
166,38,42315,69
167,38,202,55
168,38,532816,50
169,38,244226,46
170,38,563730,48
171,38,268249,43
172,38,7178,49
173,38,106588,53
174,38,25047,58
175,38,26696,49
176,38,5661,48
177,38,272300,77
178,38,142280,42
179,38,36113,47
180,38,1098897,76
181,38,68876,40
182,38,158,55
183,38,404,45
184,38,23273,44
185,38,256419,43
186,38,26042,51
187,38,191986,63
188,38,242198,49
189,38,259871,77
190,38,34580,45
191,38,85763,47
192,38,4158,54
193,38,5748,48
194,38,12482,43
195,38,1678,45
196,38,1061423,63
197,38,8177,44
198,38,14465,43
199,38,186264,48
200,38,1645504,50
201,38,29456,54
202,38,11316,52
203,38,99439,43
204,38,309900,40
205,38,1131929,103
206,38,1529,49
207,38,139098,52
208,38,995815,40
209,38,134564,53
210,38,313892,64
211,38,10554,57
212,38,1519945,69
213,38,286578,70
214,38,9649,44
215,38,384733,65
216,38,70366,48
217,38,186550,49
218,38,51829,49
219,38,70526,43
220,38,79083,43
221,38,7497,49
222,38,166694,49
223,38,16167,43
224,38,958469,53
225,38,60264,53
226,38,3418,59
227,38,20849,58
228,38,216575,87
229,38,1599710,68
230,38,453557,118
231,38,875997,61
232,38,80094,54
233,38,3664020,131
234,38,1063475,73
235,38,132296,48
236,38,7112,51
237,38,3449687,84
238,38,37838,47
239,38,20146,50
240,38,1586465,83
241,38,11264,42
242,38,11517,43
243,38,131985,51
244,38,6530,50
245,38,1189519,37
246,38,48754,38
247,38,2130,44
248,38,9376,40
249,38,425516,54
250,38,234719,71
251,38,1755119,121
252,38,235313,52
253,38,29757,52
254,38,365604,86
255,38,238500,105
256,38,3780966,72
257,38,1099690,62
258,38,49656,47
259,38,1011861,60
260,38,14062,44
261,38,1269332,70
262,38,1411885,62
263,38,933671,86
264,38,148017,53
265,38,696290,79
266,38,180706,55
267,38,139999,55
268,38,171568,67
269,38,150679,84
270,38,773341,50
271,38,45746,43
272,38,579602,74
273,38,392953,54
274,38,77318,49
275,38,988665,50
276,38,85376,67
277,38,1240027,116
278,38,46686,76
279,38,72116,49
280,38,35455,47
281,38,52403,94
282,38,28777,57
283,38,29539,44
284,38,49230,48
285,38,28243,54
286,38,11647,49
287,38,44999,60
288,38,270077,51
289,38,357938,71
290,38,418482,39
291,38,10097,53
292,38,15999,49
293,38,7121,44
294,38,28103,45
295,38,269697,44
296,38,144009,71
297,38,3225,48
298,38,24609,51
299,38,18139,44
300,38,14837,52
301,38,2043,45
302,38,422191,39
303,38,19168,43
304,38,33440,46
305,38,221050,41
306,38,10684,45
307,38,998853,67
308,38,21725,50
309,38,45617,43
310,38,163263,59
311,38,6948,42
312,38,3108,45
313,38,105322,39
314,38,122787,45
315,38,865426,61
316,38,36,50
317,38,18265,44
318,38,4910,49
319,38,16592,44
320,38,1382,49
321,38,1990,44
322,38,776,54
323,38,4652,51
324,38,3701,44
325,38,15884,53
326,38,80063,43
327,38,4167,43
328,38,1248,47
329,38,47409,48
330,38,25,50
331,38,183420,39
332,38,10394,58
333,38,105912,44
334,38,105831,43
335,38,49817,45
336,38,13856,59
337,38,834977,77
338,38,5101,44
339,38,16256,58
340,38,40710,47
341,38,482522,64
342,38,98669,48
343,38,127374,44
344,38,1102,45
345,38,230484,65
346,38,4060,47
347,38,1825,45
348,38,191582,45
349,38,13070,45
350,38,4090,52
351,38,21470,45
352,38,1503,45
353,38,797928,55
354,38,210767,43
355,38,1552,50
356,38,319,60
357,38,2196579,125
358,38,13984,49
359,38,3326112,112
360,38,74644,45
361,38,606545,47
362,38,122470,59
363,38,94782,62
364,38,283353,45
365,38,236263,48
366,38,92993,44
367,38,188656,42
368,38,245440,44
369,38,32688,59
370,38,650429,50
371,38,74726,42
372,38,8714,59
373,38,51598,44
374,38,5954,42
375,38,20294,57
376,38,1786851,42
377,38,15770,42
378,38,2522,47
379,38,17384,42
380,38,28980,54
381,38,8465,48
382,38,12647,43
383,38,4892,54
384,38,4665,43
385,38,535,50
386,38,5635,47
387,38,7740,43
388,38,50989,45
389,38,116266,40
390,38,5268,43
391,38,2818,52
392,38,256,55
393,38,8461,50
394,38,832,45
395,38,19140,48
396,38,4015,43
397,38,2192,45
398,38,16553,40
399,38,245514,57
400,38,4261,42
401,38,33,45
402,38,1010,45
403,38,2803,52
404,38,47154,54
405,38,10632,43
406,38,71822,43
407,38,11866,43
408,38,270639,50
409,38,22764,49
410,38,69708,39
411,38,722387,54
412,38,10030,50
413,38,2226371,73
414,38,75475,49
415,38,8856,44
416,38,33702,56
417,38,11019,44
418,38,283496,47
419,38,975065,59
420,38,1442922,69
421,38,389323,50
422,38,313355,57
423,38,123957,59
424,38,26485,42
425,38,338533,39
426,38,64717,49
427,38,1301,50
428,38,11106,49
429,38,1195790,47
430,38,381044,75
431,38,187633,48
432,38,121974,42
433,38,48718,45
434,38,25283,46
435,38,95467,56
436,38,79868,52
437,38,140427,48
438,38,17564,55
439,38,113702,45
440,38,9434,45
441,38,5791,62
442,38,6630,45
443,38,148097,39
444,38,82267,39
445,38,40404,56
446,38,2179,44
447,38,159698,60
448,38,166710,40
449,38,10177,52
450,38,1770332,58
451,38,44451,43
452,38,15604,43
453,38,31462,47
454,38,23109,40
455,38,124059,70
456,38,6839,44
457,38,5715,44
458,38,6857,48
459,38,6806,47
460,38,9170,48
461,38,28964,56
462,38,7647,59
463,38,24913,47
464,38,18124,53
465,38,9472,43
466,38,86970,43
467,38,16727,43
468,38,266519,56
469,38,6133,45
470,38,121750,41
471,38,6136,48
472,38,146376,49
473,38,23552,46
474,38,21637,45
475,38,734642,52
476,38,3417,45
477,38,186940,45
478,38,10425,48
479,38,5347,49
480,38,23396,45
481,38,213851,40
482,38,187768,52
483,38,68477,44
484,38,471491,54
485,38,195126,89
486,38,15620,42
487,38,5027,57
488,38,240300,47
489,38,65321,47
490,38,11152,43
491,38,599430,42
492,38,35073,63
493,38,74366,43
494,38,60728,48
495,38,12192,55
496,38,14352,44
497,38,1487,50
498,38,3651,44
499,38,3374,49
500,38,4039,50
501,38,14484,49
502,38,9073,43
503,38,496688,47
504,38,2731,44
505,38,139381,44
506,38,7562,53
507,38,5641,45
508,38,1611,47
509,38,73865,39
510,38,125273,42
511,38,749,50
512,38,72049,48
513,38,23501,43
514,38,33024,39
515,38,19382,39
516,38,21693,54
517,38,14938,54
518,38,713795,53
519,38,17232,54
520,38,211822,45
521,38,11283,40
522,38,3722,45
523,38,4027,50
524,38,26983,57
525,38,128476,57
526,38,4993,45
527,38,227095,47
528,38,3513,48
529,38,708959,114
530,38,22884,47
531,38,663,50
532,38,31215,40
533,38,459414,44
534,38,27268,39
535,38,21902,45
536,38,2976,40
537,38,2180,45
538,38,7082,45
539,38,929,45
540,38,10263,39
541,38,2110,44
542,38,73099,45
543,38,3487,45
544,38,27966,40
545,38,1447,45
546,38,71745,39
547,38,6355,44
548,38,22228,44
549,38,14401,40
550,38,285417,46
551,38,4151,45
552,38,5048,45
553,38,1105,45
554,38,25797,39
555,38,213173,55
556,38,38666,45
557,38,1373,50
558,38,542975,56
559,38,1547104,51
560,38,20266,39
561,38,41276,39
562,38,6855,39
563,38,31728,40
564,38,1094,60
565,38,9449,39
566,38,258,45
567,38,1955,44
568,38,70023,45
569,38,29495,39
570,38,833,40
571,38,9407,39
572,38,84891,39
573,38,16010,39
574,38,47699,40
575,38,7163,46
576,38,1357,44
577,38,391056,47
578,38,75280,58
579,38,1653109,122
580,38,4276,43
581,38,9842,45
582,38,4187,56
583,38,311115,54
584,38,381671,49
585,38,53869,44
586,38,258728,60
587,38,30456,59
588,38,238410,46
589,38,9437,44
590,38,174749,45
591,38,16878,60
592,38,9475,49
593,38,129304,39
594,38,2406,45
595,38,78271,44
596,38,7073,40
597,38,1318,45
598,38,12344,39
599,38,6381,44
600,38,2655,44
601,38,30531,43
602,38,19988,45
603,38,6043,39
604,38,17401,39
605,38,1199,44
606,38,3934,40
607,38,88237,45
608,38,3286,40
609,38,1297,45
610,38,7856,40
611,38,12127,40
612,38,538,45
613,38,1388,45
614,38,964,45
615,38,1787,40
616,38,4437,40
617,38,4861,40
618,38,580,44
619,38,5457,40
620,38,618,45
621,38,15156,40
622,38,11355,50
623,38,3255,40
624,38,2876,45
625,38,673,45
626,38,1883,40
627,38,1762,40
628,38,401,45
629,38,523,44
630,38,598,45
631,38,481,45
632,38,3146,45
633,38,3235,40
634,38,612,45
635,38,6993,40
636,38,329,50
637,38,93061,39
638,38,519,45
639,38,594,40
640,38,102713,45
641,38,3338,42
642,38,4120,40
643,38,2153,40
644,38,3111,40
645,38,2515,40
646,38,761,45
647,38,126,45
648,38,897,44
649,38,2950,45
650,38,500,40
651,38,1609,40
652,38,1481,44
653,38,4042,40
654,38,529,45
655,38,38656,45
656,38,829,40
657,38,2171,40
658,38,1181,45
659,38,2371,40
660,38,1042,40
661,38,392,45
662,38,397,45
663,38,2897,50
664,38,1333,45
665,38,337,40
666,38,4673,40
667,38,3868,40
668,38,2012,44
669,38,6724,45
670,38,1467,40
671,38,451,45
672,38,534,45
673,38,1325,45
674,38,1327,41
675,38,100131,49
676,38,9065,45
677,38,2001,45
678,38,31546,49
679,38,974,45
680,38,340,45
681,38,938032,71
682,38,1720,40
683,38,7538,45
684,38,1610,40
685,38,874,44
686,38,194,40
687,38,61,45
688,38,1389,40
689,38,1523,55
690,38,1358,45
691,38,3046,40
692,38,305,45
693,38,372,45
694,38,19331,45
695,38,62,40
696,38,778773,81
697,38,277262,50
698,38,324,49
699,38,171173,56
700,38,349634,62
701,38,971599,63
702,38,8280,49
703,38,330,45
704,38,22809,45
705,38,2388,40
706,38,700,45
707,38,564,44
708,38,1527,40
709,38,1997,40
710,38,369,45
711,38,1133,40
712,38,688,40
713,38,274,45
714,38,282,45
715,38,25189,45
716,38,183,45
717,38,255,45
718,38,151,45
719,38,484,40
720,38,161,45
721,38,312,45
722,38,554,40
723,38,714,45
724,38,333,40
725,38,17701,45
726,38,148,45
727,38,152,45
728,38,529,40
729,38,116,45
730,38,252,40
731,38,89,45
732,38,3230,45
733,38,136,45
734,38,9128,45
735,38,2242,45
736,38,73,45
737,38,0,45
