element,gw,selected,value
1,1,23970,45
2,1,116351,45
3,1,48303,50
4,1,86132,45
5,1,14331,45
6,1,39617,50
7,1,1133257,65
8,1,105345,50
9,1,30199,55
10,1,533085,45
11,1,67198,70
12,1,141711,60
13,1,1772492,80
14,1,172673,45
15,1,1128297,50
16,1,689975,50
17,1,2728,45
18,1,19266,45
19,1,1728741,60
20,1,4463,45
21,1,4894,50
22,1,39173,45
23,1,2725,50
24,1,60915,40
25,1,15311,60
26,1,163701,45
27,1,8331,50
28,1,6018571,80
29,1,1342560,70
30,1,180366,70
31,1,476293,50
32,1,23881,45
33,1,342130,50
34,1,16145,50
35,1,159116,40
36,1,24272,45
37,1,159781,55
38,1,3746,45
39,1,573589,45
40,1,324554,75
41,1,16834,45
42,1,42305,60
43,1,1603398,50
44,1,22328,45
45,1,1449758,50
46,1,60038,50
47,1,172950,55
48,1,55909,45
49,1,2562,45
50,1,92038,50
51,1,10833,50
52,1,16243,55
53,1,12140,50
54,1,617143,45
55,1,597,45
56,1,60738,40
57,1,12696,45
58,1,9491,50
59,1,3897,45
60,1,4165,55
61,1,4561,55
62,1,20629,55
63,1,1706,50
64,1,3496,50
65,1,4613,45
66,1,102656,60
67,1,4802,50
68,1,14038,45
69,1,6183,55
70,1,13415,55
71,1,4990,45
72,1,24837,45
73,1,8029,45
74,1,8495,50
75,1,7608,55
76,1,9212,45
77,1,53891,40
78,1,186616,45
79,1,23369,55
80,1,438961,70
81,1,495719,45
82,1,1296,50
83,1,84191,45
84,1,2520,45
85,1,47144,45
86,1,4785,55
87,1,1698,50
88,1,4698,50
89,1,16404,55
90,1,3702,45
91,1,4623,45
92,1,2802,45
93,1,2931,50
94,1,26794,45
95,1,219038,60
96,1,52672,40
97,1,18037,45
98,1,4791,40
99,1,237,45
100,1,15896,40
101,1,10196,50
102,1,75605,40
103,1,34057,65
104,1,13469,55
105,1,24578,45
106,1,147708,45
107,1,7192,50
108,1,8977,45
109,1,27438,45
110,1,82551,65
111,1,177238,65
112,1,690746,50
113,1,892941,45
114,1,220176,45
115,1,17451,45
116,1,14464,55
117,1,3484,45
118,1,10644,55
119,1,7761,45
120,1,7058,50
121,1,830,45
122,1,1005,40
123,1,71544,55
124,1,3959,50
125,1,35773,50
126,1,6650,45
127,1,106633,50
128,1,501183,55
129,1,292906,55
130,1,114916,60
131,1,4870,50
132,1,68622,50
133,1,18525,45
134,1,281900,50
135,1,38232,60
136,1,8103,50
137,1,59796,80
138,1,29579,40
139,1,280300,60
140,1,58532,60
141,1,55821,50
142,1,808300,80
143,1,12350,50
144,1,8599,55
145,1,356575,80
146,1,3202426,60
147,1,1595369,50
148,1,153243,60
149,1,55834,45
150,1,124903,55
151,1,6968,45
152,1,120146,45
153,1,99097,40
154,1,1347,50
155,1,84444,55
156,1,17168,45
157,1,11649,45
158,1,54854,45
159,1,22658,55
160,1,624984,70
161,1,16304,50
162,1,11149,45
163,1,2729,50
164,1,5160,45
165,1,218564,45
166,1,273605,55
167,1,178083,45
168,1,67462,55
169,1,74770,55
170,1,74150,45
171,1,17030,55
172,1,4045,45
173,1,18907,45
174,1,24639,40
175,1,10954,45
176,1,45783,40
177,1,15143,50
178,1,3565,45
179,1,495,55
180,1,67755,45
181,1,44204,55
182,1,423510,45
183,1,11086,50
184,1,20161,45
185,1,18221,55
186,1,11182,55
187,1,3800,45
188,1,17595,45
189,1,68541,55
190,1,2494,50
191,1,52185,80
192,1,10243,45
193,1,12958,45
194,1,23854,45
195,1,104719,55
196,1,3055,40
197,1,257701,40
198,1,40473,40
199,1,64435,45
200,1,6634,50
201,1,7111,45
202,1,4354,50
203,1,12756,45
204,1,4034,55
205,1,5104,55
206,1,2807,45
207,1,515436,40
208,1,49491,40
209,1,5971,45
210,1,509091,65
211,1,33105,45
212,1,11571,60
213,1,12206,45
214,1,7339,50
215,1,6670,45
216,1,7833,45
217,1,9043,45
218,1,10991,55
219,1,96347,45
220,1,11496,50
221,1,6072,45
222,1,1794,45
223,1,10219,50
224,1,5783,45
225,1,73866,60
226,1,1383,50
227,1,110859,75
228,1,22468,45
229,1,101,50
230,1,9288,45
231,1,1667,60
232,1,21902,70
233,1,79451,60
234,1,696,45
235,1,7963,45
236,1,40835,40
237,1,1895580,45
238,1,204130,45
239,1,791,45
240,1,17111,45
241,1,1955,45
242,1,57638,55
243,1,16752,40
244,1,46085,50
245,1,6212,50
246,1,85765,55
247,1,4454,45
248,1,54290,50
249,1,24256,45
250,1,3217,40
251,1,9469,50
252,1,50019,45
253,1,799742,40
254,1,1983925,40
255,1,398397,95
256,1,7966,45
257,1,23381,45
258,1,88735,45
259,1,181627,65
260,1,11326,50
261,1,389016,80
262,1,80900,65
263,1,17572,45
264,1,197907,70
265,1,24916,50
266,1,62732,50
267,1,47819,45
268,1,126566,45
269,1,41741,45
270,1,8036,45
271,1,113131,60
272,1,128115,45
273,1,23323,40
274,1,62173,45
275,1,94154,55
276,1,211558,60
277,1,175766,55
278,1,1145,50
279,1,109701,80
280,1,1133441,65
281,1,1567712,55
282,1,79661,55
283,1,4848340,130
284,1,1027195,70
285,1,4694983,75
286,1,19160,45
287,1,8632,50
288,1,55789,90
289,1,20766,40
290,1,57031,50
291,1,1092,50
292,1,10567,45
293,1,1688654,80
294,1,11317,50
295,1,2304763,40
296,1,21632,55
297,1,1572141,90
298,1,19927,40
299,1,733920,50
300,1,75393,75
301,1,1151254,120
302,1,238382,55
303,1,454397,80
304,1,530944,100
305,1,327616,70
306,1,3569038,70
307,1,1240294,55
308,1,56953,50
309,1,62453,60
310,1,3618,40
311,1,644299,70
312,1,917791,60
313,1,1170032,50
314,1,482845,80
315,1,220268,60
316,1,13764,45
317,1,1259,45
318,1,3398599,115
319,1,227813,65
320,1,9893,40
321,1,18407,45
322,1,47180,40
323,1,55406,45
324,1,40863,40
325,1,45423,50
326,1,352984,105
327,1,602310,50
328,1,27156,40
329,1,160718,50
330,1,78464,50
331,1,83919,55
332,1,84371,50
333,1,266667,100
334,1,8614,50
335,1,964460,65
336,1,46618,55
337,1,20023,45
338,1,22964,50
339,1,140241,40
340,1,817327,75
341,1,32219,45
342,1,370352,45
343,1,215734,40
344,1,77705,50
345,1,186351,70
346,1,2013818,45
347,1,5452,45
348,1,41033,40
349,1,4725,50
350,1,8772,45
351,1,6409,45
352,1,456,45
353,1,236781,40
354,1,137537,60
355,1,97650,45
356,1,290279,75
357,1,1570068,50
358,1,89476,45
359,1,14743,55
360,1,13892,45
361,1,18707,45
362,1,44271,40
363,1,6578,45
364,1,5201,45
365,1,567413,45
366,1,40132,45
367,1,104119,50
368,1,596955,65
369,1,108734,50
370,1,91852,45
371,1,42379,60
372,1,3668,45
373,1,45439,50
374,1,865697,60
375,1,551,45
376,1,334464,50
377,1,191857,45
378,1,23813,45
379,1,14958,45
380,1,941205,45
381,1,141323,45
382,1,345,45
383,1,42723,45
384,1,5339,50
385,1,10896,45
386,1,23682,40
387,1,4222,50
388,1,10564,45
389,1,2052,40
390,1,1985,50
391,1,125873,50
392,1,3740,45
393,1,3761,45
394,1,171887,60
395,1,2367,50
396,1,10542,45
397,1,91393,60
398,1,434219,45
399,1,6448,45
400,1,2565,50
401,1,25036,45
402,1,10319,50
403,1,5871,55
404,1,4265,45
405,1,9352,50
406,1,8321,55
407,1,717828,65
408,1,58462,55
409,1,98712,45
410,1,42818,45
411,1,61566,65
412,1,452,50
413,1,3550,45
414,1,70717,40
415,1,2166,45
416,1,65020,45
417,1,3733,45
418,1,2795,50
419,1,1951,45
420,1,14247,45
421,1,27219,40
422,1,57701,45
423,1,5917,45
424,1,104292,40
425,1,379701,55
426,1,525074,40
427,1,2286082,115
428,1,1929156,120
429,1,72985,50
430,1,289437,50
431,1,28944,60
432,1,62596,50
433,1,74064,55
434,1,167072,45
435,1,66668,45
436,1,40034,45
437,1,365,55
438,1,204971,45
439,1,326746,40
440,1,29440,55
441,1,12772,45
442,1,11502,40
443,1,200747,50
444,1,55180,50
445,1,53050,50
446,1,470486,80
447,1,10723,45
448,1,1973469,55
449,1,27583,45
450,1,41722,45
451,1,27621,40
452,1,7573,45
453,1,16300,45
454,1,20890,85
455,1,101841,50
456,1,9008,45
457,1,266706,50
458,1,393620,75
459,1,36776,50
460,1,23321,55
461,1,110499,45
462,1,2958,45
463,1,88668,45
464,1,185141,60
465,1,547187,85
466,1,3477,50
467,1,501042,50
468,1,152608,55
469,1,127504,55
470,1,12698,45
471,1,8532,45
472,1,9094,50
473,1,109416,45
474,1,25170,45
475,1,382201,50
476,1,28953,70
477,1,55858,45
478,1,323035,50
479,1,13096,50
480,1,133655,55
481,1,33453,60
482,1,2396,50
483,1,38556,55
484,1,71840,45
485,1,36521,45
486,1,1423269,55
487,1,160198,45
488,1,5128,55
489,1,66256,40
490,1,309,50
491,1,14479,55
492,1,191920,40
493,1,13163,55
494,1,77448,40
495,1,4672,40
496,1,124669,45
497,1,62020,40
498,1,1280,40
499,1,1014,40
500,1,19524,40
501,1,19157,40
502,1,11672,40
503,1,168063,50
504,1,192542,45
505,1,778,50
506,1,12574,50
507,1,12386,45
508,1,17295,65
509,1,30375,45
510,1,25558,50
511,1,1015,45
512,1,50924,55
513,1,39443,50
514,1,9875,50
515,1,9624,55
516,1,23857,45
517,1,18356,45
518,1,204804,40
519,1,361793,65
520,1,696788,55
521,1,2384,45
522,1,56013,45
523,1,7659,45
524,1,4256,50
525,1,5642,45
526,1,26294,45
527,1,459837,60
528,1,7535,55
529,1,100675,70
530,1,5048,45
531,1,4684,45
532,1,14856,45
533,1,248752,45
534,1,33086,55
535,1,5703,50
536,1,3088,50
537,1,8744,40
538,1,8673,45
539,1,2032,45
540,1,15679,40
541,1,30446,45
542,1,6488,40
543,1,14644,40
544,1,13447,40
545,1,25925,40
546,1,3082,45
547,1,6079,40
548,1,248388,40
549,1,1242,50
550,1,12198,45
551,1,14621,45
552,1,10770,45
553,1,3300,45
554,1,1410,50
555,1,13517,40
556,1,9324,45
557,1,37958,40
558,1,40105,40
559,1,2027,45
560,1,0,45
561,1,0,45
562,1,0,50
563,1,0,40
564,1,0,45
565,1,0,45
566,1,0,45
567,1,0,45
568,1,0,45
569,1,0,45
570,1,0,45
571,1,0,40
572,1,0,45
573,1,0,40
1,2,24193,44
2,2,129089,45
3,2,65418,50
4,2,87552,45
5,2,14520,44
6,2,61511,50
7,2,1175045,65
8,2,102375,50
9,2,31604,54
10,2,567751,45
11,2,57718,69
12,2,93669,59
13,2,1922750,80
14,2,122934,44
15,2,1369348,50
16,2,756694,50
17,2,1740,45
18,2,25819,45
19,2,2396763,61
20,2,4655,45
21,2,5165,50
22,2,34449,45
23,2,3093,50
24,2,73999,40
25,2,10655,59
26,2,494654,45
27,2,8780,49
28,2,6211795,80
29,2,1363566,70
30,2,168411,70
31,2,505383,50
32,2,25480,45
33,2,368642,50
34,2,18277,50
35,2,178775,40
36,2,30978,45
37,2,159025,55
38,2,2463,45
39,2,507947,45
40,2,257270,74
41,2,19519,45
42,2,40198,60
43,2,1525592,50
44,2,28102,45
45,2,1509475,50
46,2,51698,50
47,2,154255,55
48,2,55831,45
49,2,3511,45
50,2,97578,50
51,2,11070,50
52,2,11422,54
53,2,15173,50
54,2,663763,45
55,2,456,45
56,2,82184,40
57,2,16539,45
58,2,8333,50
59,2,2921,45
60,2,3044,55
61,2,4570,55
62,2,88006,55
63,2,1891,50
64,2,132873,50
65,2,4856,45
66,2,98173,60
67,2,5294,50
68,2,34423,45
69,2,6375,55
70,2,13851,55
71,2,12485,45
72,2,57378,45
73,2,148416,45
74,2,9636,50
75,2,7755,55
76,2,17896,45
77,2,60976,40
78,2,179674,45
79,2,24516,55
80,2,512063,70
81,2,493521,45
82,2,1290,50
83,2,296379,45
84,2,2339,45
85,2,59834,45
86,2,5542,55
87,2,2098,50
88,2,5451,50
89,2,17446,55
90,2,4251,45
91,2,5893,45
92,2,2178,45
93,2,3306,50
94,2,28993,45
95,2,205130,60
96,2,58656,40
97,2,14563,45
98,2,3879,40
99,2,195,45
100,2,13970,40
101,2,19286,50
102,2,83386,40
103,2,109278,65
104,2,403559,56
105,2,25263,45
106,2,191803,45
107,2,31122,50
108,2,15249,45
109,2,33596,45
110,2,72337,64
111,2,203115,65
112,2,687795,50
113,2,1024877,45
114,2,236247,45
115,2,20710,45
116,2,16769,55
117,2,3188,45
118,2,11411,55
119,2,9177,45
120,2,15541,50
121,2,657,45
122,2,844,40
123,2,69223,55
124,2,4098,50
125,2,37815,50
126,2,7509,45
127,2,187388,50
128,2,575179,55
129,2,215295,54
130,2,390946,60
131,2,5482,50
132,2,56880,50
133,2,21569,45
134,2,405963,50
135,2,39064,59
136,2,8995,50
137,2,42320,79
138,2,34148,40
139,2,414903,60
140,2,61764,60
141,2,48789,49
142,2,767728,80
143,2,11738,50
144,2,8758,54
145,2,330019,80
146,2,3475620,60
147,2,2020683,50
148,2,122929,59
149,2,52901,45
150,2,118331,55
151,2,7979,45
152,2,129964,45
153,2,83179,40
154,2,1063,50
155,2,62400,55
156,2,17214,45
157,2,14749,45
158,2,63529,45
159,2,29596,55
160,2,598209,70
161,2,16825,50
162,2,10085,45
163,2,3063,50
164,2,5723,45
165,2,225529,45
166,2,271050,55
167,2,160106,45
168,2,62483,55
169,2,87761,55
170,2,81545,45
171,2,12914,55
172,2,4108,45
173,2,20899,45
174,2,25973,40
175,2,12584,45
176,2,55213,40
177,2,30948,50
178,2,3282,45
179,2,606,55
180,2,65236,45
181,2,49148,55
182,2,522367,45
183,2,13822,50
184,2,15835,45
185,2,24075,55
186,2,18074,55
187,2,5014,45
188,2,14374,45
189,2,80309,55
190,2,1828,50
191,2,34136,80
192,2,14303,45
193,2,8798,44
194,2,29895,45
195,2,123461,55
196,2,2502,40
197,2,459117,40
198,2,47972,40
199,2,78758,45
200,2,6675,50
201,2,8821,45
202,2,4234,50
203,2,11828,45
204,2,8252,55
205,2,6897,55
206,2,2295,45
207,2,510651,40
208,2,52168,40
209,2,7506,45
210,2,1450647,66
211,2,68443,45
212,2,7314,59
213,2,18003,45
214,2,7351,50
215,2,26241,45
216,2,8105,45
217,2,12946,45
218,2,11995,55
219,2,103635,45
220,2,22359,50
221,2,4749,45
222,2,1794,45
223,2,10469,50
224,2,5224,45
225,2,156860,60
226,2,1309,50
227,2,139007,75
228,2,25427,45
229,2,92,50
230,2,11920,45
231,2,4741,60
232,2,15181,70
233,2,124577,60
234,2,541,45
235,2,9261,45
236,2,43965,40
237,2,1980410,45
238,2,223952,45
239,2,683,45
240,2,23782,45
241,2,1367,45
242,2,54621,55
243,2,19043,40
244,2,50309,50
245,2,7137,50
246,2,114158,55
247,2,4774,45
248,2,29493,50
249,2,29893,45
250,2,3919,40
251,2,10698,50
252,2,58471,45
253,2,841091,40
254,2,2358777,40
255,2,402418,95
256,2,5003,44
257,2,27409,45
258,2,174953,45
259,2,193977,65
260,2,11710,50
261,2,416065,80
262,2,71410,64
263,2,16503,45
264,2,117394,69
265,2,32682,50
266,2,179484,50
267,2,47052,45
268,2,123456,45
269,2,43969,45
270,2,8787,45
271,2,112697,60
272,2,154919,45
273,2,28371,40
274,2,78404,45
275,2,110983,55
276,2,216084,60
277,2,106427,54
278,2,966,50
279,2,111781,80
280,2,1291698,65
281,2,1646148,55
282,2,94355,55
283,2,5570821,130
284,2,1040307,70
285,2,4933952,75
286,2,24045,45
287,2,8076,49
288,2,39445,90
289,2,19636,40
290,2,36583,49
291,2,836,50
292,2,7926,45
293,2,1743693,80
294,2,17429,50
295,2,2410646,40
296,2,23607,55
297,2,2233745,91
298,2,23110,40
299,2,1010716,50
300,2,117603,75
301,2,1463650,120
302,2,226853,55
303,2,431771,80
304,2,533005,100
305,2,393693,70
306,2,4003992,70
307,2,1571574,55
308,2,134753,50
309,2,43752,60
310,2,3065,40
311,2,566321,69
312,2,1078298,60
313,2,2282170,51
314,2,597136,80
315,2,253733,60
316,2,15494,45
317,2,882,45
318,2,5226268,116
319,2,208642,64
320,2,11401,40
321,2,35569,45
322,2,53719,40
323,2,58999,45
324,2,43431,40
325,2,43471,50
326,2,414347,105
327,2,638997,50
328,2,33686,40
329,2,155405,49
330,2,82099,50
331,2,82724,55
332,2,90091,50
333,2,255540,100
334,2,4632,50
335,2,892599,65
336,2,48188,55
337,2,17907,45
338,2,25216,50
339,2,153773,40
340,2,766070,75
341,2,33441,45
342,2,372455,45
343,2,212404,40
344,2,75015,50
345,2,96690,69
346,2,2252268,45
347,2,4645,45
348,2,45769,40
349,2,3754,50
350,2,9052,45
351,2,4559,44
352,2,358,45
353,2,240368,40
354,2,122360,60
355,2,88301,45
356,2,343219,75
357,2,1867358,50
358,2,110863,45
359,2,14314,55
360,2,10945,45
361,2,15046,45
362,2,50109,40
363,2,6877,45
364,2,5142,45
365,2,560760,45
366,2,411488,46
367,2,137822,50
368,2,656140,65
369,2,127545,50
370,2,96764,45
371,2,77813,60
372,2,2654,44
373,2,55473,50
374,2,900447,60
375,2,438,45
376,2,403355,50
377,2,186217,45
378,2,23372,45
379,2,13709,45
380,2,955052,45
381,2,156368,45
382,2,274,45
383,2,41790,45
384,2,4995,50
385,2,11158,45
386,2,18221,40
387,2,3394,50
388,2,10764,45
389,2,1754,40
390,2,1160,50
391,2,148417,50
392,2,3292,45
393,2,3990,45
394,2,160914,60
395,2,2542,50
396,2,10538,45
397,2,78654,59
398,2,466426,45
399,2,6632,45
400,2,1904,50
401,2,25949,45
402,2,10487,50
403,2,6353,55
404,2,4843,45
405,2,10063,50
406,2,8043,55
407,2,987759,65
408,2,65627,55
409,2,102654,45
410,2,42353,45
411,2,53680,64
412,2,393,50
413,2,3573,45
414,2,82877,40
415,2,1801,45
416,2,65268,45
417,2,4663,45
418,2,13621,50
419,2,1745,45
420,2,14622,45
421,2,30110,40
422,2,63198,45
423,2,6255,45
424,2,110640,40
425,2,394157,55
426,2,536330,40
427,2,1541147,114
428,2,1871246,120
429,2,61757,49
430,2,387017,50
431,2,31502,60
432,2,68940,50
433,2,76704,55
434,2,196836,45
435,2,61215,45
436,2,167626,45
437,2,255,55
438,2,171108,44
439,2,335839,40
440,2,34025,55
441,2,10753,45
442,2,8823,40
443,2,227560,50
444,2,54513,50
445,2,201888,50
446,2,1085475,81
447,2,8623,45
448,2,1706293,55
449,2,37014,45
450,2,49396,45
451,2,31728,40
452,2,9112,45
453,2,13663,45
454,2,40127,85
455,2,98067,50
456,2,6093,45
457,2,320890,50
458,2,374287,75
459,2,32484,50
460,2,29734,55
461,2,140835,45
462,2,1821,45
463,2,111299,45
464,2,176951,60
465,2,575857,85
466,2,3500,50
467,2,567681,50
468,2,156148,55
469,2,130262,55
470,2,15421,45
471,2,11552,45
472,2,6549,50
473,2,144192,45
474,2,26046,45
475,2,331334,49
476,2,19953,70
477,2,56591,45
478,2,320020,50
479,2,15298,50
480,2,167439,55
481,2,53828,60
482,2,2396,50
483,2,189066,55
484,2,70308,45
485,2,39046,45
486,2,1436550,55
487,2,154591,45
488,2,3602,55
489,2,78706,40
490,2,290,50
491,2,9683,55
492,2,201880,40
493,2,14571,55
494,2,80322,40
495,2,4145,40
496,2,128337,45
497,2,70411,40
498,2,1014,40
499,2,779,40
500,2,25245,40
501,2,23010,40
502,2,13510,40
503,2,109183,50
504,2,185107,45
505,2,652,50
506,2,15605,50
507,2,13526,45
508,2,14374,65
509,2,35546,45
510,2,27731,50
511,2,868,45
512,2,54303,55
513,2,37088,50
514,2,12433,50
515,2,9983,55
516,2,27057,45
517,2,19880,45
518,2,211717,40
519,2,429536,65
520,2,921100,55
521,2,2750,45
522,2,49980,45
523,2,8329,45
524,2,4639,50
525,2,6658,45
526,2,27610,45
527,2,439064,60
528,2,7672,55
529,2,94375,70
530,2,5714,45
531,2,5824,45
532,2,17086,45
533,2,284746,45
534,2,34015,55
535,2,10752,50
536,2,3453,50
537,2,13638,40
538,2,12338,45
539,2,3012,45
540,2,24458,40
541,2,164064,45
542,2,10048,40
543,2,24265,40
544,2,24072,40
545,2,40477,40
546,2,4507,45
547,2,9380,40
548,2,248755,40
549,2,1666,50
550,2,15008,45
551,2,17643,45
552,2,16148,45
553,2,4032,45
554,2,2200,50
555,2,25938,40
556,2,13110,45
557,2,62806,40
558,2,60313,40
559,2,5849,45
560,2,1204,45
561,2,7024,45
562,2,1191,50
563,2,2381,40
564,2,355,45
565,2,3328,45
566,2,2078,45
567,2,4669,45
568,2,16292,45
569,2,10058,45
570,2,1008,45
571,2,6235,40
572,2,2544,45
573,2,1652,40
574,2,2770,45
575,2,4719,60
576,2,750,45
577,2,1754,50
578,2,920,40
579,2,7145,60
580,2,4851,55
584,2,0,45
1,3,20960,44
2,3,121123,45
3,3,216726,50
4,3,131934,44
5,3,13295,44
6,3,61170,50
7,3,1025266,64
8,3,95230,49
9,3,27844,53
10,3,533476,45
11,3,47543,68
12,3,89169,59
13,3,1658605,80
14,3,109497,44
15,3,1366505,50
16,3,754827,50
17,3,1375,45
18,3,24783,45
19,3,3788936,63
20,3,3150,45
21,3,4946,49
22,3,22621,45
23,3,2113,49
24,3,72486,40
25,3,8285,58
26,3,521329,45
27,3,8125,49
28,3,7496318,81
29,3,645415,69
30,3,208449,70
31,3,484689,50
32,3,25615,45
33,3,302421,49
34,3,17031,49
35,3,182301,40
36,3,33336,45
37,3,146141,55
38,3,2071,44
39,3,488420,44
40,3,355958,74
41,3,19316,45
42,3,72351,60
43,3,996715,49
44,3,26262,45
45,3,1027220,49
46,3,41376,49
47,3,139775,54
48,3,50169,45
49,3,3718,45
50,3,49891,49
51,3,9942,49
52,3,8392,54
53,3,18770,50
54,3,661885,45
55,3,386,45
56,3,88080,40
57,3,15593,45
58,3,7382,49
59,3,2408,44
60,3,2207,54
61,3,4190,54
62,3,126006,55
63,3,1813,49
64,3,106121,50
65,3,4750,44
66,3,62582,59
67,3,5332,50
68,3,59240,45
69,3,6437,55
70,3,11771,54
71,3,11282,45
72,3,52800,45
73,3,137690,45
74,3,9303,49
75,3,6891,54
76,3,13138,45
77,3,61080,40
78,3,189224,45
79,3,27539,55
80,3,1271626,71
81,3,579074,45
82,3,1244,50
83,3,1086860,46
84,3,2170,45
85,3,128049,45
86,3,6034,55
87,3,2408,50
88,3,256597,50
89,3,15148,54
90,3,5372,45
91,3,6783,45
92,3,1815,44
93,3,3788,50
94,3,34388,45
95,3,290227,60
96,3,60060,40
97,3,12460,45
98,3,3413,40
99,3,171,45
100,3,12774,40
101,3,24198,50
102,3,85325,40
103,3,132851,65
104,3,725950,57
105,3,23206,45
106,3,242328,45
107,3,40024,50
108,3,18298,45
109,3,62201,45
110,3,57573,63
111,3,198215,65
112,3,1064297,50
113,3,1129682,45
114,3,215845,45
115,3,20806,45
116,3,16833,55
117,3,2738,45
118,3,10581,54
119,3,9370,45
120,3,23824,50
121,3,569,45
122,3,757,40
123,3,57152,54
124,3,6071,50
125,3,35976,50
126,3,7438,45
127,3,189481,50
128,3,574809,55
129,3,139835,53
130,3,462155,60
131,3,5983,50
132,3,32245,49
133,3,21374,45
134,3,295814,50
135,3,36212,58
136,3,19351,50
137,3,27968,79
138,3,34692,40
139,3,336139,60
140,3,53442,59
141,3,43342,49
142,3,735805,79
143,3,7068,50
144,3,8332,54
145,3,370461,79
146,3,4141191,61
147,3,2192270,50
148,3,100118,58
149,3,47482,45
150,3,98204,54
151,3,8175,45
152,3,139859,45
153,3,72130,40
154,3,895,49
155,3,38799,55
156,3,18304,45
157,3,18526,45
158,3,65415,45
159,3,32512,55
160,3,790925,70
161,3,17234,50
162,3,9313,45
163,3,3268,50
164,3,5959,45
165,3,227109,45
166,3,246954,55
167,3,154189,45
168,3,56793,54
169,3,155641,55
170,3,83765,45
171,3,14124,55
172,3,2908,45
173,3,20382,45
174,3,20328,40
175,3,13260,45
176,3,59480,40
177,3,46658,50
178,3,5412,45
179,3,570,55
180,3,57353,44
181,3,40844,54
182,3,524261,45
183,3,9746,49
184,3,13778,45
185,3,14337,54
186,3,22529,55
187,3,5242,45
188,3,10655,44
189,3,89545,55
190,3,3215,50
191,3,27585,79
192,3,15904,45
193,3,6888,44
194,3,33788,45
195,3,171582,55
196,3,2223,40
197,3,567573,40
198,3,48317,40
199,3,81955,45
200,3,6339,49
201,3,11921,45
202,3,3910,49
203,3,14144,45
204,3,10525,55
205,3,5503,55
206,3,2088,44
207,3,487758,40
208,3,50079,40
209,3,9071,45
210,3,1545465,66
211,3,111207,45
212,3,5459,59
213,3,24740,45
214,3,6766,49
215,3,39773,45
216,3,7682,45
217,3,16456,45
218,3,11672,54
219,3,120797,45
220,3,24006,50
221,3,4105,45
222,3,1640,45
223,3,9421,49
224,3,6276,45
225,3,1174241,62
226,3,1209,50
227,3,77105,74
228,3,25037,45
229,3,82,50
230,3,12002,45
231,3,6733,60
232,3,13179,70
233,3,126900,60
234,3,482,45
235,3,13159,45
236,3,43481,40
237,3,1941033,45
238,3,207313,45
239,3,616,45
240,3,23657,45
241,3,1136,45
242,3,42521,54
243,3,19473,40
244,3,43249,49
245,3,6892,50
246,3,103762,55
247,3,4507,45
248,3,23206,50
249,3,29845,45
250,3,3953,40
251,3,10083,50
252,3,56792,45
253,3,798116,40
254,3,2576533,40
255,3,404141,95
256,3,3967,44
257,3,27687,45
258,3,191364,45
259,3,192766,65
260,3,10867,49
261,3,564990,80
262,3,74296,64
263,3,11803,45
264,3,96805,69
265,3,39049,50
266,3,248415,50
267,3,42109,44
268,3,124483,45
269,3,41999,45
270,3,8472,44
271,3,101732,59
272,3,153875,45
273,3,29552,40
274,3,138748,45
275,3,111764,55
276,3,128522,59
277,3,70596,53
278,3,849,50
279,3,116439,80
280,3,1302665,65
281,3,1591356,55
282,3,106741,55
283,3,5661806,130
284,3,879995,69
285,3,4817953,75
286,3,31060,45
287,3,12931,49
288,3,34014,89
289,3,18836,40
290,3,29352,49
291,3,730,49
292,3,8417,45
293,3,2044299,80
294,3,36400,50
295,3,2728576,40
296,3,23232,55
297,3,994216,90
298,3,21405,40
299,3,1227445,51
300,3,272242,75
301,3,2104831,121
302,3,203136,54
303,3,340895,79
304,3,544730,100
305,3,311221,70
306,3,4510949,71
307,3,1753816,55
308,3,224357,50
309,3,35680,59
310,3,2719,40
311,3,413839,68
312,3,1110529,60
313,3,2667853,52
314,3,766938,80
315,3,248071,60
316,3,12151,45
317,3,729,45
318,3,5676608,117
319,3,162796,63
320,3,11054,40
321,3,63296,45
322,3,52674,40
323,3,56359,45
324,3,40616,40
325,3,27255,49
326,3,345362,104
327,3,487285,49
328,3,33099,40
329,3,138217,49
330,3,61844,49
331,3,65145,54
332,3,68446,49
333,3,178059,98
334,3,3560,50
335,3,442943,63
336,3,36990,54
337,3,11989,44
338,3,21148,49
339,3,143539,40
340,3,434332,73
341,3,28886,44
342,3,254053,44
343,3,191895,40
344,3,62160,49
345,3,70663,69
346,3,2117882,45
347,3,3972,45
348,3,46626,40
349,3,2892,49
350,3,8485,44
351,3,3912,44
352,3,306,45
353,3,232009,40
354,3,98208,59
355,3,80477,44
356,3,273938,75
357,3,1948727,50
358,3,139000,45
359,3,10209,54
360,3,10703,44
361,3,12954,45
362,3,49711,40
363,3,6621,44
364,3,3978,44
365,3,510704,45
366,3,699172,46
367,3,84010,49
368,3,550959,64
369,3,116140,50
370,3,94286,45
371,3,68717,60
372,3,2299,44
373,3,52609,50
374,3,748155,59
375,3,385,45
376,3,471486,50
377,3,193303,45
378,3,21550,45
379,3,12421,45
380,3,935830,45
381,3,124965,45
382,3,240,45
383,3,40122,45
384,3,3562,49
385,3,11885,45
386,3,15263,40
387,3,2689,50
388,3,13500,45
389,3,1565,40
390,3,856,50
391,3,144265,50
392,3,2285,45
393,3,4022,44
394,3,143037,59
395,3,2509,49
396,3,7917,45
397,3,143709,59
398,3,765065,45
399,3,6673,45
400,3,1714,49
401,3,24294,45
402,3,9275,49
403,3,5926,54
404,3,4985,45
405,3,10127,50
406,3,7633,54
407,3,971090,65
408,3,80588,55
409,3,118330,45
410,3,39620,45
411,3,48946,64
412,3,317,50
413,3,3560,45
414,3,83934,40
415,3,1609,45
416,3,59325,45
417,3,4022,45
418,3,14058,50
419,3,1652,45
420,3,14196,44
421,3,30470,40
422,3,62050,45
423,3,6473,45
424,3,109847,40
425,3,405835,55
426,3,521986,40
427,3,1614483,114
428,3,1709937,119
429,3,47723,48
430,3,434979,50
431,3,32079,59
432,3,83650,50
433,3,165963,55
434,3,201512,45
435,3,59754,44
436,3,219677,45
437,3,221,55
438,3,142174,44
439,3,322517,40
440,3,37176,55
441,3,9446,45
442,3,7518,40
443,3,192238,50
444,3,55908,50
445,3,285445,50
446,3,1468011,82
447,3,7501,45
448,3,1550856,54
449,3,39710,45
450,3,49381,45
451,3,33249,40
452,3,9604,45
453,3,12065,45
454,3,71498,85
455,3,100325,50
456,3,5434,45
457,3,307342,50
458,3,314428,74
459,3,25397,49
460,3,27401,55
461,3,141072,45
462,3,1424,45
463,3,106619,45
464,3,193031,60
465,3,475511,84
466,3,2065,50
467,3,534098,50
468,3,145036,55
469,3,115021,55
470,3,14757,45
471,3,11994,45
472,3,5404,49
473,3,134155,45
474,3,23756,44
475,3,310962,49
476,3,16733,69
477,3,53189,45
478,3,398294,50
479,3,15953,50
480,3,160130,55
481,3,43924,60
482,3,6202,50
483,3,179591,55
484,3,73247,45
485,3,36583,45
486,3,1175989,54
487,3,156168,45
488,3,2993,55
489,3,83048,40
490,3,307,50
491,3,13465,55
492,3,204018,40
493,3,15391,55
494,3,79135,40
495,3,3887,40
496,3,126295,45
497,3,73067,40
498,3,903,40
499,3,686,40
500,3,29008,40
501,3,43288,40
502,3,13133,40
503,3,67449,49
504,3,159453,44
505,3,542,50
506,3,16968,50
507,3,12630,45
508,3,14605,65
509,3,34814,45
510,3,42584,50
511,3,790,45
512,3,75000,55
513,3,27701,49
514,3,14204,50
515,3,8677,54
516,3,40486,45
517,3,19305,45
518,3,206645,40
519,3,325424,64
520,3,1290657,56
521,3,3191,45
522,3,43077,44
523,3,14991,45
524,3,6212,50
525,3,6620,45
526,3,366260,46
527,3,464906,60
528,3,12621,55
529,3,86332,70
530,3,6059,45
531,3,5910,45
532,3,16957,45
533,3,208168,44
534,3,29498,55
535,3,11197,50
536,3,4491,50
537,3,9711,40
538,3,12602,45
539,3,3186,45
540,3,28840,40
541,3,280598,45
542,3,9670,40
543,3,27536,40
544,3,29179,40
545,3,44500,40
546,3,4877,45
547,3,10783,40
548,3,225143,40
549,3,1915,50
550,3,14024,45
551,3,15801,45
552,3,17278,45
553,3,4254,45
554,3,2548,50
555,3,32510,40
556,3,13250,45
557,3,77767,40
558,3,73551,40
559,3,6154,45
560,3,1922,45
561,3,12080,45
562,3,744,50
563,3,4348,40
564,3,663,45
565,3,5270,45
566,3,3449,45
567,3,7972,45
568,3,26382,45
569,3,12952,45
570,3,1960,45
571,3,11553,40
572,3,4739,45
573,3,5877,40
574,3,5637,45
575,3,9056,60
576,3,1635,45
577,3,24121,50
578,3,2597,40
579,3,12696,60
580,3,14127,55
581,3,2125,40
582,3,961,50
583,3,4074,45
584,3,238,45
585,3,13744,60
586,3,2673,45
587,3,1658,45
588,3,1271,45
589,3,6801,50
590,3,0,40
591,3,0,45
592,3,0,40
1,4,18825,43
2,4,120315,45
3,4,267951,50
4,4,115883,44
5,4,12198,43
6,4,54948,50
7,4,1372230,65
8,4,85062,49
9,4,22655,53
10,4,534553,45
11,4,41747,67
12,4,77762,58
13,4,1344008,79
14,4,94780,43
15,4,1422476,50
16,4,759675,50
17,4,1209,45
18,4,24708,44
19,4,4084833,64
20,4,2639,45
21,4,4504,48
22,4,18037,45
23,4,1801,49
24,4,69615,39
25,4,8261,58
26,4,1109607,46
27,4,7596,48
28,4,7962228,82
29,4,546055,68
30,4,177396,69
31,4,524501,50
32,4,23895,44
33,4,251926,48
34,4,11995,49
35,4,181585,40
36,4,30077,45
37,4,117721,54
38,4,1809,44
39,4,437220,44
40,4,395239,74
41,4,17472,44
42,4,56809,60
43,4,865546,48
44,4,24663,45
45,4,863231,48
46,4,35142,48
47,4,114625,53
48,4,57609,44
49,4,3551,45
50,4,37579,49
51,4,8495,48
52,4,6998,54
53,4,17163,50
54,4,614747,45
55,4,356,45
56,4,88406,40
57,4,14900,44
58,4,5341,49
59,4,2189,44
60,4,1872,54
61,4,3557,54
62,4,127591,55
63,4,1737,49
64,4,88836,50
65,4,4647,44
66,4,47145,58
67,4,5132,49
68,4,52848,45
69,4,5865,54
70,4,10099,54
71,4,10897,45
72,4,51477,45
73,4,126992,45
74,4,8628,49
75,4,6399,54
76,4,14021,44
77,4,60488,40
78,4,180714,45
79,4,39922,55
80,4,1915935,72
81,4,611992,45
82,4,1170,50
83,4,1068151,46
84,4,2023,45
85,4,135632,45
86,4,5874,55
87,4,2452,49
88,4,314192,51
89,4,17022,54
90,4,5069,45
91,4,6891,45
92,4,1618,44
93,4,3659,49
94,4,32222,45
95,4,288733,60
96,4,59564,40
97,4,11140,45
98,4,3131,40
99,4,156,45
100,4,11964,40
101,4,23874,50
102,4,86244,40
103,4,179230,65
104,4,969426,57
105,4,21796,44
106,4,318597,45
107,4,39492,50
108,4,28006,45
109,4,221971,45
110,4,51137,63
111,4,239745,65
112,4,1066705,51
113,4,1352332,46
114,4,193933,44
115,4,19184,45
116,4,36568,55
117,4,2439,45
118,4,9636,54
119,4,7760,45
120,4,25313,50
121,4,510,45
122,4,707,40
123,4,48522,53
124,4,5318,50
125,4,34567,49
126,4,6365,45
127,4,175940,50
128,4,584898,55
129,4,117681,53
130,4,394413,60
131,4,5720,49
132,4,26435,49
133,4,21722,44
134,4,211869,49
135,4,33908,58
136,4,19975,50
137,4,23994,79
138,4,34451,40
139,4,286632,59
140,4,45397,58
141,4,39334,48
142,4,583717,78
143,4,5721,50
144,4,7490,53
145,4,329819,79
146,4,4179576,61
147,4,2027544,50
148,4,83547,57
149,4,67496,44
150,4,75964,54
151,4,8053,44
152,4,131689,45
153,4,65092,40
154,4,704,49
155,4,30422,55
156,4,18457,45
157,4,16727,45
158,4,59431,45
159,4,28905,55
160,4,1025364,71
161,4,15643,50
162,4,8798,45
163,4,3247,49
164,4,5464,45
165,4,213121,45
166,4,241080,54
167,4,143181,44
168,4,65783,54
169,4,147681,55
170,4,89205,45
171,4,13668,55
172,4,2406,45
173,4,18015,45
174,4,21940,39
175,4,13424,45
176,4,60875,40
177,4,53347,50
178,4,6212,45
179,4,580,55
180,4,50881,44
181,4,28265,53
182,4,538466,45
183,4,9678,49
184,4,11929,45
185,4,10094,54
186,4,20166,55
187,4,4799,45
188,4,8974,44
189,4,104176,55
190,4,3096,50
191,4,24958,79
192,4,15724,45
193,4,5925,44
194,4,29709,45
195,4,136021,55
196,4,2054,40
197,4,611124,40
198,4,46911,40
199,4,74647,45
200,4,5711,49
201,4,10828,45
202,4,3437,49
203,4,13175,45
204,4,6236,55
205,4,8087,55
206,4,2330,44
207,4,465517,40
208,4,47800,40
209,4,8547,45
210,4,1688549,66
211,4,108116,45
212,4,4448,58
213,4,21225,45
214,4,5876,49
215,4,32881,45
216,4,8245,44
217,4,15791,45
218,4,9000,54
219,4,231895,45
220,4,29751,50
221,4,4021,45
222,4,1564,45
223,4,8824,49
224,4,6688,45
225,4,2646946,64
226,4,1224,50
227,4,55525,73
228,4,39082,45
229,4,77,50
230,4,15950,45
231,4,9290,60
232,4,12124,70
233,4,373863,60
234,4,434,45
235,4,37098,45
236,4,43412,40
237,4,1847954,45
238,4,235468,45
239,4,611,45
240,4,21442,45
241,4,999,45
242,4,40997,54
243,4,20001,40
244,4,53779,49
245,4,7053,50
246,4,146528,55
247,4,14600,44
248,4,20280,50
249,4,28748,45
250,4,3839,40
251,4,8814,49
252,4,53511,44
253,4,751160,40
254,4,2645665,40
255,4,341342,94
256,4,3445,44
257,4,26223,45
258,4,166554,45
259,4,154853,64
260,4,13392,49
261,4,477866,80
262,4,63291,63
263,4,9791,45
264,4,94528,69
265,4,36286,50
266,4,201906,50
267,4,36823,44
268,4,105319,44
269,4,42977,44
270,4,7940,44
271,4,87746,58
272,4,139943,44
273,4,29576,40
274,4,137801,45
275,4,101342,54
276,4,100363,59
277,4,57763,53
278,4,780,49
279,4,132781,80
280,4,1282506,65
281,4,1568834,55
282,4,101188,55
283,4,5784665,130
284,4,798237,69
285,4,4514639,75
286,4,44203,45
287,4,9365,49
288,4,31172,89
289,4,18305,40
290,4,25354,48
291,4,671,49
292,4,9642,45
293,4,2088008,80
294,4,42458,50
295,4,2777551,41
296,4,25414,54
297,4,735464,89
298,4,17883,40
299,4,1257914,51
300,4,479480,76
301,4,2522376,122
302,4,197402,54
303,4,250806,78
304,4,473197,99
305,4,182368,69
306,4,4624067,71
307,4,1798035,55
308,4,147886,50
309,4,31997,59
310,4,2490,40
311,4,510089,68
312,4,1101754,60
313,4,3012987,53
314,4,731637,80
315,4,235163,59
316,4,11564,45
317,4,641,45
318,4,5967805,117
319,4,136116,62
320,4,49669,39
321,4,60031,45
322,4,50004,40
323,4,49665,44
324,4,39043,40
325,4,24868,49
326,4,339885,104
327,4,509413,49
328,4,32753,40
329,4,190503,48
330,4,54300,48
331,4,57783,53
332,4,60003,48
333,4,184715,98
334,4,3077,50
335,4,580997,63
336,4,31464,53
337,4,9659,44
338,4,20876,49
339,4,120197,40
340,4,523518,73
341,4,27173,44
342,4,243300,44
343,4,178815,40
344,4,72794,49
345,4,95907,69
346,4,2238724,45
347,4,3483,44
348,4,46247,40
349,4,2525,49
350,4,8066,44
351,4,3716,44
352,4,283,45
353,4,224349,40
354,4,88570,58
355,4,75541,44
356,4,201722,74
357,4,2703686,51
358,4,149764,45
359,4,7803,53
360,4,10256,44
361,4,11639,45
362,4,48781,40
363,4,6300,44
364,4,3785,44
365,4,459642,44
366,4,830397,47
367,4,71987,49
368,4,897280,65
369,4,155644,50
370,4,84722,45
371,4,64140,60
372,4,2214,44
373,4,47723,50
374,4,615468,58
375,4,350,45
376,4,632874,50
377,4,193679,45
378,4,24811,44
379,4,12806,45
380,4,872573,45
381,4,100822,44
382,4,231,45
383,4,40560,44
384,4,2521,49
385,4,12085,45
386,4,13643,40
387,4,2946,50
388,4,12295,45
389,4,1455,40
390,4,691,50
391,4,127412,50
392,4,1916,45
393,4,3810,44
394,4,164821,59
395,4,2291,49
396,4,6374,45
397,4,125203,59
398,4,937244,46
399,4,6147,44
400,4,2093,49
401,4,23586,44
402,4,8247,49
403,4,5352,54
404,4,4950,44
405,4,9160,49
406,4,7118,54
407,4,965151,65
408,4,78732,55
409,4,124217,45
410,4,35819,44
411,4,97472,64
412,4,279,50
413,4,3824,45
414,4,82239,40
415,4,1440,45
416,4,56430,44
417,4,3157,45
418,4,12298,50
419,4,1473,45
420,4,14499,44
421,4,30385,40
422,4,62897,45
423,4,9314,45
424,4,108101,40
425,4,469788,55
426,4,504350,40
427,4,1710032,114
428,4,1455914,119
429,4,37365,47
430,4,484251,50
431,4,26826,59
432,4,93806,50
433,4,165117,55
434,4,176471,45
435,4,76796,44
436,4,173321,45
437,4,204,55
438,4,118327,43
439,4,301010,40
440,4,35723,55
441,4,8368,45
442,4,6775,40
443,4,135434,49
444,4,48084,49
445,4,399138,50
446,4,1445786,82
447,4,6809,45
448,4,2386846,55
449,4,35403,45
450,4,51455,44
451,4,33341,40
452,4,8833,45
453,4,11008,45
454,4,70833,85
455,4,99260,50
456,4,5973,45
457,4,257633,50
458,4,270009,73
459,4,21525,49
460,4,22700,54
461,4,130609,45
462,4,1227,45
463,4,78549,45
464,4,150695,59
465,4,358940,83
466,4,1666,50
467,4,465152,49
468,4,121347,54
469,4,88066,54
470,4,13896,44
471,4,11623,45
472,4,4800,49
473,4,126965,45
474,4,20909,44
475,4,281942,49
476,4,29054,69
477,4,50490,45
478,4,447476,50
479,4,13836,50
480,4,149705,55
481,4,32012,59
482,4,10072,50
483,4,144768,55
484,4,75501,45
485,4,40408,44
486,4,867136,53
487,4,150838,45
488,4,2618,55
489,4,83620,40
490,4,323,50
491,4,15646,55
492,4,202180,40
493,4,16516,55
494,4,77485,40
495,4,3725,40
496,4,115719,45
497,4,73858,40
498,4,832,40
499,4,630,40
500,4,31453,40
501,4,48328,40
502,4,13003,40
503,4,62964,49
504,4,226312,44
505,4,549,49
506,4,18459,50
507,4,9405,44
508,4,14768,65
509,4,30960,45
510,4,41617,50
511,4,720,45
512,4,64968,55
513,4,27582,49
514,4,12952,50
515,4,7464,53
516,4,42495,45
517,4,19110,44
518,4,201276,40
519,4,303023,64
520,4,793091,55
521,4,3061,45
522,4,36287,43
523,4,13733,45
524,4,5641,50
525,4,6074,44
526,4,351329,46
527,4,368337,59
528,4,12453,55
529,4,74541,69
530,4,6378,45
531,4,5785,44
532,4,18995,45
533,4,291541,44
534,4,21573,54
535,4,10648,50
536,4,4199,50
537,4,8533,40
538,4,12452,45
539,4,3412,45
540,4,30275,40
541,4,259686,45
542,4,8470,40
543,4,25953,40
544,4,31901,40
545,4,58648,40
546,4,4668,45
547,4,11941,40
548,4,200227,39
549,4,1942,50
550,4,12384,45
551,4,13693,44
552,4,16591,45
553,4,3942,45
554,4,2499,50
555,4,34212,40
556,4,11953,45
557,4,85175,40
558,4,81440,40
559,4,6430,45
560,4,1942,45
561,4,10641,45
562,4,620,50
563,4,5463,40
564,4,722,45
565,4,5802,45
566,4,3351,45
567,4,7433,45
568,4,23174,45
569,4,11570,45
570,4,1950,45
571,4,13419,40
572,4,4183,45
573,4,7291,40
574,4,6987,45
575,4,7938,60
576,4,2141,45
577,4,17075,50
578,4,3594,40
579,4,22748,60
580,4,12157,55
581,4,3017,40
582,4,1085,50
583,4,5235,45
584,4,445,45
585,4,15765,60
586,4,6360,45
587,4,3049,45
588,4,2743,45
589,4,16866,50
590,4,11393,40
591,4,4772,45
592,4,339,40
593,4,89575,50
594,4,43144,70
595,4,0,40
596,4,0,45
597,4,0,45
598,4,0,40
599,4,0,45
600,4,0,45
601,4,0,45
1,5,17790,43
2,5,130735,45
3,5,288460,50
4,5,110818,44
5,5,12085,43
6,5,40160,49
7,5,2044513,66
8,5,91991,49
9,5,17547,53
10,5,518671,45
11,5,40171,67
12,5,70354,58
13,5,1189232,79
14,5,86069,43
15,5,1407588,50
16,5,994950,50
17,5,1100,45
18,5,26009,44
19,5,3952017,64
20,5,2390,45
21,5,4584,48
22,5,15829,45
23,5,1699,49
24,5,92971,39
25,5,8394,58
26,5,1764468,47
27,5,7475,48
28,5,8026017,82
29,5,483387,68
30,5,150158,69
31,5,477967,50
32,5,23186,44
33,5,220657,48
34,5,9680,49
35,5,179422,40
36,5,28792,45
37,5,101867,54
38,5,1655,44
39,5,347676,44
40,5,322483,74
41,5,19633,44
42,5,46974,60
43,5,750113,48
44,5,23519,44
45,5,647569,47
46,5,33371,48
47,5,97152,53
48,5,52516,44
49,5,3599,45
50,5,32531,48
51,5,7955,48
52,5,6241,54
53,5,16000,50
54,5,577553,45
55,5,327,45
56,5,86341,40
57,5,13666,44
58,5,4111,48
59,5,1939,44
60,5,1668,54
61,5,3010,53
62,5,129837,55
63,5,1790,49
64,5,79649,50
65,5,4551,44
66,5,42279,58
67,5,5329,49
68,5,42597,45
69,5,5513,54
70,5,9008,53
71,5,10425,44
72,5,49608,45
73,5,100367,45
74,5,8309,48
75,5,6235,53
76,5,12990,44
77,5,59876,40
78,5,133098,45
79,5,39257,55
80,5,1842651,72
81,5,634308,45
82,5,1094,50
83,5,1038041,46
84,5,1980,45
85,5,126437,45
86,5,7185,55
87,5,2421,49
88,5,313804,51
89,5,14925,54
90,5,5253,44
91,5,7009,45
92,5,1498,44
93,5,3559,49
94,5,31266,45
95,5,255242,60
96,5,57480,40
97,5,10145,45
98,5,2914,40
99,5,147,45
100,5,11390,40
101,5,15900,50
102,5,86227,40
103,5,176365,65
104,5,1724176,58
105,5,20082,44
106,5,559364,46
107,5,42933,50
108,5,58436,45
109,5,354907,46
110,5,50793,62
111,5,271436,65
112,5,1361659,51
113,5,1697107,46
114,5,177311,44
115,5,18249,45
116,5,39327,55
117,5,2248,45
118,5,9161,53
119,5,6726,45
120,5,27067,50
121,5,477,45
122,5,664,40
123,5,42398,53
124,5,4891,50
125,5,32977,49
126,5,5029,45
127,5,165355,50
128,5,582288,55
129,5,116750,53
130,5,364792,60
131,5,5548,49
132,5,30232,49
133,5,21743,44
134,5,182119,49
135,5,32994,57
136,5,22724,50
137,5,22501,79
138,5,46096,39
139,5,249846,58
140,5,44982,58
141,5,39684,48
142,5,461319,77
143,5,5165,50
144,5,7206,53
145,5,287533,78
146,5,4254345,61
147,5,1983048,50
148,5,58220,57
149,5,60257,44
150,5,67374,54
151,5,7796,44
152,5,134857,45
153,5,59881,40
154,5,661,49
155,5,25972,55
156,5,20203,45
157,5,18102,45
158,5,54962,45
159,5,30860,55
160,5,724264,71
161,5,16197,49
162,5,8468,45
163,5,3289,49
164,5,5492,44
165,5,241545,45
166,5,249003,54
167,5,134562,44
168,5,60934,54
169,5,244804,55
170,5,74281,45
171,5,13914,55
172,5,2104,45
173,5,17605,44
174,5,38767,39
175,5,13615,45
176,5,60812,40
177,5,56420,50
178,5,6770,45
179,5,577,55
180,5,48446,43
181,5,19844,53
182,5,532658,45
183,5,9382,49
184,5,10817,45
185,5,8484,53
186,5,19620,55
187,5,3755,45
188,5,7958,44
189,5,97559,55
190,5,3194,49
191,5,23668,79
192,5,12435,45
193,5,5464,43
194,5,27983,45
195,5,149468,55
196,5,1938,40
197,5,641707,40
198,5,41072,40
199,5,70430,45
200,5,5506,48
201,5,12207,45
202,5,3264,48
203,5,13366,45
204,5,6304,55
205,5,9562,55
206,5,2434,44
207,5,446279,40
208,5,45825,40
209,5,9532,45
210,5,1973096,67
211,5,107925,45
212,5,3967,58
213,5,20972,45
214,5,5600,48
215,5,35782,45
216,5,9151,44
217,5,17054,45
218,5,7116,54
219,5,312361,45
220,5,29710,50
221,5,3714,45
222,5,1507,45
223,5,8404,49
224,5,6844,45
225,5,3216775,65
226,5,1203,50
227,5,46210,73
228,5,44683,45
229,5,74,50
230,5,17196,45
231,5,11060,60
232,5,11623,70
233,5,435313,61
234,5,398,45
235,5,50819,45
236,5,42766,40
237,5,1736484,45
238,5,254807,45
239,5,599,45
240,5,19692,45
241,5,897,45
242,5,37768,54
243,5,20014,40
244,5,56767,49
245,5,6691,49
246,5,150325,55
247,5,13164,44
248,5,18742,50
249,5,28039,44
250,5,3620,40
251,5,8127,49
252,5,54557,44
253,5,697940,40
254,5,2662635,40
255,5,310500,94
256,5,3163,43
257,5,25461,45
258,5,149427,45
259,5,145971,64
260,5,12916,49
261,5,312958,79
262,5,57306,63
263,5,8675,45
264,5,102598,69
265,5,34006,49
266,5,169393,50
267,5,34481,43
268,5,92366,44
269,5,62317,44
270,5,7683,44
271,5,79411,58
272,5,149540,44
273,5,29478,40
274,5,130525,45
275,5,96215,54
276,5,88500,59
277,5,52723,53
278,5,758,49
279,5,330936,80
280,5,1383330,65
281,5,1568930,55
282,5,102711,54
283,5,5360861,130
284,5,773269,69
285,5,4893854,75
286,5,55644,45
287,5,7018,49
288,5,29251,89
289,5,17555,40
290,5,23121,48
291,5,652,49
292,5,13316,45
293,5,2852321,81
294,5,84826,50
295,5,2748999,41
296,5,30663,54
297,5,650693,89
298,5,17301,39
299,5,1272702,51
300,5,564533,76
301,5,2650570,122
302,5,201838,54
303,5,214363,77
304,5,695342,99
305,5,141327,68
306,5,4427428,71
307,5,1751641,55
308,5,100648,50
309,5,29355,59
310,5,2330,40
311,5,823592,69
312,5,1074442,60
313,5,2072134,52
314,5,723916,80
315,5,242315,59
316,5,11191,45
317,5,596,45
318,5,6793855,118
319,5,137602,62
320,5,41391,39
321,5,61873,45
322,5,66133,39
323,5,41426,44
324,5,53084,39
325,5,21130,49
326,5,287761,103
327,5,544889,49
328,5,61254,39
329,5,248158,48
330,5,48016,48
331,5,51985,53
332,5,52562,48
333,5,214189,98
334,5,2853,50
335,5,603348,63
336,5,27556,53
337,5,8549,44
338,5,21389,49
339,5,95570,40
340,5,515925,73
341,5,25870,43
342,5,385006,44
343,5,227307,39
344,5,88954,49
345,5,75486,69
346,5,2288617,45
347,5,3402,44
348,5,45471,40
349,5,2331,49
350,5,7775,44
351,5,4030,44
352,5,262,45
353,5,217412,40
354,5,80992,58
355,5,71700,44
356,5,120414,73
357,5,2665460,51
358,5,145346,45
359,5,7069,53
360,5,9750,44
361,5,10682,45
362,5,47693,40
363,5,6025,44
364,5,3240,44
365,5,448468,44
366,5,767795,47
367,5,69483,49
368,5,979539,65
369,5,149055,50
370,5,90509,44
371,5,59240,60
372,5,2370,44
373,5,43688,49
374,5,411092,58
375,5,327,45
376,5,615296,50
377,5,183809,45
378,5,22841,44
379,5,12794,45
380,5,821843,45
381,5,92693,44
382,5,220,45
383,5,38799,44
384,5,2157,49
385,5,11895,45
386,5,12508,40
387,5,3118,50
388,5,11918,45
389,5,1383,40
390,5,621,50
391,5,117294,49
392,5,1742,45
393,5,3720,44
394,5,155100,59
395,5,2065,49
396,5,5577,45
397,5,103136,59
398,5,1063741,46
399,5,5856,44
400,5,2316,49
401,5,22856,44
402,5,7588,48
403,5,4990,53
404,5,4795,44
405,5,8819,49
406,5,6819,54
407,5,878749,65
408,5,78093,55
409,5,124280,45
410,5,32481,44
411,5,100704,64
412,5,266,50
413,5,4052,45
414,5,78893,40
415,5,1345,45
416,5,54765,44
417,5,3467,45
418,5,11505,50
419,5,1400,44
420,5,14915,44
421,5,29984,40
422,5,64078,45
423,5,11855,45
424,5,105780,40
425,5,484823,55
426,5,488874,40
427,5,1775930,114
428,5,1156313,118
429,5,32876,47
430,5,500096,50
431,5,21100,58
432,5,100228,50
433,5,161196,55
434,5,175750,44
435,5,93415,44
436,5,142720,45
437,5,191,55
438,5,101461,43
439,5,283568,40
440,5,34548,54
441,5,8414,44
442,5,6322,40
443,5,118795,49
444,5,43867,49
445,5,456143,50
446,5,1423025,82
447,5,6286,45
448,5,2703414,56
449,5,34486,44
450,5,57324,44
451,5,33072,40
452,5,9039,44
453,5,10199,45
454,5,72199,85
455,5,100432,50
456,5,6291,45
457,5,239899,49
458,5,225863,73
459,5,19165,48
460,5,19858,54
461,5,132250,45
462,5,1118,45
463,5,70869,44
464,5,122118,58
465,5,295489,82
466,5,1512,50
467,5,450472,49
468,5,106984,54
469,5,89181,54
470,5,13432,44
471,5,10054,45
472,5,4439,49
473,5,122189,44
474,5,19915,43
475,5,285471,49
476,5,67062,69
477,5,57828,44
478,5,495340,50
479,5,12802,49
480,5,215749,55
481,5,27305,58
482,5,19736,50
483,5,124157,55
484,5,90210,45
485,5,46646,44
486,5,742222,53
487,5,140324,44
488,5,2441,55
489,5,82014,40
490,5,309,50
491,5,17158,55
492,5,197304,40
493,5,17542,55
494,5,74602,40
495,5,3586,40
496,5,94999,45
497,5,71159,40
498,5,781,40
499,5,604,40
500,5,30652,40
501,5,45851,40
502,5,12712,40
503,5,59502,49
504,5,307242,44
505,5,520,49
506,5,19371,50
507,5,8121,44
508,5,15293,65
509,5,29889,44
510,5,40191,50
511,5,679,44
512,5,59230,55
513,5,27422,49
514,5,12986,50
515,5,7958,53
516,5,49757,45
517,5,18906,44
518,5,195585,40
519,5,287965,63
520,5,828779,55
521,5,3016,45
522,5,33759,43
523,5,13302,45
524,5,5476,50
525,5,5910,44
526,5,327429,46
527,5,305791,58
528,5,12116,55
529,5,65900,69
530,5,6661,45
531,5,5664,44
532,5,19121,45
533,5,400830,44
534,5,18581,53
535,5,10364,50
536,5,3490,50
537,5,7813,40
538,5,12770,45
539,5,3716,45
540,5,30219,40
541,5,242433,45
542,5,7952,40
543,5,21017,40
544,5,34473,40
545,5,81415,40
546,5,4673,45
547,5,12546,40
548,5,246749,39
549,5,2029,49
550,5,12107,44
551,5,13195,44
552,5,16969,45
553,5,3866,45
554,5,2083,50
555,5,34280,40
556,5,11908,44
557,5,83130,40
558,5,80819,40
559,5,6780,45
560,5,2141,45
561,5,11318,44
562,5,585,50
563,5,6076,40
564,5,795,45
565,5,6068,45
566,5,3349,45
567,5,8526,44
568,5,31119,44
569,5,12012,44
570,5,2081,45
571,5,13992,40
572,5,7562,44
573,5,8059,40
574,5,7923,45
575,5,7114,59
576,5,2592,45
577,5,16354,49
578,5,4039,40
579,5,63715,60
580,5,11048,54
581,5,3429,40
582,5,1217,50
583,5,5744,45
584,5,588,45
585,5,15250,60
586,5,37925,45
587,5,4264,45
588,5,4485,45
589,5,21246,50
590,5,11821,40
591,5,8399,45
592,5,669,40
593,5,148304,50
594,5,107285,70
595,5,25976,40
596,5,5830,45
597,5,4454,45
598,5,4467,40
599,5,569,45
600,5,116,45
601,5,351,45
602,5,1772,45
603,5,7722,60
604,5,0,45
605,5,0,40
606,5,0,45
607,5,0,45
615,5,0,40
1,6,17133,42
2,6,135461,45
3,6,308627,50
4,6,85016,44
5,6,12112,43
6,6,30613,49
7,6,1677063,66
8,6,97616,49
9,6,15094,53
10,6,557430,45
11,6,37407,66
12,6,69914,57
13,6,1091602,78
14,6,81612,42
15,6,1164227,50
16,6,1123841,51
17,6,1013,45
18,6,33910,44
19,6,4624595,65
20,6,2217,45
21,6,5485,48
22,6,14008,45
23,6,1609,49
24,6,130171,39
25,6,8672,57
26,6,2068486,48
27,6,7711,48
28,6,8025951,82
29,6,431897,67
30,6,120463,68
31,6,453493,49
32,6,22124,44
33,6,200480,47
34,6,8209,49
35,6,177082,40
36,6,29912,44
37,6,90210,53
38,6,1505,44
39,6,318244,43
40,6,245001,73
41,6,20569,44
42,6,42119,59
43,6,674941,47
44,6,21997,44
45,6,564058,47
46,6,44727,48
47,6,86293,52
48,6,49489,44
49,6,3313,45
50,6,28969,48
51,6,6258,48
52,6,5540,54
53,6,15903,49
54,6,521389,44
55,6,313,45
56,6,84563,40
57,6,14330,44
58,6,3354,48
59,6,2048,44
60,6,1511,53
61,6,2913,53
62,6,107105,55
63,6,1822,48
64,6,76528,50
65,6,4533,43
66,6,37831,57
67,6,5639,49
68,6,35855,45
69,6,5575,54
70,6,8743,53
71,6,12963,44
72,6,47407,45
73,6,102534,45
74,6,8256,48
75,6,6157,53
76,6,14183,44
77,6,58608,40
78,6,111209,44
79,6,30119,55
80,6,1515074,71
81,6,676343,45
82,6,1066,50
83,6,991346,46
84,6,1956,45
85,6,126267,45
86,6,15797,55
87,6,2460,49
88,6,335685,51
89,6,20782,54
90,6,5252,44
91,6,6287,45
92,6,1384,44
93,6,3551,49
94,6,33266,45
95,6,207155,60
96,6,55421,40
97,6,8923,45
98,6,2734,40
99,6,136,45
100,6,10793,40
101,6,11717,49
102,6,85568,40
103,6,140133,65
104,6,2570832,59
105,6,18565,44
106,6,576291,46
107,6,43897,50
108,6,74328,45
109,6,539582,46
110,6,44481,62
111,6,317447,65
112,6,1378132,52
113,6,1853775,47
114,6,165044,44
115,6,17594,45
116,6,165483,55
117,6,2206,44
118,6,9174,53
119,6,5961,45
120,6,28417,50
121,6,451,45
122,6,628,40
123,6,36926,52
124,6,4667,50
125,6,30572,48
126,6,4210,45
127,6,159301,49
128,6,566440,55
129,6,106686,53
130,6,345417,60
131,6,5054,49
132,6,34266,49
133,6,21603,44
134,6,160306,49
135,6,37050,57
136,6,17708,50
137,6,21286,79
138,6,49774,39
139,6,229828,58
140,6,44740,58
141,6,34148,47
142,6,424810,77
143,6,4690,50
144,6,5457,53
145,6,232398,77
146,6,3742029,60
147,6,1827367,50
148,6,53573,57
149,6,68852,44
150,6,60775,54
151,6,6970,44
152,6,132882,45
153,6,60858,39
154,6,615,48
155,6,22080,55
156,6,20328,45
157,6,18706,45
158,6,54848,44
159,6,29128,54
160,6,1416540,72
161,6,16482,49
162,6,8114,44
163,6,3245,49
164,6,6120,44
165,6,241969,45
166,6,211682,54
167,6,125984,44
168,6,53183,54
169,6,266606,55
170,6,74451,45
171,6,16149,55
172,6,1871,45
173,6,17274,44
174,6,33964,39
175,6,13906,44
176,6,61265,40
177,6,53193,50
178,6,7373,45
179,6,606,55
180,6,45608,43
181,6,16219,53
182,6,527449,45
183,6,9508,48
184,6,10073,45
185,6,7352,53
186,6,21859,55
187,6,3225,45
188,6,7249,43
189,6,86171,55
190,6,3641,49
191,6,22397,79
192,6,9946,44
193,6,5053,43
194,6,26108,45
195,6,250754,55
196,6,1806,40
197,6,670398,40
198,6,33574,40
199,6,65813,45
200,6,5463,48
201,6,11961,45
202,6,3140,48
203,6,13596,45
204,6,6970,55
205,6,9162,55
206,6,2322,44
207,6,402096,40
208,6,50440,39
209,6,9419,45
210,6,2410828,68
211,6,108861,45
212,6,3594,58
213,6,20032,45
214,6,5367,48
215,6,34493,45
216,6,8960,44
217,6,16675,45
218,6,5732,54
219,6,311599,45
220,6,30117,50
221,6,3346,45
222,6,1479,45
223,6,8484,48
224,6,6710,45
225,6,1169847,64
226,6,1186,49
227,6,50659,73
228,6,43500,45
229,6,73,50
230,6,17796,45
231,6,13351,60
232,6,11225,70
233,6,647604,61
234,6,368,45
235,6,63689,45
236,6,41955,40
237,6,1577524,44
238,6,254302,45
239,6,601,45
240,6,24476,44
241,6,831,45
242,6,35752,53
243,6,21958,39
244,6,55410,49
245,6,6942,49
246,6,199172,55
247,6,12610,44
248,6,17275,50
249,6,28165,44
250,6,3434,40
251,6,7821,48
252,6,54952,44
253,6,737633,39
254,6,2723072,40
255,6,269924,93
256,6,2967,43
257,6,24045,44
258,6,135795,45
259,6,142080,63
260,6,12370,49
261,6,291817,79
262,6,50885,62
263,6,7634,45
264,6,108810,69
265,6,34107,49
266,6,154652,50
267,6,32899,43
268,6,86705,43
269,6,68207,44
270,6,8476,43
271,6,71351,57
272,6,201163,44
273,6,29819,40
274,6,128429,45
275,6,74144,54
276,6,89430,59
277,6,48791,52
278,6,722,49
279,6,437647,81
280,6,1415515,65
281,6,1542628,55
282,6,106385,54
283,6,5299328,130
284,6,713818,68
285,6,4934576,75
286,6,64759,45
287,6,5926,48
288,6,27647,89
289,6,16870,40
290,6,21325,48
291,6,1079,49
292,6,14971,45
293,6,3133731,82
294,6,137171,50
295,6,2825750,41
296,6,78132,54
297,6,772463,89
298,6,17075,39
299,6,1304096,51
300,6,546871,76
301,6,2412531,122
302,6,221998,54
303,6,196680,77
304,6,1013750,100
305,6,120755,68
306,6,4813510,71
307,6,1792932,55
308,6,79199,50
309,6,27186,59
310,6,2122,40
311,6,1223802,70
312,6,1067985,60
313,6,1575523,51
314,6,758836,80
315,6,232917,59
316,6,11532,44
317,6,539,45
318,6,7781487,119
319,6,188372,62
320,6,33125,39
321,6,58894,45
322,6,68085,39
323,6,33667,44
324,6,57669,39
325,6,18311,49
326,6,269760,103
327,6,588903,49
328,6,73200,39
329,6,305521,48
330,6,44719,47
331,6,49461,52
332,6,46121,47
333,6,220295,98
334,6,2638,50
335,6,791377,64
336,6,25606,52
337,6,8447,43
338,6,22654,49
339,6,79720,40
340,6,682077,73
341,6,24011,43
342,6,554731,44
343,6,232122,39
344,6,91082,49
345,6,58896,69
346,6,2578118,46
347,6,3142,44
348,6,44421,40
349,6,2180,49
350,6,7788,43
351,6,3901,44
352,6,250,45
353,6,209908,40
354,6,72576,57
355,6,67240,43
356,6,84160,73
357,6,2938643,51
358,6,159088,45
359,6,9216,53
360,6,8764,44
361,6,9504,45
362,6,47159,40
363,6,6052,43
364,6,2865,44
365,6,431043,44
366,6,754219,47
367,6,76176,49
368,6,771878,65
369,6,189404,50
370,6,202243,44
371,6,69142,60
372,6,2757,44
373,6,47978,49
374,6,306479,57
375,6,310,45
376,6,754807,50
377,6,178010,44
378,6,22110,44
379,6,13283,45
380,6,761699,44
381,6,88813,44
382,6,205,45
383,6,37354,44
384,6,1851,49
385,6,12623,45
386,6,11317,40
387,6,3600,50
388,6,12146,44
389,6,1302,40
390,6,585,50
391,6,104481,49
392,6,1592,45
393,6,3746,43
394,6,153003,59
395,6,1667,49
396,6,4853,45
397,6,83094,59
398,6,1400374,47
399,6,5653,44
400,6,2657,49
401,6,21987,44
402,6,6094,48
403,6,4884,53
404,6,4701,44
405,6,11053,49
406,6,7191,54
407,6,908760,65
408,6,158394,55
409,6,139979,45
410,6,29989,43
411,6,104364,64
412,6,252,50
413,6,4397,45
414,6,70167,40
415,6,1247,45
416,6,62706,44
417,6,7498,45
418,6,11181,50
419,6,1295,44
420,6,16397,44
421,6,28039,40
422,6,69988,45
423,6,19803,45
424,6,103287,40
425,6,525569,55
426,6,470823,40
427,6,1679744,114
428,6,961990,117
429,6,30797,46
430,6,575633,50
431,6,17513,58
432,6,105882,50
433,6,155806,55
434,6,135916,44
435,6,102387,44
436,6,122235,45
437,6,183,55
438,6,69583,42
439,6,333405,39
440,6,28685,54
441,6,11391,44
442,6,5865,40
443,6,116225,49
444,6,41813,48
445,6,533505,51
446,6,1421646,82
447,6,5633,45
448,6,2880830,56
449,6,59645,44
450,6,58085,44
451,6,32890,40
452,6,10114,44
453,6,9164,45
454,6,66251,85
455,6,103158,50
456,6,6666,45
457,6,207982,49
458,6,200611,72
459,6,17049,48
460,6,18233,53
461,6,133938,45
462,6,1020,45
463,6,68997,44
464,6,109678,58
465,6,254880,82
466,6,1378,50
467,6,441325,49
468,6,121258,54
469,6,87141,54
470,6,12855,44
471,6,8336,44
472,6,4186,49
473,6,120092,44
474,6,19858,43
475,6,271543,48
476,6,56257,69
477,6,70205,44
478,6,542035,50
479,6,11115,49
480,6,249290,55
481,6,23588,58
482,6,22754,50
483,6,105177,55
484,6,130461,45
485,6,36731,44
486,6,661924,52
487,6,122583,44
488,6,2279,55
489,6,78820,40
490,6,305,50
491,6,18754,55
492,6,191760,40
493,6,37611,55
494,6,76090,39
495,6,3398,40
496,6,76980,45
497,6,69340,40
498,6,733,40
499,6,582,40
500,6,24515,40
501,6,45415,40
502,6,18804,39
503,6,57602,49
504,6,370117,44
505,6,476,49
506,6,20572,50
507,6,7025,44
508,6,60455,65
509,6,31042,44
510,6,40259,50
511,6,648,44
512,6,56073,55
513,6,27594,48
514,6,17542,50
515,6,7906,53
516,6,61888,45
517,6,18635,44
518,6,189326,40
519,6,286386,63
520,6,822809,55
521,6,3198,44
522,6,31309,43
523,6,16386,45
524,6,6093,50
525,6,5746,44
526,6,318885,46
527,6,301562,58
528,6,10638,55
529,6,48199,68
530,6,6726,44
531,6,5457,44
532,6,18804,45
533,6,497372,44
534,6,16425,53
535,6,11794,49
536,6,2759,49
537,6,7154,40
538,6,12511,44
539,6,4077,45
540,6,27326,40
541,6,191926,45
542,6,7383,40
543,6,18130,40
544,6,34989,40
545,6,94747,40
546,6,4815,45
547,6,13267,40
548,6,307912,39
549,6,2085,49
550,6,10308,44
551,6,12596,44
552,6,19060,45
553,6,3952,45
554,6,1846,50
555,6,34391,40
556,6,14772,44
557,6,82142,40
558,6,77504,40
559,6,6994,45
560,6,2348,45
561,6,16804,44
562,6,547,50
563,6,7004,40
564,6,897,45
565,6,6504,45
566,6,3984,44
567,6,17825,44
568,6,52428,44
569,6,13288,44
570,6,5891,45
571,6,14951,40
572,6,5531,44
573,6,9122,40
574,6,13185,45
575,6,6743,59
576,6,2968,45
577,6,15380,49
578,6,4573,40
579,6,66112,60
580,6,10317,54
581,6,4088,40
582,6,1808,50
583,6,7963,45
584,6,723,45
585,6,16283,60
586,6,101579,45
587,6,4657,45
588,6,6130,45
589,6,22523,50
590,6,13311,40
591,6,10181,45
592,6,1041,40
593,6,188067,50
594,6,369620,70
595,6,67379,40
596,6,10141,45
597,6,4867,45
598,6,7521,40
599,6,1156,45
600,6,238,45
601,6,784,45
602,6,17921,45
603,6,64324,60
604,6,1442,45
605,6,2063,40
606,6,338,45
607,6,3676,45
608,6,4739,55
609,6,106719,75
610,6,2912,50
611,6,2498,50
612,6,608,45
613,6,2389,45
614,6,7487,55
615,6,232,40
616,6,306,50
617,6,7948,90
618,6,829,55
619,6,1708,50
620,6,2109,50
621,6,266,45
622,6,866,40
623,6,84,45
624,6,0,50
1,8,16837,42
2,8,183836,45
3,8,302039,50
4,8,81657,43
5,8,12232,43
6,8,26315,48
7,8,1911739,65
8,8,98913,48
9,8,13577,53
10,8,558350,45
11,8,36624,66
12,8,58723,57
13,8,1222425,78
14,8,76824,42
15,8,1117890,49
16,8,1177943,51
17,8,951,45
18,8,37082,44
19,8,5066895,65
20,8,2085,45
21,8,5775,48
22,8,12366,45
23,8,1545,49
24,8,162537,39
25,8,9940,57
26,8,2317437,48
27,8,8391,48
28,8,7527911,81
29,8,489310,67
30,8,112626,67
31,8,459210,49
32,8,21718,44
33,8,269058,47
34,8,7280,49
35,8,168105,40
36,8,30036,44
37,8,85148,53
38,8,1393,44
39,8,326716,43
40,8,214492,73
41,8,19109,44
42,8,50616,59
43,8,534902,47
44,8,29915,44
45,8,806293,47
46,8,54955,48
47,8,95288,52
49,8,2709,45
50,8,26446,48
51,8,5004,48
52,8,4959,54
53,8,16734,49
54,8,329702,43
55,8,288,45
56,8,83684,40
57,8,14138,44
58,8,2825,48
59,8,2395,44
60,8,1423,53
61,8,3019,53
62,8,82606,55
63,8,1876,48
64,8,71101,50
65,8,4632,43
66,8,50048,57
67,8,7848,49
68,8,27462,45
69,8,5637,53
70,8,12280,53
71,8,13661,44
72,8,46462,44
73,8,119667,45
74,8,8268,48
75,8,7842,53
76,8,13446,44
77,8,57625,40
78,8,103448,44
79,8,19526,54
80,8,2018737,72
81,8,655913,45
82,8,3958,50
83,8,772031,46
84,8,3958,45
85,8,113218,45
86,8,19264,55
87,8,2583,49
88,8,316843,51
89,8,44245,54
90,8,5212,44
91,8,4928,45
92,8,1296,44
93,8,3686,49
94,8,37140,45
95,8,188306,60
96,8,63679,39
97,8,7366,45
98,8,2513,40
99,8,126,45
100,8,9720,40
105,8,17707,44
110,8,46881,61
176,8,74924,40
177,8,50648,50
178,8,8908,45
179,8,561,55
180,8,43016,43
181,8,14085,53
182,8,504247,45
183,8,9785,48
184,8,8281,45
185,8,6677,53
186,8,26398,55
187,8,2801,45
188,8,6647,43
189,8,105119,55
190,8,4702,49
191,8,21588,79
192,8,8523,44
193,8,4622,43
194,8,56283,45
195,8,583617,55
196,8,1680,40
197,8,779500,41
198,8,28754,40
199,8,77349,44
200,8,5730,48
201,8,17199,45
202,8,3030,48
203,8,13411,45
204,8,8703,55
205,8,16894,55
206,8,1827,44
207,8,318243,40
208,8,39398,39
209,8,12199,45
210,8,3297573,69
211,8,96428,45
212,8,3327,58
213,8,21241,44
214,8,4534,48
215,8,63953,45
216,8,8586,44
217,8,13486,45
218,8,4881,54
219,8,192101,45
220,8,33627,50
231,8,20357,60
248,8,15734,50
249,8,27598,44
250,8,3334,40
251,8,7597,48
252,8,52516,44
253,8,763845,39
254,8,2704953,40
255,8,240427,92
256,8,2896,43
257,8,21639,44
258,8,116824,44
259,8,142983,63
260,8,11380,49
261,8,498404,79
262,8,50308,62
263,8,6723,45
264,8,113863,69
265,8,33638,49
266,8,124790,50
267,8,30521,43
268,8,85215,43
269,8,70742,44
270,8,8651,43
271,8,76971,57
273,8,30104,40
295,8,2861379,41
299,8,816601,51
300,8,519629,76
301,8,3557645,122
302,8,229753,54
303,8,176801,76
305,8,116866,68
306,8,5430281,72
307,8,1693350,55
308,8,82819,50
309,8,25825,58
310,8,1868,40
311,8,1367652,70
312,8,1080581,60
313,8,1542314,51
314,8,823508,80
315,8,223222,59
316,8,10644,44
317,8,488,45
318,8,8407273,120
319,8,150806,62
320,8,25476,39
321,8,41034,45
322,8,67321,39
323,8,26837,44
324,8,57075,39
325,8,17082,48
346,8,2777342,46
349,8,2081,48
350,8,7930,43
351,8,3130,44
352,8,243,45
353,8,183678,40
354,8,63788,57
356,8,69574,72
357,8,4798777,53
358,8,161488,45
359,8,11673,53
360,8,9038,43
361,8,8055,45
362,8,52644,39
363,8,6044,43
364,8,2576,43
365,8,369577,44
366,8,1003174,47
367,8,121681,49
368,8,676089,64
369,8,319190,50
370,8,229450,44
371,8,115027,60
372,8,3097,44
373,8,53159,49
374,8,245100,57
375,8,281,45
376,8,2107464,52
377,8,216037,44
378,8,19963,44
379,8,13852,45
380,8,581079,44
381,8,150706,43
382,8,193,45
383,8,32774,44
384,8,1648,49
385,8,12566,45
386,8,10161,40
387,8,4055,50
388,8,12286,44
389,8,1207,40
390,8,546,50
391,8,91707,48
392,8,1469,45
393,8,3711,43
394,8,154068,59
395,8,1449,49
396,8,4215,45
397,8,65952,58
398,8,1438231,47
399,8,5545,43
400,8,3004,49
401,8,21323,44
402,8,4838,48
403,8,4337,53
404,8,4758,43
405,8,11375,49
406,8,7607,53
407,8,1076486,65
408,8,161312,55
409,8,169248,45
410,8,26791,43
411,8,103707,64
412,8,244,50
413,8,4596,44
414,8,56559,40
415,8,1145,45
416,8,58266,44
417,8,9451,45
418,8,11249,50
419,8,1259,44
420,8,19471,44
421,8,24286,40
422,8,83361,45
423,8,31033,45
424,8,99042,40
425,8,593605,55
426,8,431648,40
427,8,2134886,114
428,8,1101949,117
429,8,29282,46
430,8,691608,50
431,8,15557,58
432,8,103022,50
433,8,319525,55
434,8,111037,44
435,8,92243,44
436,8,127134,45
437,8,177,55
438,8,54463,42
439,8,337195,39
440,8,28865,54
441,8,12220,44
442,8,5357,40
443,8,143257,49
444,8,38188,48
445,8,648338,51
446,8,1456954,81
447,8,4880,45
448,8,3027773,56
449,8,61405,44
450,8,54457,44
451,8,32036,40
452,8,9977,44
453,8,8011,45
454,8,99280,85
455,8,125655,50
456,8,7408,45
457,8,193179,48
458,8,197740,72
459,8,17938,48
460,8,17664,53
461,8,164483,45
462,8,949,45
463,8,133493,44
464,8,104935,57
465,8,472883,81
466,8,1293,50
467,8,462736,49
468,8,146026,54
469,8,104299,54
470,8,12813,43
471,8,6910,44
472,8,3987,48
473,8,119046,44
474,8,19067,43
475,8,356232,48
476,8,31395,69
477,8,76340,44
478,8,565753,50
479,8,9354,48
480,8,233904,55
481,8,21418,57
482,8,23974,50
483,8,125293,55
484,8,158486,45
485,8,31198,44
486,8,520565,51
487,8,111106,44
488,8,2109,55
489,8,109774,39
490,8,391,50
491,8,19841,55
492,8,184866,40
493,8,60159,55
494,8,118375,39
502,8,24750,39
503,8,52997,49
505,8,461,49
507,8,6273,43
509,8,29592,44
510,8,41394,50
511,8,667,44
512,8,56108,54
513,8,29515,48
515,8,8018,53
516,8,187376,45
517,8,18357,44
518,8,179199,40
521,8,2740,44
522,8,28904,42
523,8,15574,45
524,8,5663,49
525,8,5808,43
526,8,296865,45
527,8,291488,57
528,8,9937,54
529,8,41471,67
531,8,5441,43
532,8,19660,44
534,8,15457,52
535,8,11616,49
536,8,2394,49
537,8,6592,40
538,8,14923,44
539,8,4121,44
540,8,22410,40
541,8,120066,45
545,8,235490,40
546,8,5026,45
548,8,452725,39
549,8,2055,49
552,8,19898,45
553,8,4273,44
554,8,1985,50
555,8,35074,40
556,8,14923,44
557,8,83122,40
558,8,75064,40
560,8,2709,45
561,8,12280,44
562,8,536,49
566,8,5634,44
567,8,18839,44
568,8,52555,44
570,8,7467,45
571,8,16256,40
572,8,4596,44
573,8,9896,40
574,8,16461,45
575,8,14263,59
576,8,3617,45
577,8,17939,49
579,8,44873,60
580,8,9359,53
581,8,4697,40
582,8,1970,50
583,8,34662,45
585,8,12863,59
587,8,6405,45
588,8,9374,45
589,8,29720,50
591,8,12290,45
594,8,828265,70
595,8,100399,40
597,8,3047,45
598,8,6504,40
599,8,1054,45
600,8,443,45
602,8,21716,45
603,8,148196,60
605,8,4327,40
607,8,6772,45
608,8,2337,55
610,8,9643,50
611,8,5568,50
612,8,1645,45
613,8,6700,45
614,8,13138,55
618,8,3158,55
621,8,1350,45
622,8,3569,40
623,8,1218,45
624,8,1243,50
625,8,26409,55
626,8,2599,40
627,8,817,40
628,8,497,45
629,8,0,45
630,8,0,45
631,8,0,40
1,9,15362,42
2,9,176437,45
3,9,317511,51
4,9,77553,43
5,9,12343,42
6,9,26537,48
7,9,1615139,65
8,9,91146,48
9,9,13115,53
10,9,560494,45
11,9,36648,66
12,9,52361,56
13,9,1222918,78
14,9,76015,42
15,9,1109375,49
16,9,1140828,51
17,9,919,45
18,9,36364,44
19,9,4946404,66
20,9,2026,45
21,9,5524,48
22,9,11979,45
23,9,1522,48
24,9,166867,39
25,9,18275,57
26,9,2626424,49
27,9,8465,47
28,9,7253158,80
29,9,457817,67
30,9,104695,67
31,9,516785,49
32,9,21142,43
33,9,204057,47
34,9,6875,49
35,9,167300,40
36,9,28899,44
37,9,81742,53
38,9,1334,44
39,9,368635,43
40,9,218180,72
41,9,18459,44
42,9,42385,59
43,9,477326,46
44,9,30176,44
45,9,770317,47
46,9,53141,48
47,9,128982,52
48,9,67365,43
49,9,2571,45
50,9,25447,48
51,9,4591,48
52,9,4775,54
53,9,13697,49
54,9,324566,43
55,9,282,45
56,9,81999,40
57,9,14768,44
58,9,2885,48
59,9,2250,44
60,9,1382,53
61,9,3028,53
62,9,77116,55
63,9,1907,48
64,9,67911,50
65,9,4652,43
66,9,127893,57
67,9,8649,49
68,9,25592,45
69,9,5782,53
70,9,53997,53
71,9,14705,44
72,9,44786,44
73,9,98678,45
74,9,8309,48
75,9,7682,53
76,9,18588,44
77,9,56841,40
78,9,102392,44
79,9,17167,54
80,9,2581114,73
81,9,729000,45
82,9,6071,50
83,9,717768,45
84,9,5323,45
85,9,120578,45
86,9,19692,55
87,9,2618,49
88,9,306270,51
89,9,38607,54
90,9,5179,44
91,9,4557,45
92,9,1263,44
93,9,3802,49
94,9,36264,45
95,9,199412,59
96,9,69506,39
97,9,7146,45
98,9,2435,40
99,9,122,45
100,9,9370,40
101,9,9345,49
102,9,77020,40
103,9,108571,65
104,9,2435978,60
105,9,17044,44
106,9,467092,46
107,9,39689,50
108,9,67480,45
109,9,489203,46
110,9,67251,61
111,9,366660,66
112,9,1001412,51
113,9,1614439,47
114,9,146332,43
115,9,16427,44
116,9,771854,57
117,9,1961,44
118,9,9677,53
119,9,5060,45
120,9,43562,50
121,9,410,45
122,9,573,40
123,9,31131,51
124,9,4231,49
125,9,29381,48
126,9,3446,45
127,9,143942,49
128,9,594617,54
129,9,87611,53
130,9,286623,59
131,9,3700,49
132,9,36482,49
133,9,36406,44
134,9,142253,48
135,9,37641,57
136,9,16380,50
137,9,19832,79
138,9,36173,39
139,9,330093,58
140,9,47022,57
141,9,33244,47
142,9,366167,76
143,9,4204,50
144,9,4311,53
145,9,221426,77
146,9,3904450,60
147,9,1231409,49
148,9,48726,57
149,9,67869,44
150,9,53060,53
151,9,5223,44
152,9,214794,45
153,9,62257,39
154,9,717,48
155,9,18483,55
156,9,22163,45
157,9,18415,45
158,9,49046,44
159,9,26754,54
160,9,1807711,73
161,9,15082,49
162,9,7438,44
163,9,3156,48
164,9,5854,44
165,9,286911,45
166,9,166793,53
167,9,174024,43
168,9,45529,53
169,9,223264,55
170,9,78971,45
171,9,15342,54
172,9,1582,45
173,9,14881,44
174,9,30233,39
175,9,14003,44
176,9,102293,40
177,9,52413,50
178,9,9540,45
179,9,582,55
180,9,42130,42
181,9,13409,53
182,9,517177,45
183,9,9192,48
184,9,7744,45
185,9,6861,53
186,9,35569,55
187,9,2665,45
188,9,6389,43
189,9,101348,55
190,9,4656,49
191,9,21254,79
192,9,7906,44
193,9,4440,43
194,9,56919,45
195,9,503569,56
196,9,1636,40
197,9,676893,41
198,9,27187,40
199,9,118936,44
200,9,5384,48
201,9,15100,45
202,9,3079,47
203,9,13074,44
204,9,7648,55
205,9,15250,55
206,9,1717,44
207,9,297392,40
208,9,37008,39
209,9,17705,45
210,9,3413332,69
211,9,134630,45
212,9,3274,57
213,9,20596,44
214,9,4035,48
215,9,54888,45
216,9,8309,44
217,9,12451,44
218,9,4628,54
219,9,172205,45
220,9,27251,50
221,9,3814,44
222,9,6634,45
223,9,7583,48
224,9,5950,45
225,9,624237,63
226,9,1163,49
227,9,45387,73
228,9,38447,45
229,9,68,50
230,9,16828,45
231,9,17077,60
232,9,10591,70
233,9,485857,62
234,9,335,45
235,9,54995,45
236,9,38847,40
237,9,1198158,43
238,9,241856,45
239,9,688,45
240,9,24278,44
241,9,723,45
242,9,29612,52
243,9,32686,39
244,9,38227,48
245,9,18180,49
246,9,157665,55
247,9,11180,44
248,9,15089,50
249,9,27618,44
250,9,3076,40
251,9,7502,48
252,9,51660,44
253,9,737999,39
254,9,2708331,40
255,9,242928,92
256,9,2662,43
257,9,21176,43
258,9,129927,44
259,9,187098,63
260,9,10987,48
261,9,1102275,80
262,9,51970,62
263,9,6407,45
264,9,138382,69
265,9,30962,49
266,9,118511,50
267,9,30118,42
268,9,119817,43
269,9,67695,44
270,9,8537,43
271,9,75653,57
272,9,261186,44
273,9,33167,39
274,9,112993,45
275,9,56161,53
276,9,101288,59
277,9,78808,52
278,9,712,49
279,9,295837,79
280,9,1425709,64
281,9,1541717,54
282,9,105374,54
283,9,3748869,128
284,9,335917,67
285,9,3766108,74
286,9,93297,45
287,9,4909,48
288,9,43811,89
289,9,15953,40
290,9,19975,48
291,9,1128,49
292,9,64577,45
293,9,2829541,82
294,9,122798,50
295,9,2862490,41
296,9,56348,54
297,9,667495,89
298,9,16520,39
299,9,832351,50
300,9,426108,76
301,9,3387273,123
302,9,204722,54
303,9,166711,76
304,9,1041471,100
305,9,123440,68
306,9,5427739,72
307,9,1687525,55
308,9,77389,50
309,9,25342,58
310,9,1837,40
311,9,1399674,70
312,9,1051741,60
313,9,1272059,51
314,9,798125,80
315,9,217899,58
316,9,10747,44
317,9,480,45
318,9,8548463,121
319,9,137500,62
320,9,24664,39
321,9,37432,45
322,9,70241,39
323,9,25697,44
324,9,59688,39
325,9,15940,48
326,9,258572,102
327,9,671369,49
328,9,76706,39
329,9,360093,48
330,9,40750,47
331,9,46149,52
332,9,42542,47
333,9,243991,98
334,9,2393,50
335,9,1458264,66
336,9,20542,51
337,9,8950,43
338,9,25869,49
339,9,63145,40
340,9,726111,73
341,9,20978,43
342,9,803887,45
343,9,211187,39
344,9,69588,49
345,9,47571,69
346,9,2732471,46
347,9,2771,44
348,9,41764,40
349,9,2049,48
350,9,7822,43
351,9,2926,44
352,9,240,45
353,9,176689,40
354,9,59072,56
355,9,58124,43
356,9,82644,72
357,9,4904200,54
358,9,151979,45
359,9,10999,53
360,9,8854,43
361,9,7801,45
362,9,54228,39
363,9,5958,43
364,9,2491,43
365,9,404446,43
366,9,948358,47
367,9,109366,49
368,9,595021,64
369,9,257304,50
370,9,229975,44
371,9,93375,60
372,9,3195,44
373,9,50442,49
374,9,248140,56
375,9,276,45
376,9,2062355,53
377,9,190595,44
378,9,25007,43
379,9,13149,44
380,9,591382,43
381,9,121008,43
382,9,187,45
383,9,50644,43
384,9,1565,49
385,9,11191,45
386,9,9760,40
387,9,4705,50
388,9,11285,44
389,9,1172,40
390,9,524,50
391,9,94352,48
392,9,1419,45
393,9,3667,43
394,9,147873,59
395,9,1384,49
396,9,4019,45
397,9,70801,58
398,9,1425648,47
399,9,5413,43
400,9,2976,49
401,9,20942,43
402,9,4460,48
403,9,3806,53
404,9,4792,43
405,9,10602,49
406,9,7093,53
407,9,909663,65
408,9,166199,55
409,9,159611,45
410,9,26220,43
411,9,97332,64
412,9,238,50
413,9,4544,44
414,9,53197,40
415,9,1117,45
416,9,56236,44
417,9,8280,45
418,9,10451,50
419,9,1230,44
420,9,19352,44
421,9,23222,40
422,9,80552,45
423,9,29292,45
424,9,97345,40
425,9,485701,55
426,9,435504,39
427,9,2011573,114
428,9,1189387,117
429,9,28226,46
430,9,722804,51
431,9,15109,58
432,9,82020,50
433,9,320788,55
434,9,105696,44
435,9,86608,44
436,9,118110,45
437,9,177,55
438,9,49577,42
439,9,343857,39
440,9,41010,54
441,9,12359,44
442,9,5202,40
443,9,137981,49
444,9,36912,47
445,9,532938,51
446,9,964123,81
447,9,4750,45
448,9,2742480,56
449,9,59703,44
450,9,53315,44
451,9,32345,40
452,9,9938,44
453,9,7825,45
454,9,96928,85
455,9,139257,50
456,9,7446,45
457,9,208118,48
458,9,196671,72
459,9,17724,48
460,9,16896,52
461,9,188205,45
462,9,922,45
463,9,143783,44
464,9,97721,57
465,9,384826,81
466,9,1236,50
467,9,460983,49
468,9,136612,54
469,9,93454,54
470,9,12694,43
471,9,6538,44
472,9,3873,48
473,9,118454,44
474,9,18337,43
475,9,364354,48
476,9,27168,69
477,9,83095,44
478,9,624687,50
479,9,9170,48
480,9,225362,55
481,9,19789,57
482,9,24624,50
483,9,125553,55
484,9,207055,45
485,9,29744,44
486,9,482729,51
487,9,114996,43
488,9,2051,55
489,9,106790,39
490,9,360,50
491,9,19923,55
492,9,182501,40
493,9,40059,55
494,9,118561,39
495,9,2924,40
496,9,44192,45
497,9,71507,39
498,9,671,40
499,9,539,40
500,9,20443,40
501,9,46098,40
502,9,27395,39
503,9,52478,48
504,9,417490,45
505,9,451,49
506,9,20061,50
507,9,6036,43
508,9,112294,65
509,9,28847,44
510,9,44216,50
511,9,642,44
512,9,49368,54
513,9,29857,48
514,9,17194,50
515,9,6884,53
516,9,119512,45
517,9,18338,44
518,9,175947,40
519,9,355400,63
520,9,772480,55
521,9,2518,44
522,9,28276,42
523,9,13607,45
524,9,6672,49
525,9,5797,43
526,9,309773,45
527,9,244939,57
528,9,9932,54
529,9,41651,67
530,9,6657,44
531,9,5401,43
532,9,18726,44
533,9,599801,45
534,9,14077,52
535,9,13834,49
536,9,2324,49
537,9,6400,40
538,9,15944,44
539,9,4193,44
540,9,21068,40
541,9,111089,45
542,9,6501,40
543,9,15298,40
544,9,35694,40
545,9,251405,40
546,9,5103,44
547,9,16799,40
548,9,482448,39
549,9,2069,49
550,9,7687,44
551,9,44429,43
552,9,19738,45
553,9,4151,44
554,9,2187,50
555,9,34880,40
556,9,14527,44
557,9,81810,40
558,9,74323,40
559,9,7403,44
560,9,2735,45
561,9,11581,44
562,9,528,49
563,9,8836,40
564,9,1131,45
565,9,6731,45
566,9,5381,44
567,9,17962,44
568,9,50603,44
569,9,12341,44
570,9,7216,45
571,9,16194,40
572,9,4401,44
573,9,10153,40
574,9,24237,45
575,9,12722,59
576,9,4123,45
577,9,18546,49
578,9,5007,40
579,9,41524,60
580,9,9738,53
581,9,4934,40
582,9,1979,50
583,9,29551,45
584,9,962,45
585,9,11023,58
586,9,56914,45
587,9,5846,45
588,9,10464,45
589,9,29534,50
590,9,15157,40
591,9,14325,45
592,9,1769,40
593,9,158668,50
594,9,504830,70
595,9,98176,40
596,9,17295,45
597,9,2868,45
598,9,5769,40
599,9,923,45
600,9,536,45
601,9,1466,45
602,9,19357,45
603,9,140315,60
604,9,2805,45
605,9,4801,40
606,9,197,45
607,9,7762,45
608,9,1759,54
609,9,530066,75
610,9,18323,50
611,9,6344,50
612,9,2613,45
613,9,5628,45
614,9,27315,55
615,9,608,40
616,9,2739,50
617,9,62600,90
618,9,4142,55
619,9,5695,50
620,9,6038,50
621,9,1397,45
622,9,5262,40
623,9,1405,45
624,9,1110,50
625,9,30746,55
626,9,4041,40
627,9,776,40
628,9,883,45
629,9,1950,45
630,9,418,45
631,9,1287,40
632,9,0,45
633,9,0,40
634,9,0,45
635,9,0,40
636,9,0,40
637,9,0,40
638,9,0,40
1,10,14630,42
2,10,170686,45
3,10,390185,51
4,10,71360,43
5,10,12562,42
6,10,45510,48
7,10,1488945,64
8,10,91159,48
9,10,12755,53
10,10,605532,45
11,10,36582,66
12,10,47289,56
13,10,1146083,78
14,10,74494,42
15,10,1098374,49
16,10,1108166,51
17,10,891,45
18,10,34789,44
19,10,4811880,66
20,10,1965,45
21,10,5501,48
22,10,11429,45
23,10,1726,48
24,10,172798,39
25,10,17846,57
26,10,2878181,50
27,10,8586,47
28,10,7286361,80
29,10,446315,67
30,10,105740,67
31,10,607833,49
32,10,19386,43
33,10,162087,47
34,10,6572,49
35,10,165915,40
36,10,28020,44
37,10,79790,52
38,10,1278,44
39,10,520345,43
40,10,258318,72
41,10,17779,44
42,10,40727,58
43,10,454177,46
44,10,45101,44
45,10,626404,47
46,10,55632,48
47,10,140956,52
48,10,61729,43
49,10,2432,45
50,10,24615,48
51,10,4272,48
52,10,4601,54
53,10,11896,48
54,10,321745,43
55,10,269,45
56,10,87087,39
57,10,17183,44
58,10,2751,48
59,10,2120,44
60,10,1323,53
61,10,3006,52
62,10,74657,55
63,10,1967,48
64,10,64003,50
65,10,4743,43
66,10,159908,57
67,10,9192,49
68,10,23698,45
69,10,5584,53
70,10,57073,53
71,10,16052,44
72,10,43235,44
73,10,83313,44
74,10,8299,48
75,10,7391,53
76,10,28622,44
77,10,57414,40
78,10,83677,44
79,10,15476,53
80,10,2448031,73
81,10,743449,45
82,10,5911,50
83,10,633155,45
84,10,8344,45
85,10,118260,45
86,10,17390,55
87,10,2594,48
88,10,267225,51
89,10,30197,54
90,10,5231,43
91,10,4296,45
92,10,1358,44
93,10,3828,48
94,10,36923,45
95,10,193021,59
96,10,72260,39
97,10,6767,45
98,10,2362,40
99,10,116,45
100,10,9022,40
101,10,9899,49
102,10,75494,40
103,10,151847,65
104,10,2217438,59
105,10,16531,44
106,10,462446,46
107,10,53388,50
108,10,65895,45
109,10,486090,46
110,10,78807,61
111,10,1285348,67
112,10,877531,51
113,10,1603142,47
114,10,143283,43
115,10,14146,44
116,10,754612,57
117,10,1908,44
118,10,8349,53
119,10,5202,45
120,10,40134,50
121,10,403,45
122,10,557,40
123,10,30654,51
124,10,4963,49
125,10,29579,48
126,10,3261,45
127,10,140417,48
128,10,743190,54
129,10,84569,53
130,10,271770,59
131,10,3521,49
132,10,37709,49
133,10,59312,44
134,10,138414,48
135,10,36766,56
136,10,16963,50
137,10,19561,79
138,10,34183,39
139,10,369915,58
140,10,49971,57
141,10,35554,47
142,10,357292,76
143,10,4090,50
144,10,4129,53
145,10,219542,77
146,10,4241792,61
147,10,1136298,49
148,10,78616,57
149,10,64938,44
150,10,50993,53
151,10,4967,44
152,10,262016,45
153,10,112711,39
154,10,593,48
155,10,17734,55
156,10,24964,45
157,10,16072,45
158,10,46864,44
159,10,32377,54
160,10,2086065,74
161,10,14438,49
162,10,7168,44
163,10,3181,48
164,10,5627,44
165,10,248865,45
166,10,244335,53
167,10,230022,43
168,10,44314,53
169,10,224922,55
170,10,96747,45
171,10,17086,54
172,10,1512,45
173,10,18493,43
174,10,29056,39
175,10,14019,44
176,10,112807,40
177,10,57055,50
178,10,10628,45
179,10,596,55
180,10,42341,42
181,10,12910,53
182,10,541030,45
183,10,8156,48
184,10,7254,45
185,10,6981,53
186,10,47012,55
187,10,2554,45
188,10,6155,43
189,10,91907,55
190,10,4671,49
191,10,20933,79
192,10,7431,44
193,10,4298,43
194,10,58440,45
195,10,397153,55
196,10,1588,40
197,10,586163,41
198,10,25759,40
199,10,140314,44
200,10,5216,48
201,10,13867,45
202,10,3072,47
203,10,11304,44
204,10,7450,54
205,10,22364,55
206,10,1619,44
207,10,276432,40
208,10,34828,39
209,10,15677,45
210,10,2588974,68
211,10,139758,45
212,10,3176,57
213,10,20104,44
214,10,3673,48
215,10,42832,45
216,10,7810,44
217,10,11627,44
218,10,4401,54
219,10,150091,45
220,10,30231,50
221,10,6545,44
222,10,7631,45
223,10,7543,47
224,10,5240,45
225,10,670972,63
226,10,1155,49
227,10,44936,73
228,10,36453,45
229,10,67,50
230,10,18033,45
231,10,16535,60
232,10,10435,70
233,10,407695,61
234,10,317,45
235,10,60847,45
236,10,38229,40
237,10,1197760,43
238,10,273485,45
239,10,1224,45
240,10,23781,44
241,10,694,45
242,10,29044,52
243,10,32211,39
244,10,44939,48
245,10,15471,49
246,10,142662,55
247,10,15019,43
248,10,14666,50
249,10,30791,44
250,10,3015,40
251,10,7533,48
252,10,58500,43
253,10,750836,39
254,10,2762134,41
255,10,243390,92
256,10,2584,43
257,10,20857,43
258,10,184572,44
259,10,184242,63
260,10,10743,48
261,10,1886627,82
262,10,51224,62
263,10,6082,45
264,10,163359,69
265,10,27579,48
266,10,121149,50
267,10,30368,42
268,10,159096,43
269,10,64873,44
270,10,8727,43
271,10,103616,57
272,10,225352,44
273,10,35975,39
274,10,107540,45
275,10,56416,53
276,10,99751,59
277,10,83238,52
278,10,722,49
279,10,465848,79
280,10,1331966,64
281,10,1438231,54
282,10,103266,54
283,10,3017511,127
284,10,281307,67
285,10,3028227,73
286,10,83744,45
287,10,4726,48
288,10,44517,89
289,10,16078,40
290,10,21965,48
291,10,1076,49
292,10,61040,45
293,10,2460893,81
294,10,103590,50
295,10,2810760,41
296,10,50757,54
297,10,574922,88
298,10,19134,39
299,10,581409,50
300,10,350931,75
301,10,3810220,124
302,10,168993,54
303,10,156636,75
304,10,961391,100
305,10,132218,68
306,10,5506710,72
307,10,1640262,55
308,10,85915,50
309,10,28537,58
310,10,1702,40
311,10,1319418,70
312,10,980567,59
313,10,1267763,51
314,10,1570203,81
315,10,187732,57
316,10,10278,44
317,10,467,45
318,10,8905419,122
319,10,126639,61
320,10,21483,39
321,10,33519,45
322,10,64476,39
323,10,23465,44
324,10,54765,39
325,10,14788,48
326,10,249320,102
327,10,665621,49
328,10,79091,39
329,10,304647,48
330,10,37843,47
331,10,46110,52
332,10,46438,47
333,10,227988,98
334,10,2347,50
335,10,1606429,65
336,10,19848,51
337,10,9836,43
338,10,25438,49
339,10,59101,40
340,10,636452,73
341,10,20114,43
342,10,852123,45
343,10,192884,39
344,10,62677,49
345,10,214579,69
346,10,2610636,46
347,10,2807,44
348,10,41099,40
349,10,1985,48
350,10,7833,43
351,10,2776,44
352,10,236,45
353,10,165820,40
354,10,58357,56
355,10,55102,42
356,10,246912,72
357,10,5474654,55
358,10,169298,45
359,10,10041,53
360,10,8988,43
361,10,7421,45
362,10,58044,39
363,10,6023,43
364,10,2379,43
365,10,446771,43
366,10,1081981,48
367,10,106246,49
368,10,516207,64
369,10,546872,51
370,10,259523,44
371,10,78849,60
372,10,3405,44
373,10,83819,49
374,10,263597,56
375,10,269,45
376,10,2224050,53
377,10,197975,44
378,10,27001,43
379,10,12775,44
380,10,595012,43
381,10,114253,43
382,10,185,45
383,10,60451,43
384,10,1503,49
385,10,10650,44
386,10,9320,40
387,10,4329,50
388,10,10928,43
389,10,1130,40
390,10,515,50
391,10,94467,48
392,10,1363,45
393,10,3703,43
394,10,138472,59
395,10,1324,49
396,10,3794,45
397,10,70861,58
398,10,1375575,47
399,10,5325,43
400,10,3110,49
401,10,21039,43
402,10,4177,48
403,10,3502,53
404,10,4927,43
405,10,9804,49
406,10,6652,53
407,10,745279,64
408,10,139838,55
409,10,148084,45
410,10,25742,43
411,10,96204,64
412,10,228,50
413,10,4538,44
414,10,49951,40
415,10,1071,45
416,10,53950,44
417,10,7837,45
418,10,9720,50
419,10,1245,44
420,10,18886,44
421,10,22158,40
422,10,77389,45
423,10,27644,45
424,10,96046,40
425,10,494498,55
426,10,455539,39
427,10,2133858,114
428,10,1102122,117
429,10,29939,46
430,10,754438,51
431,10,14644,58
432,10,77154,49
433,10,310805,55
434,10,98866,44
435,10,83556,44
436,10,114183,45
437,10,172,55
438,10,46145,42
439,10,351075,39
440,10,46758,54
441,10,12602,44
442,10,5036,40
443,10,147420,49
444,10,36388,47
445,10,327593,50
446,10,625227,80
447,10,4542,45
448,10,2639641,56
449,10,57218,44
450,10,51138,44
451,10,32234,40
452,10,9706,44
453,10,7537,45
454,10,107553,85
455,10,158218,50
456,10,7458,44
457,10,250600,48
458,10,186998,71
459,10,21071,48
460,10,16330,52
461,10,223136,45
462,10,891,45
463,10,126943,44
464,10,89215,56
465,10,509766,81
466,10,1190,50
467,10,449519,49
468,10,131189,54
469,10,83036,53
470,10,12694,43
471,10,6392,44
472,10,3819,48
473,10,117386,44
474,10,17971,42
475,10,546997,49
476,10,24661,68
477,10,81483,44
478,10,619353,50
479,10,8849,48
480,10,162005,55
481,10,16971,57
482,10,25663,50
483,10,119158,55
484,10,215822,45
485,10,28026,44
486,10,346253,51
487,10,113419,43
488,10,1993,55
489,10,128854,39
490,10,452,50
491,10,21148,55
492,10,179929,40
493,10,33723,55
494,10,133948,39
495,10,2829,40
496,10,40864,45
497,10,77938,39
498,10,660,40
499,10,531,40
500,10,19628,40
501,10,46447,40
502,10,24123,39
503,10,50707,48
504,10,401726,45
505,10,437,49
506,10,20395,50
507,10,5882,43
508,10,57743,65
509,10,27693,44
510,10,41162,50
511,10,635,44
512,10,51595,54
513,10,31921,48
514,10,16996,50
515,10,5970,52
516,10,98191,45
517,10,18021,44
518,10,188799,39
519,10,363507,63
520,10,744851,55
521,10,2323,44
522,10,28083,42
523,10,12934,44
524,10,6234,49
525,10,5380,43
526,10,336793,45
527,10,214122,56
528,10,11656,54
529,10,130808,67
530,10,6399,44
531,10,5389,43
532,10,18579,44
533,10,606627,45
534,10,16731,52
535,10,13632,49
536,10,2285,49
537,10,6219,40
538,10,29927,44
539,10,4197,44
540,10,19867,40
541,10,99811,45
542,10,6280,40
543,10,14570,40
544,10,36302,40
545,10,271213,40
546,10,5102,44
547,10,17145,40
548,10,496697,39
549,10,2194,49
550,10,7145,44
551,10,43395,43
552,10,19740,45
553,10,4089,44
554,10,2363,50
555,10,35128,40
556,10,14067,44
557,10,81508,40
558,10,73743,40
559,10,7662,44
560,10,2821,44
561,10,10774,44
562,10,514,49
563,10,9373,40
564,10,1170,45
565,10,5749,45
566,10,6204,44
567,10,18518,44
568,10,49282,44
569,10,11974,44
570,10,6978,45
571,10,16174,40
572,10,4146,44
573,10,12163,39
574,10,35672,45
575,10,9005,59
576,10,9671,45
577,10,20862,49
578,10,5140,40
579,10,34075,60
580,10,9780,53
581,10,5196,40
582,10,1982,50
583,10,26908,45
584,10,1059,45
585,10,10565,58
586,10,56342,45
587,10,31607,45
588,10,47378,45
589,10,26588,50
590,10,14958,40
591,10,15193,45
592,10,1968,40
593,10,147277,49
594,10,298790,69
595,10,110234,40
596,10,20242,45
597,10,2696,45
598,10,5298,40
599,10,826,45
600,10,594,45
601,10,1658,45
602,10,18550,45
603,10,132559,60
604,10,3102,45
605,10,5405,40
606,10,185,45
607,10,8164,45
608,10,2304,54
609,10,681685,75
610,10,46754,50
611,10,6571,50
612,10,6279,45
613,10,4655,45
614,10,13719,55
615,10,574,40
616,10,2992,50
617,10,301589,91
618,10,4951,55
619,10,6660,50
620,10,4785,49
621,10,1625,45
622,10,6048,40
623,10,1685,45
624,10,1061,49
625,10,56336,55
626,10,5172,40
627,10,956,40
628,10,1733,45
629,10,4862,45
630,10,542,45
631,10,2744,40
632,10,434,45
633,10,1452,40
634,10,5656,45
635,10,560,40
636,10,854,40
637,10,911,40
638,10,1284,40
639,10,0,45
640,10,0,40
641,10,0,45
1,11,14586,42
2,11,178799,45
3,11,381694,51
4,11,65729,43
5,11,12405,42
6,11,49227,48
7,11,1448649,64
8,11,92010,48
9,11,12528,53
10,11,649753,45
11,11,36793,65
12,11,44855,56
13,11,1437635,78
14,11,79400,42
15,11,1120191,49
16,11,1102599,51
17,11,873,45
18,11,32381,44
19,11,5163784,66
20,11,1942,45
21,11,5326,48
22,11,10921,45
23,11,1824,48
24,11,168001,39
25,11,17124,57
26,11,3188765,51
27,11,8596,47
28,11,7324047,80
29,11,425531,67
30,11,102150,67
31,11,599119,49
32,11,18919,43
33,11,144509,46
34,11,6423,49
35,11,164455,40
36,11,27300,44
37,11,76658,52
38,11,1244,44
39,11,531122,44
40,11,229338,72
41,11,17183,44
42,11,38557,58
43,11,452001,46
44,11,43451,44
45,11,520520,46
46,11,53592,48
47,11,128316,52
48,11,62729,43
49,11,2342,45
50,11,24162,47
51,11,4124,48
52,11,4486,54
53,11,11211,48
54,11,320564,43
55,11,264,45
56,11,89111,39
57,11,20699,44
58,11,2588,48
59,11,2397,44
60,11,1286,53
61,11,2962,52
62,11,69450,55
63,11,1912,48
64,11,61376,50
65,11,4805,43
66,11,212134,57
67,11,9098,49
68,11,21993,45
69,11,7122,53
70,11,101174,53
71,11,19983,44
72,11,42151,44
73,11,76614,44
74,11,8268,47
75,11,7250,53
76,11,27605,44
77,11,55659,40
78,11,72494,43
79,11,14595,53
80,11,2518602,73
81,11,729615,45
82,11,6618,50
83,11,582904,44
84,11,9060,45
85,11,116039,45
86,11,16161,55
87,11,2599,48
88,11,245832,50
89,11,26568,54
90,11,5306,43
91,11,4157,45
92,11,1750,44
93,11,3802,48
94,11,36121,45
95,11,184259,59
96,11,71493,39
97,11,6519,45
98,11,2303,40
99,11,114,45
100,11,8750,40
101,11,10059,49
102,11,74694,40
103,11,168372,65
104,11,2080960,59
105,11,16498,44
106,11,539403,46
107,11,56532,50
108,11,95817,45
109,11,510137,46
110,11,76895,61
111,11,1733300,68
112,11,1075063,51
113,11,1624656,47
114,11,141722,43
115,11,13000,44
116,11,718157,57
117,11,1872,44
118,11,7245,53
119,11,5192,45
120,11,39318,50
121,11,390,45
122,11,552,40
123,11,30043,51
124,11,5196,49
125,11,29480,48
126,11,3134,45
127,11,164264,48
128,11,744178,54
129,11,82898,53
130,11,264465,59
131,11,3428,49
132,11,39256,49
133,11,129564,44
134,11,135232,48
135,11,34920,56
136,11,17635,50
137,11,19393,79
138,11,32880,39
139,11,392437,58
140,11,69516,57
141,11,47020,47
142,11,510937,76
143,11,4018,50
144,11,4032,53
145,11,243902,77
146,11,3462546,61
147,11,1087213,49
148,11,81118,57
149,11,62561,44
150,11,57089,53
151,11,4811,44
152,11,272621,45
153,11,122414,39
154,11,617,48
155,11,17270,55
156,11,27364,45
157,11,14768,45
158,11,48639,43
159,11,31312,54
160,11,2221800,74
161,11,14224,48
162,11,7065,44
163,11,3175,48
164,11,5533,44
165,11,279695,45
166,11,324218,53
167,11,279559,43
168,11,43222,52
169,11,280851,55
170,11,98093,45
171,11,18841,54
172,11,1446,45
173,11,18558,43
174,11,28294,39
175,11,13945,44
176,11,117445,40
177,11,57788,50
178,11,11476,45
179,11,596,55
180,11,42350,42
181,11,12606,53
182,11,550404,45
183,11,7683,48
184,11,6907,45
185,11,6996,53
186,11,62720,55
187,11,2478,45
188,11,6018,43
189,11,86419,55
190,11,4652,49
191,11,21962,79
192,11,7225,43
193,11,4233,43
194,11,59088,45
195,11,268351,55
196,11,1539,40
197,11,532006,41
198,11,24812,40
199,11,146193,44
200,11,5253,47
201,11,17126,45
202,11,3027,47
203,11,10521,44
204,11,8423,54
205,11,26483,55
206,11,1560,44
207,11,263077,40
208,11,33398,39
209,11,27034,45
210,11,2288993,67
211,11,137095,45
212,11,3883,57
213,11,19943,44
214,11,3505,48
215,11,38283,45
216,11,9779,43
217,11,14354,44
218,11,4277,54
219,11,137102,45
220,11,32407,50
221,11,6712,44
222,11,7876,45
223,11,7470,47
224,11,4884,44
225,11,640675,63
226,11,1193,49
227,11,44020,72
228,11,34861,45
229,11,65,50
230,11,17709,45
231,11,17302,60
232,11,10337,70
233,11,357185,61
234,11,309,45
235,11,109564,45
236,11,49074,39
237,11,1156852,43
238,11,283457,45
239,11,1191,45
240,11,23011,44
241,11,677,45
242,11,28180,52
243,11,29652,39
244,11,43601,48
245,11,14017,49
246,11,136340,55
247,11,15717,43
248,11,14405,50
249,11,28722,44
250,11,2955,40
251,11,7360,48
252,11,52443,43
253,11,754440,39
254,11,2764649,41
255,11,230713,92
256,11,2539,43
257,11,20423,43
258,11,235855,44
259,11,173256,63
260,11,10475,48
261,11,2065253,83
262,11,49393,62
263,11,5820,45
264,11,157099,69
265,11,25605,48
266,11,113512,50
267,11,30072,42
268,11,176579,43
269,11,61733,44
270,11,8714,43
271,11,144680,57
272,11,175460,44
273,11,36929,39
274,11,102239,45
275,11,56467,53
276,11,93400,59
277,11,84280,52
278,11,707,49
279,11,596036,80
280,11,1282513,64
281,11,1371336,54
282,11,99588,53
283,11,2730746,127
284,11,281812,67
285,11,2116211,73
286,11,86368,45
287,11,4595,48
288,11,48378,89
289,11,16510,40
290,11,31185,48
291,11,1065,49
292,11,61459,45
293,11,1386193,80
294,11,95084,50
295,11,2760956,41
296,11,46963,54
297,11,589337,88
298,11,22361,39
299,11,458427,49
300,11,290205,74
301,11,3749684,124
302,11,156434,54
303,11,155757,75
304,11,832137,100
305,11,126636,68
306,11,5882296,73
307,11,1555297,55
308,11,86016,50
309,11,29421,58
310,11,1597,40
311,11,1117868,70
312,11,941768,59
313,11,1123494,51
314,11,2154425,82
315,11,182018,57
316,11,11386,43
317,11,455,45
318,11,8989666,122
319,11,116955,61
320,11,19197,39
321,11,30751,45
322,11,69337,38
323,11,22157,44
324,11,57317,38
325,11,14125,48
326,11,274470,102
327,11,663380,49
328,11,79696,39
329,11,299918,48
330,11,36479,47
331,11,45199,51
332,11,54498,47
333,11,221219,98
334,11,2310,50
335,11,1710049,65
336,11,19003,51
337,11,11188,43
338,11,22123,49
339,11,56484,40
340,11,554104,73
341,11,18882,43
342,11,881184,45
343,11,182716,39
344,11,58635,48
345,11,168966,69
346,11,2638355,46
347,11,2799,44
348,11,43236,39
349,11,1943,48
350,11,7632,43
351,11,2675,44
352,11,234,45
353,11,158678,40
354,11,57165,56
355,11,53914,42
356,11,236721,73
357,11,5898774,56
358,11,167634,45
359,11,9228,53
360,11,8943,43
361,11,7147,45
362,11,59057,39
363,11,5996,43
364,11,2360,43
365,11,475573,43
366,11,1078979,48
367,11,98576,49
368,11,534158,63
369,11,700811,52
370,11,248606,44
371,11,72356,60
372,11,3524,44
373,11,81381,49
374,11,404757,56
375,11,266,45
376,11,2217351,53
377,11,195102,44
378,11,26926,43
379,11,12835,44
380,11,586525,43
381,11,99708,43
382,11,181,45
383,11,60308,43
384,11,1468,49
385,11,11462,44
386,11,8978,40
387,11,4358,50
388,11,10757,43
389,11,1094,40
390,11,504,50
391,11,93778,48
392,11,1341,45
393,11,3738,43
394,11,127873,58
395,11,1293,49
396,11,3605,45
397,11,65902,58
398,11,1340776,47
399,11,5292,43
400,11,3055,49
401,11,20983,43
402,11,4020,48
403,11,3368,53
404,11,4839,43
405,11,9655,49
406,11,6483,52
407,11,692965,64
408,11,132945,55
409,11,144299,45
410,11,25153,43
411,11,97339,64
412,11,224,50
413,11,4520,44
414,11,47900,40
415,11,1037,45
416,11,51372,44
417,11,7732,45
418,11,9069,50
419,11,1207,44
420,11,18851,44
421,11,21505,40
422,11,76766,45
423,11,27788,45
424,11,94165,40
425,11,624551,55
426,11,459153,39
427,11,2233708,114
428,11,1267541,117
429,11,70366,46
430,11,1110715,52
431,11,14840,58
432,11,87166,49
433,11,301938,55
434,11,93732,44
435,11,79982,44
436,11,131650,45
437,11,169,55
438,11,44384,42
439,11,349179,39
440,11,48012,54
441,11,12422,44
442,11,4915,40
443,11,182492,49
444,11,36307,47
445,11,271676,50
446,11,530591,80
447,11,4396,45
448,11,2607340,55
449,11,55045,44
450,11,62414,43
451,11,32037,40
452,11,9508,44
453,11,7334,45
454,11,102802,85
455,11,161572,50
456,11,7244,44
457,11,267408,48
458,11,182809,71
459,11,23331,48
460,11,15783,52
461,11,216966,45
462,11,869,45
463,11,109608,44
464,11,84186,56
465,11,596908,82
466,11,1174,50
467,11,433897,49
468,11,121977,54
469,11,76211,53
470,11,12789,43
471,11,6509,44
472,11,3822,48
473,11,116108,44
474,11,17904,42
475,11,593087,49
476,11,23720,68
477,11,110661,44
478,11,721289,50
479,11,8561,48
480,11,159112,55
481,11,16989,57
482,11,36182,50
483,11,128713,55
484,11,321307,45
485,11,26802,44
486,11,288883,50
487,11,117015,43
488,11,1961,55
489,11,156361,39
490,11,369,50
491,11,22350,55
492,11,177308,40
493,11,33596,55
494,11,139654,39
495,11,2764,40
496,11,38805,45
497,11,80611,39
498,11,649,40
499,11,519,40
500,11,19110,40
501,11,46314,40
502,11,22239,39
503,11,50009,48
504,11,373223,45
505,11,429,49
506,11,20149,50
507,11,5783,43
508,11,53115,65
509,11,26895,44
510,11,42119,50
511,11,656,44
512,11,49847,54
513,11,31865,48
514,11,16399,50
515,11,5684,52
516,11,88665,45
517,11,17672,43
518,11,195442,39
519,11,349884,63
520,11,893853,55
521,11,2195,44
522,11,27384,42
523,11,13748,44
524,11,6011,49
525,11,5088,43
526,11,336232,45
527,11,196579,56
528,11,10206,54
529,11,240130,68
530,11,6032,44
531,11,5403,43
532,11,18523,44
533,11,613565,45
534,11,15822,52
535,11,13037,49
536,11,2321,49
537,11,6075,40
538,11,87905,44
539,11,4198,44
540,11,19151,40
541,11,92963,45
542,11,6143,40
543,11,14081,40
544,11,36152,40
545,11,273295,40
546,11,5131,44
547,11,17253,40
548,11,499751,39
549,11,2153,49
550,11,6819,44
551,11,41400,43
552,11,19535,45
553,11,4062,44
554,11,2508,50
555,11,35238,40
556,11,13661,44
557,11,80505,40
558,11,72992,40
559,11,7775,44
560,11,2851,44
561,11,10193,44
562,11,519,49
563,11,9660,40
564,11,1206,45
565,11,5362,45
566,11,5549,44
567,11,17272,44
568,11,46901,44
569,11,11569,44
570,11,7184,45
571,11,16194,40
572,11,3984,44
573,11,12782,39
574,11,46036,45
575,11,7619,59
576,11,14362,45
577,11,21368,49
578,11,5202,40
579,11,34090,60
580,11,9299,53
581,11,5305,40
582,11,2023,50
583,11,25329,45
584,11,1105,45
585,11,14331,58
586,11,63325,45
587,11,23322,45
588,11,46981,45
589,11,26834,50
590,11,15063,40
591,11,15749,45
592,11,2070,40
593,11,153850,49
594,11,211233,68
595,11,110735,40
596,11,21259,45
597,11,2605,45
598,11,5027,40
599,11,784,45
600,11,629,45
601,11,1741,45
602,11,17734,45
603,11,149982,60
604,11,3281,45
605,11,5751,40
606,11,181,45
607,11,8049,45
608,11,1649,54
609,11,975801,76
610,11,57450,50
611,11,6691,50
612,11,6798,45
613,11,3903,44
614,11,10281,55
615,11,558,40
616,11,3045,50
617,11,296110,91
618,11,6585,55
619,11,6793,50
620,11,3772,49
621,11,1806,45
622,11,7728,40
623,11,1796,45
624,11,1015,49
625,11,76213,55
626,11,5635,40
627,11,1079,40
628,11,2528,45
629,11,4952,45
630,11,595,45
631,11,3352,40
632,11,390,45
633,11,1807,40
634,11,8356,45
635,11,804,40
636,11,1505,40
637,11,1450,40
638,11,2292,40
639,11,138,45
640,11,760,40
641,11,111,45
642,11,0,40
643,11,0,45
2,12,171874,45
21,12,5357,48
29,12,424077,67
30,12,104260,67
31,12,578200,49
32,12,18869,43
33,12,129072,46
34,12,6301,49
35,12,160434,40
36,12,26275,44
37,12,74606,52
38,12,1208,44
39,12,477248,44
40,12,245548,72
41,12,21102,43
42,12,37856,58
43,12,463000,46
44,12,43099,44
45,12,482452,46
46,12,52471,48
47,12,121105,52
48,12,59213,43
49,12,2260,45
50,12,23810,47
51,12,4000,48
52,12,4405,54
53,12,10701,48
54,12,304026,43
55,12,257,45
56,12,91439,39
57,12,25087,44
58,12,2533,48
59,12,3173,44
60,12,1268,53
61,12,2966,52
62,12,64300,55
63,12,1896,48
64,12,70249,49
65,12,4976,43
66,12,603220,58
67,12,8994,49
68,12,20092,45
69,12,7685,53
70,12,231650,53
71,12,27186,44
72,12,40635,44
73,12,69521,44
74,12,8298,47
75,12,7325,53
76,12,26229,44
77,12,53659,40
78,12,59380,43
79,12,13999,53
80,12,2904846,74
81,12,719021,45
82,12,9629,50
83,12,503121,44
84,12,12090,45
85,12,115291,45
86,12,15828,55
87,12,2633,48
88,12,220487,50
89,12,24531,54
90,12,5439,43
91,12,4024,45
92,12,3034,44
93,12,4573,48
94,12,34440,45
95,12,167516,59
96,12,68655,39
97,12,6181,45
98,12,2227,40
99,12,112,45
100,12,8301,40
101,12,11193,49
102,12,71159,40
103,12,218211,65
104,12,2006332,58
105,12,16138,44
106,12,814847,46
107,12,59718,50
108,12,138870,45
109,12,633725,47
110,12,72915,61
111,12,2758825,69
112,12,1121437,51
113,12,1660562,47
114,12,136596,43
115,12,11904,44
116,12,708588,57
117,12,1794,44
118,12,6709,53
119,12,5124,45
120,12,39006,50
121,12,381,45
122,12,536,40
123,12,29437,51
124,12,4422,49
125,12,28831,48
126,12,3002,45
127,12,172507,48
128,12,763114,54
129,12,81857,53
130,12,262731,59
131,12,3358,49
132,12,39716,49
133,12,292006,44
134,12,131197,48
135,12,33380,56
136,12,18551,50
137,12,19302,79
138,12,30840,39
139,12,684863,59
140,12,70452,57
141,12,90822,47
142,12,1777203,77
143,12,3971,50
144,12,3971,53
145,12,265054,77
146,12,2067487,60
147,12,1005715,49
148,12,79257,57
149,12,57802,44
150,12,55019,53
151,12,4681,44
152,12,402586,45
153,12,122713,39
154,12,562,48
155,12,16930,55
156,12,74526,45
157,12,13971,45
158,12,56653,43
159,12,32215,54
160,12,2666457,75
161,12,14497,48
162,12,6828,44
163,12,2960,48
164,12,5465,44
165,12,414500,45
166,12,349820,53
167,12,441241,44
168,12,43993,52
169,12,344181,56
170,12,102162,45
171,12,18978,54
172,12,1398,45
173,12,17503,43
174,12,26422,39
175,12,13941,44
176,12,121710,40
177,12,57800,50
178,12,12516,45
179,12,604,54
180,12,42019,42
181,12,12418,53
182,12,541310,45
183,12,7437,48
184,12,6550,45
185,12,6980,53
186,12,76526,55
187,12,2397,45
188,12,5836,43
189,12,84357,55
190,12,4648,49
191,12,24245,79
192,12,7226,43
193,12,4125,43
194,12,56993,45
195,12,234249,54
196,12,1487,40
197,12,410947,40
198,12,23570,40
199,12,148982,44
200,12,5226,47
201,12,15661,45
202,12,2785,47
203,12,9767,44
204,12,8106,54
205,12,22994,55
206,12,1515,44
207,12,239122,40
208,12,31004,39
209,12,23007,45
210,12,3021894,67
211,12,124832,45
212,12,4623,57
213,12,19505,44
214,12,3344,48
215,12,29598,45
216,12,14756,43
217,12,14301,44
218,12,4174,54
219,12,119043,45
220,12,31729,50
221,12,7368,44
222,12,8606,45
223,12,7374,47
224,12,4567,44
225,12,699104,63
226,12,1231,49
227,12,57732,72
228,12,33429,45
229,12,65,50
230,12,18305,45
231,12,17676,60
232,12,10277,70
233,12,339370,60
234,12,295,45
235,12,151123,45
236,12,54600,39
237,12,1037400,43
238,12,280223,45
239,12,1466,45
240,12,22117,44
241,12,652,45
242,12,26614,52
243,12,27518,39
244,12,50114,48
245,12,13038,49
246,12,137356,55
247,12,15557,43
248,12,14230,50
249,12,24780,44
250,12,2801,40
251,12,7293,48
252,12,54064,43
253,12,737066,39
254,12,2723920,41
255,12,240577,92
256,12,2480,43
257,12,21527,43
258,12,577880,45
259,12,180769,63
260,12,10260,48
261,12,784777,82
262,12,48479,61
263,12,5557,45
264,12,245024,69
265,12,24499,48
266,12,109074,50
267,12,29320,42
268,12,219143,43
269,12,60198,44
270,12,8845,43
271,12,157282,57
272,12,132789,44
273,12,37111,39
274,12,99729,44
275,12,56479,53
276,12,86334,59
277,12,89579,52
278,12,704,49
279,12,1348438,81
280,12,1733887,64
281,12,1515650,54
282,12,100060,53
283,12,4291826,127
284,12,566164,67
285,12,2177794,72
286,12,234889,45
287,12,4501,48
288,12,43343,89
289,12,16108,40
290,12,30407,48
291,12,1098,49
292,12,50596,45
293,12,1053313,79
294,12,101236,50
295,12,2566835,41
296,12,47592,54
297,12,704853,88
298,12,22633,39
304,12,890935,99
321,12,26835,45
326,12,311791,102
327,12,648238,49
328,12,78031,39
329,12,313939,48
330,12,35766,47
331,12,45520,51
332,12,62738,47
333,12,229432,98
334,12,2300,50
335,12,1673277,66
336,12,18555,51
337,12,11207,43
338,12,21347,49
339,12,52750,40
340,12,535783,73
341,12,18081,43
342,12,913089,46
343,12,165695,39
344,12,54677,48
345,12,117002,68
346,12,2605932,46
347,12,2722,44
348,12,43939,39
349,12,2088,48
350,12,6875,43
351,12,2583,44
352,12,231,45
353,12,142880,40
354,12,56241,56
355,12,51210,42
356,12,408887,73
357,12,6403411,57
358,12,183870,45
359,12,9038,53
360,12,9000,43
361,12,6851,45
362,12,57325,39
363,12,5978,43
364,12,2295,43
365,12,474744,43
366,12,1405101,48
367,12,104777,49
368,12,456746,63
369,12,1004630,52
370,12,239080,44
371,12,80299,59
372,12,3687,44
373,12,75269,49
374,12,566555,57
375,12,260,45
376,12,2275676,53
377,12,225331,44
378,12,26325,43
379,12,12678,44
380,12,560933,43
381,12,81998,43
382,12,174,45
383,12,56840,43
384,12,1437,49
385,12,11089,44
386,12,8493,40
387,12,4436,50
388,12,10344,43
389,12,1061,40
390,12,493,50
391,12,92137,48
392,12,1312,45
393,12,3728,43
394,12,112356,58
395,12,1271,49
396,12,3385,45
397,12,60512,57
398,12,1221101,47
399,12,5212,43
400,12,3056,49
401,12,20726,43
402,12,3877,48
403,12,3287,53
404,12,4739,43
405,12,9485,48
406,12,6639,52
407,12,688893,64
408,12,126571,55
409,12,146426,45
410,12,24257,43
411,12,107745,64
412,12,222,50
413,12,4523,44
414,12,44738,40
415,12,993,45
416,12,47036,44
417,12,15175,44
418,12,8469,50
419,12,1272,44
420,12,20085,44
421,12,20442,40
422,12,77513,45
423,12,23421,45
424,12,91265,40
425,12,605761,55
426,12,438967,39
427,12,3054404,115
428,12,1453523,118
429,12,88469,46
430,12,1248264,53
431,12,15766,58
432,12,96124,49
433,12,358349,55
434,12,87971,44
435,12,75304,44
436,12,118019,45
437,12,169,55
438,12,42368,42
439,12,330509,39
440,12,50847,54
441,12,11900,44
442,12,4686,40
443,12,204810,49
444,12,35664,47
445,12,221029,49
446,12,478982,80
447,12,4188,45
448,12,2701940,55
449,12,52800,44
450,12,81363,43
451,12,31380,40
452,12,9286,44
453,12,7027,45
454,12,81344,85
455,12,149548,50
456,12,7070,44
457,12,248750,48
458,12,172458,71
459,12,20157,48
460,12,15468,52
461,12,168447,45
462,12,848,45
463,12,93838,43
464,12,83174,56
465,12,573852,82
466,12,1157,50
467,12,441911,48
468,12,110998,53
469,12,67155,52
470,12,23933,43
471,12,6572,44
472,12,3811,48
473,12,113578,44
474,12,17573,42
475,12,672508,49
476,12,23182,68
477,12,119189,44
478,12,829129,51
479,12,8472,47
480,12,188131,55
481,12,16973,57
482,12,37884,50
483,12,119631,55
484,12,399987,46
485,12,25428,44
486,12,255436,50
487,12,127064,43
488,12,1943,55
489,12,202592,39
490,12,381,50
491,12,25872,55
492,12,172405,40
493,12,31973,55
494,12,136984,39
495,12,2645,40
496,12,35850,45
497,12,77331,39
498,12,634,40
499,12,513,40
500,12,18362,40
501,12,44151,40
503,12,48455,48
504,12,326421,44
505,12,437,49
506,12,20355,50
507,12,5711,43
508,12,69908,65
509,12,41016,43
510,12,35493,50
511,12,796,44
512,12,50310,54
513,12,31397,48
514,12,15855,50
515,12,5617,52
516,12,86481,45
517,12,16572,43
518,12,195026,39
519,12,309960,63
520,12,952315,55
521,12,2075,44
522,12,26559,42
523,12,13483,44
524,12,5354,49
525,12,4903,43
526,12,371047,45
527,12,184682,55
528,12,10004,54
529,12,210733,68
530,12,5769,44
531,12,5403,43
532,12,18110,44
533,12,615853,45
534,12,15334,52
535,12,12685,49
536,12,2354,49
537,12,5891,40
538,12,181659,44
539,12,4207,44
540,12,18250,40
541,12,83440,45
542,12,5886,40
543,12,13469,40
544,12,34198,40
545,12,256431,40
546,12,5067,44
547,12,17333,40
548,12,488998,39
549,12,2157,48
550,12,6408,44
551,12,38287,43
552,12,18915,45
553,12,3991,44
554,12,2605,50
555,12,35467,40
556,12,13224,44
557,12,79676,40
558,12,93768,39
559,12,7370,44
560,12,2889,44
561,12,9666,44
562,12,506,49
563,12,9842,40
564,12,1206,45
565,12,5133,45
566,12,5470,44
567,12,17081,44
568,12,45047,44
569,12,12093,43
570,12,7125,45
571,12,16165,40
572,12,3806,44
574,12,49318,45
575,12,6883,59
576,12,21850,45
577,12,21458,49
578,12,5302,40
579,12,31422,60
580,12,8719,53
581,12,5322,40
582,12,2113,50
583,12,23858,45
584,12,1118,45
585,12,15182,58
586,12,70966,45
588,12,39586,45
589,12,25205,50
590,12,15137,40
591,12,15868,45
592,12,2125,40
593,12,154139,49
594,12,155904,68
595,12,102590,40
596,12,21689,45
597,12,2483,45
598,12,4750,40
601,12,1853,45
602,12,13884,44
603,12,138841,60
604,12,3407,45
605,12,6037,40
606,12,177,45
608,12,1668,54
609,12,1114041,76
611,12,6712,50
612,12,10058,45
613,12,3321,44
614,12,9915,55
615,12,550,40
616,12,3157,50
617,12,396729,91
618,12,5902,55
619,12,6576,50
620,12,3409,48
621,12,2037,45
622,12,8593,40
623,12,2203,45
624,12,969,49
625,12,73237,55
626,12,5993,40
627,12,1191,40
628,12,2212,45
629,12,6160,45
632,12,531,45
633,12,2691,40
634,12,9639,45
635,12,1172,40
636,12,1963,40
637,12,1916,40
638,12,3328,40
639,12,214,45
640,12,1676,40
641,12,240,45
642,12,1049,40
643,12,65,45
644,12,0,40
645,12,0,40
1,13,14516,42
2,13,173006,45
3,13,368620,51
4,13,60967,43
5,13,12380,42
6,13,53204,48
7,13,1427964,64
8,13,90247,48
9,13,12333,53
10,13,732343,45
11,13,36526,65
12,13,43037,56
13,13,1663523,79
14,13,91333,42
15,13,1120866,49
16,13,1100829,51
17,13,857,45
18,13,30321,44
19,13,5227821,67
20,13,1901,45
21,13,5023,48
22,13,10468,45
23,13,1914,48
24,13,167134,39
25,13,16219,57
26,13,3326482,51
27,13,8520,47
28,13,6433484,80
29,13,408934,66
30,13,99612,66
31,13,563124,49
32,13,18754,43
33,13,126678,46
34,13,6254,49
35,13,159890,40
36,13,27249,43
37,13,73119,52
38,13,1201,44
39,13,456354,44
40,13,206915,72
41,13,19805,43
42,13,36961,58
43,13,446308,46
44,13,41262,44
45,13,473469,46
46,13,47330,48
47,13,116637,52
48,13,61226,43
49,13,2242,45
50,13,23614,47
51,13,3933,48
52,13,4376,54
53,13,10531,48
54,13,315584,43
55,13,253,45
56,13,89421,39
57,13,20051,44
58,13,2574,48
59,13,2724,44
60,13,1242,53
61,13,2959,52
62,13,62549,54
63,13,1880,48
64,13,65233,49
65,13,4768,43
66,13,384195,58
67,13,8697,49
68,13,20419,44
69,13,6730,53
70,13,158835,53
71,13,18390,44
72,13,40092,43
73,13,68453,44
74,13,8274,47
75,13,7131,53
76,13,22927,44
77,13,53012,40
78,13,58302,43
79,13,13724,53
80,13,2952473,74
81,13,841367,46
82,13,9035,50
83,13,509370,44
84,13,11331,45
85,13,127063,45
86,13,15975,55
87,13,2637,48
88,13,222939,50
89,13,23708,54
90,13,6178,43
91,13,3978,45
92,13,3954,44
93,13,4488,48
94,13,34435,45
95,13,165452,58
96,13,69193,39
97,13,6163,45
98,13,2224,40
99,13,110,45
100,13,8311,40
101,13,10610,49
102,13,72170,40
103,13,150076,65
104,13,1802915,57
105,13,15931,44
106,13,589847,47
107,13,55304,50
108,13,108337,45
109,13,510482,47
110,13,69955,61
111,13,1775474,68
112,13,1061629,51
113,13,1513448,47
114,13,134404,43
115,13,11768,44
116,13,602883,56
117,13,1876,44
118,13,6474,53
119,13,5240,45
120,13,37197,50
121,13,376,45
122,13,533,40
123,13,29415,51
124,13,4237,49
125,13,28954,48
126,13,2974,45
127,13,172333,48
128,13,723623,54
129,13,81150,53
130,13,259617,59
131,13,3327,49
132,13,40341,49
133,13,313370,45
134,13,129204,48
135,13,33379,56
136,13,18821,50
137,13,19216,79
138,13,30845,39
139,13,457361,59
140,13,66063,57
141,13,78536,47
142,13,1133200,77
143,13,3940,50
144,13,3928,53
145,13,232591,77
146,13,1833198,59
147,13,963620,49
148,13,71461,57
149,13,58291,44
150,13,56233,53
151,13,4637,44
152,13,325478,45
153,13,123668,39
154,13,551,48
155,13,16771,55
156,13,49148,45
157,13,13524,45
158,13,52106,43
159,13,30270,54
160,13,2545331,75
161,13,14562,48
162,13,6773,44
163,13,2953,48
164,13,5476,44
165,13,344485,45
166,13,370578,54
167,13,394681,44
168,13,43070,52
169,13,515644,57
170,13,98156,45
171,13,21592,54
172,13,1402,45
173,13,17736,43
174,13,26954,39
175,13,13718,44
176,13,118641,40
177,13,57572,50
178,13,13193,45
179,13,642,54
180,13,41521,42
181,13,12303,53
182,13,560630,45
183,13,7310,48
184,13,6471,45
185,13,6965,53
186,13,81274,55
187,13,2380,45
188,13,5789,43
189,13,87408,55
190,13,4675,49
191,13,25835,79
192,13,7579,43
193,13,4097,43
194,13,60343,45
195,13,233407,54
196,13,1484,40
197,13,437198,40
198,13,23372,40
199,13,154713,44
200,13,5172,47
201,13,16004,45
202,13,2665,47
203,13,10068,44
204,13,8856,54
205,13,21511,55
206,13,1499,44
207,13,239364,40
208,13,30888,39
209,13,18907,45
210,13,2725040,68
211,13,139783,45
212,13,4703,57
213,13,19272,44
214,13,3287,48
215,13,28795,45
216,13,13245,43
217,13,14153,44
218,13,4128,54
219,13,118689,45
220,13,31450,50
221,13,7117,44
222,13,8197,45
223,13,7284,47
224,13,4622,44
225,13,635311,63
226,13,1197,49
227,13,47991,72
228,13,33286,44
229,13,64,50
230,13,17643,45
231,13,14981,60
232,13,10235,70
233,13,314914,60
234,13,294,45
235,13,104640,45
236,13,58502,39
237,13,1051264,43
238,13,272875,45
239,13,1594,45
240,13,22412,44
241,13,657,45
242,13,26263,52
243,13,27456,39
244,13,45430,48
245,13,12584,49
246,13,132417,55
247,13,15162,43
248,13,14133,50
249,13,23470,44
250,13,2797,40
251,13,7263,47
252,13,53730,43
253,13,730160,39
254,13,2792445,41
255,13,216314,91
256,13,2456,43
257,13,22880,43
258,13,438169,45
259,13,165754,63
260,13,10091,48
261,13,1006509,82
262,13,46921,61
263,13,5510,45
264,13,180799,69
265,13,24040,48
266,13,111228,50
267,13,27670,42
268,13,216433,43
269,13,59700,44
270,13,8728,43
271,13,133556,57
272,13,130942,43
273,13,36968,39
274,13,101830,44
275,13,57770,53
276,13,83252,59
277,13,94322,52
278,13,752,49
279,13,1039303,81
280,13,1628769,64
281,13,1632184,54
282,13,100004,53
283,13,3635813,128
284,13,425004,67
285,13,2183350,72
286,13,330538,46
287,13,4449,47
288,13,36046,89
289,13,16572,40
290,13,27009,48
291,13,1219,49
292,13,65460,45
293,13,953479,79
294,13,106353,50
295,13,2660289,41
296,13,52911,54
297,13,724351,88
298,13,23346,39
299,13,391879,49
300,13,258416,74
301,13,3172794,123
302,13,146857,54
303,13,153824,75
304,13,669834,98
305,13,122607,68
306,13,5929322,73
307,13,1475971,54
308,13,94132,50
309,13,31031,58
310,13,1534,40
311,13,949707,69
312,13,912637,59
313,13,949323,50
314,13,2933177,84
315,13,177499,57
316,13,12428,43
317,13,440,45
318,13,8983808,122
319,13,109686,60
320,13,17627,39
321,13,27262,45
322,13,84230,38
323,13,21175,44
324,13,72688,38
325,13,13598,48
326,13,254857,102
327,13,658687,49
328,13,78643,39
329,13,324417,48
330,13,35280,47
331,13,52573,51
332,13,70260,47
333,13,240050,98
334,13,2286,50
335,13,1689611,66
336,13,18327,51
337,13,11066,43
338,13,21220,49
339,13,52596,40
340,13,522432,73
341,13,17820,43
342,13,998087,46
343,13,166633,39
344,13,54149,48
345,13,93101,67
346,13,2707665,46
347,13,2755,44
348,13,45235,39
349,13,2102,48
350,13,6645,43
351,13,2553,44
352,13,230,45
353,13,145700,39
354,13,55388,56
355,13,51121,42
356,13,230515,73
357,13,6355674,57
358,13,178443,45
359,13,8773,52
360,13,8980,43
361,13,6816,45
362,13,55377,39
363,13,5824,43
364,13,2283,43
365,13,495200,43
366,13,1260723,49
367,13,90933,49
368,13,410286,63
369,13,1154535,53
370,13,248156,44
371,13,64271,59
372,13,3711,44
373,13,72304,49
374,13,555361,57
375,13,259,45
376,13,2175287,53
377,13,231465,44
378,13,26959,43
379,13,12834,44
380,13,560608,43
381,13,84860,43
382,13,174,45
383,13,57166,43
384,13,1423,49
385,13,11332,44
386,13,8439,40
387,13,4504,50
388,13,10253,43
389,13,1054,40
390,13,487,50
391,13,91477,48
392,13,1304,45
393,13,3732,43
394,13,106585,57
395,13,1261,49
396,13,3380,45
397,13,57924,57
398,13,1248615,47
399,13,5213,43
400,13,3014,49
401,13,20476,43
402,13,3836,48
403,13,3230,53
404,13,4651,43
405,13,9250,48
406,13,6422,52
407,13,639948,63
408,13,120875,55
409,13,124151,45
410,13,24103,43
411,13,97494,64
412,13,222,50
413,13,4497,44
414,13,44630,40
415,13,999,45
416,13,52049,43
417,13,18540,44
418,13,8338,50
419,13,1203,44
420,13,19628,44
421,13,20375,40
422,13,74885,45
423,13,20771,45
424,13,90991,40
425,13,605930,55
426,13,453054,39
427,13,2348999,115
428,13,1128769,118
429,13,84819,46
430,13,1204042,53
431,13,16195,58
432,13,94311,49
433,13,359209,56
434,13,87953,44
435,13,74619,44
436,13,117087,45
437,13,168,55
438,13,41918,42
439,13,336019,39
440,13,50455,54
441,13,12044,44
442,13,4683,40
443,13,199442,49
444,13,35848,47
445,13,233675,49
446,13,455425,80
447,13,4176,45
448,13,2614550,55
449,13,52777,44
450,13,75725,43
451,13,31371,40
452,13,9268,44
453,13,7038,45
454,13,74634,84
455,13,167205,50
456,13,7079,44
457,13,278345,48
458,13,170352,71
459,13,19389,48
460,13,15220,52
461,13,187618,45
462,13,843,45
463,13,91379,43
464,13,83745,56
465,13,584749,82
466,13,1151,50
467,13,458629,48
468,13,111783,53
469,13,67048,52
470,13,20536,43
471,13,7067,44
472,13,3797,48
473,13,113081,44
474,13,17540,42
475,13,638067,49
476,13,22684,68
477,13,105544,44
478,13,793110,51
479,13,8357,47
480,13,179094,55
481,13,16783,57
482,13,34146,50
483,13,115116,54
484,13,342211,46
485,13,25311,44
486,13,247678,50
487,13,113993,43
488,13,1930,55
489,13,170725,39
490,13,437,50
491,13,34048,55
492,13,172573,40
493,13,29771,55
494,13,136295,39
495,13,2647,40
496,13,35666,45
497,13,79349,39
498,13,632,40
499,13,509,40
500,13,18332,40
501,13,44664,40
502,13,21140,39
503,13,47853,48
504,13,309224,44
505,13,444,49
506,13,20206,50
507,13,5577,43
508,13,59281,65
509,13,41308,43
510,13,32525,50
511,13,665,44
512,13,47956,54
513,13,30931,48
514,13,14842,50
515,13,5603,52
516,13,86953,45
517,13,16201,43
518,13,201109,39
519,13,302659,63
520,13,894717,55
521,13,2053,44
522,13,26438,42
523,13,11597,44
524,13,5169,49
525,13,4811,43
526,13,437663,45
527,13,179604,55
528,13,9516,54
529,13,240591,68
530,13,5665,44
531,13,5386,43
532,13,17964,44
533,13,636106,45
534,13,15252,52
535,13,12063,49
536,13,2411,49
537,13,5859,40
538,13,133813,44
539,13,4185,44
540,13,18077,40
541,13,82992,45
542,13,5882,40
543,13,13410,40
544,13,34837,40
545,13,251970,40
546,13,5078,44
547,13,17133,40
548,13,495780,39
549,13,2393,48
550,13,6370,44
551,13,38686,43
552,13,18976,45
553,13,4114,44
554,13,2647,50
555,13,36171,39
556,13,13210,44
557,13,78955,40
558,13,137125,39
559,13,7060,44
560,13,3128,44
561,13,9663,44
562,13,515,49
563,13,9909,40
564,13,1216,44
565,13,5077,45
566,13,5343,44
567,13,16724,44
568,13,44642,44
569,13,12380,43
570,13,7315,45
571,13,16066,40
572,13,3788,44
573,13,12619,39
574,13,40410,45
575,13,6707,59
576,13,14346,45
577,13,22200,49
578,13,5288,40
579,13,29551,60
580,13,8467,52
581,13,5342,40
582,13,2122,50
583,13,24193,45
584,13,1144,45
585,13,13181,58
586,13,54816,45
587,13,14673,45
588,13,45956,45
589,13,24205,50
590,13,15036,40
591,13,15794,45
592,13,2139,40
593,13,160175,49
594,13,144501,67
595,13,118221,40
596,13,24087,45
597,13,2450,45
598,13,4711,40
599,13,751,45
600,13,671,45
601,13,1854,45
602,13,13175,44
603,13,107123,60
604,13,3462,45
605,13,6285,40
606,13,177,45
607,13,8153,45
608,13,1385,54
609,13,1053378,76
610,13,73658,50
611,13,6786,50
612,13,9516,45
613,13,3241,44
614,13,11000,55
615,13,540,40
616,13,3163,50
617,13,191255,90
618,13,5746,55
619,13,6667,50
620,13,3244,48
621,13,2018,45
622,13,8097,40
623,13,2400,45
624,13,1002,48
625,13,70207,55
626,13,6039,40
627,13,1447,40
628,13,2677,45
629,13,7462,45
630,13,690,45
631,13,4174,40
632,13,520,45
633,13,2322,40
634,13,11359,45
635,13,1269,40
636,13,1967,40
637,13,2292,40
638,13,3054,40
639,13,241,45
640,13,1882,40
641,13,215,45
642,13,1208,40
643,13,98,45
644,13,299,40
645,13,127,40
646,13,0,40
647,13,0,45
648,13,0,45
1,14,14398,42
2,14,171453,45
3,14,438068,51
4,14,64887,42
5,14,12264,42
6,14,52188,48
7,14,1406616,64
8,14,90458,48
9,14,12199,53
10,14,878886,46
11,14,36550,65
12,14,41905,56
13,14,1906911,80
14,14,98696,42
15,14,1141584,49
16,14,1127571,51
17,14,842,45
18,14,29107,44
19,14,5264772,68
20,14,1866,45
21,14,4878,48
22,14,10207,45
23,14,1982,48
24,14,163119,39
25,14,15579,57
26,14,3476167,52
27,14,8302,47
28,14,6337194,80
29,14,393867,66
30,14,121391,66
31,14,549370,49
32,14,18823,42
33,14,122239,46
34,14,6125,49
35,14,157904,40
36,14,30543,43
37,14,69556,51
38,14,1183,44
39,14,460755,43
40,14,194946,72
41,14,18950,43
42,14,36216,57
43,14,443046,46
44,14,40452,44
45,14,481742,46
46,14,46830,48
47,14,102767,52
48,14,59399,43
49,14,2188,45
50,14,23297,47
51,14,3809,48
52,14,4295,54
53,14,10160,48
54,14,309428,43
55,14,246,45
56,14,89694,39
57,14,20232,44
58,14,2563,48
59,14,2812,44
60,14,1257,53
61,14,2948,52
62,14,60395,54
63,14,1943,47
64,14,62068,49
65,14,4873,43
66,14,307451,58
67,14,8377,49
68,14,20494,44
69,14,6484,53
70,14,131929,53
71,14,17989,44
72,14,40881,43
73,14,65026,44
74,14,8318,47
75,14,6954,53
76,14,21053,44
77,14,53163,40
78,14,53227,43
79,14,13292,53
80,14,3126384,75
81,14,889931,46
82,14,10034,50
83,14,468773,43
84,14,12407,45
85,14,134107,45
86,14,15720,55
87,14,2600,48
88,14,200517,49
89,14,21433,54
90,14,6165,43
91,14,3881,45
92,14,6409,44
93,14,4409,48
94,14,32801,45
95,14,161268,58
96,14,69021,39
97,14,5978,45
98,14,2189,40
99,14,110,45
100,14,8107,40
101,14,9894,49
102,14,70734,40
103,14,135899,65
104,14,1526120,56
105,14,15666,43
106,14,577023,47
107,14,54404,50
108,14,106392,45
109,14,436947,47
110,14,62947,61
111,14,1970284,68
112,14,1005288,51
113,14,1448039,46
114,14,129811,43
115,14,11157,44
116,14,501289,55
117,14,1981,44
118,14,6158,53
119,14,5196,45
120,14,34717,50
121,14,369,45
122,14,518,40
123,14,29200,51
124,14,3983,49
125,14,29534,47
126,14,2892,45
127,14,182744,48
128,14,749501,54
129,14,80135,53
130,14,270275,59
131,14,3257,49
132,14,39000,49
133,14,424376,45
134,14,125947,48
135,14,33445,55
136,14,18972,50
137,14,19088,79
138,14,29945,39
139,14,467367,59
140,14,61745,57
141,14,103080,47
142,14,1091262,77
143,14,3910,50
144,14,3876,53
145,14,224262,77
146,14,1543251,59
147,14,888610,48
148,14,65520,57
149,14,55928,43
150,14,60398,53
151,14,4534,44
152,14,323051,45
153,14,124190,39
154,14,535,48
155,14,16482,55
156,14,45704,45
157,14,13056,45
158,14,50132,43
159,14,28513,54
160,14,2463299,76
161,14,13485,48
162,14,6605,44
163,14,2946,48
164,14,5317,44
165,14,334067,45
166,14,375711,54
167,14,380924,44
168,14,42269,52
169,14,518938,57
170,14,94769,45
171,14,20863,54
172,14,1363,45
173,14,16607,43
174,14,25899,39
175,14,13595,44
176,14,116167,40
177,14,55712,50
178,14,14496,45
179,14,628,54
180,14,40757,42
181,14,12129,53
182,14,571408,45
183,14,7067,48
184,14,6212,45
185,14,6976,53
186,14,202086,55
187,14,2309,45
188,14,5687,43
189,14,79341,54
190,14,4623,49
191,14,60079,79
192,14,7722,43
193,14,4027,43
194,14,85335,45
195,14,239026,54
196,14,1459,40
197,14,428163,40
198,14,22696,40
199,14,158867,44
200,14,5030,47
201,14,16055,45
202,14,2524,47
203,14,9959,44
204,14,8340,54
205,14,22421,55
206,14,1456,44
207,14,229387,40
208,14,29784,39
209,14,17519,45
210,14,2961649,69
211,14,144635,45
212,14,5030,57
213,14,19062,44
214,14,3163,48
215,14,26695,44
216,14,12619,43
217,14,14168,44
218,14,4047,54
219,14,110973,45
220,14,29920,50
221,14,6486,44
222,14,8222,45
223,14,6985,47
224,14,4346,44
225,14,570393,63
226,14,1295,49
227,14,43627,72
228,14,31922,44
229,14,64,50
230,14,17096,45
231,14,14677,60
232,14,10153,70
233,14,275741,59
234,14,286,45
235,14,94151,45
236,14,60703,39
237,14,1023651,42
238,14,255973,45
239,14,1758,45
240,14,22620,44
241,14,635,45
242,14,25376,52
243,14,26638,39
244,14,43068,48
245,14,11424,49
246,14,115788,55
247,14,14579,43
248,14,13936,50
249,14,21994,44
250,14,3001,39
251,14,7194,47
252,14,54998,43
253,14,722952,39
254,14,2810827,41
255,14,218525,91
256,14,2514,43
257,14,23902,43
258,14,573858,46
259,14,163703,63
260,14,9821,47
261,14,941370,82
262,14,45421,61
263,14,5335,45
264,14,172956,69
265,14,23479,48
266,14,108465,50
267,14,27000,42
268,14,223016,43
269,14,57973,44
270,14,8674,43
271,14,120853,57
272,14,118267,43
273,14,37428,39
274,14,99115,44
275,14,55345,53
276,14,79613,59
277,14,83628,52
278,14,857,49
279,14,943115,81
280,14,1634192,65
281,14,1689804,54
282,14,97623,53
283,14,3412918,128
284,14,420739,67
285,14,2127738,72
286,14,329445,46
287,14,4388,47
288,14,33567,89
289,14,16644,40
290,14,27219,48
291,14,1334,49
292,14,57793,45
293,14,844965,79
294,14,104934,50
295,14,2672024,41
296,14,49121,54
297,14,773193,88
298,14,24258,39
299,14,367415,49
300,14,239203,73
301,14,3445779,124
302,14,147537,54
303,14,152043,75
304,14,591975,98
305,14,121494,68
306,14,6026233,74
307,14,1464104,54
308,14,89775,50
309,14,34637,58
310,14,1492,40
311,14,989177,69
312,14,911368,59
313,14,864260,50
314,14,3060621,85
315,14,173598,57
316,14,12236,43
317,14,430,45
318,14,8749219,122
319,14,126658,60
320,14,16826,39
321,14,25650,45
322,14,87882,38
323,14,20605,44
324,14,76849,38
325,14,13311,48
326,14,263124,102
327,14,673422,49
328,14,77140,39
329,14,271888,48
330,14,34971,47
331,14,51481,51
332,14,122891,47
333,14,262564,98
334,14,2267,50
335,14,1747704,66
336,14,17992,51
337,14,12849,43
338,14,20654,49
339,14,50808,40
340,14,483303,72
341,14,17407,43
342,14,1199274,47
343,14,159458,39
344,14,51657,47
345,14,76271,67
346,14,2776769,46
347,14,2693,44
348,14,44482,39
349,14,2198,48
350,14,6227,43
351,14,2485,44
352,14,229,45
353,14,138680,39
354,14,54831,56
355,14,50011,42
356,14,277785,73
357,14,6588057,58
358,14,184962,45
359,14,8390,52
360,14,8870,43
361,14,6610,45
362,14,50117,39
363,14,5822,42
364,14,2229,43
365,14,463025,43
366,14,1344532,49
367,14,85055,49
368,14,367658,62
369,14,2097505,55
370,14,239108,44
371,14,62820,59
372,14,3815,44
373,14,64030,49
374,14,587012,57
375,14,255,45
376,14,2198605,53
377,14,255147,44
378,14,24516,43
379,14,13139,44
380,14,538126,43
381,14,76456,43
382,14,171,45
383,14,52405,43
384,14,1387,49
385,14,11710,44
386,14,8203,40
387,14,4503,50
388,14,9906,43
389,14,1035,40
390,14,477,50
391,14,87688,48
392,14,1279,45
393,14,3708,42
394,14,96224,57
395,14,1237,49
396,14,3268,45
397,14,65146,57
398,14,1323383,47
399,14,5139,42
400,14,3054,49
401,14,20192,43
402,14,3748,48
403,14,3154,53
404,14,4797,43
405,14,10024,48
406,14,6767,52
407,14,593455,63
408,14,115475,55
409,14,99862,45
410,14,23435,43
411,14,94845,64
412,14,220,50
413,14,4694,44
414,14,43137,40
415,14,960,45
416,14,52472,43
417,14,22412,44
418,14,8045,50
419,14,1197,44
420,14,19956,44
421,14,19856,40
422,14,73846,45
423,14,18009,45
424,14,91119,39
425,14,613534,55
426,14,447693,39
427,14,2708926,115
428,14,1078253,117
429,14,78528,46
430,14,1218898,53
431,14,17234,58
432,14,95239,49
433,14,299372,55
434,14,84414,44
435,14,72870,44
436,14,111809,45
437,14,168,55
438,14,40745,42
439,14,330932,39
440,14,50003,54
441,14,11887,44
442,14,4585,40
443,14,187747,49
444,14,35028,47
445,14,231809,49
446,14,414022,80
447,14,4083,45
448,14,2521604,55
449,14,51153,44
450,14,78111,43
451,14,31089,40
452,14,9122,44
453,14,6864,45
454,14,68790,84
455,14,157646,50
456,14,7073,44
457,14,273592,48
458,14,162595,70
459,14,18039,48
460,14,14857,51
461,14,206687,45
462,14,827,45
463,14,84262,42
464,14,84686,56
465,14,399951,81
466,14,1143,50
467,14,441946,48
468,14,103121,53
469,14,59075,51
470,14,20495,43
471,14,7272,44
472,14,4530,48
473,14,111657,43
474,14,16928,42
475,14,692395,49
476,14,22313,68
477,14,94382,44
478,14,746137,51
479,14,8428,47
480,14,170503,55
481,14,16581,57
482,14,32506,50
483,14,104152,54
484,14,310635,46
485,14,24480,44
486,14,229729,50
487,14,107985,43
488,14,1901,55
489,14,162934,39
490,14,417,50
491,14,32755,55
492,14,179740,39
493,14,27705,55
494,14,136559,39
495,14,2580,40
496,14,34280,45
497,14,79225,39
498,14,619,40
499,14,503,40
500,14,17965,40
501,14,44168,39
502,14,20497,39
503,14,45817,48
504,14,274934,43
505,14,482,49
506,14,18057,50
507,14,5463,43
508,14,46158,65
509,14,44087,43
510,14,29236,49
511,14,690,44
512,14,45447,53
513,14,32870,48
514,14,13875,50
515,14,5481,52
516,14,84103,45
517,14,15620,43
518,14,195844,39
519,14,296611,63
520,14,744488,55
521,14,1990,44
522,14,26055,41
523,14,10475,44
524,14,4676,49
525,14,4693,43
526,14,445506,45
527,14,172317,55
528,14,9094,53
529,14,193572,67
530,14,5486,44
531,14,5351,43
532,14,17624,44
533,14,669148,45
534,14,16160,52
535,14,11313,49
536,14,2378,49
537,14,5770,40
538,14,142223,44
539,14,4239,44
540,14,17545,40
541,14,78472,45
542,14,5763,40
543,14,13059,40
544,14,34557,40
545,14,237770,40
546,14,4962,44
547,14,17105,40
548,14,490189,39
549,14,2358,48
550,14,6100,44
551,14,36196,43
552,14,18066,44
553,14,3918,44
554,14,2987,50
555,14,37716,39
556,14,12896,44
557,14,78350,40
558,14,162863,39
559,14,6652,44
560,14,3039,44
561,14,9255,44
562,14,526,49
563,14,10068,40
564,14,1227,44
565,14,4856,45
566,14,5484,44
567,14,17005,44
568,14,43523,44
569,14,13157,43
570,14,6894,45
571,14,16040,40
572,14,3680,44
573,14,12591,39
574,14,33391,45
575,14,6299,59
576,14,13940,45
577,14,20896,49
578,14,5354,40
579,14,26499,60
580,14,8081,52
581,14,5365,40
582,14,2105,49
583,14,22987,45
584,14,1176,45
585,14,12030,58
586,14,48400,45
587,14,12175,45
588,14,42937,45
589,14,21459,49
590,14,14789,40
591,14,15836,45
592,14,2211,40
593,14,194025,49
594,14,125123,67
595,14,119924,40
596,14,26201,45
597,14,2376,45
598,14,4562,40
599,14,726,45
600,14,692,45
601,14,1808,45
602,14,12760,43
603,14,74101,59
604,14,3435,45
605,14,6268,40
606,14,174,45
607,14,8107,45
608,14,1673,53
609,14,1057097,76
610,14,85280,50
611,14,6706,50
612,14,11620,45
613,14,2997,44
614,14,14782,55
615,14,522,40
616,14,3214,50
617,14,152241,89
618,14,5813,55
619,14,6721,50
620,14,3008,48
621,14,2109,45
622,14,8164,40
623,14,2707,45
624,14,980,48
625,14,60256,55
626,14,6096,40
627,14,1358,40
628,14,4987,45
629,14,7611,45
630,14,722,45
631,14,4639,40
632,14,554,45
633,14,2785,40
634,14,11273,45
635,14,1470,40
636,14,2239,40
637,14,2432,40
638,14,3467,40
639,14,433,45
640,14,2179,40
641,14,250,45
642,14,1791,40
643,14,150,45
644,14,342,40
645,14,530,40
646,14,338,40
647,14,45,45
648,14,42,45
649,14,0,40
650,14,0,45
651,14,0,45
652,14,0,40
653,14,0,45
654,14,0,45
655,14,0,40
656,14,0,40
1,15,14350,42
2,15,172523,45
3,15,429403,51
4,15,71884,42
5,15,12120,42
6,15,55765,48
7,15,1402492,64
8,15,89045,48
9,15,12085,53
10,15,909298,46
11,15,37096,65
12,15,41117,56
13,15,1787092,80
14,15,94795,42
15,15,1126726,49
16,15,1113779,51
17,15,828,45
18,15,28390,43
19,15,5359256,68
20,15,1845,45
21,15,4806,48
22,15,9983,45
23,15,11951,48
24,15,157436,39
25,15,15027,57
26,15,3526758,52
27,15,8140,47
28,15,6420680,80
29,15,382099,66
30,15,130383,66
31,15,480896,49
32,15,18542,42
33,15,121677,46
34,15,6021,49
35,15,156770,40
36,15,30516,43
37,15,66316,51
38,15,1160,44
39,15,434311,43
40,15,194829,71
41,15,18013,43
42,15,34632,57
43,15,427669,46
44,15,37409,44
45,15,445147,46
46,15,44189,48
47,15,91786,52
48,15,54521,43
49,15,2136,45
50,15,23058,47
51,15,3713,48
52,15,4224,54
53,15,9883,48
54,15,302934,43
55,15,238,45
56,15,89585,39
57,15,21910,44
58,15,2487,48
59,15,2859,44
60,15,1248,53
61,15,2933,52
62,15,119163,54
63,15,1892,47
64,15,59201,49
65,15,4732,43
66,15,476938,57
67,15,7960,49
68,15,19359,44
69,15,6121,53
70,15,116413,53
71,15,17664,44
72,15,42434,43
73,15,62338,44
74,15,8162,47
75,15,6845,52
76,15,20019,44
77,15,54100,39
78,15,49212,42
79,15,12968,53
80,15,1638678,74
81,15,900453,46
82,15,12063,50
83,15,434337,43
84,15,12522,45
85,15,131519,45
86,15,15708,55
87,15,2586,48
88,15,167632,48
89,15,21461,54
90,15,6117,43
91,15,3814,45
92,15,6561,44
93,15,4267,48
94,15,30789,45
95,15,220605,58
96,15,67740,39
97,15,5806,45
98,15,2132,40
99,15,107,45
100,15,7937,40
101,15,10057,49
102,15,72266,39
103,15,146038,65
104,15,1489155,56
105,15,15391,43
106,15,625139,47
107,15,55868,50
108,15,115827,45
109,15,380407,46
110,15,61992,61
111,15,2825026,70
112,15,919267,51
113,15,1513274,46
114,15,128185,42
115,15,10571,44
116,15,439342,54
117,15,1774,44
118,15,5961,53
119,15,5001,45
120,15,34256,50
121,15,363,45
122,15,505,40
123,15,28854,51
124,15,5853,49
125,15,34766,47
126,15,2823,45
127,15,170858,48
128,15,713748,54
129,15,79331,53
130,15,256097,58
131,15,3213,49
132,15,37354,49
133,15,303711,45
134,15,123479,48
135,15,33445,55
136,15,17631,50
137,15,18984,79
138,15,29115,39
139,15,351218,59
140,15,58150,57
141,15,91999,47
142,15,903001,76
143,15,3879,50
144,15,3840,53
145,15,264157,77
146,15,1401030,59
147,15,874521,48
148,15,64143,57
149,15,52930,43
150,15,61548,53
151,15,4466,44
152,15,333641,45
153,15,124011,39
154,15,533,48
155,15,16250,55
156,15,45629,45
157,15,13189,45
158,15,49477,43
159,15,26641,53
160,15,2105156,75
161,15,13042,48
162,15,6459,44
163,15,2936,48
164,15,5493,43
165,15,329761,45
166,15,338873,54
167,15,374817,44
168,15,43657,52
169,15,463394,57
170,15,100507,45
171,15,19964,54
172,15,1312,45
173,15,15507,43
174,15,25083,39
175,15,13586,44
176,15,116028,40
177,15,55171,50
178,15,15791,45
179,15,631,54
180,15,39917,42
181,15,11980,53
182,15,634170,45
183,15,6879,48
184,15,5974,45
185,15,6914,53
186,15,217490,56
187,15,2255,45
188,15,5585,43
189,15,74537,54
190,15,4586,49
191,15,147279,79
192,15,7795,43
193,15,3971,43
194,15,105880,45
195,15,225812,54
196,15,1432,40
197,15,438861,40
198,15,22064,40
199,15,170906,44
200,15,4874,47
201,15,16229,45
202,15,2396,47
203,15,9823,44
204,15,7357,54
205,15,14747,55
206,15,1427,44
207,15,220763,40
208,15,28842,39
209,15,15787,45
210,15,2898128,69
211,15,138678,45
212,15,5324,57
213,15,19095,44
214,15,3081,48
215,15,26167,44
216,15,11707,43
217,15,14550,44
218,15,3979,54
219,15,104982,45
220,15,28324,50
221,15,7553,44
222,15,8619,45
223,15,6714,47
224,15,4188,44
225,15,716153,63
226,15,1262,49
227,15,71516,72
228,15,31049,44
229,15,64,50
230,15,18743,45
231,15,14549,60
232,15,10077,70
233,15,261072,59
234,15,275,45
235,15,100219,45
236,15,60690,39
237,15,1039530,42
238,15,271750,45
239,15,1928,45
240,15,38618,44
241,15,613,45
242,15,28045,51
243,15,26216,39
244,15,47806,48
245,15,10757,49
246,15,113158,55
247,15,13799,43
248,15,13780,50
249,15,20964,44
250,15,2858,39
251,15,7024,47
252,15,51983,43
253,15,712961,39
254,15,2849225,41
255,15,239241,91
256,15,2428,43
257,15,26264,43
258,15,725928,46
259,15,161613,63
260,15,9547,47
261,15,968574,82
262,15,45830,61
263,15,5155,45
264,15,175292,69
265,15,23450,48
266,15,102592,50
267,15,27629,42
268,15,236599,43
269,15,54312,44
270,15,8602,43
271,15,117405,57
272,15,110036,43
273,15,36830,39
274,15,89976,44
275,15,54391,53
276,15,77442,59
277,15,81693,52
278,15,890,49
279,15,874024,81
280,15,1543798,65
281,15,1641982,54
282,15,94785,53
283,15,3189108,128
284,15,421034,67
285,15,2018709,72
286,15,278052,46
287,15,4304,47
288,15,32488,89
289,15,16756,40
290,15,32325,48
291,15,1430,49
292,15,49863,45
293,15,791045,78
294,15,93811,50
295,15,2645442,41
296,15,42943,54
297,15,813042,89
298,15,24861,39
299,15,349631,49
300,15,233418,73
301,15,4083840,125
302,15,157824,54
303,15,154503,75
304,15,528826,97
305,15,125114,68
306,15,6226591,74
307,15,1517450,54
308,15,84426,50
309,15,42904,58
310,15,1448,40
311,15,988367,69
312,15,895733,59
313,15,822365,50
314,15,2772176,84
315,15,170608,57
316,15,11450,43
317,15,424,45
318,15,8618103,121
319,15,200276,60
320,15,16129,39
321,15,24104,45
322,15,85051,38
323,15,20122,44
324,15,75702,38
325,15,13095,48
326,15,309382,102
327,15,767285,49
328,15,75676,39
329,15,242386,48
330,15,36931,47
331,15,50066,51
332,15,168784,47
333,15,208825,98
334,15,2253,50
335,15,2147671,67
336,15,18038,51
337,15,12365,43
338,15,20119,49
339,15,49044,40
340,15,426121,72
341,15,17199,43
342,15,1668889,48
343,15,152703,39
344,15,50138,47
345,15,70344,67
346,15,2630117,46
347,15,2631,43
348,15,44291,39
349,15,2288,48
350,15,5919,42
351,15,2423,44
352,15,225,45
353,15,127990,39
354,15,56467,56
355,15,49093,42
356,15,1424768,75
357,15,6864281,59
358,15,196424,45
359,15,8085,52
360,15,8763,43
361,15,6378,45
362,15,45365,39
363,15,5852,42
364,15,2162,43
365,15,403105,43
366,15,1241216,49
367,15,81931,49
368,15,380002,62
369,15,3109303,57
370,15,213409,44
371,15,52851,59
372,15,3848,44
373,15,56508,49
374,15,545319,57
375,15,253,45
376,15,2270327,53
377,15,279987,44
378,15,22932,43
379,15,14872,44
380,15,520604,43
381,15,72554,42
382,15,168,45
383,15,48255,43
384,15,1365,49
385,15,15459,44
386,15,7953,40
387,15,4892,50
388,15,9742,42
389,15,1024,40
390,15,470,50
391,15,86833,47
392,15,1262,45
393,15,3706,42
394,15,92840,56
395,15,1221,49
396,15,3165,45
397,15,88252,57
398,15,1372448,47
399,15,4994,42
400,15,3009,48
401,15,19832,43
402,15,3647,48
403,15,3088,53
404,15,4694,43
405,15,8592,48
406,15,6708,52
407,15,549280,62
408,15,109299,55
409,15,86881,44
410,15,22812,42
411,15,100439,64
412,15,217,50
413,15,4705,44
414,15,41686,40
415,15,922,45
416,15,49863,43
417,15,22719,44
418,15,7654,50
419,15,1230,44
420,15,19641,44
421,15,19391,40
422,15,73036,45
423,15,16923,45
424,15,91479,39
425,15,579156,55
426,15,442062,39
427,15,2761012,116
428,15,762269,117
429,15,68334,46
430,15,1105686,53
431,15,17361,58
432,15,102878,49
433,15,289655,55
434,15,80933,44
435,15,69990,43
436,15,110835,45
437,15,166,55
438,15,39772,42
439,15,324942,39
440,15,50192,54
441,15,11592,44
442,15,4474,40
443,15,163482,49
444,15,33754,47
445,15,219581,49
446,15,394272,80
447,15,3983,45
448,15,2418941,55
449,15,49378,44
450,15,75613,43
451,15,31687,39
452,15,9194,43
453,15,6718,45
454,15,65842,84
455,15,142446,50
456,15,7068,44
457,15,298991,48
458,15,183236,70
459,15,18479,48
460,15,14567,51
461,15,233964,45
462,15,818,45
463,15,79915,42
464,15,96752,56
465,15,402614,81
466,15,1132,50
467,15,431264,48
468,15,97228,52
469,15,54765,51
470,15,22012,43
471,15,7319,44
472,15,5887,48
473,15,113113,43
474,15,16563,42
475,15,772077,50
476,15,22146,68
477,15,83148,44
478,15,721883,51
479,15,8257,47
480,15,177559,55
481,15,16437,57
482,15,34613,50
483,15,95886,53
484,15,288749,45
485,15,23484,44
486,15,216711,50
487,15,100585,43
488,15,1891,55
489,15,153808,39
490,15,410,50
491,15,30799,55
492,15,193709,39
493,15,27945,55
494,15,134956,39
495,15,2524,40
496,15,33203,45
497,15,79397,39
498,15,612,40
499,15,496,40
500,15,17604,40
501,15,45142,39
502,15,20871,38
503,15,43773,47
504,15,249972,43
505,15,495,49
506,15,17790,49
507,15,5303,43
508,15,35704,65
509,15,43568,43
510,15,27272,49
511,15,662,44
512,15,42694,53
513,15,32637,48
514,15,12336,50
515,15,5485,52
516,15,81776,45
517,15,15205,43
518,15,194102,39
519,15,311508,63
520,15,690174,55
521,15,1924,44
522,15,25684,41
523,15,9737,44
524,15,4515,49
525,15,4587,43
526,15,549828,46
527,15,165439,54
528,15,9194,53
529,15,240850,67
530,15,5320,44
531,15,5292,43
532,15,17283,43
533,15,733079,45
534,15,15441,52
535,15,11814,49
536,15,2347,49
537,15,5672,40
538,15,127327,44
539,15,4243,44
540,15,17067,40
541,15,74793,45
542,15,5645,40
543,15,12746,40
544,15,34100,40
545,15,225765,40
546,15,4868,44
547,15,17016,40
548,15,484450,39
549,15,2298,48
550,15,5844,44
551,15,33512,43
552,15,17163,44
553,15,3843,43
554,15,3015,50
555,15,38853,39
556,15,12514,44
557,15,77550,40
558,15,191067,39
559,15,6797,44
560,15,3025,44
561,15,8833,44
562,15,538,49
563,15,10205,40
564,15,1244,44
565,15,4681,45
566,15,5167,44
567,15,16107,44
568,15,41607,44
569,15,17408,43
570,15,6541,45
571,15,16039,40
572,15,3564,44
573,15,12778,39
574,15,28218,45
575,15,6030,59
576,15,13653,45
577,15,19553,49
578,15,5489,40
579,15,24611,59
580,15,7764,52
581,15,5356,40
582,15,2142,49
583,15,21922,45
584,15,1186,45
585,15,13195,58
586,15,70886,45
587,15,10401,45
588,15,43030,45
589,15,16865,49
590,15,14680,40
591,15,16317,45
592,15,2281,40
593,15,203442,49
594,15,114559,67
595,15,115107,40
596,15,24300,45
597,15,2327,45
598,15,4419,40
599,15,717,45
600,15,709,45
601,15,1779,45
602,15,12620,43
603,15,57550,59
604,15,3335,45
605,15,6346,40
606,15,172,45
607,15,7994,45
608,15,1804,53
609,15,722161,76
610,15,104689,50
611,15,6635,50
612,15,13207,45
613,15,2857,43
614,15,14058,55
615,15,515,40
616,15,3716,50
617,15,140640,88
618,15,6425,55
619,15,8182,50
620,15,2872,48
621,15,2266,45
622,15,8137,40
623,15,2809,45
624,15,955,48
625,15,36195,55
626,15,5929,40
627,15,1427,40
628,15,8887,45
629,15,7542,45
630,15,719,45
631,15,4884,40
632,15,533,45
633,15,3002,40
634,15,12500,45
635,15,1513,40
636,15,2505,40
637,15,2630,40
638,15,3704,40
639,15,333,45
640,15,2327,40
641,15,277,45
642,15,2191,40
643,15,190,45
644,15,486,40
645,15,729,40
646,15,626,40
647,15,72,45
648,15,92,45
649,15,317,40
650,15,74,45
651,15,154,45
652,15,417,40
653,15,96,45
654,15,49,45
655,15,282,40
656,15,110,40
657,15,0,45
658,15,0,45
659,15,0,45
660,15,0,45
661,15,0,45
1,16,14299,42
2,16,172422,45
3,16,420636,51
4,16,78891,42
5,16,12141,42
6,16,57762,48
7,16,1377105,64
8,16,87986,47
9,16,11988,53
10,16,1029858,46
11,16,37427,65
12,16,40530,56
13,16,1902846,80
14,16,84158,42
15,16,1184091,49
16,16,1354485,52
17,16,816,45
18,16,27727,43
19,16,5349701,68
20,16,1830,45
21,16,4805,48
22,16,9818,45
23,16,8705,48
24,16,157746,39
25,16,14701,57
26,16,3743718,53
27,16,8155,46
28,16,6357613,80
29,16,363327,66
30,16,138342,66
31,16,473222,49
32,16,18465,42
33,16,154616,46
34,16,5946,49
35,16,158606,39
36,16,29552,43
37,16,64115,51
38,16,1142,44
39,16,429004,43
40,16,264204,71
41,16,17417,43
42,16,34331,57
43,16,422774,46
44,16,37157,44
45,16,499151,45
46,16,42876,48
47,16,107975,52
48,16,50236,43
49,16,2096,45
50,16,22808,47
51,16,3650,48
52,16,4169,54
53,16,9860,48
54,16,305757,42
55,16,234,45
56,16,90137,39
57,16,24218,44
58,16,2494,48
59,16,3321,44
60,16,1226,53
61,16,2969,52
62,16,133254,54
63,16,1861,47
64,16,56621,48
65,16,4821,43
66,16,792326,58
67,16,7795,49
68,16,18924,44
69,16,5823,53
70,16,125566,53
71,16,14077,44
72,16,45326,43
73,16,60404,43
74,16,8116,47
75,16,6680,52
76,16,19345,44
77,16,58144,39
78,16,46615,42
79,16,12873,53
80,16,1658460,74
81,16,837925,46
82,16,10774,50
83,16,431848,42
84,16,10630,45
85,16,116176,45
86,16,13498,55
87,16,2581,48
88,16,156554,48
89,16,20917,54
90,16,6120,43
91,16,3747,45
92,16,4909,44
93,16,4159,48
94,16,27658,45
95,16,209060,58
96,16,70558,39
97,16,5677,45
98,16,2098,40
99,16,105,45
100,16,7684,40
101,16,15402,49
102,16,73619,39
103,16,145515,65
104,16,1528124,56
105,16,15118,43
106,16,611413,47
107,16,53009,50
108,16,109616,45
109,16,372027,46
110,16,66178,61
111,16,3041104,71
112,16,865362,51
113,16,1491749,46
114,16,128261,42
115,16,10171,44
116,16,392230,54
117,16,1694,44
118,16,5835,53
119,16,4930,45
120,16,33077,50
121,16,353,45
122,16,491,40
123,16,29038,51
124,16,23157,49
125,16,34946,47
126,16,2792,45
127,16,167640,48
128,16,702207,54
129,16,78614,53
130,16,241385,58
131,16,3168,49
132,16,36726,49
133,16,246643,45
134,16,121826,48
135,16,33795,55
136,16,17153,50
137,16,18888,79
138,16,28465,39
139,16,275058,58
140,16,56242,57
141,16,88310,47
142,16,744376,75
143,16,3847,50
144,16,3811,53
145,16,257715,77
146,16,1330632,58
147,16,863407,48
148,16,60674,57
149,16,51182,43
150,16,65756,53
151,16,4412,44
152,16,377431,45
153,16,125774,39
154,16,523,48
155,16,16066,55
156,16,45889,45
157,16,13837,45
158,16,48042,43
159,16,26025,53
160,16,2257777,75
161,16,12812,48
162,16,6328,44
163,16,2941,48
164,16,5563,43
165,16,342631,45
166,16,310794,54
167,16,376539,44
168,16,46523,52
169,16,489372,57
170,16,116155,45
171,16,29747,54
172,16,1277,45
173,16,31531,42
174,16,24865,39
175,16,13635,44
176,16,118043,40
177,16,55328,49
178,16,16710,45
179,16,636,54
180,16,39300,42
181,16,11875,53
182,16,662805,45
183,16,6759,48
184,16,5825,45
185,16,6880,53
186,16,196954,56
187,16,2217,45
188,16,5695,43
189,16,72280,54
190,16,4591,49
191,16,59734,79
192,16,7934,43
193,16,3950,43
194,16,116180,45
195,16,200613,53
196,16,1402,40
197,16,452515,40
198,16,21532,40
199,16,176985,44
200,16,4776,47
201,16,15619,45
202,16,2331,47
203,16,9657,44
204,16,6674,54
205,16,13765,55
206,16,1407,44
207,16,212067,40
208,16,28039,39
209,16,14798,45
210,16,2185436,68
211,16,107852,45
212,16,5733,57
213,16,18759,43
214,16,3023,48
215,16,24473,44
216,16,11070,43
217,16,14279,44
218,16,3933,54
219,16,101106,45
220,16,27354,50
221,16,8606,44
222,16,8453,45
223,16,6473,46
224,16,4034,44
225,16,699738,63
226,16,1225,49
227,16,47583,72
228,16,30077,44
229,16,64,50
230,16,17094,45
231,16,14637,60
232,16,10005,70
233,16,220042,58
234,16,269,45
235,16,91822,45
236,16,60272,39
237,16,1215815,42
238,16,256850,45
239,16,2042,45
240,16,77639,44
241,16,596,45
242,16,26939,51
243,16,26512,39
244,16,43339,48
245,16,10052,48
246,16,102266,55
247,16,13322,43
248,16,13659,50
249,16,20722,44
250,16,2810,39
251,16,6958,47
252,16,50748,43
253,16,704830,39
254,16,2918468,41
255,16,227385,91
256,16,2372,43
257,16,50570,43
258,16,922213,47
259,16,186892,63
260,16,9429,47
261,16,1122838,82
262,16,45749,61
263,16,5042,45
264,16,192117,69
265,16,23414,48
266,16,96635,49
267,16,26292,42
268,16,203788,43
269,16,52760,44
270,16,9013,42
271,16,118718,57
272,16,105288,43
273,16,36869,39
274,16,84810,44
275,16,54128,53
276,16,75913,59
277,16,82172,52
278,16,956,49
279,16,883725,81
280,16,1577736,65
281,16,1753735,54
282,16,93823,53
283,16,3491354,128
284,16,464325,67
285,16,2059356,72
286,16,244379,45
287,16,4263,47
288,16,31906,88
289,16,17234,40
290,16,82433,48
291,16,1482,49
292,16,45239,45
293,16,764649,78
294,16,91971,50
295,16,2628607,40
296,16,39995,54
297,16,1115008,90
298,16,25834,39
299,16,339962,48
300,16,232632,73
301,16,4109121,126
302,16,170313,54
303,16,156129,75
304,16,489075,97
305,16,122659,68
306,16,5957230,74
307,16,1531055,54
308,16,87661,50
309,16,42353,58
310,16,1431,40
311,16,927393,69
312,16,879931,59
313,16,862036,50
314,16,2363185,83
315,16,167818,56
316,16,11198,43
317,16,420,45
318,16,8992529,122
319,16,193405,60
320,16,15759,39
321,16,23492,45
322,16,100266,38
323,16,19826,44
324,16,86900,38
325,16,13165,48
326,16,275755,102
327,16,764450,49
328,16,75046,39
329,16,230514,48
330,16,37256,47
331,16,48769,51
332,16,225114,48
333,16,219680,98
334,16,2239,50
335,16,2101895,67
336,16,18041,51
337,16,13203,43
338,16,19875,49
339,16,47662,40
340,16,391069,71
341,16,17747,43
342,16,1273701,48
343,16,185299,38
344,16,48806,47
345,16,199519,67
346,16,2622877,46
347,16,2738,43
348,16,44237,39
349,16,2354,48
350,16,5773,42
351,16,2389,44
352,16,222,45
353,16,124522,39
354,16,68193,56
355,16,48260,42
356,16,1065623,75
357,16,6988416,59
358,16,197411,45
359,16,7716,52
360,16,8706,43
361,16,6245,45
362,16,43162,39
363,16,6022,42
364,16,2144,43
365,16,385571,43
366,16,1249054,49
367,16,78104,48
368,16,383669,62
369,16,3566407,58
370,16,197914,44
371,16,53730,59
372,16,3945,44
373,16,56608,49
374,16,536695,57
375,16,250,45
376,16,2264428,53
377,16,288079,44
378,16,22107,43
379,16,15031,44
380,16,544718,42
381,16,76408,42
382,16,164,45
383,16,45820,43
384,16,1348,49
385,16,12169,44
386,16,7724,40
387,16,4669,50
388,16,9746,42
389,16,1012,40
390,16,470,50
391,16,88348,47
392,16,1249,45
393,16,3759,42
394,16,92009,56
395,16,1210,49
396,16,3078,45
397,16,83366,57
398,16,1353396,47
399,16,4724,42
400,16,3067,48
401,16,19599,43
402,16,3582,48
403,16,3051,53
404,16,4705,43
405,16,8681,47
406,16,6654,52
407,16,515169,62
408,16,105664,55
409,16,80227,44
410,16,22412,42
411,16,98819,64
412,16,216,50
413,16,4740,44
414,16,40512,40
415,16,905,45
416,16,48085,43
417,16,35333,44
418,16,7322,50
419,16,1372,44
420,16,20077,44
421,16,18929,40
422,16,72111,45
423,16,17113,45
424,16,93940,39
425,16,571492,55
426,16,436418,39
427,16,2825707,116
428,16,656606,116
429,16,62040,46
430,16,1058322,52
431,16,17294,58
432,16,111359,49
433,16,278631,55
434,16,78537,44
435,16,68787,43
436,16,105489,45
437,16,165,55
438,16,38979,42
439,16,320929,39
440,16,51167,54
441,16,11980,43
442,16,4402,40
443,16,143669,49
444,16,33305,47
445,16,216648,49
446,16,479833,80
447,16,3922,45
448,16,2486005,55
449,16,48296,44
450,16,72067,43
451,16,31955,39
452,16,9467,43
453,16,6622,45
454,16,70860,84
455,16,139932,50
456,16,7073,44
457,16,287394,48
458,16,180704,70
459,16,18631,48
460,16,14396,51
461,16,238954,45
462,16,804,45
463,16,76112,42
464,16,105054,56
465,16,353512,80
466,16,1121,50
467,16,414921,48
468,16,90818,52
469,16,51356,50
470,16,23671,43
471,16,7280,44
472,16,6368,48
473,16,112406,43
474,16,16386,42
475,16,774494,50
476,16,21737,68
477,16,70561,44
478,16,674247,51
479,16,8268,47
480,16,183640,55
481,16,16170,57
482,16,31434,50
483,16,89244,53
484,16,257245,45
485,16,22779,44
486,16,209643,49
487,16,98037,42
488,16,1880,55
489,16,158660,39
490,16,376,50
491,16,27798,55
492,16,200976,39
493,16,35834,55
494,16,134387,39
495,16,2467,40
496,16,32432,45
497,16,79403,39
498,16,604,40
499,16,491,40
500,16,17298,40
501,16,46418,39
502,16,26656,38
503,16,42156,47
504,16,242601,42
505,16,522,49
506,16,17607,49
507,16,5216,43
508,16,31157,65
509,16,41660,43
510,16,26263,49
511,16,639,44
512,16,40233,52
513,16,35498,48
514,16,12109,50
515,16,5413,52
516,16,76399,45
517,16,14881,43
518,16,194174,39
519,16,302892,63
520,16,677193,55
521,16,1875,44
522,16,25836,41
523,16,9319,43
524,16,4467,48
525,16,4622,43
526,16,510361,46
527,16,161210,54
528,16,9466,53
529,16,215230,67
530,16,5225,44
531,16,5262,43
532,16,17184,43
533,16,769761,45
534,16,15083,52
535,16,38857,49
536,16,2309,49
537,16,5581,40
538,16,116945,44
539,16,4248,44
540,16,16670,40
541,16,72504,45
542,16,5527,40
543,16,12505,40
544,16,34003,40
545,16,210822,40
546,16,4849,44
547,16,17029,40
548,16,480743,39
549,16,2290,48
550,16,5688,44
551,16,31995,43
552,16,16869,44
553,16,4108,43
554,16,3029,50
555,16,40203,39
556,16,12235,44
557,16,83931,39
558,16,229294,39
559,16,6937,44
560,16,3227,44
561,16,8496,44
562,16,527,49
563,16,10452,40
564,16,1293,44
565,16,4544,45
566,16,4975,44
567,16,15396,44
568,16,40304,44
569,16,30985,43
570,16,6457,45
571,16,16035,40
572,16,3480,44
573,16,14245,39
574,16,25655,45
575,16,5849,59
576,16,14267,45
577,16,17181,48
578,16,5545,40
579,16,24567,59
580,16,7502,51
581,16,5442,40
582,16,2140,49
583,16,20309,45
584,16,1232,45
585,16,17105,58
586,16,80159,45
587,16,10388,45
588,16,40443,45
589,16,15053,48
590,16,14840,40
591,16,16209,45
592,16,2379,40
593,16,198801,49
594,16,110505,66
595,16,111623,40
596,16,24446,45
597,16,2289,45
598,16,4317,40
599,16,706,45
600,16,721,45
601,16,1820,45
602,16,12966,43
603,16,58400,59
604,16,3415,45
605,16,6691,40
606,16,169,45
607,16,7992,45
608,16,1446,53
609,16,535311,75
610,16,131613,50
611,16,5941,49
612,16,21899,45
613,16,2962,43
614,16,14064,55
615,16,510,40
616,16,3814,50
617,16,112903,87
618,16,8262,55
619,16,13340,50
620,16,2782,48
621,16,2334,45
622,16,8195,40
623,16,2894,45
624,16,962,47
625,16,29480,55
626,16,6086,40
627,16,1690,40
628,16,9466,45
629,16,8063,45
630,16,741,45
631,16,5295,40
632,16,623,45
633,16,3679,40
634,16,15511,45
635,16,1729,40
636,16,2682,40
637,16,3137,40
638,16,4164,40
639,16,355,45
640,16,2595,40
641,16,294,45
642,16,2904,40
643,16,233,45
644,16,760,40
645,16,1008,40
646,16,1136,40
647,16,232,45
648,16,275,45
649,16,638,40
650,16,229,45
651,16,234,45
652,16,812,40
653,16,161,45
654,16,134,45
655,16,525,40
656,16,293,40
657,16,2254,45
658,16,208,45
659,16,683,45
660,16,870,45
661,16,216,45
662,16,0,45
663,16,0,45
664,16,0,40
665,16,0,45
666,16,0,45
667,16,0,45
1,17,14551,42
2,17,199970,45
3,17,396383,51
4,17,90846,42
5,17,12351,42
6,17,59947,48
7,17,1836698,64
8,17,93549,47
9,17,11882,53
10,17,1507857,47
11,17,235766,65
12,17,40309,56
13,17,1996343,80
14,17,68325,42
15,17,1367437,49
16,17,1633698,52
17,17,807,45
18,17,26711,43
19,17,5207703,68
20,17,1804,45
21,17,4813,48
22,17,9443,45
23,17,5312,48
24,17,162802,39
25,17,15648,57
26,17,3873055,53
27,17,8564,46
28,17,4183468,80
29,17,352952,66
30,17,201134,66
31,17,437598,49
32,17,18305,42
33,17,169207,46
34,17,5832,49
35,17,151948,39
36,17,27632,43
37,17,62443,51
38,17,1094,44
39,17,383627,43
40,17,228695,71
41,17,16147,43
42,17,33918,57
43,17,416512,46
44,17,34220,44
45,17,459637,45
46,17,42276,48
47,17,85532,52
48,17,42550,43
49,17,2001,45
50,17,22418,47
51,17,3556,48
52,17,4097,54
53,17,9997,48
54,17,300087,42
55,17,230,45
56,17,88112,39
57,17,27296,44
58,17,2472,48
59,17,3190,44
60,17,1199,53
61,17,3006,52
62,17,163019,54
63,17,1895,47
64,17,49777,48
65,17,4787,43
66,17,612088,58
67,17,8073,49
68,17,17038,44
69,17,5565,53
70,17,83322,53
71,17,12684,44
72,17,50422,43
73,17,56931,43
74,17,8242,47
75,17,7442,52
76,17,17280,44
77,17,61788,39
78,17,44589,42
79,17,13150,53
80,17,2496085,74
81,17,730071,46
82,17,12510,50
83,17,490390,42
84,17,8141,45
85,17,103350,45
86,17,13111,55
87,17,2599,48
88,17,136201,48
89,17,20165,53
90,17,6322,43
91,17,3627,45
92,17,5449,44
93,17,4130,48
94,17,22889,45
95,17,201885,58
96,17,64856,39
97,17,5397,45
98,17,1967,40
99,17,103,45
100,17,6697,40
101,17,14455,49
102,17,75411,39
103,17,113008,65
104,17,1364867,56
105,17,14710,43
106,17,511058,47
107,17,48116,50
108,17,55543,45
109,17,308671,46
110,17,67452,61
111,17,2805960,71
112,17,811813,51
113,17,1286937,46
114,17,132291,42
115,17,9308,44
116,17,358577,54
117,17,1643,44
118,17,5660,53
119,17,4872,45
120,17,33763,50
121,17,340,45
122,17,475,40
123,17,30038,51
124,17,21126,49
125,17,35761,47
126,17,2660,45
127,17,168761,48
128,17,720864,54
129,17,77663,53
130,17,242314,58
131,17,3129,49
132,17,35471,49
133,17,625535,45
134,17,119948,48
135,17,38187,55
136,17,15129,50
137,17,18758,79
138,17,25857,39
139,17,232042,58
140,17,64764,57
141,17,91602,47
142,17,763368,75
143,17,3790,50
144,17,3751,53
145,17,377560,77
146,17,2390744,58
147,17,858474,48
148,17,59303,57
149,17,46856,43
150,17,53173,53
151,17,4287,44
152,17,265881,45
153,17,116239,39
154,17,514,48
155,17,15760,55
156,17,36659,45
157,17,14788,45
158,17,44174,43
159,17,25797,53
160,17,1700149,75
161,17,12578,47
162,17,7268,44
163,17,3024,48
164,17,5354,43
165,17,277638,45
166,17,345264,53
167,17,130201,44
168,17,48521,52
169,17,382888,57
170,17,103899,45
171,17,29046,54
172,17,1209,45
173,17,45157,42
174,17,21339,39
175,17,12665,44
176,17,113667,40
177,17,55011,49
178,17,17601,45
179,17,637,54
180,17,38269,42
181,17,11721,53
182,17,674744,45
183,17,6591,48
184,17,5461,45
185,17,7045,53
186,17,129926,56
187,17,2156,45
188,17,6477,43
189,17,65874,53
190,17,4691,49
191,17,35594,79
192,17,8412,43
193,17,4617,43
194,17,104238,45
195,17,161134,53
196,17,1309,40
197,17,652947,40
198,17,19870,40
199,17,163610,44
200,17,5213,47
201,17,21852,45
202,17,2236,47
203,17,9733,44
204,17,6263,54
205,17,13874,55
206,17,1363,44
207,17,170916,40
208,17,25016,39
209,17,13253,45
210,17,2007226,68
211,17,93470,45
212,17,6528,57
213,17,18645,43
214,17,2911,48
215,17,24983,44
216,17,10012,43
217,17,14989,44
218,17,3849,54
219,17,89156,45
220,17,28651,50
221,17,7156,44
222,17,9381,45
223,17,5938,46
224,17,3985,44
225,17,694064,63
226,17,1360,49
227,17,41034,72
228,17,28756,44
229,17,64,50
230,17,16305,45
231,17,17819,60
232,17,9915,70
233,17,181150,58
234,17,260,45
235,17,74670,45
236,17,57366,39
237,17,1484794,42
238,17,199664,45
239,17,2362,45
240,17,130250,44
241,17,565,45
242,17,29619,51
243,17,26034,39
244,17,41832,48
245,17,9332,48
246,17,92853,55
247,17,12237,43
248,17,13355,50
249,17,19637,44
250,17,2749,39
251,17,7128,47
252,17,49127,43
253,17,666293,39
254,17,3491200,41
255,17,233640,91
256,17,2312,43
257,17,125817,43
258,17,1172746,47
259,17,181218,63
260,17,9890,47
261,17,809397,82
262,17,47802,61
263,17,4741,45
264,17,197204,69
265,17,23567,48
266,17,85994,49
267,17,25931,42
268,17,85217,43
269,17,48358,44
270,17,17690,42
271,17,122491,57
272,17,93429,43
273,17,36145,39
274,17,75900,44
275,17,55378,53
276,17,86246,59
277,17,85314,52
278,17,1471,49
279,17,553746,81
280,17,1484806,65
281,17,1722484,55
282,17,92863,53
283,17,3599066,128
284,17,592785,68
285,17,1781675,72
286,17,159333,45
287,17,4744,47
288,17,31538,88
289,17,19983,40
290,17,53183,48
291,17,1458,49
292,17,34179,45
293,17,741645,78
294,17,88969,50
295,17,2284506,40
296,17,51486,54
297,17,1916365,90
298,17,27028,39
299,17,481427,48
300,17,227540,73
301,17,4357075,126
302,17,183231,54
303,17,164888,75
304,17,469087,97
305,17,120432,68
306,17,5676599,74
307,17,1491376,54
308,17,106250,50
309,17,57417,58
310,17,1339,40
311,17,806913,69
312,17,743534,59
313,17,788644,50
314,17,2059596,83
315,17,165566,56
316,17,11191,43
317,17,412,45
318,17,9219074,122
319,17,165122,60
320,17,14360,39
321,17,20965,45
322,17,117321,38
323,17,19250,44
324,17,119372,38
325,17,13183,48
326,17,248956,102
327,17,918250,49
328,17,70836,39
329,17,229313,48
330,17,39998,47
331,17,48078,51
332,17,649243,48
333,17,368566,98
334,17,2217,50
335,17,3082819,67
336,17,18110,51
337,17,21587,43
338,17,19798,49
339,17,42820,40
340,17,366605,71
341,17,30262,43
342,17,903717,48
343,17,329576,38
344,17,47131,47
345,17,596567,67
346,17,2653131,46
347,17,2917,43
348,17,42217,39
349,17,2518,48
350,17,5815,42
351,17,2317,44
352,17,214,45
353,17,111423,39
354,17,66871,56
355,17,45841,42
356,17,1025462,74
357,17,7227104,59
358,17,204223,45
359,17,7608,52
360,17,8876,43
361,17,5950,45
362,17,37622,39
363,17,6143,42
364,17,2093,43
365,17,319839,43
366,17,1221004,49
367,17,74228,48
368,17,394730,62
369,17,4334726,58
370,17,162471,44
371,17,55423,59
372,17,4163,44
373,17,77565,49
374,17,476741,57
375,17,241,45
376,17,2259569,53
377,17,394527,44
378,17,26818,42
379,17,13532,44
380,17,546186,42
381,17,81956,42
382,17,156,45
383,17,40477,43
384,17,1320,49
385,17,11230,44
386,17,6894,40
387,17,4477,50
388,17,11918,42
389,17,944,40
390,17,459,50
391,17,87253,47
392,17,1211,45
393,17,3766,42
394,17,92715,56
395,17,1184,49
396,17,2855,45
397,17,69967,57
398,17,1063441,47
399,17,4402,42
400,17,2997,48
401,17,19112,43
402,17,3486,48
403,17,2985,53
404,17,5301,43
405,17,9251,47
406,17,6799,52
407,17,495822,62
408,17,103023,55
409,17,78212,44
410,17,21380,42
411,17,220165,64
412,17,214,50
413,17,4810,44
414,17,35940,40
415,17,850,45
416,17,43333,43
417,17,112314,44
418,17,7236,50
419,17,1405,44
420,17,21330,44
421,17,16692,40
422,17,71020,45
423,17,18017,45
424,17,91196,39
425,17,518365,55
426,17,416500,39
427,17,3106845,116
428,17,665966,116
429,17,57124,46
430,17,821822,52
431,17,17333,58
432,17,159410,49
433,17,243738,55
434,17,72615,44
435,17,66359,43
436,17,89660,45
437,17,162,55
438,17,37327,42
439,17,301148,39
440,17,49098,54
441,17,11424,43
442,17,4089,40
443,17,135210,49
444,17,32145,47
445,17,198459,49
446,17,607246,80
447,17,3751,45
448,17,2203128,55
449,17,46161,44
450,17,66880,43
451,17,31859,39
452,17,9502,43
453,17,6337,45
454,17,82862,84
455,17,138093,50
456,17,7254,44
457,17,177374,48
458,17,159929,70
459,17,19090,48
460,17,14357,51
461,17,156907,45
462,17,778,45
463,17,74564,41
464,17,93668,56
465,17,267870,80
466,17,1101,50
467,17,395405,48
468,17,81804,52
469,17,47017,50
470,17,29108,43
471,17,7152,44
472,17,7771,48
473,17,110123,43
474,17,19996,42
475,17,488033,50
476,17,33931,68
477,17,44639,44
478,17,587034,50
479,17,8223,47
480,17,182567,55
481,17,16783,57
482,17,33968,50
483,17,83847,53
484,17,201648,44
485,17,21063,44
486,17,199581,49
487,17,95170,42
488,17,1849,55
489,17,169779,39
490,17,395,50
491,17,27421,55
492,17,221911,39
493,17,33642,55
494,17,127562,39
495,17,2145,40
496,17,30149,45
497,17,77965,39
498,17,578,40
499,17,477,40
500,17,16397,40
501,17,53636,39
502,17,39220,38
503,17,40555,47
504,17,233665,42
505,17,550,49
506,17,16101,49
507,17,5019,43
508,17,28275,65
509,17,37363,43
510,17,24679,49
511,17,671,44
512,17,37216,52
513,17,35258,48
514,17,12003,50
515,17,5444,52
516,17,70075,44
517,17,13788,43
518,17,172144,39
519,17,344751,63
520,17,685647,55
521,17,1778,44
522,17,23807,41
523,17,8883,43
524,17,4389,48
525,17,4763,43
526,17,597542,46
527,17,157141,54
528,17,9294,53
529,17,114203,67
530,17,5287,44
531,17,5223,43
532,17,16940,43
533,17,710521,45
534,17,14177,52
535,17,67322,49
536,17,2329,49
537,17,5328,40
538,17,81501,44
539,17,4308,44
540,17,15426,40
541,17,65828,45
542,17,5110,40
543,17,11637,40
544,17,33067,40
545,17,136743,40
546,17,4972,44
547,17,16861,40
548,17,372436,39
549,17,2357,48
550,17,5322,44
551,17,27693,43
552,17,16334,44
553,17,3947,43
554,17,3172,50
555,17,41434,39
556,17,11737,44
557,17,98132,39
558,17,597957,39
559,17,7702,44
560,17,3296,44
561,17,7715,44
562,17,641,49
563,17,10939,40
564,17,1434,44
565,17,4353,45
566,17,4954,44
567,17,14744,44
568,17,38179,44
569,17,97074,43
570,17,5398,45
571,17,15919,40
572,17,3313,44
573,17,17320,39
574,17,20608,45
575,17,5655,59
576,17,12895,45
577,17,16116,48
578,17,5855,40
579,17,25405,59
580,17,7543,51
581,17,5888,40
582,17,2240,49
583,17,16016,45
584,17,1283,45
585,17,16280,58
586,17,82484,45
587,17,8584,45
588,17,30226,45
589,17,14380,48
590,17,14460,40
591,17,16678,45
592,17,2590,40
593,17,204808,49
594,17,113015,66
595,17,101597,40
596,17,25709,45
597,17,2191,45
598,17,3983,40
599,17,693,45
600,17,766,45
601,17,1871,45
602,17,14359,43
603,17,64785,59
604,17,3554,45
605,17,6895,40
606,17,167,45
607,17,8594,45
608,17,1448,53
609,17,473027,75
610,17,172537,50
611,17,6132,49
612,17,35716,45
613,17,3017,43
614,17,15459,55
615,17,499,40
616,17,4241,50
617,17,136888,87
618,17,12857,55
619,17,18249,50
620,17,2677,48
621,17,2667,45
622,17,6621,40
623,17,3210,45
624,17,1107,47
625,17,37266,55
626,17,6159,40
627,17,1854,40
628,17,8409,45
629,17,7126,45
630,17,828,45
631,17,6310,40
632,17,719,45
633,17,4278,40
634,17,17792,45
635,17,2357,40
636,17,3361,40
637,17,3484,40
638,17,4844,40
639,17,470,45
640,17,3161,40
641,17,411,45
642,17,4066,40
643,17,319,45
644,17,1176,40
645,17,1537,40
646,17,1746,40
647,17,262,45
648,17,290,45
649,17,1405,40
650,17,354,45
651,17,432,45
652,17,1555,40
653,17,691,45
654,17,194,45
655,17,1240,40
656,17,661,40
657,17,5943,45
658,17,808,45
659,17,1932,45
660,17,2504,45
661,17,1159,45
662,17,3105,45
663,17,1335,45
664,17,1120,40
665,17,175,45
666,17,1947,45
667,17,73,45
668,17,0,45
669,17,0,45
670,17,0,40
671,17,0,45
672,17,0,45
673,17,0,45
674,17,0,40
675,17,0,40
1,18,14533,42
2,18,222038,45
3,18,396368,51
4,18,94836,42
5,18,12284,42
6,18,59144,48
7,18,2070142,65
8,18,93936,47
9,18,11823,53
10,18,1540150,47
11,18,283638,65
12,18,40062,56
13,18,2135609,80
14,18,65552,42
15,18,1353853,49
16,18,1639063,52
17,18,803,45
18,18,26507,43
19,18,5245805,68
20,18,1801,45
21,18,4800,48
22,18,9363,45
23,18,4429,48
24,18,162890,39
25,18,15337,57
26,18,3883623,53
27,18,8552,46
28,18,3575324,80
29,18,350894,66
30,18,176946,65
31,18,422484,49
32,18,18198,42
33,18,169708,46
34,18,5786,49
35,18,158532,39
36,18,27204,43
37,18,61862,51
38,18,1087,44
39,18,380445,43
40,18,236972,71
41,18,15964,43
42,18,33557,57
43,18,412174,46
44,18,33920,44
45,18,453703,45
46,18,43236,48
47,18,77530,52
48,18,41700,43
49,18,1977,45
50,18,22306,47
51,18,3515,48
52,18,4082,54
53,18,10042,48
54,18,298432,42
55,18,230,45
56,18,88112,39
57,18,29884,44
58,18,2454,48
59,18,3150,44
60,18,1199,53
61,18,3003,52
62,18,161167,54
63,18,1901,47
64,18,49010,48
65,18,4777,43
66,18,575014,58
67,18,8037,49
68,18,16810,44
69,18,5584,53
70,18,82456,53
71,18,12466,44
72,18,52501,43
73,18,57247,43
74,18,8271,47
75,18,7413,52
76,18,18383,44
77,18,61298,39
78,18,44542,42
79,18,14496,53
80,18,2743492,75
81,18,729165,46
82,18,12520,50
83,18,494513,42
84,18,7587,45
85,18,104801,45
86,18,15473,55
87,18,2603,48
88,18,135381,48
89,18,19243,53
90,18,6521,43
91,18,3594,45
92,18,5913,44
93,18,3921,48
94,18,21811,45
95,18,195940,58
96,18,64444,39
97,18,5346,45
98,18,1940,40
99,18,101,45
100,18,6639,40
101,18,17891,49
102,18,75402,39
103,18,102304,65
104,18,1288395,56
105,18,14610,43
106,18,498247,47
107,18,72433,50
108,18,49477,45
109,18,313539,46
110,18,62702,61
111,18,2455748,70
112,18,1097231,52
113,18,1287432,46
114,18,131414,42
115,18,9142,44
116,18,328747,54
117,18,1626,44
118,18,5576,53
119,18,4866,45
120,18,29932,50
121,18,340,45
122,18,471,40
123,18,29564,51
124,18,20631,49
125,18,35552,47
126,18,2635,45
127,18,186895,48
128,18,787654,54
129,18,77379,53
130,18,242265,58
131,18,3110,49
132,18,34244,49
133,18,749821,45
134,18,119131,48
135,18,37690,55
136,18,14108,50
137,18,18720,79
138,18,25521,39
139,18,220378,58
140,18,69569,57
141,18,85727,47
142,18,886209,75
143,18,3774,50
144,18,3732,53
145,18,548592,78
146,18,1723807,58
147,18,820600,48
148,18,57496,57
149,18,46423,43
150,18,48382,53
151,18,4253,44
152,18,257974,45
153,18,108411,39
154,18,527,48
155,18,15671,55
156,18,35432,45
157,18,15267,45
158,18,43592,43
159,18,25640,53
160,18,1540367,74
161,18,12499,47
162,18,7454,44
163,18,3027,48
164,18,5473,43
165,18,271309,45
166,18,318567,53
167,18,128110,44
168,18,47041,52
169,18,341092,57
170,18,83863,45
171,18,27473,54
172,18,1188,45
173,18,47104,42
174,18,21060,39
175,18,12463,44
176,18,112655,40
177,18,50148,49
178,18,16426,45
179,18,633,54
180,18,37835,42
181,18,11672,53
182,18,636027,45
183,18,6516,48
184,18,5368,45
185,18,7004,53
186,18,111224,55
187,18,2132,45
188,18,14143,43
189,18,61405,53
190,18,4671,49
191,18,32529,79
192,18,8273,43
193,18,4749,43
194,18,92427,45
195,18,150769,53
196,18,1303,40
197,18,647793,40
198,18,19636,40
199,18,155147,44
200,18,5117,47
201,18,92353,45
202,18,2208,47
203,18,9660,44
204,18,6104,54
205,18,20455,55
206,18,1348,44
207,18,168257,40
208,18,24616,39
209,18,12939,45
210,18,2811141,70
211,18,93850,45
212,18,6453,57
213,18,18494,43
214,18,2874,48
215,18,29006,44
216,18,9721,43
217,18,20959,44
218,18,3829,54
219,18,87428,45
220,18,28801,50
221,18,6894,44
222,18,9599,45
223,18,5846,46
224,18,4081,44
225,18,658187,63
226,18,1292,49
227,18,39393,72
228,18,28592,44
229,18,64,50
230,18,16272,45
231,18,17536,60
232,18,9895,70
233,18,173082,58
234,18,257,45
235,18,82172,45
236,18,56970,39
237,18,1509030,42
238,18,194856,45
239,18,2460,45
240,18,123868,44
241,18,559,45
242,18,29838,51
243,18,26147,39
244,18,41578,48
245,18,9230,48
246,18,90766,55
247,18,12072,43
248,18,13303,50
249,18,19096,44
250,18,2742,39
251,18,7015,47
252,18,48716,43
253,18,662896,39
254,18,3466571,41
255,18,227714,91
256,18,2317,43
257,18,122850,43
258,18,1125212,47
259,18,172278,63
260,18,9828,47
261,18,549695,81
262,18,47313,61
263,18,4692,45
264,18,176170,69
265,18,23514,48
266,18,83129,49
267,18,25861,42
268,18,73877,43
269,18,47714,44
270,18,17571,42
271,18,116975,57
272,18,91314,43
273,18,36208,39
274,18,72909,44
275,18,56223,53
276,18,93126,59
277,18,85110,52
278,18,1978,49
279,18,432821,81
280,18,1562546,65
281,18,1733970,55
282,18,92857,53
283,18,3793703,128
284,18,729559,68
285,18,1791068,72
286,18,149408,45
287,18,4887,47
288,18,31230,88
289,18,20172,40
290,18,50134,48
291,18,1407,49
292,18,32617,45
293,18,726540,78
294,18,84406,50
295,18,2271792,40
296,18,47596,54
297,18,1839309,90
298,18,27182,39
299,18,488254,48
300,18,226118,73
301,18,4235796,126
302,18,191287,54
303,18,166687,75
304,18,470815,97
305,18,128073,68
306,18,5607218,74
307,18,1492039,54
308,18,114482,50
309,18,58230,58
310,18,1334,40
311,18,765632,69
312,18,692153,59
313,18,787013,50
314,18,1945254,83
315,18,170423,56
316,18,11304,43
317,18,412,45
318,18,9300515,122
319,18,152762,60
320,18,14191,39
321,18,20397,45
322,18,123344,38
323,18,19112,44
324,18,124711,38
325,18,13114,48
326,18,239925,102
327,18,945374,49
328,18,70326,39
329,18,254974,48
330,18,40502,47
331,18,49252,51
332,18,836974,49
333,18,359396,98
334,18,2211,50
335,18,3599459,68
336,18,18104,51
337,18,18624,43
338,18,19485,49
339,18,42194,40
340,18,353900,71
341,18,38776,43
342,18,817162,48
343,18,356462,38
344,18,46408,47
345,18,633884,67
346,18,2644030,46
347,18,2942,43
348,18,41998,39
349,18,2362,48
350,18,5962,42
351,18,2300,44
352,18,215,45
353,18,109355,39
354,18,95620,56
355,18,45457,42
356,18,678629,73
357,18,7342630,59
358,18,219924,45
359,18,7567,52
360,18,8870,43
361,18,5882,45
362,18,36628,39
363,18,6150,42
364,18,2073,43
365,18,307777,43
366,18,1283324,49
367,18,72499,48
368,18,382328,62
369,18,4615920,59
370,18,158282,44
371,18,76746,59
372,18,4257,44
373,18,76216,49
374,18,481218,57
375,18,238,45
376,18,2323021,53
377,18,450857,44
378,18,27934,42
379,18,13193,44
380,18,546577,42
381,18,84371,42
382,18,155,45
383,18,39595,43
384,18,1313,49
385,18,11008,44
386,18,6817,40
387,18,4508,50
388,18,11747,42
389,18,937,40
390,18,459,50
391,18,87479,47
392,18,1200,45
393,18,3764,42
394,18,90810,56
395,18,1177,49
396,18,2808,45
397,18,67005,57
398,18,1044697,47
399,18,4261,42
400,18,2921,48
401,18,18756,43
402,18,3457,48
403,18,2958,53
404,18,5221,43
405,18,9166,47
406,18,6802,52
407,18,493174,62
408,18,100380,55
409,18,78464,44
410,18,21165,42
411,18,199135,64
412,18,214,50
413,18,4842,44
414,18,35430,40
415,18,842,45
416,18,42805,43
417,18,106152,44
418,18,7216,50
419,18,1387,44
420,18,21250,44
421,18,16539,40
422,18,69882,45
423,18,17845,45
424,18,90788,39
425,18,505961,55
426,18,417754,39
427,18,3143973,116
428,18,655739,116
429,18,58034,46
430,18,791022,52
431,18,16980,58
432,18,152978,49
433,18,278253,55
434,18,71378,44
435,18,66049,43
436,18,86632,45
437,18,162,55
438,18,36955,42
439,18,303900,39
440,18,50512,54
441,18,11418,43
442,18,4046,40
443,18,131343,49
444,18,31745,47
445,18,192333,49
446,18,596194,80
447,18,3724,45
448,18,2195092,55
449,18,45656,44
450,18,65536,43
451,18,31910,39
452,18,9663,43
453,18,6279,45
454,18,75609,84
455,18,141398,50
456,18,7262,44
457,18,187107,48
458,18,165798,70
459,18,20329,48
460,18,14235,51
461,18,142366,45
462,18,771,45
463,18,78386,41
464,18,110695,56
465,18,273239,80
466,18,1095,50
467,18,390615,48
468,18,80489,52
469,18,46101,50
470,18,36119,43
471,18,7152,44
472,18,7672,48
473,18,109707,43
474,18,19705,42
475,18,464394,50
476,18,30586,68
477,18,42197,44
478,18,569678,50
479,18,8167,47
480,18,175763,55
481,18,16683,57
482,18,33916,50
483,18,85728,53
484,18,196063,44
485,18,20773,44
486,18,196354,49
487,18,105370,42
488,18,1840,55
489,18,170851,39
490,18,414,50
491,18,26818,55
492,18,223775,39
493,18,29585,55
494,18,127141,39
495,18,2127,40
496,18,29832,45
497,18,77516,39
498,18,576,40
499,18,474,40
500,18,16244,40
501,18,54041,39
502,18,41986,38
503,18,41672,47
504,18,244173,42
505,18,552,49
506,18,16275,49
507,18,4940,43
508,18,27383,65
509,18,36533,43
510,18,24197,49
511,18,644,44
512,18,35990,52
513,18,40154,48
514,18,11880,50
515,18,5437,52
516,18,69017,44
517,18,13634,43
518,18,173234,39
519,18,348773,63
520,18,725467,55
521,18,1746,44
522,18,23052,41
523,18,8854,43
524,18,4366,48
525,18,4784,43
526,18,603907,46
527,18,151406,54
528,18,9371,53
529,18,97514,67
530,18,5315,44
531,18,5214,43
532,18,16812,43
533,18,670082,45
534,18,14065,52
535,18,55956,49
536,18,2336,49
537,18,5290,40
538,18,79045,44
539,18,4326,44
540,18,15236,40
541,18,64783,45
542,18,5070,40
543,18,11515,40
544,18,32946,40
545,18,134558,40
546,18,4988,44
547,18,16866,40
548,18,365339,39
549,18,2279,48
550,18,5240,44
551,18,27038,43
552,18,16211,44
553,18,3915,43
554,18,3211,50
555,18,41928,39
556,18,11715,44
557,18,100912,39
558,18,611465,39
559,18,8108,44
560,18,3236,44
561,18,7558,44
562,18,631,49
563,18,11112,40
564,18,4248,44
565,18,4309,45
566,18,5005,44
567,18,14637,44
568,18,37698,44
569,18,92625,43
570,18,5049,45
571,18,16072,40
572,18,3278,44
573,18,28551,39
574,18,20041,45
575,18,5595,59
576,18,13674,45
577,18,15561,48
578,18,5910,40
579,18,24403,59
580,18,7464,51
581,18,5894,40
582,18,2245,49
583,18,14788,45
584,18,1303,45
585,18,15529,58
586,18,82293,45
587,18,8452,45
588,18,32260,45
589,18,14122,48
590,18,14432,40
591,18,16558,45
592,18,2628,40
593,18,227477,49
594,18,110161,66
595,18,102947,40
596,18,26820,45
597,18,2172,45
598,18,3945,40
599,18,690,45
600,18,777,45
601,18,1884,45
602,18,14253,43
603,18,65843,59
604,18,3569,45
605,18,6922,40
606,18,164,45
607,18,8603,45
608,18,1479,53
609,18,445647,75
610,18,184498,50
611,18,6126,49
612,18,33092,45
613,18,2898,43
614,18,18441,55
615,18,501,40
616,18,4909,50
617,18,115681,86
618,18,12072,55
619,18,19729,50
620,18,2651,48
621,18,2793,45
622,18,6377,40
623,18,3229,45
624,18,1269,47
625,18,37982,55
626,18,6125,40
627,18,1815,40
628,18,8060,45
629,18,6486,45
630,18,833,45
631,18,6564,40
632,18,738,45
633,18,4220,40
634,18,17994,45
635,18,2418,40
636,18,3476,40
637,18,3568,40
638,18,5037,40
639,18,515,45
640,18,3261,40
641,18,418,45
642,18,4325,40
643,18,356,45
644,18,1270,40
645,18,1699,40
646,18,1919,40
647,18,292,45
648,18,304,45
649,18,1484,40
650,18,363,45
651,18,461,45
652,18,1726,40
653,18,675,45
654,18,216,45
655,18,1363,40
656,18,750,40
657,18,6857,45
658,18,892,45
659,18,2049,45
660,18,2845,45
661,18,1083,45
662,18,4066,45
663,18,1629,45
664,18,1273,40
665,18,297,45
666,18,2260,45
667,18,82,45
668,18,34,45
669,18,1369,45
670,18,305,40
671,18,522,45
672,18,33,45
673,18,89,45
674,18,155,40
675,18,140,40
676,18,0,45
677,18,0,45
678,18,0,45
1,19,14456,42
2,19,260929,45
3,19,371502,51
4,19,91604,42
5,19,12199,42
6,19,56940,48
7,19,2459245,66
8,19,91372,47
9,19,11790,53
10,19,1499746,47
11,19,333874,65
12,19,39851,56
13,19,2259044,81
14,19,64896,42
15,19,1308952,49
16,19,1560507,52
17,19,799,45
18,19,26196,43
19,19,5305081,68
20,19,1800,45
21,19,4789,48
22,19,9315,45
23,19,4080,48
24,19,160251,39
25,19,15048,57
26,19,3811156,53
27,19,8525,46
28,19,3388877,80
29,19,349810,66
30,19,163134,65
31,19,438251,49
32,19,18118,42
33,19,234123,46
34,19,5764,49
35,19,165312,39
36,19,26765,43
37,19,61243,51
38,19,1084,44
39,19,392759,43
40,19,298234,71
41,19,15737,43
42,19,42291,57
43,19,412471,46
44,19,35704,44
45,19,438870,45
46,19,49485,48
47,19,74133,52
48,19,41117,43
49,19,1960,45
50,19,22220,47
51,19,3497,48
52,19,4069,54
53,19,10167,48
54,19,291034,42
55,19,230,45
56,19,87539,39
57,19,26312,44
58,19,2392,48
59,19,2991,44
60,19,1212,53
61,19,2987,52
62,19,146482,54
63,19,1887,47
64,19,48261,48
65,19,4737,43
66,19,484845,57
67,19,7780,49
68,19,16634,44
69,19,5486,53
70,19,63871,53
71,19,12193,44
72,19,49902,43
73,19,56710,43
74,19,8266,47
75,19,7230,52
76,19,17068,44
77,19,60266,39
78,19,44340,42
79,19,16125,53
80,19,2396801,75
81,19,754574,46
82,19,12622,50
83,19,491827,42
84,19,7335,45
85,19,109095,45
86,19,14896,55
87,19,2612,48
88,19,130895,48
89,19,18880,53
90,19,7072,43
91,19,3578,45
92,19,7754,44
93,19,3783,48
94,19,21220,45
95,19,190798,58
96,19,63740,39
97,19,5306,45
98,19,1922,40
99,19,100,45
100,19,6592,40
101,19,18029,49
102,19,75095,39
103,19,97822,65
104,19,1250371,56
105,19,14469,43
106,19,504998,47
107,19,74868,50
108,19,46367,45
109,19,309386,46
110,19,60439,60
111,19,2134247,69
112,19,1294700,52
113,19,1281048,46
114,19,131872,42
115,19,9029,44
116,19,310278,54
117,19,1620,44
118,19,5546,53
119,19,4819,45
120,19,29407,50
121,19,337,45
122,19,470,40
123,19,29080,51
124,19,34460,49
125,19,35254,47
126,19,2618,45
127,19,209838,48
128,19,861222,54
129,19,77190,53
130,19,250746,58
131,19,3102,49
132,19,35365,49
133,19,826809,46
134,19,118682,48
135,19,40379,55
136,19,13684,50
137,19,18687,79
138,19,25263,39
139,19,215212,58
140,19,84089,57
141,19,77286,47
142,19,1177370,76
143,19,3768,50
144,19,3720,53
145,19,746361,78
146,19,1422839,57
147,19,792722,48
148,19,56176,57
149,19,45877,43
150,19,46448,53
151,19,4239,44
152,19,246542,45
153,19,106771,39
154,19,519,48
155,19,15627,55
156,19,34922,45
157,19,15314,45
158,19,42287,43
159,19,26605,53
160,19,1351742,74
161,19,12256,47
162,19,7488,44
163,19,3025,48
164,19,5367,43
165,19,262703,45
166,19,284701,52
167,19,126391,44
168,19,45114,52
169,19,323152,56
170,19,75619,44
171,19,32098,54
172,19,1177,45
173,19,45298,42
174,19,20784,39
175,19,12303,44
176,19,111037,40
177,19,47868,49
178,19,16309,45
179,19,642,54
180,19,36758,42
181,19,11633,53
182,19,630360,45
183,19,6484,48
184,19,5326,45
185,19,6982,53
186,19,104039,55
187,19,2120,45
188,19,12041,43
189,19,66867,53
190,19,4661,49
191,19,36954,79
192,19,8233,43
193,19,5234,43
194,19,92445,44
195,19,139105,53
196,19,1294,40
197,19,639434,40
198,19,19488,40
199,19,152769,44
200,19,5061,47
201,19,185516,45
202,19,2188,47
203,19,9559,44
204,19,6031,54
205,19,33686,55
206,19,1336,44
207,19,166139,40
208,19,24338,39
209,19,12970,45
210,19,3777005,71
211,19,92355,45
212,19,6611,57
213,19,18522,43
214,19,2847,48
215,19,49624,44
216,19,9495,43
217,19,27770,44
218,19,3818,54
219,19,86226,45
220,19,49243,50
221,19,8414,44
222,19,10403,45
223,19,5845,46
224,19,4099,44
225,19,702198,63
226,19,1279,49
227,19,38491,72
228,19,28335,44
229,19,64,50
230,19,17040,45
231,19,18339,60
232,19,9873,70
233,19,171315,58
234,19,255,45
235,19,113552,45
236,19,56388,39
237,19,1444037,42
238,19,201368,45
239,19,2521,45
240,19,111595,43
241,19,555,45
242,19,29535,51
243,19,26044,39
244,19,41842,48
245,19,9007,48
246,19,89102,55
247,19,11853,43
248,19,13284,50
249,19,18813,44
250,19,2725,39
251,19,6940,47
252,19,48041,43
253,19,655839,39
254,19,3439417,41
255,19,232334,91
256,19,2304,43
257,19,118329,43
258,19,1115793,47
259,19,166263,63
260,19,9873,47
261,19,454824,81
262,19,47610,61
263,19,4659,45
264,19,179044,68
265,19,23488,48
266,19,90875,49
267,19,25679,42
268,19,68639,43
269,19,46762,44
270,19,18027,42
271,19,106178,57
272,19,89714,43
273,19,35973,39
274,19,71291,44
275,19,56360,53
276,19,96341,59
277,19,85056,52
278,19,1972,49
279,19,396379,80
280,19,1611627,65
281,19,1714912,55
282,19,91672,53
283,19,3862989,129
284,19,613996,69
285,19,1939975,72
286,19,138085,44
287,19,4935,47
288,19,31086,88
289,19,20016,40
290,19,51051,48
291,19,1373,49
292,19,39318,45
293,19,718793,78
294,19,75428,50
295,19,2224431,40
296,19,42248,53
297,19,1728272,90
298,19,26853,39
299,19,461496,48
300,19,222039,73
301,19,3996343,125
302,19,200915,54
303,19,180974,75
304,19,577047,97
305,19,128751,68
306,19,5293847,73
307,19,1471113,54
308,19,121825,50
309,19,53456,58
310,19,1332,40
311,19,722975,69
312,19,667343,59
313,19,792620,50
314,19,1689706,82
315,19,171133,56
316,19,11124,43
317,19,409,45
318,19,9337012,122
319,19,155508,60
320,19,14095,39
321,19,20182,45
322,19,130136,38
323,19,19025,44
324,19,128899,38
325,19,13140,48
326,19,236815,102
327,19,1021733,49
328,19,69340,39
329,19,307901,48
330,19,40535,47
331,19,48807,51
332,19,1211079,50
333,19,361176,98
334,19,2207,50
335,19,3963664,69
336,19,18089,51
337,19,16248,42
338,19,18927,49
339,19,41771,40
340,19,347806,71
341,19,62527,43
342,19,725086,48
343,19,355712,38
344,19,45699,47
345,19,539113,67
346,19,2801760,46
347,19,2857,43
348,19,41414,39
349,19,2307,48
350,19,5979,42
351,19,2290,44
352,19,214,45
353,19,108278,39
354,19,97247,56
355,19,45031,42
356,19,548365,72
357,19,7370451,59
358,19,222883,45
359,19,7502,52
360,19,8809,43
361,19,5842,45
362,19,36153,39
363,19,6130,42
364,19,2070,43
365,19,297645,43
366,19,1334526,49
367,19,68011,48
368,19,372044,62
369,19,4588499,59
370,19,153163,44
371,19,76686,59
372,19,4294,44
373,19,70873,49
374,19,463553,57
375,19,237,45
376,19,2327643,53
377,19,466567,44
378,19,27612,42
379,19,12996,44
380,19,538697,42
381,19,82270,42
382,19,154,45
383,19,38725,43
384,19,1307,49
385,19,10866,44
386,19,6761,40
387,19,4555,50
388,19,11627,42
389,19,927,40
390,19,456,50
391,19,86214,47
392,19,1194,45
393,19,3743,42
394,19,90510,56
395,19,1176,49
396,19,2784,45
397,19,66993,57
398,19,1035909,47
399,19,4219,42
400,19,2898,48
401,19,18347,43
402,19,3440,48
403,19,2947,53
404,19,5106,43
405,19,8942,47
406,19,6686,52
407,19,503762,62
408,19,97509,55
409,19,79277,44
410,19,21035,42
411,19,202584,63
412,19,214,50
413,19,4903,44
414,19,35102,40
415,19,827,45
416,19,41737,43
417,19,99569,44
418,19,7159,50
419,19,1375,44
420,19,21323,44
421,19,16417,40
422,19,70971,45
423,19,17970,45
424,19,90251,39
425,19,498481,55
426,19,414791,39
427,19,3068339,116
428,19,649677,116
429,19,56367,46
430,19,751643,52
431,19,16813,58
432,19,145827,49
433,19,274746,55
434,19,70538,44
435,19,65328,43
436,19,84081,45
437,19,162,55
438,19,36754,42
439,19,301105,39
440,19,43155,54
441,19,11366,43
442,19,4013,40
443,19,135092,49
444,19,30720,47
445,19,188148,49
446,19,505887,80
447,19,3705,45
448,19,2157101,55
449,19,45123,44
450,19,64133,43
451,19,31830,39
452,19,9606,43
453,19,6233,45
454,19,73334,84
455,19,138431,50
456,19,7249,44
457,19,184702,48
458,19,163363,70
459,19,19830,48
460,19,14087,51
461,19,134308,45
462,19,769,45
463,19,76203,41
464,19,105500,56
465,19,262534,80
466,19,1095,50
467,19,380827,48
468,19,77670,52
469,19,44965,50
470,19,44222,43
471,19,7093,44
472,19,8179,48
473,19,108947,43
474,19,20908,42
475,19,466110,50
476,19,29395,67
477,19,41595,44
478,19,562788,50
479,19,8060,47
480,19,169905,55
481,19,16616,57
482,19,36686,50
483,19,84276,53
484,19,189799,44
485,19,20532,44
486,19,194612,49
487,19,105017,42
488,19,1835,55
489,19,170588,39
490,19,389,50
491,19,26369,55
492,19,223651,39
493,19,29235,55
494,19,125621,39
495,19,2112,40
496,19,29604,45
497,19,76825,39
498,19,574,40
499,19,472,40
500,19,16120,40
501,19,53209,39
502,19,44174,38
503,19,41395,47
504,19,276925,42
505,19,551,49
506,19,16385,49
507,19,4899,43
508,19,26954,65
509,19,35450,43
510,19,23999,49
511,19,638,44
512,19,35318,52
513,19,40092,48
514,19,11780,50
515,19,5431,52
516,19,68086,44
517,19,13561,43
518,19,173191,39
519,19,339102,63
520,19,751274,55
521,19,1733,44
522,19,22915,41
523,19,8815,43
524,19,4339,48
525,19,4783,43
526,19,639581,46
527,19,147651,54
528,19,9374,53
529,19,95154,67
530,19,5315,44
531,19,5212,43
532,19,16727,43
533,19,641172,45
534,19,13775,52
535,19,44811,48
536,19,2346,49
537,19,5252,40
538,19,89881,44
539,19,4308,44
540,19,15129,40
541,19,64088,45
542,19,5042,40
543,19,11444,40
544,19,32803,40
545,19,132446,40
546,19,4915,44
547,19,16857,40
548,19,358554,39
549,19,2217,48
550,19,5181,44
551,19,26364,43
552,19,16035,44
553,19,3884,43
554,19,3261,50
555,19,41770,39
556,19,11583,44
557,19,101098,39
558,19,633944,39
559,19,8470,44
560,19,3214,44
561,19,7414,44
562,19,616,49
563,19,11108,40
564,19,4068,44
565,19,4273,45
566,19,4935,44
567,19,14453,44
568,19,37197,44
569,19,84359,42
570,19,4896,45
571,19,16024,40
572,19,3243,44
573,19,42187,39
574,19,19674,45
575,19,5565,59
576,19,12620,45
577,19,14410,48
578,19,5885,40
579,19,23523,59
580,19,7352,51
581,19,5835,40
582,19,2260,49
583,19,14225,45
584,19,1314,45
585,19,15067,58
586,19,83995,45
587,19,8365,45
588,19,29134,45
589,19,13883,48
590,19,14319,40
591,19,16587,45
592,19,2645,40
593,19,226704,49
594,19,107330,66
595,19,108135,40
596,19,35667,45
597,19,2152,45
598,19,3901,40
599,19,686,45
600,19,790,45
601,19,1871,45
602,19,14322,43
603,19,62723,59
604,19,3557,45
605,19,6958,40
606,19,162,45
607,19,8477,45
608,19,1407,53
609,19,423479,74
610,19,191588,50
611,19,6307,49
612,19,30316,44
613,19,2847,43
614,19,26609,55
615,19,500,40
616,19,5718,50
617,19,107002,86
618,19,12064,55
619,19,20838,50
620,19,2619,48
621,19,2858,45
622,19,6212,40
623,19,3226,45
624,19,1320,47
625,19,36944,55
626,19,6124,40
627,19,1887,40
628,19,14437,45
629,19,6700,44
630,19,841,45
631,19,6594,40
632,19,732,45
633,19,4284,40
634,19,17505,45
635,19,2428,40
636,19,3658,40
637,19,3601,40
638,19,5184,40
639,19,518,45
640,19,3320,40
641,19,420,45
642,19,4364,40
643,19,352,45
644,19,1255,40
645,19,1758,40
646,19,1948,40
647,19,293,45
648,19,322,45
649,19,1467,40
650,19,377,45
651,19,454,45
652,19,1812,40
653,19,622,45
654,19,214,45
655,19,1389,40
656,19,753,40
657,19,6624,45
658,19,866,45
659,19,2060,45
660,19,2846,45
661,19,969,44
662,19,4214,45
663,19,1724,45
664,19,1274,40
665,19,306,45
666,19,2317,45
667,19,97,45
668,19,55,45
669,19,1567,45
670,19,489,40
671,19,809,45
672,19,60,45
673,19,168,45
674,19,279,40
675,19,252,40
676,19,17,45
677,19,17,45
678,19,29,45
679,19,11,45
680,19,37473,80
681,19,272,50
682,19,2640,55
683,19,69,45
684,19,0,50
685,19,0,45
686,19,0,45
687,19,0,45
689,19,0,50
690,19,0,75
1,20,14425,42
2,20,252553,45
3,20,349243,50
4,20,90147,42
5,20,12150,42
6,20,55640,48
7,20,2736033,67
8,20,88248,47
9,20,11726,53
10,20,1493471,47
11,20,377070,66
12,20,39932,56
13,20,2232351,81
14,20,64422,42
15,20,1274675,49
16,20,1518408,52
17,20,791,45
18,20,25801,43
19,20,5265161,68
20,20,1793,45
21,20,4743,48
22,20,9234,45
23,20,3728,47
24,20,164399,39
25,20,14879,57
26,20,3794569,53
27,20,8533,46
28,20,3187556,79
29,20,348099,66
30,20,177743,64
31,20,453279,49
32,20,18080,42
33,20,236051,46
34,20,5726,49
35,20,182337,39
36,20,26332,43
37,20,57950,51
38,20,1074,44
39,20,426426,43
40,20,341152,71
41,20,15456,43
42,20,46302,57
43,20,395527,46
44,20,37425,44
45,20,427978,45
46,20,55566,48
47,20,71796,52
48,20,41712,43
49,20,1939,45
50,20,22083,47
51,20,3460,48
52,20,4050,54
53,20,10244,48
54,20,274714,42
55,20,226,45
56,20,89038,39
57,20,21427,44
58,20,2329,48
59,20,2845,44
60,20,1206,53
61,20,2954,52
62,20,134758,53
63,20,1883,47
64,20,47360,48
65,20,4712,43
66,20,433328,57
67,20,7621,49
68,20,16455,44
69,20,5489,53
70,20,55935,52
71,20,12007,44
72,20,49233,43
73,20,56435,43
74,20,8290,47
75,20,7185,52
76,20,16385,44
77,20,59519,39
78,20,42939,42
79,20,24004,53
80,20,2273660,74
81,20,847192,46
82,20,16523,50
83,20,489966,42
84,20,7528,45
85,20,127890,45
86,20,15223,55
87,20,2634,48
88,20,133032,48
89,20,36311,53
90,20,9197,43
91,20,3550,45
92,20,14568,44
93,20,3638,48
94,20,20386,45
95,20,424334,59
96,20,63644,39
97,20,5243,45
98,20,1894,40
99,20,99,45
100,20,6480,40
101,20,16562,49
102,20,75905,39
103,20,95001,65
104,20,1269943,56
105,20,14154,43
106,20,482011,47
107,20,118677,50
108,20,44392,45
109,20,307862,46
110,20,58108,60
111,20,1442274,68
112,20,1107418,52
113,20,1246739,46
114,20,130632,42
115,20,8871,44
116,20,339536,54
117,20,1627,44
118,20,5477,53
119,20,5396,45
120,20,29824,50
121,20,335,45
122,20,463,40
123,20,28374,51
124,20,114302,49
125,20,34819,47
126,20,2591,45
127,20,196841,48
128,20,829901,54
129,20,76771,53
130,20,237336,58
131,20,3092,49
132,20,35507,49
133,20,767208,46
134,20,117818,48
135,20,41659,55
136,20,13094,50
137,20,18616,79
138,20,24872,39
139,20,207945,58
140,20,63450,57
141,20,67652,46
142,20,878233,76
143,20,3754,50
144,20,3697,53
145,20,616891,78
146,20,1296406,57
147,20,763257,48
148,20,54491,57
149,20,44940,43
150,20,43994,53
151,20,4210,44
152,20,248110,45
153,20,106849,39
154,20,521,48
155,20,15522,55
156,20,35779,45
157,20,17053,45
158,20,41049,43
159,20,30275,53
160,20,1369912,73
161,20,13013,47
162,20,7508,44
163,20,3062,48
164,20,5303,43
165,20,270313,45
166,20,286629,52
167,20,126865,44
168,20,43783,51
169,20,361428,56
170,20,73210,44
171,20,50775,54
172,20,1163,45
173,20,44195,42
174,20,20465,39
175,20,12402,44
176,20,109429,40
177,20,45222,49
178,20,16311,45
179,20,666,54
180,20,34978,42
181,20,11564,53
182,20,614012,45
183,20,6431,48
184,20,5241,45
185,20,6968,53
186,20,85731,54
187,20,2101,45
188,20,11803,43
189,20,82729,53
190,20,4654,49
191,20,41897,79
192,20,8143,43
193,20,5621,43
194,20,87674,44
195,20,129175,52
196,20,1288,40
197,20,539749,40
198,20,19248,40
199,20,143380,43
200,20,4953,47
201,20,181745,45
202,20,2163,47
203,20,9430,44
204,20,5939,54
205,20,24170,55
206,20,1326,44
207,20,163293,40
208,20,23896,39
209,20,12951,45
210,20,3701805,72
211,20,87445,45
212,20,6523,57
213,20,18402,43
214,20,2830,48
215,20,45308,44
216,20,9231,43
217,20,24220,44
218,20,3789,54
219,20,84488,45
220,20,41236,50
221,20,8966,44
222,20,10910,45
223,20,5834,46
224,20,4036,44
225,20,830603,63
226,20,1281,49
227,20,38437,72
228,20,27950,44
229,20,64,50
230,20,17864,45
231,20,17554,60
232,20,9831,70
233,20,169726,58
234,20,253,45
235,20,115463,45
236,20,56325,39
237,20,1433644,42
238,20,202428,45
239,20,2640,45
240,20,95990,43
241,20,549,45
242,20,28525,51
243,20,26568,39
244,20,41127,48
245,20,8878,48
246,20,85646,55
247,20,11715,43
248,20,13207,50
249,20,18298,44
250,20,2729,39
251,20,6894,47
252,20,47389,43
253,20,653564,39
254,20,3400376,41
255,20,233282,91
256,20,2279,43
257,20,111639,42
258,20,1016013,46
259,20,161737,62
260,20,9657,47
261,20,391607,80
262,20,47169,61
263,20,4600,45
264,20,167908,68
265,20,23401,48
266,20,76697,49
267,20,25443,42
268,20,62379,42
269,20,43919,44
270,20,17509,42
271,20,99768,57
272,20,87455,43
273,20,35842,39
274,20,69155,44
275,20,55550,53
276,20,97989,59
277,20,82987,52
278,20,3520,49
279,20,356472,80
280,20,1307412,65
281,20,1618624,55
282,20,90748,53
283,20,3309325,129
284,20,591448,69
285,20,1964533,73
286,20,124490,44
287,20,5058,47
288,20,30783,88
289,20,20101,40
290,20,54920,48
291,20,1425,49
292,20,34314,45
293,20,706707,78
294,20,70575,49
295,20,2071901,40
296,20,38277,53
297,20,1191377,89
298,20,27127,39
299,20,456854,48
300,20,227298,73
301,20,4312218,125
302,20,277594,54
303,20,434368,75
304,20,462389,97
305,20,150209,68
306,20,4837585,72
307,20,1548650,54
308,20,245608,50
309,20,53886,57
310,20,1316,40
311,20,724222,68
312,20,632862,59
313,20,801815,50
314,20,1637511,82
315,20,181169,56
316,20,10911,43
317,20,404,45
318,20,9422424,122
319,20,172206,60
320,20,13879,39
321,20,20096,45
322,20,121564,38
323,20,18880,44
324,20,128505,38
325,20,13182,48
326,20,232096,102
327,20,1092843,49
328,20,68129,39
329,20,314785,48
330,20,42738,47
331,20,48553,51
332,20,2064260,51
333,20,413542,98
334,20,2198,50
335,20,4753747,70
336,20,17817,51
337,20,15781,42
338,20,18588,49
339,20,40985,40
340,20,337819,71
341,20,96201,43
342,20,648111,47
343,20,362690,38
344,20,44684,47
345,20,569244,66
346,20,2602887,46
347,20,2923,43
348,20,40677,39
349,20,2229,48
350,20,6066,42
351,20,2270,44
352,20,212,45
353,20,105669,39
354,20,92051,56
355,20,43094,42
356,20,532840,72
357,20,7479821,60
358,20,251662,45
359,20,7477,52
360,20,8708,43
361,20,5785,45
362,20,35800,39
363,20,6099,42
364,20,2053,43
365,20,284136,43
366,20,1456154,50
367,20,62437,48
368,20,363299,62
369,20,4673976,59
370,20,149242,44
371,20,81447,59
372,20,4349,44
373,20,68784,48
374,20,447468,57
375,20,236,45
376,20,2495202,54
377,20,568451,45
378,20,28320,42
379,20,12649,44
380,20,539358,42
381,20,82548,42
382,20,153,45
383,20,37629,43
384,20,1294,49
385,20,10630,44
386,20,6647,40
387,20,4503,50
388,20,13970,42
389,20,918,40
390,20,455,50
391,20,84412,47
392,20,1183,45
393,20,3774,42
394,20,91381,56
395,20,1171,49
396,20,2742,45
397,20,69827,57
398,20,1029872,47
399,20,4142,42
400,20,2842,48
401,20,17842,43
402,20,3406,48
403,20,2924,53
404,20,5038,43
405,20,8321,47
406,20,6764,52
407,20,499764,62
408,20,94406,55
409,20,80624,44
410,20,20801,42
411,20,180762,63
412,20,213,50
413,20,5476,44
414,20,34518,40
415,20,813,45
416,20,40838,43
417,20,85588,43
418,20,7333,50
419,20,1373,44
420,20,22249,44
421,20,16212,40
422,20,71985,45
423,20,16547,45
424,20,91043,39
425,20,500723,55
426,20,409717,39
427,20,3862883,116
428,20,721546,116
429,20,126741,46
430,20,742352,52
431,20,16535,58
432,20,138479,48
433,20,360531,55
434,20,69282,44
435,20,64312,43
436,20,80793,45
437,20,162,55
438,20,36332,42
439,20,296875,39
440,20,38421,54
441,20,11729,43
442,20,3959,40
443,20,144355,49
444,20,30415,47
445,20,183401,49
446,20,460303,79
447,20,3667,45
448,20,2330414,55
449,20,44548,44
450,20,62651,43
451,20,31731,39
452,20,9615,43
453,20,6162,45
454,20,71871,84
455,20,135038,50
456,20,7185,44
457,20,177421,48
458,20,161952,70
459,20,19747,48
460,20,13716,51
461,20,124179,44
462,20,763,45
463,20,69242,41
464,20,99336,56
465,20,255696,80
466,20,1088,50
467,20,369377,48
468,20,74779,52
469,20,43905,50
470,20,37106,43
471,20,7036,44
472,20,9653,48
473,20,106548,43
474,20,23437,42
475,20,444556,50
476,20,30048,67
477,20,40550,44
478,20,543770,50
479,20,7724,47
480,20,164550,55
481,20,16789,57
482,20,37207,50
483,20,82816,53
484,20,179641,44
485,20,20223,44
486,20,191855,49
487,20,107271,42
488,20,1826,55
489,20,183398,39
490,20,395,50
491,20,26066,55
492,20,228370,39
493,20,30590,55
494,20,125598,39
495,20,2085,40
496,20,29229,45
497,20,76515,39
498,20,571,40
499,20,468,40
500,20,15954,40
501,20,53638,39
502,20,44441,38
503,20,41863,47
504,20,261869,42
505,20,576,49
506,20,16605,49
507,20,4848,43
508,20,26309,65
509,20,34217,43
510,20,23626,49
511,20,624,44
512,20,34259,52
513,20,42809,48
514,20,12180,50
515,20,5466,52
516,20,66967,44
517,20,13717,43
518,20,174762,39
519,20,398694,63
520,20,745281,55
521,20,1715,44
522,20,23141,41
523,20,8774,43
524,20,4284,48
525,20,4772,43
526,20,805447,46
527,20,141277,54
528,20,10563,53
529,20,93081,66
530,20,5368,44
531,20,5216,43
532,20,16545,43
533,20,643057,45
534,20,13503,52
535,20,34341,47
536,20,2335,49
537,20,5201,40
538,20,88175,44
539,20,4262,44
540,20,14924,40
541,20,62994,45
542,20,4988,40
543,20,11293,40
544,20,32759,40
545,20,130049,40
546,20,4867,44
547,20,17065,40
548,20,351528,39
549,20,2159,48
550,20,5091,44
551,20,25553,43
552,20,15790,44
553,20,3907,43
554,20,8509,50
555,20,42344,39
556,20,11453,44
557,20,107122,39
558,20,679504,39
559,20,8911,44
560,20,3208,44
561,20,7275,44
562,20,682,49
563,20,11267,40
564,20,3659,44
565,20,4234,45
566,20,4894,44
567,20,14187,44
568,20,36702,44
569,20,101962,42
570,20,4689,45
571,20,16069,40
572,20,3206,44
573,20,96695,39
574,20,19165,45
575,20,5511,59
576,20,12178,45
577,20,13965,48
578,20,5960,40
579,20,23340,59
580,20,7362,51
581,20,5778,40
582,20,2238,49
583,20,13378,45
584,20,1326,45
585,20,14287,57
586,20,80881,45
587,20,8356,45
588,20,27095,45
589,20,13939,48
590,20,14282,40
591,20,16416,45
592,20,2710,40
593,20,331328,49
594,20,119393,66
595,20,127189,40
596,20,124660,45
597,20,2133,45
598,20,3853,40
599,20,682,45
600,20,821,45
601,20,1871,45
602,20,15822,43
603,20,67312,59
604,20,3445,45
605,20,7112,40
606,20,161,45
607,20,8470,45
608,20,1348,53
609,20,411504,74
610,20,216734,50
611,20,6337,49
612,20,27142,44
613,20,2984,43
614,20,26892,55
615,20,495,40
616,20,6457,50
617,20,95842,86
618,20,13961,54
619,20,36637,50
620,20,2584,48
621,20,2677,45
622,20,6178,40
623,20,3491,45
624,20,1289,47
625,20,33821,55
626,20,6012,40
627,20,1906,40
628,20,35870,45
629,20,6156,44
630,20,867,45
631,20,6807,40
632,20,751,45
633,20,4084,40
634,20,17473,45
635,20,2527,40
636,20,3784,40
637,20,3825,40
638,20,5482,40
639,20,504,45
640,20,3497,40
641,20,421,45
642,20,4786,40
643,20,379,45
644,20,1319,40
645,20,1885,40
646,20,2185,40
647,20,369,45
648,20,437,45
649,20,1515,40
650,20,406,45
651,20,513,45
652,20,2068,40
653,20,601,45
654,20,226,45
655,20,1562,40
656,20,834,40
657,20,6998,45
658,20,942,45
659,20,2373,45
660,20,3254,45
661,20,1307,44
662,20,3701,45
663,20,2286,45
664,20,1506,40
665,20,398,45
666,20,2417,45
667,20,106,45
668,20,84,45
669,20,2075,45
670,20,837,40
671,20,1938,45
672,20,102,45
673,20,307,45
674,20,545,40
675,20,436,40
676,20,58,45
677,20,57,45
678,20,99,45
679,20,105,45
680,20,120882,80
681,20,879,50
682,20,9007,55
683,20,153,45
684,20,5090,50
685,20,401,45
686,20,1181,45
687,20,65,45
688,20,215,50
689,20,546,50
690,20,21260,75
691,20,268,45
692,20,1767,55
693,20,79,50
694,20,1254,45
695,20,0,45
696,20,0,45
697,20,0,45
698,20,0,45
701,20,0,60
1,21,14379,42
2,21,259831,45
3,21,330216,50
4,21,84202,42
5,21,12025,42
6,21,55646,48
7,21,3303060,68
8,21,86727,47
9,21,11685,53
10,21,1565679,47
11,21,372033,66
12,21,40341,56
13,21,2344020,81
14,21,63553,42
15,21,1326171,49
16,21,1522313,52
17,21,790,45
18,21,25415,43
19,21,5059745,68
20,21,1787,45
21,21,4693,48
22,21,9170,45
23,21,3572,47
24,21,157295,39
25,21,14869,57
26,21,3862900,53
27,21,8490,46
28,21,3084111,79
29,21,346565,66
30,21,183657,64
31,21,466501,49
32,21,18032,42
33,21,185069,46
34,21,5700,49
35,21,181003,39
36,21,25946,43
37,21,55869,51
38,21,1066,44
39,21,436610,43
40,21,253201,71
41,21,15208,43
42,21,62409,57
43,21,380270,46
44,21,38248,44
45,21,464472,45
46,21,52363,48
47,21,71977,52
48,21,41459,43
49,21,1920,45
50,21,21985,47
51,21,3441,48
52,21,4030,54
53,21,10467,48
54,21,258403,42
55,21,224,45
56,21,84624,39
57,21,23061,44
58,21,2293,48
59,21,2798,44
60,21,1188,53
61,21,2858,52
62,21,133474,53
63,21,1833,47
64,21,47095,48
65,21,4791,43
66,21,319420,56
67,21,7123,49
68,21,16294,44
69,21,5707,53
70,21,56342,52
71,21,13308,44
72,21,48742,43
73,21,57857,43
74,21,8272,47
75,21,7302,52
76,21,16512,44
77,21,58802,39
78,21,41498,42
79,21,22533,53
80,21,3263529,76
81,21,918063,46
82,21,17417,50
83,21,475518,42
84,21,9171,45
85,21,112024,45
86,21,14854,55
87,21,2612,48
88,21,136237,48
89,21,30765,53
90,21,8708,43
91,21,3524,45
92,21,19985,44
93,21,3524,48
94,21,19917,45
95,21,367914,59
96,21,62572,39
97,21,5193,45
98,21,1877,40
99,21,97,45
100,21,6425,40
101,21,16716,49
102,21,74732,39
103,21,104817,65
104,21,1264290,56
105,21,13820,43
106,21,542427,47
107,21,637706,51
108,21,44992,45
109,21,311540,46
110,21,55103,60
111,21,1114497,67
112,21,963618,52
113,21,1296246,46
114,21,129070,42
115,21,8759,44
116,21,360688,54
117,21,1571,44
118,21,5419,53
119,21,5233,45
120,21,30620,50
121,21,332,45
122,21,458,40
123,21,27881,51
124,21,327958,50
125,21,34148,47
126,21,2575,45
127,21,185335,48
128,21,852735,54
129,21,76488,53
130,21,231761,58
131,21,3071,49
132,21,34919,49
133,21,764559,46
134,21,117230,48
135,21,45202,55
136,21,12950,50
137,21,18579,79
138,21,24604,39
139,21,204034,58
140,21,55426,57
141,21,67154,46
142,21,729597,75
143,21,3744,50
144,21,3682,53
145,21,574840,78
146,21,1263402,57
147,21,741582,48
148,21,53764,57
149,21,43773,43
150,21,42669,53
151,21,4195,44
152,21,233320,45
153,21,104908,39
154,21,519,48
155,21,15451,55
156,21,33508,45
157,21,16127,45
158,21,39688,43
159,21,27484,53
160,21,1221360,73
161,21,12386,47
162,21,7427,44
163,21,3047,48
164,21,5206,43
165,21,227975,45
166,21,257090,52
167,21,123348,44
168,21,41998,51
169,21,299563,56
170,21,71673,44
171,21,46660,54
172,21,1154,45
173,21,39972,42
174,21,20143,39
175,21,12421,44
176,21,107325,40
177,21,43748,49
178,21,15978,44
179,21,646,54
180,21,34113,42
181,21,11526,53
182,21,597371,44
183,21,6381,48
184,21,5178,45
185,21,6919,53
186,21,79377,54
187,21,2088,45
188,21,11135,43
189,21,78564,53
190,21,4648,49
191,21,38827,79
192,21,8049,43
193,21,5723,43
194,21,79183,43
195,21,123415,52
196,21,1278,40
197,21,500091,40
198,21,19061,40
199,21,134221,43
200,21,4837,47
201,21,189638,45
202,21,2140,47
203,21,9283,44
204,21,5877,54
205,21,21155,55
206,21,1317,44
207,21,161183,40
208,21,23603,39
209,21,12898,45
210,21,3441604,71
211,21,82896,45
212,21,6573,57
213,21,18370,43
214,21,2804,48
215,21,45799,44
216,21,9005,43
217,21,23456,44
218,21,3774,54
219,21,83231,45
220,21,37511,50
221,21,7913,44
222,21,11439,45
223,21,5560,46
224,21,3902,44
225,21,877315,64
226,21,1271,49
227,21,49182,72
228,21,27655,44
229,21,64,50
230,21,16444,45
231,21,17294,60
232,21,9796,70
233,21,167161,58
234,21,251,45
235,21,113509,45
236,21,55330,39
237,21,1351936,42
238,21,200861,45
239,21,2786,45
240,21,72793,42
241,21,541,45
242,21,27828,51
243,21,25092,39
244,21,40580,48
245,21,8659,48
246,21,82120,54
247,21,11350,43
248,21,13154,50
249,21,18032,44
250,21,2768,39
251,21,6852,47
252,21,46869,43
253,21,642562,39
254,21,3354494,41
255,21,234050,91
256,21,2277,43
257,21,106246,42
258,21,946212,46
259,21,156397,62
260,21,9198,47
261,21,369114,80
262,21,46688,61
263,21,4558,45
264,21,155782,67
265,21,23304,48
266,21,70337,49
267,21,25254,42
268,21,59481,42
269,21,42118,44
270,21,16999,42
271,21,97710,57
272,21,85923,43
273,21,35960,39
274,21,68574,44
275,21,55011,53
276,21,96578,59
277,21,81280,52
278,21,2981,49
279,21,332650,80
280,21,1191583,65
281,21,1552900,55
282,21,89676,53
283,21,3073329,128
284,21,577705,68
285,21,1921705,73
286,21,119167,43
287,21,5088,47
288,21,30638,88
289,21,20162,40
290,21,58952,48
291,21,1447,49
292,21,31315,45
293,21,699177,78
294,21,69284,49
295,21,2027424,40
296,21,36252,52
297,21,948302,88
298,21,26867,39
299,21,456642,48
300,21,218923,73
301,21,4274732,125
302,21,276330,54
303,21,680349,76
304,21,413970,97
305,21,156896,68
306,21,4590624,72
307,21,1550202,54
308,21,272697,50
309,21,52199,57
310,21,1307,40
311,21,687786,68
312,21,626912,59
313,21,829199,50
314,21,1436581,81
315,21,178394,56
316,21,10648,43
317,21,402,45
318,21,9443086,122
319,21,179445,60
320,21,13738,39
321,21,19785,45
322,21,110698,38
323,21,18785,44
324,21,130149,38
325,21,13130,48
326,21,229497,102
327,21,1085458,49
328,21,67230,39
329,21,328724,48
330,21,41986,47
331,21,48820,51
332,21,2251831,52
333,21,530130,98
334,21,2191,50
335,21,5111990,71
336,21,17625,51
337,21,14667,42
338,21,18534,49
339,21,40539,40
340,21,332209,71
341,21,112949,43
342,21,577894,47
343,21,365374,38
344,21,43817,47
345,21,321792,66
346,21,2408378,45
347,21,2838,43
348,21,40067,39
349,21,2187,48
350,21,6095,42
351,21,2257,44
352,21,212,45
353,21,103333,39
354,21,87391,56
355,21,42237,42
356,21,523376,72
357,21,7594889,60
358,21,340570,45
359,21,7448,52
360,21,8664,43
361,21,5729,45
362,21,35621,39
363,21,6076,42
364,21,2041,43
365,21,277338,42
366,21,1632526,51
367,21,59921,48
368,21,359310,62
369,21,4553708,59
370,21,143316,43
371,21,80970,59
372,21,4453,44
373,21,64697,48
374,21,376934,56
375,21,233,45
376,21,2659081,54
377,21,622454,45
378,21,27231,42
379,21,12567,44
380,21,525075,42
381,21,79216,42
382,21,153,45
383,21,36809,43
384,21,1289,49
385,21,11596,44
386,21,6580,40
387,21,4475,50
388,21,19398,42
389,21,909,40
390,21,455,50
391,21,82783,47
392,21,1179,45
393,21,3835,42
394,21,156078,56
395,21,1162,49
396,21,2714,45
397,21,61882,57
398,21,957204,47
399,21,4095,42
400,21,2791,48
401,21,17515,43
402,21,3379,48
403,21,2912,53
404,21,5043,43
405,21,7703,47
406,21,6781,52
407,21,606232,62
408,21,91643,54
409,21,82949,44
410,21,19902,42
411,21,211030,63
412,21,213,50
413,21,5748,44
414,21,34115,40
415,21,808,45
416,21,39792,43
417,21,77783,43
418,21,7232,50
419,21,1348,44
420,21,22990,44
421,21,16023,40
422,21,73326,45
423,21,15759,45
424,21,89882,39
425,21,482729,55
426,21,406943,39
427,21,3972957,117
428,21,687518,116
429,21,113785,46
430,21,711577,51
431,21,16385,58
432,21,131229,48
433,21,306289,55
434,21,68417,44
435,21,63372,43
436,21,79419,45
437,21,161,55
438,21,36084,42
439,21,292979,39
440,21,38044,54
441,21,11399,43
442,21,3930,40
443,21,144958,49
444,21,29813,47
445,21,184131,49
446,21,477733,79
447,21,3637,45
448,21,2255811,55
449,21,43918,44
450,21,61416,43
451,21,31674,39
452,21,9532,43
453,21,6120,45
454,21,76737,84
455,21,135515,50
456,21,7261,44
457,21,180135,48
458,21,161572,70
459,21,19518,48
460,21,13575,51
461,21,123849,44
462,21,754,45
463,21,71036,41
464,21,94258,56
465,21,252169,80
466,21,1085,50
467,21,359257,48
468,21,72792,51
469,21,43214,50
470,21,35503,43
471,21,7020,44
472,21,10985,48
473,21,104031,43
474,21,21417,42
475,21,424209,50
476,21,29810,67
477,21,39829,44
478,21,545943,50
479,21,7612,47
480,21,159576,54
481,21,16779,57
482,21,40020,50
483,21,84964,53
484,21,184937,44
485,21,20023,44
486,21,190087,49
487,21,105798,42
488,21,1821,55
489,21,178303,39
490,21,389,50
491,21,25811,55
492,21,227040,39
493,21,58909,55
494,21,123247,39
495,21,2073,40
496,21,28945,45
497,21,75714,39
498,21,568,40
499,21,466,40
500,21,15775,40
501,21,52736,39
502,21,44717,38
503,21,41021,47
504,21,260104,42
505,21,584,49
506,21,16677,49
507,21,4817,43
508,21,26229,65
509,21,33705,42
510,21,23382,49
511,21,658,44
512,21,33268,51
513,21,40954,48
514,21,11833,50
515,21,5459,52
516,21,66915,44
517,21,13806,43
518,21,179893,39
519,21,380078,63
520,21,734469,55
521,21,1699,44
522,21,22936,41
523,21,8754,43
524,21,4270,48
525,21,4754,43
526,21,995217,47
527,21,138077,54
528,21,10215,53
529,21,87976,66
530,21,5511,44
531,21,5201,43
532,21,16402,43
533,21,634181,45
534,21,12994,52
535,21,28628,47
536,21,2379,49
537,21,5165,40
538,21,89353,44
539,21,4146,44
540,21,14817,40
541,21,62123,45
542,21,4951,40
543,21,11203,40
544,21,32688,40
545,21,127144,40
546,21,4771,44
547,21,16919,40
548,21,345295,39
549,21,2179,48
550,21,5044,44
551,21,24943,43
552,21,15555,44
553,21,3849,43
554,21,5747,50
555,21,41909,39
556,21,11341,44
557,21,105677,39
558,21,699587,39
559,21,15220,44
560,21,3124,44
561,21,7168,44
562,21,710,49
563,21,11342,40
564,21,3562,44
565,21,4176,45
566,21,4846,44
567,21,14029,44
568,21,36256,44
569,21,106203,42
570,21,4517,45
571,21,16091,40
572,21,3179,44
573,21,110882,39
574,21,21128,45
575,21,5452,59
576,21,13566,45
577,21,14300,48
578,21,5894,40
579,21,22409,58
580,21,7271,51
581,21,5791,40
582,21,2401,49
583,21,12933,45
584,21,1336,45
585,21,14159,57
586,21,122798,45
587,21,8319,45
588,21,25382,44
589,21,13700,48
590,21,14181,40
591,21,16288,45
592,21,2765,40
593,21,291372,49
594,21,201103,66
595,21,123287,40
596,21,197388,46
597,21,2111,45
598,21,3813,40
599,21,681,45
600,21,818,45
601,21,1854,45
602,21,22149,43
603,21,65892,59
604,21,3254,45
605,21,7113,40
606,21,161,45
607,21,8336,45
608,21,1378,53
609,21,382269,74
610,21,229677,50
611,21,6224,49
612,21,25593,43
613,21,3183,43
614,21,28559,55
615,21,495,40
616,21,4991,50
617,21,89576,85
618,21,15602,54
619,21,78170,50
620,21,2567,48
621,21,2604,45
622,21,5960,40
623,21,4019,45
624,21,1294,47
625,21,30718,54
626,21,5939,40
627,21,1737,40
628,21,164084,45
629,21,5691,44
630,21,858,45
631,21,6880,40
632,21,728,45
633,21,4140,39
634,21,15111,45
635,21,2727,40
636,21,3915,40
637,21,3849,40
638,21,5566,40
639,21,534,45
640,21,3131,40
641,21,428,45
642,21,4796,40
643,21,378,45
644,21,1340,40
645,21,2003,40
646,21,2298,40
647,21,342,45
648,21,380,45
649,21,1580,40
650,21,418,45
651,21,533,45
652,21,2203,40
653,21,532,44
654,21,242,45
655,21,1589,40
656,21,851,40
657,21,6974,45
658,21,938,45
659,21,2212,45
660,21,3043,45
661,21,1684,44
662,21,2882,45
663,21,2137,45
664,21,1684,40
665,21,421,45
666,21,2544,45
667,21,122,45
668,21,95,45
669,21,2269,45
670,21,987,40
671,21,1905,45
672,21,139,45
673,21,451,45
674,21,676,40
675,21,779,40
676,21,72,45
677,21,70,45
678,21,115,45
679,21,130,45
680,21,119032,80
681,21,1141,50
682,21,9815,55
683,21,108,45
684,21,5514,50
685,21,683,45
686,21,1359,45
687,21,128,45
688,21,270,50
689,21,12082,50
690,21,17325,75
691,21,633,45
692,21,2658,55
693,21,251,50
694,21,12871,45
695,21,318,45
696,21,56,45
697,21,476,45
698,21,107,45
699,21,70537,70
700,21,2086,55
701,21,40973,60
702,21,59,45
703,21,223,45
704,21,789,55
705,21,232,50
706,21,0,45
707,21,0,40
1,22,14703,42
2,22,258793,45
3,22,315354,50
4,22,82046,41
5,22,11971,42
6,22,51670,47
7,22,3824816,69
8,22,84001,46
9,22,11630,53
10,22,1539462,47
11,22,934782,67
12,22,40394,56
13,22,2855913,82
14,22,63843,42
15,22,1329449,49
16,22,1517943,52
17,22,781,45
18,22,25003,43
19,22,4558297,67
20,22,1772,45
21,22,4659,48
22,22,9056,45
23,22,3362,47
24,22,150256,39
25,22,14706,56
26,22,3927296,53
27,22,8319,46
28,22,2954923,79
29,22,343638,66
30,22,152419,64
31,22,486244,49
32,22,17863,42
33,22,160116,46
34,22,5658,49
35,22,183894,39
36,22,24804,43
37,22,54041,51
38,22,1051,44
39,22,462711,43
40,22,277063,71
41,22,14651,43
42,22,58844,57
43,22,376283,46
44,22,41988,44
45,22,443573,45
46,22,51311,48
47,22,71005,52
48,22,40602,43
49,22,1906,45
50,22,21860,47
51,22,3404,48
52,22,4002,54
53,22,10492,48
54,22,242111,42
55,22,222,45
56,22,79732,39
57,22,20450,44
58,22,2256,48
59,22,2658,44
60,22,1178,53
61,22,2786,52
62,22,120558,52
63,22,1785,47
64,22,45872,48
65,22,4718,43
66,22,231265,55
67,22,6645,49
68,22,15880,44
69,22,5492,53
70,22,42428,51
71,22,11898,44
72,22,45937,43
73,22,56157,43
74,22,8153,47
75,22,9079,52
76,22,15578,44
77,22,55368,39
78,22,39907,42
79,22,21390,53
80,22,3516054,77
81,22,1012532,47
82,22,14798,50
83,22,443768,42
84,22,12486,45
85,22,117046,45
86,22,14393,55
87,22,2625,48
88,22,135550,48
89,22,25593,53
90,22,9493,43
91,22,3498,45
92,22,28280,44
93,22,3442,48
94,22,19256,45
95,22,331462,58
96,22,59467,39
97,22,5112,45
98,22,1857,40
99,22,96,45
100,22,6319,40
101,22,13644,49
102,22,75194,39
103,22,110107,65
104,22,1201921,55
105,22,13766,43
106,22,553001,47
107,22,698760,52
108,22,44292,45
109,22,301666,46
110,22,53062,59
111,22,944891,67
112,22,933187,51
113,22,1273902,46
114,22,128574,42
115,22,8576,44
116,22,275123,54
117,22,1539,44
118,22,5342,53
119,22,5137,45
120,22,31870,50
121,22,327,45
122,22,454,40
123,22,27497,51
124,22,972691,51
125,22,33676,47
126,22,2549,45
127,22,173395,48
128,22,973917,55
129,22,76064,53
130,22,227293,58
131,22,3050,49
132,22,33201,49
133,22,830871,46
134,22,116237,48
135,22,48081,55
136,22,12914,50
137,22,18507,79
138,22,24199,39
139,22,201384,58
140,22,51419,57
141,22,67223,46
142,22,619162,74
143,22,3728,50
144,22,3661,53
145,22,561388,78
146,22,1281907,57
147,22,716761,48
148,22,53630,57
149,22,42393,43
150,22,40877,53
151,22,4155,44
152,22,232495,44
153,22,104636,39
154,22,514,48
155,22,15331,55
156,22,33030,44
157,22,15875,45
158,22,38534,42
159,22,26138,53
160,22,961355,72
161,22,11986,47
162,22,7182,44
163,22,3042,48
164,22,5106,43
165,22,198345,45
166,22,239364,51
167,22,120705,44
168,22,40451,51
169,22,258131,55
170,22,71169,44
171,22,41453,54
172,22,1145,45
173,22,33877,42
174,22,19785,39
175,22,12386,44
176,22,104509,40
177,22,42010,49
178,22,15566,44
179,22,686,54
180,22,33017,42
181,22,11449,53
182,22,572476,44
183,22,6318,48
184,22,5076,45
185,22,6846,53
186,22,73742,54
187,22,2063,45
188,22,10756,43
189,22,72480,53
190,22,4635,49
191,22,38743,79
192,22,7987,43
193,22,5202,43
194,22,70862,43
195,22,118812,52
196,22,1262,40
197,22,453337,39
198,22,18807,40
199,22,125054,42
200,22,4752,47
201,22,183026,45
202,22,2108,47
203,22,8940,44
204,22,5850,54
205,22,18705,55
206,22,1307,44
207,22,157572,40
208,22,23146,39
209,22,12807,45
210,22,3015744,70
211,22,77826,44
212,22,6708,57
213,22,18405,43
214,22,2768,48
215,22,44528,44
216,22,8577,43
217,22,23693,44
218,22,3744,54
219,22,81472,45
220,22,33876,50
221,22,7393,44
222,22,32405,45
223,22,5287,46
224,22,3792,44
225,22,792685,64
226,22,1287,49
227,22,82169,72
228,22,26665,44
229,22,63,50
230,22,15303,45
231,22,17201,60
232,22,9740,70
233,22,209417,58
234,22,245,45
235,22,135690,45
236,22,54455,39
237,22,1304899,41
238,22,229795,45
239,22,3280,45
240,22,62833,42
241,22,527,45
242,22,25201,51
243,22,23948,39
244,22,42271,48
245,22,9409,48
246,22,86369,54
247,22,11131,43
248,22,13059,50
249,22,17712,44
250,22,2753,39
251,22,6913,47
252,22,46298,43
253,22,633814,39
254,22,3264673,40
255,22,223124,91
256,22,2256,43
257,22,97770,42
258,22,854189,45
259,22,154070,62
260,22,8789,47
261,22,379991,80
262,22,46170,61
263,22,4500,45
264,22,153789,67
265,22,22595,48
266,22,67497,49
267,22,24985,42
268,22,55811,42
269,22,39948,44
270,22,16535,42
271,22,95029,57
272,22,83865,43
273,22,36027,39
274,22,67900,44
275,22,54383,53
276,22,93968,59
277,22,80229,52
278,22,2398,49
279,22,312653,80
280,22,1114549,65
281,22,1531948,54
282,22,88078,53
283,22,2649363,127
284,22,606736,68
285,22,1857728,73
286,22,123927,43
287,22,5233,47
288,22,30352,88
289,22,20220,40
290,22,59126,48
291,22,1465,49
292,22,29702,44
293,22,688119,78
294,22,68404,49
295,22,1952155,39
296,22,33770,52
297,22,883897,88
298,22,26922,39
299,22,436463,48
300,22,216250,73
301,22,3914774,124
302,22,266129,54
303,22,909301,77
304,22,390875,97
305,22,156669,68
306,22,3154305,71
307,22,1523968,54
308,22,349289,50
309,22,63944,57
310,22,1292,40
311,22,638448,68
312,22,637703,59
313,22,951573,50
314,22,1086937,80
315,22,175662,56
316,22,10459,43
317,22,402,45
318,22,9525877,122
319,22,181346,60
320,22,13549,39
321,22,19555,45
322,22,101745,38
323,22,18618,44
324,22,140708,38
325,22,13146,48
326,22,226464,102
327,22,1195046,50
328,22,65428,39
329,22,378901,48
330,22,41444,47
331,22,49781,51
332,22,2970001,53
333,22,1627425,99
334,22,2180,50
335,22,5783882,72
336,22,17417,51
337,22,13519,41
338,22,18241,49
339,22,39570,40
340,22,328541,71
341,22,172521,43
342,22,474893,47
343,22,333936,38
344,22,42647,47
345,22,237026,65
346,22,2135419,45
347,22,2804,43
348,22,38267,39
349,22,2187,48
350,22,6140,42
351,22,2220,44
352,22,208,45
353,22,99224,39
354,22,79461,56
355,22,41627,41
356,22,472911,71
357,22,7740218,61
358,22,459261,46
359,22,7416,52
360,22,8608,43
361,22,5653,45
362,22,35578,39
363,22,5912,42
364,22,2025,43
365,22,265347,42
366,22,1891925,52
367,22,57183,47
368,22,351554,61
369,22,3933407,58
370,22,138568,43
371,22,78650,59
372,22,4627,44
373,22,60699,47
374,22,337494,56
375,22,226,45
376,22,2823066,55
377,22,703696,45
378,22,25978,42
379,22,12326,43
380,22,514165,42
381,22,73504,42
382,22,152,45
383,22,36069,42
384,22,1282,49
385,22,10853,44
386,22,6445,40
387,22,4262,50
388,22,18159,42
389,22,897,40
390,22,450,50
391,22,87505,47
392,22,1168,45
393,22,3716,42
394,22,181834,56
395,22,1152,49
396,22,2653,45
397,22,55573,56
398,22,851780,47
399,22,4035,42
400,22,2834,48
401,22,17114,43
402,22,3332,48
403,22,2889,53
404,22,4971,43
405,22,7260,47
406,22,6568,52
407,22,596361,62
408,22,89102,54
409,22,77608,44
410,22,19814,42
411,22,205193,63
412,22,213,50
413,22,5667,44
414,22,33478,40
415,22,794,45
416,22,38885,42
417,22,68656,42
418,22,7157,50
419,22,1330,44
420,22,22473,44
421,22,15766,40
422,22,71966,45
423,22,15398,45
424,22,89217,39
425,22,467116,55
426,22,401452,39
427,22,4009730,117
428,22,654390,116
429,22,80007,46
430,22,673442,51
431,22,16202,58
432,22,125645,48
433,22,259624,55
434,22,67105,44
435,22,62313,43
436,22,76440,44
437,22,160,55
438,22,35682,42
439,22,287610,39
440,22,38195,54
441,22,11062,43
442,22,3884,40
443,22,145244,49
444,22,28992,47
445,22,186852,49
446,22,458710,79
447,22,3577,45
448,22,2176194,55
449,22,42691,44
450,22,59354,43
451,22,32284,39
452,22,9451,43
453,22,6041,45
454,22,77003,84
455,22,132292,50
456,22,7566,44
457,22,167645,48
458,22,161064,70
459,22,19340,48
460,22,13430,51
461,22,126047,44
462,22,747,45
463,22,76647,41
464,22,88524,56
465,22,276639,80
466,22,1079,50
467,22,348082,47
468,22,69935,51
469,22,41847,49
470,22,33103,43
471,22,7014,44
472,22,14883,48
473,22,103444,43
474,22,22574,42
475,22,399681,49
476,22,29908,67
477,22,38742,43
478,22,530887,50
479,22,7519,47
480,22,154192,54
481,22,16801,57
482,22,40073,50
483,22,84271,53
484,22,179157,43
485,22,19644,44
486,22,187241,49
487,22,102190,42
488,22,1808,55
489,22,178856,39
490,22,400,50
491,22,25566,54
492,22,219503,39
493,22,41980,55
494,22,121344,39
495,22,2032,40
496,22,28518,45
497,22,74852,39
498,22,563,40
499,22,464,40
500,22,15574,40
501,22,52452,39
502,22,48148,38
503,22,39651,47
504,22,237749,42
505,22,631,49
506,22,16887,49
507,22,4760,43
508,22,32039,65
509,22,36149,42
510,22,24028,49
511,22,625,44
512,22,32173,51
513,22,38898,48
514,22,11602,50
515,22,5410,52
516,22,66150,44
517,22,13898,43
518,22,183102,39
519,22,309973,63
520,22,706469,55
521,22,1675,44
522,22,22172,41
523,22,8684,43
524,22,4216,48
525,22,4740,43
526,22,1202090,48
527,22,136350,54
528,22,9996,53
529,22,78174,66
530,22,6009,44
531,22,5199,43
532,22,16258,43
533,22,774388,45
534,22,12707,51
535,22,23901,47
536,22,2371,49
537,22,5101,40
538,22,90361,44
539,22,4046,44
540,22,14565,40
541,22,60927,45
542,22,4874,40
543,22,11052,40
544,22,33027,40
545,22,129292,40
546,22,4722,44
547,22,16518,40
548,22,333626,39
549,22,2160,48
550,22,4937,44
551,22,23925,43
552,22,15265,44
553,22,3834,43
554,22,4246,50
555,22,40903,39
556,22,11061,44
557,22,102948,39
558,22,722025,39
559,22,11738,44
560,22,3244,44
561,22,7003,44
562,22,818,49
563,22,11204,40
564,22,3838,44
565,22,4116,45
566,22,4786,44
567,22,13587,44
568,22,35420,44
569,22,94258,42
570,22,4425,45
571,22,16161,40
572,22,3146,44
573,22,175546,39
574,22,20310,45
575,22,5394,59
576,22,11904,45
577,22,14075,48
578,22,5925,40
579,22,20752,58
580,22,7133,51
581,22,5670,40
582,22,2397,49
583,22,12328,45
584,22,1339,45
585,22,13606,57
586,22,310318,46
587,22,8429,45
588,22,23117,44
589,22,13394,48
590,22,14160,40
591,22,16358,45
592,22,2837,40
593,22,381986,49
594,22,183960,66
595,22,116600,40
596,22,255673,46
597,22,2098,45
598,22,3750,40
599,22,677,45
600,22,841,45
601,22,1862,45
602,22,22949,43
603,22,62016,59
604,22,3086,45
605,22,7335,40
606,22,161,45
607,22,8204,45
608,22,1293,53
609,22,376062,73
610,22,280867,50
611,22,6140,49
612,22,23188,43
613,22,3302,43
614,22,27641,55
615,22,490,40
616,22,4278,49
617,22,84124,85
618,22,16502,54
619,22,173795,50
620,22,2536,48
621,22,2505,45
622,22,5765,40
623,22,4025,45
624,22,1278,47
625,22,29533,54
626,22,6099,39
627,22,1637,40
628,22,170395,46
629,22,5290,44
630,22,889,45
631,22,7031,40
632,22,757,44
633,22,4422,39
634,22,13222,45
635,22,2821,40
636,22,4207,40
637,22,4062,40
638,22,5586,40
639,22,544,45
640,22,2851,40
641,22,464,45
642,22,5041,40
643,22,399,45
644,22,1427,40
645,22,2203,40
646,22,2515,40
647,22,356,45
648,22,334,45
649,22,1615,40
650,22,464,45
651,22,591,45
652,22,2279,40
653,22,492,43
654,22,260,45
655,22,1669,40
656,22,911,40
657,22,7446,45
658,22,955,44
659,22,2424,45
660,22,2468,45
661,22,1958,44
662,22,2397,45
663,22,2316,45
664,22,1945,40
665,22,414,45
666,22,2124,45
667,22,178,45
668,22,132,45
669,22,2760,45
670,22,934,40
671,22,2286,45
672,22,184,45
673,22,477,45
674,22,901,40
675,22,908,40
676,22,112,45
677,22,104,45
678,22,236,45
679,22,146,45
680,22,90055,78
681,22,1276,50
682,22,9732,55
683,22,90,45
684,22,6076,50
685,22,923,45
686,22,2519,45
687,22,147,45
688,22,308,50
689,22,59102,50
690,22,23285,75
691,22,10719,45
692,22,2469,55
693,22,371,50
694,22,18137,45
695,22,555,45
696,22,85,44
697,22,742,45
698,22,227,45
699,22,381406,70
700,22,4998,55
701,22,142311,60
702,22,198,45
703,22,508,45
704,22,1670,55
705,22,1390,50
706,22,382,45
707,22,237,40
708,22,3114,55
709,22,628,45
710,22,412,40
711,22,672,55
712,22,30,45
713,22,2283,65
714,22,730,50
715,22,715,55
716,22,247,45
717,22,294,40
718,22,135,45
719,22,125,45
720,22,5613,50
721,22,204,45
722,22,250,45
723,22,143,45
724,22,29803,50
725,22,52,45
726,22,172,45
727,22,1148,45
728,22,5294,50
729,22,8307,45
730,22,390,45
731,22,490,50
732,22,1768,55
733,22,19722,50
734,22,52,50
735,22,0,45
736,22,0,40
737,22,0,40
738,22,0,40
739,22,0,40
740,22,0,40
1,23,14828,42
2,23,273675,45
3,23,320392,49
4,23,76867,41
5,23,11934,42
6,23,52594,47
7,23,4195165,70
8,23,82602,46
9,23,11609,53
10,23,1515384,47
11,23,1363903,68
12,23,39761,56
13,23,3425459,83
14,23,63228,42
15,23,1349701,49
16,23,1554668,52
17,23,781,45
18,23,24982,43
19,23,4212329,66
20,23,1768,45
21,23,4634,48
22,23,8999,45
23,23,3289,47
24,23,144812,39
25,23,14731,56
26,23,3955500,53
27,23,8114,46
28,23,2912838,79
29,23,342928,66
30,23,145197,64
31,23,471023,49
32,23,17772,42
33,23,155901,46
34,23,5635,49
35,23,185125,39
36,23,24188,43
37,23,53802,51
38,23,1046,44
39,23,439914,43
40,23,286114,71
41,23,14185,43
42,23,55974,57
43,23,372502,46
44,23,38298,44
45,23,418863,45
46,23,48120,48
47,23,69469,52
48,23,40039,43
49,23,1898,45
50,23,21800,47
51,23,3387,48
52,23,3992,54
53,23,10421,48
54,23,234198,42
55,23,222,45
56,23,77630,39
57,23,20000,43
58,23,2235,48
59,23,2632,44
60,23,1179,53
61,23,2757,52
62,23,113635,52
63,23,1759,47
64,23,45365,48
65,23,4683,43
66,23,205449,55
67,23,6463,49
68,23,15584,44
69,23,5438,53
70,23,39962,51
71,23,11753,44
72,23,44847,42
73,23,55447,43
74,23,7887,47
75,23,8734,52
76,23,15435,43
77,23,53418,39
78,23,39060,42
79,23,19891,53
80,23,3203298,76
81,23,1019273,47
82,23,12368,50
83,23,440693,41
84,23,11801,45
85,23,125043,45
86,23,14037,55
87,23,2635,48
88,23,140971,48
89,23,25099,53
90,23,8939,43
91,23,3481,45
92,23,28994,44
93,23,3446,48
94,23,18940,45
95,23,346694,58
96,23,57102,39
97,23,5066,45
98,23,1845,40
99,23,95,45
100,23,6247,40
101,23,12692,49
102,23,78149,39
103,23,109557,65
104,23,1169287,55
105,23,13720,43
106,23,560215,47
107,23,619936,52
108,23,43986,45
109,23,299018,46
110,23,52778,59
111,23,882146,67
112,23,911775,51
113,23,1271446,46
114,23,130109,42
115,23,8500,44
116,23,273364,54
117,23,1549,44
118,23,5320,53
119,23,5237,45
120,23,32171,50
121,23,327,45
122,23,453,40
123,23,27542,51
124,23,1461183,53
125,23,33739,47
126,23,2538,45
127,23,165806,48
128,23,1030570,55
129,23,75893,53
130,23,224699,58
131,23,3035,49
132,23,31644,49
133,23,934851,46
134,23,115859,48
135,23,47839,55
136,23,12876,50
137,23,18476,79
138,23,23993,39
139,23,203597,58
140,23,50264,57
141,23,62541,46
142,23,559682,73
143,23,3716,50
144,23,3652,53
145,23,501997,77
146,23,1372317,57
147,23,706308,48
148,23,53581,57
149,23,41902,42
150,23,40265,53
151,23,4139,44
152,23,228822,44
153,23,104251,39
154,23,542,48
155,23,15282,55
156,23,31922,44
157,23,16329,45
158,23,37928,42
159,23,25813,53
160,23,878895,72
161,23,12609,47
162,23,7130,44
163,23,3076,48
164,23,5086,43
165,23,182544,45
166,23,233614,51
167,23,120914,44
168,23,39848,51
169,23,242905,55
170,23,71498,44
171,23,43389,54
172,23,1139,45
173,23,31593,42
174,23,19599,39
175,23,12354,44
176,23,102106,40
177,23,41278,49
178,23,17989,44
179,23,652,54
180,23,32511,42
181,23,11419,53
182,23,574843,44
183,23,6297,48
184,23,5036,45
185,23,7141,53
186,23,74617,54
187,23,2053,45
188,23,10453,43
189,23,68629,53
190,23,4671,49
191,23,36904,79
192,23,7965,43
193,23,5299,43
194,23,72589,43
195,23,118069,52
196,23,1255,40
197,23,428450,39
198,23,18656,40
199,23,198624,42
200,23,4643,47
201,23,214427,45
202,23,2096,47
203,23,8631,44
204,23,5783,54
205,23,18669,55
206,23,1302,44
207,23,155474,40
208,23,22904,39
209,23,12750,45
210,23,2960828,70
211,23,75113,44
212,23,7081,57
213,23,18397,43
214,23,2755,48
215,23,52687,44
216,23,8216,43
217,23,28085,44
218,23,3728,54
219,23,80572,45
220,23,33847,50
221,23,7087,44
222,23,27086,45
223,23,5191,46
224,23,3744,44
225,23,550050,64
226,23,1299,49
227,23,68489,72
228,23,25585,44
229,23,62,50
230,23,15302,45
231,23,17304,60
232,23,9723,70
233,23,187313,58
234,23,245,45
235,23,111923,45
236,23,54351,39
237,23,1282045,41
238,23,218485,45
239,23,3278,45
240,23,63554,42
241,23,522,45
242,23,23440,51
243,23,23446,39
244,23,40610,48
245,23,8695,48
246,23,79861,54
247,23,11035,43
248,23,13020,50
249,23,17547,44
250,23,2723,39
251,23,6494,47
252,23,45998,43
253,23,626666,39
254,23,3198639,40
255,23,221566,91
256,23,2291,43
257,23,92136,41
258,23,787001,45
259,23,152146,62
260,23,8504,47
261,23,416866,80
262,23,57706,61
263,23,4472,45
264,23,155599,67
265,23,22408,48
266,23,65954,49
267,23,24813,42
268,23,54131,42
269,23,39032,44
270,23,15375,41
271,23,91924,56
272,23,82969,43
273,23,35956,39
274,23,67352,44
275,23,54175,53
276,23,92567,59
277,23,78270,51
278,23,2218,49
279,23,306507,80
280,23,1086172,65
281,23,1483005,54
282,23,85705,53
283,23,2419880,127
284,23,579866,68
285,23,1810076,73
286,23,121852,43
287,23,5273,47
288,23,30964,88
289,23,20115,40
290,23,50277,48
291,23,1494,49
292,23,28871,44
293,23,683871,78
294,23,67652,49
295,23,1933093,39
296,23,33067,51
297,23,838045,87
298,23,26899,39
299,23,457067,48
300,23,220021,73
301,23,4064729,124
302,23,204893,54
303,23,1450169,78
304,23,387222,97
305,23,213552,68
306,23,2550288,71
307,23,1612719,54
308,23,516963,51
309,23,66331,57
310,23,1289,40
311,23,651109,68
312,23,655459,59
313,23,1007280,51
314,23,1002211,80
315,23,189667,56
316,23,10357,43
317,23,402,45
318,23,9556620,122
319,23,211224,60
320,23,13438,39
321,23,19467,45
322,23,95636,38
323,23,18543,44
324,23,140413,38
325,23,13195,48
326,23,225223,102
327,23,1142267,50
328,23,64829,39
329,23,370472,48
330,23,41265,47
331,23,50030,51
332,23,2996755,53
333,23,1375274,99
334,23,2170,50
335,23,5989419,72
336,23,17335,51
337,23,13517,41
338,23,17905,49
339,23,39196,40
340,23,337705,71
341,23,135682,43
342,23,473420,47
343,23,339026,38
344,23,42192,47
345,23,168973,65
346,23,2044973,44
347,23,2805,43
348,23,37926,39
349,23,2198,48
350,23,6174,42
351,23,2213,44
352,23,209,45
353,23,96616,39
354,23,75971,56
355,23,41571,41
356,23,491070,71
357,23,7793322,61
358,23,475817,46
359,23,7367,52
360,23,8606,43
361,23,5615,45
362,23,35520,39
363,23,5733,42
364,23,2020,43
365,23,259000,42
366,23,1943173,52
367,23,56155,47
368,23,351607,61
369,23,3501185,57
370,23,139443,43
371,23,78575,59
372,23,4728,44
373,23,59196,47
374,23,304733,56
375,23,225,45
376,23,2870117,55
377,23,707107,45
378,23,25251,42
379,23,12244,43
380,23,504350,42
381,23,75636,41
382,23,152,45
383,23,35660,42
384,23,1275,49
385,23,11957,44
386,23,6370,40
387,23,4063,50
388,23,17088,42
389,23,891,40
390,23,447,50
391,23,87878,47
392,23,1167,45
393,23,3627,42
394,23,242084,57
395,23,1146,49
396,23,2632,45
397,23,52996,56
398,23,800424,47
399,23,4032,42
400,23,2868,48
401,23,16830,43
402,23,3316,48
403,23,2880,53
404,23,4810,43
405,23,7086,47
406,23,6421,52
407,23,586041,62
408,23,87087,54
409,23,73375,44
410,23,19660,42
411,23,187460,63
412,23,213,50
413,23,5311,44
414,23,33148,40
415,23,785,45
416,23,38397,42
417,23,62779,42
418,23,7083,50
419,23,1286,44
420,23,21017,44
421,23,15627,40
422,23,68670,45
423,23,15300,45
424,23,88539,39
425,23,442049,55
426,23,417133,39
427,23,4242381,118
428,23,653218,116
429,23,57592,46
430,23,673790,51
431,23,16394,58
432,23,126714,48
433,23,262843,55
434,23,66481,44
435,23,61965,43
436,23,75106,44
437,23,159,55
438,23,35533,42
439,23,284446,39
440,23,38513,54
441,23,10907,43
442,23,3858,40
443,23,138879,49
444,23,28483,47
445,23,197200,49
446,23,463649,79
447,23,3552,45
448,23,2178457,55
449,23,41681,44
450,23,58221,42
451,23,34015,39
452,23,9400,43
453,23,6000,45
454,23,78680,84
455,23,132510,50
456,23,8746,44
457,23,162440,48
458,23,161469,70
459,23,35843,48
460,23,13401,51
461,23,118929,44
462,23,746,45
463,23,78761,41
464,23,86879,56
465,23,282763,80
466,23,1077,50
467,23,347307,47
468,23,68793,51
469,23,41329,49
470,23,36559,43
471,23,7093,44
472,23,18622,48
473,23,101796,43
474,23,23942,42
475,23,405249,49
476,23,31177,67
477,23,38297,43
478,23,561288,50
479,23,7462,47
480,23,188858,54
481,23,16549,57
482,23,49399,50
483,23,84919,53
484,23,267187,43
485,23,19488,44
486,23,186211,49
487,23,105624,42
488,23,1803,55
489,23,177457,39
490,23,404,50
491,23,26311,54
492,23,211281,39
493,23,45053,55
494,23,116632,39
495,23,2008,40
496,23,28307,45
497,23,74276,39
498,23,562,40
499,23,461,40
500,23,15479,40
501,23,52083,39
502,23,48175,38
503,23,39181,47
504,23,225529,42
505,23,644,49
506,23,16997,49
507,23,4754,43
508,23,28683,65
509,23,35228,42
510,23,24778,49
511,23,638,44
512,23,31436,51
513,23,37994,48
514,23,11899,50
515,23,5402,52
516,23,65418,44
517,23,13903,43
518,23,182307,39
519,23,263117,63
520,23,684751,55
521,23,1663,44
522,23,21271,41
523,23,8682,43
524,23,4198,48
525,23,4645,43
526,23,1364303,49
527,23,135483,54
528,23,9743,53
529,23,75117,66
530,23,6380,44
531,23,5187,43
532,23,16196,43
533,23,775648,45
534,23,14967,51
535,23,22144,47
536,23,2388,49
537,23,5076,40
538,23,84132,44
539,23,4001,44
540,23,14439,40
541,23,60411,45
542,23,4842,40
543,23,10973,40
544,23,32963,40
545,23,130675,40
546,23,4689,44
547,23,16045,40
548,23,325169,39
549,23,2224,48
550,23,4912,44
551,23,23547,42
552,23,15211,44
553,23,3842,43
554,23,3706,50
555,23,39200,39
556,23,10853,44
557,23,99456,39
558,23,705981,39
559,23,10448,44
560,23,3155,44
561,23,6933,44
562,23,876,49
563,23,10853,40
564,23,4062,44
565,23,4084,45
566,23,4761,44
567,23,13389,44
568,23,34760,44
569,23,87535,42
570,23,4286,45
571,23,16174,40
572,23,3133,44
573,23,249335,39
574,23,20518,45
575,23,5389,59
576,23,11619,44
577,23,17211,48
578,23,5940,40
579,23,20276,58
580,23,7123,51
581,23,5584,40
582,23,2639,49
583,23,12112,44
584,23,1367,45
585,23,13453,57
586,23,377768,46
587,23,8542,45
588,23,21256,44
589,23,14026,48
590,23,14179,40
591,23,16359,45
592,23,2865,40
593,23,272122,49
594,23,162978,66
595,23,112018,40
596,23,225814,46
597,23,2087,45
598,23,3725,40
599,23,676,45
600,23,848,45
601,23,1874,45
602,23,25569,43
603,23,69433,59
604,23,3025,45
605,23,7375,40
606,23,161,45
607,23,8199,45
608,23,1269,53
609,23,339313,73
610,23,425052,50
611,23,6346,49
612,23,21484,42
613,23,3409,43
614,23,33213,55
615,23,488,40
616,23,4096,49
617,23,81377,84
618,23,16972,54
619,23,179886,50
620,23,2530,48
621,23,2456,45
622,23,5655,40
623,23,3836,45
624,23,1344,47
625,23,28828,54
626,23,6395,39
627,23,1577,40
628,23,155406,46
629,23,5151,43
630,23,902,45
631,23,7045,40
632,23,784,44
633,23,4899,39
634,23,12463,45
635,23,2851,40
636,23,4255,40
637,23,4150,40
638,23,5180,40
639,23,502,45
640,23,2759,40
641,23,453,45
642,23,5142,40
643,23,403,45
644,23,1605,40
645,23,2278,40
646,23,2647,40
647,23,315,45
648,23,312,45
649,23,1634,40
650,23,502,45
651,23,609,45
652,23,2056,40
653,23,517,43
654,23,308,45
655,23,1661,40
656,23,956,40
657,23,7767,45
658,23,959,44
659,23,2651,45
660,23,2323,45
661,23,1771,44
662,23,2207,45
663,23,2134,45
664,23,2042,40
665,23,413,45
666,23,1927,45
667,23,172,45
668,23,157,45
669,23,3300,45
670,23,831,40
671,23,2311,45
672,23,192,45
673,23,435,45
674,23,1042,40
675,23,756,40
676,23,142,45
677,23,133,45
678,23,197,45
679,23,199,45
680,23,75130,77
681,23,1116,50
682,23,12508,55
683,23,82,45
684,23,8486,50
685,23,769,45
686,23,2877,45
687,23,113,45
688,23,325,50
689,23,92042,50
690,23,82916,75
691,23,9106,45
692,23,2019,54
693,23,417,50
694,23,15368,45
695,23,745,45
696,23,144,44
697,23,969,45
698,23,270,45
699,23,323304,70
700,23,3853,55
701,23,100587,60
702,23,234,45
703,23,616,45
704,23,4360,55
705,23,1441,50
706,23,590,45
707,23,358,40
708,23,5044,55
709,23,1065,45
710,23,566,40
711,23,820,55
712,23,76,45
713,23,3502,65
714,23,1591,50
715,23,15675,55
716,23,342,45
717,23,724,40
718,23,271,45
719,23,186,45
720,23,5018,50
721,23,366,45
722,23,377,45
723,23,364,45
724,23,71989,50
725,23,148,45
726,23,251,45
727,23,1946,45
728,23,9373,50
729,23,58283,45
730,23,693,45
731,23,819,50
732,23,2575,55
733,23,29277,50
734,23,288,50
735,23,14,45
736,23,165,40
737,23,402,40
738,23,160,40
739,23,230,40
740,23,244,40
741,23,0,45
742,23,0,40
743,23,0,40
744,23,0,40
745,23,0,40
1,24,14910,42
2,24,280731,45
3,24,311777,49
4,24,74667,41
5,24,11918,42
6,24,50859,47
7,24,4148247,70
8,24,81678,46
9,24,11579,53
10,24,1482552,47
11,24,1305603,68
12,24,39651,56
13,24,3730364,84
14,24,62964,42
15,24,1349015,49
16,24,1538637,52
17,24,779,45
18,24,24850,43
19,24,3866900,65
20,24,1763,45
21,24,4637,48
22,24,8967,45
23,24,3279,47
24,24,146486,38
25,24,14857,56
26,24,3934259,53
27,24,7986,46
28,24,2880938,79
29,24,342918,66
30,24,139833,64
31,24,471015,49
32,24,17809,42
33,24,153180,46
34,24,5614,49
35,24,183224,39
36,24,23741,43
37,24,53675,51
38,24,1041,44
39,24,406635,43
40,24,334770,71
41,24,13890,43
42,24,55748,57
43,24,370133,46
44,24,38605,44
45,24,410792,44
46,24,48944,48
47,24,69398,52
48,24,39603,43
49,24,1893,45
50,24,21781,47
51,24,3378,48
52,24,3976,54
53,24,10418,48
54,24,228239,42
55,24,220,45
56,24,75869,39
57,24,19762,43
58,24,2233,48
59,24,2675,44
60,24,1259,53
61,24,2728,52
62,24,107895,51
63,24,1743,47
64,24,44982,48
65,24,4655,43
66,24,199641,55
67,24,6395,49
68,24,15373,44
69,24,5432,53
70,24,38847,51
71,24,11654,44
72,24,44228,42
73,24,54879,43
74,24,7741,47
75,24,9041,52
76,24,15412,43
77,24,52082,39
78,24,38483,42
79,24,20478,53
80,24,3465586,77
81,24,1107985,47
82,24,11127,50
83,24,438004,41
84,24,12178,45
85,24,145521,45
86,24,14196,55
87,24,2646,48
88,24,145172,48
89,24,24572,53
90,24,9118,43
91,24,3469,45
92,24,32222,44
93,24,3414,48
94,24,18948,45
95,24,364946,58
96,24,55340,39
97,24,5034,45
98,24,1827,40
99,24,95,45
100,24,6202,40
101,24,12046,49
102,24,76724,39
103,24,98872,65
104,24,1136366,55
105,24,13708,43
106,24,555754,47
107,24,744893,51
108,24,44126,45
109,24,295260,46
110,24,54535,59
111,24,876158,66
112,24,887628,51
113,24,1263229,46
114,24,129548,42
115,24,8417,44
116,24,277936,54
117,24,1569,44
118,24,5297,53
119,24,5174,45
120,24,32437,50
121,24,325,45
122,24,449,40
123,24,27534,51
124,24,1594507,54
125,24,33429,47
126,24,2527,45
127,24,159892,48
128,24,1058278,55
129,24,75726,53
130,24,222545,58
131,24,3026,49
132,24,31341,49
133,24,1000429,47
134,24,115602,48
135,24,48803,55
136,24,13038,50
137,24,18450,79
138,24,23816,39
139,24,204519,58
140,24,49465,57
141,24,59823,45
142,24,525914,73
143,24,3704,50
144,24,3642,53
145,24,468612,77
146,24,1499932,58
147,24,697714,48
148,24,53375,57
149,24,41457,42
150,24,39789,53
151,24,4122,44
152,24,228708,44
153,24,110577,39
154,24,571,48
155,24,15236,55
156,24,29166,44
157,24,16423,45
158,24,37429,42
159,24,25663,53
160,24,841163,72
161,24,12653,47
162,24,7136,44
163,24,3036,48
164,24,5061,43
165,24,173816,45
166,24,224978,51
167,24,119938,44
168,24,39453,51
169,24,232073,54
170,24,70581,44
171,24,42902,54
172,24,1128,45
173,24,30019,42
174,24,19453,39
175,24,12376,44
176,24,100628,40
177,24,40673,49
178,24,20193,44
179,24,676,54
180,24,32405,42
181,24,11390,53
182,24,585910,44
183,24,6271,48
184,24,5006,45
185,24,7318,53
186,24,84727,54
187,24,2048,45
188,24,10262,43
189,24,70016,53
190,24,4698,49
191,24,34543,79
192,24,7969,43
193,24,5427,43
194,24,77974,43
195,24,116130,51
196,24,1244,40
197,24,410625,39
198,24,18516,40
199,24,344195,43
200,24,4479,47
201,24,258600,46
202,24,2082,47
203,24,8424,44
204,24,5747,54
205,24,18585,55
206,24,1298,44
207,24,153812,40
208,24,22670,39
209,24,12683,45
210,24,2621633,69
211,24,74016,44
212,24,7459,57
213,24,18486,43
214,24,2742,48
215,24,54894,44
216,24,7997,43
217,24,28348,44
218,24,3712,54
219,24,79822,45
220,24,33383,49
221,24,6700,44
222,24,27849,45
223,24,5127,46
224,24,3690,44
225,24,479979,63
226,24,1306,49
227,24,64168,72
228,24,24953,44
229,24,62,50
230,24,15584,45
231,24,17600,60
232,24,9714,70
233,24,184366,58
234,24,244,45
235,24,96854,45
236,24,53740,39
237,24,1263040,41
238,24,217170,45
239,24,3396,45
240,24,68544,42
241,24,518,45
242,24,22345,51
243,24,23014,39
244,24,39853,48
245,24,8263,48
246,24,77209,54
247,24,10924,43
248,24,12994,50
249,24,17393,44
250,24,2681,39
251,24,6293,47
252,24,46970,43
253,24,620420,39
254,24,3164982,40
255,24,221052,91
256,24,2401,43
257,24,86334,41
258,24,764566,44
259,24,145396,61
260,24,8326,47
261,24,523092,81
262,24,130231,61
263,24,4451,45
264,24,174541,67
265,24,22478,48
266,24,65123,49
267,24,24715,42
268,24,52818,42
269,24,38435,44
270,24,14684,41
271,24,90040,56
272,24,82713,43
273,24,35899,39
274,24,67037,44
275,24,54599,53
276,24,95258,59
277,24,74580,51
278,24,2120,49
279,24,307450,80
280,24,1085698,65
281,24,1485558,54
282,24,85440,52
283,24,2455066,126
284,24,600114,68
285,24,1821487,73
286,24,139892,43
287,24,5342,47
288,24,35475,88
289,24,20025,40
290,24,45931,48
291,24,1530,49
292,24,28185,44
293,24,680491,78
294,24,67113,49
295,24,1899587,39
296,24,32702,51
297,24,859272,87
298,24,26640,39
299,24,476365,48
300,24,230839,73
301,24,4044351,124
302,24,187017,54
303,24,1661046,78
304,24,381071,97
305,24,252012,68
306,24,2357623,71
307,24,1619303,54
308,24,521596,51
309,24,67743,57
310,24,1285,40
311,24,637753,68
312,24,674525,59
313,24,1030730,51
314,24,976161,80
315,24,203695,56
316,24,10264,43
317,24,401,45
318,24,9574623,122
319,24,198108,60
320,24,13346,39
321,24,19468,45
322,24,91936,38
323,24,18490,44
324,24,139060,38
325,24,13240,48
326,24,224249,102
327,24,1164250,50
328,24,64232,39
329,24,358246,48
330,24,41799,47
331,24,50377,51
332,24,3125812,54
333,24,1277091,99
334,24,2167,50
335,24,6139400,73
336,24,17276,51
337,24,13299,41
338,24,17652,49
339,24,38851,40
340,24,341361,71
341,24,116518,43
342,24,478757,47
343,24,338162,38
344,24,41933,47
345,24,139073,64
346,24,2039353,44
347,24,2827,43
348,24,37473,39
349,24,2288,48
350,24,6232,42
351,24,2201,44
352,24,209,45
353,24,95140,39
354,24,73443,56
355,24,41573,41
356,24,369411,70
357,24,7752616,61
358,24,446103,46
359,24,7421,52
360,24,8608,43
361,24,5591,45
362,24,35628,39
363,24,5608,42
364,24,2021,43
365,24,255132,42
366,24,1874826,52
367,24,55415,47
368,24,345041,61
369,24,3254607,56
370,24,140372,43
371,24,77697,59
372,24,4789,44
373,24,52199,47
374,24,288377,55
375,24,224,45
376,24,2822372,55
377,24,646055,45
378,24,26238,41
379,24,12118,43
380,24,495907,42
381,24,77243,41
382,24,152,45
383,24,35192,42
384,24,1273,49
385,24,10822,44
386,24,6316,40
387,24,3937,50
388,24,16261,42
389,24,883,40
390,24,447,50
391,24,86328,47
392,24,1161,45
393,24,3571,42
394,24,223969,57
395,24,1141,49
396,24,2613,45
397,24,50862,56
398,24,762662,46
399,24,3992,42
400,24,2932,48
401,24,16787,43
402,24,3308,48
403,24,2869,53
404,24,4819,43
405,24,7127,47
406,24,6370,52
407,24,565620,62
408,24,85261,54
409,24,71344,44
410,24,19652,42
411,24,162862,62
412,24,213,50
413,24,5267,44
414,24,32873,40
415,24,772,45
416,24,38032,42
417,24,60872,41
418,24,7065,50
419,24,1350,44
420,24,21090,44
421,24,15483,40
422,24,68616,45
423,24,15301,45
424,24,88098,39
425,24,416059,55
426,24,422091,39
427,24,4266696,118
428,24,646525,116
429,24,46864,46
430,24,651507,51
431,24,16637,58
432,24,127629,48
433,24,259190,55
434,24,65963,44
435,24,61604,43
436,24,71396,44
437,24,159,55
438,24,35384,42
439,24,282536,39
440,24,34451,54
441,24,10867,43
442,24,3839,40
443,24,140256,49
444,24,27710,47
445,24,199969,49
446,24,457240,79
447,24,3526,45
448,24,2138989,55
449,24,40951,44
450,24,58374,42
451,24,33556,39
452,24,9352,43
453,24,5966,45
454,24,79330,84
455,24,130076,50
456,24,8191,44
457,24,152615,47
458,24,160147,70
459,24,69720,48
460,24,13334,51
461,24,114118,44
462,24,743,45
463,24,78015,41
464,24,86048,55
465,24,291792,80
466,24,1078,50
467,24,345589,47
468,24,68047,51
469,24,40853,49
470,24,38350,43
471,24,7042,44
472,24,15973,48
473,24,100336,43
474,24,20895,42
475,24,412442,49
476,24,32785,67
477,24,38022,43
478,24,585449,50
479,24,7452,47
480,24,237148,54
481,24,16194,57
482,24,55763,50
483,24,80122,53
484,24,349303,44
485,24,19329,44
486,24,186154,49
487,24,106366,42
488,24,1795,55
489,24,175775,39
490,24,412,50
491,24,28584,54
492,24,205623,39
493,24,40922,55
494,24,113490,39
495,24,1987,40
496,24,28144,45
497,24,73602,39
498,24,561,40
499,24,460,40
500,24,15398,40
501,24,51607,39
502,24,48027,38
503,24,39028,47
504,24,222170,42
505,24,662,49
506,24,17118,49
507,24,4722,43
508,24,27278,65
509,24,34550,42
510,24,25150,49
511,24,663,44
512,24,31176,51
513,24,37148,48
514,24,11818,50
515,24,5404,52
516,24,64953,44
517,24,13684,43
518,24,180416,39
519,24,247405,63
520,24,669445,55
521,24,1655,44
522,24,20708,41
523,24,8617,43
524,24,4167,48
525,24,4601,43
526,24,1517856,50
527,24,134202,54
528,24,9627,53
529,24,73087,66
530,24,5962,44
531,24,5195,43
532,24,15927,43
533,24,760577,45
534,24,18475,51
535,24,21820,47
536,24,2376,49
537,24,5049,40
538,24,82457,44
539,24,3971,44
540,24,14359,40
541,24,59923,45
542,24,4809,40
543,24,10896,40
544,24,32864,40
545,24,152193,40
546,24,4697,44
547,24,15734,40
548,24,332182,38
549,24,2255,48
550,24,4873,44
551,24,23325,42
552,24,15166,44
553,24,3835,43
554,24,3485,50
555,24,41022,38
556,24,10702,44
557,24,97029,39
558,24,694456,39
559,24,9501,44
560,24,3145,44
561,24,6864,44
562,24,1200,49
563,24,10648,40
564,24,9706,44
565,24,4078,45
566,24,4751,44
567,24,13226,44
568,24,34312,44
569,24,93659,42
570,24,4230,45
571,24,16158,40
572,24,3116,44
573,24,235689,39
574,24,20896,45
575,24,5395,59
576,24,11210,44
577,24,18847,48
578,24,5925,40
579,24,19962,58
580,24,7131,51
581,24,5564,39
582,24,2475,49
583,24,11882,44
584,24,1376,45
585,24,13146,57
586,24,487143,47
587,24,8523,45
588,24,20978,44
589,24,14916,48
590,24,14143,40
591,24,16324,45
592,24,2892,40
593,24,243617,49
594,24,162948,66
595,24,107519,40
596,24,219145,46
597,24,2080,45
598,24,3699,40
599,24,674,45
600,24,872,45
601,24,1892,45
602,24,23835,43
603,24,61543,59
604,24,2971,45
605,24,7458,40
606,24,159,45
607,24,8232,45
608,24,1299,53
609,24,317809,73
610,24,391607,50
611,24,6555,49
612,24,20842,42
613,24,3458,43
614,24,32459,55
615,24,484,40
616,24,4076,49
617,24,79385,84
618,24,16672,54
619,24,198404,50
620,24,2528,48
621,24,2428,45
622,24,5660,40
623,24,3895,45
624,24,1318,47
625,24,28954,54
626,24,6547,39
627,24,1554,40
628,24,132645,45
629,24,5063,43
630,24,911,45
631,24,7176,40
632,24,809,44
633,24,4791,39
634,24,11869,45
635,24,2874,40
636,24,4357,40
637,24,4265,40
638,24,4953,40
639,24,497,45
640,24,2676,40
641,24,493,45
642,24,5264,40
643,24,418,45
644,24,1683,40
645,24,2379,40
646,24,2742,40
647,24,303,45
648,24,303,45
649,24,1649,40
650,24,510,45
651,24,631,45
652,24,1928,40
653,24,519,43
654,24,351,45
655,24,1733,40
656,24,998,40
657,24,8121,45
658,24,1016,44
659,24,2748,45
660,24,2215,45
661,24,1668,44
662,24,2060,45
663,24,1997,45
664,24,2125,40
665,24,404,45
666,24,1775,45
667,24,196,45
668,24,186,45
669,24,3569,45
670,24,770,40
671,24,2593,45
672,24,305,45
673,24,408,45
674,24,1147,40
675,24,685,40
676,24,174,45
677,24,142,45
678,24,219,45
679,24,218,45
680,24,119222,77
681,24,1046,50
682,24,15322,55
683,24,81,45
684,24,7998,50
685,24,721,45
686,24,5003,45
687,24,102,45
688,24,356,50
689,24,121648,50
690,24,447176,76
691,24,8862,45
692,24,1830,53
693,24,1237,50
694,24,14228,44
695,24,894,45
696,24,149,44
697,24,1137,45
698,24,224,45
699,24,285604,69
700,24,3163,54
701,24,88626,59
702,24,266,45
703,24,624,45
704,24,10998,55
705,24,2332,50
706,24,750,45
707,24,462,40
708,24,8222,55
709,24,1540,45
710,24,731,40
711,24,1247,55
712,24,87,45
713,24,3471,65
714,24,1737,50
715,24,16235,55
716,24,531,45
717,24,956,40
718,24,358,45
719,24,232,45
720,24,4691,50
721,24,6425,45
722,24,323,45
723,24,587,45
724,24,144364,50
725,24,219,45
726,24,292,45
727,24,3208,45
728,24,9495,50
729,24,58865,45
730,24,816,45
731,24,1288,50
732,24,2893,55
733,24,28223,50
734,24,363,50
735,24,32,45
736,24,328,40
737,24,682,40
738,24,273,40
739,24,288,40
740,24,185,40
741,24,41,45
742,24,116,40
743,24,147,40
744,24,247,40
745,24,115,40
746,24,0,40
1,25,15236,42
2,25,442547,45
3,25,307768,49
4,25,71298,41
5,25,11876,42
6,25,48104,47
7,25,4421086,70
8,25,80813,46
9,25,11556,53
10,25,1362549,47
11,25,1543965,68
12,25,39931,56
13,25,4442181,84
14,25,62362,42
15,25,1372414,49
16,25,1509324,52
17,25,777,45
18,25,25299,43
19,25,3704318,65
20,25,1760,45
21,25,4841,48
22,25,8911,45
23,25,3335,47
24,25,142281,38
25,25,15120,56
26,25,3768591,53
27,25,7903,46
28,25,2853521,79
29,25,361346,66
30,25,151144,64
31,25,470854,49
32,25,17857,42
33,25,149133,46
34,25,5725,49
35,25,183349,39
36,25,23317,43
37,25,54209,51
38,25,1036,44
39,25,407622,43
40,25,762374,72
41,25,13625,43
42,25,60208,57
43,25,389994,46
44,25,40398,44
45,25,413070,44
46,25,52125,48
47,25,70031,52
48,25,39308,43
49,25,1880,45
50,25,21718,47
51,25,3366,48
52,25,3962,54
53,25,10690,48
54,25,220445,42
55,25,218,45
56,25,73261,39
57,25,19581,43
58,25,2247,48
59,25,2753,44
60,25,1207,53
61,25,2701,52
62,25,103551,51
63,25,1731,47
64,25,43987,48
65,25,4651,43
66,25,203597,55
67,25,6188,49
68,25,15105,44
69,25,5417,53
70,25,38121,51
71,25,11469,43
72,25,43506,42
73,25,54147,43
74,25,7621,47
75,25,9270,52
76,25,14515,43
77,25,49226,39
105,25,13614,43
110,25,141969,59
111,25,849418,66
112,25,793496,51
127,25,145680,48
128,25,998434,55
129,25,75561,53
130,25,230268,58
131,25,3019,49
132,25,31567,49
133,25,909039,47
134,25,115316,48
135,25,48281,55
136,25,13031,50
137,25,18423,79
138,25,23551,39
139,25,207952,58
140,25,48859,56
141,25,56267,45
142,25,493374,72
143,25,3699,50
144,25,3634,53
145,25,419416,76
146,25,1475277,58
147,25,687793,48
148,25,52932,56
150,25,39374,53
151,25,4113,44
152,25,219110,44
153,25,122130,39
154,25,605,48
155,25,15190,55
156,25,26773,44
157,25,16436,45
158,25,37400,42
159,25,25079,53
160,25,810017,72
161,25,12857,47
163,25,3057,48
164,25,5027,43
165,25,168613,45
166,25,221431,51
167,25,116347,44
168,25,40085,51
169,25,242572,54
170,25,65221,44
171,25,47053,54
172,25,1118,45
173,25,27966,42
174,25,19284,39
175,25,12239,44
176,25,99028,39
177,25,40106,49
178,25,283932,44
179,25,695,54
180,25,33073,42
181,25,11359,53
182,25,878382,44
183,25,6243,48
184,25,4972,45
185,25,10342,53
186,25,542138,54
187,25,2038,45
188,25,10464,43
189,25,91892,53
190,25,5063,49
191,25,33440,79
192,25,8107,43
193,25,5802,43
194,25,162661,43
196,25,1228,40
197,25,346993,39
198,25,18319,40
199,25,1341758,44
200,25,4362,47
201,25,507303,46
202,25,2073,47
203,25,8240,44
204,25,5722,54
205,25,21044,55
206,25,1290,44
207,25,150052,40
208,25,22342,39
209,25,13101,45
210,25,2103398,68
211,25,75031,44
212,25,8864,57
213,25,18604,43
214,25,2724,48
215,25,80907,44
216,25,7771,43
217,25,55439,44
218,25,3699,54
219,25,78936,45
220,25,34912,49
221,25,6366,44
222,25,37833,45
223,25,5075,46
224,25,3649,44
225,25,438406,63
226,25,1350,49
227,25,69522,72
228,25,24412,44
229,25,62,50
230,25,21098,45
231,25,18324,60
232,25,9693,70
233,25,186499,58
234,25,242,45
235,25,78214,45
236,25,52746,39
237,25,1337198,41
238,25,222006,45
239,25,4996,45
240,25,102958,42
241,25,516,45
242,25,21448,51
243,25,22299,39
244,25,40905,48
245,25,7922,48
246,25,75531,54
247,25,11081,42
248,25,12955,50
249,25,17238,44
250,25,2670,39
251,25,6125,47
252,25,48726,43
253,25,606743,39
254,25,3030474,40
255,25,223152,91
256,25,2497,43
257,25,80478,40
258,25,702951,44
259,25,146458,61
260,25,8204,47
261,25,522593,81
262,25,209619,61
263,25,4420,45
264,25,208145,67
265,25,22555,48
266,25,65169,49
267,25,24684,42
268,25,51097,42
269,25,38163,44
270,25,13320,40
271,25,89700,56
272,25,83183,43
273,25,36063,39
274,25,66871,44
275,25,60852,53
276,25,118009,59
277,25,72210,51
278,25,2054,49
279,25,354604,80
280,25,1246884,65
281,25,1886884,54
282,25,94076,52
283,25,3704390,127
284,25,969269,68
285,25,2658056,73
286,25,213950,43
287,25,5438,47
288,25,57881,88
289,25,18916,40
290,25,42854,48
291,25,1565,49
292,25,27897,44
293,25,677136,78
294,25,75515,49
295,25,1828411,39
296,25,32445,51
297,25,1729882,87
298,25,24688,39
299,25,554351,48
300,25,243426,73
301,25,3207779,123
302,25,168340,54
303,25,1513561,78
304,25,381051,97
305,25,370985,68
306,25,2258781,71
307,25,1615686,54
308,25,519423,51
309,25,65082,57
310,25,1279,40
311,25,697397,68
312,25,740759,59
313,25,1293594,51
314,25,973424,80
315,25,214813,56
316,25,10238,43
317,25,400,45
318,25,9520984,122
319,25,195022,60
320,25,13235,39
321,25,20175,45
322,25,86027,38
323,25,18391,44
324,25,160025,38
325,25,13306,48
346,25,2068754,44
349,25,2539,48
354,25,91103,56
378,25,36726,41
379,25,12129,43
380,25,508304,41
381,25,107363,41
382,25,152,45
383,25,34921,42
384,25,1271,49
385,25,10192,44
386,25,6214,40
387,25,3830,50
388,25,16448,42
389,25,874,40
390,25,443,50
391,25,87631,47
392,25,1152,45
393,25,3503,42
394,25,276471,57
395,25,1137,49
396,25,2594,45
397,25,49159,56
398,25,705420,46
399,25,3967,42
400,25,3040,48
401,25,16827,43
402,25,3295,48
403,25,2863,53
404,25,5286,43
405,25,7680,47
406,25,6807,52
407,25,697666,62
408,25,88413,54
409,25,71348,44
410,25,24701,42
411,25,130770,62
412,25,211,50
413,25,5250,44
414,25,32391,40
415,25,764,45
416,25,38571,42
417,25,83161,41
418,25,7085,50
419,25,1374,44
420,25,20801,44
421,25,15213,40
422,25,73479,45
423,25,18218,45
424,25,86527,39
425,25,396397,55
426,25,457880,39
427,25,3851377,118
428,25,649722,116
429,25,35576,46
430,25,654319,51
431,25,16934,58
432,25,185595,48
433,25,270101,55
434,25,65341,44
435,25,61051,43
436,25,66972,44
437,25,159,55
438,25,35206,42
439,25,278623,39
440,25,32532,54
441,25,11464,43
442,25,3803,40
443,25,148435,49
444,25,27192,47
445,25,302036,49
446,25,450772,79
447,25,3497,45
448,25,2033916,55
449,25,40264,44
450,25,59531,42
451,25,33705,39
452,25,9460,43
453,25,5918,45
454,25,82471,84
455,25,141974,50
456,25,10216,44
457,25,160381,47
458,25,171277,70
459,25,230235,48
460,25,13435,51
461,25,109435,44
462,25,741,45
463,25,93322,41
464,25,89851,55
465,25,368899,80
466,25,1074,50
467,25,352698,47
468,25,68989,51
469,25,40642,49
470,25,62388,43
471,25,7193,44
472,25,23597,48
473,25,99333,43
474,25,18216,42
475,25,602487,49
476,25,62144,67
477,25,38564,43
478,25,740837,50
479,25,7529,47
480,25,593465,54
481,25,16003,57
482,25,125329,50
483,25,110006,53
484,25,661667,44
485,25,19145,44
486,25,188031,49
487,25,115275,42
488,25,1791,55
489,25,175190,39
490,25,436,50
491,25,50909,54
492,25,194045,39
493,25,57792,55
494,25,108664,39
495,25,1945,40
496,25,27900,45
497,25,69782,39
498,25,552,40
499,25,456,40
500,25,15235,40
501,25,49109,39
502,25,62281,38
503,25,44604,47
505,25,684,49
506,25,17657,49
507,25,4704,43
508,25,26245,65
509,25,35813,42
511,25,676,44
512,25,30949,51
513,25,37223,48
514,25,12046,50
516,25,71919,44
518,25,178204,39
520,25,653762,55
521,25,1646,44
522,25,20109,41
523,25,8610,43
524,25,4152,48
525,25,4539,43
527,25,132873,54
528,25,9997,53
529,25,73759,66
530,25,5968,44
531,25,5219,43
532,25,15369,43
534,25,91496,51
535,25,21278,47
536,25,2393,49
537,25,5018,40
538,25,77412,44
539,25,3934,44
545,25,212535,40
546,25,4693,44
547,25,15369,40
548,25,430727,38
549,25,2355,48
553,25,3935,43
554,25,3342,50
556,25,10562,44
557,25,92856,39
558,25,722713,39
560,25,3353,44
561,25,6795,44
562,25,9757,49
563,25,10440,40
564,25,35147,44
565,25,4077,45
566,25,4921,44
567,25,13079,44
568,25,33868,44
570,25,4205,45
571,25,16270,40
572,25,3100,44
573,25,194299,39
574,25,24711,45
575,25,5339,59
576,25,12034,44
577,25,29086,48
578,25,6008,40
579,25,19759,58
581,25,6037,39
582,25,2630,49
583,25,11743,44
584,25,1398,45
585,25,13225,56
587,25,8585,45
588,25,23990,44
589,25,24866,48
590,25,14034,40
591,25,16760,45
592,25,2878,40
597,25,2070,45
598,25,3665,40
599,25,673,45
600,25,914,45
601,25,1905,45
602,25,26332,43
603,25,56480,59
604,25,2925,45
605,25,7874,40
606,25,159,45
607,25,8204,45
608,25,1419,53
610,25,323689,50
611,25,11206,49
612,25,21086,42
613,25,3587,43
614,25,76423,55
616,25,4126,49
617,25,78241,84
618,25,24196,54
619,25,269966,51
620,25,2511,48
621,25,2404,45
622,25,5644,40
623,25,3967,45
624,25,1297,47
625,25,39995,54
627,25,1492,40
628,25,75583,45
629,25,5082,43
630,25,913,45
631,25,7187,40
634,25,11337,45
635,25,3009,40
636,25,4564,40
637,25,4630,40
638,25,4693,40
639,25,517,45
641,25,555,45
642,25,5539,40
644,25,1739,40
645,25,2562,40
647,25,294,45
648,25,296,45
649,25,1736,40
653,25,550,43
654,25,362,45
655,25,1695,40
657,25,11463,45
658,25,1357,44
659,25,3488,45
661,25,1598,44
662,25,1866,45
663,25,2207,45
664,25,2696,40
665,25,397,45
666,25,1635,45
667,25,227,45
668,25,198,45
669,25,4924,45
670,25,710,40
671,25,3314,45
672,25,525,45
673,25,392,45
675,25,623,40
676,25,212,45
678,25,409,45
680,25,890678,78
681,25,961,49
682,25,66680,55
684,25,10213,50
685,25,680,45
686,25,18732,45
687,25,101,45
689,25,109265,50
690,25,422800,76
691,25,5741,45
692,25,1547,52
693,25,2333,50
694,25,20042,44
695,25,1397,45
696,25,196,44
697,25,1652,45
698,25,928,45
699,25,212503,68
700,25,2807,54
702,25,362,45
703,25,896,45
704,25,55150,55
705,25,2457,50
706,25,1107,45
707,25,911,40
708,25,7568,55
709,25,2714,45
710,25,772,40
711,25,1972,55
712,25,114,44
713,25,3337,64
714,25,2512,50
715,25,18133,55
716,25,652,45
717,25,2513,40
718,25,573,45
720,25,4624,49
721,25,9900,45
722,25,308,45
723,25,1537,45
724,25,142216,50
725,25,493,45
726,25,340,45
727,25,4515,45
729,25,102916,45
730,25,3153,45
731,25,2000,50
732,25,5174,55
733,25,22517,49
734,25,636,50
735,25,73,45
737,25,1385,40
738,25,516,40
739,25,853,40
740,25,3474,39
742,25,385,40
743,25,544,40
744,25,1063,40
745,25,451,40
746,25,929,40
1,26,15056,42
2,26,384759,45
3,26,299605,49
4,26,69981,41
5,26,11932,42
6,26,48173,47
7,26,4285498,70
8,26,80276,46
9,26,11543,53
10,26,1316443,47
11,26,780279,68
12,26,40066,56
13,26,4522096,85
14,26,61594,42
15,26,1376833,49
16,26,1587393,52
17,26,773,45
18,26,25015,43
19,26,4078351,65
20,26,1756,45
21,26,4723,48
22,26,8884,45
23,26,3331,47
24,26,140832,38
25,26,15033,56
26,26,3814578,53
27,26,7843,46
28,26,2833722,79
29,26,343656,66
30,26,209223,64
31,26,494970,49
32,26,17743,42
33,26,151911,46
34,26,5737,49
35,26,178186,39
36,26,23068,43
37,26,58312,51
38,26,1035,44
39,26,444228,43
40,26,1001810,73
41,26,13459,43
42,26,66839,57
43,26,396635,46
44,26,44468,44
45,26,402449,44
46,26,50334,48
47,26,69764,52
48,26,38826,43
49,26,1873,45
50,26,21689,47
51,26,3357,48
52,26,3956,54
53,26,10579,48
54,26,217643,42
55,26,217,45
56,26,72413,39
57,26,19947,43
58,26,2255,48
59,26,2800,44
60,26,1242,53
61,26,2690,52
62,26,100391,51
63,26,1724,47
64,26,44672,47
65,26,4683,43
66,26,204203,55
67,26,6149,49
68,26,15009,44
69,26,5447,53
70,26,37741,51
71,26,11440,43
72,26,43094,42
73,26,53887,43
74,26,7542,47
75,26,8859,52
76,26,15225,43
77,26,48613,39
78,26,37554,42
79,26,18915,53
80,26,3594853,77
81,26,1481116,48
82,26,9806,50
83,26,431437,41
84,26,11766,45
85,26,335432,45
86,26,15599,55
87,26,2642,48
88,26,151543,48
89,26,23533,53
90,26,8177,43
91,26,3445,45
92,26,75074,44
93,26,3355,48
94,26,19004,45
95,26,461504,58
96,26,52140,39
97,26,4983,45
98,26,1793,40
99,26,95,45
100,26,6032,40
101,26,11306,48
102,26,74418,39
103,26,96223,65
104,26,1058355,54
105,26,13545,43
106,26,546598,47
107,26,831280,51
108,26,45972,45
109,26,279945,46
110,26,88657,59
111,26,872004,66
112,26,751373,50
113,26,1272913,46
114,26,127122,42
115,26,8314,44
116,26,339129,54
117,26,1524,44
118,26,5267,53
119,26,5155,45
120,26,32252,50
121,26,321,45
122,26,443,40
123,26,27729,50
124,26,1683132,54
125,26,33193,46
126,26,2511,45
127,26,139640,48
128,26,803028,55
129,26,75416,53
130,26,225024,58
131,26,3013,49
132,26,30928,49
133,26,996294,47
134,26,115084,48
135,26,48261,55
136,26,13012,50
137,26,18397,79
138,26,23472,39
139,26,231045,58
140,26,48441,56
141,26,55068,45
142,26,461978,72
143,26,3690,50
144,26,3629,53
145,26,401338,76
146,26,1447026,58
147,26,683025,48
148,26,52355,56
149,26,39446,42
150,26,39081,52
151,26,4106,44
152,26,231378,44
153,26,113916,39
154,26,606,48
155,26,15153,55
156,26,26965,44
157,26,17070,45
158,26,36674,42
159,26,25113,53
160,26,808882,72
161,26,12740,47
162,26,7061,44
163,26,3054,48
164,26,4976,43
165,26,170975,45
166,26,218030,51
167,26,118658,44
168,26,41239,51
169,26,235277,54
170,26,71596,44
171,26,51446,54
172,26,1117,45
173,26,27200,42
174,26,19122,39
175,26,12155,44
176,26,96661,39
177,26,39765,49
178,26,145812,44
179,26,672,54
180,26,32623,42
181,26,11340,53
182,26,692784,44
183,26,6225,48
184,26,4956,45
185,26,8307,53
186,26,263917,54
187,26,2032,45
188,26,9965,43
189,26,73492,53
190,26,4849,49
191,26,32380,79
192,26,7945,43
193,26,5568,43
194,26,117391,43
195,26,111160,51
196,26,1222,40
197,26,307241,39
198,26,18262,40
199,26,823603,44
200,26,4312,47
201,26,389831,46
202,26,2067,47
203,26,8146,44
204,26,5679,54
205,26,17959,55
206,26,1290,44
207,26,149440,40
208,26,22259,39
209,26,12712,45
210,26,2061243,68
211,26,72072,44
212,26,8064,57
213,26,18341,43
214,26,2724,48
215,26,66112,44
216,26,7670,43
217,26,62146,44
218,26,3689,54
219,26,78532,45
220,26,29925,49
221,26,6355,44
222,26,30467,45
223,26,5032,46
224,26,3615,44
225,26,426887,63
226,26,1320,49
227,26,57498,72
228,26,24085,44
229,26,62,50
230,26,17793,45
231,26,17825,60
232,26,9673,70
233,26,180381,58
234,26,242,45
235,26,74255,45
236,26,52078,39
237,26,1236913,41
238,26,215968,45
239,26,7796,45
240,26,77127,42
241,26,515,45
242,26,21062,51
243,26,22092,39
244,26,39531,48
245,26,7894,48
246,26,74069,54
247,26,10801,42
248,26,12933,50
249,26,17152,44
250,26,2595,39
251,26,6049,47
252,26,47239,43
253,26,597735,39
254,26,2901227,40
255,26,221938,91
256,26,2569,43
257,26,78592,40
258,26,708671,44
259,26,138783,61
260,26,8115,47
261,26,548939,81
262,26,221493,62
263,26,4395,45
264,26,220196,67
265,26,22556,48
266,26,64610,49
267,26,24571,42
268,26,50425,42
269,26,37887,44
270,26,12944,40
271,26,88567,56
272,26,87719,43
273,26,35658,39
274,26,66458,44
275,26,57859,53
276,26,106266,59
277,26,70936,51
278,26,1964,49
279,26,321829,80
280,26,1243806,65
281,26,1737344,54
282,26,89724,52
283,26,2970326,127
284,26,765053,68
285,26,2237971,73
286,26,153438,43
287,26,5239,47
288,26,52446,88
289,26,19151,40
290,26,46080,48
291,26,1547,49
292,26,28346,44
293,26,674238,78
294,26,70560,49
295,26,1786717,39
296,26,32012,51
297,26,1183483,88
298,26,24480,39
299,26,505000,48
300,26,235358,73
301,26,3253074,122
302,26,166027,54
303,26,1275063,77
304,26,383250,97
305,26,319969,68
306,26,2207073,71
307,26,1574986,54
308,26,481127,51
309,26,56852,57
310,26,1275,40
311,26,655687,68
312,26,723903,59
313,26,1540693,51
314,26,1068132,80
315,26,208046,56
316,26,10138,43
317,26,400,45
318,26,9582624,122
319,26,212978,60
320,26,13209,39
321,26,19680,45
322,26,85041,38
323,26,18350,44
324,26,137308,38
325,26,13315,48
326,26,222559,102
327,26,1163391,50
328,26,63354,39
329,26,338442,48
330,26,41194,47
331,26,52482,51
332,26,2440199,53
333,26,936996,98
334,26,2161,50
335,26,6063174,73
336,26,17155,51
337,26,13934,41
338,26,17525,49
339,26,38272,40
340,26,337861,71
341,26,82954,43
342,26,471369,47
343,26,341147,38
344,26,41384,47
345,26,114316,63
346,26,1851094,44
347,26,2789,43
348,26,36470,39
349,26,2516,48
350,26,6309,42
351,26,2183,44
352,26,206,45
353,26,92222,39
354,26,83600,56
355,26,44900,41
356,26,316370,69
357,26,7206953,60
358,26,385401,45
359,26,7364,52
360,26,8536,43
361,26,5553,45
362,26,35900,39
363,26,5613,42
364,26,2042,43
365,26,248236,41
366,26,1636183,51
367,26,55188,47
368,26,351201,61
369,26,2631030,55
370,26,136162,43
371,26,71686,59
372,26,4896,44
373,26,46321,47
374,26,281029,55
375,26,223,45
376,26,2365452,54
377,26,601857,45
378,26,29131,41
379,26,12013,43
380,26,496905,41
381,26,84329,41
382,26,151,45
383,26,34532,42
384,26,1268,49
385,26,9948,44
386,26,6202,40
387,26,3762,50
388,26,16280,42
389,26,867,40
390,26,442,50
391,26,85646,47
392,26,1152,45
393,26,3481,42
394,26,247756,57
395,26,1133,49
396,26,2583,45
397,26,48297,56
398,26,698004,46
399,26,3931,42
400,26,3008,48
401,26,16657,43
402,26,3283,48
403,26,2856,53
404,26,5155,43
405,26,7394,47
406,26,6457,52
407,26,666038,63
408,26,85544,54
409,26,70429,44
410,26,21989,42
411,26,114450,61
412,26,211,50
413,26,5153,44
414,26,32245,40
415,26,760,45
416,26,37337,42
417,26,79939,41
418,26,7030,50
419,26,1308,44
420,26,20000,43
421,26,15155,40
422,26,69435,45
423,26,16661,45
424,26,85580,39
425,26,389152,54
426,26,461001,39
427,26,4316628,117
428,26,646718,116
429,26,33823,46
430,26,748286,51
431,26,17014,58
432,26,211133,48
433,26,267988,55
434,26,65066,44
435,26,60825,43
436,26,65629,44
437,26,158,55
438,26,35103,42
439,26,275763,39
440,26,31643,54
441,26,13302,43
442,26,3792,40
443,26,159719,49
444,26,26836,47
445,26,411293,50
446,26,456872,79
447,26,3486,45
448,26,1989755,54
449,26,39870,44
450,26,58265,42
451,26,33034,39
452,26,9345,43
453,26,5897,45
454,26,84527,84
455,26,127594,50
456,26,10692,44
457,26,152451,47
458,26,167469,70
459,26,109697,48
460,26,13321,51
461,26,108311,44
462,26,740,45
463,26,75728,41
464,26,96879,55
465,26,326500,80
466,26,1073,50
467,26,363488,47
468,26,67751,51
469,26,40415,49
470,26,50063,43
471,26,7872,44
472,26,23203,48
473,26,102309,43
474,26,17696,42
475,26,486790,49
476,26,44554,67
477,26,37273,43
478,26,613867,50
479,26,7408,47
480,26,340617,55
481,26,15840,57
482,26,75102,50
483,26,87041,53
484,26,434606,44
485,26,19096,44
486,26,185927,49
487,26,104407,42
488,26,1788,55
489,26,167717,39
490,26,433,50
491,26,33742,54
492,26,192335,39
493,26,54176,55
494,26,107267,39
495,26,1935,40
496,26,27782,45
497,26,70508,39
498,26,556,40
499,26,453,40
500,26,15196,40
501,26,49351,39
502,26,51668,38
503,26,40594,47
504,26,208079,42
505,26,703,49
506,26,17375,49
507,26,4683,43
508,26,25871,65
509,26,34087,42
510,26,26512,49
511,26,661,44
512,26,30487,51
513,26,38094,48
514,26,12013,50
515,26,5399,52
516,26,63778,44
517,26,13377,43
518,26,175120,39
519,26,234070,63
520,26,662261,55
521,26,1640,44
522,26,19862,41
523,26,8596,43
524,26,4129,48
525,26,4507,43
526,26,1786117,50
527,26,132714,54
528,26,9655,53
529,26,72692,66
530,26,5963,44
531,26,5181,43
532,26,15149,43
533,26,740288,45
534,26,42377,51
535,26,20213,47
536,26,2390,49
537,26,4998,40
538,26,74423,44
539,26,3913,44
540,26,14190,40
541,26,59108,45
542,26,4744,40
543,26,10777,40
544,26,32620,40
545,26,179498,40
546,26,4626,44
547,26,15190,40
548,26,349702,38
549,26,2326,48
550,26,4817,44
551,26,22995,42
552,26,15038,44
553,26,3857,43
554,26,3282,50
555,26,80065,38
556,26,10478,44
557,26,92052,39
558,26,521369,39
559,26,8393,44
560,26,3153,44
561,26,6761,44
562,26,20261,49
563,26,10337,40
564,26,26865,44
565,26,4091,45
566,26,4750,44
567,26,12978,44
568,26,33588,44
569,26,91050,42
570,26,4144,45
571,26,16210,40
572,26,3091,44
573,26,186873,39
574,26,25018,45
575,26,5318,59
576,26,12098,44
577,26,22422,48
578,26,5947,40
579,26,19554,58
580,26,7148,50
581,26,5727,39
582,26,2553,49
583,26,11619,44
584,26,1409,45
585,26,12935,56
586,26,828445,47
587,26,8663,45
588,26,21445,44
589,26,17914,48
590,26,14090,40
591,26,16413,45
592,26,2927,40
593,26,251775,49
594,26,155196,66
595,26,96551,40
596,26,217797,46
597,26,2061,45
598,26,3655,40
599,26,673,45
600,26,918,45
601,26,1904,45
602,26,24677,43
603,26,59230,59
604,26,2891,45
605,26,7656,40
606,26,159,45
607,26,8188,45
608,26,1336,53
609,26,309224,73
610,26,297105,50
611,26,8555,49
612,26,22144,42
613,26,3373,43
614,26,55956,55
615,26,483,40
616,26,4176,49
617,26,77689,84
618,26,20438,54
619,26,200884,51
620,26,2506,48
621,26,2384,45
622,26,5472,40
623,26,3901,45
624,26,1236,47
625,26,31967,54
626,26,8601,39
627,26,1482,40
628,26,65203,44
629,26,4924,43
630,26,918,45
631,26,7245,40
632,26,807,44
633,26,4774,39
634,26,11054,45
635,26,2948,40
636,26,4432,40
637,26,4472,40
638,26,4626,40
639,26,500,45
640,26,2533,40
641,26,503,45
642,26,5466,40
643,26,438,45
644,26,1840,40
645,26,2530,40
646,26,2849,40
647,26,287,45
648,26,291,45
649,26,1906,40
650,26,547,45
651,26,667,45
652,26,1771,40
653,26,523,43
654,26,372,45
655,26,1759,40
656,26,1061,40
657,26,9430,45
658,26,1166,44
659,26,3178,45
660,26,2073,45
661,26,1531,44
662,26,1843,45
663,26,2160,45
664,26,2411,40
665,26,407,45
666,26,1587,45
667,26,213,45
668,26,197,45
669,26,4776,45
670,26,688,40
671,26,3097,45
672,26,388,45
673,26,387,45
674,26,1364,40
675,26,596,40
676,26,231,45
677,26,165,45
678,26,293,45
679,26,328,45
680,26,450448,78
681,26,879,48
682,26,25006,55
683,26,75,45
684,26,9416,50
685,26,660,45
686,26,11103,45
687,26,99,45
688,26,360,49
689,26,104548,50
690,26,419090,76
691,26,6205,45
692,26,1377,52
693,26,1452,50
694,26,16372,44
695,26,1495,45
696,26,254,44
697,26,1744,45
698,26,691,45
699,26,181060,67
700,26,2869,53
701,26,63243,58
702,26,303,45
703,26,735,45
704,26,29673,55
705,26,2274,50
706,26,1270,45
707,26,743,40
708,26,6392,55
709,26,3453,45
710,26,855,40
711,26,1849,55
712,26,123,44
713,26,3126,63
714,26,2396,50
715,26,17523,55
716,26,612,45
717,26,1501,40
718,26,527,45
719,26,300,45
720,26,4216,49
721,26,5585,45
722,26,329,45
723,26,1415,45
724,26,134793,50
725,26,352,45
726,26,325,45
727,26,4857,45
728,26,6492,48
729,26,99513,45
730,26,2903,45
731,26,1647,50
732,26,4273,55
733,26,20110,48
734,26,536,50
735,26,69,45
736,26,671,40
737,26,1452,40
738,26,632,40
739,26,637,40
740,26,1739,39
741,26,162,45
742,26,367,40
743,26,493,40
744,26,875,40
745,26,358,40
746,26,739,40
747,26,0,40
1,27,14820,42
2,27,371508,45
3,27,286327,49
4,27,68745,41
5,27,11937,42
6,27,50380,47
7,27,3742774,69
8,27,79415,46
9,27,11524,53
10,27,1336752,47
11,27,456112,66
12,27,40804,56
13,27,4567839,85
14,27,61700,42
15,27,1344284,49
16,27,1552419,52
17,27,772,45
18,27,25144,43
19,27,4134310,65
20,27,1754,45
21,27,4879,48
22,27,8848,45
23,27,5824,47
24,27,143868,38
25,27,15208,56
26,27,3738497,53
27,27,7785,46
28,27,2814464,79
29,27,338381,66
30,27,197892,64
31,27,491778,49
32,27,17755,42
33,27,146714,46
34,27,5778,49
35,27,175293,39
36,27,22756,43
37,27,57027,51
38,27,1030,44
39,27,461664,43
40,27,961872,73
41,27,13299,43
42,27,62754,57
43,27,421368,46
44,27,43048,44
45,27,376601,44
46,27,47414,48
47,27,69018,52
48,27,38479,43
49,27,1855,45
50,27,21627,47
51,27,3346,48
52,27,3948,54
53,27,10265,48
54,27,212945,42
55,27,217,45
56,27,71254,39
57,27,20058,43
58,27,2249,48
59,27,2861,44
60,27,1256,53
61,27,2675,52
62,27,95732,50
63,27,1717,47
64,27,43653,47
65,27,4664,43
66,27,200900,55
67,27,6241,49
68,27,14855,44
69,27,5555,53
70,27,41928,51
71,27,11419,43
72,27,42689,42
73,27,53503,43
74,27,7467,47
75,27,8910,52
76,27,15353,43
77,27,47376,39
78,27,37912,42
79,27,26612,53
80,27,4462625,78
81,27,1761054,48
82,27,9427,50
83,27,421716,41
84,27,12000,45
85,27,482412,45
86,27,19394,55
87,27,2665,48
88,27,267224,48
89,27,30188,53
90,27,8337,43
91,27,3435,45
92,27,145231,44
93,27,3396,48
94,27,19061,45
95,27,569278,59
96,27,50883,39
97,27,4954,45
98,27,1778,40
99,27,95,45
100,27,5944,40
101,27,11037,48
102,27,117894,39
103,27,119366,65
104,27,1100809,54
105,27,13513,43
106,27,584414,47
107,27,1105287,51
108,27,54153,45
109,27,425346,46
110,27,72482,59
111,27,782502,66
112,27,702137,50
113,27,1233416,46
114,27,121163,42
115,27,8249,44
116,27,763352,55
117,27,1521,44
118,27,5246,53
119,27,5169,45
120,27,33691,50
121,27,321,45
122,27,441,40
123,27,27610,50
124,27,2570303,55
125,27,33118,46
126,27,2497,45
127,27,134938,48
128,27,702688,54
129,27,75270,53
130,27,223109,58
131,27,3002,49
132,27,31574,49
133,27,991792,47
134,27,114857,48
135,27,46732,55
136,27,13295,50
137,27,18374,79
138,27,23315,39
139,27,317998,58
140,27,48728,56
141,27,53695,44
142,27,426383,72
143,27,3684,50
144,27,3622,53
145,27,389526,75
146,27,1369667,58
147,27,677287,48
148,27,52016,56
149,27,39192,42
150,27,38843,52
151,27,4100,44
152,27,230680,44
153,27,115479,39
154,27,623,48
155,27,15114,55
156,27,26747,44
157,27,17715,45
158,27,36134,42
159,27,25002,53
160,27,851997,72
161,27,12597,47
162,27,7078,44
163,27,3039,48
164,27,4919,43
165,27,168950,45
166,27,212037,50
167,27,117630,44
168,27,41444,51
169,27,236079,54
170,27,77369,44
171,27,54602,54
172,27,1103,45
173,27,26151,42
174,27,18888,39
175,27,11988,44
176,27,95278,39
177,27,39372,49
178,27,118619,44
179,27,705,54
180,27,33512,42
181,27,11315,53
182,27,662579,44
183,27,6204,48
184,27,4917,45
185,27,8573,53
186,27,168628,53
187,27,2018,45
188,27,9737,43
189,27,71665,53
190,27,4797,49
191,27,31893,79
192,27,7935,43
193,27,5672,43
194,27,89395,43
195,27,110034,51
196,27,1215,40
197,27,287200,39
198,27,18162,40
199,27,642471,43
200,27,4242,47
201,27,337829,46
202,27,2058,47
203,27,8032,44
204,27,5655,54
205,27,16304,55
206,27,1284,44
207,27,147761,40
208,27,22094,39
209,27,12540,44
210,27,1898109,67
211,27,69781,43
212,27,7881,57
213,27,18286,43
214,27,2710,48
215,27,59212,44
216,27,7538,43
217,27,59639,44
218,27,3678,54
219,27,77947,45
220,27,27370,49
221,27,6342,44
222,27,29850,45
223,27,4994,46
224,27,3633,44
225,27,414960,63
226,27,1339,49
227,27,48298,72
228,27,23736,44
229,27,62,50
230,27,18609,45
231,27,17779,60
232,27,9658,70
233,27,176148,57
234,27,240,45
235,27,70851,45
236,27,51482,39
237,27,1188521,41
238,27,214741,45
239,27,8823,45
240,27,73936,42
241,27,502,45
242,27,20621,51
243,27,21805,39
244,27,38914,47
245,27,7863,48
246,27,72959,53
247,27,10823,42
248,27,12905,50
249,27,17057,44
250,27,2606,39
251,27,5972,47
252,27,46939,43
253,27,594482,38
254,27,2846050,40
255,27,221079,91
256,27,2933,43
257,27,76495,40
258,27,666469,44
259,27,133874,61
260,27,8027,47
261,27,570656,81
262,27,188464,62
263,27,4364,45
264,27,169333,67
265,27,22534,48
266,27,64274,49
267,27,24507,42
268,27,49575,42
269,27,37641,44
270,27,12553,40
271,27,87414,56
272,27,125411,43
273,27,35662,39
274,27,65877,44
275,27,56958,53
276,27,99456,59
277,27,69781,51
278,27,1890,49
279,27,316873,80
280,27,1304532,65
281,27,1763589,54
282,27,87717,52
283,27,3256771,128
284,27,777493,68
285,27,2262864,73
286,27,117977,43
287,27,5069,47
288,27,45467,88
289,27,18928,40
290,27,59503,48
291,27,1562,49
292,27,27559,44
293,27,671202,78
294,27,69705,49
295,27,1720770,39
296,27,31479,51
297,27,1300181,88
298,27,23803,39
299,27,489325,48
300,27,228826,73
301,27,2993128,121
302,27,166329,54
303,27,779113,75
304,27,382832,97
305,27,275406,68
306,27,2163387,71
307,27,1541235,54
308,27,448121,51
309,27,56088,57
310,27,1270,40
311,27,647226,68
312,27,731442,59
313,27,1613925,52
314,27,1167239,80
315,27,207703,56
316,27,10070,43
317,27,395,45
318,27,9450139,122
319,27,198756,60
320,27,13141,39
321,27,20142,45
322,27,82882,38
323,27,18307,44
324,27,137417,38
325,27,13319,48
326,27,221778,102
327,27,1154928,50
328,27,63149,39
329,27,337909,48
330,27,41233,47
331,27,52665,51
332,27,2343312,52
333,27,858205,97
334,27,2158,50
335,27,6142978,74
336,27,17090,51
337,27,14225,41
338,27,17496,49
339,27,38031,40
340,27,334636,71
341,27,75946,43
342,27,468711,47
343,27,343625,38
344,27,41159,47
345,27,109260,63
346,27,1655809,44
347,27,2808,43
348,27,36186,39
349,27,2526,48
350,27,6331,42
351,27,2173,44
352,27,206,45
353,27,91086,39
354,27,79819,56
355,27,44832,41
356,27,313454,69
357,27,7262810,60
358,27,398502,45
359,27,7388,52
360,27,8729,43
361,27,5523,45
362,27,36069,39
363,27,5647,42
364,27,2020,43
365,27,253079,41
366,27,1430684,51
367,27,55836,47
368,27,354312,61
369,27,2460877,54
370,27,136210,43
371,27,64219,59
372,27,4987,44
373,27,45509,47
374,27,283653,55
375,27,222,45
376,27,2332679,54
377,27,634748,45
378,27,29254,41
379,27,11956,43
380,27,497395,41
381,27,84429,41
382,27,151,45
383,27,34188,42
384,27,1263,49
385,27,9756,44
386,27,6148,40
387,27,3796,50
388,27,15678,42
389,27,863,40
390,27,438,50
391,27,84146,47
392,27,1147,45
393,27,3440,42
394,27,290079,57
395,27,1131,49
396,27,2561,45
397,27,47421,56
398,27,678559,46
399,27,3909,42
400,27,3121,48
401,27,16675,43
402,27,3271,48
403,27,2845,53
404,27,5193,43
405,27,7492,47
406,27,6604,52
407,27,710815,63
408,27,84426,54
409,27,73481,44
410,27,27922,42
411,27,129405,61
412,27,211,50
413,27,5139,44
414,27,31991,40
415,27,752,45
416,27,36770,42
417,27,83743,41
418,27,6998,50
419,27,1322,44
420,27,19792,43
421,27,15022,40
422,27,79548,45
423,27,20208,45
424,27,84626,39
425,27,381579,54
426,27,470544,39
427,27,4211196,117
428,27,641658,116
429,27,32234,46
430,27,723394,51
431,27,17165,58
432,27,217321,48
433,27,250345,55
434,27,64688,44
435,27,60269,43
436,27,63955,44
437,27,158,55
438,27,34973,42
439,27,273519,39
440,27,30986,54
441,27,13974,43
442,27,3764,40
443,27,162149,49
444,27,26511,47
445,27,392277,50
446,27,446583,79
447,27,3462,45
448,27,1868889,54
449,27,39423,44
450,27,57831,42
451,27,32801,39
452,27,9326,43
453,27,5869,45
454,27,84576,84
455,27,120397,50
456,27,9563,44
457,27,147846,47
458,27,158489,70
459,27,99442,48
460,27,13267,50
461,27,108260,44
462,27,736,45
463,27,67217,41
464,27,92449,55
465,27,299551,80
466,27,1070,50
467,27,356218,47
468,27,66614,51
469,27,40056,49
470,27,45902,43
471,27,7478,44
472,27,21825,48
473,27,102058,43
474,27,16936,42
475,27,445363,49
476,27,42129,67
477,27,37324,43
478,27,609647,50
479,27,7226,47
480,27,262670,54
481,27,15699,57
482,27,70628,50
483,27,80125,52
484,27,408143,44
485,27,18976,44
486,27,185242,49
487,27,98922,42
488,27,1784,55
489,27,165380,39
490,27,433,50
491,27,31591,54
492,27,187917,39
493,27,49736,55
494,27,105190,39
495,27,1915,40
496,27,27639,45
497,27,69456,39
498,27,552,40
499,27,452,40
500,27,15103,40
501,27,48678,39
502,27,52651,38
503,27,39174,47
504,27,204181,42
505,27,817,49
506,27,17307,49
507,27,4668,43
508,27,25562,65
509,27,33331,42
510,27,33361,49
511,27,650,44
512,27,30270,51
513,27,38012,48
514,27,11362,50
515,27,5406,52
516,27,62225,43
517,27,13300,43
518,27,172430,39
519,27,230582,62
520,27,672691,55
521,27,1624,44
522,27,19597,41
523,27,8565,43
524,27,4111,48
525,27,4472,43
526,27,2139256,51
527,27,132400,54
528,27,9702,53
529,27,72130,66
530,27,5952,44
531,27,5178,43
532,27,14912,43
533,27,739102,45
534,27,29899,51
535,27,19280,47
536,27,2379,49
537,27,4977,40
538,27,70218,43
539,27,3887,44
540,27,14104,40
541,27,58741,45
542,27,4711,40
543,27,10705,40
544,27,32549,40
545,27,174451,40
546,27,4595,44
547,27,15020,40
548,27,347489,38
549,27,2366,48
550,27,4794,44
551,27,22791,42
552,27,15016,43
553,27,3843,43
554,27,3224,50
555,27,93081,38
556,27,10386,44
557,27,90305,39
558,27,409461,39
559,27,8141,44
560,27,3214,44
561,27,6716,44
562,27,31484,49
563,27,10229,40
564,27,18865,44
565,27,4220,45
566,27,4719,44
567,27,12875,44
568,27,33287,44
569,27,90149,42
570,27,4180,45
571,27,16287,40
572,27,3077,44
573,27,162438,39
574,27,26837,45
575,27,5350,59
576,27,14546,44
577,27,19766,48
578,27,6014,40
579,27,19380,58
580,27,7483,50
581,27,5804,39
582,27,2481,49
583,27,11481,44
584,27,1426,45
585,27,12765,56
586,27,1365716,48
587,27,8687,45
588,27,19848,44
589,27,16145,48
590,27,14001,40
591,27,16433,45
592,27,2961,40
593,27,251169,49
594,27,158326,66
595,27,93224,40
596,27,240293,46
597,27,2051,45
598,27,3638,40
599,27,673,45
600,27,943,45
601,27,1907,45
602,27,23323,43
603,27,58570,59
604,27,2871,45
605,27,7780,40
606,27,159,45
607,27,8238,44
608,27,1314,53
609,27,309107,73
610,27,269191,50
611,27,7736,49
612,27,23148,42
613,27,3227,43
614,27,44303,55
615,27,477,40
616,27,4169,49
617,27,76681,84
618,27,21644,54
619,27,158852,50
620,27,2490,48
621,27,2364,45
622,27,5441,40
623,27,3998,45
624,27,1233,47
625,27,28009,54
626,27,8672,39
627,27,1458,40
628,27,58923,44
629,27,4857,43
630,27,992,45
631,27,7475,40
632,27,842,44
633,27,4763,39
634,27,10758,45
635,27,3015,40
636,27,4487,40
637,27,4637,40
638,27,4525,40
639,27,516,45
640,27,2478,40
641,27,517,45
642,27,5486,40
643,27,445,45
644,27,1754,40
645,27,2640,40
646,27,3018,40
647,27,279,45
648,27,286,45
649,27,1964,40
650,27,605,45
651,27,690,45
652,27,1705,40
653,27,549,43
654,27,356,45
655,27,1800,39
656,27,1120,40
657,27,9596,45
658,27,1193,44
659,27,3493,45
660,27,2020,45
661,27,1476,44
662,27,1753,45
663,27,2462,45
664,27,2519,40
665,27,392,45
666,27,1509,45
667,27,228,45
668,27,221,45
669,27,4952,45
670,27,664,40
671,27,3372,45
672,27,418,45
673,27,377,45
674,27,1523,40
675,27,573,40
676,27,236,45
677,27,181,45
678,27,342,45
679,27,720,45
680,27,598324,78
681,27,778,47
682,27,18096,55
683,27,74,45
684,27,9639,50
685,27,642,45
686,27,9905,45
687,27,97,45
688,27,503,49
689,27,104468,50
690,27,341240,76
691,27,6073,45
692,27,1303,52
693,27,1717,50
694,27,15818,44
695,27,1563,45
696,27,328,44
697,27,1719,45
698,27,700,45
699,27,131986,65
700,27,3157,53
701,27,60757,57
702,27,281,45
703,27,721,45
704,27,20638,55
705,27,2329,50
706,27,1317,45
707,27,825,40
708,27,5203,55
709,27,2223,45
710,27,1045,40
711,27,1778,55
712,27,133,44
713,27,3021,63
714,27,2655,50
715,27,14023,54
716,27,738,45
717,27,1643,40
718,27,474,45
719,27,259,45
720,27,3732,48
721,27,3633,45
722,27,346,45
723,27,1058,45
724,27,118171,50
725,27,411,45
726,27,361,45
727,27,5515,45
728,27,5419,47
729,27,95832,45
730,27,2665,45
731,27,1755,50
732,27,3701,55
733,27,22409,48
734,27,575,50
735,27,100,45
736,27,859,40
737,27,1695,40
738,27,726,40
739,27,697,40
740,27,1826,39
741,27,154,45
742,27,510,40
743,27,706,40
744,27,1095,40
745,27,433,40
746,27,1034,40
747,27,58,40
748,27,0,45
749,27,0,40
750,27,0,40
3,28,282313,49
4,28,67602,41
5,28,12045,42
6,28,50922,47
7,28,3870662,69
8,28,78917,46
9,28,11511,53
10,28,1293609,47
11,28,314230,66
12,28,40845,56
13,28,4764487,85
14,28,60583,42
15,28,1324912,49
16,28,1722239,52
17,28,772,45
18,28,24635,43
19,28,4429329,66
20,28,1754,45
21,28,4804,48
22,28,8824,45
23,28,5095,47
24,28,140833,38
25,28,15243,56
26,28,3477880,53
27,28,7734,46
28,28,2852296,79
29,28,336369,66
31,28,589581,49
32,28,17907,42
33,28,149698,46
34,28,5953,49
35,28,173044,39
36,28,22578,43
37,28,70063,51
38,28,1028,44
39,28,549412,43
40,28,1838422,74
41,28,13176,43
42,28,117195,57
43,28,590888,46
44,28,53919,44
45,28,407875,44
46,28,50954,48
47,28,73555,52
48,28,38320,43
49,28,1849,45
50,28,23108,47
51,28,3342,48
52,28,3943,54
53,28,10118,48
54,28,208635,42
55,28,217,45
56,28,70145,39
57,28,18823,43
58,28,2246,48
59,28,2943,44
60,28,1442,53
61,28,2666,52
62,28,91743,50
63,28,1709,47
64,28,45120,47
65,28,4657,43
66,28,216063,55
67,28,6316,49
68,28,14754,44
69,28,5586,53
70,28,212276,51
71,28,11404,43
72,28,42180,42
73,28,54775,43
74,28,7419,47
75,28,9317,52
76,28,15244,43
77,28,45981,39
78,28,38111,42
79,28,41095,53
80,28,4712816,78
81,28,1792944,48
82,28,9175,50
83,28,417148,41
84,28,11316,45
85,28,477474,45
86,28,16737,55
87,28,2682,48
88,28,298176,48
89,28,36383,53
90,28,7588,43
91,28,3428,45
92,28,143615,44
93,28,3454,48
94,28,19210,45
95,28,514609,59
96,28,49803,39
97,28,4926,45
98,28,1772,40
99,28,95,45
100,28,5875,40
110,28,66266,58
111,28,1008584,66
112,28,711725,50
127,28,132446,47
128,28,658286,54
129,28,75160,53
130,28,221978,58
131,28,2995,49
132,28,55343,49
133,28,1124814,47
134,28,114808,48
135,28,47725,55
136,28,13939,50
137,28,18361,79
138,28,23176,39
139,28,1275317,59
140,28,50878,56
141,28,53268,44
142,28,413857,72
143,28,3680,50
144,28,3617,53
145,28,706835,76
146,28,1361304,58
147,28,673204,48
148,28,53403,56
150,28,38575,52
151,28,4093,44
152,28,209593,44
153,28,111897,39
154,28,625,48
155,28,15085,55
156,28,26402,44
157,28,18358,45
158,28,36067,42
159,28,24731,53
160,28,857810,72
161,28,12485,47
163,28,2992,48
164,28,4930,43
165,28,165387,45
166,28,203008,50
167,28,114262,44
168,28,39946,51
169,28,226005,54
170,28,72773,44
171,28,51407,54
172,28,1100,45
173,28,25374,42
174,28,18697,39
175,28,11885,44
176,28,93564,39
177,28,39078,49
178,28,107543,44
179,28,694,54
180,28,34384,42
181,28,11301,53
182,28,649214,44
183,28,6195,48
184,28,4901,45
185,28,9079,53
186,28,152439,53
187,28,2010,45
188,28,9598,43
189,28,71056,53
190,28,4799,49
191,28,31539,79
192,28,7896,43
193,28,5895,43
194,28,81855,42
195,28,107526,51
196,28,1210,40
197,28,268083,39
198,28,18092,40
199,28,570391,43
221,28,6266,44
222,28,30662,45
223,28,4972,46
224,28,3578,44
225,28,469329,63
226,28,1329,49
227,28,56595,71
228,28,23534,44
229,28,62,50
230,28,18623,45
232,28,9644,70
233,28,272595,57
234,28,239,45
235,28,68759,45
236,28,50713,39
237,28,1107210,40
238,28,214829,45
239,28,13064,45
240,28,76272,42
241,28,501,45
242,28,20328,51
243,28,21507,39
244,28,38935,47
245,28,7861,48
246,28,72830,53
247,28,10783,42
248,28,12889,50
249,28,17114,44
250,28,2613,39
251,28,5921,47
252,28,47167,43
253,28,613036,38
254,28,2778147,40
255,28,224686,91
256,28,8402,43
257,28,79683,40
258,28,666883,44
259,28,131485,61
260,28,7976,47
261,28,1197342,82
262,28,184706,61
263,28,4354,45
264,28,203821,67
265,28,22601,48
266,28,66662,49
267,28,24520,42
268,28,48943,42
269,28,37507,44
270,28,12250,40
271,28,94996,56
272,28,128621,43
273,28,35521,39
295,28,1652813,39
304,28,379470,97
313,28,1744099,52
321,28,20783,45
349,28,2934,48
350,28,6451,42
351,28,2167,44
352,28,205,45
353,28,89483,39
354,28,72466,56
355,28,45193,41
356,28,318755,69
357,28,7549510,61
358,28,459680,45
359,28,7466,52
360,28,8801,43
361,28,5510,45
362,28,36173,39
363,28,5680,42
364,28,2011,43
365,28,262687,41
366,28,1469560,50
367,28,57625,47
368,28,408233,61
369,28,2914150,55
370,28,140644,43
371,28,61388,59
372,28,5032,44
373,28,62860,47
374,28,313960,55
375,28,221,45
376,28,2443784,54
377,28,729430,45
378,28,30194,41
379,28,11899,43
380,28,485419,41
381,28,86228,41
382,28,148,45
383,28,34052,42
384,28,1262,49
385,28,9644,44
386,28,6099,40
387,28,4070,50
388,28,20552,42
389,28,857,40
390,28,437,50
391,28,82472,47
392,28,1143,45
393,28,3418,42
394,28,227791,57
395,28,1131,49
396,28,2549,45
397,28,46898,56
398,28,662937,46
399,28,3934,42
400,28,3402,48
401,28,16653,43
402,28,3265,48
403,28,2838,53
404,28,6777,43
405,28,7543,47
406,28,6753,52
407,28,740244,63
408,28,82635,54
409,28,73369,44
410,28,29902,42
411,28,123833,61
412,28,211,50
413,28,5116,44
414,28,31761,40
415,28,748,45
416,28,36636,42
417,28,88106,41
418,28,7019,50
419,28,1336,44
420,28,19402,43
421,28,14930,40
422,28,80333,45
423,28,25237,45
424,28,83774,39
425,28,375744,54
426,28,533243,39
427,28,4868165,118
428,28,1107515,116
429,28,31341,46
430,28,788784,51
431,28,17528,58
432,28,267193,48
433,28,277692,55
434,28,64348,44
435,28,60006,43
436,28,62859,44
437,28,158,55
438,28,34879,42
439,28,269121,39
440,28,30619,54
441,28,17067,43
442,28,3740,40
443,28,177175,49
444,28,26350,47
445,28,329677,50
446,28,483966,79
447,28,3440,45
448,28,1837895,54
449,28,39103,44
450,28,57567,42
451,28,32495,39
452,28,9331,43
453,28,5835,45
454,28,104152,84
459,28,122672,48
474,28,16419,42
475,28,422586,49
476,28,46274,67
477,28,38275,43
478,28,650132,50
479,28,7140,47
480,28,275204,54
481,28,18998,57
482,28,77669,50
483,28,83548,52
484,28,427139,44
485,28,18890,44
486,28,186197,49
487,28,97035,42
488,28,1782,55
489,28,161566,39
490,28,435,50
491,28,34477,54
492,28,183492,39
493,28,80303,55
494,28,103393,39
495,28,1896,40
496,28,27501,45
503,28,39515,47
505,28,896,49
506,28,16906,49
507,28,4736,43
508,28,26769,65
510,28,38059,49
511,28,676,44
512,28,30156,51
513,28,40184,48
514,28,11412,50
515,28,5355,52
516,28,61651,43
517,28,13237,43
518,28,167440,39
520,28,785295,55
522,28,19398,41
523,28,8545,43
524,28,4140,48
525,28,4452,43
526,28,2248703,51
527,28,132840,54
528,28,9630,53
530,28,5936,44
531,28,5186,43
534,28,31490,51
535,28,18784,47
536,28,2441,49
537,28,4952,40
538,28,68091,43
539,28,3869,44
540,28,14047,40
541,28,58451,45
547,28,14874,40
548,28,352830,38
549,28,2367,48
552,28,15086,43
553,28,3901,43
554,28,3192,50
555,28,82540,38
557,28,88738,39
558,28,317250,38
560,28,3174,44
561,28,6678,44
565,28,4321,45
566,28,4736,44
567,28,12804,44
568,28,33093,44
570,28,4200,45
571,28,16281,40
574,28,43552,45
576,28,41282,44
577,28,19246,48
578,28,5981,40
579,28,19273,58
580,28,7708,50
581,28,5960,39
582,28,2992,49
583,28,11489,44
585,28,13816,56
589,28,16256,48
590,28,14639,40
594,28,265234,66
595,28,89572,40
597,28,2041,45
598,28,3623,40
601,28,1920,45
602,28,24363,43
604,28,2852,45
605,28,7803,40
606,28,159,45
607,28,8194,44
608,28,1288,53
611,28,7655,49
612,28,17862,42
616,28,4218,49
617,28,75187,84
619,28,139624,49
621,28,2351,45
622,28,5413,40
623,28,4013,45
624,28,1256,47
625,28,26059,53
626,28,8852,39
627,28,1426,40
628,28,62660,44
629,28,4879,43
630,28,996,45
631,28,7533,40
632,28,853,44
633,28,4896,39
634,28,10518,45
635,28,3128,40
637,28,4651,40
638,28,4437,40
639,28,553,45
642,28,5501,40
644,28,1811,40
645,28,2706,40
646,28,3117,40
647,28,273,45
648,28,285,45
649,28,1968,40
650,28,645,45
653,28,562,43
654,28,368,45
655,28,1776,39
657,28,9407,45
658,28,1284,44
659,28,3398,45
661,28,1436,44
662,28,1678,45
663,28,2397,45
664,28,2682,40
666,28,1441,45
668,28,235,45
670,28,647,40
671,28,3346,45
672,28,545,45
673,28,371,45
675,28,558,40
676,28,256,45
678,28,329,45
681,28,803,47
682,28,15320,55
683,28,72,45
684,28,9134,50
685,28,626,45
686,28,8379,45
687,28,97,45
688,28,722,49
689,28,96591,50
690,28,385536,76
691,28,6017,45
692,28,1312,52
693,28,2354,50
694,28,45063,44
695,28,1527,45
696,28,307,44
697,28,1678,45
698,28,1089,45
699,28,220078,65
700,28,2836,53
702,28,254,45
703,28,759,45
704,28,20732,55
705,28,8934,50
706,28,1272,45
707,28,1021,40
708,28,5192,55
709,28,1777,45
710,28,1101,40
711,28,1827,55
713,28,3107,62
714,28,2587,50
715,28,13047,54
716,28,798,45
717,28,2028,40
718,28,757,45
720,28,3618,48
721,28,2948,45
722,28,330,45
723,28,940,45
724,28,208991,50
725,28,556,45
727,28,6592,45
729,28,102101,45
730,28,4166,45
731,28,1924,50
732,28,3138,55
733,28,62841,48
734,28,840,50
735,28,153,45
737,28,2004,40
738,28,817,40
741,28,193,45
742,28,602,40
743,28,797,40
744,28,1400,40
745,28,586,40
748,28,54,45
749,28,110,40
751,28,0,40
1,29,14836,42
2,29,363529,45
3,29,280203,49
4,29,66979,41
5,29,12800,42
6,29,50508,47
7,29,3418017,68
8,29,78564,46
9,29,11496,53
10,29,1346239,47
11,29,264082,65
12,29,40930,56
13,29,4616027,86
14,29,58872,42
15,29,1320420,49
16,29,1718720,52
17,29,770,45
18,29,24525,43
19,29,4215783,66
20,29,1748,45
21,29,4753,48
22,29,8808,45
23,29,4678,47
24,29,142716,38
25,29,15262,56
26,29,2886978,52
27,29,7701,46
28,29,2858114,79
29,29,334697,66
30,29,247575,64
31,29,592011,49
32,29,17850,42
33,29,145306,46
34,29,5958,49
35,29,168032,39
36,29,22377,43
37,29,62300,51
38,29,1028,44
39,29,680518,44
40,29,1856828,75
41,29,13058,43
42,29,97494,57
43,29,440786,46
44,29,53756,44
45,29,383300,44
46,29,56662,48
47,29,74741,52
48,29,38103,42
49,29,1844,45
50,29,23046,47
51,29,3332,48
52,29,3940,54
53,29,10025,48
54,29,206019,42
55,29,217,45
56,29,69139,39
57,29,24468,43
58,29,2207,48
59,29,2896,44
60,29,1415,53
61,29,2652,52
62,29,91202,50
63,29,1703,47
64,29,43969,47
65,29,4647,43
66,29,247217,55
67,29,6199,49
68,29,14653,44
69,29,5494,53
70,29,170522,52
71,29,11270,43
72,29,41519,42
73,29,55109,43
74,29,7363,47
75,29,8974,52
76,29,14880,43
77,29,44447,39
78,29,38082,42
79,29,32190,53
80,29,4682711,79
81,29,1865398,49
82,29,8980,50
83,29,396294,41
84,29,10242,45
85,29,451631,46
86,29,14249,55
87,29,2678,48
88,29,300205,48
89,29,30516,53
90,29,7222,43
91,29,3420,45
92,29,134425,44
93,29,3461,48
94,29,18707,45
95,29,484190,59
96,29,48799,39
97,29,4900,45
98,29,1759,40
99,29,95,45
100,29,5783,40
101,29,10756,48
102,29,315392,39
103,29,111563,65
104,29,1056199,54
105,29,13280,43
106,29,569444,47
107,29,1271584,52
108,29,51730,45
109,29,471902,46
110,29,60603,57
111,29,933537,67
112,29,687241,50
113,29,1073906,46
114,29,113422,42
115,29,8176,44
116,29,980250,55
117,29,1509,44
118,29,5226,53
119,29,4963,45
120,29,33684,50
121,29,320,45
122,29,438,40
123,29,27259,50
124,29,2932594,56
125,29,32414,46
126,29,2488,45
127,29,130431,47
128,29,631871,54
129,29,75034,53
130,29,220892,57
131,29,2989,49
132,29,49528,49
133,29,1132221,47
134,29,115820,48
135,29,46858,55
136,29,13536,50
137,29,18340,79
138,29,23060,39
139,29,1286020,60
140,29,51413,56
141,29,52679,44
142,29,409871,72
143,29,3674,50
144,29,3612,53
145,29,737197,76
146,29,1356876,58
147,29,670208,48
148,29,52795,56
149,29,38822,42
150,29,38369,52
151,29,4079,44
152,29,199345,44
153,29,108550,39
154,29,636,48
155,29,15046,55
156,29,26134,44
157,29,17739,45
158,29,35554,42
159,29,24265,52
160,29,826543,72
161,29,12336,47
162,29,7088,44
163,29,2994,48
164,29,4942,42
165,29,158817,45
166,29,199203,50
167,29,111906,44
168,29,39151,51
169,29,211404,54
170,29,69980,44
171,29,43035,54
172,29,1097,45
173,29,24693,42
174,29,18500,39
175,29,11810,44
176,29,91219,39
177,29,38816,49
178,29,89744,44
179,29,689,54
180,29,34525,42
181,29,11282,53
182,29,633182,44
183,29,6188,48
184,29,4884,45
185,29,14403,53
186,29,116639,51
187,29,2005,45
188,29,9452,43
189,29,66415,53
190,29,4793,49
191,29,31273,79
192,29,7882,42
193,29,5979,43
194,29,74635,41
195,29,105570,51
196,29,1204,40
197,29,262488,39
198,29,18016,40
199,29,491904,42
200,29,4234,47
201,29,269045,46
202,29,2044,47
203,29,7882,44
204,29,5637,54
205,29,15547,54
206,29,1278,44
207,29,144254,40
208,29,21750,39
209,29,12334,44
210,29,1584301,66
211,29,66844,43
212,29,7984,57
213,29,18185,43
214,29,2694,48
215,29,52546,44
216,29,7370,43
217,29,54479,44
218,29,3667,54
219,29,77056,45
220,29,27792,49
221,29,6295,44
222,29,36554,45
223,29,4944,46
224,29,3565,44
225,29,486140,63
226,29,1376,49
227,29,60743,71
228,29,23339,44
229,29,62,50
230,29,18933,45
231,29,18073,59
232,29,9634,70
233,29,291563,57
234,29,237,45
235,29,67738,45
236,29,49882,39
237,29,1096906,40
238,29,218541,45
239,29,11097,45
240,29,70982,42
241,29,498,45
242,29,20099,51
243,29,21282,39
244,29,40718,47
245,29,7860,48
246,29,72072,53
247,29,10728,42
248,29,12865,50
249,29,17010,44
250,29,2555,39
251,29,5882,47
252,29,46501,43
253,29,593947,38
254,29,2646060,40
255,29,227915,91
256,29,16644,43
257,29,83146,40
258,29,709422,44
259,29,129302,61
260,29,7923,47
261,29,1380964,83
262,29,175392,61
263,29,4336,45
264,29,263285,67
265,29,22577,48
266,29,65171,49
267,29,24462,42
268,29,48388,42
269,29,37218,44
270,29,12086,39
271,29,99985,56
272,29,116776,43
273,29,35304,39
274,29,65495,44
275,29,55989,53
276,29,93594,59
277,29,68676,51
278,29,1900,49
279,29,314334,80
280,29,1317401,65
281,29,1718409,54
282,29,86453,52
283,29,3121203,128
284,29,688989,68
285,29,2104061,73
286,29,97322,43
287,29,5010,47
288,29,46369,87
289,29,18547,40
290,29,65521,48
291,29,1605,49
292,29,26036,43
293,29,669024,78
294,29,66676,48
295,29,1641037,38
296,29,31175,51
297,29,1057741,88
298,29,23007,39
299,29,443482,47
300,29,228983,73
301,29,2700894,120
302,29,175548,54
303,29,488106,73
304,29,374418,97
305,29,224420,68
306,29,2117573,71
307,29,1484628,54
308,29,387595,50
309,29,55240,57
310,29,1261,40
311,29,627549,67
312,29,731089,59
313,29,1593785,52
314,29,1016038,80
315,29,200343,56
316,29,10129,42
317,29,393,45
318,29,8141991,120
319,29,213510,60
320,29,13043,39
321,29,20328,45
322,29,78989,38
323,29,18223,44
324,29,134932,38
325,29,13322,48
326,29,220629,102
327,29,1288683,50
328,29,62638,38
329,29,323804,48
330,29,41760,47
331,29,54182,51
332,29,2724120,52
333,29,1309253,96
334,29,2149,50
335,29,5928361,73
336,29,17030,51
337,29,14254,41
338,29,18673,49
339,29,37632,40
340,29,337934,71
341,29,71513,43
342,29,447075,47
343,29,311305,38
344,29,41185,46
345,29,105475,63
346,29,1422021,43
347,29,3042,43
348,29,36975,38
349,29,2792,48
350,29,6487,42
351,29,2161,44
352,29,204,45
353,29,88230,39
354,29,69721,56
355,29,45006,41
356,29,307654,69
357,29,7563331,61
358,29,460660,45
359,29,7467,52
360,29,8743,43
361,29,5494,45
362,29,36144,39
363,29,5697,42
364,29,2009,43
365,29,259425,41
366,29,1520986,50
367,29,57141,47
368,29,390184,61
369,29,1741559,54
370,29,136328,43
371,29,65253,59
372,29,5088,44
373,29,77653,47
374,29,314223,55
375,29,220,45
376,29,2281209,54
377,29,668743,45
378,29,28859,41
379,29,11865,43
380,29,479285,41
381,29,81925,41
382,29,148,45
383,29,33739,42
384,29,1259,49
385,29,9485,44
386,29,6039,40
387,29,3838,50
388,29,19010,42
389,29,849,40
390,29,436,50
391,29,81720,47
392,29,1143,45
393,29,3398,42
394,29,231413,57
395,29,1128,49
396,29,2537,45
397,29,46612,56
398,29,646839,46
399,29,3901,42
400,29,3856,48
401,29,16518,43
402,29,3260,48
403,29,2832,53
404,29,6721,43
405,29,7337,47
406,29,6428,51
407,29,669240,63
408,29,81625,53
409,29,73021,44
410,29,26607,42
411,29,115659,61
412,29,211,50
413,29,5098,44
414,29,31560,40
415,29,747,45
416,29,36050,42
417,29,78689,41
418,29,7010,50
419,29,1397,44
420,29,18930,43
421,29,14778,40
422,29,76084,45
423,29,19576,45
424,29,82358,39
425,29,373117,54
426,29,496177,39
427,29,4491151,118
428,29,748244,116
429,29,30753,46
430,29,712583,51
431,29,17546,58
432,29,178093,48
433,29,246966,55
434,29,64087,44
435,29,59737,42
436,29,62014,44
437,29,158,55
438,29,34789,42
439,29,267406,38
440,29,30262,53
441,29,15029,43
442,29,3729,40
443,29,170315,49
444,29,26126,47
445,29,273008,49
446,29,442880,79
447,29,3431,45
448,29,1774946,53
449,29,38824,44
450,29,57231,42
451,29,32166,39
452,29,9289,43
453,29,5805,45
454,29,87247,84
455,29,113939,49
456,29,9171,44
457,29,149469,47
458,29,152411,70
459,29,87250,48
460,29,13300,50
461,29,134667,44
462,29,729,45
463,29,64398,40
464,29,128392,55
465,29,380456,80
466,29,1069,50
467,29,353054,47
468,29,65971,50
469,29,39588,49
470,29,38574,43
471,29,7394,44
472,29,25420,48
473,29,108546,43
474,29,15994,41
475,29,401024,48
476,29,41546,67
477,29,35836,43
478,29,606734,50
479,29,7106,47
480,29,224074,53
481,29,16234,57
482,29,61555,50
483,29,77779,52
484,29,352166,44
485,29,18800,44
486,29,185057,49
487,29,92384,42
488,29,1778,55
489,29,156005,39
490,29,439,50
491,29,30703,54
492,29,178765,39
493,29,74997,55
494,29,101777,39
495,29,1870,40
496,29,27395,45
497,29,67635,39
498,29,552,40
499,29,451,40
500,29,14977,40
501,29,55111,38
502,29,51923,38
503,29,38476,46
504,29,196063,42
505,29,851,49
506,29,16291,49
507,29,4857,43
508,29,26235,65
509,29,32611,42
510,29,37876,49
511,29,670,44
512,29,29887,50
513,29,38792,48
514,29,11383,50
515,29,5273,52
516,29,60383,43
517,29,13343,43
518,29,162225,39
519,29,226282,62
520,29,759734,55
521,29,1613,44
522,29,19214,41
523,29,8524,43
524,29,4083,47
525,29,4425,43
526,29,2224257,51
527,29,132561,54
528,29,9731,53
529,29,72125,66
530,29,5876,44
531,29,5191,43
532,29,14628,43
533,29,751786,45
534,29,23364,51
535,29,19615,47
536,29,2423,49
537,29,4935,40
538,29,65953,43
539,29,3845,44
540,29,13979,40
541,29,58181,45
542,29,4658,40
543,29,10615,40
544,29,32526,40
545,29,163148,40
546,29,4610,44
547,29,14742,40
548,29,379908,38
549,29,2302,48
550,29,4764,44
551,29,22558,42
552,29,15156,43
553,29,3837,43
554,29,3165,50
555,29,77353,38
556,29,10280,44
557,29,87031,39
558,29,310276,38
559,29,9708,44
560,29,3165,43
561,29,6656,44
562,29,30648,49
563,29,10079,40
564,29,7947,44
565,29,4354,45
566,29,4700,44
567,29,12752,44
568,29,32922,44
569,29,69355,42
570,29,4188,45
571,29,16187,40
572,29,3061,44
573,29,115587,39
574,29,63870,45
575,29,5773,59
576,29,43170,44
577,29,17780,48
578,29,6072,40
579,29,19164,58
580,29,7570,50
581,29,5798,39
582,29,2658,49
583,29,11367,44
584,29,1438,45
585,29,13245,56
586,29,1482142,48
587,29,8701,44
588,29,20359,43
589,29,14298,48
590,29,14331,40
591,29,16723,45
592,29,3030,40
593,29,199561,49
594,29,723926,67
595,29,86994,40
596,29,213268,46
597,29,2035,45
598,29,3608,40
599,29,671,45
600,29,982,45
601,29,1915,45
602,29,25983,43
603,29,61897,59
604,29,2838,45
605,29,7858,40
606,29,158,45
607,29,8234,44
608,29,1297,53
609,29,318942,73
610,29,242166,50
611,29,7225,48
612,29,19081,42
613,29,3125,43
614,29,28075,55
615,29,476,40
616,29,4205,49
617,29,75732,84
618,29,25871,54
619,29,112985,49
620,29,2541,48
621,29,2330,45
622,29,5420,40
623,29,4010,44
624,29,1223,47
625,29,26091,53
626,29,8741,39
627,29,1410,40
628,29,53339,44
629,29,4925,43
630,29,1025,45
631,29,7665,40
632,29,847,44
633,29,4832,39
634,29,10326,45
635,29,3041,40
636,29,4666,40
637,29,4738,40
638,29,4370,40
639,29,505,45
640,29,2418,40
641,29,569,45
642,29,5551,40
643,29,479,45
644,29,1800,40
645,29,2773,40
646,29,3213,40
647,29,266,45
648,29,277,45
649,29,1915,40
650,29,643,45
651,29,706,45
652,29,1647,40
653,29,584,42
654,29,367,45
655,29,1819,39
656,29,1187,40
657,29,9451,45
658,29,1261,44
659,29,3590,45
660,29,1954,45
661,29,1423,43
662,29,1622,45
663,29,2816,45
664,29,2638,40
665,29,411,45
666,29,1406,45
667,29,264,45
668,29,262,45
669,29,4958,45
670,29,622,40
671,29,3470,45
672,29,472,45
673,29,367,45
674,29,1734,40
675,29,537,40
676,29,248,45
677,29,193,45
678,29,347,45
679,29,712,45
680,29,462071,77
681,29,738,47
682,29,14706,54
683,29,71,45
684,29,8989,50
685,29,614,45
686,29,10751,45
687,29,94,45
688,29,594,49
689,29,93907,50
690,29,481680,76
691,29,4660,45
692,29,1243,52
693,29,1693,50
694,29,53052,44
695,29,1655,45
696,29,292,44
697,29,1899,45
698,29,835,45
699,29,158001,65
700,29,2643,53
701,29,58315,56
702,29,236,45
703,29,755,45
704,29,12494,55
705,29,6957,50
706,29,1408,45
707,29,1022,40
708,29,4552,55
709,29,1671,45
710,29,1267,40
711,29,1852,55
712,29,170,44
713,29,3042,62
714,29,2709,50
715,29,11348,53
716,29,874,45
717,29,1856,40
718,29,844,45
719,29,332,45
720,29,3393,47
721,29,2334,45
722,29,353,45
723,29,944,45
724,29,186389,50
725,29,496,45
726,29,404,45
727,29,5856,45
728,29,5421,47
729,29,123927,45
730,29,4886,45
731,29,1506,50
732,29,2532,55
733,29,63461,48
734,29,686,50
735,29,128,45
736,29,1068,40
737,29,2121,40
738,29,895,40
739,29,879,40
740,29,2141,39
741,29,209,45
742,29,834,40
743,29,1087,40
744,29,1423,40
745,29,569,40
746,29,1504,40
747,29,381,40
748,29,63,45
749,29,136,40
750,29,628,40
751,29,158,40
752,29,0,45
753,29,0,40
754,29,0,40
1,30,14876,42
2,30,379403,45
3,30,288288,49
4,30,66519,41
5,30,13335,42
6,30,50384,47
7,30,3395392,67
8,30,78631,46
9,30,11488,53
10,30,1582014,48
11,30,238821,65
12,30,40949,56
13,30,4640888,86
14,30,57909,42
15,30,1302682,49
16,30,1781260,52
17,30,770,45
18,30,24510,43
19,30,4262782,66
20,30,1744,45
21,30,4741,48
22,30,8797,45
23,30,4466,47
24,30,142125,38
25,30,15286,56
26,30,2456567,51
27,30,7683,46
28,30,3028101,80
29,30,333614,66
30,30,208152,64
31,30,706781,49
32,30,17899,42
33,30,145278,46
34,30,6194,49
35,30,167071,39
36,30,22258,43
37,30,66989,51
38,30,1025,44
39,30,976892,44
40,30,2222772,76
41,30,12989,43
42,30,116604,57
43,30,406184,46
44,30,66551,44
45,30,378907,44
46,30,66924,48
47,30,82162,52
48,30,37991,42
49,30,1842,45
50,30,23764,47
51,30,3326,48
52,30,3935,54
53,30,9986,48
54,30,204334,42
55,30,217,45
56,30,68684,39
57,30,21186,43
58,30,2196,48
59,30,2784,44
60,30,1397,53
61,30,2645,52
62,30,88087,50
63,30,1700,47
64,30,43731,47
65,30,4641,43
66,30,236778,55
67,30,6154,49
68,30,14594,44
69,30,5528,53
70,30,141887,52
71,30,11174,43
72,30,41127,42
73,30,54240,43
74,30,7333,47
75,30,8677,52
76,30,14471,43
77,30,44037,39
78,30,40006,42
79,30,29388,53
80,30,4294745,79
81,30,1883173,49
82,30,8825,50
83,30,392683,41
84,30,9829,45
85,30,435864,46
86,30,13738,55
87,30,2673,48
88,30,299606,48
89,30,27797,53
90,30,7177,43
91,30,3415,45
92,30,138193,44
93,30,3435,48
94,30,18691,45
95,30,450700,59
96,30,48365,39
97,30,4881,45
98,30,1755,40
99,30,95,45
100,30,5761,40
101,30,10671,48
102,30,334311,39
103,30,109426,65
104,30,1038192,54
105,30,13294,43
106,30,556057,47
107,30,1232358,52
108,30,51675,45
109,30,453127,46
110,30,59134,57
111,30,971750,67
112,30,683128,50
113,30,1009926,45
114,30,111074,42
115,30,8150,44
116,30,934181,55
117,30,1504,44
118,30,5217,53
119,30,4827,45
120,30,33827,50
121,30,319,45
122,30,437,40
123,30,27202,50
124,30,3052064,56
125,30,32658,46
126,30,2484,45
127,30,129260,47
128,30,617775,54
129,30,74951,53
130,30,219868,57
131,30,2986,49
132,30,46232,49
133,30,1111923,47
134,30,119712,48
135,30,46290,55
136,30,13415,50
137,30,18323,79
138,30,22990,39
139,30,1308146,60
140,30,51063,56
141,30,51968,44
142,30,413397,72
143,30,3668,50
144,30,3611,53
145,30,579982,76
146,30,1422072,58
147,30,669177,48
148,30,52368,56
149,30,38744,42
150,30,38187,52
151,30,4071,44
152,30,195153,44
153,30,107440,39
154,30,651,48
155,30,15019,55
156,30,26197,44
157,30,17736,45
158,30,35470,42
159,30,24348,52
160,30,802887,72
161,30,12488,47
162,30,7105,44
163,30,2999,48
164,30,4971,42
165,30,160960,45
166,30,197778,50
167,30,112873,44
168,30,40248,51
169,30,218045,54
170,30,74363,44
171,30,43894,54
172,30,1093,45
173,30,24329,42
174,30,18421,39
175,30,12102,44
176,30,90970,39
177,30,38610,49
178,30,87036,43
179,30,722,54
180,30,43397,42
181,30,11267,53
182,30,636389,44
183,30,6181,48
184,30,4874,45
185,30,12960,53
186,30,113504,51
187,30,2003,45
188,30,9408,43
189,30,67034,52
190,30,4822,49
191,30,31129,79
192,30,7884,42
193,30,6612,43
194,30,74419,41
195,30,105228,51
196,30,1201,40
197,30,261653,39
198,30,17968,40
199,30,498623,42
200,30,4240,47
201,30,278388,46
202,30,2039,47
203,30,7844,44
204,30,5647,54
205,30,15753,54
206,30,1275,44
207,30,143678,40
208,30,21667,39
209,30,12268,44
210,30,1483811,66
211,30,68928,43
212,30,8173,57
213,30,18137,43
214,30,2687,48
215,30,52745,44
216,30,7297,43
217,30,56236,44
218,30,3662,54
219,30,76753,45
220,30,28153,49
221,30,6256,44
222,30,35356,45
223,30,4927,46
224,30,3538,44
225,30,470733,63
226,30,1347,49
227,30,54645,71
228,30,23213,44
229,30,62,50
230,30,18400,45
231,30,18207,59
232,30,9628,70
233,30,329194,57
234,30,236,45
235,30,66736,45
236,30,53148,38
237,30,1077918,40
238,30,216133,45
239,30,11421,45
240,30,70258,42
241,30,498,45
242,30,19959,51
243,30,21160,39
244,30,42304,47
245,30,8011,48
246,30,71781,53
247,30,10627,42
248,30,12844,50
249,30,16958,44
250,30,2548,39
251,30,5856,47
252,30,46282,43
253,30,593923,38
254,30,2583698,40
255,30,225155,91
256,30,17183,43
257,30,80640,40
258,30,708449,44
259,30,128021,61
260,30,7880,47
261,30,1261272,83
262,30,138894,60
263,30,4320,45
264,30,279435,67
265,30,22670,48
266,30,62550,49
267,30,24397,42
268,30,48065,41
269,30,37077,44
270,30,12540,39
271,30,97022,56
272,30,121136,43
273,30,35254,39
274,30,65413,44
275,30,55944,53
276,30,93076,59
277,30,68347,51
278,30,1902,49
279,30,309221,80
280,30,1283523,65
281,30,1692623,54
282,30,86254,52
283,30,2983315,128
284,30,659880,68
285,30,2009689,73
286,30,97183,43
287,30,4953,47
288,30,46023,87
289,30,18506,40
290,30,68838,48
291,30,1621,49
292,30,26024,43
293,30,667992,78
294,30,65887,48
295,30,1648563,38
296,30,31093,51
297,30,960200,87
298,30,22750,39
299,30,438940,47
300,30,253564,73
301,30,2906676,121
302,30,258725,54
303,30,531314,73
304,30,374014,97
305,30,554129,69
306,30,2102937,71
307,30,1523440,54
308,30,480651,50
309,30,55665,57
310,30,1260,40
311,30,621372,67
312,30,767249,59
313,30,1592505,52
314,30,953769,80
315,30,199312,56
316,30,10188,42
317,30,393,45
318,30,8645137,121
319,30,263975,60
320,30,12989,39
321,30,20304,45
322,30,77947,38
323,30,18188,44
324,30,133102,38
325,30,13358,48
326,30,220236,102
327,30,1309922,50
328,30,62980,38
329,30,349215,48
330,30,41857,47
331,30,53758,51
332,30,2195790,52
333,30,1170551,96
334,30,2146,50
335,30,6092180,73
336,30,17012,51
337,30,14402,41
338,30,18784,49
339,30,37526,40
340,30,336069,71
341,30,68139,43
342,30,491398,47
343,30,307121,38
344,30,41122,46
345,30,108870,63
346,30,1487942,43
347,30,3082,43
348,30,36952,38
349,30,2717,48
350,30,6505,42
351,30,2156,44
352,30,203,45
353,30,87738,39
354,30,66901,56
355,30,44774,41
356,30,370805,69
357,30,7675479,61
358,30,478933,45
359,30,7506,52
360,30,8755,43
361,30,5471,45
362,30,36152,39
363,30,5702,42
364,30,2008,43
365,30,267938,41
366,30,1644780,50
367,30,57185,47
368,30,419897,61
369,30,1514176,54
370,30,135900,43
371,30,83658,59
372,30,5129,44
373,30,106170,47
374,30,321450,55
375,30,220,45
376,30,2309326,54
377,30,708388,45
378,30,29235,41
379,30,11856,43
380,30,474165,41
381,30,82414,41
382,30,148,45
383,30,33653,42
384,30,1257,49
385,30,9419,44
386,30,6011,40
387,30,3804,50
388,30,18043,42
389,30,845,40
390,30,436,50
391,30,80669,46
392,30,1139,45
393,30,3388,42
394,30,240505,57
395,30,1126,49
396,30,2529,45
397,30,46844,56
398,30,639585,46
399,30,3953,42
400,30,3896,48
401,30,16471,43
402,30,3252,48
403,30,2828,53
404,30,5879,43
405,30,7296,47
406,30,6377,51
407,30,649248,63
408,30,80634,53
409,30,73298,44
410,30,26109,42
411,30,107097,61
412,30,211,50
413,30,5092,44
414,30,31440,40
415,30,744,45
416,30,35860,42
417,30,78546,41
418,30,7011,50
419,30,1354,44
420,30,18209,43
421,30,14732,40
422,30,75117,45
423,30,18314,45
424,30,82135,39
425,30,374305,54
426,30,485250,39
427,30,4519676,117
428,30,720783,116
429,30,30421,46
430,30,708239,51
431,30,17362,58
432,30,150927,48
433,30,241569,54
434,30,63914,44
435,30,59683,42
436,30,61461,44
437,30,157,55
438,30,34709,42
439,30,268496,38
440,30,30032,53
441,30,14746,43
442,30,3717,40
443,30,171594,49
444,30,26024,47
445,30,240163,49
446,30,436568,78
447,30,3419,45
448,30,1775181,53
449,30,38624,44
450,30,57130,42
451,30,32061,39
452,30,9264,43
453,30,5785,45
454,30,84093,84
455,30,116702,49
456,30,8861,44
457,30,146572,47
458,30,153197,70
459,30,82902,48
460,30,13315,50
461,30,138797,44
462,30,727,45
463,30,63465,40
464,30,123241,55
465,30,358494,80
466,30,1068,50
467,30,351571,47
468,30,65860,50
469,30,39472,49
470,30,38611,43
471,30,7328,44
472,30,44643,48
473,30,105576,43
474,30,15818,41
475,30,393089,48
476,30,39067,67
477,30,35290,43
478,30,605285,50
479,30,7128,47
480,30,194250,53
481,30,16117,57
482,30,60106,50
483,30,78304,52
484,30,345429,43
485,30,18740,44
486,30,184955,49
487,30,90699,42
488,30,1775,55
489,30,158668,38
490,30,436,50
491,30,30300,54
492,30,177251,39
493,30,67217,55
494,30,100989,39
495,30,1864,40
496,30,27312,45
497,30,67315,39
498,30,550,40
499,30,451,40
500,30,14934,40
501,30,54643,38
502,30,50845,38
503,30,38361,46
504,30,207090,42
505,30,824,49
506,30,15994,49
507,30,5122,43
508,30,29121,65
509,30,32508,42
510,30,36871,49
511,30,702,44
512,30,29764,50
513,30,39793,48
514,30,11426,50
515,30,5249,52
516,30,59908,43
517,30,13377,43
518,30,161800,39
519,30,226253,62
520,30,760510,55
521,30,1614,44
522,30,19094,41
523,30,8682,43
524,30,4054,47
525,30,4412,43
526,30,2185941,51
527,30,132177,54
528,30,9656,53
529,30,70884,66
530,30,5805,44
531,30,5201,43
532,30,14536,43
533,30,826679,45
534,30,23404,51
535,30,20526,47
536,30,2566,49
537,30,4927,40
538,30,70808,43
539,30,3830,44
540,30,13946,40
541,30,57987,45
542,30,4648,40
543,30,10580,40
544,30,32478,40
545,30,169606,40
546,30,4615,43
547,30,14667,40
548,30,396063,38
549,30,2299,48
550,30,4752,44
551,30,22507,42
552,30,15142,43
553,30,3856,43
554,30,3149,50
555,30,75865,38
556,30,10241,44
557,30,86400,39
558,30,317283,38
559,30,9541,44
560,30,3297,43
561,30,6631,44
562,30,29425,49
563,30,10035,40
564,30,6979,44
565,30,4356,45
566,30,4696,43
567,30,12718,44
568,30,32803,44
569,30,64154,42
570,30,4256,45
571,30,16128,40
572,30,3053,44
573,30,109940,39
574,30,54495,45
575,30,5877,59
576,30,33436,44
577,30,17674,48
578,30,5984,40
579,30,19097,58
580,30,7561,50
581,30,5793,39
582,30,2817,49
583,30,11463,44
584,30,1450,45
585,30,12863,56
586,30,1426327,48
587,30,8699,44
588,30,23653,43
589,30,14145,48
590,30,14728,40
591,30,16571,45
592,30,3038,40
593,30,194955,49
594,30,669127,67
595,30,85819,40
596,30,211767,46
597,30,2028,45
598,30,3599,40
599,30,671,45
600,30,991,45
601,30,1919,45
602,30,24119,43
603,30,62245,59
604,30,2820,45
605,30,7916,40
606,30,158,45
607,30,8224,44
608,30,1285,53
609,30,318018,73
610,30,289938,50
611,30,7182,48
612,30,20032,42
613,30,3123,43
614,30,29491,55
615,30,475,40
616,30,4188,49
617,30,75628,84
618,30,27451,54
619,30,101308,49
620,30,2544,48
621,30,2321,45
622,30,5346,40
623,30,4010,44
624,30,1214,46
625,30,26006,53
626,30,8790,39
627,30,1393,40
628,30,48200,44
629,30,5143,43
630,30,1029,45
631,30,7708,40
632,30,844,44
633,30,4810,39
634,30,10209,45
635,30,3057,40
636,30,4682,40
637,30,4855,40
638,30,4322,40
639,30,502,45
640,30,2391,40
641,30,578,45
642,30,5647,40
643,30,485,45
644,30,1838,40
645,30,2829,40
646,30,3252,40
647,30,265,45
648,30,271,45
649,30,1821,40
650,30,653,45
651,30,707,45
652,30,1624,40
653,30,627,42
654,30,383,45
655,30,1783,39
656,30,1218,40
657,30,9443,45
658,30,1312,44
659,30,3433,45
660,30,1936,45
661,30,1434,43
662,30,1594,45
663,30,2582,45
664,30,2679,40
665,30,408,45
666,30,1370,45
667,30,280,45
668,30,267,45
669,30,4975,45
670,30,615,40
671,30,3543,45
672,30,524,45
673,30,365,45
674,30,1806,40
675,30,531,40
676,30,272,45
677,30,203,45
678,30,416,45
679,30,708,45
680,30,380776,77
681,30,727,47
682,30,13757,53
683,30,70,45
684,30,8595,50
685,30,605,45
686,30,11118,45
687,30,93,45
688,30,568,49
689,30,76914,50
690,30,375371,76
691,30,4165,44
692,30,1224,51
693,30,1592,50
694,30,111693,44
695,30,1584,45
696,30,243,44
697,30,1773,45
698,30,828,45
699,30,133306,65
700,30,2367,52
701,30,51497,56
702,30,219,45
703,30,908,45
704,30,10717,53
705,30,5410,50
706,30,1343,45
707,30,1069,40
708,30,4221,55
709,30,2072,45
710,30,1300,40
711,30,1817,55
712,30,174,44
713,30,2973,61
714,30,2500,50
715,30,9870,53
716,30,946,45
717,30,1983,40
718,30,862,45
719,30,347,45
720,30,3266,47
721,30,2193,45
722,30,415,45
723,30,950,45
724,30,166625,50
725,30,530,45
726,30,455,45
727,30,5936,45
728,30,6331,47
729,30,116133,45
730,30,4924,45
731,30,1406,50
732,30,2362,55
733,30,77748,48
734,30,728,50
735,30,140,45
736,30,1119,40
737,30,2187,40
738,30,887,40
739,30,933,40
740,30,2271,39
741,30,245,45
742,30,747,40
743,30,1011,40
744,30,1517,40
745,30,595,40
746,30,1674,40
747,30,423,40
748,30,82,45
749,30,225,40
750,30,811,40
751,30,271,40
752,30,21,45
753,30,58,40
754,30,88,40
1,31,15135,42
2,31,387301,46
3,31,296353,49
4,31,66081,41
5,31,15555,42
6,31,50842,47
7,31,3344746,67
8,31,78741,46
9,31,11476,53
10,31,1723550,49
11,31,223110,64
12,31,41021,56
13,31,4635269,86
14,31,57142,42
15,31,1301483,49
16,31,1830703,53
17,31,768,45
18,31,24522,43
19,31,4881573,68
20,31,1740,45
21,31,4812,48
22,31,8778,45
23,31,4364,47
24,31,142483,38
25,31,15254,56
26,31,2200674,50
27,31,7649,46
28,31,3171370,81
29,31,332424,66
30,31,187620,64
31,31,736526,50
32,31,17962,42
33,31,143487,46
34,31,9609,49
35,31,166276,39
36,31,22142,43
37,31,66821,51
38,31,1024,44
39,31,1135008,45
40,31,2195892,76
41,31,12929,43
42,31,115119,57
43,31,388776,46
44,31,70474,44
45,31,353474,44
46,31,70390,48
47,31,91196,52
48,31,37854,42
49,31,1841,45
50,31,23955,47
51,31,3321,48
52,31,3927,54
53,31,9913,48
54,31,202739,42
55,31,217,45
56,31,68238,39
57,31,21192,43
58,31,2219,48
59,31,2746,44
60,31,1426,53
61,31,2635,52
62,31,86372,50
63,31,1695,47
64,31,43600,47
65,31,4645,43
66,31,232356,55
67,31,6162,49
68,31,14533,44
69,31,5529,53
70,31,158892,52
71,31,11420,43
72,31,40971,42
73,31,54248,43
74,31,7304,47
75,31,8542,52
76,31,14236,43
77,31,43592,39
78,31,38794,42
79,31,27642,53
80,31,4141078,78
81,31,1876944,49
82,31,8700,50
83,31,399734,41
84,31,9505,45
85,31,440158,46
86,31,13826,55
87,31,2686,48
88,31,310656,48
89,31,26275,53
90,31,7144,43
91,31,3411,45
92,31,139665,44
93,31,3418,48
94,31,18873,45
95,31,416348,58
96,31,47944,39
97,31,4862,45
98,31,1751,40
99,31,95,45
100,31,5732,40
101,31,10617,48
102,31,363585,39
103,31,109734,65
104,31,1028838,54
105,31,13285,43
106,31,613967,47
107,31,1305026,52
108,31,51633,45
109,31,444563,46
110,31,57783,57
111,31,951159,67
112,31,671654,49
113,31,974578,45
114,31,108288,42
115,31,8127,44
116,31,911684,55
117,31,1535,44
118,31,5209,53
119,31,4742,45
120,31,34569,50
121,31,320,45
122,31,435,40
123,31,27155,50
124,31,3164383,57
125,31,33004,46
126,31,2482,45
127,31,128907,47
128,31,616897,54
129,31,74858,53
130,31,218827,57
131,31,2986,49
132,31,44185,49
133,31,1057707,47
134,31,121247,48
135,31,46028,55
136,31,13336,50
137,31,18311,79
138,31,22924,39
139,31,1132002,60
140,31,51221,56
141,31,51769,44
142,31,411606,72
143,31,3663,50
144,31,3606,53
145,31,484628,75
146,31,1434585,58
147,31,668471,48
148,31,52304,56
149,31,38863,42
150,31,38103,52
151,31,4068,44
152,31,180087,44
153,31,106702,39
154,31,688,48
155,31,15004,55
156,31,26697,44
157,31,17514,45
158,31,35690,42
159,31,47487,52
160,31,784684,72
161,31,14791,47
162,31,7136,44
163,31,3071,48
164,31,5077,42
165,31,166691,45
166,31,205317,50
167,31,144768,44
168,31,41120,51
169,31,289045,54
170,31,82217,44
171,31,350944,55
172,31,1092,45
173,31,23977,42
174,31,18348,39
175,31,19359,44
176,31,90395,39
177,31,38458,49
178,31,73207,43
179,31,710,54
180,31,66423,42
181,31,11258,53
182,31,661237,44
183,31,6169,48
184,31,4863,45
185,31,10970,53
186,31,112530,50
187,31,2002,45
188,31,9392,43
189,31,73158,52
190,31,4833,49
191,31,31078,79
192,31,7912,42
193,31,7970,43
194,31,76019,41
195,31,104999,51
196,31,1197,40
197,31,262396,39
198,31,17916,40
199,31,522961,42
200,31,4259,47
201,31,279830,46
202,31,2036,47
203,31,7799,44
204,31,5650,54
205,31,15373,54
206,31,1273,44
207,31,143008,40
208,31,21573,39
209,31,12367,44
210,31,1427375,66
211,31,69125,43
212,31,8551,57
213,31,18172,43
214,31,2683,48
215,31,51425,44
216,31,7245,43
217,31,57063,44
218,31,3654,54
219,31,76427,45
220,31,28586,49
221,31,6281,44
222,31,33526,45
223,31,4907,46
224,31,3553,44
225,31,460818,63
226,31,1343,49
227,31,52702,71
228,31,23084,44
229,31,62,50
230,31,18063,45
231,31,18618,59
232,31,9622,70
233,31,321586,57
234,31,236,45
235,31,65083,45
236,31,57729,38
237,31,1078735,40
238,31,213136,45
239,31,10745,45
240,31,70475,42
241,31,497,45
242,31,19789,51
243,31,21037,39
244,31,41714,47
245,31,8032,48
246,31,71502,53
247,31,10653,42
248,31,12830,50
249,31,17046,44
250,31,2549,39
251,31,5824,47
252,31,46116,43
253,31,599368,38
254,31,2528943,39
255,31,222477,91
256,31,14047,43
257,31,80989,40
258,31,683812,43
259,31,127337,61
260,31,7859,47
261,31,937713,81
262,31,118521,59
263,31,4310,45
264,31,208973,67
265,31,22606,48
266,31,61939,49
267,31,24340,42
268,31,47774,41
269,31,37120,44
270,31,12765,39
271,31,93937,56
272,31,123097,43
273,31,35269,39
274,31,65596,44
275,31,57866,53
276,31,93365,59
277,31,69486,51
278,31,1900,49
279,31,310203,80
280,31,1293641,65
281,31,1671062,54
282,31,86395,52
283,31,3083036,128
284,31,667254,68
285,31,2096752,73
286,31,97175,43
287,31,4910,47
288,31,46209,87
289,31,18697,40
290,31,89028,48
291,31,1733,49
292,31,26053,43
293,31,675213,78
294,31,65432,48
295,31,1657349,38
296,31,30990,51
297,31,911911,87
298,31,22593,39
299,31,430263,47
300,31,267574,73
301,31,2990766,121
302,31,274709,54
303,31,572812,73
304,31,375700,97
305,31,1495599,72
306,31,2088706,71
307,31,1535475,54
308,31,544087,51
309,31,55328,56
310,31,1256,40
311,31,626631,67
312,31,785696,60
313,31,1600621,52
314,31,919497,80
315,31,202812,56
316,31,10222,42
317,31,393,45
318,31,9046031,122
319,31,254790,60
320,31,12946,39
321,31,20099,45
322,31,76574,38
323,31,18161,44
324,31,130714,38
325,31,13354,48
326,31,219816,102
327,31,1341723,50
328,31,63711,38
329,31,334764,48
330,31,47404,47
331,31,53389,51
332,31,1768074,51
333,31,1116150,96
334,31,2145,50
335,31,4275266,72
336,31,16988,51
337,31,16155,41
338,31,21562,49
339,31,37407,40
340,31,356787,71
341,31,77803,43
342,31,483854,47
343,31,303721,38
344,31,41143,46
345,31,133794,63
346,31,1557710,43
347,31,3192,43
348,31,37342,38
349,31,2707,48
350,31,6568,42
351,31,2153,44
352,31,203,45
353,31,87149,39
354,31,65121,56
355,31,44687,41
356,31,385919,69
357,31,7716164,62
358,31,500729,45
359,31,7550,52
360,31,8800,43
361,31,5458,45
362,31,36220,39
363,31,5735,42
364,31,2008,43
365,31,284523,41
366,31,1727220,51
367,31,57477,47
368,31,382464,61
369,31,1396745,54
370,31,136540,43
371,31,145508,59
372,31,5230,44
373,31,127084,47
374,31,327482,55
375,31,219,45
376,31,2385092,54
377,31,730674,45
378,31,30811,41
379,31,11804,43
380,31,471299,41
381,31,85051,41
382,31,148,45
383,31,33597,42
384,31,1257,49
385,31,9420,44
386,31,5984,40
387,31,3769,50
388,31,17456,42
389,31,838,40
390,31,436,50
391,31,79733,46
392,31,1137,45
393,31,3373,42
394,31,232327,57
395,31,1124,49
396,31,2525,45
397,31,46510,56
398,31,632332,46
399,31,3883,42
400,31,5305,48
401,31,16486,43
402,31,3249,48
403,31,2822,53
404,31,5895,43
405,31,7338,47
406,31,6572,51
407,31,667678,63
408,31,80553,53
409,31,76036,44
410,31,26959,42
411,31,100314,61
412,31,211,50
413,31,5107,44
414,31,31327,40
415,31,741,45
416,31,35913,42
417,31,80400,41
418,31,7109,50
419,31,1337,44
420,31,17647,43
421,31,14683,40
422,31,77038,45
423,31,19139,45
424,31,81970,39
425,31,378984,54
426,31,475734,39
427,31,4531383,117
428,31,743431,116
429,31,30131,46
430,31,713489,51
431,31,17171,58
432,31,135423,47
433,31,244728,54
434,31,63730,44
435,31,59596,42
436,31,60858,44
437,31,156,55
438,31,34647,42
439,31,269843,38
440,31,29812,53
441,31,15187,43
442,31,3706,40
443,31,176106,49
444,31,25905,47
445,31,223892,48
446,31,444765,78
447,31,3408,45
448,31,1829474,53
449,31,38437,44
450,31,57285,42
451,31,31998,39
452,31,9290,43
453,31,5761,45
454,31,83663,84
455,31,116555,49
456,31,9650,44
457,31,148074,47
458,31,152517,70
459,31,82707,48
460,31,13302,50
461,31,148296,44
462,31,725,45
463,31,68492,40
464,31,115063,55
465,31,346574,80
466,31,1067,50
467,31,350420,47
468,31,65842,50
469,31,39322,49
470,31,37388,43
471,31,7306,44
472,31,43267,48
473,31,104665,43
474,31,15593,41
475,31,386835,48
476,31,37510,66
477,31,34765,43
478,31,606316,50
479,31,7147,47
480,31,178004,52
481,31,16288,57
482,31,67432,50
483,31,79280,52
484,31,354570,43
485,31,18685,44
486,31,184805,49
487,31,89278,42
488,31,1775,55
489,31,187202,38
490,31,440,50
491,31,30014,54
492,31,175630,39
493,31,60826,55
494,31,100194,39
495,31,1860,40
496,31,27262,45
497,31,69160,38
498,31,549,40
499,31,451,40
500,31,14897,40
501,31,55188,38
502,31,49972,38
503,31,38755,46
504,31,236107,42
505,31,811,49
506,31,15803,49
507,31,4879,43
508,31,29509,65
509,31,32489,42
510,31,37138,49
511,31,680,44
512,31,29670,50
513,31,41400,48
514,31,11594,50
515,31,5225,52
516,31,59543,43
517,31,13426,43
518,31,160887,39
519,31,234681,62
520,31,719245,55
521,31,1608,44
522,31,18997,41
523,31,8655,43
524,31,4026,47
525,31,4395,43
526,31,2195424,51
527,31,131989,54
528,31,11284,53
529,31,70149,66
530,31,5775,44
531,31,5137,43
532,31,14451,43
533,31,827909,45
534,31,24974,51
535,31,20572,47
536,31,2495,49
537,31,4911,40
538,31,75980,43
539,31,3819,44
540,31,13901,40
541,31,57810,45
542,31,4631,40
543,31,10552,40
544,31,32486,40
545,31,167387,40
546,31,4670,43
547,31,14601,40
548,31,419237,38
549,31,2292,48
550,31,4736,44
551,31,22499,42
552,31,15252,43
553,31,3872,43
554,31,3131,50
555,31,75045,38
556,31,10209,44
557,31,85719,39
558,31,322592,38
559,31,9169,44
560,31,3270,43
561,31,6612,44
562,31,25812,49
563,31,9990,40
564,31,6327,44
565,31,4447,45
566,31,4704,43
567,31,12673,44
568,31,32697,44
569,31,60074,42
570,31,4312,45
571,31,16154,40
572,31,3043,44
573,31,102138,39
574,31,56199,45
575,31,5979,59
576,31,29651,44
577,31,17754,48
578,31,6005,40
579,31,19025,58
580,31,7558,50
581,31,5819,39
582,31,2665,49
583,31,11386,44
584,31,1463,45
585,31,12864,56
586,31,1408968,48
587,31,8690,44
588,31,22525,43
589,31,15392,48
590,31,14714,40
591,31,16750,45
592,31,3051,40
593,31,205366,49
594,31,727476,67
595,31,85418,39
596,31,207796,46
597,31,2026,45
598,31,3586,40
599,31,671,45
600,31,991,45
601,31,1950,45
602,31,21740,43
603,31,61490,59
604,31,2807,45
605,31,7984,40
606,31,158,45
607,31,8272,44
608,31,1302,53
609,31,331704,73
610,31,306403,50
611,31,7151,48
612,31,19398,42
613,31,3081,43
614,31,31434,55
615,31,475,40
616,31,4179,49
617,31,75884,84
618,31,28243,54
619,31,94061,48
620,31,2563,48
621,31,2313,45
622,31,5314,40
623,31,4038,44
624,31,1271,46
625,31,26256,53
626,31,8810,39
627,31,1383,40
628,31,44443,44
629,31,5644,43
630,31,1049,45
631,31,7775,40
632,31,872,44
633,31,4682,39
634,31,10064,45
635,31,3035,40
636,31,4765,40
637,31,4850,40
638,31,4278,40
639,31,553,45
640,31,2374,40
641,31,600,45
642,31,5798,40
643,31,493,45
644,31,1943,40
645,31,2917,40
646,31,3298,40
647,31,262,45
648,31,267,45
649,31,1835,40
650,31,655,45
651,31,729,45
652,31,1612,40
653,31,686,42
654,31,414,45
655,31,1787,39
656,31,1265,40
657,31,9446,45
658,31,1399,44
659,31,3458,45
660,31,1917,45
661,31,1495,43
662,31,1569,45
663,31,2710,45
664,31,2765,40
665,31,421,45
666,31,1351,45
667,31,302,45
668,31,290,45
669,31,5018,45
670,31,606,40
671,31,3650,45
672,31,592,45
673,31,364,45
674,31,1893,40
675,31,524,40
676,31,332,45
677,31,221,45
678,31,399,45
679,31,733,45
680,31,404961,76
681,31,692,47
682,31,14705,53
683,31,70,45
684,31,8529,50
685,31,600,45
686,31,14339,45
687,31,92,45
688,31,660,49
689,31,66291,50
690,31,293249,75
691,31,3774,44
692,31,1244,51
693,31,1884,50
694,31,125839,44
695,31,1667,45
696,31,261,44
697,31,1859,45
698,31,1081,45
699,31,117190,65
700,31,2234,52
701,31,46412,55
702,31,214,45
703,31,1142,45
704,31,9729,52
705,31,4525,50
706,31,1464,45
707,31,1179,40
708,31,4050,55
709,31,2094,45
710,31,1433,40
711,31,1935,55
712,31,181,44
713,31,3179,61
714,31,2454,50
715,31,8716,52
716,31,1047,45
717,31,2080,40
718,31,905,45
719,31,403,45
720,31,3147,47
721,31,2335,45
722,31,464,45
723,31,866,45
724,31,151346,50
725,31,606,45
726,31,496,45
727,31,5538,45
728,31,20442,47
729,31,110751,45
730,31,4564,45
731,31,1583,50
732,31,2314,55
733,31,126584,48
734,31,759,50
735,31,157,45
736,31,1261,40
737,31,2404,40
738,31,961,40
739,31,1027,40
740,31,2339,39
741,31,292,45
742,31,822,40
743,31,1117,40
744,31,1667,40
745,31,650,40
746,31,1851,40
747,31,498,40
748,31,111,45
749,31,246,40
750,31,1073,40
751,31,392,40
752,31,37,45
753,31,140,40
754,31,230,40
755,31,0,45
756,31,0,40
757,31,0,40
758,31,0,45
759,31,0,40
1,32,15302,42
2,32,454237,46
3,32,297275,49
4,32,65559,41
5,32,19850,42
6,32,50911,47
7,32,3421920,67
8,32,84618,46
9,32,11467,53
10,32,1928724,50
11,32,216815,64
12,32,41110,56
13,32,4585971,85
14,32,56521,42
15,32,1313066,49
16,32,1868052,53
17,32,766,45
18,32,24562,43
19,32,5292806,69
20,32,1738,45
21,32,4736,48
22,32,8761,45
23,32,4300,47
24,32,141704,38
25,32,15302,56
26,32,2040885,50
27,32,7630,46
28,32,3747685,82
29,32,331617,66
30,32,180777,64
31,32,870077,50
32,32,18213,42
33,32,143641,46
34,32,9055,49
35,32,164731,39
36,32,22048,43
37,32,69611,51
38,32,1021,44
39,32,1413868,46
40,32,2800108,77
41,32,12859,43
42,32,128354,57
43,32,372763,46
44,32,93523,44
45,32,321991,44
46,32,79693,48
47,32,209229,52
49,32,1837,45
50,32,26192,47
51,32,3317,48
52,32,3920,54
53,32,9864,48
54,32,201088,42
55,32,216,45
56,32,67678,39
57,32,23384,43
58,32,2182,48
59,32,2722,44
60,32,1501,53
61,32,2630,52
62,32,85221,49
63,32,1691,47
64,32,43699,47
65,32,4657,43
66,32,513750,56
67,32,6199,49
68,32,14492,44
69,32,5644,53
70,32,193702,52
71,32,11871,43
72,32,41072,42
73,32,55387,43
74,32,7280,47
75,32,8568,52
76,32,14074,43
77,32,43121,39
78,32,37751,42
79,32,26915,53
80,32,4014848,77
81,32,1756146,49
82,32,8605,50
83,32,408523,41
84,32,9310,45
85,32,356120,46
86,32,14126,55
87,32,2713,48
88,32,306690,48
89,32,25591,53
90,32,7129,43
91,32,3411,45
92,32,118183,44
93,32,3430,48
94,32,19092,45
95,32,393957,58
96,32,47500,39
97,32,4842,45
98,32,1746,40
99,32,95,45
100,32,5706,40
105,32,13303,43
110,32,57579,57
111,32,914439,67
130,32,218143,57
152,32,176056,44
153,32,106594,39
154,32,721,48
155,32,14984,55
156,32,30055,44
157,32,16440,45
158,32,35930,42
159,32,63937,52
160,32,775811,72
161,32,15898,47
163,32,3089,48
164,32,5141,42
165,32,220044,45
166,32,221768,50
167,32,362992,44
168,32,41227,51
169,32,1127464,56
170,32,141388,44
171,32,429588,55
172,32,1089,45
173,32,23635,42
174,32,18302,39
175,32,347269,44
176,32,89996,39
177,32,38321,49
178,32,54107,42
179,32,715,54
180,32,64299,42
181,32,11250,53
182,32,663775,44
183,32,6159,48
184,32,4853,45
185,32,9919,53
186,32,108236,50
187,32,1996,45
188,32,9438,43
189,32,70822,52
190,32,4866,49
191,32,31195,79
192,32,7948,42
193,32,7698,43
194,32,76308,41
195,32,104792,51
196,32,1191,40
197,32,262446,39
198,32,17874,40
199,32,497261,42
200,32,4306,47
201,32,319813,46
202,32,2031,47
203,32,7758,44
204,32,5604,54
205,32,15516,54
206,32,1272,44
207,32,142219,40
208,32,21474,39
209,32,12687,44
210,32,1393951,66
211,32,87678,43
212,32,17378,57
213,32,18332,43
214,32,2680,48
215,32,56477,44
216,32,7188,43
217,32,68625,44
218,32,3652,54
219,32,76157,45
220,32,29996,49
221,32,6345,44
222,32,33657,45
223,32,4895,46
224,32,3625,44
225,32,472011,63
226,32,1396,49
227,32,50644,71
228,32,22978,44
229,32,62,50
230,32,18794,45
231,32,18856,59
232,32,9613,70
233,32,319703,57
234,32,234,45
235,32,65581,45
236,32,65393,38
237,32,1067001,40
238,32,213984,45
239,32,11340,45
240,32,69776,42
241,32,495,45
242,32,19681,51
243,32,20920,39
244,32,42810,47
245,32,8176,48
246,32,71611,53
247,32,10709,42
248,32,12814,50
249,32,17099,44
250,32,2569,39
251,32,5797,47
252,32,46012,43
253,32,602107,38
254,32,2415694,39
255,32,223353,91
256,32,7545,43
257,32,80424,40
258,32,751323,43
259,32,130355,61
260,32,7831,47
261,32,936216,81
262,32,123204,59
263,32,4302,45
264,32,166821,67
265,32,22691,48
266,32,62085,49
267,32,24774,42
268,32,47460,41
269,32,37106,44
270,32,13925,39
271,32,92417,56
273,32,35376,39
274,32,65573,44
275,32,61733,53
276,32,95076,59
277,32,70108,51
278,32,1897,49
279,32,309747,80
280,32,1363811,66
281,32,1744314,54
282,32,86826,52
283,32,3933432,129
284,32,769149,68
285,32,2830880,74
286,32,96021,43
287,32,4892,47
288,32,226723,87
289,32,18564,40
290,32,151458,48
291,32,2928,49
292,32,25883,43
293,32,688886,78
294,32,65050,48
295,32,1663476,38
296,32,30873,51
297,32,930129,87
298,32,22303,39
313,32,1345978,52
321,32,20498,45
346,32,1675306,43
349,32,2689,48
350,32,6611,42
351,32,2147,44
352,32,203,45
353,32,86510,39
354,32,63845,56
355,32,44823,41
356,32,382863,69
357,32,7673757,62
358,32,487827,45
359,32,7581,52
360,32,8832,43
361,32,5442,45
362,32,36388,39
363,32,5776,42
364,32,1999,43
365,32,303806,41
366,32,1721846,51
367,32,58066,47
368,32,360739,61
369,32,1455762,54
370,32,135164,43
371,32,157648,59
372,32,5317,44
373,32,126030,47
374,32,329299,55
375,32,219,45
376,32,2377095,54
377,32,643774,45
378,32,33189,41
379,32,11747,43
380,32,467476,41
381,32,85716,41
382,32,148,45
383,32,33549,42
384,32,1251,49
385,32,9494,44
386,32,5963,40
387,32,3727,50
388,32,16434,42
389,32,837,40
390,32,436,50
391,32,79311,46
392,32,1137,45
393,32,3362,42
394,32,218786,57
395,32,1122,49
396,32,2514,45
397,32,46576,56
398,32,626255,46
399,32,3864,42
400,32,5001,48
401,32,16511,43
402,32,3247,48
403,32,2820,53
404,32,6218,43
405,32,7339,47
406,32,6601,51
407,32,654407,63
408,32,79951,53
409,32,75411,44
410,32,25846,42
411,32,96404,60
412,32,211,50
413,32,5114,44
414,32,31235,40
415,32,740,45
416,32,35883,42
417,32,75819,41
418,32,7117,50
419,32,1365,44
420,32,17243,43
421,32,14624,40
422,32,76123,45
423,32,18869,45
424,32,81763,39
425,32,378128,54
426,32,460516,39
427,32,4186247,116
428,32,773980,116
429,32,29882,46
430,32,698117,51
431,32,17074,58
432,32,122733,47
433,32,239831,54
434,32,63526,44
435,32,59563,42
436,32,60334,44
437,32,156,55
438,32,34588,42
439,32,274599,38
440,32,29678,53
441,32,15186,43
442,32,3697,40
443,32,176657,49
444,32,25813,47
445,32,211412,48
446,32,439589,78
447,32,3401,45
448,32,1842991,53
449,32,38260,44
450,32,57292,42
451,32,31990,39
452,32,9299,43
453,32,5743,45
454,32,83684,84
455,32,131918,49
456,32,9052,44
457,32,161445,47
458,32,162932,70
459,32,125500,48
460,32,13345,50
461,32,187174,44
462,32,724,45
463,32,84796,40
464,32,141340,55
465,32,481892,80
466,32,1067,50
467,32,355048,47
468,32,66336,50
469,32,39299,49
470,32,36122,43
471,32,7393,44
472,32,43924,48
473,32,103413,43
474,32,15428,41
475,32,379952,48
476,32,36926,66
477,32,34785,43
478,32,647403,50
479,32,7323,47
480,32,176393,52
481,32,18378,57
482,32,100617,50
483,32,79449,52
484,32,415007,43
485,32,18643,44
486,32,184812,49
487,32,88002,41
488,32,1775,55
489,32,302286,38
490,32,455,50
491,32,29885,54
492,32,173892,39
493,32,55733,55
494,32,99466,39
495,32,1853,40
496,32,27189,45
497,32,69388,38
498,32,548,40
499,32,451,40
500,32,14855,40
501,32,54950,38
503,32,39206,46
505,32,830,49
506,32,15657,49
507,32,4944,43
508,32,37909,65
509,32,32607,42
510,32,38276,49
511,32,687,44
512,32,29683,50
513,32,39227,48
514,32,12899,50
515,32,5224,52
516,32,59073,43
517,32,13517,43
518,32,159758,39
521,32,1607,44
522,32,18917,41
523,32,8623,43
524,32,4000,47
525,32,4383,43
526,32,2104413,51
527,32,131958,54
528,32,10641,53
529,32,69614,66
530,32,5865,44
531,32,5123,43
532,32,14378,43
534,32,28194,51
535,32,23473,47
536,32,2507,49
537,32,4889,40
538,32,98948,43
539,32,3807,44
540,32,13870,40
541,32,57597,45
545,32,163179,40
546,32,4694,43
547,32,14533,40
548,32,567602,38
549,32,2305,48
552,32,15409,43
553,32,3906,43
554,32,3121,50
555,32,75384,38
556,32,10164,44
557,32,85088,39
558,32,337472,38
560,32,3326,43
561,32,6595,44
562,32,22808,49
563,32,9939,40
564,32,5609,44
565,32,4538,45
566,32,4707,43
567,32,12632,44
568,32,32587,44
570,32,4901,45
571,32,16230,40
572,32,3039,44
574,32,69317,45
575,32,6357,59
576,32,28444,44
577,32,16617,48
578,32,6113,40
579,32,18975,58
580,32,7607,50
581,32,5905,39
582,32,2770,49
583,32,11312,44
584,32,1465,45
585,32,12763,56
588,32,28510,43
589,32,20403,48
590,32,18672,40
591,32,16607,45
592,32,3075,40
594,32,743162,67
595,32,84947,39
597,32,2023,45
598,32,3574,40
601,32,1966,45
602,32,20321,43
603,32,69794,59
604,32,2797,45
605,32,8037,40
607,32,8297,44
608,32,1303,53
611,32,7136,48
612,32,21562,42
613,32,3063,43
614,32,51897,55
618,32,28150,54
619,32,90695,48
620,32,2576,48
621,32,2307,45
622,32,5387,40
623,32,4093,44
624,32,1351,46
625,32,27581,53
626,32,8871,39
627,32,1369,40
628,32,39867,43
629,32,5960,43
630,32,1061,45
631,32,7818,40
632,32,923,44
633,32,4848,39
634,32,9958,45
636,32,4825,40
637,32,4928,40
638,32,4232,40
639,32,523,45
641,32,609,45
642,32,5982,40
644,32,2422,40
645,32,3024,40
646,32,3435,40
647,32,259,45
648,32,263,45
649,32,1845,40
650,32,674,45
654,32,437,45
655,32,1779,39
657,32,9552,45
658,32,1549,44
659,32,3504,45
662,32,1530,45
663,32,2783,45
664,32,2857,40
665,32,422,45
666,32,1335,45
667,32,311,45
668,32,303,45
669,32,5171,45
670,32,594,40
671,32,3753,45
672,32,633,45
675,32,514,40
676,32,350,45
678,32,450,45
680,32,824024,77
681,32,662,47
682,32,15123,53
683,32,70,45
685,32,596,45
686,32,15654,45
687,32,90,45
688,32,740,49
691,32,3742,44
692,32,1208,51
693,32,1881,50
694,32,476116,45
695,32,1750,45
696,32,313,44
697,32,1916,45
698,32,1468,45
700,32,2224,51
703,32,1511,45
704,32,9430,52
705,32,5940,50
706,32,1497,45
707,32,1311,40
709,32,2686,45
710,32,1464,40
711,32,1971,55
713,32,4407,61
714,32,2454,50
715,32,8033,51
716,32,1168,45
717,32,2437,40
718,32,2757,45
720,32,3133,47
721,32,2426,45
722,32,610,45
723,32,744,45
725,32,641,45
726,32,508,45
727,32,11245,45
729,32,105283,45
730,32,4570,45
731,32,1555,50
732,32,2377,55
733,32,114739,48
734,32,834,50
735,32,171,45
737,32,2739,40
738,32,1092,40
739,32,1262,40
740,32,2692,39
741,32,299,45
742,32,930,40
743,32,1269,40
744,32,1848,40
745,32,696,40
746,32,2168,40
747,32,527,40
748,32,126,45
749,32,302,40
750,32,1394,40
751,32,462,40
752,32,64,45
753,32,197,40
754,32,378,40
755,32,79,45
757,32,115,40
758,32,72,45
760,32,0,40
1,33,15223,42
2,33,413459,46
3,33,281705,49
4,33,65462,41
5,33,18521,42
6,33,50720,47
7,33,3286110,67
8,33,81644,46
9,33,11460,53
10,33,1846124,50
11,33,213875,64
12,33,41090,56
13,33,4266399,84
14,33,56327,42
15,33,1265337,49
16,33,1782975,53
17,33,766,45
18,33,24480,43
19,33,5013262,69
20,33,1738,45
21,33,4711,48
22,33,8750,45
23,33,4324,47
24,33,143823,38
25,33,15317,56
26,33,1989775,50
27,33,7618,46
28,33,3280369,82
29,33,331114,66
30,33,172768,64
31,33,763680,50
32,33,18193,42
33,33,142955,46
34,33,8528,49
35,33,165485,39
36,33,21998,43
37,33,68415,51
38,33,1020,44
39,33,1429098,46
40,33,2719611,77
41,33,12826,43
42,33,126955,57
43,33,367416,46
44,33,98588,44
45,33,313900,43
46,33,85162,48
47,33,182960,53
48,33,37674,42
49,33,1836,45
50,33,26274,47
51,33,3311,48
52,33,3917,54
53,33,9844,48
54,33,200329,42
55,33,216,45
56,33,67414,39
57,33,22282,43
58,33,2190,48
59,33,2706,44
60,33,1487,53
61,33,2625,52
62,33,84639,49
63,33,1691,47
64,33,43543,47
65,33,4650,43
66,33,397119,56
67,33,6183,49
68,33,14459,44
69,33,5603,53
70,33,164313,52
71,33,11726,43
72,33,40740,42
73,33,54881,43
74,33,7265,47
75,33,8491,52
76,33,13991,43
77,33,42736,39
78,33,37443,42
79,33,23614,53
80,33,3765162,76
81,33,1867865,49
82,33,8539,50
83,33,397274,41
84,33,9209,45
85,33,403946,46
86,33,13906,55
87,33,2702,48
88,33,274153,48
89,33,24226,53
90,33,7043,43
91,33,3406,45
92,33,126899,44
93,33,3419,48
94,33,18947,45
95,33,378378,58
96,33,47252,39
97,33,4834,45
98,33,1740,40
99,33,95,45
100,33,5689,40
101,33,10519,48
102,33,346222,39
103,33,111279,65
104,33,1005012,54
105,33,13285,43
106,33,730119,48
107,33,1375297,52
108,33,56881,45
109,33,363123,46
110,33,55776,56
111,33,864702,67
112,33,640408,49
113,33,1004117,45
114,33,105141,42
115,33,8099,44
116,33,794590,55
117,33,1520,44
118,33,5194,53
119,33,4656,45
120,33,35721,50
121,33,317,45
122,33,434,40
123,33,27515,50
124,33,3065960,56
125,33,64778,46
126,33,2478,45
127,33,128828,47
128,33,618761,54
129,33,74753,53
130,33,217530,57
131,33,2982,49
132,33,39108,49
133,33,928292,47
134,33,120983,48
135,33,45522,55
136,33,13196,50
137,33,18291,79
138,33,22813,39
139,33,754165,58
140,33,50893,56
141,33,51229,44
142,33,402722,72
143,33,3656,50
144,33,3601,53
145,33,386504,74
146,33,1369255,58
147,33,666678,48
148,33,52794,56
149,33,38779,42
150,33,37847,52
151,33,4062,44
152,33,171008,44
153,33,105017,39
154,33,713,48
155,33,14975,55
156,33,31935,44
157,33,16125,45
158,33,35747,42
159,33,51558,52
160,33,772227,72
161,33,15176,47
162,33,7150,44
163,33,3082,48
164,33,5132,42
165,33,183586,45
166,33,219101,50
167,33,293098,45
168,33,40696,51
169,33,841682,56
170,33,106907,44
171,33,336846,56
172,33,1085,45
173,33,23469,42
174,33,18254,39
175,33,128293,44
176,33,89156,39
177,33,38244,49
178,33,48995,42
179,33,738,54
180,33,61873,42
181,33,11242,53
182,33,656607,44
183,33,6157,48
184,33,4847,45
185,33,9806,53
186,33,101758,50
187,33,1998,45
188,33,9353,43
189,33,67799,52
190,33,4832,49
191,33,31332,79
192,33,7861,42
193,33,7277,43
194,33,76455,41
195,33,104398,51
196,33,1189,40
197,33,258125,39
198,33,17851,40
199,33,473838,42
200,33,4300,47
201,33,289896,46
202,33,2031,47
203,33,7747,44
204,33,5603,54
205,33,15124,54
206,33,1270,44
207,33,141834,40
208,33,21434,39
209,33,12619,44
210,33,1380580,66
211,33,81840,43
212,33,16164,57
213,33,18163,43
214,33,2677,48
215,33,52748,44
216,33,7162,43
217,33,61489,44
218,33,3651,54
219,33,76042,45
220,33,29311,49
221,33,6535,44
222,33,31320,45
223,33,4890,46
224,33,3615,44
225,33,460624,63
226,33,1398,49
227,33,54463,71
228,33,22934,44
229,33,62,50
230,33,19485,45
231,33,19408,59
232,33,9607,70
233,33,294923,57
234,33,234,45
235,33,63767,45
236,33,63051,38
237,33,1081528,40
238,33,214306,45
239,33,10572,45
240,33,68521,42
241,33,492,45
242,33,19619,51
243,33,20860,39
244,33,43007,47
245,33,8383,48
246,33,71408,53
247,33,10659,42
248,33,12812,50
249,33,17015,44
250,33,2541,39
251,33,5789,47
252,33,45946,43
253,33,585444,38
254,33,2367283,39
255,33,222803,91
256,33,7781,42
257,33,77124,40
258,33,714856,43
259,33,130821,61
260,33,7818,47
261,33,688941,80
262,33,137040,59
263,33,4302,45
264,33,160590,67
265,33,22682,48
266,33,62070,49
267,33,25092,42
268,33,47319,41
269,33,37067,44
270,33,13338,39
271,33,92754,56
272,33,115847,43
273,33,35307,39
274,33,65493,44
275,33,60968,53
276,33,94022,59
277,33,69874,51
278,33,1895,49
279,33,303244,80
280,33,1333848,66
281,33,1726270,54
282,33,86804,52
283,33,3747901,130
284,33,723954,68
285,33,2669300,75
286,33,94644,43
287,33,4879,47
288,33,451876,88
289,33,18536,40
290,33,154450,48
291,33,2899,49
292,33,25711,43
293,33,685576,78
294,33,64056,48
295,33,1665634,38
296,33,30811,51
297,33,862200,86
298,33,22208,39
299,33,421709,47
300,33,250926,73
301,33,2941468,121
302,33,369392,55
303,33,502351,73
304,33,373344,97
305,33,1571282,72
306,33,2071324,71
307,33,1561540,54
308,33,417313,51
309,33,56470,56
310,33,1254,40
311,33,622477,67
312,33,796672,60
313,33,1351675,52
314,33,906252,80
315,33,203164,56
316,33,10359,42
317,33,393,45
318,33,9139028,123
319,33,229385,60
320,33,12913,39
321,33,20551,45
322,33,75051,38
323,33,18108,44
324,33,129828,38
325,33,13354,48
326,33,219298,102
327,33,1335311,50
328,33,64824,38
329,33,299298,48
330,33,48036,47
331,33,52650,51
332,33,1660348,51
333,33,810359,95
334,33,2139,50
335,33,4130739,71
336,33,16960,51
337,33,31944,41
338,33,19330,49
339,33,37267,40
340,33,344573,71
341,33,92218,43
342,33,574873,47
343,33,296510,38
344,33,41118,46
345,33,140920,63
346,33,1624701,44
347,33,3209,43
348,33,37725,38
349,33,2657,48
350,33,6605,42
351,33,2147,44
352,33,203,45
353,33,86137,39
354,33,63447,56
355,33,44568,41
356,33,372108,69
357,33,7702715,62
358,33,514986,45
359,33,7586,52
360,33,8875,43
361,33,5441,45
362,33,36281,39
363,33,5813,42
364,33,2001,43
365,33,318068,41
366,33,1690562,51
367,33,58420,47
368,33,354522,61
369,33,1453665,54
370,33,134854,43
371,33,205245,60
372,33,5366,44
373,33,126829,47
374,33,323925,55
375,33,219,45
376,33,2420871,54
377,33,758723,45
378,33,32749,41
379,33,11753,43
380,33,466518,41
381,33,82625,41
382,33,147,45
383,33,33423,42
384,33,1252,49
385,33,9428,44
386,33,5942,40
387,33,3728,50
388,33,16455,42
389,33,835,40
390,33,436,50
391,33,79203,46
392,33,1135,45
393,33,3357,42
394,33,214141,56
395,33,1122,49
396,33,2512,45
397,33,47320,56
398,33,622278,46
399,33,3876,42
400,33,6163,48
401,33,16465,43
402,33,3245,48
403,33,2817,53
404,33,5769,43
405,33,7295,47
406,33,6528,51
407,33,643209,62
408,33,79467,53
409,33,75867,44
410,33,24720,42
411,33,94830,60
412,33,211,50
413,33,5129,44
414,33,31175,40
415,33,739,45
416,33,35724,42
417,33,73620,41
418,33,7109,50
419,33,1329,44
420,33,17035,43
421,33,14595,40
422,33,76384,45
423,33,19512,45
424,33,81201,39
425,33,374425,54
426,33,460511,39
427,33,3788882,115
428,33,715444,116
429,33,29728,46
430,33,669332,51
431,33,17051,58
432,33,120617,47
433,33,231478,54
434,33,63442,44
435,33,59470,42
436,33,60135,44
437,33,155,55
438,33,34565,42
439,33,271569,38
440,33,29619,53
441,33,14815,43
442,33,3695,40
443,33,172384,49
444,33,25763,47
445,33,207132,48
446,33,427595,78
447,33,3397,45
448,33,1787471,53
449,33,38182,44
450,33,57180,42
451,33,31855,39
452,33,9269,43
453,33,5736,45
454,33,83410,84
455,33,132332,49
456,33,8904,44
457,33,172331,47
458,33,166820,70
459,33,103444,48
460,33,13326,50
461,33,187837,44
462,33,724,45
463,33,106367,40
464,33,127477,55
465,33,406392,80
466,33,1066,50
467,33,358748,47
468,33,66317,50
469,33,39430,49
470,33,34688,43
471,33,7378,44
472,33,45103,48
473,33,103710,43
474,33,15340,41
475,33,371856,48
476,33,36057,66
477,33,34645,43
478,33,641214,50
479,33,7283,47
480,33,173640,52
481,33,17733,57
482,33,94448,50
483,33,78261,52
484,33,394056,43
485,33,18626,44
486,33,184612,49
487,33,86757,41
488,33,1774,55
489,33,249589,38
490,33,465,50
491,33,29382,54
492,33,172710,39
493,33,61482,55
494,33,98993,39
495,33,1845,40
496,33,27147,45
497,33,69768,38
498,33,548,40
499,33,451,40
500,33,14834,40
501,33,55171,38
502,33,49899,38
503,33,38954,46
504,33,218747,42
505,33,825,49
506,33,15620,49
507,33,5288,43
508,33,34913,65
509,33,32442,42
510,33,37436,49
511,33,707,44
512,33,29573,50
513,33,38490,48
514,33,12520,50
515,33,5210,52
516,33,58666,43
517,33,13481,43
518,33,158995,39
519,33,237321,62
520,33,653959,55
521,33,1606,44
522,33,18867,41
523,33,8611,43
524,33,3994,47
525,33,4378,43
526,33,2054990,51
527,33,131857,54
528,33,10139,53
529,33,69358,66
530,33,5860,44
531,33,5088,43
532,33,14347,43
533,33,635217,45
534,33,24862,51
535,33,22534,47
536,33,2516,49
537,33,4888,40
538,33,97066,43
539,33,3800,44
540,33,13845,40
541,33,57527,45
542,33,4610,40
543,33,10528,40
544,33,32678,40
545,33,159690,40
546,33,4697,43
547,33,14503,40
548,33,512868,38
549,33,2305,48
550,33,4724,44
551,33,22463,42
552,33,15330,43
553,33,3896,43
554,33,3113,50
555,33,72883,38
556,33,10141,44
557,33,84626,39
558,33,316670,38
559,33,9734,44
560,33,3281,43
561,33,6586,44
562,33,20251,49
563,33,9925,40
564,33,5414,43
565,33,4545,45
566,33,4743,43
567,33,12620,44
568,33,32514,44
569,33,56693,41
570,33,4738,45
571,33,16177,40
572,33,3034,44
573,33,90526,39
574,33,63067,45
575,33,6284,59
576,33,27163,44
577,33,16098,48
578,33,6112,40
579,33,18943,58
580,33,7523,50
581,33,5928,39
582,33,2750,49
583,33,11301,44
584,33,1465,45
585,33,12755,56
586,33,1460864,48
587,33,8794,44
588,33,25943,43
589,33,19563,48
590,33,14587,40
591,33,16685,45
592,33,3083,40
593,33,208178,49
594,33,1029718,68
595,33,84034,39
596,33,157842,46
597,33,2021,45
598,33,3567,40
599,33,671,45
600,33,998,45
601,33,1969,45
602,33,20691,43
603,33,71078,59
604,33,2791,45
605,33,8029,40
606,33,158,45
607,33,8327,44
608,33,1336,53
609,33,343571,73
610,33,304517,50
611,33,7036,48
612,33,21032,42
613,33,3099,43
614,33,41422,55
615,33,475,40
616,33,4170,49
617,33,75105,84
618,33,26556,54
619,33,86172,48
620,33,2583,48
621,33,2306,45
622,33,5276,40
623,33,4625,44
624,33,1320,46
625,33,28163,53
626,33,8725,39
627,33,1369,40
628,33,38373,43
629,33,5986,43
630,33,1076,45
631,33,7878,40
632,33,909,44
633,33,4709,39
634,33,9899,45
635,33,3088,40
636,33,4849,40
637,33,4885,40
638,33,4211,40
639,33,552,45
640,33,2339,40
641,33,623,45
642,33,5932,40
643,33,495,45
644,33,2007,40
645,33,3031,40
646,33,3455,40
647,33,258,45
648,33,261,45
649,33,1822,40
650,33,668,45
651,33,798,45
652,33,1587,40
653,33,715,42
654,33,431,45
655,33,1794,39
656,33,1334,40
657,33,9608,45
658,33,1508,44
659,33,3511,45
660,33,1892,45
661,33,1480,43
662,33,1515,45
663,33,2855,45
664,33,2900,40
665,33,428,45
666,33,1315,45
667,33,316,45
668,33,311,45
669,33,5193,45
670,33,590,40
671,33,3727,45
672,33,634,45
673,33,359,45
674,33,2018,40
675,33,503,40
676,33,352,45
677,33,234,45
678,33,422,45
679,33,1210,45
680,33,561134,77
681,33,659,47
682,33,20027,53
683,33,70,45
684,33,8224,50
685,33,592,45
686,33,14524,45
687,33,89,45
688,33,696,49
689,33,53627,50
690,33,197933,73
691,33,3775,44
692,33,1194,51
693,33,5556,50
694,33,341191,45
695,33,1765,45
696,33,306,44
697,33,1959,45
698,33,1223,45
699,33,103194,65
700,33,2128,51
701,33,40280,54
702,33,207,45
703,33,1474,45
704,33,8743,51
705,33,4941,50
706,33,1538,45
707,33,1336,40
708,33,3723,54
709,33,3798,45
710,33,1518,40
711,33,2000,55
712,33,193,44
713,33,3990,61
714,33,2437,50
715,33,7967,51
716,33,1159,45
717,33,2371,40
718,33,2148,45
719,33,439,45
720,33,3132,46
721,33,2427,45
722,33,617,45
723,33,717,45
724,33,112706,50
725,33,611,45
726,33,514,45
727,33,5702,45
728,33,15071,47
729,33,108226,45
730,33,4848,45
731,33,1405,50
732,33,2184,55
733,33,96805,48
734,33,823,50
735,33,174,45
736,33,1384,40
737,33,2735,40
738,33,1092,40
739,33,1165,40
740,33,2440,39
741,33,307,45
742,33,951,40
743,33,1268,40
744,33,1845,40
745,33,713,40
746,33,2151,40
747,33,578,40
748,33,131,45
749,33,350,40
750,33,1429,40
751,33,536,40
752,33,57,45
753,33,213,40
754,33,422,40
755,33,99,45
756,33,166,40
757,33,147,40
758,33,75,45
759,33,116,40
760,33,33,40
761,33,0,45
1,34,15539,42
2,34,400036,46
3,34,273501,48
4,34,65424,41
5,34,20747,42
6,34,50537,47
7,34,2950074,66
8,34,80597,46
9,34,11452,53
10,34,1686611,50
11,34,209919,64
12,34,41082,56
13,34,3476520,83
14,34,56031,42
15,34,1222797,48
16,34,1630928,53
17,34,765,45
18,34,24447,43
19,34,4518146,68
20,34,1738,45
21,34,4710,48
22,34,8742,45
23,34,4349,47
24,34,163902,38
25,34,15304,56
26,34,1921228,50
27,34,7596,46
28,34,3174965,81
29,34,330541,66
30,34,184014,64
31,34,738930,50
32,34,18223,42
33,34,140561,45
34,34,7931,49
35,34,163536,39
36,34,21931,43
37,34,66799,51
38,34,1019,44
39,34,1426216,47
40,34,2237586,77
41,34,12774,43
42,34,100383,57
43,34,358942,46
44,34,103375,44
45,34,303069,43
46,34,77434,48
47,34,147024,52
48,34,37651,42
49,34,1832,45
50,34,25818,47
51,34,3307,48
52,34,3911,54
53,34,9826,48
54,34,199320,42
55,34,216,45
56,34,67004,39
57,34,22265,43
58,34,2184,48
59,34,2688,44
60,34,1504,53
61,34,2622,52
62,34,87684,49
63,34,1690,47
64,34,43719,47
65,34,4675,42
66,34,442597,56
67,34,6173,49
68,34,14413,44
69,34,6056,53
70,34,134583,52
71,34,13279,43
72,34,40722,42
73,34,58081,43
74,34,7253,47
75,34,8422,52
76,34,13859,43
77,34,42180,39
78,34,36950,42
79,34,20405,53
80,34,3561440,75
81,34,1771835,49
82,34,8479,50
83,34,392181,41
84,34,9108,45
85,34,348131,45
86,34,14066,55
87,34,2694,48
88,34,238597,48
89,34,23256,53
90,34,7295,43
91,34,3401,45
92,34,114049,44
93,34,3461,48
94,34,19250,45
95,34,406969,57
96,34,46846,39
97,34,4826,45
98,34,1735,40
99,34,95,45
100,34,5657,40
101,34,10484,48
102,34,490850,39
103,34,140467,65
104,34,1005438,54
105,34,13283,43
106,34,857530,48
107,34,1701721,53
108,34,60284,45
109,34,361345,46
110,34,54765,56
111,34,821711,66
112,34,611899,49
113,34,974471,45
114,34,103795,42
115,34,8081,44
116,34,804929,55
117,34,1512,44
118,34,5192,53
119,34,4611,45
120,34,37766,50
121,34,317,45
122,34,431,40
123,34,28771,50
124,34,3198624,56
125,34,142870,46
126,34,2476,45
127,34,128683,47
128,34,616526,54
129,34,74707,53
130,34,216918,57
131,34,2980,49
132,34,37532,49
133,34,780798,46
134,34,120883,48
135,34,45192,55
136,34,13141,50
137,34,18284,79
138,34,22746,39
139,34,526621,57
140,34,50662,56
141,34,51112,44
142,34,396056,72
143,34,3653,50
144,34,3598,53
145,34,357198,74
146,34,1288584,58
147,34,665520,48
148,34,52436,56
149,34,38849,42
150,34,37794,52
151,34,4058,44
152,34,166846,44
153,34,104014,39
154,34,706,48
155,34,14964,55
156,34,31142,44
157,34,15823,45
158,34,35699,42
159,34,42937,52
160,34,770361,72
161,34,14134,47
162,34,7182,44
163,34,3094,48
164,34,5143,42
165,34,171401,45
166,34,230075,50
167,34,262749,45
168,34,41229,51
169,34,621718,55
170,34,99255,44
171,34,212976,54
172,34,1083,45
173,34,23182,42
174,34,18198,39
175,34,112460,44
176,34,88467,39
177,34,38143,49
178,34,43404,42
179,34,721,54
180,34,58151,42
181,34,11230,53
182,34,640007,44
183,34,6151,48
184,34,4838,45
185,34,9627,53
186,34,94322,49
187,34,1993,45
188,34,9301,43
189,34,64719,52
190,34,4827,49
191,34,31664,79
192,34,7845,42
193,34,7091,43
194,34,75796,41
195,34,103905,51
196,34,1187,40
197,34,255670,39
198,34,17805,40
199,34,416874,41
200,34,4313,47
201,34,271938,46
202,34,2023,47
203,34,7712,44
204,34,5620,54
205,34,14917,54
206,34,1266,44
207,34,140897,40
208,34,21335,39
209,34,12620,44
210,34,1363866,66
211,34,82407,43
212,34,11989,57
213,34,18156,43
214,34,2675,48
215,34,51151,44
216,34,7123,43
217,34,59382,44
218,34,3651,54
219,34,75838,45
220,34,29330,49
221,34,6817,44
222,34,28870,45
223,34,4881,46
224,34,3620,44
225,34,443031,63
226,34,1420,49
227,34,53693,71
228,34,22863,44
229,34,62,50
230,34,19392,45
231,34,19798,59
232,34,9600,70
233,34,265863,57
234,34,234,45
235,34,61050,45
236,34,72913,38
237,34,1303694,40
238,34,209564,45
239,34,10199,45
240,34,66859,42
241,34,493,45
242,34,19531,51
243,34,20731,39
244,34,41685,47
245,34,8271,48
246,34,70720,53
247,34,10660,42
248,34,12803,50
249,34,16937,44
250,34,2557,39
251,34,5769,47
252,34,45842,42
253,34,582339,38
254,34,2265906,39
255,34,223750,91
256,34,6242,42
257,34,74351,40
258,34,674405,43
259,34,129737,61
260,34,7795,47
261,34,559344,79
262,34,109558,59
263,34,4296,45
264,34,149871,67
265,34,22612,48
266,34,60933,49
267,34,25116,42
268,34,47101,41
269,34,36940,44
270,34,13705,39
271,34,91388,56
272,34,110792,43
273,34,35469,39
274,34,65429,44
275,34,61925,53
276,34,108489,59
277,34,70035,51
278,34,1887,49
279,34,299917,80
280,34,1340268,66
281,34,1746421,54
282,34,87429,52
283,34,3938062,130
284,34,821545,68
285,34,3072201,76
286,34,93196,43
287,34,4859,47
288,34,660167,89
289,34,18419,40
290,34,144587,48
291,34,3613,49
292,34,25454,43
293,34,686141,78
294,34,63014,48
295,34,1582770,38
296,34,30734,51
297,34,888690,86
298,34,22027,39
299,34,443071,47
300,34,255042,73
301,34,3322499,122
302,34,896925,56
303,34,504109,73
304,34,372418,97
305,34,1847483,73
306,34,2062746,71
307,34,1774618,54
308,34,313496,50
309,34,56983,56
310,34,1250,40
311,34,638113,67
312,34,855998,60
313,34,1251846,51
314,34,922479,80
315,34,210355,56
316,34,10358,42
317,34,393,45
318,34,9452663,124
319,34,260183,60
320,34,12882,39
321,34,20654,45
322,34,73644,38
323,34,18088,44
324,34,125407,38
325,34,13369,48
326,34,219075,102
327,34,1450487,50
328,34,66599,38
329,34,289745,48
330,34,46450,47
331,34,52622,51
332,34,1869374,51
333,34,832385,94
334,34,2138,50
335,34,5086843,72
336,34,16950,51
337,34,63174,41
338,34,18792,49
339,34,37169,40
340,34,356515,71
341,34,164399,43
342,34,720771,47
343,34,292222,38
344,34,41087,46
345,34,182800,63
346,34,1605006,44
347,34,3204,43
348,34,39378,38
349,34,2633,48
350,34,6627,42
351,34,2147,44
352,34,202,45
353,34,85450,39
354,34,62834,56
355,34,44551,41
356,34,503320,69
357,34,7447047,62
358,34,485790,45
359,34,7579,52
360,34,8884,43
361,34,5438,45
362,34,36539,39
363,34,5847,42
364,34,2003,43
365,34,358819,41
366,34,1620872,51
367,34,59125,47
368,34,348478,61
369,34,1417699,54
370,34,133373,43
371,34,242022,60
372,34,5456,44
373,34,126060,47
374,34,318591,55
375,34,219,45
376,34,2343732,54
377,34,728885,45
378,34,35056,41
379,34,11726,43
380,34,506150,41
381,34,80788,41
382,34,147,45
383,34,33341,42
384,34,1250,49
385,34,9341,44
386,34,5906,40
387,34,3713,50
388,34,16012,42
389,34,833,40
390,34,436,50
391,34,80022,46
392,34,1133,45
393,34,3351,42
394,34,209012,56
395,34,1122,49
396,34,2509,45
397,34,47502,56
398,34,616296,46
399,34,3888,42
400,34,5435,48
401,34,16641,43
402,34,3245,48
403,34,2815,53
404,34,5760,43
405,34,7259,47
406,34,6471,51
407,34,582879,62
408,34,79738,53
409,34,74348,44
410,34,23880,42
411,34,95082,60
412,34,211,50
413,34,5119,44
414,34,31069,40
415,34,736,45
416,34,35609,42
417,34,64315,41
418,34,7098,50
419,34,1337,44
420,34,16806,43
421,34,14535,40
422,34,73368,45
423,34,18688,45
424,34,80844,39
425,34,370532,54
426,34,461562,39
427,34,3266932,114
428,34,679375,115
429,34,29519,46
430,34,625705,50
431,34,17138,58
432,34,117317,47
433,34,218240,53
434,34,63296,44
435,34,59337,42
436,34,59803,44
437,34,155,55
438,34,34513,42
439,34,286175,38
440,34,29528,53
441,34,14644,43
442,34,3681,40
443,34,168561,49
444,34,25693,47
445,34,201501,48
446,34,416038,78
447,34,3387,45
448,34,1718521,53
449,34,38041,44
450,34,57140,42
451,34,31907,39
452,34,9278,43
453,34,5724,45
454,34,83342,84
455,34,146482,49
456,34,8922,44
457,34,191554,47
458,34,246249,70
459,34,96538,48
460,34,13398,50
461,34,219005,44
462,34,724,45
463,34,180923,40
464,34,131476,55
465,34,417095,80
466,34,1066,50
467,34,369013,47
468,34,67436,50
469,34,39525,49
470,34,33019,43
471,34,7504,44
472,34,49554,48
473,34,103013,43
474,34,15266,41
475,34,361837,47
476,34,35364,66
477,34,34428,43
478,34,626382,50
479,34,7299,47
480,34,177223,52
481,34,17485,57
482,34,93390,50
483,34,76383,52
484,34,377167,43
485,34,18575,44
486,34,184594,49
487,34,85180,41
488,34,1774,55
489,34,297532,38
490,34,489,50
491,34,28878,53
492,34,170694,39
493,34,62003,55
494,34,98249,39
495,34,1832,40
496,34,27086,45
497,34,71018,38
498,34,548,40
499,34,450,40
500,34,14800,40
501,34,57108,38
502,34,48208,38
503,34,38614,46
504,34,212327,42
505,34,886,49
506,34,15505,49
507,34,5072,43
508,34,30777,65
509,34,32584,42
510,34,36589,49
511,34,734,44
512,34,29473,50
513,34,37950,48
514,34,12172,50
515,34,5193,52
516,34,58053,43
517,34,13393,43
518,34,157589,39
519,34,243666,62
520,34,638675,55
521,34,1601,44
522,34,18782,41
523,34,8605,43
524,34,3979,47
525,34,4366,43
526,34,1875782,50
527,34,131750,54
528,34,9963,53
529,34,69067,66
530,34,5929,44
531,34,5079,43
532,34,14298,43
533,34,595094,44
534,34,23525,51
535,34,22686,47
536,34,2554,49
537,34,4879,40
538,34,96913,43
539,34,3792,44
540,34,13803,40
541,34,57409,45
542,34,4592,40
543,34,10501,40
544,34,32943,40
545,34,154329,40
546,34,4729,43
547,34,14454,40
548,34,614328,38
549,34,2300,48
550,34,4714,44
551,34,22459,42
552,34,15327,43
553,34,3896,43
554,34,3103,50
555,34,76805,38
556,34,10108,44
557,34,83981,39
558,34,398260,38
559,34,11084,44
560,34,3304,43
561,34,6574,44
562,34,17903,49
563,34,9895,40
564,34,5111,43
565,34,4546,45
566,34,4751,43
567,34,12584,44
568,34,32432,44
569,34,55907,41
570,34,4700,45
571,34,16257,40
572,34,3033,44
573,34,82271,39
574,34,64089,45
575,34,6431,59
576,34,25419,44
577,34,15755,47
578,34,6135,40
579,34,18895,58
580,34,7509,50
581,34,5913,39
582,34,2723,49
583,34,11363,44
584,34,1479,45
585,34,12784,56
586,34,1576013,48
587,34,8813,44
588,34,25353,43
589,34,18567,48
590,34,14563,40
591,34,17483,45
592,34,3088,40
593,34,216736,49
594,34,1160680,69
595,34,105902,39
596,34,158640,46
597,34,2018,45
598,34,3558,40
599,34,671,45
600,34,1005,45
601,34,1979,45
602,34,20824,43
603,34,105501,59
604,34,2780,45
605,34,8063,40
606,34,158,45
607,34,8366,44
608,34,1390,53
609,34,351593,73
610,34,410694,50
611,34,6916,48
612,34,20227,42
613,34,3138,43
614,34,31333,55
615,34,475,40
616,34,4168,49
617,34,75033,84
618,34,30508,54
619,34,89714,47
620,34,2588,48
621,34,2298,45
622,34,5280,40
623,34,4526,44
624,34,1313,46
625,34,29925,53
626,34,8904,39
627,34,1357,40
628,34,38149,43
629,34,6129,43
630,34,1123,45
631,34,8070,40
632,34,920,44
633,34,4779,39
634,34,9829,45
635,34,3064,40
636,34,4960,40
637,34,5257,39
638,34,4185,40
639,34,525,45
640,34,2326,40
641,34,619,45
642,34,6083,40
643,34,502,45
644,34,2049,40
645,34,3087,40
646,34,3528,40
647,34,258,45
648,34,260,45
649,34,1889,40
650,34,680,45
651,34,823,45
652,34,1579,40
653,34,740,42
654,34,443,45
655,34,1880,39
656,34,1380,40
657,34,10633,45
658,34,1551,44
659,34,3769,45
660,34,1879,45
661,34,1494,43
662,34,1497,45
663,34,3006,45
664,34,2988,40
665,34,433,45
666,34,1300,45
667,34,311,45
668,34,323,45
669,34,7211,45
670,34,584,40
671,34,4190,45
672,34,642,45
673,34,357,45
674,34,2077,40
675,34,498,40
676,34,344,45
677,34,243,45
678,34,425,45
679,34,4139,45
680,34,736837,77
681,34,648,47
682,34,21877,53
683,34,70,45
684,34,8323,50
685,34,588,45
686,34,20214,45
687,34,88,45
688,34,712,49
689,34,47565,50
690,34,175215,72
691,34,3198,44
692,34,1181,51
693,34,4091,50
694,34,314274,45
695,34,2014,45
696,34,324,44
697,34,2216,45
698,34,1405,45
699,34,95800,65
700,34,2107,51
701,34,42932,54
702,34,204,45
703,34,2639,45
704,34,7223,50
705,34,4194,50
706,34,1749,45
707,34,1489,40
708,34,3631,54
709,34,3374,45
710,34,1675,40
711,34,2048,55
712,34,196,44
713,34,3802,61
714,34,2607,50
715,34,7284,50
716,34,1192,45
717,34,2534,40
718,34,2706,45
719,34,483,45
720,34,3189,46
721,34,2251,45
722,34,678,45
723,34,688,45
724,34,99223,50
725,34,605,45
726,34,517,45
727,34,5117,45
728,34,13121,47
729,34,103381,45
730,34,4907,45
731,34,1289,49
732,34,2116,54
733,34,82484,48
734,34,853,50
735,34,175,45
736,34,1664,40
737,34,3029,40
738,34,1174,40
739,34,1364,40
740,34,3048,39
741,34,323,45
742,34,1013,40
743,34,1373,40
744,34,1969,40
745,34,756,40
746,34,2526,40
747,34,586,40
748,34,135,45
749,34,415,40
750,34,1677,40
751,34,634,40
752,34,70,45
753,34,253,40
754,34,555,40
755,34,114,45
756,34,292,40
757,34,199,40
758,34,103,45
759,34,179,40
760,34,84,40
761,34,30,45
762,34,0,45
1,35,15530,42
2,35,403014,46
3,35,287478,48
4,35,65111,41
5,35,20800,42
6,35,50659,47
7,35,3163029,66
8,35,80691,46
9,35,11435,53
10,35,1723816,50
11,35,205341,64
12,35,41140,56
13,35,3391056,82
14,35,55639,42
15,35,1218415,48
16,35,1486463,52
17,35,765,45
18,35,24631,43
19,35,4457030,67
20,35,1736,45
21,35,4714,48
22,35,8725,45
23,35,4368,47
24,35,154598,38
25,35,15335,56
26,35,1859111,49
27,35,7573,46
28,35,3188179,81
29,35,329614,66
30,35,166476,64
31,35,787071,50
32,35,18390,42
33,35,140410,45
34,35,7858,49
35,35,162831,39
36,35,21834,43
37,35,67762,51
38,35,1018,44
39,35,1573743,47
40,35,2234137,76
41,35,12725,43
42,35,100192,57
43,35,353617,46
44,35,124552,44
45,35,298018,43
46,35,84082,48
47,35,147197,52
48,35,37861,42
49,35,1828,45
50,35,26057,47
51,35,3299,48
52,35,3906,54
53,35,9788,48
54,35,198184,42
55,35,215,45
56,35,66610,39
57,35,23726,43
58,35,2194,48
59,35,2683,44
60,35,1575,53
61,35,2619,52
62,35,83347,49
63,35,1686,47
64,35,56169,47
65,35,4742,42
66,35,502863,56
67,35,6215,49
68,35,14362,44
69,35,5989,53
70,35,144723,52
71,35,12311,43
72,35,40686,42
73,35,59616,43
74,35,7226,47
75,35,8487,52
76,35,13957,42
77,35,41836,39
78,35,36576,42
79,35,19096,53
80,35,3417942,74
81,35,1773200,49
82,35,8381,50
83,35,408979,41
84,35,9132,45
85,35,336859,45
86,35,13825,55
87,35,2708,48
88,35,228702,48
89,35,22360,53
90,35,7145,43
91,35,3400,45
92,35,109886,44
93,35,3591,48
94,35,19395,45
95,35,374153,57
96,35,46524,39
97,35,4817,45
98,35,1732,40
99,35,94,45
100,35,5629,40
101,35,10437,48
102,35,595853,40
103,35,205586,65
104,35,1036577,54
105,35,13264,42
106,35,909968,48
107,35,1657950,53
108,35,72770,45
109,35,327849,46
110,35,53857,56
111,35,804197,66
112,35,591770,49
113,35,928022,45
114,35,102345,42
115,35,8063,44
116,35,895236,55
117,35,1497,44
118,35,5185,53
119,35,4571,45
120,35,39817,50
121,35,316,45
122,35,430,40
123,35,35605,50
124,35,3175807,56
125,35,169892,46
126,35,2476,45
127,35,129981,47
128,35,622744,54
129,35,74613,53
130,35,216577,57
131,35,2977,49
132,35,38710,49
133,35,811306,46
134,35,121788,48
135,35,45132,55
136,35,13130,50
137,35,18270,79
138,35,22689,39
139,35,518061,57
140,35,50718,56
141,35,51431,44
142,35,390596,72
143,35,3647,50
144,35,3597,53
145,35,353459,74
146,35,1254173,58
147,35,664602,48
148,35,52816,56
149,35,40764,42
150,35,37691,52
151,35,4049,44
152,35,164881,44
153,35,101745,39
154,35,713,48
155,35,14949,55
156,35,30736,44
157,35,15736,45
158,35,36424,42
159,35,47247,52
160,35,768589,72
161,35,16020,47
162,35,7179,44
163,35,3102,48
164,35,5497,42
165,35,170500,45
166,35,221701,50
167,35,263596,45
168,35,40304,51
169,35,704081,55
170,35,98213,44
171,35,215331,54
172,35,1079,45
173,35,22917,42
174,35,18417,39
175,35,112456,44
176,35,87897,39
177,35,37998,49
178,35,39778,42
179,35,734,54
180,35,56423,42
181,35,11212,53
182,35,645370,44
183,35,6137,48
184,35,4825,45
185,35,9562,53
186,35,96543,49
187,35,1990,45
188,35,9270,43
189,35,63141,52
190,35,4813,49
191,35,32748,79
192,35,7893,42
193,35,6662,43
194,35,75039,41
195,35,103526,51
196,35,1184,40
197,35,256574,39
198,35,17754,40
199,35,414644,41
200,35,4415,47
201,35,197864,46
202,35,2020,47
203,35,7661,44
204,35,5634,54
205,35,14756,54
206,35,1264,44
207,35,140251,40
208,35,21265,39
209,35,12849,44
210,35,1343547,66
211,35,95421,43
212,35,15307,57
213,35,18078,43
214,35,2670,48
215,35,49952,44
216,35,7082,43
217,35,59895,44
218,35,3646,54
219,35,75562,45
220,35,29622,49
221,35,6365,44
222,35,27408,45
223,35,4864,46
224,35,3781,44
225,35,434026,63
226,35,1495,49
227,35,50203,71
228,35,22766,44
229,35,61,50
230,35,18591,45
231,35,19498,59
232,35,9584,70
233,35,248374,57
234,35,234,45
235,35,59720,45
236,35,74044,38
237,35,1218464,40
238,35,206473,45
239,35,9486,45
240,35,69530,42
241,35,492,45
242,35,19424,51
243,35,20617,39
244,35,40919,47
245,35,8224,48
246,35,70148,53
247,35,11376,42
248,35,12794,50
249,35,16880,44
250,35,2543,39
251,35,5736,47
252,35,45923,42
253,35,569809,38
254,35,2230268,39
255,35,228705,91
256,35,6170,42
257,35,77088,39
258,35,673215,43
259,35,129749,61
260,35,7767,47
261,35,555127,79
262,35,93981,58
263,35,4284,45
264,35,148620,66
265,35,22605,48
266,35,60428,49
267,35,28351,42
268,35,46805,41
269,35,37051,44
270,35,14090,39
271,35,90154,56
272,35,115365,43
273,35,35404,39
274,35,65589,44
275,35,59372,53
276,35,101799,59
277,35,69149,51
278,35,1882,49
279,35,296974,80
280,35,1330301,66
281,35,1753357,54
282,35,87282,52
283,35,4027775,130
284,35,763389,68
285,35,3140172,76
286,35,91566,43
287,35,4835,47
288,35,403111,89
289,35,18339,40
290,35,148957,48
291,35,5941,49
292,35,25626,43
293,35,732543,78
294,35,62675,48
295,35,1512606,38
296,35,30641,51
297,35,837460,86
298,35,21855,39
299,35,451693,47
300,35,252360,73
301,35,2999082,122
302,35,989573,56
303,35,562335,73
304,35,374542,97
305,35,1827646,73
306,35,2050272,71
307,35,1755384,54
308,35,380699,50
309,35,56826,56
310,35,1245,40
311,35,633617,67
312,35,870133,60
313,35,1245938,51
314,35,962140,80
315,35,212701,56
316,35,10411,42
317,35,392,45
318,35,9522804,124
319,35,385655,60
320,35,12850,39
321,35,21214,45
322,35,72862,38
323,35,18057,44
324,35,128657,38
325,35,13390,48
326,35,218716,102
327,35,1479421,50
328,35,66615,38
329,35,281918,48
330,35,45597,47
331,35,52347,51
332,35,1902142,51
333,35,863822,94
334,35,2137,50
335,35,5210344,72
336,35,16934,51
337,35,76253,41
338,35,18368,49
339,35,37059,40
340,35,349891,71
341,35,148268,43
342,35,767572,47
343,35,289147,38
344,35,41024,46
345,35,156522,63
346,35,1413346,44
347,35,3217,43
348,35,38033,38
349,35,2613,48
350,35,6683,42
351,35,2145,44
352,35,202,45
353,35,84966,39
354,35,62025,56
355,35,44382,41
356,35,813494,70
357,35,7480202,61
358,35,476903,45
359,35,7601,52
360,35,8653,43
361,35,5429,45
362,35,36555,39
363,35,5885,42
364,35,1995,43
365,35,390605,42
366,35,1642619,51
367,35,58937,47
368,35,343790,61
369,35,1403023,54
370,35,128553,43
371,35,278442,60
372,35,5571,44
373,35,141109,47
374,35,317320,55
375,35,219,45
376,35,2323254,54
377,35,758490,45
378,35,36808,41
379,35,11716,43
380,35,474077,41
381,35,79606,41
382,35,147,45
383,35,33254,42
384,35,1247,49
385,35,9208,44
386,35,5879,40
387,35,3765,50
388,35,16007,42
389,35,832,40
390,35,435,50
391,35,79139,46
392,35,1130,45
393,35,3341,42
394,35,184739,56
395,35,1122,49
396,35,2505,45
397,35,48881,56
398,35,610337,46
399,35,3846,42
400,35,5555,48
401,35,16845,43
402,35,3243,48
403,35,2812,53
404,35,5641,43
405,35,7688,47
406,35,6478,51
407,35,574597,61
408,35,79118,53
409,35,74480,44
410,35,23819,42
411,35,96009,60
412,35,211,50
413,35,5162,44
414,35,30955,40
415,35,731,45
416,35,35499,42
417,35,55825,41
418,35,7120,50
419,35,1326,44
420,35,16503,43
421,35,14466,40
422,35,72394,44
423,35,18631,45
424,35,86333,38
425,35,366469,54
426,35,470484,39
427,35,3370027,114
428,35,743413,115
429,35,29309,46
430,35,612981,50
431,35,17340,58
432,35,116813,47
433,35,216777,53
434,35,63130,44
435,35,59277,42
436,35,59393,44
437,35,155,55
438,35,34455,42
439,35,281365,38
440,35,29392,53
441,35,16177,43
442,35,3671,40
443,35,169752,49
444,35,25601,47
445,35,197234,48
446,35,414138,78
447,35,3382,45
448,35,1735227,53
449,35,37884,44
450,35,57327,42
451,35,31813,39
452,35,9295,43
453,35,5711,45
454,35,85305,84
455,35,136588,49
456,35,9098,44
457,35,178596,47
458,35,211592,70
459,35,98261,48
460,35,13364,50
461,35,175577,44
462,35,722,45
463,35,137507,40
464,35,119098,55
465,35,372028,80
466,35,1065,50
467,35,356819,47
468,35,68041,50
469,35,39370,49
470,35,33168,43
471,35,7448,44
472,35,43873,48
473,35,102671,43
474,35,15070,41
475,35,355513,47
476,35,34666,65
477,35,34287,43
478,35,616478,50
479,35,7398,47
480,35,176837,52
481,35,17454,57
482,35,74903,50
483,35,75689,52
484,35,373136,43
485,35,18525,44
486,35,184586,49
487,35,84408,41
488,35,1774,55
489,35,288650,38
490,35,509,50
491,35,28517,53
492,35,169299,39
493,35,90819,55
494,35,97590,39
495,35,1821,40
496,35,27010,45
497,35,70930,38
498,35,547,40
499,35,449,40
500,35,14772,40
501,35,57748,38
502,35,47321,38
503,35,38689,46
504,35,212512,42
505,35,871,49
506,35,15412,49
507,35,5221,43
508,35,28447,65
509,35,32418,42
510,35,36044,49
511,35,698,44
512,35,29389,50
513,35,37610,48
514,35,12235,50
515,35,5176,52
516,35,57755,43
517,35,13288,43
518,35,156658,39
519,35,241792,62
520,35,627477,55
521,35,1593,44
522,35,18691,41
523,35,8585,43
524,35,3957,47
525,35,4352,43
526,35,1781816,49
527,35,131644,54
528,35,9789,53
529,35,68778,66
530,35,5945,44
531,35,5048,43
532,35,14225,43
533,35,569154,44
534,35,23690,51
535,35,20757,47
536,35,2723,49
537,35,4867,40
538,35,103163,43
539,35,3785,44
540,35,13766,40
541,35,57235,45
542,35,4577,40
543,35,10474,40
544,35,32961,40
545,35,154006,40
546,35,4759,43
547,35,14383,40
548,35,573535,39
549,35,2308,48
550,35,4702,44
551,35,22407,42
552,35,15463,43
553,35,3906,43
554,35,3088,50
555,35,72998,38
556,35,10071,44
557,35,83412,39
558,35,384878,38
559,35,10987,44
560,35,3311,43
561,35,6557,44
562,35,16390,49
563,35,9845,40
564,35,4890,43
565,35,4688,45
566,35,4841,43
567,35,12540,44
568,35,32329,44
569,35,57105,41
570,35,4883,45
571,35,16367,40
572,35,3026,44
573,35,82572,38
574,35,69595,45
575,35,6404,59
576,35,27350,44
577,35,15626,47
578,35,6304,40
579,35,18805,58
580,35,7519,50
581,35,5898,39
582,35,2665,49
583,35,11539,44
584,35,1490,45
585,35,12630,56
586,35,1839585,49
587,35,8854,44
588,35,24319,43
589,35,18747,48
590,35,14712,40
591,35,16891,45
592,35,3120,40
593,35,218080,49
594,35,1246342,69
595,35,101052,39
596,35,144654,46
597,35,2012,45
598,35,3549,40
599,35,671,45
600,35,1029,45
601,35,2042,45
602,35,21746,43
603,35,94895,59
604,35,2771,45
605,35,8114,40
606,35,158,45
607,35,8428,44
608,35,1353,53
609,35,339532,73
610,35,404141,50
611,35,6886,48
612,35,20761,42
613,35,3173,43
614,35,30416,55
615,35,475,40
616,35,4179,49
617,35,75243,84
618,35,35147,54
619,35,86839,47
620,35,2598,48
621,35,2292,45
622,35,5220,40
623,35,4552,44
624,35,1343,46
625,35,29367,53
626,35,8835,39
627,35,1352,40
628,35,39383,43
629,35,6453,43
630,35,1154,45
631,35,8161,40
632,35,947,44
633,35,4737,39
634,35,9739,45
635,35,3063,40
636,35,4947,40
637,35,5322,39
638,35,4158,40
639,35,520,45
640,35,2308,40
641,35,637,45
642,35,6289,40
643,35,512,45
644,35,2200,40
645,35,3172,40
646,35,3576,40
647,35,256,45
648,35,259,45
649,35,2021,40
650,35,708,45
651,35,854,45
652,35,1565,40
653,35,847,42
654,35,491,45
655,35,1843,39
656,35,1421,40
657,35,10343,45
658,35,1763,44
659,35,3761,45
660,35,1859,45
661,35,1572,43
662,35,1483,45
663,35,3132,45
664,35,3150,40
665,35,444,45
666,35,1279,45
667,35,317,45
668,35,351,45
669,35,6277,45
670,35,572,40
671,35,4082,45
672,35,701,45
673,35,357,45
674,35,2188,40
675,35,492,40
676,35,385,45
677,35,261,45
678,35,430,45
679,35,4866,45
680,35,720258,77
681,35,617,46
682,35,18315,53
683,35,69,45
684,35,8313,50
685,35,581,45
686,35,16758,45
687,35,88,45
688,35,673,49
689,35,44480,50
690,35,160826,72
691,35,3186,44
692,35,1180,51
693,35,5102,50
694,35,351955,45
695,35,2021,45
696,35,454,44
697,35,2260,45
698,35,2155,45
699,35,94449,65
700,35,2057,50
701,35,38914,54
702,35,201,45
703,35,3533,45
704,35,6692,50
705,35,4389,50
706,35,1751,45
707,35,1507,40
708,35,7728,54
709,35,3132,45
710,35,4368,40
711,35,2134,55
712,35,222,44
713,35,3760,61
714,35,3014,50
715,35,6927,50
716,35,1263,45
717,35,2932,40
718,35,3395,45
719,35,539,45
720,35,3349,46
721,35,2268,45
722,35,759,45
723,35,688,45
724,35,94807,50
725,35,590,45
726,35,613,45
727,35,4958,45
728,35,12504,47
729,35,109059,45
730,35,5138,45
731,35,1407,49
732,35,1968,54
733,35,92619,48
734,35,920,50
735,35,195,45
736,35,1714,40
737,35,3373,40
738,35,1355,40
739,35,1292,40
740,35,2658,39
741,35,352,45
742,35,1483,40
743,35,2034,40
744,35,2202,40
745,35,775,40
746,35,2562,40
747,35,548,40
748,35,156,45
749,35,421,40
750,35,1872,40
751,35,766,40
752,35,86,45
753,35,299,40
754,35,736,40
755,35,152,45
756,35,343,40
757,35,287,40
758,35,164,45
759,35,278,40
760,35,111,40
761,35,76,45
762,35,9,45
763,35,0,45
1,36,15610,42
2,36,406229,46
3,36,295114,48
4,36,65059,41
5,36,20209,42
6,36,50377,47
7,36,3479666,67
8,36,83636,46
9,36,11426,53
10,36,1751844,50
11,36,202319,63
12,36,41192,56
13,36,3272732,81
14,36,55428,42
15,36,1230625,48
16,36,1485877,52
17,36,764,45
18,36,24468,43
19,36,4425533,67
20,36,1735,45
21,36,4705,48
22,36,8714,45
23,36,4375,47
24,36,153978,38
25,36,15347,56
26,36,1825103,49
27,36,7566,46
28,36,3163606,81
29,36,329558,66
30,36,156707,63
31,36,765779,50
32,36,18379,42
33,36,139670,45
34,36,7645,49
35,36,161993,39
36,36,21777,43
37,36,66149,51
38,36,1017,44
39,36,1514608,48
40,36,1573673,74
41,36,12695,43
42,36,90813,57
43,36,351950,46
44,36,122923,44
45,36,300076,43
46,36,79169,48
47,36,133704,51
48,36,37748,42
49,36,1826,45
50,36,26066,47
51,36,3295,48
52,36,3901,54
53,36,9817,48
54,36,197334,42
55,36,215,45
56,36,66343,39
57,36,23432,43
58,36,2199,48
59,36,2698,44
60,36,1610,53
61,36,2614,52
62,36,81416,49
63,36,1679,47
64,36,55001,47
65,36,4747,42
66,36,450769,57
67,36,6213,49
68,36,14332,44
69,36,6218,53
70,36,129905,51
71,36,12041,43
72,36,40615,41
73,36,58488,43
74,36,7215,47
75,36,8433,52
76,36,13992,42
77,36,41504,39
78,36,36318,42
79,36,18318,53
80,36,3154147,73
81,36,1743082,48
82,36,8315,50
83,36,420842,41
84,36,9352,45
85,36,323078,44
86,36,13776,55
87,36,2707,48
88,36,215981,48
89,36,21784,53
90,36,7109,43
91,36,3399,45
92,36,105157,44
93,36,3610,48
94,36,19503,45
95,36,348073,56
96,36,46281,39
97,36,4804,45
98,36,1727,40
99,36,94,45
100,36,5613,40
101,36,10412,48
102,36,622277,40
103,36,251171,65
104,36,1151904,54
105,36,13268,42
106,36,924355,48
107,36,888054,53
108,36,70766,45
109,36,294669,46
110,36,53175,56
111,36,788560,66
112,36,582659,49
113,36,905291,45
114,36,101306,42
115,36,8046,44
116,36,1614540,56
117,36,1501,44
118,36,5178,53
119,36,4548,45
120,36,44172,50
121,36,315,45
122,36,430,40
123,36,37052,50
124,36,3287698,56
125,36,185232,46
126,36,2473,45
127,36,131599,47
128,36,640024,54
129,36,74546,53
130,36,217282,57
131,36,2973,49
132,36,37596,49
133,36,811060,46
134,36,124257,48
135,36,45599,55
136,36,13107,50
137,36,18260,79
138,36,22634,39
139,36,428658,56
140,36,50710,56
141,36,56697,44
142,36,387791,72
143,36,3643,50
144,36,3594,53
145,36,353172,74
146,36,1239724,58
147,36,664042,48
148,36,68613,56
149,36,41623,42
150,36,37645,52
151,36,4045,44
152,36,164454,44
153,36,98742,39
154,36,718,48
155,36,14938,55
156,36,31598,44
157,36,15920,45
158,36,35605,42
159,36,46624,52
160,36,795170,72
161,36,15368,47
162,36,7204,44
163,36,3119,48
164,36,5332,42
165,36,172729,45
166,36,215779,50
167,36,271729,45
168,36,39776,51
169,36,713533,55
170,36,103704,44
171,36,203808,53
172,36,1079,45
173,36,22753,42
174,36,18163,39
175,36,118358,44
176,36,87475,39
177,36,37915,49
178,36,36914,42
179,36,758,54
180,36,54362,42
181,36,11199,53
182,36,643057,44
183,36,6131,48
184,36,4817,45
185,36,11098,53
186,36,96877,49
187,36,1988,45
188,36,9522,43
189,36,61868,52
190,36,4820,49
191,36,34055,79
192,36,7936,42
193,36,6383,43
194,36,74869,41
195,36,103464,51
196,36,1180,40
197,36,257807,39
198,36,17712,40
199,36,405139,41
200,36,7072,47
201,36,166212,45
202,36,2017,47
203,36,7624,44
204,36,5645,54
205,36,14531,54
206,36,1261,44
207,36,139588,40
208,36,21190,39
209,36,12859,44
210,36,1347804,66
211,36,103835,43
212,36,17218,57
213,36,18102,43
214,36,2667,48
215,36,51006,44
216,36,7057,43
217,36,61547,44
218,36,3642,54
219,36,75383,45
220,36,29648,49
221,36,6192,44
222,36,27377,45
223,36,4855,46
224,36,3832,44
225,36,436156,63
226,36,1469,49
227,36,50525,71
228,36,22694,44
229,36,61,50
230,36,18433,45
231,36,18929,59
232,36,9576,70
233,36,235971,57
234,36,234,45
235,36,59332,45
236,36,73219,38
237,36,1203829,40
238,36,204240,45
239,36,10109,45
240,36,67628,42
241,36,493,45
242,36,19353,51
243,36,20533,39
244,36,41115,47
245,36,8179,48
246,36,69833,53
247,36,10933,42
248,36,12788,50
249,36,16931,44
250,36,2560,39
251,36,5711,47
252,36,45993,42
253,36,565545,38
254,36,2213635,38
255,36,225725,91
256,36,5958,42
257,36,77813,39
258,36,638310,43
259,36,129246,61
260,36,7751,47
261,36,528571,78
262,36,86606,58
263,36,4274,45
264,36,148240,66
265,36,22561,48
266,36,59970,49
267,36,27921,42
268,36,46626,41
269,36,37037,44
270,36,14284,39
271,36,89107,56
272,36,110941,43
273,36,35417,39
274,36,65632,44
275,36,58341,53
276,36,99274,59
277,36,68554,51
278,36,1874,49
279,36,295309,80
280,36,1347512,66
281,36,1765223,54
282,36,87169,52
283,36,4111608,131
284,36,750220,68
285,36,3233971,77
286,36,90569,43
287,36,4829,47
288,36,301035,87
289,36,18321,40
290,36,153145,48
291,36,6348,49
292,36,25525,43
293,36,728387,78
294,36,62015,48
295,36,1464722,38
296,36,30598,51
297,36,798626,86
298,36,21744,39
299,36,454199,47
300,36,282561,73
301,36,3006435,122
302,36,988001,56
303,36,711309,74
304,36,377366,97
305,36,1564925,72
306,36,2043501,71
307,36,1736523,54
308,36,341972,50
309,36,58355,56
310,36,1243,40
311,36,624296,67
312,36,864908,60
313,36,1188750,51
314,36,962568,80
315,36,208820,56
316,36,10437,42
317,36,392,45
318,36,9510588,124
319,36,374381,60
320,36,12832,39
321,36,21432,45
322,36,72303,38
323,36,18031,44
324,36,129091,38
325,36,13389,48
326,36,218429,102
327,36,1511388,50
328,36,67476,38
329,36,280904,48
330,36,45375,47
331,36,52304,51
332,36,1972187,52
333,36,925544,94
334,36,2136,50
335,36,4660708,73
336,36,16918,51
337,36,95423,41
338,36,18149,49
339,36,36983,40
340,36,349984,71
341,36,150353,43
342,36,802584,48
343,36,287025,38
344,36,41007,46
345,36,144397,63
346,36,1276860,44
347,36,3207,43
348,36,37686,38
349,36,2626,48
350,36,6672,42
351,36,2140,44
352,36,199,45
353,36,84014,39
354,36,61639,56
355,36,44000,41
356,36,1564605,71
357,36,7563219,61
358,36,474426,45
359,36,7677,52
360,36,8508,43
361,36,5415,45
362,36,36505,39
363,36,5931,42
364,36,1994,43
365,36,425327,42
366,36,1699420,51
367,36,59616,47
368,36,350529,61
369,36,1459289,54
370,36,122174,43
371,36,482292,61
372,36,5670,44
373,36,239159,47
374,36,334944,55
375,36,219,45
376,36,2383333,54
377,36,816825,45
378,36,38322,41
379,36,11747,43
380,36,469976,41
381,36,78802,41
382,36,147,45
383,36,33205,42
384,36,1247,49
385,36,9167,44
386,36,5856,40
387,36,3826,50
388,36,16158,42
389,36,832,40
390,36,435,50
391,36,78722,46
392,36,1129,45
393,36,3329,42
394,36,180875,55
395,36,1122,49
396,36,2501,45
397,36,53233,56
398,36,606637,46
399,36,3845,42
400,36,5293,48
401,36,16885,43
402,36,3241,48
403,36,2805,53
404,36,5578,43
405,36,7748,47
406,36,6431,51
407,36,575808,61
408,36,78630,53
409,36,74245,44
410,36,23704,42
411,36,94978,60
412,36,210,50
413,36,5416,44
414,36,30883,40
415,36,730,45
416,36,35404,42
417,36,50384,41
418,36,7120,49
419,36,1330,44
420,36,16352,43
421,36,14414,40
422,36,71480,44
423,36,17942,45
424,36,89546,38
425,36,364173,54
426,36,485559,39
427,36,3324419,114
428,36,722386,115
429,36,29169,46
430,36,600117,50
431,36,17425,58
432,36,117979,47
433,36,212737,53
434,36,63020,44
435,36,59213,42
436,36,59180,44
437,36,154,55
438,36,34406,42
439,36,289547,38
440,36,29325,53
441,36,16621,43
442,36,3662,40
443,36,172256,49
444,36,25613,47
445,36,198924,48
446,36,410263,78
447,36,3377,45
448,36,1708817,53
449,36,37800,44
450,36,57326,42
451,36,31727,39
452,36,9277,43
453,36,5705,45
454,36,85191,84
455,36,136122,49
456,36,9299,44
457,36,178817,47
458,36,184860,70
459,36,93531,48
460,36,13369,50
461,36,161521,44
462,36,721,45
463,36,117361,40
464,36,122754,55
465,36,347658,80
466,36,1065,50
467,36,357455,47
468,36,69381,50
469,36,39225,49
470,36,33002,43
471,36,7473,44
472,36,46437,48
473,36,102491,43
474,36,15330,41
475,36,351099,47
476,36,34187,65
477,36,34152,43
478,36,609534,50
479,36,7370,47
480,36,174223,52
481,36,17186,57
482,36,74592,50
483,36,74691,52
484,36,369972,43
485,36,18486,44
486,36,184359,49
487,36,83593,41
488,36,1771,55
489,36,312957,39
490,36,492,50
491,36,28246,53
492,36,168122,39
493,36,104449,55
494,36,97126,39
495,36,1813,40
496,36,26952,45
497,36,70894,38
498,36,547,40
499,36,448,40
500,36,14754,40
501,36,59551,38
502,36,46920,38
503,36,38610,46
504,36,212455,42
505,36,876,49
506,36,15362,49
507,36,5724,43
508,36,27746,65
509,36,32477,42
510,36,36009,49
511,36,713,44
512,36,29327,50
513,36,36762,48
514,36,12328,50
515,36,5167,52
516,36,57424,43
517,36,13247,43
518,36,156009,39
519,36,242145,62
520,36,621911,55
521,36,1588,44
522,36,18625,41
523,36,8639,43
524,36,3934,47
525,36,4339,43
526,36,1713167,49
527,36,131546,54
528,36,9673,53
529,36,68503,66
530,36,5966,44
531,36,5025,43
532,36,14194,43
533,36,556505,44
534,36,45704,51
535,36,19480,47
536,36,2634,49
537,36,4862,40
538,36,101250,43
539,36,3773,44
540,36,13740,40
541,36,57121,45
542,36,4565,40
543,36,10448,40
544,36,33115,40
545,36,152973,40
546,36,4774,43
547,36,14343,40
548,36,570035,39
549,36,2310,48
550,36,4698,44
551,36,22398,42
552,36,15528,43
553,36,3945,42
554,36,3077,50
555,36,70363,38
556,36,10042,44
557,36,82979,39
558,36,393962,38
559,36,11832,44
560,36,3342,43
561,36,6546,44
562,36,15081,49
563,36,9825,40
564,36,4729,43
565,36,4693,45
566,36,4748,43
567,36,12515,44
568,36,32249,44
569,36,70209,41
570,36,4970,45
571,36,16341,40
572,36,3022,44
573,36,91035,38
574,36,67796,45
575,36,6435,59
576,36,25886,44
577,36,15558,47
578,36,7437,40
579,36,18768,58
580,36,7524,50
581,36,5904,39
582,36,2712,49
583,36,11611,44
584,36,1504,45
585,36,12412,56
586,36,1987023,49
587,36,8870,44
588,36,25234,43
589,36,17613,48
590,36,14585,40
591,36,16859,45
592,36,3133,40
593,36,220406,49
594,36,1779198,70
595,36,104259,39
596,36,152610,46
597,36,2011,45
598,36,3543,40
599,36,669,45
600,36,1033,45
601,36,2014,45
602,36,20210,43
603,36,91288,59
604,36,2765,45
605,36,8179,40
606,36,158,45
607,36,8483,44
608,36,1352,53
609,36,344996,73
610,36,411752,50
611,36,6872,47
612,36,20082,42
613,36,3219,43
614,36,51612,55
615,36,475,40
616,36,4186,49
617,36,75103,84
618,36,46612,54
619,36,83450,47
620,36,2598,48
621,36,2285,45
622,36,5196,40
623,36,4579,44
624,36,1364,46
625,36,28867,53
626,36,8728,39
627,36,1345,40
628,36,37199,43
629,36,6397,43
630,36,1183,45
631,36,8256,40
632,36,957,44
633,36,4787,39
634,36,9684,45
635,36,3012,40
636,36,5003,40
637,36,5575,39
638,36,4140,40
639,36,542,45
640,36,2301,40
641,36,633,45
642,36,6440,40
643,36,523,45
644,36,2170,40
645,36,3232,40
646,36,3678,40
647,36,255,45
648,36,253,45
649,36,2018,40
650,36,724,45
651,36,859,45
652,36,1545,40
653,36,811,42
654,36,485,45
655,36,1862,39
656,36,1458,40
657,36,10213,45
658,36,1676,44
659,36,3769,45
660,36,1847,45
661,36,1711,43
662,36,1466,45
663,36,3099,45
664,36,3121,40
665,36,451,45
666,36,1268,45
667,36,321,45
668,36,365,45
669,36,6283,45
670,36,568,40
671,36,4126,45
672,36,699,45
673,36,353,45
674,36,2273,40
675,36,488,40
676,36,386,45
677,36,273,45
678,36,435,45
679,36,8526,45
680,36,666733,77
681,36,611,46
682,36,16150,53
683,36,69,45
684,36,8404,50
685,36,579,45
686,36,15718,45
687,36,88,45
688,36,667,49
689,36,59607,50
690,36,171335,71
691,36,3409,44
692,36,1186,51
693,36,5873,50
694,36,334252,45
695,36,2064,45
696,36,460,44
697,36,2268,45
698,36,2218,45
699,36,93185,65
700,36,2052,50
701,36,37200,54
702,36,199,45
703,36,14673,45
704,36,6145,49
705,36,4115,50
706,36,1799,45
707,36,1555,40
708,36,14025,54
709,36,3085,45
710,36,14299,40
711,36,2169,55
712,36,242,44
713,36,3683,61
714,36,3067,50
715,36,6648,49
716,36,1320,45
717,36,2638,40
718,36,9271,45
719,36,580,45
720,36,3458,46
721,36,2120,45
722,36,825,45
723,36,660,45
724,36,92697,50
725,36,554,45
726,36,619,45
727,36,4800,45
728,36,11504,47
729,36,106768,45
730,36,5767,45
731,36,1338,49
732,36,1913,53
733,36,121249,48
734,36,971,50
735,36,202,45
736,36,1822,40
737,36,3500,40
738,36,1412,40
739,36,1384,40
740,36,2748,39
741,36,393,45
742,36,1387,40
743,36,1883,40
744,36,2309,40
745,36,833,40
746,36,2743,40
747,36,571,40
748,36,157,45
749,36,505,40
750,36,2075,40
751,36,878,40
752,36,88,45
753,36,341,40
754,36,839,40
755,36,172,45
756,36,399,40
757,36,373,40
758,36,213,45
759,36,376,40
760,36,134,40
761,36,113,45
762,36,52,45
763,36,9,45
764,36,0,45
765,36,0,40
1,37,15704,42
2,37,410634,46
3,37,300848,48
4,37,65668,41
5,37,19621,42
6,37,50327,47
7,37,3560448,68
8,37,88287,46
9,37,11419,53
10,37,1732362,50
11,37,200886,63
12,37,41337,56
13,37,3101007,80
14,37,55253,42
15,37,1232576,48
16,37,1471510,52
17,37,764,45
18,37,24524,43
19,37,3386033,66
20,37,1733,45
21,37,4714,48
22,37,8709,45
23,37,4667,47
24,37,164230,38
25,37,15399,56
26,37,1796099,49
27,37,7554,46
28,37,3175332,81
29,37,329033,66
30,37,156402,63
31,37,733752,50
32,37,18243,42
33,37,138775,45
34,37,7503,49
35,37,163146,39
36,37,21725,43
37,37,64687,51
38,37,1016,44
39,37,1394143,48
40,37,1407589,73
41,37,12662,43
42,37,84597,57
43,37,351848,46
44,37,115444,44
45,37,307759,43
46,37,87127,48
47,37,131726,51
48,37,37912,42
49,37,1827,45
50,37,26126,47
51,37,3289,48
52,37,3895,54
53,37,9846,48
54,37,196509,42
55,37,215,45
56,37,66018,39
57,37,22512,43
58,37,2199,48
59,37,2679,44
60,37,1660,53
61,37,2609,52
62,37,84293,49
63,37,1676,47
64,37,53797,47
65,37,4807,42
66,37,414447,57
67,37,6232,49
68,37,14309,44
69,37,6070,53
70,37,116172,50
71,37,12002,43
72,37,41102,41
73,37,57937,43
74,37,7198,47
75,37,8477,52
76,37,14232,42
77,37,41055,39
78,37,36072,42
79,37,17861,53
80,37,2313340,72
81,37,1659045,48
82,37,8271,50
83,37,437916,41
84,37,9541,45
85,37,303507,44
86,37,14007,55
87,37,2715,48
88,37,213196,48
89,37,24109,53
90,37,7094,43
91,37,3396,45
92,37,101393,44
93,37,3634,48
94,37,19740,45
95,37,398686,56
96,37,45945,39
97,37,4790,45
98,37,1721,40
99,37,94,45
100,37,5589,40
101,37,10378,48
102,37,681104,40
103,37,268469,65
104,37,1254909,54
105,37,13308,42
106,37,945528,48
107,37,570537,52
108,37,58706,45
109,37,271708,46
110,37,53460,56
111,37,823917,66
112,37,575082,49
113,37,878233,45
114,37,100367,42
115,37,8023,44
116,37,1808766,56
117,37,1503,44
118,37,5168,53
119,37,4532,45
120,37,51588,50
121,37,314,45
122,37,428,40
123,37,113054,50
124,37,3313233,57
125,37,289343,46
126,37,2470,45
127,37,134116,47
128,37,665746,54
129,37,74492,53
130,37,217616,57
131,37,2969,49
132,37,36313,49
133,37,742629,46
134,37,121269,48
135,37,46212,55
136,37,14485,50
137,37,18251,79
138,37,22564,39
139,37,365843,56
140,37,51141,56
141,37,74200,44
142,37,385724,72
143,37,3641,50
144,37,3593,53
145,37,380538,74
146,37,1230114,58
147,37,668348,48
148,37,83311,56
149,37,45144,42
150,37,37584,52
151,37,4040,44
152,37,162322,44
153,37,96789,39
154,37,748,48
155,37,14926,55
156,37,33751,44
157,37,16021,45
158,37,35046,42
159,37,46603,52
160,37,769797,72
161,37,13894,47
162,37,7221,44
163,37,3205,48
164,37,5728,42
165,37,172040,45
166,37,219457,50
167,37,269179,45
168,37,39882,51
169,37,924839,56
170,37,112416,44
171,37,198887,53
172,37,1076,45
173,37,22559,42
174,37,18768,39
175,37,117873,44
176,37,89724,38
177,37,37835,49
178,37,34470,42
179,37,746,54
180,37,52538,42
181,37,11192,53
182,37,648910,44
183,37,6124,48
184,37,4816,45
185,37,12134,53
186,37,99861,49
187,37,1983,45
188,37,10572,43
189,37,61397,51
190,37,4807,49
191,37,34139,79
192,37,8126,42
193,37,6218,43
194,37,68259,41
195,37,103200,51
196,37,1178,40
197,37,262680,39
198,37,17665,40
199,37,408907,41
200,37,7621,47
201,37,145209,45
202,37,2015,47
203,37,7612,44
204,37,5678,54
205,37,14426,54
206,37,1257,44
207,37,138765,40
208,37,21094,39
209,37,13617,44
210,37,1394979,66
211,37,118854,43
212,37,22092,57
213,37,18230,43
214,37,2664,48
215,37,53365,44
216,37,7027,43
217,37,65845,44
218,37,3638,54
219,37,75213,45
220,37,29825,49
221,37,6059,44
222,37,29369,45
223,37,4846,46
224,37,3886,44
225,37,440673,63
226,37,1445,49
227,37,51005,71
228,37,22629,44
229,37,61,50
230,37,17837,45
231,37,18351,59
232,37,9570,70
233,37,225395,57
234,37,233,45
235,37,57598,45
236,37,77538,38
237,37,1269992,41
238,37,199251,44
239,37,8338,45
240,37,66186,42
241,37,492,45
242,37,19278,51
243,37,20431,39
244,37,41592,47
245,37,7986,48
246,37,69489,53
247,37,10739,42
248,37,12780,50
249,37,17087,44
250,37,2587,39
251,37,5699,47
252,37,45988,42
253,37,565061,38
254,37,2157777,38
255,37,225606,91
256,37,5858,42
257,37,78688,39
258,37,601656,43
259,37,129299,61
260,37,7734,47
261,37,502271,78
262,37,83328,58
263,37,4269,45
264,37,148165,66
265,37,22595,48
266,37,59279,49
267,37,26627,42
268,37,46450,41
269,37,37067,44
270,37,14721,39
271,37,88751,56
272,37,112562,43
273,37,35494,39
274,37,65798,44
275,37,58225,53
276,37,98341,59
277,37,68229,51
278,37,1882,49
279,37,299185,80
280,37,1356795,66
281,37,1768726,54
282,37,87409,52
283,37,4046340,131
284,37,734776,68
285,37,3363588,77
286,37,89762,43
287,37,4817,47
288,37,244565,86
289,37,18368,39
290,37,158079,49
291,37,36647,49
292,37,25414,43
293,37,729400,78
294,37,61777,48
295,37,1412875,38
296,37,30605,51
297,37,753563,86
298,37,21647,39
299,37,497433,47
300,37,993756,74
301,37,3070169,122
302,37,959589,56
303,37,1013842,74
304,37,440009,97
305,37,1358996,72
306,37,2037627,71
307,37,1772747,54
308,37,288962,50
309,37,65198,56
310,37,1241,40
311,37,670508,67
312,37,908830,60
313,37,1071355,51
314,37,999059,80
315,37,218053,56
316,37,10481,42
317,37,391,45
318,37,9565582,124
319,37,664135,61
320,37,12800,39
321,37,21406,45
322,37,71126,38
323,37,18010,44
324,37,128792,37
325,37,13440,48
326,37,218220,102
327,37,1724295,51
328,37,68140,38
329,37,326893,48
330,37,45303,47
331,37,53016,51
332,37,2597184,53
333,37,1583203,95
334,37,2135,50
335,37,4125134,72
336,37,16911,51
337,37,164018,41
338,37,18058,49
339,37,36881,40
340,37,373754,71
341,37,185904,43
342,37,743371,48
343,37,301141,37
344,37,41036,46
345,37,370795,63
346,37,1196441,44
347,37,3224,43
348,37,37219,38
349,37,2613,48
350,37,6511,42
351,37,2139,44
352,37,199,45
353,37,83444,39
354,37,61270,56
355,37,44058,41
356,37,1921621,72
357,37,7055219,61
358,37,478237,45
359,37,7701,52
360,37,8393,43
361,37,5409,45
362,37,36803,39
363,37,6013,42
364,37,1994,43
365,37,376563,42
366,37,1631371,51
367,37,59536,47
368,37,350329,61
369,37,1452812,54
370,37,118367,43
371,37,324021,61
372,37,5745,44
373,37,172073,47
374,37,332628,55
375,37,219,45
376,37,2319739,54
377,37,780967,45
378,37,41767,41
379,37,11687,43
380,37,478618,41
381,37,78191,41
382,37,146,45
383,37,33191,42
384,37,1247,49
385,37,9101,44
386,37,5829,40
387,37,3815,50
388,37,15607,42
389,37,827,40
390,37,434,50
391,37,78970,46
392,37,1128,45
393,37,3323,42
394,37,181074,55
395,37,1121,49
396,37,2496,45
397,37,90634,56
398,37,602632,46
399,37,3829,42
400,37,5045,48
401,37,17025,43
402,37,3240,48
403,37,2805,53
404,37,5522,43
405,37,7672,47
406,37,6404,51
407,37,562121,61
408,37,78231,53
409,37,73253,44
410,37,23479,42
411,37,92892,60
412,37,210,50
413,37,5383,44
414,37,30780,40
415,37,729,45
416,37,35348,42
417,37,45965,40
418,37,7111,49
419,37,1365,44
420,37,16207,43
421,37,14367,40
422,37,70364,44
423,37,17331,45
424,37,101322,38
425,37,362301,54
426,37,511709,39
427,37,3274230,114
428,37,697939,115
429,37,29043,46
430,37,561266,50
431,37,17586,58
432,37,118664,47
433,37,210456,53
434,37,62893,44
435,37,59248,42
436,37,58938,44
437,37,154,55
438,37,34361,42
439,37,287284,38
440,37,29263,53
441,37,16601,43
442,37,3655,40
443,37,171891,49
444,37,25698,47
445,37,199643,48
446,37,408578,78
447,37,3371,45
448,37,1682554,53
449,37,37705,44
450,37,57431,42
451,37,31914,39
452,37,9311,43
453,37,5693,45
454,37,85857,84
455,37,135905,49
456,37,9481,44
457,37,177114,47
458,37,176331,69
459,37,87562,48
460,37,13450,50
461,37,156572,44
462,37,719,45
463,37,115133,40
464,37,122894,55
465,37,330890,80
466,37,1064,50
467,37,360890,47
468,37,70321,50
469,37,39348,49
470,37,36335,43
471,37,7530,44
472,37,47973,48
473,37,102389,43
474,37,15353,41
475,37,342050,47
476,37,34231,65
477,37,34077,43
478,37,599677,50
479,37,7354,47
480,37,174950,52
481,37,17193,57
482,37,73454,50
483,37,74393,51
484,37,365424,43
485,37,18450,44
486,37,184341,49
487,37,83012,41
488,37,1771,55
489,37,331032,39
490,37,483,50
491,37,28183,53
492,37,166638,39
493,37,109908,55
494,37,96541,39
495,37,1806,40
496,37,26899,45
497,37,72827,38
498,37,545,40
499,37,445,40
500,37,14729,40
501,37,69459,38
502,37,45240,38
503,37,38622,46
504,37,207326,42
505,37,895,49
506,37,15274,49
507,37,5398,43
508,37,27288,65
509,37,32670,42
510,37,36006,49
511,37,710,44
512,37,29299,50
513,37,37053,48
514,37,12444,50
515,37,5158,52
516,37,57076,43
517,37,13275,43
518,37,154946,39
519,37,267484,62
520,37,617955,55
521,37,1587,44
522,37,18558,41
523,37,8602,43
524,37,3922,47
525,37,4330,43
526,37,1655711,49
527,37,131456,54
528,37,9612,53
529,37,68324,66
530,37,6008,44
531,37,5012,43
532,37,14162,43
533,37,544389,44
534,37,72317,51
535,37,18774,47
536,37,2667,49
537,37,4853,40
538,37,97510,43
539,37,3765,44
540,37,13701,40
541,37,57021,45
542,37,4551,40
543,37,10418,40
544,37,33482,40
545,37,152375,40
546,37,4889,43
547,37,14296,40
548,37,571867,39
549,37,2315,48
550,37,4694,44
551,37,22375,42
552,37,15722,43
553,37,4014,42
554,37,3074,50
555,37,75301,38
556,37,10022,44
557,37,82448,39
558,37,433565,38
559,37,16715,44
560,37,3354,43
561,37,6530,44
562,37,14210,49
563,37,9807,40
564,37,4631,43
565,37,4654,45
566,37,4762,43
567,37,12489,44
568,37,32193,44
569,37,141058,41
570,37,5126,45
571,37,16555,40
572,37,3017,44
573,37,87871,38
574,37,64690,45
575,37,6589,59
576,37,23607,44
577,37,15633,47
578,37,8136,40
579,37,18734,58
580,37,7574,50
581,37,5960,39
582,37,2607,49
583,37,11676,44
584,37,1536,45
585,37,12139,56
586,37,2337731,50
587,37,8896,44
588,37,24654,43
589,37,17336,48
590,37,14746,40
591,37,17489,45
592,37,3169,40
593,37,241867,49
594,37,1561026,70
595,37,107838,39
596,37,169695,46
597,37,2006,45
598,37,3533,40
599,37,668,45
600,37,1040,45
601,37,2040,45
602,37,20415,43
603,37,90996,59
604,37,2758,45
605,37,8262,40
606,37,158,45
607,37,8620,44
608,37,1344,53
609,37,498319,73
610,37,480427,51
611,37,6942,47
612,37,20055,42
613,37,3287,43
614,37,54155,55
615,37,472,40
616,37,4259,49
617,37,75689,84
618,37,68515,54
619,37,85086,47
620,37,2624,48
621,37,2277,45
622,37,5193,40
623,37,4545,44
624,37,1365,46
625,37,29207,53
626,37,8820,39
627,37,1341,40
628,37,36506,43
629,37,6519,43
630,37,1231,45
631,37,8462,40
632,37,1094,44
633,37,6167,39
634,37,9625,45
635,37,2986,40
636,37,5230,40
637,37,5894,39
638,37,4119,40
639,37,526,45
640,37,2292,40
641,37,649,45
642,37,6893,40
643,37,543,45
644,37,2421,40
645,37,3340,40
646,37,4034,40
647,37,255,45
648,37,250,45
649,37,2285,40
650,37,771,45
651,37,898,45
652,37,1534,40
653,37,863,42
654,37,530,45
655,37,1932,39
656,37,1536,40
657,37,10750,45
658,37,1807,44
659,37,3878,45
660,37,1839,45
661,37,2393,43
662,37,1453,45
663,37,3127,45
664,37,3216,40
665,37,464,45
666,37,1260,45
667,37,340,45
668,37,411,45
669,37,7104,45
670,37,565,40
671,37,4232,45
672,37,738,45
673,37,351,45
674,37,2373,40
675,37,484,40
676,37,422,45
677,37,292,45
678,37,449,45
679,37,9254,45
680,37,573391,76
681,37,591,46
682,37,16270,53
683,37,69,45
684,37,8903,50
685,37,573,45
686,37,15931,45
687,37,88,45
688,37,787,49
689,37,53842,50
690,37,204331,71
691,37,3223,44
692,37,1199,51
693,37,5084,50
694,37,297125,45
695,37,3428,45
696,37,697,44
697,37,3639,45
698,37,2393,45
699,37,93452,64
700,37,2070,50
701,37,37918,54
702,37,194,45
703,37,22907,45
704,37,5857,49
705,37,3789,50
706,37,3006,45
707,37,1728,40
708,37,20018,54
709,37,3079,45
710,37,24816,40
711,37,2422,55
712,37,259,44
713,37,3736,61
714,37,2813,50
715,37,6463,49
716,37,1388,45
717,37,4196,40
718,37,8109,45
719,37,630,45
720,37,3797,46
721,37,2064,45
722,37,905,45
723,37,704,45
724,37,97878,50
725,37,594,45
726,37,651,45
727,37,4686,45
728,37,8151,47
729,37,102860,45
730,37,5296,45
731,37,1274,49
732,37,1898,53
733,37,125199,48
734,37,982,50
735,37,206,45
736,37,1967,40
737,37,4150,40
738,37,1814,40
739,37,1564,40
740,37,3320,39
741,37,411,45
742,37,1286,40
743,37,1770,40
744,37,2599,40
745,37,916,40
746,37,3080,40
747,37,851,40
748,37,167,45
749,37,524,40
750,37,2409,40
751,37,1016,40
752,37,131,45
753,37,432,40
754,37,1126,40
755,37,256,45
756,37,464,40
757,37,454,40
758,37,255,45
759,37,467,40
760,37,186,40
761,37,181,45
762,37,103,45
763,37,55,45
764,37,57,45
765,37,82,40
766,37,0,40
767,37,0,45
768,37,0,45
769,37,0,45
770,37,0,45
771,37,0,40
772,37,0,45
773,37,0,45
774,37,0,45
775,37,0,40
1,38,15719,42
2,38,404640,46
3,38,308140,48
4,38,66165,41
5,38,19367,42
6,38,50621,47
7,38,3821085,69
8,38,96420,46
9,38,11417,53
10,38,1853030,50
11,38,200992,63
12,38,42449,56
13,38,2913743,80
14,38,55110,42
15,38,1312290,48
16,38,1534240,52
17,38,764,45
18,38,24410,43
19,38,2983884,65
20,38,1733,45
21,38,4732,48
22,38,8702,45
23,38,5145,47
24,38,161439,38
25,38,15789,56
26,38,1778569,49
27,38,7547,46
28,38,3243753,81
29,38,328719,66
30,38,157926,63
31,38,756926,50
32,38,18164,42
33,38,141022,45
34,38,7462,49
35,38,160569,39
36,38,21681,43
37,38,65533,51
38,38,1014,44
39,38,1424364,47
40,38,1467171,73
41,38,12637,43
42,38,85436,57
43,38,357618,46
44,38,120089,44
45,38,312028,43
46,38,120200,48
47,38,175360,51
48,38,38202,42
49,38,1826,45
50,38,26099,47
51,38,3285,48
52,38,3894,54
53,38,9907,48
54,38,195744,42
55,38,214,45
56,38,65705,39
57,38,21941,43
58,38,2214,48
59,38,2682,44
60,38,1791,53
61,38,2607,52
62,38,82565,49
63,38,1673,47
64,38,54452,47
65,38,4814,42
66,38,406364,56
67,38,6289,49
68,38,14274,44
69,38,6233,53
70,38,98162,50
71,38,11776,43
72,38,40807,41
73,38,57182,43
74,38,7189,47
75,38,8682,52
76,38,14030,42
77,38,40612,39
78,38,35863,42
79,38,17639,53
80,38,2063481,71
81,38,1642126,48
82,38,8233,50
83,38,440184,41
84,38,9708,45
85,38,300091,44
86,38,14158,55
87,38,2721,48
88,38,208180,48
89,38,36387,53
90,38,7079,43
91,38,3395,45
92,38,99607,44
93,38,3672,48
94,38,19797,45
95,38,468919,57
96,38,45684,39
97,38,4780,45
98,38,1717,40
99,38,94,45
100,38,5557,40
101,38,10379,48
102,38,679116,40
103,38,232640,65
104,38,1262294,54
105,38,13303,42
106,38,927568,48
107,38,494420,52
108,38,58289,45
109,38,272136,46
110,38,57977,56
111,38,821521,66
112,38,571319,49
113,38,868165,44
114,38,99771,42
115,38,8014,44
116,38,1665889,56
117,38,1521,44
118,38,5165,53
119,38,4511,45
120,38,51437,50
121,38,314,45
122,38,427,40
123,38,89828,50
124,38,3092395,57
125,38,277073,46
126,38,2469,45
127,38,134109,47
128,38,654030,54
129,38,74445,53
130,38,218785,57
131,38,2967,49
132,38,35493,49
133,38,729429,45
134,38,120403,48
135,38,46454,55
136,38,14125,50
137,38,18247,79
138,38,22514,39
139,38,348872,56
140,38,51323,56
141,38,67114,44
142,38,384418,72
143,38,3639,50
144,38,3591,53
145,38,364776,74
146,38,1225083,58
147,38,665584,48
148,38,77714,56
149,38,45204,42
150,38,37575,52
151,38,4036,44
152,38,164638,44
153,38,94313,39
154,38,783,48
155,38,14919,55
156,38,54129,44
157,38,16253,45
158,38,34489,42
159,38,47367,52
160,38,762893,72
161,38,13162,47
162,38,7470,44
163,38,3215,48
164,38,5457,42
165,38,192396,45
166,38,233256,50
167,38,285649,45
168,38,39579,51
169,38,1503275,57
170,38,119049,44
171,38,208014,53
172,38,1075,45
173,38,22350,42
174,38,18033,39
175,38,122733,44
176,38,90530,38
177,38,37767,49
178,38,33287,41
179,38,811,54
180,38,58510,42
181,38,11188,53
182,38,725577,44
183,38,6116,48
184,38,4805,45
185,38,29005,53
186,38,124492,49
187,38,1981,45
188,38,49430,43
189,38,65709,51
190,38,4776,49
191,38,33819,79
192,38,8294,42
193,38,6128,43
194,38,65510,41
195,38,103297,51
196,38,1178,40
197,38,254975,39
198,38,17632,40
199,38,522475,41
200,38,6978,47
201,38,136702,45
202,38,2014,47
203,38,7592,44
204,38,5714,54
205,38,14271,54
206,38,1255,44
207,38,137944,40
208,38,20999,39
209,38,12959,44
210,38,1439689,66
211,38,118163,43
212,38,20172,57
213,38,18148,43
214,38,2661,48
215,38,50402,44
216,38,7002,43
217,38,60044,44
218,38,3638,54
219,38,75076,45
220,38,29645,49
221,38,6101,44
222,38,34073,45
223,38,4831,46
224,38,4004,44
225,38,468619,63
226,38,1550,49
227,38,49388,71
228,38,22580,44
229,38,61,50
230,38,17878,45
231,38,18176,59
232,38,9561,70
233,38,239302,57
234,38,233,45
235,38,58093,45
236,38,76171,38
237,38,1236999,41
238,38,198154,44
239,38,8438,45
240,38,65419,42
241,38,491,45
242,38,19233,51
243,38,20354,39
244,38,42858,47
245,38,7993,48
246,38,69715,53
247,38,10640,42
248,38,12770,50
249,38,18336,44
250,38,2573,39
251,38,5689,47
252,38,46074,42
253,38,558640,38
254,38,2094773,38
255,38,267218,91
256,38,5865,42
257,38,77916,39
258,38,636647,43
259,38,134100,61
260,38,7726,47
261,38,643190,78
262,38,100861,58
263,38,4257,45
264,38,196573,66
265,38,22546,48
266,38,59048,49
267,38,26008,42
268,38,46294,41
269,38,37325,44
270,38,18968,39
271,38,89418,56
272,38,110757,43
273,38,35437,39
274,38,66415,44
275,38,58448,53
276,38,100902,59
277,38,68073,51
278,38,1941,49
279,38,375461,80
280,38,1419612,66
281,38,1935881,55
282,38,87600,52
283,38,4276453,131
284,38,679278,68
285,38,3534230,78
286,38,89792,43
287,38,4812,47
288,38,231073,86
289,38,22046,39
290,38,150130,49
291,38,46274,49
292,38,43269,43
293,38,752030,78
294,38,61911,48
295,38,1378119,38
296,38,30726,51
297,38,735886,86
298,38,21532,39
299,38,523279,47
300,38,875284,74
301,38,2908138,121
302,38,931831,56
303,38,1014626,75
304,38,392625,97
305,38,876490,71
306,38,2032934,71
307,38,1708594,54
308,38,272175,50
309,38,63072,56
310,38,1238,40
311,38,670577,67
312,38,843283,60
313,38,1027644,50
314,38,1117664,80
315,38,214157,56
316,38,17425,42
317,38,391,45
318,38,8939645,124
319,38,903958,61
320,38,12777,39
321,38,21538,45
322,38,70589,38
323,38,17997,44
324,38,188623,37
325,38,13951,48
326,38,218044,102
327,38,1816984,51
328,38,68839,38
329,38,358799,48
330,38,47814,47
331,38,52985,51
332,38,2170117,53
333,38,1521439,95
334,38,2134,50
335,38,4336003,72
336,38,16950,51
337,38,190064,41
338,38,18212,49
339,38,36791,40
340,38,383151,71
341,38,203787,43
342,38,722681,48
343,38,333482,37
344,38,41077,46
345,38,330639,63
346,38,1153776,43
347,38,3316,43
348,38,37621,38
349,38,2663,48
350,38,6441,42
351,38,2134,44
352,38,198,45
353,38,82997,39
354,38,61090,56
355,38,51267,41
356,38,1970869,73
357,38,7126347,60
358,38,492932,45
359,38,7756,52
360,38,8364,43
361,38,5402,45
362,38,36860,39
363,38,5965,42
364,38,2002,43
365,38,364649,42
366,38,1647572,51
367,38,59948,47
368,38,355186,61
369,38,1466330,54
370,38,119392,43
371,38,220160,60
372,38,5857,44
373,38,128811,47
374,38,335165,55
375,38,219,45
376,38,2037914,54
377,38,787128,45
378,38,41930,41
379,38,11698,43
380,38,483177,41
381,38,77172,41
382,38,146,45
383,38,33163,42
384,38,1246,49
385,38,9072,44
386,38,5797,40
387,38,3881,50
388,38,16078,42
389,38,826,40
390,38,434,50
391,38,78446,46
392,38,1127,45
393,38,3319,42
394,38,181484,55
395,38,1120,49
396,38,2492,45
397,38,146939,56
398,38,599458,46
399,38,3829,42
400,38,4992,48
401,38,17141,43
402,38,3239,48
403,38,2803,53
404,38,5475,43
405,38,7670,47
406,38,6531,51
407,38,562934,61
408,38,77852,53
409,38,72974,44
410,38,23257,41
411,38,91759,60
412,38,210,50
413,38,5435,44
414,38,30658,40
415,38,726,45
416,38,42476,41
417,38,43928,40
418,38,7114,49
419,38,1453,44
420,38,16134,42
421,38,14307,40
422,38,69661,44
423,38,17132,45
424,38,99068,38
425,38,360776,54
426,38,504482,39
427,38,3776952,115
428,38,738748,115
429,38,28935,46
430,38,549296,50
431,38,17850,58
432,38,120475,47
433,38,201532,53
434,38,62786,44
435,38,59418,42
436,38,58774,44
437,38,154,55
438,38,34324,42
439,38,293604,38
440,38,29245,53
441,38,16761,43
442,38,3643,40
443,38,164424,49
444,38,25795,47
445,38,202112,48
446,38,415719,78
447,38,3369,45
448,38,1686403,53
449,38,37629,44
450,38,57337,42
451,38,31657,39
452,38,9279,43
453,38,5683,45
454,38,86780,84
455,38,139673,49
456,38,9819,44
457,38,176161,47
458,38,177031,69
459,38,85669,48
460,38,13822,50
461,38,156830,44
462,38,720,45
463,38,117837,40
464,38,121541,55
465,38,380134,80
466,38,1064,50
467,38,370842,47
468,38,70739,50
469,38,39402,49
470,38,34311,43
471,38,7549,44
472,38,47105,48
473,38,102362,43
474,38,15517,41
475,38,347414,47
476,38,34301,65
477,38,34005,43
478,38,583178,50
479,38,7386,47
480,38,175772,52
481,38,19618,57
482,38,73746,50
483,38,74438,51
484,38,352904,43
485,38,18410,44
486,38,184174,49
487,38,82370,41
488,38,1768,55
489,38,333090,39
490,38,503,50
491,38,28619,53
492,38,165208,39
493,38,146277,55
494,38,95990,39
495,38,1796,40
496,38,26854,45
497,38,71788,38
498,38,543,40
499,38,443,40
500,38,14703,40
501,38,66362,38
502,38,45617,38
503,38,38620,46
504,38,214411,42
505,38,852,49
506,38,15225,49
507,38,5547,43
508,38,27118,65
509,38,32555,42
510,38,39252,49
511,38,739,44
512,38,29284,50
513,38,37520,48
514,38,12548,50
515,38,5177,52
516,38,57150,42
517,38,13323,43
518,38,155004,39
519,38,281353,62
520,38,619209,55
521,38,1583,44
522,38,18511,41
523,38,8611,43
524,38,3915,47
525,38,4325,43
526,38,1641987,48
527,38,131189,54
528,38,9559,53
529,38,68214,66
530,38,6041,44
531,38,5023,43
532,38,14112,43
533,38,538595,44
534,38,248625,52
535,38,18344,47
536,38,2734,49
537,38,4839,40
538,38,96712,43
539,38,3761,44
540,38,13686,40
541,38,56928,45
542,38,4532,40
543,38,10398,40
544,38,33986,40
545,38,148602,40
546,38,4829,43
547,38,14256,40
548,38,581273,39
549,38,2335,48
550,38,4688,44
551,38,22456,42
552,38,15980,43
553,38,4117,42
554,38,3069,50
555,38,73516,38
556,38,10004,44
557,38,81934,39
558,38,419611,38
559,38,23172,44
560,38,3393,43
561,38,6518,44
562,38,13632,49
563,38,9783,40
564,38,4553,43
565,38,4623,45
566,38,4791,43
567,38,12470,44
568,38,32152,44
569,38,182540,41
570,38,5349,45
571,38,16412,40
572,38,3014,44
573,38,132924,38
574,38,64836,45
575,38,6778,59
576,38,23081,44
577,38,16199,47
578,38,9147,40
579,38,18707,58
580,38,7640,50
581,38,5970,39
582,38,2591,49
583,38,11765,44
584,38,1529,45
585,38,12169,56
586,38,2342950,50
587,38,11545,44
588,38,24412,43
589,38,17059,48
590,38,14589,40
591,38,17067,45
592,38,3222,40
593,38,277057,49
594,38,1431569,70
595,38,104680,39
596,38,192957,46
597,38,2007,45
598,38,3520,40
599,38,668,45
600,38,1056,45
601,38,2058,45
602,38,22089,43
603,38,98273,59
604,38,2756,45
605,38,8362,40
606,38,158,45
607,38,8727,44
608,38,1391,53
609,38,379796,73
610,38,401884,51
611,38,7117,47
612,38,23010,42
613,38,3306,43
614,38,51333,55
615,38,472,40
616,38,4294,49
617,38,75651,84
618,38,55022,54
619,38,84769,47
620,38,2668,48
621,38,2270,45
622,38,5234,40
623,38,4579,44
624,38,1343,46
625,38,28981,53
626,38,9091,39
627,38,1334,40
628,38,38315,43
629,38,6684,43
630,38,1228,45
631,38,8585,40
632,38,1055,44
633,38,5150,39
634,38,9580,45
635,38,2990,40
636,38,5180,40
637,38,6070,39
638,38,4104,40
639,38,526,45
640,38,2282,40
641,38,650,45
642,38,6778,40
643,38,559,45
644,38,2235,40
645,38,3445,40
646,38,3899,40
647,38,251,45
648,38,247,45
649,38,2027,40
650,38,792,45
651,38,925,45
652,38,1530,40
653,38,897,42
654,38,523,45
655,38,1976,39
656,38,1578,40
657,38,10870,45
658,38,1966,44
659,38,3914,45
660,38,1827,45
661,38,4649,43
662,38,1438,45
663,38,3218,45
664,38,3321,40
665,38,491,45
666,38,1249,45
667,38,350,45
668,38,583,45
669,38,7231,45
670,38,560,40
671,38,4018,45
672,38,702,45
673,38,350,45
674,38,2458,40
675,38,479,40
676,38,429,45
677,38,316,45
678,38,482,45
679,38,8981,45
680,38,608162,76
681,38,573,46
682,38,15287,53
683,38,69,45
684,38,8809,50
685,38,571,45
686,38,15673,45
687,38,88,45
688,38,917,49
689,38,46549,50
690,38,190315,71
691,38,3295,44
692,38,1224,51
693,38,4693,50
694,38,236219,45
695,38,2592,45
696,38,541,44
697,38,2738,45
698,38,2376,45
699,38,93116,64
700,38,2176,50
701,38,36997,54
702,38,193,45
703,38,19926,45
704,38,5784,49
705,38,3639,50
706,38,2197,45
707,38,1767,40
708,38,16819,54
709,38,3361,45
710,38,32204,40
711,38,2322,55
712,38,268,44
713,38,4213,61
714,38,2636,50
715,38,6402,49
716,38,1493,45
717,38,5051,40
718,38,8176,45
719,38,646,45
720,38,4987,46
721,38,2120,45
722,38,1029,45
723,38,616,45
724,38,94316,50
725,38,609,45
726,38,639,45
727,38,5979,45
728,38,7176,47
729,38,94813,45
730,38,6224,45
731,38,1243,49
732,38,1834,53
733,38,132973,48
734,38,1094,50
735,38,224,45
736,38,2054,40
737,38,3941,40
738,38,1589,40
739,38,1647,40
740,38,3508,39
741,38,445,45
742,38,1326,40
743,38,1787,40
744,38,2571,40
745,38,1016,40
746,38,3296,40
747,38,685,40
748,38,194,45
749,38,600,40
750,38,2340,40
751,38,1118,40
752,38,129,45
753,38,459,40
754,38,1077,40
755,38,266,45
756,38,551,40
757,38,471,40
758,38,329,45
759,38,537,40
760,38,238,40
761,38,163,45
762,38,122,45
763,38,149,45
764,38,89,45
765,38,146,40
766,38,319,40
767,38,54,45
768,38,268,45
769,38,28,45
770,38,515,45
771,38,90,40
772,38,22,45
773,38,18,45
774,38,17,45
775,38,89,40
776,38,0,40
777,38,0,45
778,38,0,45
