element,gw,selected,value
1,1,70767,50
2,1,110646,50
3,1,6155,55
4,1,727046,55
5,1,44811,55
6,1,29752,45
7,1,66040,55
8,1,32166,50
9,1,91508,45
10,1,10713,50
11,1,112156,50
12,1,122791,55
13,1,236460,85
14,1,60423,75
15,1,35746,55
16,1,120790,45
17,1,220405,55
18,1,644446,70
19,1,33287,45
20,1,31526,45
21,1,28663,65
22,1,200168,95
23,1,924935,110
24,1,220212,45
25,1,340702,40
26,1,22164,45
27,1,59682,45
28,1,834188,45
29,1,21187,45
30,1,10308,45
31,1,158251,50
32,1,257252,40
33,1,14476,50
34,1,32012,45
35,1,17574,50
36,1,2359,60
37,1,5035,50
38,1,28714,55
39,1,16680,50
40,1,57385,55
41,1,3650,45
42,1,3963,50
43,1,147186,60
44,1,11984,50
45,1,380719,65
46,1,42370,60
47,1,257273,45
48,1,152747,45
49,1,153522,45
50,1,14542,45
51,1,8038,45
52,1,413157,40
53,1,118425,40
54,1,7897,45
55,1,23952,55
56,1,549320,45
57,1,5338,45
58,1,3712,50
59,1,364302,70
60,1,8887,50
61,1,11081,60
62,1,36707,65
63,1,11200,50
64,1,21608,45
65,1,5404,55
66,1,4566,50
67,1,6229,50
68,1,23251,50
69,1,44551,50
70,1,226034,50
71,1,120639,50
72,1,461762,50
73,1,42014,45
74,1,11525,45
75,1,10336,45
76,1,98144,60
77,1,757,55
78,1,9008,55
79,1,1913,55
80,1,9023,45
81,1,3473,50
82,1,59543,50
83,1,15138,50
84,1,53452,55
85,1,48750,60
86,1,101406,45
87,1,24309,65
88,1,12072,45
89,1,6692,45
90,1,31111,50
91,1,39138,45
92,1,5192,45
93,1,75947,40
94,1,8863,45
95,1,196285,40
96,1,47860,40
97,1,1492,40
98,1,17494,50
99,1,20590,55
100,1,3604,50
101,1,8529,55
102,1,66660,45
103,1,11915,45
104,1,3308,45
105,1,15437,45
106,1,14017,50
107,1,36149,50
108,1,15508,45
109,1,51829,45
110,1,33401,55
111,1,78468,55
112,1,8785,50
113,1,745918,65
114,1,65491,55
115,1,727837,65
116,1,160332,55
117,1,211948,60
118,1,135804,60
119,1,61061,55
120,1,14783,55
121,1,9242,55
122,1,480326,105
123,1,67338,65
124,1,411692,75
125,1,96685,65
126,1,889970,50
127,1,22315,60
128,1,9829,50
129,1,14331,50
130,1,3328,45
131,1,119739,45
132,1,55849,55
133,1,188771,80
134,1,151388,90
135,1,49531,45
136,1,727239,40
137,1,12383,45
138,1,428025,45
139,1,779,45
140,1,409020,40
141,1,29820,45
142,1,244166,55
143,1,67303,50
144,1,4442,45
145,1,652304,40
146,1,40154,45
147,1,85461,50
148,1,1455,50
149,1,115533,60
150,1,465750,65
151,1,1424847,70
152,1,54689,65
153,1,14555,50
154,1,985344,50
155,1,219323,40
156,1,84579,55
157,1,148392,55
158,1,100143,45
159,1,7642,45
160,1,3574,45
161,1,11386,45
162,1,117954,50
163,1,9177,45
164,1,93127,65
165,1,16150,60
166,1,1234,45
167,1,115922,45
168,1,28400,50
169,1,11634,55
170,1,12390,55
171,1,802,60
172,1,106177,75
173,1,1737,50
174,1,2914,45
175,1,68885,55
176,1,46205,55
177,1,302582,70
178,1,14241,45
179,1,85325,40
180,1,22808,45
181,1,12353,45
182,1,153810,50
183,1,20352,45
184,1,472564,65
185,1,8305,55
186,1,8882,45
187,1,5634,45
188,1,21217,45
189,1,499362,45
190,1,124117,40
191,1,100431,45
192,1,164951,45
193,1,8906,45
194,1,5090,45
195,1,479775,45
196,1,249139,40
197,1,4294,45
198,1,12335,45
199,1,192110,55
200,1,3926,50
201,1,14503,45
202,1,5761,45
203,1,1025,50
204,1,562,45
205,1,3471,45
206,1,3968,50
207,1,15146,50
208,1,7863,45
209,1,281907,45
210,1,67727,55
211,1,11803,60
212,1,5521,50
213,1,230133,50
214,1,6756,45
215,1,62679,45
216,1,46271,45
217,1,20221,45
218,1,53420,40
219,1,16126,50
220,1,759622,55
221,1,58068,50
222,1,17835,50
223,1,244252,90
224,1,58166,55
225,1,44794,55
226,1,11148,45
227,1,33600,50
228,1,3960,50
229,1,1207,45
230,1,5517,45
231,1,10282,50
232,1,3158,50
233,1,32765,65
234,1,242752,90
235,1,77976,55
236,1,47721,60
237,1,7587,50
238,1,10305,50
239,1,347393,50
240,1,22078,45
241,1,26690,50
242,1,13273,50
243,1,3630,50
244,1,7541,45
245,1,787168,50
246,1,811455,60
247,1,720845,60
248,1,2117,65
249,1,61150,55
250,1,73838,70
251,1,758512,95
252,1,32164,55
253,1,2478960,130
254,1,14696,55
255,1,51015,60
256,1,232708,75
257,1,1687015,95
258,1,82610,55
259,1,17914,50
260,1,796937,55
261,1,11627,50
262,1,415001,55
263,1,105138,55
264,1,405078,65
265,1,545462,65
266,1,53010,55
267,1,440329,60
268,1,55175,55
269,1,18028,55
270,1,95478,110
271,1,234240,85
272,1,328372,55
273,1,1288634,100
274,1,65757,55
275,1,663136,95
276,1,312286,75
277,1,14777,50
278,1,2951,50
279,1,2425,50
280,1,1452447,110
281,1,121425,105
282,1,1357478,60
283,1,3795,50
284,1,165459,60
285,1,169200,55
286,1,162866,50
287,1,5350,50
288,1,41761,65
289,1,20155,50
290,1,868,50
291,1,133757,55
292,1,56146,50
293,1,101792,60
294,1,2241,55
295,1,474589,105
296,1,42537,50
297,1,97791,65
298,1,28693,50
299,1,9519,50
300,1,283400,70
301,1,46847,75
302,1,354360,80
303,1,39595,45
304,1,232569,60
305,1,515309,70
306,1,349932,110
307,1,16575,45
308,1,4954,45
309,1,18497,50
310,1,81314,45
311,1,10582,45
312,1,423390,50
313,1,9349,45
314,1,1440,45
315,1,8511,45
316,1,12652,40
317,1,46207,60
318,1,51885,55
319,1,5156,50
320,1,9385,55
321,1,2929,50
322,1,97,50
323,1,11288,45
324,1,12763,50
325,1,10803,60
326,1,146474,65
327,1,89238,50
328,1,31997,45
329,1,65137,45
330,1,349632,50
331,1,77036,45
332,1,398975,45
333,1,10138,45
334,1,64439,40
335,1,264706,40
336,1,19002,45
337,1,7799,50
338,1,27127,55
339,1,140250,45
340,1,23517,45
341,1,462,55
342,1,4891,45
343,1,24948,55
344,1,9971,50
345,1,13490,55
346,1,23886,65
347,1,90569,50
348,1,85810,60
349,1,18085,60
350,1,196,55
351,1,380621,55
352,1,5427,50
353,1,159975,60
354,1,69060,60
355,1,414376,60
356,1,428966,60
357,1,1217102,60
358,1,22811,45
359,1,122431,60
360,1,49004,60
361,1,109552,50
362,1,72326,50
363,1,4017,65
364,1,840208,95
365,1,175864,90
366,1,2567,50
367,1,374626,85
368,1,646,55
369,1,2814,50
370,1,108496,70
371,1,15635,60
372,1,1430959,125
373,1,22758,45
374,1,3773,45
375,1,10718,45
376,1,4273,45
377,1,9721,45
378,1,24697,45
379,1,4748,45
380,1,34071,45
381,1,24868,50
382,1,11219,45
383,1,25857,45
384,1,5698,45
385,1,5864,45
386,1,5629,45
387,1,12307,45
388,1,494,50
389,1,14003,50
390,1,108189,60
391,1,22304,60
392,1,25044,50
393,1,872082,65
394,1,19281,55
395,1,30395,60
396,1,52178,60
397,1,1583,50
398,1,9283,45
399,1,26929,45
400,1,911117,45
401,1,1204,45
402,1,103396,55
403,1,47740,45
404,1,3347,45
405,1,177648,45
406,1,16061,45
407,1,6834,45
408,1,32501,50
409,1,46623,45
410,1,113838,45
411,1,23453,50
412,1,27371,50
413,1,63157,45
414,1,2371,65
415,1,79349,70
416,1,16169,45
417,1,973948,70
418,1,2216,55
419,1,118570,65
420,1,1133,50
421,1,24845,45
422,1,117293,40
423,1,94567,45
424,1,3755,50
425,1,59443,45
426,1,13736,45
427,1,234162,40
428,1,97934,40
429,1,5328,40
430,1,30913,45
431,1,7145,45
432,1,314441,65
433,1,633569,50
434,1,7490,55
435,1,40560,50
436,1,14398,45
437,1,129989,55
438,1,46942,50
439,1,68519,40
440,1,10711,45
441,1,20760,45
442,1,3994,40
443,1,6259,45
444,1,9466,50
445,1,232427,45
446,1,5736,50
447,1,239569,50
448,1,20765,45
449,1,6033,45
450,1,90529,50
451,1,53733,45
452,1,12989,45
453,1,48425,70
454,1,301531,45
455,1,16146,45
456,1,95248,55
457,1,11225,45
458,1,115700,50
459,1,396333,50
460,1,14289,45
461,1,13149,45
462,1,360763,75
463,1,29273,50
464,1,16348,45
465,1,183158,70
466,1,2595,50
467,1,4968,45
468,1,629624,55
469,1,1626,55
470,1,11104,55
471,1,2723,50
472,1,47395,60
473,1,1514,45
474,1,13175,45
475,1,87926,55
476,1,76058,70
477,1,9165,45
478,1,316359,60
479,1,6036,45
480,1,294873,65
481,1,30210,50
482,1,17090,50
483,1,29970,45
484,1,141155,50
485,1,7630,45
486,1,41672,60
487,1,15496,50
488,1,7032,60
489,1,8221,55
490,1,195781,45
491,1,17262,50
492,1,9921,55
493,1,73303,60
494,1,15473,45
495,1,7173,60
496,1,7919,55
497,1,997,50
498,1,120895,55
499,1,56369,60
500,1,34187,55
501,1,2899,50
502,1,11442,65
503,1,8245,45
504,1,2384,45
505,1,23777,60
506,1,102500,55
507,1,20094,60
508,1,17237,55
509,1,11256,45
510,1,8061,50
511,1,37692,45
512,1,6826,45
513,1,21756,55
514,1,904,60
515,1,3574,50
516,1,10427,45
517,1,3648,45
518,1,15025,45
519,1,23562,45
520,1,0,50
521,1,0,45
522,1,0,40
523,1,0,45
524,1,0,45
525,1,0,40
1,2,90038,50
2,2,107349,50
3,2,6682,55
4,2,708875,55
5,2,36147,55
6,2,34584,45
7,2,70396,55
8,2,24101,50
9,2,93666,45
10,2,10573,50
11,2,117269,50
12,2,120917,55
13,2,235965,85
14,2,66721,75
15,2,34141,55
16,2,131230,45
17,2,204578,55
18,2,589659,70
19,2,38393,45
20,2,26878,45
21,2,23931,65
22,2,187776,95
23,2,903963,110
24,2,250753,45
25,2,367268,40
26,2,26400,45
27,2,81485,45
28,2,846641,45
29,2,35599,45
30,2,10432,45
31,2,219921,50
32,2,284137,40
33,2,14972,50
34,2,34413,45
35,2,19664,50
36,2,2688,60
37,2,7001,50
38,2,24507,54
39,2,15194,50
40,2,131407,55
41,2,2967,45
42,2,5202,50
43,2,377319,60
44,2,16089,50
45,2,361077,65
46,2,44329,60
47,2,250087,45
48,2,145429,45
49,2,142581,45
50,2,11805,45
51,2,8613,45
52,2,400236,40
53,2,117693,40
54,2,7288,45
55,2,23050,55
56,2,515574,45
57,2,5542,45
58,2,3689,50
59,2,296226,69
60,2,8494,50
61,2,7934,60
62,2,35652,65
63,2,11069,50
64,2,21835,45
65,2,6710,55
66,2,4015,50
67,2,6992,50
68,2,18717,50
69,2,49370,50
70,2,279703,50
71,2,132185,50
72,2,494101,50
73,2,38799,45
74,2,13632,45
75,2,10261,45
76,2,96285,60
77,2,773,55
78,2,10653,55
79,2,1733,55
80,2,51115,45
81,2,3480,50
82,2,54517,50
83,2,21092,50
84,2,55272,55
85,2,45907,60
86,2,114214,45
87,2,30282,65
88,2,17141,45
89,2,6607,45
90,2,29547,50
91,2,38673,45
92,2,5565,45
93,2,74000,40
94,2,9413,45
95,2,211259,40
96,2,47359,40
97,2,1531,40
98,2,16072,50
99,2,19405,55
100,2,3724,50
101,2,8254,55
102,2,52659,45
103,2,11120,45
104,2,3187,45
105,2,16695,45
106,2,12486,50
107,2,29071,50
108,2,13153,45
109,2,76462,45
110,2,36871,55
111,2,46583,55
112,2,8423,50
113,2,779796,65
114,2,62118,55
115,2,950830,65
116,2,213082,55
117,2,189842,60
118,2,165355,60
119,2,50131,54
120,2,13431,54
121,2,8819,55
122,2,602757,105
123,2,42825,64
124,2,481292,75
125,2,167882,65
126,2,1138893,50
127,2,26353,60
128,2,9817,50
129,2,10102,49
130,2,3504,45
131,2,103408,45
132,2,53230,55
133,2,170450,80
134,2,145740,90
135,2,110567,45
136,2,725012,40
137,2,11333,45
138,2,417659,45
139,2,756,45
140,2,381163,40
141,2,124187,45
142,2,304696,55
143,2,83156,50
144,2,4440,45
145,2,1110097,41
146,2,39077,45
147,2,78927,50
148,2,1543,50
149,2,106800,60
150,2,414619,65
151,2,1627320,70
152,2,64876,65
153,2,15430,50
154,2,1024880,50
155,2,236986,40
156,2,90575,55
157,2,151610,55
158,2,65137,45
159,2,5417,45
160,2,5373,45
161,2,11468,45
162,2,144436,50
163,2,8454,45
164,2,100102,65
165,2,14559,59
166,2,1313,45
167,2,137872,45
168,2,29029,50
169,2,11011,55
170,2,10536,54
171,2,612,60
172,2,100191,75
173,2,1377,50
174,2,3139,45
175,2,58211,55
176,2,43511,55
177,2,356496,70
178,2,13315,45
179,2,91071,40
180,2,16150,45
181,2,8722,45
182,2,138679,50
183,2,20589,45
184,2,415133,65
185,2,7390,55
186,2,7878,45
187,2,5330,45
188,2,20412,45
189,2,542350,45
190,2,217613,40
191,2,93993,45
192,2,147672,45
193,2,9470,45
194,2,5091,45
195,2,415020,45
196,2,190426,40
197,2,4660,45
198,2,12561,45
199,2,174495,55
200,2,3447,50
201,2,16363,45
202,2,8239,45
203,2,737,50
204,2,576,45
205,2,3461,45
206,2,3894,50
207,2,13651,49
208,2,7549,45
209,2,266913,45
210,2,59774,55
211,2,12086,60
212,2,5473,50
213,2,277560,50
214,2,7021,45
215,2,85583,45
216,2,43668,45
217,2,19382,45
218,2,58134,40
219,2,27410,50
220,2,814141,55
221,2,90730,50
222,2,19070,50
223,2,273530,90
224,2,46145,54
225,2,65393,55
226,2,16665,45
227,2,39154,50
228,2,3993,50
229,2,1273,45
230,2,5682,45
231,2,15602,50
232,2,2772,49
233,2,67445,65
234,2,456773,90
235,2,64017,55
236,2,66677,60
237,2,8076,50
238,2,10433,50
239,2,207370,50
240,2,23454,45
241,2,24045,49
242,2,31448,50
243,2,3379,50
244,2,5838,45
245,2,858617,50
246,2,930992,60
247,2,876719,60
248,2,1998,65
249,2,62216,55
250,2,68008,70
251,2,1442654,97
252,2,37360,55
253,2,2799491,130
254,2,58848,55
255,2,45029,59
256,2,274042,75
257,2,1829586,95
258,2,100810,55
259,2,19118,50
260,2,977341,55
261,2,12750,50
262,2,588632,55
263,2,107144,55
264,2,362401,65
265,2,660273,65
266,2,43784,54
267,2,935514,61
268,2,88355,55
269,2,17704,55
270,2,185210,110
271,2,195589,84
272,2,330200,55
273,2,568873,99
274,2,93620,55
275,2,589522,95
276,2,622996,76
277,2,13440,50
278,2,3057,50
279,2,2297,50
280,2,1695641,110
281,2,127502,105
282,2,1516803,60
283,2,3248,50
284,2,126291,59
285,2,109622,54
286,2,533733,51
287,2,4596,50
288,2,34457,65
289,2,26541,50
290,2,691,50
291,2,211411,55
292,2,72019,50
293,2,95357,60
294,2,1797,55
295,2,437443,105
296,2,34458,50
297,2,131797,65
298,2,34174,50
299,2,6985,50
300,2,208433,69
301,2,35779,74
302,2,848774,81
303,2,41709,45
304,2,233342,60
305,2,544122,70
306,2,423457,110
307,2,16712,45
308,2,5136,45
309,2,22684,50
310,2,67349,45
311,2,15091,45
312,2,404049,50
313,2,12141,45
314,2,1179,45
315,2,8448,45
316,2,10731,40
317,2,64503,60
318,2,58096,55
319,2,5887,50
320,2,9137,55
321,2,2875,50
322,2,81,50
323,2,11116,45
324,2,11138,50
325,2,6544,60
326,2,144566,65
327,2,195889,50
328,2,131184,45
329,2,62318,45
330,2,354030,50
331,2,68617,45
332,2,372166,45
333,2,20251,45
334,2,68442,40
335,2,252476,40
336,2,24699,45
337,2,6956,50
338,2,22950,55
339,2,155043,45
340,2,22544,45
341,2,354,55
342,2,4953,45
343,2,26113,55
344,2,12024,50
345,2,11316,55
346,2,18895,65
347,2,88210,50
348,2,82895,60
349,2,17370,60
350,2,187,55
351,2,423812,55
352,2,5307,50
353,2,151472,60
354,2,65473,60
355,2,602322,60
356,2,411618,60
357,2,1124803,60
358,2,23877,45
359,2,146100,60
360,2,62638,60
361,2,91404,49
362,2,79455,50
363,2,3267,65
364,2,865331,95
365,2,381319,91
366,2,2190,50
367,2,149244,84
368,2,574,55
369,2,8496,50
370,2,111296,70
371,2,15477,59
372,2,1568866,125
373,2,23020,45
374,2,3958,45
375,2,10638,45
376,2,9081,45
377,2,8859,45
378,2,301093,46
379,2,4417,45
380,2,40340,45
381,2,32621,50
382,2,10139,45
383,2,21671,45
384,2,5223,45
385,2,5317,45
386,2,4975,45
387,2,11604,45
388,2,459,50
389,2,14167,50
390,2,102174,60
391,2,308049,61
392,2,25665,50
393,2,1252500,66
394,2,14628,55
395,2,31223,60
396,2,55874,60
397,2,1568,50
398,2,8065,45
399,2,27616,45
400,2,917321,45
401,2,1227,45
402,2,91333,55
403,2,50801,45
404,2,3014,45
405,2,163954,45
406,2,16476,45
407,2,7255,45
408,2,32950,50
409,2,43284,45
410,2,118355,45
411,2,23748,50
412,2,24646,50
413,2,59664,45
414,2,2097,65
415,2,77123,70
416,2,12412,45
417,2,1024707,70
418,2,2314,55
419,2,120170,65
420,2,1411,50
421,2,23967,45
422,2,125984,40
423,2,90249,45
424,2,2395,50
425,2,57271,45
426,2,12124,45
427,2,319876,40
428,2,96238,40
429,2,4880,40
430,2,30949,45
431,2,7219,45
432,2,294092,65
433,2,1166668,51
434,2,4996,55
435,2,37377,50
436,2,13183,45
437,2,267211,55
438,2,44460,50
439,2,76488,40
440,2,10279,45
441,2,19552,45
442,2,3515,40
443,2,6924,45
444,2,7083,50
445,2,254232,45
446,2,5270,50
447,2,238782,50
448,2,20569,45
449,2,5263,45
450,2,93840,50
451,2,81273,45
452,2,12587,45
453,2,48098,70
454,2,313230,45
455,2,15661,45
456,2,87140,55
457,2,11403,45
458,2,127727,50
459,2,679528,51
460,2,14640,45
461,2,10295,45
462,2,280921,74
463,2,32384,50
464,2,17317,45
465,2,178346,70
466,2,2518,50
467,2,4744,45
468,2,735029,55
469,2,1075,55
470,2,12598,55
471,2,2316,50
472,2,76130,60
473,2,1378,45
474,2,15721,45
475,2,80655,55
476,2,68482,70
477,2,8832,45
478,2,274682,60
479,2,5697,45
480,2,289024,65
481,2,31212,50
482,2,15454,50
483,2,29201,45
484,2,132899,50
485,2,8177,45
486,2,28028,60
487,2,12010,50
488,2,6772,60
489,2,8316,55
490,2,297859,45
491,2,16881,50
492,2,10137,55
493,2,78716,60
494,2,14080,45
495,2,5159,60
496,2,8175,55
497,2,1038,50
498,2,191526,55
499,2,56613,60
500,2,25168,55
501,2,3122,50
502,2,12308,65
503,2,8951,45
504,2,3114,45
505,2,20393,60
506,2,87199,55
507,2,15417,60
508,2,16652,55
509,2,13301,45
510,2,7896,50
511,2,40301,45
512,2,7130,45
513,2,24733,55
514,2,699,60
515,2,3569,50
516,2,11094,45
517,2,4140,45
518,2,18248,45
519,2,26426,45
520,2,450,50
521,2,3072,45
522,2,5789,40
523,2,4817,45
524,2,25782,45
525,2,6698,40
526,2,1194,50
527,2,0,45
1,3,107301,50
2,3,92305,49
3,3,6226,55
4,3,654173,55
5,3,46967,55
6,3,31627,45
7,3,64320,55
8,3,19874,49
9,3,87095,45
10,3,9312,49
11,3,95453,49
12,3,109545,54
13,3,201485,84
14,3,58474,74
15,3,78035,55
16,3,126971,44
17,3,164968,54
18,3,1046367,71
19,3,37211,45
20,3,20852,45
21,3,24807,65
22,3,142551,94
23,3,865202,110
24,3,260020,45
25,3,363260,40
26,3,24375,45
27,3,453992,46
28,3,770035,45
29,3,40754,45
30,3,9555,45
31,3,218380,50
32,3,278284,40
33,3,14612,50
34,3,31874,45
35,3,17896,50
36,3,2448,60
37,3,6610,50
38,3,19603,53
39,3,14488,49
40,3,274331,56
41,3,2582,45
42,3,8136,50
43,3,661172,61
44,3,15240,50
45,3,243306,64
46,3,37807,59
47,3,232025,45
48,3,111976,45
49,3,152219,45
50,3,9283,45
51,3,8857,45
52,3,369588,40
53,3,109828,40
54,3,7304,44
55,3,24959,55
56,3,470773,45
57,3,5462,45
58,3,6614,50
59,3,281894,69
60,3,8007,50
61,3,6412,59
62,3,41189,65
63,3,9446,49
64,3,21425,45
65,3,6677,55
66,3,3465,50
67,3,6946,50
68,3,16020,50
69,3,43502,50
70,3,253513,50
71,3,114879,50
72,3,533182,50
73,3,33406,44
74,3,13163,45
75,3,9196,45
76,3,90890,60
77,3,638,55
78,3,10150,55
79,3,1385,55
80,3,79027,45
81,3,3125,49
82,3,47790,50
83,3,20589,50
84,3,47931,55
85,3,35729,59
86,3,108185,45
87,3,26793,65
88,3,216003,45
89,3,5968,45
90,3,29243,50
91,3,40714,45
92,3,6623,45
93,3,67600,40
94,3,28775,45
95,3,185045,40
96,3,44373,40
97,3,1468,40
98,3,14013,49
99,3,13240,54
100,3,3169,50
101,3,6738,54
102,3,42414,45
103,3,9613,45
104,3,2913,45
105,3,15008,45
106,3,12063,50
107,3,31149,49
108,3,11810,45
109,3,71409,45
110,3,29017,55
111,3,40340,55
112,3,7853,49
113,3,737759,65
114,3,51548,54
115,3,1530646,66
116,3,212291,55
117,3,147096,59
118,3,157143,60
119,3,38570,53
120,3,11074,53
121,3,7662,54
122,3,680315,105
123,3,31214,64
124,3,424725,75
125,3,472176,66
126,3,1227896,50
127,3,26060,60
128,3,8970,49
129,3,7035,49
130,3,3301,45
131,3,96087,44
132,3,43860,54
133,3,143336,79
134,3,254777,90
135,3,148738,45
136,3,690635,40
137,3,10149,44
138,3,389862,45
139,3,686,45
140,3,356170,40
141,3,222526,45
142,3,307991,55
143,3,86968,50
144,3,4174,45
145,3,1108869,41
146,3,35676,45
147,3,70836,50
148,3,1202,50
149,3,97775,60
150,3,347954,64
151,3,1685398,70
152,3,63397,65
153,3,14998,50
154,3,989856,50
155,3,234167,40
156,3,83588,55
157,3,130081,55
158,3,52941,44
159,3,4497,45
160,3,8162,45
161,3,10424,44
162,3,139195,50
163,3,5418,45
164,3,199403,65
165,3,12076,58
166,3,1230,45
167,3,128263,45
168,3,27141,50
169,3,10266,54
170,3,8292,53
171,3,528,60
172,3,79811,74
173,3,922,50
174,3,3036,45
175,3,48981,54
176,3,36730,54
177,3,299207,70
178,3,11888,45
179,3,90547,40
180,3,12311,44
181,3,8000,45
182,3,122864,49
183,3,18118,45
184,3,386798,64
185,3,6237,54
186,3,7758,44
187,3,4771,45
188,3,19359,44
189,3,623975,45
190,3,350586,40
191,3,83192,45
192,3,131277,45
193,3,9519,45
194,3,4921,45
195,3,308572,45
196,3,161037,40
197,3,5421,45
198,3,11919,45
199,3,150635,54
200,3,3010,49
201,3,13653,45
202,3,10197,45
203,3,625,50
204,3,585,45
205,3,3483,45
206,3,4258,50
207,3,11935,49
208,3,6927,45
209,3,239669,45
210,3,51129,54
211,3,18574,60
212,3,5051,50
213,3,303309,50
214,3,6778,45
215,3,73766,45
216,3,38491,44
217,3,17398,44
218,3,57013,40
219,3,37340,50
220,3,806091,55
221,3,303732,51
222,3,21022,50
223,3,182667,89
224,3,39074,54
225,3,62730,55
226,3,16622,45
227,3,39913,50
228,3,3530,49
229,3,1135,45
230,3,5298,45
231,3,14633,50
232,3,2490,49
233,3,129282,65
234,3,200096,89
235,3,44549,54
236,3,63685,60
237,3,7750,50
238,3,9657,49
239,3,150965,50
240,3,21173,44
241,3,20101,48
242,3,63475,50
243,3,3339,49
244,3,4718,44
245,3,908111,50
246,3,961887,60
247,3,1024109,60
248,3,1827,65
249,3,55445,54
250,3,60514,69
251,3,1943590,98
252,3,36427,55
253,3,2892383,130
254,3,171078,55
255,3,38053,58
256,3,264524,75
257,3,1645297,95
258,3,292660,56
259,3,17994,49
260,3,1175938,56
261,3,10354,50
262,3,602196,55
263,3,105962,55
264,3,250420,63
265,3,573316,65
266,3,33563,53
267,3,1620760,63
268,3,93856,55
269,3,15202,54
270,3,153960,110
271,3,341793,84
272,3,295719,55
273,3,269596,98
274,3,96966,55
275,3,408320,94
276,3,597219,76
277,3,11612,49
278,3,2847,49
279,3,2099,49
280,3,2483867,112
281,3,137501,105
282,3,1368689,60
283,3,2995,50
284,3,96677,58
285,3,73109,53
286,3,492265,51
287,3,4040,50
288,3,29762,65
289,3,18611,49
290,3,632,50
291,3,177772,55
292,3,63220,50
293,3,88745,59
294,3,1612,55
295,3,176139,103
296,3,30155,50
297,3,101920,65
298,3,37450,50
299,3,7436,50
300,3,182285,69
301,3,29171,73
302,3,974952,82
303,3,38170,45
304,3,180309,59
305,3,446770,69
306,3,400373,110
307,3,15496,45
308,3,4919,45
309,3,23717,50
310,3,53395,45
311,3,17978,45
312,3,388859,50
313,3,14446,45
314,3,1022,45
315,3,6623,44
316,3,9563,40
317,3,54963,60
318,3,56478,55
319,3,6011,50
320,3,7348,54
321,3,2733,49
322,3,73,50
323,3,8517,45
324,3,9186,49
325,3,5047,60
326,3,117082,64
327,3,215121,50
328,3,157533,45
329,3,55939,45
330,3,316577,50
331,3,56003,44
332,3,322942,45
333,3,20386,45
334,3,66213,40
335,3,219047,40
336,3,22946,45
337,3,5843,49
338,3,20428,54
339,3,144791,45
340,3,20345,45
341,3,312,55
342,3,4051,45
343,3,23776,55
344,3,18504,50
345,3,9782,54
346,3,12622,64
347,3,81013,50
348,3,63580,59
349,3,14601,59
350,3,170,55
351,3,394159,55
352,3,5066,49
353,3,143063,59
354,3,56283,59
355,3,570412,60
356,3,315502,59
357,3,1281163,60
358,3,22164,44
359,3,133867,60
360,3,50615,60
361,3,93090,49
362,3,73887,49
363,3,5263,65
364,3,628649,94
365,3,392509,91
366,3,1846,50
367,3,95475,83
368,3,765,55
369,3,7322,50
370,3,119592,70
371,3,13758,58
372,3,1469034,125
373,3,21757,45
374,3,3850,45
375,3,9686,44
376,3,12134,45
377,3,7717,44
378,3,353360,46
379,3,3854,44
380,3,41629,45
381,3,31860,50
382,3,8785,44
383,3,19567,44
384,3,4658,44
385,3,4734,44
386,3,4286,44
387,3,10385,45
388,3,422,50
389,3,13446,50
390,3,101619,60
391,3,388156,61
392,3,66031,50
393,3,2072219,68
394,3,11323,54
395,3,38575,60
396,3,209117,60
397,3,1471,50
398,3,7280,45
399,3,25848,45
400,3,849431,45
401,3,1125,45
402,3,69306,54
403,3,43603,45
404,3,2255,45
405,3,142110,44
406,3,14374,45
407,3,6716,45
408,3,25381,49
409,3,35248,44
410,3,116309,45
411,3,19461,50
412,3,21775,49
413,3,53100,45
414,3,1803,65
415,3,65056,69
416,3,9671,45
417,3,1043371,70
418,3,2152,55
419,3,117891,65
420,3,1106,50
421,3,22022,45
422,3,125695,40
423,3,76035,45
424,3,1886,50
425,3,40451,44
426,3,10130,44
427,3,371884,40
428,3,90856,40
429,3,4499,40
430,3,27727,45
431,3,6349,45
432,3,170487,63
433,3,1194498,51
434,3,3211,54
435,3,30519,49
436,3,11926,45
437,3,258757,55
438,3,37612,49
439,3,78756,40
440,3,8737,44
441,3,18558,45
442,3,3274,40
443,3,6373,45
444,3,6028,50
445,3,258899,45
446,3,4704,49
447,3,201997,49
448,3,18745,45
449,3,4812,45
450,3,82724,49
451,3,166086,45
452,3,11610,45
453,3,37967,69
454,3,288214,45
455,3,16488,45
456,3,75669,54
457,3,11054,45
458,3,87566,50
459,3,762023,51
460,3,13302,45
461,3,8015,45
462,3,192336,73
463,3,25543,49
464,3,15152,45
465,3,131561,69
466,3,2189,50
467,3,4161,44
468,3,864902,55
469,3,874,55
470,3,11926,54
471,3,2072,49
472,3,70189,60
473,3,1209,45
474,3,22278,45
475,3,67859,54
476,3,57009,69
477,3,8237,45
478,3,195479,59
479,3,4966,44
480,3,341378,65
481,3,25653,49
482,3,11932,49
483,3,25134,45
484,3,96530,49
485,3,7808,45
486,3,23030,59
487,3,9949,50
488,3,5523,59
489,3,7658,55
490,3,318842,45
491,3,13569,50
492,3,7309,54
493,3,58021,60
494,3,12466,45
495,3,3897,60
496,3,6956,55
497,3,969,50
498,3,208141,55
499,3,53872,60
500,3,22411,55
501,3,2871,50
502,3,9948,65
503,3,9459,45
504,3,4392,45
505,3,16440,60
506,3,60894,55
507,3,10380,60
508,3,10199,55
509,3,12172,45
510,3,8218,50
511,3,40001,45
512,3,8083,45
513,3,19900,55
514,3,733,60
515,3,2657,50
516,3,9618,45
517,3,3992,45
518,3,17679,45
519,3,23638,45
520,3,594,50
521,3,4001,45
522,3,179936,40
523,3,5362,45
524,3,43873,45
525,3,12253,40
526,3,3383,50
527,3,37000,45
528,3,0,45
529,3,0,45
530,3,0,40
531,3,0,45
1,4,123566,50
2,4,82858,49
3,4,6016,55
4,4,671467,55
5,4,105115,55
6,4,29855,44
7,4,62683,54
8,4,17901,49
9,4,79929,45
10,4,8291,49
11,4,79486,48
12,4,100104,54
13,4,159335,83
14,4,61047,74
15,4,101512,55
16,4,129719,44
17,4,150275,54
18,4,1129838,72
19,4,38720,44
20,4,19669,44
21,4,34461,65
22,4,132534,94
23,4,744360,109
24,4,255193,45
25,4,370070,40
26,4,21993,45
27,4,485539,46
28,4,698135,45
29,4,34980,45
30,4,8912,44
31,4,251310,50
32,4,268175,40
33,4,14231,50
34,4,29842,44
35,4,16104,50
36,4,2375,60
37,4,6382,50
38,4,17646,53
39,4,13574,49
40,4,293372,56
41,4,2490,45
42,4,8172,50
43,4,795956,62
44,4,13765,50
45,4,226895,64
46,4,33018,58
47,4,237187,45
48,4,92382,44
49,4,164905,45
50,4,8046,44
51,4,9890,45
52,4,345355,40
53,4,103281,40
54,4,8455,44
55,4,29257,55
56,4,450526,45
57,4,5279,45
58,4,9134,50
59,4,284233,69
60,4,7993,50
61,4,5558,59
62,4,50462,65
63,4,8059,49
64,4,21738,45
65,4,6613,54
66,4,3075,50
67,4,6809,50
68,4,14532,49
69,4,35801,49
70,4,226198,50
71,4,98710,50
72,4,546154,50
73,4,29181,44
74,4,12496,45
75,4,8416,44
76,4,59698,60
77,4,594,54
78,4,12242,55
79,4,1240,54
80,4,108517,45
81,4,2787,49
82,4,43295,49
83,4,19862,50
84,4,42133,54
85,4,28768,58
86,4,97740,45
87,4,22548,65
88,4,339649,46
89,4,6032,44
90,4,28218,50
91,4,62330,45
92,4,8578,45
93,4,62677,40
94,4,37669,45
95,4,162006,40
96,4,41877,40
97,4,1457,40
98,4,16171,49
99,4,9939,53
100,4,2337,49
101,4,6112,54
102,4,37138,44
103,4,10293,44
104,4,2926,44
105,4,14361,45
106,4,11803,49
107,4,29108,49
108,4,11141,45
109,4,68676,45
110,4,23324,54
111,4,36578,55
112,4,7599,49
113,4,692596,65
114,4,45519,53
115,4,1938564,67
116,4,209145,55
117,4,126141,58
118,4,154832,60
119,4,33401,52
120,4,9897,53
121,4,7092,54
122,4,848251,106
123,4,26544,63
124,4,350334,74
125,4,637614,67
126,4,1243573,50
127,4,23266,59
128,4,8398,49
129,4,5915,49
130,4,3235,44
131,4,84837,44
132,4,37876,54
133,4,129477,79
134,4,245949,90
135,4,191464,45
136,4,673438,40
137,4,9620,44
138,4,314755,45
139,4,651,45
140,4,345910,40
141,4,253343,45
142,4,297381,55
143,4,90614,50
144,4,3958,44
145,4,1249902,41
146,4,34047,44
147,4,68384,49
148,4,1058,50
149,4,95599,59
150,4,306296,64
151,4,1803698,71
152,4,61222,65
153,4,15394,50
154,4,968530,50
155,4,236099,40
156,4,82166,55
157,4,121745,54
158,4,46007,44
159,4,3980,45
160,4,15462,45
161,4,9600,44
162,4,91833,50
163,4,4388,45
164,4,987895,68
165,4,8591,58
166,4,1149,45
167,4,121415,45
168,4,23800,49
169,4,10013,54
170,4,6914,53
171,4,482,60
172,4,83787,74
173,4,767,50
174,4,2899,45
175,4,43062,54
176,4,30319,53
177,4,300530,70
178,4,11601,44
179,4,93512,40
180,4,10235,44
181,4,7827,45
182,4,103184,49
183,4,17735,45
184,4,321174,64
185,4,5417,54
186,4,7066,44
187,4,5030,44
188,4,21347,44
189,4,601583,45
190,4,376955,40
191,4,87345,45
192,4,132527,45
193,4,8396,45
194,4,4717,44
195,4,296504,45
196,4,142863,40
197,4,5436,45
198,4,12388,45
199,4,136948,54
200,4,2954,49
201,4,11398,45
202,4,17461,45
203,4,561,50
204,4,791,45
205,4,3287,45
206,4,3633,50
207,4,10138,48
208,4,6557,44
209,4,219302,45
210,4,43408,54
211,4,15755,60
212,4,4821,49
213,4,307235,50
214,4,6647,45
215,4,70738,45
216,4,34833,44
217,4,15906,44
218,4,54626,40
219,4,36442,50
220,4,860442,55
221,4,295502,51
222,4,19444,50
223,4,128559,88
224,4,36322,53
225,4,100021,55
226,4,16875,45
227,4,38549,50
228,4,3235,49
229,4,1074,45
230,4,5222,44
231,4,13383,50
232,4,2430,48
233,4,127757,65
234,4,159681,89
235,4,42702,54
236,4,60845,60
237,4,7518,49
238,4,7771,49
239,4,124701,50
240,4,19066,44
241,4,17879,48
242,4,127360,50
243,4,3970,49
244,4,4077,44
245,4,932919,50
246,4,1009383,60
247,4,1178533,61
248,4,1779,65
249,4,49742,54
250,4,55083,69
251,4,2044583,99
252,4,37067,55
253,4,2995784,130
254,4,245784,56
255,4,32381,57
256,4,241132,75
257,4,1512854,95
258,4,263075,56
259,4,16992,49
260,4,1249525,56
261,4,8970,49
262,4,508740,55
263,4,105616,54
264,4,197575,62
265,4,550154,65
266,4,28352,52
267,4,1880737,64
268,4,170654,55
269,4,13552,54
270,4,138893,110
271,4,371692,85
272,4,273879,54
273,4,224754,98
274,4,188993,55
275,4,284356,93
276,4,538527,76
277,4,9775,48
278,4,2692,49
279,4,1938,49
280,4,2723468,113
281,4,122215,104
282,4,1253851,60
283,4,2818,50
284,4,88115,58
285,4,51840,52
286,4,495063,51
287,4,3636,49
288,4,31985,65
289,4,15480,48
290,4,589,50
291,4,149447,54
292,4,54860,49
293,4,79094,59
294,4,1493,54
295,4,141199,102
296,4,32342,50
297,4,83042,64
298,4,36358,50
299,4,7921,50
300,4,177382,68
301,4,26128,73
302,4,961415,82
303,4,40006,44
304,4,159503,59
305,4,370966,68
306,4,373920,110
307,4,14735,45
308,4,4821,45
309,4,23694,50
310,4,52246,45
311,4,17708,45
312,4,322549,49
313,4,14124,45
314,4,929,45
315,4,5798,44
316,4,8916,40
317,4,42198,60
318,4,42270,55
319,4,5883,50
320,4,6395,54
321,4,2965,49
322,4,71,50
323,4,7529,45
324,4,8573,49
325,4,4299,60
326,4,94778,63
327,4,274099,50
328,4,172288,45
329,4,53169,44
330,4,318919,50
331,4,47741,44
332,4,289865,44
333,4,17647,45
334,4,61213,40
335,4,224670,39
336,4,21570,45
337,4,5175,49
338,4,17127,54
339,4,133352,45
340,4,21651,44
341,4,288,55
342,4,3383,45
343,4,22057,54
344,4,18955,50
345,4,8372,54
346,4,11847,64
347,4,81112,49
348,4,50475,58
349,4,12187,58
350,4,178,55
351,4,367563,55
352,4,5696,49
353,4,149821,59
354,4,52190,59
355,4,587243,60
356,4,259256,59
357,4,1322075,60
358,4,21037,44
359,4,120768,60
360,4,47109,59
361,4,94037,49
362,4,76050,49
363,4,4818,65
364,4,587080,94
365,4,398636,91
366,4,1689,49
367,4,78587,83
368,4,1000,55
369,4,6552,50
370,4,734301,72
371,4,13231,58
372,4,1569681,125
373,4,20888,45
374,4,3782,45
375,4,8925,44
376,4,12517,45
377,4,6897,44
378,4,549716,47
379,4,3152,44
380,4,39794,45
381,4,35491,50
382,4,7718,44
383,4,15721,44
384,4,4234,44
385,4,4335,44
386,4,3824,44
387,4,9872,45
388,4,426,50
389,4,20760,50
390,4,93812,60
391,4,699117,62
392,4,75856,50
393,4,871145,67
394,4,9656,54
395,4,35602,60
396,4,206933,60
397,4,1793,50
398,4,6824,45
399,4,24636,45
400,4,838848,45
401,4,1060,45
402,4,57685,53
403,4,38993,44
404,4,1927,45
405,4,125414,44
406,4,13171,44
407,4,6367,44
408,4,22900,49
409,4,33025,44
410,4,123896,45
411,4,15675,49
412,4,19162,49
413,4,52377,44
414,4,1692,64
415,4,59005,69
416,4,8265,45
417,4,980692,70
418,4,2096,55
419,4,105324,64
420,4,1004,50
421,4,20824,45
422,4,129098,40
423,4,93280,45
424,4,1669,50
425,4,39336,44
426,4,8897,44
427,4,441242,40
428,4,84726,40
429,4,4261,40
430,4,26936,45
431,4,6128,44
432,4,145704,63
433,4,1332718,52
434,4,2413,54
435,4,34303,49
436,4,12624,44
437,4,278509,55
438,4,32629,49
439,4,83393,40
440,4,7765,44
441,4,18647,44
442,4,3120,40
443,4,5379,44
444,4,5320,50
445,4,257831,45
446,4,4445,49
447,4,181634,49
448,4,19844,44
449,4,4534,45
450,4,76098,49
451,4,185112,45
452,4,11033,44
453,4,34440,69
454,4,295411,45
455,4,15847,45
456,4,113712,54
457,4,10691,45
458,4,79467,50
459,4,811451,51
460,4,11937,44
461,4,7107,45
462,4,142246,72
463,4,23951,49
464,4,14837,45
465,4,140038,69
466,4,2273,50
467,4,3781,44
468,4,1022258,56
469,4,779,55
470,4,10695,54
471,4,2010,49
472,4,60471,59
473,4,1311,45
474,4,20896,45
475,4,82449,54
476,4,52110,69
477,4,10106,44
478,4,208032,59
479,4,4509,44
480,4,789475,66
481,4,21276,49
482,4,10944,49
483,4,23042,44
484,4,79186,48
485,4,7594,45
486,4,22619,59
487,4,9191,50
488,4,4745,59
489,4,8301,55
490,4,315661,45
491,4,11748,49
492,4,6152,53
493,4,50437,59
494,4,12436,45
495,4,3442,60
496,4,6152,54
497,4,931,50
498,4,223013,55
499,4,55153,60
500,4,22476,55
501,4,2690,50
502,4,8646,64
503,4,11114,45
504,4,6359,45
505,4,13712,59
506,4,49019,55
507,4,9131,60
508,4,7957,55
509,4,11421,45
510,4,7986,50
511,4,39517,45
512,4,7732,45
513,4,41932,55
514,4,835,60
515,4,2248,50
516,4,9030,45
517,4,3799,45
518,4,18878,45
519,4,20940,45
520,4,709,50
521,4,3967,45
522,4,196505,40
523,4,5149,45
524,4,63285,45
525,4,14154,40
526,4,6371,50
527,4,52385,45
528,4,159,45
529,4,339,45
530,4,2952,40
531,4,190,45
532,4,0,40
533,4,0,40
534,4,0,45
535,4,0,45
536,4,0,45
537,4,0,40
1,5,123310,50
2,5,77555,48
3,5,5961,55
4,5,609539,54
5,5,106453,55
6,5,28592,44
7,5,70029,54
8,5,16607,49
9,5,71301,44
10,5,7851,48
11,5,69989,48
12,5,91179,53
13,5,149837,83
14,5,67200,74
15,5,79017,55
16,5,127820,44
17,5,147561,53
18,5,967119,72
19,5,33462,44
20,5,17990,44
21,5,37421,65
22,5,216426,94
23,5,698556,109
24,5,261224,45
25,5,372101,40
26,5,21405,44
27,5,539921,46
28,5,528445,44
29,5,34355,45
30,5,8468,44
31,5,259268,50
32,5,255618,40
33,5,13997,50
34,5,26422,44
35,5,14737,49
36,5,2412,60
37,5,6521,50
38,5,16696,52
39,5,12712,49
40,5,298440,56
41,5,2486,45
42,5,7808,50
43,5,1037008,63
44,5,13862,50
45,5,202081,63
46,5,30743,58
47,5,224788,45
48,5,85938,44
49,5,154147,45
50,5,7271,44
51,5,9494,45
52,5,329106,39
53,5,103830,39
54,5,7633,44
55,5,36184,55
56,5,412904,45
57,5,5676,44
58,5,9541,50
59,5,213575,68
60,5,7593,49
61,5,5079,59
62,5,122610,65
63,5,6681,49
64,5,21773,45
65,5,6372,54
66,5,2852,50
67,5,6730,49
68,5,13491,49
69,5,29578,49
70,5,197286,50
71,5,80872,49
72,5,523737,50
73,5,26658,43
74,5,12122,44
75,5,7952,44
76,5,46723,59
77,5,581,54
78,5,12998,55
79,5,1113,54
80,5,106635,45
81,5,2369,49
82,5,39479,49
83,5,20377,50
84,5,37947,54
85,5,24448,58
86,5,84780,45
87,5,20820,64
88,5,424594,46
89,5,6037,44
90,5,27187,50
91,5,59021,45
92,5,8666,45
93,5,70306,39
94,5,53186,45
95,5,141679,39
96,5,41124,39
97,5,1393,40
98,5,14574,49
99,5,8718,53
100,5,1826,49
101,5,5380,53
102,5,32064,44
103,5,8865,44
104,5,3253,44
105,5,25742,45
106,5,9223,49
107,5,26244,49
108,5,10430,45
109,5,70836,45
110,5,20064,54
111,5,34385,55
112,5,7426,49
113,5,669734,64
114,5,41663,53
115,5,2354495,68
116,5,230514,55
117,5,113258,58
118,5,158381,60
119,5,30246,52
120,5,9089,52
121,5,6594,53
122,5,1277626,107
123,5,23935,63
124,5,320690,74
125,5,1017153,68
126,5,1213538,50
127,5,20177,58
128,5,8068,48
129,5,5346,49
130,5,3357,44
131,5,76524,43
132,5,34283,53
133,5,129376,78
134,5,216165,90
135,5,253852,45
136,5,650540,40
137,5,8794,44
138,5,238638,44
139,5,601,45
140,5,335006,40
141,5,247937,45
142,5,266708,55
143,5,85338,50
144,5,3721,44
145,5,1302865,41
146,5,32376,44
147,5,65922,49
148,5,953,50
149,5,88687,59
150,5,266938,63
151,5,1285181,70
152,5,48778,65
153,5,15508,50
154,5,920463,50
155,5,231787,40
156,5,71443,54
157,5,78145,54
158,5,39537,44
159,5,3684,45
160,5,14805,45
161,5,9160,44
162,5,73579,49
163,5,3750,45
164,5,635103,67
165,5,7304,58
166,5,1102,45
167,5,121166,45
168,5,19208,49
169,5,9729,54
170,5,6785,52
171,5,463,60
172,5,81078,74
173,5,679,50
174,5,3005,44
175,5,53186,54
176,5,27705,53
177,5,268964,70
178,5,21240,44
179,5,94360,40
180,5,8684,44
181,5,7409,45
182,5,76651,49
183,5,18449,44
184,5,253130,63
185,5,4808,53
186,5,6465,44
187,5,4210,44
188,5,16471,44
189,5,561487,45
190,5,406351,40
191,5,84831,45
192,5,126168,44
193,5,8650,45
194,5,4634,44
195,5,272628,45
196,5,128125,40
197,5,5239,45
198,5,12018,45
199,5,126178,54
200,5,2908,49
201,5,10055,44
202,5,143835,45
203,5,517,50
204,5,956,45
205,5,3822,44
206,5,3240,49
207,5,8307,48
208,5,6408,44
209,5,221112,44
210,5,37816,53
211,5,15861,60
212,5,4917,49
213,5,316827,50
214,5,6461,45
215,5,68522,45
216,5,32158,43
217,5,14805,43
218,5,52150,40
219,5,40797,50
220,5,860758,55
221,5,290322,51
222,5,17965,49
223,5,112258,87
224,5,34247,53
225,5,134277,55
226,5,16309,45
227,5,37839,50
228,5,3091,48
229,5,1059,45
230,5,5711,44
231,5,12704,49
232,5,2407,48
233,5,252800,66
234,5,194378,89
235,5,41439,54
236,5,55157,59
237,5,7222,49
238,5,6801,49
239,5,106653,49
240,5,17896,43
241,5,16620,47
242,5,159663,50
243,5,4367,49
244,5,3493,44
245,5,873976,50
246,5,966526,60
247,5,1308899,61
248,5,1781,65
249,5,47664,53
250,5,49078,69
251,5,2326567,100
252,5,36679,55
253,5,2754458,130
254,5,349391,56
255,5,29512,57
256,5,204418,74
257,5,1427095,94
258,5,457662,56
259,5,16606,49
260,5,1277911,56
261,5,8301,49
262,5,475883,55
263,5,98562,54
264,5,173356,62
265,5,579893,65
266,5,25723,52
267,5,2114894,65
268,5,187676,55
269,5,12728,53
270,5,149088,110
271,5,421399,85
272,5,256461,54
273,5,205134,97
274,5,183084,55
275,5,208548,92
276,5,422554,75
277,5,8699,48
278,5,2678,49
279,5,1909,48
280,5,2946225,114
281,5,110659,104
282,5,1226516,59
283,5,2831,50
284,5,87614,58
285,5,39326,52
286,5,514037,51
287,5,3498,49
288,5,39031,65
289,5,13758,48
290,5,562,50
291,5,128648,53
292,5,57827,49
293,5,71969,58
294,5,1485,54
295,5,138196,102
296,5,39860,50
297,5,71031,63
298,5,35151,50
299,5,7914,50
300,5,188722,68
301,5,24703,72
302,5,945439,82
303,5,38504,44
304,5,136539,58
305,5,271597,68
306,5,469556,110
307,5,13987,44
308,5,4704,45
309,5,25220,50
310,5,57824,45
311,5,16876,45
312,5,298113,49
313,5,13428,45
314,5,889,44
315,5,5033,44
316,5,8293,40
317,5,32781,59
318,5,35650,54
319,5,6060,50
320,5,5896,53
321,5,2958,49
322,5,72,50
323,5,9068,44
324,5,8208,49
325,5,3856,60
326,5,83438,63
327,5,297506,50
328,5,264759,45
329,5,50209,44
330,5,340961,50
331,5,42693,43
332,5,335990,44
333,5,15391,45
334,5,51794,40
335,5,222683,39
336,5,22163,45
337,5,4822,48
338,5,14961,53
339,5,121939,45
340,5,81330,44
341,5,278,55
342,5,2995,45
343,5,23335,54
344,5,23641,50
345,5,7212,53
346,5,13026,64
347,5,68731,49
348,5,36641,57
349,5,10838,58
350,5,212,55
351,5,287581,55
352,5,6680,49
353,5,145591,59
354,5,51400,59
355,5,549964,60
356,5,215040,58
357,5,1388497,60
358,5,20119,44
359,5,112234,59
360,5,43347,59
361,5,87952,49
362,5,75633,49
363,5,4083,64
364,5,518988,93
365,5,286881,91
366,5,1967,49
367,5,82623,83
368,5,1248,55
369,5,5303,50
370,5,1116102,73
371,5,13361,58
372,5,1500027,125
373,5,20431,44
374,5,3858,45
375,5,8499,44
376,5,50681,45
377,5,6358,43
378,5,912164,48
379,5,2873,44
380,5,37129,45
381,5,35940,50
382,5,7289,43
383,5,13531,43
384,5,3933,43
385,5,4056,44
386,5,3490,43
387,5,9803,45
388,5,430,50
389,5,22435,50
390,5,86060,59
391,5,925487,63
392,5,87667,50
393,5,740355,66
394,5,8551,54
395,5,36098,60
396,5,330747,61
397,5,3124,50
398,5,6472,45
399,5,23555,44
400,5,785737,45
401,5,1025,45
402,5,51987,53
403,5,34463,44
404,5,1750,45
405,5,111501,43
406,5,12138,44
407,5,6074,44
408,5,20097,48
409,5,30498,44
410,5,109661,45
411,5,14392,49
412,5,17793,48
413,5,51962,44
414,5,1638,64
415,5,56866,69
416,5,7351,45
417,5,927762,70
418,5,2099,55
419,5,90038,64
420,5,934,50
421,5,19847,44
422,5,129993,40
423,5,132962,45
424,5,1495,50
425,5,53553,44
426,5,8153,43
427,5,546106,41
428,5,71849,40
429,5,4022,40
430,5,27868,45
431,5,5808,44
432,5,126661,62
433,5,1433675,52
434,5,1983,53
435,5,35249,49
436,5,11076,44
437,5,266088,55
438,5,40451,49
439,5,83466,40
440,5,6896,43
441,5,17149,44
442,5,2959,40
443,5,4829,44
444,5,4784,50
445,5,254147,45
446,5,4174,49
447,5,151294,49
448,5,20732,44
449,5,4340,45
450,5,78730,49
451,5,186551,45
452,5,10550,44
453,5,32008,68
454,5,339281,45
455,5,14013,44
456,5,211825,54
457,5,10447,44
458,5,72919,50
459,5,821557,52
460,5,10676,44
461,5,6790,45
462,5,122305,71
463,5,24085,49
464,5,13566,44
465,5,127016,69
466,5,2081,49
467,5,3468,43
468,5,1041515,56
469,5,723,55
470,5,8265,54
471,5,1778,49
472,5,53519,59
473,5,5098,45
474,5,18577,45
475,5,92097,54
476,5,48567,68
477,5,11550,44
478,5,284218,59
479,5,4610,44
480,5,1168832,68
481,5,18031,48
482,5,9887,48
483,5,34298,44
484,5,86608,48
485,5,7445,45
486,5,20376,59
487,5,8978,50
488,5,4213,58
489,5,7703,55
490,5,374502,45
491,5,9572,49
492,5,25150,53
493,5,51566,59
494,5,12762,45
495,5,3148,59
496,5,4762,54
497,5,925,49
498,5,279787,55
499,5,57818,60
500,5,45560,55
501,5,2084,50
502,5,7834,64
503,5,10565,45
504,5,21301,45
505,5,13812,59
506,5,40816,54
507,5,7067,59
508,5,6701,54
509,5,10767,45
510,5,7114,50
511,5,37544,45
512,5,7345,45
513,5,39698,55
514,5,956,60
515,5,2081,50
516,5,8725,45
517,5,3750,45
518,5,18433,45
519,5,21867,44
520,5,840,50
521,5,3962,45
522,5,188907,40
523,5,4997,45
524,5,77899,45
525,5,14802,40
526,5,7942,50
527,5,54370,45
528,5,228,45
529,5,585,45
530,5,3677,40
531,5,268,45
532,5,1454,40
533,5,3251,40
534,5,360,45
535,5,119,45
536,5,146,45
537,5,4388,40
1,6,124787,50
2,6,74131,48
3,6,5935,54
4,6,581867,54
5,6,110773,55
6,6,27951,44
7,6,71115,54
8,6,16113,49
9,6,65890,44
10,6,7652,48
11,6,64924,47
12,6,88907,53
13,6,168695,83
14,6,67228,74
15,6,64854,55
16,6,123906,44
17,6,176438,53
18,6,584370,71
19,6,31377,44
20,6,16727,44
21,6,38273,65
22,6,248909,94
23,6,637110,109
24,6,266485,45
25,6,368789,40
26,6,20431,44
27,6,553334,46
28,6,423075,44
29,6,45164,45
30,6,8127,44
31,6,261250,50
32,6,258241,39
33,6,12768,50
34,6,25094,44
35,6,12687,49
36,6,2461,60
37,6,6378,50
38,6,15644,52
39,6,12176,48
40,6,938301,58
41,6,2490,45
42,6,7807,50
43,6,1083823,63
44,6,14027,50
45,6,282597,63
46,6,29444,58
47,6,215137,45
48,6,81353,44
49,6,172459,45
50,6,7017,44
51,6,9242,45
52,6,319822,39
53,6,102586,39
54,6,7165,44
55,6,36043,55
56,6,383685,44
57,6,5476,44
58,6,8743,50
59,6,162248,68
60,6,7322,49
61,6,4868,59
62,6,124255,65
63,6,6096,49
64,6,21859,45
65,6,6236,54
66,6,2790,50
67,6,6679,49
68,6,12913,49
69,6,25420,48
70,6,180726,49
71,6,72057,49
72,6,498982,50
73,6,25131,43
74,6,12234,44
75,6,7770,44
76,6,44678,59
77,6,632,54
78,6,12607,55
79,6,1038,54
80,6,99142,45
81,6,2211,49
82,6,35579,49
83,6,19756,50
84,6,36187,53
85,6,22348,57
86,6,78527,45
87,6,18880,64
88,6,451120,46
89,6,5965,44
90,6,27310,50
91,6,73465,45
92,6,8292,45
93,6,68410,39
94,6,50485,45
95,6,130075,39
96,6,42766,39
97,6,1410,40
98,6,12993,49
99,6,7828,52
100,6,1610,48
101,6,4864,53
102,6,28168,44
103,6,7654,44
104,6,3172,44
105,6,30891,45
106,6,7667,48
107,6,23641,48
108,6,10007,45
109,6,71961,45
110,6,18852,53
111,6,33486,55
112,6,7322,48
113,6,641881,64
114,6,39799,52
115,6,2511720,69
116,6,226428,55
117,6,106428,57
118,6,154283,60
119,6,28771,51
120,6,9008,52
121,6,6065,53
122,6,1926510,109
123,6,23466,63
124,6,350234,74
125,6,704919,68
126,6,1140649,50
127,6,18944,58
128,6,7844,48
129,6,5104,49
130,6,3320,44
131,6,82157,43
132,6,31024,53
133,6,158576,78
134,6,145050,89
135,6,364076,46
136,6,632216,40
137,6,8251,43
138,6,238564,44
139,6,589,44
140,6,339145,39
141,6,223668,45
142,6,265053,55
143,6,94251,50
144,6,3572,44
145,6,1483934,42
146,6,30527,44
147,6,61676,49
148,6,920,50
149,6,81854,59
150,6,235022,63
151,6,1443588,70
152,6,38453,64
153,6,14245,49
154,6,846838,50
155,6,229225,40
156,6,61948,54
157,6,58816,53
158,6,36436,44
159,6,3534,45
160,6,13473,45
161,6,10629,43
162,6,67585,49
163,6,3481,45
164,6,498414,66
165,6,6885,58
166,6,1105,45
167,6,113668,45
168,6,18521,49
169,6,9003,53
170,6,6278,52
171,6,462,60
172,6,73927,74
173,6,637,50
174,6,2946,44
175,6,50328,54
176,6,25679,52
177,6,193245,69
178,6,29818,44
179,6,95273,40
180,6,7765,44
181,6,7318,45
182,6,60640,48
183,6,20423,44
184,6,219583,62
185,6,4539,53
186,6,6424,44
187,6,3815,44
188,6,14487,44
189,6,515049,45
190,6,437693,40
191,6,81992,45
192,6,121056,44
193,6,8392,44
194,6,4536,44
195,6,254037,45
196,6,119133,40
197,6,5060,45
198,6,11818,44
199,6,115165,53
200,6,2793,49
201,6,9829,44
202,6,158719,45
203,6,493,50
204,6,1027,45
205,6,3546,44
206,6,2859,49
207,6,7579,48
208,6,5929,44
209,6,218922,44
210,6,34022,53
211,6,13795,60
212,6,5229,49
213,6,313163,50
214,6,6380,44
215,6,55059,45
216,6,30801,43
217,6,14316,43
218,6,52302,39
219,6,48470,50
220,6,825535,55
221,6,305445,51
222,6,18065,49
223,6,95136,86
224,6,36113,53
225,6,129795,55
226,6,15436,45
227,6,36815,49
228,6,2975,48
229,6,1039,45
230,6,5540,44
231,6,12280,49
232,6,2318,48
233,6,434666,67
234,6,211645,89
235,6,39658,54
236,6,54526,59
237,6,7253,49
238,6,6440,49
239,6,98054,49
240,6,17373,43
241,6,16041,47
242,6,189946,51
243,6,4650,49
244,6,3246,44
245,6,956808,50
246,6,974407,60
247,6,1475126,62
248,6,1856,64
249,6,45493,53
250,6,45901,69
251,6,2415929,100
252,6,55271,55
253,6,2419608,130
254,6,393002,57
255,6,27965,56
256,6,184346,74
257,6,1451654,94
258,6,379114,57
259,6,16184,48
260,6,1347362,56
261,6,7988,49
262,6,425366,54
263,6,92021,53
264,6,177342,61
265,6,701399,65
266,6,24564,51
267,6,1548552,64
268,6,272750,56
269,6,20326,53
270,6,170997,110
271,6,516390,86
272,6,259304,54
273,6,198563,97
274,6,150205,55
275,6,232197,92
276,6,360294,75
277,6,8029,47
278,6,2680,48
279,6,1892,48
280,6,2867222,114
281,6,104915,103
282,6,1219217,59
283,6,2976,50
284,6,128042,58
285,6,35708,52
286,6,582557,51
287,6,3432,49
288,6,44857,65
289,6,12914,47
290,6,554,50
291,6,118098,53
292,6,64296,49
293,6,73071,58
294,6,2387,54
295,6,123878,102
296,6,33119,50
297,6,63099,63
298,6,56143,50
299,6,7051,50
300,6,186148,68
301,6,25296,72
302,6,963691,82
303,6,36600,44
304,6,116036,57
305,6,247817,67
306,6,650896,111
307,6,13496,44
308,6,4615,44
309,6,25283,50
310,6,59378,45
311,6,18823,45
312,6,268707,49
313,6,13107,45
314,6,862,44
315,6,4921,44
316,6,8008,40
317,6,31358,59
318,6,34258,54
319,6,5992,50
320,6,5516,53
321,6,3031,49
322,6,70,50
323,6,9126,44
324,6,7632,48
325,6,3693,60
326,6,76425,62
327,6,306555,50
328,6,245886,45
329,6,48170,44
330,6,318297,50
331,6,39373,43
332,6,315296,44
333,6,14075,44
334,6,47680,40
335,6,216271,39
336,6,20657,45
337,6,4533,48
338,6,13502,53
339,6,112067,44
340,6,176257,44
341,6,269,55
342,6,2766,45
343,6,20522,54
344,6,20936,50
345,6,6182,53
346,6,11670,64
347,6,72835,48
348,6,31155,57
349,6,10017,57
350,6,259,55
351,6,252407,54
352,6,10853,49
353,6,145048,59
354,6,52045,59
355,6,536775,60
356,6,184605,58
357,6,1477645,60
358,6,19733,43
359,6,104721,59
360,6,41296,59
361,6,85519,49
362,6,75073,49
363,6,8236,64
364,6,487212,93
365,6,222599,90
366,6,2198,49
367,6,91027,83
368,6,1471,55
369,6,4923,49
370,6,1286400,74
371,6,13318,57
372,6,1407972,124
373,6,20017,44
374,6,3871,45
375,6,8238,43
376,6,59448,45
377,6,6064,43
378,6,1111915,49
379,6,2831,44
380,6,36963,45
381,6,36153,50
382,6,6994,43
383,6,12551,43
384,6,3811,43
385,6,3894,43
386,6,3462,43
387,6,9417,45
388,6,433,50
389,6,22669,50
390,6,94126,59
391,6,940826,63
392,6,91433,50
393,6,941628,66
394,6,7778,54
395,6,54771,60
396,6,364157,61
397,6,3676,50
398,6,6275,45
399,6,22890,44
400,6,749696,45
401,6,1018,44
402,6,47881,53
403,6,32088,43
404,6,1663,45
405,6,106705,43
406,6,12117,44
407,6,5913,44
408,6,18025,48
409,6,29416,43
410,6,100819,45
411,6,14402,49
412,6,17728,48
413,6,56139,44
414,6,1612,64
415,6,54632,68
416,6,6863,45
417,6,829511,70
418,6,2128,54
419,6,76267,63
420,6,910,50
421,6,19079,44
422,6,129894,40
423,6,221351,45
424,6,1433,50
425,6,110337,44
426,6,7582,43
427,6,585640,41
428,6,65849,40
429,6,3923,40
430,6,28220,45
431,6,5519,44
432,6,103310,62
433,6,1340673,52
434,6,1780,53
435,6,34374,49
436,6,10174,44
437,6,289476,55
438,6,38106,49
439,6,82977,40
440,6,6397,43
441,6,16164,44
442,6,2872,40
443,6,4616,43
444,6,4477,50
445,6,257049,45
446,6,3897,48
447,6,113379,49
448,6,19966,44
449,6,4196,45
450,6,75549,49
451,6,174515,45
452,6,10173,44
453,6,48413,68
454,6,357959,45
455,6,13043,44
456,6,223970,54
457,6,10287,44
458,6,64470,50
459,6,741628,52
460,6,10202,44
461,6,6422,45
462,6,111845,71
463,6,22393,49
464,6,13149,44
465,6,117018,69
466,6,1929,49
467,6,3305,43
468,6,1071394,56
469,6,705,55
470,6,7558,54
471,6,1622,48
472,6,55573,58
473,6,5803,45
474,6,17296,45
475,6,85734,54
476,6,46650,68
477,6,10972,44
478,6,294773,59
479,6,4377,44
480,6,1377459,69
481,6,15916,48
482,6,9189,48
483,6,38260,44
484,6,84842,48
485,6,7313,45
486,6,17354,58
487,6,8906,50
488,6,3928,58
489,6,6937,54
490,6,412366,45
491,6,8218,49
492,6,22959,53
493,6,46204,59
494,6,12578,45
495,6,2939,59
496,6,4366,54
497,6,913,49
498,6,271306,55
499,6,46394,59
500,6,38209,55
501,6,1895,50
502,6,7433,63
503,6,10086,45
504,6,24353,45
505,6,16030,59
506,6,37070,54
507,6,6550,59
508,6,6090,54
509,6,10453,44
510,6,6616,49
511,6,35787,45
512,6,6886,45
513,6,42713,55
514,6,1014,60
515,6,2070,50
516,6,9345,44
517,6,3654,45
518,6,17597,45
519,6,21419,44
520,6,864,50
521,6,3923,45
522,6,185578,40
523,6,6092,44
524,6,90285,45
525,6,15231,40
526,6,7818,50
527,6,53776,45
528,6,262,45
529,6,728,45
530,6,4043,40
531,6,297,45
532,6,2149,40
533,6,4134,40
534,6,384,45
535,6,172,45
536,6,247,45
537,6,7182,40
538,6,0,40
1,7,138891,50
2,7,70906,48
3,7,5909,54
4,7,583056,54
5,7,129735,55
6,7,27855,44
7,7,79261,54
8,7,15953,49
9,7,63342,44
10,7,7198,48
11,7,61396,47
12,7,80910,53
13,7,174948,83
14,7,85332,74
15,7,58044,55
16,7,134953,43
17,7,183741,53
18,7,449089,70
19,7,30116,44
20,7,15980,44
21,7,38452,65
22,7,369350,95
23,7,624075,108
24,7,257515,45
25,7,367144,40
26,7,19356,44
27,7,521444,46
28,7,367293,43
29,7,44899,45
30,7,7867,44
31,7,251952,50
32,7,257128,39
33,7,12655,49
34,7,24858,44
35,7,12012,48
36,7,3060,60
37,7,5478,49
38,7,14871,52
39,7,11515,48
40,7,1153520,59
41,7,2467,45
42,7,7673,50
43,7,1036714,63
44,7,13567,50
45,7,271868,63
46,7,28581,57
47,7,206784,45
48,7,77723,44
49,7,192194,45
50,7,6768,44
51,7,9051,45
52,7,310958,39
53,7,100530,39
54,7,6681,44
55,7,51901,55
56,7,340687,44
57,7,5548,44
58,7,8224,50
59,7,133983,67
60,7,7008,49
61,7,4676,59
62,7,121971,65
63,7,5651,49
64,7,21541,45
65,7,6075,54
66,7,2823,50
67,7,6542,49
68,7,12445,49
69,7,25942,48
70,7,184042,49
71,7,64483,48
72,7,544644,50
73,7,23692,43
74,7,16142,44
75,7,7448,44
76,7,56233,59
77,7,746,54
78,7,11518,55
79,7,1009,54
80,7,103088,45
81,7,2128,48
82,7,34238,48
83,7,81133,50
84,7,34566,53
85,7,34065,57
86,7,73912,45
87,7,17156,63
88,7,441576,46
89,7,5782,44
90,7,27696,49
91,7,72591,45
92,7,8046,45
93,7,67070,39
94,7,47369,45
95,7,114041,39
96,7,42997,39
97,7,1431,40
98,7,11893,49
99,7,7380,52
100,7,1494,48
101,7,4467,52
102,7,25918,44
103,7,6950,44
104,7,3117,44
105,7,32607,45
106,7,7254,48
107,7,22513,48
108,7,9600,45
109,7,68913,45
110,7,18131,53
111,7,32832,55
112,7,7370,48
113,7,625849,64
114,7,38959,52
115,7,2558150,69
116,7,228756,55
117,7,102081,57
118,7,137678,60
119,7,27284,51
120,7,8852,52
121,7,5897,53
122,7,2082831,110
123,7,23699,63
124,7,338027,74
125,7,453815,66
126,7,1078801,50
127,7,17986,58
128,7,7602,48
129,7,4955,49
130,7,3295,44
131,7,82347,43
132,7,29278,52
133,7,151194,78
134,7,118822,88
135,7,427537,46
136,7,620573,40
137,7,8121,43
138,7,233984,44
139,7,573,44
140,7,348316,39
141,7,192596,45
142,7,264372,55
143,7,100643,50
144,7,3354,44
145,7,1704275,43
146,7,29156,44
147,7,58390,49
148,7,885,50
149,7,76575,58
150,7,211536,62
151,7,1383726,70
152,7,34085,64
153,7,13581,49
154,7,812849,49
155,7,227573,40
156,7,56313,53
157,7,50934,53
158,7,34387,43
159,7,3435,45
160,7,12473,45
161,7,11656,43
162,7,70045,49
163,7,3290,45
164,7,452557,66
165,7,6607,58
166,7,1101,44
167,7,105934,45
168,7,18193,49
169,7,8786,53
170,7,5932,52
171,7,460,60
172,7,71837,73
173,7,606,50
174,7,2880,44
175,7,49804,54
176,7,24065,52
177,7,163294,68
178,7,34456,44
179,7,97748,40
180,7,7354,43
181,7,7055,45
182,7,54009,48
183,7,20999,44
184,7,195136,62
185,7,4363,53
186,7,6407,44
187,7,3591,44
188,7,13251,44
189,7,486015,44
190,7,445048,40
191,7,79429,44
192,7,114819,44
193,7,8128,44
194,7,4413,44
195,7,248919,45
196,7,112720,40
197,7,4731,45
198,7,11259,44
199,7,107003,53
200,7,2709,49
201,7,9616,44
202,7,151992,45
203,7,481,50
204,7,1027,45
205,7,3419,44
206,7,2610,48
207,7,6795,48
208,7,5813,44
209,7,213239,44
210,7,33025,53
211,7,11698,59
212,7,5159,49
213,7,303498,50
214,7,6253,44
215,7,53408,45
216,7,29481,43
217,7,13835,43
218,7,54661,39
219,7,47881,50
220,7,799346,55
221,7,275627,51
222,7,17783,49
223,7,120925,86
224,7,33217,53
225,7,86267,55
226,7,15060,45
227,7,34910,49
228,7,2884,48
229,7,1052,44
230,7,5458,44
231,7,11792,49
232,7,2231,48
233,7,721488,68
234,7,245393,89
235,7,38050,53
236,7,85599,59
237,7,7297,49
238,7,6175,49
239,7,94072,49
240,7,16901,43
241,7,15601,47
242,7,172920,51
243,7,15050,49
244,7,3097,44
245,7,1142685,51
246,7,842799,60
247,7,1537823,63
248,7,1899,64
249,7,44622,53
250,7,44062,69
251,7,2324407,100
252,7,57499,55
253,7,2330574,129
254,7,372246,57
255,7,26828,56
256,7,161105,73
257,7,1379378,94
258,7,383907,57
259,7,16015,48
260,7,1390813,57
261,7,7743,49
262,7,385840,54
263,7,85653,53
264,7,187448,61
265,7,865788,66
266,7,23549,51
267,7,936965,63
268,7,423025,57
269,7,35450,53
270,7,217172,110
271,7,452124,86
272,7,246489,54
273,7,194242,97
274,7,266025,56
275,7,272021,92
276,7,559939,76
277,7,8119,47
278,7,2544,48
279,7,1857,48
280,7,3007762,114
281,7,92152,103
282,7,1196328,59
283,7,3009,50
284,7,132846,58
285,7,34178,52
286,7,592419,51
287,7,3357,49
288,7,48403,65
289,7,12276,47
290,7,556,50
291,7,108576,52
292,7,63924,49
293,7,69097,58
294,7,2546,54
295,7,107807,101
296,7,33505,50
297,7,59425,62
298,7,58421,50
299,7,6782,50
300,7,173407,68
301,7,25170,72
302,7,937923,82
303,7,34840,44
304,7,126102,57
305,7,239068,67
306,7,571361,111
307,7,13071,44
308,7,4481,44
309,7,27263,50
310,7,61881,45
311,7,17737,45
312,7,265004,49
313,7,12977,45
314,7,851,44
315,7,4800,44
316,7,7783,40
317,7,30413,59
318,7,33486,54
319,7,6026,50
320,7,5283,53
321,7,2864,49
322,7,72,50
323,7,8937,44
324,7,7141,48
325,7,3569,60
326,7,71163,62
327,7,287507,50
328,7,236855,45
329,7,46452,44
330,7,305728,50
331,7,36693,43
332,7,304257,44
333,7,13003,44
334,7,44687,40
335,7,226927,39
336,7,19504,45
337,7,4258,48
338,7,12494,52
339,7,105902,44
340,7,245235,45
341,7,263,55
342,7,2629,45
343,7,19379,54
344,7,19192,50
345,7,5711,52
346,7,10384,63
347,7,73521,48
348,7,28263,56
349,7,9147,57
350,7,269,55
351,7,234300,54
352,7,7420,49
353,7,147463,59
354,7,62845,59
355,7,540499,60
356,7,159975,57
357,7,1678462,61
358,7,19342,43
359,7,98533,58
360,7,38816,58
361,7,83438,48
362,7,74835,49
363,7,32253,64
364,7,362464,93
365,7,219883,90
366,7,2229,49
367,7,108326,83
368,7,1520,55
369,7,4776,49
370,7,1312694,74
371,7,13137,57
372,7,1482350,124
373,7,19529,44
374,7,3826,44
375,7,7954,43
376,7,61897,45
377,7,5633,43
378,7,1166083,49
379,7,2704,44
380,7,35086,45
381,7,31034,50
382,7,6651,43
383,7,11897,43
384,7,3672,43
385,7,3758,43
386,7,3347,43
387,7,9099,45
388,7,432,50
389,7,23182,50
390,7,88651,59
391,7,852200,63
392,7,103011,50
393,7,1228932,67
394,7,7290,54
395,7,71620,60
396,7,333543,61
397,7,3486,50
398,7,6124,45
399,7,22347,44
400,7,751911,45
401,7,1004,44
402,7,44774,52
403,7,30414,43
404,7,1591,45
405,7,108361,43
406,7,13805,44
407,7,5783,44
408,7,16708,47
409,7,31129,43
410,7,105139,44
411,7,14476,49
412,7,17376,48
413,7,65200,44
414,7,1607,64
415,7,53640,68
416,7,6508,45
417,7,753356,69
418,7,2128,54
419,7,68379,63
420,7,883,50
421,7,18506,44
422,7,129499,40
423,7,276207,46
424,7,1381,50
425,7,194129,45
426,7,7310,43
427,7,624717,41
428,7,61890,40
429,7,3820,40
430,7,29899,45
431,7,5246,44
432,7,95449,61
433,7,1282700,52
434,7,1714,53
435,7,37145,49
436,7,9647,44
437,7,341529,56
438,7,35951,49
439,7,82718,40
440,7,6009,43
441,7,15337,43
442,7,2787,40
443,7,4567,43
444,7,4212,50
445,7,246785,45
446,7,3726,48
447,7,95760,49
448,7,19697,44
449,7,4027,45
450,7,77419,49
451,7,159527,45
452,7,9884,44
453,7,57886,68
454,7,384881,45
455,7,12044,44
456,7,217430,55
457,7,10093,44
458,7,60764,49
459,7,691911,51
460,7,9657,43
461,7,6218,45
462,7,111670,71
463,7,21381,49
464,7,15866,44
465,7,111187,68
466,7,1793,49
467,7,3199,43
468,7,1065686,56
469,7,692,55
470,7,7132,54
471,7,1493,48
472,7,53582,58
473,7,5234,45
474,7,16363,44
475,7,164835,54
476,7,45117,68
477,7,10603,44
478,7,275009,59
479,7,4319,43
480,7,1611561,70
481,7,15112,47
482,7,8632,48
483,7,48024,44
484,7,87769,48
485,7,7198,44
486,7,15675,58
487,7,8323,50
488,7,3690,57
489,7,6650,54
490,7,506918,45
491,7,7363,48
492,7,17938,53
493,7,36758,58
494,7,12262,45
495,7,3784,59
496,7,4088,54
497,7,910,49
498,7,263449,55
499,7,45032,59
500,7,35025,55
501,7,1751,50
502,7,7270,63
503,7,9762,45
504,7,24514,45
505,7,15044,59
506,7,33986,54
507,7,6287,59
508,7,5665,54
509,7,10159,44
510,7,6131,49
511,7,34750,45
512,7,6595,44
513,7,46768,55
514,7,1021,60
515,7,2018,50
516,7,10153,44
517,7,3687,44
518,7,16299,45
519,7,20885,44
520,7,900,50
521,7,4275,44
522,7,178058,40
523,7,6254,44
524,7,93145,45
525,7,15655,40
526,7,8615,50
527,7,58314,45
528,7,284,45
529,7,789,45
530,7,4407,40
531,7,320,45
532,7,2674,40
533,7,4764,40
534,7,384,45
535,7,209,45
536,7,3052,45
537,7,8098,40
538,7,2503,40
539,7,0,45
1,8,107912,50
2,8,85008,48
3,8,5869,54
4,8,593737,54
5,8,137768,55
6,8,31920,44
7,8,83209,54
8,8,16343,49
9,8,60264,43
10,8,6754,48
11,8,58968,47
12,8,78950,52
13,8,243629,83
14,8,80972,74
15,8,60377,55
16,8,146353,43
17,8,195814,53
18,8,389679,69
19,8,29340,44
20,8,15524,44
21,8,37826,65
22,8,478935,95
23,8,494015,108
24,8,249791,45
25,8,365709,40
26,8,18940,44
27,8,495845,46
28,8,337013,43
29,8,43936,45
30,8,7713,43
31,8,244338,50
32,8,257604,39
33,8,12610,49
34,8,24601,44
35,8,11386,48
36,8,4714,60
37,8,5278,49
38,8,14449,51
39,8,11313,48
40,8,1226339,60
41,8,2465,45
42,8,11015,50
43,8,973784,63
44,8,13340,50
45,8,242492,63
46,8,27876,57
47,8,204133,45
48,8,75661,44
49,8,201920,45
50,8,6565,44
51,8,9015,45
52,8,305657,39
53,8,99725,39
54,8,6475,43
55,8,89486,55
56,8,317137,44
57,8,6053,44
58,8,8353,50
59,8,121200,67
60,8,7035,49
61,8,4891,59
62,8,127452,65
63,8,5406,49
64,8,21274,45
65,8,6142,54
66,8,2864,50
67,8,6515,49
68,8,12103,49
69,8,26572,48
70,8,188747,49
71,8,59910,48
72,8,471551,50
73,8,23343,43
74,8,19315,44
75,8,7272,43
76,8,160446,59
77,8,897,54
78,8,10831,55
79,8,986,54
80,8,113969,45
81,8,2089,48
82,8,33180,48
83,8,105290,50
84,8,45236,53
85,8,31530,57
86,8,70846,45
87,8,16019,63
88,8,415421,46
89,8,5657,44
90,8,25524,49
91,8,68113,45
92,8,7897,45
93,8,66345,39
94,8,44051,45
95,8,105574,39
96,8,43171,39
97,8,1449,40
98,8,11013,48
99,8,6682,52
100,8,1432,48
101,8,4327,52
102,8,24540,44
103,8,6579,44
104,8,3086,44
105,8,31831,45
106,8,9978,48
107,8,22868,48
108,8,9340,45
109,8,67639,45
110,8,16707,53
111,8,32348,55
112,8,7223,48
113,8,615060,64
114,8,38007,52
115,8,2629895,69
116,8,247309,55
117,8,99952,57
118,8,144196,59
119,8,25983,51
120,8,8674,52
121,8,5965,52
122,8,2555227,112
123,8,23579,63
124,8,347360,74
125,8,371466,65
126,8,1047793,50
127,8,17641,57
128,8,7467,48
129,8,4875,49
130,8,3248,44
131,8,80659,43
132,8,27722,52
133,8,147609,78
134,8,108078,88
135,8,460160,46
136,8,609844,40
137,8,8084,43
138,8,224963,44
139,8,562,44
140,8,356749,39
141,8,176845,45
142,8,281692,55
143,8,97676,50
144,8,3168,44
145,8,1741616,43
146,8,37487,43
147,8,56059,49
148,8,866,50
149,8,72971,58
150,8,196455,62
151,8,1329193,70
152,8,32004,64
153,8,13191,49
154,8,799148,49
155,8,225941,40
156,8,51724,53
157,8,46359,53
158,8,33129,43
159,8,3377,45
160,8,11212,45
161,8,13616,43
162,8,74012,49
163,8,3184,45
164,8,457375,66
165,8,6437,58
166,8,1113,44
167,8,101887,45
168,8,18284,49
169,8,8826,53
170,8,5756,51
171,8,455,60
172,8,124403,73
173,8,589,50
174,8,2879,44
175,8,47007,54
176,8,22788,52
177,8,151925,68
178,8,35530,44
179,8,98181,40
180,8,7245,43
181,8,6858,45
182,8,52202,48
183,8,20258,44
184,8,182036,61
185,8,4183,52
186,8,6383,44
187,8,3450,44
188,8,12515,44
189,8,470439,44
190,8,448612,40
191,8,81715,44
192,8,103902,44
193,8,8077,44
194,8,4319,44
195,8,238562,45
196,8,108435,40
197,8,4628,45
198,8,10097,44
199,8,102253,53
200,8,2601,48
201,8,9761,44
202,8,152279,45
203,8,474,50
204,8,938,45
205,8,3362,44
206,8,2575,48
207,8,6421,48
208,8,5730,44
209,8,208065,44
210,8,32408,52
211,8,10770,59
212,8,5157,49
213,8,304018,50
214,8,6176,44
215,8,54350,45
216,8,28470,43
217,8,13470,43
218,8,56354,39
219,8,48595,50
220,8,907991,55
221,8,274407,51
222,8,16885,49
223,8,108500,86
224,8,31525,53
225,8,66697,55
226,8,15281,45
227,8,34662,49
228,8,2847,48
229,8,1054,44
230,8,5431,44
231,8,11540,49
232,8,2376,47
233,8,1010671,69
234,8,299165,89
235,8,36787,53
236,8,84970,59
237,8,7241,49
238,8,5999,49
239,8,92054,49
240,8,16377,43
241,8,15277,47
242,8,167689,51
243,8,14326,49
244,8,3003,44
245,8,1192821,51
246,8,835869,59
247,8,1525643,63
248,8,1953,64
249,8,44288,53
250,8,43054,69
251,8,2180231,99
252,8,62305,55
253,8,1992452,129
254,8,367484,57
255,8,26275,56
256,8,143790,73
257,8,1287583,94
258,8,350640,57
259,8,15845,48
260,8,1386500,57
261,8,7562,49
262,8,346049,53
263,8,81422,53
264,8,188036,61
265,8,856455,66
266,8,22881,51
267,8,739315,62
268,8,426281,57
269,8,22433,53
270,8,271553,111
271,8,403475,85
272,8,240689,54
273,8,194845,97
274,8,214358,56
275,8,289787,92
276,8,527174,76
277,8,8086,47
278,8,2502,48
279,8,2061,48
280,8,2851683,114
281,8,86517,102
282,8,1135386,59
283,8,3046,50
284,8,125182,58
285,8,32907,52
286,8,607182,51
287,8,3314,49
288,8,46343,65
289,8,11854,47
290,8,554,50
291,8,103137,52
292,8,57522,49
293,8,63788,58
294,8,2415,54
295,8,95585,101
296,8,34388,50
297,8,57098,62
298,8,61636,50
299,8,6545,50
300,8,146641,68
301,8,25429,72
302,8,845475,81
303,8,35333,44
304,8,118599,57
305,8,244045,67
306,8,492155,110
307,8,12686,44
308,8,4403,44
309,8,27037,50
310,8,60614,45
311,8,17099,45
312,8,253258,48
313,8,11460,45
314,8,831,44
315,8,4727,44
316,8,7638,40
317,8,29053,59
318,8,32549,54
319,8,5868,50
320,8,5159,52
321,8,2818,49
322,8,72,50
323,8,8886,44
324,8,6805,48
325,8,3503,60
326,8,66539,62
327,8,274743,50
328,8,225817,45
329,8,45061,44
330,8,283536,49
331,8,35370,42
332,8,288176,44
333,8,12356,44
334,8,42900,40
335,8,232620,39
336,8,18583,44
337,8,4154,47
338,8,11889,52
339,8,101682,44
340,8,289535,45
341,8,260,55
342,8,2523,45
343,8,18457,53
344,8,18114,50
345,8,5399,52
346,8,10030,63
347,8,67234,48
348,8,26771,56
349,8,8919,56
350,8,281,55
351,8,237091,54
352,8,6332,49
353,8,156360,59
354,8,77619,59
355,8,431349,60
356,8,143373,57
357,8,1927791,62
358,8,19009,43
359,8,100310,58
360,8,36380,58
361,8,85765,48
362,8,66639,49
363,8,44289,64
364,8,282858,92
365,8,182472,90
366,8,2477,49
367,8,130323,83
368,8,1815,55
369,8,4960,49
370,8,1305055,74
371,8,12962,57
372,8,1888132,125
373,8,19140,44
374,8,3781,44
375,8,7778,43
376,8,60432,45
377,8,5395,42
378,8,1182422,49
379,8,2600,44
380,8,35220,45
381,8,25040,50
382,8,6428,43
383,8,12173,42
384,8,3597,43
385,8,3712,43
386,8,3260,43
387,8,8952,45
388,8,439,50
389,8,24029,50
390,8,85802,59
391,8,836414,63
392,8,122696,50
393,8,1222214,67
394,8,7301,54
395,8,81762,60
396,8,317752,61
397,8,3283,50
398,8,5989,45
399,8,21829,44
400,8,771592,45
401,8,994,44
402,8,42580,52
403,8,29280,43
404,8,1531,45
405,8,134406,43
406,8,15852,44
407,8,5711,43
408,8,15730,47
409,8,33543,43
410,8,120976,44
411,8,26288,49
412,8,16792,48
413,8,81597,44
414,8,1599,64
415,8,52823,68
416,8,6277,45
417,8,1030596,70
418,8,2133,54
419,8,64130,62
420,8,867,50
421,8,17972,44
422,8,129218,40
423,8,279984,46
424,8,1351,50
425,8,346065,46
426,8,7053,43
427,8,657538,41
428,8,59302,40
429,8,3756,40
430,8,31131,45
431,8,5103,43
432,8,87325,61
433,8,1241732,52
434,8,3266,53
435,8,32882,49
436,8,9311,44
437,8,388568,56
438,8,35017,49
439,8,82391,40
440,8,5797,42
441,8,14891,43
442,8,2737,40
443,8,4485,43
444,8,4067,49
445,8,244933,45
446,8,3598,48
447,8,87756,49
448,8,19288,44
449,8,3937,45
450,8,79310,49
451,8,149181,45
452,8,9653,44
453,8,102032,68
454,8,450944,45
455,8,11410,43
456,8,204837,55
457,8,9955,44
458,8,57231,49
459,8,670942,51
460,8,9318,43
461,8,6098,45
462,8,111043,71
463,8,20219,48
464,8,17417,44
465,8,151222,68
466,8,1838,48
467,8,3119,43
468,8,1065712,56
469,8,685,55
470,8,6864,54
471,8,1404,48
472,8,69199,58
473,8,4746,45
474,8,15741,44
475,8,210109,55
476,8,44136,68
477,8,10332,44
478,8,253389,59
479,8,4197,43
480,8,1530426,70
481,8,14466,47
482,8,8236,47
483,8,110131,44
484,8,88966,48
485,8,7108,44
486,8,15127,57
487,8,7841,49
488,8,3532,57
489,8,6571,54
490,8,579441,46
491,8,6885,48
492,8,14803,53
493,8,32171,58
494,8,14008,45
495,8,3852,59
496,8,3927,54
497,8,922,49
498,8,291749,55
499,8,61282,59
500,8,31909,55
501,8,1677,50
502,8,7074,63
503,8,9573,45
504,8,24568,45
505,8,14380,59
506,8,31399,54
507,8,6552,59
508,8,5494,54
509,8,9933,44
510,8,5428,49
511,8,31499,45
512,8,8771,44
513,8,45815,55
514,8,1049,60
515,8,2003,50
516,8,9094,44
517,8,3886,44
518,8,14996,45
519,8,20797,44
520,8,949,50
521,8,4593,44
522,8,174050,40
523,8,6323,44
524,8,101736,45
525,8,15975,40
526,8,10358,50
527,8,64617,45
528,8,346,45
529,8,850,45
530,8,4537,40
531,8,348,45
532,8,3152,40
533,8,5460,40
534,8,408,45
535,8,252,45
536,8,5706,45
537,8,8883,40
538,8,4182,40
539,8,89,45
540,8,0,45
541,8,0,40
542,8,0,40
1,9,92724,50
2,9,90965,48
3,9,5882,54
4,9,615756,54
5,9,152737,55
6,9,35317,44
7,9,81957,54
8,9,16706,49
9,9,57625,43
10,9,6362,48
11,9,56477,46
12,9,73392,52
13,9,223066,83
14,9,149343,74
15,9,64150,55
16,9,158488,43
17,9,199261,53
18,9,363832,69
19,9,28393,44
20,9,15163,44
21,9,37648,65
22,9,832987,97
23,9,546595,107
24,9,255762,45
25,9,363219,40
26,9,20365,44
27,9,502327,46
28,9,297127,43
29,9,50025,45
30,9,7537,43
31,9,254537,50
32,9,256620,39
33,9,12655,49
34,9,24080,44
35,9,10737,48
36,9,6352,60
37,9,5280,49
38,9,14027,51
39,9,11571,48
40,9,1215297,60
41,9,2481,45
42,9,118323,50
43,9,1355184,64
44,9,12944,50
45,9,293830,64
46,9,26999,57
47,9,216803,45
48,9,75812,44
49,9,237486,45
50,9,7218,44
51,9,8860,45
52,9,297500,39
53,9,97871,39
54,9,6115,43
55,9,125034,55
56,9,290411,44
57,9,13025,44
58,9,8625,50
59,9,111039,67
60,9,6020,49
61,9,5105,59
62,9,174320,66
63,9,5114,49
64,9,20911,45
65,9,6083,53
66,9,2815,50
67,9,6417,49
68,9,11705,49
69,9,23277,48
70,9,163888,49
71,9,50550,48
72,9,398492,50
73,9,22647,42
74,9,16900,44
75,9,6975,43
76,9,203996,60
77,9,1072,54
78,9,10093,54
79,9,949,54
80,9,119952,45
81,9,1964,48
82,9,31271,48
83,9,97526,50
84,9,54016,53
85,9,26400,57
86,9,66821,45
87,9,14480,62
88,9,402877,46
89,9,5582,44
90,9,24697,49
91,9,66010,45
92,9,7802,45
93,9,65224,39
94,9,41963,45
95,9,93153,39
96,9,42923,39
97,9,1485,40
98,9,8333,48
99,9,6510,51
100,9,1343,48
101,9,4406,52
102,9,22975,44
103,9,6136,44
104,9,3036,44
105,9,28131,45
106,9,21326,48
107,9,21250,47
108,9,8988,45
109,9,64840,44
110,9,15625,52
111,9,31796,55
112,9,7178,48
113,9,597444,64
114,9,37252,52
115,9,2646049,70
116,9,257354,55
117,9,97165,57
118,9,136018,59
119,9,25542,50
120,9,8543,52
121,9,5921,52
122,9,2938961,114
123,9,23554,63
124,9,331320,74
125,9,324142,65
126,9,1010460,50
127,9,41342,57
128,9,7350,47
129,9,4767,49
130,9,3085,44
131,9,78819,43
132,9,26838,52
133,9,143662,78
134,9,102707,87
135,9,440689,46
136,9,599268,40
137,9,7927,43
138,9,208026,44
139,9,549,44
140,9,353516,39
141,9,162169,45
142,9,267281,55
143,9,93235,50
144,9,3128,44
145,9,1723511,43
146,9,45980,43
147,9,52284,48
148,9,841,50
149,9,67523,58
150,9,177382,61
151,9,1033936,69
152,9,29957,64
153,9,12339,49
154,9,777397,49
155,9,223955,40
156,9,48024,52
157,9,40726,52
158,9,31454,43
159,9,3317,45
160,9,10164,45
161,9,15935,43
162,9,80839,49
163,9,3013,45
164,9,439279,65
165,9,6251,58
166,9,1192,44
167,9,98995,44
168,9,17659,49
169,9,8740,53
170,9,5547,51
171,9,443,60
172,9,416616,74
173,9,573,50
174,9,2735,44
175,9,43205,53
176,9,21480,51
177,9,134078,67
178,9,37422,44
179,9,99529,40
180,9,6991,43
181,9,6867,44
182,9,45182,48
183,9,19306,44
184,9,169979,61
185,9,4079,52
186,9,6184,44
187,9,3372,44
188,9,11721,44
189,9,444092,44
190,9,457957,40
191,9,82656,44
192,9,105373,43
193,9,7637,44
194,9,3952,44
195,9,223713,44
196,9,102650,40
197,9,4326,44
198,9,8808,44
199,9,91901,52
200,9,2574,48
201,9,9821,44
202,9,141899,45
203,9,460,50
204,9,892,45
205,9,3062,44
206,9,2562,48
207,9,6073,48
208,9,9509,43
209,9,196546,44
210,9,29973,52
211,9,9833,58
212,9,4840,49
213,9,294336,50
214,9,6061,44
215,9,46469,45
216,9,27579,42
217,9,13084,43
218,9,57654,39
219,9,46012,50
220,9,904827,55
221,9,284898,51
222,9,16100,48
223,9,109553,86
224,9,29407,52
225,9,54341,54
226,9,16155,44
227,9,33712,49
228,9,2815,48
229,9,1074,44
230,9,5309,44
231,9,11350,48
232,9,2616,47
233,9,1040056,70
234,9,273567,90
235,9,35452,53
236,9,86030,59
237,9,7293,48
238,9,5834,49
239,9,105485,49
240,9,16158,42
241,9,15021,46
242,9,192460,51
243,9,15095,49
244,9,2903,44
245,9,1239222,52
246,9,823459,59
247,9,1666151,63
248,9,2021,64
249,9,46805,53
250,9,42835,69
251,9,1833402,98
252,9,92486,55
253,9,1681931,128
254,9,263165,57
255,9,26205,56
256,9,128117,72
257,9,1258700,93
258,9,320621,56
259,9,15799,48
260,9,1469588,57
261,9,7364,49
262,9,341880,53
263,9,78378,52
264,9,182800,61
265,9,897829,66
266,9,21756,51
267,9,877185,62
268,9,497762,57
269,9,15899,53
270,9,496092,112
271,9,405501,85
272,9,238959,54
273,9,239210,97
274,9,151433,55
275,9,302206,92
276,9,552283,76
277,9,7756,47
278,9,2552,48
279,9,2015,48
280,9,2979793,113
281,9,83051,102
282,9,1040538,58
283,9,3181,50
284,9,111654,58
285,9,31590,52
286,9,478005,51
287,9,3306,49
288,9,44664,65
289,9,11615,46
290,9,561,50
291,9,97401,52
292,9,50297,48
293,9,62481,57
294,9,2261,53
295,9,94449,100
296,9,32983,50
297,9,64751,62
298,9,55914,50
299,9,6171,50
300,9,122439,67
301,9,37606,72
302,9,800220,81
303,9,43508,43
304,9,107019,57
305,9,244373,67
306,9,383762,109
307,9,12371,44
308,9,4343,44
309,9,31527,50
310,9,68544,45
311,9,15232,45
312,9,246423,48
313,9,10387,45
314,9,828,44
315,9,4677,44
316,9,7398,40
317,9,29947,59
318,9,36151,54
319,9,5950,50
320,9,5050,52
321,9,2909,49
322,9,71,50
323,9,8743,44
324,9,6529,47
325,9,3415,60
326,9,66073,61
327,9,251790,50
328,9,212199,45
329,9,44251,43
330,9,264434,49
331,9,34440,42
332,9,267325,44
333,9,11762,43
334,9,40625,40
335,9,243108,39
336,9,17711,44
337,9,4093,47
338,9,11269,52
339,9,96398,44
340,9,323785,45
341,9,258,55
342,9,2406,45
343,9,18268,53
344,9,17098,50
345,9,5055,52
346,9,9611,63
347,9,68152,48
348,9,24880,55
349,9,8852,56
350,9,292,55
351,9,240141,54
352,9,5720,49
353,9,159506,59
354,9,60742,59
355,9,328195,59
356,9,133267,56
357,9,1975110,63
358,9,18673,43
359,9,110049,58
360,9,34885,58
361,9,124064,48
362,9,61166,49
363,9,33845,64
364,9,259293,92
365,9,160236,90
366,9,2552,49
367,9,119695,83
368,9,2424,55
369,9,5405,49
370,9,1174016,74
371,9,12856,57
372,9,1702564,125
373,9,18689,44
374,9,3726,44
375,9,7579,43
376,9,55566,45
377,9,5330,42
378,9,783899,48
379,9,2582,44
380,9,26012,45
381,9,20751,49
382,9,6278,42
383,9,12584,42
384,9,3514,43
385,9,3448,43
386,9,3184,43
387,9,8561,45
388,9,444,50
389,9,23902,50
390,9,79496,59
391,9,765508,62
392,9,116862,50
393,9,1492689,68
394,9,8366,54
395,9,70698,60
396,9,271790,60
397,9,3442,50
398,9,5765,45
399,9,21398,44
400,9,772150,45
401,9,992,44
402,9,40050,52
403,9,27926,43
404,9,1466,45
405,9,142833,43
406,9,16612,44
407,9,5683,43
408,9,14783,47
409,9,33796,43
410,9,115646,44
411,9,26576,49
412,9,15911,48
413,9,84269,44
414,9,1598,64
415,9,51416,68
416,9,6039,45
417,9,958191,70
418,9,2192,54
419,9,60924,62
420,9,849,50
421,9,17466,44
422,9,127964,40
423,9,305936,46
424,9,1322,50
425,9,898843,48
426,9,6958,42
427,9,702126,42
428,9,55810,40
429,9,3644,40
430,9,33648,45
431,9,4927,43
432,9,81481,60
433,9,1216088,51
434,9,2996,53
435,9,34293,49
436,9,8720,44
437,9,448455,56
438,9,32013,48
439,9,82044,40
440,9,5600,42
441,9,13894,43
442,9,2665,40
443,9,4366,43
444,9,3921,49
445,9,232206,45
446,9,3417,48
447,9,78267,48
448,9,18724,44
449,9,3780,45
450,9,83063,49
451,9,140074,45
452,9,9416,44
453,9,94229,68
454,9,606326,46
455,9,10950,43
456,9,200246,55
457,9,9828,44
458,9,65153,49
459,9,641562,51
460,9,8973,43
461,9,5940,45
462,9,129346,70
463,9,18847,48
464,9,17730,44
465,9,148514,68
466,9,1758,48
467,9,3012,43
468,9,1133790,56
469,9,672,55
470,9,6551,54
471,9,1359,47
472,9,82986,58
473,9,3867,45
474,9,15157,44
475,9,264132,55
476,9,43284,68
477,9,10035,44
478,9,305141,59
479,9,4059,43
480,9,1519101,69
481,9,13742,47
482,9,7906,47
483,9,177802,45
484,9,92698,48
485,9,6971,44
486,9,13945,57
487,9,7729,49
488,9,4390,57
489,9,5863,54
490,9,540430,46
491,9,6355,48
492,9,12501,53
493,9,28283,58
494,9,18625,45
495,9,3196,59
496,9,3775,54
497,9,949,49
498,9,297864,55
499,9,57306,59
500,9,28623,55
501,9,1598,50
502,9,6947,62
503,9,9069,45
504,9,27287,45
505,9,13451,58
506,9,29351,54
507,9,20616,59
508,9,5408,54
509,9,9674,44
510,9,4750,49
511,9,27880,45
512,9,10416,44
513,9,49895,55
514,9,1064,59
515,9,1991,49
516,9,9604,44
517,9,3980,44
518,9,13466,45
519,9,20165,44
520,9,1002,50
521,9,4808,44
522,9,178305,39
523,9,6382,44
524,9,103178,45
525,9,16368,40
526,9,14760,50
527,9,69018,45
528,9,383,45
529,9,968,45
530,9,4003,40
531,9,372,45
532,9,3764,40
533,9,6037,40
534,9,414,45
535,9,322,45
536,9,3459,45
537,9,9684,40
538,9,5541,40
539,9,111,45
540,9,118,45
541,9,1241,40
542,9,3833,40
543,9,0,50
544,9,0,40
545,9,0,45
546,9,0,40
1,10,90783,50
2,10,93513,48
3,10,5890,54
4,10,687481,54
5,10,116562,55
6,10,37179,44
7,10,80912,54
8,10,16387,49
9,10,53993,43
10,10,6222,48
11,10,56009,46
12,10,70195,52
13,10,410002,84
14,10,121361,74
15,10,71137,55
16,10,155395,43
17,10,190062,53
18,10,343803,68
19,10,27847,44
20,10,15092,44
21,10,38199,65
22,10,908359,98
23,10,802073,108
24,10,256493,45
25,10,362089,40
26,10,22140,44
27,10,501602,46
28,10,276468,42
29,10,52983,45
30,10,7425,43
31,10,258169,50
32,10,255317,39
33,10,12308,49
34,10,23625,44
35,10,10292,47
36,10,5620,60
37,10,5147,49
38,10,13777,51
39,10,11953,48
40,10,1317023,60
41,10,2470,45
42,10,108232,51
43,10,1456279,65
44,10,12820,49
45,10,286923,64
46,10,26753,57
47,10,252706,45
48,10,84690,44
49,10,282383,45
50,10,7211,44
51,10,9425,45
52,10,292703,39
53,10,96759,39
54,10,5917,43
55,10,110790,55
56,10,284015,44
57,10,39495,44
58,10,8927,50
59,10,105581,67
60,10,5412,49
61,10,6818,59
62,10,138264,66
63,10,4964,49
64,10,20699,45
65,10,6386,53
66,10,2872,50
67,10,6363,48
68,10,11495,49
69,10,21724,48
70,10,150760,49
71,10,45003,48
72,10,375466,49
73,10,22211,42
74,10,15899,44
75,10,6817,43
76,10,199751,60
77,10,1177,54
78,10,9685,54
79,10,941,54
80,10,114343,45
81,10,1910,48
82,10,29732,48
83,10,82007,50
84,10,66149,53
85,10,24588,57
86,10,65159,45
87,10,14060,62
88,10,382393,46
89,10,5583,43
90,10,22954,48
91,10,63647,45
92,10,7585,45
93,10,64411,39
94,10,40210,45
95,10,88086,39
96,10,47218,39
97,10,1527,40
98,10,7294,47
99,10,6086,51
100,10,1283,48
101,10,4921,52
102,10,22282,44
103,10,5822,44
104,10,3012,44
105,10,25581,45
106,10,29448,48
107,10,20810,47
108,10,8872,45
109,10,62929,44
110,10,25616,52
111,10,31547,55
112,10,7102,48
113,10,585616,64
114,10,36677,52
115,10,2662106,70
116,10,270156,55
117,10,95235,57
118,10,194647,59
119,10,25191,50
120,10,8490,51
121,10,5885,52
122,10,2705530,114
123,10,23307,63
124,10,374549,74
125,10,288883,64
126,10,988351,49
127,10,85708,57
128,10,7348,47
129,10,4716,49
130,10,2944,44
131,10,74294,43
132,10,28563,52
133,10,140743,78
134,10,102468,87
135,10,407811,46
136,10,593127,40
137,10,7767,43
138,10,194886,44
139,10,550,44
140,10,350065,39
141,10,152466,45
142,10,246998,55
143,10,88264,50
144,10,3080,44
145,10,1675595,43
146,10,45617,43
147,10,49025,48
148,10,838,50
149,10,63126,57
150,10,158667,61
151,10,951101,69
152,10,29244,63
153,10,11652,48
154,10,780816,49
155,10,223149,40
156,10,45518,52
157,10,40796,52
158,10,30738,43
159,10,3279,45
160,10,9417,45
161,10,14381,43
162,10,97080,49
163,10,2957,45
164,10,377531,65
165,10,6165,58
166,10,1375,44
167,10,94804,44
168,10,17528,48
169,10,8425,53
170,10,5599,51
171,10,439,60
172,10,393376,74
173,10,560,50
174,10,2620,44
175,10,46569,53
176,10,20935,51
177,10,130039,67
178,10,36277,44
179,10,99921,40
180,10,6797,43
181,10,6592,44
182,10,41070,48
183,10,18619,44
184,10,170043,61
185,10,3979,52
186,10,6061,44
187,10,3324,44
188,10,11238,44
189,10,435795,44
190,10,464459,40
191,10,83839,44
192,10,105831,43
193,10,7762,44
194,10,3768,44
195,10,216216,44
196,10,99721,40
197,10,4254,44
198,10,8356,43
199,10,89246,52
200,10,2422,48
201,10,10172,44
202,10,138816,45
203,10,457,50
204,10,853,45
205,10,3486,43
206,10,2626,48
207,10,5953,48
208,10,10624,43
209,10,202223,43
210,10,30056,52
211,10,9610,58
212,10,4725,49
213,10,293433,50
214,10,6015,44
215,10,43858,45
216,10,27152,42
217,10,12928,42
218,10,58095,39
219,10,53047,50
220,10,919154,55
221,10,288946,51
222,10,16135,48
223,10,126224,86
224,10,27737,52
225,10,49873,54
226,10,17491,44
227,10,33275,49
228,10,2799,47
229,10,1063,44
230,10,5217,44
231,10,11229,48
232,10,2554,47
233,10,1085753,70
234,10,284254,90
235,10,35032,53
236,10,103366,59
237,10,7284,48
238,10,5749,49
239,10,139540,49
240,10,16030,42
241,10,14871,46
242,10,249836,51
243,10,14015,49
244,10,2857,44
245,10,1076363,51
246,10,885332,59
247,10,1798466,64
248,10,2024,64
249,10,42066,53
250,10,42848,69
251,10,1775485,97
252,10,85104,55
253,10,1978411,129
254,10,268056,57
255,10,26520,56
256,10,117538,72
257,10,1261777,93
258,10,333108,56
259,10,15743,48
260,10,1465210,57
261,10,7276,49
262,10,339983,53
263,10,78591,52
264,10,174033,61
265,10,783513,66
266,10,20836,51
267,10,994872,63
268,10,517040,58
269,10,14594,53
270,10,391761,112
271,10,426140,85
272,10,302437,54
273,10,298093,98
274,10,116720,55
275,10,299244,92
276,10,545432,76
277,10,7558,47
278,10,2541,48
279,10,1960,48
280,10,2927777,113
281,10,80907,102
282,10,1008148,58
283,10,3235,50
284,10,108314,58
285,10,30863,52
286,10,473835,51
287,10,3269,49
288,10,42440,65
289,10,11386,46
290,10,561,50
291,10,94651,51
292,10,50144,48
293,10,63035,57
294,10,2030,53
295,10,83899,100
296,10,34842,50
297,10,69051,62
298,10,44930,50
299,10,6333,50
300,10,115987,67
301,10,249931,73
302,10,770741,80
303,10,43784,43
304,10,98778,56
305,10,254410,67
306,10,364204,109
307,10,12151,44
308,10,4288,44
309,10,30285,50
310,10,66942,45
311,10,14024,45
312,10,235729,48
313,10,10363,44
314,10,812,44
315,10,4581,44
316,10,7258,40
317,10,28585,59
318,10,35228,54
319,10,5662,49
320,10,4911,52
321,10,2817,49
322,10,74,50
323,10,8533,44
324,10,6234,47
325,10,3389,60
326,10,64764,61
327,10,241767,50
328,10,216566,45
329,10,43654,43
330,10,262584,49
331,10,33344,42
332,10,276530,44
333,10,12087,43
334,10,39348,40
335,10,241504,39
336,10,18650,44
337,10,3986,47
338,10,10834,51
339,10,109480,43
340,10,330512,45
341,10,259,55
342,10,2341,45
343,10,18886,53
344,10,15057,50
345,10,4882,51
346,10,9529,63
347,10,71104,48
348,10,24899,55
349,10,8862,56
350,10,294,55
351,10,239502,54
352,10,5554,49
353,10,158134,59
354,10,54275,59
355,10,299224,59
356,10,129874,56
357,10,1932727,63
358,10,18520,43
359,10,113683,58
360,10,34560,58
361,10,126528,48
362,10,60978,49
363,10,47961,64
364,10,254559,92
365,10,153367,89
366,10,2444,49
367,10,95923,83
368,10,2528,55
369,10,7190,49
370,10,946173,73
371,10,12967,57
372,10,1447624,124
373,10,18422,44
374,10,3697,44
375,10,7439,43
376,10,63001,45
377,10,4987,42
378,10,798466,48
379,10,2559,44
380,10,25620,45
381,10,19181,49
382,10,8198,42
383,10,18917,42
384,10,3457,43
385,10,3399,43
386,10,4172,43
387,10,8024,45
388,10,464,50
389,10,90230,50
390,10,109395,59
391,10,946928,63
392,10,112486,50
393,10,1412410,68
394,10,13392,54
395,10,83285,60
396,10,217090,60
397,10,3616,50
398,10,5681,45
399,10,21081,44
400,10,770418,45
401,10,988,44
402,10,39203,51
403,10,27295,42
404,10,1439,45
405,10,148345,43
406,10,16791,44
407,10,5641,43
408,10,14221,46
409,10,34474,43
410,10,108937,44
411,10,25113,49
412,10,15434,47
413,10,73486,44
414,10,1604,64
415,10,50551,68
416,10,5910,45
417,10,1007897,70
418,10,2253,54
419,10,60745,62
420,10,839,50
421,10,17076,44
422,10,128139,40
423,10,305203,46
424,10,1303,50
425,10,962881,49
426,10,6755,42
427,10,697135,42
428,10,54064,40
429,10,3610,40
430,10,33417,45
431,10,4868,43
432,10,74249,60
433,10,1135076,51
434,10,2850,53
435,10,32919,49
436,10,9206,43
437,10,448066,57
438,10,30643,48
439,10,81995,40
440,10,5564,42
441,10,12703,43
442,10,2625,40
443,10,4313,43
444,10,4181,49
445,10,247037,45
446,10,3313,47
447,10,73478,48
448,10,18268,44
449,10,3737,45
450,10,83511,49
451,10,132641,45
452,10,9216,44
453,10,52740,68
454,10,627400,46
455,10,10547,43
456,10,196011,55
457,10,9730,44
458,10,71566,49
459,10,617645,51
460,10,8629,43
461,10,5860,44
462,10,140574,70
463,10,17721,48
464,10,17923,44
465,10,142348,68
466,10,1701,48
467,10,2964,42
468,10,1200807,56
469,10,661,55
470,10,6424,54
471,10,1311,47
472,10,85484,58
473,10,3223,44
474,10,14657,44
475,10,245623,55
476,10,43017,68
477,10,9829,44
478,10,364271,60
479,10,3962,43
480,10,1544831,69
481,10,13365,46
482,10,7734,47
483,10,172001,45
484,10,92085,48
485,10,6876,44
486,10,12918,56
487,10,7511,49
488,10,4771,57
489,10,5964,53
490,10,523666,46
491,10,6120,48
492,10,11171,53
493,10,27335,57
494,10,19602,45
495,10,2980,59
496,10,3688,54
497,10,947,49
498,10,314839,55
499,10,57065,59
500,10,25761,55
501,10,1575,50
502,10,6856,62
503,10,8594,44
504,10,42653,45
505,10,12794,58
506,10,28857,54
507,10,18798,59
508,10,5847,54
509,10,9508,44
510,10,4482,48
511,10,26918,45
512,10,9881,44
513,10,48836,55
514,10,1069,59
515,10,1994,49
516,10,9405,44
517,10,3942,44
518,10,12774,44
519,10,19702,44
520,10,1016,50
521,10,4831,44
522,10,191158,39
523,10,6311,44
524,10,119724,45
525,10,16596,40
526,10,15926,50
527,10,70604,45
528,10,397,45
529,10,1015,45
530,10,3891,40
531,10,386,45
532,10,3905,40
533,10,6459,40
534,10,422,45
535,10,687,45
536,10,2925,45
537,10,10160,40
538,10,6264,40
539,10,457,45
540,10,154,45
541,10,1768,40
542,10,6079,40
543,10,140,50
544,10,3851,40
545,10,37,45
546,10,432,40
547,10,0,45
548,10,0,45
1,11,87892,50
2,11,90454,48
3,11,5900,54
4,11,566961,54
5,11,88301,55
6,11,37398,44
7,11,77269,54
8,11,16068,49
9,11,51931,42
10,11,6103,48
11,11,55397,46
12,11,67697,51
13,11,338057,84
14,11,87047,74
15,11,67211,55
16,11,146143,43
17,11,194057,53
18,11,310428,68
19,11,27258,44
20,11,14959,44
21,11,38201,65
22,11,754405,97
23,11,893574,109
24,11,252291,45
25,11,360484,40
26,11,21797,44
27,11,504603,46
28,11,275474,42
29,11,58701,45
30,11,7309,43
31,11,270938,50
32,11,252875,39
33,11,11755,49
34,11,23758,43
35,11,9744,47
36,11,4795,60
37,11,4994,49
38,11,13416,51
39,11,12362,48
40,11,1379584,61
41,11,2461,45
42,11,129300,51
43,11,1762506,66
44,11,12651,49
45,11,193402,64
46,11,26590,57
47,11,319509,45
48,11,89245,44
49,11,354368,46
50,11,47031,44
51,11,10665,45
52,11,287226,39
53,11,95358,39
54,11,5697,42
55,11,75398,55
56,11,277080,44
57,11,51754,44
58,11,8799,50
59,11,99681,67
60,11,4965,48
61,11,6596,59
62,11,272236,66
63,11,4824,49
64,11,20478,45
65,11,6198,53
66,11,2904,50
67,11,6247,48
68,11,11303,49
69,11,20750,47
70,11,140615,48
71,11,41173,47
72,11,352140,49
73,11,21533,42
74,11,15179,44
75,11,6654,43
76,11,176550,60
77,11,1277,54
78,11,9301,54
79,11,1119,54
80,11,107988,45
81,11,1841,48
82,11,26383,47
83,11,65302,50
84,11,81896,53
85,11,23682,57
86,11,63316,45
87,11,13863,62
88,11,360240,46
89,11,5595,43
90,11,21884,48
91,11,61408,45
92,11,7363,45
93,11,63778,39
94,11,38127,45
95,11,98422,38
96,11,46527,39
97,11,1578,40
98,11,6400,47
99,11,6004,51
100,11,1239,48
101,11,11309,52
102,11,22143,44
103,11,5540,44
104,11,2946,44
105,11,23025,44
106,11,35422,48
107,11,20471,47
108,11,8678,45
109,11,61330,44
110,11,36404,52
111,11,31271,55
112,11,7033,48
113,11,584015,64
114,11,36230,51
115,11,2732915,70
116,11,301647,55
117,11,93522,56
118,11,250186,60
119,11,24866,50
120,11,8452,51
121,11,5894,52
122,11,2552090,113
123,11,23274,63
124,11,402540,74
125,11,235274,63
126,11,980284,49
127,11,552321,59
128,11,7269,47
129,11,4666,49
130,11,2827,44
131,11,81720,42
132,11,32810,52
133,11,129374,78
134,11,129331,87
135,11,371843,46
136,11,587493,40
137,11,7605,43
138,11,183826,43
139,11,542,44
140,11,345855,39
141,11,141180,45
142,11,228925,54
143,11,84100,50
144,11,3042,44
145,11,1630904,43
146,11,44516,43
147,11,45709,48
148,11,822,50
149,11,59005,57
150,11,160038,61
151,11,919594,68
152,11,28573,63
153,11,11686,48
154,11,845655,49
155,11,222503,40
156,11,43666,52
157,11,42832,52
158,11,30068,43
159,11,3226,45
160,11,8913,45
161,11,12715,43
162,11,128796,49
163,11,2892,45
164,11,331183,64
165,11,6100,58
166,11,1564,44
167,11,90245,44
168,11,17705,48
169,11,8108,52
170,11,5536,51
171,11,437,60
172,11,462827,75
173,11,549,50
174,11,2633,43
175,11,48791,53
176,11,20449,51
177,11,127676,67
178,11,34213,44
179,11,100050,40
180,11,6622,43
181,11,6494,44
182,11,38748,48
183,11,17372,44
184,11,159891,60
185,11,3822,52
186,11,5824,44
187,11,3226,44
188,11,10725,44
189,11,449304,43
190,11,469633,40
191,11,85521,44
192,11,106829,43
193,11,8283,44
194,11,3659,44
195,11,208468,44
196,11,96708,40
197,11,4086,44
198,11,8122,43
199,11,86025,52
200,11,2316,48
201,11,10443,44
202,11,133437,45
203,11,455,50
204,11,836,45
205,11,4086,43
206,11,2877,48
207,11,6009,48
208,11,10223,43
209,11,203364,43
210,11,32636,52
211,11,10105,58
212,11,4656,48
213,11,289889,50
214,11,5926,44
215,11,43440,45
216,11,26543,42
217,11,12726,42
218,11,58108,39
219,11,61213,50
220,11,926700,55
221,11,274352,50
222,11,15714,48
223,11,233356,87
224,11,26680,52
225,11,49935,54
226,11,15044,44
227,11,47454,49
228,11,2869,47
229,11,1074,44
230,11,5089,44
231,11,11062,48
232,11,2488,47
233,11,975225,70
234,11,313301,90
235,11,34696,53
236,11,120803,59
237,11,7256,48
238,11,5680,49
239,11,144811,49
240,11,16254,42
241,11,14675,46
242,11,226323,51
243,11,12959,49
244,11,2809,44
245,11,1018207,51
246,11,886768,59
247,11,1723872,64
248,11,2024,64
249,11,38537,53
250,11,42738,69
251,11,1937026,98
252,11,84762,55
253,11,2050707,130
254,11,233972,56
255,11,26618,56
256,11,110261,72
257,11,1128738,93
258,11,291110,56
259,11,15597,48
260,11,1549452,58
261,11,7187,49
262,11,374063,53
263,11,77633,52
264,11,164887,61
265,11,784518,65
266,11,20356,51
267,11,1158205,64
268,11,642954,59
269,11,13746,53
270,11,411497,111
271,11,431607,85
272,11,317074,54
273,11,229329,98
274,11,99483,54
275,11,263312,92
276,11,534397,76
277,11,7343,46
278,11,2649,47
279,11,1904,48
280,11,3050175,113
281,11,79818,102
282,11,976378,58
283,11,3265,50
284,11,104273,58
285,11,30237,52
286,11,465750,50
287,11,3428,49
288,11,39962,64
289,11,11241,46
290,11,563,50
291,11,91975,51
292,11,51978,48
293,11,64432,57
294,11,1892,53
295,11,80648,100
296,11,35600,50
297,11,68606,62
298,11,37057,50
299,11,6416,50
300,11,114352,67
301,11,440055,74
302,11,782511,80
303,11,40837,43
304,11,94398,56
305,11,267690,67
306,11,325306,108
307,11,11857,44
308,11,4228,44
309,11,30921,50
310,11,69063,45
311,11,13170,45
312,11,238472,48
313,11,11022,44
314,11,814,44
315,11,4493,44
316,11,7147,40
317,11,27545,58
318,11,34117,54
319,11,5558,49
320,11,4727,52
321,11,2696,48
322,11,72,50
323,11,8266,44
324,11,6073,47
325,11,3358,60
326,11,65144,61
327,11,224613,50
328,11,208577,45
329,11,42909,43
330,11,251899,49
331,11,32174,42
332,11,273010,44
333,11,12427,43
334,11,38159,40
335,11,238652,39
336,11,18506,44
337,11,3842,47
338,11,10464,51
339,11,113528,43
340,11,281839,45
341,11,258,55
342,11,2267,45
343,11,17232,53
344,11,14483,49
345,11,4642,51
346,11,9102,62
347,11,70128,48
348,11,23325,55
349,11,8725,56
350,11,288,55
351,11,242854,54
352,11,5462,49
353,11,159976,59
354,11,50427,59
355,11,279104,59
356,11,128601,56
357,11,1952132,63
358,11,18484,43
359,11,119451,58
360,11,34294,58
361,11,110222,48
362,11,60985,49
363,11,50469,64
364,11,251986,92
365,11,156142,89
366,11,2429,49
367,11,90323,83
368,11,2735,55
369,11,8513,49
370,11,782756,72
371,11,13075,57
372,11,1401313,124
373,11,18076,44
374,11,3655,44
375,11,7314,42
376,11,57570,45
377,11,4693,42
378,11,746084,48
379,11,2526,44
380,11,24609,45
381,11,17855,49
382,11,10418,42
383,11,86516,42
384,11,3451,42
385,11,3332,43
386,11,7568,43
387,11,7560,45
388,11,459,50
389,11,138910,51
390,11,101977,59
391,11,1156454,64
392,11,103180,50
393,11,1417367,68
394,11,46959,54
395,11,79959,60
396,11,175937,59
397,11,3789,50
398,11,5621,45
399,11,20738,44
400,11,808793,45
401,11,989,44
402,11,38407,51
403,11,26920,42
404,11,1411,45
405,11,154551,43
406,11,18239,44
407,11,5593,43
408,11,13713,46
409,11,36761,43
410,11,108465,44
411,11,18102,49
412,11,16372,47
413,11,67377,44
414,11,1599,64
415,11,49675,68
416,11,5747,45
417,11,1030984,70
418,11,2294,54
419,11,61769,62
420,11,836,50
421,11,16747,43
422,11,128307,40
423,11,288152,46
424,11,1290,50
425,11,949848,49
426,11,6560,42
427,11,681110,42
428,11,52357,40
429,11,3554,40
430,11,32466,45
431,11,4757,43
432,11,63101,59
433,11,1014679,50
434,11,2582,53
435,11,30104,49
436,11,9248,43
437,11,421967,57
438,11,29555,48
439,11,81812,40
440,11,5389,42
441,11,11816,43
442,11,2588,40
443,11,4246,43
444,11,4241,49
445,11,256338,45
446,11,3241,47
447,11,69549,48
448,11,17873,43
449,11,3684,45
450,11,86260,49
451,11,119933,45
452,11,9112,43
453,11,41188,68
454,11,593536,46
455,11,10229,43
456,11,173512,54
457,11,9617,44
458,11,73396,49
459,11,573861,50
460,11,8299,42
461,11,5820,44
462,11,135296,70
463,11,16339,47
464,11,46177,44
465,11,137869,68
466,11,1605,48
467,11,2932,42
468,11,1149449,57
469,11,652,55
470,11,6315,54
471,11,1232,47
472,11,76606,58
473,11,2716,43
474,11,15178,43
475,11,207599,55
476,11,42470,67
477,11,9600,44
478,11,335543,60
479,11,3842,43
480,11,1417849,68
481,11,13064,46
482,11,7503,47
483,11,164453,45
484,11,101878,48
485,11,6772,44
486,11,12464,56
487,11,7258,49
488,11,5556,57
489,11,7735,53
490,11,508224,46
491,11,5937,48
492,11,10019,52
493,11,27597,57
494,11,20945,45
495,11,2834,58
496,11,3625,54
497,11,949,49
498,11,324192,55
499,11,51611,59
500,11,23266,54
501,11,1541,50
502,11,6877,62
503,11,8104,44
504,11,63352,45
505,11,12534,58
506,11,28414,54
507,11,17374,59
508,11,6353,54
509,11,9770,44
510,11,4261,48
511,11,26771,45
512,11,9342,44
513,11,45218,55
514,11,1095,59
515,11,2035,49
516,11,9806,44
517,11,3822,44
518,11,12099,44
519,11,19510,43
520,11,1031,50
521,11,4745,44
522,11,199382,39
523,11,6217,44
524,11,194544,46
525,11,16797,40
526,11,18547,50
527,11,66461,45
528,11,405,45
529,11,1058,45
530,11,3846,40
531,11,383,45
532,11,4063,40
533,11,6939,40
534,11,417,45
535,11,811,45
536,11,2601,45
537,11,10633,40
538,11,6858,40
539,11,1647,45
540,11,194,45
541,11,2244,40
542,11,9135,40
543,11,328,50
544,11,6235,40
545,11,108,45
546,11,1074,40
547,11,67,45
548,11,39,45
549,11,0,50
550,11,0,50
1,12,85826,50
2,12,99308,48
3,12,5911,54
4,12,619128,54
5,12,74619,55
6,12,48849,44
7,12,79573,54
8,12,18850,49
9,12,50590,42
10,12,6010,47
11,12,54009,46
12,12,65145,51
13,12,348419,84
14,12,75940,74
15,12,73961,55
16,12,139034,43
17,12,208278,53
18,12,304133,67
19,12,26870,44
20,12,14898,44
21,12,36454,65
22,12,826027,97
23,12,957596,109
24,12,258599,45
25,12,360064,40
26,12,24355,44
27,12,520790,46
28,12,269707,42
29,12,64486,45
30,12,7330,43
31,12,293955,50
32,12,252338,39
33,12,11253,49
34,12,24262,43
35,12,9534,47
36,12,5915,60
37,12,4933,49
38,12,13332,51
39,12,12955,48
40,12,1480855,61
41,12,2455,45
42,12,166445,51
43,12,2080159,68
44,12,12517,49
45,12,145166,63
46,12,26182,56
47,12,370585,46
48,12,131165,44
49,12,424631,46
50,12,52045,44
51,12,11136,45
52,12,284586,39
53,12,95240,39
54,12,5565,42
55,12,64447,55
56,12,273212,44
57,12,61247,44
58,12,16412,50
59,12,95814,67
60,12,4724,48
61,12,7009,59
62,12,325807,66
63,12,4729,49
64,12,20302,45
65,12,6109,53
66,12,3009,50
67,12,6203,48
68,12,11131,49
69,12,19758,47
70,12,131882,48
71,12,38806,47
72,12,307472,48
73,12,21008,42
74,12,14495,44
75,12,6445,43
76,12,211018,60
77,12,1382,54
78,12,8945,53
79,12,1256,54
80,12,113455,45
81,12,1805,48
82,12,24268,47
83,12,60302,50
84,12,80214,53
85,12,22016,57
86,12,61855,45
87,12,14209,62
88,12,355794,45
89,12,5643,43
90,12,21670,48
91,12,61073,45
92,12,7348,45
93,12,63778,39
94,12,37373,45
95,12,113377,38
96,12,44858,39
97,12,1611,40
98,12,6196,47
99,12,5833,51
100,12,1212,48
101,12,15557,52
102,12,22263,44
103,12,5342,44
104,12,2897,44
105,12,22770,44
106,12,39833,48
107,12,19111,47
108,12,8553,45
109,12,65537,44
110,12,43458,52
111,12,31096,55
112,12,6998,48
113,12,571568,63
114,12,35861,51
115,12,2763455,70
116,12,311396,55
117,12,92093,56
118,12,261573,60
119,12,24704,50
120,12,8401,51
121,12,5985,52
122,12,2589761,113
123,12,23005,63
124,12,381940,74
125,12,251950,63
126,12,963292,49
127,12,586162,60
128,12,7257,47
129,12,4633,49
130,12,2776,44
131,12,94644,42
132,12,31293,52
133,12,121285,77
134,12,170929,87
135,12,357474,46
136,12,584643,40
137,12,7500,43
138,12,177999,43
139,12,538,44
140,12,347076,39
141,12,134366,45
142,12,218671,54
143,12,81369,50
144,12,3020,44
145,12,1613454,42
146,12,44054,43
147,12,46837,47
148,12,814,50
149,12,59376,57
150,12,156523,60
151,12,867635,68
152,12,28078,63
153,12,11529,48
154,12,843690,49
155,12,222721,40
156,12,42026,51
157,12,49378,52
158,12,29275,43
159,12,3202,45
160,12,8580,44
161,12,11167,43
162,12,122001,49
163,12,2841,45
164,12,277051,63
165,12,6057,58
166,12,1671,44
167,12,87975,43
168,12,17668,48
169,12,7857,52
170,12,5441,51
171,12,433,60
172,12,428156,75
173,12,544,50
174,12,2945,43
175,12,45475,53
176,12,19868,51
177,12,115347,66
178,12,32451,44
179,12,99712,40
180,12,6407,43
181,12,6313,44
182,12,36916,48
183,12,16301,44
184,12,150112,60
185,12,3714,52
186,12,5681,44
187,12,3189,44
188,12,10414,44
189,12,448874,43
190,12,477652,40
191,12,87912,44
192,12,119030,43
193,12,9022,44
194,12,3663,44
195,12,204475,44
196,12,94474,40
197,12,4081,44
198,12,8239,43
199,12,83668,52
200,12,2230,47
201,12,10930,44
202,12,128797,45
203,12,453,50
204,12,826,45
205,12,4165,43
206,12,2929,48
207,12,5918,48
208,12,10662,43
209,12,201972,43
210,12,30227,52
211,12,9589,58
212,12,4593,48
213,12,302918,50
214,12,5895,44
215,12,47601,45
216,12,26128,42
217,12,12777,42
218,12,59052,39
219,12,133908,51
220,12,754716,55
221,12,289070,50
222,12,17566,48
223,12,192250,87
224,12,27070,52
225,12,78751,54
226,12,13866,44
227,12,59453,49
228,12,2886,47
229,12,1056,44
230,12,5424,43
231,12,10934,48
232,12,2450,47
233,12,536125,69
234,12,297886,90
235,12,34124,52
236,12,101958,59
237,12,7266,48
238,12,5619,49
239,12,132980,49
240,12,16289,42
241,12,14382,46
242,12,245489,51
243,12,12677,49
244,12,2768,44
245,12,1029315,50
246,12,953960,59
247,12,1787503,64
248,12,2037,64
249,12,37091,53
250,12,42513,69
251,12,2086047,99
252,12,83265,55
253,12,2089855,130
254,12,289929,56
255,12,26452,55
256,12,107653,72
257,12,1063775,92
258,12,309407,55
259,12,15465,48
260,12,1545942,58
261,12,7119,49
262,12,378954,53
263,12,76702,52
264,12,157035,61
265,12,762749,65
266,12,20259,51
267,12,1140874,64
268,12,656584,59
269,12,13451,53
270,12,479375,111
271,12,435353,85
272,12,317363,54
273,12,199157,97
274,12,94082,54
275,12,269276,92
276,12,465359,76
277,12,7342,46
278,12,2680,47
279,12,1907,48
280,12,2983756,114
281,12,78374,101
282,12,949654,58
283,12,3299,50
284,12,100495,58
285,12,29749,51
286,12,433352,50
287,12,3582,49
288,12,38096,64
289,12,11128,46
290,12,564,50
291,12,89815,51
292,12,51916,48
293,12,64360,57
294,12,1801,53
295,12,80572,100
296,12,35947,50
297,12,67266,62
298,12,35442,49
299,12,6794,50
300,12,113308,67
301,12,608827,75
302,12,716444,80
303,12,41520,43
304,12,90465,56
305,12,275073,67
306,12,270750,107
307,12,11701,43
308,12,4211,44
309,12,33032,50
310,12,78892,45
311,12,12315,45
312,12,218223,48
313,12,12596,44
314,12,802,44
315,12,4435,44
316,12,7055,40
317,12,27316,58
318,12,30279,54
319,12,5604,49
320,12,4625,52
321,12,2633,48
322,12,74,50
323,12,8082,44
324,12,6356,47
325,12,3349,60
326,12,71507,61
327,12,207095,50
328,12,205596,45
329,12,42327,43
330,12,244835,48
331,12,31353,42
332,12,270458,44
333,12,12435,43
334,12,37254,40
335,12,239365,39
336,12,17316,44
337,12,3768,47
338,12,10224,51
339,12,116364,43
340,12,273274,45
341,12,261,55
342,12,2234,45
343,12,17004,53
344,12,13796,49
345,12,4527,51
346,12,8880,62
347,12,71298,48
348,12,22782,55
349,12,8640,56
350,12,286,55
351,12,244582,54
352,12,5401,48
353,12,158890,59
354,12,47757,59
355,12,266819,59
356,12,126785,56
357,12,1978224,63
358,12,18408,43
359,12,118051,58
360,12,34066,58
361,12,93385,48
362,12,57240,49
363,12,105188,65
364,12,244413,92
365,12,154212,89
366,12,2305,49
367,12,88112,83
368,12,2910,55
369,12,10049,49
370,12,806374,72
371,12,13084,56
372,12,1360259,124
373,12,17933,43
374,12,3623,44
375,12,7264,42
376,12,61399,45
377,12,4526,42
378,12,719011,48
379,12,2513,44
380,12,23296,45
381,12,17009,49
382,12,12685,42
383,12,115148,43
384,12,3415,42
385,12,3274,43
386,12,6813,43
387,12,7519,45
388,12,455,50
389,12,90812,51
390,12,98290,59
391,12,1190542,64
392,12,94294,50
393,12,1491101,69
394,12,51088,54
395,12,66175,60
396,12,156957,59
397,12,3821,50
398,12,5548,45
399,12,20523,43
400,12,817718,45
401,12,978,44
402,12,38140,51
403,12,26737,42
404,12,1382,45
405,12,155141,43
406,12,18645,44
407,12,5564,43
408,12,13267,46
409,12,37270,43
410,12,103540,44
411,12,15846,49
412,12,16340,47
413,12,66485,44
414,12,1579,64
415,12,49550,68
416,12,5641,45
417,12,1306843,71
418,12,2316,54
419,12,63482,62
420,12,836,50
421,12,16563,43
422,12,129186,40
423,12,275351,46
424,12,1277,50
425,12,944667,49
426,12,6445,42
427,12,670498,42
428,12,51154,40
429,12,3522,40
430,12,31719,45
431,12,4690,43
432,12,56393,59
433,12,1015314,50
434,12,2486,52
435,12,28653,49
436,12,8841,43
437,12,502333,57
438,12,28737,48
439,12,82337,40
440,12,5337,42
441,12,11253,43
442,12,2568,40
443,12,4229,43
444,12,4044,49
445,12,255722,45
446,12,3179,47
447,12,67087,48
448,12,20845,43
449,12,3622,45
450,12,95013,49
451,12,115593,45
452,12,9026,43
453,12,37285,68
454,12,582297,46
455,12,10018,42
456,12,152225,53
457,12,9542,44
458,12,78269,49
459,12,544678,50
460,12,8181,42
461,12,5653,44
462,12,145564,70
463,12,15553,47
464,12,54550,44
465,12,284567,69
466,12,1575,47
467,12,2910,42
468,12,1190625,57
469,12,645,55
470,12,6240,54
471,12,1185,46
472,12,70830,58
473,12,2526,43
474,12,15751,43
475,12,185506,55
476,12,41185,67
477,12,9916,43
478,12,282490,59
479,12,3783,42
480,12,1004351,66
481,12,12781,46
482,12,7411,46
483,12,176772,45
484,12,96659,48
485,12,6680,44
486,12,12248,56
487,12,7047,49
488,12,4458,57
489,12,7805,53
490,12,492527,45
491,12,5759,48
492,12,9287,52
493,12,27974,57
494,12,21461,45
495,12,2731,58
496,12,3566,54
497,12,956,48
498,12,322850,55
499,12,48958,59
500,12,21506,54
501,12,1516,50
502,12,6793,62
503,12,7828,44
504,12,86526,45
505,12,12174,58
506,12,28311,54
507,12,14702,59
508,12,6373,54
509,12,9899,44
510,12,4109,48
511,12,25941,45
512,12,9051,44
513,12,39486,55
514,12,1131,59
515,12,2042,49
516,12,14846,44
517,12,3769,44
518,12,11637,44
519,12,21485,43
520,12,1050,50
521,12,4728,44
522,12,211863,39
523,12,6149,44
524,12,210787,46
525,12,17247,40
526,12,14520,50
527,12,67973,45
528,12,412,45
529,12,1092,45
530,12,4185,40
531,12,397,45
532,12,4282,40
533,12,7395,40
534,12,423,45
535,12,817,45
536,12,2514,45
537,12,11350,40
538,12,7790,40
539,12,19775,45
540,12,240,45
541,12,2786,40
542,12,11779,40
543,12,484,50
544,12,8351,40
545,12,181,45
546,12,1777,40
547,12,118,45
548,12,102,45
549,12,84,50
550,12,124,50
551,12,0,45
552,12,0,50
1,13,83590,49
2,13,100630,48
3,13,5928,54
4,13,632967,54
5,13,62197,55
6,13,51185,44
7,13,79552,54
8,13,19825,49
9,13,50099,42
10,13,5904,47
11,13,51647,46
12,13,64910,51
13,13,313097,83
14,13,72169,74
15,13,71349,55
16,13,135551,43
17,13,206534,53
18,13,309936,67
19,13,26513,44
20,13,14727,44
21,13,33209,65
22,13,723170,97
23,13,878761,109
24,13,241037,45
25,13,360889,40
26,13,24682,44
27,13,503511,46
28,13,265563,42
29,13,43820,45
30,13,7450,43
31,13,289051,50
32,13,250280,39
33,13,11238,49
34,13,24543,43
35,13,9289,46
36,13,4679,60
37,13,4975,48
38,13,13261,51
39,13,12599,48
40,13,1537996,62
41,13,2448,45
42,13,164182,51
43,13,2140266,68
44,13,12459,49
45,13,129915,63
46,13,26217,56
47,13,367909,46
48,13,250915,45
49,13,437188,47
50,13,46330,44
51,13,11257,45
52,13,288541,38
53,13,93852,39
54,13,5455,42
55,13,58104,55
56,13,248414,44
57,13,62850,44
58,13,19731,50
59,13,94518,67
60,13,4614,48
61,13,7048,59
62,13,329141,67
63,13,4628,49
64,13,20171,45
65,13,5935,53
66,13,3189,50
67,13,6210,48
68,13,10989,49
69,13,20492,47
70,13,136703,48
71,13,36703,47
72,13,267323,48
73,13,23572,42
74,13,18482,44
75,13,6366,42
76,13,182267,60
77,13,1307,54
78,13,8761,53
79,13,1390,54
80,13,108707,45
81,13,1783,48
82,13,24062,47
83,13,58563,50
84,13,89947,53
85,13,21594,57
86,13,60670,45
87,13,15384,62
88,13,343174,45
89,13,5648,43
90,13,19940,47
91,13,74806,45
92,13,7295,45
93,13,62950,39
94,13,35762,45
95,13,143820,38
96,13,42883,39
97,13,1655,40
98,13,5967,47
99,13,5662,50
100,13,1179,48
101,13,65711,52
102,13,22302,44
103,13,5138,44
104,13,2848,44
105,13,21585,44
106,13,36807,48
107,13,17548,47
108,13,8458,45
109,13,67764,44
110,13,41441,52
111,13,30917,55
112,13,7018,47
113,13,572724,63
114,13,35617,51
115,13,2824438,71
116,13,350995,56
117,13,91107,56
118,13,301844,60
119,13,24580,50
120,13,8402,51
121,13,6091,52
122,13,2533334,112
123,13,23097,63
124,13,358829,74
125,13,237923,63
126,13,945674,49
127,13,489810,59
128,13,7227,47
129,13,4591,49
130,13,2787,44
131,13,102473,42
132,13,29795,52
133,13,120010,77
134,13,173007,87
135,13,345342,45
136,13,580592,40
137,13,7405,43
138,13,166863,43
139,13,540,44
140,13,352067,39
141,13,129261,44
142,13,213583,54
143,13,76455,50
144,13,3003,44
145,13,1546146,42
146,13,42976,43
147,13,46142,47
148,13,799,50
149,13,58736,57
150,13,154289,60
151,13,790992,67
152,13,27678,63
153,13,11859,48
154,13,916347,49
155,13,222092,40
156,13,41341,51
157,13,88827,52
158,13,29392,43
159,13,3172,45
160,13,8432,44
161,13,10377,43
162,13,222981,50
163,13,2789,45
164,13,283015,63
165,13,6018,58
166,13,1746,44
167,13,90024,43
168,13,18187,48
169,13,7742,52
170,13,5437,51
171,13,432,60
172,13,400642,74
173,13,540,50
174,13,2970,43
175,13,45841,53
176,13,19690,51
177,13,113951,66
178,13,31666,44
179,13,99326,40
180,13,6265,43
181,13,6730,44
182,13,35892,48
183,13,15032,43
184,13,147845,60
185,13,3644,51
186,13,5955,43
187,13,3142,44
188,13,10091,44
189,13,454827,43
190,13,485133,40
191,13,86361,44
192,13,128876,43
193,13,7537,44
194,13,3663,44
195,13,178592,44
196,13,91798,40
197,13,4110,44
198,13,8355,43
199,13,81656,51
200,13,2163,47
201,13,21443,44
202,13,126665,45
203,13,442,50
204,13,876,45
205,13,4109,43
206,13,5311,48
207,13,5831,48
208,13,10448,43
209,13,203442,43
210,13,28573,52
211,13,9478,58
212,13,4625,48
213,13,300852,50
214,13,5854,44
215,13,49960,45
216,13,25820,42
217,13,12678,42
218,13,58886,39
219,13,203612,51
220,13,623294,54
221,13,346711,50
222,13,18328,48
223,13,206050,86
224,13,26208,52
225,13,79462,54
226,13,12946,44
227,13,65505,49
228,13,2876,47
229,13,1064,44
230,13,5534,43
231,13,10867,48
232,13,2398,47
233,13,324369,68
234,13,245253,90
235,13,34276,52
236,13,86592,59
237,13,7283,48
238,13,5570,49
239,13,121589,49
240,13,16193,42
241,13,14379,46
242,13,252881,51
243,13,12348,49
244,13,2727,44
245,13,1227205,51
246,13,1021107,60
247,13,1987297,65
248,13,2081,64
249,13,36690,53
250,13,42170,69
251,13,2023486,99
252,13,82270,55
253,13,2135344,130
254,13,284000,56
255,13,26574,55
256,13,106552,72
257,13,1006917,92
258,13,257113,55
259,13,15465,47
260,13,1567760,58
261,13,7057,49
262,13,420521,53
263,13,76048,52
264,13,151275,61
265,13,829296,65
266,13,20330,51
267,13,669265,63
268,13,896778,60
269,13,19559,53
270,13,631071,112
271,13,585416,86
272,13,326238,54
273,13,193724,97
274,13,103363,54
275,13,266913,92
276,13,388047,75
277,13,7365,46
278,13,2666,47
279,13,1904,48
280,13,3191635,115
281,13,78758,101
282,13,936425,57
283,13,3386,50
284,13,110830,57
285,13,29509,51
286,13,349140,50
287,13,3863,49
288,13,39302,64
289,13,11197,46
290,13,563,50
291,13,88011,51
292,13,67204,48
293,13,76139,57
294,13,1921,53
295,13,81574,100
296,13,37331,50
297,13,70514,62
298,13,36820,49
299,13,7045,50
300,13,118356,67
301,13,863135,76
302,13,662775,79
303,13,40478,43
304,13,88106,55
305,13,288120,67
306,13,262923,107
307,13,11566,43
308,13,4188,44
309,13,34957,50
310,13,93123,45
311,13,12242,45
312,13,200909,47
313,13,11660,44
314,13,790,44
315,13,4385,44
316,13,6952,40
317,13,26978,58
318,13,28069,53
319,13,5533,49
320,13,4558,51
321,13,2608,48
322,13,73,50
323,13,7974,44
324,13,6565,47
325,13,3332,60
326,13,73341,61
327,13,196951,49
328,13,203889,45
329,13,41859,43
330,13,197154,48
331,13,32269,41
332,13,268327,44
333,13,12179,43
334,13,36314,40
335,13,233288,39
336,13,17531,44
337,13,3721,46
338,13,10044,51
339,13,113540,43
340,13,261618,45
341,13,262,55
342,13,2188,45
343,13,16725,53
344,13,13173,49
345,13,4514,51
346,13,8512,62
347,13,65669,48
348,13,24864,55
349,13,13997,56
350,13,289,55
351,13,244035,54
352,13,5423,48
353,13,167969,59
354,13,45934,58
355,13,258565,59
356,13,127513,56
357,13,1446289,62
358,13,18476,42
359,13,101698,58
360,13,35410,58
361,13,90970,48
362,13,53996,49
363,13,84115,64
364,13,237742,92
365,13,154585,89
366,13,2455,49
367,13,84037,83
368,13,2916,55
369,13,10741,49
370,13,729073,71
371,13,13296,56
372,13,1291886,123
373,13,17847,43
374,13,3632,44
375,13,7195,42
376,13,59659,45
377,13,4387,42
378,13,715342,48
379,13,2500,44
380,13,22153,44
381,13,16137,49
382,13,15607,42
383,13,106798,43
384,13,3407,42
385,13,3252,43
386,13,6017,43
387,13,7559,45
388,13,470,50
389,13,82978,51
390,13,90965,59
391,13,1073084,64
392,13,77966,50
393,13,1847893,70
394,13,49165,54
395,13,57626,60
396,13,150520,59
397,13,3963,50
398,13,5501,45
399,13,20425,43
400,13,806034,45
401,13,1010,44
402,13,37420,51
403,13,26301,42
404,13,1367,45
405,13,150052,43
406,13,18641,44
407,13,5568,43
408,13,12261,46
409,13,36646,43
410,13,98173,44
411,13,15397,49
412,13,16258,47
413,13,65197,44
414,13,1606,64
415,13,49173,68
416,13,5546,45
417,13,1245910,71
418,13,2550,54
419,13,62767,62
420,13,824,50
421,13,16425,43
422,13,129162,40
423,13,306477,46
424,13,1264,50
425,13,1026622,49
426,13,6376,42
427,13,692493,42
428,13,49698,40
429,13,3474,40
430,13,36036,45
431,13,9340,43
432,13,55394,59
433,13,1045838,50
434,13,12503,52
435,13,29526,49
436,13,8586,43
437,13,875549,59
438,13,29272,47
439,13,82639,40
440,13,5238,42
441,13,11131,43
442,13,2539,40
443,13,4194,43
444,13,3928,49
445,13,244398,45
446,13,3100,47
447,13,65500,48
448,13,22053,43
449,13,3585,45
450,13,97599,49
451,13,112263,45
452,13,8947,43
453,13,35336,68
454,13,596653,46
455,13,10672,42
456,13,142147,53
457,13,9472,44
458,13,95463,49
459,13,517545,50
460,13,8166,42
461,13,5598,44
462,13,169542,70
463,13,14991,47
464,13,53291,44
465,13,325688,69
466,13,1533,47
467,13,2916,42
468,13,1188471,57
469,13,639,55
470,13,6176,54
471,13,1175,46
472,13,66685,58
473,13,2448,42
474,13,16359,43
475,13,180322,54
476,13,40001,67
477,13,10167,43
478,13,287352,59
479,13,3839,42
480,13,989148,66
481,13,12597,46
482,13,7425,46
483,13,141205,45
484,13,176386,48
485,13,6644,44
486,13,12126,56
487,13,7247,49
488,13,3865,57
489,13,6193,53
490,13,533708,45
491,13,5574,48
492,13,8797,52
493,13,77024,57
494,13,29805,45
495,13,2706,58
496,13,3520,54
497,13,952,48
498,13,317575,55
499,13,46709,59
500,13,20929,53
501,13,1491,50
502,13,6842,62
503,13,7847,43
504,13,97869,45
505,13,12352,57
506,13,39122,54
507,13,16339,59
508,13,6730,54
509,13,11049,44
510,13,3994,48
511,13,25662,45
512,13,8529,44
513,13,38472,55
514,13,1162,59
515,13,2064,49
516,13,23641,44
517,13,3720,44
518,13,11245,44
519,13,22027,43
520,13,1077,50
521,13,4696,44
522,13,215511,39
523,13,6094,44
524,13,219547,46
525,13,17571,40
526,13,15368,50
527,13,68307,45
528,13,429,45
529,13,1155,45
530,13,4315,40
531,13,409,45
532,13,4549,40
533,13,7905,40
534,13,434,45
535,13,1545,45
536,13,2425,45
537,13,11973,40
538,13,8562,40
539,13,18548,45
540,13,282,45
541,13,3490,40
542,13,14871,40
543,13,659,50
544,13,8351,40
545,13,208,45
546,13,2364,40
547,13,172,45
548,13,153,45
549,13,30215,50
550,13,389,50
551,13,538,45
552,13,248,50
553,13,0,40
1,14,82400,49
2,14,101270,48
3,14,5944,54
4,14,619629,54
5,14,56402,54
6,14,51809,44
7,14,78253,54
8,14,28402,49
9,14,49661,42
10,14,5885,47
11,14,50998,45
12,14,64905,51
13,14,269697,83
14,14,68324,73
15,14,70314,55
16,14,135315,43
17,14,202658,53
18,14,305368,67
19,14,26396,44
20,14,14674,44
21,14,32472,65
22,14,545908,96
23,14,903681,109
24,14,238344,45
25,14,360932,40
26,14,24498,44
27,14,491156,46
28,14,262826,42
29,14,38386,45
30,14,7459,43
31,14,282285,50
32,14,248603,39
33,14,11253,49
34,14,24699,43
35,14,9217,46
36,14,4642,60
37,14,4979,48
38,14,13175,50
39,14,12398,48
40,14,1496185,62
41,14,2449,45
42,14,175892,51
43,14,2064869,68
44,14,12449,49
45,14,139560,63
46,14,26126,56
47,14,360935,46
48,14,271388,45
49,14,441069,47
50,14,44480,44
51,14,10973,45
52,14,294125,38
53,14,93130,39
54,14,5387,42
55,14,61598,55
56,14,241314,44
57,14,65161,44
58,14,19427,50
59,14,95790,67
60,14,4667,48
61,14,6951,59
62,14,378731,67
63,14,4582,49
64,14,20092,45
65,14,5974,53
66,14,3415,50
67,14,6187,48
68,14,10908,49
69,14,19860,47
70,14,132258,48
71,14,35884,47
72,14,252657,47
73,14,23152,42
74,14,17295,44
75,14,6306,42
76,14,171323,59
77,14,1352,54
78,14,8643,53
79,14,1428,54
80,14,105271,45
81,14,1770,48
82,14,23843,47
83,14,55953,50
84,14,105208,53
85,14,21129,56
86,14,60112,45
87,14,15015,62
88,14,340375,45
89,14,5637,43
90,14,20227,47
91,14,78138,45
92,14,7403,44
93,14,62460,39
94,14,34902,45
95,14,154272,38
96,14,42264,39
97,14,1658,40
98,14,5927,47
99,14,5592,50
100,14,1169,48
101,14,86514,52
102,14,22684,44
103,14,5059,44
104,14,2986,43
105,14,21294,44
106,14,35530,48
107,14,16958,47
108,14,8419,45
109,14,68129,44
110,14,39913,52
111,14,30825,55
112,14,7043,47
113,14,583683,63
114,14,35478,51
115,14,2844323,71
116,14,359538,56
117,14,89992,56
118,14,304758,60
119,14,24522,50
120,14,8381,51
121,14,6135,52
122,14,2165509,111
123,14,23137,63
124,14,373878,74
125,14,237542,63
126,14,943914,49
127,14,444426,59
128,14,7225,47
129,14,4580,49
130,14,2802,44
131,14,109007,42
132,14,29119,52
133,14,126982,77
134,14,183505,87
135,14,380136,45
136,14,578545,40
137,14,7477,42
138,14,168949,43
139,14,541,44
140,14,349154,39
141,14,126844,44
142,14,227840,54
143,14,78261,49
144,14,3000,44
145,14,1615940,42
146,14,42408,43
147,14,49877,47
148,14,797,50
149,14,64278,57
150,14,159825,60
151,14,850526,67
152,14,27503,63
153,14,11871,48
154,14,913356,50
155,14,222183,40
156,14,40697,51
157,14,87652,52
158,14,29229,43
159,14,3161,45
160,14,8300,44
161,14,10058,43
162,14,236307,50
163,14,2769,45
164,14,271271,63
165,14,6014,58
166,14,1804,44
167,14,91043,43
168,14,18325,48
169,14,7631,52
170,14,5457,51
171,14,431,60
172,14,444047,74
173,14,538,50
174,14,3038,43
175,14,43995,53
176,14,19526,50
177,14,109978,66
178,14,30712,44
179,14,99853,40
180,14,6142,42
181,14,6473,44
182,14,35502,48
183,14,14679,43
184,14,152971,60
185,14,3605,51
186,14,6414,43
187,14,3122,44
188,14,9970,44
189,14,465634,43
190,14,489223,40
191,14,91191,44
192,14,166724,43
193,14,7182,44
194,14,3732,44
195,14,176017,44
196,14,90661,40
197,14,4647,44
198,14,8651,43
199,14,123477,51
200,14,2128,47
201,14,26762,44
202,14,132700,45
203,14,442,50
204,14,914,45
205,14,4126,43
206,14,7689,48
207,14,5798,48
208,14,10395,43
209,14,205493,43
210,14,27406,51
211,14,11874,58
212,14,4640,48
213,14,300675,50
214,14,5836,44
215,14,50514,45
216,14,25600,42
217,14,12612,42
218,14,58588,39
219,14,207062,52
220,14,594830,54
221,14,346810,50
222,14,19005,48
223,14,178933,86
224,14,25923,51
225,14,77266,54
226,14,12620,44
227,14,61863,49
228,14,2786,47
229,14,1064,44
230,14,5587,43
231,14,10818,48
232,14,2391,47
233,14,307246,68
234,14,258324,89
235,14,34772,52
236,14,84624,59
237,14,7276,48
238,14,5541,49
239,14,121641,49
240,14,16004,42
241,14,14339,46
242,14,224126,51
243,14,12198,49
244,14,2701,44
245,14,1465221,52
246,14,1033330,60
247,14,2009873,65
248,14,2104,64
249,14,35733,53
250,14,41693,69
251,14,2018431,99
252,14,83746,55
253,14,2120181,130
254,14,272636,56
255,14,26376,55
256,14,105624,72
257,14,1026529,92
258,14,226971,54
259,14,15365,47
260,14,1577026,58
261,14,7022,49
262,14,405500,53
263,14,75039,52
264,14,152864,61
265,14,846802,65
266,14,20236,51
267,14,556979,63
268,14,963418,61
269,14,29128,53
270,14,991157,114
271,14,691891,87
272,14,325692,54
273,14,192311,97
274,14,99686,54
275,14,463012,93
276,14,323675,75
277,14,7353,46
278,14,2676,47
279,14,1906,48
280,14,3172232,115
281,14,77791,101
282,14,933072,57
283,14,3407,50
284,14,112246,57
285,14,29531,51
286,14,353446,50
287,14,3849,49
288,14,39523,64
289,14,11618,46
290,14,563,50
291,14,87119,51
292,14,57014,48
293,14,75296,57
294,14,2134,53
295,14,79076,100
296,14,38056,50
297,14,68854,62
298,14,38209,49
299,14,6962,50
300,14,117624,67
301,14,903156,76
302,14,652697,79
303,14,40060,43
304,14,86509,55
305,14,284882,67
306,14,262091,107
307,14,11503,43
308,14,4146,44
309,14,35382,50
310,14,94516,45
311,14,14297,45
312,14,195584,47
313,14,10458,44
314,14,793,44
315,14,4365,44
316,14,6905,40
317,14,28296,58
318,14,27834,53
319,14,5580,49
320,14,4520,51
321,14,2582,48
322,14,73,50
323,14,8164,43
324,14,6758,47
325,14,3324,60
326,14,74910,61
327,14,194701,49
328,14,199951,45
329,14,41589,43
330,14,192157,48
331,14,35305,41
332,14,264152,44
333,14,11858,43
334,14,35892,40
335,14,230158,39
336,14,16977,44
337,14,3698,46
338,14,9898,51
339,14,111852,43
340,14,254792,45
341,14,261,55
342,14,2166,45
343,14,16232,52
344,14,13184,48
345,14,10506,51
346,14,8406,62
347,14,63563,48
348,14,24939,55
349,14,13212,56
350,14,288,55
351,14,244658,54
352,14,5428,48
353,14,172124,59
354,14,45648,58
355,14,258812,59
356,14,128126,56
357,14,1276030,61
358,14,18497,42
359,14,95752,58
360,14,36469,58
361,14,91335,48
362,14,53014,49
363,14,69739,64
364,14,255245,92
365,14,177533,89
366,14,2462,49
367,14,106123,83
368,14,2941,55
369,14,12989,49
370,14,650532,71
371,14,13332,56
372,14,1308614,123
373,14,17773,43
374,14,3604,44
375,14,7151,42
376,14,59074,45
377,14,4379,42
378,14,681569,47
379,14,2493,44
380,14,21567,44
381,14,15876,49
382,14,16117,42
383,14,103573,43
384,14,3396,42
385,14,3246,43
386,14,5870,43
387,14,7468,45
388,14,464,50
389,14,81939,51
390,14,88691,59
391,14,1046160,64
392,14,74916,50
393,14,1776219,70
394,14,49003,54
395,14,54950,60
396,14,150098,59
397,14,3984,50
398,14,5477,45
399,14,20352,43
400,14,808992,45
401,14,984,44
402,14,37336,51
403,14,26085,42
404,14,1363,45
405,14,149395,43
406,14,18899,44
407,14,5550,43
408,14,11814,46
409,14,36637,43
410,14,96297,44
411,14,15129,49
412,14,16893,47
413,14,65918,44
414,14,1593,64
415,14,49594,68
416,14,5494,45
417,14,1256024,71
418,14,3073,54
419,14,62668,62
420,14,822,50
421,14,16326,43
422,14,129461,40
423,14,301365,46
424,14,1259,50
425,14,1025378,49
426,14,6319,42
427,14,686310,42
428,14,49116,40
429,14,3463,40
430,14,35406,45
431,14,9869,43
432,14,54409,59
433,14,1034152,50
434,14,11054,52
435,14,29119,49
436,14,8485,43
437,14,914111,59
438,14,29007,47
439,14,82745,40
440,14,5305,42
441,14,11069,43
442,14,2519,40
443,14,4178,43
444,14,3926,49
445,14,242960,45
446,14,3059,47
447,14,65196,48
448,14,23919,43
449,14,3565,45
450,14,98854,49
451,14,110363,45
452,14,8911,43
453,14,34619,68
454,14,589085,46
455,14,11379,42
456,14,135987,53
457,14,9436,44
458,14,102020,49
459,14,504602,49
460,14,8153,42
461,14,7406,44
462,14,167884,70
463,14,14635,46
464,14,56639,44
465,14,403580,70
466,14,1503,47
467,14,2992,42
468,14,1192504,57
469,14,636,55
470,14,6154,54
471,14,1154,46
472,14,64710,58
473,14,2416,42
474,14,16481,43
475,14,173195,54
476,14,39487,67
477,14,10373,43
478,14,296696,59
479,14,3764,42
480,14,1052794,66
481,14,12470,46
482,14,7479,46
483,14,117029,44
484,14,171985,49
485,14,6594,44
486,14,12391,56
487,14,7095,49
488,14,3730,57
489,14,6123,53
490,14,527646,45
491,14,5563,48
492,14,8318,51
493,14,92481,57
494,14,25926,45
495,14,2650,58
496,14,3503,54
497,14,963,48
498,14,326353,55
499,14,46699,58
500,14,20575,53
501,14,1483,50
502,14,6861,62
503,14,7721,43
504,14,104212,45
505,14,12444,57
506,14,40371,54
507,14,14828,59
508,14,7338,54
509,14,11449,44
510,14,4003,48
511,14,25426,45
512,14,7920,44
513,14,36355,55
514,14,1196,59
515,14,2064,49
516,14,30125,44
517,14,3695,44
518,14,11080,44
519,14,22828,43
520,14,1085,50
521,14,4684,44
522,14,220240,39
523,14,6065,44
524,14,228059,46
525,14,17711,40
526,14,14770,50
527,14,69401,45
528,14,424,45
529,14,1178,45
530,14,4165,40
531,14,429,45
532,14,4573,40
533,14,8040,40
534,14,446,45
535,14,1651,45
536,14,2421,45
537,14,12172,40
538,14,8696,40
539,14,18707,45
540,14,299,45
541,14,3681,40
542,14,15675,40
543,14,686,50
544,14,8122,40
545,14,238,45
546,14,2534,40
547,14,188,45
548,14,178,45
549,14,31956,50
550,14,428,50
551,14,845,45
552,14,377,50
553,14,1293,40
554,14,4,50
555,14,0,45
556,14,0,40
1,15,81015,49
2,15,103367,48
3,15,5977,54
4,15,614095,54
5,15,52574,54
6,15,54139,44
7,15,76706,54
8,15,37703,49
9,15,50377,42
10,15,5856,47
11,15,50753,45
12,15,65200,51
13,15,211143,82
14,15,73431,73
15,15,67932,55
16,15,133690,43
17,15,176988,53
18,15,299550,67
19,15,26208,44
20,15,14481,44
21,15,31868,65
22,15,524253,96
23,15,1430386,111
24,15,240526,45
25,15,360749,40
26,15,28784,44
27,15,493275,46
28,15,263491,42
29,15,33879,45
30,15,7571,43
31,15,284186,50
32,15,245940,39
33,15,11280,49
34,15,24717,43
35,15,9250,46
36,15,4858,60
37,15,4750,48
38,15,13156,50
39,15,12429,48
40,15,1565735,62
41,15,2446,45
42,15,197673,52
43,15,2254459,69
44,15,12418,49
45,15,159398,63
46,15,26012,56
47,15,353949,46
48,15,273850,45
49,15,478729,47
50,15,40340,44
51,15,10545,45
52,15,296239,38
53,15,95945,38
54,15,5290,42
55,15,55918,55
56,15,231036,44
57,15,62788,44
58,15,74310,50
59,15,95767,67
60,15,4715,48
61,15,6763,59
62,15,355998,67
63,15,4536,49
64,15,19999,45
65,15,5958,53
66,15,8119,50
67,15,6169,48
68,15,10825,49
69,15,19102,47
70,15,124660,48
71,15,35086,47
72,15,244156,47
73,15,22932,42
74,15,16360,44
75,15,6236,42
76,15,158213,59
77,15,1421,54
78,15,8546,53
79,15,1276,54
80,15,98890,45
81,15,1762,48
82,15,23478,46
83,15,51555,50
84,15,103761,53
85,15,20503,56
86,15,59368,45
87,15,14468,62
88,15,334299,45
89,15,5625,43
90,15,21132,47
91,15,77491,45
92,15,7329,44
93,15,61637,39
94,15,33669,45
95,15,164908,38
96,15,41176,39
97,15,1666,40
98,15,5825,47
99,15,6242,50
100,15,1180,48
101,15,79940,53
102,15,41012,44
103,15,4948,44
104,15,3102,43
105,15,21270,43
106,15,32794,48
107,15,16335,47
108,15,8355,45
109,15,67272,44
110,15,41085,52
111,15,30772,55
112,15,7047,47
113,15,586464,63
114,15,35373,51
115,15,2834411,71
116,15,366008,56
117,15,88621,56
118,15,311938,60
119,15,24433,50
120,15,8460,51
121,15,6211,52
122,15,2079731,110
123,15,23230,63
124,15,336922,74
125,15,283653,63
126,15,963782,49
127,15,306061,58
128,15,7191,47
129,15,4572,49
130,15,2801,44
131,15,117163,42
132,15,32454,52
133,15,126304,77
134,15,153137,87
135,15,398504,45
136,15,575731,40
137,15,7530,42
138,15,169858,43
139,15,561,44
140,15,344149,39
141,15,123405,44
142,15,234661,54
143,15,80358,49
144,15,2967,44
145,15,1680096,42
146,15,41702,43
147,15,80455,47
148,15,795,50
149,15,126038,57
150,15,157354,60
151,15,829626,67
152,15,27308,63
153,15,11960,48
154,15,932329,50
155,15,221845,40
156,15,40154,51
157,15,95988,52
158,15,29052,43
159,15,3149,45
160,15,8136,44
161,15,9959,43
162,15,273872,50
163,15,2731,45
164,15,271159,63
165,15,5999,58
166,15,1857,44
167,15,88702,43
168,15,18575,48
169,15,7613,52
170,15,5861,51
171,15,432,60
172,15,520285,75
173,15,533,50
174,15,3036,43
175,15,43111,53
176,15,19331,50
177,15,107371,66
178,15,29806,44
179,15,100550,40
180,15,6040,42
181,15,6378,44
182,15,35635,48
183,15,14093,43
184,15,153203,60
185,15,3569,51
186,15,6445,43
187,15,3099,44
188,15,9774,44
189,15,468735,43
190,15,495091,40
191,15,91985,44
192,15,175310,43
193,15,6783,44
194,15,3695,44
195,15,176176,44
196,15,88998,40
197,15,4483,44
198,15,8694,43
199,15,124991,51
200,15,2100,47
201,15,28290,44
202,15,136909,45
203,15,442,50
204,15,937,45
205,15,4092,43
206,15,7177,48
207,15,5706,48
208,15,10019,43
209,15,202983,43
210,15,27109,51
211,15,9260,58
212,15,4618,48
213,15,300557,50
214,15,5808,44
215,15,53582,45
216,15,25339,42
217,15,12504,42
218,15,58061,39
219,15,214648,52
220,15,565009,54
221,15,392972,51
222,15,20810,48
223,15,167185,85
224,15,26955,51
225,15,74346,54
226,15,12249,44
227,15,59543,49
228,15,2790,47
229,15,1060,44
230,15,5564,43
231,15,10759,48
232,15,2393,46
233,15,335560,68
234,15,249688,89
235,15,34469,52
236,15,78957,59
237,15,7275,48
238,15,5521,49
239,15,116599,49
240,15,16515,42
241,15,14302,46
242,15,229628,51
243,15,12066,49
244,15,2683,44
245,15,1667812,53
246,15,1107110,60
247,15,1907187,65
248,15,2137,64
249,15,35491,53
250,15,41439,69
251,15,1774662,98
252,15,84434,55
253,15,2077373,130
254,15,257156,56
255,15,26429,55
256,15,105037,72
257,15,989784,92
258,15,198028,54
259,15,15154,47
260,15,1567759,58
261,15,6993,49
262,15,383198,53
263,15,74217,52
264,15,153869,61
265,15,825489,65
266,15,20542,51
267,15,504166,62
268,15,988417,61
269,15,28924,53
270,15,1231872,115
271,15,694905,87
272,15,321615,54
273,15,191284,97
274,15,143912,54
275,15,626720,94
276,15,397163,75
277,15,7318,46
278,15,2685,47
279,15,1893,48
280,15,2196077,114
281,15,96472,101
282,15,914392,57
283,15,3427,50
284,15,100276,57
285,15,29564,51
286,15,325470,50
287,15,3937,49
288,15,39738,64
289,15,11237,46
290,15,567,50
291,15,85922,51
292,15,49957,48
293,15,67229,57
294,15,2264,53
295,15,77013,100
296,15,37790,50
297,15,65918,62
298,15,39290,49
299,15,9010,50
300,15,115795,67
301,15,723350,76
302,15,620856,79
303,15,40671,43
304,15,84755,55
305,15,291210,67
306,15,261849,107
307,15,11401,43
308,15,4127,44
309,15,33887,50
310,15,90028,45
311,15,13683,45
312,15,191403,47
313,15,9620,44
314,15,790,44
315,15,4347,44
316,15,6836,40
317,15,25169,58
318,15,27458,53
319,15,5495,49
320,15,4483,51
321,15,2549,48
322,15,72,50
323,15,8176,43
324,15,6822,47
325,15,3313,60
326,15,70473,61
327,15,189841,49
328,15,194267,45
329,15,41249,43
330,15,179420,48
331,15,38617,41
332,15,267762,44
333,15,11652,43
334,15,35341,40
335,15,225170,39
336,15,16421,43
337,15,3659,46
338,15,9774,51
339,15,107758,43
340,15,244670,45
341,15,261,55
342,15,2138,45
343,15,16669,52
344,15,12803,48
345,15,32191,51
346,15,8260,61
347,15,60899,48
348,15,24350,55
349,15,12636,56
350,15,289,55
351,15,250415,54
352,15,5400,48
353,15,180005,59
354,15,47739,58
355,15,255477,59
356,15,131855,56
357,15,1167583,61
358,15,18489,42
359,15,91767,58
360,15,39081,58
361,15,102391,48
362,15,52027,49
363,15,46785,63
364,15,303406,92
365,15,199375,89
366,15,2483,49
367,15,166983,83
368,15,3003,55
369,15,15748,49
370,15,588913,70
371,15,13355,56
372,15,1616861,124
373,15,17692,43
374,15,3572,44
375,15,7055,42
376,15,56315,45
377,15,4336,42
378,15,654709,47
379,15,2469,44
380,15,20802,44
381,15,15705,49
382,15,15733,42
383,15,95227,42
384,15,3369,42
385,15,3209,43
386,15,5512,43
387,15,7350,45
388,15,480,50
389,15,57900,50
390,15,82749,59
391,15,925140,63
392,15,69559,50
393,15,1847687,70
394,15,41331,54
395,15,50925,60
396,15,144835,59
397,15,3982,50
398,15,5419,45
399,15,20341,43
400,15,854234,45
401,15,974,44
402,15,36617,51
403,15,25771,42
404,15,1351,45
405,15,159147,43
406,15,22307,44
407,15,5534,43
408,15,11484,46
409,15,42983,43
410,15,100002,43
411,15,15159,49
412,15,17972,47
413,15,65093,44
414,15,1601,64
415,15,49264,68
416,15,5424,45
417,15,1382838,72
418,15,3240,54
419,15,116574,62
420,15,821,50
421,15,16204,43
422,15,129840,40
423,15,282419,46
424,15,1251,50
425,15,1036181,49
426,15,6229,42
427,15,652883,42
428,15,48196,40
429,15,3422,40
430,15,33752,45
431,15,9209,43
432,15,53071,59
433,15,851426,50
434,15,8988,52
435,15,27755,48
436,15,8339,43
437,15,865866,60
438,15,28391,47
439,15,83100,40
440,15,5454,42
441,15,10991,43
442,15,2497,40
443,15,4155,42
444,15,4017,49
445,15,233706,45
446,15,3001,47
447,15,66306,48
448,15,24812,43
449,15,3530,45
450,15,139796,49
451,15,107496,45
452,15,8836,43
453,15,34006,68
454,15,558133,46
455,15,11769,42
456,15,131922,52
457,15,9386,44
458,15,97637,49
459,15,490907,49
460,15,8156,42
461,15,6929,44
462,15,166997,70
463,15,14409,46
464,15,64197,44
465,15,694223,71
466,15,1489,47
467,15,2882,42
468,15,1223672,57
469,15,634,55
470,15,6116,54
471,15,1140,46
472,15,64186,58
473,15,2386,42
474,15,16735,43
475,15,161117,54
476,15,39103,67
477,15,10272,43
478,15,264835,59
479,15,3634,42
480,15,1087608,66
481,15,12304,46
482,15,7382,46
483,15,99742,44
484,15,197216,49
485,15,6568,44
486,15,12921,56
487,15,7096,48
488,15,3667,57
489,15,8977,53
490,15,512418,45
491,15,5559,48
492,15,7783,51
493,15,86120,57
494,15,26354,45
495,15,2595,57
496,15,3476,54
497,15,962,48
498,15,331769,55
499,15,46647,58
500,15,19977,53
501,15,1472,50
502,15,6852,62
503,15,7541,43
504,15,101673,46
505,15,12334,57
506,15,49429,54
507,15,16943,59
508,15,11063,54
509,15,12306,44
510,15,3989,48
511,15,25095,45
512,15,7392,44
513,15,34634,55
514,15,1199,59
515,15,2073,49
516,15,29806,44
517,15,3654,44
518,15,10863,44
519,15,22581,43
520,15,1105,49
521,15,4675,44
522,15,220488,39
523,15,6641,43
524,15,226442,46
525,15,17580,40
526,15,14340,50
527,15,73963,45
528,15,426,45
529,15,1206,45
530,15,4218,40
531,15,433,45
532,15,4582,40
533,15,8291,40
534,15,434,44
535,15,1573,45
536,15,2348,45
537,15,12462,40
538,15,8881,40
539,15,15665,45
540,15,320,45
541,15,3836,40
542,15,16346,40
543,15,2307,50
544,15,7758,40
545,15,261,45
546,15,2667,40
547,15,195,45
548,15,185,45
549,15,43550,50
550,15,1176,50
551,15,1017,45
552,15,452,50
553,15,3035,40
554,15,42,50
555,15,92,45
556,15,2460,40
557,15,0,50
558,15,0,40
1,16,80100,49
2,16,124446,48
3,16,6103,54
4,16,720517,54
5,16,50340,54
6,16,43793,44
7,16,116107,54
8,16,145750,50
9,16,51066,42
10,16,5824,47
11,16,51463,45
12,16,69304,51
13,16,183661,81
14,16,69020,73
15,16,72209,55
16,16,131417,43
17,16,179057,53
18,16,312440,67
19,16,26014,44
20,16,14280,44
21,16,31422,65
22,16,659811,96
23,16,2085226,114
24,16,234542,45
25,16,360048,40
26,16,27720,44
27,16,478221,46
28,16,258123,42
29,16,30683,44
30,16,7564,43
31,16,277022,50
32,16,242994,39
33,16,11301,49
34,16,24699,43
35,16,9004,46
36,16,4647,60
37,16,4545,48
38,16,13018,50
39,16,10838,48
40,16,1662098,63
41,16,2432,45
42,16,182498,52
43,16,2403986,70
44,16,12255,49
45,16,153190,63
46,16,25762,56
47,16,345912,46
48,16,301263,45
49,16,337091,47
50,16,37686,44
51,16,10183,45
52,16,297457,38
53,16,98284,38
54,16,8039,42
55,16,51240,55
56,16,225320,44
57,16,57278,44
58,16,90074,51
59,16,95017,67
60,16,4754,48
61,16,6263,59
62,16,292575,67
63,16,4484,49
64,16,19911,45
65,16,5896,53
66,16,19787,50
67,16,6138,48
68,16,10750,49
69,16,18727,47
70,16,124908,47
71,16,34118,47
72,16,241479,47
73,16,22913,42
74,16,17008,44
75,16,6326,42
76,16,167243,59
77,16,1361,54
78,16,8418,53
79,16,1361,54
80,16,95694,45
81,16,1748,48
82,16,26583,46
83,16,48485,50
84,16,103245,53
85,16,21403,56
86,16,58537,45
87,16,14718,62
88,16,330218,45
89,16,5597,43
90,16,27704,47
91,16,82440,45
92,16,7611,44
93,16,66235,38
94,16,33061,45
95,16,174959,38
96,16,39993,39
97,16,1661,40
98,16,5737,47
99,16,6511,50
100,16,1198,48
101,16,82870,53
102,16,47886,44
103,16,4835,44
104,16,3191,43
105,16,20691,43
106,16,37273,48
107,16,15656,46
108,16,8242,45
109,16,64479,44
110,16,38319,52
111,16,30664,55
112,16,7033,47
113,16,575110,63
114,16,35177,51
115,16,2710631,71
116,16,345198,56
117,16,87529,56
118,16,297383,60
119,16,24344,50
120,16,8390,51
121,16,6230,52
122,16,1995772,109
123,16,23232,63
124,16,308391,73
125,16,269600,63
126,16,952692,49
127,16,246417,57
128,16,7146,47
129,16,4555,49
130,16,2775,44
131,16,122789,42
132,16,44895,52
133,16,123902,77
134,16,133670,86
135,16,397069,45
136,16,571585,40
137,16,7579,42
138,16,166760,43
139,16,574,44
140,16,339804,39
141,16,120158,44
142,16,235654,54
143,16,80951,49
144,16,2941,44
145,16,1717750,43
146,16,40538,43
147,16,89836,47
148,16,787,50
149,16,128295,57
150,16,165970,60
151,16,826515,67
152,16,27114,63
153,16,11765,48
154,16,940510,50
155,16,221190,40
156,16,39600,51
157,16,98420,52
158,16,28903,43
159,16,3136,45
160,16,8033,44
161,16,9871,43
162,16,296349,51
163,16,2704,45
164,16,258000,63
165,16,5991,58
166,16,1883,44
167,16,83767,43
168,16,18506,48
169,16,7493,52
170,16,5949,51
171,16,432,60
172,16,538460,75
173,16,531,50
174,16,3078,43
175,16,41461,53
176,16,19088,50
177,16,105754,66
178,16,29051,44
179,16,101357,40
180,16,5956,42
181,16,6345,44
182,16,34560,48
183,16,13806,43
184,16,150117,60
185,16,3526,51
186,16,6203,43
187,16,3077,44
188,16,9564,44
189,16,484582,43
190,16,499419,40
191,16,92090,44
192,16,180400,43
193,16,6539,44
194,16,3665,44
195,16,177767,44
196,16,87282,40
197,16,4428,44
198,16,16278,43
199,16,121106,51
200,16,2058,47
201,16,30054,44
202,16,117869,45
203,16,437,50
204,16,957,45
205,16,3841,43
206,16,6917,48
207,16,5658,48
208,16,9799,43
209,16,197441,43
210,16,26570,51
211,16,8353,58
212,16,4541,48
213,16,295525,50
214,16,5774,44
215,16,53692,45
216,16,25079,42
217,16,12518,42
218,16,57482,39
219,16,204716,52
220,16,548685,54
221,16,391600,51
222,16,19658,48
223,16,185207,85
224,16,26231,51
225,16,68329,54
226,16,11978,43
227,16,55900,49
228,16,2769,47
229,16,1047,44
230,16,5601,43
231,16,10692,48
232,16,2397,46
233,16,360481,68
234,16,199268,89
235,16,34554,52
236,16,74330,59
237,16,7293,48
238,16,5491,49
239,16,107922,49
240,16,16228,42
241,16,14168,46
242,16,146965,51
243,16,13976,49
244,16,2666,44
245,16,1812110,54
246,16,1210361,61
247,16,1820364,64
248,16,2167,64
249,16,35415,53
250,16,41299,69
251,16,1356725,97
252,16,79978,55
253,16,2055754,130
254,16,275114,56
255,16,26285,55
256,16,105835,72
257,16,1005638,92
258,16,176936,54
259,16,14883,47
260,16,1536664,58
261,16,6952,49
262,16,374985,53
263,16,76608,52
264,16,153488,61
265,16,812317,65
266,16,20405,51
267,16,472207,62
268,16,965209,61
269,16,28004,53
270,16,1282664,116
271,16,668469,87
272,16,313265,54
273,16,190311,97
274,16,142417,54
275,16,787924,95
276,16,405852,75
277,16,7123,46
278,16,2686,47
279,16,1860,48
280,16,1545946,113
281,16,97700,101
282,16,913255,57
283,16,3450,50
284,16,99073,57
285,16,29229,51
286,16,307390,50
287,16,5468,49
288,16,40862,64
289,16,13166,46
290,16,567,50
291,16,86478,50
292,16,45857,48
293,16,71463,57
294,16,4103,53
295,16,75664,100
296,16,37944,50
297,16,64800,62
298,16,39573,49
299,16,20782,50
300,16,129550,67
301,16,631646,75
302,16,613949,79
303,16,39737,43
304,16,83208,55
305,16,347682,68
306,16,270298,107
307,16,11312,43
308,16,4052,44
309,16,33935,50
310,16,90549,45
311,16,13683,45
312,16,190285,47
313,16,9198,44
314,16,791,44
315,16,4420,43
316,16,6773,40
317,16,24882,58
318,16,27062,53
319,16,5545,49
320,16,4461,51
321,16,2699,48
322,16,74,50
323,16,7858,43
324,16,6924,47
325,16,3294,60
326,16,69059,61
327,16,182562,49
328,16,191515,45
329,16,40889,43
330,16,168791,48
331,16,44655,41
332,16,289402,44
333,16,11585,43
334,16,34786,40
335,16,221079,39
336,16,16124,43
337,16,4210,46
338,16,9731,51
339,16,103978,43
340,16,241141,44
341,16,259,55
342,16,2104,45
343,16,18335,52
344,16,13022,48
345,16,62807,51
346,16,8252,61
347,16,58239,47
348,16,28200,55
349,16,13280,56
350,16,288,55
351,16,252467,54
352,16,5372,48
353,16,191928,59
354,16,49498,58
355,16,256257,59
356,16,130466,56
357,16,1114976,61
358,16,18476,42
359,16,88726,58
360,16,39660,58
361,16,105748,48
362,16,51133,49
363,16,32625,62
364,16,360170,93
365,16,201341,89
366,16,2379,49
367,16,256627,84
368,16,2973,55
369,16,15598,49
370,16,602996,70
371,16,13314,56
372,16,1784937,125
373,16,17598,43
374,16,3542,44
375,16,7009,42
376,16,55513,45
377,16,4315,42
378,16,650176,47
379,16,2437,44
380,16,20444,44
381,16,15706,49
382,16,15156,42
383,16,94178,42
384,16,3349,42
385,16,3174,43
386,16,5298,43
387,16,7337,45
388,16,510,50
389,16,44987,50
390,16,90295,59
391,16,878621,63
392,16,60881,50
393,16,1982023,71
394,16,37230,54
395,16,48097,60
396,16,144149,58
397,16,3954,50
398,16,5364,45
399,16,20289,43
400,16,928558,46
401,16,978,44
402,16,35162,51
403,16,25952,42
404,16,1342,45
405,16,156594,43
406,16,25540,44
407,16,5523,43
408,16,11121,46
409,16,48529,43
410,16,112936,43
411,16,15017,49
412,16,17637,47
413,16,62664,44
414,16,1606,64
415,16,51609,68
416,16,5347,45
417,16,643833,70
418,16,4191,54
419,16,201627,63
420,16,814,50
421,16,16038,43
422,16,130172,40
423,16,286662,46
424,16,1242,50
425,16,1168889,50
426,16,6235,42
427,16,645144,42
428,16,47258,40
429,16,3390,40
430,16,33808,45
431,16,9283,43
432,16,54511,59
433,16,817781,50
434,16,7971,52
435,16,26891,48
436,16,8182,43
437,16,1063632,61
438,16,27485,47
439,16,83575,40
440,16,5569,42
441,16,10871,43
442,16,2482,40
443,16,4130,42
444,16,4033,49
445,16,229900,45
446,16,2947,46
447,16,64163,48
448,16,32767,43
449,16,3482,45
450,16,237336,50
451,16,107653,45
452,16,8752,43
453,16,33448,68
454,16,547617,46
455,16,12195,42
456,16,126049,52
457,16,9333,44
458,16,88004,49
459,16,465378,49
460,16,8199,42
461,16,6897,44
462,16,204706,70
463,16,14211,46
464,16,72732,44
465,16,837983,72
466,16,1508,47
467,16,2805,42
468,16,1242387,57
469,16,634,55
470,16,6088,54
471,16,1100,46
472,16,63438,58
473,16,2350,42
474,16,16994,43
475,16,155165,53
476,16,38691,67
477,16,10185,43
478,16,251454,58
479,16,3658,42
480,16,1148103,67
481,16,12138,45
482,16,7119,46
483,16,87604,43
484,16,218445,49
485,16,6527,44
486,16,12833,56
487,16,7117,48
488,16,3629,56
489,16,49277,53
490,16,511536,45
491,16,5611,48
492,16,7508,51
493,16,145619,58
494,16,26230,45
495,16,2542,57
496,16,3456,54
497,16,968,48
498,16,316820,55
499,16,45810,58
500,16,19327,53
501,16,1468,50
502,16,38326,62
503,16,7565,43
504,16,100823,46
505,16,12058,57
506,16,55836,54
507,16,16119,59
508,16,12326,54
509,16,13209,44
510,16,3985,48
511,16,24299,45
512,16,7183,44
513,16,32915,55
514,16,1196,59
515,16,2092,49
516,16,34401,44
517,16,3642,44
518,16,10653,44
519,16,22241,43
520,16,1124,49
521,16,4616,44
522,16,221568,39
523,16,6888,43
524,16,220069,46
525,16,17588,40
526,16,14780,50
527,16,76706,45
528,16,426,45
529,16,1245,45
530,16,4272,40
531,16,441,45
532,16,4645,40
533,16,8624,40
534,16,435,44
535,16,1523,45
536,16,2310,45
537,16,12830,40
538,16,9246,40
539,16,13846,45
540,16,328,45
541,16,3906,40
542,16,16560,40
543,16,3834,50
544,16,7581,40
545,16,284,45
546,16,2792,40
547,16,218,45
548,16,202,45
549,16,41542,50
550,16,958,50
551,16,1223,45
552,16,495,50
553,16,5035,40
554,16,69,50
555,16,162,45
556,16,3617,40
557,16,16,50
558,16,147,40
559,16,0,40
1,17,78349,49
2,17,135252,48
3,17,8214,54
4,17,762089,55
5,17,53149,54
6,17,35665,44
7,17,80543,54
8,17,271443,51
9,17,51306,42
10,17,5782,47
11,17,52167,45
12,17,64988,51
13,17,171556,81
14,17,61697,73
15,17,66957,55
16,17,130058,43
17,17,173909,53
18,17,298113,67
19,17,25754,44
20,17,14049,44
21,17,30794,65
22,17,615108,96
23,17,2209190,115
24,17,232616,45
25,17,360858,40
26,17,28960,44
27,17,464866,46
28,17,255707,42
29,17,28176,44
30,17,7751,43
31,17,272255,50
32,17,240627,39
33,17,11356,49
34,17,25055,43
35,17,8994,46
36,17,4767,60
37,17,4326,48
38,17,12865,50
39,17,9622,48
40,17,1729792,63
41,17,2427,45
42,17,169232,51
43,17,2113932,69
44,17,12417,49
45,17,186726,63
46,17,25840,56
47,17,326339,46
48,17,285482,45
49,17,282246,46
50,17,35543,44
51,17,9736,45
52,17,300964,38
53,17,101888,38
54,17,9290,42
55,17,45605,55
56,17,219206,44
57,17,50610,44
58,17,74890,50
59,17,93204,67
60,17,4725,48
61,17,5767,59
62,17,275525,66
63,17,4429,49
64,17,19798,45
65,17,5942,53
66,17,21850,50
67,17,6098,48
68,17,10646,49
69,17,17969,46
70,17,122009,47
71,17,33056,47
72,17,249602,47
73,17,22239,42
74,17,17368,44
75,17,7165,42
76,17,131789,58
77,17,1342,54
78,17,8232,53
79,17,1354,54
80,17,92152,45
81,17,1736,48
82,17,29567,46
83,17,43745,50
84,17,99057,53
85,17,21648,56
86,17,57562,45
87,17,14438,62
88,17,329404,45
89,17,5604,43
90,17,32478,47
91,17,114358,45
92,17,8249,44
93,17,70291,38
94,17,32883,45
95,17,185878,38
96,17,38866,39
97,17,1680,40
98,17,5651,47
99,17,6216,50
100,17,1241,48
101,17,88835,53
102,17,50963,44
103,17,4682,44
104,17,3510,43
105,17,18857,43
106,17,35149,48
107,17,15024,46
108,17,8184,45
109,17,65050,44
110,17,36705,52
111,17,30532,55
112,17,7049,47
113,17,598154,63
114,17,34667,51
115,17,2750068,70
116,17,509029,57
117,17,86511,56
118,17,312441,60
119,17,24294,50
120,17,8461,51
121,17,6380,52
122,17,2094691,109
123,17,23194,63
124,17,303855,73
125,17,274224,63
126,17,1013802,49
127,17,205412,56
128,17,7123,47
129,17,4518,49
130,17,2758,44
131,17,123635,42
132,17,44675,52
133,17,130212,77
134,17,117693,86
135,17,401532,45
136,17,568906,40
137,17,7672,42
138,17,151303,43
139,17,615,44
140,17,334452,39
141,17,120924,44
142,17,215619,54
143,17,82636,49
144,17,2929,44
145,17,1753219,43
146,17,39711,43
147,17,135142,47
148,17,785,50
149,17,120191,57
150,17,162393,60
151,17,693412,67
152,17,26837,63
153,17,11805,48
154,17,910861,50
155,17,221286,40
156,17,38989,51
157,17,89020,52
158,17,28761,43
159,17,3109,45
160,17,7954,44
161,17,9770,43
162,17,267913,51
163,17,2665,45
164,17,232763,62
165,17,5950,58
166,17,1965,44
167,17,80126,43
168,17,17907,48
169,17,7381,52
170,17,5727,51
171,17,433,60
172,17,431490,74
173,17,529,50
174,17,3107,43
175,17,40483,53
176,17,18914,50
177,17,103589,65
178,17,28218,44
179,17,102271,40
180,17,5870,42
181,17,6497,44
182,17,33510,47
183,17,13707,43
184,17,146810,60
185,17,3489,51
186,17,6173,43
187,17,3044,44
188,17,9314,44
189,17,565020,44
190,17,506427,40
191,17,97554,44
192,17,206695,44
193,17,9046,44
194,17,3534,44
195,17,188302,44
196,17,85337,40
197,17,4531,44
198,17,16796,43
199,17,96943,51
200,17,2026,47
201,17,25752,44
202,17,115373,45
203,17,433,50
204,17,975,45
205,17,3615,43
206,17,8411,48
207,17,5547,48
208,17,9559,43
209,17,202208,43
210,17,29928,51
211,17,7834,58
212,17,4622,48
213,17,293988,50
214,17,5723,44
215,17,55185,45
216,17,24899,42
217,17,12468,42
218,17,57162,39
219,17,181544,52
220,17,547686,54
221,17,407227,51
222,17,20656,48
223,17,214473,85
224,17,25172,51
225,17,63838,54
226,17,11611,43
227,17,52783,49
228,17,2762,47
229,17,1039,44
230,17,5693,43
231,17,10656,48
232,17,2384,46
233,17,366301,68
234,17,180818,88
235,17,35288,52
236,17,74955,59
237,17,7290,48
238,17,5454,49
239,17,114037,49
240,17,16080,42
241,17,14148,46
242,17,109099,50
243,17,13174,49
244,17,2633,44
245,17,1460230,53
246,17,1274924,62
247,17,1945450,65
248,17,2207,64
249,17,35182,53
250,17,41313,69
251,17,1291942,97
252,17,75521,55
253,17,2155631,130
254,17,274386,56
255,17,26174,55
256,17,104909,72
257,17,1022831,92
258,17,164080,54
259,17,14570,47
260,17,1541379,58
261,17,6912,48
262,17,356741,53
263,17,76136,52
264,17,152682,61
265,17,812274,65
266,17,20101,51
267,17,443034,62
268,17,972179,61
269,17,34363,53
270,17,1295482,116
271,17,327891,86
272,17,304121,54
273,17,190014,97
274,17,139878,54
275,17,873533,96
276,17,454061,75
277,17,7273,46
278,17,2720,47
279,17,1857,47
280,17,1344818,112
281,17,98512,101
282,17,889813,57
283,17,3498,50
284,17,91659,57
285,17,29234,51
286,17,284590,49
287,17,4936,49
288,17,40697,64
289,17,12010,46
290,17,564,50
291,17,85353,50
292,17,42902,48
293,17,78982,57
294,17,6377,53
295,17,74344,100
296,17,37652,50
297,17,71040,62
298,17,37814,49
299,17,18672,50
300,17,123898,67
301,17,407724,74
302,17,571876,78
303,17,38268,43
304,17,81578,55
305,17,484255,69
306,17,265119,107
307,17,11215,43
308,17,3980,44
309,17,34161,50
310,17,70780,45
311,17,14103,45
312,17,189569,47
313,17,9553,44
314,17,792,44
315,17,4568,43
316,17,6686,40
317,17,24547,58
318,17,25903,53
319,17,5438,49
320,17,4443,51
321,17,2623,48
322,17,77,50
323,17,7579,43
324,17,6921,47
325,17,3278,60
326,17,83308,61
327,17,180258,49
328,17,186972,45
329,17,40523,43
330,17,159714,48
331,17,45103,41
332,17,261158,44
333,17,11153,43
334,17,34101,40
335,17,231477,39
336,17,15558,43
337,17,4006,46
338,17,9561,50
339,17,100814,43
340,17,235899,44
341,17,260,55
342,17,2078,45
343,17,17218,52
344,17,12849,48
345,17,54596,51
346,17,8202,61
347,17,55975,47
348,17,29049,55
349,17,12595,56
350,17,286,55
351,17,270717,54
352,17,5363,48
353,17,221704,59
354,17,50486,58
355,17,264866,59
356,17,148574,56
357,17,1017566,61
358,17,21469,42
359,17,86003,58
360,17,37569,58
361,17,105808,48
362,17,49958,49
363,17,29850,62
364,17,349454,93
365,17,222125,89
366,17,2283,49
367,17,491669,85
368,17,3135,55
369,17,15934,49
370,17,608597,70
371,17,13630,56
372,17,1867945,126
373,17,17543,43
374,17,3540,44
375,17,6978,42
376,17,58598,45
377,17,4208,42
378,17,683914,47
379,17,2428,44
380,17,20489,44
381,17,15905,49
382,17,15048,42
383,17,103991,42
384,17,3336,42
385,17,3164,43
386,17,5112,43
387,17,7245,45
388,17,553,50
389,17,36010,49
390,17,111378,59
391,17,935257,62
392,17,50470,50
393,17,1898000,71
394,17,33941,54
395,17,42352,60
396,17,164239,58
397,17,4146,50
398,17,5372,45
399,17,20159,43
400,17,942775,46
401,17,977,44
402,17,34906,51
403,17,25556,42
404,17,1324,45
405,17,157081,43
406,17,27055,44
407,17,5535,43
408,17,10763,46
409,17,48171,43
410,17,121706,43
411,17,14657,49
412,17,17319,47
413,17,60269,44
414,17,1614,64
415,17,49809,68
416,17,5242,45
417,17,473603,69
418,17,6063,54
419,17,441052,64
420,17,818,50
421,17,15888,43
422,17,130484,40
423,17,283155,46
424,17,1235,50
425,17,1306984,51
426,17,6200,42
427,17,638288,42
428,17,46206,40
429,17,3353,40
430,17,33807,45
431,17,9227,43
432,17,63375,59
433,17,788137,50
434,17,6683,52
435,17,27060,48
436,17,8027,43
437,17,1150209,62
438,17,27078,47
439,17,83884,40
440,17,5859,42
441,17,10756,43
442,17,2450,40
443,17,4134,42
444,17,4223,49
445,17,243634,45
446,17,2933,46
447,17,62209,48
448,17,34686,43
449,17,3478,45
450,17,499368,51
451,17,107601,45
452,17,8667,43
453,17,32773,68
454,17,538111,46
455,17,11757,42
456,17,118821,52
457,17,9295,43
458,17,80441,49
459,17,445930,48
460,17,8146,42
461,17,8260,44
462,17,178821,71
463,17,14057,46
464,17,74767,44
465,17,1109789,73
466,17,1481,47
467,17,2712,42
468,17,1270776,57
469,17,630,55
470,17,6034,54
471,17,1078,46
472,17,62116,57
473,17,2391,42
474,17,17306,43
475,17,143428,53
476,17,38327,67
477,17,10196,43
478,17,241529,58
479,17,4120,42
480,17,1276221,68
481,17,12118,45
482,17,7178,46
483,17,78337,43
484,17,240455,49
485,17,6475,44
486,17,13300,56
487,17,7187,48
488,17,3624,56
489,17,85611,53
490,17,514931,45
491,17,5623,48
492,17,7396,51
493,17,186012,58
494,17,25933,45
495,17,2557,57
496,17,3431,54
497,17,984,48
498,17,353799,56
499,17,43261,58
500,17,18689,53
501,17,1456,50
502,17,19717,62
503,17,7386,43
504,17,96691,46
505,17,12437,57
506,17,51973,54
507,17,14100,59
508,17,12846,54
509,17,14214,44
510,17,4034,48
511,17,23992,45
512,17,6644,44
513,17,32711,55
514,17,1232,59
515,17,2125,49
516,17,28427,44
517,17,3830,44
518,17,10394,44
519,17,22108,43
520,17,1139,49
521,17,4591,44
522,17,225073,39
523,17,7640,43
524,17,232666,46
525,17,17981,40
526,17,14304,50
527,17,75349,45
528,17,449,45
529,17,1308,45
530,17,4416,40
531,17,444,45
532,17,4684,40
533,17,8958,40
534,17,462,44
535,17,1424,45
536,17,2305,45
537,17,13160,40
538,17,9520,40
539,17,11525,45
540,17,356,45
541,17,4186,40
542,17,17856,40
543,17,4109,50
544,17,7579,40
545,17,300,45
546,17,3112,40
547,17,247,45
548,17,232,45
549,17,28716,50
550,17,818,50
551,17,1821,45
552,17,702,50
553,17,7193,40
554,17,112,50
555,17,254,45
556,17,3873,40
557,17,27,50
558,17,387,40
559,17,179,40
560,17,0,45
561,17,0,40
562,17,0,45
1,18,77315,49
2,18,142055,48
3,18,11425,54
4,18,553813,55
5,18,103908,54
6,18,32498,44
7,18,74024,54
8,18,209676,51
9,18,51453,42
10,18,5777,47
11,18,55475,45
12,18,71689,51
13,18,167823,81
14,18,60495,72
15,18,64698,55
16,18,129215,43
17,18,169523,53
18,18,310470,67
19,18,25596,44
20,18,14076,44
21,18,30491,65
22,18,571396,96
23,18,2155325,115
24,18,233718,45
25,18,361391,40
26,18,25295,44
27,18,460007,46
28,18,256757,42
29,18,26665,44
30,18,7663,43
31,18,277099,50
32,18,240879,38
33,18,11373,49
34,18,25267,43
35,18,9065,46
36,18,4996,60
37,18,4226,48
38,18,12852,50
39,18,9152,47
40,18,1729703,63
41,18,2430,45
42,18,150464,51
43,18,2186432,69
44,18,12375,49
45,18,181351,63
46,18,25758,56
47,18,315254,45
48,18,276740,45
49,18,252304,46
50,18,33676,44
51,18,9524,45
52,18,301491,38
53,18,103269,38
54,18,9071,42
55,18,42412,54
56,18,215067,44
57,18,46043,44
58,18,96659,50
59,18,92518,67
60,18,4801,48
61,18,5471,59
62,18,250122,66
63,18,4391,49
64,18,19699,45
65,18,5930,53
66,18,19016,50
67,18,6082,48
68,18,10562,49
69,18,17476,46
70,18,119924,47
71,18,32478,47
72,18,250972,47
73,18,21981,42
74,18,17229,44
75,18,7201,42
76,18,108820,57
77,18,1321,54
78,18,8127,53
79,18,1329,54
80,18,89169,45
81,18,1715,48
82,18,32781,46
83,18,38303,50
84,18,88268,53
85,18,21113,56
86,18,56928,45
87,18,14101,62
88,18,324992,45
89,18,5605,43
90,18,31987,47
91,18,111790,45
92,18,8142,44
93,18,72230,38
94,18,30677,45
95,18,196201,38
96,18,38081,39
97,18,1696,40
98,18,5541,47
99,18,7062,50
100,18,1235,48
101,18,80798,53
102,18,50617,44
103,18,4619,44
104,18,3629,43
105,18,17685,43
106,18,31849,48
107,18,14759,46
108,18,8118,45
109,18,65134,44
110,18,36493,52
111,18,30442,55
112,18,7096,47
113,18,601038,63
114,18,34091,51
115,18,2732156,70
116,18,592505,58
117,18,85419,56
118,18,314932,60
119,18,24135,50
120,18,8590,51
121,18,6539,52
122,18,2148361,110
123,18,23244,62
124,18,300473,73
125,18,314487,63
126,18,1029076,49
127,18,176059,55
128,18,7093,47
129,18,4495,49
130,18,2750,44
131,18,126003,42
132,18,42687,52
133,18,126218,77
134,18,106594,85
135,18,347901,45
136,18,566084,40
137,18,11418,42
138,18,149557,43
139,18,633,44
140,18,349224,39
141,18,118019,44
142,18,220603,54
143,18,89842,49
144,18,2907,44
145,18,1779324,43
146,18,39032,43
147,18,134184,48
148,18,781,50
149,18,114155,57
150,18,172035,60
151,18,677236,67
152,18,26663,63
153,18,11643,48
154,18,898519,50
155,18,221000,40
156,18,38595,51
157,18,85001,52
158,18,28658,43
159,18,3092,45
160,18,7823,44
161,18,9695,42
162,18,262382,51
163,18,2649,45
164,18,216772,62
165,18,5932,58
166,18,2012,44
167,18,78918,43
168,18,17160,48
169,18,7344,51
170,18,5735,51
171,18,436,60
172,18,378827,74
173,18,529,50
174,18,3089,43
175,18,42399,53
176,18,18699,50
177,18,101627,65
178,18,27356,44
179,18,103420,40
180,18,5800,42
181,18,6566,44
182,18,32856,47
183,18,13552,43
184,18,135471,60
185,18,3439,51
186,18,6169,43
187,18,3013,44
188,18,9166,44
189,18,579261,44
190,18,509769,40
191,18,100356,44
192,18,215693,44
193,18,9936,44
194,18,3432,44
195,18,189887,44
196,18,84174,40
197,18,4579,44
198,18,19239,43
199,18,83105,51
200,18,1976,47
201,18,24931,44
202,18,113225,45
203,18,429,50
204,18,915,45
205,18,3490,43
206,18,8030,48
207,18,5499,48
208,18,9418,43
209,18,206621,43
210,18,29367,51
211,18,7871,58
212,18,4578,48
213,18,285366,50
214,18,5693,44
215,18,54425,45
216,18,24835,42
217,18,12372,42
218,18,56722,39
219,18,144609,51
220,18,545010,54
221,18,376260,51
222,18,20122,48
223,18,197548,85
224,18,24512,51
225,18,59131,54
226,18,11399,43
227,18,48464,49
228,18,2762,47
229,18,1037,44
230,18,5702,43
231,18,10609,48
232,18,2385,46
233,18,320846,68
234,18,174462,88
235,18,34734,52
236,18,68935,59
237,18,7304,48
238,18,5421,49
239,18,147146,49
240,18,16005,42
241,18,28769,46
242,18,95655,50
243,18,11564,49
244,18,2615,44
245,18,1184732,52
246,18,1350848,62
247,18,2054054,66
248,18,2242,64
249,18,35195,53
250,18,41271,69
251,18,1324518,96
252,18,74989,55
253,18,2193139,131
254,18,236327,56
255,18,29521,55
256,18,104320,72
257,18,1021453,92
258,18,318477,55
259,18,14428,47
260,18,1534026,58
261,18,6890,48
262,18,348124,53
263,18,74346,52
264,18,153551,61
265,18,811545,65
266,18,19741,51
267,18,429140,62
268,18,985941,61
269,18,50984,53
270,18,1306839,116
271,18,254161,85
272,18,314072,54
273,18,216909,97
274,18,137186,54
275,18,1046248,97
276,18,434193,75
277,18,7270,46
278,18,2747,47
279,18,1864,47
280,18,1398672,112
281,18,124542,101
282,18,888250,57
283,18,3546,50
284,18,88113,56
285,18,29472,51
286,18,276263,49
287,18,4669,49
288,18,41630,64
289,18,12925,46
290,18,563,50
291,18,92584,50
292,18,55559,48
293,18,105516,57
294,18,9233,53
295,18,73754,100
296,18,38002,50
297,18,72968,62
298,18,36995,49
299,18,19544,50
300,18,138256,67
301,18,441480,73
302,18,593758,78
303,18,36582,43
304,18,80789,55
305,18,610149,69
306,18,261935,107
307,18,11132,43
308,18,3909,44
309,18,38015,50
310,18,72027,45
311,18,18857,45
312,18,196912,47
313,18,9569,44
314,18,794,44
315,18,15283,43
316,18,6646,40
317,18,24327,58
318,18,24955,53
319,18,5852,49
320,18,4934,51
321,18,2579,48
322,18,75,50
323,18,7709,43
324,18,7196,47
325,18,3276,60
326,18,80287,61
327,18,174371,48
328,18,187789,45
329,18,40322,43
330,18,152142,48
331,18,47838,41
332,18,246242,44
333,18,10627,43
334,18,33629,40
335,18,238352,39
336,18,15895,43
337,18,3964,46
338,18,9473,50
339,18,99373,43
340,18,234406,44
341,18,259,55
342,18,2045,45
343,18,16751,52
344,18,12262,48
345,18,55560,51
346,18,8181,61
347,18,58111,47
348,18,31426,55
349,18,11524,56
350,18,281,55
351,18,267240,54
352,18,5357,48
353,18,238223,59
354,18,52101,58
355,18,253199,59
356,18,158298,56
357,18,1084664,61
358,18,20348,42
359,18,85196,58
360,18,35566,58
361,18,86525,48
362,18,49355,49
363,18,29449,62
364,18,337313,93
365,18,214735,89
366,18,2232,49
367,18,434692,85
368,18,3078,55
369,18,16650,49
370,18,574334,70
371,18,13761,56
372,18,1766366,126
373,18,17450,43
374,18,3530,44
375,18,6951,42
376,18,56340,45
377,18,4105,42
378,18,721763,47
379,18,2406,44
380,18,20169,44
381,18,15842,49
382,18,14319,42
383,18,100410,42
384,18,3316,42
385,18,3152,43
386,18,4905,43
387,18,7086,45
388,18,568,50
389,18,34763,49
390,18,124509,59
391,18,883112,62
392,18,43260,50
393,18,1866352,71
394,18,49822,54
395,18,37878,60
396,18,154236,58
397,18,4153,50
398,18,5322,45
399,18,20158,43
400,18,1042905,47
401,18,979,44
402,18,34789,51
403,18,25281,42
404,18,1315,45
405,18,169539,43
406,18,40552,44
407,18,5557,43
408,18,10577,46
409,18,55888,43
410,18,127442,43
411,18,14467,49
412,18,16068,47
413,18,58409,44
414,18,1617,64
415,18,52360,68
416,18,5186,45
417,18,425634,69
418,18,5469,54
419,18,469043,65
420,18,815,50
421,18,15751,43
422,18,130793,40
423,18,285336,46
424,18,1231,50
425,18,1368356,52
426,18,6159,42
427,18,634191,42
428,18,45500,40
429,18,3323,40
430,18,36269,45
431,18,7547,43
432,18,56554,59
433,18,759623,50
434,18,6597,52
435,18,27133,48
436,18,7979,43
437,18,1157383,62
438,18,26460,47
439,18,84131,40
440,18,7415,42
441,18,10682,43
442,18,2434,40
443,18,4124,42
444,18,4204,49
445,18,237037,45
446,18,3241,46
447,18,61081,48
448,18,36919,43
449,18,3452,45
450,18,539421,52
451,18,107902,45
452,18,8617,43
453,18,32414,67
454,18,529730,46
455,18,10773,42
456,18,113561,51
457,18,9271,43
458,18,70702,49
459,18,434939,48
460,18,8107,42
461,18,7907,44
462,18,221033,71
463,18,14685,46
464,18,100926,44
465,18,1208750,74
466,18,1475,47
467,18,2666,42
468,18,1307761,58
469,18,629,55
470,18,5996,54
471,18,1062,46
472,18,61007,57
473,18,2414,42
474,18,17436,43
475,18,135538,52
476,18,38152,67
477,18,10152,43
478,18,227158,58
479,18,16497,42
480,18,1193632,68
481,18,12122,45
482,18,9024,46
483,18,89968,43
484,18,323966,50
485,18,6432,44
486,18,12994,56
487,18,7236,48
488,18,3560,56
489,18,213281,54
490,18,519571,45
491,18,5653,48
492,18,7298,51
493,18,239233,59
494,18,25315,45
495,18,2523,57
496,18,3416,54
497,18,998,48
498,18,353726,56
499,18,43356,58
500,18,18098,52
501,18,1442,50
502,18,12995,62
503,18,7365,43
504,18,99426,46
505,18,12138,57
506,18,50988,54
507,18,13081,59
508,18,13000,54
509,18,14679,44
510,18,4083,48
511,18,23805,45
512,18,6519,44
513,18,30837,55
514,18,1250,59
515,18,2133,49
516,18,23958,44
517,18,8113,44
518,18,10243,44
519,18,21769,43
520,18,1161,49
521,18,4547,44
522,18,220289,39
523,18,7971,43
524,18,221195,46
525,18,18045,40
526,18,14518,50
527,18,72943,45
528,18,447,45
529,18,1354,45
530,18,4394,40
531,18,448,45
532,18,4693,40
533,18,9163,40
534,18,476,44
535,18,1333,45
536,18,2303,45
537,18,13348,40
538,18,9978,40
539,18,9422,45
540,18,481,45
541,18,4285,40
542,18,18893,40
543,18,3647,50
544,18,7381,40
545,18,293,45
546,18,3304,40
547,18,277,45
548,18,259,45
549,18,25014,50
550,18,680,50
551,18,1825,45
552,18,810,50
553,18,8763,40
554,18,116,50
555,18,320,45
556,18,6096,40
557,18,42,50
558,18,476,40
559,18,249,40
560,18,986,45
561,18,269,40
562,18,43,45
563,18,0,45
564,18,0,40
565,18,0,40
1,19,76135,49
2,19,140787,48
3,19,11448,54
4,19,440943,54
5,19,73171,54
6,19,30605,44
7,19,68090,54
8,19,272660,50
9,19,53467,42
10,19,5755,47
11,19,54887,45
12,19,73038,51
13,19,169488,80
14,19,57786,72
15,19,65960,55
16,19,128382,43
17,19,164305,53
18,19,268683,67
19,19,25430,44
20,19,14683,44
21,19,30113,65
22,19,507526,95
23,19,2216339,115
24,19,230796,45
25,19,362282,40
26,19,26267,44
27,19,448331,45
28,19,254192,42
29,19,25378,44
30,19,7725,43
31,19,270989,50
32,19,249244,38
33,19,11363,49
34,19,25054,43
35,19,9040,46
36,19,4880,60
37,19,4120,48
38,19,12760,50
39,19,8770,47
40,19,1566575,63
41,19,2428,45
42,19,193248,50
43,19,1987616,68
44,19,12406,49
45,19,169703,63
46,19,25596,56
47,19,301366,45
48,19,212528,45
49,19,247202,46
50,19,31385,44
51,19,9352,44
52,19,302355,38
53,19,105307,38
54,19,9391,42
55,19,38860,54
56,19,209481,44
57,19,41854,44
58,19,91756,50
59,19,91490,67
60,19,4798,48
61,19,5280,59
62,19,205269,65
63,19,4331,49
64,19,19583,45
65,19,5956,53
66,19,19337,50
67,19,6086,48
68,19,10448,49
69,19,17095,46
70,19,117169,47
71,19,31823,47
72,19,252464,47
73,19,22670,42
74,19,17781,44
75,19,7304,42
76,19,92380,57
77,19,1286,53
78,19,8039,53
79,19,1242,54
80,19,86477,45
81,19,1710,48
82,19,34644,46
83,19,32206,50
84,19,83720,53
85,19,25605,56
86,19,56146,45
87,19,13982,62
88,19,319522,45
89,19,5606,43
90,19,31223,47
91,19,109442,45
92,19,7970,44
93,19,75800,38
94,19,28841,44
95,19,211552,38
96,19,37355,39
97,19,1702,40
98,19,5421,47
99,19,6976,50
100,19,1240,48
101,19,71750,52
102,19,51781,44
103,19,4513,44
104,19,3606,43
105,19,16727,43
106,19,29439,48
107,19,15252,46
108,19,8057,45
109,19,64380,44
110,19,34954,52
111,19,30341,55
112,19,7121,47
113,19,588428,63
114,19,34012,51
115,19,2622106,69
116,19,604199,58
117,19,84324,56
118,19,304611,60
119,19,23538,50
120,19,8563,51
121,19,6644,52
122,19,2118387,110
123,19,23361,62
124,19,281282,73
125,19,302742,63
126,19,1019694,49
127,19,146653,54
128,19,7086,47
129,19,4486,49
130,19,2737,44
131,19,124792,42
132,19,40178,52
133,19,122682,77
134,19,100017,85
135,19,317281,45
136,19,568720,39
137,19,24420,42
138,19,151111,43
139,19,685,44
140,19,335872,39
141,19,136693,44
142,19,233425,54
143,19,98775,49
144,19,2925,44
145,19,1860022,44
146,19,38251,43
147,19,161245,48
148,19,775,50
149,19,164092,58
150,19,243008,60
151,19,696358,67
152,19,26499,63
153,19,11616,48
154,19,881201,50
155,19,220949,40
156,19,38064,51
157,19,81002,52
158,19,28459,43
159,19,3085,45
160,19,7747,43
161,19,9651,42
162,19,255213,50
163,19,2625,45
164,19,215705,61
165,19,5918,58
166,19,2073,44
167,19,97253,42
168,19,16578,48
169,19,7384,51
170,19,5597,51
171,19,434,60
172,19,356290,73
173,19,526,50
174,19,3148,43
175,19,55289,53
176,19,18506,50
177,19,100048,65
178,19,26648,44
179,19,104522,40
180,19,6866,42
181,19,6941,44
182,19,32473,47
183,19,13329,43
184,19,127878,60
185,19,3395,51
186,19,6051,43
187,19,2985,44
188,19,8972,44
189,19,591916,44
190,19,513540,40
191,19,99749,44
192,19,204365,44
193,19,9293,44
194,19,3347,44
195,19,183235,44
196,19,82621,40
197,19,4419,44
198,19,18691,43
199,19,75807,51
200,19,1907,47
201,19,23764,44
202,19,118212,45
203,19,425,50
204,19,883,45
205,19,3366,43
206,19,7081,48
207,19,5401,47
208,19,9193,43
209,19,219206,43
210,19,27770,51
211,19,7907,58
212,19,4551,48
213,19,287987,50
214,19,5653,44
215,19,60003,45
216,19,24686,42
217,19,12265,42
218,19,56689,39
219,19,147274,51
220,19,546690,54
221,19,386509,51
222,19,19606,48
223,19,172232,85
224,19,24156,51
225,19,55264,54
226,19,11136,43
227,19,46392,49
228,19,2745,47
229,19,1036,44
230,19,6112,43
231,19,10549,48
232,19,2390,46
233,19,307547,68
234,19,183164,88
235,19,34302,52
236,19,64699,59
237,19,7317,48
238,19,5382,49
239,19,172930,49
240,19,16012,42
241,19,25396,46
242,19,87082,49
243,19,10851,49
244,19,2606,44
245,19,1054464,52
246,19,1542649,63
247,19,2117967,66
248,19,2285,64
249,19,35191,53
250,19,41284,69
251,19,1290886,96
252,19,70153,55
253,19,2367967,132
254,19,233362,56
255,19,36060,55
256,19,101690,72
257,19,965917,92
258,19,514308,56
259,19,14241,47
260,19,1457519,57
261,19,6853,48
262,19,344131,53
263,19,71104,52
264,19,152242,61
265,19,772042,65
266,19,19812,51
267,19,416372,62
268,19,907782,61
269,19,51872,53
270,19,1068821,115
271,19,223131,85
272,19,263464,54
273,19,260578,97
274,19,156456,54
275,19,950807,97
276,19,393960,75
277,19,7241,46
278,19,2780,47
279,19,1891,47
280,19,1342645,112
281,19,111131,101
282,19,891399,57
283,19,3562,50
284,19,84553,56
285,19,31223,51
286,19,340317,49
287,19,4465,49
288,19,42041,64
289,19,12587,46
290,19,562,50
291,19,90557,50
292,19,71483,48
293,19,125805,57
294,19,7727,53
295,19,73059,100
296,19,38671,50
297,19,69058,62
298,19,35597,49
299,19,51934,50
300,19,435318,68
301,19,712313,74
302,19,783662,79
303,19,38213,42
304,19,79810,55
305,19,1047660,71
306,19,242753,107
307,19,11010,43
308,19,3829,44
309,19,36167,50
310,19,66713,45
311,19,14552,45
312,19,191336,47
313,19,10726,44
314,19,787,44
315,19,23069,43
316,19,6564,40
317,19,23555,58
318,19,24259,53
319,19,5627,49
320,19,4709,51
321,19,2521,48
322,19,79,50
323,19,7631,43
324,19,6382,47
325,19,3269,60
326,19,72076,61
327,19,168191,48
328,19,185662,45
329,19,40023,43
330,19,144367,48
331,19,52797,41
332,19,229503,43
333,19,10656,42
334,19,33102,40
335,19,259184,39
336,19,15394,43
337,19,3916,46
338,19,9320,50
339,19,98042,43
340,19,210071,44
341,19,260,55
342,19,2023,45
343,19,36981,52
344,19,12202,48
345,19,49496,51
346,19,8061,61
347,19,59374,47
348,19,29960,55
349,19,10832,56
350,19,284,55
351,19,272261,54
352,19,5368,48
353,19,241744,60
354,19,51938,58
355,19,246036,59
356,19,160975,56
357,19,1142432,61
358,19,20064,42
359,19,86052,58
360,19,34470,58
361,19,77732,48
362,19,48626,49
363,19,30767,62
364,19,334413,93
365,19,189096,89
366,19,2188,49
367,19,644894,86
368,19,3270,55
369,19,14957,49
370,19,510541,69
371,19,13794,56
372,19,1849697,125
373,19,17402,43
374,19,3527,44
375,19,6660,42
376,19,56569,45
377,19,4024,42
378,19,746586,47
379,19,2401,44
380,19,20181,44
381,19,15664,49
382,19,13815,42
383,19,105586,42
384,19,3373,42
385,19,3127,43
386,19,4726,43
387,19,6949,45
388,19,590,50
389,19,33742,49
390,19,118747,59
391,19,890549,62
392,19,39280,49
393,19,1858839,70
394,19,65934,54
395,19,35045,59
396,19,155738,58
397,19,4170,50
398,19,5275,45
399,19,20100,43
400,19,1075922,47
401,19,985,44
402,19,34225,51
403,19,25151,42
404,19,1310,45
405,19,169530,43
406,19,43795,44
407,19,5582,43
408,19,10369,46
409,19,55481,43
410,19,134989,43
411,19,14135,49
412,19,15054,47
413,19,56550,44
414,19,1615,64
415,19,51153,68
416,19,5111,45
417,19,395569,69
418,19,5685,54
419,19,342014,64
420,19,821,50
421,19,15606,43
422,19,131166,40
423,19,290510,46
424,19,1224,50
425,19,1460916,52
426,19,6409,42
427,19,636553,42
428,19,44689,40
429,19,3284,40
430,19,39183,45
431,19,6958,43
432,19,51321,59
433,19,735199,50
434,19,6132,52
435,19,26138,48
436,19,7844,43
437,19,1234533,62
438,19,25990,47
439,19,84694,40
440,19,7821,42
441,19,10636,43
442,19,2407,40
443,19,4161,42
444,19,4317,49
445,19,250372,45
446,19,3329,46
447,19,59926,48
448,19,38665,43
449,19,3436,45
450,19,493969,52
451,19,108092,45
452,19,8561,43
453,19,32052,67
454,19,532806,46
455,19,10584,42
456,19,108611,51
457,19,9270,43
458,19,62167,49
459,19,420479,48
460,19,8755,42
461,19,7599,44
462,19,207415,71
463,19,14770,46
464,19,82186,45
465,19,1067133,73
466,19,1492,47
467,19,2711,42
468,19,1417456,59
469,19,627,55
470,19,5971,54
471,19,1051,45
472,19,60094,57
473,19,2373,42
474,19,17693,43
475,19,129331,52
476,19,37834,67
477,19,10085,43
478,19,210732,57
479,19,17042,42
480,19,1072218,67
481,19,12305,45
482,19,8600,46
483,19,107053,43
484,19,358847,50
485,19,6386,44
486,19,13406,56
487,19,8253,48
488,19,3474,56
489,19,227261,54
490,19,532127,45
491,19,5680,48
492,19,7184,51
493,19,183601,58
494,19,24084,45
495,19,2513,57
496,19,3395,54
497,19,1023,48
498,19,348640,56
499,19,43246,58
500,19,18464,52
501,19,1436,50
502,19,9970,62
503,19,7271,43
504,19,115563,46
505,19,12219,57
506,19,48929,54
507,19,12065,59
508,19,11080,54
509,19,17272,44
510,19,4222,48
511,19,23528,45
512,19,6202,44
513,19,29511,54
514,19,1268,59
515,19,2121,49
516,19,22387,44
517,19,7667,44
518,19,10071,44
519,19,21329,43
520,19,1170,49
521,19,4520,44
522,19,219565,39
523,19,7974,43
524,19,215868,46
525,19,18457,40
526,19,14422,50
527,19,71592,45
528,19,469,45
529,19,1412,45
530,19,4396,40
531,19,457,45
532,19,4783,40
533,19,9450,40
534,19,488,44
535,19,1277,45
536,19,2332,45
537,19,13665,40
538,19,10470,40
539,19,8118,45
540,19,560,45
541,19,4397,40
542,19,20387,40
543,19,3402,50
544,19,7314,40
545,19,265,45
546,19,3567,40
547,19,312,45
548,19,279,45
549,19,22030,50
550,19,2964,50
551,19,2039,45
552,19,925,50
553,19,10816,40
554,19,141,50
555,19,417,45
556,19,8201,40
557,19,51,50
558,19,624,40
559,19,334,40
560,19,1897,45
561,19,568,40
562,19,57,45
563,19,96,45
564,19,121,40
565,19,248,40
566,19,0,45
567,19,0,40
568,19,0,50
1,20,75199,48
2,20,131962,48
3,20,9579,54
4,20,391198,54
5,20,58591,54
6,20,29237,44
7,20,63652,54
8,20,228133,50
9,20,55452,42
10,20,5754,47
11,20,54055,45
12,20,71329,51
13,20,160573,80
14,20,55745,72
15,20,61445,54
16,20,126638,43
17,20,158013,53
18,20,254744,67
19,20,25235,44
20,20,14644,44
21,20,29820,65
22,20,453935,95
23,20,2104176,115
24,20,225472,45
25,20,358778,40
26,20,21530,44
27,20,420837,45
28,20,246592,42
29,20,24230,44
30,20,7743,43
31,20,255879,50
32,20,258638,38
33,20,11318,49
34,20,24857,43
35,20,9027,46
36,20,4807,60
37,20,4032,48
38,20,12679,50
39,20,8506,47
40,20,1369286,62
41,20,2421,45
42,20,207278,50
43,20,1901558,67
44,20,12455,49
45,20,159584,63
46,20,25483,56
47,20,250014,45
48,20,192445,45
49,20,241964,46
50,20,28982,44
51,20,9105,44
52,20,304443,38
53,20,108508,38
54,20,9340,42
55,20,36081,53
56,20,204152,44
57,20,38257,44
58,20,90251,50
59,20,90657,67
60,20,4924,48
61,20,5140,59
62,20,194939,65
63,20,4281,49
64,20,19497,45
65,20,10790,53
66,20,19938,50
67,20,6058,48
68,20,10336,49
69,20,15607,46
70,20,111675,47
71,20,31213,47
72,20,249456,47
73,20,21997,42
74,20,17312,44
75,20,7172,42
76,20,88193,56
77,20,1272,53
78,20,7986,52
79,20,1190,54
80,20,83301,45
81,20,1695,48
82,20,34737,46
83,20,28573,50
84,20,84889,53
85,20,31237,56
86,20,55567,45
87,20,13975,62
88,20,339037,45
89,20,5600,43
90,20,32045,47
91,20,109255,45
92,20,8323,44
93,20,81984,38
94,20,28722,44
95,20,233153,39
96,20,36479,39
97,20,1721,40
98,20,5403,47
99,20,6834,50
100,20,1226,48
101,20,52828,51
102,20,50853,44
103,20,4416,44
104,20,3613,43
105,20,15830,43
106,20,26305,48
107,20,14926,46
108,20,7987,45
109,20,66492,44
110,20,35638,52
111,20,30252,55
112,20,7171,47
113,20,576140,63
114,20,33972,51
115,20,2515097,68
116,20,605763,58
117,20,83287,56
118,20,294728,60
119,20,23148,50
120,20,8504,51
121,20,6732,52
122,20,2296427,111
123,20,23394,62
124,20,270528,72
125,20,225045,63
126,20,1010264,49
127,20,127873,53
128,20,7100,47
129,20,4467,49
130,20,2736,44
131,20,118306,42
132,20,37577,52
133,20,120225,77
134,20,96966,84
135,20,300760,45
136,20,602186,39
137,20,35092,42
138,20,150968,43
139,20,690,44
140,20,333384,39
141,20,128430,44
142,20,228717,54
143,20,100271,49
144,20,2897,44
145,20,1888081,44
146,20,37313,43
147,20,166367,48
148,20,771,50
149,20,159255,58
150,20,233159,61
151,20,683019,67
152,20,26323,63
153,20,11449,48
154,20,870160,50
155,20,218115,40
156,20,37487,51
157,20,76332,52
158,20,28215,43
159,20,3064,45
160,20,7672,43
161,20,9527,42
162,20,236471,50
163,20,2599,45
164,20,211561,61
165,20,5880,58
166,20,2116,44
167,20,112877,42
168,20,16453,48
169,20,7442,51
170,20,5281,51
171,20,434,60
172,20,403423,73
173,20,521,50
174,20,3195,43
175,20,101550,53
176,20,18463,50
177,20,98674,65
178,20,25963,44
179,20,110377,40
180,20,6860,42
181,20,7951,44
182,20,31444,47
183,20,13143,43
184,20,129102,60
185,20,3349,51
186,20,5923,43
187,20,2937,44
188,20,8811,44
189,20,651584,44
190,20,507595,40
191,20,102681,44
192,20,196435,44
193,20,8035,44
194,20,3277,44
195,20,199979,44
196,20,81064,40
197,20,4356,44
198,20,18196,43
199,20,71265,51
200,20,1838,46
201,20,22539,44
202,20,122280,45
203,20,419,50
204,20,872,45
205,20,3265,43
206,20,6746,48
207,20,5262,47
208,20,8956,43
209,20,241478,43
210,20,29252,51
211,20,9271,58
212,20,4648,48
213,20,313154,50
214,20,5610,44
215,20,70141,45
216,20,24596,42
217,20,12380,42
218,20,56502,39
219,20,160764,51
220,20,561454,54
221,20,528249,52
222,20,19293,48
223,20,147986,84
224,20,43424,51
225,20,53270,54
226,20,10908,43
227,20,46910,49
228,20,2756,47
229,20,1038,44
230,20,7300,43
231,20,10559,47
232,20,2389,46
233,20,326699,68
234,20,300003,89
235,20,34551,52
236,20,63120,59
237,20,7281,48
238,20,5354,49
239,20,184349,49
240,20,15383,42
241,20,19907,45
242,20,81334,49
243,20,10398,49
244,20,2585,44
245,20,1152640,51
246,20,1582665,64
247,20,2102117,66
248,20,2324,64
249,20,35263,53
250,20,41163,69
251,20,1179831,95
252,20,67441,55
253,20,2413827,132
254,20,195266,56
255,20,41590,55
256,20,100563,72
257,20,900002,91
258,20,536371,56
259,20,14137,47
260,20,1402387,57
261,20,6817,48
262,20,333063,53
263,20,69354,52
264,20,150265,61
265,20,717317,65
266,20,20168,51
267,20,405674,62
268,20,808346,60
269,20,24278,53
270,20,781851,114
271,20,220942,85
272,20,231794,54
273,20,256622,97
274,20,161582,54
275,20,754448,96
276,20,394659,75
277,20,7150,46
278,20,2809,47
279,20,2002,47
280,20,1367069,112
281,20,94321,101
282,20,887641,57
283,20,3592,50
284,20,80800,56
285,20,32023,51
286,20,360790,49
287,20,4341,49
288,20,42118,64
289,20,12210,46
290,20,559,50
291,20,87767,50
292,20,78011,48
293,20,117925,57
294,20,7567,53
295,20,73210,100
296,20,48545,50
297,20,70758,62
298,20,34365,49
299,20,68971,50
300,20,483067,69
301,20,492466,73
302,20,1225429,81
303,20,39076,42
304,20,78795,54
305,20,1193751,72
306,20,237720,107
307,20,10874,43
308,20,3764,44
309,20,35920,50
310,20,62449,45
311,20,12917,45
312,20,186016,47
313,20,10626,44
314,20,786,44
315,20,21805,43
316,20,6509,40
317,20,23025,58
318,20,23780,53
319,20,5505,49
320,20,4566,51
321,20,2515,47
322,20,78,50
323,20,7662,43
324,20,5933,47
325,20,3263,60
326,20,68818,61
327,20,171090,48
328,20,180236,45
329,20,39608,43
330,20,137596,48
331,20,51102,41
332,20,211854,43
333,20,10457,42
334,20,32579,40
335,20,258247,39
336,20,14721,43
337,20,3847,46
338,20,9178,50
339,20,95841,43
340,20,200011,44
341,20,262,55
342,20,1990,45
343,20,43108,52
344,20,12033,48
345,20,41194,51
346,20,7930,61
347,20,60584,47
348,20,29126,55
349,20,10431,56
350,20,283,55
351,20,296579,54
352,20,5351,48
353,20,263452,60
354,20,54500,58
355,20,241254,59
356,20,154022,56
357,20,1137252,61
358,20,93421,42
359,20,85858,58
360,20,33692,58
361,20,72551,48
362,20,47953,49
363,20,28306,62
364,20,379443,93
365,20,168090,89
366,20,2156,49
367,20,1027529,88
368,20,3462,55
369,20,16757,49
370,20,538713,69
371,20,13970,56
372,20,1972017,126
373,20,17293,43
374,20,3501,44
375,20,6424,42
376,20,58556,45
377,20,3944,42
378,20,820566,48
379,20,2386,44
380,20,18879,44
381,20,15584,49
382,20,13753,42
383,20,115739,42
384,20,3368,42
385,20,3101,43
386,20,4568,43
387,20,6813,45
388,20,607,50
389,20,33346,49
390,20,123209,59
391,20,1035204,62
392,20,37212,49
393,20,1865559,70
394,20,99130,55
395,20,33244,59
396,20,193525,58
397,20,4234,50
398,20,5262,45
399,20,20002,43
400,20,1131265,47
401,20,977,44
402,20,34127,50
403,20,25169,42
404,20,1299,45
405,20,153360,43
406,20,49214,44
407,20,5569,43
408,20,10140,45
409,20,56600,43
410,20,134331,43
411,20,13749,48
412,20,15476,47
413,20,56001,43
414,20,1619,64
415,20,50988,68
416,20,5046,45
417,20,377928,69
418,20,6248,54
419,20,245563,63
420,20,813,50
421,20,15435,43
422,20,130080,40
423,20,274136,46
424,20,1221,50
425,20,1383537,52
426,20,9169,42
427,20,629332,41
428,20,43911,40
429,20,3251,40
430,20,38217,45
431,20,6432,43
432,20,48964,59
433,20,691571,49
434,20,5549,52
435,20,24803,48
436,20,7698,43
437,20,1185946,63
438,20,25766,46
439,20,84775,40
440,20,7807,42
441,20,10513,43
442,20,2378,40
443,20,4139,42
444,20,4500,49
445,20,275692,45
446,20,3524,46
447,20,58760,48
448,20,43164,43
449,20,3422,45
450,20,439034,51
451,20,107126,45
452,20,8473,43
453,20,31716,67
454,20,521041,46
455,20,10261,42
456,20,105395,51
457,20,9240,43
458,20,56819,49
459,20,408342,48
460,20,9380,42
461,20,7274,44
462,20,211145,71
463,20,14370,46
464,20,66028,44
465,20,1212431,73
466,20,1462,47
467,20,2743,42
468,20,1450343,59
469,20,625,55
470,20,5938,54
471,20,1044,45
472,20,59300,57
473,20,2358,42
474,20,17292,43
475,20,123216,52
476,20,37537,67
477,20,9986,43
478,20,200443,57
479,20,14659,42
480,20,1088728,67
481,20,12212,45
482,20,8263,46
483,20,110664,43
484,20,690718,51
485,20,6338,43
486,20,13108,56
487,20,8627,48
488,20,3487,56
489,20,224419,54
490,20,526223,45
491,20,5897,48
492,20,7032,51
493,20,175088,58
494,20,22936,45
495,20,2505,57
496,20,3378,54
497,20,1041,48
498,20,351770,56
499,20,45060,58
500,20,17810,52
501,20,1422,50
502,20,11507,62
503,20,7288,43
504,20,120889,46
505,20,11963,57
506,20,54710,54
507,20,15684,59
508,20,10808,54
509,20,24282,44
510,20,4319,48
511,20,23155,45
512,20,5934,44
513,20,28684,54
514,20,1302,59
515,20,2136,49
516,20,20932,44
517,20,7555,44
518,20,9893,44
519,20,20917,43
520,20,1195,49
521,20,4580,43
522,20,213897,39
523,20,8022,43
524,20,218766,46
525,20,18415,40
526,20,14486,50
527,20,72553,45
528,20,484,45
529,20,1429,45
530,20,4429,40
531,20,461,45
532,20,4839,40
533,20,9426,40
534,20,502,44
535,20,1396,45
536,20,2321,45
537,20,13590,40
538,20,10261,40
539,20,7083,45
540,20,601,45
541,20,4495,40
542,20,20505,40
543,20,3330,50
544,20,7145,40
545,20,248,45
546,20,3635,40
547,20,333,45
548,20,303,45
549,20,22666,50
550,20,2561,50
551,20,2337,45
552,20,1009,50
553,20,10487,40
554,20,210,50
555,20,547,45
556,20,8624,40
557,20,55,50
558,20,765,40
559,20,380,40
560,20,2919,45
561,20,698,40
562,20,73,45
563,20,167,45
564,20,172,40
565,20,374,40
566,20,32,45
567,20,390,40
568,20,46,50
1,21,74203,48
2,21,137572,48
3,21,10847,54
4,21,376417,54
5,21,54258,54
6,21,28466,43
7,21,64163,54
8,21,238780,49
9,21,52377,42
10,21,5743,47
11,21,54964,45
12,21,72204,51
13,21,153096,80
14,21,57435,72
15,21,73219,54
16,21,125103,43
17,21,154831,53
18,21,249092,67
19,21,25113,44
20,21,21589,44
21,21,29595,65
22,21,426879,94
23,21,2162900,114
24,21,226490,44
25,21,352363,40
26,21,19358,44
27,21,406416,45
28,21,245964,42
29,21,23462,44
30,21,7833,43
31,21,247529,50
32,21,275332,38
33,21,11325,49
34,21,24829,43
35,21,9085,46
36,21,4946,60
37,21,3991,48
38,21,12722,50
39,21,8334,47
40,21,1281166,61
41,21,2440,45
42,21,262555,50
43,21,1860665,67
44,21,12555,49
45,21,159766,63
46,21,25465,56
47,21,219148,44
48,21,189262,45
49,21,245922,46
50,21,27374,44
51,21,8948,44
52,21,310098,38
53,21,113593,38
54,21,9020,42
55,21,34212,53
56,21,201314,44
57,21,35361,44
58,21,85059,50
59,21,90232,67
60,21,5002,48
61,21,5081,59
62,21,172880,64
63,21,4248,49
64,21,19403,45
65,21,25055,53
66,21,20523,50
67,21,17085,48
68,21,10260,48
69,21,15316,46
70,21,112735,47
71,21,30872,47
72,21,269532,47
73,21,21687,42
74,21,20597,44
75,21,8900,42
76,21,87947,56
77,21,1256,53
78,21,8019,52
79,21,1159,54
80,21,87705,45
81,21,1683,48
82,21,35288,46
83,21,26842,50
84,21,83276,53
85,21,42293,56
86,21,55052,45
87,21,18827,62
88,21,430391,45
89,21,5601,43
90,21,34140,47
91,21,124521,45
92,21,9782,44
93,21,91804,38
94,21,28182,44
95,21,233264,39
96,21,35702,39
97,21,1742,40
98,21,5300,46
99,21,6765,50
100,21,1229,48
101,21,49644,51
102,21,51699,44
103,21,4350,44
104,21,3654,43
105,21,15221,43
106,21,24685,48
107,21,14483,46
108,21,7926,45
109,21,67526,44
110,21,37297,52
111,21,30175,55
112,21,7190,47
113,21,577153,63
114,21,33939,51
115,21,2444401,68
116,21,722306,58
117,21,83113,55
118,21,298329,60
119,21,23173,50
120,21,8512,51
121,21,6857,52
122,21,2365361,111
123,21,23189,62
124,21,269529,72
125,21,199125,63
126,21,1076856,49
127,21,121234,53
128,21,7020,47
129,21,4439,49
130,21,2716,44
131,21,113467,42
132,21,34437,52
133,21,117479,77
134,21,98825,84
135,21,284466,45
136,21,627019,39
137,21,47499,42
138,21,153348,43
139,21,716,44
140,21,335412,39
141,21,126401,44
142,21,228032,54
143,21,100784,49
144,21,2889,44
145,21,1922890,44
146,21,36493,43
147,21,161620,48
148,21,775,50
149,21,158595,58
150,21,234416,61
151,21,676306,67
152,21,26210,63
153,21,11313,48
154,21,855312,50
155,21,214058,40
156,21,37154,50
157,21,73470,52
158,21,28167,43
159,21,3051,45
160,21,7491,43
161,21,9478,42
162,21,223519,50
163,21,2591,45
164,21,206863,61
165,21,5856,58
166,21,2149,44
167,21,126647,42
168,21,16416,48
169,21,7393,51
170,21,5142,51
171,21,435,60
172,21,385239,73
173,21,519,50
174,21,3283,43
175,21,96076,53
176,21,18424,50
177,21,97608,65
178,21,24901,43
179,21,144876,40
180,21,8767,42
181,21,7590,44
182,21,30966,47
183,21,12932,43
184,21,128272,60
185,21,3312,51
186,21,5828,43
187,21,2898,43
188,21,8687,44
189,21,652851,44
190,21,481634,40
191,21,112711,44
192,21,191829,44
193,21,8270,44
194,21,3226,44
195,21,203828,44
196,21,79884,40
197,21,4379,44
198,21,18402,43
199,21,68837,51
200,21,1798,46
201,21,21730,44
202,21,122649,45
203,21,420,50
204,21,862,45
205,21,3188,43
206,21,6476,48
207,21,5121,47
208,21,8730,43
209,21,254737,43
210,21,29228,51
211,21,9552,58
212,21,4662,48
213,21,303610,50
214,21,5575,44
215,21,61255,45
216,21,24649,41
217,21,12333,42
218,21,56043,39
219,21,151743,51
220,21,553634,54
221,21,516950,52
222,21,17975,48
223,21,135525,84
224,21,39111,51
225,21,51686,54
226,21,10714,43
227,21,45567,49
228,21,2733,47
229,21,1056,44
230,21,7340,43
231,21,10568,47
232,21,2373,46
233,21,299464,68
234,21,259252,89
235,21,34487,52
236,21,61036,58
237,21,7270,48
238,21,5332,49
239,21,200581,49
240,21,15077,42
241,21,18518,45
242,21,78404,49
243,21,10116,49
244,21,2565,44
245,21,1203263,51
246,21,1585702,64
247,21,2046489,66
248,21,2339,64
249,21,35107,53
250,21,41118,69
251,21,1170565,95
252,21,66050,55
253,21,2489006,133
254,21,178884,56
255,21,42205,55
256,21,99750,72
257,21,983500,91
258,21,507977,56
259,21,14447,47
260,21,1319479,56
261,21,6797,48
262,21,321629,53
263,21,69735,52
264,21,149146,61
265,21,674100,64
266,21,20254,51
267,21,399165,62
268,21,713654,59
269,21,20617,53
270,21,636671,113
271,21,234673,85
272,21,230966,53
273,21,220798,97
274,21,135151,54
275,21,573174,95
276,21,394061,75
277,21,7054,46
278,21,2860,47
279,21,2307,47
280,21,1314797,112
281,21,89490,101
282,21,886092,57
283,21,3626,50
284,21,78787,56
285,21,31840,51
286,21,370220,49
287,21,4269,49
288,21,42259,64
289,21,12084,46
290,21,558,50
291,21,85734,50
292,21,81553,48
293,21,116154,57
294,21,6591,53
295,21,74203,100
296,21,48628,50
297,21,68430,62
298,21,33396,49
299,21,82408,50
300,21,430396,69
301,21,503572,73
302,21,1828505,83
303,21,39899,42
304,21,77798,54
305,21,1142089,72
306,21,249526,107
307,21,10758,43
308,21,3711,44
309,21,35281,50
310,21,59957,45
311,21,12181,45
312,21,182866,47
313,21,10645,44
314,21,787,44
315,21,20973,43
316,21,6452,40
317,21,23302,58
318,21,23679,53
319,21,5419,49
320,21,4509,51
321,21,2505,47
322,21,79,50
323,21,8184,43
324,21,5697,47
325,21,3258,60
326,21,66296,61
327,21,165787,48
328,21,172419,45
329,21,39160,43
330,21,133795,48
331,21,49885,41
332,21,201796,43
333,21,10421,42
334,21,32100,40
335,21,260401,39
336,21,14551,42
337,21,3797,46
338,21,9106,50
339,21,94905,43
340,21,184539,44
341,21,270,55
342,21,1974,45
343,21,43915,52
344,21,11903,48
345,21,35313,51
346,21,7898,61
347,21,61330,47
348,21,29145,55
349,21,10167,56
350,21,287,55
351,21,303836,54
352,21,5355,48
353,21,260298,60
354,21,53427,58
355,21,238450,59
356,21,148198,56
357,21,1131437,61
358,21,85901,42
359,21,86537,58
360,21,33276,58
361,21,69660,48
362,21,47471,49
363,21,24096,61
364,21,364499,93
365,21,170353,89
366,21,2141,49
367,21,1035939,88
368,21,3632,55
369,21,17016,49
370,21,512773,69
371,21,14004,56
372,21,1989033,126
373,21,17092,43
374,21,3487,44
375,21,6290,42
376,21,56357,45
377,21,3899,42
378,21,797825,48
379,21,2375,44
380,21,18093,44
381,21,15583,49
382,21,13804,42
383,21,109571,42
384,21,3371,42
385,21,3091,43
386,21,4506,43
387,21,6694,45
388,21,609,50
389,21,31982,49
390,21,141118,59
391,21,1027241,63
392,21,36227,49
393,21,1804623,70
394,21,120846,55
395,21,32221,59
396,21,183473,58
397,21,4246,50
398,21,5234,45
399,21,19856,43
400,21,1147315,48
401,21,977,44
402,21,34228,50
403,21,25319,42
404,21,1289,45
405,21,141050,43
406,21,50525,44
407,21,5583,43
408,21,10021,45
409,21,56671,43
410,21,134541,43
411,21,13543,48
412,21,15501,47
413,21,55550,43
414,21,1642,64
415,21,50473,68
416,21,4990,45
417,21,429433,69
418,21,6341,54
419,21,166277,62
420,21,810,50
421,21,15252,43
422,21,127744,40
423,21,331349,46
424,21,1215,50
425,21,1482043,52
426,21,9117,42
427,21,644574,41
428,21,43186,40
429,21,3206,40
430,21,39870,45
431,21,6116,43
432,21,47868,59
433,21,674486,49
434,21,6235,52
435,21,28340,48
436,21,7616,43
437,21,1401758,64
438,21,25844,46
439,21,83287,40
440,21,10637,42
441,21,10497,43
442,21,2358,40
443,21,4118,42
444,21,4848,49
445,21,275470,45
446,21,3422,46
447,21,58151,48
448,21,46411,43
449,21,3405,45
450,21,416257,51
451,21,104926,45
452,21,8405,43
453,21,31493,67
454,21,544308,45
455,21,10048,42
456,21,100753,50
457,21,9167,43
458,21,52703,48
459,21,399884,48
460,21,9971,42
461,21,7204,44
462,21,205085,71
463,21,14176,46
464,21,57046,44
465,21,1246029,74
466,21,1450,47
467,21,2944,42
468,21,1466358,59
469,21,621,55
470,21,5916,54
471,21,1045,45
472,21,58437,57
473,21,2477,42
474,21,16742,43
475,21,125049,52
476,21,37362,67
477,21,9931,43
478,21,182434,56
479,21,14414,42
480,21,1022095,67
481,21,12184,45
482,21,8072,46
483,21,129614,43
484,21,781698,52
485,21,6304,43
486,21,12916,56
487,21,7731,48
488,21,3448,56
489,21,193187,54
490,21,488477,45
491,21,5943,48
492,21,6966,51
493,21,190216,58
494,21,21872,45
495,21,2518,57
496,21,3362,54
497,21,1044,48
498,21,388388,56
499,21,44837,58
500,21,17095,52
501,21,1414,50
502,21,10856,62
503,21,8258,43
504,21,169659,46
505,21,11871,57
506,21,53469,54
507,21,15151,59
508,21,10532,54
509,21,24484,44
510,21,4687,48
511,21,22963,45
512,21,5775,44
513,21,28205,54
514,21,1318,59
515,21,2180,49
516,21,18767,44
517,21,7513,44
518,21,9757,44
519,21,21118,43
520,21,1223,49
521,21,4867,43
522,21,206048,39
523,21,8223,43
524,21,232239,46
525,21,18310,40
526,21,14657,50
527,21,70602,45
528,21,495,45
529,21,1465,45
530,21,4400,40
531,21,463,45
532,21,4793,40
533,21,9238,40
534,21,2134,44
535,21,1331,45
536,21,2287,45
537,21,13305,40
538,21,10028,40
539,21,6382,45
540,21,594,45
541,21,4480,40
542,21,20158,40
543,21,3262,50
544,21,6895,40
545,21,241,45
546,21,3718,40
547,21,369,45
548,21,326,45
549,21,20399,50
550,21,1991,50
551,21,2581,45
552,21,1120,50
553,21,10271,40
554,21,311,50
555,21,644,45
556,21,9475,40
557,21,69,50
558,21,889,40
559,21,423,40
560,21,3927,45
561,21,816,40
562,21,85,45
563,21,234,45
564,21,232,40
565,21,1083,40
566,21,64,45
567,21,665,40
568,21,67,50
569,21,0,55
570,21,0,45
1,22,73210,48
2,22,132250,48
3,22,10271,54
4,22,354461,54
5,22,48673,54
6,22,27442,43
7,22,59633,54
8,22,258252,49
9,22,53177,42
10,22,5759,47
11,22,53676,45
12,22,72717,51
13,22,145989,80
14,22,58629,72
15,22,98537,54
16,22,131674,42
17,22,174313,53
18,22,240786,67
19,22,24928,44
20,22,26590,44
21,22,29206,64
22,22,394968,94
23,22,2156836,114
24,22,223255,44
25,22,344813,40
26,22,17055,44
27,22,382000,44
28,22,241104,42
29,22,22339,43
30,22,7792,43
31,22,260559,50
32,22,296882,38
33,22,11434,49
34,22,24896,43
35,22,9125,46
36,22,5685,60
37,22,4197,47
38,22,12776,50
39,22,8037,47
40,22,1323274,61
41,22,2470,45
42,22,314289,51
43,22,1672688,66
44,22,12758,49
45,22,142934,63
46,22,24845,56
47,22,189965,44
48,22,175784,45
49,22,258913,46
50,22,25192,44
51,22,8707,44
52,22,317693,38
53,22,120579,38
54,22,8546,42
55,22,31728,52
56,22,204383,44
57,22,32077,44
58,22,76433,50
59,22,89836,67
60,22,5143,48
61,22,4998,59
62,22,148259,63
63,22,4201,49
64,22,19459,45
65,22,27714,53
66,22,18660,50
67,22,20696,48
68,22,10312,48
69,22,14904,46
70,22,110598,47
71,22,30539,47
72,22,279183,47
73,22,21244,42
74,22,22700,44
75,22,7996,42
76,22,82633,56
77,22,1273,53
78,22,8069,52
79,22,1092,54
80,22,130439,45
81,22,1656,48
82,22,35600,46
83,22,24334,49
84,22,79242,53
85,22,105600,56
86,22,54306,45
87,22,30677,62
88,22,574681,46
89,22,5653,43
90,22,40686,47
91,22,147226,45
92,22,13357,44
93,22,105012,38
94,22,27487,44
95,22,228751,39
96,22,34754,39
97,22,1788,40
98,22,5192,46
99,22,7169,50
100,22,1253,48
101,22,61479,51
102,22,53013,44
103,22,4240,44
104,22,3692,43
105,22,14527,43
106,22,23920,48
107,22,14016,46
108,22,7852,45
109,22,69148,44
110,22,44316,52
111,22,30031,55
112,22,7277,47
113,22,571260,63
114,22,33871,51
115,22,2385299,67
116,22,780552,59
117,22,83027,55
118,22,295082,60
119,22,23265,50
120,22,8456,51
121,22,6956,52
122,22,2321224,111
123,22,22905,62
124,22,248872,72
125,22,190208,63
126,22,1164437,50
127,22,111964,52
128,22,6858,47
129,22,4405,49
130,22,2748,44
131,22,124532,42
132,22,31017,52
133,22,115121,77
134,22,95685,84
135,22,258633,45
136,22,670174,39
137,22,105696,42
138,22,164483,43
139,22,742,44
140,22,330584,39
141,22,121200,44
142,22,250345,54
143,22,110880,49
144,22,2879,44
145,22,2005433,45
146,22,49984,42
147,22,170280,48
148,22,771,50
149,22,172042,58
150,22,300297,61
151,22,687401,67
152,22,25971,63
153,22,10803,48
154,22,833450,50
155,22,209710,40
156,22,36601,50
157,22,66589,52
158,22,28069,43
159,22,3019,45
160,22,6916,43
161,22,10082,42
162,22,207413,49
163,22,2565,45
164,22,201079,61
165,22,5816,58
166,22,2253,44
167,22,135931,42
168,22,16472,48
169,22,7343,51
170,22,5177,51
171,22,438,60
172,22,392903,73
173,22,511,50
174,22,3417,43
175,22,102319,53
176,22,18318,50
177,22,96250,65
178,22,23748,43
179,22,175113,40
180,22,9843,42
181,22,7730,44
182,22,30530,47
183,22,12691,43
184,22,131156,60
185,22,3275,51
186,22,5708,43
187,22,2879,43
188,22,8493,44
189,22,713686,45
190,22,456284,40
191,22,114160,44
192,22,171070,43
193,22,7708,44
194,22,3161,44
195,22,200198,44
196,22,78055,40
197,22,4303,44
198,22,17633,43
199,22,65603,51
200,22,1701,46
201,22,20952,44
202,22,119383,45
203,22,417,50
204,22,830,45
205,22,3086,43
206,22,5837,48
207,22,4907,47
208,22,8485,43
209,22,264560,43
210,22,28655,51
211,22,11954,58
212,22,4906,48
213,22,321412,50
214,22,5546,43
215,22,58396,45
216,22,25169,41
217,22,14535,42
218,22,55518,39
219,22,159042,51
220,22,561814,54
221,22,736533,53
222,22,18123,48
223,22,128790,83
224,22,37601,51
225,22,49494,54
226,22,10471,43
227,22,45721,49
228,22,2639,47
229,22,1119,44
230,22,9483,43
231,22,10569,47
232,22,2336,46
233,22,291025,68
234,22,292454,89
235,22,34308,52
236,22,58411,58
237,22,7296,48
238,22,5299,49
239,22,157897,49
240,22,15017,41
241,22,24375,44
242,22,73996,49
243,22,10094,49
244,22,2543,44
245,22,1367692,52
246,22,1633938,64
247,22,2065389,66
248,22,2394,64
249,22,34683,53
250,22,40878,69
251,22,1179921,95
252,22,64586,55
253,22,2644016,133
254,22,171122,56
255,22,44014,55
256,22,98635,72
257,22,1109167,92
258,22,350351,56
259,22,16239,47
260,22,1291040,56
261,22,6770,48
262,22,325255,52
263,22,71117,52
264,22,148505,61
265,22,638069,64
266,22,22094,51
267,22,389372,62
268,22,654411,59
269,22,19871,53
270,22,626689,113
271,22,257736,85
272,22,242676,53
273,22,228085,97
274,22,128165,54
275,22,697297,95
276,22,511468,75
277,22,7163,46
278,22,2790,47
279,22,2515,47
280,22,1324812,112
281,22,99690,101
282,22,878237,57
283,22,3704,50
284,22,76203,56
285,22,32117,51
286,22,365715,49
287,22,4200,49
288,22,43382,64
289,22,12006,46
290,22,548,50
291,22,82849,50
292,22,88208,48
293,22,99217,57
294,22,5504,53
295,22,74757,100
296,22,49567,50
297,22,67537,62
298,22,32343,48
299,22,84262,50
300,22,344256,68
301,22,462759,73
302,22,1842344,84
303,22,42606,42
304,22,76153,54
305,22,1368684,73
306,22,244440,107
307,22,10634,43
308,22,3640,44
309,22,34222,50
310,22,56637,45
311,22,11616,45
312,22,177280,47
313,22,10203,44
314,22,805,44
315,22,20358,43
316,22,6365,40
317,22,22985,58
318,22,23376,53
319,22,4991,48
320,22,4754,51
321,22,2510,47
322,22,78,50
323,22,8474,43
324,22,5424,47
325,22,3261,60
326,22,63238,61
327,22,158662,48
328,22,161968,44
329,22,38940,42
330,22,127462,48
331,22,43479,41
332,22,225053,42
333,22,10323,42
334,22,31456,40
335,22,291106,39
336,22,14277,42
337,22,3583,46
338,22,9169,50
339,22,96757,43
340,22,164543,44
341,22,288,55
342,22,1947,45
343,22,73814,52
344,22,11512,48
345,22,27714,51
346,22,7837,61
347,22,65712,47
348,22,28682,55
349,22,9700,56
350,22,289,55
351,22,303685,54
352,22,5386,48
353,22,250679,60
354,22,54183,58
355,22,234178,59
356,22,132590,56
357,22,1099530,61
358,22,73011,42
359,22,87126,58
360,22,33072,58
361,22,66232,47
362,22,46727,49
363,22,21906,61
364,22,373094,93
365,22,169419,89
366,22,2113,49
367,22,967551,88
368,22,3907,55
369,22,18551,49
370,22,424068,69
371,22,14578,56
372,22,1943394,126
373,22,16943,43
374,22,3471,44
375,22,6085,42
376,22,53947,45
377,22,3810,42
378,22,761574,48
379,22,2388,44
380,22,17165,44
381,22,15497,49
382,22,13487,42
383,22,105318,42
384,22,3314,42
385,22,3075,43
386,22,4372,43
387,22,6575,44
388,22,630,50
389,22,30505,49
390,22,143182,59
391,22,1041850,63
392,22,34880,49
393,22,1787214,69
394,22,148891,55
395,22,30715,59
396,22,311672,59
397,22,4113,50
398,22,7430,44
399,22,19656,43
400,22,1086302,48
401,22,967,44
402,22,33515,50
403,22,25057,42
404,22,1280,45
405,22,132691,43
406,22,46183,44
407,22,5601,43
408,22,9789,45
409,22,51123,43
410,22,136687,43
411,22,13448,48
412,22,15894,47
413,22,56577,43
414,22,1689,64
415,22,50266,68
416,22,4913,45
417,22,513325,69
418,22,7778,54
419,22,108767,61
420,22,807,50
421,22,15050,43
422,22,125875,40
423,22,321035,46
424,22,1204,50
425,22,1409290,52
426,22,10439,42
427,22,637730,41
428,22,42220,40
429,22,3173,40
430,22,39220,45
431,22,5799,43
432,22,46936,59
433,22,650338,49
434,22,5729,52
435,22,28707,48
436,22,7637,43
437,22,1331754,64
438,22,25819,46
439,22,81752,40
440,22,9190,42
441,22,10449,43
442,22,2321,40
443,22,4037,42
444,22,5184,49
445,22,286312,45
446,22,16603,46
447,22,56991,48
448,22,48579,43
449,22,3360,45
450,22,364226,50
451,22,104681,44
452,22,18539,43
453,22,31075,67
454,22,527879,45
455,22,9798,42
456,22,96248,50
457,22,9165,43
458,22,46933,48
459,22,394406,47
460,22,10012,42
461,22,6917,44
462,22,207650,71
463,22,14530,46
464,22,38972,43
465,22,1116501,74
466,22,1427,46
467,22,3224,42
468,22,1531257,59
469,22,618,55
470,22,5859,54
471,22,1024,45
472,22,57840,57
473,22,2410,42
474,22,16215,43
475,22,119618,51
476,22,36977,67
477,22,9925,43
478,22,171050,56
479,22,13404,42
480,22,992724,66
481,22,12237,45
482,22,7918,46
483,22,136185,43
484,22,807131,52
485,22,6279,43
486,22,12614,56
487,22,7006,48
488,22,3293,56
489,22,145557,54
490,22,430655,44
491,22,5967,48
492,22,6912,51
493,22,175489,58
494,22,20898,45
495,22,2565,57
496,22,3364,54
497,22,1057,48
498,22,401182,56
499,22,44176,58
500,22,16742,52
501,22,1404,50
502,22,9584,62
503,22,8189,43
504,22,175693,46
505,22,15173,57
506,22,49534,54
507,22,14497,59
508,22,10141,54
509,22,25543,44
510,22,4731,48
511,22,22682,45
512,22,5545,44
513,22,27315,54
514,22,1437,59
515,22,2217,49
516,22,16558,44
517,22,7268,44
518,22,9585,44
519,22,20668,43
520,22,1308,49
521,22,5423,43
522,22,197058,39
523,22,8243,43
524,22,231553,46
525,22,17654,40
526,22,15022,50
527,22,71513,45
528,22,448,45
529,22,1572,45
530,22,4398,40
531,22,438,45
532,22,4857,40
533,22,8853,40
534,22,12286,44
535,22,1209,45
536,22,2321,45
537,22,13190,40
538,22,10113,40
539,22,5372,45
540,22,682,45
541,22,4634,40
542,22,20050,40
543,22,3284,50
544,22,6674,40
545,22,254,45
546,22,3926,40
547,22,408,45
548,22,354,45
549,22,16213,50
550,22,1527,50
551,22,3113,45
552,22,1367,50
553,22,10375,40
554,22,711,50
555,22,749,45
556,22,21623,40
557,22,81,50
558,22,1046,40
559,22,396,40
560,22,5270,45
561,22,1065,40
562,22,112,45
563,22,426,45
564,22,280,40
565,22,1522,40
566,22,147,45
567,22,1168,40
568,22,123,50
569,22,10571,55
570,22,28,45
571,22,258,55
572,22,0,45
573,22,0,45
574,22,0,45
1,23,72299,48
2,23,123855,48
3,23,10432,54
4,23,351729,54
5,23,47234,54
6,23,26727,43
7,23,58648,54
8,23,222767,49
9,23,52236,42
10,23,5746,47
11,23,52471,45
12,23,71125,51
13,23,144745,80
14,23,56417,72
15,23,95106,54
16,23,132828,42
17,23,164664,53
18,23,236576,67
19,23,24778,44
20,23,28224,44
21,23,28975,64
22,23,359202,93
23,23,1981934,113
24,23,219371,44
25,23,335884,40
26,23,15763,43
27,23,362937,44
28,23,233109,42
29,23,22343,43
30,23,7687,43
31,23,268993,50
32,23,305442,38
33,23,11436,49
34,23,24713,43
35,23,8978,46
36,23,5671,60
37,23,4403,47
38,23,12773,50
39,23,7772,47
40,23,1376093,61
41,23,2487,45
42,23,337753,51
43,23,1363225,65
44,23,12938,49
45,23,154613,63
46,23,24018,56
47,23,174654,44
48,23,164067,45
49,23,267924,46
50,23,23421,44
51,23,8650,44
52,23,312434,38
53,23,125680,38
54,23,8153,42
55,23,30224,52
56,23,201289,44
57,23,28645,44
58,23,69359,50
59,23,89315,67
60,23,5238,48
61,23,4943,59
62,23,140131,63
63,23,4167,49
64,23,19356,45
65,23,32612,53
66,23,17064,50
67,23,19300,48
68,23,10293,48
69,23,14653,46
70,23,106484,47
71,23,30412,47
72,23,266419,47
73,23,20666,42
74,23,20656,44
75,23,8013,42
76,23,73531,56
77,23,1293,53
78,23,10663,52
79,23,1060,54
80,23,143411,45
81,23,1644,48
82,23,34041,46
83,23,22757,49
84,23,72507,53
85,23,88661,57
86,23,53700,45
87,23,26123,62
88,23,668220,46
89,23,5681,43
90,23,36508,47
91,23,174728,46
92,23,18651,44
93,23,113521,38
94,23,27127,44
95,23,219002,39
96,23,33637,39
97,23,1801,40
98,23,5067,46
99,23,6826,50
100,23,1307,48
101,23,52983,51
102,23,52905,44
103,23,4150,44
104,23,3700,43
105,23,13709,43
106,23,21012,48
107,23,13600,46
108,23,7783,45
109,23,65210,44
110,23,40312,52
111,23,29960,55
112,23,7281,47
113,23,548608,63
114,23,33757,51
115,23,2182963,66
116,23,818393,59
117,23,82752,55
118,23,273907,60
119,23,23228,50
120,23,8392,51
121,23,7005,52
122,23,2156257,111
123,23,22400,62
124,23,258261,72
125,23,219034,63
126,23,1151249,50
127,23,101655,52
128,23,6761,46
129,23,4395,49
130,23,2729,44
131,23,128179,42
132,23,28141,52
133,23,114488,77
134,23,92523,84
135,23,228193,45
136,23,717380,39
137,23,88113,42
138,23,159677,43
139,23,749,44
140,23,321235,39
141,23,115464,44
142,23,241216,54
143,23,109027,49
144,23,2849,44
145,23,2025265,45
146,23,67620,42
147,23,161268,48
148,23,765,50
149,23,154773,58
150,23,277386,61
151,23,669653,67
152,23,26376,63
153,23,10091,48
154,23,823629,50
155,23,204015,40
156,23,36299,50
157,23,64525,52
158,23,27655,43
159,23,3006,45
160,23,6610,43
161,23,9874,42
162,23,203414,49
163,23,2553,45
164,23,190347,61
165,23,5791,58
166,23,2314,44
167,23,133874,42
168,23,16523,48
169,23,7297,51
170,23,9515,51
171,23,438,60
172,23,373426,73
173,23,508,50
174,23,3461,43
175,23,124969,53
176,23,20842,50
177,23,95432,65
178,23,22818,43
179,23,214710,40
180,23,11146,42
181,23,7820,44
182,23,29309,47
183,23,12225,43
184,23,127723,60
185,23,3256,51
186,23,5509,43
187,23,2867,43
188,23,8333,44
189,23,691309,45
190,23,426480,40
191,23,118248,44
192,23,159254,43
193,23,7189,44
194,23,3150,44
195,23,196581,44
196,23,76424,40
197,23,4354,44
198,23,16055,43
199,23,63445,51
200,23,1633,46
201,23,19732,44
202,23,110767,45
203,23,415,50
204,23,825,45
205,23,2990,43
206,23,5207,48
207,23,4782,47
208,23,8528,42
209,23,256033,43
210,23,27434,51
211,23,10818,58
212,23,5241,48
213,23,306771,50
214,23,5495,43
215,23,56434,45
216,23,25230,41
217,23,13908,42
218,23,53998,39
219,23,142858,51
220,23,551841,54
221,23,781794,53
222,23,16575,48
223,23,124422,83
224,23,33525,51
225,23,47401,54
226,23,10260,43
227,23,53658,49
228,23,2523,47
229,23,1189,44
230,23,10901,43
231,23,10555,47
232,23,2244,46
233,23,259050,67
234,23,273061,89
235,23,33948,52
236,23,56344,58
237,23,7304,47
238,23,5290,49
239,23,120937,49
240,23,15619,41
241,23,29909,44
242,23,72160,49
243,23,22327,49
244,23,2536,44
245,23,997988,52
246,23,1742279,65
247,23,2231418,67
248,23,2409,64
249,23,34871,53
250,23,40477,69
251,23,1165744,95
252,23,56837,55
253,23,2975722,135
254,23,165680,56
255,23,44903,55
256,23,97849,72
257,23,1346396,93
258,23,323655,55
259,23,16741,47
260,23,1273976,56
261,23,6738,48
262,23,349389,52
263,23,69182,52
264,23,147913,61
265,23,635278,64
266,23,27745,51
267,23,384265,61
268,23,674963,59
269,23,18922,53
270,23,668552,113
271,23,274945,85
272,23,243874,53
273,23,245220,97
274,23,122280,54
275,23,949413,96
276,23,570681,76
277,23,7127,46
278,23,2676,47
279,23,2433,47
280,23,1538770,113
281,23,204162,102
282,23,944673,57
283,23,3739,50
284,23,74819,56
285,23,34295,51
286,23,499858,50
287,23,4157,49
288,23,43477,64
289,23,11809,46
290,23,549,50
291,23,82498,50
292,23,143567,48
293,23,103886,57
294,23,5017,53
295,23,73540,100
296,23,50732,50
297,23,65112,62
298,23,31164,48
299,23,81256,50
300,23,331805,68
301,23,469547,73
302,23,2326522,86
303,23,42657,42
304,23,74999,54
305,23,2226233,76
306,23,242038,107
307,23,10545,43
308,23,3575,44
309,23,36672,50
310,23,58294,45
311,23,12190,45
312,23,170321,47
313,23,8946,44
314,23,1190,44
315,23,18875,43
316,23,6307,40
317,23,25109,58
318,23,22679,53
319,23,4667,48
320,23,5100,51
321,23,2517,47
322,23,78,50
323,23,8628,43
324,23,5320,47
325,23,3256,60
326,23,64093,61
327,23,152998,48
328,23,162122,44
329,23,38687,42
330,23,123476,48
331,23,38864,41
332,23,235964,42
333,23,10314,42
334,23,30866,40
335,23,334348,39
336,23,13945,42
337,23,3311,46
338,23,13757,50
339,23,95601,43
340,23,160085,44
341,23,300,55
342,23,2013,44
343,23,99246,52
344,23,10890,48
345,23,24902,51
346,23,7788,61
347,23,144992,47
348,23,27199,55
349,23,8928,56
350,23,289,55
351,23,313770,54
352,23,5374,48
353,23,253394,60
354,23,53937,58
355,23,235432,59
356,23,130529,56
357,23,1129749,61
358,23,64947,42
359,23,86785,58
360,23,33082,58
361,23,63848,47
362,23,46123,49
363,23,42501,61
364,23,446999,93
365,23,225961,89
366,23,2093,49
367,23,308614,86
368,23,5418,55
369,23,14378,49
370,23,380696,68
371,23,78370,56
372,23,1012597,125
373,23,16785,43
374,23,3458,44
375,23,5894,42
376,23,58783,45
377,23,3743,42
378,23,791457,48
379,23,2374,44
380,23,16712,44
381,23,15390,49
382,23,13503,42
383,23,99559,42
384,23,3150,42
385,23,3060,42
386,23,4219,43
387,23,6398,44
388,23,1348,50
389,23,29290,49
390,23,141370,59
391,23,1010514,63
392,23,32593,49
393,23,1650798,69
394,23,149461,55
395,23,30330,59
396,23,385557,59
397,23,3850,50
398,23,23891,44
399,23,19523,43
400,23,1092112,48
401,23,972,44
402,23,33911,50
403,23,27240,42
404,23,1267,45
405,23,132125,43
406,23,105109,44
407,23,5577,43
408,23,9638,45
409,23,51812,43
410,23,125434,43
411,23,13720,48
412,23,15608,47
413,23,54835,43
414,23,1714,64
415,23,50521,68
416,23,4834,45
417,23,466265,69
418,23,8437,54
419,23,93102,61
420,23,803,50
421,23,14907,43
422,23,123707,40
423,23,248704,46
424,23,1198,50
425,23,1414387,52
426,23,11351,42
427,23,633163,41
428,23,41285,40
429,23,3142,40
430,23,39493,45
431,23,5569,43
432,23,47567,59
433,23,636976,49
434,23,5381,52
435,23,27910,48
436,23,7571,43
437,23,1466678,64
438,23,25873,46
439,23,80137,40
440,23,7953,42
441,23,10334,43
442,23,2303,40
443,23,3902,42
444,23,5059,49
445,23,301446,45
446,23,14011,46
447,23,56047,48
448,23,45510,43
449,23,3333,45
450,23,302279,49
451,23,103745,44
452,23,16519,43
453,23,30842,67
454,23,524467,45
455,23,9570,42
456,23,92683,50
457,23,9072,43
458,23,42358,48
459,23,380977,47
460,23,9694,42
461,23,6737,44
462,23,198476,71
463,23,14782,46
464,23,28694,43
465,23,1081502,73
466,23,1363,46
467,23,3075,42
468,23,1554592,60
469,23,610,55
470,23,5838,54
471,23,1013,45
472,23,57303,57
473,23,2384,42
474,23,15774,43
475,23,117950,51
476,23,36770,67
477,23,9814,43
478,23,179065,56
479,23,12991,42
480,23,900091,66
481,23,12058,45
482,23,7727,46
483,23,146869,43
484,23,1027165,53
485,23,6214,43
486,23,12256,56
487,23,6598,48
488,23,3209,56
489,23,102649,52
490,23,389877,44
491,23,5946,48
492,23,6820,51
493,23,202937,57
494,23,19703,45
495,23,2537,57
496,23,3342,54
497,23,1085,48
498,23,357434,56
499,23,43762,57
500,23,16669,52
501,23,1392,50
502,23,9216,62
503,23,8388,43
504,23,163188,46
505,23,14506,57
506,23,45664,54
507,23,13797,59
508,23,9672,54
509,23,24992,44
510,23,4621,48
511,23,22340,45
512,23,5335,44
513,23,26805,54
514,23,1447,59
515,23,2205,49
516,23,16430,44
517,23,6499,44
518,23,9402,44
519,23,20435,43
520,23,1274,49
521,23,5299,43
522,23,187033,39
523,23,8141,43
524,23,215775,46
525,23,16638,40
526,23,20719,50
527,23,67689,45
528,23,426,45
529,23,1593,45
530,23,4448,40
531,23,592,45
532,23,4845,40
533,23,8212,40
534,23,13976,44
535,23,1089,45
536,23,2349,45
537,23,12959,40
538,23,10004,40
539,23,4305,45
540,23,772,45
541,23,4618,40
542,23,19730,40
543,23,3351,50
544,23,6412,40
545,23,267,45
546,23,4005,40
547,23,423,45
548,23,366,45
549,23,14270,50
550,23,1222,50
551,23,3239,45
552,23,1446,50
553,23,10377,40
554,23,791,50
555,23,843,45
556,23,21264,40
557,23,98,50
558,23,1129,40
559,23,353,40
560,23,5535,45
561,23,1160,40
562,23,114,45
563,23,451,45
564,23,229,40
565,23,1813,40
566,23,171,45
567,23,1539,40
568,23,139,50
569,23,120526,55
570,23,41,45
571,23,499,55
572,23,27,45
573,23,1761,45
574,23,1520,45
575,23,1900,55
576,23,0,40
577,23,0,45
578,23,0,45
1,24,71912,48
2,24,137995,48
3,24,24684,54
4,24,327662,54
5,24,47748,54
6,24,26264,43
7,24,61803,54
8,24,306534,49
9,24,53653,42
10,24,5924,47
11,24,52696,45
12,24,73683,51
13,24,143872,80
14,24,60629,72
15,24,94704,54
16,24,136003,42
17,24,169152,53
18,24,233370,67
19,24,24668,44
20,24,30573,44
21,24,28769,64
22,24,417748,93
23,24,1983248,113
24,24,212972,44
25,24,347500,39
26,24,15034,43
27,24,365194,44
28,24,229283,42
29,24,22972,43
30,24,7655,42
31,24,283569,50
32,24,316013,38
33,24,11136,49
34,24,24208,43
35,24,8924,46
36,24,5575,60
37,24,4642,47
38,24,12756,50
39,24,7618,47
40,24,1345897,61
41,24,2485,45
42,24,363446,51
43,24,1307329,65
44,24,13019,49
45,24,145400,63
46,24,23502,56
47,24,172718,44
48,24,162380,45
49,24,294433,46
50,24,22513,44
51,24,8880,44
52,24,298048,38
53,24,128054,38
54,24,7908,42
55,24,29485,52
56,24,201372,44
57,24,27208,44
58,24,67718,50
59,24,95607,67
60,24,6115,48
61,24,4919,59
62,24,137658,63
63,24,4143,49
64,24,19295,45
65,24,39202,53
66,24,16562,50
67,24,21161,48
68,24,10341,48
69,24,14303,46
70,24,105223,46
71,24,30346,47
72,24,264377,47
73,24,20346,42
74,24,21421,44
75,24,8129,42
76,24,68864,55
77,24,1322,53
78,24,10041,52
79,24,1081,54
80,24,155803,45
81,24,1642,48
82,24,33496,46
83,24,21837,49
84,24,66706,53
85,24,74305,56
86,24,53233,45
87,24,22593,62
88,24,696661,46
89,24,5690,43
90,24,29871,47
91,24,167891,46
92,24,18277,44
93,24,122963,38
94,24,26732,44
95,24,217538,39
96,24,33204,39
97,24,1806,40
98,24,5027,46
99,24,6561,50
100,24,1307,48
101,24,45972,51
102,24,49528,44
103,24,4082,44
104,24,3718,43
105,24,13737,43
106,24,19548,48
107,24,13415,46
108,24,7737,45
109,24,62741,44
110,24,38286,52
111,24,29860,55
112,24,7350,47
113,24,540190,63
114,24,33728,50
115,24,2108439,66
116,24,850355,59
117,24,81962,55
118,24,267399,60
119,24,23270,50
120,24,8426,51
121,24,7726,52
122,24,1989336,110
123,24,22097,62
124,24,260762,72
125,24,224623,63
126,24,1146907,50
127,24,95284,51
128,24,6807,46
129,24,4382,49
130,24,2736,44
131,24,132878,42
132,24,27037,52
133,24,113830,77
134,24,90760,84
135,24,204143,45
136,24,745096,39
137,24,75698,42
138,24,187941,43
139,24,783,44
140,24,317036,39
141,24,113387,44
142,24,251752,54
143,24,110303,49
144,24,2846,44
145,24,2075508,45
146,24,77148,42
147,24,163393,48
148,24,794,49
149,24,210936,58
150,24,306296,61
151,24,696786,67
152,24,26629,63
153,24,9642,48
154,24,823286,50
155,24,201702,40
156,24,36083,50
157,24,63502,52
158,24,26997,43
159,24,2987,45
160,24,6443,43
161,24,9845,42
162,24,200240,49
163,24,2527,45
164,24,183969,60
165,24,5764,58
166,24,2339,44
167,24,134320,42
168,24,16627,48
169,24,7239,51
170,24,9709,51
171,24,438,60
172,24,436871,73
173,24,505,50
174,24,3562,43
175,24,119639,53
176,24,23122,50
177,24,94762,65
178,24,22390,43
179,24,233794,40
180,24,11168,42
181,24,8619,44
182,24,28683,47
183,24,12094,43
184,24,126069,60
185,24,3247,50
186,24,5461,43
187,24,2873,43
188,24,8212,44
189,24,644660,45
190,24,413212,40
191,24,119765,44
192,24,154244,43
193,24,7073,44
194,24,3162,44
195,24,194527,44
196,24,75268,40
197,24,4299,44
198,24,15534,43
199,24,62077,50
200,24,1588,46
201,24,19186,44
202,24,99046,45
203,24,412,50
204,24,823,45
205,24,2928,43
206,24,4929,48
207,24,4695,47
208,24,10713,42
209,24,245427,43
210,24,26880,51
211,24,10870,58
212,24,6337,48
213,24,295411,50
214,24,5471,43
215,24,56760,45
216,24,25411,41
217,24,13918,42
218,24,51457,39
219,24,129450,51
220,24,523739,54
221,24,731237,53
222,24,16727,48
223,24,118846,83
224,24,30420,51
225,24,48056,54
226,24,10097,43
227,24,50639,49
228,24,2439,47
229,24,1244,44
230,24,10314,43
231,24,10547,47
232,24,2174,46
233,24,239591,67
234,24,242790,88
235,24,33526,52
236,24,54874,57
237,24,7351,47
238,24,5280,49
239,24,116640,49
240,24,15588,41
241,24,34882,44
242,24,70172,49
243,24,25843,49
244,24,2522,44
245,24,898436,52
246,24,1690921,65
247,24,2305780,67
248,24,2449,64
249,24,35321,53
250,24,40526,69
251,24,1162092,95
252,24,51866,55
253,24,3128863,136
254,24,151999,56
255,24,39043,55
256,24,97587,72
257,24,1378562,93
258,24,361762,55
259,24,16950,47
260,24,1291796,56
261,24,6733,48
262,24,344055,52
263,24,67697,52
264,24,149609,61
265,24,651541,64
266,24,73225,51
267,24,388314,61
268,24,707952,59
269,24,18263,53
270,24,679721,113
271,24,262615,85
272,24,237729,53
273,24,256222,97
274,24,120559,54
275,24,1138116,97
276,24,520340,76
277,24,7132,45
278,24,2604,47
279,24,2386,47
280,24,1539831,113
281,24,152998,101
282,24,975515,57
283,24,3828,50
284,24,73741,56
285,24,36025,51
286,24,487712,50
287,24,4132,49
288,24,43804,64
289,24,11872,46
290,24,550,50
291,24,82600,50
292,24,182010,49
293,24,109004,57
294,24,6832,53
295,24,74560,100
296,24,50540,50
297,24,63434,62
298,24,29879,48
299,24,75572,50
300,24,314574,68
301,24,460379,73
302,24,2531841,87
303,24,43392,42
304,24,74029,54
305,24,2484226,77
306,24,234921,107
307,24,10474,43
308,24,3525,44
309,24,34877,50
310,24,56383,45
311,24,11829,45
312,24,171988,46
313,24,8438,44
314,24,1215,44
315,24,17555,43
316,24,6226,40
317,24,24232,58
318,24,22229,53
319,24,4488,48
320,24,4968,51
321,24,2496,47
322,24,79,50
323,24,12902,43
324,24,5139,47
325,24,3255,60
326,24,64526,61
327,24,146843,47
328,24,166323,44
329,24,38696,42
330,24,121155,48
331,24,36874,41
332,24,208573,42
333,24,11710,42
334,24,30459,40
335,24,374247,39
336,24,12992,42
337,24,3142,46
338,24,47594,50
339,24,95589,43
340,24,164451,44
341,24,302,55
342,24,2069,44
343,24,107635,52
344,24,10525,47
345,24,22893,51
346,24,7774,60
347,24,153744,47
348,24,25792,55
349,24,8572,56
350,24,291,55
351,24,316690,54
352,24,5434,48
353,24,249996,60
354,24,56076,58
355,24,236509,59
356,24,120968,56
357,24,1123249,61
358,24,60120,42
359,24,87261,58
360,24,33139,58
361,24,64198,47
362,24,45454,49
363,24,45545,61
364,24,443088,94
365,24,164418,89
366,24,2100,49
367,24,351503,86
368,24,15130,55
369,24,12464,49
370,24,372717,68
371,24,91469,56
372,24,860893,124
373,24,16694,43
374,24,3441,43
375,24,5771,42
376,24,53200,45
377,24,3684,42
378,24,796525,48
379,24,2385,43
380,24,17088,44
381,24,15294,49
382,24,19466,42
383,24,89833,42
384,24,3061,42
385,24,3064,42
386,24,4137,43
387,24,6306,44
388,24,1280,50
389,24,28571,48
390,24,103708,59
391,24,929674,63
392,24,31585,49
393,24,1537180,68
394,24,127675,55
395,24,30429,59
396,24,345005,60
397,24,3713,50
398,24,39468,44
399,24,19436,43
400,24,1085454,48
401,24,977,44
402,24,33776,50
403,24,27444,42
404,24,1261,45
405,24,130586,43
406,24,113292,44
407,24,5598,42
408,24,9567,45
409,24,50762,43
410,24,121364,43
411,24,13588,48
412,24,15681,47
413,24,53809,43
414,24,1762,64
415,24,50010,68
416,24,4796,45
417,24,449977,69
418,24,7929,54
419,24,90247,61
420,24,799,50
421,24,14826,43
422,24,122644,40
423,24,216590,46
424,24,1195,50
425,24,1413263,52
426,24,12518,42
427,24,677709,41
428,24,40704,40
429,24,3103,40
430,24,39469,45
431,24,5617,43
432,24,162821,60
433,24,650413,49
434,24,4920,52
435,24,26443,48
436,24,7447,43
437,24,1521344,65
438,24,26012,46
439,24,79270,40
440,24,7372,42
441,24,10305,43
442,24,2277,40
443,24,3795,42
444,24,8986,49
445,24,318558,45
446,24,12507,46
447,24,55462,48
448,24,44158,43
449,24,3291,45
450,24,292182,49
451,24,108380,44
452,24,15628,43
453,24,30634,67
454,24,527764,45
455,24,9532,42
456,24,91424,50
457,24,9031,43
458,24,40033,48
459,24,372487,47
460,24,9958,42
461,24,6626,44
462,24,180591,71
463,24,15839,46
464,24,25100,42
465,24,946754,72
466,24,1325,46
467,24,3029,42
468,24,1542194,60
469,24,608,55
470,24,5797,54
471,24,1033,45
472,24,56962,56
473,24,2475,41
474,24,15481,43
475,24,160980,51
476,24,36568,67
477,24,9556,43
478,24,183696,56
479,24,11713,42
480,24,864370,65
481,24,11924,45
482,24,25962,46
483,24,146637,43
484,24,1062926,53
485,24,6214,43
486,24,12562,56
487,24,6339,48
488,24,3143,56
489,24,82615,51
490,24,367257,44
491,24,5979,48
492,24,6715,51
493,24,183268,57
494,24,19502,45
495,24,2503,57
496,24,3316,54
497,24,1246,48
498,24,348865,56
499,24,43778,57
500,24,16371,51
501,24,1390,50
502,24,8605,62
503,24,8978,43
504,24,166835,46
505,24,15052,57
506,24,41765,54
507,24,13417,59
508,24,9335,54
509,24,27207,44
510,24,4769,48
511,24,22224,45
512,24,5279,44
513,24,26403,53
514,24,1469,59
515,24,2197,49
516,24,15200,44
517,24,6126,44
518,24,9293,43
519,24,20690,43
520,24,1313,49
521,24,5347,43
522,24,182816,39
523,24,8156,43
524,24,214448,46
525,24,15943,40
526,24,31887,50
527,24,65654,45
528,24,413,45
529,24,1680,45
530,24,4479,40
531,24,774,45
532,24,4932,40
533,24,7878,40
534,24,17444,44
535,24,1063,45
536,24,2398,45
537,24,12852,40
538,24,10069,40
539,24,3970,45
540,24,789,45
541,24,4789,40
542,24,18794,40
543,24,3421,50
544,24,6384,40
545,24,305,45
546,24,4190,40
547,24,449,45
548,24,389,45
549,24,13224,50
550,24,1108,50
551,24,3432,45
552,24,1520,50
553,24,10359,40
554,24,782,50
555,24,920,45
556,24,26931,40
557,24,110,50
558,24,1279,40
559,24,322,40
560,24,6079,45
561,24,1434,40
562,24,136,45
563,24,525,45
564,24,209,40
565,24,1998,40
566,24,200,45
567,24,1874,40
568,24,170,50
569,24,114828,55
570,24,40,45
571,24,1179,55
572,24,38,45
573,24,2984,45
574,24,2458,45
575,24,12366,55
576,24,517,40
577,24,43,45
578,24,2728,45
579,24,84062,95
580,24,194,45
581,24,0,45
582,24,0,45
583,24,0,45
1,25,71563,48
2,25,130106,48
3,25,19402,54
4,25,316576,54
5,25,47042,54
6,25,26031,43
7,25,60724,54
8,25,308352,50
9,25,57241,42
10,25,5950,47
11,25,52514,45
12,25,68519,51
13,25,143592,80
14,25,58342,72
15,25,84242,54
16,25,137596,42
17,25,161295,53
18,25,232253,67
19,25,24626,44
20,25,26869,44
21,25,28698,64
22,25,405670,93
23,25,1783945,112
24,25,206386,44
25,25,424529,39
26,25,14595,43
27,25,388021,44
28,25,236472,41
29,25,29343,43
30,25,7390,42
31,25,325522,50
32,25,342901,38
33,25,11005,49
34,25,23813,43
35,25,9075,46
36,25,6669,60
37,25,5112,47
38,25,12963,50
39,25,7539,47
40,25,1342898,61
41,25,2495,45
42,25,363267,51
43,25,963544,64
44,25,13110,49
45,25,362546,64
46,25,23328,56
47,25,175247,44
48,25,157268,45
49,25,301326,46
50,25,21840,44
51,25,8889,44
52,25,291112,38
53,25,123739,38
54,25,7747,42
55,25,28860,52
56,25,199116,44
57,25,25750,44
58,25,65640,49
59,25,98446,67
60,25,6186,48
61,25,4906,59
62,25,175630,63
63,25,4128,49
64,25,19258,45
65,25,35246,53
66,25,15594,50
67,25,30119,48
68,25,10388,48
69,25,13982,46
70,25,107708,46
71,25,30369,47
72,25,275540,47
73,25,20178,42
74,25,23084,44
75,25,9782,42
76,25,68197,55
77,25,1313,53
78,25,10293,52
79,25,1063,54
80,25,174840,45
81,25,1643,48
82,25,34630,46
83,25,21306,49
84,25,58235,53
85,25,80831,56
86,25,52986,45
87,25,26574,62
88,25,718455,47
89,25,5687,43
90,25,26390,47
91,25,169647,46
92,25,18283,44
93,25,146295,38
94,25,26547,44
95,25,224946,39
96,25,33003,39
97,25,1816,40
98,25,5018,46
99,25,6362,50
100,25,2190,48
101,25,42346,50
102,25,48500,44
103,25,4034,44
104,25,3756,43
105,25,13769,43
106,25,17853,48
107,25,18126,46
108,25,7724,45
109,25,61679,44
110,25,38907,52
111,25,29844,55
112,25,7366,47
113,25,534444,63
114,25,33738,50
115,25,2020874,65
116,25,850632,59
117,25,81193,55
118,25,261810,60
119,25,23378,50
120,25,8476,51
121,25,8618,52
122,25,1791369,109
123,25,22004,62
124,25,261570,72
125,25,222997,63
126,25,1123921,50
127,25,91575,51
128,25,6840,46
129,25,4373,49
130,25,2782,44
131,25,136080,42
132,25,26994,52
133,25,113930,77
134,25,89235,84
135,25,196567,45
136,25,744274,39
137,25,82253,42
138,25,180386,43
139,25,842,44
140,25,314615,39
141,25,112008,44
142,25,283099,54
143,25,111981,49
144,25,2862,43
145,25,2096274,46
146,25,82465,42
147,25,160192,48
148,25,922,49
149,25,247296,58
150,25,298209,61
151,25,647949,67
152,25,26835,63
153,25,9464,48
154,25,862827,50
155,25,198068,40
156,25,36145,50
157,25,91186,52
158,25,26738,43
159,25,2981,45
160,25,6367,43
161,25,11629,42
162,25,331920,49
163,25,2518,45
164,25,184095,60
165,25,5752,58
166,25,2408,44
167,25,131265,42
168,25,16604,48
169,25,7856,51
170,25,9857,51
171,25,440,60
172,25,550360,74
173,25,502,50
174,25,3517,43
175,25,122518,53
176,25,26920,50
177,25,98608,65
178,25,21801,43
179,25,222547,40
180,25,10626,42
181,25,8185,44
182,25,28578,46
183,25,11943,43
184,25,124085,60
185,25,3182,50
186,25,5396,43
187,25,2867,43
188,25,8150,44
189,25,557915,45
190,25,397748,40
191,25,117075,44
192,25,149345,43
193,25,6902,44
194,25,3159,44
195,25,190751,44
196,25,74581,40
197,25,4268,44
198,25,15107,43
199,25,61967,50
200,25,1570,46
201,25,18540,44
202,25,90149,45
203,25,411,50
204,25,813,45
205,25,2898,43
206,25,4575,48
207,25,4669,47
208,25,12437,42
209,25,239077,43
210,25,26347,51
211,25,10230,58
212,25,7453,48
213,25,290864,50
214,25,5469,43
215,25,55718,45
216,25,25345,41
217,25,13811,42
218,25,50367,39
219,25,133849,50
220,25,533409,54
221,25,717730,53
222,25,16916,48
223,25,117211,83
224,25,29273,51
225,25,48146,54
226,25,10049,43
227,25,50063,49
228,25,2413,47
229,25,1330,44
230,25,10022,43
231,25,10407,47
232,25,2156,46
233,25,229455,66
234,25,231810,88
235,25,33545,52
236,25,54216,57
237,25,7395,47
238,25,5270,49
239,25,118013,49
240,25,15473,41
241,25,51522,44
242,25,68846,49
243,25,27172,49
244,25,2517,44
245,25,815482,52
246,25,1692580,65
247,25,2313804,68
248,25,2460,64
249,25,35429,53
250,25,40513,69
251,25,1177951,95
252,25,51735,55
253,25,3084004,136
254,25,150138,56
255,25,38159,55
256,25,97430,71
257,25,1302710,93
258,25,348856,55
259,25,20249,47
260,25,1311038,56
261,25,6736,48
262,25,359449,52
263,25,66938,52
264,25,149217,61
265,25,668991,64
266,25,124372,51
267,25,388172,61
268,25,767305,59
269,25,17576,53
270,25,762293,113
271,25,302581,85
272,25,246895,53
273,25,282668,97
274,25,119274,54
275,25,1349098,98
276,25,488028,76
277,25,7111,45
278,25,2582,47
279,25,2324,47
280,25,1855711,114
281,25,136979,101
282,25,967877,57
283,25,3874,49
284,25,73860,56
285,25,35908,51
286,25,476738,50
287,25,4132,49
288,25,43793,64
289,25,11825,46
290,25,551,50
291,25,82570,50
292,25,248455,49
293,25,106706,57
294,25,6195,53
295,25,74750,100
296,25,50183,50
297,25,63091,62
298,25,29245,48
299,25,64727,50
300,25,294756,67
301,25,347466,72
302,25,2261559,87
303,25,44300,42
304,25,73646,54
305,25,2447784,77
306,25,232968,107
307,25,10362,43
308,25,3501,44
309,25,34983,50
310,25,55988,45
311,25,11703,45
312,25,173167,46
313,25,8143,44
314,25,1410,44
315,25,16756,43
316,25,6202,40
317,25,25825,58
318,25,21995,53
319,25,4339,48
320,25,5041,51
321,25,2436,47
322,25,78,50
323,25,20660,43
324,25,5061,47
325,25,3260,60
326,25,63260,61
327,25,140109,47
328,25,164208,44
329,25,38531,42
330,25,119539,48
331,25,35505,41
332,25,180951,42
333,25,12044,42
334,25,30238,40
335,25,393352,40
336,25,12317,42
337,25,3084,46
338,25,102056,50
339,25,94486,43
340,25,154930,44
341,25,302,55
342,25,2131,44
343,25,98125,53
344,25,10324,47
345,25,20848,51
346,25,7745,60
347,25,155215,47
348,25,24374,55
349,25,8435,56
350,25,289,55
351,25,320781,54
352,25,5428,48
353,25,249516,60
354,25,70128,58
355,25,238023,59
356,25,112674,56
357,25,1118604,61
358,25,55519,42
359,25,87839,58
360,25,33240,58
361,25,64170,47
362,25,45222,49
363,25,34397,61
364,25,393323,94
365,25,151431,89
366,25,2155,49
367,25,772467,86
368,25,15971,55
369,25,12721,49
370,25,364483,68
371,25,175112,57
372,25,832934,124
373,25,16624,43
374,25,3435,43
375,25,5719,42
376,25,59911,45
377,25,3654,42
378,25,835536,48
379,25,2400,43
380,25,16980,44
381,25,15385,49
382,25,21387,42
383,25,74709,42
384,25,3023,42
385,25,3071,42
386,25,4080,43
387,25,6261,44
388,25,1492,50
389,25,28164,48
390,25,86656,59
391,25,874602,62
392,25,31230,49
393,25,1736865,68
394,25,114763,55
395,25,30449,59
396,25,317770,60
397,25,3666,50
398,25,41206,44
399,25,19373,43
400,25,1017241,48
401,25,984,44
402,25,32970,50
403,25,27276,42
404,25,1256,45
405,25,127919,43
406,25,113511,44
407,25,5547,42
408,25,9565,45
409,25,49036,43
410,25,119148,43
411,25,13494,48
412,25,14877,47
413,25,53023,43
414,25,1769,64
415,25,49322,68
416,25,4785,45
417,25,406418,69
418,25,7206,54
419,25,87055,61
420,25,800,50
421,25,14685,43
422,25,121432,40
423,25,212211,46
424,25,1193,50
425,25,1467778,53
426,25,34864,42
427,25,705692,41
428,25,40295,40
429,25,3092,40
430,25,40043,45
431,25,5514,43
432,25,193169,60
433,25,644125,49
434,25,4684,52
435,25,25393,47
436,25,7331,43
437,25,1683574,66
438,25,25042,46
439,25,78421,40
440,25,7033,42
441,25,10303,43
442,25,2271,40
443,25,3748,42
444,25,9563,49
445,25,330623,45
446,25,11334,46
447,25,55127,48
448,25,42149,43
449,25,3284,45
450,25,270981,49
451,25,108126,44
452,25,14632,43
453,25,30522,67
454,25,530700,45
455,25,9442,42
456,25,90159,50
457,25,9001,43
458,25,38751,48
459,25,366146,47
460,25,9805,42
461,25,6508,44
462,25,169632,71
463,25,15965,46
464,25,22792,42
465,25,738978,71
466,25,1331,46
467,25,2989,42
468,25,1528641,60
469,25,607,55
470,25,5792,54
471,25,1070,45
472,25,56816,56
473,25,2512,41
474,25,15227,43
475,25,245937,52
476,25,36537,67
477,25,9349,43
478,25,177139,56
479,25,14934,42
480,25,927980,65
481,25,11985,45
482,25,32662,46
483,25,162769,43
484,25,569662,53
485,25,6204,43
486,25,12482,56
487,25,6204,48
488,25,3109,56
489,25,68686,50
490,25,349198,43
491,25,6019,48
492,25,6660,50
493,25,199770,57
494,25,17982,45
495,25,2490,56
496,25,3303,54
497,25,1158,48
498,25,351761,56
499,25,43718,57
500,25,16153,51
501,25,1385,50
502,25,8128,62
503,25,10441,43
504,25,148263,46
505,25,15987,57
506,25,38234,54
507,25,18033,59
508,25,11603,54
509,25,25930,44
510,25,4642,48
511,25,22135,45
512,25,5165,44
513,25,28525,53
514,25,1459,59
515,25,2209,49
516,25,14440,44
517,25,5881,44
518,25,9255,43
519,25,21296,43
520,25,1331,49
521,25,5337,43
522,25,179686,39
523,25,8291,43
524,25,212889,46
525,25,15595,40
526,25,90355,50
527,25,64750,45
528,25,405,45
529,25,1709,45
530,25,4320,40
531,25,1656,45
532,25,5017,40
533,25,7617,40
534,25,17930,44
535,25,1067,45
536,25,2405,45
537,25,12730,40
538,25,10054,40
539,25,3608,45
540,25,783,45
541,25,4935,40
542,25,17943,40
543,25,3392,50
544,25,5905,40
545,25,284,45
546,25,4320,40
547,25,463,45
548,25,424,45
549,25,12584,50
550,25,993,50
551,25,4427,45
552,25,1542,50
553,25,10292,40
554,25,818,50
555,25,980,45
556,25,30624,40
557,25,114,50
558,25,1276,40
559,25,320,40
560,25,7883,45
561,25,1642,40
562,25,141,45
563,25,562,45
564,25,209,40
565,25,2127,40
566,25,203,45
567,25,2117,40
568,25,173,50
569,25,61569,55
570,25,52,45
571,25,1057,55
572,25,58,45
573,25,6997,45
574,25,4657,45
575,25,23291,55
576,25,595,40
577,25,58,45
578,25,2869,45
579,25,112523,95
580,25,303,45
581,25,92,45
582,25,23,45
583,25,22,45
584,25,167,40
585,25,250,50
586,25,7871,65
587,25,4393,60
588,25,451,45
589,25,280,45
590,25,23981,45
591,25,2092,60
592,25,19512,65
593,25,81,45
594,25,532,50
595,25,0,40
596,25,0,40
597,25,0,45
1,26,71372,48
2,26,146892,48
3,26,37529,54
4,26,305863,54
5,26,56783,54
6,26,25696,43
7,26,58930,54
8,26,375506,50
9,26,56704,42
10,26,6179,47
11,26,53418,45
12,26,65290,51
13,26,143490,80
14,26,60031,72
15,26,86613,54
16,26,140090,42
17,26,147523,53
18,26,230636,67
19,26,24535,44
20,26,25200,44
21,26,28547,64
22,26,522033,94
23,26,1713066,112
24,26,199757,44
25,26,454033,39
26,26,14091,43
27,26,377005,44
28,26,233165,41
29,26,28025,43
30,26,7016,42
31,26,310619,50
32,26,345265,38
33,26,11029,49
34,26,23309,43
35,26,9177,46
36,26,6479,60
37,26,5401,47
38,26,13009,50
39,26,7417,47
40,26,1282306,61
41,26,2502,45
42,26,252888,51
43,26,774813,63
44,26,13147,49
45,26,327990,64
46,26,23035,56
47,26,183386,44
48,26,158309,45
49,26,314935,46
50,26,21141,44
51,26,9200,44
52,26,283526,38
53,26,118613,38
54,26,7541,42
55,26,28336,52
56,26,193372,44
57,26,24900,44
58,26,71769,49
59,26,109534,67
60,26,6436,48
61,26,4921,59
62,26,201558,63
63,26,4104,49
64,26,19179,45
65,26,32655,53
66,26,14790,50
67,26,30154,48
68,26,10408,48
69,26,13639,46
70,26,105791,46
71,26,30327,47
72,26,270334,47
73,26,19686,42
74,26,22414,44
75,26,9317,42
76,26,67424,55
77,26,1289,53
78,26,10262,52
79,26,1111,54
80,26,184796,46
81,26,1641,48
82,26,35665,46
83,26,20736,49
84,26,49539,53
85,26,84341,56
86,26,52505,45
87,26,23921,62
88,26,758617,47
89,26,5695,43
90,26,23544,47
91,26,178806,46
92,26,20847,44
93,26,145680,38
94,26,27517,44
95,26,236483,39
96,26,32477,39
97,26,1852,40
98,26,5065,46
99,26,6270,50
100,26,2071,48
101,26,42988,50
102,26,54366,44
103,26,3992,44
104,26,3788,43
105,26,13870,43
106,26,17542,48
107,26,18652,46
108,26,7653,45
109,26,60021,44
110,26,67321,52
111,26,29779,55
112,26,7363,47
113,26,524564,63
114,26,33621,50
115,26,1932209,65
116,26,839631,59
117,26,80215,55
118,26,234062,60
119,26,23725,50
120,26,8414,50
121,26,8061,52
122,26,1751741,109
123,26,21867,62
124,26,258693,72
125,26,202859,63
126,26,1181090,50
127,26,91267,51
128,26,6871,46
129,26,4349,49
130,26,2818,44
131,26,137717,42
132,26,26722,52
133,26,113106,77
134,26,87216,84
135,26,190217,45
136,26,729162,39
137,26,91976,42
138,26,185043,43
139,26,853,44
140,26,310744,39
141,26,125069,44
142,26,285816,54
143,26,117565,49
144,26,2869,43
145,26,2118434,46
146,26,86116,42
147,26,161896,48
148,26,1033,49
149,26,267485,59
150,26,392309,62
151,26,649814,67
152,26,27260,63
153,26,9207,48
154,26,827655,50
155,26,196667,40
156,26,35063,50
157,26,76282,52
158,26,26396,43
159,26,2973,45
160,26,6246,43
161,26,11038,42
162,26,274693,49
163,26,2508,45
164,26,176772,60
165,26,5756,58
166,26,2463,44
167,26,132322,42
168,26,16462,47
169,26,7674,51
170,26,8402,51
171,26,438,60
172,26,424113,73
173,26,503,50
174,26,3336,43
175,26,100452,53
176,26,27510,50
177,26,96122,65
178,26,20930,43
179,26,215911,40
180,26,10299,42
181,26,7833,44
182,26,28393,46
183,26,12622,42
184,26,121729,60
185,26,3066,50
186,26,5378,43
187,26,2859,43
188,26,8068,44
189,26,490132,45
190,26,388724,40
191,26,115299,44
192,26,145599,43
193,26,6715,44
194,26,3162,44
195,26,186470,44
196,26,73611,40
197,26,4183,44
198,26,14717,43
199,26,61913,50
200,26,1545,46
201,26,17319,44
202,26,89641,45
203,26,410,50
204,26,811,45
205,26,2940,43
206,26,4417,48
207,26,4623,47
208,26,17660,42
209,26,228236,43
210,26,25743,51
211,26,9910,58
212,26,7612,48
213,26,289474,50
214,26,5468,43
215,26,54825,45
216,26,25240,41
217,26,13677,42
218,26,49057,39
219,26,136110,50
220,26,537105,54
221,26,710108,53
222,26,17432,48
223,26,113165,82
224,26,25834,51
225,26,48780,54
226,26,9951,43
227,26,49714,49
228,26,2364,47
229,26,1466,44
230,26,9810,43
231,26,10059,47
232,26,2120,46
233,26,229120,66
234,26,221476,88
235,26,33572,52
236,26,53381,57
237,26,7430,47
238,26,5265,49
239,26,110789,49
240,26,15458,41
241,26,45492,44
242,26,66525,49
243,26,30458,49
244,26,2511,44
245,26,782481,52
246,26,1713841,65
247,26,2335817,68
248,26,2483,64
249,26,34729,53
250,26,40614,69
251,26,1288446,95
252,26,49896,55
253,26,3138273,136
254,26,154700,56
255,26,38442,55
256,26,97339,71
257,26,1237158,93
258,26,261882,55
259,26,23967,47
260,26,1270859,56
261,26,6729,48
262,26,345611,52
263,26,65823,52
264,26,149614,61
265,26,656089,64
266,26,88035,51
267,26,380953,61
268,26,792436,59
269,26,16922,53
270,26,670049,113
271,26,278986,85
272,26,241606,53
273,26,263783,97
274,26,118164,54
275,26,912684,96
276,26,438950,75
277,26,7135,45
278,26,2557,47
279,26,2305,47
280,26,1867106,114
281,26,112470,100
282,26,1013452,57
283,26,3966,49
284,26,73908,56
285,26,35171,51
286,26,494953,50
287,26,4118,49
288,26,43385,64
289,26,11706,46
290,26,550,50
291,26,83602,50
292,26,315503,50
293,26,113990,57
294,26,5695,53
295,26,74984,100
296,26,50403,50
297,26,62071,61
298,26,28380,48
299,26,61277,50
300,26,285907,67
301,26,336113,72
302,26,2513252,87
303,26,44301,42
304,26,72960,54
305,26,2598747,78
306,26,229946,107
307,26,10102,43
308,26,3486,44
309,26,36441,50
310,26,56843,45
311,26,11589,45
312,26,176811,46
313,26,7909,44
314,26,1724,44
315,26,16012,43
316,26,6150,40
317,26,28390,58
318,26,21728,53
319,26,4250,48
320,26,5337,51
321,26,2282,47
322,26,80,50
323,26,27528,43
324,26,5006,47
325,26,3256,60
326,26,63187,61
327,26,139101,47
328,26,170042,44
329,26,38435,42
330,26,118563,48
331,26,35314,41
332,26,165765,42
333,26,12776,42
334,26,29911,40
335,26,417850,40
336,26,11714,42
337,26,3009,46
338,26,146133,51
339,26,94782,43
340,26,153207,44
341,26,302,55
342,26,2224,44
343,26,160387,53
344,26,10051,47
345,26,20335,51
346,26,7736,60
347,26,158806,47
348,26,25307,55
349,26,8233,56
350,26,289,55
351,26,325306,54
352,26,5455,48
353,26,250922,60
354,26,64784,58
355,26,242948,59
356,26,105975,56
357,26,1141419,61
358,26,51987,42
359,26,88899,58
360,26,33163,58
361,26,63781,47
362,26,44746,49
363,26,33090,61
364,26,366312,93
365,26,146453,89
366,26,2230,49
367,26,1303857,88
368,26,18190,55
369,26,13736,49
370,26,356311,68
371,26,158417,57
372,26,801655,124
373,26,16557,43
374,26,3433,43
375,26,5629,42
376,26,75285,45
377,26,3605,42
378,26,887461,48
379,26,2391,43
380,26,16820,44
381,26,15618,49
382,26,28431,42
383,26,67549,42
384,26,2969,42
385,26,3078,42
386,26,4026,43
387,26,6236,44
388,26,2491,50
389,26,28549,48
390,26,77398,59
391,26,685418,61
392,26,31082,49
393,26,1527170,67
394,26,112239,55
395,26,30582,59
396,26,294317,59
397,26,3593,50
398,26,32402,44
399,26,19330,43
400,26,1027605,47
401,26,993,44
402,26,33239,50
403,26,27679,42
404,26,1253,45
405,26,126438,43
406,26,126567,45
407,26,5368,42
408,26,9692,45
409,26,50105,43
410,26,119089,43
411,26,13806,48
412,26,13773,47
413,26,52896,43
414,26,1800,64
415,26,53398,68
416,26,4751,45
417,26,399829,68
418,26,6938,54
419,26,87204,61
420,26,801,50
421,26,14566,43
422,26,119587,40
423,26,213031,46
424,26,1190,50
425,26,1567313,53
426,26,31618,42
427,26,720136,41
428,26,39689,40
429,26,3057,40
430,26,40210,45
431,26,5252,43
432,26,223080,60
433,26,673514,49
434,26,4553,52
435,26,25291,47
436,26,7194,43
437,26,1971280,67
438,26,23323,46
439,26,77687,40
440,26,6966,42
441,26,10260,43
442,26,2261,40
443,26,3698,42
444,26,8560,49
445,26,356683,46
446,26,10957,46
447,26,54607,48
448,26,40679,43
449,26,3245,45
450,26,276282,48
451,26,115072,44
452,26,14128,43
453,26,30339,67
454,26,545645,45
455,26,9323,42
456,26,88714,50
457,26,9000,43
458,26,37899,48
459,26,360408,47
460,26,9386,42
461,26,6356,44
462,26,162118,70
463,26,16907,46
464,26,21509,42
465,26,834231,71
466,26,1404,46
467,26,2952,42
468,26,1529410,60
469,26,605,55
470,26,5758,54
471,26,1142,45
472,26,56610,56
473,26,2516,41
474,26,15029,43
475,26,437838,53
476,26,36574,67
477,26,9104,43
478,26,165063,56
479,26,16049,42
480,26,879996,65
481,26,11982,45
482,26,42475,46
483,26,171082,43
484,26,557414,53
485,26,6174,43
486,26,12410,56
487,26,6042,48
488,26,3129,56
489,26,66159,50
490,26,337045,43
491,26,6020,48
492,26,6699,50
493,26,230960,57
494,26,17467,45
495,26,2480,56
496,26,3284,54
497,26,1084,48
498,26,327341,56
499,26,43411,57
500,26,16099,51
501,26,1371,50
502,26,8016,62
503,26,12196,43
504,26,138915,46
505,26,14926,57
506,26,35701,54
507,26,14181,59
508,26,14124,54
509,26,25173,44
510,26,4639,48
511,26,21780,45
512,26,5082,44
513,26,27770,53
514,26,1396,59
515,26,2204,49
516,26,13973,44
517,26,5765,44
518,26,9185,43
519,26,38924,43
520,26,1339,49
521,26,5376,43
522,26,176237,39
523,26,8482,43
524,26,185309,46
525,26,15136,40
526,26,67928,50
527,26,65508,45
528,26,396,45
529,26,1749,45
530,26,4172,40
531,26,2550,45
532,26,5051,40
533,26,7367,40
534,26,18346,44
535,26,1061,45
536,26,2418,45
537,26,12565,40
538,26,10027,40
539,26,3432,45
540,26,787,45
541,26,4921,40
542,26,17170,40
543,26,3543,50
544,26,5275,40
545,26,262,45
546,26,4387,40
547,26,494,45
548,26,475,45
549,26,11846,50
550,26,928,50
551,26,4855,45
552,26,1617,50
553,26,10173,40
554,26,901,50
555,26,1051,45
556,26,29522,40
557,26,116,50
558,26,1101,40
559,26,311,40
560,26,7975,45
561,26,1720,40
562,26,159,45
563,26,612,45
564,26,190,40
565,26,2275,40
566,26,235,45
567,26,2059,40
568,26,204,50
569,26,39444,54
570,26,90,45
571,26,2091,55
572,26,76,45
573,26,5972,45
574,26,4426,45
575,26,20894,55
576,26,608,40
577,26,52,45
578,26,2039,45
579,26,212724,95
580,26,338,45
581,26,164,45
582,26,73,45
583,26,47,45
584,26,300,40
585,26,394,50
586,26,21341,65
587,26,12654,60
588,26,622,45
589,26,321,45
590,26,65277,45
591,26,3499,60
592,26,60935,65
593,26,135,45
594,26,727,50
595,26,246,40
596,26,461,40
597,26,43,45
598,26,0,40
599,26,0,45
600,26,0,45
1,27,71363,48
2,27,163702,48
3,27,63200,54
4,27,298240,54
5,27,68034,54
6,27,25361,43
7,27,69262,54
8,27,477942,51
9,27,57602,42
10,27,6377,47
11,27,53323,45
12,27,67009,51
13,27,145542,79
14,27,58146,71
15,27,139264,54
16,27,142889,42
17,27,143779,52
18,27,246610,67
19,27,24427,44
20,27,27378,44
21,27,28384,64
22,27,707946,95
23,27,1762727,111
24,27,193666,43
25,27,508142,40
26,27,13631,43
27,27,383751,44
28,27,232504,41
29,27,29108,43
30,27,6783,42
31,27,323076,50
32,27,366395,38
33,27,11192,49
34,27,22937,43
35,27,9429,46
36,27,5834,60
37,27,5803,47
38,27,13228,50
39,27,7334,47
40,27,1317040,61
41,27,2537,45
42,27,187436,50
43,27,673345,63
44,27,13371,49
45,27,370751,64
46,27,22782,56
67,27,32204,48
68,27,10455,48
69,27,13590,46
70,27,104235,46
71,27,30368,47
72,27,266902,47
73,27,19672,41
74,27,21704,44
75,27,9526,42
76,27,66133,55
77,27,1315,53
78,27,10236,52
79,27,1144,54
80,27,175980,46
81,27,1636,47
82,27,35379,46
83,27,20122,49
84,27,44739,53
85,27,113501,56
86,27,52083,45
87,27,40774,62
88,27,810779,47
89,27,5734,43
90,27,21262,47
91,27,273508,46
92,27,25347,44
93,27,162858,38
94,27,28303,44
95,27,252465,39
96,27,32406,39
97,27,1884,40
98,27,5067,46
99,27,6178,50
100,27,2005,48
101,27,52175,50
102,27,55139,44
103,27,3944,44
104,27,4121,43
105,27,13944,43
106,27,16799,48
107,27,32410,46
108,27,7596,45
109,27,58777,44
110,27,81371,52
135,27,181347,45
136,27,701816,39
137,27,96561,42
138,27,180458,43
139,27,877,44
140,27,307420,39
141,27,141675,44
142,27,312257,54
143,27,126603,49
144,27,2904,43
145,27,1951933,46
146,27,92739,42
147,27,174854,48
148,27,1132,49
149,27,271018,59
150,27,407272,62
151,27,680213,67
152,27,27379,63
153,27,8990,48
176,27,28346,50
178,27,19561,43
180,27,9991,42
181,27,7768,44
182,27,27974,46
183,27,14089,42
184,27,120572,60
185,27,2990,50
186,27,5341,43
187,27,2857,43
188,27,7975,44
189,27,432059,45
190,27,375950,40
191,27,108035,44
192,27,142990,42
193,27,6457,44
194,27,3177,44
195,27,183270,44
196,27,72521,40
197,27,4107,44
198,27,14257,43
199,27,62144,50
200,27,1518,46
201,27,16866,44
202,27,87754,45
203,27,407,50
204,27,808,45
205,27,2970,43
206,27,4154,48
207,27,4582,47
208,27,23366,42
209,27,218249,43
210,27,25613,51
211,27,9739,58
212,27,8190,48
213,27,299614,50
214,27,5462,43
215,27,54197,45
216,27,25356,41
217,27,13646,42
218,27,47708,39
219,27,148541,50
220,27,576819,54
221,27,937549,54
222,27,19993,48
224,27,23054,51
225,27,54639,54
226,27,9829,43
227,27,51559,49
228,27,2327,47
229,27,1616,44
230,27,9363,43
231,27,9808,47
232,27,2088,46
233,27,271324,66
234,27,278127,88
235,27,33854,52
236,27,53217,57
237,27,7483,47
238,27,5262,49
239,27,102205,49
240,27,15405,41
241,27,47376,44
242,27,64867,49
243,27,30144,49
244,27,2501,44
245,27,816528,52
246,27,1708913,65
247,27,2323290,68
248,27,2536,64
249,27,34646,53
250,27,40691,69
251,27,1372283,96
252,27,61782,55
253,27,3108127,136
254,27,160094,56
255,27,38788,55
256,27,97929,71
257,27,1170276,93
258,27,205763,54
259,27,27486,47
282,27,1022635,57
283,27,4089,49
284,27,75604,56
285,27,40638,51
286,27,493908,50
287,27,4148,49
288,27,42228,64
289,27,11363,46
290,27,548,50
291,27,83683,50
292,27,303471,50
293,27,109513,57
294,27,5873,53
295,27,74943,100
296,27,50210,50
297,27,65271,61
298,27,27758,48
299,27,62229,50
300,27,221926,67
301,27,307977,72
302,27,2756957,88
303,27,47168,42
304,27,72311,54
305,27,2497629,78
306,27,228196,107
307,27,9766,43
308,27,3579,44
309,27,73837,50
310,27,79368,45
311,27,11614,45
312,27,251063,46
313,27,8206,44
314,27,4689,44
315,27,15447,43
316,27,6120,40
317,27,46383,58
318,27,21527,53
319,27,4562,48
320,27,6325,51
321,27,2190,47
322,27,79,50
323,27,77728,43
324,27,5060,47
325,27,3259,60
326,27,65824,61
327,27,138849,47
328,27,163472,44
329,27,38242,42
330,27,118195,48
331,27,34662,41
332,27,152919,42
333,27,22596,42
334,27,29552,40
335,27,416340,40
336,27,11243,42
337,27,2950,46
338,27,133352,51
339,27,92715,43
340,27,151273,44
341,27,304,55
342,27,2387,44
343,27,150392,53
344,27,9807,47
345,27,17337,51
346,27,7727,60
347,27,157575,48
348,27,25968,55
349,27,8081,56
350,27,287,55
351,27,389743,55
352,27,5482,47
353,27,265188,60
354,27,63022,58
355,27,265750,59
356,27,102270,56
357,27,1252450,62
358,27,48518,42
359,27,121405,58
360,27,33471,58
361,27,62722,47
362,27,44315,49
363,27,29160,61
364,27,511442,93
365,27,143706,88
366,27,2376,49
367,27,1767095,90
368,27,20173,55
369,27,19540,49
370,27,353647,68
371,27,153481,57
372,27,801500,124
373,27,16507,43
374,27,3432,43
375,27,5553,42
376,27,177703,46
377,27,3587,42
378,27,712986,48
379,27,2409,43
380,27,16771,44
381,27,22142,49
382,27,47635,42
383,27,55982,42
384,27,2916,42
385,27,3111,42
386,27,4133,43
387,27,6253,44
388,27,2533,50
389,27,29748,48
390,27,83810,59
391,27,647103,61
392,27,33052,49
394,27,113800,55
395,27,34187,59
396,27,279839,59
397,27,3524,50
398,27,28076,44
399,27,19227,43
400,27,1062550,47
401,27,1013,44
402,27,37735,50
403,27,29826,42
404,27,1251,45
405,27,125046,43
406,27,169681,45
407,27,5243,42
408,27,9971,45
409,27,58432,43
410,27,114145,43
411,27,26421,48
412,27,13328,47
413,27,52371,43
414,27,2162,64
415,27,103236,68
416,27,4710,45
417,27,459863,68
418,27,6860,54
419,27,89263,61
420,27,800,50
421,27,14482,42
422,27,118241,40
423,27,250035,46
424,27,1185,50
425,27,1552419,54
426,27,30723,42
427,27,722548,42
428,27,39125,40
429,27,3041,40
430,27,40936,45
431,27,5104,43
432,27,228577,61
433,27,691637,49
434,27,4575,52
435,27,25035,47
436,27,7049,43
437,27,2051870,68
438,27,22261,46
441,27,10311,43
442,27,2242,40
443,27,3643,42
444,27,8062,49
445,27,414976,46
446,27,10263,46
447,27,54105,48
448,27,38376,43
449,27,3234,45
450,27,268643,48
451,27,118560,44
452,27,13379,43
453,27,30171,67
454,27,544929,45
455,27,9226,42
456,27,87907,49
457,27,8985,43
458,27,37195,48
460,27,9293,42
461,27,6253,44
462,27,146846,70
463,27,15933,46
464,27,19440,42
465,27,1160701,72
467,27,2937,42
468,27,1488359,60
471,27,1672,45
472,27,56621,56
473,27,2648,41
474,27,14776,43
475,27,531918,54
477,27,8883,43
478,27,164031,55
479,27,13947,42
480,27,867584,65
481,27,12006,45
482,27,121579,46
483,27,183026,43
485,27,6141,43
486,27,12463,56
487,27,5917,48
488,27,3204,56
489,27,67804,50
490,27,321349,43
491,27,6099,48
492,27,6878,50
493,27,343717,58
494,27,17693,45
495,27,2501,56
497,27,1044,48
500,27,16413,51
501,27,1366,50
502,27,8129,62
504,27,152002,46
505,27,14353,57
509,27,24961,44
510,27,4756,48
511,27,21717,45
512,27,5053,44
513,27,28613,53
514,27,1362,59
515,27,2260,49
516,27,13395,44
517,27,5521,44
518,27,9109,43
519,27,42307,43
520,27,1373,49
521,27,5436,43
522,27,171737,39
523,27,8582,43
524,27,162253,46
525,27,14694,40
527,27,61590,45
530,27,4038,40
531,27,3986,45
533,27,7068,40
534,27,23830,44
535,27,1061,45
536,27,2487,45
537,27,12531,40
538,27,9982,40
539,27,3027,45
540,27,942,45
541,27,5149,40
542,27,16253,40
543,27,3818,50
544,27,4805,40
545,27,242,45
546,27,4662,40
547,27,567,45
548,27,569,45
549,27,11411,50
550,27,912,50
552,27,1740,50
553,27,10271,40
554,27,1013,50
555,27,1256,45
556,27,29348,40
557,27,124,50
558,27,1008,40
560,27,8807,45
561,27,1949,40
562,27,189,45
563,27,714,45
564,27,187,40
565,27,2541,40
566,27,284,45
567,27,2272,40
568,27,240,50
569,27,28110,53
570,27,95,45
571,27,11130,55
573,27,6039,45
574,27,6626,45
575,27,20557,55
576,27,794,40
577,27,51,45
578,27,1725,45
580,27,378,45
581,27,240,45
583,27,76,45
584,27,567,40
585,27,546,50
586,27,18417,65
587,27,32647,60
588,27,691,45
589,27,388,45
590,27,75923,45
591,27,8678,60
592,27,54047,65
593,27,158,45
594,27,652,50
595,27,597,40
596,27,1130,40
597,27,138,45
598,27,553,40
599,27,3341,45
600,27,77,45
1,28,71180,48
2,28,156556,48
3,28,52106,54
4,28,296602,54
5,28,58691,54
6,28,25289,43
7,28,65930,54
8,28,466550,51
9,28,58171,42
10,28,6413,47
11,28,52717,45
12,28,67340,51
13,28,143892,79
14,28,57451,71
15,28,117904,54
16,28,142686,42
17,28,145041,52
18,28,283255,67
19,28,24416,44
20,28,26194,44
21,28,28343,64
22,28,691756,95
23,28,1553622,110
24,28,191957,43
25,28,513063,40
26,28,13534,43
27,28,360329,44
28,28,232834,41
29,28,29615,43
30,28,6742,42
31,28,317394,50
32,28,368784,38
33,28,11229,49
34,28,22871,43
35,28,9366,46
36,28,5590,60
37,28,5807,47
38,28,13298,50
39,28,7316,47
40,28,1275534,61
41,28,2553,45
42,28,175327,50
43,28,653754,63
44,28,13421,49
45,28,375397,64
46,28,22730,56
47,28,179715,44
48,28,138707,45
49,28,355776,46
50,28,20063,44
51,28,9177,44
52,28,272782,38
53,28,113127,38
54,28,6958,42
55,28,27966,52
56,28,189093,44
57,28,22948,44
58,28,57437,49
59,28,108075,67
60,28,6192,48
61,28,4931,59
62,28,151734,63
63,28,4085,49
64,28,19104,45
65,28,24214,53
66,28,11440,50
67,28,36532,48
68,28,10477,48
69,28,13595,46
70,28,106218,46
71,28,30494,47
72,28,277259,47
73,28,19836,41
74,28,23651,44
75,28,11101,42
76,28,67523,55
77,28,1332,53
78,28,10229,52
79,28,1173,54
80,28,180095,46
81,28,1639,47
82,28,35962,46
83,28,20001,49
84,28,43730,53
85,28,186811,57
86,28,52024,45
87,28,78032,62
88,28,797364,47
89,28,5696,43
90,28,21481,47
91,28,308030,47
92,28,24685,44
93,28,162209,38
94,28,27948,44
95,28,246955,39
96,28,33074,39
97,28,1889,40
98,28,5076,46
99,28,6120,50
100,28,1968,48
101,28,49027,50
102,28,53659,44
103,28,3937,44
104,28,4124,43
105,28,13867,43
106,28,16535,48
107,28,34470,46
108,28,7583,45
109,28,58727,44
110,28,80443,52
111,28,29712,55
112,28,7596,47
113,28,498277,63
114,28,32958,50
115,28,1714710,64
116,28,737535,59
117,28,79218,55
118,28,213100,59
119,28,23737,50
120,28,8441,50
121,28,8691,52
122,28,1509134,108
123,28,21689,62
124,28,245584,71
125,28,193065,63
126,28,1170575,50
127,28,87772,51
128,28,6936,46
129,28,4319,49
130,28,2862,44
131,28,137950,42
132,28,26497,52
133,28,113047,77
134,28,85477,84
135,28,178830,45
136,28,698265,39
137,28,100383,42
138,28,202060,43
139,28,923,44
140,28,299756,39
141,28,163420,44
142,28,303766,54
143,28,117768,49
144,28,2919,43
145,28,1718864,45
146,28,90533,42
147,28,187435,48
148,28,1150,49
149,28,257023,59
150,28,425072,62
151,28,730227,67
152,28,27308,63
153,28,8961,48
154,28,791270,49
155,28,208975,39
156,28,34242,50
157,28,65902,52
158,28,26195,43
159,28,2951,45
160,28,6079,43
161,28,11195,42
162,28,237698,49
163,28,2488,45
164,28,170061,60
165,28,5771,58
166,28,2559,44
167,28,126658,42
168,28,16595,47
169,28,7658,51
170,28,7086,51
171,28,433,60
172,28,342832,72
173,28,500,50
174,28,3168,43
175,28,84839,53
176,28,25843,50
177,28,95301,65
178,28,19327,43
179,28,203757,40
180,28,9916,42
181,28,7730,44
182,28,28005,46
183,28,13770,42
184,28,120579,60
185,28,2983,50
186,28,5318,43
187,28,2846,43
188,28,7959,44
189,28,421503,45
190,28,372357,40
191,28,110516,44
192,28,144765,42
193,28,6457,44
194,28,3157,44
195,28,183098,44
196,28,72314,40
197,28,4103,44
198,28,14117,43
199,28,62328,50
200,28,1511,46
201,28,16812,44
202,28,87361,45
203,28,406,50
204,28,808,45
205,28,2942,43
206,28,4051,48
207,28,4574,47
208,28,24102,42
209,28,217958,43
210,28,26232,51
211,28,9821,58
212,28,9166,48
213,28,297290,50
214,28,5447,43
215,28,53904,45
216,28,25577,41
217,28,13630,42
218,28,47411,39
219,28,147991,50
220,28,566337,54
221,28,920535,54
222,28,24799,48
223,28,111838,82
224,28,22425,51
225,28,53671,54
226,28,9794,43
227,28,51411,49
228,28,2323,47
229,28,1620,44
230,28,9218,43
231,28,9746,47
232,28,2075,46
233,28,283657,66
234,28,304895,88
235,28,34042,52
236,28,53376,57
237,28,7508,47
238,28,5261,49
239,28,100072,49
240,28,15422,41
241,28,48324,44
242,28,64549,48
243,28,44565,49
244,28,2498,44
245,28,880531,52
246,28,1762402,65
247,28,2383956,68
248,28,2538,64
249,28,34835,53
250,28,40691,69
251,28,1395985,96
252,28,65035,55
253,28,3074260,136
254,28,162219,56
255,28,39473,55
256,28,97913,71
257,28,1011154,92
258,28,191314,54
259,28,31185,47
260,28,1262999,56
261,28,6718,48
262,28,324788,52
263,28,69709,52
264,28,162317,60
265,28,697083,64
266,28,59172,51
267,28,373755,61
268,28,687565,60
269,28,16801,53
270,28,753839,113
271,28,261552,85
272,28,220857,53
273,28,250744,97
274,28,144029,54
275,28,652126,95
276,28,444776,75
277,28,7399,45
278,28,2514,47
279,28,6922,47
280,28,2262721,116
281,28,98643,99
282,28,1037899,57
283,28,4155,49
284,28,78066,56
285,28,39051,51
286,28,560191,50
287,28,4169,49
288,28,42115,64
289,28,11305,46
290,28,547,50
291,28,83688,50
292,28,370977,50
293,28,114248,57
294,28,5792,53
295,28,76041,100
296,28,47332,50
297,28,63247,61
298,28,27671,48
299,28,54008,50
300,28,205041,67
301,28,280284,72
302,28,2809681,89
303,28,50113,42
304,28,72398,54
305,28,1999369,77
306,28,234688,107
307,28,9709,43
308,28,3519,44
309,28,57382,50
310,28,79369,45
311,28,11143,45
312,28,242422,46
313,28,8090,44
314,28,7592,44
315,28,15108,43
316,28,6109,40
317,28,40363,58
318,28,21574,53
319,28,4401,48
320,28,5895,51
321,28,2168,47
322,28,76,50
323,28,126781,44
324,28,5060,47
325,28,3257,60
326,28,69174,61
327,28,139734,47
328,28,163490,44
329,28,38261,42
330,28,118511,48
331,28,34624,41
332,28,149859,42
333,28,24195,42
334,28,29490,40
335,28,433656,40
336,28,11121,42
337,28,2925,46
338,28,130890,51
339,28,99009,42
340,28,153723,44
341,28,304,55
342,28,2372,44
343,28,163780,53
344,28,9765,47
345,28,17429,51
346,28,7744,60
347,28,157171,48
348,28,27604,55
349,28,8044,56
350,28,287,55
351,28,344975,55
352,28,5483,47
353,28,248153,60
354,28,63392,58
355,28,254538,59
356,28,102238,56
357,28,1134765,62
358,28,47499,42
359,28,105639,58
360,28,33484,58
361,28,62220,47
362,28,44253,49
363,28,26788,60
364,28,402333,94
365,28,143290,88
366,28,2376,49
367,28,1540867,90
368,28,18769,55
369,28,19107,49
370,28,344202,68
371,28,94144,56
372,28,845783,124
373,28,16475,43
374,28,3438,43
375,28,5535,42
376,28,153830,46
377,28,3596,42
378,28,677263,48
379,28,2404,43
380,28,16662,44
381,28,18776,49
382,28,46717,42
383,28,52815,42
384,28,2902,42
385,28,3103,42
386,28,4084,43
387,28,6207,44
388,28,2361,50
389,28,30104,48
390,28,81703,59
391,28,624634,61
392,28,33080,49
393,28,1259063,66
394,28,186385,55
395,28,33064,59
396,28,283965,59
397,28,3508,50
398,28,27677,44
399,28,19187,43
400,28,1035517,47
401,28,1014,44
402,28,34906,50
403,28,31591,42
404,28,1246,45
405,28,123382,43
406,28,151298,45
407,28,5216,42
408,28,9898,45
409,28,66704,43
410,28,112586,43
411,28,23379,48
412,28,13394,47
413,28,51913,43
414,28,2770,64
415,28,90656,68
416,28,4702,45
417,28,431265,68
418,28,6667,54
419,28,89889,61
420,28,800,50
421,28,14448,42
422,28,122121,39
423,28,263623,46
424,28,1184,50
425,28,1642512,54
426,28,30785,42
427,28,733895,42
428,28,38952,40
429,28,3029,40
430,28,42385,45
431,28,5078,43
432,28,232452,61
433,28,694540,49
434,28,4562,52
435,28,24760,47
436,28,7005,43
437,28,2224505,69
438,28,22113,46
439,28,76421,40
440,28,6767,42
441,28,10506,43
442,28,2238,40
443,28,3644,42
444,28,7885,49
445,28,399689,46
446,28,9801,46
447,28,54018,48
448,28,37558,43
449,28,3210,45
450,28,266568,48
451,28,117518,44
452,28,13724,43
453,28,30126,67
454,28,561383,45
455,28,9189,42
456,28,87567,49
457,28,8980,43
458,28,36823,48
459,28,348705,46
460,28,9211,42
461,28,6129,44
462,28,148581,69
463,28,16288,46
464,28,19154,42
465,28,961253,72
466,28,1440,46
467,28,2927,42
468,28,1524853,60
469,28,604,55
470,28,5722,54
471,28,1491,45
472,28,60387,56
473,28,2662,41
474,28,14755,43
475,28,540586,54
476,28,36579,67
477,28,8852,43
478,28,156834,55
479,28,14800,42
480,28,870447,65
481,28,13098,45
482,28,111629,47
483,28,200396,43
484,28,494574,53
485,28,6148,43
486,28,12406,56
487,28,5881,48
488,28,3243,56
489,28,70395,50
490,28,318104,43
491,28,6142,48
492,28,6888,50
493,28,513059,59
494,28,16590,45
495,28,2500,56
496,28,3275,54
497,28,1040,48
498,28,288968,55
499,28,43252,57
500,28,16400,51
501,28,1367,50
502,28,8067,62
503,28,12931,43
504,28,140737,46
505,28,14345,57
506,28,33799,54
507,28,12448,59
508,28,13743,54
509,28,24897,44
510,28,4717,48
511,28,21722,45
512,28,5035,44
513,28,28593,53
514,28,1337,59
515,28,2261,49
516,28,13069,44
517,28,5474,44
518,28,9077,43
519,28,42663,43
520,28,1396,49
521,28,5411,43
522,28,171851,39
523,28,8675,43
524,28,163248,46
525,28,14585,40
526,28,35157,50
527,28,61783,45
528,28,385,45
529,28,1794,45
530,28,4007,40
531,28,5464,45
532,28,4880,40
533,28,6974,40
534,28,31574,44
535,28,1066,45
536,28,2492,45
537,28,12382,40
538,28,10044,40
539,28,2887,45
540,28,926,45
541,28,5180,40
542,28,16139,40
543,28,4529,50
544,28,4697,40
545,28,241,45
546,28,4696,40
547,28,578,45
548,28,563,45
549,28,11356,50
550,28,905,50
551,28,6333,45
552,28,1803,50
553,28,10063,40
554,28,1015,50
555,28,1211,45
556,28,32036,40
557,28,124,50
558,28,990,40
559,28,300,40
560,28,8890,45
561,28,2042,40
562,28,196,45
563,28,725,45
564,28,191,40
565,28,2601,40
566,28,304,45
567,28,2281,40
568,28,318,50
569,28,26884,53
570,28,101,45
571,28,16403,55
572,28,94,45
573,28,6117,45
574,28,6813,45
575,28,26080,55
576,28,769,40
577,28,49,45
578,28,1726,45
579,28,161277,95
580,28,416,45
581,28,265,45
582,28,137,45
583,28,82,45
584,28,519,40
585,28,575,50
586,28,13287,63
587,28,62749,60
588,28,581,44
589,28,404,45
590,28,78961,45
591,28,8005,60
592,28,64581,65
593,28,186,45
594,28,662,50
595,28,682,40
596,28,1139,40
597,28,149,45
598,28,488,40
599,28,4045,45
600,28,95,45
601,28,0,40
602,28,0,45
603,28,0,45
604,28,0,40
605,28,0,40
1,29,70975,48
2,29,149525,48
3,29,49219,54
4,29,293764,54
5,29,54816,54
6,29,25167,43
7,29,63099,54
8,29,423404,51
9,29,57190,42
10,29,6432,47
11,29,51906,45
12,29,66995,51
13,29,151613,79
14,29,55975,71
15,29,109517,54
16,29,142562,42
17,29,142580,52
18,29,365240,68
19,29,24380,44
20,29,25275,44
21,29,28308,64
22,29,623063,95
23,29,1374350,109
24,29,189190,43
25,29,525073,40
26,29,13317,43
27,29,325244,44
28,29,231196,41
29,29,29701,43
30,29,6653,42
31,29,308424,50
32,29,375624,38
33,29,11221,49
34,29,22703,43
35,29,9358,46
36,29,5300,60
37,29,6169,47
38,29,13284,50
39,29,7278,47
40,29,1220371,61
41,29,2554,45
42,29,186094,50
43,29,631871,63
44,29,15695,49
45,29,364985,64
46,29,22646,56
47,29,192314,44
48,29,141968,44
49,29,382248,47
50,29,19666,44
51,29,9423,44
52,29,268951,38
53,29,111325,38
54,29,6595,42
55,29,28464,52
56,29,188164,44
57,29,22298,44
58,29,59286,49
59,29,99144,67
60,29,13384,48
61,29,5026,59
62,29,185954,63
63,29,4079,49
64,29,19078,45
65,29,24202,53
66,29,11425,50
67,29,38170,48
68,29,10484,48
69,29,13595,46
70,29,105378,46
71,29,30484,47
72,29,275926,47
73,29,19788,41
74,29,23829,44
75,29,11613,42
76,29,67873,55
77,29,1329,53
78,29,10087,52
79,29,1184,54
80,29,169114,46
81,29,1638,47
82,29,36277,46
83,29,19793,49
84,29,42224,53
85,29,210533,57
86,29,51854,45
87,29,86571,62
88,29,772711,47
89,29,5667,43
90,29,21053,47
91,29,304409,47
92,29,23196,44
93,29,166814,38
94,29,27539,44
95,29,244645,39
96,29,33132,39
97,29,1903,40
98,29,4952,46
99,29,5998,50
100,29,1914,48
101,29,44313,50
102,29,52544,44
103,29,3919,44
104,29,4185,43
105,29,13860,43
106,29,15904,48
107,29,39250,46
108,29,7568,45
109,29,58315,44
110,29,80211,52
111,29,29691,55
112,29,11780,47
113,29,514606,63
114,29,32890,50
115,29,1723007,64
116,29,798404,59
117,29,78960,55
118,29,214829,59
119,29,23755,50
120,29,8387,50
121,29,8874,52
122,29,1584728,108
123,29,21624,62
124,29,244945,71
125,29,254362,63
126,29,1195437,50
127,29,86937,51
128,29,6901,46
129,29,4312,49
130,29,2876,44
131,29,138548,42
132,29,26565,52
133,29,113250,77
134,29,85081,84
135,29,175157,45
136,29,689440,39
137,29,107200,42
138,29,211039,43
139,29,957,44
140,29,297937,39
141,29,194709,44
142,29,303920,54
143,29,104364,49
144,29,2919,43
145,29,1589587,45
146,29,88079,42
147,29,195172,48
148,29,1173,49
149,29,252011,59
150,29,453362,63
151,29,773437,68
152,29,27295,63
153,29,8901,48
154,29,779225,49
155,29,214211,39
156,29,34120,50
157,29,65670,52
158,29,26401,43
159,29,2944,45
160,29,6038,43
161,29,10849,42
162,29,227847,49
163,29,2478,45
164,29,167636,60
165,29,5779,58
166,29,2591,44
167,29,126097,42
168,29,17036,47
169,29,7538,51
170,29,6727,51
171,29,433,60
172,29,365400,72
173,29,498,50
174,29,3124,43
175,29,88424,53
176,29,25363,50
177,29,94305,64
178,29,18865,43
179,29,199470,40
180,29,9651,42
181,29,7563,44
182,29,27778,46
183,29,13931,42
184,29,119533,60
185,29,2966,50
186,29,5304,43
187,29,2866,43
188,29,7922,44
189,29,406246,45
190,29,366997,40
191,29,113337,44
192,29,149761,42
193,29,6400,44
194,29,3127,44
195,29,179165,44
196,29,71874,40
197,29,4031,44
198,29,14507,43
199,29,62247,50
200,29,1507,46
201,29,16695,44
202,29,88794,45
203,29,408,50
204,29,807,45
205,29,2935,43
206,29,4015,48
207,29,4567,47
208,29,24684,42
209,29,215813,43
210,29,26175,51
211,29,11975,58
212,29,9346,48
213,29,295811,50
214,29,5445,43
215,29,52788,45
216,29,25550,41
217,29,13558,42
218,29,46882,39
219,29,150914,50
220,29,562463,54
221,29,886791,54
222,29,25405,48
223,29,110016,82
224,29,21555,51
225,29,65067,54
226,29,9760,43
227,29,50663,49
228,29,2314,47
229,29,1676,44
230,29,8957,43
231,29,9688,47
232,29,2069,46
233,29,316734,67
234,29,348194,89
235,29,34107,52
236,29,53113,57
237,29,7513,47
238,29,5253,49
239,29,97212,49
240,29,15362,41
241,29,47160,44
242,29,63903,48
243,29,46460,49
244,29,2494,44
245,29,1089926,54
246,29,1832531,65
247,29,2402501,68
248,29,2547,64
249,29,34925,53
250,29,40673,69
251,29,1571387,97
252,29,66737,55
253,29,2912328,135
254,29,162613,56
255,29,39781,55
256,29,97366,71
257,29,910698,92
258,29,176918,54
259,29,28938,47
260,29,1295430,56
261,29,6718,48
262,29,310467,52
263,29,72904,52
264,29,171900,60
265,29,693800,64
266,29,58870,51
267,29,376232,61
268,29,525124,59
269,29,16586,53
270,29,846544,114
271,29,262168,85
272,29,205106,53
273,29,249631,97
274,29,154112,54
275,29,573212,94
276,29,475179,75
277,29,7488,45
278,29,2503,47
279,29,9016,47
280,29,2469592,118
281,29,96700,99
282,29,1053349,57
283,29,4179,49
284,29,79525,56
285,29,36090,51
286,29,623461,51
287,29,4262,49
288,29,41879,64
289,29,11215,46
290,29,549,50
291,29,83611,50
292,29,417369,51
293,29,124976,57
294,29,5899,53
295,29,75570,100
296,29,43949,50
297,29,61285,61
298,29,27470,48
299,29,44841,50
300,29,186020,67
301,29,241308,72
302,29,2902552,90
303,29,52409,42
304,29,72588,54
305,29,1994535,77
306,29,261958,107
307,29,9598,43
308,29,3516,44
309,29,59424,50
310,29,75168,45
311,29,10811,45
312,29,247225,47
313,29,8007,44
314,29,10018,44
315,29,17373,43
316,29,6089,40
317,29,37599,58
318,29,21544,53
319,29,4393,48
320,29,5548,51
321,29,2153,47
322,29,77,50
323,29,147366,44
324,29,5049,47
325,29,3259,60
326,29,68146,61
327,29,140809,47
328,29,156691,44
329,29,38125,42
330,29,118195,48
331,29,35298,41
332,29,145548,42
333,29,22355,42
334,29,29320,40
335,29,439040,40
336,29,10942,42
337,29,2895,46
338,29,124601,51
339,29,117521,42
340,29,152772,44
341,29,304,55
342,29,2400,44
343,29,148213,53
344,29,9667,47
345,29,16353,51
346,29,7704,60
347,29,152153,48
348,29,27011,55
349,29,8000,56
350,29,289,55
351,29,331382,55
352,29,5500,47
353,29,237377,60
354,29,61459,58
355,29,246768,59
356,29,101935,56
357,29,1063606,61
358,29,45390,42
359,29,102822,58
360,29,33461,58
361,29,61294,47
362,29,44110,49
363,29,25174,60
364,29,367832,93
365,29,142563,88
366,29,2409,49
367,29,1390587,89
368,29,16414,55
369,29,19080,49
370,29,335863,68
371,29,70120,54
372,29,869057,124
373,29,16436,43
374,29,3433,43
375,29,5502,42
376,29,147252,46
377,29,3603,42
378,29,673702,48
379,29,2374,43
380,29,16526,44
381,29,18630,49
382,29,46456,42
383,29,48556,42
384,29,2891,42
385,29,3097,42
386,29,4053,43
387,29,6180,44
388,29,2256,50
389,29,30259,48
390,29,81807,59
391,29,611490,61
392,29,33175,49
393,29,1126766,65
394,29,244099,56
395,29,32944,59
396,29,289416,59
397,29,3484,50
398,29,26577,44
399,29,19144,43
400,29,1065893,47
401,29,1010,44
402,29,33686,50
403,29,34494,42
404,29,1243,45
405,29,121982,43
406,29,160016,45
407,29,5182,42
408,29,10082,45
409,29,81188,43
410,29,107900,43
411,29,22929,48
412,29,13441,47
413,29,52154,43
414,29,5166,64
415,29,108289,68
416,29,4691,45
417,29,430838,68
418,29,7421,54
419,29,94272,61
420,29,801,50
421,29,15330,42
422,29,126471,39
423,29,270149,46
424,29,1183,50
425,29,1636246,55
426,29,27953,42
427,29,727108,42
428,29,38677,40
429,29,3021,40
430,29,42532,45
431,29,5022,43
432,29,222838,61
433,29,691311,49
434,29,4502,52
435,29,24458,47
436,29,6961,43
437,29,2250343,69
438,29,21765,46
439,29,76061,40
440,29,6664,42
441,29,11406,43
442,29,2228,40
443,29,3623,42
444,29,7653,49
445,29,404324,46
446,29,9231,46
447,29,53831,48
448,29,36599,43
449,29,3206,45
450,29,258549,48
451,29,116469,44
452,29,14499,43
453,29,30079,67
454,29,556523,45
455,29,9101,42
456,29,86542,49
457,29,8963,43
458,29,36005,47
459,29,349283,46
460,29,9025,42
461,29,6161,44
462,29,142284,69
463,29,15941,46
464,29,18585,42
465,29,953999,72
466,29,1495,46
467,29,2909,42
468,29,1526259,60
469,29,604,55
470,29,5715,54
471,29,1352,45
472,29,58657,56
473,29,2681,41
474,29,14630,43
475,29,532909,54
476,29,36586,67
477,29,8784,43
478,29,150798,55
479,29,13169,42
480,29,815355,65
481,29,12974,45
482,29,170626,47
483,29,202747,44
484,29,460814,52
485,29,6124,43
486,29,12356,55
487,29,5834,48
488,29,3257,56
489,29,72001,50
490,29,311503,43
491,29,6151,48
492,29,6835,50
493,29,507264,59
494,29,15614,45
495,29,2509,56
496,29,3276,54
497,29,1033,48
498,29,272808,55
499,29,43480,57
500,29,16278,51
501,29,1364,50
502,29,8094,62
503,29,13544,43
504,29,133733,46
505,29,14159,57
506,29,33531,54
507,29,11792,59
508,29,12736,54
509,29,24235,44
510,29,4686,48
511,29,21657,45
512,29,5020,44
513,29,28148,53
514,29,1334,59
515,29,2266,49
516,29,12628,44
517,29,5342,44
518,29,9053,43
519,29,42801,43
520,29,1398,49
521,29,5411,43
522,29,177053,39
523,29,8724,43
524,29,162033,46
525,29,14426,40
526,29,32418,50
527,29,61484,45
528,29,387,45
529,29,1813,45
530,29,3952,40
531,29,16445,45
532,29,4728,40
533,29,6892,40
534,29,32368,44
535,29,1073,45
536,29,2499,45
537,29,12310,40
538,29,10031,40
539,29,2748,45
540,29,908,45
541,29,5187,40
542,29,15847,40
543,29,10115,50
544,29,4529,40
545,29,236,45
546,29,4745,40
547,29,595,45
548,29,581,45
549,29,11088,50
550,29,846,50
551,29,6895,45
552,29,1836,50
553,29,10020,40
554,29,1023,50
555,29,1251,45
556,29,33119,40
557,29,125,50
558,29,963,40
559,29,301,40
560,29,9427,45
561,29,2102,40
562,29,199,45
563,29,748,45
564,29,192,40
565,29,2635,40
566,29,309,45
567,29,2295,40
568,29,320,50
569,29,25811,53
570,29,112,45
571,29,23389,55
572,29,92,45
573,29,6231,45
574,29,7233,45
575,29,22351,55
576,29,816,40
577,29,47,45
578,29,1679,45
579,29,230031,95
580,29,424,45
581,29,348,45
582,29,157,45
583,29,88,45
584,29,568,40
585,29,1443,50
586,29,9140,61
587,29,72074,60
588,29,491,43
589,29,398,45
590,29,82676,45
591,29,10342,60
592,29,70201,65
593,29,194,45
594,29,610,50
595,29,729,40
596,29,1265,40
597,29,171,45
598,29,562,40
599,29,6015,45
600,29,106,45
601,29,97,40
602,29,17,45
603,29,53,45
604,29,107,40
605,29,309,40
606,29,0,45
1,30,70799,48
2,30,146874,48
3,30,48844,54
4,30,291412,54
5,30,52983,54
6,30,25069,43
7,30,62217,54
8,30,369717,50
9,30,58703,42
10,30,6475,47
11,30,51719,45
12,30,67673,51
13,30,149382,79
14,30,58811,71
15,30,108806,54
16,30,142722,42
17,30,141662,52
18,30,378606,68
19,30,24334,44
20,30,24276,44
21,30,28242,64
22,30,566031,94
23,30,1172122,108
24,30,187295,43
25,30,564817,40
26,30,13144,43
27,30,294636,44
28,30,236575,41
29,30,36261,43
30,30,6581,42
31,30,325625,50
32,30,386296,38
33,30,11235,49
34,30,22556,43
35,30,9573,46
36,30,5131,60
37,30,6330,47
38,30,13390,50
39,30,7233,47
40,30,1278297,61
41,30,2576,45
42,30,294963,50
43,30,629252,63
44,30,16431,49
45,30,444136,65
46,30,22539,56
47,30,193158,44
48,30,142146,44
49,30,404027,47
50,30,19276,44
51,30,9126,44
52,30,265422,38
53,30,109585,38
54,30,6439,42
55,30,29061,52
56,30,187610,43
57,30,21752,44
58,30,54771,48
59,30,94036,67
60,30,13781,48
61,30,5089,59
62,30,158510,63
63,30,4069,49
64,30,19055,45
65,30,22135,53
66,30,12875,50
67,30,36246,48
68,30,10503,48
69,30,13612,46
70,30,103260,46
71,30,30456,47
72,30,268415,47
73,30,19680,41
74,30,23113,44
75,30,11345,42
76,30,66685,55
77,30,1343,53
78,30,9845,52
79,30,1183,54
80,30,170389,46
81,30,1647,47
82,30,35454,46
83,30,19616,49
84,30,41011,53
85,30,204764,57
86,30,51662,45
87,30,69868,62
88,30,751476,47
89,30,5635,43
90,30,20848,47
91,30,210667,46
92,30,22149,44
93,30,169462,38
94,30,27331,44
95,30,240445,39
96,30,33370,39
97,30,1919,40
98,30,4936,46
99,30,5909,50
100,30,1861,48
101,30,40149,50
102,30,51414,44
103,30,3901,44
104,30,4286,43
105,30,13770,43
106,30,15328,48
107,30,42773,46
108,30,7557,45
109,30,57951,44
110,30,76536,52
111,30,29667,55
112,30,9963,47
113,30,539020,63
114,30,32958,50
115,30,1688577,64
116,30,793687,59
117,30,78706,55
118,30,216155,59
119,30,23905,50
120,30,8432,50
121,30,9519,52
122,30,1617174,108
123,30,21573,62
124,30,245619,71
125,30,258485,63
126,30,1198629,50
127,30,86424,51
128,30,6924,46
129,30,4305,49
130,30,2893,44
131,30,138712,42
132,30,26532,52
133,30,113179,77
134,30,84656,84
135,30,176683,45
136,30,677454,39
137,30,101328,42
138,30,216490,43
139,30,1045,44
140,30,295930,39
141,30,236390,45
142,30,311247,54
143,30,94088,49
144,30,2928,43
145,30,1667554,45
146,30,84656,42
147,30,199675,48
148,30,1256,49
149,30,245564,59
150,30,471441,63
151,30,924383,69
152,30,27293,63
153,30,8827,48
154,30,781368,49
155,30,219122,39
156,30,33833,50
157,30,67561,52
158,30,26341,43
159,30,2933,45
160,30,6003,43
161,30,10665,42
162,30,236780,48
163,30,2475,45
164,30,166339,60
165,30,5785,58
166,30,2656,44
167,30,127158,42
168,30,17804,47
169,30,7503,51
170,30,6428,50
171,30,435,60
172,30,418960,72
173,30,499,50
174,30,3095,43
175,30,92744,53
176,30,24882,50
177,30,93906,64
178,30,18464,43
179,30,193238,40
180,30,9432,42
181,30,7512,44
182,30,27722,46
183,30,14184,42
184,30,119267,60
185,30,2950,50
186,30,5281,43
187,30,2894,43
188,30,7888,44
189,30,391676,45
190,30,360990,40
191,30,114400,44
192,30,153611,42
193,30,6326,44
194,30,3108,44
195,30,175156,44
196,30,71450,40
197,30,3998,43
198,30,14444,43
199,30,62074,50
200,30,1497,46
201,30,15895,44
202,30,88713,45
203,30,408,50
204,30,812,45
205,30,2922,43
206,30,4017,48
207,30,4554,47
208,30,25361,42
209,30,212236,43
210,30,25367,51
211,30,12074,58
212,30,9264,48
213,30,299720,50
214,30,5441,43
215,30,52967,45
216,30,25529,41
217,30,13503,42
218,30,46386,39
219,30,164853,50
220,30,566725,54
221,30,888942,54
222,30,27616,48
223,30,113256,82
224,30,20917,51
225,30,68727,54
226,30,9716,43
227,30,51675,49
228,30,2300,47
229,30,1742,44
230,30,8734,43
231,30,9613,47
232,30,2054,46
233,30,351474,67
234,30,430951,89
235,30,34082,52
236,30,53216,57
237,30,7556,47
238,30,5251,49
239,30,95161,49
240,30,15324,41
241,30,53457,44
242,30,63386,48
243,30,63462,49
244,30,2492,44
245,30,1286567,55
246,30,1897873,66
247,30,2418969,69
248,30,2597,64
249,30,35249,53
250,30,40677,69
251,30,1685282,98
252,30,70990,55
253,30,2840989,134
254,30,159109,56
255,30,40548,55
256,30,97172,71
257,30,910233,92
258,30,166137,54
259,30,26250,47
260,30,1326184,56
261,30,6709,48
262,30,299515,52
263,30,73577,52
264,30,190989,60
265,30,712045,64
266,30,51948,51
267,30,375943,61
268,30,447864,59
269,30,16481,53
270,30,877578,114
271,30,286813,85
272,30,194556,53
273,30,217383,97
274,30,166409,54
275,30,519356,94
276,30,498699,75
277,30,7521,45
278,30,2484,47
279,30,15756,47
280,30,2574115,119
281,30,95272,99
282,30,1037928,57
283,30,4238,49
284,30,79782,56
285,30,34308,51
286,30,608136,51
287,30,4375,49
288,30,41643,64
289,30,11154,46
290,30,548,50
291,30,83286,50
292,30,397996,51
293,30,121524,57
294,30,6996,53
295,30,73503,100
296,30,42067,50
297,30,59858,61
298,30,27236,48
299,30,38770,50
300,30,174967,67
301,30,232412,72
302,30,2832549,90
303,30,55459,42
304,30,72694,54
305,30,1899493,77
306,30,328876,108
307,30,9493,43
308,30,3517,44
309,30,58946,50
310,30,70277,45
311,30,10573,45
312,30,246321,47
313,30,7950,44
314,30,10540,44
315,30,17367,43
316,30,6065,40
317,30,36183,58
318,30,21543,53
319,30,4416,48
320,30,5378,51
321,30,2119,47
322,30,76,50
323,30,158031,44
324,30,5045,47
325,30,3264,60
326,30,67188,61
327,30,140266,47
328,30,150680,44
329,30,37999,42
330,30,118126,48
331,30,35497,41
332,30,142057,42
333,30,21009,42
334,30,29184,40
335,30,433915,40
336,30,10765,42
337,30,2879,46
338,30,139381,51
339,30,130240,42
340,30,152894,44
341,30,305,55
342,30,2432,44
343,30,138648,53
344,30,9588,47
345,30,15709,51
346,30,7709,60
347,30,145438,47
348,30,28480,55
349,30,7960,56
350,30,292,55
351,30,338459,55
352,30,5516,47
353,30,236694,60
354,30,62104,58
355,30,248731,59
356,30,101753,56
357,30,991798,61
358,30,43527,42
359,30,102900,58
360,30,33757,57
361,30,61030,47
362,30,43964,49
363,30,24172,59
364,30,358748,93
365,30,142342,88
366,30,2500,49
367,30,1314601,88
368,30,13109,55
369,30,21030,49
370,30,329858,67
371,30,56125,53
372,30,924068,124
373,30,16409,43
374,30,3442,43
375,30,5466,42
376,30,135899,46
377,30,3609,42
378,30,656240,48
379,30,2380,43
380,30,16392,44
381,30,18316,49
382,30,44772,42
383,30,45899,42
384,30,2864,42
385,30,3097,42
386,30,4001,43
387,30,6157,44
388,30,2087,50
389,30,29883,48
390,30,79608,59
391,30,587624,60
392,30,32750,49
393,30,1075732,65
394,30,271181,56
395,30,33051,59
396,30,292795,59
397,30,3460,50
398,30,25346,44
399,30,19109,43
400,30,1103881,48
401,30,1014,44
402,30,33453,50
403,30,46559,42
404,30,1237,45
405,30,119318,43
406,30,297830,46
407,30,5138,42
408,30,11727,45
409,30,101801,43
410,30,105526,43
411,30,33655,48
412,30,14350,47
413,30,51878,43
414,30,16066,64
415,30,106347,68
416,30,4672,45
417,30,438060,68
418,30,7137,54
419,30,108099,61
420,30,801,50
421,30,15494,42
422,30,131501,39
423,30,272432,46
424,30,1181,50
425,30,1524221,54
426,30,28235,42
427,30,615255,42
428,30,38435,40
429,30,3020,40
430,30,42748,45
431,30,5126,43
432,30,224285,61
433,30,671441,49
434,30,4395,52
435,30,23924,47
436,30,6922,43
437,30,2140721,69
438,30,21438,46
439,30,75733,40
440,30,6775,42
441,30,11229,43
442,30,2221,40
443,30,3602,42
444,30,7404,49
445,30,394212,46
446,30,8693,46
447,30,53652,48
448,30,35969,43
449,30,3192,45
450,30,207533,48
451,30,115609,44
452,30,18559,43
453,30,30008,67
454,30,532552,45
455,30,9022,42
456,30,85708,49
457,30,8948,43
458,30,35478,47
459,30,373857,46
460,30,8866,42
461,30,6154,44
462,30,139139,69
463,30,15782,46
464,30,18579,42
465,30,961875,72
466,30,1521,46
467,30,2892,42
468,30,1538788,60
469,30,604,55
470,30,5706,54
471,30,1263,45
472,30,57661,56
473,30,2775,41
474,30,14542,43
475,30,454468,54
476,30,36634,67
477,30,8699,43
478,30,143025,55
479,30,11840,42
480,30,780369,65
481,30,25160,45
482,30,187766,48
483,30,187314,44
484,30,473967,52
485,30,6140,43
486,30,12456,55
487,30,5788,48
488,30,3286,56
489,30,109862,50
490,30,306462,42
491,30,6132,48
492,30,6833,50
493,30,492554,59
494,30,15526,45
495,30,2510,56
496,30,3279,54
497,30,1020,48
498,30,271379,54
499,30,43579,57
500,30,16332,51
501,30,1362,50
502,30,8113,62
503,30,13283,43
504,30,126847,46
505,30,14059,57
506,30,33393,54
507,30,11905,59
508,30,12394,54
509,30,23817,44
510,30,4696,48
511,30,21603,45
512,30,5010,44
513,30,27845,53
514,30,1325,59
515,30,2271,49
516,30,12309,44
517,30,5211,44
518,30,9034,43
519,30,42108,43
520,30,1418,49
521,30,5456,43
522,30,191424,39
523,30,8846,43
524,30,157959,46
525,30,14275,40
526,30,32432,50
527,30,60962,45
528,30,386,45
529,30,1831,45
530,30,3909,40
531,30,11264,45
532,30,4620,40
533,30,6773,40
534,30,31618,44
535,30,1061,45
536,30,2517,45
537,30,12245,40
538,30,10048,40
539,30,2550,45
540,30,892,45
541,30,5249,40
542,30,15574,40
543,30,10127,50
544,30,4366,40
545,30,232,45
546,30,4794,40
547,30,609,45
548,30,616,45
549,30,10856,50
550,30,824,50
551,30,7265,45
552,30,1887,50
553,30,9958,40
554,30,1045,50
555,30,1281,45
556,30,46927,40
557,30,123,50
558,30,938,40
559,30,296,40
560,30,9661,45
561,30,2155,40
562,30,207,45
563,30,774,45
564,30,189,40
565,30,2652,40
566,30,302,45
567,30,2316,40
568,30,335,50
569,30,22684,52
570,30,124,45
571,30,26532,55
572,30,107,45
573,30,6513,45
574,30,7941,45
575,30,21495,55
576,30,851,40
577,30,51,45
578,30,1623,45
579,30,288761,96
580,30,693,45
581,30,369,45
582,30,180,45
583,30,102,45
584,30,617,40
585,30,1701,50
586,30,6962,60
587,30,71983,60
588,30,416,42
589,30,373,45
590,30,82925,45
591,30,21477,60
592,30,114111,65
593,30,213,45
594,30,591,49
595,30,807,40
596,30,1391,40
597,30,199,45
598,30,650,40
599,30,6898,45
600,30,128,45
601,30,99,40
602,30,23,45
603,30,107,45
604,30,249,40
605,30,427,40
606,30,20,45
607,30,0,45
608,30,0,45
9,31,65967,42
24,31,189709,43
25,31,649177,41
26,31,12944,43
27,31,266459,43
28,31,326436,41
29,31,28933,43
30,31,6508,42
31,31,516132,51
32,31,428045,38
34,31,22386,43
35,31,10876,46
36,31,5052,60
37,31,6081,47
38,31,13686,50
39,31,7195,47
40,31,1612394,62
41,31,2585,45
42,31,394798,51
43,31,1504164,65
44,31,18744,49
45,31,454843,65
46,31,22447,56
67,31,53915,48
68,31,10683,48
69,31,13891,46
70,31,116939,46
71,31,31160,47
72,31,322597,47
73,31,22752,41
74,31,38999,44
75,31,23033,42
76,31,85598,55
77,31,1376,53
78,31,10335,52
79,31,1452,54
80,31,236993,46
81,31,1643,47
82,31,36135,46
83,31,19382,49
84,31,39874,53
85,31,275305,57
86,31,51478,45
87,31,77128,62
111,31,29660,55
112,31,9633,47
113,31,697704,63
114,31,33142,50
115,31,1724884,64
116,31,932555,59
117,31,78454,55
118,31,235718,59
119,31,24199,50
120,31,8479,50
121,31,19416,52
122,31,2221747,109
123,31,21520,62
124,31,268935,71
125,31,304774,63
126,31,1186680,50
127,31,85754,51
128,31,6950,46
129,31,4298,49
130,31,2981,44
131,31,139424,42
132,31,27180,52
133,31,131255,77
134,31,84272,84
146,31,76672,42
154,31,810152,49
155,31,236364,39
156,31,33767,50
157,31,72838,52
158,31,26182,43
159,31,2935,45
160,31,5973,43
161,31,11586,42
162,31,255006,48
163,31,2470,45
164,31,167033,60
165,31,5781,58
166,31,2884,44
167,31,129431,42
168,31,19592,47
169,31,7489,51
170,31,6201,50
171,31,438,60
172,31,543591,73
173,31,499,50
174,31,3057,43
175,31,120221,53
177,31,93827,64
178,31,17832,43
180,31,9449,42
181,31,7794,44
182,31,27761,46
183,31,17992,42
184,31,120290,60
185,31,2939,50
186,31,6699,43
187,31,3094,43
188,31,7845,44
189,31,364399,45
190,31,401606,39
191,31,133846,44
192,31,181028,42
193,31,6466,44
194,31,3298,44
195,31,173475,44
196,31,70859,40
197,31,4609,43
198,31,13445,43
199,31,63049,50
200,31,1487,46
201,31,14226,44
202,31,85424,45
203,31,409,50
204,31,813,45
205,31,3014,43
206,31,4434,48
207,31,4540,47
208,31,38055,42
209,31,204281,43
210,31,23881,51
211,31,13046,58
212,31,11015,48
213,31,329816,50
214,31,5592,43
215,31,54627,45
216,31,26920,41
217,31,14102,42
218,31,46194,39
219,31,237132,50
220,31,599794,54
221,31,997915,54
222,31,44218,48
224,31,20393,51
225,31,73395,54
226,31,9645,43
227,31,55889,49
228,31,2296,47
229,31,2062,44
230,31,8570,43
231,31,9557,47
232,31,2042,46
233,31,516611,68
234,31,1130790,91
235,31,34791,52
236,31,53277,57
237,31,7575,47
238,31,5241,49
239,31,94479,49
240,31,15250,41
241,31,63005,44
242,31,62758,48
243,31,60904,49
244,31,2484,44
245,31,1353755,56
246,31,1959514,66
247,31,2370656,69
248,31,2588,64
249,31,34913,53
250,31,41673,69
251,31,2196721,99
252,31,70946,55
253,31,2903732,134
254,31,154028,56
255,31,40528,55
256,31,96662,71
257,31,1147714,92
259,31,26342,47
307,31,9319,43
308,31,3732,44
309,31,70339,50
310,31,91239,45
311,31,11053,45
312,31,201985,47
313,31,11709,44
314,31,25715,44
315,31,21219,43
316,31,6127,40
317,31,44619,58
318,31,21980,53
319,31,4723,48
320,31,5457,51
321,31,2083,47
322,31,79,50
323,31,158217,44
324,31,5314,47
325,31,3270,60
326,31,124060,61
327,31,142929,47
393,31,1128555,65
399,31,20176,43
400,31,1384097,48
401,31,1024,44
402,31,60919,50
403,31,84340,42
404,31,1235,45
405,31,119083,43
406,31,742644,47
407,31,5110,42
408,31,17054,45
409,31,189401,44
410,31,99268,43
411,31,40207,48
413,31,51018,43
414,31,36685,64
415,31,116966,68
416,31,4655,45
417,31,583973,69
418,31,6113,54
419,31,149754,61
420,31,807,50
447,31,53461,48
453,31,29956,67
455,31,8969,42
456,31,85421,49
457,31,9085,43
458,31,35216,47
459,31,389224,46
460,31,8770,42
461,31,6172,44
462,31,137845,69
464,31,20628,42
465,31,1159691,72
468,31,1503506,60
469,31,602,55
470,31,5699,54
471,31,1179,45
472,31,57632,56
473,31,3201,41
474,31,14649,43
478,31,137321,55
480,31,746376,64
482,31,96186,47
484,31,566595,52
485,31,6246,43
487,31,5786,48
488,31,3347,56
489,31,155228,50
490,31,305841,42
491,31,6627,48
492,31,6901,50
493,31,663853,59
494,31,17133,45
495,31,2903,56
496,31,3272,54
498,31,312068,54
499,31,44002,57
501,31,1359,50
502,31,8332,62
506,31,33781,54
507,31,12695,59
508,31,13665,54
509,31,26713,44
510,31,4872,48
511,31,21667,45
512,31,5088,44
513,31,28215,53
514,31,1320,59
515,31,2381,49
516,31,12736,44
518,31,9003,43
521,31,6234,43
522,31,262139,39
526,31,28462,50
527,31,60006,45
528,31,383,45
530,31,3928,40
531,31,6124,45
532,31,4745,40
533,31,6637,40
534,31,38801,44
539,31,2218,45
541,31,7402,40
543,31,8405,50
547,31,681,45
548,31,691,45
553,31,11670,40
557,31,128,50
558,31,978,40
560,31,10936,45
564,31,310,40
569,31,20682,52
571,31,40600,55
575,31,20098,55
577,31,54,45
579,31,306934,96
580,31,9665,45
583,31,178,45
585,31,2670,50
587,31,89605,60
588,31,933,42
590,31,93795,45
591,31,113267,60
593,31,861,45
594,31,678,49
597,31,227,45
598,31,2016,40
599,31,8049,45
600,31,277,45
601,31,428,40
605,31,3414,40
606,31,104,45
607,31,71,45
1,32,70711,48
2,32,156501,48
3,32,58537,54
4,32,287469,54
5,32,53226,54
6,32,24911,43
7,32,61612,54
8,32,338126,50
9,32,61153,42
10,32,6652,47
11,32,51643,45
12,32,71334,51
13,32,151072,79
14,32,58872,71
15,32,97477,54
16,32,150202,42
17,32,147014,52
18,32,329660,68
19,32,24291,44
20,32,25045,44
21,32,28179,64
22,32,502783,93
23,32,1080086,108
24,32,181166,43
25,32,584868,41
26,32,12876,43
27,32,262234,43
28,32,264812,41
29,32,28290,43
30,32,6469,42
31,32,361372,51
32,32,481323,38
33,32,11260,49
34,32,22343,43
35,32,9362,46
36,32,5023,60
37,32,5755,47
38,32,13482,50
39,32,7169,46
40,32,1301983,62
41,32,2610,45
42,32,297092,51
43,32,899893,65
44,32,17197,49
45,32,397178,65
46,32,22399,56
47,32,209682,44
48,32,193003,44
49,32,447828,47
50,32,18563,44
51,32,8943,44
52,32,268819,38
53,32,116213,38
54,32,6353,42
55,32,40444,52
56,32,221988,43
57,32,20008,44
58,32,51444,48
59,32,91106,67
60,32,14793,48
61,32,5239,59
62,32,158866,63
63,32,4052,49
64,32,19008,45
65,32,20603,53
66,32,11214,50
67,32,33601,48
68,32,10569,48
69,32,13703,46
70,32,101906,46
71,32,30594,47
72,32,263563,47
73,32,19684,41
74,32,23937,44
75,32,11316,42
76,32,67991,55
77,32,1388,53
78,32,9716,52
79,32,1256,54
80,32,185634,46
81,32,1645,47
82,32,34202,46
83,32,19281,49
84,32,39322,53
85,32,165642,57
86,32,51352,45
87,32,55639,62
88,32,689011,47
89,32,5653,42
90,32,21072,47
91,32,140228,45
92,32,23842,44
93,32,218241,38
94,32,25778,44
95,32,286162,39
96,32,34192,39
97,32,1948,40
98,32,4896,46
99,32,7227,50
100,32,1813,48
101,32,30528,49
102,32,47675,44
103,32,3860,44
104,32,4575,43
105,32,13409,43
106,32,14774,48
107,32,39816,46
108,32,7517,45
109,32,58950,44
110,32,65573,52
111,32,29639,55
112,32,8946,47
113,32,661713,63
114,32,33226,50
115,32,1674431,64
116,32,974964,60
117,32,78288,55
118,32,243749,59
119,32,24064,50
120,32,8356,50
121,32,11789,52
122,32,2020763,110
123,32,21472,62
124,32,254786,71
125,32,301793,64
126,32,1204040,50
127,32,95478,51
128,32,6979,46
129,32,4299,49
130,32,2886,44
131,32,178899,42
132,32,26444,52
133,32,119309,77
134,32,84003,84
135,32,169301,45
136,32,688639,39
137,32,99208,42
138,32,227604,43
139,32,1392,44
140,32,299601,39
141,32,406820,45
142,32,326041,54
143,32,84663,49
144,32,2953,43
145,32,1553154,45
146,32,72547,42
147,32,199055,48
148,32,1223,49
149,32,247352,58
150,32,561511,63
151,32,786303,69
152,32,27612,63
153,32,8737,48
154,32,789294,49
155,32,228646,39
156,32,33710,50
157,32,74346,52
158,32,26088,43
159,32,2929,45
160,32,5942,43
161,32,10469,42
162,32,247806,48
163,32,2465,45
164,32,163515,59
165,32,5776,58
166,32,2802,44
167,32,132131,42
168,32,18749,47
169,32,7430,51
170,32,6077,50
171,32,438,60
172,32,404997,73
173,32,496,50
174,32,3014,43
175,32,111663,53
176,32,25483,50
177,32,93348,64
178,32,17561,43
179,32,176725,40
180,32,9244,42
181,32,7440,44
182,32,27647,46
183,32,23266,42
184,32,118758,60
185,32,2927,50
186,32,6536,43
187,32,2989,43
188,32,7826,44
189,32,359743,45
190,32,403840,39
191,32,110100,44
192,32,145703,42
193,32,6218,44
194,32,3157,44
195,32,167306,44
196,32,70521,40
197,32,4022,43
198,32,13969,43
199,32,62023,50
200,32,1483,46
201,32,14254,44
202,32,80884,45
203,32,409,50
204,32,833,45
205,32,3157,43
206,32,3889,48
207,32,4529,47
208,32,31240,42
209,32,233576,43
210,32,23309,51
211,32,11360,58
212,32,9116,48
213,32,296403,50
214,32,5438,43
215,32,59317,45
216,32,25872,41
217,32,13732,42
218,32,45498,39
219,32,166767,50
220,32,528165,54
221,32,776688,54
222,32,29761,48
223,32,116944,82
224,32,20197,51
225,32,63263,54
226,32,9628,43
227,32,51264,49
228,32,2286,47
229,32,1938,44
230,32,8322,43
231,32,9508,47
232,32,2034,46
233,32,370498,68
234,32,458936,90
235,32,34291,52
236,32,52477,57
237,32,7638,47
238,32,5241,49
239,32,94307,49
240,32,15368,41
241,32,50245,44
242,32,62572,48
243,32,61210,49
244,32,2486,44
245,32,1123894,56
246,32,1864802,66
247,32,2199021,69
248,32,2621,64
249,32,34796,53
250,32,41105,69
251,32,1827333,100
252,32,69780,55
253,32,2093873,132
254,32,155986,56
255,32,40162,55
256,32,96070,71
257,32,932953,92
258,32,155296,54
259,32,30671,47
260,32,1443255,56
261,32,6710,48
262,32,294538,52
263,32,71910,52
264,32,189709,60
265,32,731474,64
266,32,45939,50
267,32,372268,61
268,32,668714,59
269,32,16109,53
270,32,1506193,116
271,32,345332,85
272,32,187926,53
273,32,211106,97
274,32,163647,54
275,32,490423,93
276,32,525267,75
277,32,7881,45
278,32,2472,47
279,32,18250,47
280,32,2802724,119
281,32,96476,99
282,32,1054844,57
283,32,4403,49
284,32,96979,56
285,32,33984,51
286,32,557460,51
287,32,4721,49
288,32,41709,64
289,32,11067,46
290,32,552,50
291,32,83092,50
292,32,524051,51
293,32,154640,57
294,32,11053,53
295,32,72930,100
296,32,41988,50
297,32,60239,61
298,32,26980,48
299,32,39171,50
300,32,187215,67
301,32,230116,72
302,32,2777505,89
303,32,63767,42
304,32,73478,54
305,32,1757290,76
306,32,282095,108
307,32,9262,43
308,32,3518,44
309,32,51836,50
310,32,66431,45
311,32,10543,45
312,32,196622,47
313,32,8397,44
314,32,9917,44
315,32,16370,43
316,32,6030,40
317,32,34403,58
318,32,21603,53
319,32,4418,48
320,32,5149,51
321,32,2080,47
322,32,79,50
323,32,129665,44
324,32,5075,47
325,32,3274,60
326,32,77804,61
327,32,139492,47
328,32,139417,44
329,32,37706,42
330,32,118163,48
331,32,36354,41
332,32,136881,42
333,32,19416,42
334,32,28898,40
335,32,402457,40
336,32,10542,42
337,32,2842,46
338,32,179596,51
339,32,189150,42
340,32,139522,44
341,32,310,55
342,32,2467,44
343,32,111677,53
344,32,9474,47
345,32,15210,51
346,32,7721,60
347,32,119710,46
348,32,28447,55
349,32,7887,56
350,32,292,55
351,32,324472,54
352,32,5531,47
353,32,225212,60
354,32,63026,58
355,32,250759,59
356,32,101522,56
357,32,928281,60
358,32,41356,42
359,32,101804,58
360,32,33450,57
361,32,60736,47
362,32,43701,49
363,32,23308,59
364,32,336896,92
365,32,158285,88
366,32,2591,49
367,32,931785,86
368,32,10135,55
369,32,22230,49
370,32,325953,67
371,32,44628,52
372,32,984318,125
373,32,16432,42
374,32,3409,43
375,32,5406,42
376,32,137679,45
377,32,3645,42
378,32,629632,48
379,32,2425,43
380,32,16417,44
381,32,19695,49
382,32,47181,42
383,32,45026,42
384,32,2823,42
385,32,3102,42
386,32,4039,43
387,32,6104,44
388,32,1804,50
389,32,31793,48
390,32,78233,59
391,32,570502,60
392,32,32149,49
393,32,1034079,65
394,32,424467,57
395,32,34931,59
396,32,357351,59
397,32,3422,50
398,32,25503,44
399,32,19001,43
400,32,1009267,48
401,32,1023,44
402,32,36662,50
403,32,60642,42
404,32,1231,45
405,32,114514,43
406,32,352357,47
407,32,5098,42
408,32,11826,45
409,32,99176,44
410,32,97972,43
411,32,33976,48
412,32,14641,47
413,32,50066,43
414,32,13479,64
415,32,80653,68
416,32,4642,45
417,32,415602,69
418,32,5777,54
419,32,116662,61
420,32,802,50
421,32,16014,42
422,32,151612,39
423,32,312015,47
424,32,1183,50
425,32,1453529,54
426,32,34834,42
427,32,491988,41
428,32,37904,40
429,32,3005,40
430,32,54550,45
431,32,5171,43
432,32,343810,61
433,32,659608,49
434,32,4282,52
435,32,23603,47
436,32,6834,43
437,32,2207680,68
438,32,20940,46
439,32,73763,40
440,32,8138,42
441,32,11563,43
442,32,2213,40
443,32,3659,42
444,32,7345,49
445,32,397612,46
446,32,7868,46
447,32,53350,48
448,32,35041,43
449,32,3186,45
450,32,173737,47
451,32,109803,44
452,32,24528,43
453,32,29896,67
454,32,516531,45
455,32,8881,42
456,32,84690,49
457,32,8909,43
458,32,34325,47
459,32,393306,46
460,32,8660,42
461,32,6049,44
462,32,132425,69
463,32,15845,46
464,32,17260,42
465,32,747900,71
466,32,1630,46
467,32,3004,41
468,32,1443008,59
469,32,603,55
470,32,5691,54
471,32,1163,45
472,32,57622,56
473,32,2860,41
474,32,14372,42
475,32,408957,53
476,32,36708,67
477,32,8583,43
478,32,136442,55
479,32,9878,42
480,32,730844,64
481,32,28799,45
482,32,90835,46
483,32,196427,43
484,32,463943,52
485,32,6086,43
486,32,12480,55
487,32,5745,48
488,32,3275,56
489,32,91999,50
490,32,295241,42
491,32,6263,48
492,32,6771,50
493,32,435579,59
494,32,15809,45
495,32,2649,56
496,32,3271,54
497,32,1011,48
498,32,405674,54
499,32,43769,57
500,32,16264,51
501,32,1358,50
502,32,8173,62
503,32,14710,43
504,32,123921,45
505,32,14573,57
506,32,33268,54
507,32,11784,59
508,32,11991,54
509,32,23343,44
510,32,4793,48
511,32,21700,45
512,32,5061,44
513,32,27867,53
514,32,1319,59
515,32,2330,49
516,32,11992,44
517,32,5016,44
518,32,8982,43
519,32,46218,43
520,32,1464,49
521,32,5703,43
522,32,207754,39
523,32,9585,43
524,32,156003,46
525,32,13972,40
526,32,28899,50
527,32,59190,44
528,32,383,45
529,32,1880,45
530,32,3829,40
531,32,5949,45
532,32,4444,40
533,32,6394,40
534,32,33735,44
535,32,1077,45
536,32,2551,45
537,32,12131,40
538,32,10173,40
539,32,2086,45
540,32,908,45
541,32,5635,40
542,32,14843,40
543,32,9044,50
544,32,4063,40
545,32,239,45
546,32,4958,40
547,32,623,45
548,32,716,45
549,32,10535,50
550,32,777,50
551,32,7582,45
552,32,2075,50
553,32,9976,40
554,32,1220,50
555,32,1574,45
556,32,123000,41
557,32,138,50
558,32,916,40
559,32,296,40
560,32,9749,45
561,32,2474,40
562,32,225,45
563,32,868,45
564,32,212,40
565,32,2824,40
566,32,349,45
567,32,2586,40
568,32,348,50
569,32,17911,51
570,32,153,45
571,32,21769,55
572,32,133,45
573,32,6758,45
574,32,7987,45
575,32,26125,55
576,32,1028,40
577,32,50,45
578,32,1562,45
579,32,298280,96
580,32,3166,45
581,32,467,45
582,32,245,45
583,32,129,45
584,32,830,40
585,32,3617,50
586,32,5653,58
587,32,57177,60
588,32,427,42
589,32,404,44
590,32,87047,45
591,32,53818,60
592,32,180216,65
593,32,376,45
594,32,607,49
595,32,1051,40
596,32,2382,40
597,32,303,45
598,32,1032,40
599,32,7312,45
600,32,191,45
601,32,153,40
602,32,40,45
603,32,177,45
604,32,561,40
605,32,1142,40
606,32,68,45
607,32,25,45
608,32,3800,45
1,33,70804,47
2,33,201274,48
3,33,52891,54
4,33,286476,54
5,33,64014,54
6,33,24883,43
7,33,65502,54
8,33,412887,50
10,33,6610,47
11,33,51701,45
12,33,80431,51
13,33,176752,79
14,33,75797,71
15,33,104738,54
16,33,145597,42
17,33,144168,52
18,33,335647,68
19,33,24286,44
20,33,27566,44
21,33,28196,64
22,33,718143,94
23,33,1242672,108
24,33,192499,43
25,33,594693,41
26,33,12811,43
27,33,256315,43
28,33,271418,41
29,33,28654,43
30,33,6445,42
31,33,407552,51
32,33,397030,39
34,33,22271,43
35,33,9153,46
36,33,5387,60
37,33,5949,47
38,33,13573,50
39,33,7157,46
40,33,1542308,62
41,33,2631,45
42,33,353228,51
43,33,1142073,65
44,33,16980,49
45,33,506467,65
46,33,22353,56
67,33,37627,48
68,33,10626,48
69,33,13756,46
70,33,104489,46
71,33,30624,47
72,33,279158,47
73,33,19715,41
74,33,27457,44
75,33,13385,42
76,33,69628,55
77,33,1437,53
78,33,9822,52
79,33,1283,54
80,33,195899,46
81,33,1736,47
82,33,34539,46
83,33,19248,49
84,33,38987,53
85,33,190128,57
86,33,51279,45
87,33,61324,62
111,33,29622,55
112,33,8855,47
113,33,685369,63
114,33,33242,50
115,33,1614628,64
116,33,937140,60
117,33,78163,55
118,33,233192,59
119,33,24417,50
120,33,8376,50
121,33,12885,52
122,33,2165196,111
123,33,21432,62
124,33,271559,71
125,33,269430,64
126,33,1194461,50
127,33,94496,51
128,33,7002,46
129,33,4295,49
130,33,2874,44
131,33,192479,42
132,33,36610,52
133,33,127196,77
134,33,83811,84
135,33,167473,45
136,33,664964,39
137,33,116285,42
138,33,225580,43
139,33,1394,44
140,33,293710,39
141,33,309336,45
142,33,359510,55
143,33,82710,49
144,33,2954,43
145,33,1628808,45
146,33,72706,42
147,33,193021,48
148,33,1286,49
149,33,243731,58
150,33,605522,64
151,33,835707,69
152,33,27701,63
153,33,8704,48
154,33,815452,49
155,33,219947,39
156,33,33729,50
157,33,84251,52
158,33,26159,43
159,33,2924,45
160,33,5923,43
161,33,10467,42
162,33,265470,48
163,33,2461,45
164,33,163553,59
165,33,5767,58
166,33,2785,44
167,33,123756,42
168,33,19286,47
169,33,7449,51
170,33,6001,50
171,33,439,60
172,33,497129,73
173,33,495,50
174,33,3004,43
175,33,119850,54
177,33,93386,64
190,33,376596,39
191,33,112786,44
192,33,150226,42
193,33,6368,44
194,33,3154,44
195,33,166746,44
196,33,70360,40
197,33,4056,43
198,33,13764,43
199,33,62554,50
200,33,1484,46
201,33,14315,44
202,33,80297,45
203,33,409,50
204,33,864,45
205,33,3004,43
206,33,3973,48
207,33,4519,47
208,33,29209,42
209,33,213786,43
210,33,22927,51
211,33,11446,58
212,33,9187,48
213,33,349485,50
214,33,5438,43
215,33,129535,45
216,33,25863,41
217,33,13590,42
218,33,45207,39
219,33,239074,51
220,33,539427,54
221,33,909879,54
222,33,33328,48
224,33,20040,51
225,33,66900,54
226,33,9596,43
227,33,54013,49
228,33,2284,47
229,33,1936,44
230,33,8133,43
231,33,9485,47
232,33,2034,46
233,33,524308,68
234,33,867157,91
235,33,34433,52
236,33,52769,57
237,33,7641,47
238,33,5234,49
239,33,94460,49
240,33,15323,41
241,33,59181,44
242,33,62384,48
243,33,66945,49
244,33,2488,44
245,33,1264220,55
246,33,1912419,66
247,33,2371798,68
248,33,2618,64
249,33,34964,53
250,33,41110,69
251,33,2233159,101
252,33,71082,55
253,33,2306111,132
254,33,158542,56
255,33,40160,55
256,33,95974,71
257,33,1103538,93
258,33,151975,54
259,33,31914,47
307,33,9285,43
308,33,3556,44
309,33,64745,50
310,33,72688,45
311,33,10622,45
312,33,211397,47
313,33,9257,44
314,33,12228,44
315,33,16298,43
316,33,6015,40
317,33,41132,58
318,33,21654,53
319,33,4707,48
320,33,5215,51
321,33,2070,47
322,33,77,50
323,33,126567,44
324,33,5130,47
325,33,3284,60
326,33,84057,61
327,33,140204,47
328,33,139591,43
329,33,37653,42
330,33,119799,48
331,33,38777,41
332,33,135999,42
333,33,19105,42
334,33,28847,40
335,33,422438,40
336,33,10504,42
337,33,2829,46
338,33,194745,51
339,33,148376,42
340,33,152246,44
341,33,308,55
342,33,2439,44
343,33,123307,53
344,33,9451,47
345,33,15586,51
346,33,7744,60
347,33,115384,46
348,33,28647,55
349,33,7865,56
350,33,292,55
393,33,1105423,65
399,33,19094,42
400,33,1058484,48
401,33,1031,44
402,33,36797,50
403,33,60635,42
404,33,1233,45
405,33,114666,43
406,33,362810,47
407,33,5084,42
408,33,11654,45
409,33,103847,43
410,33,97032,43
411,33,33127,48
412,33,14457,47
413,33,52650,42
414,33,14901,64
415,33,80140,68
416,33,4644,45
417,33,408463,68
418,33,5717,54
419,33,114833,61
420,33,802,50
441,33,11325,43
442,33,2203,40
443,33,3652,42
444,33,7298,49
447,33,53339,48
450,33,166997,47
451,33,110415,44
452,33,30200,43
453,33,29904,67
457,33,8894,43
458,33,34599,47
459,33,388665,46
461,33,6074,44
462,33,131710,68
463,33,15376,46
464,33,17954,42
465,33,691594,70
468,33,1501921,59
469,33,603,55
470,33,5689,54
471,33,1142,45
472,33,57599,56
473,33,3056,41
477,33,8564,43
479,33,9809,42
482,33,101557,46
484,33,509635,52
485,33,6157,43
486,33,12484,55
488,33,3341,56
489,33,92459,50
490,33,294441,42
491,33,6306,48
492,33,6783,50
493,33,593356,59
494,33,16357,45
495,33,2690,56
496,33,3271,54
498,33,384010,54
499,33,43812,57
501,33,1358,50
502,33,8192,62
505,33,14269,57
506,33,32796,54
507,33,14496,59
508,33,12569,54
514,33,1321,59
515,33,2335,48
516,33,12065,44
518,33,9072,43
522,33,200219,39
526,33,33543,50
527,33,59328,44
528,33,384,45
530,33,3818,40
531,33,5046,45
532,33,4396,40
533,33,6424,40
534,33,61924,44
539,33,2144,45
542,33,14752,40
543,33,8612,50
545,33,245,45
546,33,5035,40
547,33,596,45
548,33,779,45
550,33,783,50
552,33,2154,50
553,33,9984,40
556,33,132431,41
557,33,142,50
558,33,911,40
560,33,9736,45
562,33,232,45
563,33,892,45
564,33,207,40
565,33,2852,40
566,33,370,45
569,33,16372,51
570,33,150,45
571,33,29610,55
574,33,9410,45
576,33,978,40
577,33,57,45
579,33,259021,95
580,33,4464,45
581,33,490,45
583,33,176,45
584,33,801,40
585,33,6920,50
586,33,5432,58
587,33,69726,60
588,33,512,41
590,33,75868,45
591,33,166716,61
592,33,131690,65
595,33,1083,40
597,33,300,45
598,33,997,40
599,33,7397,45
600,33,207,45
601,33,158,40
605,33,1130,40
606,33,73,45
607,33,36,45
609,33,0,40
1,34,70833,47
2,34,209355,49
3,34,48974,54
4,34,285646,53
5,34,68097,54
6,34,24852,43
7,34,68088,54
8,34,425846,50
9,34,57616,42
10,34,6684,47
11,34,51650,45
12,34,74346,51
13,34,168078,79
14,34,90435,71
15,34,99400,54
16,34,144788,42
17,34,141010,52
18,34,318878,68
19,34,24270,44
20,34,27453,44
21,34,28171,64
22,34,712627,94
23,34,1194216,109
24,34,187470,43
25,34,556661,41
26,34,12730,43
27,34,250074,43
28,34,242947,41
29,34,28106,43
30,34,6417,42
31,34,385270,51
32,34,390392,39
33,34,11532,49
34,34,22210,43
35,34,9004,46
36,34,5339,60
37,34,5922,47
38,34,13517,50
39,34,7144,46
40,34,1402509,63
41,34,2646,45
42,34,304288,51
43,34,1016710,66
44,34,16484,49
45,34,439324,66
46,34,22322,56
47,34,358894,44
48,34,265521,44
49,34,694170,48
50,34,18310,44
51,34,9136,44
52,34,260786,38
53,34,109648,38
54,34,6305,42
55,34,76337,52
56,34,200895,43
57,34,19011,44
58,34,45359,48
59,34,92072,67
60,34,18500,48
61,34,5460,59
62,34,350086,63
63,34,4042,49
64,34,18977,45
65,34,19493,53
66,34,12061,50
67,34,36097,48
68,34,10632,48
69,34,13856,46
70,34,103748,46
71,34,30648,47
72,34,280038,47
73,34,19664,41
74,34,27201,44
75,34,11344,42
76,34,68397,55
77,34,1429,53
78,34,9673,52
79,34,1284,54
80,34,213373,46
81,34,1671,47
82,34,33497,46
83,34,19118,49
84,34,38650,53
85,34,165845,57
86,34,51197,45
87,34,76045,62
88,34,700394,47
89,34,5629,42
90,34,25607,47
91,34,119504,45
92,34,30891,44
93,34,170191,38
94,34,26507,44
95,34,252799,39
96,34,32791,39
97,34,1971,40
98,34,4878,46
99,34,8559,50
100,34,1792,48
101,34,25145,49
102,34,44328,44
103,34,3848,44
104,34,4318,43
105,34,12987,43
106,34,14893,48
107,34,36714,46
108,34,7511,45
109,34,58222,44
110,34,62910,52
111,34,29613,55
112,34,8658,47
113,34,639822,64
114,34,33266,50
115,34,1539182,63
116,34,834045,60
117,34,78048,55
118,34,223944,59
119,34,24234,50
120,34,8409,50
121,34,12228,52
122,34,1928321,111
123,34,21410,62
124,34,253504,71
125,34,235834,63
126,34,1156633,50
127,34,90524,51
128,34,7017,46
129,34,4292,49
130,34,2860,44
131,34,190038,42
132,34,38739,52
133,34,120926,77
134,34,83654,84
135,34,162432,44
136,34,649418,39
137,34,108447,42
138,34,204715,43
139,34,1338,44
140,34,293833,39
141,34,284275,45
142,34,342379,55
143,34,81288,49
144,34,2959,43
145,34,1547779,45
146,34,67651,42
147,34,177789,48
148,34,1260,49
149,34,221085,58
150,34,568198,64
151,34,794047,69
152,34,27591,63
153,34,8683,48
154,34,829436,49
155,34,214761,39
156,34,33762,50
157,34,94286,52
158,34,33248,43
159,34,2925,45
160,34,5896,43
161,34,10375,42
162,34,254862,48
163,34,2455,45
164,34,162663,59
165,34,5763,58
166,34,2770,44
167,34,119065,42
168,34,19395,47
169,34,7445,51
170,34,5912,49
171,34,439,60
172,34,504909,74
173,34,495,50
174,34,2976,43
175,34,125871,54
176,34,26938,50
177,34,93237,64
178,34,17180,43
179,34,164048,40
180,34,8858,42
181,34,7231,44
182,34,26698,46
183,34,15083,42
184,34,117857,60
185,34,2901,50
186,34,5759,43
187,34,2916,43
188,34,7792,44
189,34,347881,45
190,34,348473,39
191,34,105717,44
192,34,141135,42
193,34,6168,44
194,34,3148,44
195,34,162580,44
196,34,70107,40
197,34,3977,43
198,34,13376,43
199,34,62634,50
200,34,1482,46
201,34,13773,44
202,34,73730,45
203,34,410,50
204,34,862,45
205,34,2941,43
206,34,3762,48
207,34,4506,47
208,34,26313,42
209,34,210357,43
210,34,22625,51
211,34,10891,58
212,34,8616,48
213,34,325818,50
214,34,5423,43
215,34,129499,46
216,34,25757,41
217,34,13519,42
218,34,44965,39
219,34,216276,51
220,34,533909,54
221,34,852100,54
222,34,29992,48
223,34,113390,82
224,34,19896,51
225,34,63057,54
226,34,9566,43
227,34,52463,49
228,34,2277,47
229,34,1941,44
230,34,7930,43
231,34,9464,47
232,34,2027,46
233,34,482126,69
234,34,890784,92
235,34,34400,52
236,34,52434,57
237,34,7647,47
238,34,5233,49
239,34,94308,49
240,34,15328,41
241,34,51933,44
242,34,62367,48
243,34,61277,49
244,34,2484,44
245,34,1248863,55
246,34,1882663,66
247,34,2308610,68
248,34,2629,64
249,34,36465,53
250,34,40871,69
251,34,2097946,101
252,34,68964,55
253,34,2179177,132
254,34,156967,56
255,34,39929,55
256,34,97127,71
257,34,1072739,93
258,34,153829,54
259,34,30324,47
260,34,1364728,56
261,34,6735,48
262,34,293532,52
263,34,69975,52
264,34,184222,60
265,34,711951,64
266,34,42907,50
267,34,373758,61
268,34,746766,60
269,34,15936,53
270,34,1217879,115
271,34,287856,85
272,34,188351,53
273,34,257530,97
274,34,150078,55
275,34,462659,93
276,34,502985,76
277,34,8052,45
278,34,2470,47
279,34,11919,47
280,34,2319681,117
281,34,103466,99
282,34,1031715,57
283,34,4485,49
284,34,88303,56
285,34,34019,51
286,34,404609,50
287,34,4921,49
288,34,41379,64
289,34,10999,46
290,34,557,50
291,34,82426,50
292,34,388715,50
293,34,107676,57
294,34,12056,53
295,34,72869,100
296,34,41983,50
297,34,60118,61
298,34,26839,48
299,34,32966,50
300,34,176277,67
301,34,250538,72
302,34,2208829,87
303,34,61679,42
304,34,73088,53
305,34,1478011,74
306,34,278674,108
307,34,9249,43
308,34,3521,44
309,34,56217,50
310,34,66271,45
311,34,10572,45
312,34,198747,47
313,34,8730,44
314,34,7023,44
315,34,15633,43
316,34,5997,40
317,34,36548,58
318,34,21599,53
319,34,4480,48
320,34,5109,51
321,34,2060,47
322,34,78,50
323,34,107020,44
324,34,5114,47
325,34,3289,60
326,34,78242,61
327,34,137954,47
328,34,136015,43
329,34,37676,42
330,34,124482,48
331,34,44791,41
332,34,134804,42
333,34,18599,42
334,34,28743,40
335,34,426564,40
336,34,10449,42
337,34,2821,46
338,34,228790,51
339,34,143726,42
340,34,175237,44
341,34,309,55
342,34,2438,44
343,34,131924,53
344,34,9424,47
345,34,15109,51
346,34,7734,60
347,34,127155,46
348,34,27977,55
349,34,7846,56
350,34,294,55
351,34,378125,54
352,34,5551,47
353,34,233006,60
354,34,70816,58
355,34,268991,59
356,34,104039,56
357,34,1017223,60
358,34,40545,42
359,34,101264,58
360,34,33035,57
361,34,59650,47
362,34,43565,49
363,34,22137,59
364,34,518583,93
365,34,150536,88
366,34,2642,49
367,34,1327447,87
368,34,9978,55
369,34,21805,49
370,34,353617,67
371,34,51134,51
372,34,878129,126
373,34,16367,42
374,34,3421,43
375,34,5372,42
376,34,137636,45
377,34,3641,42
378,34,588546,48
379,34,2427,43
380,34,16329,44
381,34,18908,49
382,34,42870,42
383,34,48064,42
384,34,2811,42
385,34,3074,42
386,34,4088,43
387,34,6015,44
388,34,1570,50
389,34,29500,48
390,34,135715,59
391,34,544363,60
392,34,37508,49
393,34,1085529,65
394,34,323374,57
395,34,34606,59
396,34,375339,59
397,34,3397,50
398,34,23607,44
399,34,18910,42
400,34,961474,48
401,34,1046,44
402,34,35815,50
403,34,55384,42
404,34,1233,45
405,34,111887,43
406,34,307932,46
407,34,5069,42
408,34,11283,45
409,34,87334,43
410,34,93533,43
411,34,30152,48
412,34,14159,47
413,34,51252,42
414,34,10265,64
415,34,70648,68
416,34,4628,45
417,34,392218,68
418,34,5457,54
419,34,105790,61
420,34,802,50
421,34,15408,42
422,34,137739,39
423,34,297608,47
424,34,1182,50
425,34,1423320,53
426,34,28752,42
427,34,503770,41
428,34,37697,40
429,34,2996,40
430,34,51061,45
431,34,5189,43
432,34,404925,61
433,34,639234,49
434,34,4225,52
435,34,22915,46
436,34,6780,43
437,34,2187853,68
438,34,20714,46
439,34,72569,40
440,34,8655,42
441,34,11185,43
442,34,2200,40
443,34,3643,42
444,34,7140,49
445,34,455853,46
446,34,7366,46
447,34,53217,48
448,34,32203,43
449,34,3165,45
450,34,165406,47
451,34,108120,44
452,34,47977,43
453,34,29848,67
454,34,502919,45
455,34,8779,42
456,34,83597,49
457,34,8872,43
458,34,33834,47
459,34,377975,46
460,34,8475,42
461,34,5992,44
462,34,130604,68
463,34,15853,46
464,34,16755,42
465,34,599034,70
466,34,2013,46
467,34,2959,41
468,34,1463770,59
469,34,604,55
470,34,5685,54
471,34,1114,45
472,34,57489,56
473,34,2890,41
474,34,14228,42
475,34,355140,52
476,34,37620,67
477,34,8534,43
478,34,134555,55
479,34,9011,42
480,34,672064,63
481,34,22614,45
482,34,88266,46
483,34,181643,43
484,34,534468,53
485,34,6093,43
486,34,12270,55
487,34,5717,47
488,34,3318,56
489,34,75631,50
490,34,289019,42
491,34,6338,48
492,34,6748,50
493,34,469324,60
494,34,16270,45
495,34,2667,56
496,34,3268,54
497,34,1010,48
498,34,333569,54
499,34,43606,57
500,34,16117,51
501,34,1359,50
502,34,8197,62
503,34,15761,43
504,34,196623,45
505,34,13988,57
506,34,32458,54
507,34,15169,59
508,34,12711,54
509,34,21954,44
510,34,4793,48
511,34,21665,45
512,34,4983,44
513,34,27188,53
514,34,1331,59
515,34,2384,48
516,34,11834,44
517,34,4816,44
518,34,8945,43
519,34,38341,43
520,34,1500,48
521,34,5654,43
522,34,193525,39
523,34,9053,43
524,34,141919,46
525,34,13857,40
526,34,40058,50
527,34,57601,44
528,34,380,45
529,34,1931,45
530,34,3786,40
531,34,4323,45
532,34,4351,40
533,34,6184,40
534,34,51793,44
535,34,1078,45
536,34,2573,45
537,34,11792,40
538,34,9842,40
539,34,1914,45
540,34,883,45
541,34,5483,40
542,34,14458,40
543,34,8027,50
544,34,3914,40
545,34,241,45
546,34,5053,40
547,34,588,45
548,34,726,45
549,34,10375,50
550,34,769,50
551,34,7198,45
552,34,2188,50
553,34,9742,40
554,34,1144,50
555,34,1546,45
556,34,207968,41
557,34,142,50
558,34,902,40
559,34,294,40
560,34,9647,45
561,34,2435,40
562,34,230,45
563,34,888,45
564,34,206,40
565,34,2824,40
566,34,371,45
567,34,2677,40
568,34,372,50
569,34,14071,50
570,34,152,45
571,34,20027,55
572,34,133,45
573,34,6403,45
574,34,9417,45
575,34,22890,55
576,34,958,40
577,34,57,45
578,34,1557,45
579,34,147033,93
580,34,3729,45
581,34,497,45
582,34,289,45
583,34,146,45
584,34,772,40
585,34,8432,50
586,34,5176,57
587,34,52523,60
588,34,474,41
589,34,400,44
590,34,66483,45
591,34,169005,61
592,34,91267,65
593,34,364,45
594,34,546,48
595,34,1089,40
596,34,2465,40
597,34,328,45
598,34,965,40
599,34,7280,45
600,34,188,45
601,34,151,40
602,34,54,45
603,34,164,45
604,34,694,40
605,34,1113,40
606,34,74,45
607,34,30,45
608,34,3414,45
609,34,131,40
610,34,0,40
611,34,0,40
612,34,0,45
1,35,71001,47
2,35,263807,49
3,35,80862,54
4,35,284484,53
5,35,115187,54
6,35,24812,43
7,35,104227,54
8,35,475037,50
9,35,58090,42
10,35,6886,47
11,35,51654,45
12,35,70516,51
13,35,169726,79
14,35,82209,71
15,35,103674,54
16,35,143359,42
17,35,140929,52
18,35,341615,67
19,35,24247,44
20,35,28221,44
21,35,28140,64
22,35,785684,94
23,35,1319020,109
24,35,182687,43
25,35,551056,41
26,35,12621,43
27,35,259326,43
28,35,222202,41
29,35,29545,43
30,35,6376,42
31,35,390270,51
32,35,383433,39
33,35,11387,49
34,35,22116,43
35,35,8792,46
36,35,5582,60
37,35,6495,47
38,35,13445,50
39,35,7127,46
40,35,1415006,63
41,35,2660,45
42,35,308311,51
43,35,1132556,67
44,35,16024,49
45,35,385150,65
46,35,22291,56
47,35,328771,44
48,35,240864,44
49,35,619662,48
50,35,18068,44
51,35,8909,44
52,35,266463,38
53,35,114865,38
54,35,6278,42
55,35,37618,52
56,35,197045,43
57,35,18320,44
58,35,43473,47
59,35,91411,67
60,35,16476,48
61,35,5458,59
62,35,249279,63
63,35,4036,49
64,35,18978,45
65,35,18791,53
66,35,11651,50
67,35,33381,48
68,35,10647,48
69,35,14047,46
70,35,101850,46
71,35,30586,47
72,35,275060,47
73,35,19547,41
74,35,28379,44
75,35,9810,42
76,35,65854,55
77,35,1435,53
78,35,9521,52
79,35,1276,54
80,35,191699,46
81,35,1658,47
82,35,31888,46
83,35,18996,49
84,35,38193,53
85,35,126780,56
86,35,51060,45
87,35,77700,63
88,35,657938,46
89,35,5551,42
90,35,24920,47
91,35,108032,45
92,35,27131,44
93,35,173619,38
94,35,25940,44
95,35,250650,39
96,35,33199,39
97,35,1979,40
98,35,4838,46
99,35,7436,50
100,35,1880,48
101,35,23013,48
102,35,40207,44
103,35,3842,44
104,35,4257,43
105,35,12795,43
106,35,14114,48
107,35,35006,46
108,35,7507,45
109,35,58033,44
110,35,57785,52
111,35,29603,55
112,35,8513,47
113,35,628985,64
114,35,33306,50
115,35,1468024,63
116,35,801445,59
117,35,77880,55
118,35,201813,59
119,35,24932,50
120,35,8443,50
121,35,13306,52
122,35,1667434,110
123,35,21393,62
124,35,246187,71
125,35,215300,62
126,35,1105728,50
127,35,86693,50
128,35,7045,46
129,35,4289,49
130,35,2834,44
131,35,187846,42
132,35,41746,52
133,35,118481,77
134,35,83474,84
135,35,158289,44
136,35,636113,39
137,35,112091,42
138,35,173199,43
139,35,1416,44
140,35,296943,39
141,35,222608,45
142,35,334359,55
143,35,79313,49
144,35,2957,43
145,35,1525617,45
146,35,62284,42
147,35,162281,48
148,35,1280,49
149,35,195717,57
150,35,529217,64
151,35,761472,68
152,35,27640,63
153,35,8661,48
154,35,813195,49
155,35,213860,39
156,35,33739,50
157,35,90759,52
158,35,35804,43
159,35,2923,45
160,35,5874,43
161,35,10233,42
162,35,240832,48
163,35,2452,45
164,35,160959,59
165,35,5770,58
166,35,2739,44
167,35,113717,42
168,35,19064,47
169,35,7395,50
170,35,5783,49
171,35,442,60
172,35,401569,73
173,35,497,50
174,35,2956,43
175,35,114987,54
176,35,24770,50
177,35,92968,64
178,35,16878,42
179,35,154425,40
180,35,8780,42
181,35,7135,44
182,35,27361,46
183,35,14607,42
184,35,117379,60
185,35,2893,50
186,35,5565,43
187,35,2895,43
188,35,7757,44
189,35,339003,45
190,35,357787,39
191,35,99383,44
192,35,135054,42
193,35,6096,44
194,35,3154,44
195,35,157553,44
196,35,69649,40
197,35,3938,43
198,35,13047,43
199,35,62060,50
200,35,1478,46
201,35,13403,44
202,35,69031,45
203,35,409,50
204,35,871,45
205,35,2901,43
206,35,3636,48
207,35,4492,47
208,35,24460,42
209,35,212964,43
210,35,22174,51
211,35,10586,58
212,35,8316,48
213,35,311979,50
214,35,5400,43
215,35,123829,46
216,35,25651,41
217,35,13411,42
218,35,44599,39
219,35,193062,51
220,35,527821,54
221,35,761989,54
222,35,27064,48
223,35,111959,82
224,35,19869,51
225,35,57510,54
226,35,9537,43
227,35,49837,49
228,35,2269,47
229,35,1920,44
230,35,7657,43
231,35,9423,47
232,35,2019,46
233,35,370085,68
234,35,597135,90
235,35,34237,52
236,35,52089,57
237,35,7667,47
238,35,5231,49
239,35,93573,49
240,35,15342,41
241,35,46273,44
242,35,62787,48
243,35,63519,49
244,35,2483,44
245,35,1299583,55
246,35,1909559,66
247,35,2287253,68
248,35,2646,64
249,35,38703,53
250,35,40695,69
251,35,2072656,100
252,35,66190,55
253,35,2151538,132
254,35,154322,56
255,35,39887,55
256,35,97473,71
257,35,1062400,93
258,35,196623,54
259,35,28867,47
260,35,1353189,56
261,35,6739,48
262,35,293871,52
263,35,70760,52
264,35,178837,60
265,35,721988,64
266,35,41091,49
267,35,383798,61
268,35,814357,61
269,35,15989,53
270,35,1420103,116
271,35,278126,85
272,35,186915,53
273,35,372207,97
274,35,147824,55
275,35,460313,93
276,35,513928,76
277,35,8035,45
278,35,2460,47
279,35,9381,47
280,35,2454409,118
281,35,103482,99
282,35,1028432,57
283,35,4543,49
284,35,91989,56
285,35,35407,51
286,35,354892,50
287,35,5136,49
288,35,41295,64
289,35,11095,46
290,35,564,50
291,35,82097,50
292,35,363318,50
293,35,106782,57
294,35,13323,53
295,35,73192,100
296,35,41433,50
297,35,60492,61
298,35,26753,48
299,35,29781,50
300,35,174980,67
301,35,257798,72
302,35,2243641,87
303,35,65723,42
304,35,73757,53
305,35,1511217,74
306,35,268734,108
307,35,9208,43
308,35,3520,44
309,35,57324,50
310,35,62971,45
311,35,10538,45
312,35,201867,47
313,35,9557,44
314,35,4823,44
315,35,15479,43
316,35,5977,40
317,35,35123,58
318,35,21552,53
319,35,4409,48
320,35,5025,51
321,35,2052,47
322,35,78,50
323,35,89844,43
324,35,5133,47
325,35,3293,60
326,35,85775,61
327,35,135998,47
328,35,131019,43
329,35,37742,42
330,35,139750,48
331,35,95795,41
332,35,133063,42
333,35,18279,42
334,35,28606,40
335,35,454301,40
336,35,10357,42
337,35,2807,46
338,35,227257,51
339,35,141323,42
340,35,188912,44
341,35,310,55
342,35,2891,44
343,35,304503,54
344,35,9369,47
345,35,14628,51
346,35,7769,60
347,35,179668,46
348,35,27035,55
349,35,7816,56
350,35,295,55
351,35,395439,54
352,35,5559,47
353,35,235637,60
354,35,73419,58
355,35,283085,59
356,35,110320,56
357,35,1027921,60
358,35,44500,42
359,35,103045,58
360,35,32872,57
361,35,59134,47
362,35,43458,49
363,35,21539,59
364,35,538604,93
365,35,149813,88
366,35,5855,49
367,35,1499356,88
368,35,9392,55
369,35,21192,49
370,35,599229,68
371,35,90756,51
372,35,805903,126
373,35,16458,42
374,35,3440,43
375,35,5347,42
376,35,267130,45
377,35,3663,42
378,35,514016,48
379,35,2486,43
380,35,18516,44
381,35,27369,49
382,35,43434,42
383,35,88632,42
384,35,2797,42
385,35,3100,42
386,35,11198,43
387,35,6009,44
388,35,1466,50
389,35,32548,48
390,35,251185,60
391,35,533662,60
392,35,51092,49
393,35,966425,64
394,35,304613,56
395,35,185522,59
396,35,261835,59
397,35,3385,50
398,35,23287,44
399,35,18807,42
400,35,910849,47
401,35,1072,44
402,35,34333,50
403,35,52290,42
404,35,1231,45
405,35,110296,43
406,35,281318,45
407,35,5052,42
408,35,11055,45
409,35,77911,42
410,35,90595,42
411,35,27214,48
412,35,13918,47
413,35,50295,42
414,35,6744,64
415,35,64935,68
416,35,4612,45
417,35,378964,68
418,35,5326,54
419,35,98106,61
420,35,803,50
421,35,15253,42
422,35,138228,39
423,35,406709,47
424,35,1181,50
425,35,1470167,53
426,35,28308,42
427,35,501914,41
428,35,37433,40
429,35,2991,40
430,35,56692,45
431,35,5234,43
432,35,485094,62
433,35,636921,49
434,35,4209,52
435,35,22884,46
436,35,6722,43
437,35,2380155,69
438,35,20540,46
439,35,73613,39
440,35,8544,42
441,35,11062,43
442,35,2193,40
443,35,3657,42
444,35,7056,49
445,35,595031,46
446,35,7111,46
447,35,53102,48
448,35,31026,43
449,35,3163,45
450,35,165030,47
451,35,105925,44
452,35,64732,43
453,35,29813,67
454,35,518223,45
455,35,8792,42
456,35,82909,49
457,35,8852,43
458,35,33275,47
459,35,367053,46
460,35,8391,42
461,35,5944,44
462,35,129542,68
463,35,17199,46
464,35,16614,42
465,35,558237,69
466,35,1831,46
467,35,2951,41
468,35,1461026,59
469,35,607,55
470,35,5685,54
471,35,1094,45
472,35,57372,56
473,35,2725,41
474,35,14154,42
475,35,357451,52
476,35,37153,67
477,35,8482,43
478,35,133130,55
479,35,8143,42
480,35,659146,63
481,35,20982,45
482,35,88249,46
483,35,189383,43
484,35,495532,53
485,35,6074,43
486,35,12208,55
487,35,5685,47
488,35,3328,56
489,35,62996,50
490,35,283333,42
491,35,6309,48
492,35,6689,50
493,35,404554,59
494,35,16243,45
495,35,2647,56
496,35,3267,54
497,35,1008,48
498,35,323616,54
499,35,43420,57
500,35,16082,51
501,35,1359,50
502,35,8074,62
503,35,14301,43
504,35,149383,44
505,35,13770,57
506,35,32090,54
507,35,14209,59
508,35,11407,54
509,35,22024,44
510,35,4960,48
511,35,21594,45
512,35,4943,44
513,35,26913,53
514,35,1332,59
515,35,2383,48
516,35,11590,44
517,35,4589,44
518,35,8917,43
519,35,37818,43
520,35,1523,48
521,35,5618,43
522,35,191054,39
523,35,8935,43
524,35,145920,45
525,35,13750,40
526,35,43795,50
527,35,55671,44
528,35,380,45
529,35,1947,45
530,35,3750,40
531,35,3586,45
532,35,4295,40
533,35,6083,40
534,35,47258,44
535,35,1059,45
536,35,2596,45
537,35,11669,40
538,35,9808,40
539,35,1839,45
540,35,905,45
541,35,5535,40
542,35,14162,40
543,35,7547,50
544,35,3824,40
545,35,241,45
546,35,5173,40
547,35,576,45
548,35,724,45
549,35,10631,50
550,35,751,50
551,35,7160,45
552,35,2234,50
553,35,9634,40
554,35,1102,50
555,35,1570,45
556,35,234303,41
557,35,141,50
558,35,895,40
559,35,296,40
560,35,9578,45
561,35,2620,40
562,35,235,45
563,35,912,45
564,35,210,40
565,35,2961,40
566,35,373,45
567,35,2841,40
568,35,382,50
569,35,11720,49
570,35,154,45
571,35,12576,55
572,35,142,45
573,35,6283,45
574,35,9495,45
575,35,34568,55
576,35,981,40
577,35,55,45
578,35,1552,45
579,35,103338,91
580,35,4040,45
581,35,521,45
582,35,307,45
583,35,140,45
584,35,792,40
585,35,7619,50
586,35,4745,57
587,35,40205,60
588,35,475,41
589,35,392,44
590,35,58780,44
591,35,111011,61
592,35,62231,64
593,35,352,45
594,35,463,48
595,35,1235,40
596,35,2861,40
597,35,339,45
598,35,1028,40
599,35,7322,45
600,35,191,45
601,35,186,40
602,35,76,45
603,35,197,45
604,35,820,40
605,35,1248,40
606,35,77,45
607,35,32,45
608,35,4155,45
609,35,360,40
610,35,8670,40
611,35,10447,40
612,35,36,45
613,35,0,45
614,35,0,45
1,36,70940,47
2,36,246862,49
3,36,69896,54
4,36,283644,53
5,36,95421,54
6,36,24800,43
7,36,89547,54
8,36,425058,50
9,36,63253,42
10,36,6890,47
11,36,51570,45
12,36,71526,51
13,36,166225,79
14,36,65209,71
15,36,97844,54
16,36,143084,42
17,36,139857,52
18,36,308815,67
19,36,24231,44
20,36,27868,44
21,36,28117,64
22,36,728855,94
23,36,1149854,109
24,36,180896,43
25,36,554315,41
26,36,12563,43
27,36,259983,43
28,36,215900,41
29,36,28003,43
30,36,6346,42
31,36,383637,51
32,36,382689,39
33,36,11301,49
34,36,22058,43
35,36,8711,46
36,36,5370,60
37,36,6514,47
38,36,13463,50
39,36,7119,46
40,36,1402672,63
41,36,2671,44
42,36,307868,51
43,36,1140839,67
44,36,15967,49
45,36,367754,65
46,36,22259,56
47,36,332077,44
48,36,239476,44
49,36,608762,48
50,36,18461,44
51,36,8920,44
52,36,267058,38
53,36,114828,38
54,36,6241,42
55,36,35630,52
56,36,196097,43
57,36,18135,44
58,36,42595,47
59,36,91429,67
60,36,13566,48
61,36,5486,59
62,36,218266,62
63,36,4031,49
64,36,18963,45
65,36,18422,53
66,36,11548,50
67,36,33146,48
68,36,10679,48
69,36,14041,46
70,36,101822,46
71,36,30604,47
72,36,275217,47
73,36,19537,41
74,36,28562,44
75,36,9425,42
76,36,65233,55
77,36,1447,53
78,36,9730,52
79,36,1282,54
80,36,192278,46
81,36,1662,47
82,36,31575,46
83,36,18901,49
84,36,37918,53
85,36,131378,56
86,36,50969,45
87,36,83533,63
88,36,666802,46
89,36,5554,42
90,36,28436,47
91,36,103378,44
92,36,28302,44
93,36,173650,38
94,36,26126,44
95,36,255174,39
96,36,33376,39
97,36,1989,40
98,36,4776,46
99,36,7738,50
100,36,2228,48
101,36,22213,48
102,36,39618,44
103,36,3834,44
104,36,4227,43
105,36,12751,43
106,36,13984,48
107,36,35325,46
108,36,7495,45
109,36,58223,44
110,36,57421,52
111,36,29589,55
112,36,8546,47
113,36,620375,64
114,36,33356,50
115,36,1401657,63
116,36,751286,59
117,36,77753,55
118,36,194370,59
119,36,24824,50
120,36,8479,50
121,36,13259,52
122,36,1619525,109
123,36,21373,62
124,36,242015,71
125,36,209424,62
126,36,1070625,50
127,36,85330,50
128,36,7052,46
129,36,4288,49
130,36,2815,44
131,36,164598,42
132,36,45796,52
133,36,117978,77
134,36,83301,84
135,36,157117,44
136,36,637209,39
137,36,125344,42
138,36,163065,43
139,36,2172,44
140,36,301076,39
141,36,192388,44
142,36,342803,55
143,36,78255,49
144,36,2969,43
145,36,1574809,45
146,36,61088,42
147,36,175540,48
148,36,1318,49
149,36,190776,57
150,36,606225,64
151,36,843133,68
152,36,32938,63
153,36,8636,48
154,36,831097,49
155,36,214325,39
156,36,33807,50
157,36,98989,52
158,36,38223,43
159,36,2920,45
160,36,5857,43
161,36,10231,42
162,36,257553,48
163,36,2447,45
164,36,161043,59
165,36,5774,58
166,36,2750,44
167,36,113612,42
168,36,19920,47
169,36,7424,50
170,36,5766,49
171,36,441,60
172,36,485834,73
173,36,494,50
174,36,2936,43
175,36,134596,54
176,36,25878,50
177,36,92888,64
178,36,16734,42
179,36,153179,40
180,36,11275,42
181,36,7421,44
182,36,27477,46
183,36,14501,42
184,36,118097,60
185,36,2886,50
186,36,5622,42
187,36,2892,43
188,36,7740,44
189,36,335544,45
190,36,352311,39
191,36,98514,44
192,36,133637,42
193,36,6128,44
194,36,3155,44
195,36,155778,44
196,36,69336,40
197,36,3901,43
198,36,12971,43
199,36,61946,50
200,36,1473,46
201,36,13274,44
202,36,68014,45
203,36,410,50
204,36,870,45
205,36,2895,43
206,36,3635,48
207,36,4486,47
208,36,24028,42
209,36,219472,43
210,36,21905,51
211,36,10625,58
212,36,8521,48
213,36,306973,50
214,36,5396,43
215,36,117266,46
216,36,25601,41
217,36,13388,42
218,36,44380,39
219,36,188402,50
220,36,525329,54
221,36,718510,54
222,36,26440,48
223,36,110912,82
224,36,19892,51
225,36,56096,54
226,36,9518,43
227,36,49458,49
228,36,2260,47
229,36,1923,44
230,36,7573,43
231,36,9400,47
232,36,2016,46
233,36,344470,67
234,36,612205,90
235,36,34129,52
236,36,52040,57
237,36,7679,47
238,36,5228,49
239,36,92936,49
240,36,15309,41
241,36,41761,44
242,36,63597,48
243,36,80287,49
244,36,2478,44
245,36,1439917,56
246,36,1964467,67
247,36,2316050,68
248,36,2699,64
249,36,42380,53
250,36,40606,69
251,36,2255434,101
252,36,72059,55
253,36,2234076,132
254,36,155764,56
255,36,38630,55
256,36,98566,71
257,36,1176655,94
258,36,195688,54
259,36,28792,47
260,36,1401395,56
261,36,6729,48
262,36,298078,52
263,36,71732,52
264,36,172334,60
265,36,737189,64
266,36,39778,49
267,36,378618,61
268,36,910306,62
269,36,15980,53
270,36,1451610,116
271,36,271022,85
272,36,185410,53
273,36,243268,97
274,36,142887,55
275,36,457775,93
276,36,656235,76
277,36,11745,45
278,36,2454,47
279,36,10620,47
280,36,2535684,118
281,36,100067,99
282,36,1006575,57
283,36,4579,49
284,36,88771,56
285,36,34068,51
286,36,355402,50
287,36,5071,49
288,36,41234,64
289,36,11150,46
290,36,558,50
291,36,81867,50
292,36,327893,49
293,36,103885,57
294,36,11603,53
295,36,73216,100
296,36,41433,50
297,36,60136,61
298,36,26683,48
299,36,28799,50
300,36,172122,67
301,36,234727,72
302,36,1992633,86
303,36,63879,42
304,36,73613,53
305,36,1427717,74
306,36,255844,108
307,36,9188,43
308,36,3525,44
309,36,58920,50
310,36,62118,45
311,36,10530,45
312,36,200072,47
313,36,10383,44
314,36,4235,44
315,36,15780,43
316,36,5964,40
317,36,37344,58
318,36,21543,53
319,36,4418,48
320,36,5029,51
321,36,2039,47
322,36,78,50
323,36,90155,43
324,36,5189,47
325,36,3296,60
326,36,173237,62
327,36,135410,47
328,36,128379,43
329,36,37647,42
330,36,134988,48
331,36,96285,41
332,36,132182,42
333,36,18153,42
334,36,28514,40
335,36,459330,40
336,36,10296,42
337,36,2796,46
338,36,215189,51
339,36,143524,42
340,36,189193,44
341,36,312,55
342,36,2798,44
343,36,306094,54
344,36,9779,47
345,36,14438,51
346,36,7775,60
347,36,186703,46
348,36,26719,55
349,36,7791,56
350,36,294,55
351,36,393877,54
352,36,5582,47
353,36,239157,60
354,36,74779,58
355,36,286994,59
356,36,109761,56
357,36,1019096,60
358,36,43380,42
359,36,102578,58
360,36,32768,57
361,36,59413,47
362,36,43385,49
363,36,21316,59
364,36,528506,93
365,36,151376,88
366,36,6017,49
367,36,1548756,89
368,36,8822,55
369,36,18463,49
370,36,626156,68
371,36,102923,51
372,36,794177,126
373,36,16358,42
374,36,3435,43
375,36,5331,42
376,36,240888,45
377,36,3639,42
378,36,500748,48
379,36,2467,43
380,36,17888,44
381,36,25460,49
382,36,42124,42
383,36,82666,42
384,36,2780,42
385,36,3081,42
386,36,10208,43
387,36,5989,44
388,36,1426,50
389,36,31507,48
390,36,221412,60
391,36,520813,59
392,36,48470,49
393,36,904046,64
394,36,417336,57
395,36,168117,60
396,36,230326,58
397,36,3373,50
398,36,23670,44
399,36,18747,42
400,36,901270,47
401,36,1071,44
402,36,33707,50
403,36,51538,42
404,36,1229,45
405,36,109766,43
406,36,272049,45
407,36,5037,42
408,36,10991,45
409,36,75009,42
410,36,90239,42
411,36,26875,48
412,36,13926,47
413,36,51173,42
414,36,5702,64
415,36,64518,68
416,36,4604,45
417,36,376904,67
418,36,5264,54
419,36,93401,61
420,36,805,50
421,36,15197,42
422,36,138926,39
423,36,402856,47
424,36,1180,50
425,36,1465985,53
426,36,26843,42
427,36,509444,41
428,36,37299,40
429,36,2988,40
430,36,57039,45
431,36,5215,43
432,36,486056,62
433,36,644586,49
434,36,4188,52
435,36,22673,46
436,36,6712,43
437,36,2349675,69
438,36,20452,46
439,36,75787,39
440,36,8416,42
441,36,11077,43
442,36,2192,40
443,36,3658,42
444,36,7035,49
445,36,564049,46
446,36,6994,46
447,36,53130,48
448,36,30807,43
449,36,3159,45
450,36,163712,47
451,36,104585,44
452,36,65410,43
453,36,29777,67
454,36,516200,45
455,36,9143,42
456,36,82848,49
457,36,8840,43
458,36,33079,47
459,36,364847,46
460,36,8380,42
461,36,5938,44
462,36,129253,68
463,36,15999,46
464,36,16636,42
465,36,540005,69
466,36,1769,46
467,36,2961,41
468,36,1484167,59
469,36,605,55
470,36,5679,54
471,36,1089,45
472,36,57397,56
473,36,2667,41
474,36,14140,42
475,36,346491,52
476,36,36981,67
477,36,8458,43
478,36,132299,55
479,36,7815,42
480,36,702983,63
481,36,20424,45
482,36,82138,46
483,36,210856,43
484,36,541256,53
485,36,6064,43
486,36,12219,55
487,36,5656,47
488,36,3339,56
489,36,59799,50
490,36,281450,42
491,36,6344,48
492,36,6673,50
493,36,416750,59
494,36,16298,45
495,36,2649,56
496,36,3265,54
497,36,999,48
498,36,312315,54
499,36,43335,57
500,36,16052,51
501,36,1358,50
502,36,8304,62
503,36,13852,43
504,36,161935,44
505,36,13816,57
506,36,31895,54
507,36,15520,59
508,36,10652,54
509,36,27343,44
510,36,7971,48
511,36,21427,45
512,36,4987,44
513,36,26815,53
514,36,1384,59
515,36,2393,48
516,36,11544,44
517,36,4503,44
518,36,8893,43
519,36,37312,43
520,36,1561,48
521,36,5574,43
522,36,188992,39
523,36,8887,43
524,36,152521,45
525,36,13692,40
526,36,56408,50
527,36,55104,44
528,36,377,45
529,36,1966,45
530,36,3726,40
531,36,3370,45
532,36,4257,40
533,36,6033,40
534,36,48705,44
535,36,1062,45
536,36,2765,45
537,36,11668,40
538,36,9767,40
539,36,1820,45
540,36,893,45
541,36,5573,40
542,36,14041,40
543,36,8331,50
544,36,3781,40
545,36,243,45
546,36,5187,40
547,36,564,45
548,36,731,45
549,36,10946,50
550,36,747,50
551,36,7134,45
552,36,2278,50
553,36,9621,40
554,36,1127,50
555,36,1596,45
556,36,229107,41
557,36,145,50
558,36,888,40
559,36,288,40
560,36,9575,45
561,36,2653,40
562,36,234,45
563,36,924,45
564,36,211,40
565,36,2932,40
566,36,369,45
567,36,2907,40
568,36,394,50
569,36,11015,49
570,36,151,45
571,36,12240,55
572,36,135,45
573,36,6269,45
574,36,9310,45
575,36,63841,55
576,36,1020,40
577,36,56,45
578,36,1560,45
579,36,96558,90
580,36,3921,45
581,36,545,45
582,36,309,45
583,36,142,45
584,36,820,40
585,36,10674,50
586,36,4438,57
587,36,24898,60
588,36,481,41
589,36,425,43
590,36,56736,44
591,36,106769,61
592,36,54404,63
593,36,373,45
594,36,414,47
595,36,1245,40
596,36,3003,40
597,36,339,45
598,36,1083,40
599,36,7311,45
600,36,188,45
601,36,215,40
602,36,68,45
603,36,192,45
604,36,862,40
605,36,1281,40
606,36,81,45
607,36,39,45
608,36,4356,45
609,36,462,40
610,36,14951,40
611,36,16169,40
612,36,63,45
613,36,10,45
614,36,1434,45
615,36,0,40
1,37,70944,47
2,37,254837,49
3,37,61638,54
4,37,282815,53
5,37,82098,54
6,37,24766,43
7,37,85930,54
8,37,406037,50
9,37,64966,42
10,37,6944,47
11,37,51461,45
12,37,72872,51
13,37,159888,79
14,37,60529,71
15,37,94760,54
16,37,142490,42
17,37,141198,52
18,37,297192,66
19,37,24205,44
20,37,25002,44
21,37,28115,64
22,37,733502,94
23,37,1141592,108
24,37,178441,43
25,37,555224,41
26,37,12515,43
27,37,259057,43
28,37,208753,41
29,37,26508,43
30,37,6303,42
31,37,366218,51
32,37,380134,39
33,37,11225,49
34,37,21996,43
35,37,8602,46
36,37,5266,60
37,37,6383,47
38,37,13442,49
39,37,7105,46
40,37,1352547,63
41,37,2701,44
42,37,289946,51
43,37,1210485,68
44,37,15770,49
45,37,336691,64
46,37,22216,56
47,37,316757,44
48,37,223177,44
49,37,541317,47
50,37,18228,44
51,37,8794,44
52,37,270136,38
53,37,117072,38
54,37,6202,42
55,37,33626,52
56,37,194402,43
57,37,17650,44
58,37,41100,47
59,37,91425,67
60,37,11530,48
61,37,5478,59
62,37,184103,61
63,37,4022,49
64,37,18949,45
65,37,17880,53
66,37,11246,50
67,37,33263,48
68,37,10703,48
69,37,14188,46
70,37,102000,46
71,37,30597,47
72,37,273930,47
73,37,19535,41
74,37,28719,44
75,37,8946,42
76,37,64790,55
77,37,1463,53
78,37,9746,52
79,37,1290,54
80,37,193492,46
81,37,1663,47
82,37,31208,46
83,37,18830,49
84,37,37613,53
85,37,135382,56
86,37,50842,45
87,37,89604,63
88,37,661250,46
89,37,5572,42
90,37,28426,47
91,37,98532,44
92,37,27998,44
93,37,175691,38
94,37,26079,44
95,37,257248,39
96,37,33545,39
97,37,2007,40
98,37,4714,46
99,37,7825,50
100,37,2310,48
101,37,21468,48
102,37,37835,44
103,37,3821,44
104,37,4203,43
105,37,12737,43
106,37,13732,48
107,37,33638,46
108,37,7487,45
109,37,58247,44
110,37,56390,52
111,37,29584,55
112,37,8489,47
113,37,614776,64
114,37,33320,50
115,37,1397339,62
116,37,729191,58
117,37,77637,55
118,37,187577,59
119,37,25575,50
120,37,8510,50
121,37,12759,52
122,37,1657157,109
123,37,21364,62
124,37,237502,71
125,37,206620,62
126,37,1062440,49
127,37,84050,50
128,37,7072,46
129,37,4292,49
130,37,2805,44
131,37,149597,42
132,37,48109,52
133,37,117946,77
134,37,83175,84
135,37,155731,44
136,37,638231,39
137,37,151931,43
138,37,153189,43
139,37,4751,44
140,37,318219,39
141,37,169612,44
142,37,357422,55
143,37,77232,49
144,37,2992,43
145,37,1650656,46
146,37,61979,41
147,37,185136,48
148,37,1354,49
149,37,185577,57
150,37,640693,64
151,37,920911,69
152,37,32312,63
153,37,8606,48
154,37,848737,49
155,37,215622,39
156,37,33835,50
157,37,103011,52
158,37,37960,43
159,37,2918,45
160,37,5843,43
161,37,10255,41
162,37,274051,48
163,37,2445,45
164,37,160907,59
165,37,5786,58
166,37,2763,44
167,37,113703,42
168,37,20511,47
169,37,7443,50
170,37,5737,49
171,37,444,60
172,37,525065,74
173,37,495,50
174,37,2918,43
175,37,152711,54
176,37,25872,50
177,37,92987,64
178,37,16574,42
179,37,151073,40
180,37,16124,42
181,37,7077,44
182,37,27704,46
183,37,14328,42
184,37,117748,60
185,37,2878,50
186,37,5628,42
187,37,2890,43
188,37,7708,44
189,37,330806,45
190,37,343931,39
191,37,96850,44
192,37,130783,42
193,37,6104,44
194,37,3159,44
195,37,152855,44
196,37,68941,40
197,37,3878,43
198,37,12832,43
199,37,61262,50
200,37,1468,46
201,37,13198,44
202,37,66596,45
203,37,409,50
204,37,877,45
205,37,2893,43
206,37,3608,48
207,37,4476,47
208,37,23757,42
209,37,224650,43
210,37,21650,51
211,37,10552,58
212,37,8524,48
213,37,301417,50
214,37,5406,43
215,37,107663,45
216,37,25521,41
217,37,13349,42
218,37,44084,39
219,37,177304,50
220,37,522964,54
221,37,679412,53
222,37,25879,48
223,37,110057,82
224,37,19998,51
225,37,54547,54
226,37,9497,43
227,37,48428,49
228,37,2255,47
229,37,1947,44
230,37,7660,43
231,37,9388,47
232,37,2012,46
233,37,320417,67
234,37,595371,90
235,37,34087,51
236,37,51925,57
237,37,7687,47
238,37,5222,49
239,37,93660,49
240,37,15305,41
241,37,39932,44
242,37,63499,48
243,37,72004,49
244,37,2473,44
245,37,1499110,57
246,37,1956505,67
247,37,2345516,68
248,37,2976,64
249,37,46200,53
250,37,40540,69
251,37,2307021,102
252,37,72202,55
253,37,2265118,133
254,37,154349,56
255,37,37968,55
256,37,99068,71
257,37,1065281,94
258,37,193080,54
259,37,28014,47
260,37,1419078,57
261,37,6733,48
262,37,295944,52
263,37,75139,52
264,37,168962,60
265,37,745261,64
266,37,38638,49
267,37,374859,61
268,37,956141,62
269,37,15972,53
270,37,1457685,116
271,37,266685,85
272,37,183001,53
273,37,222315,96
274,37,143350,54
275,37,450005,93
276,37,713435,77
277,37,12142,45
278,37,2451,47
279,37,11577,47
280,37,2607372,119
281,37,98848,99
282,37,1012737,57
283,37,4681,49
284,37,87153,56
285,37,33366,51
286,37,456671,50
287,37,5103,49
288,37,41199,64
289,37,11213,46
290,37,561,50
291,37,81658,50
292,37,327808,49
293,37,105561,57
294,37,10819,53
295,37,73779,100
296,37,41715,50
297,37,69877,61
298,37,26614,48
299,37,29379,50
300,37,170136,67
301,37,235637,72
302,37,2023630,85
303,37,63752,42
304,37,73603,53
305,37,1344112,73
306,37,257553,107
307,37,9172,43
308,37,3522,44
309,37,55744,50
310,37,58754,45
311,37,10484,45
312,37,186798,47
313,37,10047,44
314,37,3719,44
315,37,15433,43
316,37,5951,40
317,37,35375,58
318,37,21558,53
319,37,4382,48
320,37,5012,51
321,37,2033,47
322,37,80,50
323,37,89173,43
324,37,5176,47
325,37,3301,60
326,37,148862,62
327,37,134191,47
328,37,126245,43
329,37,37604,42
330,37,134246,48
331,37,82171,41
332,37,131256,42
333,37,17957,42
334,37,28392,40
335,37,458672,40
336,37,10243,42
337,37,2786,46
338,37,219084,51
339,37,141753,42
340,37,195731,44
341,37,313,55
342,37,2737,44
343,37,319429,54
344,37,9688,47
345,37,14177,51
346,37,7777,60
347,37,256855,47
348,37,26545,55
349,37,7772,56
350,37,295,55
351,37,388804,54
352,37,5599,47
353,37,235353,60
354,37,73229,58
355,37,265793,59
356,37,108908,56
357,37,970993,60
358,37,42395,42
359,37,101966,58
360,37,32671,57
361,37,59564,47
362,37,43314,49
363,37,21063,59
364,37,472229,93
365,37,150162,88
366,37,5764,49
367,37,1423173,88
368,37,8440,55
369,37,17735,49
370,37,591455,68
371,37,97935,51
372,37,786465,126
373,37,16338,42
374,37,3434,43
375,37,5316,42
376,37,205157,45
377,37,3623,42
378,37,495491,48
379,37,2456,43
380,37,17583,44
381,37,23710,49
382,37,40705,42
383,37,78784,42
384,37,2773,42
385,37,3069,42
386,37,9190,43
387,37,5962,44
388,37,1438,50
389,37,30337,48
390,37,188315,59
391,37,510509,59
392,37,45939,49
393,37,928053,64
394,37,397483,57
395,37,144305,60
396,37,228055,58
397,37,3358,50
398,37,23744,44
399,37,18748,42
400,37,909054,47
401,37,1093,44
402,37,33362,50
403,37,50425,42
404,37,1229,45
405,37,108995,43
406,37,280177,45
407,37,5027,42
408,37,11112,45
409,37,83363,42
410,37,92369,42
411,37,27095,48
412,37,13957,47
413,37,51268,42
414,37,5333,64
415,37,74464,68
416,37,4592,45
417,37,386557,67
418,37,5211,54
419,37,94074,61
420,37,806,50
421,37,15149,42
422,37,140086,39
423,37,408259,47
424,37,1179,50
425,37,1471351,53
426,37,25400,42
427,37,513664,41
428,37,37088,40
429,37,2980,40
430,37,57585,45
431,37,5177,43
432,37,622703,63
433,37,660723,49
434,37,4166,52
435,37,22464,46
436,37,6672,43
437,37,2448517,70
438,37,20349,46
439,37,79351,39
440,37,8186,42
441,37,11053,43
442,37,2187,40
443,37,3640,42
444,37,7035,49
445,37,538428,46
446,37,6846,46
447,37,53104,48
448,37,30352,43
449,37,3154,45
450,37,162872,47
451,37,103289,44
452,37,66871,43
453,37,29742,67
454,37,520649,45
455,37,9564,42
456,37,82428,49
457,37,8816,43
458,37,32845,47
459,37,362991,46
460,37,9651,42
461,37,5907,44
462,37,128579,68
463,37,15138,46
464,37,17854,42
465,37,543165,69
466,37,1706,46
467,37,2965,41
468,37,1479275,59
469,37,607,55
470,37,5675,54
471,37,1085,45
472,37,57819,56
473,37,2607,41
474,37,14110,42
475,37,336596,52
476,37,36820,67
477,37,8419,43
478,37,131076,55
479,37,8229,42
480,37,685780,63
481,37,20010,45
482,37,79253,45
483,37,230845,43
484,37,624470,54
485,37,6064,43
486,37,12313,55
487,37,5665,47
488,37,3323,56
489,37,58414,50
490,37,279337,42
491,37,6374,48
492,37,6660,50
493,37,386840,59
494,37,16252,45
495,37,2661,56
496,37,3268,54
497,37,997,48
498,37,310289,54
499,37,43294,57
500,37,15997,51
501,37,1358,50
502,37,8524,62
503,37,12940,43
504,37,164000,44
505,37,13938,57
506,37,31786,54
507,37,16287,59
508,37,10228,54
509,37,31911,44
510,37,10586,48
511,37,21277,45
512,37,5017,44
513,37,26664,53
514,37,1403,59
515,37,2391,48
516,37,11457,44
517,37,4398,44
518,37,8890,43
519,37,37135,43
520,37,1563,48
521,37,5579,43
522,37,186574,39
523,37,8855,43
524,37,153907,45
525,37,13605,40
526,37,62000,50
527,37,54401,44
528,37,378,45
529,37,1986,45
530,37,3716,40
531,37,3148,45
532,37,4220,40
533,37,5978,40
534,37,49404,44
535,37,1059,45
536,37,2741,45
537,37,11680,40
538,37,9821,40
539,37,1795,45
540,37,894,45
541,37,5576,40
542,37,13908,40
543,37,7732,50
544,37,3716,40
545,37,244,45
546,37,5222,40
547,37,554,45
548,37,737,45
549,37,11004,50
550,37,746,50
551,37,7145,45
552,37,2375,50
553,37,9646,40
554,37,1175,50
555,37,1614,45
556,37,233633,41
557,37,157,50
558,37,887,40
559,37,293,40
560,37,9615,45
561,37,2853,40
562,37,243,45
563,37,947,45
564,37,211,40
565,37,2950,40
566,37,386,45
567,37,2954,40
568,37,410,50
569,37,10468,49
570,37,152,45
571,37,10660,55
572,37,138,45
573,37,6484,45
574,37,9139,45
575,37,82850,55
576,37,1089,40
577,37,56,45
578,37,1570,45
579,37,95561,90
580,37,3600,45
581,37,606,45
582,37,310,45
583,37,143,45
584,37,865,40
585,37,10898,50
586,37,4221,57
587,37,18110,60
588,37,484,41
589,37,455,43
590,37,54870,44
591,37,103785,60
592,37,48353,62
593,37,377,45
594,37,398,47
595,37,1302,40
596,37,3185,40
597,37,357,45
598,37,1214,40
599,37,7385,45
600,37,202,45
601,37,282,40
602,37,74,45
603,37,228,45
604,37,908,40
605,37,1365,40
606,37,92,45
607,37,40,45
608,37,5142,45
609,37,598,40
610,37,22211,40
611,37,25397,40
612,37,98,45
613,37,13,45
614,37,3606,45
615,37,58,40
616,37,0,40
1,38,71135,47
2,38,251819,49
3,38,57510,54
4,38,281883,53
5,38,83031,54
6,38,24737,43
7,38,83702,54
8,38,337870,49
9,38,68224,42
10,38,7028,47
11,38,51563,45
12,38,73768,51
13,38,162012,79
14,38,58519,71
15,38,91448,54
16,38,141731,42
17,38,142723,52
18,38,292150,66
19,38,24191,44
20,38,24633,44
21,38,28162,64
22,38,716494,94
23,38,1196750,108
24,38,173116,43
25,38,543988,41
26,38,12433,43
27,38,265591,43
28,38,201475,41
29,38,27055,43
30,38,6272,42
31,38,387657,51
32,38,389470,39
33,38,11177,49
34,38,21920,43
35,38,8497,46
36,38,5210,60
37,38,6102,47
38,38,13629,49
39,38,7094,46
40,38,1510230,64
41,38,2717,44
42,38,223056,50
43,38,1285661,69
44,38,15667,49
45,38,320063,64
46,38,22184,56
47,38,311055,44
48,38,213108,44
49,38,508030,47
50,38,18293,44
51,38,8751,44
52,38,276964,38
53,38,124915,38
54,38,6211,42
55,38,32747,52
56,38,192018,43
57,38,17370,44
58,38,41952,47
59,38,93517,67
60,38,10396,48
61,38,5422,59
62,38,173464,61
63,38,4023,49
64,38,18941,45
65,38,17551,53
66,38,11082,50
67,38,33117,48
68,38,10725,48
69,38,14312,46
70,38,101316,46
71,38,30620,47
72,38,263021,47
73,38,19539,41
74,38,28629,44
75,38,8730,42
76,38,64387,55
77,38,1486,53
78,38,9820,52
79,38,1280,54
80,38,192478,46
81,38,1697,47
82,38,30799,46
83,38,18743,49
84,38,37243,53
85,38,129495,56
86,38,50685,45
87,38,88141,63
88,38,642364,46
89,38,5571,42
90,38,27527,47
91,38,93971,44
92,38,26741,44
93,38,183267,38
94,38,25858,44
95,38,255889,39
96,38,34403,39
97,38,2021,40
98,38,4655,46
99,38,7779,50
100,38,3002,48
101,38,20789,48
102,38,37137,44
103,38,3803,44
104,38,4228,43
105,38,12642,43
106,38,13527,48
107,38,33589,46
108,38,7473,45
109,38,58059,44
110,38,56027,52
111,38,29581,55
112,38,8465,47
113,38,608625,64
114,38,33430,50
115,38,1396928,62
116,38,738525,58
117,38,77507,55
118,38,180156,59
119,38,25463,50
120,38,8625,50
121,38,12347,52
122,38,1729414,110
123,38,21375,62
124,38,237836,71
125,38,210792,62
126,38,989398,49
127,38,83634,50
128,38,7119,46
129,38,4296,49
130,38,2809,44
131,38,137774,42
132,38,53586,52
133,38,117906,77
134,38,83088,84
135,38,153888,44
136,38,641319,39
137,38,155173,43
138,38,145037,43
139,38,4372,44
140,38,320399,39
141,38,154243,43
142,38,356633,55
143,38,76240,49
144,38,3008,43
145,38,1663059,46
146,38,62900,41
147,38,216225,49
148,38,1416,49
149,38,222573,56
150,38,670525,65
151,38,987819,70
152,38,29669,63
153,38,8576,48
154,38,840491,49
155,38,219398,39
156,38,33855,50
157,38,102304,52
158,38,36848,43
159,38,2918,45
160,38,5826,43
161,38,10270,41
162,38,274163,48
163,38,2450,45
164,38,160682,59
165,38,5801,58
166,38,2786,44
167,38,112986,42
168,38,21138,47
169,38,7450,50
170,38,5735,49
171,38,447,60
172,38,524874,74
173,38,497,50
174,38,2900,43
175,38,117856,54
176,38,24716,50
177,38,92837,64
178,38,16395,42
179,38,148329,40
180,38,19970,42
181,38,6850,44
182,38,29874,46
183,38,14175,42
184,38,118065,60
185,38,2869,50
186,38,5697,42
187,38,2903,43
188,38,7684,44
189,38,324798,45
190,38,333775,39
191,38,97370,44
192,38,128534,42
193,38,6018,44
194,38,3181,44
195,38,147237,44
196,38,68320,40
197,38,3881,43
198,38,12729,43
199,38,61231,50
200,38,1461,46
201,38,13022,44
202,38,65183,45
203,38,409,50
204,38,888,45
205,38,2914,43
206,38,3579,48
207,38,4471,47
208,38,23241,42
209,38,226633,43
210,38,21628,51
211,38,10425,58
212,38,8437,48
213,38,299126,50
214,38,5391,43
215,38,101880,45
216,38,25526,41
217,38,13361,42
218,38,43770,39
219,38,176684,50
220,38,522869,54
221,38,663324,53
222,38,25745,48
223,38,109844,82
224,38,20379,51
225,38,53634,54
226,38,9502,43
227,38,48402,49
228,38,2253,47
229,38,1993,44
230,38,7889,43
231,38,9356,47
232,38,2008,46
233,38,326457,66
234,38,656041,90
235,38,34041,51
236,38,51837,57
237,38,7711,47
238,38,5223,49
239,38,94175,49
240,38,15392,41
241,38,39991,44
242,38,63698,48
243,38,67744,49
244,38,2469,44
245,38,1724779,58
246,38,2047883,67
247,38,2063179,67
248,38,3226,64
249,38,45651,53
250,38,40480,69
251,38,2452470,103
252,38,90657,55
253,38,2130301,132
254,38,155110,56
255,38,38548,55
256,38,97029,71
257,38,886505,93
258,38,202446,54
259,38,25872,47
260,38,1452156,57
261,38,6765,48
262,38,293497,52
263,38,108988,52
264,38,166844,60
265,38,770228,64
266,38,37758,48
267,38,373020,61
268,38,1064421,63
269,38,15969,53
270,38,1576105,117
271,38,280715,85
272,38,180204,53
273,38,216594,96
274,38,148721,54
275,38,462988,93
276,38,867012,78
277,38,12886,45
278,38,2446,47
279,38,12548,47
280,38,2710418,120
281,38,98717,99
282,38,1025064,57
283,38,4672,49
284,38,87261,56
285,38,33867,51
286,38,519786,51
287,38,5166,49
288,38,41686,64
289,38,11272,46
290,38,567,50
291,38,81448,50
292,38,329139,49
293,38,109531,57
294,38,10880,53
295,38,73400,100
296,38,41947,50
297,38,76017,61
298,38,26554,48
299,38,30135,50
300,38,165693,67
301,38,216073,72
302,38,2123461,86
303,38,80347,42
304,38,73454,53
305,38,1381926,73
306,38,244869,107
307,38,9161,43
308,38,3546,44
309,38,63319,50
310,38,53749,45
311,38,10564,45
312,38,195040,47
313,38,10837,44
314,38,3305,44
315,38,18294,43
316,38,5947,40
317,38,38897,58
318,38,21614,53
319,38,4405,48
320,38,7291,51
321,38,2021,47
322,38,81,50
323,38,91724,43
324,38,5167,47
325,38,3308,60
326,38,218454,61
327,38,132760,47
328,38,128652,43
329,38,40970,42
330,38,154456,48
331,38,68928,41
332,38,130115,42
333,38,18950,42
334,38,28214,40
335,38,466102,40
336,38,10193,42
337,38,2774,46
338,38,234492,51
339,38,139306,42
340,38,202123,44
341,38,315,55
342,38,2717,44
343,38,441356,55
344,38,9866,47
345,38,14358,51
346,38,7909,60
347,38,311595,47
348,38,26581,55
349,38,7761,56
350,38,300,55
351,38,388767,54
352,38,5627,47
353,38,233884,60
354,38,70353,58
355,38,254213,59
356,38,108935,56
357,38,962074,60
358,38,42050,42
359,38,99117,58
360,38,32631,57
361,38,59663,47
362,38,43244,49
363,38,21554,59
364,38,490132,92
365,38,160567,88
366,38,5307,49
367,38,644893,86
368,38,8191,55
369,38,19804,49
370,38,767371,69
371,38,94001,51
372,38,780495,126
373,38,16364,42
374,38,3441,43
375,38,5304,42
376,38,203202,45
377,38,3597,42
378,38,501827,48
379,38,2440,43
380,38,17397,44
381,38,23194,49
382,38,39896,42
383,38,78540,42
384,38,2772,42
385,38,3082,42
386,38,8589,43
387,38,5995,44
388,38,1483,50
389,38,29057,48
390,38,178843,58
391,38,507767,59
392,38,45072,49
393,38,829161,64
394,38,460107,57
395,38,122020,59
396,38,236889,58
397,38,3353,50
398,38,23812,44
399,38,18867,42
400,38,901780,47
401,38,1128,44
402,38,33260,50
403,38,48449,42
404,38,1225,45
405,38,107737,43
406,38,259452,44
407,38,5011,42
408,38,18285,45
409,38,91506,42
410,38,96722,42
411,38,30693,48
412,38,13963,47
413,38,51342,42
414,38,5762,64
415,38,78114,68
416,38,4569,45
417,38,429195,67
418,38,5214,54
419,38,91700,61
420,38,811,50
421,38,15022,42
422,38,146035,39
423,38,379126,47
424,38,1184,50
425,38,1369058,53
426,38,24033,42
427,38,504516,41
428,38,36819,40
429,38,2989,40
430,38,55332,45
431,38,5139,43
432,38,532409,63
433,38,655446,49
434,38,4137,52
435,38,22237,46
436,38,6644,43
437,38,2081971,69
438,38,20233,46
439,38,84374,39
440,38,8098,42
441,38,11115,43
442,38,2183,40
443,38,3625,42
444,38,6986,49
445,38,537446,46
446,38,6740,46
447,38,53272,48
448,38,29739,43
449,38,3159,45
450,38,162364,47
451,38,101884,44
452,38,70570,43
453,38,29725,67
454,38,501294,45
455,38,9847,42
456,38,82007,49
457,38,8780,43
458,38,32633,47
459,38,365244,46
460,38,9620,42
461,38,5748,44
462,38,134149,68
463,38,14670,46
464,38,18766,42
465,38,513099,68
466,38,1736,46
467,38,2992,41
468,38,1476882,59
469,38,614,55
470,38,5673,54
471,38,1099,45
472,38,60768,56
473,38,2587,41
474,38,14037,42
475,38,318969,51
476,38,36928,67
477,38,8386,43
478,38,130463,55
479,38,8683,42
480,38,680965,63
481,38,19665,45
482,38,85253,45
483,38,228890,43
484,38,650916,54
485,38,6055,43
486,38,12301,55
487,38,5698,47
488,38,3344,56
489,38,55350,50
490,38,276367,42
491,38,6379,48
492,38,6657,50
493,38,493905,59
494,38,16679,45
495,38,2658,56
496,38,3270,54
497,38,993,48
498,38,308935,54
499,38,43442,57
500,38,15939,51
501,38,1361,50
502,38,8538,62
503,38,12437,43
504,38,139110,44
505,38,14284,57
506,38,31788,54
507,38,16340,59
508,38,10320,54
509,38,44224,44
510,38,16801,48
511,38,21138,45
512,38,5061,44
513,38,26524,53
514,38,1634,59
515,38,2405,48
516,38,11415,44
517,38,4305,44
518,38,8900,43
519,38,38482,43
520,38,1625,48
521,38,5618,43
522,38,184953,39
523,38,8902,43
524,38,154994,45
525,38,13526,40
526,38,62589,50
527,38,53854,43
528,38,376,45
529,38,2004,45
530,38,3689,40
531,38,2935,45
532,38,4186,40
533,38,5903,40
534,38,49031,44
535,38,1061,45
536,38,2810,45
537,38,11620,40
538,38,9982,40
539,38,1838,45
540,38,916,45
541,38,5780,40
542,38,13707,40
543,38,22070,50
544,38,3643,40
545,38,250,45
546,38,5341,40
547,38,554,45
548,38,790,45
549,38,10212,50
550,38,775,50
551,38,7168,45
552,38,2579,50
553,38,9710,40
554,38,1249,50
555,38,1760,45
556,38,259119,41
557,38,173,50
558,38,882,40
559,38,298,40
560,38,9496,45
561,38,3318,40
562,38,248,45
563,38,980,45
564,38,215,40
565,38,3064,40
566,38,412,45
567,38,3088,40
568,38,722,50
569,38,10179,49
570,38,163,45
571,38,9814,55
572,38,171,45
573,38,6344,45
574,38,8849,45
575,38,111912,56
576,38,1122,40
577,38,61,45
578,38,1580,45
579,38,95592,90
580,38,3362,45
581,38,639,45
582,38,358,45
583,38,166,45
584,38,911,40
585,38,10984,50
586,38,4051,57
587,38,14635,60
588,38,537,41
589,38,510,43
590,38,58238,44
591,38,106893,60
592,38,50809,62
593,38,397,45
594,38,415,47
595,38,1770,40
596,38,4023,40
597,38,397,45
598,38,1398,40
599,38,7361,45
600,38,217,45
601,38,380,40
602,38,143,45
603,38,2979,45
604,38,1039,40
605,38,1591,40
606,38,93,45
607,38,54,45
608,38,10847,45
609,38,811,40
610,38,40723,40
611,38,38702,40
612,38,166,45
613,38,34,45
614,38,4194,45
615,38,214,40
616,38,23159,40
617,38,0,45
618,38,0,45
619,38,0,40
620,38,0,45
621,38,0,45
622,38,0,45
623,38,0,40
624,38,0,40
