element,gw,selected,value
1,1,2923,55
2,1,199810,70
3,1,1167503,60
4,1,1087445,80
5,1,7300,40
6,1,73714,55
7,1,25861,50
8,1,16779,50
9,1,253825,70
10,1,3576,50
11,1,31675,60
12,1,16484,45
13,1,1391537,85
14,1,68531,45
15,1,2143198,55
16,1,552723,65
17,1,2763895,100
18,1,3490919,60
19,1,1427753,55
20,1,6975,50
21,1,5469,45
22,1,8462,50
23,1,192689,70
24,1,927335,65
25,1,230223,50
26,1,60127,45
27,1,122810,50
28,1,328252,65
29,1,77081,55
30,1,4608,50
31,1,12149,55
32,1,263349,45
33,1,82976,45
34,1,5025,65
35,1,50517,45
36,1,196248,45
37,1,478,50
38,1,23567,60
39,1,37657,40
40,1,46204,40
41,1,6971,55
42,1,287,50
43,1,2538,40
44,1,1165894,45
45,1,328876,50
46,1,165,40
47,1,1108383,50
48,1,204217,55
49,1,7726,45
50,1,26790,40
51,1,9628,45
52,1,122710,45
53,1,22089,55
54,1,786621,50
55,1,153,40
56,1,24385,40
57,1,49190,55
58,1,3152729,90
59,1,22340,45
60,1,792,50
61,1,41159,45
62,1,1134,50
63,1,22131,50
64,1,6523,50
65,1,3455,55
66,1,1707,50
67,1,17000,45
68,1,30926,40
69,1,123937,45
70,1,40065,45
71,1,38451,55
72,1,6641,45
73,1,198435,45
74,1,1977,50
75,1,5098,40
76,1,6497,50
77,1,4339,50
78,1,92042,55
79,1,91548,50
80,1,17130,50
81,1,14466,45
82,1,2587953,75
83,1,14476,55
84,1,14323,45
85,1,37460,45
86,1,32185,45
87,1,6092,45
88,1,31553,45
89,1,6304,50
90,1,1084,50
91,1,1005914,45
92,1,8033,45
93,1,3440,45
94,1,16717,50
95,1,14932,55
96,1,20997,40
97,1,5009,45
98,1,4328,50
99,1,360975,70
100,1,79075,45
101,1,11239,50
102,1,3770,50
103,1,4262,45
104,1,37981,45
105,1,8169,45
106,1,6235,55
107,1,3171,60
108,1,809422,75
109,1,372148,40
110,1,232431,60
111,1,263488,45
112,1,5300,45
113,1,42304,55
114,1,744,45
115,1,3519,50
116,1,2127451,40
117,1,8082,50
118,1,13388,45
119,1,2851,50
120,1,367736,45
121,1,6559,55
122,1,9056,50
123,1,9342,55
124,1,14848,50
125,1,10739,65
126,1,2263,50
127,1,1515,50
128,1,9855,45
129,1,1623770,55
130,1,156,45
131,1,21842,45
132,1,612,65
133,1,3835,45
134,1,5694,50
135,1,119994,55
136,1,164023,65
137,1,32773,45
138,1,47927,45
139,1,12397,40
140,1,4299,45
141,1,2792,50
142,1,49675,45
143,1,1930,55
144,1,21316,45
145,1,15104,45
146,1,45968,45
147,1,9097,45
148,1,64656,55
149,1,4093,50
150,1,910,45
151,1,30921,45
152,1,27495,45
153,1,11552,45
154,1,18789,40
155,1,33631,40
156,1,7671,55
157,1,57062,50
158,1,10728,45
159,1,15983,45
160,1,74006,50
161,1,5259,50
162,1,60767,45
163,1,521204,50
164,1,11959,55
165,1,6224,50
166,1,23669,60
167,1,39895,45
168,1,118384,50
169,1,80385,60
170,1,10496,40
171,1,265669,50
172,1,9795,50
173,1,3460,45
174,1,77766,45
175,1,54070,65
176,1,716,45
177,1,36421,65
178,1,62388,50
179,1,29901,65
180,1,159569,75
181,1,1446069,65
182,1,3210033,105
183,1,70701,45
184,1,7438,45
185,1,226022,45
186,1,164846,70
187,1,23505,45
188,1,28052,45
189,1,22753,45
190,1,33112,45
191,1,1762243,45
192,1,40324,55
193,1,8122,50
194,1,15846,45
195,1,12507,45
196,1,10517,45
197,1,716,45
198,1,68403,55
199,1,2972520,70
200,1,643172,45
201,1,1563145,45
202,1,8984,45
203,1,4041,50
204,1,43430,45
205,1,50612,55
206,1,5376,50
207,1,542468,75
208,1,11416,45
209,1,90762,40
210,1,224405,50
211,1,387466,50
212,1,417,45
213,1,20807,45
214,1,9877,50
215,1,12469,45
216,1,43419,50
217,1,46194,55
218,1,36900,50
219,1,229400,50
220,1,172226,60
221,1,4723,45
222,1,5446,50
223,1,2327,50
224,1,15242,55
225,1,43592,40
226,1,14609,45
227,1,59289,40
228,1,195758,40
229,1,154002,50
230,1,79050,55
231,1,854973,45
232,1,14764,55
233,1,74901,50
234,1,2504,45
235,1,1450939,50
236,1,204385,50
237,1,1528,50
238,1,19370,45
239,1,21783,50
240,1,356810,55
241,1,26833,45
242,1,38417,40
243,1,3772,50
244,1,267974,45
245,1,12977,45
246,1,1375,45
247,1,44896,55
248,1,215262,50
249,1,3707,50
250,1,41969,40
251,1,598942,60
252,1,42210,55
253,1,1776,45
254,1,3660,50
255,1,774506,45
256,1,6640,50
257,1,10690,45
258,1,53449,50
259,1,16297,55
260,1,32399,50
261,1,4342,40
262,1,1380,50
263,1,31764,40
264,1,8811,50
265,1,22047,55
266,1,3114,40
267,1,155392,45
268,1,35272,55
269,1,15461,40
270,1,48563,40
271,1,2261,50
272,1,2030,55
273,1,4842,45
274,1,51791,55
275,1,337620,40
276,1,179213,45
277,1,23647,45
278,1,16799,50
279,1,1045,40
280,1,78508,40
281,1,2848,50
282,1,100603,40
283,1,15656,45
284,1,108271,40
285,1,17951,45
286,1,116261,45
287,1,26479,45
288,1,24580,40
289,1,30123,50
290,1,13854,55
291,1,616143,40
292,1,4727,45
293,1,34105,45
294,1,65236,40
295,1,23101,45
296,1,9441,45
297,1,4212,45
298,1,46533,55
299,1,3846,50
300,1,12929,50
301,1,17350,40
302,1,19824,45
303,1,2362,40
304,1,4282,40
305,1,51407,40
306,1,119633,55
307,1,145212,40
308,1,227087,40
309,1,1202141,45
310,1,892671,55
311,1,2560092,70
312,1,16261,45
313,1,54579,50
314,1,130410,50
315,1,5545,45
316,1,511713,75
317,1,1433531,75
318,1,5062,45
319,1,105562,55
320,1,17472,50
321,1,367195,75
322,1,51959,50
323,1,11117,50
324,1,9756,55
325,1,25958,45
326,1,151453,50
327,1,745699,75
328,1,2894604,125
329,1,222591,65
330,1,3147,45
331,1,4200,45
332,1,14539,40
333,1,567784,45
334,1,15921,40
335,1,392551,60
336,1,170256,65
337,1,40013,50
338,1,32790,40
339,1,1021672,60
340,1,377453,55
341,1,231353,55
342,1,372293,65
343,1,31717,50
344,1,14823,40
345,1,627901,95
346,1,280527,65
347,1,557560,55
348,1,1585478,95
349,1,15825,65
350,1,2793191,60
351,1,4408007,150
352,1,39036,70
353,1,76789,55
354,1,19927,55
355,1,40016,45
356,1,3409,50
357,1,7920,50
358,1,77703,55
359,1,9305,50
360,1,443257,65
361,1,293835,55
362,1,195172,55
363,1,838154,55
364,1,313496,50
365,1,21896,60
366,1,1728175,85
367,1,9227,45
368,1,39317,50
369,1,701512,50
370,1,17513,55
371,1,11027,45
372,1,1548926,65
373,1,11598,45
374,1,20061,40
375,1,63276,70
376,1,17901,45
377,1,39835,50
378,1,533586,55
379,1,1453,45
380,1,403535,45
381,1,93204,50
382,1,22295,65
383,1,517448,50
384,1,2174,50
385,1,410469,70
386,1,33031,65
387,1,74935,50
388,1,168413,45
389,1,172194,70
390,1,69252,40
391,1,84045,60
392,1,42382,65
393,1,1632,45
394,1,297465,65
395,1,1462975,45
396,1,114645,45
397,1,3106,50
398,1,2328887,75
399,1,431511,45
400,1,5826,45
401,1,5199017,85
402,1,193533,55
403,1,35765,60
404,1,12480,45
405,1,6327,45
406,1,3311,45
407,1,399,45
408,1,35029,40
409,1,100126,45
410,1,103817,50
411,1,232,50
412,1,12498,45
413,1,510361,50
414,1,23963,40
415,1,198369,55
416,1,39033,40
417,1,4653,55
418,1,1193630,60
419,1,31223,45
420,1,13992,50
421,1,8597,70
422,1,112193,45
423,1,14127,50
424,1,84610,60
425,1,21461,45
426,1,5803,45
427,1,33324,45
428,1,6089,45
429,1,5769,50
430,1,21102,50
431,1,3116,50
432,1,214240,55
433,1,430423,65
434,1,315296,55
435,1,4017,45
436,1,44981,45
437,1,43912,45
438,1,5640,45
439,1,205,50
440,1,6608,45
441,1,224,40
442,1,185141,45
443,1,100200,45
444,1,7351,45
445,1,1752814,40
446,1,130081,45
447,1,482451,60
448,1,5973,45
449,1,4944,50
450,1,9504,50
451,1,8926,45
452,1,4540,50
453,1,147689,55
454,1,28798,45
455,1,96706,40
456,1,30004,40
457,1,13216,40
458,1,7613,45
459,1,2424,50
460,1,14950,40
461,1,934150,40
462,1,587,50
463,1,3466,50
464,1,7767,40
465,1,23928,40
466,1,25648,40
467,1,6978,45
468,1,8265,50
469,1,13740,45
470,1,9474,50
471,1,4947,50
472,1,21269,40
473,1,64653,45
474,1,13339,45
475,1,514848,40
476,1,40395,45
477,1,101631,40
478,1,41050,40
479,1,33843,40
480,1,21555,50
481,1,75912,45
482,1,10961,50
483,1,267,50
484,1,18554,45
485,1,9576,45
486,1,20787,45
487,1,3601,45
488,1,21470,45
489,1,23217,50
490,1,824,50
491,1,64515,65
492,1,229933,65
493,1,8584,50
494,1,373759,75
495,1,3078763,55
496,1,27926,45
497,1,94269,70
498,1,434560,50
499,1,23419,50
500,1,21142,45
501,1,3601,50
502,1,5690,55
503,1,871012,100
504,1,8800,45
505,1,331696,50
506,1,578525,45
507,1,1545,50
508,1,355891,50
509,1,25680,65
510,1,117595,40
511,1,9327,50
512,1,121442,55
513,1,858916,45
514,1,647171,75
515,1,2853,50
516,1,76370,45
517,1,215475,40
518,1,5433,50
519,1,10475,45
520,1,60284,45
521,1,1150090,40
522,1,14365,45
523,1,84653,50
524,1,73980,45
525,1,763274,65
526,1,3225,50
527,1,139323,60
528,1,9711,45
529,1,12428,45
530,1,210697,50
531,1,172416,65
532,1,50531,45
533,1,204670,45
534,1,5450,50
535,1,3071,50
536,1,194160,40
537,1,16796,45
538,1,7608,45
539,1,9106,45
540,1,9908,45
541,1,197434,65
542,1,16382,45
543,1,18088,45
544,1,4063,50
545,1,27869,50
546,1,506533,45
547,1,2764,45
548,1,7971,55
549,1,2509,45
550,1,83019,65
551,1,39994,45
552,1,27953,40
553,1,11511,50
554,1,205429,45
555,1,8814,50
556,1,96111,40
557,1,14599,50
558,1,40717,40
559,1,1180,45
560,1,100779,65
561,1,123257,40
562,1,3736,55
563,1,13259,55
564,1,7482,45
565,1,20559,55
566,1,17027,55
567,1,21377,45
568,1,39121,45
569,1,7043,55
570,1,29601,55
571,1,37980,65
572,1,19850,45
573,1,17842,45
574,1,10005,40
575,1,5717,40
576,1,2056,50
577,1,13030,55
578,1,226287,60
579,1,18879,45
580,1,9224,45
581,1,30077,45
582,1,29022,50
583,1,33806,40
584,1,66244,55
585,1,29330,60
586,1,4853,45
587,1,86458,60
588,1,5566,50
589,1,362778,70
590,1,9145,50
591,1,39237,45
592,1,14951,45
593,1,314129,50
594,1,204143,45
595,1,2682,55
596,1,10205,60
597,1,1740,45
598,1,6352,40
599,1,15836,40
600,1,754,50
601,1,486,50
602,1,2327,45
603,1,8422,45
604,1,3797,45
605,1,1323,45
606,1,4472,45
607,1,576,50
608,1,2073,45
609,1,17747,45
610,1,8413,45
611,1,10540,60
612,1,954,55
613,1,0,45
614,1,0,45
615,1,0,40
616,1,0,40
1,2,2321,55
2,2,176166,69
3,2,1248259,60
4,2,1638743,81
5,2,6016,40
6,2,77673,55
7,2,28506,50
8,2,17038,50
9,2,275265,70
10,2,4193,50
11,2,31476,59
12,2,20276,45
13,2,1384608,85
14,2,74765,45
15,2,2377063,55
16,2,573607,65
17,2,3227441,100
18,2,3770895,60
19,2,1585044,55
20,2,14479,50
21,2,3883,45
22,2,5694,49
23,2,165221,69
24,2,962999,65
25,2,312806,50
26,2,61450,45
27,2,126495,50
28,2,310648,65
29,2,69201,54
30,2,5246,50
31,2,12294,55
32,2,314450,45
33,2,87218,45
34,2,3043,65
35,2,54467,45
36,2,214862,45
37,2,347,50
38,2,61234,60
39,2,60885,40
40,2,56634,40
41,2,6881,55
42,2,331,50
43,2,1937,40
44,2,1183107,45
45,2,323572,50
46,2,148,40
47,2,1197783,50
48,2,200015,55
49,2,6091,45
50,2,44397,40
51,2,8728,45
52,2,134146,45
53,2,31422,55
54,2,831058,50
55,2,140,40
56,2,16536,40
57,2,99391,55
58,2,3019969,90
59,2,23692,45
60,2,730,50
61,2,45639,45
62,2,856,50
63,2,20506,50
64,2,7191,50
65,2,2449,55
66,2,1416,50
67,2,19609,45
68,2,35672,40
69,2,227529,45
70,2,41715,45
71,2,34210,54
72,2,7211,45
73,2,229120,45
74,2,2712,50
75,2,4476,40
76,2,6880,50
77,2,5356,50
78,2,153277,55
79,2,80441,50
80,2,18377,50
81,2,17671,45
82,2,1825260,75
83,2,15285,55
84,2,15135,45
85,2,38888,45
86,2,37758,45
87,2,7278,45
88,2,56031,45
89,2,6771,50
90,2,755,50
91,2,1017809,45
92,2,6426,45
93,2,2680,45
94,2,15913,50
95,2,15630,55
96,2,23426,40
97,2,5815,45
98,2,4592,50
99,2,449513,70
100,2,78481,45
101,2,12265,50
102,2,3946,50
103,2,4813,45
104,2,37415,45
105,2,9080,45
106,2,6818,55
107,2,2479,60
108,2,581058,74
109,2,395031,40
110,2,417530,60
111,2,266565,45
112,2,3173,45
113,2,78578,55
114,2,563,45
115,2,3809,50
116,2,1927993,40
117,2,11229,50
118,2,13322,45
119,2,3002,50
120,2,462381,45
121,2,4634,54
122,2,10409,50
123,2,10259,55
124,2,14953,50
125,2,5818,65
126,2,3821,50
127,2,830,50
128,2,10586,45
129,2,1655021,55
130,2,124,45
131,2,16809,45
132,2,602,65
133,2,4284,45
134,2,8409,50
135,2,132136,55
136,2,442452,65
137,2,31450,45
138,2,62240,45
139,2,14564,40
140,2,4903,45
141,2,3133,50
142,2,140871,45
143,2,1068,55
144,2,34486,45
145,2,211869,45
146,2,39629,45
147,2,10757,45
148,2,412889,55
149,2,17112,50
150,2,653,45
151,2,31997,45
152,2,30908,45
153,2,13206,45
154,2,24365,40
155,2,37192,40
156,2,9793,55
157,2,64673,50
158,2,12362,45
159,2,17610,45
160,2,76659,50
161,2,5581,50
162,2,87669,45
163,2,627897,50
164,2,13012,55
165,2,9469,50
166,2,23100,60
167,2,38989,45
168,2,164902,50
169,2,53060,59
170,2,8337,40
171,2,316102,50
172,2,9284,50
173,2,4106,45
174,2,165554,45
175,2,53668,64
176,2,494,45
177,2,35046,64
178,2,77517,50
179,2,31317,65
180,2,241660,75
181,2,1472829,65
182,2,3258422,105
183,2,65970,45
184,2,11457,45
185,2,312954,45
186,2,142291,69
187,2,21937,45
188,2,33245,45
189,2,39642,45
190,2,35509,45
191,2,1637435,45
192,2,36654,55
193,2,8765,50
194,2,17278,45
195,2,13718,45
196,2,11426,45
197,2,530,45
198,2,67168,55
199,2,3069358,70
200,2,655527,45
201,2,1652313,45
202,2,9987,45
203,2,4497,50
204,2,41187,45
205,2,50513,55
206,2,5650,50
207,2,593804,75
208,2,8714,45
209,2,97633,40
210,2,222969,50
211,2,434799,50
212,2,305,45
213,2,17585,45
214,2,9169,50
215,2,13440,45
216,2,46716,50
217,2,43259,55
218,2,43569,50
219,2,152117,50
220,2,159462,60
221,2,3344,45
222,2,5938,50
223,2,1612,50
224,2,16267,55
225,2,57099,40
226,2,33039,45
227,2,61712,40
228,2,222239,40
229,2,149992,50
230,2,69461,55
231,2,762373,45
232,2,14175,55
233,2,309609,50
234,2,1844,45
235,2,1338340,50
236,2,169697,50
237,2,1433,50
238,2,13810,45
239,2,69340,50
240,2,358428,55
241,2,36794,45
242,2,46108,40
243,2,4007,50
244,2,228766,45
245,2,28544,45
246,2,1046,45
247,2,60258,55
248,2,287111,50
249,2,5501,50
250,2,48982,40
251,2,948530,61
252,2,42883,55
253,2,1194,45
254,2,4144,50
255,2,985917,45
256,2,10928,50
257,2,35936,45
258,2,57064,50
259,2,17199,55
260,2,37937,50
261,2,3440,40
262,2,1067,50
263,2,32534,40
264,2,6696,50
265,2,23357,55
266,2,2851,40
267,2,157771,45
268,2,38623,55
269,2,16722,40
270,2,85247,40
271,2,2379,50
272,2,1717,55
273,2,5456,45
274,2,52172,55
275,2,335628,40
276,2,193441,45
277,2,36889,45
278,2,19566,50
279,2,803,40
280,2,85579,40
281,2,3140,50
282,2,125550,40
283,2,23242,45
284,2,130603,40
285,2,20681,45
286,2,135066,45
287,2,27224,45
288,2,20817,40
289,2,21390,50
290,2,14702,55
291,2,693649,40
292,2,5109,45
293,2,49255,45
294,2,71540,40
295,2,30080,45
296,2,13361,45
297,2,4706,45
298,2,42999,55
299,2,4153,50
300,2,15977,50
301,2,19024,40
302,2,19671,45
303,2,1828,40
304,2,4488,40
305,2,53651,40
306,2,533898,56
307,2,267915,40
308,2,251295,40
309,2,1336305,45
310,2,1033748,55
311,2,2966829,70
312,2,16565,45
313,2,54482,50
314,2,127341,50
315,2,5135,45
316,2,418852,74
317,2,1891263,76
318,2,5452,45
319,2,90851,54
320,2,17449,49
321,2,309876,74
322,2,49776,50
323,2,26610,50
324,2,9808,55
325,2,26815,45
326,2,176352,50
327,2,757065,75
328,2,3503305,125
329,2,243753,65
330,2,3607,45
331,2,4837,45
332,2,17285,40
333,2,415075,44
334,2,16101,40
335,2,472797,60
336,2,262538,65
337,2,33639,49
338,2,49721,40
339,2,1229968,60
340,2,538683,55
341,2,233474,55
342,2,688863,66
343,2,18555,49
344,2,17745,40
345,2,832545,95
346,2,494364,65
347,2,817354,55
348,2,1628706,95
349,2,17745,65
350,2,3282799,60
351,2,5207729,150
352,2,18611,70
353,2,75764,54
354,2,249050,55
355,2,206433,45
356,2,3895,50
357,2,7008,50
358,2,73048,55
359,2,8223,50
360,2,235845,64
361,2,448988,55
362,2,201862,55
363,2,815493,55
364,2,322984,50
365,2,22609,59
366,2,1776620,85
367,2,10125,45
368,2,70647,50
369,2,875857,50
370,2,18722,55
371,2,12326,45
372,2,1644956,65
373,2,12064,45
374,2,22959,40
375,2,44364,70
376,2,15721,45
377,2,72691,50
378,2,591550,55
379,2,1100,45
380,2,589233,45
381,2,87147,50
382,2,26288,65
383,2,610690,50
384,2,1935,50
385,2,412866,70
386,2,28027,64
387,2,45042,49
388,2,179384,45
389,2,482527,71
390,2,81253,40
391,2,75527,59
392,2,39809,65
393,2,1628,45
394,2,311788,65
395,2,1627229,45
396,2,99602,44
397,2,3446,50
398,2,2231462,75
399,2,484565,45
400,2,7113,45
401,2,5525861,85
402,2,184726,55
403,2,304116,60
404,2,13293,45
405,2,16820,45
406,2,3799,45
407,2,382,45
408,2,40776,40
409,2,268138,45
410,2,105177,50
411,2,216,50
412,2,12974,45
413,2,855716,50
414,2,28304,40
415,2,122684,54
416,2,43200,40
417,2,5004,55
418,2,1018843,59
419,2,40112,45
420,2,14514,50
421,2,5926,70
422,2,90573,45
423,2,14707,50
424,2,77258,60
425,2,26683,45
426,2,6320,45
427,2,29244,44
428,2,6624,45
429,2,3613,49
430,2,22067,50
431,2,3296,50
432,2,163934,55
433,2,414290,65
434,2,328588,55
435,2,4421,45
436,2,47827,45
437,2,48362,45
438,2,5238,45
439,2,148,50
440,2,6912,45
441,2,178,40
442,2,230565,45
443,2,118001,45
444,2,8050,45
445,2,1804369,40
446,2,161281,45
447,2,801636,61
448,2,6270,45
449,2,35817,50
450,2,10045,50
451,2,12749,45
452,2,6306,50
453,2,180975,55
454,2,26908,45
455,2,211257,40
456,2,32035,40
457,2,15272,40
458,2,8476,45
459,2,2667,50
460,2,17177,40
461,2,1043860,40
462,2,423,50
463,2,2405,50
464,2,6084,40
465,2,25145,40
466,2,28294,40
467,2,7563,45
468,2,8662,50
469,2,18825,45
470,2,10265,50
471,2,5840,50
472,2,34328,40
473,2,57433,45
474,2,14982,45
475,2,508089,40
476,2,47081,45
477,2,122200,40
478,2,50765,40
479,2,42643,40
480,2,18581,50
481,2,88305,45
482,2,8142,50
483,2,196,50
484,2,21315,45
485,2,10930,45
486,2,21143,45
487,2,2073,45
488,2,23716,45
489,2,23602,50
490,2,547,50
491,2,65871,65
492,2,207712,65
493,2,9366,50
494,2,495594,75
495,2,3281105,55
496,2,26984,45
497,2,124974,70
498,2,490910,50
499,2,25577,50
500,2,15790,45
501,2,4283,50
502,2,6128,55
503,2,871942,100
504,2,9656,45
505,2,362955,50
506,2,623739,45
507,2,1070,50
508,2,393735,50
509,2,25989,65
510,2,144603,40
511,2,7446,50
512,2,145902,55
513,2,895317,45
514,2,628805,75
515,2,3128,50
516,2,78558,45
517,2,227554,40
518,2,6240,50
519,2,7495,45
520,2,66134,45
521,2,1236799,40
522,2,15298,45
523,2,107343,50
524,2,77290,45
525,2,779757,65
526,2,3121,50
527,2,224261,60
528,2,11402,45
529,2,13425,45
530,2,237434,50
531,2,158814,65
532,2,50663,45
533,2,221512,45
534,2,6267,50
535,2,3919,50
536,2,207455,40
537,2,23743,45
538,2,8897,45
539,2,8078,45
540,2,12367,45
541,2,188122,65
542,2,17717,45
543,2,21053,45
544,2,4267,50
545,2,31835,50
546,2,561240,45
547,2,2468,45
548,2,8590,55
549,2,1612,45
550,2,83241,65
551,2,51984,45
552,2,32530,40
553,2,12488,50
554,2,226059,45
555,2,8284,50
556,2,121816,40
557,2,14851,50
558,2,80785,40
559,2,1142,45
560,2,106044,65
561,2,143202,40
562,2,5003,55
563,2,14430,55
564,2,8254,45
565,2,19657,55
566,2,22849,55
567,2,21092,45
568,2,34541,45
569,2,7332,55
570,2,75093,55
571,2,40739,65
572,2,13220,44
573,2,17601,45
574,2,12425,40
575,2,4415,40
576,2,2411,50
577,2,12039,54
578,2,206409,59
579,2,18924,45
580,2,12187,45
581,2,32295,45
582,2,27578,50
583,2,38894,40
584,2,72863,55
585,2,29102,60
586,2,5565,45
587,2,84926,60
588,2,7203,50
589,2,361419,70
590,2,11203,50
591,2,43788,45
592,2,19567,45
593,2,367361,50
594,2,884774,45
595,2,3660,55
596,2,10664,60
597,2,3587,45
598,2,11734,40
599,2,26709,40
600,2,1513,50
601,2,653,50
602,2,4029,45
603,2,13540,45
604,2,6690,45
605,2,2460,45
606,2,7416,45
607,2,1008,50
608,2,5153,45
609,2,35240,45
610,2,16047,45
611,2,14925,60
612,2,2391,55
613,2,1112,45
614,2,598,45
615,2,5374,40
616,2,2240,40
617,2,10269,60
618,2,2247,55
619,2,741,45
620,2,504,55
621,2,16637,65
622,2,685,50
623,2,199,50
624,2,1653,40
625,2,8404,65
626,2,0,45
627,2,0,40
1,3,2397,54
2,3,106691,68
3,3,1296327,60
4,3,1755160,81
5,3,5334,40
6,3,102931,55
7,3,27279,49
8,3,15992,49
9,3,249418,70
10,3,5122,50
11,3,41931,59
12,3,21665,45
13,3,1210007,84
14,3,107644,44
15,3,2865351,55
16,3,515468,64
17,3,3421437,101
18,3,3954073,60
19,3,2626644,56
20,3,147597,50
21,3,3267,44
22,3,4687,49
23,3,203684,69
24,3,962026,65
25,3,264308,50
26,3,55017,44
27,3,142592,50
28,3,317474,65
29,3,58524,54
30,3,5012,49
31,3,11112,54
32,3,232094,45
33,3,84891,45
34,3,2456,65
35,3,52558,45
36,3,290051,45
37,3,299,50
38,3,77745,60
39,3,84451,40
40,3,63490,40
41,3,5173,54
42,3,313,50
43,3,1661,40
44,3,1311949,45
45,3,295141,50
46,3,136,40
47,3,1292696,50
48,3,194171,55
49,3,5210,44
50,3,184347,40
51,3,8433,45
52,3,181453,45
53,3,33892,55
54,3,1402281,51
55,3,125,40
56,3,13714,40
57,3,123661,55
58,3,2885805,90
59,3,23218,45
60,3,670,50
61,3,41542,45
62,3,719,49
63,3,20266,49
64,3,7182,50
65,3,2144,54
66,3,1025,50
67,3,17280,45
68,3,37622,40
69,3,455405,45
70,3,46129,45
71,3,32016,54
72,3,7090,44
73,3,233977,45
74,3,2682,50
75,3,4141,40
76,3,5786,49
77,3,5140,50
78,3,316904,55
79,3,79136,49
80,3,15915,50
81,3,17855,45
82,3,1026784,75
83,3,31663,55
84,3,15067,45
85,3,44244,45
86,3,50299,45
87,3,8198,45
88,3,97670,45
89,3,6660,50
90,3,634,49
91,3,1111222,45
92,3,5568,44
93,3,2254,45
94,3,15088,50
95,3,15631,55
96,3,23967,40
97,3,6154,45
98,3,5592,50
99,3,603697,70
100,3,74216,45
101,3,12378,50
102,3,3926,49
103,3,4864,45
104,3,42821,45
105,3,12800,45
106,3,6776,55
107,3,2162,59
108,3,389098,73
109,3,419186,40
110,3,738698,61
111,3,253514,45
112,3,2486,45
113,3,95769,55
114,3,457,45
115,3,4002,50
116,3,1366339,40
117,3,16265,50
118,3,11741,45
119,3,2807,49
120,3,516904,45
121,3,6935,54
122,3,14157,50
123,3,11380,55
124,3,14605,50
125,3,4164,65
126,3,4326,50
127,3,644,50
128,3,10160,44
129,3,2133335,56
130,3,100,45
131,3,17660,45
132,3,595,65
133,3,3823,45
134,3,11044,50
135,3,133513,55
136,3,672158,66
137,3,28595,45
138,3,71596,45
139,3,16099,40
140,3,5179,45
141,3,2854,49
142,3,243067,45
143,3,825,55
144,3,41693,45
145,3,256915,45
146,3,38415,45
147,3,10444,45
148,3,1172309,56
149,3,12431,50
150,3,544,45
151,3,30856,45
152,3,40493,45
153,3,13307,45
154,3,27975,40
155,3,38863,40
156,3,9731,55
157,3,60944,50
158,3,12640,45
159,3,17493,44
160,3,67621,49
161,3,5638,49
162,3,119482,45
163,3,614141,50
164,3,12667,54
165,3,10933,50
166,3,19280,59
167,3,34727,44
168,3,169252,50
169,3,28395,59
170,3,7028,40
171,3,328309,50
172,3,8183,50
173,3,4296,45
174,3,136390,45
175,3,42039,63
176,3,403,45
177,3,1086203,65
178,3,76704,50
179,3,30516,64
180,3,536935,76
181,3,764722,63
182,3,4154208,106
183,3,57289,44
184,3,16891,45
185,3,388986,45
186,3,119706,68
187,3,18974,44
188,3,35959,45
189,3,52543,45
190,3,33669,45
191,3,1426373,45
192,3,30593,54
193,3,8205,49
194,3,16958,45
195,3,11658,45
196,3,10839,44
197,3,448,45
198,3,64087,54
199,3,2419812,69
200,3,606743,45
201,3,1472632,45
202,3,9586,44
203,3,3726,49
204,3,38643,44
205,3,33355,54
206,3,6216,49
207,3,470610,75
208,3,11607,44
209,3,93857,40
210,3,190722,50
211,3,373102,50
212,3,237,45
213,3,12620,45
214,3,9507,49
215,3,12695,45
216,3,42028,50
217,3,37931,54
218,3,60271,50
219,3,115349,49
220,3,153872,59
221,3,3304,44
222,3,6741,50
223,3,1467,50
224,3,15886,55
225,3,57395,40
226,3,78029,45
227,3,60738,40
228,3,228665,40
229,3,129316,49
230,3,64431,54
231,3,669402,44
232,3,17168,54
233,3,397994,50
234,3,1584,44
235,3,1184757,49
236,3,148832,49
237,3,1182,50
238,3,14402,45
239,3,118606,50
240,3,317522,55
241,3,43020,45
242,3,49305,40
243,3,3928,49
244,3,184572,44
245,3,32003,45
246,3,856,45
247,3,128792,55
248,3,314247,50
249,3,5929,50
250,3,48927,40
251,3,1045452,61
252,3,43256,55
253,3,958,45
254,3,4017,50
255,3,1444249,46
256,3,11974,50
257,3,44366,45
258,3,58183,50
259,3,15210,54
260,3,39398,50
261,3,2975,40
262,3,971,50
263,3,32052,40
264,3,4792,49
265,3,20004,54
266,3,2630,40
267,3,152917,45
268,3,48180,55
269,3,17982,40
270,3,102503,40
271,3,2368,49
272,3,1346,54
273,3,3854,45
274,3,50708,55
275,3,455232,40
276,3,209294,45
277,3,60968,45
278,3,18340,50
279,3,719,40
280,3,88886,40
281,3,3107,49
282,3,134718,40
283,3,24593,45
284,3,148421,40
285,3,20154,45
286,3,149554,45
287,3,25280,45
288,3,21015,40
289,3,17498,49
290,3,12877,55
291,3,1117010,41
292,3,4961,45
293,3,49768,45
294,3,74080,40
295,3,27574,45
296,3,12123,45
297,3,4522,45
298,3,31188,54
299,3,3965,49
300,3,15377,50
301,3,18675,40
302,3,17235,44
303,3,1577,40
304,3,4653,40
305,3,51914,40
306,3,727503,56
307,3,302305,40
308,3,261896,40
309,3,1406696,45
310,3,1067940,55
311,3,2989044,70
312,3,15052,45
313,3,48658,49
314,3,109700,49
315,3,3570,45
316,3,316309,73
317,3,1988677,76
318,3,5408,45
319,3,71825,53
320,3,20272,49
321,3,247819,73
322,3,47776,49
323,3,30588,50
324,3,7851,54
325,3,26248,44
326,3,255327,50
327,3,955542,75
328,3,3748214,126
329,3,220927,64
330,3,3839,45
331,3,5133,45
332,3,19557,40
333,3,309511,43
334,3,12204,40
335,3,529916,60
336,3,233517,65
337,3,27733,48
338,3,74614,40
339,3,1315401,60
340,3,579233,55
341,3,192348,54
342,3,602485,66
343,3,13613,49
344,3,19798,40
345,3,1179540,96
346,3,425024,65
347,3,820193,55
348,3,884250,94
349,3,16925,64
350,3,3142610,60
351,3,6054723,151
352,3,14386,70
353,3,51693,53
354,3,155025,55
355,3,434982,46
356,3,3913,49
357,3,6291,49
358,3,66006,54
359,3,8123,50
360,3,181931,64
361,3,472821,55
362,3,187453,54
363,3,625503,54
364,3,418483,50
365,3,22561,59
366,3,1345830,84
367,3,10042,45
368,3,66794,50
369,3,799582,50
370,3,16600,54
371,3,11693,44
372,3,1260746,64
373,3,10746,45
374,3,24839,40
375,3,37780,69
376,3,11244,44
377,3,72975,50
378,3,513548,55
379,3,976,44
380,3,549345,45
381,3,64046,49
382,3,17627,64
383,3,537051,50
384,3,1310,50
385,3,313798,69
386,3,23317,63
387,3,35121,49
388,3,176074,45
389,3,404151,71
390,3,89171,40
391,3,63509,58
392,3,37478,64
393,3,1519,45
394,3,267780,64
395,3,1543965,45
396,3,89846,44
397,3,3437,49
398,3,2046235,75
399,3,406649,45
400,3,7411,45
401,3,4766539,85
402,3,110889,54
403,3,266545,60
404,3,13311,45
405,3,19037,45
406,3,3928,45
407,3,373,45
408,3,43352,40
409,3,265231,45
410,3,90362,50
411,3,227,50
412,3,12728,45
413,3,839389,50
414,3,31236,40
415,3,92533,54
416,3,48660,40
417,3,13419,55
418,3,838238,59
419,3,44133,45
420,3,12770,49
421,3,4858,69
422,3,196208,44
423,3,14399,50
424,3,62136,59
425,3,24937,45
426,3,6412,45
427,3,26693,44
428,3,6573,45
429,3,2693,49
430,3,21400,50
431,3,3089,49
432,3,150115,54
433,3,484356,65
434,3,287806,55
435,3,4034,45
436,3,61601,45
437,3,71770,45
438,3,3744,45
439,3,127,50
440,3,6621,44
441,3,152,40
442,3,268272,45
443,3,167878,45
444,3,7605,45
445,3,1783417,40
446,3,244226,45
447,3,789654,61
448,3,4935,45
449,3,26451,50
450,3,7659,49
451,3,12870,45
452,3,6416,50
453,3,159267,55
454,3,20941,45
455,3,268839,40
456,3,31755,40
457,3,15929,40
458,3,7655,45
459,3,2582,49
460,3,17720,40
461,3,1136280,40
462,3,433,50
463,3,2112,50
464,3,6014,40
465,3,21827,40
466,3,30848,40
467,3,7344,44
468,3,6765,50
469,3,24742,45
470,3,10340,50
471,3,5617,50
472,3,70610,40
473,3,58148,45
474,3,14874,45
475,3,492684,40
476,3,48388,45
477,3,137066,40
478,3,42128,40
479,3,48890,40
480,3,13787,50
481,3,93587,45
482,3,49892,50
483,3,164,50
484,3,20494,45
485,3,11661,45
486,3,18707,44
487,3,1608,45
488,3,23365,45
489,3,21007,49
490,3,457,50
491,3,53310,64
492,3,195104,64
493,3,9004,49
494,3,509642,75
495,3,3565812,55
496,3,23501,44
497,3,88492,70
498,3,907590,51
499,3,21449,49
500,3,13402,45
501,3,4224,50
502,3,5005,54
503,3,1024528,100
504,3,9430,45
505,3,364529,50
506,3,814674,45
507,3,892,50
508,3,406559,50
509,3,20154,64
510,3,163926,40
511,3,9480,50
512,3,137511,55
513,3,906421,45
514,3,595320,75
515,3,3096,49
516,3,84394,45
517,3,221124,40
518,3,5852,50
519,3,6172,45
520,3,70586,45
521,3,1272471,40
522,3,15140,45
523,3,108004,50
524,3,237740,45
525,3,619152,64
526,3,3021,49
527,3,209489,60
528,3,15914,45
529,3,12392,44
530,3,326006,50
531,3,117696,64
532,3,46391,44
533,3,251262,45
534,3,5581,50
535,3,4097,50
536,3,214435,40
537,3,26867,45
538,3,7777,45
539,3,9685,45
540,3,16414,45
541,3,282792,65
542,3,17648,45
543,3,21002,45
544,3,4193,49
545,3,31428,50
546,3,485124,45
547,3,2524,45
548,3,8464,54
549,3,1271,45
550,3,73088,64
551,3,52155,45
552,3,28663,40
553,3,12372,50
554,3,220696,45
555,3,6247,49
556,3,141813,40
557,3,14590,50
558,3,95582,40
559,3,3397,45
560,3,107645,65
561,3,159108,40
562,3,5416,55
563,3,13055,55
564,3,8143,45
565,3,16910,54
566,3,85873,55
567,3,21398,45
568,3,35217,44
569,3,6763,54
570,3,70066,55
571,3,234408,65
572,3,11777,44
573,3,22945,45
574,3,13407,40
575,3,3772,40
576,3,2346,49
577,3,10561,54
578,3,180050,59
579,3,17474,44
580,3,11915,45
581,3,29224,44
582,3,24853,49
583,3,40928,40
584,3,60838,55
585,3,22812,59
586,3,5641,45
587,3,61287,59
588,3,8277,50
589,3,265520,69
590,3,11951,50
591,3,39794,45
592,3,22546,45
593,3,321137,50
594,3,1166287,45
595,3,3354,55
596,3,10757,60
597,3,4486,45
598,3,15694,40
599,3,36994,40
600,3,1776,50
601,3,471,50
602,3,4837,45
603,3,19217,45
604,3,8369,45
605,3,3006,45
606,3,8639,45
607,3,1048,50
608,3,9504,45
609,3,77278,45
610,3,20895,45
611,3,46176,60
612,3,5258,55
613,3,1781,45
614,3,1131,45
615,3,9795,40
616,3,4919,40
617,3,35863,60
618,3,3760,55
619,3,2025,45
620,3,1175,55
621,3,107515,65
622,3,1415,50
623,3,736,50
624,3,12070,40
625,3,28956,65
626,3,653,45
627,3,2749,40
628,3,6882,45
629,3,304,55
630,3,1733,40
631,3,1171,55
632,3,407,50
633,3,1065,60
634,3,83,50
635,3,1272,50
636,3,11351,70
637,3,3273,40
638,3,0,45
639,3,0,45
640,3,0,40
641,3,0,40
642,3,0,50
643,3,0,40
644,3,0,45
645,3,0,45
646,3,0,45
647,3,0,45
648,3,0,45
1,4,1650,54
2,4,82577,68
3,4,1208425,60
4,4,1804099,81
5,4,4862,40
6,4,106693,55
7,4,28424,49
8,4,15388,49
9,4,200769,69
10,4,6761,50
11,4,85674,59
12,4,26639,45
13,4,715216,83
14,4,176635,44
15,4,2823889,55
16,4,302817,63
17,4,3080836,101
18,4,3736254,60
19,4,2592259,56
20,4,152755,50
21,4,2918,44
22,4,4106,49
23,4,185675,69
24,4,858247,65
25,4,227563,49
26,4,48636,44
27,4,172236,50
28,4,160644,64
29,4,50954,53
30,4,3303,49
31,4,10277,54
32,4,163873,44
33,4,64707,45
34,4,2140,65
35,4,37781,45
36,4,660174,46
37,4,271,50
38,4,168399,60
39,4,88084,40
40,4,68922,40
41,4,3621,54
42,4,342,50
43,4,1492,40
44,4,1353775,45
45,4,258765,49
46,4,125,40
47,4,1357423,50
48,4,179977,54
49,4,5015,44
50,4,204262,40
51,4,10076,45
52,4,239907,45
53,4,39423,55
54,4,1625941,51
55,4,117,40
56,4,11651,40
57,4,128055,55
58,4,2322775,89
59,4,22293,44
60,4,637,50
61,4,29702,45
62,4,720,49
63,4,22843,49
64,4,12197,50
65,4,2007,54
66,4,850,50
67,4,12360,45
68,4,38808,40
69,4,320505,45
70,4,41068,45
71,4,33155,54
72,4,5241,44
73,4,174820,44
74,4,2990,50
75,4,3770,40
76,4,5053,48
77,4,5049,49
78,4,610621,56
79,4,69076,49
80,4,51718,50
81,4,17161,45
82,4,697234,75
83,4,30733,55
84,4,15181,45
85,4,38452,45
86,4,36830,45
87,4,10033,45
88,4,117158,45
89,4,6863,50
90,4,566,49
91,4,1123243,45
92,4,4895,44
93,4,1924,44
94,4,18917,49
95,4,13963,55
96,4,24156,40
97,4,6948,45
98,4,5078,50
99,4,817384,71
100,4,64623,44
101,4,11516,50
102,4,2531,49
103,4,3507,45
104,4,38340,45
105,4,10204,45
106,4,7320,55
107,4,1977,59
108,4,202713,73
109,4,399710,40
110,4,769897,61
111,4,240167,45
112,4,2075,45
113,4,104017,55
114,4,394,45
115,4,5625,50
116,4,1030471,40
117,4,35432,50
118,4,7998,45
119,4,1940,49
120,4,810117,45
121,4,8797,54
122,4,53033,50
123,4,17654,55
124,4,7572,50
125,4,3459,65
126,4,6543,50
127,4,543,50
128,4,10550,44
129,4,3431592,57
130,4,87,45
131,4,18995,45
132,4,588,65
133,4,2800,45
134,4,8416,50
135,4,265071,55
136,4,1080160,67
137,4,28801,45
138,4,52919,45
139,4,11813,40
140,4,6234,45
141,4,1864,49
142,4,276280,45
143,4,687,55
144,4,74004,45
145,4,281663,45
146,4,194674,45
147,4,10734,45
148,4,1813240,57
149,4,9069,50
150,4,480,45
151,4,27291,45
152,4,46983,45
153,4,13507,44
154,4,28593,40
155,4,39038,40
156,4,9620,55
157,4,60273,50
158,4,14701,45
159,4,20385,44
160,4,63151,49
161,4,6339,49
162,4,143468,45
163,4,609782,50
164,4,12410,54
165,4,13154,50
166,4,16996,58
167,4,32983,44
168,4,168846,50
169,4,21606,59
170,4,6036,40
171,4,228570,50
172,4,8172,50
173,4,4394,45
174,4,106525,45
175,4,28464,63
176,4,356,45
177,4,1249816,66
178,4,76757,50
179,4,28945,64
180,4,704148,76
181,4,485267,62
182,4,4019324,106
183,4,40296,44
184,4,21435,45
185,4,436336,45
186,4,125804,68
187,4,16936,44
188,4,39781,45
189,4,58360,45
190,4,23881,45
191,4,1161192,44
192,4,28054,54
193,4,16124,49
194,4,18495,45
195,4,8487,44
196,4,13313,44
197,4,382,45
198,4,45640,54
199,4,2697458,69
200,4,599528,45
201,4,1479751,45
202,4,9520,44
203,4,4214,49
204,4,47098,44
205,4,29363,54
206,4,6054,49
207,4,409392,74
208,4,71186,44
209,4,89475,40
210,4,181943,49
211,4,351199,50
212,4,197,45
213,4,9412,45
214,4,8950,49
215,4,12586,44
216,4,38004,49
217,4,30683,53
218,4,78459,50
219,4,91529,49
220,4,189678,59
221,4,4047,44
222,4,6324,49
223,4,1679,50
224,4,14497,54
225,4,41242,40
226,4,140834,45
227,4,55019,40
228,4,564328,40
229,4,77490,49
230,4,61112,54
231,4,546576,44
232,4,27162,54
233,4,1164286,51
234,4,1427,44
235,4,1005768,49
236,4,127697,49
237,4,1210,50
238,4,14531,45
239,4,345857,50
240,4,259353,54
241,4,42852,45
242,4,49379,40
243,4,3995,49
244,4,148504,44
245,4,30746,45
246,4,732,45
247,4,120152,55
248,4,291193,50
249,4,5952,50
250,4,34989,40
251,4,755419,61
252,4,41230,54
253,4,842,45
254,4,4509,49
255,4,1794588,46
256,4,7539,50
257,4,42014,45
258,4,57941,50
259,4,14169,54
260,4,39644,50
261,4,2624,40
262,4,825,49
263,4,31764,40
264,4,3987,49
265,4,16857,54
266,4,2627,40
267,4,176521,45
268,4,103161,55
269,4,13517,40
270,4,180047,40
271,4,1591,49
272,4,1469,54
273,4,3071,45
274,4,44439,54
275,4,416459,40
276,4,151747,45
277,4,65428,45
278,4,16737,49
279,4,635,40
280,4,87491,40
281,4,3218,49
282,4,173853,40
283,4,23124,45
284,4,180656,40
285,4,20459,45
286,4,107773,45
287,4,24444,45
288,4,27000,40
289,4,16140,49
290,4,11200,54
291,4,1296219,41
292,4,5255,45
293,4,53937,45
294,4,71777,40
295,4,27296,45
296,4,12760,45
297,4,3229,45
298,4,25434,53
299,4,4234,49
300,4,18319,50
301,4,21516,40
302,4,15573,44
303,4,1390,40
304,4,4643,40
305,4,50978,40
306,4,691732,56
307,4,308083,40
308,4,254032,40
309,4,1522787,45
310,4,1403696,55
311,4,3246316,70
312,4,9594,45
313,4,42910,49
314,4,89847,49
315,4,2833,45
316,4,255882,72
317,4,1776181,76
318,4,3676,45
319,4,49286,53
320,4,18637,49
321,4,207627,72
322,4,45110,49
323,4,56358,50
324,4,6123,53
325,4,24994,44
326,4,553898,50
327,4,2134735,77
328,4,4742696,127
329,4,207439,64
330,4,4274,45
331,4,5445,45
332,4,13579,40
333,4,216047,42
334,4,10058,40
335,4,791285,60
336,4,260609,65
337,4,24230,48
338,4,93946,40
339,4,1470260,60
340,4,571611,55
341,4,158393,54
342,4,676001,66
343,4,10859,48
344,4,20802,40
345,4,1153942,96
346,4,366083,65
347,4,826949,55
348,4,609339,93
349,4,22113,64
350,4,2799367,60
351,4,6928685,152
352,4,12409,70
353,4,34084,53
354,4,167651,55
355,4,1161030,47
356,4,10144,49
357,4,5288,49
358,4,62221,54
359,4,8378,50
360,4,192092,64
361,4,465988,55
362,4,170047,54
363,4,549037,54
364,4,426435,50
365,4,22748,58
366,4,1178862,84
367,4,10018,44
368,4,58445,50
369,4,787714,50
370,4,16254,54
371,4,11606,44
372,4,1093417,64
373,4,7833,45
374,4,25553,40
375,4,35651,69
376,4,9220,44
377,4,72824,50
378,4,470039,54
379,4,946,44
380,4,533899,45
381,4,32686,49
382,4,13078,64
383,4,516214,50
384,4,1092,50
385,4,289386,69
386,4,33467,63
387,4,29321,49
388,4,188500,45
389,4,391281,70
390,4,98375,40
391,4,58995,58
392,4,85256,64
393,4,1488,45
394,4,240268,64
395,4,1417167,45
396,4,79378,43
397,4,3562,49
398,4,1699237,74
399,4,303651,44
400,4,8775,45
401,4,4192833,85
402,4,83894,53
403,4,250405,60
404,4,18328,45
405,4,19242,45
406,4,4735,45
407,4,388,45
408,4,37993,40
409,4,303299,45
410,4,86708,49
411,4,227,50
412,4,12421,44
413,4,925661,50
414,4,32854,40
415,4,93539,54
416,4,54958,40
417,4,28721,55
418,4,699073,58
419,4,29356,45
420,4,9671,49
421,4,4461,69
422,4,219309,44
423,4,17928,50
424,4,47479,58
425,4,20676,45
426,4,4543,45
427,4,23358,44
428,4,7174,45
429,4,2261,48
430,4,23068,49
431,4,2974,49
432,4,121525,54
433,4,359779,65
434,4,212968,54
435,4,3106,45
436,4,56736,45
437,4,66011,45
438,4,3060,45
439,4,110,50
440,4,6308,44
441,4,135,40
442,4,254707,45
443,4,184251,45
444,4,7138,44
445,4,1673321,40
446,4,326865,45
447,4,703849,61
448,4,3839,45
449,4,21845,50
450,4,4792,49
451,4,14189,45
452,4,6565,50
453,4,119236,55
454,4,17576,44
455,4,332486,40
456,4,31385,40
457,4,16517,40
458,4,5810,45
459,4,2212,49
460,4,18039,40
461,4,1108893,40
462,4,360,50
463,4,2883,50
464,4,7215,40
465,4,18655,40
466,4,31077,40
467,4,6914,44
468,4,5104,50
469,4,22549,45
470,4,11665,50
471,4,5186,50
472,4,102429,40
473,4,79532,45
474,4,28080,45
475,4,462007,40
476,4,46240,45
477,4,152200,40
478,4,33734,40
479,4,52101,40
480,4,14946,50
481,4,106388,45
482,4,48473,50
483,4,148,50
484,4,20752,44
485,4,11755,45
486,4,19950,44
487,4,1367,45
488,4,23349,45
489,4,19349,49
490,4,395,50
491,4,46647,64
492,4,159878,64
493,4,5357,49
494,4,431089,75
495,4,3445940,55
496,4,22162,44
497,4,53310,69
498,4,1016643,51
499,4,22239,49
500,4,11508,45
501,4,4673,49
502,4,3601,54
503,4,885174,100
504,4,9461,44
505,4,341748,50
506,4,711900,45
507,4,790,50
508,4,375696,50
509,4,18349,63
510,4,162770,40
511,4,12384,50
512,4,147836,55
513,4,824323,45
514,4,611084,75
515,4,3332,49
516,4,83412,45
517,4,179134,40
518,4,5719,49
519,4,5248,45
520,4,71766,45
521,4,1560144,40
522,4,16153,45
523,4,121510,50
524,4,312203,45
525,4,575587,64
526,4,2891,49
527,4,216466,60
528,4,19983,45
529,4,8563,44
530,4,332326,50
531,4,99348,63
532,4,34373,44
533,4,217568,45
534,4,3968,49
535,4,7220,50
536,4,207669,40
537,4,19458,45
538,4,5969,45
539,4,89974,45
540,4,27055,45
541,4,242998,65
542,4,18141,45
543,4,20250,45
544,4,4545,49
545,4,20175,50
546,4,376029,45
547,4,2969,45
548,4,7834,54
549,4,1096,45
550,4,58389,63
551,4,40429,45
552,4,23949,40
553,4,11830,49
554,4,198038,45
555,4,5680,49
556,4,155082,40
557,4,14158,50
558,4,117698,40
559,4,5967,45
560,4,93108,64
561,4,163450,40
562,4,4335,55
563,4,10882,54
564,4,8101,44
565,4,14103,53
566,4,87574,55
567,4,20832,45
568,4,41014,44
569,4,5257,54
570,4,65889,55
571,4,133125,65
572,4,10615,44
573,4,22998,45
574,4,13036,40
575,4,3331,40
576,4,2595,49
577,4,8828,53
578,4,149968,58
579,4,16207,44
580,4,11489,45
581,4,26993,44
582,4,21703,49
583,4,43312,40
584,4,49799,54
585,4,21168,59
586,4,5582,44
587,4,53894,58
588,4,8542,50
589,4,189047,68
590,4,13883,50
591,4,37733,45
592,4,22590,45
593,4,316358,50
594,4,1464743,45
595,4,2660,54
596,4,10414,60
597,4,5493,45
598,4,32531,40
599,4,38870,40
600,4,2545,50
601,4,394,50
602,4,5770,45
603,4,24278,45
604,4,10671,45
605,4,3779,45
606,4,11046,45
607,4,1234,50
608,4,18384,45
609,4,167672,45
610,4,29383,45
611,4,44029,60
612,4,6366,55
613,4,6858,45
614,4,811,45
615,4,7563,40
616,4,3288,40
617,4,28366,60
618,4,4807,55
619,4,4673,45
620,4,1750,55
621,4,110232,65
622,4,1695,50
623,4,1031,50
624,4,16282,40
625,4,31139,65
626,4,940,45
627,4,4649,40
628,4,15405,45
629,4,382,55
630,4,5675,40
631,4,2252,55
632,4,1238,50
633,4,684,60
634,4,394,50
635,4,4093,50
636,4,30976,70
637,4,21924,40
638,4,945,45
639,4,859,45
640,4,3799,40
641,4,28176,40
642,4,844,50
643,4,11183,40
644,4,2117,45
645,4,531,45
646,4,2490,45
647,4,1601,45
648,4,103635,45
649,4,1200,40
650,4,2507,45
651,4,218,50
652,4,7689,50
653,4,447,45
654,4,875,50
655,4,535,55
656,4,0,45
657,4,0,40
658,4,0,40
659,4,0,45
1,5,1494,54
2,5,89599,68
3,5,1375740,60
4,5,1733362,81
5,5,4663,40
6,5,124508,55
7,5,29155,49
8,5,15120,49
9,5,190107,69
10,5,6967,50
11,5,105775,59
12,5,28148,45
13,5,533452,83
14,5,206185,44
15,5,2945014,55
16,5,301888,63
17,5,2931215,100
18,5,3663934,60
19,5,2822238,57
20,5,152967,50
21,5,2761,44
22,5,3893,48
23,5,179003,69
24,5,828404,65
25,5,184385,49
26,5,53734,44
27,5,179382,50
28,5,142911,64
29,5,49799,53
30,5,2950,49
31,5,10052,54
32,5,143366,44
33,5,53665,45
34,5,2039,65
35,5,39882,45
36,5,830162,46
37,5,256,50
38,5,414473,61
39,5,88342,40
40,5,67919,40
41,5,3176,54
42,5,348,50
43,5,1395,40
44,5,1342311,45
45,5,241577,49
46,5,119,40
47,5,1382650,50
48,5,172734,54
49,5,4865,44
50,5,186958,40
51,5,10432,45
52,5,238941,45
53,5,45163,55
54,5,1639922,51
55,5,115,40
56,5,10798,40
57,5,139491,55
58,5,2964269,90
59,5,21374,44
60,5,627,49
61,5,25952,45
62,5,992,49
63,5,21905,49
64,5,12329,50
65,5,2721,54
66,5,775,50
67,5,10962,45
68,5,38605,40
69,5,281123,45
70,5,40682,45
71,5,32056,54
72,5,4634,44
73,5,154013,44
74,5,2369,50
75,5,3631,40
76,5,6082,48
77,5,4959,49
78,5,622698,56
79,5,64873,49
80,5,50533,50
81,5,18408,45
82,5,811901,75
83,5,35852,55
84,5,15304,44
85,5,36971,45
86,5,36902,45
87,5,10108,45
88,5,115348,45
89,5,7114,50
90,5,526,49
91,5,1115324,45
92,5,4522,44
93,5,1771,44
94,5,22196,49
95,5,10700,54
96,5,23936,40
97,5,6916,45
98,5,5188,50
99,5,1022015,71
100,5,60744,44
101,5,11772,49
102,5,2213,49
103,5,3137,45
104,5,37771,45
105,5,9875,45
106,5,17286,54
107,5,1959,59
108,5,176047,73
109,5,394283,40
110,5,495998,61
111,5,231661,45
112,5,1917,45
113,5,94940,55
114,5,366,45
115,5,7327,50
116,5,911285,40
117,5,32267,50
118,5,6868,45
119,5,1730,49
120,5,863587,46
121,5,8935,54
122,5,52548,50
123,5,23668,55
124,5,6297,50
125,5,3226,65
126,5,6434,50
127,5,506,50
128,5,10282,44
129,5,2945572,57
130,5,76,45
131,5,19145,45
132,5,603,65
133,5,2519,45
134,5,7209,50
135,5,252438,55
136,5,1081542,67
137,5,36973,44
138,5,48203,45
139,5,10785,40
140,5,6282,45
141,5,1652,49
142,5,221789,45
143,5,640,55
144,5,83538,45
145,5,379699,45
146,5,233147,45
147,5,10668,44
148,5,1985030,58
149,5,8372,49
150,5,450,45
151,5,24138,45
152,5,48397,45
153,5,12991,44
154,5,28687,40
155,5,38845,40
156,5,7933,55
157,5,69209,49
158,5,14873,45
159,5,16742,44
160,5,61154,48
161,5,6171,49
162,5,163296,45
163,5,624116,50
164,5,9962,54
165,5,14055,50
166,5,15687,58
167,5,38136,44
168,5,156615,50
169,5,19820,59
170,5,5677,40
171,5,172317,49
172,5,7304,50
173,5,3878,45
174,5,94411,45
175,5,26220,63
176,5,336,45
177,5,1261725,66
178,5,71810,50
179,5,27483,63
180,5,736895,76
181,5,488660,62
182,5,4094666,106
183,5,34889,44
184,5,28659,45
185,5,689266,46
186,5,121288,68
187,5,16601,44
188,5,44894,45
189,5,76947,45
190,5,21033,45
191,5,1094620,44
192,5,26910,53
193,5,12383,49
194,5,17577,45
195,5,7519,44
196,5,12960,44
197,5,357,45
198,5,41869,54
199,5,2536985,69
200,5,568415,45
201,5,1372393,45
202,5,9351,44
203,5,4071,49
204,5,48928,44
205,5,23698,53
206,5,5813,49
207,5,495230,74
208,5,86938,44
209,5,88016,40
210,5,175982,49
211,5,308579,49
212,5,186,45
213,5,8213,45
214,5,8355,49
215,5,12215,44
216,5,38461,49
217,5,27682,53
218,5,77895,50
219,5,82598,49
220,5,408771,59
221,5,3631,44
222,5,6276,49
223,5,1715,50
224,5,13351,54
225,5,36730,40
226,5,147084,45
227,5,53751,40
228,5,566968,40
229,5,63313,49
230,5,256754,54
231,5,474383,44
232,5,28361,54
233,5,1265414,52
234,5,1351,44
235,5,946255,49
236,5,115646,49
237,5,1097,49
238,5,15441,45
239,5,369926,50
240,5,232630,54
241,5,42961,45
242,5,49127,40
243,5,3881,49
244,5,135247,43
245,5,28805,45
246,5,682,45
247,5,116202,55
248,5,279737,50
249,5,5948,50
250,5,31387,40
251,5,540400,60
252,5,81801,54
253,5,794,45
254,5,4377,49
255,5,1797072,47
256,5,6603,50
257,5,41468,45
258,5,46467,50
259,5,13404,54
260,5,37601,50
261,5,2474,40
262,5,811,49
263,5,31066,40
264,5,4136,49
265,5,15327,53
266,5,2400,40
267,5,206391,45
268,5,137456,55
269,5,12295,40
270,5,252259,40
271,5,1398,49
272,5,1669,54
273,5,2744,45
274,5,43227,54
275,5,393131,40
276,5,134869,45
277,5,64811,45
278,5,16226,49
279,5,607,40
280,5,86383,40
281,5,3132,49
282,5,254407,40
283,5,21791,45
284,5,184278,40
285,5,19781,45
286,5,96576,45
287,5,24112,45
288,5,28518,40
289,5,14522,49
290,5,10094,54
291,5,1346776,41
292,5,5190,45
293,5,56728,45
294,5,70615,40
295,5,29264,45
296,5,13828,45
297,5,2880,45
298,5,33840,53
299,5,4047,49
300,5,62188,50
301,5,23759,40
302,5,14670,44
303,5,1327,40
304,5,4701,40
305,5,49868,40
306,5,1224199,57
307,5,296952,40
308,5,250999,40
309,5,1567079,45
310,5,1276919,55
311,5,3285302,71
312,5,8307,45
313,5,40693,48
314,5,87591,48
315,5,2593,45
316,5,237329,72
317,5,1641967,76
318,5,3255,45
319,5,38446,52
320,5,17537,49
321,5,203266,72
322,5,44047,49
323,5,64879,50
324,5,6423,53
325,5,41029,44
326,5,639182,51
327,5,2481914,78
328,5,4921421,127
329,5,200083,64
330,5,4330,45
331,5,5459,45
332,5,12294,40
333,5,185094,42
334,5,9204,40
335,5,810736,60
336,5,264698,65
337,5,24124,47
338,5,107520,40
339,5,1546242,60
340,5,551559,55
341,5,127249,53
342,5,597720,66
343,5,9766,48
344,5,21205,40
345,5,928993,96
346,5,292835,65
347,5,832093,55
348,5,570824,93
349,5,23701,64
350,5,2506781,60
351,5,7253417,153
352,5,11881,70
353,5,30591,53
354,5,147368,55
355,5,1129358,47
356,5,9502,49
357,5,5092,48
358,5,59830,54
359,5,8630,50
360,5,198008,64
361,5,440185,55
362,5,166714,54
363,5,532829,53
364,5,519075,50
365,5,23143,58
366,5,1139395,83
367,5,9838,44
368,5,55642,49
369,5,878999,50
370,5,17385,54
371,5,11547,44
372,5,1117258,64
373,5,6932,45
374,5,25587,40
375,5,35760,69
376,5,8471,44
377,5,67705,50
378,5,439743,54
379,5,918,44
380,5,519779,45
381,5,26443,49
382,5,12046,63
383,5,569878,50
384,5,1023,50
385,5,405441,69
386,5,84250,63
387,5,26565,49
388,5,187892,45
389,5,370580,70
390,5,99439,40
391,5,55223,57
392,5,221511,64
393,5,1484,44
394,5,241013,64
395,5,1349728,45
396,5,76354,43
397,5,3524,49
398,5,1583890,74
399,5,285806,44
400,5,8974,45
401,5,3096769,84
402,5,73320,53
403,5,222981,60
404,5,17976,45
405,5,18653,45
406,5,4918,45
407,5,406,45
408,5,32503,40
409,5,303731,45
410,5,80260,49
411,5,229,50
412,5,12161,44
413,5,928683,50
414,5,33129,40
415,5,121229,54
416,5,55747,40
417,5,34114,55
418,5,654754,58
419,5,26262,45
420,5,19438,48
421,5,4209,69
422,5,512569,45
423,5,20537,50
424,5,43975,58
425,5,18089,44
426,5,4110,45
427,5,22306,43
428,5,7303,45
429,5,2060,48
430,5,29253,49
431,5,3027,49
432,5,121649,53
433,5,357182,64
434,5,244528,54
435,5,2803,45
436,5,75940,45
437,5,63914,45
438,5,2793,45
439,5,107,50
440,5,6167,44
441,5,126,40
442,5,212572,45
443,5,249547,45
444,5,6894,44
445,5,1616514,40
446,5,273467,45
447,5,772333,61
448,5,3483,45
449,5,20838,50
450,5,4037,49
451,5,13911,45
452,5,5953,50
453,5,105783,54
454,5,16058,44
455,5,340678,40
456,5,30824,40
457,5,16513,40
458,5,5278,45
459,5,1826,49
460,5,17991,40
461,5,1091556,40
462,5,329,50
463,5,3059,50
464,5,7524,40
465,5,17610,40
466,5,31057,40
467,5,6693,44
468,5,4550,50
469,5,21102,45
470,5,11791,50
471,5,4294,50
472,5,83673,40
473,5,209798,45
474,5,31524,45
475,5,445226,40
476,5,46480,45
477,5,155521,40
478,5,31227,40
479,5,52861,40
480,5,16182,50
481,5,105233,45
482,5,38966,50
483,5,145,50
484,5,20460,44
485,5,9970,45
486,5,19178,44
487,5,1285,45
488,5,23047,44
489,5,18118,49
490,5,381,50
491,5,47422,64
492,5,160487,63
493,5,4709,49
494,5,430205,75
495,5,3516690,56
496,5,21173,44
497,5,46537,69
498,5,1079613,51
499,5,21457,49
500,5,10804,45
501,5,4996,49
502,5,3287,54
503,5,936643,100
504,5,9366,44
505,5,346733,50
506,5,747823,45
507,5,746,50
508,5,390976,50
509,5,17377,63
510,5,162028,40
511,5,13068,50
512,5,145794,55
513,5,817400,45
514,5,653433,75
515,5,3252,49
516,5,80258,45
517,5,180590,40
518,5,6607,49
519,5,4911,45
520,5,62502,45
521,5,1587809,40
522,5,16083,44
523,5,186526,50
524,5,312218,45
525,5,534684,64
526,5,2801,49
527,5,200514,60
528,5,21096,45
529,5,7370,44
530,5,311866,50
531,5,96179,63
532,5,28567,44
533,5,192717,45
534,5,3643,49
535,5,8030,50
536,5,205587,40
537,5,16892,45
538,5,5419,45
539,5,124808,45
540,5,29652,45
541,5,231215,65
542,5,20015,45
543,5,19997,45
544,5,4454,49
545,5,17476,50
546,5,338642,45
547,5,3141,45
548,5,7610,54
549,5,1026,45
550,5,52012,63
551,5,37277,45
552,5,22372,40
553,5,12121,49
554,5,185347,44
555,5,5262,49
556,5,158944,40
557,5,38369,50
558,5,123035,40
559,5,7992,45
560,5,80588,64
561,5,165310,40
562,5,3535,55
563,5,9926,54
564,5,8152,44
565,5,12844,53
566,5,109956,55
567,5,18725,44
568,5,72066,44
569,5,5056,53
570,5,58991,55
571,5,129711,65
572,5,9966,44
573,5,28995,45
574,5,11330,40
575,5,3187,40
576,5,2670,49
577,5,8196,53
578,5,134546,58
579,5,15435,44
580,5,11013,45
581,5,25090,44
582,5,20848,48
583,5,43544,40
584,5,47893,54
585,5,21206,59
586,5,5482,44
587,5,49964,58
588,5,8404,50
589,5,150348,68
590,5,15008,50
591,5,36088,44
592,5,22183,45
593,5,449909,50
594,5,1542687,46
595,5,2438,54
596,5,10384,60
597,5,5623,45
598,5,43305,40
599,5,39628,40
600,5,2972,50
601,5,369,50
602,5,5930,45
603,5,25097,45
604,5,10863,45
605,5,3892,45
606,5,11279,45
607,5,1298,50
608,5,43101,45
609,5,136665,45
610,5,32025,45
611,5,43968,60
612,5,5384,55
613,5,6813,45
614,5,739,45
615,5,7162,40
616,5,3070,40
617,5,27389,59
618,5,5476,55
619,5,4803,45
620,5,2025,55
621,5,91582,64
622,5,1759,50
623,5,1295,50
624,5,17922,40
625,5,35485,65
626,5,775,45
627,5,5675,40
628,5,19663,45
629,5,395,55
630,5,50387,40
631,5,2540,55
632,5,1377,50
633,5,645,60
634,5,344,50
635,5,4005,50
636,5,30745,70
637,5,20853,40
638,5,1103,45
639,5,1262,45
640,5,4686,40
641,5,36051,40
642,5,1340,50
643,5,14299,40
644,5,2593,45
645,5,718,45
646,5,3227,45
647,5,2003,45
648,5,130390,45
649,5,1804,40
650,5,3387,45
651,5,398,50
652,5,10577,50
653,5,849,45
654,5,1174,50
655,5,856,55
656,5,15066,45
657,5,1719,40
658,5,1206,40
659,5,320,45
660,5,0,40
661,5,0,45
1,6,1387,54
2,6,95619,68
3,6,2452527,61
4,6,1961057,82
5,6,4331,40
6,6,177548,55
7,6,28147,49
8,6,15474,48
9,6,258966,69
10,6,10606,50
11,6,117049,59
12,6,29329,45
13,6,429381,82
14,6,220949,44
15,6,3172537,56
16,6,308337,63
17,6,3545117,101
18,6,3563681,60
19,6,3172668,58
20,6,154561,50
21,6,2623,44
22,6,3694,48
23,6,164588,69
24,6,757020,64
25,6,144882,48
26,6,56671,44
27,6,181183,50
28,6,132102,64
29,6,45468,53
30,6,2681,49
31,6,9822,53
32,6,127676,44
33,6,45083,45
34,6,1966,65
35,6,39589,45
36,6,839769,46
37,6,249,50
38,6,641783,62
39,6,88454,40
40,6,66745,40
41,6,2886,54
42,6,332,50
43,6,1327,40
44,6,1470383,45
45,6,224065,49
46,6,114,40
47,6,1402685,50
48,6,117614,53
49,6,4558,44
50,6,162186,40
51,6,10710,45
52,6,221574,45
53,6,45073,55
54,6,1942675,52
55,6,105,40
56,6,9928,40
57,6,156926,55
58,6,3014156,90
59,6,20825,44
60,6,607,49
61,6,22353,45
62,6,1151,49
63,6,20680,49
64,6,13170,50
65,6,4267,54
66,6,732,50
67,6,9593,45
68,6,38998,40
69,6,239672,45
70,6,54714,45
71,6,31818,54
72,6,4205,44
73,6,156637,43
74,6,2451,50
75,6,3380,40
76,6,6147,48
77,6,4831,49
78,6,1075028,57
79,6,63826,48
80,6,55206,50
81,6,22419,45
82,6,922429,75
83,6,46358,55
84,6,14982,44
85,6,40745,45
86,6,37583,45
87,6,10001,45
88,6,137444,45
89,6,7738,50
90,6,509,49
91,6,1247322,45
92,6,4118,44
93,6,1641,44
94,6,22338,49
95,6,8785,54
96,6,24163,40
97,6,7047,45
98,6,8616,50
99,6,2091760,73
100,6,56785,44
101,6,9834,49
102,6,1996,49
103,6,2784,45
104,6,43699,45
105,6,9853,44
106,6,16833,54
107,6,1950,59
108,6,161629,73
109,6,370344,40
110,6,291187,60
111,6,220131,45
112,6,1742,45
113,6,80778,55
114,6,347,45
115,6,7223,50
116,6,689699,40
117,6,24867,50
118,6,5695,45
119,6,1573,49
120,6,759160,46
121,6,8225,54
122,6,49045,50
123,6,27725,55
124,6,5471,50
125,6,3061,65
126,6,14917,50
127,6,470,50
128,6,9992,44
129,6,1975032,56
130,6,75,45
131,6,18497,45
132,6,600,65
133,6,2168,45
134,6,6463,50
135,6,161759,55
136,6,890413,67
137,6,98445,44
138,6,43266,45
139,6,9888,40
140,6,6274,45
141,6,1485,49
142,6,185452,45
143,6,608,55
144,6,91650,45
145,6,377736,45
146,6,208780,45
147,6,10386,44
148,6,2030279,58
149,6,7980,49
150,6,419,45
151,6,21443,45
152,6,78472,45
153,6,12361,44
154,6,28134,40
155,6,38103,40
156,6,6950,54
157,6,98463,49
158,6,14377,45
159,6,15331,44
160,6,58821,48
161,6,5828,49
162,6,330057,45
163,6,642609,50
164,6,8797,54
165,6,14570,50
166,6,14729,57
167,6,38695,44
168,6,150826,50
169,6,18559,59
170,6,5262,40
171,6,160561,49
172,6,6440,50
173,6,3377,45
174,6,83029,45
175,6,24771,63
176,6,325,45
177,6,1086672,66
178,6,68766,49
179,6,25667,63
180,6,1599514,78
181,6,414287,61
182,6,4079413,106
183,6,30085,44
184,6,26635,45
185,6,1135966,47
186,6,118063,68
187,6,24208,44
188,6,44027,45
189,6,71098,45
190,6,18301,45
191,6,1005530,44
192,6,23796,53
193,6,9053,49
194,6,17560,45
195,6,6785,44
196,6,12472,44
197,6,333,45
198,6,37273,54
199,6,2155173,69
200,6,575005,44
201,6,1235016,45
202,6,9137,44
203,6,3918,49
204,6,47561,44
205,6,20691,53
206,6,5716,49
207,6,455375,74
208,6,79779,44
209,6,71435,40
210,6,183550,49
211,6,267332,49
212,6,173,45
213,6,6640,45
214,6,8082,48
215,6,11871,44
216,6,36202,49
217,6,25555,52
218,6,74443,50
219,6,77959,48
220,6,631236,60
221,6,3205,44
222,6,5561,49
223,6,1871,50
224,6,12650,53
225,6,32807,40
226,6,136919,45
227,6,47217,40
228,6,647057,40
229,6,53329,49
230,6,307066,55
231,6,455994,43
232,6,73927,54
233,6,1212017,52
234,6,1253,44
235,6,868060,48
236,6,109348,48
237,6,1125,49
238,6,16774,45
239,6,412450,51
240,6,195294,53
241,6,42626,45
242,6,48781,40
243,6,3698,49
244,6,122437,43
245,6,27493,45
246,6,626,45
247,6,129541,55
248,6,262776,50
249,6,5691,50
250,6,28296,40
251,6,398491,59
252,6,298253,55
253,6,753,45
254,6,4189,49
255,6,1640279,47
256,6,5880,50
257,6,38685,45
258,6,40808,50
259,6,12654,53
260,6,36468,49
261,6,2348,40
262,6,852,49
263,6,30225,40
264,6,4091,49
265,6,13788,53
266,6,2349,40
267,6,213675,45
268,6,121935,55
269,6,11193,40
270,6,548241,40
271,6,1264,49
272,6,1820,54
273,6,2454,45
274,6,37535,54
275,6,327969,40
276,6,117033,45
277,6,57805,45
278,6,23579,49
279,6,578,40
280,6,80233,40
281,6,3028,49
282,6,343534,40
283,6,20637,44
284,6,191944,40
285,6,18525,45
286,6,82124,45
287,6,54852,44
288,6,30887,40
289,6,15462,49
290,6,8868,53
291,6,1380374,41
292,6,5094,45
293,6,52427,45
294,6,69678,40
295,6,25810,45
296,6,12779,45
297,6,2548,45
298,6,63366,53
299,6,3771,49
300,6,55934,50
301,6,30997,40
302,6,14070,43
303,6,1252,40
304,6,4616,40
305,6,49712,40
306,6,1095232,57
307,6,263056,40
308,6,242562,40
309,6,1458517,45
310,6,985736,55
311,6,3408496,71
312,6,7048,45
313,6,37168,48
314,6,97632,48
315,6,2310,45
316,6,252440,72
317,6,963410,75
318,6,2863,45
319,6,32125,52
320,6,16893,48
321,6,188387,72
322,6,42994,48
323,6,73665,50
324,6,6572,53
325,6,66526,44
326,6,854385,51
327,6,3758819,80
328,6,4487999,128
329,6,191067,63
330,6,4232,45
331,6,5303,45
332,6,11158,40
333,6,140389,41
334,6,8481,40
335,6,771425,60
336,6,241502,65
337,6,22555,47
338,6,178201,40
339,6,1551495,60
340,6,534261,55
341,6,110265,53
342,6,547491,65
343,6,8590,48
344,6,21515,40
345,6,638842,95
346,6,257268,64
347,6,871900,55
348,6,538581,93
349,6,24319,64
350,6,2205744,59
351,6,7583749,153
352,6,11532,70
353,6,28273,53
354,6,166425,55
355,6,1177465,47
356,6,9168,49
357,6,4743,48
358,6,57687,53
359,6,7253,50
360,6,138771,64
361,6,417456,55
362,6,177420,54
363,6,521053,53
364,6,505421,50
365,6,22981,58
366,6,964418,83
367,6,9592,44
368,6,50435,49
369,6,1021255,50
370,6,19491,54
371,6,11176,44
372,6,1023589,63
373,6,6107,45
374,6,25486,40
375,6,45291,69
376,6,7876,43
377,6,63264,49
378,6,406183,53
379,6,912,44
380,6,520368,45
381,6,22645,49
382,6,12140,63
383,6,610990,50
384,6,966,50
385,6,360701,69
386,6,152252,63
387,6,24040,49
388,6,183004,45
389,6,311001,69
390,6,99769,40
391,6,48972,57
392,6,378857,65
393,6,1451,44
394,6,214764,63
395,6,1121117,45
396,6,71171,43
397,6,3407,49
398,6,1120695,73
399,6,213764,43
400,6,8875,45
401,6,2157666,83
402,6,56277,52
403,6,187467,60
404,6,16258,45
405,6,16807,45
406,6,5032,45
407,6,415,45
408,6,28764,40
409,6,258974,45
410,6,67368,48
411,6,245,50
412,6,11700,44
413,6,811290,50
414,6,34511,40
415,6,108569,54
416,6,53816,40
417,6,30700,55
418,6,589856,57
419,6,23410,45
420,6,22594,48
421,6,3977,69
422,6,639123,45
423,6,20844,50
424,6,41395,57
425,6,15848,44
426,6,3655,45
427,6,20914,43
428,6,7305,45
429,6,1886,48
430,6,31153,49
431,6,3024,49
432,6,112123,53
433,6,206830,63
434,6,265828,54
435,6,2528,45
436,6,82285,45
437,6,57154,45
438,6,2584,45
439,6,102,50
440,6,6003,44
441,6,122,40
442,6,160534,45
443,6,292845,45
444,6,6631,44
445,6,1512392,40
446,6,240165,45
447,6,1157052,62
448,6,3170,45
449,6,18942,50
450,6,3499,49
451,6,13097,45
452,6,5489,49
453,6,84608,53
454,6,14580,44
455,6,354017,40
456,6,30154,40
457,6,16576,40
458,6,4736,45
459,6,1586,49
460,6,17902,40
461,6,1026628,40
462,6,306,50
463,6,3555,50
464,6,7758,40
465,6,14847,40
466,6,30027,40
467,6,6463,44
468,6,4162,50
469,6,19018,45
470,6,12457,49
471,6,3544,50
472,6,74370,40
473,6,357542,46
474,6,30232,45
475,6,427778,40
476,6,42167,45
477,6,160794,40
478,6,28917,40
479,6,53501,40
480,6,16840,50
481,6,97251,45
482,6,37709,49
483,6,138,50
484,6,19893,44
485,6,8809,45
486,6,18054,44
487,6,1207,45
488,6,22315,44
489,6,17275,48
490,6,364,50
491,6,68706,64
492,6,136187,63
493,6,4197,49
494,6,487127,75
495,6,3137291,56
496,6,20767,43
497,6,42310,69
498,6,1028161,51
499,6,19681,49
500,6,10154,45
501,6,4731,49
502,6,3056,54
503,6,799653,100
504,6,9084,44
505,6,321748,50
506,6,712298,45
507,6,719,50
508,6,368235,50
509,6,16434,62
510,6,161246,40
511,6,12003,50
512,6,139964,54
513,6,765765,45
514,6,600128,75
515,6,3073,49
516,6,73673,45
517,6,188470,40
518,6,6072,49
519,6,4479,45
520,6,62869,44
521,6,1721223,40
522,6,15822,44
523,6,222670,50
524,6,284820,45
525,6,486015,63
526,6,2863,48
527,6,180705,60
528,6,20702,45
529,6,6611,44
530,6,262770,50
531,6,89625,63
532,6,24839,44
533,6,179591,44
534,6,3296,49
535,6,8359,50
536,6,187116,40
537,6,14668,45
538,6,4806,45
539,6,165946,45
540,6,28357,45
541,6,227985,65
542,6,18096,45
543,6,18847,44
544,6,4296,49
545,6,15430,50
546,6,297919,45
547,6,3013,45
548,6,7194,53
549,6,960,45
550,6,43645,62
551,6,33902,45
552,6,20829,40
553,6,11468,49
554,6,169043,44
555,6,5050,49
556,6,162784,40
557,6,45417,50
558,6,101360,40
559,6,7652,45
560,6,65681,63
561,6,169646,40
562,6,3137,55
563,6,9060,53
564,6,8014,44
565,6,11471,52
566,6,103831,55
567,6,16478,44
568,6,91063,44
569,6,4354,53
570,6,46630,55
571,6,213854,65
572,6,9526,44
573,6,36733,45
574,6,10326,40
575,6,2984,40
576,6,2664,49
577,6,7976,53
578,6,186225,58
579,6,14657,43
580,6,10760,44
581,6,23275,43
582,6,19256,48
583,6,44012,40
584,6,35467,53
585,6,20896,58
586,6,5269,44
587,6,47946,58
588,6,8095,50
589,6,127205,67
590,6,16897,50
591,6,34162,44
592,6,23252,45
593,6,506426,50
594,6,1719872,46
595,6,2237,54
596,6,10978,59
597,6,6069,45
598,6,43196,40
599,6,40463,40
600,6,2823,50
601,6,354,50
602,6,5948,45
603,6,24647,45
604,6,10835,45
605,6,3927,45
606,6,11188,45
607,6,1407,50
608,6,255378,45
609,6,133049,45
610,6,31752,45
611,6,34322,60
612,6,3815,54
613,6,6665,45
614,6,662,45
615,6,6605,40
616,6,2852,40
617,6,55529,59
618,6,5544,55
619,6,5749,45
620,6,3013,55
621,6,74974,63
622,6,1819,50
623,6,1395,50
624,6,21353,40
625,6,51444,65
626,6,701,45
627,6,6322,40
628,6,17944,45
629,6,379,55
630,6,65607,40
631,6,2571,55
632,6,1330,50
633,6,594,60
634,6,322,50
635,6,3819,50
636,6,31432,70
637,6,20018,40
638,6,1210,45
639,6,2084,45
640,6,5662,40
641,6,45424,40
642,6,1581,50
643,6,20702,40
644,6,2740,45
645,6,813,45
646,6,3807,45
647,6,2199,45
648,6,164263,45
649,6,2821,40
650,6,6245,45
651,6,586,50
652,6,10259,50
653,6,1163,45
654,6,1470,50
655,6,996,55
656,6,20849,45
657,6,3541,40
658,6,2574,40
659,6,706,45
660,6,729,40
661,6,764,45
662,6,0,40
663,6,0,40
664,6,0,40
1,7,1312,54
2,7,97477,68
3,7,2805003,62
4,7,2162410,82
5,7,4153,40
6,7,211295,55
7,7,26952,49
8,7,16462,48
9,7,457536,70
10,7,9947,50
11,7,104860,59
12,7,33783,45
13,7,380805,82
14,7,222857,44
15,7,3344605,56
16,7,304048,63
17,7,3491722,101
18,7,3419740,60
19,7,2941420,58
20,7,148749,50
21,7,2507,44
22,7,3588,48
23,7,306985,69
24,7,568492,64
25,7,121540,48
26,7,55515,44
27,7,178687,50
28,7,117167,64
29,7,42552,52
30,7,2491,49
31,7,9837,53
32,7,119931,44
33,7,39581,45
34,7,1887,65
35,7,40382,45
36,7,780008,46
37,7,237,50
38,7,693422,62
39,7,92696,40
40,7,66734,40
41,7,2692,54
42,7,337,50
43,7,1269,40
44,7,1437058,45
45,7,208397,48
46,7,112,40
47,7,1332864,50
48,7,92341,53
49,7,4281,44
50,7,150785,40
51,7,11042,45
52,7,208043,45
53,7,38412,55
54,7,2198776,53
55,7,102,40
56,7,9271,40
57,7,149924,55
58,7,3016644,91
59,7,20216,44
60,7,600,49
61,7,20088,45
62,7,1324,49
63,7,19553,49
64,7,24453,50
65,7,5225,54
66,7,704,50
67,7,8658,45
68,7,39363,40
69,7,217933,45
70,7,53365,45
71,7,29335,53
72,7,3913,44
73,7,141378,43
74,7,3452,50
75,7,3288,40
76,7,6117,48
77,7,4695,49
78,7,1178610,57
79,7,63649,48
80,7,48077,50
81,7,24317,45
82,7,1173693,76
83,7,47725,55
84,7,14913,44
85,7,40351,45
86,7,40240,45
87,7,9781,45
88,7,149172,45
89,7,8405,50
90,7,484,49
91,7,1299059,45
92,7,3860,43
93,7,1564,44
94,7,21972,49
95,7,7616,53
96,7,23728,40
97,7,7598,45
98,7,8285,50
99,7,2654796,74
100,7,54231,43
101,7,9011,48
102,7,1871,49
103,7,2554,45
104,7,47467,45
105,7,9423,44
106,7,14061,54
107,7,1945,59
108,7,151605,73
109,7,361931,40
110,7,218924,59
111,7,270881,44
112,7,1644,45
113,7,59222,55
114,7,324,45
115,7,28463,50
116,7,605043,40
117,7,28397,50
118,7,5083,45
119,7,1449,49
120,7,693847,45
121,7,8240,54
122,7,47642,50
123,7,32140,55
124,7,4931,50
125,7,2926,65
126,7,16830,50
127,7,449,50
128,7,9846,44
129,7,1303422,55
130,7,73,45
131,7,18176,45
132,7,608,65
133,7,1985,45
134,7,5958,50
135,7,117925,54
136,7,735328,66
137,7,107567,44
138,7,39925,45
139,7,9259,40
140,7,6111,45
141,7,1376,49
142,7,169493,44
143,7,579,55
144,7,67995,45
145,7,353900,45
146,7,198566,45
147,7,10054,44
148,7,2049570,58
149,7,7619,49
150,7,400,45
151,7,19491,45
152,7,89581,45
153,7,11912,43
154,7,28141,40
155,7,37818,40
156,7,6337,54
157,7,108259,49
158,7,13969,45
159,7,15340,44
160,7,57168,48
161,7,5472,49
162,7,373643,45
163,7,621590,50
164,7,8087,54
165,7,15220,50
166,7,13989,57
167,7,36559,44
168,7,144520,49
169,7,17582,59
170,7,4960,40
171,7,170987,49
172,7,5930,49
173,7,3384,44
174,7,81027,45
175,7,23703,63
176,7,312,45
177,7,970210,65
178,7,67333,49
179,7,24826,62
180,7,1965734,79
181,7,353301,61
182,7,5117243,107
183,7,27425,44
184,7,27174,45
185,7,1272266,47
186,7,110972,67
187,7,21380,44
188,7,44378,45
189,7,68342,45
190,7,16491,45
191,7,966068,44
192,7,22314,52
193,7,7426,49
194,7,14144,44
195,7,6331,44
196,7,11774,44
197,7,320,45
198,7,35276,54
199,7,1662596,68
200,7,646642,44
201,7,1146512,45
202,7,8881,44
203,7,3799,49
204,7,54120,44
205,7,18073,52
206,7,5756,48
207,7,386290,74
208,7,71630,44
209,7,69214,40
210,7,172555,49
211,7,231881,49
212,7,161,45
213,7,5916,45
214,7,7846,48
215,7,11546,44
216,7,33875,49
217,7,23863,52
218,7,73221,50
219,7,80450,48
220,7,636847,60
221,7,2942,43
222,7,5420,49
223,7,1984,50
224,7,12858,53
225,7,30132,40
226,7,126218,45
227,7,47052,40
228,7,645334,40
229,7,46994,49
230,7,772128,56
231,7,444663,43
232,7,102200,54
233,7,952942,52
234,7,1197,44
235,7,828414,48
236,7,105422,48
237,7,1188,49
238,7,20804,45
239,7,386483,51
240,7,178182,53
241,7,43386,45
242,7,49398,40
243,7,3542,49
244,7,111939,42
245,7,26251,45
246,7,590,45
247,7,115766,55
248,7,247901,50
249,7,5629,49
250,7,26220,40
251,7,305646,58
252,7,504060,56
253,7,718,45
254,7,3975,48
255,7,1586741,47
256,7,5458,50
257,7,37309,45
258,7,37032,50
259,7,11974,53
260,7,37479,49
261,7,2239,40
262,7,913,49
263,7,48898,39
264,7,4076,49
265,7,12574,52
266,7,2643,40
267,7,243083,45
268,7,391483,56
269,7,10396,40
270,7,619011,41
271,7,1175,49
272,7,2197,54
273,7,2231,45
274,7,38624,53
275,7,305814,40
276,7,106945,45
277,7,54783,45
278,7,27253,49
279,7,558,40
280,7,79690,40
281,7,2980,49
282,7,399166,40
283,7,20173,44
284,7,200497,40
285,7,17653,45
286,7,73809,45
287,7,63830,44
288,7,31628,40
289,7,12625,49
290,7,8274,53
291,7,1406769,41
292,7,15911,44
293,7,78265,45
294,7,69249,40
295,7,129505,45
296,7,13192,45
297,7,2325,45
298,7,123670,53
299,7,3714,48
300,7,71750,50
301,7,36072,40
302,7,13571,43
303,7,1203,40
304,7,4697,40
305,7,49035,40
306,7,1252284,57
307,7,242458,40
308,7,243245,40
309,7,1456092,45
310,7,994549,55
311,7,3255804,71
312,7,6263,45
313,7,34969,47
314,7,134996,48
315,7,2156,45
316,7,239231,72
317,7,880045,74
318,7,2610,45
319,7,28587,52
320,7,16468,48
321,7,184193,71
322,7,43598,48
323,7,92711,50
324,7,6952,53
325,7,50085,44
326,7,1146427,52
327,7,3789317,81
328,7,4240919,127
329,7,183513,63
330,7,4179,45
331,7,5237,45
332,7,10391,40
333,7,126589,41
334,7,7971,40
335,7,732433,60
336,7,217019,65
337,7,21548,47
338,7,252998,40
339,7,1531316,60
340,7,528537,55
341,7,99265,53
342,7,517674,65
343,7,7870,48
344,7,22286,40
345,7,472381,94
346,7,227660,64
347,7,880762,55
348,7,568775,92
349,7,34004,64
350,7,2393494,59
351,7,7704044,154
352,7,11164,70
353,7,26697,53
354,7,169979,55
355,7,1335903,47
356,7,8699,49
357,7,4679,48
358,7,56609,53
359,7,7458,49
360,7,113617,63
361,7,408558,55
362,7,174867,53
363,7,522521,53
364,7,444157,50
365,7,22779,58
366,7,722682,82
367,7,9542,44
368,7,48798,48
369,7,970347,51
370,7,21171,54
371,7,10891,44
372,7,898945,63
373,7,5554,45
374,7,26102,40
375,7,59357,69
376,7,8037,43
377,7,59659,49
378,7,355143,53
379,7,904,44
380,7,491160,45
381,7,20368,49
382,7,11691,63
383,7,614347,50
384,7,927,50
385,7,319756,69
386,7,291466,64
387,7,22361,49
388,7,187291,45
389,7,264215,68
390,7,101361,40
391,7,46714,56
392,7,459387,65
393,7,1428,44
394,7,202565,63
395,7,1074430,44
396,7,67175,43
397,7,3309,49
398,7,1146142,73
399,7,223239,43
400,7,8773,45
401,7,1530171,83
402,7,54005,52
403,7,172484,60
404,7,15423,44
405,7,16095,45
406,7,4908,45
407,7,442,45
408,7,26325,40
409,7,239428,45
410,7,62274,48
411,7,254,50
412,7,11633,44
413,7,751744,50
414,7,34304,40
415,7,102124,54
416,7,47396,40
417,7,34685,55
418,7,538639,57
419,7,21385,45
420,7,24116,48
421,7,3846,69
422,7,619903,45
423,7,19522,50
424,7,39237,57
425,7,15268,43
426,7,3313,45
427,7,20398,43
428,7,7408,45
429,7,1753,48
430,7,32556,49
431,7,2956,48
432,7,98997,53
433,7,178742,63
434,7,237279,54
435,7,2327,45
436,7,77683,45
437,7,51831,45
438,7,2444,45
439,7,96,50
440,7,5841,43
441,7,117,40
442,7,138745,44
443,7,309623,45
444,7,6327,44
445,7,1484974,40
446,7,220545,45
447,7,1115277,62
448,7,2966,45
449,7,17271,49
450,7,3136,49
451,7,12581,45
452,7,5290,49
453,7,76380,53
454,7,13810,44
455,7,348660,40
456,7,29744,40
457,7,16556,40
458,7,4371,45
459,7,1459,49
460,7,17840,40
461,7,1069055,40
462,7,304,50
463,7,3565,50
464,7,7970,40
465,7,14120,40
466,7,30612,40
467,7,6334,43
468,7,3876,50
469,7,18362,44
470,7,13788,49
471,7,3081,50
472,7,70047,40
473,7,411520,46
474,7,28145,45
475,7,416188,40
476,7,38803,44
477,7,165482,40
478,7,27152,40
479,7,55568,40
480,7,19403,50
481,7,94186,45
482,7,36721,49
483,7,133,50
484,7,19740,44
485,7,8055,45
486,7,17475,43
487,7,1135,45
488,7,22184,44
489,7,16430,48
490,7,348,50
491,7,374477,65
492,7,189970,62
493,7,3892,49
494,7,509737,75
495,7,3080537,55
496,7,20586,43
497,7,39507,68
498,7,1061532,51
499,7,20842,49
500,7,9653,45
501,7,4789,49
502,7,2877,54
503,7,528875,99
504,7,9174,44
505,7,276268,50
506,7,1062941,46
507,7,685,50
508,7,386626,50
509,7,17199,62
510,7,161374,40
511,7,12726,50
512,7,179549,54
513,7,762964,45
514,7,570435,74
515,7,2998,49
516,7,69268,44
517,7,189102,40
518,7,5788,49
519,7,4181,45
520,7,62485,44
521,7,1789531,40
522,7,15748,44
523,7,278267,50
524,7,279291,45
525,7,450418,63
526,7,2862,48
527,7,173356,59
528,7,20189,45
529,7,6114,44
530,7,320395,50
531,7,82453,62
532,7,22322,44
533,7,225739,44
534,7,3051,49
535,7,8662,50
536,7,186032,40
537,7,13229,45
538,7,4412,45
539,7,246422,45
540,7,27745,45
541,7,256134,65
542,7,17975,44
543,7,18172,44
544,7,4152,49
545,7,14101,50
546,7,274610,45
547,7,2950,45
548,7,7032,53
549,7,902,45
550,7,39494,62
551,7,31397,45
552,7,19720,40
553,7,11569,49
554,7,162009,44
555,7,4812,49
556,7,171186,40
557,7,50291,50
558,7,88471,40
559,7,9847,45
560,7,56899,62
561,7,169174,40
562,7,2866,55
563,7,8564,53
564,7,7551,44
565,7,10773,52
566,7,108125,55
567,7,17044,43
568,7,113297,44
569,7,4477,53
570,7,41153,54
571,7,202629,65
572,7,9311,43
573,7,36511,45
574,7,9587,40
575,7,2830,40
576,7,2594,49
577,7,7404,52
578,7,233214,58
579,7,14163,43
580,7,10362,44
581,7,22574,43
582,7,18093,47
583,7,45036,40
584,7,29507,52
585,7,19316,58
586,7,4935,44
587,7,46604,57
588,7,8252,49
589,7,112649,67
590,7,17212,50
591,7,34677,44
592,7,22672,45
593,7,503232,50
594,7,1692335,46
595,7,2124,54
596,7,10753,59
597,7,6447,45
598,7,41866,40
599,7,42261,40
600,7,2760,50
601,7,347,50
602,7,5902,45
603,7,24261,45
604,7,10498,45
605,7,3881,45
606,7,11164,45
607,7,1510,50
608,7,315687,46
609,7,174254,45
610,7,32621,45
611,7,28101,59
612,7,3168,54
613,7,6525,45
614,7,607,45
615,7,6356,40
616,7,2696,40
617,7,87187,59
618,7,9242,55
619,7,5368,45
620,7,3069,55
621,7,62237,62
622,7,1813,50
623,7,1425,50
624,7,23868,40
625,7,62982,65
626,7,654,45
627,7,6782,40
628,7,17817,45
629,7,372,55
630,7,84607,40
631,7,4248,55
632,7,1482,50
633,7,1307,60
634,7,302,49
635,7,3696,49
636,7,25241,69
637,7,18849,40
638,7,1265,45
639,7,2330,45
640,7,6684,40
641,7,59476,40
642,7,1994,50
643,7,22508,40
644,7,2816,45
645,7,930,45
646,7,4039,45
647,7,2358,45
648,7,220500,45
649,7,3178,40
650,7,9337,45
651,7,744,50
652,7,9907,50
653,7,1395,45
654,7,1665,50
655,7,1382,55
656,7,24911,45
657,7,5046,40
658,7,3474,40
659,7,920,45
660,7,1343,40
661,7,1074,45
662,7,1213,40
663,7,1222,40
664,7,12941,40
665,7,0,45
666,7,0,40
1,8,1260,54
2,8,103246,68
3,8,2960806,62
4,8,1980343,83
5,8,4010,40
6,8,170817,55
7,8,27223,48
8,8,16198,48
9,8,457823,70
10,8,11147,50
11,8,100908,59
12,8,32334,45
13,8,356663,82
14,8,234313,44
15,8,3429779,57
16,8,303186,63
17,8,3514644,101
18,8,3345949,60
19,8,2859195,57
20,8,138182,50
21,8,2447,43
22,8,4689,48
23,8,310889,69
24,8,466138,63
25,8,112095,48
26,8,58173,44
27,8,212794,50
28,8,114424,63
29,8,41794,52
30,8,2388,49
31,8,9729,53
32,8,128351,44
33,8,36131,45
34,8,1843,65
35,8,47172,45
36,8,820415,46
37,8,230,50
38,8,669387,62
39,8,93571,40
40,8,65592,40
41,8,2607,54
42,8,461,50
43,8,1221,40
44,8,1296081,45
45,8,200432,48
46,8,111,40
47,8,1380557,50
48,8,82541,52
49,8,4493,44
50,8,142028,40
51,8,11193,45
52,8,212817,45
53,8,33531,54
54,8,2293893,53
55,8,100,40
56,8,8809,40
57,8,150843,55
58,8,3062911,91
59,8,19538,44
60,8,641,49
61,8,18522,45
62,8,1390,49
63,8,18366,49
64,8,23195,50
65,8,4984,54
66,8,681,50
67,8,8050,45
68,8,38477,40
69,8,199582,45
70,8,45148,45
71,8,26303,53
72,8,3696,44
73,8,124834,43
74,8,3203,50
75,8,3199,40
76,8,5817,48
77,8,4572,48
78,8,950434,57
79,8,58283,48
80,8,40947,50
81,8,21497,45
82,8,1456142,77
83,8,39474,55
84,8,14630,44
85,8,36469,45
86,8,38205,45
87,8,9618,45
88,8,212324,45
89,8,19448,50
90,8,485,49
91,8,1275900,45
92,8,3784,43
93,8,1530,44
94,8,21870,49
95,8,7085,53
96,8,23343,40
97,8,8542,45
98,8,8788,50
99,8,3066293,75
100,8,52053,43
101,8,14275,48
102,8,1776,49
103,8,2398,45
104,8,51115,45
105,8,9192,44
106,8,12126,53
107,8,1982,59
108,8,146408,73
109,8,358703,40
110,8,190161,59
111,8,300789,44
112,8,1584,45
113,8,50281,54
114,8,305,45
115,8,28773,50
116,8,544060,40
117,8,106337,50
118,8,4625,45
119,8,1369,49
120,8,670761,45
121,8,8198,54
122,8,52426,50
123,8,33294,55
124,8,4674,50
125,8,2842,65
126,8,17300,50
127,8,433,50
128,8,9806,44
129,8,955786,55
130,8,70,45
131,8,18154,45
132,8,619,65
133,8,1856,45
134,8,5624,50
135,8,112896,54
136,8,706011,66
137,8,108727,44
138,8,37545,45
139,8,8802,40
140,8,6015,45
141,8,1319,49
142,8,158686,44
143,8,561,55
144,8,57529,45
145,8,339268,45
146,8,191366,45
147,8,9084,44
148,8,2144544,58
149,8,7370,49
150,8,378,45
151,8,18463,45
152,8,79327,45
153,8,11894,43
154,8,28247,40
155,8,37851,40
156,8,6048,54
157,8,103256,49
158,8,13652,45
159,8,16026,44
160,8,56682,48
161,8,5084,48
162,8,345744,46
163,8,474027,50
164,8,7703,54
165,8,15596,50
166,8,13661,57
167,8,34532,44
168,8,137920,49
169,8,17022,59
170,8,4713,40
171,8,169521,49
172,8,7759,49
173,8,3386,44
174,8,78142,45
175,8,23073,63
176,8,301,45
177,8,919864,65
178,8,65792,49
179,8,24638,62
180,8,1775715,79
181,8,319440,60
182,8,5339039,108
183,8,25676,44
184,8,28030,45
185,8,1249875,47
186,8,109586,67
187,8,20411,44
188,8,43001,45
189,8,52554,45
190,8,15274,45
191,8,931205,43
192,8,21557,52
193,8,6669,49
194,8,12589,44
195,8,5998,43
196,8,12129,44
197,8,308,45
198,8,33872,53
199,8,1529494,68
200,8,682869,44
201,8,1140329,45
202,8,8773,43
203,8,3779,49
204,8,52725,44
205,8,16876,52
206,8,6157,48
207,8,358136,74
208,8,65902,44
209,8,68680,40
210,8,170947,49
211,8,193955,48
212,8,152,45
213,8,5397,45
214,8,7497,48
215,8,11337,44
216,8,31570,48
217,8,25536,52
218,8,70294,50
219,8,76691,48
220,8,667974,60
221,8,3091,43
222,8,5492,49
223,8,2156,50
224,8,14264,53
225,8,28139,40
226,8,111016,45
227,8,47060,40
228,8,701798,41
229,8,42865,49
230,8,1121723,57
231,8,418956,43
232,8,112110,54
233,8,771989,51
234,8,1205,44
235,8,965800,48
236,8,132645,48
237,8,1306,49
238,8,47526,45
239,8,404709,51
240,8,188464,53
241,8,44515,45
242,8,49820,40
243,8,3563,48
244,8,103981,42
245,8,25825,45
246,8,567,45
247,8,115921,55
248,8,247617,50
249,8,5366,49
250,8,24756,40
251,8,279259,58
252,8,704668,56
253,8,696,45
254,8,3975,48
255,8,1618053,47
256,8,5174,50
257,8,38146,45
258,8,34412,50
259,8,11798,53
260,8,33823,49
261,8,2160,40
262,8,985,49
263,8,110416,39
264,8,4206,49
265,8,11944,52
266,8,3318,40
267,8,253980,45
268,8,658455,57
269,8,9806,40
270,8,617883,41
271,8,1118,49
272,8,2531,54
273,8,2097,45
274,8,39008,53
275,8,291999,40
276,8,98229,45
277,8,48368,45
278,8,30155,49
279,8,546,40
280,8,79919,40
281,8,3053,48
282,8,343824,40
283,8,20020,44
284,8,195584,40
285,8,17869,44
286,8,68003,45
287,8,52475,44
288,8,31573,40
289,8,11955,48
290,8,7894,52
291,8,1442686,42
292,8,25819,44
293,8,100171,45
294,8,68497,40
295,8,429986,46
296,8,14142,45
297,8,2182,45
298,8,134807,53
299,8,3666,48
300,8,69536,50
301,8,74890,40
302,8,13152,43
303,8,1165,40
304,8,4629,40
305,8,62670,39
306,8,1185849,57
307,8,236035,40
308,8,243529,40
309,8,1402005,45
310,8,763971,55
311,8,3228663,71
312,8,5759,45
313,8,33361,47
314,8,154821,48
315,8,2037,45
316,8,225143,71
317,8,883765,74
318,8,2450,45
319,8,26853,52
320,8,16230,48
321,8,187727,71
322,8,43989,48
323,8,100813,50
324,8,7325,53
325,8,106399,44
326,8,1298990,52
327,8,3409786,80
328,8,4011336,126
329,8,168417,63
330,8,4126,45
331,8,8862,44
332,8,9856,40
333,8,116537,40
334,8,7593,40
335,8,653477,60
336,8,194342,64
337,8,22400,47
338,8,272387,40
339,8,1562533,60
340,8,526572,55
341,8,94422,53
342,8,552074,65
343,8,7473,47
344,8,22648,40
345,8,432856,94
346,8,240710,63
347,8,916111,55
348,8,689204,92
349,8,38211,64
350,8,2463094,60
351,8,7811209,154
352,8,10919,70
353,8,25747,53
354,8,383554,56
355,8,1520461,47
356,8,8398,49
357,8,4573,47
358,8,55987,53
359,8,7651,49
360,8,105112,63
361,8,408959,55
362,8,177482,53
363,8,512108,53
364,8,387366,50
365,8,23418,58
366,8,715232,82
367,8,9563,44
368,8,48252,48
369,8,1073646,51
370,8,23188,54
371,8,13785,44
372,8,793304,62
373,8,5219,45
374,8,26640,40
375,8,79484,69
376,8,8579,43
377,8,55482,49
378,8,311640,52
379,8,901,44
380,8,477255,45
381,8,19107,49
382,8,11274,63
383,8,731027,50
384,8,908,50
385,8,335811,69
386,8,264631,64
387,8,21418,49
388,8,179507,45
389,8,238824,68
390,8,100311,40
391,8,45937,56
392,8,446756,65
393,8,1430,44
394,8,197418,63
395,8,1060858,44
396,8,62768,43
397,8,3271,48
398,8,1110085,73
399,8,227299,43
400,8,8678,45
401,8,1377682,83
402,8,50768,52
403,8,165030,60
404,8,14720,44
405,8,15500,44
406,8,5037,45
407,8,480,45
408,8,24663,40
409,8,222809,45
410,8,57856,47
411,8,258,50
412,8,11527,44
413,8,755562,50
414,8,34790,40
415,8,114235,54
416,8,44004,40
417,8,36309,55
418,8,486533,57
419,8,20171,45
420,8,23220,48
421,8,3903,69
422,8,662174,45
423,8,19758,50
424,8,37764,57
425,8,15038,43
426,8,3089,45
427,8,21062,43
428,8,7543,45
429,8,1677,48
430,8,33740,49
431,8,3039,48
432,8,94069,52
433,8,152550,63
434,8,236804,54
435,8,2165,45
436,8,82005,45
437,8,49586,44
438,8,2341,45
439,8,96,50
440,8,5812,43
441,8,115,40
442,8,127703,44
443,8,345489,45
444,8,6260,43
445,8,1396232,40
446,8,204677,45
447,8,1406381,63
448,8,2834,45
449,8,17065,49
450,8,2938,49
451,8,12195,45
452,8,5305,49
453,8,70363,52
454,8,13142,44
455,8,341375,40
456,8,42615,39
457,8,16525,40
458,8,4110,45
459,8,1364,49
460,8,17736,40
461,8,1095120,40
462,8,346,50
463,8,3452,50
464,8,8143,40
465,8,13471,40
466,8,30626,40
467,8,6346,43
468,8,3662,50
469,8,17843,44
470,8,17162,49
471,8,2897,50
472,8,64968,40
473,8,372779,46
474,8,27025,45
475,8,405180,40
476,8,37357,44
477,8,162294,40
478,8,25777,40
479,8,56586,40
480,8,20330,50
481,8,88272,45
482,8,35290,49
483,8,133,50
484,8,19696,44
485,8,7551,45
486,8,17322,43
487,8,1097,45
488,8,22092,44
489,8,15619,48
490,8,339,50
491,8,983486,66
492,8,209485,62
493,8,3703,49
494,8,681199,75
495,8,3085094,55
496,8,20107,43
497,8,38256,68
498,8,1079496,51
499,8,20111,49
500,8,9235,45
501,8,4921,49
502,8,2773,54
503,8,510125,98
504,8,9047,44
505,8,277922,49
506,8,1219206,46
507,8,668,50
508,8,391771,50
509,8,19083,62
510,8,160658,40
511,8,13103,50
512,8,269092,54
513,8,728663,45
514,8,575396,74
515,8,2942,48
516,8,64552,44
517,8,185944,40
518,8,5581,49
519,8,3960,45
520,8,60178,44
521,8,1821859,40
522,8,15792,44
523,8,257400,50
524,8,259994,45
525,8,436878,63
526,8,2840,48
527,8,172536,59
528,8,19258,45
529,8,5780,44
530,8,306248,50
531,8,69779,62
532,8,20830,44
533,8,322178,44
534,8,2965,48
535,8,8333,50
536,8,184969,40
537,8,12277,45
538,8,4122,45
539,8,273458,45
540,8,26893,45
541,8,265096,65
542,8,16765,44
543,8,17458,44
544,8,4043,48
545,8,13191,50
546,8,254842,45
547,8,2940,45
548,8,6898,53
549,8,871,45
550,8,34877,61
551,8,29732,45
552,8,18851,40
553,8,11038,49
554,8,156562,43
555,8,4758,49
556,8,175704,40
557,8,44400,50
558,8,80491,40
559,8,9703,45
560,8,51808,62
561,8,164088,40
562,8,2711,55
563,8,8153,53
564,8,7442,43
565,8,10205,51
566,8,106118,55
567,8,16457,43
568,8,130413,44
569,8,4812,53
570,8,37798,54
571,8,169549,65
572,8,9234,43
573,8,82802,45
574,8,9117,40
575,8,2702,40
576,8,2616,49
577,8,7132,52
578,8,254877,58
579,8,13842,43
580,8,9939,44
581,8,22346,43
582,8,18074,47
583,8,44845,40
584,8,26373,52
585,8,19577,58
586,8,4490,44
587,8,43580,57
588,8,8260,49
589,8,104701,67
590,8,17309,50
591,8,34172,44
592,8,21866,45
593,8,512151,50
594,8,1431856,46
595,8,2201,54
596,8,11370,59
597,8,6437,45
598,8,40380,40
599,8,42801,40
600,8,2798,50
601,8,334,50
602,8,5865,45
603,8,24064,45
604,8,10481,45
605,8,3852,45
606,8,11069,45
607,8,1564,50
608,8,351836,46
609,8,181696,45
610,8,33119,45
611,8,25365,59
612,8,2929,54
613,8,6386,45
614,8,584,45
615,8,6170,40
616,8,2592,40
617,8,60367,59
618,8,29031,55
619,8,4650,45
620,8,3458,55
621,8,57634,62
622,8,1994,50
623,8,2003,50
624,8,26608,40
625,8,70670,65
626,8,627,45
627,8,7225,40
628,8,17898,45
629,8,412,55
630,8,82888,40
631,8,4770,55
632,8,1539,50
633,8,2348,60
634,8,286,49
635,8,3479,49
636,8,20383,69
637,8,17803,40
638,8,1332,45
639,8,2751,45
640,8,7122,40
641,8,68314,40
642,8,2058,50
643,8,22289,40
644,8,2899,45
645,8,1005,45
646,8,4219,45
647,8,2499,45
648,8,235411,45
649,8,3460,40
650,8,12100,45
651,8,1050,50
652,8,8598,50
653,8,1762,45
654,8,1722,50
655,8,1641,55
656,8,26326,45
657,8,5483,40
658,8,3850,40
659,8,1080,45
660,8,23971,40
661,8,1255,45
662,8,1927,40
663,8,2125,40
664,8,13657,40
665,8,8981,45
666,8,721,40
667,8,0,45
1,9,1241,54
2,9,101196,68
3,9,2845807,63
4,9,1768961,82
5,9,3922,40
6,9,138466,55
7,9,26831,48
8,9,16194,48
9,9,422426,70
10,9,10876,50
11,9,90626,59
12,9,32660,45
13,9,348691,82
14,9,226240,44
15,9,3259267,57
16,9,299735,63
17,9,2353764,100
18,9,2485944,60
19,9,2735253,57
20,9,127321,50
21,9,2425,43
22,9,4303,48
23,9,271155,69
24,9,449741,63
25,9,111488,48
26,9,62629,44
27,9,245927,50
28,9,116049,63
29,9,40736,52
30,9,2345,49
31,9,9646,53
32,9,133837,44
33,9,33997,45
34,9,1825,65
35,9,50202,45
36,9,886984,46
37,9,228,50
38,9,598546,62
39,9,93140,40
40,9,64361,40
41,9,2564,54
42,9,845,50
43,9,1188,40
44,9,1249165,45
45,9,193549,48
46,9,109,40
47,9,1476141,50
48,9,83909,52
49,9,5210,44
50,9,133623,40
51,9,10800,45
52,9,212604,45
53,9,36590,54
54,9,2501552,54
55,9,98,40
56,9,8451,40
57,9,169827,55
58,9,3192352,91
59,9,19318,43
60,9,853,49
61,9,17544,45
62,9,1408,49
63,9,19532,49
64,9,24930,50
65,9,5077,54
66,9,668,50
67,9,7703,45
68,9,37844,40
69,9,183217,45
70,9,46916,44
71,9,32652,53
72,9,3595,44
73,9,120931,43
74,9,3443,50
75,9,3141,40
76,9,5684,48
77,9,4788,48
78,9,884395,56
79,9,65373,48
80,9,35340,50
81,9,21091,45
82,9,1398344,77
83,9,38258,55
84,9,14497,44
85,9,38935,44
86,9,39921,45
87,9,9485,45
88,9,267443,45
89,9,48124,50
90,9,473,48
91,9,1356008,45
92,9,3682,43
93,9,1490,44
94,9,21442,49
95,9,6929,53
96,9,32038,39
97,9,8685,45
98,9,9163,50
99,9,3692358,76
100,9,50681,43
101,9,17032,48
102,9,1737,49
103,9,2309,45
104,9,132026,45
105,9,9151,44
106,9,11870,53
107,9,1960,59
108,9,144173,73
109,9,353255,40
110,9,310897,59
111,9,316764,44
112,9,1534,45
113,9,48168,54
114,9,294,45
115,9,32176,50
116,9,500367,40
117,9,243830,50
118,9,4391,45
119,9,1339,49
120,9,694140,45
121,9,8246,54
122,9,57707,50
123,9,37103,55
124,9,4573,50
125,9,2803,65
126,9,17530,50
127,9,426,50
128,9,11119,44
129,9,801785,54
130,9,70,45
131,9,17951,44
132,9,648,65
133,9,1789,45
134,9,5373,50
135,9,91851,54
136,9,707789,66
137,9,108094,44
138,9,35879,45
139,9,8484,40
140,9,5912,45
141,9,1278,49
142,9,151207,44
143,9,553,55
144,9,58712,45
145,9,382566,45
146,9,215615,45
147,9,8380,44
148,9,2066673,59
149,9,7304,48
150,9,366,45
151,9,17801,45
152,9,85193,45
153,9,12124,43
154,9,28208,40
155,9,37678,40
156,9,5849,54
157,9,108304,49
158,9,13402,45
159,9,16147,44
160,9,56247,47
161,9,5145,48
162,9,339061,46
163,9,466463,50
164,9,7523,54
165,9,15745,50
166,9,13512,56
167,9,33358,43
168,9,133310,49
169,9,16772,59
170,9,4544,40
171,9,171280,49
172,9,22642,49
173,9,3305,44
174,9,80272,45
175,9,22769,63
176,9,297,45
177,9,930080,65
178,9,63805,49
179,9,24963,62
180,9,1817515,79
181,9,303846,60
182,9,5783880,109
183,9,24704,44
184,9,27594,45
185,9,1263321,47
186,9,107771,67
187,9,19672,44
188,9,41251,45
189,9,51352,45
190,9,14551,45
191,9,782878,43
192,9,23132,52
193,9,6317,49
194,9,11841,44
195,9,5824,43
196,9,11819,44
197,9,304,45
198,9,32375,53
199,9,1407871,67
200,9,670577,44
201,9,1088973,45
202,9,8659,43
203,9,3773,49
204,9,49576,44
205,9,16107,52
206,9,6205,48
207,9,318869,73
208,9,61872,44
209,9,67663,40
210,9,163532,49
211,9,179547,48
212,9,147,45
213,9,5065,45
214,9,7223,48
215,9,11236,43
216,9,30308,48
217,9,25309,52
218,9,67136,50
219,9,76635,48
220,9,603119,60
221,9,3468,43
222,9,5553,49
223,9,1904,50
224,9,14422,53
225,9,26821,40
226,9,92707,45
227,9,46791,40
228,9,981956,42
229,9,40375,49
230,9,1395884,58
231,9,445256,43
232,9,148371,54
233,9,723203,51
234,9,1341,44
235,9,1031005,48
236,9,149168,48
237,9,1236,49
238,9,66981,45
239,9,395887,51
240,9,187585,53
241,9,43729,45
242,9,49755,40
243,9,3620,48
244,9,90616,42
245,9,25453,44
246,9,549,45
247,9,114174,55
248,9,258713,50
249,9,4829,49
250,9,23728,40
251,9,249867,57
252,9,1056070,57
253,9,676,45
254,9,3956,48
255,9,1640340,47
256,9,5023,50
257,9,38520,45
258,9,33344,50
259,9,11730,53
260,9,33334,49
261,9,2111,40
262,9,1014,49
263,9,129985,39
264,9,4153,49
265,9,11521,52
266,9,4002,40
267,9,239212,45
268,9,594286,57
269,9,9428,40
270,9,533951,41
271,9,1077,49
272,9,2503,54
273,9,2011,45
274,9,36440,53
275,9,259408,40
276,9,91421,45
277,9,42205,45
278,9,29115,49
279,9,533,40
280,9,79431,40
281,9,3044,48
282,9,303617,40
283,9,19757,44
284,9,192133,40
285,9,21775,44
286,9,63714,45
287,9,47574,44
288,9,31680,40
289,9,11533,48
290,9,7646,52
291,9,1420678,42
292,9,28009,44
293,9,100130,45
294,9,67679,40
295,9,514766,46
296,9,13975,45
297,9,2082,45
298,9,122014,53
299,9,3644,48
300,9,63787,50
301,9,103996,40
302,9,12840,43
303,9,1135,40
304,9,4670,40
305,9,86668,39
306,9,1175315,57
307,9,222641,40
308,9,242730,40
309,9,1382080,45
310,9,685560,54
311,9,3169441,71
312,9,5471,45
313,9,30965,47
314,9,153607,48
315,9,1967,45
316,9,227322,71
317,9,627702,74
318,9,2362,45
319,9,25881,52
320,9,15857,48
321,9,186802,71
322,9,44334,48
323,9,101204,50
324,9,18809,53
325,9,135796,44
326,9,1402716,53
327,9,2984135,79
328,9,4158733,126
329,9,161508,62
330,9,4064,45
331,9,13884,44
332,9,9520,40
333,9,111092,40
334,9,7320,40
335,9,622000,60
336,9,185477,64
337,9,21562,46
338,9,311431,40
339,9,1604835,61
340,9,508815,55
341,9,95928,53
342,9,574664,65
343,9,7242,47
344,9,22380,40
345,9,417103,94
346,9,225869,63
347,9,956354,55
348,9,899276,92
349,9,32515,64
350,9,3042038,61
351,9,7845366,154
352,9,10829,70
353,9,25334,53
354,9,430212,56
355,9,1597934,48
356,9,10698,49
357,9,4573,47
358,9,55719,53
359,9,7593,49
360,9,102218,63
361,9,424750,55
362,9,251524,53
363,9,453441,53
364,9,321155,50
365,9,23155,57
366,9,716014,82
367,9,9517,44
368,9,45793,48
369,9,1094619,51
370,9,24720,54
371,9,13487,44
372,9,925785,62
373,9,5002,45
374,9,26657,40
375,9,120217,69
376,9,8765,43
377,9,51553,49
378,9,275329,52
379,9,889,44
380,9,469367,45
381,9,18502,49
382,9,11025,63
383,9,763243,50
384,9,891,50
385,9,346907,69
386,9,245219,64
387,9,20741,49
388,9,173564,44
389,9,218550,67
390,9,98841,40
391,9,44925,56
392,9,370982,65
393,9,1413,44
394,9,190547,62
395,9,1005190,44
396,9,60356,43
397,9,3209,48
398,9,1024836,73
399,9,218476,43
400,9,8599,45
401,9,1343367,83
402,9,46661,51
403,9,157742,60
404,9,14172,44
405,9,14967,44
406,9,4999,45
407,9,476,45
408,9,23680,40
409,9,211184,45
410,9,56702,47
411,9,372,50
412,9,11444,44
413,9,733651,50
414,9,34921,40
415,9,114644,54
416,9,41639,40
417,9,35122,55
418,9,433047,57
419,9,19470,45
420,9,22161,48
421,9,3876,69
422,9,727605,45
423,9,21832,50
424,9,36753,57
425,9,14841,43
426,9,2950,45
427,9,20504,43
428,9,7494,45
429,9,1644,48
430,9,33379,49
431,9,3179,48
432,9,92313,52
433,9,134846,63
434,9,209433,54
435,9,2075,45
436,9,95516,45
437,9,47760,44
438,9,2281,45
439,9,95,50
440,9,5757,43
441,9,115,40
442,9,120383,44
443,9,435421,45
444,9,6242,43
445,9,1373642,40
446,9,192127,45
447,9,1607435,63
448,9,2759,45
449,9,16893,49
450,9,2823,49
451,9,11859,45
452,9,6735,49
453,9,65102,52
454,9,12820,44
455,9,333601,40
456,9,47616,39
457,9,16402,40
458,9,3942,45
459,9,1319,49
460,9,25947,39
461,9,1089575,40
462,9,402,50
463,9,3330,50
464,9,8129,40
465,9,13020,40
466,9,30727,40
467,9,6512,43
468,9,3548,50
469,9,17545,44
470,9,19573,49
471,9,2917,50
472,9,63787,40
473,9,327242,46
474,9,24974,45
475,9,413851,39
476,9,37278,44
477,9,159039,40
478,9,24883,40
479,9,56371,40
480,9,19871,50
481,9,83743,45
482,9,45810,49
483,9,132,50
484,9,19484,44
485,9,7306,45
486,9,17054,43
487,9,1078,45
488,9,21932,44
489,9,15361,47
490,9,337,50
491,9,1137378,67
492,9,369191,62
493,9,3592,49
494,9,776262,76
495,9,3110514,55
496,9,19608,43
497,9,40478,68
498,9,1101289,51
499,9,20647,49
500,9,8871,45
501,9,4874,49
502,9,2716,54
503,9,797287,99
504,9,8437,44
505,9,303445,49
506,9,1267320,47
507,9,654,50
508,9,391493,50
509,9,18693,62
510,9,159754,40
511,9,13286,50
512,9,292657,54
513,9,698259,44
514,9,584809,74
515,9,2890,48
516,9,61230,44
517,9,181828,40
518,9,5380,49
519,9,3803,45
520,9,58048,44
521,9,1819939,40
522,9,15680,44
523,9,236829,50
524,9,242230,45
525,9,346612,63
526,9,2768,48
527,9,166116,59
528,9,18471,45
529,9,5603,44
530,9,288168,50
531,9,69774,62
532,9,19993,44
533,9,518504,45
534,9,2873,48
535,9,8595,50
536,9,183660,40
537,9,11702,45
538,9,3939,45
539,9,284243,45
540,9,26428,45
541,9,295049,65
542,9,17139,44
543,9,17151,44
544,9,4100,48
545,9,12746,50
546,9,238414,45
547,9,2889,45
548,9,6937,53
549,9,854,45
550,9,31225,61
551,9,28699,45
552,9,18246,40
553,9,11218,49
554,9,165300,43
555,9,4552,48
556,9,178109,40
557,9,44890,50
558,9,74661,40
559,9,14756,45
560,9,51705,62
561,9,160870,40
562,9,2659,55
563,9,8046,52
564,9,7531,43
565,9,10047,51
566,9,163910,55
567,9,16750,43
568,9,130118,44
569,9,4395,53
570,9,41859,54
571,9,191510,65
572,9,9181,43
573,9,100094,45
574,9,8844,40
575,9,2621,40
576,9,2578,49
577,9,6821,52
578,9,224753,58
579,9,13549,43
580,9,9649,44
581,9,21976,43
582,9,17737,47
583,9,44457,40
584,9,24251,51
585,9,19123,58
586,9,4314,44
587,9,42834,57
588,9,8232,49
589,9,100797,67
590,9,17152,50
591,9,33301,44
592,9,21765,44
593,9,513818,50
594,9,1385214,46
595,9,2242,54
596,9,11604,59
597,9,6485,45
598,9,38710,40
599,9,43083,40
600,9,2939,50
601,9,327,50
602,9,5807,45
603,9,23775,45
604,9,10427,45
605,9,3847,45
606,9,11008,45
607,9,1555,50
608,9,346037,46
609,9,180498,45
610,9,33993,45
611,9,22912,58
612,9,2843,53
613,9,6132,45
614,9,559,45
615,9,6045,40
616,9,2534,40
617,9,59335,59
618,9,115777,55
619,9,4326,45
620,9,3567,55
621,9,56228,61
622,9,2070,50
623,9,1919,50
624,9,27447,40
625,9,77226,65
626,9,618,45
627,9,7516,40
628,9,21513,45
629,9,402,55
630,9,85621,40
631,9,4601,55
632,9,1522,50
633,9,2899,60
634,9,272,49
635,9,3571,49
636,9,18780,68
637,9,17212,40
638,9,1361,45
639,9,2963,45
640,9,7271,40
641,9,71987,40
642,9,2191,50
643,9,21936,40
644,9,2897,45
645,9,1030,45
646,9,4414,45
647,9,2524,45
648,9,238051,45
649,9,3651,40
650,9,11937,45
651,9,1112,50
652,9,8375,49
653,9,1968,45
654,9,1745,50
655,9,1897,55
656,9,26566,45
657,9,5748,40
658,9,4188,40
659,9,1181,45
660,9,25965,40
661,9,1322,45
662,9,2329,40
663,9,2524,40
664,9,13309,40
665,9,14469,45
666,9,943,40
667,9,254,45
668,9,0,40
669,9,0,40
670,9,0,40
1,10,1232,54
2,10,98901,68
3,10,2413799,62
4,10,1625586,81
5,10,3823,40
6,10,144967,55
7,10,26406,48
8,10,17175,48
9,10,419765,70
10,10,10499,50
11,10,78624,59
12,10,34690,45
13,10,340740,82
14,10,228937,44
15,10,3200996,56
16,10,313312,63
17,10,2699785,101
18,10,2445021,60
19,10,2874430,57
20,10,120783,50
21,10,2379,43
22,10,4102,48
23,10,256897,69
24,10,441170,63
25,10,110916,48
26,10,65864,44
27,10,273697,50
28,10,115070,63
29,10,39611,52
30,10,2288,49
31,10,9432,53
32,10,134074,44
33,10,31857,45
34,10,1799,65
35,10,49777,45
36,10,1017963,47
37,10,223,50
38,10,481125,61
39,10,92868,40
40,10,63030,40
41,10,2500,54
42,10,1144,50
43,10,1141,40
44,10,1170636,45
45,10,184338,47
46,10,108,40
47,10,1462663,50
48,10,85901,52
49,10,6077,44
50,10,126188,40
51,10,11068,45
52,10,199303,45
53,10,35640,54
54,10,2396567,54
55,10,95,40
56,10,8042,40
57,10,162168,55
58,10,2890976,91
59,10,18987,43
60,10,1161,49
61,10,16547,45
62,10,1428,49
63,10,19863,49
64,10,26811,50
65,10,5183,54
66,10,652,50
67,10,7322,45
68,10,38411,40
69,10,165823,45
70,10,46460,44
71,10,34755,53
72,10,3473,44
73,10,115975,43
74,10,3327,50
75,10,3058,40
76,10,5682,48
77,10,4159,48
78,10,771408,56
79,10,65186,48
80,10,27573,50
81,10,20339,45
82,10,1160217,76
83,10,36216,55
84,10,16264,44
85,10,38197,44
86,10,33628,45
87,10,9313,45
88,10,252669,45
89,10,62532,50
90,10,457,48
91,10,1314298,45
92,10,3542,43
93,10,1443,44
94,10,23669,49
95,10,7224,53
96,10,36434,39
97,10,8528,45
98,10,12482,50
99,10,4324739,78
100,10,48373,43
101,10,19333,48
102,10,1692,49
103,10,2215,45
104,10,133001,45
105,10,9656,44
106,10,10149,52
107,10,1930,59
108,10,141805,73
109,10,345958,40
110,10,576529,60
111,10,338291,44
112,10,1476,45
113,10,45056,54
114,10,283,45
115,10,32247,50
116,10,459010,40
117,10,337772,51
118,10,4135,45
119,10,1300,49
120,10,557106,45
121,10,8031,54
122,10,55305,50
123,10,37644,55
124,10,4415,50
125,10,2766,65
126,10,14170,50
127,10,420,50
128,10,10716,44
129,10,706324,54
130,10,67,45
131,10,18993,44
132,10,645,65
133,10,1701,45
134,10,5142,50
135,10,73588,53
136,10,607504,65
137,10,110651,44
138,10,33903,45
139,10,8157,40
140,10,5898,45
141,10,1247,49
142,10,143602,43
143,10,548,55
144,10,56848,45
145,10,358613,45
146,10,204650,45
147,10,7741,43
148,10,2101247,59
149,10,7204,48
150,10,360,45
151,10,17112,45
152,10,71124,45
153,10,12003,43
154,10,27887,40
155,10,37332,40
156,10,5647,54
157,10,109796,49
158,10,13096,45
159,10,27933,44
160,10,55492,47
161,10,5164,48
162,10,324857,46
163,10,448458,50
164,10,7323,54
165,10,15553,50
166,10,13347,56
167,10,32146,43
168,10,126360,48
169,10,16506,59
170,10,4384,40
171,10,170581,49
172,10,48828,49
173,10,3270,44
174,10,93187,45
175,10,22438,63
176,10,290,45
177,10,880670,65
178,10,62283,48
179,10,25478,62
180,10,1903560,79
181,10,282171,59
182,10,6002657,110
183,10,23610,44
184,10,26173,45
185,10,1238532,47
186,10,105652,67
187,10,18561,43
188,10,39337,45
189,10,50884,45
190,10,13791,45
191,10,755247,43
192,10,22869,52
193,10,5996,49
194,10,11162,44
195,10,5589,43
196,10,11585,44
197,10,295,45
198,10,30081,53
199,10,1208482,67
200,10,718228,44
201,10,1132023,44
202,10,8599,43
203,10,3876,49
204,10,46804,44
205,10,16109,51
206,10,5583,48
207,10,337002,73
208,10,57988,44
209,10,66564,40
210,10,179603,49
211,10,182647,48
212,10,145,45
213,10,4743,45
214,10,7471,47
215,10,10739,43
216,10,28429,48
217,10,24264,52
218,10,71270,50
219,10,85233,48
220,10,527876,60
221,10,3743,43
222,10,5957,49
223,10,1748,50
224,10,16755,53
225,10,25305,40
226,10,78753,45
227,10,46029,40
228,10,1220911,43
229,10,37704,49
230,10,1265079,58
231,10,458778,43
232,10,150162,54
233,10,628718,50
234,10,1529,44
235,10,1107599,49
236,10,166420,48
237,10,1214,49
238,10,130271,45
239,10,392531,51
240,10,177393,53
241,10,44828,45
242,10,49370,40
243,10,3609,48
244,10,81731,42
245,10,25389,44
246,10,533,45
247,10,214850,55
248,10,266834,50
249,10,4412,49
250,10,22630,40
251,10,219840,57
252,10,1215554,58
253,10,655,45
254,10,3938,48
255,10,1648624,47
256,10,4819,50
257,10,40402,45
258,10,34060,50
259,10,11780,52
260,10,34458,48
261,10,2042,40
262,10,1038,49
263,10,146037,39
264,10,4156,49
265,10,12242,52
266,10,3859,40
267,10,243713,45
268,10,614720,57
269,10,8997,40
270,10,476444,41
271,10,1039,49
272,10,8296,54
273,10,1905,45
274,10,34130,53
275,10,237210,40
276,10,83917,45
277,10,37440,45
278,10,22989,49
279,10,517,40
280,10,79821,40
281,10,2723,48
282,10,271576,40
283,10,19397,44
284,10,189725,40
285,10,28060,44
286,10,58753,45
287,10,43934,44
288,10,32856,40
289,10,11880,48
290,10,7380,52
291,10,1395619,42
292,10,32739,44
293,10,105366,45
294,10,67008,40
295,10,519527,46
296,10,12442,45
297,10,1952,45
298,10,111875,53
299,10,3602,48
300,10,60289,50
301,10,146972,40
302,10,12714,42
303,10,1100,40
304,10,4669,40
305,10,109983,39
306,10,1251516,57
307,10,208822,40
308,10,240343,40
309,10,1412876,45
310,10,620186,54
311,10,3207568,70
312,10,5165,45
313,10,28651,47
314,10,138417,48
315,10,1871,45
316,10,253660,71
317,10,420208,73
318,10,2261,45
319,10,24838,52
320,10,16053,47
321,10,195124,71
322,10,44768,48
323,10,104448,50
324,10,37992,53
325,10,196780,44
326,10,1566424,53
327,10,2875890,78
328,10,4520911,127
329,10,161677,62
330,10,5515,44
331,10,18198,44
332,10,9157,40
333,10,105645,40
334,10,7044,40
335,10,589982,60
336,10,179190,64
337,10,25676,46
338,10,335279,40
339,10,1846137,62
340,10,474018,55
341,10,104848,53
342,10,577328,65
343,10,6994,47
344,10,22260,40
345,10,393645,94
346,10,174267,63
347,10,982639,55
348,10,837152,93
349,10,25227,64
350,10,3131034,62
351,10,7679947,154
352,10,10715,70
353,10,24877,53
354,10,471669,56
355,10,1791811,48
356,10,54087,49
357,10,4625,47
358,10,55440,53
359,10,7982,49
360,10,99536,63
361,10,438210,55
362,10,288701,53
363,10,379369,52
364,10,279053,49
365,10,21341,57
366,10,736038,82
367,10,9512,44
368,10,76275,48
369,10,1082947,51
370,10,24505,54
371,10,12802,44
372,10,1063799,63
373,10,4788,45
374,10,26614,40
375,10,125418,69
376,10,9002,43
377,10,48272,49
378,10,249751,52
379,10,880,44
380,10,458201,44
381,10,17938,49
382,10,10767,63
383,10,757291,50
384,10,872,50
385,10,341175,69
386,10,143404,63
387,10,19877,49
388,10,174690,44
389,10,203676,67
390,10,98055,40
391,10,44634,56
392,10,320540,64
393,10,1414,44
394,10,184412,62
395,10,953563,44
396,10,58250,43
397,10,3003,48
398,10,892404,72
399,10,233893,43
400,10,8837,45
401,10,1347058,83
402,10,40405,51
403,10,151498,60
404,10,13801,43
405,10,14435,44
406,10,5220,45
407,10,486,45
408,10,22535,40
409,10,199908,45
410,10,54397,47
411,10,545,50
412,10,11331,43
413,10,714431,50
414,10,36443,40
415,10,115932,54
416,10,39209,40
417,10,34869,55
418,10,392060,56
419,10,18688,45
420,10,21137,48
421,10,3800,69
422,10,793830,46
423,10,25557,50
424,10,35405,56
425,10,14448,43
426,10,2792,45
427,10,20156,43
428,10,7436,45
429,10,1609,47
430,10,32284,49
431,10,3350,48
432,10,90909,52
433,10,120545,63
434,10,208953,54
435,10,1996,45
436,10,122869,45
437,10,45551,44
438,10,2221,45
439,10,91,50
440,10,5687,43
441,10,109,40
442,10,114483,44
443,10,610408,46
444,10,6181,43
445,10,1346526,40
446,10,177462,45
447,10,1955970,64
448,10,2678,45
449,10,33587,49
450,10,2700,49
451,10,11486,45
452,10,6987,49
453,10,60314,51
454,10,12355,43
455,10,344771,40
456,10,49414,39
457,10,21697,39
458,10,3760,45
459,10,1270,49
460,10,31142,39
461,10,1087291,41
462,10,482,50
463,10,3378,50
464,10,8223,40
465,10,12556,40
466,10,30556,40
467,10,6620,43
468,10,3392,50
469,10,16988,44
470,10,22309,49
471,10,2674,50
472,10,64275,40
473,10,281163,46
474,10,24348,45
475,10,465295,39
476,10,37168,44
477,10,156386,40
478,10,23949,40
479,10,56541,40
480,10,19626,50
481,10,79718,45
482,10,50162,49
483,10,129,50
484,10,19372,43
485,10,6960,45
486,10,18008,43
487,10,1061,45
488,10,21736,44
489,10,15332,47
490,10,335,50
491,10,1042042,67
492,10,396489,63
493,10,3503,49
494,10,718936,76
495,10,2987001,55
496,10,19164,43
497,10,41658,68
498,10,1028121,51
499,10,21294,48
500,10,8485,45
501,10,4781,49
502,10,2669,54
503,10,604337,99
504,10,7875,44
505,10,310652,49
506,10,965554,47
507,10,636,50
508,10,380595,50
509,10,18934,62
510,10,159385,40
511,10,14003,50
512,10,307651,54
513,10,665359,44
514,10,739500,74
515,10,2840,48
516,10,58500,43
517,10,177997,40
518,10,5378,48
519,10,3629,45
520,10,57526,44
521,10,1875051,40
522,10,15556,44
523,10,234090,50
524,10,232433,45
525,10,294173,62
526,10,2735,48
527,10,161554,59
528,10,18266,45
529,10,5374,44
530,10,270223,50
531,10,62709,62
532,10,19075,44
533,10,1115819,46
534,10,2767,48
535,10,8018,50
536,10,181269,40
537,10,11077,45
538,10,3744,45
539,10,289021,45
540,10,25825,45
541,10,633923,66
542,10,18819,44
543,10,16738,43
544,10,5310,48
545,10,12189,50
546,10,220281,45
547,10,2792,45
548,10,7006,53
549,10,829,45
550,10,28534,61
551,10,27446,45
552,10,17448,40
553,10,11467,49
554,10,172701,43
555,10,4378,48
556,10,180211,40
557,10,41313,50
558,10,68830,40
559,10,19376,45
560,10,70829,62
561,10,156228,40
562,10,2587,55
563,10,7935,52
564,10,7722,43
565,10,10174,51
566,10,197931,55
567,10,16424,43
568,10,128439,44
569,10,4505,53
570,10,39359,54
571,10,160262,65
572,10,9303,43
573,10,107882,45
574,10,8523,40
575,10,2527,40
576,10,2603,48
577,10,6729,51
578,10,171771,58
579,10,13194,43
580,10,9378,43
581,10,21439,43
582,10,17515,47
583,10,44916,40
584,10,22448,51
585,10,20933,57
586,10,4353,44
587,10,53726,57
588,10,8419,49
589,10,97092,67
590,10,17187,50
591,10,32749,44
592,10,20997,44
593,10,490409,50
594,10,1293368,45
595,10,2301,54
596,10,11355,59
597,10,6827,45
598,10,37112,40
599,10,45413,40
600,10,3027,50
601,10,320,50
602,10,5692,45
603,10,23512,45
604,10,10380,45
605,10,3847,45
606,10,10893,45
607,10,1629,50
608,10,343717,46
609,10,181059,45
610,10,38907,45
611,10,32762,58
612,10,2810,53
613,10,5935,45
614,10,546,45
615,10,5902,40
616,10,2444,40
617,10,58243,59
618,10,160134,55
619,10,5802,45
620,10,3851,55
621,10,54831,61
622,10,2192,50
623,10,2195,50
624,10,27774,40
625,10,69806,65
626,10,601,45
627,10,7780,40
628,10,22631,45
629,10,430,55
630,10,90682,40
631,10,4613,55
632,10,1248,50
633,10,12580,60
634,10,277,49
635,10,3806,49
636,10,17360,68
637,10,16473,40
638,10,1424,45
639,10,3224,45
640,10,7458,40
641,10,77151,40
642,10,2278,50
643,10,21782,40
644,10,2926,45
645,10,1071,45
646,10,4570,45
647,10,2590,45
648,10,239481,45
649,10,3928,40
650,10,15861,45
651,10,1217,50
652,10,8859,49
653,10,2294,45
654,10,1907,50
655,10,2216,55
656,10,27156,45
657,10,6182,40
658,10,4578,40
659,10,1307,45
660,10,25726,40
661,10,1425,45
662,10,2796,40
663,10,3530,40
664,10,13134,40
665,10,19994,45
666,10,1260,40
667,10,513,45
668,10,1480,40
669,10,307,40
670,10,557,40
671,10,0,45
672,10,0,40
673,10,0,45
674,10,0,45
1,11,1215,54
2,11,97572,68
3,11,2339528,62
4,11,1257354,80
5,11,3722,40
6,11,139504,55
7,11,25557,48
8,11,16531,48
9,11,359318,69
10,11,10985,50
11,11,65422,59
12,11,35853,45
13,11,349669,82
14,11,245406,44
15,11,3095312,56
16,11,293833,63
17,11,2732842,101
18,11,2368808,60
19,11,2739554,57
20,11,111149,50
21,11,2368,43
22,11,4021,48
23,11,221472,69
24,11,425618,62
25,11,109869,48
26,11,82630,44
27,11,274524,50
28,11,108039,63
29,11,33909,52
30,11,2249,49
31,11,9165,53
32,11,120334,44
33,11,30209,45
34,11,1783,65
35,11,48644,45
36,11,970076,47
37,11,222,50
38,11,398736,60
39,11,92181,40
40,11,61655,40
41,11,2470,54
42,11,1392,50
43,11,1122,40
44,11,1078896,45
45,11,175981,47
46,11,107,40
47,11,1405721,50
48,11,84736,52
49,11,6903,44
50,11,119725,40
51,11,11213,45
52,11,183018,45
53,11,34544,54
54,11,2332069,54
55,11,94,40
56,11,7773,40
57,11,149716,55
58,11,2485185,90
59,11,18812,43
60,11,1444,49
61,11,15759,45
62,11,1484,49
63,11,19954,49
64,11,28833,50
65,11,5297,54
66,11,646,50
67,11,7045,45
68,11,37174,40
69,11,151591,45
70,11,136227,44
71,11,48841,53
72,11,3383,44
73,11,111837,43
74,11,2836,50
75,11,2999,40
76,11,5437,48
77,11,3842,48
78,11,1093862,56
79,11,77454,48
80,11,22527,50
81,11,21087,45
82,11,1853239,77
83,11,38694,55
84,11,19847,44
85,11,38396,44
86,11,29870,44
87,11,9084,45
88,11,255579,45
89,11,65855,50
90,11,456,48
91,11,1336155,45
92,11,3431,43
93,11,1429,43
94,11,47738,49
95,11,7565,53
96,11,39367,39
97,11,8243,45
98,11,13702,50
99,11,4635502,79
100,11,47272,42
101,11,23154,48
102,11,1669,49
103,11,2120,45
104,11,139077,45
105,11,9944,44
106,11,9200,52
107,11,1964,59
108,11,140044,73
109,11,340398,40
110,11,691218,60
111,11,342964,44
112,11,1442,45
113,11,42932,53
114,11,270,45
115,11,27927,50
116,11,431899,40
117,11,273372,51
118,11,3953,45
119,11,1272,49
120,11,484984,44
121,11,7879,54
122,11,58087,50
123,11,35884,55
124,11,4329,50
125,11,2734,65
126,11,12929,50
127,11,415,50
128,11,10562,44
129,11,669482,54
130,11,67,45
131,11,18807,44
132,11,635,65
133,11,1654,45
134,11,4982,50
135,11,60255,53
136,11,560367,65
137,11,106784,44
138,11,32257,45
139,11,7908,40
140,11,5608,45
141,11,1227,49
142,11,137813,43
143,11,538,55
144,11,55356,45
145,11,343259,45
146,11,208910,45
147,11,7337,43
148,11,2220379,59
149,11,6956,48
150,11,352,45
151,11,16554,45
152,11,63098,45
153,11,11862,43
154,11,27602,40
155,11,36968,40
156,11,5661,54
157,11,146550,49
158,11,14161,44
159,11,46256,44
160,11,54787,47
161,11,5113,48
162,11,312021,46
163,11,432210,50
164,11,7192,54
165,11,15365,50
166,11,13113,56
167,11,31156,43
168,11,121291,48
169,11,16305,59
170,11,4252,40
171,11,165871,49
172,11,63547,49
173,11,3196,44
174,11,100662,45
175,11,22203,63
176,11,285,45
177,11,793888,64
178,11,61541,48
179,11,25533,62
180,11,1779425,79
181,11,268857,59
182,11,5684380,110
183,11,22828,44
184,11,24497,45
185,11,1213315,47
186,11,99551,67
187,11,17531,43
188,11,37393,45
189,11,51058,45
190,11,13152,45
191,11,731914,43
192,11,24342,52
193,11,6087,49
194,11,10902,44
195,11,5557,43
196,11,11385,44
197,11,290,45
198,11,28321,52
199,11,962152,66
200,11,796983,45
201,11,1141893,44
202,11,8510,43
203,11,3438,49
204,11,46472,44
205,11,16561,51
206,11,4953,48
207,11,324575,73
208,11,53875,44
209,11,65617,40
210,11,178016,49
211,11,184697,48
212,11,143,45
213,11,4501,45
214,11,7719,47
215,11,10205,43
216,11,24123,48
217,11,21138,52
218,11,70256,50
219,11,84066,48
220,11,368048,58
221,11,3600,43
222,11,6346,49
223,11,1679,50
224,11,16459,53
225,11,24284,40
226,11,69282,45
227,11,45375,40
228,11,1216358,43
229,11,35967,49
230,11,1061489,58
231,11,444428,43
232,11,120544,54
233,11,562996,50
234,11,1613,44
235,11,1081882,49
236,11,158149,48
237,11,1346,49
238,11,127999,45
239,11,376330,51
240,11,169603,52
241,11,46342,45
242,11,48990,40
243,11,3572,48
244,11,80417,42
245,11,24942,44
246,11,510,45
247,11,224107,55
248,11,277635,50
249,11,4226,49
250,11,21820,40
251,11,200401,56
252,11,1130127,58
253,11,641,45
254,11,3875,48
255,11,1692072,47
256,11,4699,50
257,11,41844,45
258,11,34003,50
259,11,22039,52
260,11,33194,48
261,11,1988,40
262,11,1018,49
263,11,162929,39
264,11,3977,49
265,11,11632,52
266,11,4191,40
267,11,240854,45
268,11,479762,56
269,11,8687,40
270,11,442745,40
271,11,1016,49
272,11,5534,54
273,11,1813,45
274,11,31201,52
275,11,231296,40
276,11,78032,45
277,11,35479,45
278,11,23265,49
279,11,497,40
280,11,77555,40
281,11,2561,48
282,11,250289,40
283,11,18997,44
284,11,184276,40
285,11,30075,44
286,11,55075,45
287,11,40798,44
288,11,32448,40
289,11,11731,48
290,11,6969,52
291,11,1332574,42
292,11,31901,44
293,11,94705,45
294,11,65448,40
295,11,427778,46
296,11,12329,45
297,11,1875,45
298,11,82320,53
299,11,3503,48
300,11,51336,50
301,11,138421,40
302,11,12716,42
303,11,1078,40
304,11,4657,40
305,11,121306,39
306,11,1090414,57
307,11,205496,40
308,11,237134,40
309,11,1355527,45
310,11,585238,54
311,11,3117809,70
312,11,4955,45
313,11,28243,47
314,11,120793,48
315,11,1815,45
316,11,242021,71
317,11,356994,73
318,11,2188,45
319,11,24187,52
320,11,15940,47
321,11,226054,71
322,11,46342,48
323,11,99467,50
324,11,65953,53
325,11,215434,44
326,11,1474174,53
327,11,2630322,77
328,11,5069754,128
329,11,157967,62
330,11,6253,44
331,11,18996,44
332,11,8898,40
333,11,101315,40
334,11,6820,40
335,11,523538,59
336,11,170118,63
337,11,29686,46
338,11,345765,41
339,11,1965313,62
340,11,469888,55
341,11,107698,53
342,11,519845,65
343,11,6782,47
344,11,22050,40
345,11,409033,94
346,11,174531,63
347,11,952789,55
348,11,735577,93
349,11,22265,64
350,11,3411634,63
351,11,7076341,153
352,11,10631,70
353,11,24544,53
354,11,419178,56
355,11,1637562,49
356,11,47386,49
357,11,4426,47
358,11,55114,53
359,11,6691,49
360,11,97759,63
361,11,340797,55
362,11,209230,53
363,11,379332,52
364,11,275422,49
365,11,20883,57
366,11,1053462,83
367,11,9543,43
368,11,93152,48
369,11,1218431,51
370,11,22459,54
371,11,12526,44
372,11,1222561,64
373,11,4610,45
374,11,26344,40
375,11,186289,69
376,11,9192,43
377,11,46529,49
378,11,236338,52
379,11,863,44
380,11,459622,44
381,11,17471,49
382,11,10749,63
383,11,873934,51
384,11,856,50
385,11,361446,69
386,11,120383,63
387,11,19282,49
388,11,173893,44
389,11,193169,66
390,11,95829,40
391,11,43776,56
392,11,277300,63
393,11,1396,44
394,11,184808,62
395,11,956149,44
396,11,57081,43
397,11,2868,48
398,11,953853,72
399,11,350830,43
400,11,8426,45
401,11,1664323,84
402,11,35130,50
403,11,150867,60
404,11,13492,43
405,11,14031,44
406,11,4992,45
407,11,487,45
408,11,21699,40
409,11,215940,45
410,11,56267,47
411,11,670,50
412,11,11167,43
413,11,749230,50
414,11,35091,40
415,11,141917,54
416,11,37361,40
417,11,33345,55
418,11,371210,56
419,11,18086,45
420,11,21649,48
421,11,3781,69
422,11,1245732,47
423,11,28589,50
424,11,34427,56
425,11,14112,43
426,11,2669,45
427,11,19788,43
428,11,7529,45
429,11,1581,47
430,11,31365,49
431,11,3680,48
432,11,88560,52
433,11,125232,63
434,11,254708,54
435,11,1925,45
436,11,165181,45
437,11,43171,43
438,11,2186,45
439,11,90,50
440,11,5679,43
441,11,106,40
442,11,107512,44
443,11,788524,47
444,11,6140,43
445,11,1318272,40
446,11,164813,45
447,11,2621862,66
448,11,2620,45
449,11,36058,49
450,11,2641,49
451,11,11138,45
452,11,8181,49
453,11,64847,51
454,11,12089,43
455,11,371118,40
456,11,50257,39
457,11,24759,39
458,11,3639,45
459,11,1238,49
460,11,34199,39
461,11,1095746,41
462,11,556,50
463,11,3482,50
464,11,8274,40
465,11,12195,40
466,11,30511,40
467,11,6627,43
468,11,3296,50
469,11,16762,44
470,11,22693,49
471,11,2600,50
472,11,71674,40
473,11,248150,45
474,11,25802,45
475,11,480866,39
476,11,41029,44
477,11,153157,40
478,11,23091,40
479,11,55605,40
480,11,19866,50
481,11,78228,44
482,11,50086,49
483,11,127,50
484,11,19566,43
485,11,6685,45
486,11,23690,43
487,11,1047,45
488,11,21672,44
489,11,15009,47
490,11,330,50
491,11,1276547,67
492,11,467160,63
493,11,3432,49
494,11,780598,76
495,11,3011411,55
496,11,18990,42
497,11,40426,68
498,11,917131,51
499,11,23111,48
500,11,8110,45
501,11,4571,48
502,11,2628,54
503,11,827283,99
504,11,7546,44
505,11,346888,49
506,11,690832,46
507,11,629,50
508,11,414008,50
509,11,17661,62
510,11,155966,40
511,11,12126,50
512,11,282285,54
513,11,627850,44
514,11,747625,75
515,11,2805,48
516,11,56010,43
517,11,172741,40
518,11,5997,48
519,11,3507,45
520,11,59148,44
521,11,1918554,40
522,11,15350,44
523,11,215652,50
524,11,227181,45
525,11,269407,62
526,11,2757,47
527,11,157651,58
528,11,18747,45
529,11,5238,44
530,11,239519,50
531,11,62716,62
532,11,18445,44
533,11,1337818,47
534,11,2714,48
535,11,7823,50
536,11,178968,40
537,11,10590,45
538,11,3573,45
539,11,280799,45
540,11,25101,45
541,11,942722,67
542,11,21596,44
543,11,16382,43
544,11,5704,48
545,11,11839,50
546,11,205729,45
547,11,2734,45
548,11,7738,53
549,11,805,45
550,11,27250,61
551,11,26440,45
552,11,16956,40
553,11,23462,49
554,11,184773,43
555,11,4304,48
556,11,180092,40
557,11,38068,50
558,11,64786,40
559,11,27276,45
560,11,75229,62
561,11,152147,40
562,11,2545,55
563,11,8057,52
564,11,8006,43
565,11,11397,51
566,11,385941,56
567,11,16575,43
568,11,117916,44
569,11,4511,53
570,11,36442,53
571,11,145230,65
572,11,9455,43
573,11,119976,45
574,11,8287,40
575,11,2466,40
576,11,2633,48
577,11,6855,51
578,11,151207,58
579,11,13039,42
580,11,9279,43
581,11,21249,42
582,11,17102,47
583,11,43811,40
584,11,21171,50
585,11,24178,57
586,11,4363,44
587,11,54487,57
588,11,8242,49
589,11,94818,67
590,11,16503,50
591,11,32500,43
592,11,20623,44
593,11,513423,50
594,11,1434772,45
595,11,2348,54
596,11,11704,59
597,11,6715,45
598,11,35655,40
599,11,43739,40
600,11,2971,50
601,11,318,50
602,11,5588,45
603,11,22736,45
604,11,10157,45
605,11,3816,45
606,11,10622,45
607,11,1679,50
608,11,311826,46
609,11,174469,45
610,11,35665,45
611,11,27580,58
612,11,2708,53
613,11,5697,45
614,11,534,45
615,11,5749,40
616,11,2382,40
617,11,126777,59
618,11,159876,56
619,11,5082,45
620,11,4128,55
621,11,54108,61
622,11,2322,50
623,11,3136,50
624,11,27988,40
625,11,65989,65
626,11,596,45
627,11,7867,40
628,11,52006,45
629,11,498,55
630,11,88151,40
631,11,4223,55
632,11,1093,49
633,11,10626,60
634,11,281,49
635,11,3660,49
636,11,16491,68
637,11,15872,40
638,11,1383,45
639,11,3408,45
640,11,7561,40
641,11,81893,40
642,11,2273,50
643,11,21385,40
644,11,2884,45
645,11,1085,45
646,11,4567,45
647,11,2584,45
648,11,230820,45
649,11,4100,40
650,11,16350,45
651,11,1356,50
652,11,9415,49
653,11,2631,45
654,11,2020,50
655,11,2396,55
656,11,26468,45
657,11,6285,40
658,11,4682,40
659,11,1323,45
660,11,25013,40
661,11,1432,45
662,11,2938,40
663,11,3190,40
664,11,12868,40
665,11,21790,45
666,11,1474,40
667,11,591,45
668,11,1173,40
669,11,510,40
670,11,1049,40
671,11,320,45
672,11,574,40
673,11,89,45
674,11,112,45
675,11,0,40
676,11,0,45
677,11,0,40
678,11,0,45
1,12,1202,54
2,12,98145,68
3,12,2523518,61
4,12,1208258,80
5,12,3624,40
6,12,190060,55
7,12,25265,48
8,12,16644,48
9,12,421310,69
10,12,11435,50
11,12,52867,59
12,12,35660,45
13,12,444452,82
14,12,212243,44
15,12,3080962,55
16,12,275691,63
17,12,2709800,101
18,12,2392633,60
19,12,3057214,58
20,12,107035,50
21,12,2336,43
22,12,3968,48
23,12,191124,69
24,12,373857,62
25,12,109888,48
26,12,87094,44
27,12,259160,50
28,12,109583,63
29,12,31813,52
30,12,2207,49
31,12,9102,52
32,12,118076,44
33,12,28672,45
34,12,1767,65
35,12,53584,45
36,12,1105733,47
37,12,219,50
38,12,359953,59
39,12,90549,40
40,12,60640,40
41,12,2442,54
42,12,1272,50
43,12,1093,40
44,12,931574,44
45,12,165805,47
46,12,107,40
47,12,1421379,50
48,12,86067,52
49,12,8858,44
50,12,114011,40
51,12,11467,45
52,12,171133,45
53,12,30479,54
54,12,2423480,54
55,12,92,40
56,12,7481,40
57,12,147038,55
58,12,2437592,90
59,12,18721,43
60,12,1736,49
61,12,15011,45
62,12,1539,49
63,12,15708,49
64,12,34741,50
65,12,5286,54
66,12,634,50
67,12,6742,45
68,12,36710,40
69,12,139480,45
70,12,169502,44
71,12,89120,53
72,12,3285,44
73,12,108217,43
74,12,2644,50
75,12,2893,40
76,12,5386,48
77,12,3611,48
78,12,1062820,57
79,12,81415,48
80,12,19466,49
81,12,21966,45
82,12,1408248,77
83,12,37251,55
84,12,18342,44
85,12,40760,44
86,12,26611,44
87,12,8898,45
88,12,245140,45
89,12,115068,50
90,12,457,48
91,12,1298129,45
92,12,3307,43
93,12,1408,43
94,12,87650,49
95,12,7757,53
96,12,41987,39
97,12,8154,45
98,12,12945,50
99,12,4434729,79
100,12,46884,42
101,12,26208,48
102,12,1623,49
103,12,2046,45
104,12,122980,45
105,12,9659,44
106,12,8447,51
107,12,2239,59
108,12,138329,73
109,12,320946,40
110,12,913436,61
111,12,353629,44
112,12,1402,45
113,12,42846,53
114,12,266,45
115,12,28324,50
116,12,388301,40
117,12,170129,50
118,12,3743,45
119,12,1246,49
120,12,447258,44
121,12,7999,54
122,12,88798,50
123,12,34887,55
124,12,4255,50
125,12,2710,65
126,12,11095,50
127,12,410,50
128,12,12035,44
129,12,1027542,55
130,12,66,45
131,12,17962,44
132,12,684,65
133,12,1605,45
134,12,4838,50
135,12,54148,52
136,12,569921,64
137,12,107031,44
138,12,30739,45
139,12,7659,40
140,12,5575,45
141,12,1212,49
142,12,133284,43
143,12,528,55
144,12,70350,45
145,12,374692,45
146,12,262477,45
147,12,7104,43
148,12,2402653,60
149,12,6873,48
150,12,347,45
151,12,16015,45
152,12,68571,45
153,12,11885,43
154,12,27102,40
155,12,36460,40
156,12,5510,54
157,12,172457,49
158,12,15256,44
159,12,60897,44
160,12,55913,47
161,12,5134,48
162,12,330908,45
163,12,471861,50
164,12,7062,54
165,12,15418,50
166,12,13200,56
167,12,31399,43
168,12,122521,48
169,12,16130,59
170,12,4113,40
171,12,174569,49
172,12,51862,49
173,12,3084,44
174,12,98153,45
175,12,21993,63
176,12,284,45
177,12,785011,64
178,12,61321,48
179,12,26152,62
180,12,1941017,79
181,12,261646,59
182,12,5914028,109
183,12,22082,44
184,12,23427,45
185,12,1285864,47
186,12,99442,67
187,12,17080,43
188,12,35518,45
189,12,51707,45
190,12,12540,45
191,12,742227,43
192,12,22361,52
193,12,6145,49
194,12,10978,44
195,12,5442,43
196,12,11440,44
197,12,281,45
198,12,27664,52
199,12,869276,66
200,12,801457,45
201,12,1090819,44
202,12,8487,43
203,12,3630,49
204,12,43844,44
205,12,13647,51
206,12,4718,48
207,12,292339,73
208,12,50250,44
209,12,61976,40
210,12,170350,49
211,12,175360,48
212,12,140,45
213,12,4222,45
214,12,7828,47
215,12,10211,43
216,12,21915,47
217,12,21177,51
218,12,69905,50
219,12,84350,48
220,12,293272,57
221,12,3277,43
222,12,5940,49
223,12,1588,49
224,12,14507,53
225,12,23301,40
226,12,61831,45
227,12,43338,40
228,12,1150124,43
229,12,34533,49
230,12,773331,57
231,12,448609,43
232,12,105483,54
233,12,479361,49
234,12,1668,44
235,12,1120301,49
236,12,172143,48
237,12,1263,49
238,12,140107,45
239,12,337209,50
240,12,162709,52
241,12,50544,45
242,12,47825,40
243,12,3541,48
244,12,78864,42
245,12,24766,44
246,12,493,45
247,12,247961,56
248,12,283216,50
249,12,4127,48
250,12,20989,40
251,12,187757,56
252,12,1094460,58
253,12,627,45
254,12,3771,48
255,12,1839503,47
256,12,4609,50
257,12,44284,45
258,12,34304,50
259,12,58788,52
260,12,32760,48
261,12,1926,40
262,12,1007,49
263,12,211012,39
264,12,3707,49
265,12,11365,51
266,12,4724,40
267,12,246121,45
268,12,516250,56
269,12,8372,40
270,12,427523,40
271,12,1004,49
272,12,4924,54
273,12,1723,45
274,12,28927,52
275,12,221607,40
276,12,72510,45
277,12,33912,45
278,12,23027,49
279,12,485,40
280,12,75086,40
281,12,2463,48
282,12,250786,40
283,12,18722,44
284,12,180192,40
285,12,36479,44
286,12,51452,45
287,12,40262,44
288,12,32452,40
289,12,13224,48
290,12,6461,52
291,12,1282848,42
292,12,30856,44
293,12,91682,45
294,12,63626,40
295,12,382856,46
296,12,12721,45
297,12,1815,45
298,12,68177,53
299,12,3580,47
300,12,47243,50
301,12,131508,40
302,12,11454,42
303,12,1050,40
304,12,4538,40
305,12,137953,39
306,12,836533,56
307,12,203462,40
308,12,231014,40
309,12,1303618,45
310,12,561982,54
311,12,2173277,69
312,12,4741,45
313,12,60413,47
314,12,103900,48
315,12,1743,45
316,12,277416,71
317,12,327970,72
318,12,2108,45
319,12,23657,52
320,12,15841,47
321,12,223702,71
322,12,46861,48
323,12,99874,50
324,12,78804,53
325,12,276165,45
326,12,1771430,54
327,12,2531331,77
328,12,5740030,130
329,12,157300,62
330,12,6527,44
331,12,18332,44
332,12,8640,40
333,12,105046,39
334,12,6614,40
335,12,570173,59
336,12,162824,63
337,12,29451,46
338,12,351966,41
339,12,2369323,63
340,12,425265,54
341,12,103333,53
342,12,462933,64
343,12,6634,47
344,12,21812,40
345,12,431098,94
346,12,163554,63
347,12,900211,55
348,12,574125,92
349,12,21182,64
350,12,3435811,63
351,12,6584276,152
352,12,10529,70
353,12,24241,53
354,12,320188,56
355,12,1480454,48
356,12,35061,49
357,12,4399,47
358,12,54926,53
359,12,6595,49
360,12,96086,63
361,12,307211,54
362,12,184920,53
363,12,384586,52
364,12,327122,49
365,12,21771,57
366,12,1805728,84
367,12,9541,43
368,12,90963,48
369,12,1227376,52
370,12,22473,54
371,12,12813,44
372,12,1303426,64
373,12,4447,45
374,12,25790,40
375,12,195914,69
376,12,9153,43
377,12,45234,49
378,12,226922,52
379,12,925,44
380,12,447606,44
381,12,17095,49
382,12,12066,63
383,12,989084,51
384,12,841,50
385,12,365451,69
386,12,100869,63
387,12,19056,49
388,12,173166,44
389,12,184898,66
390,12,94750,40
391,12,43773,55
392,12,296222,63
393,12,1392,44
394,12,184347,62
395,12,763350,44
396,12,55970,43
397,12,2774,48
398,12,944934,72
399,12,692547,44
400,12,8306,45
401,12,2223988,85
402,12,33187,50
403,12,172076,60
404,12,13466,43
405,12,13103,44
406,12,4917,45
407,12,518,45
408,12,20846,40
409,12,237326,45
410,12,62979,47
411,12,799,50
412,12,11074,43
413,12,752707,50
414,12,34597,40
415,12,160120,54
416,12,37330,40
417,12,35414,55
418,12,358366,56
419,12,17526,45
420,12,22728,48
421,12,3828,69
422,12,1291471,48
423,12,25126,50
424,12,33753,56
425,12,13910,43
426,12,2562,45
427,12,19597,42
428,12,7423,45
429,12,1559,47
430,12,31000,49
431,12,3871,48
432,12,88842,52
433,12,125044,63
434,12,243031,54
435,12,1865,45
436,12,260927,46
437,12,41925,43
438,12,2131,45
439,12,89,50
440,12,5694,43
441,12,105,40
442,12,100537,44
443,12,789812,47
444,12,6147,43
445,12,1276259,40
446,12,154613,45
447,12,2535663,66
448,12,2563,45
449,12,34043,49
450,12,2564,49
451,12,11206,44
452,12,6938,49
453,12,63166,51
454,12,11724,43
455,12,346194,40
456,12,50941,39
457,12,27538,39
458,12,3497,45
459,12,1213,49
460,12,34877,39
461,12,1073081,41
462,12,581,50
463,12,3355,50
464,12,8286,40
465,12,11487,40
466,12,29739,40
467,12,6573,43
468,12,3204,50
469,12,16663,43
470,12,23770,49
471,12,2586,50
472,12,75640,40
473,12,223102,45
474,12,23312,45
475,12,492936,39
476,12,38655,44
477,12,149988,40
478,12,22463,40
479,12,55192,40
480,12,18077,50
481,12,85484,44
482,12,45814,49
483,12,125,50
484,12,19398,43
485,12,6471,45
486,12,22101,43
487,12,1032,45
488,12,21548,43
489,12,14767,47
490,12,326,50
491,12,970052,67
492,12,393369,63
493,12,3381,49
494,12,617720,75
495,12,2774570,55
496,12,18942,42
497,12,38972,68
498,12,793256,50
499,12,21639,48
500,12,7855,45
501,12,4553,48
502,12,2597,54
503,12,653803,99
504,12,7545,44
505,12,321552,49
506,12,571307,46
507,12,623,50
508,12,371757,50
509,12,17308,62
510,12,154255,40
511,12,12461,50
512,12,246963,54
513,12,585641,43
514,12,650489,75
515,12,2751,48
516,12,53868,43
517,12,168131,40
518,12,5445,48
519,12,3388,45
520,12,56935,44
521,12,2024219,41
522,12,15363,44
523,12,205698,50
524,12,215869,45
525,12,252737,62
526,12,2756,47
527,12,148376,58
528,12,17737,45
529,12,5141,44
530,12,219120,49
531,12,62248,62
532,12,17895,44
533,12,1529665,48
534,12,2661,48
535,12,7213,50
536,12,172347,40
537,12,10126,45
538,12,3438,45
539,12,276476,45
540,12,24528,45
541,12,1251989,68
542,12,23475,44
543,12,16308,43
544,12,5439,48
545,12,11509,50
546,12,192253,45
547,12,3979,44
548,12,7535,53
549,12,782,45
550,12,26359,61
551,12,25481,45
552,12,16403,40
553,12,23807,49
554,12,192610,43
555,12,4236,48
556,12,176408,40
557,12,38350,50
558,12,62328,39
559,12,27030,45
560,12,195409,62
561,12,148600,40
562,12,2497,55
563,12,7934,52
564,12,8189,43
565,12,11222,51
566,12,335506,56
567,12,22020,43
568,12,116333,44
569,12,4667,53
570,12,31847,53
571,12,141918,65
572,12,12034,43
573,12,118869,45
574,12,8087,40
575,12,2402,40
576,12,2635,48
577,12,6749,51
578,12,148168,58
579,12,12936,42
580,12,9256,43
581,12,20943,42
582,12,17007,46
583,12,43429,40
584,12,20168,50
585,12,23480,57
586,12,4404,44
587,12,52035,57
588,12,8104,49
589,12,92832,67
590,12,16438,50
591,12,33403,43
592,12,19607,44
593,12,568675,50
594,12,1799873,46
595,12,2432,54
596,12,11858,59
597,12,6693,45
598,12,34720,40
599,12,42767,40
600,12,3158,50
601,12,314,50
602,12,5479,45
603,12,22274,45
604,12,9990,45
605,12,3786,45
606,12,10423,45
607,12,1693,50
608,12,283912,45
609,12,174060,45
610,12,32168,45
611,12,40037,58
612,12,2658,53
613,12,5442,45
614,12,513,45
615,12,5615,40
616,12,2328,40
617,12,228884,60
618,12,167823,56
619,12,6164,45
620,12,4313,55
621,12,54540,61
622,12,2602,50
623,12,2625,50
624,12,27792,40
625,12,63345,65
626,12,589,45
627,12,7987,40
628,12,46225,45
629,12,10261,55
630,12,112793,40
631,12,4204,55
632,12,1041,49
633,12,10534,60
634,12,274,49
635,12,3607,49
636,12,15907,68
637,12,15383,40
638,12,1404,45
639,12,3682,45
640,12,7698,40
641,12,78506,40
642,12,2293,50
643,12,21078,40
644,12,2683,45
645,12,1449,45
646,12,4661,45
647,12,2603,45
648,12,223287,45
649,12,4359,40
650,12,15584,45
651,12,1397,50
652,12,11351,49
653,12,3077,45
654,12,2032,50
655,12,2484,55
656,12,26450,45
657,12,6547,40
658,12,4946,40
659,12,1372,45
660,12,24114,40
661,12,1474,45
662,12,3272,40
663,12,3613,40
664,12,26051,39
665,12,23510,45
666,12,2010,40
667,12,674,45
668,12,55524,39
669,12,695,40
670,12,1612,40
671,12,603,45
672,12,1660,40
673,12,175,45
674,12,229,45
675,12,563,40
676,12,14024,45
677,12,411,40
678,12,144,45
679,12,0,45
680,12,0,40
681,12,0,40
682,12,0,45
683,12,0,45
684,12,0,40
1,13,1195,54
2,13,98296,68
3,13,2647421,62
4,13,1106101,79
5,13,3535,40
6,13,283945,55
7,13,25012,47
8,13,16587,48
9,13,375169,69
10,13,10895,50
11,13,48916,59
12,13,44582,45
13,13,516517,82
14,13,190073,44
15,13,3151164,55
16,13,273566,62
17,13,3460355,102
18,13,2495567,60
19,13,2812961,58
20,13,111729,50
21,13,2453,43
22,13,3933,48
23,13,183430,68
24,13,328804,62
25,13,109626,48
26,13,94522,44
27,13,236563,50
28,13,105202,63
29,13,33906,52
30,13,2185,49
31,13,8889,52
32,13,116610,44
33,13,27675,45
34,13,1757,65
35,13,51079,45
36,13,1044429,47
37,13,215,50
38,13,325424,59
39,13,89934,40
40,13,59811,40
41,13,2423,54
42,13,1259,50
43,13,1078,40
44,13,856439,44
45,13,162376,46
46,13,103,40
47,13,1377990,50
48,13,86084,52
49,13,8870,44
50,13,109730,40
51,13,11590,45
52,13,165566,44
53,13,28223,54
54,13,2286614,54
55,13,91,40
56,13,7292,40
57,13,141107,55
58,13,2338666,90
59,13,18711,43
60,13,1921,49
61,13,14519,45
62,13,1966,49
63,13,15309,49
64,13,33069,50
65,13,5618,54
66,13,631,50
67,13,6564,45
68,13,36133,40
69,13,128509,45
70,13,181364,44
71,13,88039,53
72,13,3242,44
73,13,105535,43
74,13,2804,50
75,13,2832,40
76,13,5287,48
77,13,3517,48
78,13,740410,57
79,13,78611,48
80,13,18030,49
81,13,21640,45
82,13,1397584,76
83,13,37629,55
84,13,17711,44
85,13,39418,44
86,13,24804,44
87,13,8736,45
88,13,266587,45
89,13,126481,50
90,13,458,48
91,13,1333559,45
92,13,3198,43
93,13,1404,43
94,13,90246,49
95,13,8196,53
96,13,42205,39
97,13,7877,45
98,13,12729,50
99,13,4441436,79
100,13,46308,42
101,13,21237,48
102,13,1613,49
103,13,1993,45
104,13,134923,45
105,13,9358,44
106,13,8086,51
107,13,2616,59
108,13,137399,73
109,13,315593,40
110,13,960196,61
111,13,351833,44
112,13,1388,45
113,13,42424,53
114,13,260,45
115,13,21428,50
116,13,368669,40
117,13,151331,50
118,13,3574,45
119,13,1235,49
120,13,434705,44
121,13,8094,54
122,13,152600,50
123,13,34037,55
124,13,4208,50
125,13,2699,65
126,13,9727,50
127,13,409,50
128,13,14839,44
129,13,1885069,57
130,13,66,45
131,13,17355,44
132,13,695,65
133,13,1572,45
134,13,4751,50
135,13,51280,52
136,13,748852,64
137,13,102625,44
138,13,29599,45
139,13,7506,40
140,13,5496,45
141,13,1196,49
142,13,130320,43
143,13,527,55
144,13,107024,45
145,13,443461,46
146,13,315252,45
147,13,6948,43
148,13,2312448,60
149,13,6789,48
150,13,341,45
151,13,15593,45
152,13,69223,45
153,13,12469,43
154,13,26820,40
155,13,36083,40
156,13,5441,54
157,13,167602,49
158,13,15441,44
159,13,61051,44
160,13,55462,47
161,13,5111,48
162,13,342284,45
163,13,477973,50
164,13,6993,54
165,13,15413,50
166,13,13232,56
167,13,30553,43
168,13,159017,48
169,13,16027,59
170,13,4011,40
171,13,173755,49
172,13,34636,49
173,13,3002,44
174,13,95279,45
175,13,21871,63
176,13,283,45
177,13,741475,64
178,13,59635,48
179,13,25919,62
180,13,2222641,80
181,13,255330,59
182,13,5963058,109
183,13,21591,44
184,13,22095,45
185,13,1262318,47
186,13,99205,67
187,13,16565,42
188,13,34227,45
189,13,55099,45
190,13,12147,45
191,13,675095,43
192,13,27496,52
193,13,6165,49
194,13,10971,44
195,13,5471,43
196,13,11302,44
197,13,278,45
198,13,26785,52
199,13,835500,66
200,13,802091,45
201,13,1101900,44
202,13,8451,43
203,13,3704,49
204,13,42872,44
205,13,12822,51
206,13,4709,48
207,13,284345,72
208,13,46976,44
209,13,61029,40
210,13,164738,49
211,13,171775,48
212,13,139,45
213,13,4075,45
214,13,7620,47
215,13,10186,43
216,13,20798,47
217,13,20901,51
218,13,66701,50
219,13,90335,48
220,13,227866,56
221,13,3235,43
222,13,5833,49
223,13,1571,49
224,13,13532,53
225,13,22650,40
226,13,56438,45
227,13,42643,40
228,13,1040434,43
229,13,33631,49
230,13,654464,56
231,13,452292,43
232,13,87032,54
233,13,416833,49
234,13,1714,44
235,13,1123898,49
236,13,180881,48
237,13,1280,49
238,13,189166,45
239,13,292112,50
240,13,150170,52
241,13,47901,45
242,13,47364,40
243,13,3460,48
244,13,77332,42
245,13,24208,44
246,13,483,45
247,13,271497,56
248,13,267977,50
249,13,4139,48
250,13,20478,40
251,13,177743,55
252,13,767954,57
253,13,622,45
254,13,3482,48
255,13,1746392,47
256,13,4545,50
257,13,43367,45
258,13,33967,50
259,13,54760,52
260,13,33085,48
261,13,1884,40
262,13,984,49
263,13,239961,39
264,13,3995,48
265,13,11225,51
266,13,5304,40
267,13,267607,45
268,13,522901,56
269,13,8179,40
270,13,420282,40
271,13,990,49
272,13,3987,54
273,13,1660,45
274,13,39409,52
275,13,212123,40
276,13,68052,45
277,13,32502,45
278,13,23388,49
279,13,478,40
280,13,74133,40
281,13,2475,48
282,13,257190,40
283,13,18725,44
284,13,176999,40
285,13,40949,44
286,13,48574,45
287,13,39127,44
288,13,32174,40
289,13,16457,48
290,13,6513,52
291,13,1251792,41
292,13,29552,44
293,13,90649,45
294,13,62795,40
295,13,360019,46
296,13,12904,45
297,13,1771,45
298,13,60099,53
299,13,3883,47
300,13,43377,50
301,13,129016,40
302,13,10950,42
303,13,1033,40
304,13,4531,40
305,13,144297,39
306,13,750959,56
307,13,199491,40
308,13,228073,40
309,13,1160027,45
310,13,550197,54
311,13,2024095,69
312,13,4625,45
313,13,52285,47
314,13,91474,48
315,13,1719,45
316,13,260113,71
317,13,316564,72
318,13,2060,45
319,13,23667,52
320,13,15706,47
321,13,214746,71
322,13,49189,48
323,13,102816,50
324,13,73472,53
325,13,286259,45
326,13,1516184,54
327,13,2222600,76
328,13,6148901,131
329,13,157753,62
330,13,6727,44
331,13,18203,44
332,13,8498,40
333,13,111319,39
334,13,6511,40
335,13,556534,59
336,13,166555,63
337,13,25779,46
338,13,377129,41
339,13,2428916,63
340,13,401534,54
341,13,102581,53
342,13,413897,64
343,13,6548,47
344,13,21871,40
345,13,420065,94
346,13,155835,63
347,13,842305,55
348,13,515544,91
349,13,21528,64
350,13,3130828,63
351,13,5573052,151
352,13,10464,70
353,13,24077,53
354,13,217061,55
355,13,1301824,48
356,13,27566,49
357,13,4308,47
358,13,54774,52
359,13,6332,49
360,13,95255,63
361,13,294493,54
362,13,180301,53
363,13,378232,52
364,13,389439,49
365,13,22008,57
366,13,1791251,85
367,13,9545,43
368,13,85119,48
369,13,1232064,52
370,13,22625,54
371,13,12972,44
372,13,1254871,64
373,13,4350,45
374,13,25644,40
375,13,190030,69
376,13,8816,43
377,13,44486,49
378,13,225085,52
379,13,1091,44
380,13,425136,44
381,13,16904,49
382,13,13107,63
383,13,1052537,51
384,13,835,50
385,13,385153,69
386,13,94758,62
387,13,21143,49
388,13,224973,44
389,13,179358,66
390,13,93648,40
391,13,43878,55
392,13,276463,63
393,13,1405,44
394,13,175112,62
395,13,755601,44
396,13,55303,42
397,13,2781,48
398,13,917788,72
399,13,725801,44
400,13,8146,45
401,13,2228854,85
402,13,32046,50
403,13,173691,60
404,13,13401,43
405,13,12276,44
406,13,4840,45
407,13,541,45
408,13,20398,40
409,13,238731,45
410,13,62616,47
411,13,872,50
412,13,10999,43
413,13,754285,50
414,13,34411,40
415,13,164799,54
416,13,37316,40
417,13,35495,55
418,13,361767,56
419,13,17159,45
420,13,20817,48
421,13,4600,69
422,13,1463076,48
423,13,21920,50
424,13,33923,56
425,13,13870,43
426,13,2493,45
427,13,19453,42
428,13,7295,45
429,13,1548,47
430,13,30372,49
431,13,4124,48
432,13,81049,52
433,13,118358,63
434,13,262692,54
435,13,1822,45
436,13,321926,46
437,13,41677,43
438,13,2100,45
439,13,88,50
440,13,5640,43
441,13,104,40
442,13,94949,44
443,13,823807,47
444,13,6113,43
445,13,1253866,40
446,13,144766,45
447,13,2502181,66
448,13,2540,45
449,13,32808,49
450,13,2518,49
451,13,12648,44
452,13,6641,49
453,13,74982,51
454,13,11502,43
455,13,310930,40
456,13,50872,39
457,13,27711,39
458,13,3393,45
459,13,1197,49
460,13,35414,39
461,13,1060802,41
462,13,628,50
463,13,3199,50
464,13,8258,40
465,13,11188,40
466,13,29522,40
467,13,6533,43
468,13,3155,50
469,13,17161,43
470,13,22690,49
471,13,2534,50
472,13,76756,40
473,13,196137,45
474,13,22835,45
475,13,494041,39
476,13,38719,44
477,13,148011,40
478,13,21918,40
479,13,54937,40
480,13,15924,50
481,13,86876,44
482,13,44013,49
483,13,125,50
484,13,21815,43
485,13,6325,45
486,13,29758,43
487,13,1024,45
488,13,32675,43
489,13,14349,47
490,13,324,50
491,13,983302,67
492,13,473809,63
493,13,3345,49
494,13,931715,76
495,13,3244527,55
496,13,18911,42
497,13,38427,68
498,13,702564,50
499,13,22044,48
500,13,7590,45
501,13,4532,48
502,13,2582,54
503,13,710485,99
504,13,7623,44
505,13,348904,49
506,13,504036,46
507,13,619,50
508,13,329125,50
509,13,17987,62
510,13,152457,40
511,13,12549,50
512,13,226374,54
513,13,564628,43
514,13,621953,74
515,13,2730,47
516,13,52751,43
517,13,164438,40
518,13,5331,48
519,13,3284,45
520,13,60481,44
521,13,2052725,41
522,13,15334,43
523,13,194742,50
524,13,212037,45
525,13,245089,62
526,13,2727,47
527,13,144114,58
528,13,17362,44
529,13,5075,44
530,13,218107,49
531,13,63520,62
532,13,17600,44
533,13,1733451,48
534,13,2649,48
535,13,7330,50
536,13,169980,40
537,13,9789,45
538,13,3321,45
539,13,255376,45
540,13,23968,45
541,13,2321000,70
542,13,23754,44
543,13,16363,43
544,13,5189,48
545,13,11308,50
546,13,181257,45
547,13,4459,44
548,13,9399,53
549,13,769,45
550,13,28186,61
551,13,24655,45
552,13,15992,40
553,13,129520,49
554,13,205961,43
555,13,4150,48
556,13,174589,40
557,13,58588,50
558,13,60266,39
559,13,36272,45
560,13,159186,62
561,13,145912,40
562,13,2467,55
563,13,8370,52
564,13,7855,43
565,13,10772,51
566,13,297635,56
567,13,30545,43
568,13,119008,44
569,13,4710,53
570,13,28156,53
571,13,125202,65
572,13,12332,43
573,13,126549,45
574,13,7962,40
575,13,2358,40
576,13,2632,48
577,13,6741,51
578,13,164666,58
579,13,12749,42
580,13,9279,43
581,13,20856,42
582,13,16830,46
583,13,42969,40
584,13,19613,50
585,13,41927,57
586,13,4376,44
587,13,50577,57
588,13,7940,49
589,13,91785,67
590,13,16254,50
591,13,32269,43
592,13,18440,44
593,13,577456,50
594,13,1918499,46
595,13,2451,54
596,13,12122,59
597,13,6509,45
598,13,34038,40
599,13,42335,40
600,13,3688,50
601,13,311,50
602,13,5346,45
603,13,21867,45
604,13,9777,45
605,13,3738,45
606,13,10283,45
607,13,1685,49
608,13,278633,45
609,13,164975,45
610,13,29931,45
611,13,48766,58
612,13,2606,53
613,13,5289,45
614,13,505,45
615,13,5518,40
616,13,2289,40
617,13,201899,60
618,13,209287,56
619,13,6795,45
620,13,4543,55
621,13,55608,61
622,13,2514,50
623,13,4011,50
624,13,27879,40
625,13,57920,65
626,13,585,45
627,13,8107,40
628,13,38464,45
629,13,10922,55
630,13,127897,40
631,13,4373,55
632,13,1044,49
633,13,10596,60
634,13,274,49
635,13,3677,49
636,13,15616,68
637,13,14990,40
638,13,1404,45
639,13,3808,45
640,13,7714,40
641,13,78102,40
642,13,2441,50
643,13,20812,40
644,13,2489,45
645,13,10828,45
646,13,4577,45
647,13,2599,45
648,13,210882,45
649,13,4426,40
650,13,15521,45
651,13,1426,50
652,13,11173,49
653,13,3265,45
654,13,2166,50
655,13,2616,55
656,13,25911,45
657,13,6557,40
658,13,5031,40
659,13,1381,45
660,13,24928,40
661,13,1451,45
662,13,3396,40
663,13,3670,40
664,13,34836,39
665,13,22804,45
666,13,2171,40
667,13,686,45
668,13,79215,39
669,13,831,40
670,13,1813,40
671,13,726,45
672,13,1802,40
673,13,228,45
674,13,295,45
675,13,782,40
676,13,19213,45
677,13,660,40
678,13,243,45
679,13,134,45
680,13,245,40
681,13,229,40
682,13,279,45
683,13,183,45
684,13,476,40
685,13,0,40
686,13,0,40
687,13,0,45
688,13,0,45
689,13,0,45
690,13,0,40
1,14,1186,54
2,14,98244,68
3,14,2790105,62
4,14,1117383,79
5,14,3466,40
6,14,304887,55
7,14,25611,47
8,14,16532,48
9,14,315401,68
10,14,10682,50
11,14,49336,59
12,14,48030,45
13,14,601250,83
14,14,173309,44
15,14,3117885,55
16,14,269849,62
17,14,4185306,104
18,14,2447500,60
19,14,2603473,57
20,14,95818,50
21,14,2692,43
22,14,3909,48
23,14,197713,68
24,14,304917,61
25,14,108914,48
26,14,85871,44
27,14,233859,50
28,14,103482,62
29,14,33677,52
30,14,2166,49
31,14,8718,52
32,14,118523,44
33,14,26783,45
34,14,1748,65
35,14,51160,45
36,14,1063443,47
37,14,211,50
38,14,303356,58
39,14,88847,40
40,14,59229,40
41,14,2403,54
42,14,1686,50
43,14,1062,40
44,14,850086,44
45,14,159840,46
46,14,102,40
47,14,1293608,50
48,14,85724,52
49,14,8929,44
50,14,106176,40
51,14,13289,45
52,14,166473,44
53,14,26360,54
54,14,2205736,53
55,14,91,40
56,14,7136,40
57,14,135806,55
58,14,2333708,90
59,14,18640,43
60,14,2017,49
61,14,14068,45
62,14,2031,49
63,14,14734,49
64,14,25677,50
65,14,5693,54
66,14,627,50
67,14,6395,45
68,14,35692,40
69,14,122786,45
70,14,247749,45
71,14,271772,54
72,14,3189,44
73,14,102640,42
74,14,2746,50
75,14,2784,40
76,14,5205,48
77,14,3414,47
78,14,712409,57
79,14,74758,48
80,14,16816,49
81,14,21301,45
82,14,1101443,76
83,14,36912,55
84,14,17062,44
85,14,37067,44
86,14,23439,44
87,14,8529,45
88,14,265085,45
89,14,129040,50
90,14,448,48
91,14,1297543,45
92,14,3109,43
93,14,1385,43
94,14,76883,49
95,14,7529,53
96,14,44414,39
97,14,7669,45
98,14,11242,50
99,14,3676652,78
100,14,45275,42
101,14,20281,48
102,14,1603,49
103,14,1943,45
104,14,123734,45
105,14,9151,43
106,14,37296,51
107,14,2812,59
108,14,136485,73
109,14,310042,40
110,14,1028869,62
111,14,360003,44
112,14,1368,45
113,14,40610,53
114,14,259,45
115,14,20032,50
116,14,351820,40
117,14,172242,50
118,14,3447,45
119,14,1225,49
120,14,434291,44
121,14,7880,54
122,14,174195,50
123,14,33107,55
124,14,4160,50
125,14,2676,65
126,14,8486,50
127,14,405,50
128,14,15242,44
129,14,2050720,58
130,14,65,45
131,14,22596,44
132,14,683,65
133,14,1525,45
134,14,4685,50
135,14,48581,52
136,14,912752,65
137,14,100082,44
138,14,28817,45
139,14,7363,40
140,14,5927,44
141,14,1186,49
142,14,126634,42
143,14,525,55
144,14,112709,45
145,14,381476,46
146,14,319117,45
147,14,6788,43
148,14,2178887,59
149,14,6605,48
150,14,336,45
151,14,15110,45
152,14,68695,45
153,14,14209,43
154,14,26226,40
155,14,35322,40
156,14,5477,54
157,14,161772,49
158,14,15424,44
159,14,59722,44
160,14,55932,47
161,14,5054,48
162,14,448361,45
163,14,644806,50
164,14,6924,54
165,14,15522,49
166,14,13068,56
167,14,30105,42
168,14,263087,48
169,14,15943,59
170,14,3906,40
171,14,175764,49
172,14,26593,49
173,14,2925,44
174,14,101760,45
175,14,21766,63
176,14,282,45
177,14,704219,63
178,14,58377,48
179,14,25816,62
180,14,3090896,81
181,14,250206,58
182,14,6358105,110
183,14,21008,44
184,14,20889,45
185,14,1440486,48
186,14,98525,67
187,14,16193,42
188,14,31321,45
189,14,48115,45
190,14,11763,45
191,14,583135,43
192,14,26905,52
193,14,6020,49
194,14,10986,44
195,14,5300,43
196,14,11152,44
197,14,272,45
198,14,26426,52
199,14,840606,66
200,14,823395,45
201,14,1110651,44
202,14,8437,43
203,14,3611,49
204,14,41654,43
205,14,12211,51
206,14,4748,48
207,14,289279,72
208,14,44464,44
209,14,60167,40
210,14,160959,49
211,14,201542,47
212,14,137,45
213,14,3920,45
214,14,7656,47
215,14,10180,43
216,14,19939,47
217,14,21244,51
218,14,67296,50
219,14,93814,48
220,14,208881,56
221,14,3254,43
222,14,6135,49
223,14,1530,49
224,14,13163,53
225,14,22038,40
226,14,53521,44
227,14,42152,40
228,14,958486,42
229,14,32841,49
230,14,571248,55
231,14,448498,43
232,14,81289,54
233,14,376368,49
234,14,1800,44
235,14,1115804,49
236,14,181772,48
237,14,1324,49
238,14,193579,46
239,14,253584,49
240,14,139299,51
241,14,47816,45
242,14,46763,40
243,14,3288,48
244,14,76470,42
245,14,24087,44
246,14,477,45
247,14,296263,56
248,14,268158,50
249,14,4068,48
250,14,20007,40
251,14,171848,55
252,14,679886,56
253,14,617,45
254,14,3290,48
255,14,1728396,47
256,14,4495,50
257,14,44199,45
258,14,34092,50
259,14,48576,52
260,14,33561,48
261,14,1856,40
262,14,1008,49
263,14,262859,40
264,14,4102,48
265,14,11016,51
266,14,6077,40
267,14,294315,45
268,14,583942,56
269,14,8009,40
270,14,418435,40
271,14,979,49
272,14,3560,54
273,14,1614,45
274,14,42777,52
275,14,202334,40
276,14,65241,45
277,14,31321,45
278,14,22996,49
279,14,474,40
280,14,72955,40
281,14,2511,48
282,14,247930,40
283,14,18605,43
284,14,174172,40
285,14,51135,44
286,14,46924,45
287,14,38477,44
288,14,32281,40
289,14,22776,48
290,14,6409,52
291,14,1228431,41
292,14,28752,44
293,14,87154,45
294,14,61784,40
295,14,326642,45
296,14,12665,45
297,14,1717,45
298,14,53659,53
299,14,3928,47
300,14,39336,50
301,14,118457,40
302,14,10323,42
303,14,1020,40
304,14,4413,40
305,14,161233,39
306,14,758893,55
307,14,195981,40
308,14,224472,40
309,14,1032598,45
310,14,534743,54
311,14,2125232,69
312,14,4513,45
313,14,40181,47
314,14,83289,47
315,14,1671,45
316,14,254992,71
317,14,306662,72
318,14,2005,45
319,14,23798,52
320,14,15424,47
321,14,281198,71
322,14,167046,48
323,14,102759,50
324,14,65817,53
325,14,452208,45
326,14,947689,53
327,14,2099619,75
328,14,6485306,132
329,14,161060,62
330,14,6857,44
331,14,17683,44
332,14,8326,40
333,14,134096,39
334,14,6389,40
335,14,620055,59
336,14,169725,63
337,14,22645,46
338,14,390215,41
339,14,2665183,64
340,14,392701,54
341,14,105685,53
342,14,393504,63
343,14,6468,47
344,14,21892,40
345,14,419339,94
346,14,158809,62
347,14,803100,55
348,14,496604,91
349,14,22275,64
350,14,2892684,62
351,14,5043155,150
352,14,10408,70
353,14,23919,53
354,14,175328,55
355,14,1265551,47
356,14,24222,49
357,14,4250,47
358,14,57393,52
359,14,6085,49
360,14,94423,63
361,14,304892,54
362,14,172958,53
363,14,380840,52
364,14,584254,50
365,14,21987,57
366,14,1685323,85
367,14,9488,43
368,14,77958,48
369,14,1191934,52
370,14,21795,54
371,14,12598,44
372,14,1029357,64
373,14,4260,45
374,14,25380,40
375,14,161615,69
376,14,8559,43
377,14,44471,49
378,14,221254,52
379,14,1275,44
380,14,396701,44
381,14,16728,49
382,14,12907,63
383,14,1060306,52
384,14,828,50
385,14,526482,69
386,14,93060,62
387,14,22001,49
388,14,533743,45
389,14,199609,66
390,14,92292,40
391,14,42553,55
392,14,237992,62
393,14,1408,44
394,14,169424,61
395,14,738435,44
396,14,54436,42
397,14,2876,48
398,14,852768,72
399,14,699993,44
400,14,8291,45
401,14,1695183,85
402,14,30675,49
403,14,163076,60
404,14,13185,43
405,14,11665,44
406,14,4943,45
407,14,529,45
408,14,19955,40
409,14,229058,45
410,14,62532,47
411,14,893,50
412,14,10945,43
413,14,723967,50
414,14,35439,40
415,14,153313,54
416,14,37428,40
417,14,34084,55
418,14,360891,56
419,14,16792,45
420,14,20079,48
421,14,5847,69
422,14,1552817,49
423,14,20882,50
424,14,32963,56
425,14,13703,43
426,14,2425,45
427,14,19358,42
428,14,9539,44
429,14,1529,47
430,14,30280,49
431,14,3962,48
432,14,76474,51
433,14,115155,63
434,14,231660,54
435,14,1777,45
436,14,378874,46
437,14,44733,43
438,14,2070,45
439,14,89,50
440,14,5700,43
441,14,103,40
442,14,91194,44
443,14,819566,47
444,14,6153,43
445,14,1227717,40
446,14,139474,45
447,14,2434968,66
448,14,2509,45
449,14,29782,49
450,14,2480,49
451,14,16083,44
452,14,6606,49
453,14,89888,51
454,14,11308,43
455,14,289988,40
456,14,53510,39
457,14,30817,39
458,14,3298,45
459,14,1186,49
460,14,38178,39
461,14,972984,41
462,14,657,50
463,14,2934,50
464,14,7925,40
465,14,10857,40
466,14,41425,40
467,14,6655,43
468,14,3103,50
469,14,17659,43
470,14,21600,49
471,14,2432,50
472,14,88889,40
473,14,194656,44
474,14,22797,45
475,14,513757,39
476,14,38352,44
477,14,146150,40
478,14,21501,40
479,14,54696,40
480,14,14804,50
481,14,91618,44
482,14,41925,49
483,14,125,50
484,14,23250,43
485,14,6200,45
486,14,33941,43
487,14,1021,45
488,14,42343,43
489,14,13763,47
490,14,322,50
491,14,1074745,67
492,14,450467,63
493,14,3309,49
494,14,931309,76
495,14,3338235,56
496,14,18939,42
497,14,38018,68
498,14,644127,50
499,14,21989,48
500,14,7433,45
501,14,4498,48
502,14,2567,54
503,14,640453,99
504,14,7653,44
505,14,351855,49
506,14,460044,45
507,14,614,50
508,14,281911,49
509,14,19481,62
510,14,150954,40
511,14,12620,50
512,14,225005,54
513,14,540657,43
514,14,735431,74
515,14,2848,47
516,14,52155,43
517,14,160862,40
518,14,4938,48
519,14,3201,45
520,14,114960,44
521,14,2094180,41
522,14,15241,43
523,14,189856,50
524,14,208489,45
525,14,258507,62
526,14,2718,47
527,14,147091,58
528,14,16411,44
529,14,5005,44
530,14,217224,49
531,14,61370,62
532,14,17299,44
533,14,1764987,49
534,14,2650,48
535,14,8048,50
536,14,167942,40
537,14,9497,45
538,14,3233,45
539,14,256078,45
540,14,23473,45
541,14,2646029,71
542,14,24013,44
543,14,16327,43
544,14,4971,48
545,14,11130,50
546,14,174307,45
547,14,5813,44
548,14,10419,53
549,14,762,45
550,14,28267,61
551,14,23871,45
552,14,15656,40
553,14,133590,49
554,14,208447,43
555,14,4185,48
556,14,173019,40
557,14,54608,50
558,14,59676,39
559,14,25411,45
560,14,146738,62
561,14,143617,40
562,14,2452,55
563,14,8245,52
564,14,7992,43
565,14,10599,51
566,14,427456,56
567,14,36961,43
568,14,121925,44
569,14,4800,53
570,14,25984,52
571,14,117578,65
572,14,12750,43
573,14,132315,45
574,14,7833,40
575,14,2298,40
576,14,2642,48
577,14,7013,51
578,14,163586,58
579,14,12543,42
580,14,9266,43
581,14,20629,42
582,14,16759,46
583,14,42684,40
584,14,19169,50
585,14,42657,57
586,14,4216,44
587,14,49340,57
588,14,7922,48
589,14,90837,67
590,14,16215,50
591,14,32423,43
592,14,17525,44
593,14,548575,50
594,14,1889032,47
595,14,2340,54
596,14,12441,59
597,14,6351,45
598,14,33481,40
599,14,41492,40
600,14,3710,50
601,14,309,50
602,14,5234,45
603,14,21870,45
604,14,9643,45
605,14,3703,45
606,14,10152,45
607,14,1686,49
608,14,241821,45
609,14,175389,45
610,14,27995,45
611,14,48782,58
612,14,2575,53
613,14,5113,45
614,14,494,45
615,14,5426,40
616,14,2246,40
617,14,320792,60
618,14,193515,56
619,14,8648,45
620,14,4478,55
621,14,54741,61
622,14,2521,50
623,14,4383,50
624,14,28201,40
625,14,55585,65
626,14,580,45
627,14,8496,40
628,14,34117,45
629,14,10529,55
630,14,152732,40
631,14,4297,55
632,14,945,49
633,14,8076,60
634,14,273,49
635,14,3611,48
636,14,15378,68
637,14,14741,40
638,14,1396,45
639,14,3966,45
640,14,7782,40
641,14,77094,40
642,14,2492,50
643,14,19915,40
644,14,2334,45
645,14,17867,45
646,14,4595,45
647,14,2584,45
648,14,209111,45
649,14,4584,40
650,14,15981,45
651,14,1467,50
652,14,10468,49
653,14,3384,45
654,14,2843,50
655,14,2651,55
656,14,25831,45
657,14,6721,40
658,14,5113,40
659,14,1405,45
660,14,23705,40
661,14,1462,45
662,14,3554,40
663,14,3817,40
664,14,48785,39
665,14,23337,45
666,14,2455,40
667,14,711,45
668,14,116854,39
669,14,967,40
670,14,2122,40
671,14,843,45
672,14,2043,40
673,14,265,45
674,14,345,45
675,14,1011,40
676,14,27309,45
677,14,909,40
678,14,486,45
679,14,284,45
680,14,513,40
681,14,470,40
682,14,684,45
683,14,322,45
684,14,953,40
685,14,243,40
686,14,357,40
687,14,188,45
688,14,60,45
689,14,142,45
690,14,245,40
691,14,0,40
692,14,0,40
693,14,0,45
1,15,1178,54
2,15,97896,68
3,15,2657917,62
4,15,1105305,79
5,15,3405,40
6,15,573692,56
7,15,25660,47
8,15,19127,48
9,15,300616,68
10,15,9079,50
11,15,48425,59
12,15,47938,45
13,15,663761,83
14,15,159379,44
15,15,3222219,55
16,15,277287,62
17,15,4646701,105
18,15,2756385,61
19,15,2301118,56
20,15,97888,50
21,15,2961,43
22,15,3871,48
23,15,195311,68
24,15,288766,61
25,15,112774,48
26,15,81206,44
27,15,234425,50
28,15,104675,62
29,15,33763,52
30,15,2140,49
31,15,8733,52
32,15,172397,44
33,15,25910,45
34,15,1739,65
35,15,51371,45
36,15,1133826,47
37,15,212,50
38,15,285337,58
39,15,87230,40
40,15,58403,40
41,15,2385,54
42,15,2022,50
43,15,1047,40
44,15,861823,44
45,15,158386,46
46,15,101,40
47,15,1339040,50
48,15,87201,52
49,15,11181,44
50,15,101127,40
51,15,13221,45
52,15,163373,44
53,15,24941,54
54,15,2433903,53
55,15,91,40
56,15,6975,40
57,15,135020,55
58,15,2660262,90
59,15,18690,43
60,15,2324,49
61,15,13604,45
62,15,2246,49
63,15,14778,49
64,15,23200,50
65,15,6241,54
66,15,621,50
67,15,6213,45
68,15,41715,39
69,15,117252,45
70,15,509311,46
71,15,479844,55
72,15,3150,44
73,15,99716,42
74,15,2758,50
75,15,2733,40
76,15,5212,48
77,15,3335,47
78,15,773413,57
79,15,64772,48
80,15,15957,49
81,15,23938,45
82,15,933381,75
83,15,46406,55
84,15,16945,44
85,15,41473,44
86,15,22374,44
87,15,8382,45
88,15,257467,45
89,15,158625,50
90,15,446,48
91,15,1278228,45
92,15,3035,43
93,15,1373,43
94,15,67413,49
95,15,7049,53
96,15,45323,39
97,15,7502,45
98,15,10354,50
99,15,3156851,77
100,15,44297,42
101,15,17598,48
102,15,1578,49
103,15,1894,45
104,15,115988,45
105,15,9115,43
106,15,51570,51
107,15,3152,59
108,15,135600,73
109,15,304558,40
110,15,1062724,62
111,15,367542,44
112,15,1344,45
113,15,39841,53
114,15,255,45
115,15,22543,50
116,15,337313,40
117,15,131178,50
118,15,3353,45
119,15,1215,49
120,15,434741,44
121,15,7782,54
122,15,197639,51
123,15,32875,55
124,15,4104,50
125,15,2664,65
126,15,7640,50
127,15,401,50
128,15,15822,44
129,15,2360485,59
130,15,65,45
131,15,23192,44
132,15,685,65
133,15,1495,45
134,15,4627,50
135,15,46452,51
136,15,1023901,65
137,15,95856,44
138,15,28096,45
139,15,7216,40
140,15,6964,44
141,15,1166,49
142,15,123538,42
143,15,521,55
144,15,117968,45
145,15,332273,46
146,15,334613,45
147,15,6641,43
148,15,1836192,59
149,15,6948,47
150,15,331,45
151,15,14764,45
152,15,94968,45
153,15,13850,43
154,15,25840,40
155,15,48783,39
157,15,152519,49
158,15,15440,44
159,15,58540,44
160,15,55098,47
161,15,5009,48
162,15,438223,45
163,15,657890,51
164,15,6869,54
165,15,15736,49
166,15,12970,56
167,15,44083,42
168,15,372154,49
169,15,15852,59
170,15,3836,40
171,15,182194,49
172,15,22256,49
173,15,2865,44
174,15,100610,45
175,15,21660,63
176,15,279,45
177,15,768750,63
178,15,57427,48
179,15,25118,62
180,15,3000336,82
181,15,265327,58
182,15,6472487,110
183,15,20563,44
184,15,20125,45
185,15,1370169,48
186,15,97901,67
187,15,16272,42
188,15,30095,45
189,15,41331,45
190,15,11400,45
191,15,516587,42
192,15,25510,52
193,15,5902,49
194,15,10895,44
195,15,5201,43
196,15,10972,43
197,15,268,45
198,15,26122,52
199,15,832024,66
200,15,829233,45
201,15,1111565,44
202,15,8370,43
203,15,3722,49
204,15,40149,43
205,15,12037,51
206,15,4818,48
207,15,280343,72
208,15,42237,44
209,15,59432,40
210,15,155610,48
211,15,201136,47
212,15,135,45
213,15,3801,45
214,15,7459,47
215,15,10135,43
216,15,19194,47
233,15,337444,49
239,15,225297,48
240,15,131424,51
241,15,46755,45
242,15,46074,40
243,15,3081,48
244,15,75540,42
245,15,23745,44
246,15,467,45
247,15,383411,56
248,15,256496,50
249,15,4063,48
250,15,19562,40
251,15,166510,55
252,15,548422,55
253,15,613,45
254,15,3171,48
255,15,1664866,47
256,15,4436,50
257,15,41977,45
258,15,34372,50
259,15,42127,52
260,15,33901,48
261,15,1833,40
262,15,1014,49
263,15,256865,40
264,15,4381,48
265,15,10762,51
266,15,7555,40
267,15,287435,45
268,15,564950,56
269,15,7832,40
270,15,418146,40
271,15,968,49
272,15,3231,54
273,15,1575,45
274,15,42381,52
275,15,196067,40
276,15,62739,45
277,15,31217,44
278,15,22710,49
279,15,467,40
280,15,71874,40
281,15,2535,48
282,15,227151,40
283,15,18477,43
284,15,171225,40
285,15,55965,44
286,15,45331,45
287,15,73970,43
288,15,37937,40
289,15,57431,48
290,15,6366,52
291,15,1198597,41
292,15,27534,44
293,15,88101,45
294,15,60843,40
295,15,307291,45
296,15,14013,45
297,15,1665,45
298,15,48405,53
299,15,7273,47
300,15,37294,50
301,15,114503,40
302,15,9820,42
303,15,1009,40
304,15,4333,40
305,15,177973,39
306,15,847801,55
307,15,194841,40
308,15,221024,40
309,15,910020,45
314,15,78781,47
338,15,400650,41
340,15,354283,54
341,15,100457,53
342,15,403603,63
343,15,6402,47
344,15,21722,40
345,15,651078,94
346,15,213703,62
347,15,751128,54
348,15,445238,91
349,15,25574,64
350,15,2926724,62
351,15,4749240,150
352,15,10368,70
353,15,23757,53
354,15,151406,54
355,15,1183202,47
356,15,20047,49
357,15,4505,46
358,15,64479,52
359,15,6040,49
360,15,93649,63
361,15,339077,54
362,15,155576,53
363,15,384971,52
364,15,740213,50
365,15,22001,57
366,15,1714199,85
367,15,9492,43
368,15,73450,48
369,15,1218970,52
370,15,21325,54
371,15,11951,44
372,15,927702,63
373,15,4167,45
374,15,25097,40
375,15,156196,69
376,15,8312,43
377,15,45753,49
378,15,219825,52
379,15,2044,44
380,15,395277,44
381,15,16546,49
382,15,12938,63
383,15,1128095,52
384,15,818,50
385,15,600920,70
386,15,92753,62
387,15,20416,49
388,15,631964,45
389,15,208887,66
390,15,91779,40
391,15,41823,55
392,15,215715,62
393,15,1412,44
394,15,177779,61
395,15,737616,44
396,15,53623,42
397,15,2872,48
398,15,944794,72
399,15,733453,44
400,15,8052,45
401,15,2009032,85
402,15,31061,49
403,15,160744,60
404,15,13021,43
405,15,11212,43
406,15,4799,45
407,15,525,45
408,15,19509,40
409,15,230620,45
410,15,61415,47
411,15,927,50
412,15,10932,43
413,15,723699,50
414,15,34658,40
415,15,185523,54
416,15,37316,40
417,15,34824,55
418,15,353764,56
419,15,16464,45
420,15,19742,48
421,15,6891,69
422,15,1543235,49
423,15,19745,50
424,15,32469,56
425,15,13638,42
426,15,2375,45
427,15,18861,42
428,15,9067,44
429,15,1515,47
430,15,29979,49
431,15,3865,48
432,15,74232,51
433,15,112814,63
434,15,203957,54
435,15,1729,45
436,15,389039,46
437,15,44035,43
438,15,2049,45
439,15,88,50
440,15,5595,43
441,15,104,40
442,15,86558,44
443,15,813873,47
444,15,5997,43
445,15,1201162,40
446,15,134514,45
447,15,2337315,65
448,15,2476,45
449,15,26928,49
450,15,2444,49
451,15,15976,44
452,15,8242,49
453,15,97091,51
454,15,11114,43
455,15,278605,40
456,15,55065,39
457,15,33062,39
458,15,3207,45
459,15,1171,49
460,15,42224,39
461,15,946478,41
462,15,702,50
463,15,2798,50
464,15,7667,40
465,15,10563,40
466,15,52003,40
467,15,6821,43
468,15,3059,50
469,15,17738,43
470,15,19773,49
471,15,2405,50
472,15,76741,40
473,15,208634,44
474,15,22494,44
475,15,541268,39
476,15,39509,44
477,15,144307,40
478,15,21127,40
479,15,54303,40
480,15,14016,50
481,15,90989,44
482,15,39777,49
483,15,124,50
484,15,21478,43
485,15,6087,45
486,15,34294,43
487,15,1010,45
488,15,46235,43
489,15,13820,46
490,15,319,50
491,15,993916,67
492,15,399862,63
493,15,3280,49
494,15,849694,76
495,15,3206323,56
496,15,18719,42
497,15,37683,68
498,15,597026,50
499,15,21753,48
500,15,7275,45
501,15,4454,48
502,15,2552,54
503,15,561898,98
504,15,7679,44
505,15,337283,49
506,15,423990,45
507,15,615,50
508,15,255554,49
509,15,18990,62
510,15,149669,40
511,15,12706,50
512,15,216084,54
513,15,515326,43
514,15,750112,74
515,15,2773,47
516,15,51895,42
517,15,156997,40
518,15,5251,48
519,15,3124,45
520,15,126806,44
521,15,2131496,41
522,15,15120,43
523,15,173389,50
524,15,201860,45
525,15,269372,62
526,15,2704,47
527,15,142485,58
528,15,16226,44
529,15,4946,44
530,15,212445,49
531,15,60243,62
532,15,16996,44
533,15,1642653,49
534,15,2622,48
535,15,7243,50
536,15,165226,40
537,15,9234,45
538,15,3133,45
539,15,251080,45
540,15,22854,45
541,15,2658348,71
542,15,21364,44
543,15,16171,43
544,15,4786,48
545,15,10966,50
546,15,168026,45
547,15,5519,44
548,15,10007,53
549,15,752,45
550,15,27981,61
551,15,23255,45
552,15,15279,40
553,15,118618,49
554,15,202666,43
555,15,4152,48
556,15,170731,40
557,15,48595,50
558,15,58556,39
559,15,24513,45
560,15,123573,62
561,15,141161,40
562,15,2435,55
563,15,8070,52
564,15,7893,43
565,15,9704,51
566,15,463617,56
567,15,35950,43
568,15,121764,44
569,15,4888,53
570,15,24546,52
571,15,105272,65
572,15,19145,43
573,15,127146,45
574,15,7725,40
575,15,2265,40
576,15,2626,48
578,15,152344,58
579,15,12467,42
580,15,35539,43
581,15,22468,42
583,15,42309,40
584,15,18671,49
585,15,38125,57
586,15,4220,44
587,15,48470,57
588,15,7855,48
589,15,94803,67
590,15,16290,50
591,15,30564,43
592,15,16872,44
593,15,551852,50
594,15,1953771,47
595,15,2341,54
596,15,12431,59
597,15,5998,45
598,15,32540,40
599,15,40964,40
600,15,3641,50
601,15,307,50
602,15,5195,45
604,15,9574,45
605,15,3645,45
606,15,10040,45
607,15,1697,49
608,15,241782,45
609,15,179204,45
610,15,26415,45
611,15,42174,58
612,15,2554,53
613,15,4969,45
615,15,5308,40
616,15,2215,40
617,15,514864,61
618,15,174162,56
619,15,11899,45
620,15,4447,55
621,15,54469,61
622,15,2519,50
623,15,4506,50
625,15,53531,65
626,15,574,45
628,15,29491,45
629,15,10014,55
630,15,177888,40
631,15,4314,55
632,15,909,49
633,15,7330,60
634,15,274,49
635,15,26648,48
637,15,14475,40
638,15,1404,45
639,15,4118,45
640,15,7834,40
641,15,75581,40
642,15,2516,50
643,15,19749,40
644,15,2361,44
645,15,21766,45
646,15,4685,45
647,15,2634,45
648,15,203982,45
649,15,4717,40
650,15,16692,45
652,15,10420,49
653,15,3503,45
654,15,2965,50
655,15,2654,55
656,15,26261,45
657,15,6791,40
658,15,5185,40
659,15,1461,45
661,15,1458,45
662,15,3654,40
663,15,4017,40
664,15,59695,39
665,15,23039,45
666,15,2934,40
667,15,749,45
668,15,145753,39
670,15,2354,40
671,15,911,45
672,15,2190,40
673,15,312,45
674,15,427,45
675,15,1218,40
676,15,32473,45
677,15,1036,40
679,15,425,45
680,15,963,40
681,15,603,40
682,15,860,45
683,15,412,45
684,15,1297,40
685,15,454,40
686,15,589,40
687,15,393,45
689,15,249,45
690,15,516,40
691,15,158,40
693,15,213,45
1,16,1167,54
2,16,98617,68
3,16,2403720,62
4,16,1129192,79
5,16,3331,40
6,16,763230,57
7,16,26423,47
8,16,28525,48
9,16,282283,67
10,16,7967,50
11,16,47670,59
12,16,48746,45
13,16,675042,83
14,16,148199,44
15,16,3355857,56
16,16,282451,62
17,16,4864361,106
18,16,3238078,62
19,16,2026653,55
20,16,98275,50
21,16,3392,43
22,16,3830,48
23,16,193572,68
24,16,275088,61
25,16,107660,48
26,16,64050,44
27,16,237850,50
28,16,91933,62
29,16,33461,52
30,16,2116,49
31,16,8496,52
32,16,156778,44
33,16,25143,45
34,16,1727,65
35,16,54846,45
36,16,1036856,47
37,16,209,50
38,16,309812,58
39,16,86321,40
40,16,57852,40
41,16,2365,54
42,16,2300,50
43,16,1023,40
44,16,869196,44
45,16,155541,46
46,16,99,40
47,16,1333079,50
48,16,86713,52
49,16,10612,44
50,16,97949,40
51,16,13002,45
52,16,161452,44
53,16,23797,54
54,16,2312518,54
55,16,91,40
56,16,6820,40
57,16,125988,55
58,16,2104430,90
59,16,18623,43
60,16,2377,49
61,16,13205,45
62,16,2745,49
63,16,14535,49
64,16,22055,50
65,16,10737,54
66,16,616,50
67,16,6048,45
68,16,47206,39
69,16,113128,45
70,16,633629,46
71,16,514472,55
72,16,3103,44
73,16,97192,42
74,16,5129,50
75,16,2685,40
76,16,5245,48
77,16,3262,47
78,16,748265,57
79,16,51121,48
80,16,15149,49
81,16,24425,45
82,16,983599,75
83,16,35916,55
84,16,16674,44
85,16,47467,44
86,16,22297,44
87,16,8261,45
88,16,267420,45
89,16,147611,50
90,16,446,48
91,16,1250004,45
92,16,2962,43
93,16,1361,43
94,16,50625,49
95,16,6737,53
96,16,45250,39
97,16,7307,45
98,16,9423,50
99,16,3025833,76
100,16,43863,42
101,16,19507,48
102,16,1564,49
103,16,1857,45
104,16,103588,45
105,16,8836,43
106,16,79148,51
107,16,3509,59
108,16,134559,73
109,16,307512,39
110,16,1108600,62
111,16,377500,44
112,16,1323,45
113,16,38760,52
114,16,248,45
115,16,21923,50
116,16,323942,40
117,16,123310,50
118,16,3255,45
119,16,1204,49
120,16,438055,44
121,16,7701,54
122,16,235145,51
123,16,33790,55
124,16,4067,50
125,16,2646,65
126,16,6968,50
127,16,399,50
128,16,15276,44
129,16,2443963,59
130,16,63,45
131,16,57833,44
132,16,713,65
133,16,1455,45
134,16,4580,50
135,16,47570,51
136,16,1018966,66
137,16,91727,44
138,16,27458,45
139,16,7079,40
140,16,7256,44
141,16,1155,49
142,16,120472,42
143,16,513,55
144,16,121427,45
145,16,279376,45
146,16,351907,45
147,16,6517,43
148,16,1655872,58
149,16,7650,47
150,16,325,45
151,16,14404,45
152,16,109112,45
153,16,15484,43
154,16,25353,40
155,16,49306,39
156,16,6372,54
157,16,153216,49
158,16,15263,44
159,16,58108,44
160,16,56190,47
161,16,5041,48
162,16,499814,45
163,16,787163,51
164,16,6799,54
165,16,16071,49
166,16,12912,56
167,16,46971,42
168,16,887138,50
169,16,15745,59
170,16,3714,40
171,16,190712,49
172,16,19045,48
173,16,2795,44
174,16,98709,45
175,16,21526,63
176,16,277,45
177,16,750823,63
178,16,59052,47
179,16,23972,62
180,16,3054217,82
181,16,262746,58
182,16,6867090,111
183,16,20003,44
184,16,19396,45
185,16,1395968,48
186,16,97466,67
187,16,15848,42
188,16,29075,45
189,16,37315,44
190,16,11086,45
191,16,472407,42
192,16,24690,52
193,16,5815,49
194,16,10908,44
195,16,5110,43
196,16,10965,43
197,16,266,45
198,16,25873,51
199,16,820640,66
200,16,838544,45
201,16,1145471,44
202,16,8314,43
203,16,5824,49
204,16,48936,43
205,16,11834,51
206,16,4915,48
207,16,270449,72
208,16,39952,44
209,16,58509,40
210,16,152135,48
211,16,330206,47
212,16,132,45
213,16,3692,45
214,16,7244,47
215,16,9852,43
216,16,18497,47
217,16,19592,51
218,16,63552,50
219,16,96955,48
220,16,179316,55
221,16,3657,43
222,16,5744,49
223,16,1514,49
224,16,12116,52
225,16,20869,40
226,16,47372,44
227,16,74802,39
228,16,712504,41
229,16,31453,49
230,16,438908,54
231,16,454545,43
232,16,67659,54
233,16,323940,49
234,16,1922,44
235,16,1031166,49
236,16,169377,48
237,16,1424,49
238,16,318491,46
239,16,211735,48
240,16,123736,50
241,16,40961,45
242,16,45898,40
243,16,2950,48
244,16,74408,42
245,16,23987,44
246,16,463,45
247,16,451874,57
248,16,251337,50
249,16,4175,48
250,16,19124,40
251,16,161405,55
252,16,535293,55
253,16,610,45
254,16,3072,47
255,16,1626424,47
256,16,4378,50
257,16,44432,45
258,16,34746,50
259,16,36712,52
260,16,34981,48
261,16,1799,40
262,16,1055,49
263,16,272678,40
264,16,4667,48
265,16,11726,51
266,16,8270,40
267,16,278022,45
268,16,516688,56
269,16,7677,40
270,16,409301,40
271,16,958,49
272,16,3085,54
273,16,1529,45
274,16,42357,52
275,16,227925,39
276,16,60667,45
277,16,32378,44
278,16,23046,49
279,16,461,40
280,16,71906,40
281,16,2628,48
282,16,211649,40
283,16,18499,43
284,16,168254,40
285,16,48318,44
286,16,44015,45
287,16,126470,43
288,16,41755,40
289,16,75670,48
290,16,8662,52
291,16,1160143,41
292,16,26794,44
293,16,88223,45
294,16,60385,40
295,16,283504,44
296,16,14409,45
297,16,1630,45
298,16,44395,52
299,16,8276,47
300,16,31425,50
301,16,110430,40
302,16,9463,42
303,16,982,40
304,16,4399,40
305,16,192504,39
306,16,996695,56
307,16,194486,40
308,16,218549,40
309,16,824254,45
310,16,594090,54
311,16,2422815,70
312,16,4260,45
313,16,29281,47
314,16,75670,47
315,16,1610,45
316,16,236480,71
317,16,290892,72
318,16,1914,45
319,16,24096,52
320,16,15014,47
321,16,301531,71
322,16,228884,49
323,16,96879,50
324,16,74118,53
325,16,517243,46
326,16,504095,52
327,16,1762332,74
328,16,6904881,134
329,16,139394,62
330,16,6741,44
331,16,16114,44
332,16,8032,40
333,16,183167,39
334,16,6141,40
335,16,647379,59
336,16,167051,63
337,16,18680,46
338,16,400271,41
339,16,2798143,64
340,16,315283,53
341,16,94623,53
342,16,390075,63
343,16,6293,47
344,16,21624,40
345,16,550490,95
346,16,193868,62
347,16,697801,54
348,16,425020,91
349,16,24541,64
350,16,2612681,61
351,16,4340456,149
352,16,10312,70
353,16,23582,53
354,16,139958,54
355,16,850919,46
356,16,20721,49
357,16,4584,46
358,16,61763,52
359,16,6076,48
360,16,92842,63
361,16,332372,54
362,16,145031,53
363,16,380775,52
364,16,806772,51
365,16,22208,57
366,16,1519726,84
367,16,9497,43
368,16,66117,48
369,16,1100185,52
370,16,20825,53
371,16,10986,44
372,16,819109,62
373,16,4074,45
374,16,24948,40
375,16,168892,69
376,16,8234,43
377,16,46105,49
378,16,219024,52
379,16,2160,44
380,16,387531,44
381,16,16347,49
382,16,12970,63
383,16,1051198,52
384,16,816,50
385,16,463678,69
386,16,147050,62
387,16,19388,49
388,16,671606,46
389,16,192293,66
390,16,91487,40
391,16,41714,55
392,16,234524,62
393,16,1410,44
394,16,179207,61
395,16,744288,44
396,16,60329,42
397,16,2797,48
398,16,966123,72
399,16,809489,45
400,16,8600,44
401,16,2657925,86
402,16,38301,49
403,16,155103,60
404,16,12811,43
405,16,10744,43
406,16,5278,44
407,16,541,45
408,16,19041,40
409,16,234002,45
410,16,61777,47
411,16,984,50
412,16,11145,43
413,16,657907,50
414,16,34138,40
415,16,197860,54
416,16,37289,40
417,16,34565,55
418,16,359878,56
419,16,16126,45
420,16,17989,48
421,16,6545,69
422,16,1611154,49
423,16,20405,50
424,16,32405,55
425,16,13728,42
426,16,2317,45
427,16,18614,42
428,16,9304,44
429,16,1496,47
430,16,29863,49
431,16,3837,48
432,16,71403,51
433,16,133308,63
434,16,197982,54
435,16,1692,45
436,16,413850,46
437,16,45172,43
438,16,2029,45
439,16,87,50
440,16,5581,43
441,16,104,40
442,16,82747,44
443,16,872870,47
444,16,5971,43
445,16,1179822,40
446,16,130313,45
447,16,2574806,66
448,16,2435,45
449,16,25372,49
450,16,2407,49
451,16,14221,44
452,16,7010,49
453,16,106575,51
454,16,10847,43
455,16,267173,40
456,16,54580,39
457,16,34161,39
458,16,3129,45
459,16,1163,49
460,16,41097,39
461,16,943797,41
462,16,711,50
463,16,2695,50
464,16,7403,40
465,16,10282,40
466,16,58057,40
467,16,6713,43
468,16,3015,50
469,16,16705,43
470,16,18732,49
471,16,2356,50
472,16,70154,40
473,16,227914,44
474,16,20615,44
475,16,548427,39
476,16,38109,44
477,16,142731,40
478,16,20677,40
479,16,53930,40
480,16,13339,49
481,16,91770,44
482,16,33802,49
483,16,122,50
484,16,18929,43
485,16,5963,45
486,16,41205,43
487,16,1002,45
488,16,71744,43
489,16,15035,46
490,16,319,50
491,16,1012412,67
492,16,448874,63
493,16,3239,49
494,16,816808,76
495,16,3276848,56
496,16,18716,42
497,16,37352,68
498,16,541685,50
499,16,22205,48
500,16,7121,45
501,16,4477,48
502,16,2533,54
503,16,555994,98
504,16,7752,44
505,16,346127,49
506,16,401659,45
507,16,612,50
508,16,234993,49
509,16,18832,62
510,16,147929,40
511,16,12858,50
512,16,162753,54
513,16,496503,42
514,16,756821,74
515,16,2708,47
516,16,51409,42
517,16,158825,39
518,16,5166,48
519,16,3036,45
520,16,100463,44
521,16,2170979,41
522,16,15240,43
523,16,170371,50
524,16,195320,45
525,16,273682,62
526,16,2693,47
527,16,136805,57
528,16,16216,44
529,16,4892,44
530,16,228793,49
531,16,59544,62
532,16,16682,44
533,16,1729971,49
534,16,2589,48
535,16,7866,50
536,16,163436,40
537,16,8991,45
538,16,3056,45
539,16,252112,45
540,16,22422,45
541,16,2691487,71
542,16,20663,44
543,16,21551,43
544,16,4795,48
545,16,10789,50
546,16,162548,45
547,16,5442,44
548,16,10729,53
549,16,744,45
550,16,28195,61
551,16,22680,45
552,16,14911,40
553,16,74607,49
554,16,184103,43
555,16,4192,48
556,16,169075,40
557,16,48551,50
558,16,57604,39
559,16,29938,45
560,16,86107,62
561,16,139015,40
562,16,2408,55
563,16,8055,52
564,16,8078,43
565,16,8849,51
566,16,521780,57
567,16,36808,43
568,16,123966,44
569,16,4920,53
570,16,23383,52
571,16,95686,65
572,16,23133,43
573,16,187310,45
574,16,7596,40
575,16,2202,40
576,16,2626,48
577,16,6516,51
578,16,140492,58
579,16,12402,42
580,16,71624,43
581,16,22471,42
582,16,16465,46
583,16,42128,40
584,16,18220,49
585,16,34674,57
586,16,4282,44
587,16,47246,57
588,16,7778,48
589,16,94227,67
590,16,16492,49
591,16,30454,43
592,16,16205,43
593,16,515731,50
594,16,1810592,47
595,16,2378,54
596,16,13105,59
597,16,6237,45
598,16,31906,40
599,16,40555,40
600,16,3728,50
601,16,304,50
602,16,5127,45
603,16,21191,45
604,16,9581,45
605,16,3765,45
606,16,10038,45
607,16,1720,49
608,16,252215,45
609,16,184912,45
610,16,25133,45
611,16,40076,58
612,16,2552,53
613,16,4896,45
614,16,481,45
615,16,5223,40
616,16,2181,40
617,16,505756,61
618,16,153003,56
619,16,12861,45
620,16,4519,55
621,16,53757,60
622,16,2682,50
623,16,3719,50
624,16,27988,40
625,16,50283,65
626,16,571,45
627,16,9027,40
628,16,24729,45
629,16,9025,55
630,16,205314,40
631,16,4354,55
632,16,922,49
633,16,7162,60
634,16,273,49
635,16,29936,48
636,16,14958,68
637,16,14291,40
638,16,1433,45
639,16,4320,45
640,16,7909,40
641,16,74296,40
642,16,2888,50
643,16,19736,40
644,16,2318,44
645,16,25265,45
646,16,4601,45
647,16,2563,45
648,16,203640,45
649,16,4819,40
650,16,25489,45
651,16,1788,50
652,16,10193,49
653,16,3839,45
654,16,3073,50
655,16,2744,55
656,16,26400,45
657,16,6941,40
658,16,5354,40
659,16,1474,45
660,16,22068,40
661,16,1491,45
662,16,3874,40
663,16,4253,40
664,16,69879,39
665,16,23421,45
666,16,2793,40
667,16,776,45
668,16,150195,39
669,16,1229,40
670,16,2607,40
671,16,1039,45
672,16,2555,40
673,16,347,45
674,16,514,45
675,16,1547,40
676,16,37748,45
677,16,1265,40
678,16,705,45
679,16,496,45
680,16,1401,40
681,16,891,40
682,16,1145,45
683,16,500,45
684,16,1732,40
685,16,711,40
686,16,898,40
687,16,509,45
688,16,196,45
689,16,382,45
690,16,1075,40
691,16,351,40
692,16,326,40
693,16,169,45
694,16,0,45
695,16,0,45
696,16,0,45
697,16,0,40
698,16,0,45
699,16,0,40
700,16,0,40
701,16,0,45
1,17,1162,54
2,17,107816,67
3,17,2712218,62
4,17,1072157,79
5,17,3266,40
6,17,839136,57
7,17,26258,47
8,17,24950,48
9,17,269947,67
10,17,7292,50
11,17,48538,59
12,17,46568,45
13,17,637361,83
14,17,142266,44
15,17,3419667,56
16,17,271229,62
17,17,4888752,106
18,17,3327741,63
19,17,1873829,55
20,17,92511,50
21,17,3633,43
22,17,3809,48
23,17,179962,68
24,17,267218,61
25,17,102893,48
26,17,61763,44
27,17,238072,50
28,17,87045,62
29,17,32521,52
30,17,2098,49
31,17,8315,52
32,17,151196,44
33,17,24543,45
34,17,1715,65
35,17,53976,45
36,17,946144,47
37,17,207,50
38,17,347479,58
39,17,85435,40
40,17,58686,39
41,17,2357,54
42,17,2390,50
43,17,1007,40
44,17,836580,44
45,17,152168,46
46,17,99,40
47,17,1313916,50
48,17,87206,52
49,17,10347,44
50,17,96785,39
51,17,12965,45
52,17,153809,44
53,17,23141,54
54,17,2006707,53
55,17,89,40
56,17,6669,40
57,17,119496,55
58,17,1876710,89
59,17,18447,43
60,17,2360,49
61,17,12839,45
62,17,2609,49
63,17,14191,49
64,17,20564,50
65,17,18025,54
66,17,615,50
67,17,5943,45
68,17,47814,39
69,17,109853,45
70,17,636304,47
71,17,439729,55
72,17,3067,44
73,17,95257,42
74,17,4747,50
75,17,2642,40
76,17,5172,48
77,17,3206,47
78,17,633419,56
79,17,44981,47
80,17,14664,49
81,17,25321,45
82,17,922599,75
83,17,27681,55
84,17,16465,44
85,17,47291,44
86,17,23006,44
87,17,8173,44
88,17,285569,45
89,17,140726,50
90,17,448,48
91,17,1282013,45
92,17,2920,43
93,17,1353,43
94,17,43036,49
95,17,6545,53
96,17,44499,39
97,17,7113,45
98,17,9125,50
99,17,3138406,76
100,17,44032,42
101,17,19489,48
102,17,1551,49
103,17,1830,45
104,17,89282,45
105,17,9505,43
106,17,87856,51
107,17,3447,59
108,17,133822,73
109,17,333824,39
110,17,1241662,63
111,17,374309,44
112,17,1310,45
113,17,37538,52
114,17,243,45
115,17,20975,50
116,17,312740,40
117,17,108257,50
118,17,3182,45
119,17,1201,49
120,17,426953,44
121,17,7897,54
122,17,239005,51
123,17,34046,55
124,17,4036,50
125,17,2639,65
126,17,6590,49
127,17,397,50
128,17,14217,44
129,17,2417422,59
130,17,63,45
131,17,57425,44
132,17,714,65
133,17,1430,45
134,17,4533,50
135,17,46202,51
136,17,920443,66
137,17,87289,44
138,17,26871,45
139,17,6967,40
140,17,7220,44
141,17,1141,49
142,17,118315,42
143,17,510,55
144,17,118176,45
145,17,246928,45
146,17,347944,45
147,17,6510,43
148,17,1283483,57
149,17,7551,47
150,17,325,45
151,17,14073,45
152,17,109511,45
153,17,13743,43
154,17,26361,39
155,17,48680,39
156,17,6083,54
157,17,150372,49
158,17,14867,44
159,17,69850,44
160,17,57538,47
161,17,5021,48
162,17,568671,46
163,17,697840,52
164,17,6756,54
165,17,16145,49
166,17,12933,55
167,17,47082,42
168,17,1096866,51
169,17,15669,59
170,17,3635,40
171,17,232597,49
172,17,17496,48
173,17,2733,44
174,17,90047,45
175,17,21424,63
176,17,275,45
177,17,778170,63
178,17,61427,47
179,17,23322,62
180,17,3259066,83
181,17,255580,58
182,17,7040008,112
183,17,19628,44
184,17,18700,45
185,17,1460720,48
186,17,97008,67
187,17,18989,42
188,17,28108,45
189,17,35253,44
190,17,10816,45
191,17,454336,42
192,17,22766,52
193,17,5715,49
194,17,10864,44
195,17,5058,43
196,17,10978,43
197,17,261,45
198,17,25668,51
199,17,799742,66
200,17,801612,45
201,17,1166018,44
202,17,8269,43
203,17,5937,49
204,17,45105,43
205,17,11672,51
206,17,4932,48
207,17,261431,72
208,17,38048,44
209,17,60779,39
210,17,164274,48
211,17,283616,47
212,17,132,45
213,17,3593,45
214,17,7004,47
215,17,9530,43
216,17,17937,47
217,17,19115,51
218,17,61486,50
219,17,106648,48
220,17,172942,55
221,17,3753,43
222,17,5564,49
223,17,1497,49
224,17,11893,52
225,17,20374,40
226,17,44867,44
227,17,73498,39
228,17,677295,41
229,17,30911,49
230,17,341267,53
231,17,507781,43
232,17,66367,54
233,17,312936,49
234,17,1916,44
235,17,1078706,49
236,17,171992,48
237,17,1295,49
238,17,411458,47
239,17,201678,47
240,17,112565,50
241,17,45720,45
242,17,45215,40
243,17,2989,48
244,17,118271,42
245,17,26793,44
246,17,456,45
247,17,675171,58
248,17,293430,50
249,17,4320,48
250,17,18699,40
251,17,177865,55
252,17,752430,55
253,17,606,45
254,17,2988,47
255,17,2377590,48
256,17,4338,50
257,17,39683,45
258,17,35222,50
259,17,37604,52
260,17,35989,48
261,17,1759,40
262,17,1095,49
263,17,279392,40
264,17,4591,48
265,17,12068,51
266,17,8512,40
267,17,264120,45
268,17,360707,56
269,17,7536,40
270,17,398258,40
271,17,944,49
272,17,2919,54
273,17,1502,45
274,17,39060,52
275,17,243532,39
276,17,58912,45
277,17,31097,44
278,17,22140,49
279,17,456,40
280,17,71043,40
281,17,3075,48
282,17,199512,40
283,17,18446,43
284,17,165015,40
285,17,45730,44
286,17,42971,45
287,17,148725,43
288,17,42765,40
289,17,86505,48
290,17,8088,52
291,17,1110117,41
292,17,25278,44
293,17,80641,45
294,17,66580,39
295,17,261572,44
296,17,14363,45
297,17,1596,45
298,17,41371,52
299,17,8908,47
300,17,27193,50
301,17,105278,40
302,17,9179,41
303,17,970,40
304,17,4272,40
305,17,199559,39
306,17,1089203,56
307,17,191085,40
308,17,218854,40
309,17,770292,45
310,17,622910,54
311,17,2377323,70
312,17,4184,45
313,17,27193,47
314,17,73355,46
315,17,1588,45
316,17,228389,71
317,17,338250,72
318,17,1881,45
319,17,24273,52
320,17,14800,47
321,17,343609,71
322,17,229698,49
323,17,92553,50
324,17,63040,53
325,17,382321,45
326,17,436181,51
327,17,1595878,74
328,17,7010771,134
329,17,140567,62
330,17,6622,44
331,17,15458,44
332,17,7912,40
333,17,198355,39
334,17,6058,40
335,17,557094,59
336,17,162113,63
337,17,19014,46
338,17,377647,41
339,17,2726808,65
340,17,297021,53
341,17,91751,53
342,17,374185,63
343,17,6179,47
344,17,21627,40
345,17,538070,95
346,17,186491,62
347,17,669093,54
348,17,421955,91
349,17,24064,64
350,17,2611894,61
351,17,4016939,149
352,17,10252,70
353,17,23461,53
354,17,136506,54
355,17,816998,46
356,17,18945,49
357,17,4519,46
358,17,62073,52
359,17,6001,48
360,17,92164,63
361,17,317488,54
362,17,144147,53
363,17,377753,52
364,17,1689099,53
365,17,22444,57
366,17,1600458,84
367,17,9560,43
368,17,60406,48
369,17,1108302,52
370,17,20447,53
371,17,10796,44
372,17,718101,61
373,17,3990,45
374,17,24630,40
375,17,211932,69
376,17,8337,43
377,17,51798,49
378,17,217577,52
379,17,2209,44
380,17,425212,44
381,17,16198,49
382,17,12436,63
383,17,1097704,52
384,17,810,50
385,17,348327,68
386,17,156877,62
387,17,18841,49
388,17,717041,46
389,17,187364,66
390,17,90386,40
391,17,41217,55
392,17,216305,62
393,17,1434,44
394,17,192448,61
395,17,765363,44
396,17,92223,42
397,17,2764,48
398,17,1018148,72
399,17,1290835,46
400,17,8633,44
401,17,3361670,88
402,17,90907,49
403,17,133226,60
404,17,12618,43
405,17,10415,43
406,17,5462,44
407,17,534,45
408,17,18662,40
409,17,243532,45
410,17,58528,47
411,17,1016,50
412,17,11404,43
413,17,535869,49
414,17,33572,40
415,17,239647,54
416,17,36861,40
417,17,40032,55
418,17,368627,56
419,17,15846,45
420,17,17324,48
421,17,5733,69
422,17,1617290,49
423,17,23946,50
424,17,32556,55
425,17,13936,42
426,17,2246,45
427,17,18577,42
428,17,9257,44
429,17,1492,47
430,17,29664,49
431,17,3899,48
432,17,72850,51
433,17,156410,63
434,17,189557,53
435,17,1650,45
436,17,357597,46
437,17,47082,43
438,17,2011,45
439,17,85,50
440,17,5621,43
441,17,103,40
442,17,79632,44
443,17,891922,47
444,17,5966,43
445,17,1160785,40
446,17,126801,45
447,17,2713134,66
448,17,2412,45
449,17,22040,49
450,17,2392,49
451,17,13759,44
452,17,6774,49
453,17,113156,51
454,17,10692,43
455,17,266022,40
456,17,53924,39
457,17,32551,39
458,17,3062,45
459,17,1152,49
460,17,40436,39
461,17,927679,41
462,17,750,50
463,17,2737,50
464,17,7269,40
465,17,10017,40
466,17,61182,40
467,17,6662,43
468,17,2984,50
469,17,16776,43
470,17,18920,49
471,17,2421,50
472,17,65853,40
473,17,243184,44
474,17,20005,44
475,17,549025,39
476,17,36429,44
477,17,141129,40
478,17,20342,40
479,17,53500,40
480,17,12921,49
481,17,92631,44
482,17,32667,49
483,17,121,50
484,17,17871,43
485,17,5847,45
486,17,43379,43
487,17,993,45
488,17,77744,43
489,17,15865,46
490,17,318,50
491,17,774728,66
492,17,472882,63
493,17,3212,49
494,17,865690,76
495,17,3170949,56
496,17,18510,42
497,17,37103,68
498,17,496962,50
499,17,25440,48
500,17,7003,45
501,17,4420,48
502,17,2511,54
503,17,559989,98
504,17,10781,44
505,17,299974,49
506,17,369147,45
507,17,606,50
508,17,223125,49
509,17,18222,62
510,17,146349,40
511,17,13012,50
512,17,141193,54
513,17,483386,42
514,17,760891,74
515,17,2664,47
516,17,51959,42
517,17,163554,39
518,17,5096,48
519,17,2974,45
520,17,100399,44
521,17,2217518,41
522,17,15416,43
523,17,168268,50
524,17,192906,45
525,17,277103,62
526,17,2693,47
527,17,138593,57
528,17,16608,44
529,17,4846,44
530,17,230341,49
531,17,58843,62
532,17,16451,44
533,17,812227,48
534,17,2593,48
535,17,6988,50
536,17,161157,40
537,17,8797,45
538,17,2992,45
539,17,248572,45
540,17,21822,45
541,17,2544762,71
542,17,19358,44
543,17,20455,43
544,17,4597,48
545,17,10664,50
546,17,158134,45
547,17,5220,44
548,17,10516,53
549,17,739,45
550,17,27582,61
551,17,22188,45
552,17,14627,40
553,17,61393,49
554,17,163647,43
555,17,4157,48
556,17,167267,40
557,17,40313,50
558,17,55884,39
559,17,27951,45
560,17,82918,62
561,17,144534,39
562,17,2392,55
563,17,7776,52
564,17,7937,43
565,17,8327,51
566,17,471709,57
567,17,33940,43
568,17,126041,44
569,17,4850,53
570,17,22674,52
571,17,89346,64
572,17,25193,43
573,17,316866,46
574,17,7481,40
575,17,2161,40
576,17,2621,48
577,17,6397,51
578,17,134942,58
579,17,12308,42
580,17,79913,43
581,17,22090,42
582,17,16396,46
583,17,41670,40
584,17,17873,49
585,17,60332,57
586,17,4678,44
587,17,45648,57
588,17,7674,48
589,17,94392,67
590,17,16842,49
591,17,30106,43
592,17,15786,43
593,17,505061,50
594,17,1754564,46
595,17,2401,54
596,17,13265,59
597,17,6767,45
598,17,31365,40
599,17,40231,40
600,17,3723,50
601,17,303,50
602,17,5320,44
603,17,20469,45
604,17,9337,45
605,17,3602,45
606,17,9749,45
607,17,1732,49
608,17,247819,45
609,17,190781,45
610,17,24165,45
611,17,34248,58
612,17,2522,53
613,17,4748,45
614,17,479,45
615,17,5138,40
616,17,2151,40
617,17,435471,61
618,17,124235,55
619,17,12642,45
620,17,4586,55
621,17,52841,60
622,17,2773,50
623,17,3571,50
624,17,27433,40
625,17,48733,65
626,17,564,45
627,17,8366,40
628,17,21457,45
629,17,7071,55
630,17,223455,40
631,17,4540,55
632,17,980,49
633,17,7151,60
634,17,282,49
635,17,28098,48
636,17,15349,68
637,17,14437,40
638,17,1435,45
639,17,4528,45
640,17,7981,40
641,17,73220,40
642,17,2621,50
643,17,19649,40
644,17,2298,44
645,17,24990,45
646,17,4518,45
647,17,2529,45
648,17,200453,45
649,17,5289,40
650,17,29890,45
651,17,1865,50
652,17,10322,49
653,17,4226,45
654,17,2647,50
655,17,2729,55
656,17,25786,45
657,17,6927,40
658,17,5330,40
659,17,1475,45
660,17,21560,40
661,17,1468,45
662,17,3923,40
663,17,4370,40
664,17,74247,39
665,17,22988,45
666,17,2851,40
667,17,786,45
668,17,149583,39
669,17,1322,40
670,17,2774,40
671,17,1121,45
672,17,2657,40
673,17,375,45
674,17,547,45
675,17,1737,40
676,17,39479,45
677,17,1452,40
678,17,529,45
679,17,586,45
680,17,1666,40
681,17,1055,40
682,17,1135,45
683,17,511,45
684,17,1888,40
685,17,939,40
686,17,1155,40
687,17,571,45
688,17,242,45
689,17,454,45
690,17,1110,40
691,17,460,40
692,17,451,40
693,17,183,45
694,17,77,45
695,17,29,45
696,17,82,45
697,17,387,40
698,17,2825,45
699,17,555,40
700,17,270,40
701,17,122,45
1,18,1152,54
2,18,818191,68
3,18,3025206,63
4,18,1119308,79
5,18,3177,40
6,18,851032,57
7,18,25895,47
8,18,22623,48
9,18,457465,67
10,18,6783,50
11,18,48907,59
12,18,46446,45
13,18,786398,84
14,18,147412,44
15,18,3481201,56
16,18,295909,62
17,18,2107197,104
18,18,3362200,63
19,18,1500129,54
20,18,93394,50
21,18,3807,43
22,18,3781,48
23,18,199242,68
24,18,259048,61
25,18,99721,48
26,18,57328,44
27,18,232459,50
28,18,85471,62
29,18,31482,52
30,18,2084,49
31,18,8195,51
32,18,148535,44
33,18,23733,45
34,18,1708,65
35,18,49482,45
36,18,889958,47
37,18,201,50
38,18,581148,59
39,18,84213,40
40,18,62139,39
41,18,2340,54
42,18,2677,50
43,18,996,40
44,18,808283,44
45,18,147412,46
46,18,96,40
47,18,1299133,50
48,18,87820,52
49,18,10197,44
50,18,96914,39
51,18,13136,45
52,18,149064,44
53,18,22464,54
54,18,2352964,54
55,18,83,40
56,18,6457,40
57,18,117411,55
58,18,1636013,88
59,18,18313,43
60,18,2618,49
61,18,12391,45
62,18,2504,49
63,18,16713,49
64,18,19664,50
65,18,26200,54
66,18,610,50
67,18,5767,45
68,18,52425,39
69,18,103579,45
70,18,708106,47
71,18,599765,55
72,18,3035,44
73,18,92385,42
74,18,8083,50
75,18,2560,40
76,18,5173,48
77,18,3140,47
78,18,693381,56
79,18,40650,47
80,18,14126,48
81,18,25345,45
82,18,1048481,75
83,18,23746,54
84,18,16309,44
85,18,56659,44
86,18,21454,44
87,18,8451,44
88,18,266161,46
89,18,126472,50
90,18,447,48
91,18,1243090,45
92,18,2829,43
93,18,1333,43
94,18,38158,49
95,18,6331,53
96,18,43719,39
97,18,6969,45
98,18,8602,50
99,18,3162954,76
100,18,42924,42
101,18,19491,48
102,18,1533,49
103,18,1785,45
104,18,67317,45
105,18,8438,43
106,18,91861,51
107,18,2956,59
108,18,132874,73
109,18,364574,39
110,18,1094914,63
111,18,366944,44
112,18,1288,45
113,18,36140,52
114,18,238,45
115,18,19740,50
116,18,293825,40
117,18,92216,49
118,18,3082,45
119,18,1190,49
120,18,425633,44
121,18,7722,54
122,18,217056,51
123,18,33956,55
124,18,3997,50
125,18,2622,65
126,18,6173,49
127,18,394,50
128,18,13049,44
129,18,2113044,58
130,18,62,45
131,18,52242,44
132,18,711,65
133,18,1392,45
134,18,4454,50
135,18,44096,51
136,18,807801,65
137,18,82592,44
138,18,25925,45
139,18,6780,40
140,18,7142,44
141,18,1129,49
142,18,115147,42
143,18,505,55
144,18,107453,45
145,18,235511,45
146,18,332699,45
147,18,6430,43
148,18,943174,56
149,18,8570,47
150,18,318,45
151,18,13615,45
152,18,171824,45
153,18,11961,43
154,18,27654,39
155,18,48690,39
156,18,6326,54
157,18,147460,49
158,18,14604,44
159,18,70258,44
160,18,56949,47
161,18,5024,48
162,18,583162,46
163,18,759399,52
164,18,6695,54
165,18,16181,49
166,18,12874,55
167,18,51674,42
168,18,1146185,51
169,18,15570,59
170,18,3508,40
171,18,245544,49
172,18,16405,48
173,18,2693,44
174,18,77087,45
175,18,21289,63
176,18,272,45
177,18,721959,63
178,18,64743,47
179,18,22694,62
180,18,3222840,83
181,18,247730,58
182,18,7335877,113
183,18,19140,44
184,18,17998,45
185,18,1535715,48
186,18,95011,67
187,18,29171,42
188,18,27132,45
189,18,33456,44
190,18,10427,45
191,18,439863,42
192,18,21285,52
193,18,5694,49
194,18,10828,44
195,18,5012,43
196,18,11047,43
197,18,256,45
198,18,25129,51
199,18,764177,66
200,18,749926,45
201,18,1159490,44
202,18,8319,43
203,18,6788,49
204,18,42098,43
205,18,11589,51
206,18,5164,48
207,18,264739,72
208,18,36201,44
209,18,66037,39
210,18,170777,48
211,18,312696,47
212,18,129,45
213,18,3488,45
214,18,6898,47
215,18,9603,43
216,18,17230,47
217,18,19238,51
218,18,59329,50
219,18,117455,48
220,18,172462,54
221,18,4112,43
222,18,6442,48
223,18,1475,49
224,18,11933,52
225,18,19667,40
226,18,43267,44
227,18,75189,39
228,18,635955,41
229,18,30215,49
230,18,271524,53
231,18,582775,43
232,18,63981,54
233,18,304629,49
234,18,1994,44
235,18,1175818,49
236,18,183241,48
237,18,1723,49
238,18,381734,47
239,18,195942,47
240,18,109871,50
241,18,45560,45
242,18,45101,40
243,18,3190,48
244,18,127710,42
245,18,26111,44
246,18,448,45
247,18,646809,58
248,18,274769,50
249,18,4181,48
250,18,18130,40
251,18,171880,55
252,18,608326,55
253,18,603,45
254,18,2919,47
255,18,2396228,49
256,18,4271,50
257,18,33280,45
258,18,35678,50
259,18,33999,52
260,18,34630,48
261,18,1716,40
262,18,1040,49
263,18,269245,40
264,18,4523,48
265,18,11086,51
266,18,8206,40
267,18,231106,45
268,18,294046,56
269,18,7339,40
270,18,393036,39
271,18,931,49
272,18,2740,54
273,18,1458,45
274,18,34587,52
275,18,251828,39
276,18,55620,45
277,18,29465,44
278,18,17673,49
279,18,451,40
280,18,68767,40
281,18,3020,48
282,18,185386,40
283,18,18002,43
284,18,160340,40
285,18,44518,44
286,18,41121,45
287,18,192056,43
288,18,42007,40
289,18,85200,48
290,18,7534,52
291,18,1052423,40
292,18,24069,44
293,18,73560,45
294,18,82239,39
295,18,229442,43
296,18,13656,45
297,18,1558,45
298,18,38469,51
299,18,8351,47
300,18,24451,49
301,18,98122,40
302,18,8953,41
303,18,948,40
304,18,4238,40
305,18,212112,39
306,18,916751,56
307,18,182876,40
308,18,217820,40
309,18,734635,45
310,18,693805,54
311,18,2709214,71
312,18,4053,45
313,18,25408,47
314,18,71555,46
315,18,1541,45
316,18,222595,71
317,18,387818,72
318,18,1845,45
319,18,24241,52
320,18,14696,46
321,18,377263,72
322,18,248646,49
323,18,88799,50
324,18,53467,53
325,18,309701,44
326,18,388161,51
327,18,2302768,75
328,18,7405833,135
329,18,147033,62
330,18,6387,44
331,18,14484,44
332,18,7735,40
333,18,191141,39
334,18,5898,40
335,18,553610,59
336,18,239968,63
337,18,19256,46
338,18,317559,41
339,18,2700908,65
340,18,300586,53
341,18,93423,53
342,18,363528,63
343,18,6045,47
344,18,21536,40
345,18,527884,95
346,18,179908,62
347,18,610472,54
348,18,576293,91
349,18,24546,64
350,18,2462325,60
351,18,3676432,148
352,18,10194,70
353,18,23279,53
354,18,134298,54
355,18,800874,46
356,18,15224,49
357,18,4474,46
358,18,70418,52
359,18,5934,48
360,18,91349,63
361,18,283481,54
362,18,137549,53
363,18,371532,52
364,18,1892785,54
365,18,22511,57
366,18,1686685,84
367,18,9561,43
368,18,56412,48
369,18,1018891,51
370,18,20065,53
371,18,10794,44
372,18,653818,61
373,18,3899,45
374,18,24304,40
375,18,186174,69
376,18,8000,43
377,18,52893,49
378,18,215838,52
379,18,2264,44
380,18,414279,44
381,18,16041,49
382,18,11935,63
383,18,1026865,52
384,18,804,50
385,18,293168,67
386,18,155248,62
387,18,18419,49
388,18,712774,46
389,18,180950,66
390,18,88791,40
391,18,40673,55
392,18,190182,61
393,18,1479,44
394,18,198511,61
395,18,764732,44
396,18,98730,42
397,18,2752,48
398,18,1024987,72
399,18,1379882,47
400,18,8907,44
401,18,4570901,90
402,18,231988,50
403,18,125375,60
404,18,12479,42
405,18,10053,43
406,18,5809,44
407,18,535,45
408,18,18101,40
409,18,244725,45
410,18,54698,47
411,18,1078,50
412,18,11146,43
413,18,472976,49
414,18,33075,40
415,18,252368,54
416,18,36447,40
417,18,41816,55
418,18,367374,56
419,18,15486,45
420,18,17331,48
421,18,5416,69
422,18,1928356,50
423,18,24636,50
424,18,33007,55
425,18,13757,42
426,18,2189,45
427,18,18198,42
428,18,9185,44
429,18,1458,47
430,18,29173,49
431,18,3378,48
432,18,84189,51
433,18,158279,63
434,18,178852,53
435,18,1604,45
436,18,352295,46
437,18,58116,43
438,18,1982,45
439,18,85,50
440,18,5529,42
441,18,101,40
442,18,75788,44
443,18,946274,47
444,18,5880,43
445,18,1128722,40
446,18,120563,45
447,18,2626215,66
448,18,2381,45
449,18,20549,49
450,18,2353,49
451,18,13590,44
452,18,6861,49
453,18,117958,51
454,18,10385,43
455,18,279701,40
456,18,53447,39
457,18,33644,39
458,18,2996,45
459,18,1139,49
460,18,40007,39
461,18,932282,41
462,18,787,50
463,18,2784,50
464,18,7015,40
465,18,9617,40
466,18,64881,40
467,18,6579,43
468,18,2936,50
469,18,16425,43
470,18,19606,49
471,18,2334,50
472,18,63902,40
473,18,248078,44
474,18,19854,43
475,18,548446,39
476,18,36326,43
477,18,148642,40
478,18,19806,40
479,18,52794,40
480,18,13018,49
481,18,93054,44
482,18,32167,49
483,18,119,50
484,18,16881,43
485,18,5720,45
486,18,42344,43
487,18,986,45
488,18,82354,43
489,18,18410,46
490,18,317,50
491,18,661657,65
492,18,667464,64
493,18,3198,49
494,18,1278941,77
495,18,3007698,55
496,18,18310,42
497,18,36796,68
498,18,464913,50
499,18,27976,48
500,18,6792,45
501,18,4351,48
502,18,2494,54
503,18,692165,98
504,18,13063,44
505,18,277416,49
506,18,343604,45
507,18,596,50
508,18,211771,48
509,18,17645,62
510,18,143803,40
511,18,13150,50
512,18,126367,54
513,18,463119,42
514,18,817320,75
515,18,2509,47
516,18,51089,42
517,18,166029,39
518,18,5508,48
519,18,2886,45
520,18,98172,44
521,18,2261345,41
522,18,15377,43
523,18,162195,50
524,18,186052,44
525,18,311248,62
526,18,2654,47
527,18,122041,57
528,18,15994,44
529,18,4797,44
530,18,226536,49
531,18,58038,62
532,18,16133,44
533,18,711080,48
534,18,2538,48
535,18,6565,50
536,18,157697,40
537,18,8536,45
538,18,2905,45
539,18,236647,45
540,18,21239,45
541,18,2417429,71
542,18,18241,44
543,18,23092,43
544,18,4459,48
545,18,10499,50
546,18,149405,45
547,18,5146,44
548,18,15487,53
549,18,728,45
550,18,26951,61
551,18,21504,45
552,18,14247,40
553,18,53202,49
554,18,162761,43
555,18,4157,48
556,18,164610,40
557,18,32601,50
558,18,53924,39
559,18,28923,45
560,18,81210,62
561,18,150062,39
562,18,2367,55
563,18,8120,52
564,18,7954,43
565,18,7905,51
566,18,367752,56
567,18,32030,43
568,18,116177,44
569,18,4894,53
570,18,21922,52
571,18,85133,64
572,18,24877,43
573,18,414523,46
574,18,7302,40
575,18,2098,40
576,18,2601,48
577,18,6326,51
578,18,140870,58
579,18,12226,42
580,18,198981,43
581,18,21690,42
582,18,16297,46
583,18,40612,40
584,18,17425,49
585,18,254392,58
586,18,4559,44
587,18,44422,56
588,18,7584,48
589,18,94909,67
590,18,16884,49
591,18,29680,43
592,18,15378,43
593,18,437895,50
594,18,1654540,46
595,18,2429,54
596,18,13196,59
597,18,7952,45
598,18,30968,40
599,18,40064,40
600,18,3566,50
601,18,303,50
602,18,5790,44
603,18,20058,45
604,18,10221,45
605,18,3774,45
606,18,9522,45
607,18,1766,49
608,18,249745,45
609,18,187839,45
610,18,23144,45
611,18,29661,58
612,18,2475,53
613,18,4650,45
614,18,476,45
615,18,5031,40
616,18,2103,40
617,18,404188,60
618,18,102241,54
619,18,13489,45
620,18,4594,55
621,18,51861,60
622,18,2565,50
623,18,4051,50
624,18,27636,40
625,18,47316,65
626,18,552,45
627,18,9305,40
628,18,18451,45
629,18,6066,55
630,18,206419,41
631,18,4371,55
632,18,878,49
633,18,6936,60
634,18,278,49
635,18,24053,48
636,18,15527,68
637,18,14426,40
638,18,1420,45
639,18,4684,45
640,18,8017,40
641,18,71909,40
642,18,2657,50
643,18,19403,40
644,18,2511,44
645,18,23783,45
646,18,4514,45
647,18,2622,45
648,18,193266,45
649,18,5483,40
650,18,32811,45
651,18,2152,50
652,18,10375,49
653,18,4904,45
654,18,2699,50
655,18,2752,55
656,18,25499,45
657,18,6874,40
658,18,5376,40
659,18,1466,45
660,18,20514,40
661,18,1468,45
662,18,3976,40
663,18,4396,40
664,18,80920,39
665,18,22252,45
666,18,3729,40
667,18,816,45
668,18,150238,39
669,18,1411,40
670,18,2893,40
671,18,1184,45
672,18,2851,40
673,18,411,45
674,18,638,45
675,18,1875,40
676,18,40812,45
677,18,1831,40
678,18,786,45
679,18,692,45
680,18,2151,40
681,18,1137,40
682,18,1287,45
683,18,556,45
684,18,2018,40
685,18,980,40
686,18,1255,40
687,18,729,45
688,18,289,45
689,18,522,45
690,18,1899,40
691,18,564,40
692,18,570,40
693,18,228,45
694,18,118,45
695,18,93,45
696,18,195,45
697,18,882,40
698,18,6368,45
699,18,722,40
700,18,616,40
701,18,210,45
702,18,0,40
703,18,0,40
704,18,0,40
705,18,0,40
1,19,1149,54
2,19,759564,68
3,19,3148709,63
4,19,1144511,79
5,19,3109,40
6,19,878835,57
7,19,25599,47
8,19,21090,48
9,19,467510,68
10,19,6561,50
11,19,52067,59
12,19,44940,45
13,19,797738,84
14,19,151219,44
15,19,3465472,56
16,19,300013,62
17,19,1488375,103
18,19,3370088,63
19,19,1260819,54
20,19,89874,50
21,19,3912,43
22,19,3758,48
23,19,218446,68
24,19,254276,61
25,19,98565,48
26,19,53913,44
27,19,218592,50
28,19,84860,62
29,19,30928,52
30,19,2071,49
31,19,8209,51
32,19,127061,44
33,19,23102,45
34,19,1703,65
35,19,48791,45
36,19,853189,46
37,19,201,50
38,19,404246,59
39,19,82747,40
40,19,62030,39
41,19,2329,54
42,19,2852,50
43,19,975,40
44,19,785327,44
45,19,143898,46
46,19,94,40
47,19,1284984,50
48,19,88467,52
49,19,10213,44
50,19,95777,39
51,19,13179,45
52,19,146866,43
53,19,22167,54
54,19,2621178,55
55,19,81,40
56,19,6295,40
57,19,115731,55
58,19,1654801,88
59,19,18902,43
60,19,2833,49
61,19,12072,45
62,19,2434,49
63,19,19305,49
64,19,19625,50
65,19,28197,54
66,19,605,50
67,19,5650,45
68,19,51899,39
69,19,99037,45
70,19,737406,47
71,19,398068,55
72,19,2997,44
73,19,90179,42
74,19,11010,50
75,19,2493,40
76,19,5321,48
77,19,3105,47
78,19,701597,56
79,19,38127,47
80,19,13817,48
81,19,20895,45
82,19,1094146,75
83,19,21872,54
84,19,16050,44
85,19,59398,44
86,19,20459,44
87,19,8632,44
88,19,254714,46
89,19,119171,50
90,19,445,48
91,19,1056960,45
92,19,2765,43
93,19,1327,43
94,19,35368,49
95,19,6210,53
96,19,43162,39
97,19,6806,45
98,19,8221,50
99,19,3113722,76
100,19,42001,42
101,19,19687,48
102,19,1522,49
103,19,1749,45
104,19,54890,45
105,19,8414,43
106,19,100749,51
107,19,2778,59
108,19,132229,73
109,19,415446,39
110,19,1007100,62
111,19,359087,44
112,19,1273,45
113,19,35321,52
114,19,234,45
115,19,19087,50
116,19,274873,40
117,19,84797,49
118,19,2999,45
119,19,1184,49
120,19,415075,44
121,19,8047,54
122,19,202239,51
123,19,33322,55
124,19,3978,50
125,19,2613,65
126,19,5920,49
127,19,391,50
128,19,12266,44
129,19,1871154,57
130,19,62,45
131,19,46182,44
132,19,1038,65
133,19,1372,45
134,19,4402,50
135,19,42529,51
136,19,716154,65
137,19,79519,44
138,19,25146,45
139,19,6620,40
140,19,7162,44
141,19,1115,49
142,19,111870,42
143,19,503,55
144,19,102563,45
145,19,229135,45
146,19,320471,45
147,19,6285,43
148,19,810227,56
149,19,8384,47
150,19,315,45
151,19,13304,45
152,19,224635,45
153,19,11121,43
154,19,28032,39
155,19,48094,39
156,19,7240,54
157,19,148981,49
158,19,14437,44
159,19,83883,44
160,19,56806,47
161,19,5034,48
162,19,607092,46
163,19,797171,52
164,19,6651,54
165,19,16160,49
166,19,12781,55
167,19,48989,42
168,19,1164439,51
169,19,15492,59
170,19,3408,40
171,19,246706,49
172,19,15807,48
173,19,2646,44
174,19,69138,45
175,19,21206,63
176,19,271,45
177,19,655131,63
178,19,64766,47
179,19,22326,62
180,19,3146447,83
181,19,244916,58
182,19,7603613,114
183,19,18714,44
184,19,17460,45
185,19,1572416,48
186,19,93708,67
187,19,32551,42
188,19,26800,45
189,19,32326,44
190,19,10150,45
191,19,436003,42
192,19,19502,52
193,19,5800,49
194,19,10894,44
195,19,4905,43
196,19,10990,43
197,19,252,45
198,19,25058,51
199,19,819237,66
200,19,645745,45
201,19,1293608,45
202,19,8272,43
203,19,6073,49
204,19,39699,43
205,19,11607,51
206,19,5887,48
207,19,359423,72
208,19,34626,44
209,19,66468,39
210,19,209027,48
211,19,525675,47
212,19,124,45
213,19,3390,45
214,19,6831,47
215,19,9492,43
216,19,16770,47
217,19,21115,51
218,19,59224,49
219,19,124501,48
220,19,178883,54
221,19,4483,43
222,19,7441,48
223,19,1469,49
224,19,12879,52
225,19,19038,40
226,19,41489,44
227,19,74312,39
228,19,607130,40
229,19,29623,49
230,19,231807,52
231,19,631891,43
232,19,67971,54
233,19,300073,49
234,19,2079,44
235,19,1432774,50
236,19,190297,48
237,19,1734,49
238,19,394309,47
239,19,200572,47
240,19,112451,50
241,19,50888,45
242,19,44163,40
243,19,3366,48
244,19,156666,42
245,19,27060,44
246,19,442,45
247,19,810660,58
248,19,297073,50
249,19,5522,48
250,19,17652,40
251,19,233486,55
252,19,621798,55
253,19,597,45
254,19,2861,47
255,19,2496023,49
256,19,4226,50
257,19,30185,45
258,19,36193,50
259,19,44069,52
260,19,34054,48
261,19,1673,40
262,19,1055,49
263,19,258893,40
264,19,4440,48
265,19,10794,51
266,19,8239,40
267,19,212586,45
268,19,271480,56
269,19,7179,40
270,19,400201,39
271,19,920,49
272,19,2684,54
273,19,1427,45
274,19,32954,52
275,19,254243,39
276,19,53180,45
277,19,27891,44
278,19,16886,49
279,19,444,40
280,19,68744,39
281,19,3074,48
282,19,180550,39
283,19,17729,43
284,19,157214,40
285,19,46994,44
286,19,39676,45
287,19,217373,43
288,19,43071,40
289,19,94838,48
290,19,7560,52
291,19,949625,40
292,19,23355,44
293,19,64798,45
294,19,91145,39
295,19,210764,43
296,19,14180,45
297,19,1524,45
298,19,38813,51
299,19,7585,47
300,19,23041,49
301,19,93338,40
302,19,8725,41
303,19,930,40
304,19,10838,40
305,19,213444,39
306,19,759725,56
307,19,177445,40
308,19,213825,40
309,19,710224,45
310,19,713257,54
311,19,2757854,71
312,19,3965,45
313,19,24317,47
314,19,68977,46
315,19,1507,45
316,19,217280,71
317,19,381650,72
318,19,1821,45
319,19,24236,52
320,19,14826,46
321,19,577182,72
322,19,239629,49
323,19,86775,50
324,19,62106,53
325,19,250962,43
326,19,363107,51
327,19,2294643,75
328,19,7584462,136
329,19,178978,62
330,19,6258,44
331,19,14042,44
332,19,7582,40
333,19,185247,39
334,19,5769,40
335,19,536465,59
336,19,184436,63
337,19,19021,46
338,19,283555,41
339,19,2640185,65
340,19,297746,53
341,19,95917,53
342,19,414532,63
343,19,5944,47
344,19,21367,40
345,19,504785,94
346,19,189898,62
347,19,574579,53
348,19,609374,92
349,19,22846,64
350,19,2359724,60
351,19,3433226,148
352,19,10165,70
353,19,23152,53
354,19,133672,54
355,19,768746,46
356,19,13169,49
357,19,4451,46
358,19,71099,52
359,19,5958,48
360,19,90809,63
361,19,271144,54
362,19,132664,53
363,19,353153,52
364,19,1827667,54
365,19,22634,57
366,19,1049571,84
367,19,9485,43
368,19,54322,48
369,19,920970,51
370,19,20000,53
371,19,10694,44
372,19,612504,60
373,19,3827,45
374,19,24045,40
375,19,161489,69
376,19,7825,43
377,19,52722,49
378,19,214385,52
379,19,2185,44
380,19,394439,44
381,19,15920,49
382,19,11699,63
383,19,924424,52
384,19,798,50
385,19,269888,67
386,19,157218,62
387,19,18108,49
388,19,680866,46
389,19,175868,65
390,19,86815,40
391,19,40454,55
392,19,175194,61
393,19,1523,44
394,19,204068,61
395,19,772593,44
396,19,123589,42
397,19,2748,48
398,19,1436693,73
399,19,1490092,47
400,19,8897,44
401,19,5194622,91
402,19,416624,50
403,19,139275,60
404,19,12318,42
405,19,9823,43
406,19,5922,44
407,19,529,45
408,19,17622,40
409,19,214156,45
410,19,51292,47
411,19,1120,50
412,19,11004,43
413,19,428743,49
414,19,32377,40
415,19,267397,54
416,19,36015,40
417,19,44266,55
418,19,372476,56
419,19,15186,45
420,19,17008,48
421,19,5263,69
422,19,2264898,51
423,19,25966,50
424,19,34126,55
425,19,13576,42
426,19,2127,45
427,19,18110,42
428,19,9325,44
429,19,1460,47
430,19,28916,49
431,19,3409,48
432,19,212319,51
433,19,222476,63
434,19,179626,53
435,19,1566,45
436,19,379091,46
437,19,79632,43
438,19,1953,45
439,19,85,50
440,19,5539,42
441,19,101,40
442,19,74801,43
443,19,1105339,48
444,19,5874,42
445,19,1093721,40
446,19,116159,45
447,19,2608635,66
448,19,2355,45
449,19,18062,49
450,19,2331,49
451,19,13470,44
452,19,7158,49
453,19,118007,51
454,19,10190,43
455,19,287591,40
456,19,52602,39
457,19,34848,39
458,19,2930,45
459,19,1124,49
460,19,39229,39
461,19,923293,41
462,19,854,50
463,19,2859,50
464,19,6863,40
465,19,9216,40
466,19,69960,40
467,19,6541,43
468,19,2905,50
469,19,16156,43
470,19,22060,49
471,19,2331,50
472,19,59992,40
473,19,244717,44
474,19,19679,43
475,19,536727,39
476,19,37324,43
477,19,150924,40
478,19,19400,40
479,19,52427,40
480,19,13412,49
481,19,94122,44
482,19,31963,49
483,19,120,50
484,19,16316,43
485,19,5631,45
486,19,36662,43
487,19,981,45
488,19,88437,43
489,19,21363,46
490,19,315,50
491,19,606062,65
492,19,767933,64
493,19,3178,49
494,19,1348037,77
495,19,2824696,55
496,19,18166,42
497,19,36594,68
498,19,447207,49
499,19,30081,48
500,19,6616,45
501,19,4306,48
502,19,2481,54
503,19,757290,99
504,19,11007,44
505,19,271089,49
506,19,327179,45
507,19,594,50
508,19,203488,48
509,19,17584,62
510,19,141583,40
511,19,13105,50
512,19,119358,53
513,19,453804,42
514,19,782498,75
515,19,2530,47
516,19,49413,42
517,19,167167,39
518,19,5931,48
519,19,2833,45
520,19,91901,44
521,19,2085560,41
522,19,15105,43
523,19,155880,50
524,19,157737,44
525,19,293158,62
526,19,2642,47
527,19,119460,57
528,19,16014,44
529,19,4754,44
530,19,183736,49
531,19,58122,62
532,19,15896,44
533,19,673416,48
534,19,2506,48
535,19,6415,49
536,19,153723,40
537,19,8322,45
538,19,2840,45
539,19,227068,45
540,19,20910,45
541,19,2800871,71
542,19,17521,44
543,19,25271,43
544,19,4415,48
545,19,10372,50
546,19,142361,45
547,19,5088,44
548,19,17825,53
549,19,719,45
550,19,28278,61
551,19,20981,45
552,19,13881,40
553,19,48285,49
554,19,172557,43
555,19,4107,48
556,19,162114,40
557,19,27822,50
558,19,52188,39
559,19,30969,45
560,19,81635,62
561,19,151345,39
562,19,2354,55
563,19,8050,52
564,19,8081,43
565,19,7644,50
566,19,333343,56
567,19,32886,43
568,19,112715,44
569,19,4933,53
570,19,21514,52
571,19,89093,64
572,19,24162,43
573,19,638631,47
574,19,7162,40
575,19,2047,40
576,19,2605,48
577,19,6250,51
578,19,139171,58
579,19,12053,42
580,19,303162,44
581,19,21393,42
582,19,16138,46
583,19,39788,40
584,19,17062,49
585,19,616170,59
586,19,4498,44
587,19,42940,56
588,19,7124,48
589,19,94451,67
590,19,16883,49
591,19,29417,43
592,19,15053,43
593,19,415354,50
594,19,1505687,45
595,19,2530,54
596,19,13391,59
597,19,12401,45
598,19,30376,40
599,19,39588,40
600,19,3511,50
601,19,300,50
602,19,6136,44
603,19,19655,45
604,19,9998,45
605,19,3611,45
606,19,9439,45
607,19,1789,49
608,19,247283,45
609,19,184269,45
610,19,22549,45
611,19,27686,58
612,19,2461,53
613,19,4589,45
614,19,468,45
615,19,4926,40
616,19,2080,40
617,19,349734,60
618,19,85185,53
619,19,14892,45
620,19,4815,55
621,19,51425,60
622,19,2393,50
623,19,4990,50
624,19,27869,40
625,19,46058,65
626,19,549,45
627,19,8704,40
628,19,16849,45
629,19,5878,55
630,19,197097,41
631,19,4379,54
632,19,861,49
633,19,6728,60
634,19,283,49
635,19,24084,48
636,19,15524,68
637,19,14364,40
638,19,1443,45
639,19,4788,45
640,19,7973,40
641,19,70773,40
642,19,2851,50
643,19,19103,40
644,19,2346,44
645,19,21766,45
646,19,4418,45
647,19,2540,45
648,19,187685,45
649,19,5532,40
650,19,47925,45
651,19,2558,50
652,19,9084,49
653,19,5486,45
654,19,2431,50
655,19,2799,55
656,19,25377,45
657,19,6939,40
658,19,5417,40
659,19,1485,45
660,19,19729,40
661,19,1452,45
662,19,4061,40
663,19,4399,40
664,19,82781,39
665,19,22036,45
666,19,3306,40
667,19,830,45
668,19,148558,39
669,19,1461,40
670,19,2957,40
671,19,1192,45
672,19,3251,40
673,19,432,45
674,19,652,45
675,19,1922,40
676,19,40397,45
677,19,1915,40
678,19,708,45
679,19,678,45
680,19,2216,40
681,19,1212,40
682,19,1381,45
683,19,601,45
684,19,2121,40
685,19,1036,40
686,19,1333,40
687,19,764,45
688,19,304,45
689,19,578,45
690,19,1623,40
691,19,615,40
692,19,648,40
693,19,276,45
694,19,212,45
695,19,112,45
696,19,252,45
697,19,1101,40
698,19,8019,45
699,19,888,40
700,19,834,40
701,19,284,45
702,19,312,40
703,19,130,40
704,19,94,40
705,19,211,40
706,19,0,40
707,19,0,45
708,19,0,40
709,19,0,45
1,20,1143,54
2,20,1046339,69
3,20,3233511,64
4,20,1013787,79
5,20,3045,40
6,20,656551,57
7,20,25497,47
8,20,20135,48
9,20,568190,68
10,20,6269,50
11,20,49906,59
12,20,58141,45
13,20,737885,84
14,20,153129,44
15,20,3437674,56
16,20,296412,62
17,20,1226898,103
18,20,3331508,63
19,20,1211639,53
20,20,90578,50
21,20,4052,43
22,20,3741,48
23,20,203827,68
24,20,248987,61
25,20,98955,48
26,20,50380,43
27,20,202437,50
28,20,92601,62
29,20,30714,52
30,20,2054,49
31,20,8255,51
32,20,128644,44
33,20,22587,45
34,20,1693,65
35,20,48113,45
36,20,839200,46
37,20,201,50
38,20,313936,58
39,20,80640,40
40,20,62943,39
41,20,2315,54
42,20,3361,50
43,20,956,40
44,20,782124,44
45,20,141543,46
46,20,90,40
47,20,1312088,50
48,20,97470,52
49,20,11433,44
50,20,92041,39
51,20,13390,45
52,20,125441,43
53,20,24299,54
54,20,2311519,55
55,20,80,40
56,20,6121,40
57,20,122052,55
58,20,1980495,89
59,20,19088,43
60,20,2574,49
61,20,11778,45
62,20,2564,49
63,20,20111,49
64,20,19192,50
65,20,24403,54
66,20,603,50
67,20,5561,45
68,20,64493,39
69,20,94097,45
70,20,758644,47
71,20,416497,55
72,20,2972,44
73,20,88836,41
74,20,19217,50
75,20,2435,40
76,20,5337,48
77,20,3057,47
78,20,782858,56
79,20,35825,47
80,20,13432,48
81,20,18038,45
82,20,991867,75
83,20,20223,54
84,20,15978,44
85,20,63925,44
86,20,19589,44
87,20,8807,44
88,20,254406,46
89,20,135109,50
90,20,444,48
91,20,1026260,44
92,20,2716,43
93,20,1303,43
94,20,33411,49
95,20,6314,53
96,20,42626,39
97,20,6734,45
98,20,8146,50
99,20,3441794,77
100,20,38340,42
101,20,20297,48
102,20,1503,49
103,20,1716,45
104,20,44947,45
105,20,9457,43
106,20,94181,51
107,20,2598,59
108,20,131417,73
109,20,461988,39
110,20,1059160,62
111,20,356494,44
112,20,1256,45
113,20,35988,52
114,20,232,45
115,20,18366,50
116,20,266951,40
117,20,81735,48
118,20,2929,45
119,20,1176,49
120,20,399961,43
121,20,8292,54
122,20,152373,51
123,20,29732,55
124,20,3941,50
125,20,2600,65
126,20,5697,49
127,20,386,50
128,20,11568,44
129,20,1756601,57
130,20,62,45
131,20,47125,44
132,20,1510,65
133,20,1348,45
134,20,4351,50
135,20,40985,51
136,20,618573,64
137,20,76332,44
138,20,24420,45
139,20,6514,40
140,20,7276,44
141,20,1111,49
142,20,110213,41
143,20,497,55
144,20,93975,45
145,20,213390,45
146,20,301532,45
147,20,6230,43
148,20,700151,55
149,20,7871,47
150,20,311,45
151,20,13044,45
152,20,287964,45
153,20,10438,43
154,20,28986,39
155,20,48136,39
156,20,7507,54
157,20,148242,49
158,20,14363,44
159,20,93607,44
160,20,56114,47
161,20,5061,48
162,20,574389,46
163,20,774696,52
164,20,6604,54
165,20,16099,49
166,20,12194,55
167,20,48079,42
168,20,1055060,51
169,20,15388,59
170,20,3346,40
171,20,231060,49
172,20,17579,48
173,20,2623,44
174,20,63550,45
175,20,21115,63
176,20,270,45
177,20,596322,62
178,20,65351,47
179,20,21991,62
180,20,2641649,82
181,20,238926,58
182,20,7635713,114
183,20,18459,44
184,20,16974,45
185,20,1469741,48
186,20,92592,67
187,20,37025,42
188,20,26083,45
189,20,31183,44
190,20,9939,45
191,20,437703,42
192,20,19762,52
193,20,5744,49
194,20,10911,44
195,20,4972,43
196,20,10775,43
197,20,251,45
198,20,24543,51
199,20,859145,66
200,20,616249,45
201,20,1287622,45
202,20,8210,43
203,20,7605,49
204,20,37844,43
205,20,11459,51
206,20,5872,48
207,20,316759,72
208,20,32492,44
209,20,65999,39
210,20,199504,48
211,20,524049,47
212,20,120,45
213,20,3322,45
214,20,6936,46
215,20,9440,43
216,20,16330,47
217,20,20264,51
218,20,59301,49
219,20,122780,48
220,20,169452,54
221,20,4100,43
222,20,7573,48
223,20,1470,49
224,20,12292,52
225,20,18513,40
226,20,39298,44
227,20,73249,39
228,20,567666,40
229,20,29138,49
230,20,202335,52
231,20,645058,43
232,20,71636,54
233,20,295473,49
234,20,2196,44
235,20,1491607,50
236,20,182071,48
237,20,1883,49
238,20,388183,47
239,20,199068,47
240,20,123363,50
241,20,56842,45
242,20,43260,40
243,20,3491,48
244,20,197093,42
245,20,28190,44
246,20,438,45
247,20,969807,59
248,20,355036,50
249,20,5730,48
250,20,17238,40
251,20,222989,55
252,20,975639,56
253,20,592,45
254,20,2797,47
255,20,2811136,50
256,20,4187,50
257,20,27415,45
258,20,36698,50
259,20,94285,52
260,20,33709,48
261,20,1647,40
262,20,1155,49
263,20,241438,40
264,20,4633,48
265,20,10384,51
266,20,8131,40
267,20,200795,45
268,20,321076,56
269,20,7009,40
270,20,442326,39
271,20,899,49
272,20,2576,54
273,20,1398,45
274,20,38954,52
275,20,253371,39
276,20,51254,45
277,20,26454,44
278,20,16805,49
279,20,439,40
280,20,72492,39
281,20,3133,48
282,20,170758,39
283,20,20765,43
284,20,155497,40
285,20,48683,44
286,20,38451,45
287,20,252193,43
288,20,44091,40
289,20,94858,48
290,20,7202,52
291,20,831816,40
292,20,22640,44
293,20,56924,45
294,20,102017,39
295,20,196519,42
296,20,14577,45
297,20,1503,45
298,20,37373,51
299,20,6056,47
300,20,21798,49
301,20,86944,40
302,20,8636,41
303,20,916,40
304,20,25679,40
305,20,213026,39
306,20,705024,55
307,20,171224,40
308,20,209007,40
309,20,688607,45
310,20,751676,54
311,20,3103155,72
312,20,3864,45
313,20,23397,47
314,20,63271,46
315,20,1482,45
316,20,211205,70
317,20,374139,72
318,20,1786,45
319,20,24015,52
320,20,14878,46
321,20,823303,73
322,20,109802,48
323,20,87113,50
324,20,71973,53
325,20,205755,42
326,20,340708,51
327,20,2605060,76
328,20,7763805,136
329,20,177980,62
330,20,6120,44
331,20,13367,44
332,20,7435,40
333,20,210545,39
334,20,5648,40
335,20,531071,59
336,20,179092,63
337,20,18833,46
338,20,263593,41
339,20,2569651,65
340,20,307335,53
341,20,100646,53
342,20,419835,63
343,20,5847,47
344,20,21122,40
345,20,495296,94
346,20,176425,62
347,20,544277,53
348,20,605905,92
349,20,22767,64
350,20,2356147,60
351,20,3353404,148
352,20,10114,70
353,20,23010,53
354,20,134604,54
355,20,779822,46
356,20,11354,49
357,20,6576,46
358,20,75887,52
359,20,6073,48
360,20,90115,63
361,20,260480,54
362,20,128061,53
363,20,349134,52
364,20,1588424,53
365,20,22630,57
366,20,911549,83
367,20,9475,43
368,20,52312,48
369,20,797156,50
370,20,19766,53
371,20,10542,44
372,20,575397,60
373,20,3775,45
374,20,23689,40
375,20,135452,69
376,20,7684,43
377,20,52456,49
378,20,212422,52
379,20,2085,44
380,20,364089,44
381,20,15774,49
382,20,11496,63
383,20,805859,51
384,20,795,50
385,20,251897,66
386,20,140699,62
387,20,17814,49
388,20,618009,46
389,20,170200,65
390,20,84863,40
391,20,40153,55
392,20,161961,60
393,20,1791,44
394,20,210428,61
395,20,805989,44
396,20,169063,42
397,20,2719,48
398,20,1820020,74
399,20,1945160,48
400,20,9167,44
401,20,5783281,92
402,20,559099,51
403,20,188838,60
404,20,12268,42
405,20,9597,43
406,20,6307,44
407,20,525,45
408,20,17156,40
409,20,198605,45
410,20,49722,46
411,20,1195,50
412,20,10992,43
413,20,396391,49
414,20,31718,40
415,20,193892,54
416,20,35259,40
417,20,48706,55
418,20,377883,56
419,20,14910,45
420,20,16701,48
421,20,5143,69
422,20,2675890,52
423,20,28828,50
424,20,34449,55
425,20,13554,42
426,20,2079,45
427,20,18276,42
428,20,9717,44
429,20,1448,47
430,20,28578,49
431,20,3847,48
432,20,408862,52
433,20,432580,64
434,20,150771,53
435,20,1543,45
436,20,318500,46
437,20,123046,43
438,20,1934,45
439,20,84,50
440,20,5502,42
441,20,97,40
442,20,79941,43
443,20,1426540,49
444,20,5963,42
445,20,1086790,39
446,20,110586,45
447,20,3525955,68
448,20,2328,45
449,20,17316,49
450,20,2312,49
451,20,13363,44
452,20,6808,49
453,20,124477,51
454,20,9975,43
455,20,281784,40
456,20,51700,39
457,20,35973,39
458,20,2876,45
459,20,1110,49
460,20,38083,39
461,20,894948,41
462,20,850,50
463,20,2836,50
464,20,6699,40
465,20,8998,40
466,20,70821,40
467,20,6438,43
468,20,2871,50
469,20,15836,43
470,20,23155,49
471,20,2277,50
472,20,54450,40
473,20,242646,44
474,20,18789,43
475,20,524526,39
476,20,36929,43
477,20,151531,40
478,20,19040,40
479,20,52116,40
480,20,13142,49
481,20,91967,44
482,20,31604,49
483,20,119,50
484,20,15730,43
485,20,5527,45
486,20,34420,43
487,20,973,45
488,20,85938,43
489,20,23042,46
490,20,312,50
491,20,635786,65
492,20,812105,65
493,20,3160,49
494,20,1075739,77
495,20,2679060,55
496,20,18284,42
497,20,36358,68
498,20,429153,49
499,20,29860,48
500,20,6472,45
501,20,4356,47
502,20,2466,54
503,20,659394,99
504,20,11426,44
505,20,230431,49
506,20,309595,45
507,20,588,50
508,20,195921,48
509,20,17487,62
510,20,138890,40
511,20,13171,50
512,20,112530,53
513,20,456316,42
514,20,451198,74
515,20,2527,47
516,20,48000,42
517,20,166681,39
518,20,5101,48
519,20,2769,45
520,20,83860,44
521,20,1930596,41
522,20,14995,43
523,20,149558,50
524,20,144774,44
525,20,293864,62
526,20,2655,47
527,20,118221,57
528,20,15727,43
529,20,4703,44
530,20,174899,49
531,20,58498,62
532,20,15661,44
533,20,729255,48
534,20,2485,48
535,20,6288,49
536,20,150110,40
537,20,8151,45
538,20,2780,45
539,20,216970,45
540,20,20437,45
541,20,1435293,70
542,20,17055,43
543,20,27432,43
544,20,4380,48
545,20,10265,50
546,20,137617,45
547,20,4967,44
548,20,18005,53
549,20,713,45
550,20,37478,61
551,20,20513,45
552,20,13543,40
553,20,44333,49
554,20,196079,43
555,20,4156,48
556,20,158850,40
557,20,23737,50
558,20,49621,39
559,20,30640,45
560,20,77544,62
561,20,154621,39
562,20,2332,55
563,20,7947,52
564,20,8277,43
565,20,7444,50
566,20,338530,55
567,20,24712,43
568,20,107441,44
569,20,4951,53
570,20,21135,52
571,20,178098,64
572,20,22244,43
573,20,793071,47
574,20,7030,40
575,20,2016,40
576,20,2611,48
577,20,6201,51
578,20,143490,58
579,20,11961,42
580,20,399952,44
581,20,22688,42
582,20,16059,46
583,20,48342,39
584,20,16779,49
585,20,576595,59
586,20,4541,44
587,20,41926,56
588,20,7068,48
589,20,93657,67
590,20,16719,49
591,20,29426,42
592,20,14745,43
593,20,392170,49
594,20,1284690,45
595,20,2572,54
596,20,13514,59
597,20,14436,45
598,20,29512,40
599,20,38623,40
600,20,3460,50
601,20,297,50
602,20,6572,44
603,20,19328,45
604,20,10004,45
605,20,3531,45
606,20,9306,45
607,20,1800,49
608,20,281943,45
609,20,180389,45
610,20,21840,45
611,20,26134,58
612,20,2456,53
613,20,4508,45
614,20,457,45
615,20,4727,40
616,20,2045,40
617,20,389187,59
618,20,70333,52
619,20,16064,45
620,20,5395,55
621,20,51365,60
622,20,2231,50
623,20,3448,50
624,20,27588,40
625,20,43883,64
626,20,543,45
627,20,8628,40
628,20,14780,45
629,20,5486,55
630,20,192504,41
631,20,4369,54
632,20,894,49
633,20,7819,60
634,20,283,49
635,20,24162,48
636,20,15498,68
637,20,14227,40
638,20,1445,45
639,20,4970,45
640,20,7987,40
641,20,68561,40
642,20,2622,50
643,20,18693,40
644,20,2335,44
645,20,19304,45
646,20,4370,45
647,20,2585,45
648,20,181469,45
649,20,5651,40
650,20,45785,45
651,20,2651,50
652,20,9046,49
653,20,10024,45
654,20,2474,50
655,20,2942,55
656,20,25211,45
657,20,7032,40
658,20,5442,40
659,20,1500,45
660,20,18164,40
661,20,1447,45
662,20,4181,40
663,20,4447,40
664,20,86782,39
665,20,21656,45
666,20,3403,40
667,20,860,45
668,20,145651,39
669,20,1506,40
670,20,2999,40
671,20,1257,45
672,20,3345,40
673,20,451,45
674,20,747,45
675,20,2025,40
676,20,39006,45
677,20,2017,40
678,20,734,45
679,20,739,45
680,20,2404,40
681,20,1349,40
682,20,1568,45
683,20,655,45
684,20,2276,40
685,20,1165,40
686,20,1471,40
687,20,885,45
688,20,317,45
689,20,664,45
690,20,1772,40
691,20,771,40
692,20,707,40
693,20,286,45
694,20,240,45
695,20,164,45
696,20,328,45
697,20,1403,40
698,20,9046,45
699,20,984,40
700,20,1166,40
701,20,396,45
702,20,709,40
703,20,298,40
704,20,205,40
705,20,644,40
706,20,598,40
707,20,3385,45
708,20,324,40
709,20,849,45
710,20,0,45
711,20,0,40
1,21,1138,54
2,21,556311,69
3,21,3235076,64
4,21,927592,78
5,21,3006,40
6,21,587074,57
7,21,25610,47
8,21,19503,48
9,21,487392,68
10,21,6080,50
11,21,51540,59
12,21,56277,45
13,21,621221,83
14,21,151394,44
15,21,3356211,56
16,21,292004,62
17,21,1120834,102
18,21,3230096,63
19,21,1122065,53
20,21,88255,50
21,21,4181,43
22,21,3732,48
23,21,184871,68
24,21,244440,61
25,21,98782,48
26,21,48481,43
27,21,191885,50
28,21,94218,62
29,21,31827,52
30,21,2040,49
31,21,8241,51
32,21,128938,44
33,21,22175,45
34,21,1685,65
35,21,43406,45
36,21,787149,46
37,21,200,50
38,21,330612,58
39,21,78905,40
40,21,63923,39
41,21,2301,54
42,21,3476,50
43,21,947,40
44,21,754160,44
45,21,141950,45
46,21,88,40
47,21,1250829,50
48,21,80891,52
49,21,11759,44
50,21,90074,39
51,21,14121,45
52,21,104390,43
53,21,23992,54
54,21,2490604,55
55,21,80,40
56,21,6020,40
57,21,114421,55
58,21,1849931,89
59,21,18970,43
60,21,2653,49
61,21,11543,45
62,21,3365,49
63,21,19397,49
64,21,18745,50
65,21,17843,54
66,21,599,50
67,21,5490,45
68,21,95363,39
69,21,95967,45
70,21,845120,48
71,21,356521,55
72,21,2948,44
73,21,87889,41
74,21,20475,50
75,21,2382,40
76,21,5361,48
77,21,3050,47
78,21,676304,56
79,21,34187,47
80,21,13108,48
81,21,16583,44
82,21,1004194,75
83,21,19183,54
84,21,19487,44
85,21,65486,44
86,21,18985,44
87,21,9091,44
88,21,246220,46
89,21,143610,50
90,21,452,48
91,21,1021942,44
92,21,2960,43
93,21,1307,43
94,21,30504,49
95,21,6475,53
96,21,43913,39
97,21,6647,45
98,21,9112,50
99,21,3661345,78
100,21,35723,42
101,21,20586,48
102,21,1498,49
103,21,1693,45
104,21,39506,44
105,21,10347,43
106,21,92784,51
107,21,2561,59
108,21,130537,73
109,21,482418,39
110,21,1064649,62
111,21,346613,44
112,21,1245,45
113,21,36924,52
114,21,228,45
115,21,19254,50
116,21,261277,40
117,21,77407,48
118,21,2881,45
119,21,1166,49
120,21,376171,43
121,21,8373,54
122,21,165609,50
123,21,26347,55
124,21,3908,50
125,21,2586,65
126,21,5552,49
127,21,384,50
128,21,10348,44
129,21,1820028,57
130,21,61,45
131,21,44226,44
132,21,2731,65
133,21,1332,45
134,21,4317,50
135,21,39778,50
136,21,579461,64
137,21,73550,44
138,21,23952,45
139,21,6411,40
140,21,7371,44
141,21,1100,49
142,21,108332,41
143,21,494,55
144,21,100512,45
145,21,211857,44
146,21,343045,45
147,21,6560,43
148,21,669647,55
149,21,7186,47
150,21,312,45
151,21,12834,45
152,21,201594,45
153,21,10002,43
154,21,29389,39
155,21,48070,39
156,21,6761,54
157,21,143992,49
158,21,14316,44
159,21,121639,44
160,21,55548,47
161,21,5080,48
162,21,554999,46
163,21,766723,52
164,21,6557,54
165,21,16220,49
166,21,11802,55
167,21,45417,42
168,21,846604,50
169,21,15301,59
170,21,3288,40
171,21,226300,49
172,21,20418,48
173,21,2597,44
174,21,60454,45
175,21,21009,63
176,21,267,45
177,21,525711,62
178,21,68180,47
179,21,21616,62
180,21,2270824,81
181,21,231773,58
182,21,7688300,114
183,21,18203,44
184,21,16759,44
185,21,1473189,48
186,21,92451,67
187,21,36937,42
188,21,26122,44
189,21,30251,44
190,21,9772,45
191,21,436592,42
192,21,19490,52
193,21,5894,49
194,21,11125,44
195,21,5082,43
196,21,10733,43
197,21,249,45
198,21,22954,51
199,21,986413,66
200,21,624121,45
201,21,1300694,45
202,21,8213,42
203,21,6204,49
204,21,36482,43
205,21,11470,51
206,21,6496,48
207,21,481180,72
208,21,30852,44
209,21,65475,39
210,21,218760,48
211,21,664893,47
212,21,115,45
213,21,3263,45
214,21,7124,46
215,21,9529,43
216,21,15938,47
217,21,19068,51
218,21,60959,49
219,21,118616,48
220,21,157526,54
221,21,3834,43
222,21,7560,48
223,21,1426,49
224,21,11821,52
225,21,18135,40
226,21,39115,43
227,21,71956,39
228,21,541174,40
229,21,28731,49
230,21,177847,51
231,21,645271,43
232,21,78257,54
233,21,287571,49
234,21,2270,44
235,21,1562126,50
236,21,174207,48
237,21,1771,49
238,21,370376,47
239,21,192931,47
240,21,118743,50
241,21,58224,45
242,21,42945,40
243,21,3675,48
244,21,210467,42
245,21,27918,44
246,21,434,45
247,21,818065,59
248,21,367325,50
249,21,6144,48
250,21,16923,40
251,21,196404,55
252,21,1475347,57
253,21,586,45
254,21,2825,47
255,21,2849705,50
256,21,4150,50
257,21,25828,44
258,21,37730,50
259,21,105185,52
260,21,33918,48
261,21,1615,40
262,21,1310,49
263,21,229465,40
264,21,4663,48
265,21,9612,51
266,21,8041,40
267,21,191073,45
268,21,409978,56
269,21,6883,40
270,21,469180,39
271,21,894,49
272,21,2617,54
273,21,1373,45
274,21,31295,52
275,21,254542,39
276,21,49933,45
277,21,25409,44
278,21,16576,49
279,21,432,40
280,21,73614,39
281,21,3170,48
282,21,164558,39
283,21,22074,43
284,21,153101,40
285,21,48304,44
286,21,37569,45
287,21,263758,43
288,21,44357,40
289,21,95853,48
290,21,6940,52
291,21,797616,40
292,21,21848,44
293,21,51509,45
294,21,101169,39
295,21,191627,42
296,21,13853,45
297,21,1478,45
298,21,38977,51
299,21,5458,47
300,21,20593,49
301,21,82898,40
302,21,8327,41
303,21,903,40
304,21,36409,40
305,21,212256,39
306,21,710918,55
307,21,165714,40
308,21,204254,40
309,21,671331,45
310,21,776429,54
311,21,3020143,72
312,21,3794,45
313,21,25213,47
314,21,57824,46
315,21,1462,45
316,21,198806,70
317,21,347169,72
318,21,1763,45
319,21,23967,52
320,21,14942,46
321,21,981898,74
322,21,78546,48
323,21,87161,50
324,21,64586,53
325,21,181545,42
326,21,388589,51
327,21,2301849,76
328,21,7845135,137
329,21,196614,62
330,21,6122,44
331,21,13168,44
332,21,7347,40
333,21,200904,39
334,21,5568,40
335,21,515819,59
336,21,168139,63
337,21,18813,46
338,21,278684,41
339,21,2511834,64
340,21,307922,53
341,21,108234,53
342,21,390202,63
343,21,5923,47
344,21,20993,40
345,21,483483,94
346,21,165189,62
347,21,530751,53
348,21,588504,92
349,21,23070,64
350,21,2300077,60
351,21,3434437,148
352,21,10052,70
353,21,22858,53
354,21,131724,54
355,21,762651,46
356,21,10909,49
357,21,7626,46
358,21,76337,52
359,21,6136,48
360,21,89326,62
361,21,253872,54
362,21,123853,53
363,21,344299,51
364,21,2004794,54
365,21,22770,57
366,21,1250514,83
367,21,13407,43
368,21,50559,48
369,21,720945,50
370,21,19483,53
371,21,10489,44
372,21,561741,60
373,21,3725,45
374,21,23305,40
375,21,180098,69
376,21,7548,43
377,21,67101,49
378,21,213394,52
379,21,2282,44
380,21,409375,44
381,21,15667,49
382,21,11324,63
383,21,862926,51
384,21,791,50
385,21,236707,66
386,21,150358,62
387,21,17560,49
388,21,587040,46
389,21,176388,65
390,21,83095,40
391,21,39473,54
392,21,145379,60
393,21,6258,44
394,21,228939,61
395,21,850184,44
396,21,245321,42
397,21,2734,48
398,21,2537534,76
399,21,2457233,49
400,21,9250,44
401,21,6096608,93
402,21,629982,51
403,21,193799,60
404,21,12251,42
405,21,9462,43
406,21,6522,44
407,21,525,45
408,21,16756,40
409,21,203200,45
410,21,48634,46
411,21,1290,50
412,21,11192,43
413,21,376314,49
414,21,30904,40
415,21,218188,54
416,21,34734,40
417,21,50352,55
418,21,381780,56
419,21,14651,45
420,21,15980,48
421,21,5043,69
422,21,2795564,52
423,21,28544,50
424,21,35924,55
425,21,13577,42
426,21,2042,45
427,21,18485,42
428,21,10121,44
429,21,1606,47
430,21,28936,49
431,21,3841,48
432,21,436959,52
433,21,453905,64
434,21,145117,52
435,21,1519,45
436,21,330935,46
437,21,159353,43
438,21,1920,45
439,21,84,50
440,21,5576,42
441,21,95,40
442,21,83193,43
443,21,1560987,49
444,21,6036,42
445,21,1078762,39
446,21,107170,45
447,21,3661440,68
448,21,2306,45
449,21,16801,49
450,21,2290,49
451,21,13156,44
452,21,6524,49
453,21,122771,51
454,21,9823,43
455,21,272098,40
456,21,51155,39
457,21,37469,39
458,21,2823,45
459,21,1098,49
460,21,35242,39
461,21,857557,41
462,21,926,50
463,21,2844,50
464,21,6588,40
465,21,8813,40
466,21,69098,40
467,21,6409,43
468,21,2838,50
469,21,15639,43
470,21,24356,49
471,21,2253,50
472,21,51050,40
473,21,250682,44
474,21,18054,43
475,21,510229,39
476,21,35415,43
477,21,151532,40
478,21,18707,40
479,21,54515,40
480,21,13009,49
481,21,100501,44
482,21,30961,49
483,21,119,50
484,21,15324,43
485,21,5454,45
486,21,32085,43
487,21,971,45
488,21,71962,43
489,21,24691,46
490,21,303,50
491,21,542644,64
492,21,697293,65
493,21,3136,49
494,21,800919,76
495,21,2597491,55
496,21,18312,42
497,21,36231,68
498,21,415026,49
499,21,29894,48
500,21,6369,45
501,21,4402,47
502,21,2452,54
503,21,549708,98
504,21,12454,44
505,21,197039,48
506,21,297267,45
507,21,583,50
508,21,189457,48
509,21,17420,62
510,21,136527,40
511,21,13403,50
512,21,107696,53
513,21,457058,42
514,21,349998,74
515,21,2536,47
516,21,47582,42
517,21,170100,39
518,21,4663,48
519,21,2722,45
520,21,73923,44
521,21,1891558,41
522,21,15142,43
523,21,152776,50
524,21,140967,44
525,21,300515,62
526,21,2729,47
527,21,121423,57
528,21,16346,43
529,21,4662,44
530,21,181599,49
531,21,58202,62
532,21,15479,44
533,21,692445,48
534,21,2478,48
535,21,6130,49
536,21,160492,39
537,21,7970,45
538,21,2746,45
539,21,212601,45
540,21,20023,45
541,21,1407444,70
542,21,16102,43
543,21,28574,43
544,21,4331,48
545,21,10160,50
546,21,134397,45
547,21,4769,44
548,21,16434,53
549,21,707,45
550,21,34908,61
551,21,20117,45
552,21,13292,40
553,21,39406,49
554,21,204035,43
555,21,4392,48
556,21,155869,40
557,21,21521,49
558,21,47987,39
559,21,26198,45
560,21,74452,62
561,21,155628,39
562,21,2316,55
563,21,7918,52
564,21,8428,43
565,21,7393,50
566,21,293493,55
567,21,21262,43
568,21,101574,44
569,21,4638,53
570,21,20626,52
571,21,510659,65
572,21,23929,43
573,21,848142,48
574,21,6917,40
575,21,1980,40
576,21,2639,48
577,21,6185,50
578,21,141022,58
579,21,11944,42
580,21,428948,44
581,21,22520,42
582,21,16024,46
583,21,61330,39
584,21,16503,49
585,21,555319,59
586,21,4539,44
587,21,40825,56
588,21,7082,48
589,21,93346,67
590,21,17101,49
591,21,27933,42
592,21,14486,43
593,21,398468,49
594,21,1317860,44
595,21,2688,54
596,21,13448,59
597,21,15658,45
598,21,28923,40
599,21,38598,40
600,21,3614,50
601,21,296,50
602,21,7010,44
603,21,19144,45
604,21,9965,45
605,21,3822,44
606,21,9181,45
607,21,1829,49
608,21,282358,45
609,21,179697,45
610,21,21480,45
611,21,25288,58
612,21,2431,53
613,21,4496,45
614,21,451,45
615,21,4588,40
616,21,2024,40
617,21,201608,58
618,21,60085,52
619,21,16870,45
620,21,5478,55
621,21,51009,60
622,21,2118,50
623,21,3256,50
624,21,27018,40
625,21,42243,64
626,21,536,45
627,21,8400,40
628,21,13353,45
629,21,5538,55
630,21,184836,41
631,21,4379,54
632,21,838,48
633,21,8595,60
634,21,293,49
635,21,22614,48
636,21,15931,68
637,21,17408,39
638,21,1474,45
639,21,5228,45
640,21,8002,40
641,21,66799,40
642,21,2500,50
643,21,18608,40
644,21,2248,44
645,21,17344,45
646,21,4311,45
647,21,2592,45
648,21,178924,45
649,21,5832,40
650,21,47323,45
651,21,2546,50
652,21,11161,49
653,21,10295,45
654,21,2543,50
655,21,3065,55
656,21,24812,45
657,21,7161,40
658,21,5546,40
659,21,1575,45
660,21,17305,40
661,21,1513,45
662,21,4360,40
663,21,4640,40
664,21,90769,39
665,21,22084,45
666,21,3568,40
667,21,874,45
668,21,142434,39
669,21,1669,40
670,21,3117,40
671,21,1406,45
672,21,3534,40
673,21,476,45
674,21,871,45
675,21,2228,40
676,21,39584,45
677,21,2624,40
678,21,708,45
679,21,757,45
680,21,2764,40
681,21,1520,40
682,21,1669,45
683,21,684,45
684,21,2405,40
685,21,1392,40
686,21,2077,40
687,21,1274,45
688,21,387,45
689,21,705,45
690,21,2200,40
691,21,921,40
692,21,889,40
693,21,316,45
694,21,280,45
695,21,218,45
696,21,434,45
697,21,5753,40
698,21,11653,45
699,21,1117,40
700,21,1414,40
701,21,873,45
702,21,1068,40
703,21,473,40
704,21,440,40
705,21,1098,40
706,21,1510,40
707,21,8336,45
708,21,477,40
709,21,2545,45
710,21,85,45
711,21,413,40
712,21,208,40
713,21,561,40
714,21,122,55
715,21,941,40
716,21,16054,45
717,21,138,45
718,21,105,40
719,21,13,40
720,21,100,40
721,21,123,40
722,21,0,45
723,21,0,45
724,21,0,45
1,22,1136,54
2,22,257199,67
3,22,3226029,64
4,22,876123,78
5,22,2986,40
6,22,556204,57
7,22,25502,47
8,22,19164,48
9,22,404192,67
10,22,5975,50
11,22,51241,59
12,22,46798,45
13,22,603787,83
14,22,149119,44
15,22,3249582,56
16,22,288614,62
17,22,1083774,102
18,22,3117291,63
19,22,1059229,52
20,22,85986,50
21,22,4284,43
22,22,3741,48
23,22,198615,68
24,22,242453,61
25,22,98562,48
26,22,46953,43
27,22,182109,50
28,22,89526,62
29,22,29855,52
30,22,2032,49
31,22,8234,51
32,22,127210,44
33,22,21950,45
34,22,1677,65
35,22,41224,45
36,22,749799,46
37,22,200,50
38,22,311906,58
39,22,77881,40
40,22,64333,39
41,22,2294,54
42,22,3475,50
43,22,942,40
44,22,739465,44
45,22,140067,45
46,22,86,40
47,22,1216549,50
48,22,75833,52
49,22,13079,44
50,22,88759,39
51,22,13918,45
52,22,96129,42
53,22,23833,54
54,22,2490841,55
55,22,79,40
56,22,5955,40
57,22,109176,55
58,22,1752239,89
59,22,18025,43
60,22,2729,49
61,22,11403,45
62,22,3357,49
63,22,20132,49
64,22,18146,50
65,22,14134,54
66,22,597,50
67,22,5441,45
68,22,88610,39
69,22,102476,45
70,22,841436,48
71,22,349371,55
72,22,2936,44
73,22,87004,41
74,22,18904,50
75,22,2350,40
76,22,5121,48
77,22,3011,47
78,22,697533,56
79,22,33447,46
80,22,12958,48
81,22,16108,44
82,22,970416,75
83,22,18755,54
84,22,18898,44
85,22,64483,44
86,22,18658,44
87,22,8890,44
88,22,234558,46
89,22,137502,50
90,22,462,48
91,22,1002564,44
92,22,3202,43
93,22,1338,43
94,22,28426,49
95,22,6539,53
96,22,42718,39
97,22,6521,45
98,22,10360,50
99,22,3577521,78
100,22,35551,42
101,22,24478,48
102,22,1493,49
103,22,1678,45
104,22,36760,44
105,22,12095,43
106,22,80306,51
107,22,2556,59
108,22,130148,73
109,22,479358,39
110,22,1098018,62
111,22,332129,44
112,22,1237,45
113,22,36133,52
114,22,227,45
115,22,18500,50
116,22,257724,40
117,22,73811,48
118,22,2851,45
119,22,1160,49
120,22,368143,43
121,22,7990,54
122,22,158904,50
123,22,25491,55
124,22,3890,50
125,22,2577,65
126,22,5457,49
127,22,384,50
128,22,9762,44
129,22,1683472,56
130,22,60,45
131,22,40092,44
132,22,2610,65
133,22,1324,45
134,22,4297,50
135,22,38822,50
136,22,556632,63
137,22,71089,44
138,22,23683,45
139,22,6361,40
140,22,7187,44
141,22,1094,49
142,22,106328,41
143,22,492,55
144,22,97381,45
145,22,205618,44
146,22,330376,45
147,22,6932,43
148,22,655532,55
149,22,6891,47
150,22,307,45
151,22,12693,45
152,22,195507,45
153,22,9810,43
154,22,29167,39
155,22,47458,39
156,22,6421,54
157,22,137712,49
158,22,14018,44
159,22,108139,44
160,22,55020,46
161,22,5072,48
162,22,493564,46
163,22,730692,52
164,22,6540,54
165,22,16224,49
166,22,11653,55
167,22,42925,42
168,22,669561,50
169,22,15241,59
170,22,3262,40
171,22,205542,49
172,22,42978,48
173,22,2574,44
174,22,58820,45
175,22,20972,63
176,22,268,45
177,22,496058,61
178,22,67551,47
179,22,21468,62
180,22,2040196,80
181,22,228043,58
182,22,7634967,114
183,22,18077,44
184,22,16755,44
185,22,1401687,48
186,22,92772,67
187,22,35689,42
188,22,27688,44
189,22,29841,44
190,22,9676,45
191,22,433396,42
192,22,19198,52
193,22,5922,49
194,22,11622,44
195,22,5124,43
196,22,10695,43
197,22,249,45
198,22,23053,51
199,22,1008628,67
200,22,701520,45
201,22,1330230,45
202,22,8242,42
203,22,6315,49
204,22,35647,42
205,22,11457,51
206,22,5822,48
207,22,504568,73
208,22,29817,44
209,22,65095,39
210,22,219635,48
211,22,698410,48
212,22,115,45
213,22,3228,45
214,22,7041,46
215,22,9509,43
216,22,15738,47
217,22,19154,51
218,22,60816,49
219,22,115578,48
220,22,156145,54
221,22,3789,43
222,22,7461,48
223,22,1420,49
224,22,11736,52
225,22,17919,40
226,22,40825,43
227,22,71079,39
228,22,524620,39
229,22,28510,49
230,22,165670,51
231,22,637612,43
232,22,79353,54
233,22,283249,48
234,22,2277,44
235,22,1528096,50
236,22,168086,48
237,22,1749,49
238,22,351983,47
239,22,185656,47
240,22,115007,50
241,22,57593,45
242,22,42219,40
243,22,3716,48
244,22,207382,42
245,22,27069,44
246,22,432,45
247,22,979258,59
248,22,356861,50
249,22,6098,48
250,22,16777,40
251,22,188264,55
252,22,1525591,57
253,22,579,45
254,22,2847,47
255,22,2981962,51
256,22,4134,50
257,22,25206,44
258,22,37494,50
259,22,99665,52
260,22,33379,48
261,22,1602,40
262,22,1346,49
263,22,220838,39
264,22,4592,48
265,22,9432,51
266,22,7904,40
267,22,178631,44
268,22,378910,56
269,22,6795,40
270,22,480396,39
271,22,887,49
272,22,2675,54
273,22,1355,45
274,22,29757,52
275,22,251554,39
276,22,49089,45
277,22,24986,44
278,22,16102,49
279,22,428,40
280,22,73490,39
281,22,3126,48
282,22,160287,39
283,22,21930,43
284,22,151088,40
285,22,47030,44
286,22,37026,45
287,22,265414,43
288,22,43305,40
289,22,93310,48
290,22,6813,52
291,22,776026,40
292,22,21298,44
293,22,49234,45
294,22,100017,39
295,22,188752,42
296,22,14214,45
297,22,1464,45
298,22,38805,51
299,22,5306,47
300,22,20173,49
301,22,79565,40
302,22,8292,41
303,22,898,40
304,22,42301,40
305,22,210728,39
306,22,682653,55
307,22,162815,40
308,22,212589,39
309,22,661745,44
310,22,780151,54
311,22,2980587,72
312,22,3760,45
313,22,25445,47
314,22,55953,46
315,22,1454,45
316,22,198878,70
317,22,349393,72
318,22,1752,45
319,22,23857,52
320,22,14866,46
321,22,984975,74
322,22,66102,47
323,22,85780,50
324,22,56091,53
325,22,170740,41
326,22,418065,51
327,22,1919424,75
328,22,7862996,137
329,22,195595,62
330,22,6027,44
331,22,12831,44
332,22,7293,40
333,22,193871,39
334,22,5527,40
335,22,499223,59
336,22,165009,63
337,22,20291,46
338,22,280495,41
339,22,2452750,64
340,22,307886,53
341,22,111280,53
342,22,370895,63
343,22,5934,47
344,22,20783,40
345,22,491907,94
346,22,160059,62
347,22,528394,53
348,22,735302,92
349,22,23010,64
350,22,2258381,60
351,22,3397088,148
352,22,10011,70
353,22,22800,53
354,22,130173,54
355,22,715123,46
356,22,10924,49
357,22,7936,46
358,22,77609,52
359,22,5993,48
360,22,88979,62
361,22,250500,54
362,22,122073,53
363,22,339903,51
364,22,2570600,55
365,22,22805,57
366,22,1169619,84
367,22,13741,43
368,22,49384,47
369,22,687538,50
370,22,19442,53
371,22,10181,44
372,22,548402,60
373,22,3696,45
374,22,24908,39
375,22,144024,69
376,22,7485,43
377,22,66441,49
378,22,211893,52
379,22,2175,44
380,22,397136,44
381,22,15615,49
382,22,11271,63
383,22,813014,51
384,22,787,50
385,22,232500,66
386,22,143848,62
387,22,17479,49
388,22,581502,46
389,22,175663,65
390,22,81874,40
391,22,39147,54
392,22,130275,60
393,22,10485,44
394,22,237989,61
395,22,883582,44
396,22,317992,43
397,22,2727,48
398,22,2862444,77
399,22,2735491,50
400,22,8879,44
401,22,6503452,94
402,22,600196,51
403,22,185648,60
404,22,12138,42
405,22,9496,43
406,22,6521,44
407,22,562,45
408,22,16535,40
409,22,209317,45
410,22,46753,46
411,22,1332,50
412,22,11047,43
413,22,364418,49
414,22,30313,40
415,22,189945,54
416,22,34266,40
417,22,49012,55
418,22,379749,56
419,22,14529,45
420,22,15843,47
421,22,5026,69
422,22,3118866,53
423,22,28695,50
424,22,36748,55
425,22,13405,42
426,22,2008,45
427,22,18098,42
428,22,9597,44
429,22,1754,47
430,22,28214,49
431,22,3858,48
432,22,728675,53
433,22,510839,64
434,22,149100,52
435,22,1494,45
436,22,407289,46
437,22,230035,43
438,22,1908,45
439,22,81,50
440,22,5525,42
441,22,95,40
442,22,80430,43
443,22,1917396,50
444,22,5994,42
445,22,1069168,39
446,22,104466,45
447,22,4605610,70
448,22,2292,45
449,22,16482,49
450,22,2283,49
451,22,12974,44
452,22,6389,49
453,22,119003,51
454,22,9730,43
455,22,270127,40
456,22,50723,39
457,22,39204,39
458,22,2795,45
459,22,1093,49
460,22,33582,39
461,22,836462,41
462,22,1487,50
463,22,2847,50
464,22,6542,40
465,22,8692,40
466,22,67861,40
467,22,6346,43
468,22,2817,50
469,22,15503,43
470,22,24738,49
471,22,2277,50
472,22,48918,40
473,22,247421,44
474,22,17752,43
475,22,502221,39
476,22,34814,43
477,22,149875,40
478,22,18533,40
479,22,53848,40
480,22,12665,49
481,22,107707,44
482,22,30132,49
483,22,119,50
484,22,15140,43
485,22,5403,45
486,22,32773,43
487,22,970,45
488,22,65001,43
489,22,25866,46
490,22,301,50
491,22,448607,64
492,22,642984,64
493,22,3124,49
494,22,704750,75
495,22,2531678,54
496,22,18261,42
497,22,37681,68
498,22,409337,49
499,22,28115,48
500,22,6303,45
501,22,4378,47
502,22,2451,54
503,22,554195,98
504,22,15032,44
505,22,185115,48
506,22,290977,45
507,22,582,50
508,22,186609,48
509,22,16840,62
510,22,135234,40
511,22,13441,50
512,22,105865,53
513,22,430771,42
514,22,323847,73
515,22,2532,47
516,22,46754,42
517,22,170940,39
518,22,4572,47
519,22,2698,45
520,22,73147,44
521,22,1894201,41
522,22,15106,43
523,22,155134,50
524,22,137872,44
525,22,297362,62
526,22,2662,47
527,22,131453,57
528,22,16353,43
529,22,4631,44
530,22,194406,49
531,22,58208,62
532,22,15388,44
533,22,645518,48
534,22,2483,48
535,22,5996,49
536,22,163585,39
537,22,7886,45
538,22,2722,45
539,22,206129,45
540,22,19754,45
541,22,1184855,70
542,22,15872,43
543,22,27972,43
544,22,4277,48
545,22,10112,50
546,22,132334,45
547,22,4769,44
548,22,15129,53
549,22,704,45
550,22,32710,61
551,22,19898,45
552,22,13164,40
553,22,35633,49
554,22,204528,43
555,22,4342,48
556,22,154199,40
557,22,20550,49
558,22,47068,39
559,22,25592,45
560,22,71363,62
561,22,155285,39
562,22,2307,55
563,22,7879,52
564,22,8438,43
565,22,7421,50
566,22,259650,54
567,22,19500,43
568,22,95529,44
569,22,4771,53
570,22,20473,52
571,22,639259,65
572,22,23770,43
573,22,973602,48
574,22,6842,40
575,22,1962,40
576,22,2632,48
577,22,6155,50
578,22,135782,58
579,22,11834,42
580,22,425385,44
581,22,22312,42
582,22,15974,45
583,22,66763,39
584,22,16361,49
585,22,464815,59
586,22,4515,44
587,22,39182,56
588,22,7095,48
589,22,91303,67
590,22,17020,49
591,22,26899,42
592,22,14363,43
593,22,392392,49
594,22,1250400,44
595,22,2644,54
596,22,13545,59
597,22,20613,45
598,22,28494,40
599,22,37875,40
600,22,3576,50
601,22,296,50
602,22,6842,44
603,22,18866,45
604,22,9896,45
605,22,3818,44
606,22,9088,45
607,22,1838,49
608,22,270986,45
609,22,173771,45
610,22,21392,45
611,22,22962,58
612,22,2418,53
613,22,4699,45
614,22,445,45
615,22,4515,40
616,22,2012,40
617,22,131992,57
618,22,55999,51
619,22,17160,45
620,22,5494,55
621,22,51983,60
622,22,2114,50
623,22,3235,50
624,22,26608,40
625,22,41412,64
626,22,532,45
627,22,8297,40
628,22,12638,45
629,22,5425,55
630,22,177616,40
631,22,4311,54
632,22,877,48
633,22,8072,60
634,22,299,49
635,22,20842,48
636,22,16144,68
637,22,19017,39
638,22,1493,45
639,22,5272,45
640,22,8005,40
641,22,65743,40
642,22,2532,50
643,22,18390,40
644,22,2328,44
645,22,16172,45
646,22,4241,45
647,22,2585,45
648,22,175807,45
649,22,5579,40
650,22,49317,45
651,22,2570,50
652,22,11169,49
653,22,10696,45
654,22,4402,50
655,22,3067,55
656,22,24341,45
657,22,7253,40
658,22,5616,40
659,22,1591,45
660,22,16790,40
661,22,1454,45
662,22,4430,40
663,22,4500,40
664,22,92309,39
665,22,21665,45
666,22,3593,40
667,22,872,45
668,22,140266,39
669,22,1671,40
670,22,3172,40
671,22,1373,45
672,22,3521,40
673,22,494,45
674,22,831,45
675,22,2248,40
676,22,38158,45
677,22,2809,40
678,22,684,45
679,22,756,45
680,22,2819,40
681,22,1593,40
682,22,1689,45
683,22,685,45
684,22,2490,40
685,22,1448,40
686,22,1984,40
687,22,1027,45
688,22,383,45
689,22,667,45
690,22,2068,40
691,22,974,40
692,22,923,40
693,22,349,45
694,22,282,45
695,22,236,45
696,22,488,45
697,22,7565,40
698,22,11809,45
699,22,1069,40
700,22,1514,40
701,22,653,45
702,22,1164,40
703,22,490,40
704,22,384,40
705,22,1202,40
706,22,1325,40
707,22,6866,45
708,22,623,40
709,22,2934,45
710,22,109,45
711,22,490,40
712,22,286,40
713,22,627,40
714,22,281,55
715,22,1407,40
716,22,26599,45
717,22,186,45
718,22,187,40
719,22,99,40
720,22,825,40
721,22,450,40
722,22,799,45
723,22,68,45
724,22,1521,45
725,22,1422,55
726,22,225,40
727,22,0,40
728,22,0,45
729,22,0,45
1,23,1129,54
2,23,176252,66
3,23,3235745,64
4,23,918025,78
5,23,2957,40
6,23,534439,56
7,23,25385,47
8,23,19135,48
9,23,415313,67
10,23,5860,50
11,23,51638,59
12,23,50248,45
13,23,579776,83
14,23,144725,44
15,23,3155910,56
16,23,288981,62
17,23,1045408,102
18,23,2480333,62
19,23,1047110,52
20,23,84002,50
21,23,4480,43
22,23,3724,48
23,23,281770,68
24,23,239504,61
25,23,98750,48
26,23,45924,43
27,23,173041,50
28,23,89019,62
29,23,28339,52
30,23,2019,49
31,23,8374,51
32,23,148760,44
33,23,21658,45
34,23,1671,65
35,23,38859,45
36,23,771591,46
37,23,198,50
38,23,302007,58
39,23,76759,40
40,23,65308,39
41,23,2285,54
42,23,3796,50
43,23,932,40
44,23,739038,44
45,23,139594,45
46,23,80,40
47,23,1249066,50
48,23,72537,52
49,23,17932,44
50,23,87389,39
51,23,14170,45
52,23,88878,42
53,23,24355,54
54,23,2644706,56
55,23,77,40
56,23,5868,40
57,23,113804,55
58,23,1931593,89
59,23,16428,43
60,23,3453,49
61,23,11240,45
62,23,4240,49
63,23,20138,49
64,23,17895,50
65,23,11393,54
66,23,594,50
67,23,5370,45
68,23,79034,39
69,23,108344,45
70,23,1021592,48
71,23,963321,56
72,23,2913,44
73,23,86191,41
74,23,22820,50
75,23,2320,40
76,23,4719,48
77,23,2979,47
78,23,717533,56
79,23,32512,46
80,23,12742,48
81,23,15359,44
82,23,659802,74
83,23,18221,54
84,23,18113,44
85,23,64995,44
86,23,18481,44
87,23,8794,44
88,23,227429,45
89,23,142949,50
90,23,453,48
91,23,1007655,44
92,23,3450,43
93,23,1304,43
94,23,27122,49
95,23,6665,53
96,23,42013,39
97,23,6507,44
98,23,12268,50
99,23,3676507,78
100,23,35590,42
101,23,26805,48
102,23,1485,49
103,23,1657,45
104,23,34061,44
105,23,14359,43
106,23,70420,51
107,23,2467,59
108,23,129520,73
109,23,476480,39
110,23,1197423,63
111,23,321619,44
112,23,1226,45
113,23,35588,52
114,23,225,45
115,23,18677,50
116,23,253393,40
117,23,69877,47
118,23,2827,45
119,23,1156,49
120,23,357892,43
121,23,8303,54
122,23,171870,50
123,23,24364,55
124,23,3866,50
125,23,2567,65
126,23,5361,49
127,23,380,50
128,23,9201,44
129,23,1682699,56
130,23,60,45
131,23,38036,44
132,23,3221,65
133,23,1308,45
134,23,4284,50
135,23,46554,50
136,23,648415,63
137,23,66108,44
138,23,23269,45
139,23,6283,40
140,23,7138,44
141,23,1085,49
142,23,102965,41
143,23,487,55
144,23,107541,45
145,23,206563,44
146,23,348056,45
147,23,7118,43
148,23,655101,55
149,23,6585,47
150,23,305,45
151,23,12502,45
152,23,202424,45
153,23,9610,43
154,23,29207,39
155,23,47074,39
156,23,6069,54
157,23,131063,49
158,23,13854,44
159,23,127111,44
160,23,54681,46
161,23,5082,47
162,23,383030,45
163,23,697148,52
164,23,6498,54
165,23,16190,49
166,23,11737,55
167,23,40782,42
168,23,501317,49
169,23,15163,59
170,23,3229,40
171,23,185657,49
172,23,59941,48
173,23,3459,43
174,23,55481,45
175,23,20891,63
176,23,268,45
177,23,468032,61
178,23,66687,47
179,23,21251,62
180,23,1492270,79
181,23,224151,58
182,23,7388472,113
183,23,17930,44
184,23,16549,44
185,23,1249671,48
186,23,92835,67
187,23,39562,42
188,23,30943,44
189,23,29281,44
190,23,9531,45
191,23,431955,42
192,23,18695,52
193,23,5725,49
194,23,12788,44
195,23,5103,43
196,23,10706,43
197,23,245,45
198,23,22893,51
199,23,1025251,67
200,23,851591,46
201,23,1378048,45
202,23,8281,42
203,23,6281,49
204,23,34824,42
205,23,11518,51
206,23,5342,48
207,23,744512,74
208,23,28649,44
209,23,64709,39
210,23,220735,48
211,23,727086,48
212,23,114,45
213,23,3186,45
214,23,7017,46
215,23,9360,43
216,23,15451,47
217,23,21811,51
218,23,60435,49
219,23,117991,48
220,23,209585,54
221,23,3652,43
222,23,23084,48
223,23,1414,49
224,23,12003,52
225,23,17612,40
226,23,41400,43
227,23,70551,39
228,23,532032,39
229,23,28223,49
230,23,154750,51
231,23,677295,43
232,23,123822,54
233,23,272281,48
234,23,2382,44
235,23,1581751,50
236,23,173052,48
237,23,1719,49
238,23,329244,46
239,23,187321,47
240,23,109073,50
241,23,55697,45
242,23,41490,40
243,23,3659,48
244,23,202661,42
245,23,26000,44
246,23,429,45
247,23,843516,59
248,23,334095,50
249,23,6450,48
250,23,16548,40
251,23,177710,55
252,23,1274366,57
253,23,574,45
254,23,2893,47
255,23,2984462,51
256,23,4103,50
257,23,24270,44
258,23,37235,50
259,23,94251,52
260,23,33547,47
261,23,1587,40
262,23,1299,49
263,23,211934,39
264,23,4572,48
265,23,9062,51
266,23,7895,40
267,23,168092,44
268,23,351030,56
269,23,6709,40
270,23,479952,39
271,23,882,49
272,23,2792,54
273,23,1331,45
274,23,30415,52
275,23,244560,39
276,23,48034,45
277,23,24739,44
278,23,15998,49
279,23,425,40
280,23,73783,39
281,23,3081,48
282,23,166367,39
283,23,22622,43
284,23,148620,40
285,23,45157,44
286,23,36335,45
287,23,270626,43
288,23,41469,40
289,23,90202,48
290,23,6623,52
291,23,744414,40
292,23,20641,44
293,23,46286,44
294,23,98640,39
295,23,178784,42
296,23,13662,45
297,23,1445,45
298,23,36881,51
299,23,5061,47
300,23,19520,49
301,23,75549,40
302,23,8131,41
303,23,887,40
304,23,47460,40
305,23,204687,39
306,23,631170,55
307,23,181279,39
308,23,231044,39
309,23,662242,44
310,23,974688,55
311,23,3514368,73
312,23,3711,45
313,23,25997,47
314,23,54313,46
315,23,1437,45
316,23,252337,70
317,23,301174,72
318,23,1738,45
319,23,25301,52
320,23,14681,46
321,23,1399503,75
322,23,55998,47
323,23,88242,50
324,23,42052,53
325,23,155233,41
326,23,611588,52
327,23,1967948,75
328,23,7952602,137
329,23,210645,62
330,23,5910,44
331,23,12364,44
332,23,7205,40
333,23,175554,39
334,23,5460,40
335,23,493032,59
336,23,179958,63
337,23,26978,46
338,23,290409,41
339,23,2561166,64
340,23,306611,53
341,23,101913,53
342,23,338378,62
343,23,5915,47
344,23,20594,40
345,23,499090,94
346,23,157165,62
347,23,527210,53
348,23,909732,93
349,23,23565,64
350,23,2107410,59
351,23,3238682,147
352,23,9985,70
353,23,22682,53
354,23,135627,54
355,23,619628,45
356,23,10926,49
357,23,11004,46
358,23,70527,52
359,23,6018,48
360,23,88484,62
361,23,250695,54
362,23,121381,53
363,23,333516,51
364,23,2639129,56
365,23,22677,57
366,23,1098508,84
367,23,14774,43
368,23,48261,47
369,23,653679,50
370,23,19417,53
371,23,9868,44
372,23,534638,59
373,23,3655,45
374,23,26914,39
375,23,122471,69
376,23,7399,43
377,23,66440,49
378,23,211073,52
379,23,2159,44
380,23,384069,44
381,23,15524,49
382,23,11190,63
383,23,748343,51
384,23,781,50
385,23,228483,66
386,23,128382,62
387,23,17336,49
388,23,534999,45
389,23,174146,65
390,23,76944,40
391,23,38750,54
392,23,119296,59
393,23,11891,44
394,23,270648,61
395,23,888446,44
396,23,359230,43
397,23,2745,48
398,23,2947908,77
399,23,3045877,51
400,23,8167,44
401,23,6750889,95
402,23,562968,51
403,23,177578,60
404,23,12102,42
405,23,9551,43
406,23,6599,44
407,23,552,45
408,23,16247,40
409,23,211353,45
410,23,45106,46
411,23,1338,50
412,23,10943,43
413,23,355789,49
414,23,29791,40
415,23,188627,54
416,23,33884,40
417,23,47994,55
418,23,379840,56
419,23,14344,45
420,23,15957,47
421,23,4966,69
422,23,3306129,54
423,23,33367,50
424,23,36611,55
425,23,13423,42
426,23,1984,45
427,23,18048,42
428,23,9490,44
429,23,2008,47
430,23,27999,49
431,23,4090,48
432,23,712632,53
433,23,511448,64
434,23,141751,52
435,23,1479,45
436,23,426911,47
437,23,236194,44
438,23,1895,45
439,23,80,50
440,23,5548,42
441,23,93,40
442,23,81828,43
443,23,2004979,50
444,23,6034,42
445,23,1058989,39
446,23,101607,45
447,23,4942782,71
448,23,2273,45
449,23,16174,49
450,23,2266,49
451,23,12768,44
452,23,6775,49
453,23,115014,51
454,23,9882,43
455,23,284453,40
456,23,50327,39
457,23,41155,39
458,23,2766,45
459,23,1088,49
460,23,31835,39
461,23,810879,41
462,23,1400,50
463,23,2893,50
464,23,6775,39
465,23,8552,40
466,23,66418,40
467,23,6452,43
468,23,2787,50
469,23,15769,43
470,23,29569,49
471,23,2330,50
472,23,46689,40
473,23,248038,44
474,23,17676,43
475,23,491738,39
476,23,35128,43
477,23,146796,40
478,23,18302,40
479,23,53678,40
480,23,12895,49
481,23,113699,44
482,23,28324,49
483,23,118,50
484,23,16040,43
485,23,5345,45
486,23,32862,43
487,23,960,45
488,23,59031,43
489,23,26030,46
490,23,301,50
491,23,294806,63
492,23,706822,64
493,23,3119,49
494,23,656539,75
495,23,2447747,54
496,23,18315,42
497,23,52732,68
498,23,402193,49
499,23,25597,48
500,23,6222,45
501,23,4339,47
502,23,2434,54
503,23,580176,98
504,23,15390,44
505,23,173493,48
506,23,283936,45
507,23,578,50
508,23,183123,48
509,23,16357,62
510,23,133783,40
511,23,13462,50
512,23,103168,53
513,23,419915,42
514,23,304663,73
515,23,2469,47
516,23,45711,42
517,23,172470,39
518,23,4604,47
519,23,2657,45
520,23,68670,44
521,23,1886760,41
522,23,14918,43
523,23,150853,50
524,23,131952,43
525,23,279127,62
526,23,2663,46
527,23,123397,57
528,23,14735,43
529,23,4587,44
530,23,189976,49
531,23,58193,61
532,23,15256,44
533,23,594660,47
534,23,2455,48
535,23,5880,49
536,23,169353,39
537,23,7756,45
538,23,2687,45
539,23,199221,45
540,23,19469,45
541,23,998318,69
542,23,15587,43
543,23,29829,43
544,23,4228,48
545,23,10030,50
546,23,129646,45
547,23,4602,44
548,23,13735,53
549,23,695,45
550,23,30891,61
551,23,19630,45
552,23,12976,40
553,23,32976,49
554,23,202967,43
555,23,4286,48
556,23,152215,40
557,23,19584,49
558,23,46041,39
559,23,24726,45
560,23,68017,62
561,23,155281,39
562,23,2299,55
563,23,7770,51
564,23,8395,43
565,23,7485,50
566,23,227448,53
567,23,18102,43
568,23,91294,44
569,23,4894,53
570,23,20147,52
571,23,453563,65
572,23,22331,43
573,23,973359,48
574,23,6748,40
575,23,1938,40
576,23,2642,48
577,23,7387,50
578,23,134578,58
579,23,12046,41
580,23,432812,44
581,23,21886,42
582,23,16639,45
583,23,66141,39
584,23,15934,48
585,23,398678,58
586,23,4514,44
587,23,37674,56
588,23,7111,48
589,23,89797,67
590,23,17101,49
591,23,25783,42
592,23,14175,43
593,23,376178,49
594,23,1104873,44
595,23,2596,54
596,23,13719,59
597,23,21756,45
598,23,28889,40
599,23,37047,40
600,23,3811,50
601,23,295,50
602,23,6744,44
603,23,18893,44
604,23,9763,45
605,23,3872,44
606,23,9028,44
607,23,1863,49
608,23,233558,45
609,23,167636,45
610,23,24074,45
611,23,20976,57
612,23,2404,53
613,23,5138,45
614,23,441,45
615,23,4412,40
616,23,1983,40
617,23,95324,57
618,23,59398,51
619,23,18591,45
620,23,5664,55
621,23,51090,60
622,23,2217,50
623,23,4564,50
624,23,26363,40
625,23,40895,64
626,23,530,45
627,23,8433,40
628,23,11972,45
629,23,5021,55
630,23,171393,40
631,23,4312,54
632,23,824,48
633,23,8291,60
634,23,289,49
635,23,18812,48
636,23,17345,68
637,23,21558,39
638,23,1535,45
639,23,5396,45
640,23,8132,40
641,23,64516,40
642,23,2540,50
643,23,18138,40
644,23,2617,44
645,23,15012,45
646,23,3965,45
647,23,2575,45
648,23,172538,45
649,23,5066,40
650,23,59963,45
651,23,2753,50
652,23,11275,49
653,23,10807,45
654,23,3742,50
655,23,3146,55
656,23,24101,45
657,23,7440,40
658,23,5761,40
659,23,1649,45
660,23,15305,40
661,23,1426,45
662,23,4576,40
663,23,4086,40
664,23,95832,39
665,23,21360,45
666,23,3635,40
667,23,893,45
668,23,138156,39
669,23,1690,40
670,23,3259,40
671,23,1422,45
672,23,3570,40
673,23,522,45
674,23,894,45
675,23,2224,40
676,23,36803,45
677,23,3082,40
678,23,771,45
679,23,860,45
680,23,3075,40
681,23,1776,40
682,23,1772,45
683,23,715,45
684,23,2643,40
685,23,1622,40
686,23,1897,40
687,23,1024,45
688,23,400,45
689,23,579,45
690,23,2082,40
691,23,1067,40
692,23,995,40
693,23,383,45
694,23,333,45
695,23,271,45
696,23,555,45
697,23,7501,40
698,23,14221,45
699,23,908,40
700,23,1758,40
701,23,571,45
702,23,1420,40
703,23,643,40
704,23,416,40
705,23,1399,40
706,23,1809,40
707,23,8429,45
708,23,672,40
709,23,3363,45
710,23,165,45
711,23,760,40
712,23,503,40
713,23,474,40
714,23,575,55
715,23,2247,40
716,23,34182,45
717,23,316,45
718,23,385,40
719,23,253,40
720,23,1759,40
721,23,937,40
722,23,1772,45
723,23,153,45
724,23,3753,45
725,23,5078,55
726,23,461,40
727,23,245,40
728,23,64,45
729,23,152,45
730,23,928,50
731,23,472,45
732,23,5443,50
733,23,643,45
734,23,235,50
735,23,0,15
736,23,0,15
737,23,0,8
738,23,0,11
739,23,0,11
740,23,0,15
741,23,0,8
742,23,0,5
743,23,0,5
744,23,0,15
745,23,0,8
746,23,0,15
747,23,0,11
748,23,0,5
749,23,0,11
750,23,0,5
751,23,0,8
752,23,0,8
753,23,0,11
754,23,0,5
755,23,171363,70
756,23,0,40
1,24,1120,54
2,24,149145,66
3,24,3065179,64
4,24,843600,78
5,24,2935,40
6,24,478134,56
7,24,25418,47
8,24,18957,48
9,24,373507,67
10,24,5777,50
11,24,51182,59
12,24,65781,45
13,24,528111,82
14,24,136868,44
15,24,2895517,55
16,24,286427,62
17,24,1020176,102
18,24,2421935,62
19,24,1013818,52
20,24,81889,49
21,24,4713,43
22,24,3718,48
23,24,262470,68
24,24,237175,61
25,24,98442,48
26,24,45087,42
27,24,165263,50
28,24,91601,62
29,24,27528,52
30,24,2008,49
31,24,8421,51
32,24,140225,44
33,24,21432,45
34,24,1664,65
35,24,37339,45
36,24,774039,46
37,24,196,50
38,24,269703,57
39,24,75595,40
40,24,67303,39
41,24,2274,54
42,24,4221,50
43,24,927,40
44,24,735940,44
45,24,139507,45
46,24,80,40
47,24,1273950,50
48,24,72269,52
49,24,15022,44
50,24,86496,39
51,24,14388,45
52,24,84347,42
53,24,33275,54
54,24,2691649,56
55,24,75,40
56,24,5805,40
57,24,114519,55
58,24,1912383,89
59,24,15657,43
60,24,7218,49
61,24,11130,45
62,24,4530,49
63,24,19655,49
64,24,17704,50
65,24,9824,54
66,24,591,50
67,24,5319,45
68,24,72739,39
69,24,118145,45
70,24,1158768,49
71,24,1819214,58
72,24,2892,44
73,24,85805,41
74,24,150899,50
75,24,2281,40
76,24,4536,48
77,24,2964,47
78,24,757649,56
79,24,31792,46
80,24,12603,48
81,24,14822,44
82,24,565174,74
83,24,19616,54
84,24,17764,44
85,24,66804,44
86,24,18694,44
87,24,9082,44
88,24,236358,45
89,24,162462,50
90,24,454,48
91,24,1010961,44
92,24,3318,43
93,24,1296,43
94,24,25989,49
95,24,6868,53
96,24,41999,39
97,24,6686,44
98,24,12028,50
99,24,3939880,79
100,24,35652,42
101,24,24970,48
102,24,1479,49
103,24,1633,45
104,24,32538,44
105,24,13253,43
106,24,71222,51
107,24,2441,59
108,24,129030,73
109,24,474807,39
110,24,1219413,63
111,24,317021,44
112,24,1224,45
113,24,34847,52
114,24,225,45
115,24,18017,50
116,24,249626,40
117,24,70060,47
118,24,2804,45
119,24,1153,49
120,24,351969,42
121,24,13510,54
122,24,124210,50
123,24,23602,55
124,24,3847,50
125,24,2564,65
126,24,5357,49
127,24,380,50
128,24,8822,43
129,24,1384227,55
130,24,60,45
131,24,36138,44
132,24,2497,65
133,24,1290,45
134,24,4261,50
135,24,43900,50
136,24,609583,63
137,24,61956,44
138,24,22962,45
139,24,6238,40
140,24,7189,44
141,24,1082,49
142,24,97073,41
143,24,484,55
144,24,99177,45
145,24,196581,44
146,24,315573,45
147,24,7213,43
148,24,636644,55
149,24,6348,47
150,24,304,45
151,24,12368,45
152,24,226320,45
153,24,9444,42
154,24,29513,39
155,24,46901,39
156,24,5871,54
157,24,126821,49
158,24,13937,44
159,24,147195,44
160,24,54833,46
161,24,5130,47
162,24,354919,45
163,24,710207,51
164,24,6458,54
165,24,16236,49
166,24,11882,55
167,24,39334,42
168,24,458614,48
169,24,15099,59
170,24,3190,40
171,24,176596,49
172,24,87417,48
173,24,7198,43
174,24,52775,45
175,24,20816,63
176,24,267,45
177,24,515243,61
178,24,66010,47
179,24,21073,62
180,24,1296568,78
181,24,222110,57
182,24,7279644,113
183,24,17769,44
184,24,16059,44
185,24,1163027,47
186,24,92913,67
187,24,38321,42
188,24,40113,44
189,24,28903,44
190,24,9405,45
191,24,428369,42
192,24,19361,52
193,24,5423,49
194,24,13187,44
195,24,4969,43
196,24,10681,43
197,24,245,45
198,24,22985,51
199,24,916595,67
200,24,871485,46
201,24,1350026,45
202,24,8322,42
203,24,6145,49
204,24,34224,42
205,24,11526,51
206,24,5245,48
207,24,590439,74
208,24,27981,44
209,24,64558,39
210,24,209795,48
211,24,714155,48
212,24,113,45
213,24,3153,45
214,24,7029,46
215,24,8949,43
216,24,15320,47
217,24,56902,51
218,24,76592,49
219,24,189179,48
220,24,160384,54
221,24,3523,43
222,24,111321,48
223,24,1942,49
224,24,15507,52
225,24,17320,40
226,24,45869,43
227,24,68541,39
228,24,523356,39
229,24,27981,49
230,24,147087,51
231,24,1021029,44
232,24,816544,55
233,24,263803,48
234,24,2544,44
235,24,2085418,51
236,24,278879,48
237,24,1646,49
238,24,337300,46
239,24,186278,47
240,24,105430,50
241,24,54344,45
242,24,41834,39
243,24,3689,48
244,24,191384,42
245,24,25397,44
246,24,426,45
247,24,711166,58
248,24,311293,50
249,24,6397,48
250,24,16362,40
251,24,168432,55
252,24,920443,56
253,24,573,45
254,24,2957,47
255,24,2863188,51
256,24,4075,50
257,24,23707,44
258,24,37050,50
259,24,65076,52
260,24,31684,47
261,24,1573,40
262,24,1342,49
263,24,204372,39
264,24,4165,48
265,24,8835,51
266,24,7955,40
267,24,172813,44
268,24,400424,56
269,24,6629,40
270,24,516721,39
271,24,879,49
272,24,3124,54
273,24,1313,45
274,24,40884,52
275,24,239803,39
276,24,46987,45
277,24,24573,44
278,24,17070,49
279,24,422,40
280,24,74166,39
281,24,3080,48
282,24,177253,39
283,24,26356,43
284,24,146599,40
285,24,45457,44
286,24,35621,45
287,24,262289,44
288,24,40595,40
289,24,86403,48
290,24,7876,52
291,24,735654,39
292,24,20378,44
293,24,44619,44
294,24,97965,39
295,24,174204,42
296,24,14620,45
297,24,1437,45
298,24,35976,51
299,24,4945,47
300,24,19188,49
301,24,72307,40
302,24,8074,41
303,24,881,40
304,24,65905,40
305,24,201023,39
306,24,646659,54
307,24,210055,39
308,24,243432,39
309,24,674857,44
310,24,1021880,55
311,24,3827162,74
312,24,3656,45
313,24,26081,47
314,24,53294,46
315,24,1419,45
316,24,232691,70
317,24,283967,72
318,24,1724,45
319,24,26413,52
320,24,14715,46
321,24,2620546,76
322,24,50600,47
323,24,97034,50
324,24,30817,53
325,24,135624,40
326,24,791643,52
327,24,2080113,75
328,24,8039715,137
329,24,227831,62
330,24,5755,44
331,24,11825,44
332,24,7090,40
333,24,146643,39
334,24,5339,40
335,24,491384,59
336,24,328020,63
337,24,25474,46
338,24,298934,41
339,24,2553024,64
340,24,302987,53
341,24,96588,53
342,24,323915,62
343,24,6054,47
344,24,20434,40
345,24,466895,94
346,24,146834,62
347,24,533199,53
348,24,949563,93
349,24,23881,64
350,24,2112149,59
351,24,3141971,147
352,24,9938,70
353,24,22577,53
354,24,137603,54
355,24,536899,44
356,24,12836,49
357,24,11361,46
358,24,67234,52
359,24,6303,48
360,24,88031,62
361,24,245449,54
362,24,122883,53
363,24,322020,51
364,24,2665964,56
365,24,22003,57
366,24,1037472,83
367,24,15215,43
368,24,47618,47
369,24,645667,50
370,24,19429,52
371,24,9632,44
372,24,530733,59
373,24,3614,45
374,24,28265,39
375,24,112251,69
376,24,7479,43
377,24,69428,49
378,24,213101,52
379,24,2212,44
380,24,440314,44
381,24,15450,49
382,24,11128,63
383,24,728772,50
384,24,780,50
385,24,225956,66
386,24,125493,62
387,24,17238,49
388,24,491607,45
389,24,171193,65
390,24,72371,40
391,24,38406,54
392,24,113333,59
393,24,10989,44
394,24,263509,61
395,24,868194,44
396,24,371784,43
397,24,2767,48
398,24,2676535,77
399,24,2994000,51
400,24,7806,44
401,24,6850616,95
402,24,543791,51
403,24,165497,60
404,24,12014,42
405,24,9600,43
406,24,6896,44
407,24,546,45
408,24,16058,40
409,24,206909,45
410,24,44738,45
411,24,1404,50
412,24,10862,43
413,24,357598,49
414,24,30576,39
415,24,183269,54
416,24,33810,40
417,24,54261,55
418,24,376797,56
419,24,14209,45
420,24,16076,47
421,24,4922,69
422,24,3263354,54
423,24,33950,50
424,24,36481,55
425,24,13413,42
426,24,1965,45
427,24,17956,41
428,24,9596,44
429,24,2227,47
430,24,27842,49
431,24,4201,48
432,24,660182,53
433,24,473509,64
434,24,126370,52
435,24,1457,45
436,24,415125,47
437,24,226004,44
438,24,1888,45
439,24,80,50
440,24,5359,42
441,24,93,40
442,24,102473,43
443,24,1964581,50
444,24,6064,42
445,24,1052143,39
446,24,99374,45
447,24,4543401,70
448,24,2262,45
449,24,15919,49
450,24,2278,49
451,24,12895,44
452,24,7515,49
453,24,111837,51
454,24,9973,43
455,24,333630,40
456,24,50292,39
457,24,47591,39
458,24,2739,45
459,24,1079,49
460,24,30668,39
461,24,790564,40
462,24,1465,50
463,24,2974,50
464,24,6851,39
465,24,8433,40
466,24,64930,40
467,24,6534,43
468,24,2771,50
469,24,16877,43
470,24,34820,49
471,24,2370,50
472,24,45199,40
473,24,244244,44
474,24,17556,42
475,24,483803,39
476,24,36213,43
477,24,142112,40
478,24,18112,40
479,24,53875,40
480,24,13329,49
481,24,123063,44
482,24,27987,48
483,24,117,50
484,24,16281,43
485,24,5300,45
486,24,28849,43
487,24,957,45
488,24,53703,43
489,24,26998,46
490,24,298,50
491,24,236170,62
492,24,611251,64
493,24,3107,49
494,24,517229,74
495,24,2321965,54
496,24,18190,42
497,24,50569,68
498,24,396330,49
499,24,23926,48
500,24,6107,45
501,24,4383,47
502,24,2421,54
503,24,526984,98
504,24,13745,44
505,24,166556,48
506,24,282171,45
507,24,573,50
508,24,180323,48
509,24,16041,62
510,24,145899,39
511,24,13719,50
512,24,101354,53
513,24,417679,42
514,24,295167,73
515,24,2396,47
516,24,45696,41
517,24,175073,39
518,24,4723,47
519,24,2619,45
520,24,68626,44
521,24,1849585,41
522,24,14858,43
523,24,148524,50
524,24,129358,43
525,24,270536,62
526,24,2704,46
527,24,119767,57
528,24,14567,43
529,24,4558,44
530,24,183010,49
531,24,58130,61
532,24,15140,44
533,24,557398,47
534,24,2454,48
535,24,5830,49
536,24,177250,39
537,24,7657,45
538,24,2663,45
539,24,193040,45
540,24,19341,45
541,24,833341,68
542,24,15382,43
543,24,30429,43
544,24,4217,48
545,24,9973,50
546,24,127108,45
547,24,4641,44
548,24,12859,53
549,24,695,45
550,24,30188,61
551,24,19397,45
552,24,12808,40
553,24,26649,49
554,24,202002,43
555,24,4297,48
556,24,150640,40
557,24,19113,48
558,24,45216,39
559,24,24661,45
560,24,66734,62
561,24,156516,39
562,24,2293,55
563,24,7748,51
564,24,8378,43
565,24,7714,50
566,24,166284,53
567,24,17649,43
568,24,88873,44
569,24,5278,53
570,24,19921,52
571,24,301847,63
572,24,21522,43
573,24,926855,48
574,24,6693,40
575,24,1924,40
576,24,2672,48
577,24,13968,50
578,24,140740,58
579,24,12258,41
580,24,456170,44
581,24,22781,42
582,24,24063,45
583,24,67506,39
584,24,15490,48
585,24,302205,57
586,24,4520,44
587,24,36601,56
588,24,7134,48
589,24,88889,67
590,24,16882,49
591,24,24871,42
592,24,14046,43
593,24,368510,49
594,24,1061772,43
595,24,2609,54
596,24,13875,59
597,24,20632,45
598,24,29221,40
599,24,36479,40
600,24,3796,50
601,24,291,50
602,24,6809,44
603,24,19714,44
604,24,9753,45
605,24,3995,44
606,24,9215,44
607,24,1883,49
608,24,212167,45
609,24,163600,45
610,24,25427,45
611,24,19795,57
612,24,2396,53
613,24,6464,45
614,24,438,45
615,24,4346,40
616,24,1970,40
617,24,76967,56
618,24,55492,51
619,24,19407,45
620,24,5817,55
621,24,50909,59
622,24,2271,50
623,24,8048,50
624,24,25845,40
625,24,41629,64
626,24,528,45
627,24,8511,40
628,24,11432,44
629,24,4902,55
630,24,167915,40
631,24,4341,54
632,24,817,48
633,24,7719,60
634,24,292,49
635,24,24518,48
636,24,18039,68
637,24,24941,39
638,24,1603,45
639,24,5579,45
640,24,8221,40
641,24,63478,40
642,24,2740,50
643,24,18037,40
644,24,3002,44
645,24,14150,45
646,24,3662,45
647,24,2629,45
648,24,160885,45
649,24,4827,40
650,24,59717,45
651,24,2383,50
652,24,10886,49
653,24,10609,45
654,24,3665,50
655,24,3018,55
656,24,24191,45
657,24,7665,40
658,24,5938,40
659,24,1691,45
660,24,12612,40
661,24,1333,45
662,24,4744,40
663,24,3898,40
664,24,101750,39
665,24,21306,45
666,24,3723,40
667,24,942,45
668,24,136542,39
669,24,1670,40
670,24,3408,40
671,24,1481,45
672,24,3646,40
673,24,544,45
674,24,1001,45
675,24,2048,40
676,24,35797,45
677,24,3365,40
678,24,990,45
679,24,950,45
680,24,3429,40
681,24,1915,40
682,24,1912,45
683,24,761,45
684,24,2835,40
685,24,1798,40
686,24,2004,40
687,24,1161,45
688,24,407,45
689,24,541,45
690,24,2241,40
691,24,1190,40
692,24,1055,40
693,24,428,45
694,24,420,45
695,24,322,45
696,24,661,45
697,24,7344,40
698,24,15523,45
699,24,834,40
700,24,1992,40
701,24,638,45
702,24,1714,40
703,24,802,40
704,24,512,40
705,24,1731,40
706,24,2288,40
707,24,9136,45
708,24,879,40
709,24,3954,45
710,24,253,45
711,24,1031,40
712,24,728,40
713,24,460,40
714,24,802,55
715,24,2809,40
716,24,31235,45
717,24,423,45
718,24,553,40
719,24,397,40
720,24,3578,40
721,24,1375,40
722,24,2876,45
723,24,253,45
724,24,8342,45
725,24,6170,55
726,24,820,40
727,24,430,40
728,24,254,45
729,24,408,45
730,24,18184,50
731,24,1085,45
732,24,9333,50
733,24,883,45
734,24,404,50
735,24,11576,15
736,24,15577,15
737,24,30245,8
738,24,47120,11
739,24,1843,11
740,24,8147,15
741,24,911,8
742,24,416252,5
743,24,2696,5
744,24,577721,15
745,24,21830,8
746,24,6084,15
747,24,11058,11
748,24,783,5
749,24,3437,11
750,24,3988,5
751,24,1234,8
752,24,13071,8
753,24,1461,11
754,24,2692,5
755,24,311863,70
756,24,382,40
757,24,91,45
758,24,0,45
759,24,0,40
760,24,0,40
761,24,0,40
773,24,0,45
1,25,1119,54
2,25,137193,66
3,25,3217183,63
4,25,797818,78
5,25,2904,40
6,25,496539,56
7,25,25307,47
8,25,19154,48
9,25,286935,66
10,25,5696,50
11,25,51286,59
12,25,146693,45
13,25,569735,82
14,25,137036,44
15,25,2919489,55
16,25,306370,62
17,25,997390,102
18,25,2468509,62
19,25,979437,52
20,25,88701,49
21,25,5037,43
22,25,3715,48
23,25,361714,68
24,25,235200,61
25,25,98608,48
26,25,44636,42
27,25,159645,50
28,25,103068,62
29,25,26736,52
30,25,1991,49
31,25,7833,51
32,25,113833,44
33,25,21134,45
34,25,1656,65
35,25,35893,45
36,25,1007496,46
37,25,193,50
38,25,221639,57
39,25,72028,40
40,25,66181,39
41,25,2264,54
42,25,6070,50
43,25,920,40
44,25,687187,44
45,25,142533,45
46,25,80,40
47,25,1457796,50
48,25,77004,52
49,25,16828,44
50,25,78593,39
51,25,14561,45
52,25,80279,42
53,25,72648,54
54,25,3395859,56
55,25,72,40
56,25,5700,40
57,25,155142,55
58,25,2328044,89
59,25,14980,43
60,25,10371,49
61,25,10975,45
62,25,4827,49
63,25,19158,49
64,25,17858,50
65,25,8867,54
66,25,589,50
67,25,5271,45
68,25,68010,39
69,25,132202,45
70,25,1567601,50
71,25,2814361,59
72,25,2874,44
73,25,85351,41
74,25,290310,51
75,25,2244,40
76,25,4376,48
77,25,2937,47
78,25,935238,57
79,25,31088,46
80,25,12481,48
81,25,14370,44
82,25,525461,74
83,25,21081,54
84,25,16104,44
85,25,75134,44
86,25,19330,44
87,25,9064,44
88,25,244329,45
89,25,160560,50
90,25,456,48
91,25,961917,44
92,25,3113,43
93,25,1280,43
94,25,24632,49
95,25,7063,53
96,25,42008,39
97,25,6724,44
98,25,11460,50
99,25,3951274,79
100,25,35822,42
101,25,24068,48
102,25,1472,49
103,25,1617,45
104,25,32746,44
105,25,10729,43
106,25,68840,51
107,25,2428,59
108,25,128476,73
109,25,484708,39
110,25,1324031,63
111,25,302814,44
112,25,1219,45
113,25,34067,51
114,25,220,45
115,25,16492,50
116,25,246517,40
117,25,65457,47
118,25,2759,45
119,25,1152,49
120,25,333289,42
121,25,10835,54
122,25,96663,49
123,25,35284,55
124,25,3830,50
125,25,2552,65
126,25,5353,49
127,25,380,50
128,25,8505,43
129,25,1292217,55
130,25,60,45
131,25,34867,44
132,25,2077,65
133,25,1278,45
134,25,4209,50
135,25,42229,50
136,25,560311,63
137,25,58139,44
138,25,22630,45
139,25,6185,40
140,25,6609,44
141,25,1080,49
142,25,92901,41
143,25,478,55
144,25,90410,45
145,25,187299,44
146,25,287615,45
147,25,7379,43
148,25,627739,55
149,25,6097,47
150,25,299,45
151,25,12212,45
152,25,307786,45
153,25,9289,42
154,25,29555,39
155,25,46606,39
156,25,5745,54
157,25,122952,49
158,25,12949,44
159,25,139018,44
160,25,57453,46
161,25,4953,47
162,25,339713,44
163,25,689424,51
164,25,6422,54
165,25,16683,49
166,25,12081,55
167,25,67062,42
168,25,413157,48
169,25,15037,59
170,25,3149,40
171,25,170871,49
172,25,89116,48
173,25,7428,43
174,25,50275,45
175,25,20714,63
176,25,265,45
177,25,492987,61
178,25,63634,47
179,25,20875,61
180,25,998600,78
181,25,226049,57
182,25,7146161,112
183,25,17624,44
184,25,14990,44
185,25,1031496,47
186,25,94970,67
187,25,40139,42
188,25,41161,44
189,25,28509,43
190,25,9285,45
191,25,429085,42
192,25,18974,52
193,25,5222,49
194,25,19369,44
195,25,4892,43
196,25,10858,43
197,25,244,45
198,25,23469,51
199,25,870358,67
200,25,956990,46
201,25,1408926,45
202,25,7968,42
203,25,6083,49
204,25,33779,42
205,25,11602,51
206,25,5278,48
207,25,853679,73
208,25,27436,44
209,25,64158,39
210,25,211821,48
211,25,849965,48
212,25,112,45
213,25,3112,45
214,25,6444,46
215,25,8624,43
216,25,15462,47
217,25,32309,51
218,25,203890,49
219,25,174557,48
220,25,142671,54
221,25,3434,43
222,25,65215,48
223,25,2309,49
224,25,13438,52
225,25,17115,40
226,25,60382,43
227,25,68144,39
228,25,519613,39
229,25,27743,49
230,25,141006,51
231,25,983262,44
232,25,562474,55
233,25,262113,48
234,25,2478,44
235,25,2016101,51
236,25,292537,48
237,25,1619,49
238,25,282964,46
239,25,183316,46
240,25,103129,50
241,25,56076,45
242,25,42544,39
243,25,3616,48
244,25,190690,42
245,25,25200,44
246,25,418,45
247,25,607672,57
248,25,307613,50
249,25,6309,48
250,25,16155,40
251,25,171913,55
252,25,950907,56
253,25,569,45
254,25,2998,47
255,25,2890364,51
256,25,4052,50
257,25,23189,44
258,25,37684,50
259,25,40488,52
260,25,29281,47
261,25,1558,40
262,25,1352,49
263,25,198636,39
264,25,3874,48
265,25,8660,51
266,25,7238,40
267,25,160049,44
268,25,390567,56
269,25,6558,40
270,25,511553,39
271,25,873,49
272,25,3593,54
273,25,1284,45
274,25,33859,52
275,25,234641,39
276,25,46184,45
277,25,24427,44
278,25,16174,49
279,25,419,40
280,25,74283,39
281,25,3084,48
282,25,182259,39
283,25,22485,43
284,25,144453,40
285,25,44049,44
286,25,35173,45
287,25,221784,44
288,25,39825,40
289,25,86292,48
290,25,7509,52
291,25,728235,39
292,25,19996,44
293,25,46107,44
294,25,97172,39
295,25,172293,41
296,25,13917,45
297,25,1426,45
298,25,34530,51
299,25,4818,47
300,25,19006,49
301,25,70650,40
302,25,7989,41
303,25,869,40
304,25,65433,40
305,25,197527,39
306,25,606659,54
307,25,204001,39
308,25,242368,39
309,25,660807,44
310,25,1085794,55
311,25,3698433,74
312,25,3626,45
313,25,30953,47
314,25,51910,46
315,25,1403,45
316,25,258270,70
317,25,293792,72
318,25,1707,45
319,25,25721,52
320,25,14601,46
321,25,2595891,76
322,25,48831,47
323,25,96352,50
324,25,28908,53
325,25,130438,40
326,25,879199,52
327,25,2025795,75
328,25,8119622,137
329,25,234324,62
330,25,5759,44
331,25,11294,44
332,25,7015,40
333,25,138080,39
334,25,5286,40
335,25,503559,59
336,25,335832,63
337,25,23765,46
338,25,304146,41
339,25,2637459,64
340,25,290679,53
341,25,95114,53
342,25,314490,62
343,25,6024,47
344,25,21452,39
345,25,450428,93
346,25,143123,62
347,25,525344,53
348,25,881889,93
349,25,23795,64
350,25,2078852,59
351,25,3124306,147
352,25,9906,70
353,25,22480,53
354,25,137202,54
355,25,500826,44
356,25,12602,49
357,25,10935,46
358,25,66763,52
359,25,6242,48
360,25,87537,62
361,25,244799,54
362,25,125472,53
363,25,310882,51
364,25,2264139,56
365,25,21215,57
366,25,938071,83
367,25,15387,43
368,25,46793,47
369,25,619774,50
370,25,19366,52
371,25,9377,44
372,25,523749,59
373,25,3584,45
374,25,28515,39
375,25,107920,69
376,25,7623,43
377,25,70282,49
378,25,212718,52
379,25,2065,44
380,25,348699,44
381,25,15378,49
382,25,11063,63
383,25,687696,50
384,25,775,50
385,25,484099,66
386,25,117894,62
387,25,17085,49
388,25,470517,44
389,25,170413,65
390,25,68655,40
391,25,36479,54
392,25,108290,59
393,25,8798,44
394,25,242290,61
395,25,771896,44
396,25,349462,43
397,25,2658,48
398,25,1810908,76
399,25,2651951,51
400,25,7496,44
401,25,6545625,95
402,25,479719,51
403,25,136288,60
404,25,11379,42
405,25,9684,43
406,25,7243,44
407,25,576,45
408,25,15882,40
409,25,195940,45
410,25,43424,45
411,25,1470,50
412,25,10852,43
413,25,355352,49
414,25,31258,39
415,25,173852,54
416,25,33890,40
417,25,52322,55
418,25,375975,56
419,25,14075,45
420,25,15997,47
421,25,6297,69
422,25,3307710,54
423,25,33446,50
424,25,37089,55
425,25,13436,42
426,25,1945,45
427,25,17837,41
428,25,9527,44
429,25,2637,47
430,25,26315,49
431,25,4194,48
432,25,731710,53
433,25,564865,65
434,25,110473,52
435,25,1443,45
436,25,412407,47
437,25,255352,44
438,25,1871,45
439,25,80,50
440,25,5094,42
441,25,89,40
442,25,121994,43
443,25,2015280,50
444,25,6082,42
445,25,1045130,39
446,25,97214,45
447,25,4987252,71
448,25,2241,45
449,25,15452,49
450,25,2466,49
451,25,11995,44
452,25,7855,49
453,25,93019,51
454,25,9682,43
455,25,347087,40
456,25,49734,39
457,25,51135,39
458,25,2700,45
459,25,1069,49
460,25,29507,39
461,25,746761,40
462,25,1424,50
463,25,2966,50
464,25,6747,39
465,25,8335,40
466,25,63478,40
467,25,6410,43
468,25,2752,50
469,25,15929,43
470,25,41216,49
471,25,2389,50
472,25,43811,40
473,25,235067,44
474,25,17331,42
475,25,476749,39
476,25,34616,43
477,25,137033,40
478,25,17918,40
479,25,53594,40
480,25,13588,49
481,25,118178,44
482,25,28022,48
483,25,117,50
484,25,17399,43
485,25,5242,45
486,25,23802,43
487,25,947,45
488,25,50684,43
489,25,26428,46
490,25,297,50
491,25,207754,62
492,25,530223,63
493,25,3091,49
494,25,442983,74
495,25,2258306,54
496,25,18107,42
497,25,46727,68
498,25,389055,49
499,25,23859,48
500,25,43295,44
501,25,4347,47
502,25,2411,54
503,25,521468,98
504,25,17252,44
505,25,161480,48
506,25,283767,45
507,25,570,50
508,25,178057,48
509,25,15765,62
510,25,154921,39
511,25,13306,50
512,25,99328,53
513,25,423146,42
514,25,335262,73
515,25,2325,47
516,25,47696,41
517,25,180680,39
518,25,4567,47
519,25,2575,45
520,25,70769,44
521,25,1827654,41
522,25,14888,43
523,25,148659,50
524,25,128635,43
525,25,267187,62
526,25,2725,46
527,25,113592,57
528,25,14585,43
529,25,4535,44
530,25,174540,49
531,25,57945,61
532,25,15017,44
533,25,541598,47
534,25,2457,48
535,25,6915,49
536,25,180071,39
537,25,7549,45
538,25,2636,45
539,25,180098,45
540,25,18560,45
541,25,843311,68
542,25,15265,43
543,25,33520,43
544,25,4178,48
545,25,9888,50
546,25,125096,45
547,25,4524,44
548,25,12287,53
549,25,691,45
550,25,28937,61
551,25,19143,45
552,25,12671,40
553,25,24901,49
554,25,206411,43
555,25,4255,48
556,25,149467,40
557,25,17867,48
558,25,73758,38
559,25,25396,45
560,25,68457,62
561,25,155872,39
562,25,2275,55
563,25,7713,51
564,25,8298,43
565,25,7893,50
566,25,136495,52
567,25,18263,43
568,25,87576,44
569,25,5041,53
570,25,19748,51
571,25,263490,63
572,25,22502,43
573,25,927598,48
574,25,6645,40
575,25,1912,40
576,25,2722,47
577,25,10194,50
578,25,144745,58
579,25,12590,41
580,25,528080,44
581,25,36001,42
582,25,24054,45
583,25,68046,39
584,25,15104,48
585,25,219919,56
586,25,4571,44
587,25,35412,55
588,25,7086,48
589,25,88003,67
590,25,17303,49
591,25,24142,42
592,25,13896,43
593,25,363511,49
594,25,1024979,43
595,25,2623,54
596,25,14907,59
597,25,39480,45
598,25,32546,40
599,25,36119,40
600,25,3535,50
601,25,288,50
602,25,6314,44
603,25,18270,44
604,25,9641,45
605,25,4225,44
606,25,8725,44
607,25,1889,49
608,25,198974,45
609,25,152952,45
610,25,25576,45
611,25,18974,57
612,25,2382,53
613,25,6265,45
614,25,434,45
615,25,4999,39
616,25,1955,40
617,25,68305,56
618,25,51798,51
619,25,18451,45
620,25,6028,55
621,25,48630,59
622,25,2375,50
623,25,5239,50
624,25,25853,40
625,25,41338,63
626,25,524,45
627,25,8613,40
628,25,10994,44
629,25,4851,55
630,25,162036,40
631,25,4308,54
632,25,833,48
633,25,8151,60
634,25,299,49
635,25,22940,48
636,25,17937,68
637,25,24991,39
638,25,1633,45
639,25,5822,45
640,25,7817,40
641,25,62003,40
642,25,2808,50
643,25,18046,40
644,25,3147,44
645,25,13297,45
646,25,3415,45
647,25,2631,45
648,25,149733,45
649,25,4609,40
650,25,87304,45
651,25,1934,50
652,25,10877,49
653,25,11788,45
654,25,3784,50
655,25,3065,54
656,25,23835,45
657,25,7166,40
658,25,6453,40
659,25,1727,45
660,25,11762,40
661,25,1265,45
662,25,5261,40
663,25,3733,40
664,25,102044,39
665,25,22600,45
666,25,3853,40
667,25,964,45
668,25,134302,39
669,25,1740,40
670,25,3574,40
671,25,1395,45
672,25,3790,40
673,25,614,45
674,25,1060,45
675,25,1933,40
676,25,35960,45
677,25,3791,40
678,25,1010,45
679,25,984,45
680,25,3921,40
681,25,1720,40
682,25,1938,45
683,25,777,45
684,25,3022,40
685,25,1981,40
686,25,2209,40
687,25,1186,45
688,25,435,45
689,25,499,45
690,25,2603,40
691,25,1340,40
692,25,1205,40
693,25,364,45
694,25,498,45
695,25,354,45
696,25,719,45
697,25,7380,40
698,25,17017,45
699,25,765,40
700,25,2194,40
701,25,682,45
702,25,2102,40
703,25,1017,40
704,25,627,40
705,25,2094,40
706,25,2818,40
707,25,9598,45
708,25,798,40
709,25,3403,45
710,25,295,45
711,25,1236,40
712,25,997,40
713,25,438,40
714,25,1044,55
715,25,3239,40
716,25,32534,45
717,25,333,45
718,25,879,40
719,25,517,40
720,25,9779,40
721,25,1832,40
722,25,4426,45
723,25,325,45
724,25,10383,45
725,25,19488,55
726,25,1328,40
727,25,585,40
728,25,291,45
729,25,524,45
730,25,15158,50
731,25,9967,45
732,25,10722,50
733,25,1117,45
734,25,434,50
735,25,87592,15
736,25,18224,15
737,25,533582,8
738,25,140875,11
739,25,2537,11
740,25,11159,15
741,25,4159,8
742,25,265876,5
743,25,2177,5
744,25,890234,15
745,25,24886,8
746,25,6493,15
747,25,32789,11
748,25,1374,5
749,25,6145,11
750,25,11504,5
751,25,3136,8
752,25,24407,8
753,25,8759,11
754,25,3209,5
755,25,294222,70
756,25,705,40
757,25,736,45
758,25,86,45
759,25,226,40
760,25,231,40
761,25,195,40
762,25,34883,60
763,25,465,45
764,25,766,45
765,25,828,60
766,25,7959,45
767,25,1128,45
768,25,9880,60
769,25,337,45
770,25,260,50
771,25,62,45
772,25,300,50
773,25,20,45
774,25,0,40
775,25,0,45
776,25,0,45
777,25,0,40
778,25,0,45
779,25,0,45
1,26,1114,54
2,26,132117,65
3,26,3377693,63
4,26,727176,78
5,26,2884,40
6,26,521089,56
7,26,25161,47
8,26,19190,48
9,26,243609,66
10,26,5641,50
11,26,52107,59
12,26,476081,46
13,26,579456,82
14,26,136349,44
15,26,3007491,55
16,26,312807,62
17,26,986209,102
18,26,2533380,62
19,26,1031194,52
20,26,91557,49
21,26,5195,43
22,26,3722,48
23,26,418546,69
24,26,237250,61
25,26,98604,48
26,26,44412,42
27,26,153582,50
28,26,93909,62
29,26,26313,52
30,26,1986,49
31,26,7599,51
32,26,111208,44
33,26,20989,45
34,26,1650,65
35,26,35239,45
36,26,936933,46
37,26,191,50
38,26,207569,57
39,26,70624,40
40,26,66448,39
41,26,2255,54
42,26,4837,50
43,26,912,40
44,26,626579,44
45,26,140829,45
46,26,80,40
47,26,1392369,50
48,26,75770,52
49,26,17956,44
50,26,75531,39
51,26,14497,45
52,26,78692,42
53,26,56623,54
54,26,3035794,57
55,26,73,40
56,26,5667,40
57,26,151881,55
58,26,2352143,89
59,26,14625,43
60,26,10409,49
61,26,10894,45
62,26,4782,49
63,26,27311,49
64,26,17777,50
65,26,8324,54
66,26,588,50
67,26,5236,45
68,26,65174,39
69,26,133256,45
70,26,1707165,50
71,26,3332438,60
72,26,2863,44
73,26,84939,41
74,26,637380,51
75,26,2228,40
76,26,4291,48
77,26,3033,47
78,26,1045728,57
79,26,30693,46
80,26,12611,48
81,26,14098,44
82,26,509490,73
83,26,27312,54
84,26,15309,44
85,26,80148,44
86,26,21591,44
87,26,9039,44
88,26,310201,45
89,26,161667,50
90,26,457,48
91,26,1046797,44
92,26,3041,43
93,26,1278,43
94,26,24055,49
95,26,7326,53
96,26,41378,39
97,26,6751,44
98,26,11256,50
99,26,4240132,79
100,26,36168,42
101,26,23637,48
102,26,1470,49
103,26,1603,45
104,26,33517,44
105,26,9868,43
106,26,164099,51
107,26,2406,59
108,26,128232,73
109,26,480963,39
110,26,1511296,63
111,26,294435,44
112,26,1213,45
113,26,34138,51
114,26,219,45
115,26,16981,50
116,26,244541,40
117,26,62328,47
118,26,2725,45
119,26,1147,49
120,26,319900,42
121,26,9161,54
122,26,88852,49
123,26,35445,55
124,26,3823,50
125,26,2549,65
126,26,5378,49
127,26,379,50
128,26,8319,43
129,26,1238583,54
130,26,60,45
131,26,46049,44
132,26,2158,65
133,26,1269,45
134,26,4192,50
135,26,125541,50
136,26,985670,64
137,26,55942,44
138,26,22392,45
139,26,6151,40
140,26,6343,44
141,26,1076,49
142,26,90468,41
143,26,478,55
144,26,107008,45
145,26,197711,44
146,26,323591,45
147,26,9244,43
148,26,748371,55
149,26,6063,47
150,26,294,45
151,26,12136,45
152,26,332231,46
153,26,9208,42
154,26,29539,39
155,26,46361,39
156,26,5691,54
157,26,119734,49
158,26,12414,44
159,26,135225,44
160,26,58249,46
161,26,4831,47
162,26,331538,44
163,26,676397,51
164,26,6401,54
165,26,16823,49
166,26,12326,55
167,26,58296,42
168,26,387369,47
169,26,15000,59
170,26,3120,40
171,26,168535,49
172,26,85898,48
173,26,7698,43
174,26,48866,45
175,26,20678,63
176,26,265,45
177,26,416566,61
178,26,60111,47
179,26,20789,61
180,26,837699,77
181,26,231839,57
182,26,6884931,111
183,26,17537,44
184,26,14511,44
185,26,939102,46
186,26,95198,67
187,26,38694,42
188,26,40298,44
189,26,28309,43
190,26,9210,45
191,26,432144,42
192,26,19203,52
193,26,5142,49
194,26,19111,44
195,26,4881,43
196,26,10880,43
197,26,243,45
198,26,23627,51
199,26,856956,67
200,26,984044,46
201,26,1417458,45
202,26,7700,42
203,26,6042,49
204,26,33200,42
205,26,11624,51
206,26,5304,48
207,26,1047819,73
208,26,27088,44
209,26,63929,39
210,26,209117,48
211,26,881321,48
212,26,109,45
213,26,3093,45
214,26,6063,46
215,26,8507,43
216,26,15523,47
217,26,32080,51
218,26,431900,49
219,26,184928,48
220,26,134487,54
221,26,3373,43
222,26,57655,48
223,26,2327,49
224,26,13570,52
225,26,16931,40
226,26,67810,43
227,26,67602,39
228,26,513789,39
229,26,27582,49
230,26,137848,51
231,26,994320,44
232,26,330899,55
233,26,254799,48
234,26,2343,44
235,26,2070501,51
236,26,359778,48
237,26,1620,49
238,26,272201,46
239,26,189983,46
240,26,101790,49
241,26,65485,45
242,26,42466,39
243,26,3599,48
244,26,191649,42
245,26,25111,44
246,26,418,45
247,26,609783,57
248,26,310821,50
249,26,5991,48
250,26,16027,40
251,26,170282,55
252,26,978037,56
253,26,566,45
254,26,3011,47
255,26,2946524,51
256,26,4039,50
257,26,22930,44
258,26,37771,50
259,26,33615,52
260,26,28115,47
261,26,1546,40
262,26,1316,49
263,26,194892,39
264,26,3679,48
265,26,8505,51
266,26,6799,40
267,26,149156,44
268,26,413328,56
269,26,6525,40
270,26,511816,39
271,26,869,49
272,26,3530,54
273,26,1274,45
274,26,32344,52
275,26,233081,39
276,26,45623,45
277,26,24058,44
278,26,15121,49
279,26,418,40
280,26,73626,39
281,26,3059,48
282,26,172938,39
283,26,20915,43
284,26,143293,40
285,26,43205,44
286,26,34783,45
287,26,202114,44
288,26,39317,40
289,26,82291,48
290,26,7751,52
291,26,727344,39
292,26,19684,44
293,26,45323,44
294,26,96239,39
295,26,158757,41
296,26,13974,44
297,26,1417,45
298,26,33912,50
299,26,4732,47
300,26,19138,49
301,26,69980,40
302,26,7860,41
303,26,864,40
304,26,63215,40
305,26,195142,39
306,26,602219,54
307,26,207320,39
308,26,242766,39
309,26,649760,44
310,26,1044649,55
311,26,3701331,74
312,26,3612,45
313,26,29361,47
314,26,51233,45
315,26,1403,45
316,26,231636,70
317,26,297346,72
318,26,1700,45
319,26,25405,52
320,26,14563,46
321,26,1532019,76
322,26,47553,47
323,26,92377,50
324,26,28867,53
325,26,130118,40
326,26,835511,52
327,26,1892757,75
328,26,8151598,137
329,26,217380,62
330,26,5841,44
331,26,10955,44
332,26,6982,40
333,26,138064,39
334,26,5260,40
335,26,487586,59
336,26,282322,63
337,26,22834,46
338,26,284989,41
339,26,2541564,64
340,26,275090,53
341,26,95719,53
342,26,305947,62
343,26,5900,47
344,26,21634,39
345,26,437673,93
346,26,142925,62
347,26,534041,53
348,26,813299,93
349,26,23450,64
350,26,2095408,59
351,26,3075923,147
352,26,9894,70
353,26,22438,53
354,26,136090,54
355,26,492878,44
356,26,12163,49
357,26,11876,46
358,26,65659,52
359,26,6248,48
360,26,87342,62
361,26,246450,54
362,26,127094,53
363,26,306739,51
364,26,1170745,55
365,26,20911,57
366,26,925378,83
367,26,14300,43
368,26,46839,47
369,26,617969,50
370,26,19530,52
371,26,9296,44
372,26,534909,59
373,26,3556,45
374,26,28505,39
375,26,110199,69
376,26,7705,43
377,26,73630,49
378,26,208341,52
379,26,1955,44
380,26,319490,44
381,26,15335,49
382,26,11042,63
383,26,682439,50
384,26,770,50
385,26,505785,66
386,26,113725,62
387,26,17044,49
388,26,455878,44
389,26,174878,65
390,26,66631,40
391,26,35606,54
392,26,107668,59
393,26,7229,44
394,26,234741,61
395,26,756555,44
396,26,340080,43
397,26,2598,48
398,26,1702497,75
399,26,2551735,50
400,26,7301,44
401,26,6559903,95
402,26,457766,51
403,26,127081,60
404,26,10979,42
405,26,9697,43
406,26,7280,44
407,26,575,45
408,26,15769,40
409,26,192485,45
410,26,42787,45
411,26,1513,50
412,26,10842,43
413,26,353938,49
414,26,31210,39
415,26,170131,54
416,26,33815,40
417,26,55134,55
418,26,376078,56
419,26,13980,45
420,26,15870,47
421,26,7478,69
422,26,3242729,54
423,26,32605,50
424,26,34263,55
425,26,13433,42
426,26,1933,45
427,26,17182,41
428,26,9527,44
429,26,2848,47
430,26,25195,49
431,26,4152,48
432,26,720356,53
433,26,587310,65
434,26,111381,52
435,26,1432,45
436,26,399953,47
437,26,251804,44
438,26,1865,45
439,26,80,50
440,26,4993,42
441,26,89,40
442,26,132393,43
443,26,1994204,50
444,26,6102,42
445,26,1040270,39
446,26,95818,45
447,26,5099736,71
448,26,2237,45
449,26,15143,48
450,26,11903,49
451,26,11369,44
452,26,7742,49
453,26,81440,51
454,26,9553,43
455,26,355845,40
456,26,49290,39
457,26,52302,39
458,26,2684,45
459,26,1064,49
460,26,28781,39
461,26,701492,40
462,26,1774,50
463,26,2894,50
464,26,6722,39
465,26,8278,40
466,26,62627,40
467,26,6398,43
468,26,2737,50
469,26,15734,43
470,26,41967,49
471,26,2406,50
472,26,43070,40
473,26,222420,44
474,26,17423,42
475,26,472130,39
476,26,34225,43
477,26,135972,40
478,26,17795,40
479,26,53151,40
480,26,13512,49
481,26,121681,44
482,26,28139,48
483,26,117,50
484,26,20362,43
485,26,5204,45
486,26,22011,43
487,26,944,45
488,26,48964,43
489,26,25502,46
490,26,296,50
491,26,204305,62
492,26,528698,63
493,26,3082,49
494,26,531425,74
495,26,2343577,54
496,26,18153,42
497,26,42407,68
498,26,385432,49
499,26,23706,48
500,26,52984,44
501,26,4329,47
502,26,2408,54
503,26,523822,97
504,26,53715,44
505,26,163305,48
506,26,276611,45
507,26,571,50
508,26,197168,48
509,26,15671,62
510,26,156442,39
511,26,13514,50
512,26,98296,53
513,26,425503,42
514,26,336469,73
515,26,2282,47
516,26,47350,41
517,26,179523,39
518,26,4511,47
519,26,2563,45
520,26,70905,44
521,26,1804979,41
522,26,14976,43
523,26,145861,49
524,26,128024,43
525,26,262832,62
526,26,2730,46
527,26,112067,57
528,26,14730,43
529,26,4515,44
530,26,167084,49
531,26,57738,61
532,26,14950,44
533,26,554430,47
534,26,2543,48
535,26,8097,49
536,26,180829,39
537,26,7482,45
538,26,2614,45
539,26,168587,45
540,26,18118,45
541,26,1233947,68
542,26,15256,43
543,26,35595,43
544,26,4194,47
545,26,9852,50
546,26,123456,45
547,26,4445,44
548,26,12444,53
549,26,690,45
550,26,27633,61
551,26,19007,45
552,26,12577,40
553,26,24917,49
554,26,212175,43
555,26,4249,48
556,26,148729,40
557,26,17059,48
558,26,81230,38
559,26,27121,45
560,26,69201,62
561,26,155945,39
562,26,2270,55
563,26,7558,51
564,26,8327,43
565,26,8145,50
566,26,120894,52
567,26,18602,43
568,26,82448,44
569,26,4969,53
570,26,19597,51
571,26,271996,62
572,26,22608,43
573,26,899967,48
574,26,6619,40
575,26,1900,40
576,26,2736,47
577,26,9589,50
578,26,145416,58
579,26,13292,41
580,26,549402,45
581,26,44307,42
582,26,25024,45
583,26,69971,39
584,26,14929,48
585,26,192745,56
586,26,4628,44
587,26,34846,55
588,26,7057,48
589,26,87619,67
590,26,17187,49
591,26,24378,42
592,26,13816,43
593,26,363103,49
594,26,1016917,43
595,26,2723,54
596,26,15095,59
597,26,42536,45
598,26,32024,40
599,26,35841,40
600,26,3571,50
601,26,285,50
602,26,6027,44
603,26,17405,44
604,26,9564,45
605,26,4252,44
606,26,8429,44
607,26,1911,49
608,26,189198,45
609,26,143238,45
610,26,25005,45
611,26,18612,57
612,26,2539,53
613,26,5884,45
614,26,434,45
615,26,5397,39
616,26,1950,40
617,26,63784,56
618,26,55253,51
619,26,17753,45
620,26,6239,55
621,26,47469,59
622,26,2467,50
623,26,4767,50
624,26,25865,40
625,26,42074,63
626,26,523,45
627,26,8662,40
628,26,10755,44
629,26,5111,55
630,26,160394,40
631,26,4315,54
632,26,816,48
633,26,76002,60
634,26,301,49
635,26,23081,48
636,26,17821,68
637,26,25193,39
638,26,1659,45
639,26,5925,45
640,26,7556,40
641,26,61699,40
642,26,2977,50
643,26,17995,40
644,26,3248,44
645,26,12779,45
646,26,3260,45
647,26,2636,45
648,26,142682,45
649,26,4488,40
650,26,87744,45
651,26,1850,50
652,26,10520,49
653,26,11832,45
654,26,3719,50
655,26,3140,54
656,26,23567,45
657,26,6808,40
658,26,6592,40
659,26,1746,45
660,26,11629,40
661,26,1226,45
662,26,5508,40
663,26,3648,40
664,26,101626,39
665,26,22144,45
666,26,3915,40
667,26,1003,45
668,26,132530,39
669,26,1778,40
670,26,3716,40
671,26,1305,45
672,26,3803,40
673,26,616,45
674,26,1076,45
675,26,1868,40
676,26,35154,45
677,26,4043,40
678,26,1043,45
679,26,996,45
680,26,4113,40
681,26,1614,40
682,26,2021,45
683,26,827,45
684,26,3108,40
685,26,2103,40
686,26,2355,40
687,26,1206,45
688,26,452,45
689,26,477,45
690,26,2607,40
691,26,1422,40
692,26,1272,40
693,26,331,45
694,26,489,45
695,26,390,45
696,26,831,45
697,26,7318,40
698,26,16665,45
699,26,739,40
700,26,2331,40
701,26,739,45
702,26,2248,40
703,26,1079,40
704,26,662,40
705,26,2295,40
706,26,3057,40
707,26,9342,45
708,26,739,40
709,26,2885,45
710,26,309,45
711,26,1371,40
712,26,1152,40
713,26,687,39
714,26,1404,55
715,26,3275,40
716,26,26785,45
717,26,296,45
718,26,958,40
719,26,578,40
720,26,10152,40
721,26,1971,40
722,26,4937,45
723,26,375,45
724,26,10841,45
725,26,15650,55
726,26,1739,40
727,26,673,40
728,26,303,45
729,26,583,45
730,26,13336,49
731,26,9079,45
732,26,16391,50
733,26,1131,45
734,26,435,49
735,26,246495,15
736,26,27200,15
737,26,428861,8
738,26,206740,11
739,26,75888,11
740,26,18528,15
741,26,126852,8
742,26,350151,5
743,26,29097,5
744,26,720016,15
745,26,30270,8
746,26,13373,15
747,26,33477,11
748,26,2923,5
749,26,21669,11
750,26,11541,5
751,26,16121,8
752,26,60155,8
753,26,28918,11
754,26,21090,5
755,26,831039,71
756,26,760,40
757,26,983,45
758,26,146,45
759,26,286,40
760,26,372,40
761,26,316,40
762,26,29103,60
763,26,918,45
764,26,2924,45
765,26,3430,60
766,26,15187,45
767,26,6061,45
768,26,30136,60
769,26,541,45
770,26,598,50
771,26,124,45
772,26,644,50
773,26,53,45
774,26,156,40
775,26,39,45
776,26,4753,45
777,26,87,40
778,26,39,45
779,26,117,45
780,26,0,45
781,26,0,45
782,26,0,40
783,26,0,40
1,27,1112,54
2,27,129167,65
3,27,3310123,63
4,27,704116,78
5,27,2873,40
6,27,498871,56
7,27,24986,47
8,27,19090,48
9,27,226470,66
10,27,5618,50
11,27,51813,59
12,27,475173,46
13,27,551948,82
14,27,136591,44
15,27,2966502,55
16,27,305086,62
17,27,978459,102
18,27,2500399,62
19,27,978852,52
20,27,90383,49
21,27,5235,43
22,27,3723,48
23,27,363213,69
24,27,238356,61
25,27,98604,48
26,27,44047,42
27,27,149449,49
28,27,90675,62
29,27,26077,52
30,27,1983,49
31,27,7473,51
32,27,112668,44
33,27,20866,45
34,27,1648,65
35,27,34771,45
36,27,872960,46
37,27,190,50
38,27,200533,57
39,27,69169,40
40,27,66099,39
41,27,2249,54
42,27,4019,50
43,27,908,40
44,27,614751,44
45,27,141343,45
46,27,80,40
47,27,1388967,50
48,27,75451,52
49,27,16030,44
50,27,72851,39
51,27,14598,45
52,27,77217,42
53,27,49799,54
54,27,2321526,56
55,27,71,40
56,27,5615,40
57,27,153895,55
58,27,2268247,89
59,27,14355,43
60,27,9633,49
61,27,10835,45
62,27,4507,49
63,27,26982,49
64,27,17683,50
65,27,7973,54
66,27,588,50
67,27,5212,45
68,27,65949,39
69,27,131750,45
70,27,1675151,50
71,27,3324237,60
72,27,2858,44
73,27,84446,41
74,27,635321,52
75,27,2208,40
76,27,4245,48
77,27,3093,47
78,27,1013257,57
79,27,30404,46
80,27,12715,48
81,27,13887,44
82,27,499528,73
83,27,27753,54
84,27,14806,44
85,27,63350,44
86,27,23598,44
87,27,9029,44
88,27,352509,45
89,27,214357,51
90,27,458,48
91,27,1120732,44
92,27,2983,43
93,27,1287,43
94,27,23506,49
95,27,6870,53
96,27,40737,39
97,27,6836,44
98,27,11277,50
99,27,4567774,80
100,27,35918,42
101,27,21253,48
102,27,1467,49
103,27,1598,45
104,27,34778,44
105,27,9195,43
106,27,165224,51
107,27,2409,59
108,27,128023,73
109,27,478942,39
110,27,1568765,64
111,27,287252,44
112,27,1210,45
113,27,33782,51
114,27,218,45
115,27,17092,50
116,27,242502,40
117,27,59524,46
118,27,2711,45
119,27,1144,49
120,27,302953,42
121,27,8304,54
122,27,90518,49
123,27,36370,55
124,27,3814,50
125,27,2544,65
126,27,6176,49
127,27,379,50
128,27,8234,43
129,27,1291210,54
130,27,60,45
131,27,47766,44
132,27,2572,65
133,27,1261,45
134,27,4194,50
135,27,168354,50
136,27,1154865,64
137,27,54312,44
138,27,22232,45
139,27,6119,40
140,27,6114,44
141,27,1073,49
142,27,88462,41
143,27,477,55
144,27,112947,45
145,27,181185,44
146,27,332246,45
147,27,12044,43
148,27,665540,55
149,27,6038,47
150,27,292,45
151,27,12043,45
152,27,333126,46
153,27,9139,42
154,27,29438,39
155,27,45979,39
156,27,5629,54
157,27,118368,49
158,27,12089,44
159,27,107844,44
160,27,58126,46
161,27,4746,47
162,27,363557,44
163,27,805833,51
164,27,6383,54
165,27,16935,49
166,27,12414,55
167,27,58431,42
168,27,463663,47
169,27,14972,59
170,27,3093,40
171,27,177451,49
172,27,111302,48
173,27,7894,43
174,27,47857,45
175,27,20657,63
176,27,265,45
177,27,387813,61
178,27,57870,47
179,27,20720,61
180,27,776413,77
181,27,276379,57
182,27,6935326,111
183,27,17454,44
184,27,14165,44
185,27,876390,46
186,27,94754,67
187,27,42612,42
188,27,38022,44
189,27,28221,43
190,27,9147,45
191,27,429886,42
192,27,18980,52
193,27,5063,49
194,27,20101,44
195,27,4861,43
196,27,10860,43
197,27,242,45
198,27,23459,51
199,27,849712,67
200,27,1001135,46
201,27,1450374,45
202,27,7568,42
203,27,6228,49
204,27,33009,42
205,27,11594,51
206,27,5459,48
207,27,1123004,74
208,27,26738,44
209,27,63506,39
210,27,210679,48
211,27,1185562,49
212,27,109,45
213,27,3070,45
214,27,5829,46
215,27,8416,43
216,27,15521,47
217,27,49909,51
218,27,592702,50
219,27,184209,48
220,27,129116,54
221,27,3310,43
222,27,49161,48
223,27,2264,49
224,27,13848,52
225,27,16788,40
226,27,74490,43
227,27,66872,39
228,27,504841,39
229,27,27453,49
230,27,135797,51
231,27,977226,44
232,27,199752,54
233,27,250110,48
234,27,2221,44
235,27,2079962,51
236,27,375100,49
237,27,1579,49
238,27,249085,45
239,27,190408,46
240,27,100834,49
241,27,66534,45
242,27,42654,39
243,27,3496,48
244,27,188475,42
245,27,24928,44
246,27,416,45
247,27,581921,57
248,27,312331,50
249,27,6004,48
250,27,15919,40
251,27,167732,55
252,27,909297,56
253,27,566,45
254,27,3020,47
255,27,2923323,51
256,27,4019,50
257,27,22709,44
258,27,37521,50
259,27,29749,52
260,27,27243,47
261,27,1533,40
262,27,1307,49
263,27,200316,38
264,27,3543,48
265,27,8400,51
266,27,6534,40
267,27,144359,43
268,27,401079,56
269,27,6492,40
270,27,504208,39
271,27,867,49
272,27,3515,54
273,27,1266,45
274,27,34637,52
275,27,228732,39
276,27,45084,45
277,27,23854,44
278,27,14926,48
279,27,415,40
280,27,73292,39
281,27,3030,48
282,27,172424,39
283,27,20113,43
284,27,141733,40
285,27,42601,44
286,27,34392,45
287,27,187369,44
288,27,38883,40
289,27,77456,48
290,27,7568,52
291,27,717164,39
292,27,19443,44
293,27,45045,44
294,27,95318,39
295,27,143653,41
296,27,13748,44
297,27,1412,45
298,27,33382,50
299,27,4657,47
300,27,19232,49
301,27,66877,40
302,27,7795,41
303,27,861,40
304,27,61270,40
305,27,191838,39
306,27,579274,54
307,27,210769,39
308,27,243523,39
309,27,638969,44
310,27,1069350,55
311,27,3775208,74
312,27,3596,45
313,27,27478,47
314,27,53932,45
315,27,1396,45
316,27,219202,70
317,27,294999,72
318,27,1690,45
319,27,25160,52
320,27,14484,46
321,27,1219181,75
322,27,46682,47
323,27,89711,50
324,27,29819,53
325,27,128476,40
326,27,840211,52
327,27,1798233,75
328,27,8202575,137
329,27,201972,62
330,27,5852,44
331,27,10703,44
332,27,6955,40
333,27,135575,39
334,27,5236,40
335,27,485209,59
336,27,315159,63
337,27,22061,46
338,27,254462,41
339,27,2531178,64
340,27,267485,53
341,27,96831,53
342,27,299717,61
343,27,5846,47
344,27,21948,39
345,27,429331,93
346,27,145323,62
347,27,535582,53
348,27,727773,93
349,27,23579,64
350,27,2078884,59
351,27,2914950,147
352,27,9881,70
353,27,22392,53
354,27,133788,54
355,27,481259,44
356,27,11684,49
357,27,11762,46
358,27,64926,52
359,27,6096,48
360,27,87149,62
361,27,247851,54
362,27,123177,53
363,27,304062,51
364,27,815112,54
365,27,20759,57
366,27,1068341,83
367,27,13613,43
368,27,46659,47
369,27,623143,50
370,27,19528,52
371,27,9175,44
372,27,540991,59
373,27,3542,45
374,27,27643,39
375,27,113243,69
376,27,7738,43
377,27,75985,49
378,27,204766,52
379,27,1895,44
380,27,300712,44
381,27,15308,49
382,27,11001,63
383,27,692450,50
384,27,769,50
385,27,669031,67
386,27,115023,62
387,27,16983,49
388,27,608818,44
389,27,178533,65
390,27,65182,40
391,27,35057,54
392,27,107214,59
393,27,6234,44
394,27,224327,61
395,27,730257,44
396,27,304018,43
397,27,2577,48
398,27,1498099,75
399,27,2506418,50
400,27,7126,44
401,27,6537075,95
402,27,445874,51
403,27,122892,60
404,27,10728,42
405,27,9702,43
406,27,7371,44
407,27,570,45
408,27,15684,40
409,27,185135,45
410,27,42217,45
411,27,1929,50
412,27,10810,43
413,27,354024,49
414,27,31541,39
415,27,164942,54
416,27,34335,39
417,27,53262,55
418,27,374291,56
419,27,13914,45
420,27,16062,47
421,27,7786,69
422,27,3107164,54
423,27,31447,50
424,27,34443,55
425,27,13383,42
426,27,1918,45
427,27,16789,41
428,27,9480,44
429,27,2893,47
430,27,24587,49
431,27,4125,48
432,27,675286,53
433,27,588194,65
434,27,116589,52
435,27,1419,45
436,27,381905,47
437,27,244114,44
438,27,1861,45
439,27,80,50
440,27,4949,42
441,27,89,40
442,27,145257,43
443,27,1951764,50
444,27,6115,42
445,27,1033058,39
446,27,94646,45
447,27,5019221,72
448,27,2232,45
449,27,15260,48
450,27,9635,49
451,27,10991,44
452,27,8214,49
453,27,74179,51
454,27,9475,43
455,27,329199,40
456,27,48919,39
457,27,52205,39
458,27,2662,45
459,27,1060,49
460,27,28164,39
461,27,667954,40
462,27,2008,50
463,27,2846,50
464,27,6761,39
465,27,8209,40
466,27,61794,40
467,27,6584,43
468,27,2731,50
469,27,15744,43
470,27,40913,49
471,27,2450,50
472,27,42623,40
473,27,210426,44
474,27,18114,42
475,27,465819,39
476,27,35572,43
477,27,134458,40
478,27,17693,40
479,27,52739,40
480,27,13688,49
481,27,123981,44
482,27,28042,48
483,27,116,50
484,27,19637,43
485,27,5179,45
486,27,20670,43
487,27,941,45
488,27,47090,43
489,27,24604,46
490,27,297,50
491,27,235008,62
492,27,519112,63
493,27,3078,49
494,27,517800,74
495,27,2258639,54
496,27,18062,42
497,27,40842,68
498,27,382819,49
499,27,22797,48
500,27,67118,44
501,27,4309,47
502,27,2406,54
503,27,542468,97
504,27,93568,44
505,27,163097,48
506,27,272626,45
507,27,571,50
508,27,196352,48
509,27,15607,62
510,27,161938,39
511,27,14042,50
512,27,97510,53
513,27,462984,42
514,27,861392,74
515,27,2263,47
516,27,44751,41
517,27,195943,39
518,27,4460,47
519,27,2542,45
520,27,70689,44
521,27,1768522,41
522,27,15040,43
523,27,143257,49
524,27,133843,43
525,27,282614,62
526,27,2718,46
527,27,108917,57
528,27,14679,43
529,27,4507,44
530,27,166192,49
531,27,58273,61
532,27,14910,44
533,27,665985,47
534,27,2623,48
535,27,12992,49
536,27,182568,39
537,27,7450,45
538,27,2598,45
539,27,159594,45
540,27,17780,45
541,27,1942940,69
542,27,15191,43
543,27,40160,43
544,27,4178,47
545,27,9825,50
546,27,122119,45
547,27,4392,44
548,27,11153,53
549,27,689,45
550,27,26946,61
551,27,18897,45
552,27,12497,40
553,27,24377,49
554,27,256659,43
555,27,4219,48
556,27,147871,40
557,27,16573,48
558,27,90266,38
559,27,35064,45
560,27,177479,62
561,27,155844,39
562,27,2265,55
563,27,7326,51
564,27,8947,43
565,27,8240,50
566,27,117950,52
567,27,23159,43
568,27,79482,44
569,27,4966,53
570,27,19474,51
571,27,263359,62
572,27,22531,43
573,27,885761,48
574,27,6591,40
575,27,1890,40
576,27,2734,47
577,27,9017,50
578,27,145094,58
579,27,14278,41
580,27,538912,45
581,27,83388,42
582,27,24968,45
583,27,69780,39
584,27,14794,48
585,27,177323,55
586,27,4647,44
587,27,34409,55
588,27,7059,48
589,27,87267,67
590,27,17118,49
591,27,26292,42
592,27,13758,43
593,27,363622,49
594,27,1006978,43
595,27,2865,54
596,27,15048,59
597,27,32581,45
598,27,32314,40
599,27,35576,40
600,27,3616,50
601,27,282,50
602,27,5834,44
603,27,16856,44
604,27,9504,45
605,27,4327,44
606,27,8219,44
607,27,1922,49
608,27,182909,45
609,27,136207,45
610,27,24398,45
611,27,18578,57
612,27,2593,53
613,27,5429,45
614,27,432,45
615,27,5876,39
616,27,1938,40
617,27,65942,56
618,27,62127,51
619,27,15947,45
620,27,6267,55
621,27,46831,59
622,27,2474,50
623,27,4787,50
624,27,25664,40
625,27,41757,63
626,27,521,45
627,27,8639,40
628,27,10600,44
629,27,5082,55
630,27,157833,40
631,27,4388,54
632,27,805,48
633,27,65246,60
634,27,303,49
635,27,22365,48
636,27,17736,68
637,27,25355,39
638,27,1709,45
639,27,5958,45
640,27,7403,40
641,27,61198,40
642,27,3250,50
643,27,17943,40
644,27,3299,44
645,27,12294,45
646,27,3181,45
647,27,2621,45
648,27,137112,45
649,27,4395,40
650,27,99756,45
651,27,1765,50
652,27,13355,49
653,27,11645,45
654,27,3671,50
655,27,3242,54
656,27,23524,45
657,27,6626,40
658,27,6615,40
659,27,1765,45
660,27,11416,40
661,27,1193,45
662,27,5671,40
663,27,3577,40
664,27,100813,39
665,27,21602,45
666,27,3921,40
667,27,1007,45
668,27,130932,39
669,27,1802,40
670,27,3778,40
671,27,1251,45
672,27,3822,40
673,27,624,45
674,27,1099,45
675,27,1826,40
676,27,33886,45
677,27,12496,40
678,27,1075,45
679,27,1014,45
680,27,4259,40
681,27,1555,40
682,27,2093,45
683,27,830,45
684,27,3146,40
685,27,2207,40
686,27,2361,40
687,27,1221,45
688,27,460,45
689,27,468,45
690,27,2658,40
691,27,1426,40
692,27,1303,40
693,27,315,45
694,27,494,45
695,27,405,45
696,27,900,45
697,27,7119,40
698,27,16225,45
699,27,717,40
700,27,2409,40
701,27,743,45
702,27,2379,40
703,27,1159,40
704,27,717,40
705,27,2503,40
706,27,3295,40
707,27,8944,45
708,27,703,40
709,27,2591,45
710,27,343,45
711,27,1445,40
712,27,1280,40
713,27,1406,39
714,27,1552,55
715,27,3496,40
716,27,22619,44
717,27,266,45
718,27,1115,40
719,27,669,40
720,27,8736,40
721,27,2150,40
722,27,5066,45
723,27,408,45
724,27,10890,45
725,27,13324,55
726,27,1941,40
727,27,804,40
728,27,324,45
729,27,628,45
730,27,11533,49
731,27,8443,45
732,27,21634,50
733,27,1163,45
734,27,517,49
735,27,127815,15
736,27,18464,15
737,27,230187,8
738,27,108796,11
739,27,52093,11
740,27,125260,15
741,27,77927,8
742,27,218173,5
743,27,4587,5
744,27,347531,15
745,27,36884,8
746,27,6617,15
747,27,26797,11
748,27,1111,5
749,27,44928,11
750,27,40332,5
751,27,95892,8
752,27,52384,8
753,27,24080,11
754,27,4240,5
755,27,972383,71
756,27,865,40
757,27,1069,45
758,27,176,45
759,27,335,40
760,27,451,40
761,27,378,40
762,27,209262,60
763,27,1014,45
764,27,3275,45
765,27,3704,60
766,27,33429,45
767,27,6494,45
768,27,24100,60
769,27,702,45
770,27,2653,50
771,27,178,45
772,27,819,50
773,27,92,45
774,27,236,40
775,27,60,45
776,27,9939,45
777,27,153,40
778,27,54,45
779,27,195,45
780,27,766,45
781,27,660,45
782,27,55,40
783,27,43,40
784,27,0,45
1,28,1112,54
2,28,126191,65
3,28,3359159,63
4,28,687549,77
5,28,2853,40
6,28,506159,56
7,28,24973,47
8,28,19091,48
9,28,215047,65
10,28,5566,50
11,28,161328,59
12,28,499944,46
13,28,556398,82
14,28,136046,44
15,28,2964537,55
16,28,302813,62
17,28,970182,102
18,28,2522306,62
19,28,946829,51
20,28,88356,49
21,28,5324,43
22,28,3726,48
23,28,350179,68
24,28,239644,61
25,28,98715,48
26,28,43472,42
27,28,146697,49
28,28,89419,62
29,28,25790,52
30,28,1982,49
31,28,7360,51
32,28,110566,44
33,28,20737,45
34,28,1644,65
35,28,34275,45
36,28,810965,45
37,28,189,50
38,28,194909,57
39,28,67685,40
40,28,65372,39
41,28,2245,54
42,28,3868,50
43,28,901,40
44,28,594838,44
45,28,140115,45
46,28,79,40
47,28,1318850,50
48,28,75025,52
49,28,16047,44
50,28,69914,39
51,28,14747,45
52,28,76619,42
53,28,44930,54
54,28,2268995,56
55,28,69,40
56,28,5557,40
57,28,146394,55
58,28,2282801,89
59,28,14109,43
60,28,8879,49
61,28,10741,45
62,28,4267,49
63,28,22983,49
64,28,17631,50
65,28,7633,54
66,28,584,50
67,28,5190,45
68,28,67008,39
69,28,130998,45
70,28,1722062,51
71,28,3550604,61
72,28,2848,44
73,28,84190,41
74,28,576460,52
75,28,2193,40
76,28,4189,48
77,28,3162,47
78,28,955235,57
79,28,30076,46
80,28,12816,48
81,28,13634,44
82,28,495815,73
83,28,26962,54
84,28,14301,44
85,28,54119,44
86,28,24203,44
87,28,8952,44
88,28,345704,45
89,28,216128,51
90,28,468,48
91,28,1135048,44
92,28,2925,43
93,28,1288,43
94,28,22954,49
95,28,6710,53
96,28,39987,39
97,28,6822,44
98,28,11160,50
99,28,4683642,81
100,28,35655,42
101,28,19413,48
102,28,1462,49
103,28,1590,45
104,28,34507,44
105,28,8650,43
106,28,151503,51
107,28,2414,59
108,28,127743,73
109,28,477309,39
110,28,1869790,65
111,28,278979,44
112,28,1203,45
113,28,33447,51
114,28,214,45
115,28,17321,50
116,28,240055,40
117,28,57185,46
118,28,2691,45
119,28,1142,49
120,28,283779,42
121,28,7810,54
122,28,93577,49
123,28,34408,55
124,28,3802,50
125,28,2537,65
126,28,6422,49
127,28,379,50
128,28,8100,43
129,28,1531280,55
130,28,59,45
131,28,40863,44
132,28,3008,65
133,28,1252,45
134,28,4192,50
135,28,208920,50
136,28,1133200,65
137,28,52587,44
138,28,22037,45
139,28,6075,40
140,28,5923,44
141,28,1069,49
142,28,86348,41
143,28,475,55
144,28,114127,45
145,28,164495,44
146,28,342543,45
147,28,14211,43
148,28,694060,55
149,28,6046,47
150,28,291,45
151,28,11971,45
152,28,327328,46
153,28,9115,42
154,28,29396,39
155,28,45627,39
156,28,5597,53
157,28,116611,49
158,28,11755,44
159,28,91344,44
160,28,59010,46
161,28,4674,47
162,28,415748,44
163,28,954506,52
164,28,6371,54
165,28,16426,49
166,28,12475,55
167,28,56135,42
168,28,466453,47
169,28,14940,59
170,28,3069,40
171,28,174293,49
172,28,109678,48
173,28,8132,43
174,28,46874,45
175,28,20609,63
176,28,264,45
177,28,368771,60
178,28,55944,47
179,28,20647,61
180,28,735317,77
181,28,336617,57
182,28,6715374,110
183,28,17375,44
184,28,13812,44
185,28,793686,45
186,28,94720,67
187,28,51560,42
188,28,37064,44
189,28,28616,43
190,28,9065,45
191,28,427234,42
192,28,18448,52
193,28,4990,49
194,28,24310,44
195,28,4826,43
196,28,10915,43
197,28,242,45
198,28,23537,51
199,28,935321,67
200,28,1042799,47
201,28,1518478,46
202,28,7394,42
203,28,5255,49
204,28,32867,42
205,28,11721,51
206,28,5576,48
207,28,858375,75
208,28,26365,44
209,28,62831,39
210,28,235328,48
211,28,1686374,50
212,28,109,45
213,28,3046,45
214,28,5625,46
215,28,8293,43
216,28,16235,47
217,28,51781,51
218,28,883374,51
219,28,184598,48
220,28,125450,54
221,28,3268,43
222,28,43853,48
223,28,2377,49
224,28,14326,52
225,28,16626,40
226,28,82633,43
227,28,66152,39
228,28,492918,39
229,28,27309,49
230,28,133656,51
231,28,1000917,44
232,28,145274,53
233,28,246265,48
234,28,2257,44
235,28,2114101,51
236,28,395169,49
237,28,1735,49
238,28,231978,45
239,28,187269,46
240,28,101889,49
241,28,66433,45
242,28,43431,39
243,28,3480,48
244,28,183857,42
245,28,24793,44
246,28,411,45
247,28,532116,56
248,28,305838,50
249,28,5439,48
250,28,15799,40
251,28,176478,55
252,28,826273,55
253,28,565,45
254,28,3042,47
255,28,2773132,50
256,28,4009,50
257,28,22476,44
258,28,37666,50
259,28,26948,52
260,28,26491,47
261,28,1522,40
262,28,1341,49
263,28,217355,38
264,28,3465,48
265,28,8334,51
266,28,6249,40
267,28,141795,43
268,28,405066,56
269,28,6449,40
270,28,496379,39
271,28,865,49
272,28,3829,54
273,28,1258,45
274,28,32069,52
275,28,223607,39
276,28,44611,45
277,28,24003,44
278,28,15288,48
279,28,411,40
280,28,74835,39
281,28,3117,48
282,28,170171,39
283,28,19909,43
284,28,142809,39
285,28,41152,44
286,28,34072,45
287,28,172453,44
288,28,38024,40
289,28,74142,48
290,28,7316,52
291,28,702047,39
292,28,19182,44
293,28,44695,44
294,28,94453,39
295,28,137965,41
296,28,13618,44
297,28,1405,45
298,28,32798,50
299,28,4571,47
300,28,19086,49
301,28,65166,40
302,28,7785,41
303,28,848,40
304,28,59305,40
305,28,187624,39
306,28,559808,53
307,28,206457,39
308,28,244944,39
309,28,625960,44
310,28,1176793,56
311,28,3936813,75
312,28,3572,45
313,28,26042,47
314,28,53815,45
315,28,1389,45
316,28,243575,70
317,28,310441,72
318,28,1677,45
319,28,26261,52
320,28,14433,46
321,28,1028112,75
322,28,45828,47
323,28,88078,50
324,28,31388,53
325,28,125133,40
326,28,886601,52
327,28,1904725,75
328,28,8268869,138
329,28,202732,62
330,28,5824,44
331,28,10414,44
332,28,6914,40
333,28,130783,39
334,28,5201,40
335,28,481237,58
336,28,541831,64
337,28,25869,46
338,28,227051,41
339,28,2585549,64
340,28,261300,53
341,28,95545,53
342,28,295669,61
343,28,5814,47
344,28,22586,39
345,28,425562,93
346,28,157101,62
347,28,561035,53
348,28,675403,92
349,28,23904,64
350,28,2173272,59
351,28,2995826,147
352,28,9852,70
353,28,22335,53
354,28,132874,54
355,28,471031,43
356,28,11593,49
357,28,11558,46
358,28,64335,52
359,28,5950,48
360,28,86942,62
361,28,254439,54
362,28,120665,53
363,28,301165,51
364,28,636218,54
365,28,20571,57
366,28,1085945,83
367,28,13032,43
368,28,46415,47
369,28,600847,50
370,28,19523,52
371,28,9081,44
372,28,531630,59
373,28,3525,45
374,28,26900,39
375,28,108221,69
376,28,7817,43
377,28,74046,49
378,28,201816,52
379,28,1840,44
380,28,286595,43
381,28,15274,49
382,28,10976,63
383,28,650525,50
384,28,768,50
385,28,646774,67
386,28,112268,62
387,28,16950,49
388,28,671695,44
389,28,178142,65
390,28,63681,40
391,28,34602,54
392,28,107911,59
393,28,5434,44
394,28,221161,61
395,28,720639,44
396,28,279515,43
397,28,2574,48
398,28,1162926,74
399,28,1698314,49
400,28,6996,44
401,28,6460670,94
402,28,440904,51
403,28,121455,60
404,28,10500,42
405,28,9765,43
406,28,7454,44
407,28,582,45
408,28,15564,40
409,28,187580,45
410,28,41839,45
411,28,2168,50
412,28,10795,42
413,28,361479,49
414,28,32006,39
415,28,168907,54
416,28,35342,39
417,28,52485,55
418,28,373718,56
419,28,13843,45
420,28,16356,47
421,28,11815,69
422,28,3070989,53
423,28,30772,50
424,28,34769,55
425,28,13357,42
426,28,1901,45
427,28,16414,41
428,28,9511,44
429,28,2906,47
430,28,23979,49
431,28,4210,48
432,28,632996,53
433,28,590441,65
434,28,120627,52
435,28,1411,45
436,28,377617,47
437,28,255568,44
438,28,1855,45
439,28,80,50
440,28,4879,42
441,28,89,40
442,28,155652,43
443,28,1956726,50
444,28,6151,42
445,28,1022077,39
446,28,93585,45
447,28,5112930,72
448,28,2218,45
449,28,15409,48
450,28,9804,49
451,28,10579,44
452,28,8217,49
453,28,68804,51
454,28,9402,43
455,28,305420,40
456,28,48968,39
457,28,48953,39
458,28,2639,45
459,28,1060,49
460,28,27371,39
461,28,655003,40
462,28,2119,50
463,28,2820,50
464,28,6912,39
465,28,8133,40
466,28,61522,40
467,28,6576,43
468,28,2726,50
469,28,15700,43
470,28,39468,49
471,28,2492,50
472,28,41996,40
473,28,203887,44
474,28,17758,42
475,28,457449,39
476,28,34327,43
477,28,132656,40
478,28,17588,40
479,28,52464,40
480,28,13986,49
481,28,126388,44
482,28,27920,48
483,28,116,50
484,28,18122,43
485,28,5149,45
486,28,19601,43
487,28,934,45
488,28,45582,43
489,28,23950,46
490,28,296,50
491,28,254860,62
492,28,424831,63
493,28,3069,49
494,28,527510,74
495,28,2230383,53
496,28,18348,41
497,28,40025,68
498,28,381642,49
499,28,22276,47
500,28,83141,44
501,28,4281,47
502,28,2399,54
503,28,554073,97
504,28,121626,44
505,28,164388,48
506,28,270932,45
507,28,570,50
508,28,202586,48
509,28,15761,62
510,28,168713,39
511,28,14222,50
512,28,96753,53
513,28,470380,42
514,28,974337,75
515,28,2233,47
516,28,42809,41
517,28,222886,39
518,28,4422,47
519,28,2516,45
520,28,67973,44
521,28,1733914,41
522,28,14975,43
523,28,141310,49
524,28,137383,43
525,28,279143,62
526,28,2719,46
527,28,106758,57
528,28,14583,43
529,28,4492,44
530,28,168642,49
531,28,58046,61
532,28,14852,44
533,28,799595,47
534,28,2722,48
535,28,14872,49
536,28,185138,39
537,28,7400,45
538,28,2579,45
539,28,152094,45
540,28,17430,45
541,28,1281852,70
542,28,15142,43
543,28,39938,43
544,28,4195,47
545,28,9798,50
546,28,120910,45
547,28,4352,44
548,28,10366,53
549,28,688,45
550,28,28430,61
551,28,18780,45
552,28,12375,40
553,28,29073,49
554,28,284416,43
555,28,4160,48
556,28,146937,40
557,28,16107,48
558,28,93473,38
559,28,47777,45
560,28,281841,63
561,28,154566,39
562,28,2259,55
563,28,7191,51
564,28,8915,43
565,28,8481,50
566,28,179816,52
567,28,24091,43
568,28,75040,44
569,28,7657,53
570,28,19352,51
571,28,271067,62
572,28,22316,43
573,28,889369,48
574,28,6562,40
575,28,1877,40
576,28,2745,47
577,28,8775,50
578,28,147812,58
579,28,19061,41
580,28,523673,45
581,28,119679,42
582,28,31141,45
583,28,69337,39
584,28,14647,48
585,28,367068,55
586,28,4670,44
587,28,33990,55
588,28,7044,48
589,28,86939,67
590,28,17391,49
591,28,27429,42
592,28,13798,43
593,28,363014,48
594,28,951944,43
595,28,2907,54
596,28,15042,59
597,28,32537,45
598,28,32017,40
599,28,35268,40
600,28,3638,50
601,28,282,50
602,28,5655,44
603,28,16316,44
604,28,9617,44
605,28,4476,44
606,28,8030,44
607,28,2011,49
608,28,178357,44
609,28,130332,45
610,28,23861,45
611,28,18444,57
612,28,2785,53
613,28,5238,45
614,28,431,45
615,28,6610,39
616,28,1930,40
617,28,93599,56
618,28,68678,51
619,28,15671,45
620,28,6318,55
621,28,46183,59
622,28,2571,50
623,28,4663,50
624,28,25606,40
625,28,41788,63
626,28,520,45
627,28,8645,40
628,28,10357,44
629,28,4941,55
630,28,155502,39
631,28,4668,54
632,28,820,48
633,28,71724,60
634,28,301,49
635,28,20607,48
636,28,17867,68
637,28,25341,39
638,28,1705,45
639,28,6051,45
640,28,7227,40
641,28,60652,40
642,28,3555,50
643,28,17906,40
644,28,3380,44
645,28,11721,45
646,28,3090,45
647,28,2633,45
648,28,132117,45
649,28,4307,40
650,28,116947,45
651,28,1705,50
652,28,12827,49
653,28,11497,45
654,28,3558,50
655,28,3359,54
656,28,22577,44
657,28,6425,40
658,28,6801,40
659,28,1807,45
660,28,11074,40
661,28,1169,45
662,28,5855,40
663,28,3516,40
664,28,98678,39
665,28,21299,45
666,28,3963,40
667,28,1046,45
668,28,129265,39
669,28,1821,40
670,28,3830,40
671,28,1195,45
672,28,3849,40
673,28,637,45
674,28,1119,45
675,28,1781,40
676,28,33094,45
677,28,17727,40
678,28,1098,45
679,28,1059,45
680,28,4314,40
681,28,1511,40
682,28,2159,45
683,28,853,45
684,28,3206,40
685,28,2451,40
686,28,2435,40
687,28,1230,45
688,28,466,45
689,28,459,45
690,28,2870,40
691,28,1468,40
692,28,1346,40
693,28,299,45
694,28,503,45
695,28,437,45
696,28,1322,45
697,28,7120,40
698,28,15865,45
699,28,693,40
700,28,2499,40
701,28,751,45
702,28,2456,40
703,28,1258,40
704,28,781,40
705,28,2601,40
706,28,3582,40
707,28,8662,45
708,28,680,40
709,28,2285,45
710,28,368,45
711,28,1513,40
712,28,1365,40
713,28,2001,39
714,28,1814,55
715,28,3843,40
716,28,20202,43
717,28,244,45
718,28,1252,40
719,28,768,40
720,28,8125,40
721,28,2656,40
722,28,5229,45
723,28,431,45
724,28,11222,45
725,28,10451,55
726,28,2028,40
727,28,832,40
728,28,324,45
729,28,709,45
730,28,10201,48
731,28,7911,45
732,28,44666,50
733,28,1276,45
734,28,449,49
735,28,62551,15
736,28,28971,15
737,28,32346,8
738,28,37429,11
739,28,41912,11
740,28,90025,15
741,28,101748,8
742,28,162366,5
743,28,2646,5
744,28,254081,15
745,28,23726,8
746,28,6988,15
747,28,13472,11
748,28,544,5
749,28,41891,11
750,28,39594,5
751,28,48824,8
752,28,28415,8
753,28,15861,11
754,28,2490,5
755,28,1225347,72
756,28,1054,40
757,28,1154,45
758,28,296,45
759,28,381,40
760,28,555,40
761,28,444,40
762,28,271514,61
763,28,1104,45
764,28,5165,45
765,28,4256,60
766,28,20733,45
767,28,7291,45
768,28,22156,60
769,28,843,45
770,28,3238,50
771,28,247,45
772,28,1052,50
773,28,123,45
774,28,325,40
775,28,98,45
776,28,15946,45
777,28,233,40
778,28,85,45
779,28,255,45
780,28,1415,45
781,28,2402,45
782,28,146,40
783,28,117,40
784,28,2115,45
785,28,279,60
786,28,0,40
787,28,0,40
788,28,0,40
789,28,0,45
1,29,1110,54
2,29,124634,65
3,29,3570779,64
4,29,679746,77
5,29,2819,40
6,29,564517,56
7,29,24769,47
8,29,19146,48
9,29,231909,65
10,29,5539,50
12,29,458341,46
13,29,649762,82
14,29,141521,44
15,29,2923570,55
16,29,348996,62
17,29,965526,102
18,29,2610220,62
19,29,935720,51
20,29,86437,49
21,29,5571,43
22,29,3762,48
23,29,378244,68
24,29,243646,61
25,29,99194,48
26,29,42256,42
27,29,143801,49
59,29,13864,43
60,29,8344,49
61,29,10636,45
62,29,4080,49
63,29,26062,49
64,29,17889,50
65,29,7408,54
66,29,583,50
67,29,5156,45
68,29,68760,39
69,29,125787,45
70,29,2267884,52
71,29,4317159,62
72,29,2842,44
73,29,83514,41
74,29,431263,51
75,29,2130,40
76,29,4152,48
77,29,3242,47
78,29,1058262,57
79,29,29799,46
80,29,12976,48
81,29,13431,44
82,29,583959,73
83,29,51294,54
84,29,13759,44
85,29,53615,44
86,29,25108,44
87,29,8887,44
88,29,339926,45
89,29,211064,51
90,29,479,48
91,29,1113449,44
92,29,2852,43
93,29,1297,43
94,29,22105,49
95,29,6969,53
96,29,38739,39
97,29,6818,44
98,29,11141,50
99,29,4983450,81
100,29,35493,42
101,29,19429,48
102,29,1459,49
103,29,1578,45
104,29,34948,44
105,29,8119,43
106,29,134700,51
107,29,2423,59
108,29,127586,73
109,29,459645,39
110,29,2030516,65
111,29,262378,44
112,29,1198,45
113,29,33301,51
114,29,213,45
115,29,17205,50
116,29,233610,40
117,29,54296,46
118,29,2666,45
119,29,1139,49
120,29,264144,42
121,29,8544,54
122,29,93404,49
123,29,33307,55
124,29,3795,50
125,29,2535,65
126,29,6502,49
127,29,378,50
128,29,7970,43
129,29,1712394,56
130,29,59,45
131,29,38363,44
132,29,3613,65
133,29,1238,45
134,29,4200,50
135,29,210270,50
136,29,1115356,65
137,29,50155,44
138,29,21816,45
139,29,6019,40
140,29,5756,44
141,29,1068,49
142,29,83605,41
143,29,475,55
144,29,150793,45
145,29,144818,43
146,29,305385,45
147,29,14171,43
148,29,669612,55
149,29,5978,47
150,29,288,45
151,29,11894,45
152,29,343632,46
153,29,9186,42
154,29,29824,39
155,29,45405,39
156,29,5601,53
157,29,114890,49
158,29,11488,44
159,29,81018,44
161,29,4639,47
162,29,378868,44
163,29,1098744,52
164,29,6361,54
165,29,16110,49
166,29,12643,55
168,29,443986,47
169,29,14917,59
170,29,3027,40
171,29,158662,49
172,29,92942,48
173,29,11531,43
174,29,46123,45
175,29,20574,63
176,29,264,45
177,29,359708,60
178,29,54409,47
179,29,20618,61
180,29,715515,77
181,29,302590,57
182,29,5768728,109
183,29,17290,44
184,29,13497,44
185,29,737476,45
186,29,93658,67
187,29,56236,42
188,29,36048,44
189,29,29768,43
191,29,416192,42
192,29,18312,51
198,29,23204,51
204,29,33630,42
217,29,64150,51
218,29,988686,51
219,29,203037,48
220,29,122592,54
221,29,3593,43
222,29,37411,48
223,29,2427,49
224,29,34902,52
225,29,16372,40
226,29,98083,43
227,29,65518,39
228,29,452995,39
229,29,27199,49
230,29,132027,51
231,29,1013511,44
232,29,92360,53
234,29,2376,44
235,29,2279078,51
236,29,520038,49
237,29,1965,49
238,29,214476,44
239,29,169802,46
240,29,100598,49
241,29,69442,45
242,29,43526,39
243,29,3476,48
244,29,168069,42
245,29,24665,44
246,29,406,45
247,29,569584,56
248,29,298556,50
249,29,5087,48
250,29,15610,40
251,29,174860,55
252,29,912406,55
253,29,564,45
254,29,3058,47
255,29,2540128,50
256,29,4000,50
257,29,22223,44
258,29,37824,50
259,29,24870,52
260,29,25727,47
261,29,1500,40
262,29,1358,49
263,29,274644,38
264,29,3394,48
265,29,8271,51
266,29,5909,40
267,29,135410,43
268,29,399050,56
269,29,6359,40
270,29,445269,39
271,29,862,49
272,29,3924,54
273,29,1251,45
274,29,34198,52
275,29,208337,39
276,29,43814,45
277,29,23345,44
278,29,15058,48
279,29,407,40
280,29,73955,39
281,29,3109,48
282,29,150958,39
283,29,20537,43
284,29,150329,39
285,29,38243,44
286,29,33563,45
287,29,149395,44
288,29,37246,40
289,29,70852,48
290,29,7263,52
291,29,660224,39
292,29,18809,44
293,29,47214,44
294,29,92969,39
295,29,136485,41
296,29,13675,44
297,29,1398,45
298,29,32415,50
299,29,4434,47
300,29,19098,49
301,29,59233,40
302,29,7945,41
303,29,840,40
304,29,55016,40
305,29,180198,39
306,29,556359,53
307,29,198289,39
308,29,255256,39
309,29,591238,44
314,29,48522,45
338,29,185208,41
340,29,257575,53
341,29,93875,53
342,29,296967,61
343,29,5706,47
344,29,23824,39
345,29,444291,93
346,29,182879,62
347,29,656022,53
348,29,864090,92
349,29,24465,64
350,29,3014678,60
351,29,4347534,147
352,29,9841,70
353,29,22310,53
354,29,133036,54
355,29,444666,43
356,29,11493,49
357,29,10613,46
358,29,64232,52
359,29,6006,48
360,29,86812,62
361,29,280238,54
362,29,119412,53
363,29,299527,51
364,29,527146,53
365,29,20455,57
366,29,2972816,85
367,29,12570,43
368,29,47026,47
369,29,833206,50
370,29,19837,52
371,29,9006,44
372,29,602061,59
373,29,3496,45
374,29,25964,39
375,29,131445,69
376,29,8484,43
377,29,68784,49
378,29,200099,52
379,29,1803,44
380,29,275373,43
381,29,15237,49
382,29,11014,63
383,29,766253,50
384,29,766,50
386,29,110053,62
387,29,16942,49
388,29,821864,45
389,29,235509,65
397,29,2571,48
422,29,3637076,54
423,29,30828,50
424,29,36857,55
425,29,13202,42
426,29,1877,45
427,29,15593,41
428,29,9205,44
429,29,2895,47
430,29,23512,49
431,29,4444,48
432,29,687507,53
433,29,1290505,66
434,29,355985,52
435,29,1392,45
436,29,434389,47
437,29,363386,44
438,29,1852,45
439,29,78,50
440,29,4813,42
441,29,88,40
442,29,148266,43
443,29,2348712,51
444,29,6107,42
446,29,91470,45
447,29,5927810,73
448,29,2216,45
449,29,15132,48
450,29,9703,49
451,29,10176,44
452,29,9281,49
453,29,64501,51
454,29,9303,43
455,29,252283,40
456,29,47483,39
457,29,41009,39
458,29,2615,45
459,29,1058,49
460,29,26131,39
461,29,620802,40
462,29,4619,50
463,29,2927,50
464,29,7238,39
465,29,7895,40
466,29,58432,40
467,29,6845,43
468,29,2720,50
469,29,15668,43
470,29,37411,49
471,29,2789,50
472,29,40253,40
473,29,188079,44
474,29,17722,42
475,29,433022,39
476,29,36768,43
477,29,129023,40
478,29,17415,40
479,29,52115,40
480,29,14086,49
481,29,127605,44
482,29,27867,48
483,29,115,50
484,29,17770,43
485,29,5123,45
486,29,18554,43
487,29,933,45
488,29,42519,43
489,29,22657,46
490,29,294,50
491,29,285809,62
492,29,322145,62
493,29,3060,49
494,29,586091,74
495,29,2264732,53
496,29,18549,41
497,29,39541,68
498,29,388988,49
499,29,26261,47
500,29,98004,44
501,29,4263,47
502,29,2397,54
503,29,930040,97
504,29,147232,44
505,29,166782,48
506,29,276160,45
507,29,569,50
508,29,218312,48
509,29,15979,62
510,29,211669,39
511,29,14514,50
512,29,96154,53
513,29,511789,42
514,29,1360377,75
515,29,2207,47
516,29,41397,41
517,29,256394,39
518,29,4383,47
519,29,2492,45
520,29,65664,44
521,29,1595153,41
522,29,15108,43
523,29,139820,49
524,29,150035,43
525,29,294100,62
526,29,2733,46
527,29,107852,57
528,29,14590,43
529,29,4479,44
530,29,171185,49
531,29,59217,61
532,29,14799,44
533,29,1507942,48
534,29,2871,48
535,29,53206,49
536,29,197508,39
537,29,7328,45
538,29,2554,45
539,29,141793,45
540,29,17154,45
541,29,744796,69
542,29,15318,43
543,29,42711,43
544,29,4268,47
545,29,9766,50
546,29,118918,45
547,29,4336,44
548,29,12970,53
549,29,683,45
550,29,45686,61
551,29,18633,45
552,29,12193,40
553,29,49121,49
554,29,479311,43
555,29,4105,48
556,29,145530,40
557,29,15707,48
558,29,108856,38
559,29,127399,45
560,29,240769,63
561,29,151515,39
562,29,2253,55
563,29,7716,51
564,29,9379,43
565,29,9980,50
566,29,397417,52
567,29,29342,43
568,29,65506,44
569,29,9791,53
570,29,19277,51
571,29,349530,62
572,29,19607,43
573,29,1142667,49
575,29,1858,40
576,29,2758,47
577,29,9420,50
578,29,155743,58
579,29,20574,41
580,29,510013,45
581,29,87851,42
582,29,42118,45
583,29,67533,39
584,29,14538,48
586,29,4693,44
587,29,33780,55
588,29,7041,48
589,29,86736,67
591,29,29530,42
592,29,13692,43
593,29,425982,48
594,29,1017615,43
595,29,2936,54
596,29,15446,59
597,29,32208,45
599,29,40789,39
600,29,3901,50
601,29,281,50
602,29,5485,44
603,29,15857,44
604,29,9576,44
605,29,4346,44
606,29,7879,44
607,29,2033,49
608,29,169713,44
609,29,122900,45
610,29,23095,45
611,29,18042,57
612,29,8064,53
613,29,5354,45
614,29,430,45
615,29,8199,39
616,29,1915,40
617,29,538245,57
618,29,66546,51
619,29,14962,45
620,29,6589,55
621,29,45887,59
622,29,2644,50
623,29,6940,50
624,29,26599,40
625,29,42149,63
626,29,520,45
627,29,8676,40
628,29,10110,44
629,29,4605,55
630,29,146739,39
631,29,4914,54
632,29,819,48
633,29,92911,60
634,29,310,49
635,29,19537,48
637,29,26366,39
638,29,1751,45
639,29,6158,45
642,29,4695,50
643,29,17825,40
648,29,125908,45
649,29,4190,40
651,29,1656,50
652,29,12316,49
653,29,11770,45
654,29,3595,50
655,29,3698,54
657,29,6236,40
658,29,14094,40
659,29,1803,45
661,29,1135,45
662,29,6231,40
663,29,3439,40
664,29,94917,39
665,29,20623,45
667,29,1067,45
668,29,123487,39
670,29,3923,40
671,29,1164,45
672,29,3787,40
673,29,648,45
674,29,1165,45
675,29,1738,40
677,29,23603,40
678,29,1110,45
680,29,4513,40
681,29,1471,40
682,29,2379,45
683,29,890,45
684,29,3300,40
685,29,2529,40
686,29,2547,40
687,29,1428,45
689,29,447,45
690,29,2803,40
691,29,1531,40
693,29,284,45
694,29,542,45
695,29,453,45
696,29,1427,45
697,29,6919,40
698,29,14706,45
699,29,667,40
700,29,2647,40
701,29,789,45
702,29,2599,40
703,29,1305,40
704,29,953,40
705,29,2842,40
706,29,3620,40
707,29,8330,45
708,29,652,40
711,29,1805,40
712,29,1551,40
713,29,3262,39
714,29,2072,55
715,29,4394,40
716,29,17708,43
717,29,232,45
718,29,1359,40
719,29,864,40
720,29,19286,40
721,29,2858,40
722,29,5421,45
723,29,501,45
724,29,11595,45
726,29,2089,40
727,29,1173,40
728,29,345,45
729,29,809,45
732,29,82488,50
733,29,1345,45
734,29,669,49
735,29,24143,15
736,29,44298,15
738,29,35449,11
739,29,22521,11
740,29,51506,15
742,29,118406,5
743,29,2735,5
745,29,38539,8
747,29,57099,11
748,29,771,5
749,29,31845,11
750,29,31497,5
751,29,61174,8
752,29,11969,8
753,29,6351,11
754,29,2885,5
755,29,1338026,72
756,29,1538,40
757,29,980,45
758,29,325,45
759,29,583,40
760,29,698,40
761,29,694,40
763,29,1327,45
764,29,7345,45
765,29,5278,60
766,29,13978,45
767,29,5517,45
768,29,17379,60
769,29,1905,45
770,29,37669,50
771,29,295,45
772,29,1205,50
773,29,149,45
774,29,436,40
775,29,142,45
776,29,19713,45
777,29,326,40
778,29,129,45
779,29,298,45
780,29,1902,45
781,29,2907,45
782,29,249,40
783,29,245,40
784,29,4272,45
785,29,381,60
786,29,118,40
787,29,92,40
788,29,165,40
1,30,1109,54
2,30,123468,65
3,30,3664431,64
4,30,673333,77
5,30,2810,40
6,30,632886,56
7,30,24692,47
8,30,19166,48
9,30,229034,65
10,30,5515,50
11,30,102462,59
12,30,377107,46
13,30,613858,82
14,30,132744,44
15,30,3312515,55
16,30,335334,62
17,30,1405695,102
18,30,2713621,62
19,30,915133,51
20,30,85557,49
21,30,5551,43
22,30,3766,48
23,30,338751,68
24,30,243432,61
25,30,99165,48
26,30,42252,42
27,30,140812,49
28,30,87604,62
29,30,25496,52
30,30,1976,49
31,30,7231,51
32,30,105374,44
33,30,20469,45
34,30,1639,65
35,30,33673,45
36,30,714972,45
37,30,185,50
38,30,189558,57
39,30,64481,40
40,30,63118,39
41,30,2244,54
42,30,3910,50
43,30,897,40
44,30,653219,44
45,30,137883,45
46,30,79,40
47,30,1330187,50
48,30,73627,52
49,30,27770,44
50,30,63526,39
51,30,16713,45
52,30,75992,42
53,30,40509,54
54,30,1831720,55
55,30,65,40
56,30,5458,40
57,30,130824,55
58,30,2080655,89
59,30,13749,43
60,30,8330,49
61,30,10606,45
62,30,4157,49
63,30,24121,49
64,30,18017,50
65,30,7283,54
66,30,583,50
67,30,5134,45
68,30,65449,39
69,30,124376,45
70,30,2265920,53
71,30,3959950,63
72,30,2836,44
73,30,83176,41
74,30,351888,50
75,30,2101,40
76,30,4115,48
77,30,3259,47
78,30,1028935,57
79,30,30840,46
80,30,12670,48
81,30,13457,44
82,30,540385,73
83,30,34058,54
84,30,13610,44
85,30,56138,44
86,30,24222,44
87,30,8817,44
88,30,323610,45
89,30,195010,51
90,30,479,48
91,30,1078542,44
92,30,2864,43
93,30,1287,43
94,30,21773,49
95,30,6833,53
96,30,38245,39
97,30,6723,44
98,30,10874,50
99,30,4388739,81
100,30,35192,42
101,30,21932,48
102,30,1457,49
103,30,1578,45
104,30,35092,44
105,30,8028,43
106,30,121248,51
107,30,2461,59
108,30,127364,73
109,30,427296,39
110,30,1740763,66
111,30,259903,44
112,30,1191,45
113,30,33206,51
114,30,212,45
115,30,17240,50
116,30,232720,40
117,30,53522,46
118,30,2656,45
119,30,1136,49
120,30,269048,42
121,30,8313,54
122,30,109475,49
123,30,32218,55
124,30,3787,50
125,30,2533,65
126,30,6799,49
127,30,378,50
128,30,7903,43
129,30,1663491,56
130,30,59,45
131,30,35047,44
132,30,3185,65
133,30,1241,45
134,30,4190,50
135,30,187037,51
136,30,1058423,65
137,30,49543,44
138,30,21732,45
139,30,5998,40
140,30,5693,44
141,30,1064,49
142,30,82910,41
143,30,474,55
144,30,138599,45
145,30,144616,43
146,30,340398,45
147,30,12805,43
148,30,659697,55
149,30,5951,47
150,30,288,45
151,30,11863,45
152,30,386180,46
153,30,9265,42
154,30,29013,39
155,30,44844,39
156,30,5874,53
157,30,114383,49
158,30,11358,44
159,30,80416,44
160,30,58372,46
161,30,4597,47
162,30,364272,44
163,30,1092580,53
164,30,6348,54
165,30,15917,49
166,30,12638,55
167,30,57815,42
168,30,434926,47
169,30,14881,59
170,30,3023,40
171,30,159686,49
172,30,105854,48
173,30,8679,43
174,30,46104,45
175,30,20543,63
176,30,263,45
177,30,355256,60
178,30,53915,47
179,30,20592,61
180,30,708066,77
181,30,288940,57
182,30,4918946,108
183,30,17249,44
184,30,13338,44
185,30,745655,45
186,30,94019,67
187,30,54708,42
188,30,35468,44
189,30,30324,43
190,30,8965,45
191,30,413257,42
192,30,18233,51
193,30,4903,48
194,30,29196,44
195,30,4779,43
196,30,10753,43
197,30,241,45
198,30,23181,51
199,30,1160977,67
200,30,998886,47
201,30,1568628,46
202,30,7226,42
203,30,4660,49
204,30,32066,42
205,30,11710,51
206,30,5575,48
207,30,1427674,76
208,30,25187,44
209,30,57561,39
210,30,243713,48
211,30,2196853,51
212,30,108,45
213,30,3016,45
214,30,5402,46
215,30,8125,43
216,30,16411,47
217,30,46855,51
218,30,631236,51
219,30,175809,48
220,30,121219,54
221,30,3510,43
222,30,35468,48
223,30,2291,49
224,30,19355,52
225,30,16320,40
226,30,86027,43
227,30,61539,39
228,30,461717,38
229,30,27128,49
230,30,131062,51
231,30,786209,44
232,30,86435,52
233,30,243871,48
234,30,2295,44
235,30,1887900,51
236,30,381417,49
237,30,1977,49
238,30,204711,44
239,30,171171,46
240,30,100247,49
241,30,66166,45
242,30,41566,39
243,30,3442,48
244,30,150897,42
245,30,24319,44
246,30,405,45
247,30,503346,56
248,30,297446,50
249,30,5150,48
250,30,15556,40
251,30,174590,55
252,30,751307,55
253,30,564,45
254,30,3025,47
255,30,2354205,49
256,30,3994,50
257,30,22066,44
258,30,37808,50
259,30,24416,52
260,30,25484,47
261,30,1498,40
262,30,1360,49
263,30,228732,38
264,30,3357,48
265,30,8214,51
266,30,5823,40
267,30,132655,43
268,30,373317,56
269,30,6338,40
270,30,388913,39
271,30,861,49
272,30,4135,54
273,30,1246,45
274,30,33742,52
275,30,203204,39
276,30,43636,45
277,30,23129,44
278,30,14919,48
279,30,406,40
280,30,70937,39
281,30,3107,48
282,30,148425,39
283,30,19698,43
284,30,142068,39
285,30,37674,44
286,30,33387,45
287,30,146981,44
288,30,36734,40
289,30,69909,48
290,30,7218,52
291,30,636360,39
292,30,18625,44
293,30,46797,44
294,30,90420,39
295,30,134997,41
296,30,13839,44
297,30,1394,45
298,30,32251,50
299,30,4422,47
300,30,19172,49
301,30,58134,40
302,30,7901,41
303,30,836,40
304,30,53653,40
305,30,177677,39
306,30,542547,53
307,30,194936,39
308,30,243392,39
309,30,587183,44
310,30,1056825,56
311,30,2393162,73
312,30,3541,45
313,30,28000,47
314,30,47272,45
315,30,1376,45
316,30,241120,70
317,30,297755,72
318,30,1672,45
319,30,25793,52
320,30,14375,46
321,30,730309,74
322,30,44868,47
323,30,79875,50
324,30,29235,53
325,30,127760,40
326,30,817646,52
327,30,1777906,75
328,30,8158783,137
329,30,189044,62
330,30,5840,44
331,30,10164,44
332,30,6866,40
333,30,141434,39
334,30,5165,40
335,30,460600,58
336,30,436627,64
337,30,23427,46
338,30,180598,41
339,30,2529947,64
340,30,255374,53
341,30,93017,53
342,30,293260,61
343,30,5739,47
344,30,22764,39
345,30,438029,93
346,30,177775,62
347,30,611125,53
348,30,789931,92
349,30,24619,64
350,30,2971344,60
351,30,2936140,148
352,30,9825,70
353,30,22277,53
354,30,131283,54
355,30,450302,43
356,30,11333,49
357,30,10372,46
358,30,66079,52
359,30,5998,48
360,30,86666,62
361,30,280919,54
362,30,118470,53
363,30,297782,51
364,30,499459,53
365,30,20344,57
366,30,2344976,86
367,30,12493,43
368,30,46503,47
369,30,636631,50
370,30,19847,52
371,30,8948,44
372,30,556702,59
373,30,3489,45
374,30,25994,39
375,30,126426,69
376,30,8384,43
377,30,67032,49
378,30,198637,52
379,30,1770,44
380,30,271953,43
381,30,15207,49
382,30,11258,63
383,30,645683,49
384,30,763,50
385,30,600465,66
386,30,108053,62
387,30,16893,49
388,30,745339,45
389,30,198415,65
390,30,61326,40
391,30,34105,54
392,30,118525,59
393,30,4358,44
394,30,304223,61
395,30,953445,44
396,30,236146,42
397,30,2520,48
398,30,948823,74
399,30,879448,48
400,30,6785,44
401,30,6627244,94
402,30,698059,50
403,30,124206,60
404,30,10232,42
405,30,9805,43
406,30,7433,44
407,30,601,45
408,30,15355,40
409,30,402215,45
410,30,40521,45
411,30,2090,50
412,30,10748,42
413,30,475278,49
414,30,32151,39
415,30,189789,54
416,30,35307,39
417,30,52478,55
418,30,466797,56
419,30,13721,45
420,30,16028,47
421,30,13531,69
422,30,3260730,54
423,30,31339,50
424,30,37622,55
425,30,13175,42
426,30,1870,45
427,30,15821,41
428,30,10772,43
429,30,2913,47
430,30,23297,49
431,30,4450,48
432,30,824849,54
433,30,769770,66
434,30,232502,53
435,30,1390,45
436,30,419179,47
437,30,342985,44
438,30,1849,45
439,30,79,50
440,30,4787,42
441,30,88,40
442,30,152814,43
443,30,2102957,51
444,30,6108,42
445,30,968528,39
446,30,91273,45
447,30,4373949,72
448,30,2210,45
449,30,15085,48
450,30,8137,49
451,30,10000,44
452,30,7799,49
453,30,63187,51
454,30,9277,43
455,30,262157,40
456,30,46324,39
457,30,40045,39
458,30,2604,45
459,30,1054,49
460,30,25723,39
461,30,586645,40
462,30,2628,50
463,30,2885,50
464,30,6637,39
465,30,7701,40
466,30,55824,40
467,30,6536,43
468,30,2715,50
469,30,15448,42
470,30,38973,49
471,30,2558,50
472,30,39949,40
473,30,181342,44
474,30,17272,42
475,30,428073,39
476,30,33615,43
477,30,128234,40
478,30,17353,40
479,30,51227,40
480,30,14009,49
481,30,122804,44
482,30,27631,48
483,30,115,50
484,30,17802,43
485,30,5101,45
486,30,18343,43
487,30,928,45
488,30,42191,43
489,30,22456,46
490,30,294,50
491,30,255336,62
492,30,305644,62
493,30,3050,49
494,30,524365,74
495,30,2159542,53
496,30,18372,41
497,30,39394,68
498,30,388637,49
499,30,24215,47
500,30,87057,44
501,30,4258,47
502,30,2395,54
503,30,618277,97
504,30,122231,44
505,30,165275,48
506,30,274496,45
507,30,569,50
508,30,209990,48
509,30,15956,62
510,30,178625,39
511,30,14428,50
512,30,95605,53
513,30,649376,42
514,30,1067106,76
515,30,2201,47
516,30,41727,41
517,30,237562,39
518,30,4294,47
519,30,2484,45
520,30,65147,44
521,30,1496237,40
522,30,14975,43
523,30,138855,49
524,30,143418,43
525,30,281835,62
526,30,2733,46
527,30,107340,57
528,30,14562,43
529,30,4471,44
530,30,181521,49
531,30,58533,61
532,30,14755,44
533,30,988935,48
534,30,2809,48
535,30,46361,49
536,30,181979,39
537,30,7318,45
538,30,2544,45
539,30,138892,45
540,30,16997,45
541,30,682082,69
542,30,15008,43
543,30,41140,43
544,30,4191,47
545,30,9744,50
546,30,118499,45
547,30,4211,44
548,30,11085,53
549,30,685,45
550,30,32915,61
551,30,18554,45
552,30,12170,40
553,30,33357,49
554,30,354151,44
555,30,4066,48
556,30,143902,40
557,30,15507,48
558,30,89095,38
559,30,70976,45
560,30,216418,63
561,30,149549,39
562,30,2247,55
563,30,7434,51
564,30,8973,43
565,30,8776,50
566,30,293158,53
567,30,25995,43
568,30,66355,44
569,30,8395,53
570,30,19235,51
571,30,357155,62
572,30,19061,43
573,30,1222709,49
574,30,6508,40
575,30,1845,40
576,30,2743,47
577,30,8476,50
578,30,147123,58
579,30,23560,41
580,30,519942,45
581,30,84412,42
582,30,43233,45
583,30,66532,39
584,30,14485,48
585,30,1059536,57
586,30,4670,44
587,30,33564,55
588,30,7034,48
589,30,86604,67
590,30,17499,49
591,30,29153,42
592,30,13732,43
593,30,381474,48
594,30,932065,43
595,30,2943,54
596,30,15643,59
597,30,38045,45
598,30,30068,39
599,30,35629,39
600,30,3841,50
601,30,281,50
602,30,5413,44
603,30,15664,44
604,30,9513,44
605,30,4291,44
606,30,7787,44
607,30,3348,49
608,30,170275,44
609,30,121161,45
610,30,22889,45
611,30,17802,57
612,30,5297,53
613,30,5343,45
614,30,427,45
615,30,7184,39
616,30,1911,40
617,30,429578,57
618,30,59870,51
619,30,17572,45
620,30,6570,55
621,30,45541,59
622,30,2649,50
623,30,4963,50
624,30,23472,40
625,30,45478,63
626,30,519,45
627,30,8609,40
628,30,10023,44
629,30,4521,55
630,30,151655,39
631,30,4871,54
632,30,836,48
633,30,118253,60
634,30,315,49
635,30,19035,48
636,30,19443,68
637,30,24747,39
638,30,1724,45
639,30,6167,45
640,30,7029,40
641,30,59026,40
642,30,3910,50
643,30,17759,40
644,30,3417,44
645,30,10329,45
646,30,2980,45
647,30,2624,45
648,30,124245,45
649,30,4153,40
650,30,123178,45
651,30,1647,50
652,30,12358,49
653,30,11585,45
654,30,3509,50
655,30,3478,54
656,30,20697,44
657,30,6153,40
658,30,10231,40
659,30,1807,45
660,30,10443,40
661,30,1125,45
662,30,6048,40
663,30,3384,40
664,30,92583,39
665,30,20205,45
666,30,3926,40
667,30,1069,45
668,30,120863,39
669,30,1923,40
670,30,4002,40
671,30,1135,45
672,30,3790,40
673,30,654,45
674,30,1143,45
675,30,1718,40
676,30,30377,45
677,30,20093,40
678,30,1065,45
679,30,1120,45
680,30,4389,40
681,30,1461,40
682,30,2228,45
683,30,882,45
684,30,3313,40
685,30,2611,40
686,30,2519,40
687,30,1363,45
688,30,509,45
689,30,436,45
690,30,2727,40
691,30,1538,40
692,30,1449,40
693,30,280,45
694,30,566,45
695,30,476,45
696,30,1423,45
697,30,6658,40
698,30,14638,45
699,30,655,40
700,30,2634,40
701,30,757,45
702,30,2577,40
703,30,1329,40
704,30,859,40
705,30,2731,40
706,30,3665,40
707,30,8125,45
708,30,645,40
709,30,2040,45
710,30,418,45
711,30,1675,40
712,30,1482,40
713,30,2743,39
714,30,2118,55
715,30,4025,40
716,30,17491,42
717,30,228,45
718,30,1261,40
719,30,821,40
720,30,17855,40
721,30,2707,40
722,30,5343,45
723,30,493,45
724,30,10875,45
725,30,7468,54
726,30,2126,40
727,30,1064,40
728,30,365,45
729,30,814,45
730,30,8480,47
731,30,6381,45
732,30,78888,50
733,30,1394,45
734,30,515,49
735,30,25004,15
736,30,57345,15
737,30,11319,8
738,30,41845,11
739,30,13626,11
740,30,8231,15
741,30,108543,8
742,30,48112,5
743,30,1085,5
744,30,159562,15
745,30,31308,8
746,30,73678,15
747,30,31241,11
748,30,500,5
749,30,12839,11
750,30,17299,5
751,30,25124,8
752,30,4670,8
753,30,3088,11
754,30,1052,5
755,30,2653774,74
756,30,1225,40
757,30,926,45
758,30,305,45
759,30,562,40
760,30,709,40
761,30,548,40
762,30,270838,61
763,30,1306,45
764,30,6996,45
765,30,5055,60
766,30,21154,45
767,30,4192,45
768,30,14822,60
769,30,1241,45
770,30,14709,50
771,30,300,45
772,30,1265,50
773,30,144,45
774,30,442,40
775,30,137,45
776,30,18688,45
777,30,367,40
778,30,139,45
779,30,296,45
780,30,2020,45
781,30,2906,45
782,30,308,40
783,30,196,40
784,30,3843,45
785,30,386,60
786,30,189,40
787,30,123,40
788,30,116,40
789,30,627,45
790,30,0,45
791,30,0,40
1,31,1107,54
2,31,122956,65
3,31,2448820,63
4,31,670993,77
5,31,2797,40
6,31,642825,56
7,31,24609,47
8,31,44744,48
9,31,247049,65
10,31,5507,50
11,31,93856,59
12,31,316401,46
13,31,610460,82
14,31,130284,44
15,31,3510262,55
16,31,334232,62
17,31,2310990,104
18,31,3351225,64
19,31,897054,51
20,31,84160,49
21,31,5745,43
22,31,3767,48
23,31,302006,68
24,31,242568,61
25,31,99754,48
26,31,40710,42
27,31,139017,49
28,31,85990,62
29,31,25413,52
30,31,1974,49
31,31,7200,51
32,31,110050,44
33,31,20381,45
34,31,1639,65
35,31,33557,45
36,31,798840,45
37,31,184,50
38,31,188652,57
39,31,63293,40
40,31,62598,39
41,31,2242,54
42,31,3952,50
43,31,892,40
44,31,790127,44
45,31,137707,45
46,31,79,40
47,31,1378101,50
48,31,73573,52
49,31,26933,44
50,31,61737,39
51,31,16675,45
52,31,87371,42
53,31,39581,54
54,31,2042837,55
55,31,62,40
56,31,5427,40
57,31,127653,55
58,31,2092465,89
59,31,13661,43
60,31,7851,49
61,31,10570,45
62,31,4065,49
63,31,21113,49
64,31,18393,50
65,31,7212,54
66,31,583,50
67,31,5119,45
68,31,63627,39
69,31,124696,45
70,31,2206834,53
71,31,2645325,62
72,31,2829,44
73,31,82662,41
74,31,276137,49
75,31,2069,40
76,31,4108,48
77,31,3312,47
78,31,932618,57
79,31,31560,46
80,31,12542,48
81,31,13525,44
82,31,627003,73
83,31,27617,54
84,31,13445,44
85,31,54362,44
86,31,23762,44
87,31,8717,44
88,31,306231,45
89,31,175630,51
90,31,475,48
91,31,1025694,44
92,31,2836,43
93,31,1287,43
94,31,21235,48
95,31,6722,53
96,31,37636,39
97,31,6664,44
98,31,10502,50
99,31,4198399,81
100,31,34993,42
101,31,21483,48
102,31,1455,49
103,31,1574,45
104,31,33972,44
105,31,7897,43
106,31,105214,51
107,31,2457,59
108,31,127304,73
109,31,406743,39
110,31,1654542,66
111,31,253185,44
112,31,1190,45
113,31,33313,51
114,31,212,45
115,31,17092,50
116,31,230251,40
117,31,52244,45
118,31,2648,45
119,31,1134,49
120,31,270738,42
121,31,10184,54
122,31,116917,49
123,31,31576,55
124,31,3787,50
125,31,2530,65
126,31,6646,49
127,31,376,50
128,31,7872,43
129,31,1626141,56
130,31,59,45
131,31,31624,44
132,31,3194,65
133,31,1240,45
134,31,4184,50
135,31,159395,51
136,31,989025,65
137,31,48774,44
138,31,21654,45
139,31,5971,40
140,31,5625,44
141,31,1062,49
142,31,81875,41
143,31,474,55
144,31,137030,45
145,31,140109,43
146,31,331178,45
147,31,11303,43
148,31,650739,55
149,31,5911,47
150,31,288,45
151,31,11825,45
152,31,361594,46
153,31,9291,42
154,31,28856,39
155,31,44493,39
156,31,6022,53
157,31,113728,49
158,31,11239,44
159,31,79194,44
160,31,58567,46
161,31,4584,47
162,31,353812,44
163,31,1198342,53
164,31,6344,54
165,31,15843,49
166,31,12600,55
167,31,55966,42
168,31,442491,47
169,31,14872,59
170,31,3008,40
171,31,163187,49
172,31,106623,48
173,31,8360,43
174,31,45644,45
175,31,20538,63
176,31,263,45
177,31,355568,60
178,31,53506,47
179,31,20592,61
180,31,737593,77
181,31,264811,57
182,31,4684487,107
183,31,17217,44
184,31,13255,44
185,31,743876,45
186,31,94030,67
187,31,52532,42
188,31,34641,44
189,31,29984,43
190,31,8931,45
191,31,406670,42
192,31,17975,51
193,31,4898,48
194,31,25305,44
195,31,4793,43
196,31,10823,43
197,31,241,45
198,31,23153,51
199,31,1222138,68
200,31,1020010,47
201,31,1578982,46
202,31,7185,42
203,31,4755,49
204,31,31724,42
205,31,11712,51
206,31,7045,48
207,31,1738237,77
208,31,25996,44
209,31,55678,39
210,31,249892,48
211,31,2447786,52
212,31,108,45
213,31,3001,45
214,31,5367,46
215,31,8168,43
216,31,16382,47
217,31,42721,51
218,31,537158,50
219,31,171436,48
220,31,120526,54
221,31,3585,43
222,31,31488,48
223,31,2258,49
224,31,18459,52
225,31,16229,40
226,31,83921,43
227,31,59296,39
228,31,467652,38
229,31,27099,49
230,31,130542,51
231,31,701355,44
232,31,83993,52
233,31,243421,48
234,31,2317,44
235,31,1773111,51
236,31,363777,49
237,31,2040,49
238,31,194651,44
239,31,167261,46
240,31,99062,49
241,31,65064,45
242,31,41011,39
243,31,3418,48
244,31,136277,42
245,31,24198,44
246,31,403,45
247,31,464700,56
248,31,290883,50
249,31,5144,48
250,31,15500,40
251,31,176337,55
252,31,695740,54
253,31,564,45
254,31,3013,47
255,31,2191609,49
256,31,3989,50
257,31,21991,44
258,31,37768,50
259,31,23894,52
260,31,25242,47
261,31,1492,40
262,31,1849,49
263,31,232957,38
264,31,3318,48
265,31,8218,51
266,31,5715,40
267,31,123048,43
268,31,412592,56
269,31,6298,40
270,31,346920,39
271,31,858,49
272,31,4301,54
273,31,1239,45
274,31,31503,52
275,31,197025,39
276,31,43404,45
277,31,22786,44
278,31,15205,48
279,31,405,40
280,31,69417,39
281,31,3097,48
282,31,146302,39
283,31,19448,43
284,31,140628,39
285,31,36099,44
286,31,33233,45
287,31,139931,44
288,31,36263,40
289,31,69802,48
290,31,7089,52
291,31,609398,39
292,31,18360,44
293,31,46045,44
294,31,88715,39
295,31,131952,41
296,31,13583,44
297,31,1391,45
298,31,31862,50
299,31,4369,47
300,31,19028,49
301,31,55737,40
302,31,7903,41
303,31,832,40
304,31,51413,40
305,31,174195,39
306,31,533958,53
307,31,191384,39
308,31,243293,39
309,31,575200,43
310,31,986041,56
311,31,2057718,73
312,31,3538,45
313,31,29921,47
314,31,45887,45
315,31,1376,45
316,31,239030,70
317,31,314536,72
318,31,1669,45
319,31,25707,52
320,31,14351,46
321,31,681006,73
322,31,44688,47
323,31,79276,50
324,31,29194,53
325,31,144625,40
326,31,879708,53
327,31,1828008,75
328,31,8206662,138
329,31,187989,62
330,31,5810,44
331,31,10093,44
332,31,6852,40
333,31,139163,39
334,31,5154,40
335,31,487877,58
336,31,411984,64
337,31,23082,46
338,31,167989,41
339,31,2739118,65
340,31,254296,53
341,31,92604,53
342,31,291193,61
343,31,6026,47
344,31,23014,39
345,31,432402,93
346,31,173044,62
347,31,617507,53
348,31,708248,92
349,31,26502,64
350,31,3214115,61
351,31,2704029,148
352,31,9816,70
353,31,22263,53
354,31,129898,54
355,31,433752,43
356,31,11220,49
357,31,9874,46
358,31,65080,52
359,31,6004,48
360,31,86616,62
361,31,299043,54
362,31,118067,53
363,31,297250,51
364,31,478580,53
365,31,20314,57
366,31,2190498,86
367,31,12475,43
368,31,46184,47
369,31,628804,50
370,31,19845,52
371,31,8923,44
372,31,546947,59
373,31,3485,45
374,31,26225,39
375,31,122819,69
376,31,8366,43
377,31,67963,49
378,31,198218,52
379,31,1761,44
380,31,269212,43
381,31,15198,49
382,31,11427,63
383,31,629662,49
384,31,763,50
385,31,793245,66
386,31,107131,62
387,31,16870,49
388,31,732452,45
389,31,193664,65
390,31,60680,40
391,31,34000,54
392,31,137737,59
393,31,4103,44
394,31,348035,61
395,31,1204215,45
396,31,219500,42
397,31,2519,48
398,31,953640,74
399,31,752225,48
400,31,6733,44
401,31,6803260,95
402,31,1052545,51
403,31,124153,60
404,31,10173,42
405,31,9866,43
406,31,7360,44
407,31,586,45
408,31,15285,40
409,31,647231,45
410,31,40117,45
411,31,2063,50
412,31,10711,42
413,31,571319,49
414,31,32023,39
415,31,262777,54
416,31,34705,39
417,31,71268,55
418,31,485227,56
419,31,13698,45
420,31,15871,47
421,31,17377,69
422,31,2546862,53
423,31,31008,50
424,31,39037,55
425,31,13184,42
426,31,1864,45
427,31,15815,41
428,31,11062,43
429,31,2892,47
430,31,23153,49
431,31,4391,48
432,31,1096963,55
433,31,732138,66
434,31,203948,53
435,31,1386,45
436,31,497318,47
437,31,362046,44
438,31,1842,45
439,31,78,50
440,31,4769,42
441,31,87,40
442,31,151613,43
443,31,2133615,51
444,31,6112,42
445,31,947529,39
446,31,90753,45
447,31,3646482,71
448,31,2206,45
449,31,15364,48
450,31,7499,49
451,31,9860,44
452,31,7406,49
453,31,62061,51
454,31,9226,43
455,31,255946,40
456,31,45475,39
457,31,39187,39
458,31,2591,45
459,31,1052,49
460,31,25234,39
461,31,561181,40
462,31,2318,50
463,31,2886,50
464,31,6699,39
465,31,7528,40
466,31,53513,40
467,31,6555,43
468,31,2710,50
469,31,15386,42
470,31,40229,49
471,31,2508,50
472,31,39276,40
473,31,177472,44
474,31,17053,42
475,31,418352,39
476,31,33201,42
477,31,126839,40
478,31,17270,40
479,31,50741,40
480,31,14153,49
481,31,118939,44
482,31,27536,48
483,31,115,50
484,31,17786,43
485,31,5088,45
486,31,18088,43
487,31,926,45
488,31,41038,43
489,31,21814,46
490,31,294,50
491,31,265741,62
492,31,283318,62
493,31,3050,49
494,31,555877,74
495,31,2206313,53
496,31,18419,41
497,31,39418,68
498,31,409321,49
499,31,24760,47
500,31,90463,44
501,31,4240,47
502,31,2394,54
503,31,717801,97
504,31,128748,44
505,31,176522,48
506,31,283353,45
507,31,569,50
508,31,231089,48
509,31,16003,62
510,31,181395,39
511,31,14399,50
512,31,95446,53
513,31,728983,42
514,31,946042,76
515,31,2196,47
516,31,41717,41
517,31,232906,39
518,31,4191,47
519,31,2471,45
520,31,64149,44
521,31,1391853,40
522,31,14972,42
523,31,137996,49
524,31,144750,43
525,31,269276,62
526,31,2735,46
527,31,108162,57
528,31,14899,43
529,31,4468,44
530,31,177626,49
531,31,58513,61
532,31,14731,44
533,31,1034954,48
534,31,2827,48
535,31,53361,49
536,31,180716,39
537,31,7288,45
538,31,2532,45
539,31,136837,44
540,31,16887,45
541,31,618544,68
542,31,14958,43
543,31,47436,43
544,31,4166,47
545,31,9738,50
546,31,117849,45
547,31,4173,44
548,31,10923,53
549,31,684,45
550,31,32190,61
551,31,18480,45
552,31,12092,40
553,31,31973,49
554,31,357076,44
555,31,4060,48
556,31,142813,40
557,31,15397,48
558,31,87219,38
559,31,73882,45
560,31,187837,62
561,31,148092,39
562,31,2246,55
563,31,7439,51
564,31,8857,43
565,31,8653,50
566,31,504137,53
567,31,26687,43
568,31,64215,44
569,31,7905,53
570,31,19186,51
571,31,410867,62
572,31,19269,43
573,31,1624467,50
574,31,6486,40
575,31,1840,40
576,31,2734,47
577,31,7914,50
578,31,142522,58
579,31,27558,41
580,31,483404,45
581,31,75159,42
582,31,44680,45
583,31,67921,39
584,31,14441,48
585,31,1254995,57
586,31,4666,44
587,31,33487,55
588,31,7037,48
589,31,87814,67
590,31,17577,49
591,31,28853,42
592,31,13812,43
593,31,376139,48
594,31,904647,42
595,31,2946,54
596,31,15585,59
597,31,39105,45
598,31,29580,39
599,31,36153,39
600,31,3858,50
601,31,281,50
602,31,5358,44
603,31,15506,44
604,31,9460,44
605,31,4245,44
606,31,7725,44
607,31,3574,49
608,31,161429,44
609,31,118981,45
610,31,22653,45
611,31,17659,57
612,31,5808,53
613,31,5238,45
614,31,426,45
615,31,7413,39
616,31,1907,40
617,31,453267,57
618,31,48898,51
619,31,18092,45
620,31,6579,55
621,31,45429,59
622,31,2653,50
623,31,4783,50
624,31,22596,40
625,31,44956,63
626,31,519,45
627,31,8647,40
628,31,9934,44
629,31,4534,55
630,31,150422,39
631,31,4853,54
632,31,834,48
633,31,266355,61
634,31,311,49
635,31,17923,48
636,31,19163,68
637,31,24677,39
638,31,1732,45
639,31,6190,45
640,31,6983,40
641,31,58398,40
642,31,3976,50
643,31,17729,40
644,31,3421,44
645,31,10013,45
646,31,2947,45
647,31,2617,45
648,31,122330,45
649,31,4118,40
650,31,133971,45
651,31,1651,50
652,31,12115,49
653,31,11709,45
654,31,3502,50
655,31,3463,54
656,31,20247,44
657,31,6078,40
658,31,9462,40
659,31,1806,45
660,31,10194,40
661,31,1114,45
662,31,6140,40
663,31,3354,40
664,31,90759,39
665,31,19955,45
666,31,3955,40
667,31,1060,45
668,31,117163,39
669,31,1950,40
670,31,4025,40
671,31,1134,45
672,31,3781,40
673,31,657,45
674,31,1139,45
675,31,1707,40
676,31,29931,45
677,31,19875,40
678,31,1061,45
679,31,1129,45
680,31,4447,40
681,31,1435,40
682,31,2220,45
683,31,874,45
684,31,3333,40
685,31,2634,40
686,31,2594,40
687,31,1357,45
688,31,511,45
689,31,435,45
690,31,2731,40
691,31,1552,40
692,31,1453,40
693,31,277,45
694,31,550,45
695,31,470,45
696,31,1349,45
697,31,6543,40
698,31,14421,45
699,31,646,40
700,31,2648,40
701,31,763,45
702,31,2650,40
703,31,1352,40
704,31,880,40
705,31,2746,40
706,31,3704,40
707,31,8042,45
708,31,635,40
709,31,1985,45
710,31,422,45
711,31,1779,40
712,31,1521,40
713,31,2960,39
714,31,2125,55
715,31,4132,40
716,31,16794,42
717,31,225,45
718,31,1283,40
719,31,834,40
720,31,27226,40
721,31,2757,40
722,31,5356,45
723,31,498,45
724,31,10911,45
725,31,7552,53
726,31,2074,40
727,31,1112,40
728,31,372,45
729,31,818,45
730,31,8072,47
731,31,6036,45
732,31,74634,50
733,31,1434,45
734,31,482,49
735,31,36611,15
736,31,30492,15
737,31,21715,8
738,31,23678,11
739,31,6275,11
740,31,2426,15
741,31,131151,8
742,31,18346,5
743,31,1334,5
744,31,112972,15
745,31,23085,8
746,31,168201,15
747,31,21203,11
748,31,372,5
749,31,11910,11
750,31,24024,5
751,31,13143,8
752,31,8849,8
753,31,1376,11
754,31,589,5
755,31,3177259,75
756,31,1280,40
757,31,962,45
758,31,319,45
759,31,551,40
760,31,750,40
761,31,573,40
762,31,424891,61
763,31,1354,45
764,31,8032,45
765,31,4599,60
766,31,22724,45
767,31,3657,45
768,31,13781,59
769,31,1308,45
770,31,14812,50
771,31,306,45
772,31,1221,50
773,31,152,45
774,31,453,40
775,31,162,45
776,31,19043,45
777,31,372,40
778,31,144,45
779,31,299,45
780,31,2155,45
781,31,2937,45
782,31,335,40
783,31,205,40
784,31,4343,45
785,31,367,59
786,31,213,40
787,31,150,40
788,31,134,40
789,31,818,45
790,31,9,45
791,31,43,40
792,31,0,45
1,32,1107,54
2,32,122249,65
3,32,1899745,62
4,32,667796,77
5,32,2784,40
6,32,753191,56
7,32,24573,46
8,32,69886,48
9,32,248107,65
10,32,5493,50
11,32,71539,59
12,32,271227,45
13,32,601724,82
14,32,130269,44
15,32,3572887,55
16,32,344406,62
17,32,2402765,104
18,32,3553641,65
19,32,878898,51
20,32,82395,49
21,32,6097,43
22,32,3776,48
23,32,323759,67
24,32,252454,61
25,32,99749,48
26,32,40902,42
27,32,136757,49
28,32,84893,62
29,32,25456,52
30,32,1969,49
31,32,7169,51
32,32,113492,44
33,32,20301,45
34,32,1639,65
35,32,33383,45
36,32,820832,45
37,32,183,50
38,32,187418,57
39,32,62299,40
40,32,62019,39
41,32,2238,54
42,32,4070,50
43,32,888,40
44,32,831120,44
45,32,152142,45
46,32,78,40
47,32,1451960,50
48,32,73629,52
49,32,31539,44
50,32,60325,39
51,32,16673,45
52,32,91693,42
53,32,39290,54
54,32,2485230,56
55,32,62,40
56,32,5394,40
57,32,130649,55
58,32,2145418,89
59,32,13565,43
60,32,7443,49
61,32,10518,45
62,32,3844,49
63,32,17733,49
64,32,17999,50
65,32,7125,54
66,32,581,50
67,32,5099,45
68,32,62046,39
69,32,123679,45
70,32,2105599,53
71,32,1681775,61
72,32,2820,44
73,32,82250,41
74,32,215774,48
75,32,2053,40
76,32,4089,48
77,32,3320,47
78,32,850549,57
79,32,31948,46
80,32,12440,48
81,32,13552,44
82,32,583811,73
83,32,24502,54
84,32,13249,44
85,32,52183,44
86,32,23733,44
87,32,8650,44
88,32,294287,45
89,32,156197,50
90,32,484,48
91,32,1004017,44
92,32,2867,43
93,32,1282,43
94,32,20704,48
95,32,6748,53
96,32,37078,39
97,32,6603,44
98,32,10186,50
99,32,3865472,80
100,32,34702,42
101,32,20904,48
102,32,1453,49
103,32,1568,45
104,32,33301,44
105,32,7767,43
106,32,89728,51
107,32,2469,59
108,32,127187,73
109,32,398217,39
110,32,1451383,65
111,32,253034,43
112,32,1189,45
113,32,33951,51
114,32,208,45
115,32,17617,50
116,32,228024,40
117,32,48730,45
118,32,2635,45
119,32,1133,49
120,32,281573,42
121,32,8686,54
122,32,164510,49
123,32,30258,55
124,32,3783,50
125,32,2525,65
126,32,7096,49
127,32,376,50
128,32,7809,43
129,32,1575210,56
130,32,59,45
131,32,28713,44
132,32,3791,65
133,32,1236,45
134,32,4167,50
135,32,167306,50
136,32,900270,65
137,32,47969,44
138,32,21565,45
139,32,5949,40
140,32,5553,44
141,32,1062,49
142,32,80884,40
143,32,474,55
144,32,104342,45
145,32,135205,43
146,32,341255,45
147,32,10216,43
148,32,686884,55
149,32,5882,47
150,32,288,45
151,32,11774,45
152,32,339658,46
153,32,9335,42
154,32,28736,39
155,32,44156,39
156,32,6136,53
157,32,113530,49
158,32,11117,44
159,32,86143,44
160,32,59975,46
161,32,4561,47
162,32,346364,44
163,32,1276847,54
164,32,6335,54
165,32,15733,49
166,32,12646,55
167,32,59091,42
168,32,448420,47
169,32,14859,59
170,32,2986,40
171,32,175302,49
172,32,131064,48
173,32,7900,43
174,32,45090,45
175,32,20518,63
176,32,263,45
177,32,362887,60
178,32,52907,47
179,32,20598,61
180,32,762374,77
181,32,252049,57
182,32,4644923,107
183,32,17177,44
184,32,13153,44
185,32,780848,45
186,32,94472,67
187,32,52997,42
188,32,33825,44
189,32,29269,43
190,32,8867,45
191,32,402125,42
192,32,18038,51
193,32,4908,48
194,32,23570,44
195,32,4810,43
196,32,11033,43
197,32,240,45
198,32,23110,51
199,32,1614529,68
200,32,769321,47
201,32,1574826,46
202,32,7137,42
203,32,5193,49
204,32,31614,41
205,32,12133,51
206,32,9614,48
207,32,2411241,78
208,32,26145,44
209,32,53979,39
210,32,285448,48
211,32,2844636,52
212,32,108,45
213,32,2990,45
214,32,5295,46
215,32,8335,43
216,32,16826,47
217,32,38756,51
218,32,448493,49
219,32,167398,48
220,32,119762,54
221,32,3659,43
222,32,27330,48
223,32,2253,49
224,32,18696,52
225,32,16114,40
226,32,80155,43
227,32,58167,39
228,32,472289,38
229,32,27047,49
230,32,130759,51
231,32,600033,44
232,32,89264,52
233,32,243349,48
234,32,2430,44
235,32,1708515,51
236,32,344457,49
237,32,2038,49
238,32,186048,43
239,32,164341,45
240,32,98334,49
241,32,65905,45
242,32,41079,39
243,32,3399,48
244,32,129675,42
245,32,24100,43
246,32,401,45
247,32,479311,55
248,32,290345,50
249,32,5096,48
250,32,15431,40
251,32,190892,55
252,32,640320,54
253,32,563,45
254,32,3013,47
255,32,2113774,49
256,32,3984,50
257,32,22040,44
258,32,37789,50
259,32,23441,52
260,32,25034,47
261,32,1487,40
262,32,1621,49
263,32,235785,38
264,32,3272,47
265,32,8202,51
266,32,5594,40
267,32,117654,43
268,32,387275,56
269,32,6267,40
270,32,322983,39
271,32,857,49
272,32,4116,54
273,32,1231,45
274,32,29510,52
275,32,190917,39
276,32,43148,45
277,32,22744,43
278,32,14518,48
279,32,404,40
280,32,68411,39
281,32,3071,48
282,32,144195,39
283,32,19065,43
284,32,139073,39
285,32,34752,44
286,32,33074,45
287,32,133762,44
288,32,36099,40
289,32,68173,48
290,32,7184,52
291,32,582890,39
292,32,18185,44
293,32,46908,44
294,32,87865,39
295,32,130190,41
296,32,14019,44
297,32,1384,45
298,32,32292,50
299,32,4313,47
300,32,19211,49
301,32,53996,40
302,32,7990,41
303,32,828,40
304,32,49357,40
305,32,170820,39
306,32,526546,53
307,32,187885,39
308,32,244226,39
309,32,566796,43
310,32,945254,55
311,32,1868389,72
312,32,3531,45
313,32,61805,47
314,32,44693,45
315,32,1371,45
316,32,232787,70
317,32,317358,72
318,32,1664,45
319,32,25710,52
320,32,14285,46
321,32,633402,73
322,32,44459,47
323,32,79316,50
324,32,29071,53
325,32,156841,40
326,32,880749,53
327,32,1855620,75
328,32,8205782,138
329,32,194564,62
330,32,5883,43
331,32,10041,44
332,32,6834,40
333,32,135122,39
334,32,5143,40
335,32,491018,58
336,32,372592,63
337,32,22615,46
338,32,162816,41
339,32,2778431,65
340,32,252999,53
341,32,92124,53
342,32,290915,61
343,32,6118,47
344,32,23384,39
345,32,436731,93
346,32,171636,62
347,32,639795,53
348,32,654117,92
349,32,27385,64
350,32,3438954,62
351,32,2613784,148
352,32,9803,70
353,32,22245,53
354,32,129722,54
355,32,422519,43
356,32,11569,49
357,32,9483,46
358,32,64677,52
359,32,5965,48
360,32,86603,62
361,32,325906,54
362,32,117588,53
363,32,296409,51
364,32,460620,53
365,32,20260,57
366,32,2084336,86
367,32,12703,43
368,32,46409,46
369,32,630201,50
370,32,19802,52
371,32,8892,44
372,32,538859,59
373,32,3478,45
374,32,26543,39
375,32,118623,69
376,32,8392,43
377,32,68968,49
378,32,198042,52
379,32,1743,44
380,32,266311,43
381,32,15180,49
382,32,11623,63
383,32,623549,49
384,32,762,50
385,32,838433,67
386,32,108039,62
387,32,17080,49
388,32,675387,45
389,32,190271,65
390,32,59652,40
391,32,33875,54
392,32,219271,59
393,32,3863,44
394,32,416091,62
395,32,1423880,45
396,32,193425,41
397,32,2543,48
398,32,934709,74
399,32,634930,48
400,32,6675,44
401,32,7116302,95
402,32,2022370,52
403,32,137309,60
404,32,10090,42
405,32,9969,43
406,32,7254,44
407,32,588,45
408,32,15167,40
409,32,1102515,46
410,32,40039,44
411,32,2103,50
412,32,10674,42
413,32,652099,49
414,32,31330,39
415,32,405329,55
416,32,34366,39
417,32,85205,55
418,32,547408,56
419,32,13646,45
420,32,15194,47
421,32,20461,69
422,32,1896375,52
423,32,31107,50
424,32,36910,55
425,32,13174,42
426,32,1854,45
427,32,15831,41
428,32,11240,43
429,32,2903,47
430,32,22993,49
431,32,4381,48
432,32,913526,55
433,32,723773,65
434,32,195763,52
435,32,1380,45
436,32,549312,47
437,32,397121,45
438,32,1842,45
439,32,78,50
440,32,4739,42
441,32,87,40
442,32,147138,43
443,32,2174991,51
444,32,6120,42
445,32,912720,39
446,32,90251,45
447,32,3012821,70
448,32,2202,45
449,32,15512,48
450,32,6612,48
451,32,9726,44
452,32,7488,49
453,32,60869,51
454,32,9185,43
455,32,251218,40
456,32,44775,39
457,32,38434,39
458,32,2579,45
459,32,1052,49
460,32,24802,39
461,32,543864,40
462,32,2510,50
463,32,2927,50
464,32,6800,39
465,32,7434,40
466,32,52230,40
467,32,6774,43
468,32,2706,50
469,32,15415,42
470,32,39865,49
471,32,2543,50
472,32,38714,40
473,32,177601,44
474,32,17044,42
475,32,403639,39
476,32,33420,42
477,32,125385,40
478,32,17184,40
479,32,50302,40
480,32,14073,49
481,32,114303,44
482,32,27411,48
483,32,115,50
484,32,17769,43
485,32,5070,45
486,32,17814,43
487,32,925,45
488,32,40072,43
489,32,21140,46
490,32,294,50
491,32,300176,62
492,32,266537,62
493,32,3049,49
494,32,538638,74
495,32,2145913,53
496,32,18435,41
497,32,39910,68
498,32,406914,49
499,32,23640,47
500,32,88591,44
501,32,4233,47
502,32,2388,54
503,32,634859,98
504,32,124176,44
505,32,173186,48
506,32,281542,45
507,32,569,50
508,32,223733,48
509,32,16013,62
510,32,187886,39
511,32,14284,50
512,32,95130,52
513,32,733798,42
514,32,820986,75
515,32,2188,47
516,32,41492,41
517,32,223190,39
518,32,4182,47
519,32,2462,45
520,32,62269,44
521,32,1340812,40
522,32,14887,42
523,32,136456,49
524,32,139264,43
525,32,264500,62
526,32,2717,46
527,32,107179,57
528,32,14572,43
529,32,4462,44
530,32,166143,49
531,32,58241,61
532,32,14710,44
533,32,956837,48
534,32,2823,48
535,32,39195,49
536,32,181860,39
537,32,7262,45
538,32,2525,45
539,32,134229,44
540,32,16758,45
541,32,642538,68
542,32,14803,42
543,32,45062,43
544,32,4122,47
545,32,9725,50
546,32,117128,45
547,32,4132,44
548,32,10529,53
549,32,684,45
550,32,30451,61
551,32,18413,45
552,32,12023,40
553,32,28246,49
554,32,342023,44
555,32,4065,48
556,32,141847,40
557,32,15261,48
558,32,86260,38
559,32,65641,45
560,32,169773,62
561,32,144843,39
562,32,2245,55
563,32,7395,51
564,32,8730,43
565,32,9398,50
566,32,471463,54
567,32,25612,43
568,32,60886,44
569,32,7322,53
570,32,19180,51
571,32,403798,62
572,32,20978,43
573,32,1874585,51
574,32,6447,40
575,32,1827,40
576,32,2725,47
577,32,7379,50
578,32,139075,58
579,32,57987,41
580,32,462514,45
581,32,67282,42
582,32,44966,45
583,32,66380,39
584,32,14387,48
585,32,1379498,58
586,32,4692,44
587,32,33384,55
588,32,7010,48
589,32,88768,67
590,32,17847,49
591,32,28319,42
592,32,13917,43
593,32,362911,48
594,32,901938,42
595,32,2993,54
596,32,17090,59
597,32,41236,45
598,32,29324,39
599,32,37086,39
600,32,3872,50
601,32,281,50
602,32,5299,44
603,32,15331,44
604,32,9434,44
605,32,4230,44
606,32,7664,44
607,32,3847,49
608,32,154072,44
609,32,116880,45
610,32,22416,45
611,32,17509,57
612,32,4879,53
613,32,5098,45
614,32,426,45
615,32,7673,39
616,32,1904,40
617,32,522176,58
618,32,43247,50
619,32,17122,45
620,32,6613,55
621,32,45274,59
622,32,2705,50
623,32,6998,50
624,32,22296,40
625,32,46511,63
626,32,517,45
627,32,8644,40
628,32,9855,44
629,32,4717,55
630,32,148512,39
631,32,4641,54
632,32,823,48
633,32,319674,61
634,32,313,49
635,32,18056,48
636,32,19108,68
637,32,24583,39
638,32,1736,45
639,32,6256,45
640,32,6923,40
641,32,57830,40
642,32,3742,50
643,32,17646,40
644,32,3421,44
645,32,9760,45
646,32,2906,45
647,32,2627,45
648,32,120318,45
649,32,4081,40
650,32,131630,45
651,32,1662,50
652,32,12000,49
653,32,11867,45
654,32,3425,50
655,32,3415,54
656,32,19828,44
657,32,6015,40
658,32,8725,40
659,32,1786,45
660,32,10035,40
661,32,1105,45
662,32,6296,40
663,32,3315,40
664,32,89032,39
665,32,19769,45
666,32,4062,40
667,32,1068,45
668,32,114488,39
669,32,1978,40
670,32,4061,40
671,32,1125,45
672,32,3784,40
673,32,664,45
674,32,1112,45
675,32,1681,40
676,32,29477,45
677,32,18621,40
678,32,1057,45
679,32,1152,45
680,32,4536,40
681,32,1418,40
682,32,2216,45
683,32,881,45
684,32,3368,40
685,32,2656,40
686,32,2611,40
687,32,1334,45
688,32,518,45
689,32,430,45
690,32,2758,40
691,32,1593,40
692,32,1504,40
693,32,271,45
694,32,565,45
695,32,491,45
696,32,1367,45
697,32,6509,40
698,32,14170,45
699,32,631,40
700,32,2727,40
701,32,754,45
702,32,2692,40
703,32,1394,40
704,32,900,40
705,32,2814,40
706,32,3870,40
707,32,7851,45
708,32,627,40
709,32,1921,45
710,32,431,45
711,32,1815,40
712,32,1555,40
713,32,3251,39
714,32,2245,55
715,32,3962,40
716,32,16037,42
717,32,222,45
718,32,1341,40
719,32,901,40
720,32,29312,40
721,32,2892,40
722,32,5329,45
723,32,489,45
724,32,10660,45
725,32,40194,53
726,32,2140,40
727,32,1160,40
728,32,357,45
729,32,828,45
730,32,7371,47
731,32,6686,45
732,32,69068,50
733,32,1482,45
734,32,479,49
735,32,42385,15
736,32,21763,15
737,32,33971,8
738,32,9820,11
739,32,5698,11
740,32,4741,15
741,32,225381,8
742,32,11071,5
743,32,865,5
744,32,114665,15
745,32,13045,8
746,32,320261,15
747,32,13100,11
748,32,258,5
749,32,4951,11
750,32,5195,5
751,32,5002,8
752,32,2117,8
753,32,4159,11
754,32,427,5
755,32,3337239,76
756,32,1361,40
757,32,1022,45
758,32,322,45
759,32,565,40
760,32,788,40
761,32,597,40
762,32,519906,62
763,32,1637,45
764,32,6012,45
765,32,4227,60
766,32,25009,45
767,32,3194,44
768,32,11801,58
769,32,1312,45
770,32,9651,50
771,32,314,45
772,32,1190,50
773,32,160,45
774,32,502,40
775,32,162,45
776,32,18323,45
777,32,412,40
778,32,165,45
779,32,314,45
780,32,2299,45
781,32,3069,45
782,32,388,40
783,32,235,40
784,32,4547,45
785,32,358,59
786,32,278,40
787,32,193,40
788,32,166,40
789,32,929,45
790,32,26,45
791,32,110,40
792,32,56,45
793,32,0,45
794,32,0,40
795,32,0,45
796,32,0,40
797,32,0,45
798,32,0,45
1,33,1106,54
2,33,121519,65
3,33,1574465,62
4,33,664454,77
5,33,2746,40
6,33,971007,57
7,33,24118,46
8,33,275547,48
9,33,346581,65
10,33,5477,50
11,33,75187,59
12,33,245353,45
13,33,636120,82
14,33,145017,44
15,33,3963612,56
16,33,451594,62
17,33,3337709,105
18,33,4068438,66
19,33,859213,51
20,33,91445,49
21,33,15578,43
22,33,3772,48
23,33,469524,67
24,33,257391,61
25,33,108208,48
26,33,41633,42
27,33,138166,49
28,33,84690,62
29,33,25529,52
30,33,1962,49
31,33,7119,51
32,33,142241,44
33,33,20188,45
34,33,1638,65
35,33,33204,45
36,33,810797,45
37,33,183,50
38,33,186171,57
39,33,60992,40
40,33,61899,39
41,33,2232,54
42,33,4360,50
43,33,884,40
44,33,1032642,44
45,33,167174,45
46,33,76,40
47,33,1523660,50
48,33,78586,52
49,33,32307,44
50,33,58857,39
51,33,16358,45
52,33,93246,42
53,33,39176,54
54,33,3154148,57
55,33,61,40
56,33,5340,40
57,33,161576,55
58,33,2399848,89
59,33,13454,43
60,33,7136,49
61,33,10477,45
62,33,3684,49
63,33,16110,49
64,33,17783,50
65,33,7064,54
66,33,578,50
67,33,5086,45
68,33,60133,39
69,33,126506,45
70,33,1924720,53
71,33,1217621,60
72,33,2814,44
73,33,80910,41
74,33,178569,47
75,33,2024,40
76,33,4069,48
77,33,3404,47
78,33,780350,57
79,33,32390,46
80,33,12376,48
81,33,14262,44
82,33,554483,73
83,33,23988,54
84,33,13073,44
85,33,49755,44
86,33,24542,44
87,33,8628,44
88,33,311295,45
89,33,143563,50
90,33,492,48
91,33,984556,44
92,33,3003,43
93,33,1316,43
94,33,20279,48
95,33,6806,53
96,33,36641,39
97,33,6581,44
98,33,9968,50
99,33,3459111,79
100,33,34431,42
101,33,20417,48
102,33,1452,49
103,33,1565,45
104,33,33179,44
105,33,7615,43
106,33,79898,51
107,33,2508,59
108,33,127045,73
109,33,392899,39
110,33,1397960,65
111,33,260832,43
112,33,1183,45
113,33,33819,51
114,33,207,45
115,33,17009,50
116,33,225808,40
117,33,47666,45
118,33,2628,45
119,33,1132,49
120,33,274181,42
121,33,9461,54
122,33,139604,49
123,33,30371,55
124,33,3778,50
125,33,2520,65
126,33,6603,49
127,33,376,50
128,33,7761,43
129,33,1555462,56
130,33,59,45
131,33,26650,44
132,33,3654,65
133,33,1227,45
134,33,4176,50
135,33,132011,49
136,33,725334,64
137,33,47312,44
138,33,21448,45
139,33,5924,40
140,33,5488,44
141,33,1062,49
142,33,80420,40
143,33,474,55
144,33,99386,45
145,33,131360,43
146,33,312300,46
147,33,9554,43
148,33,662487,55
149,33,5857,47
150,33,288,45
151,33,11726,45
152,33,326312,46
153,33,9326,42
154,33,28997,39
155,33,44215,39
156,33,6477,53
157,33,112117,49
158,33,11017,44
159,33,81592,44
160,33,60583,46
161,33,4549,47
162,33,312284,44
163,33,1159227,54
164,33,6332,54
165,33,15628,49
166,33,12660,55
167,33,54426,42
168,33,413753,47
169,33,14851,59
170,33,2963,40
171,33,172391,49
172,33,114150,48
173,33,7671,43
174,33,44732,45
175,33,20501,63
176,33,263,45
177,33,359659,60
178,33,52394,47
179,33,20585,61
180,33,742440,77
181,33,240001,57
182,33,3943892,106
183,33,17119,44
184,33,13040,44
185,33,741825,45
186,33,94755,67
187,33,48407,42
188,33,33754,44
189,33,28829,43
190,33,8820,45
191,33,396032,42
192,33,17660,51
193,33,4892,48
194,33,30579,44
195,33,4833,43
196,33,11320,43
197,33,240,45
198,33,23172,51
199,33,1755980,69
200,33,780264,47
201,33,1538230,46
202,33,7071,42
203,33,5439,49
204,33,31162,41
205,33,12382,51
206,33,9664,48
207,33,2511617,78
208,33,26259,44
209,33,53091,39
210,33,285661,48
211,33,2879509,53
212,33,108,45
213,33,2970,45
214,33,5238,46
215,33,8437,43
216,33,17978,47
217,33,38188,51
218,33,384449,48
219,33,160038,48
220,33,118986,54
221,33,3795,43
222,33,23187,48
223,33,2226,49
224,33,17146,52
225,33,16013,40
226,33,76200,43
227,33,56862,39
228,33,507223,38
229,33,26989,49
230,33,130888,51
231,33,561022,43
232,33,95355,52
233,33,244382,48
234,33,2450,44
235,33,1619240,51
236,33,327612,49
237,33,2112,49
238,33,173231,43
239,33,163257,45
240,33,97265,49
241,33,65175,45
242,33,41646,39
243,33,3370,48
244,33,121483,42
245,33,23945,43
246,33,396,45
247,33,445103,55
248,33,283154,50
249,33,5084,48
250,33,15343,40
251,33,190394,55
252,33,580219,53
253,33,563,45
254,33,3014,47
255,33,1957323,49
256,33,3979,50
257,33,22119,44
258,33,38287,50
259,33,23154,52
260,33,24797,47
261,33,1483,40
262,33,1584,49
263,33,241444,38
264,33,3222,47
265,33,8207,51
266,33,5495,40
267,33,113801,42
268,33,354463,56
269,33,6221,40
270,33,297424,39
271,33,855,49
272,33,4259,54
273,33,1225,45
274,33,28122,52
275,33,271306,38
276,33,42867,45
277,33,22987,43
278,33,14264,48
279,33,405,40
280,33,68172,39
281,33,3058,48
282,33,142596,39
283,33,18875,43
284,33,137562,39
285,33,33982,44
286,33,32896,45
287,33,128213,44
288,33,35150,40
289,33,68595,48
290,33,6993,52
291,33,567452,38
292,33,17933,44
293,33,45442,44
294,33,87105,39
295,33,126335,41
296,33,13487,44
297,33,1383,45
298,33,31912,50
299,33,4284,47
300,33,18971,49
301,33,54338,40
302,33,8027,41
303,33,823,40
304,33,45991,40
305,33,167284,39
306,33,516100,53
307,33,183770,39
308,33,249573,39
309,33,560939,43
310,33,956972,55
311,33,1768671,72
312,33,3520,45
313,33,149843,47
314,33,43652,45
315,33,1369,45
316,33,225812,70
317,33,310566,72
318,33,1660,45
319,33,25602,52
320,33,14286,46
321,33,587477,72
322,33,44204,47
323,33,79087,50
324,33,28927,53
325,33,158088,40
326,33,875340,53
327,33,1908322,75
328,33,8055539,138
329,33,199116,62
330,33,6565,43
331,33,10047,44
332,33,6803,40
333,33,131442,39
334,33,5125,40
335,33,478376,58
336,33,325229,62
337,33,22714,46
338,33,164507,41
339,33,2868913,66
340,33,251765,53
341,33,91628,53
342,33,292488,61
343,33,6504,47
344,33,23499,39
345,33,1131378,93
346,33,172030,62
347,33,587143,53
348,33,561543,91
349,33,28846,64
350,33,3958947,62
351,33,2562791,148
352,33,9796,70
353,33,22212,53
354,33,162984,54
355,33,465028,43
356,33,11761,49
357,33,16925,46
358,33,103505,52
359,33,5909,48
360,33,86535,62
361,33,453577,54
362,33,116991,53
363,33,295433,51
364,33,446275,53
365,33,20190,57
366,33,1817065,85
367,33,13364,43
368,33,47117,46
369,33,634335,50
370,33,19801,52
371,33,8865,44
372,33,536512,59
373,33,3463,45
374,33,28910,39
375,33,117325,69
376,33,8475,43
377,33,72861,49
378,33,198862,52
379,33,1725,44
380,33,263435,43
381,33,15160,49
382,33,11930,63
383,33,605773,49
384,33,762,50
385,33,995061,67
386,33,107320,62
387,33,17692,49
388,33,627704,45
389,33,180737,65
390,33,58929,40
391,33,33724,54
392,33,292895,59
393,33,3714,44
394,33,353011,62
395,33,1289667,45
396,33,178955,41
397,33,2579,48
398,33,878309,74
399,33,577323,47
400,33,6612,44
401,33,6698831,95
402,33,1754699,52
403,33,132284,60
404,33,10015,42
405,33,10010,43
406,33,7228,44
407,33,605,45
408,33,15079,40
409,33,989537,46
410,33,40386,44
411,33,2022,50
412,33,10696,42
413,33,607961,49
414,33,32658,39
415,33,397577,55
416,33,34933,39
417,33,85514,55
418,33,528398,56
419,33,13593,45
420,33,14889,47
421,33,17592,69
422,33,1538845,52
423,33,29759,50
424,33,35349,55
425,33,13157,42
426,33,1848,45
427,33,15762,41
428,33,11553,43
429,33,2879,47
430,33,22823,49
431,33,4345,48
432,33,790906,54
433,33,617990,65
434,33,171578,52
435,33,1372,45
436,33,532819,47
437,33,370943,45
438,33,1839,45
439,33,78,50
440,33,4723,42
441,33,87,40
442,33,143424,43
443,33,2056224,51
444,33,6092,42
445,33,892432,39
446,33,89750,45
447,33,2751565,69
448,33,2197,45
449,33,15397,48
450,33,5913,48
451,33,9597,44
452,33,7334,49
453,33,59724,51
454,33,9128,43
455,33,246691,40
456,33,44156,39
457,33,37644,39
458,33,2569,45
459,33,1050,49
460,33,24365,39
461,33,526827,40
462,33,2839,50
463,33,2938,50
464,33,7701,39
465,33,7324,40
466,33,50734,40
467,33,6981,43
468,33,2702,50
469,33,15430,42
470,33,37885,49
471,33,2568,50
472,33,38358,40
473,33,216719,44
474,33,16941,42
475,33,383969,39
476,33,33743,42
477,33,123842,40
478,33,17102,40
479,33,49985,40
480,33,13979,49
481,33,110221,44
482,33,27216,48
483,33,114,50
484,33,17731,43
485,33,5051,45
486,33,17578,43
487,33,924,45
488,33,38950,43
489,33,20570,46
490,33,294,50
491,33,283265,62
492,33,261167,62
493,33,3041,49
494,33,492979,74
495,33,2020310,53
496,33,18454,41
497,33,40717,68
498,33,403534,49
499,33,22710,47
500,33,100455,44
501,33,4221,47
502,33,2386,54
503,33,523623,98
504,33,106842,44
505,33,169638,48
506,33,278705,45
507,33,568,50
508,33,216553,48
509,33,16020,62
510,33,212909,39
511,33,14324,50
512,33,94821,52
513,33,799005,42
514,33,887727,75
515,33,2180,47
516,33,42375,41
517,33,214238,39
518,33,4133,47
519,33,2445,45
520,33,63880,44
521,33,1287261,40
522,33,14906,42
523,33,136368,49
524,33,165621,43
525,33,277858,62
526,33,2740,46
527,33,110134,57
528,33,16471,43
529,33,4454,44
530,33,160785,49
531,33,59392,61
532,33,14671,44
533,33,1020378,49
534,33,2846,48
535,33,26901,49
536,33,192436,39
537,33,7235,45
538,33,2513,45
539,33,134479,44
540,33,16636,45
541,33,684317,68
542,33,14722,42
543,33,38872,43
544,33,4082,47
545,33,9710,50
546,33,116380,45
547,33,4132,44
548,33,10338,53
549,33,683,45
550,33,29299,61
551,33,18345,45
552,33,11940,40
553,33,26094,49
554,33,320827,44
555,33,4082,48
556,33,140896,40
557,33,15109,48
558,33,94732,38
559,33,59237,45
560,33,132995,61
561,33,139304,39
562,33,2243,55
563,33,7384,51
564,33,8584,43
565,33,9480,50
566,33,475374,54
567,33,24565,43
568,33,57528,44
569,33,6650,53
570,33,19105,51
571,33,408356,62
572,33,23732,43
573,33,1779720,51
574,33,6425,40
575,33,1818,40
576,33,2733,47
577,33,7093,50
578,33,136661,58
579,33,67118,41
580,33,436951,45
581,33,57751,42
582,33,45263,45
583,33,66479,39
584,33,14328,48
585,33,1399330,58
586,33,4717,44
587,33,33253,55
588,33,7006,48
589,33,94851,67
590,33,17790,49
591,33,32311,42
592,33,14072,43
593,33,349463,48
594,33,891853,42
595,33,2962,54
596,33,16127,59
597,33,50252,45
598,33,29382,39
599,33,42661,39
600,33,3830,50
601,33,281,50
602,33,5233,44
603,33,15163,44
604,33,9424,44
605,33,4219,44
606,33,7601,44
607,33,23898,49
608,33,158999,43
609,33,114884,45
610,33,22188,45
611,33,17379,57
612,33,4201,53
613,33,4919,45
614,33,425,45
615,33,8357,39
616,33,1900,40
617,33,488612,58
618,33,40391,50
619,33,16224,45
620,33,6603,55
621,33,45097,59
622,33,2715,50
623,33,8243,50
624,33,22046,40
625,33,66624,63
626,33,517,45
627,33,8671,40
628,33,9804,44
629,33,4849,55
630,33,147748,39
631,33,4563,54
632,33,817,48
633,33,540382,61
634,33,336,49
635,33,16738,48
636,33,18870,68
637,33,25625,39
638,33,1747,45
639,33,6300,45
640,33,6846,40
641,33,57105,40
642,33,3638,50
643,33,17695,40
644,33,3522,44
645,33,9679,45
646,33,2872,45
647,33,2656,45
648,33,118443,45
649,33,4033,40
650,33,131283,45
651,33,1691,50
652,33,12091,49
653,33,11643,45
654,33,3614,50
655,33,3386,54
656,33,19374,44
657,33,5901,40
658,33,8618,40
659,33,1769,45
660,33,9912,40
661,33,1093,45
662,33,6379,40
663,33,3288,40
664,33,87815,39
665,33,19613,45
666,33,4274,40
667,33,1073,45
668,33,111926,39
669,33,2071,40
670,33,5622,40
671,33,1110,45
672,33,3841,40
673,33,670,45
674,33,1123,45
675,33,1656,40
676,33,29672,45
677,33,21503,40
678,33,1052,45
679,33,1225,45
680,33,4993,40
681,33,1399,40
682,33,2251,45
683,33,886,45
684,33,3421,40
685,33,2853,40
686,33,2724,40
687,33,1373,45
688,33,533,45
689,33,428,45
690,33,2806,40
691,33,1658,40
692,33,1570,40
693,33,264,45
694,33,562,45
695,33,501,45
696,33,1405,45
697,33,6658,40
698,33,14253,45
699,33,618,40
700,33,2804,40
701,33,771,45
702,33,2907,40
703,33,1485,40
704,33,946,40
705,33,3017,40
706,33,4254,40
707,33,7872,45
708,33,617,40
709,33,1859,45
710,33,478,45
711,33,2258,40
712,33,1674,40
713,33,3990,39
714,33,2199,55
715,33,4433,40
716,33,15396,41
717,33,219,45
718,33,1433,40
719,33,954,40
720,33,32964,40
721,33,2965,40
722,33,5698,45
723,33,524,45
724,33,10978,45
725,33,57304,53
726,33,2107,40
727,33,1391,40
728,33,368,45
729,33,835,45
730,33,6943,47
731,33,6894,45
732,33,60912,50
733,33,1682,45
734,33,500,49
735,33,218158,15
736,33,84733,15
737,33,55020,8
738,33,2019,11
739,33,2791,11
740,33,3236,15
741,33,144594,8
742,33,13791,5
743,33,861,5
744,33,72549,15
745,33,5282,8
746,33,123898,15
747,33,9722,11
748,33,198,5
749,33,3470,11
750,33,6498,5
751,33,5034,8
752,33,1758,8
753,33,4062,11
754,33,341,5
755,33,4053784,77
756,33,1355,40
757,33,1177,45
758,33,351,45
759,33,674,40
760,33,884,40
761,33,663,40
762,33,531073,62
763,33,1579,45
764,33,6444,45
765,33,5006,60
766,33,25612,45
767,33,2939,44
768,33,11464,58
769,33,1349,45
770,33,7748,50
771,33,322,45
772,33,1226,50
773,33,174,45
774,33,577,40
775,33,172,45
776,33,21285,45
777,33,467,40
778,33,181,45
779,33,358,45
780,33,2786,45
781,33,3417,45
782,33,456,40
783,33,301,40
784,33,6257,45
785,33,367,59
786,33,374,40
787,33,259,40
788,33,235,40
789,33,1371,45
790,33,39,45
791,33,191,40
792,33,58,45
793,33,16,45
794,33,77,40
795,33,38,45
796,33,78,40
797,33,41,45
798,33,3007,45
799,33,0,40
10,34,5478,50
14,34,170736,44
19,34,844308,51
26,34,41400,42
27,34,134687,49
59,34,13366,43
60,34,7126,49
61,34,10437,45
62,34,3665,49
63,34,15404,49
64,34,17459,50
65,34,6981,54
66,34,578,50
67,34,5073,45
68,34,58120,39
69,34,121413,45
70,34,2274327,53
71,34,1574793,60
72,34,2808,44
74,34,166817,47
75,34,1997,40
76,34,4051,48
77,34,3387,47
78,34,877694,57
79,34,35432,46
80,34,12337,48
81,34,16104,44
82,34,547732,73
83,34,24438,54
84,34,12918,44
85,34,56086,44
86,34,24402,44
87,34,8591,44
88,34,320796,45
89,34,140770,49
90,34,494,48
91,34,986714,44
92,34,3178,43
93,34,1297,43
94,34,20049,48
95,34,7012,53
96,34,36036,39
97,34,6470,44
98,34,10341,50
99,34,4544262,80
100,34,34338,42
101,34,21819,48
102,34,1448,49
103,34,1563,45
104,34,32814,44
105,34,7534,43
106,34,76532,51
107,34,2494,59
108,34,126956,73
109,34,370012,39
110,34,1698957,66
111,34,259642,43
112,34,1182,45
113,34,33932,51
114,34,207,45
115,34,17188,50
116,34,223832,40
117,34,47190,45
118,34,2619,45
119,34,1132,49
120,34,276738,42
121,34,10659,54
122,34,196542,49
123,34,28612,55
124,34,3772,50
125,34,2517,65
126,34,7268,49
127,34,374,50
128,34,7718,43
129,34,1162028,56
130,34,59,45
131,34,26587,44
132,34,6456,65
133,34,1226,45
134,34,4199,50
135,34,130697,49
136,34,905645,64
137,34,46795,44
138,34,21376,45
139,34,5907,40
140,34,5435,44
141,34,1061,49
142,34,80961,40
143,34,474,55
144,34,85501,45
145,34,132484,43
146,34,322853,46
147,34,9176,43
148,34,877928,55
149,34,6148,47
150,34,288,45
151,34,11682,45
152,34,491303,46
153,34,9384,42
154,34,28458,39
155,34,43470,39
156,34,6182,53
157,34,112133,49
158,34,10948,44
159,34,99481,44
161,34,4535,47
162,34,317276,44
163,34,1653546,54
164,34,6329,54
165,34,15536,49
166,34,12737,55
168,34,433023,47
169,34,14828,59
170,34,2950,40
171,34,163830,49
172,34,134658,48
173,34,7464,43
174,34,44596,45
175,34,20480,63
176,34,263,45
177,34,363195,60
178,34,52000,47
179,34,20621,61
180,34,789861,77
181,34,237821,57
182,34,4515181,106
183,34,17073,44
184,34,12964,44
185,34,896155,45
187,34,46815,42
188,34,37088,44
189,34,28577,43
191,34,401957,42
192,34,17613,51
198,34,23098,51
204,34,30046,41
217,34,42283,51
218,34,353069,48
219,34,173128,48
220,34,118452,54
221,34,3933,43
222,34,22368,48
223,34,2270,49
224,34,17836,52
225,34,15913,40
226,34,73255,43
227,34,55334,39
228,34,486098,38
229,34,26936,49
230,34,131025,51
231,34,571347,43
232,34,98516,52
234,34,2541,44
235,34,1695701,51
236,34,270611,49
237,34,2133,49
238,34,167756,43
239,34,163646,45
240,34,102746,49
241,34,81412,45
242,34,43464,39
243,34,3412,48
244,34,118168,42
245,34,24164,43
246,34,397,45
247,34,1177934,56
248,34,799663,50
249,34,5372,48
250,34,15268,40
251,34,182853,55
252,34,903690,53
253,34,563,45
254,34,3029,47
255,34,2419776,48
256,34,3975,50
257,34,26840,44
258,34,38846,50
259,34,25048,52
260,34,24634,47
261,34,1474,40
262,34,1471,49
263,34,219265,38
264,34,3203,47
265,34,8238,51
266,34,5423,40
267,34,105131,42
268,34,361667,56
269,34,6184,40
270,34,281234,38
271,34,854,49
272,34,4581,54
273,34,1218,45
274,34,27364,52
275,34,246179,38
276,34,42634,45
277,34,23152,43
278,34,14682,48
279,34,404,40
280,34,66926,39
281,34,3078,48
282,34,139585,39
283,34,18825,43
284,34,135869,39
285,34,33295,44
286,34,32746,45
287,34,124087,44
288,34,35109,40
289,34,65038,48
290,34,7105,52
291,34,573322,38
292,34,17801,44
293,34,46868,44
294,34,85173,39
295,34,123310,41
296,34,13427,44
297,34,1381,45
298,34,31684,50
299,34,4242,47
300,34,19029,49
301,34,52523,40
302,34,8233,41
303,34,819,40
304,34,43662,40
305,34,164738,39
306,34,517075,53
307,34,179971,39
308,34,244398,39
309,34,552345,43
310,34,1072826,55
311,34,2394985,72
312,34,3514,45
313,34,89790,47
314,34,43106,45
315,34,1367,45
316,34,223383,70
317,34,326611,72
318,34,1658,45
319,34,25601,52
320,34,14219,46
321,34,590985,72
322,34,44025,47
323,34,78925,50
324,34,28782,53
325,34,143733,40
326,34,876699,53
327,34,2681664,76
328,34,8223072,138
329,34,215285,62
330,34,6353,43
331,34,10005,44
332,34,6788,40
333,34,122083,39
334,34,5112,40
335,34,472747,58
336,34,325973,62
337,34,24821,46
338,34,156652,41
339,34,3202363,66
359,34,5853,48
364,34,438813,53
365,34,20149,57
366,34,1996574,85
367,34,13330,43
368,34,47411,46
369,34,610574,50
370,34,19912,52
371,34,8900,44
372,34,545426,59
373,34,3454,45
374,34,28365,39
375,34,119018,69
376,34,8700,43
377,34,84875,49
378,34,200509,52
379,34,1714,44
380,34,261541,43
381,34,15148,49
382,34,12540,63
383,34,611594,49
384,34,762,50
386,34,113360,62
387,34,18582,49
388,34,521794,45
389,34,175744,65
390,34,58148,40
391,34,33622,54
392,34,1110359,60
393,34,3649,44
394,34,386978,62
395,34,1191407,45
396,34,164325,41
397,34,2591,48
398,34,964345,74
399,34,542993,47
400,34,6569,44
401,34,7305601,96
402,34,2168429,53
403,34,137218,60
404,34,9964,42
405,34,10084,43
406,34,7120,44
407,34,617,45
408,34,14985,40
409,34,1043469,46
410,34,39671,44
411,34,2023,50
412,34,10649,42
413,34,899248,50
414,34,30841,39
415,34,577284,55
416,34,34515,39
417,34,101278,55
418,34,897380,56
419,34,13547,45
420,34,14842,47
421,34,19829,69
422,34,1407641,52
423,34,37171,50
424,34,36186,55
425,34,13129,42
426,34,1845,45
427,34,16184,41
428,34,11348,43
429,34,2929,47
430,34,22692,49
431,34,4511,48
432,34,941705,54
433,34,692791,64
434,34,170936,51
435,34,1367,45
436,34,592107,47
437,34,365955,45
438,34,1838,45
439,34,78,50
440,34,4697,42
441,34,86,40
442,34,138747,43
443,34,2304017,51
444,34,6321,42
446,34,89298,45
447,34,3495989,70
448,34,2196,45
449,34,15307,48
450,34,5686,47
451,34,9484,44
452,34,7213,49
453,34,58988,51
454,34,9078,43
455,34,242636,40
456,34,43295,39
457,34,36662,39
458,34,2561,45
459,34,1049,49
460,34,23980,39
461,34,511845,40
462,34,3009,50
463,34,2963,50
464,34,7443,39
465,34,7224,40
466,34,49088,40
467,34,7347,43
468,34,2699,50
469,34,15451,42
470,34,38640,49
471,34,2573,50
472,34,38180,40
473,34,192241,44
474,34,16848,42
475,34,369181,39
476,34,37215,42
477,34,122511,40
478,34,17044,40
479,34,49540,40
480,34,13999,49
481,34,106512,44
482,34,27125,48
483,34,115,50
484,34,17672,43
485,34,5043,45
486,34,17400,43
487,34,923,45
488,34,38078,43
489,34,20191,46
490,34,294,50
491,34,285428,62
492,34,261612,62
493,34,3037,49
494,34,484584,74
495,34,1994897,53
496,34,18374,41
497,34,43533,68
498,34,401738,49
499,34,22281,47
500,34,86602,44
501,34,4235,47
502,34,2385,54
503,34,498821,97
504,34,97303,44
505,34,168377,48
506,34,277233,45
507,34,568,50
508,34,212907,48
509,34,16096,62
510,34,216010,39
511,34,14156,50
512,34,94607,52
513,34,654622,42
514,34,1117176,76
515,34,2174,47
516,34,42355,41
517,34,203178,39
518,34,4128,47
519,34,2432,45
520,34,69495,44
521,34,1229229,40
522,34,14948,42
523,34,134935,49
524,34,146659,43
525,34,277940,62
526,34,2757,46
527,34,109714,57
528,34,15188,43
529,34,4446,44
530,34,156840,48
531,34,59678,61
532,34,14654,44
533,34,2383178,50
534,34,2906,48
535,34,23186,49
536,34,227183,39
537,34,7210,45
538,34,2509,45
539,34,130292,44
540,34,16546,45
541,34,2328499,70
542,34,14791,42
543,34,39725,43
544,34,4087,47
545,34,9697,50
546,34,115709,45
547,34,4060,44
548,34,10887,53
549,34,682,45
550,34,28969,61
551,34,18266,45
552,34,11865,40
553,34,30993,49
554,34,460124,44
555,34,4049,48
556,34,139786,40
557,34,15016,48
558,34,86869,38
559,34,126850,45
560,34,194528,61
561,34,135567,39
562,34,2239,55
563,34,7717,51
564,34,9439,43
565,34,30761,50
566,34,721502,54
567,34,51200,43
568,34,55105,44
569,34,6358,53
570,34,19095,51
572,34,25217,43
573,34,2026686,51
574,34,6385,40
575,34,1803,40
576,34,2740,47
577,34,6930,50
579,34,699516,41
580,34,547941,45
581,34,55281,42
582,34,47801,45
583,34,63069,39
584,34,14284,48
586,34,4874,44
587,34,33210,55
588,34,7023,48
589,34,98622,67
590,34,17659,49
591,34,30214,42
592,34,14231,43
593,34,342967,48
594,34,888231,42
595,34,3019,54
596,34,16310,59
599,34,41919,39
600,34,3863,50
601,34,281,50
602,34,5191,44
603,34,15049,44
604,34,9477,44
605,34,4195,44
606,34,7564,44
608,34,158127,43
609,34,113430,45
610,34,22046,45
611,34,17350,57
612,34,4145,53
613,34,4815,45
614,34,424,45
615,34,8534,39
616,34,1896,40
617,34,606735,58
618,34,38994,50
619,34,15790,45
620,34,6721,55
621,34,44966,59
622,34,3018,50
623,34,9332,50
624,34,21751,40
627,34,8695,40
628,34,9762,44
629,34,5925,55
630,34,138251,39
631,34,4656,54
632,34,830,48
634,34,365,49
635,34,17054,48
636,34,18977,68
637,34,24814,39
642,34,4254,50
643,34,17634,40
648,34,117004,45
649,34,4007,40
651,34,1666,50
652,34,12282,49
653,34,11826,45
654,34,3577,50
655,34,3630,54
658,34,8117,40
660,34,9640,40
661,34,1084,45
663,34,3265,40
664,34,85271,39
667,34,1082,45
668,34,108316,39
669,34,2033,40
670,34,7479,40
673,34,673,45
674,34,1124,45
677,34,18098,40
678,34,1044,45
680,34,4971,40
681,34,1383,40
682,34,2251,45
683,34,890,45
684,34,3458,40
685,34,2926,40
686,34,2840,40
687,34,1394,45
688,34,522,45
689,34,424,45
690,34,2921,40
691,34,1705,40
692,34,1564,40
693,34,261,45
694,34,570,45
695,34,522,45
696,34,2915,45
697,34,6565,40
699,34,608,40
700,34,2830,40
701,34,802,45
702,34,2945,40
705,34,3053,40
706,34,4277,40
707,34,7690,45
708,34,608,40
709,34,1819,45
711,34,2117,40
712,34,1705,40
713,34,4061,39
714,34,2361,55
715,34,4420,40
716,34,15258,41
717,34,215,45
718,34,1451,40
719,34,987,40
720,34,43868,40
721,34,3148,40
722,34,5571,45
723,34,547,45
724,34,10529,45
726,34,2118,40
727,34,1599,40
728,34,371,45
729,34,847,45
734,34,480,49
738,34,4731,11
739,34,3903,11
740,34,5805,15
742,34,28033,5
743,34,693,5
744,34,100948,15
745,34,12733,8
746,34,169103,15
747,34,18664,11
748,34,536,5
749,34,1482,11
750,34,8419,5
751,34,46427,8
752,34,11190,8
753,34,18963,11
754,34,525,5
757,34,1409,45
758,34,378,45
759,34,696,40
760,34,938,40
761,34,704,40
763,34,2156,45
764,34,7838,45
766,34,27403,45
767,34,2984,44
768,34,12218,58
769,34,1919,45
770,34,14275,50
771,34,343,45
772,34,1441,50
773,34,186,45
774,34,590,40
775,34,174,45
776,34,20272,45
777,34,888,40
778,34,191,45
779,34,392,45
780,34,2749,45
781,34,3381,45
782,34,536,40
783,34,336,40
784,34,5498,45
786,34,420,40
787,34,320,40
788,34,313,40
789,34,1223,45
791,34,253,40
792,34,115,45
794,34,137,40
795,34,74,45
796,34,117,40
797,34,51,45
798,34,1623,45
799,34,239,40
800,34,0,45
1,35,1105,54
2,35,120781,65
3,35,1463353,62
4,35,660932,77
5,35,2729,40
6,35,783706,57
7,35,23661,46
8,35,256951,48
9,35,305140,65
10,35,5490,50
11,35,68430,59
12,35,202815,44
13,35,587915,82
14,35,161067,44
15,35,3645695,56
16,35,404143,62
17,35,2269328,104
18,35,3685105,66
19,35,847449,51
20,35,83911,49
21,35,11517,43
22,35,3805,48
23,35,546761,67
24,35,258484,61
25,35,108357,48
26,35,41170,42
27,35,134264,49
28,35,84944,62
29,35,25516,52
30,35,1958,49
31,35,7069,51
32,35,131776,44
33,35,20096,45
34,35,1637,65
35,35,33018,45
36,35,688650,45
37,35,183,50
38,35,184875,57
39,35,59913,40
40,35,60291,39
41,35,2229,54
42,35,4343,50
43,35,878,40
44,35,931337,44
45,35,168197,45
46,35,76,40
47,35,1443229,50
48,35,76301,52
49,35,27641,44
50,35,57502,39
51,35,16001,45
52,35,88259,42
53,35,36558,54
54,35,2863144,57
55,35,60,40
56,35,5295,40
57,35,150499,55
58,35,2180351,89
59,35,13325,43
60,35,6989,49
61,35,10425,45
62,35,3596,49
63,35,15161,49
64,35,17299,50
65,35,6960,54
66,35,577,50
67,35,5063,45
68,35,57316,39
69,35,120454,45
70,35,2032206,53
71,35,1290091,60
72,35,2804,44
73,35,79091,41
74,35,158292,47
75,35,1994,40
76,35,4040,48
77,35,3378,47
78,35,817179,57
79,35,33530,46
80,35,12324,48
81,35,15053,44
82,35,542574,73
83,35,23862,54
84,35,12862,44
85,35,52193,44
86,35,24303,44
87,35,8559,44
88,35,388939,45
89,35,139386,49
90,35,500,48
91,35,1061284,44
92,35,3224,43
93,35,1294,43
94,35,19579,48
95,35,7009,53
96,35,35722,39
97,35,6445,44
98,35,10264,50
99,35,4806663,81
100,35,34202,42
101,35,21542,48
102,35,1447,49
103,35,1561,45
104,35,32710,44
105,35,7479,43
106,35,83120,51
107,35,2498,59
108,35,126899,73
109,35,368651,39
110,35,1904231,66
111,35,254863,43
112,35,1178,45
113,35,33507,51
114,35,207,45
115,35,18024,50
116,35,223251,40
117,35,46247,45
118,35,2617,45
119,35,1131,49
120,35,271770,42
121,35,11048,54
122,35,144085,49
123,35,28714,55
124,35,3772,50
125,35,2513,65
126,35,6714,49
127,35,374,50
128,35,7718,43
129,35,1104505,55
130,35,59,45
131,35,25962,44
132,35,5108,65
133,35,1225,45
134,35,4181,50
135,35,119442,49
136,35,798363,64
137,35,46604,44
138,35,21345,45
139,35,5888,40
140,35,5415,44
141,35,1060,49
142,35,79968,40
143,35,473,55
144,35,85428,45
145,35,130350,43
146,35,304449,46
147,35,9024,43
148,35,726882,55
149,35,5965,47
150,35,288,45
151,35,11678,45
152,35,360009,46
153,35,9340,42
154,35,28161,39
155,35,43176,39
156,35,6995,53
157,35,111744,49
158,35,10919,44
159,35,88907,44
160,35,58717,46
161,35,4530,47
162,35,301092,44
163,35,1213580,54
164,35,6324,54
165,35,15491,49
166,35,12711,55
167,35,48020,42
168,35,423862,47
169,35,14821,59
170,35,2941,40
171,35,161700,49
172,35,113792,48
173,35,7397,43
174,35,44622,45
175,35,20473,63
176,35,263,45
177,35,360311,60
178,35,51828,47
179,35,20614,61
180,35,767435,77
181,35,234109,57
182,35,3901994,105
183,35,17056,44
184,35,12928,44
185,35,733284,45
186,35,95438,67
187,35,44367,42
188,35,37125,44
189,35,28529,43
190,35,8785,45
191,35,396117,42
192,35,18869,51
193,35,4846,48
194,35,23405,44
195,35,4777,43
196,35,10904,43
197,35,239,45
198,35,23096,51
199,35,1426745,69
200,35,720724,47
201,35,1434226,46
202,35,7014,42
203,35,5019,49
204,35,29803,41
205,35,11967,51
206,35,7471,48
207,35,1544058,77
208,35,25354,44
209,35,51821,39
210,35,246749,48
211,35,2367134,53
212,35,108,45
213,35,2956,45
214,35,5185,46
215,35,8335,43
216,35,17154,47
217,35,70952,51
218,35,370113,48
219,35,244134,48
220,35,118265,54
221,35,3966,43
222,35,22555,48
223,35,2366,49
224,35,20989,52
225,35,15867,40
226,35,72533,43
227,35,55027,39
228,35,465823,38
229,35,26910,49
230,35,135753,51
231,35,710870,43
232,35,151850,52
233,35,243692,48
234,35,3047,44
235,35,1866514,51
236,35,241097,48
237,35,2236,49
238,35,166324,43
239,35,163179,45
240,35,98907,49
241,35,72661,45
242,35,40446,39
243,35,3390,48
244,35,115580,42
245,35,23864,43
246,35,396,45
247,35,742027,56
248,35,359749,50
249,35,5195,48
250,35,15246,40
251,35,172595,55
252,35,608925,53
253,35,563,45
254,35,3033,47
255,35,1990927,48
256,35,3974,50
257,35,24186,44
258,35,38650,50
259,35,24256,52
260,35,24559,47
261,35,1474,40
262,35,1432,49
263,35,220106,38
264,35,3187,47
265,35,8243,51
266,35,5398,40
267,35,103406,42
268,35,362411,56
269,35,6166,40
270,35,280795,38
271,35,852,49
272,35,4582,54
273,35,1218,45
274,35,27882,52
275,35,218545,38
276,35,42534,45
277,35,23012,43
278,35,14522,48
279,35,402,40
280,35,66390,39
281,35,3071,48
282,35,137000,39
283,35,18728,43
284,35,135343,39
285,35,33065,44
286,35,32685,45
287,35,122776,44
288,35,37027,40
289,35,64168,48
290,35,6924,52
291,35,564423,38
292,35,17693,44
293,35,45789,44
294,35,84379,39
295,35,126431,41
296,35,13699,44
297,35,1381,45
298,35,31104,50
299,35,4486,47
300,35,19822,49
301,35,52184,40
302,35,8074,41
303,35,817,40
304,35,46027,40
305,35,164812,39
306,35,544460,53
307,35,178637,39
308,35,239821,39
309,35,549432,43
310,35,981150,55
311,35,1995640,72
312,35,3508,45
313,35,108383,47
314,35,42880,45
315,35,1365,45
316,35,221409,70
317,35,309003,72
318,35,1658,45
319,35,25716,52
320,35,14217,46
321,35,572499,72
322,35,43952,47
323,35,79076,50
324,35,28521,53
325,35,147341,40
326,35,884288,53
327,35,2106562,76
328,35,8135508,138
329,35,219218,62
330,35,6408,43
331,35,9986,44
332,35,6775,40
333,35,124059,39
334,35,5111,40
335,35,465833,58
336,35,316734,62
337,35,23693,46
338,35,163243,41
339,35,2985576,67
340,35,253725,53
341,35,91195,53
342,35,296181,61
343,35,6216,47
344,35,23327,39
345,35,960651,94
346,35,168331,62
347,35,573335,53
348,35,536253,91
349,35,27058,64
350,35,3850488,63
351,35,2528197,148
352,35,9781,70
353,35,22169,53
354,35,153465,54
355,35,418957,43
356,35,16447,49
357,35,13717,46
358,35,96652,52
359,35,5840,48
360,35,86506,62
361,35,449255,54
362,35,116445,53
363,35,294314,51
364,35,440041,53
365,35,20119,57
366,35,1896198,85
367,35,13130,43
368,35,47623,46
369,35,576265,50
370,35,19842,52
371,35,8884,44
372,35,541451,59
373,35,3447,45
374,35,27220,39
375,35,119064,69
376,35,8580,43
377,35,83155,49
378,35,200336,52
379,35,1713,44
380,35,260644,43
381,35,15142,49
382,35,12438,63
383,35,601968,49
384,35,761,50
385,35,610461,67
386,35,109020,62
387,35,18948,49
388,35,562324,44
389,35,174114,65
390,35,58005,40
391,35,33574,54
392,35,667111,60
393,35,3818,44
394,35,368567,62
395,35,1347267,45
396,35,163811,40
397,35,2586,48
398,35,918314,74
399,35,531799,47
400,35,6555,44
401,35,7143911,96
402,35,2085503,53
403,35,129399,60
404,35,9946,42
405,35,9998,43
406,35,7110,44
407,35,632,45
408,35,14954,40
409,35,1074713,46
410,35,39607,44
411,35,2025,50
412,35,10636,42
413,35,711485,50
414,35,30989,39
415,35,538035,56
416,35,33961,39
417,35,95988,55
418,35,699503,57
419,35,13533,45
420,35,14879,47
421,35,18280,69
422,35,1413821,52
423,35,35383,50
424,35,36735,55
425,35,13106,42
426,35,1841,45
427,35,15810,41
428,35,11303,43
429,35,2915,47
430,35,22624,49
431,35,4466,48
432,35,937817,54
433,35,677603,64
434,35,164098,51
435,35,1365,45
436,35,589748,48
437,35,415949,45
438,35,1834,45
439,35,78,50
440,35,4689,42
441,35,86,40
442,35,138052,43
443,35,2272641,51
444,35,6258,42
445,35,860974,39
446,35,89170,45
447,35,3240849,70
448,35,2194,45
449,35,15231,48
450,35,5856,47
451,35,9450,44
452,35,7208,49
453,35,58651,51
454,35,9055,43
455,35,240226,40
456,35,42903,39
457,35,36341,39
458,35,2555,45
459,35,1049,49
460,35,23822,39
461,35,509480,40
462,35,3903,50
463,35,2956,50
464,35,7133,39
465,35,7199,40
466,35,48565,40
467,35,8965,43
468,35,2695,50
469,35,15330,42
470,35,37599,49
471,35,2578,50
472,35,39970,40
473,35,187842,44
474,35,16710,42
475,35,364087,39
476,35,38678,42
477,35,121933,40
478,35,17003,40
479,35,49153,40
480,35,13976,49
481,35,104172,44
482,35,27088,48
483,35,115,50
484,35,17681,43
485,35,5035,45
486,35,17300,43
487,35,921,45
488,35,37795,43
489,35,20061,46
490,35,294,50
491,35,293634,62
492,35,261249,62
493,35,3038,49
494,35,479189,74
495,35,1988783,53
496,35,18320,41
497,35,43656,68
498,35,402957,49
499,35,22182,47
500,35,83984,44
501,35,4220,47
502,35,2384,54
503,35,487428,97
504,35,98199,44
505,35,168716,48
506,35,277320,45
507,35,568,50
508,35,214564,48
509,35,16113,62
510,35,197668,39
511,35,13982,50
512,35,94456,52
513,35,787254,42
514,35,1299988,76
515,35,2171,47
516,35,41942,41
517,35,202159,39
518,35,4130,47
519,35,2427,45
520,35,65397,44
521,35,1224389,40
522,35,14877,42
523,35,134317,49
524,35,147714,43
525,35,281637,62
526,35,2732,46
527,35,108754,57
528,35,14964,43
529,35,4442,44
530,35,158024,48
531,35,59067,61
532,35,14643,44
533,35,1633096,50
534,35,2879,48
535,35,21839,49
536,35,197755,39
537,35,7202,45
538,35,2503,45
539,35,129263,44
540,35,16507,45
541,35,1553841,70
542,35,14637,42
543,35,39161,43
544,35,4052,47
545,35,9687,50
546,35,115463,45
547,35,4047,44
548,35,10448,53
549,35,682,45
550,35,28807,61
551,35,18242,45
552,35,11828,40
553,35,27400,49
554,35,331920,44
555,35,4049,48
556,35,139199,40
557,35,14971,48
558,35,83717,38
559,35,71409,45
560,35,152053,61
561,35,134839,39
562,35,2239,55
563,35,7668,51
564,35,8925,43
565,35,16628,50
566,35,534008,54
567,35,33408,43
568,35,54343,44
569,35,6254,53
570,35,19084,51
571,35,312439,62
572,35,25007,43
573,35,2037273,52
574,35,6381,40
575,35,1797,40
576,35,2734,47
577,35,6847,50
578,35,134970,58
579,35,294951,42
580,35,472413,45
581,35,52192,42
582,35,143631,45
583,35,61976,39
584,35,14267,48
585,35,917390,57
586,35,4777,44
587,35,33172,55
588,35,7023,48
589,35,94666,67
590,35,18133,49
591,35,30002,42
592,35,14144,43
593,35,341736,48
594,35,882760,42
595,35,3102,54
596,35,16170,59
597,35,43359,45
598,35,28421,39
599,35,38274,39
600,35,4003,50
601,35,281,50
602,35,5162,44
603,35,14979,44
604,35,9390,44
605,35,4182,44
606,35,7541,44
607,35,41444,49
608,35,155669,43
609,35,112762,45
610,35,21991,45
611,35,17344,57
612,35,4131,53
613,35,4765,45
614,35,424,45
615,35,7892,39
616,35,1895,40
617,35,427988,58
618,35,38384,50
619,35,15436,45
620,35,6755,55
621,35,44887,59
622,35,2873,50
623,35,12469,50
624,35,21518,40
625,35,58825,63
626,35,516,45
627,35,8636,40
628,35,9727,44
629,35,5259,55
630,35,140879,39
631,35,4624,54
632,35,820,48
633,35,323596,61
634,35,370,49
635,35,24313,48
636,35,19715,68
637,35,24332,39
638,35,1754,45
639,35,6401,45
640,35,6801,40
641,35,56337,40
642,35,3961,50
643,35,17548,40
644,35,3454,44
645,35,9082,45
646,35,2832,45
647,35,2641,45
648,35,116393,45
649,35,3993,40
650,35,111544,45
651,35,1652,50
652,35,12367,49
653,35,11722,45
654,35,3515,50
655,35,3503,54
656,35,18996,44
657,35,5812,40
658,35,7975,40
659,35,1771,45
660,35,9612,40
661,35,1082,45
662,35,6445,40
663,35,3251,40
664,35,84278,39
665,35,19388,45
666,35,4060,40
667,35,1084,45
668,35,107277,39
669,35,2030,40
670,35,6499,40
671,35,1089,45
672,35,3778,40
673,35,673,45
674,35,1120,45
675,35,1639,40
676,35,28130,45
677,35,18212,40
678,35,1042,45
679,35,1200,45
680,35,4828,40
681,35,1378,40
682,35,2248,45
683,35,890,45
684,35,3452,40
685,35,2778,40
686,35,2778,40
687,35,1339,45
688,35,526,45
689,35,422,45
690,35,2876,40
691,35,1685,40
692,35,1556,40
693,35,257,45
694,35,564,45
695,35,518,45
696,35,2368,45
697,35,6412,40
698,35,13612,45
699,35,607,40
700,35,2827,40
701,35,788,45
702,35,2920,40
703,35,1492,40
704,35,954,40
705,35,3018,40
706,35,4126,40
707,35,7563,45
708,35,609,40
709,35,1803,45
710,35,477,45
711,35,2052,40
712,35,1655,40
713,35,3825,39
714,35,2276,55
715,35,4171,40
716,35,14737,41
717,35,217,45
718,35,1413,40
719,35,964,40
720,35,40052,40
721,35,3041,40
722,35,5460,45
723,35,540,45
724,35,10278,45
725,35,33101,53
726,35,2120,40
727,35,1377,40
728,35,370,45
729,35,837,45
730,35,6389,47
731,35,6005,45
732,35,47112,50
733,35,1665,45
734,35,465,49
735,35,48918,15
736,35,116201,15
737,35,30899,8
738,35,5699,11
739,35,3153,11
740,35,3897,15
741,35,28856,8
742,35,56123,5
743,35,687,5
744,35,61646,15
745,35,8025,8
746,35,55101,15
747,35,19975,11
748,35,313,5
749,35,1516,11
750,35,5790,5
751,35,23467,8
752,35,28161,8
753,35,6240,11
754,35,897,5
755,35,3429647,76
756,35,1478,40
757,35,1875,45
758,35,359,45
759,35,662,40
760,35,897,40
761,35,682,40
762,35,366089,62
763,35,1768,45
764,35,8821,45
765,35,4158,60
766,35,26704,45
767,35,2992,44
768,35,12459,58
769,35,1580,45
770,35,8702,50
771,35,326,45
772,35,1389,50
773,35,186,45
774,35,560,40
775,35,169,45
776,35,19693,45
777,35,742,40
778,35,188,45
779,35,390,45
780,35,2774,45
781,35,3327,45
782,35,504,40
783,35,308,40
784,35,5327,45
785,35,389,58
786,35,429,40
787,35,310,40
788,35,243,40
789,35,1261,45
790,35,57,45
791,35,221,40
792,35,132,45
793,35,33,45
794,35,128,40
795,35,66,45
796,35,123,40
797,35,69,45
798,35,1567,45
799,35,237,40
800,35,35,45
801,35,0,40
1,36,1103,54
2,36,120498,65
3,36,1430413,62
4,36,659447,77
5,36,2718,40
6,36,659280,56
7,36,23587,46
8,36,237274,48
9,36,286784,65
10,36,5469,50
11,36,67395,59
12,36,183661,44
13,36,573521,82
14,36,156152,44
15,36,3510942,56
16,36,408616,62
17,36,1952220,103
18,36,3500901,65
19,36,845385,51
20,36,82400,49
21,36,10359,43
22,36,3813,48
23,36,475214,68
24,36,256567,61
25,36,106942,48
26,36,41019,42
27,36,131339,48
28,36,85542,62
29,36,25565,52
30,36,1957,49
31,36,7056,51
32,36,140568,44
33,36,20062,45
34,36,1635,65
35,36,32945,45
36,36,657694,44
37,36,183,50
38,36,184300,57
39,36,59372,40
40,36,59922,39
41,36,2228,54
42,36,4499,50
43,36,876,40
44,36,930462,44
45,36,183567,45
46,36,76,40
47,36,1456301,50
48,36,77374,52
49,36,26154,44
50,36,56925,39
51,36,16003,45
52,36,89251,42
53,36,35782,54
54,36,2806591,57
55,36,60,40
56,36,5275,40
57,36,150822,55
58,36,2096312,89
59,36,13274,43
60,36,6900,49
61,36,10402,45
62,36,3556,49
63,36,14850,49
64,36,17250,50
65,36,6931,54
66,36,577,50
67,36,5050,45
68,36,55730,39
69,36,118748,45
70,36,2001456,53
71,36,1252646,60
72,36,2800,44
73,36,78805,41
74,36,135104,46
75,36,1983,40
76,36,4031,48
77,36,3422,47
78,36,828729,57
79,36,33716,46
80,36,12295,48
81,36,14933,44
82,36,531941,73
83,36,24094,54
84,36,12755,44
85,36,51306,44
86,36,24391,44
87,36,8550,44
88,36,495077,46
89,36,144163,49
90,36,504,48
91,36,1142944,44
92,36,3413,43
93,36,1301,43
94,36,18921,48
95,36,7307,53
96,36,35252,39
97,36,6453,44
98,36,10573,50
99,36,5318080,82
100,36,34196,42
101,36,23580,48
102,36,1446,49
103,36,1557,45
104,36,32952,44
105,36,7409,43
106,36,285980,52
107,36,2836,59
108,36,126822,73
109,36,355053,39
110,36,2539874,68
111,36,258511,43
112,36,1175,45
113,36,33852,51
114,36,206,45
115,36,19347,50
116,36,221887,40
117,36,45648,45
118,36,2613,45
119,36,1128,49
120,36,271009,42
121,36,20325,54
122,36,144620,49
123,36,28606,55
124,36,3769,50
125,36,2512,65
126,36,7122,49
127,36,374,50
128,36,7759,43
129,36,1011992,55
130,36,59,45
131,36,25898,44
132,36,4398,65
133,36,1223,45
134,36,4195,50
135,36,123229,48
136,36,742186,64
137,36,46281,44
138,36,21273,45
139,36,5871,40
140,36,5382,44
141,36,1059,49
142,36,79819,40
143,36,470,55
144,36,86230,45
145,36,130142,43
146,36,297698,46
147,36,8969,43
148,36,712942,55
149,36,6079,47
150,36,287,45
151,36,11651,45
152,36,364993,46
153,36,9341,42
154,36,27840,39
155,36,42741,39
156,36,6690,53
157,36,112701,49
158,36,10874,44
159,36,87427,44
160,36,58585,46
161,36,4523,47
162,36,288149,44
163,36,1183011,54
164,36,6322,54
165,36,15438,49
166,36,12765,55
167,36,45974,42
168,36,457188,47
169,36,14810,59
170,36,2925,40
171,36,160514,49
172,36,105666,48
173,36,7397,43
174,36,45404,45
175,36,20466,63
176,36,263,45
177,36,361153,60
178,36,51618,47
179,36,20617,61
180,36,763000,77
181,36,230108,57
182,36,3900595,105
183,36,17030,44
184,36,12873,44
185,36,715285,45
186,36,94822,67
187,36,41158,42
188,36,37395,44
189,36,28418,43
190,36,8760,45
191,36,395335,42
192,36,17986,51
193,36,4837,48
194,36,22853,44
195,36,4779,43
196,36,10883,43
197,36,239,45
198,36,23036,51
199,36,1486489,69
200,36,713456,47
201,36,1404971,46
202,36,6993,42
203,36,4982,49
204,36,29282,41
205,36,11966,51
206,36,7043,48
207,36,1195393,76
208,36,25144,44
209,36,51175,39
210,36,248423,48
211,36,2282909,52
212,36,108,45
213,36,2951,45
214,36,5153,46
215,36,8348,43
216,36,16803,47
217,36,57157,51
218,36,351153,48
219,36,234616,48
220,36,118873,54
221,36,3986,43
222,36,21392,48
223,36,2357,49
224,36,18710,52
225,36,15797,40
226,36,71318,43
227,36,79749,38
228,36,462904,38
229,36,26877,49
230,36,145660,51
231,36,689174,43
232,36,125136,52
233,36,243734,48
234,36,3671,44
235,36,1849218,51
236,36,212489,48
237,36,2188,49
238,36,162147,42
239,36,163211,45
240,36,97844,49
241,36,73687,45
242,36,40113,39
243,36,3402,48
244,36,104981,42
245,36,23821,43
246,36,394,45
247,36,715736,56
248,36,362854,50
249,36,5128,48
250,36,15186,40
251,36,165286,55
252,36,572593,53
253,36,563,45
254,36,3008,47
255,36,1958484,48
256,36,3964,50
257,36,24660,44
258,36,38623,50
259,36,24570,52
260,36,24433,47
261,36,1465,40
262,36,1401,49
263,36,217515,38
264,36,3184,47
265,36,8315,51
266,36,5340,40
267,36,100043,42
268,36,351911,56
269,36,6145,40
270,36,272581,38
271,36,853,49
272,36,5124,54
273,36,1215,45
274,36,29071,52
275,36,221450,38
276,36,42353,45
277,36,23341,43
278,36,14597,48
279,36,402,40
280,36,65484,39
281,36,3094,48
282,36,135477,39
283,36,18697,43
284,36,134388,39
285,36,32485,44
286,36,32557,45
287,36,120368,44
288,36,37243,40
289,36,62014,48
290,36,6800,52
291,36,572700,38
292,36,17611,44
293,36,43988,44
294,36,83005,39
295,36,124220,41
296,36,13379,44
297,36,1378,45
298,36,30686,50
299,36,4300,47
300,36,19133,49
301,36,50906,40
302,36,7973,41
303,36,817,40
304,36,48211,40
305,36,163587,39
306,36,537147,53
307,36,175989,39
308,36,235812,39
309,36,547263,43
310,36,963112,55
311,36,1945314,72
312,36,3506,45
313,36,110664,47
314,36,42513,45
315,36,1361,45
316,36,219243,70
317,36,302795,72
318,36,1657,45
319,36,25778,52
320,36,14319,46
321,36,548675,72
322,36,43851,47
323,36,78417,50
324,36,28248,53
325,36,144649,40
326,36,820498,53
327,36,1926572,75
328,36,7844933,137
329,36,221872,62
330,36,6950,43
331,36,10001,44
332,36,6765,40
333,36,122353,39
334,36,5104,40
335,36,451711,58
336,36,297949,62
337,36,23572,46
338,36,171707,41
339,36,2941345,67
340,36,257519,53
341,36,91035,53
342,36,307550,61
343,36,6103,47
344,36,22956,39
345,36,1719286,96
346,36,210235,62
347,36,650461,53
348,36,533112,91
349,36,27204,64
350,36,4289282,64
351,36,2683468,148
352,36,9773,70
353,36,22156,53
354,36,161851,54
355,36,406682,43
356,36,20204,49
357,36,13210,46
358,36,85195,52
359,36,5866,48
360,36,86455,62
361,36,561977,55
362,36,116253,53
363,36,293823,51
364,36,476245,53
365,36,20080,57
366,36,1821140,85
367,36,13472,43
368,36,48510,46
369,36,551207,50
370,36,19898,52
371,36,8929,44
372,36,564372,59
373,36,3445,45
374,36,27091,39
375,36,118940,69
376,36,8733,43
377,36,90419,49
378,36,200597,52
379,36,1703,44
380,36,259473,43
381,36,15128,49
382,36,23046,63
383,36,597304,49
384,36,761,50
385,36,491322,66
386,36,107398,62
387,36,20090,49
388,36,557174,44
389,36,172474,65
390,36,57660,40
391,36,33506,54
392,36,586506,60
393,36,4034,44
394,36,344137,62
395,36,1308163,45
396,36,158127,40
397,36,2608,48
398,36,898829,74
399,36,517432,47
400,36,6530,44
401,36,6861917,96
402,36,1813869,53
403,36,124060,60
404,36,9910,42
405,36,9990,43
406,36,7162,44
407,36,638,45
408,36,14918,40
409,36,1010854,46
410,36,39510,44
411,36,2031,50
412,36,10629,42
413,36,686779,50
414,36,30940,39
415,36,478695,56
416,36,33364,39
417,36,90671,55
418,36,653562,57
419,36,13517,45
420,36,14878,47
421,36,17331,69
422,36,1529662,52
423,36,38751,50
424,36,37312,55
425,36,13067,42
426,36,1837,45
427,36,15800,41
428,36,11343,43
429,36,2949,47
430,36,22544,49
431,36,4556,48
432,36,1211085,55
433,36,753571,64
434,36,144472,51
435,36,1363,45
436,36,563820,48
437,36,494802,45
438,36,1834,45
439,36,78,50
440,36,4679,42
441,36,85,40
442,36,136490,43
443,36,2439978,52
444,36,6269,42
445,36,850600,39
446,36,88856,45
447,36,3636359,71
448,36,2191,45
449,36,15145,48
450,36,5985,47
451,36,9385,44
452,36,7133,49
453,36,58196,51
454,36,9023,43
455,36,232646,40
456,36,42303,39
457,36,35620,39
458,36,2546,45
459,36,1049,49
460,36,23562,39
461,36,497181,39
462,36,2946,50
463,36,2989,50
464,36,7243,39
465,36,7124,40
466,36,47479,40
467,36,7967,43
468,36,2692,50
469,36,15308,42
470,36,35151,49
471,36,2588,50
472,36,39099,40
473,36,188460,44
474,36,16554,42
475,36,356019,39
476,36,36076,42
477,36,120935,40
478,36,16939,40
479,36,48794,40
480,36,13987,49
481,36,96833,44
482,36,27093,48
483,36,115,50
484,36,17808,43
485,36,5027,45
486,36,17223,43
487,36,922,45
488,36,37279,43
489,36,19962,46
490,36,294,50
491,36,283635,62
492,36,261586,62
493,36,3036,49
494,36,456248,74
495,36,1951866,53
496,36,18355,41
497,36,44045,68
498,36,401753,49
499,36,22014,47
500,36,81464,44
501,36,4222,47
502,36,2381,54
503,36,476417,97
504,36,92595,44
505,36,168012,48
506,36,276244,45
507,36,567,50
508,36,214019,48
509,36,16177,62
510,36,194915,39
511,36,13868,50
512,36,94291,52
513,36,783944,42
514,36,1393848,77
515,36,2165,47
516,36,42003,41
517,36,197011,39
518,36,4144,47
519,36,2420,45
520,36,64059,44
521,36,1191041,40
522,36,14874,42
523,36,133542,48
524,36,143484,43
525,36,277354,62
526,36,2732,46
527,36,108329,57
528,36,14833,43
529,36,4437,44
530,36,155300,48
531,36,58830,61
532,36,14624,44
533,36,1831530,51
534,36,2913,48
535,36,22036,49
536,36,196845,39
537,36,7187,45
538,36,2495,45
539,36,127966,44
540,36,16459,45
541,36,1741939,71
542,36,14580,42
543,36,39327,43
544,36,4054,47
545,36,9679,50
546,36,114972,45
547,36,4060,44
548,36,10468,53
549,36,682,45
550,36,28818,61
551,36,18209,45
552,36,11756,40
553,36,28226,49
554,36,340841,44
555,36,4070,48
556,36,138535,40
557,36,14891,48
558,36,83988,38
559,36,74424,45
560,36,149795,61
561,36,133901,39
562,36,2237,55
563,36,7708,51
564,36,8854,43
565,36,15223,50
566,36,363990,53
567,36,35533,43
568,36,53082,44
569,36,6150,53
570,36,19040,51
571,36,269949,61
572,36,26300,43
573,36,2144764,52
574,36,6364,40
575,36,1789,40
576,36,2743,47
577,36,6818,50
578,36,135173,58
579,36,368012,42
580,36,515317,45
581,36,48289,42
582,36,130239,45
583,36,60466,39
584,36,14238,48
585,36,802029,57
586,36,4775,44
587,36,33139,55
588,36,7019,48
589,36,93044,67
590,36,18158,49
591,36,29440,42
592,36,14250,43
593,36,338757,48
594,36,870100,42
595,36,3101,54
596,36,16385,59
597,36,43352,45
598,36,28254,39
599,36,37721,39
600,36,4070,50
601,36,280,50
602,36,5139,44
603,36,14912,44
604,36,9435,44
605,36,4206,44
606,36,7510,44
607,36,44330,49
608,36,157533,43
609,36,111828,45
610,36,22008,45
611,36,17345,57
612,36,4726,53
613,36,4723,45
614,36,423,45
615,36,7777,39
616,36,1892,40
617,36,411387,58
618,36,37755,50
619,36,14985,45
620,36,6826,55
621,36,44799,59
622,36,2889,50
623,36,9292,50
624,36,21293,40
625,36,62005,63
626,36,516,45
627,36,8672,39
628,36,9728,44
629,36,5737,55
630,36,136501,39
631,36,4648,54
632,36,831,48
633,36,239925,61
634,36,402,49
635,36,19527,48
636,36,19843,68
637,36,24410,39
638,36,1774,45
639,36,6427,45
640,36,6777,40
641,36,56057,40
642,36,4002,50
643,36,17486,40
644,36,3500,44
645,36,8955,45
646,36,2820,45
647,36,2657,45
648,36,115419,45
649,36,3967,40
650,36,109119,45
651,36,1675,50
652,36,12703,49
653,36,11839,45
654,36,3476,50
655,36,3526,54
656,36,18876,44
657,36,5776,40
658,36,7643,40
659,36,1791,45
660,36,9506,40
661,36,1079,45
662,36,6532,40
663,36,3233,40
664,36,83069,39
665,36,19193,45
666,36,4082,40
667,36,1085,45
668,36,104993,39
669,36,2072,40
670,36,7539,40
671,36,1078,45
672,36,3766,40
673,36,680,45
674,36,1142,45
675,36,1630,40
676,36,27777,45
677,36,16829,40
678,36,1058,45
679,36,1226,45
680,36,4905,40
681,36,1372,40
682,36,2302,45
683,36,909,45
684,36,3466,40
685,36,2848,40
686,36,2837,40
687,36,1363,45
688,36,539,45
689,36,419,45
690,36,2912,40
691,36,1703,40
692,36,1593,40
693,36,256,45
694,36,554,45
695,36,534,45
696,36,2334,45
697,36,6369,40
698,36,13491,45
699,36,600,40
700,36,2863,40
701,36,763,45
702,36,2949,40
703,36,1536,40
704,36,964,40
705,36,3097,40
706,36,4204,40
707,36,7442,45
708,36,601,40
709,36,1778,45
710,36,492,45
711,36,2103,40
712,36,1687,40
713,36,3951,39
714,36,2356,55
715,36,4345,40
716,36,14405,41
717,36,212,45
718,36,1416,40
719,36,997,40
720,36,47238,40
721,36,3022,40
722,36,5439,45
723,36,560,45
724,36,10208,45
725,36,27192,53
726,36,2099,40
727,36,1388,40
728,36,368,45
729,36,877,45
730,36,6339,47
731,36,5810,45
732,36,42864,50
733,36,1686,45
734,36,493,49
735,36,7846,15
736,36,184821,15
737,36,18839,8
738,36,5951,11
739,36,2068,11
740,36,4526,15
741,36,12856,8
742,36,39386,5
743,36,2028,5
744,36,35432,15
745,36,6977,8
746,36,27030,15
747,36,37842,11
748,36,181,5
749,36,2709,11
750,36,3261,5
751,36,22994,8
752,36,78465,8
753,36,3553,11
754,36,958,5
755,36,3259348,76
756,36,1541,40
757,36,18021,45
758,36,383,45
759,36,716,40
760,36,939,40
761,36,706,40
762,36,311279,61
763,36,1803,45
764,36,9548,45
765,36,4021,60
766,36,27224,45
767,36,3174,44
768,36,13382,58
769,36,1589,45
770,36,10112,50
771,36,332,45
772,36,1458,50
773,36,207,45
774,36,552,40
775,36,192,45
776,36,21142,45
777,36,979,40
778,36,202,45
779,36,413,45
780,36,2903,45
781,36,3385,45
782,36,542,40
783,36,319,40
784,36,5431,45
785,36,442,58
786,36,481,40
787,36,353,40
788,36,267,40
789,36,1349,45
790,36,81,45
791,36,271,40
792,36,142,45
793,36,55,45
794,36,174,40
795,36,90,45
796,36,152,40
797,36,78,45
798,36,1945,44
799,36,350,40
800,36,65,45
801,36,94,40
1,37,1103,54
2,37,120352,65
3,37,1415345,62
4,37,658938,77
5,37,2709,40
6,37,624781,56
7,37,23629,46
8,37,243780,48
9,37,312100,65
10,37,5489,50
11,37,67249,59
12,37,176837,43
13,37,583809,82
14,37,161121,44
15,37,3494042,55
16,37,380234,62
17,37,1956660,103
18,37,3487572,65
19,37,844229,51
20,37,82119,49
21,37,10024,43
22,37,3840,48
23,37,418031,68
24,37,258523,61
25,37,106630,48
26,37,40843,42
27,37,130656,48
28,37,86901,62
29,37,25625,52
30,37,1957,49
31,37,7050,51
32,37,175949,44
33,37,20022,45
34,37,1633,65
35,37,32887,45
36,37,670077,44
37,37,183,50
38,37,183948,57
39,37,58964,40
40,37,59674,39
41,37,2226,54
42,37,4708,50
43,37,875,40
44,37,954354,44
45,37,183987,45
46,37,75,40
47,37,1514418,50
48,37,78238,52
49,37,26594,44
50,37,56499,39
51,37,15999,45
52,37,88846,42
53,37,33620,54
54,37,3002258,57
55,37,60,40
56,37,5257,40
57,37,130827,55
58,37,2957375,90
59,37,13235,43
60,37,6857,49
61,37,10380,45
62,37,3522,49
63,37,14673,48
64,37,17167,50
65,37,6936,54
66,37,577,50
67,37,5048,45
68,37,54627,39
69,37,118120,45
70,37,1949035,53
71,37,1196058,60
72,37,2798,44
73,37,78601,41
74,37,118528,46
75,37,1971,40
76,37,4024,48
77,37,3328,47
78,37,796217,57
79,37,33783,46
80,37,12279,48
81,37,14836,44
82,37,528614,73
83,37,23985,54
84,37,12695,44
85,37,50571,44
86,37,23774,44
87,37,8564,44
88,37,533260,46
89,37,140198,49
90,37,506,48
91,37,1160809,45
92,37,3414,43
93,37,1308,43
94,37,18672,48
95,37,7267,53
96,37,34918,39
97,37,6486,44
98,37,10555,50
99,37,5394902,83
100,37,34053,42
101,37,23092,48
102,37,1444,49
103,37,1554,45
104,37,32661,44
105,37,7374,43
106,37,406352,52
107,37,2983,59
108,37,126777,73
109,37,347436,39
110,37,2573339,68
111,37,258637,43
112,37,1176,45
113,37,33586,51
114,37,206,45
115,37,19001,50
116,37,220901,40
117,37,49662,45
118,37,2606,45
119,37,1128,49
120,37,266815,42
121,37,30683,54
122,37,141672,49
123,37,28523,55
124,37,3768,50
125,37,2510,65
126,37,6665,49
127,37,374,50
128,37,7767,43
129,37,1000479,55
130,37,59,45
131,37,25645,44
132,37,4069,65
133,37,1223,45
134,37,4186,50
135,37,114076,48
136,37,701031,63
137,37,46088,44
138,37,21242,45
139,37,5860,40
140,37,5363,44
141,37,1058,49
142,37,79602,40
143,37,470,55
144,37,83989,45
145,37,129096,43
146,37,288279,46
147,37,9219,43
148,37,708215,55
149,37,6271,47
150,37,287,45
151,37,11636,45
152,37,359240,46
153,37,9354,42
154,37,27608,39
155,37,42428,39
156,37,6898,53
157,37,113354,49
158,37,10832,44
159,37,91344,44
160,37,58642,46
161,37,4518,47
162,37,286159,44
163,37,1253493,54
164,37,6321,54
165,37,15413,49
166,37,12842,55
167,37,44752,42
168,37,482780,47
169,37,14808,59
170,37,2916,40
171,37,160782,49
172,37,104851,48
173,37,7315,43
174,37,45691,45
175,37,20456,63
176,37,263,45
177,37,366699,60
178,37,51624,47
179,37,20624,61
180,37,732321,77
181,37,228553,57
182,37,4048863,105
183,37,17007,44
184,37,12848,44
185,37,716644,45
186,37,94938,67
187,37,39438,42
188,37,37235,44
189,37,28369,43
190,37,8746,45
191,37,392617,42
192,37,19897,51
193,37,4837,48
194,37,22939,44
195,37,4795,43
196,37,10884,43
197,37,239,45
198,37,23072,51
199,37,1735591,70
200,37,719855,47
201,37,1400273,46
202,37,6978,42
203,37,4976,49
204,37,28998,41
205,37,11945,51
206,37,6888,48
207,37,1106304,76
208,37,24970,44
209,37,50709,39
210,37,256608,48
211,37,2368068,52
212,37,108,45
213,37,2944,45
214,37,5134,46
215,37,8372,43
216,37,16497,47
217,37,73261,51
218,37,546200,48
219,37,295035,49
220,37,120359,54
221,37,4302,43
222,37,20934,48
223,37,2409,49
224,37,19154,52
225,37,15735,40
226,37,69949,43
227,37,86125,38
228,37,487558,38
229,37,26865,49
230,37,177149,51
231,37,850936,44
232,37,126178,52
233,37,244540,48
234,37,3590,44
235,37,1951666,51
236,37,200206,48
237,37,2228,49
238,37,164530,42
239,37,162438,45
240,37,97315,49
241,37,72422,45
242,37,39730,39
243,37,3412,48
244,37,99014,42
245,37,23723,43
246,37,394,45
247,37,653359,55
248,37,349339,50
249,37,5047,48
250,37,15136,40
251,37,162686,55
252,37,568619,53
253,37,563,45
254,37,2992,47
255,37,1846595,47
256,37,3963,50
257,37,24444,44
258,37,38686,50
259,37,24677,52
260,37,24373,47
261,37,1457,40
262,37,1385,49
263,37,214997,38
264,37,3167,47
265,37,8320,51
266,37,5313,40
267,37,101138,42
268,37,381121,56
269,37,6123,40
270,37,269618,38
271,37,853,49
272,37,5172,54
273,37,1210,45
274,37,30608,52
275,37,219253,38
276,37,42239,45
277,37,23297,43
278,37,14559,48
279,37,402,40
280,37,64834,39
281,37,3095,48
282,37,134830,39
283,37,18674,43
284,37,133604,39
285,37,32286,44
286,37,32479,45
287,37,118664,44
288,37,52385,40
289,37,61139,48
290,37,6753,52
291,37,579564,38
292,37,17566,44
293,37,43329,44
294,37,82026,39
295,37,130840,41
296,37,13868,44
297,37,1377,45
298,37,30508,50
299,37,4399,47
300,37,19404,49
301,37,50303,40
302,37,7975,41
303,37,815,40
304,37,55692,40
305,37,162903,39
306,37,729319,53
307,37,174371,39
308,37,232941,39
309,37,543970,43
310,37,964019,55
311,37,1923810,72
312,37,3502,45
313,37,116018,47
314,37,42346,45
315,37,1360,45
316,37,218564,70
317,37,300620,72
318,37,1656,45
319,37,25797,52
320,37,14330,46
321,37,574359,72
322,37,43781,47
323,37,78373,50
324,37,28228,53
325,37,144020,39
326,37,811912,53
327,37,1962028,75
328,37,7682270,136
329,37,221289,62
330,37,6974,43
331,37,10008,44
332,37,6753,40
333,37,120416,39
334,37,5101,40
335,37,454612,58
336,37,298162,61
337,37,23544,46
338,37,175823,41
339,37,2946817,67
340,37,261108,53
341,37,90956,53
342,37,306337,61
343,37,6001,47
344,37,22931,39
345,37,1631567,96
346,37,200047,62
347,37,648909,53
348,37,530745,91
349,37,26974,64
350,37,4350813,65
351,37,2721879,149
352,37,9765,70
353,37,22150,53
354,37,158574,54
355,37,406444,43
356,37,18229,49
357,37,12775,46
358,37,82058,52
359,37,5883,48
360,37,86458,62
361,37,614256,55
362,37,116154,53
363,37,293548,51
364,37,476003,53
365,37,20060,57
366,37,1691195,84
367,37,13478,43
368,37,48649,46
369,37,541320,50
370,37,19917,52
371,37,8937,44
372,37,554950,59
373,37,3441,45
374,37,26889,39
375,37,118382,69
376,37,8750,43
377,37,89850,49
378,37,200521,52
379,37,1700,44
380,37,258865,43
381,37,15121,49
382,37,22875,63
383,37,586234,49
384,37,760,50
385,37,457269,66
386,37,104458,62
387,37,19923,49
388,37,604781,44
389,37,171741,65
390,37,57425,40
391,37,33467,54
392,37,514334,59
393,37,4007,44
394,37,340750,62
395,37,1321877,45
396,37,154284,40
397,37,2634,48
398,37,891546,74
399,37,509945,47
400,37,6512,44
401,37,6534707,95
402,37,1705856,52
403,37,122624,60
404,37,9889,42
405,37,10001,43
406,37,7199,44
407,37,671,45
408,37,14889,40
409,37,987817,46
410,37,39440,44
411,37,2035,50
412,37,10625,42
413,37,675314,50
414,37,30837,39
415,37,491463,55
416,37,33051,39
417,37,95787,55
418,37,570715,57
419,37,13504,45
420,37,14633,47
421,37,17061,69
422,37,1523197,52
423,37,37617,50
424,37,37024,55
425,37,13055,42
426,37,1835,45
427,37,15722,41
428,37,11414,43
429,37,2962,47
430,37,22489,49
431,37,4573,48
432,37,1178067,55
433,37,805023,64
434,37,138220,51
435,37,1362,45
436,37,504308,48
437,37,483048,45
438,37,1830,45
439,37,78,50
440,37,4675,42
441,37,85,40
442,37,135778,43
443,37,2384105,52
444,37,6255,42
445,37,842377,39
446,37,88679,45
447,37,3667795,72
448,37,2189,45
449,37,15073,48
450,37,9022,47
451,37,9342,44
452,37,7099,49
453,37,57962,51
454,37,8995,43
455,37,234099,40
456,37,41904,39
457,37,35510,39
458,37,2543,45
459,37,1046,49
460,37,23409,39
461,37,495000,39
462,37,2924,50
463,37,2998,50
464,37,7340,39
465,37,7064,40
466,37,46812,40
467,37,7920,43
468,37,2690,50
469,37,15329,42
470,37,34425,49
471,37,2618,50
472,37,39879,40
473,37,192477,44
474,37,16572,42
475,37,352180,39
476,37,33916,42
477,37,120470,39
478,37,16883,40
479,37,48519,40
480,37,13998,49
481,37,93765,44
482,37,27110,48
483,37,115,50
484,37,17679,43
485,37,5025,45
486,37,17175,43
487,37,922,45
488,37,36934,43
489,37,19939,46
490,37,294,50
491,37,269032,62
492,37,256692,62
493,37,3034,49
494,37,448100,74
495,37,1916862,52
496,37,18334,41
497,37,43820,68
498,37,400103,49
499,37,22085,47
500,37,77898,44
501,37,4242,47
502,37,2379,54
503,37,476151,97
504,37,87149,44
505,37,167250,48
506,37,275198,45
507,37,567,50
508,37,211639,48
509,37,16234,62
510,37,194376,39
511,37,13956,50
512,37,94273,52
513,37,794899,42
514,37,1568666,78
515,37,2157,47
516,37,42643,41
517,37,195939,39
518,37,4130,47
519,37,2413,45
520,37,63558,44
521,37,1173130,39
522,37,14876,42
523,37,133234,48
524,37,145280,43
525,37,284178,62
526,37,2745,46
527,37,108304,57
528,37,14778,43
529,37,4436,44
530,37,161993,48
531,37,59055,61
532,37,14610,44
533,37,1787695,51
534,37,2913,48
535,37,19306,49
536,37,194968,39
537,37,7168,45
538,37,2492,45
539,37,127528,44
540,37,16413,45
541,37,1612141,71
542,37,14547,42
543,37,38390,43
544,37,4048,47
545,37,9671,50
546,37,114694,45
547,37,4065,44
548,37,10391,53
549,37,682,45
550,37,28421,61
551,37,18173,45
552,37,11727,40
553,37,26489,49
554,37,331973,44
555,37,4086,48
556,37,137988,40
557,37,14862,48
558,37,83763,38
559,37,70408,45
560,37,178371,61
561,37,133169,39
562,37,2236,55
563,37,7679,51
564,37,8783,43
565,37,13915,50
566,37,335126,52
567,37,34246,43
568,37,52352,44
569,37,6100,53
570,37,19035,51
571,37,247026,61
572,37,24280,43
573,37,2091843,52
574,37,6356,40
575,37,1784,40
576,37,2747,47
577,37,6748,50
578,37,136300,58
579,37,341188,42
580,37,508147,45
581,37,46011,42
582,37,113740,45
583,37,59479,39
584,37,14215,48
585,37,763123,56
586,37,4789,44
587,37,33088,55
588,37,7054,48
589,37,93150,67
590,37,18138,49
591,37,30207,42
592,37,14282,43
593,37,336713,48
594,37,852256,42
595,37,3243,54
596,37,16380,59
597,37,43761,45
598,37,28107,39
599,37,37506,39
600,37,4022,50
601,37,280,50
602,37,5122,44
603,37,14877,44
604,37,9440,44
605,37,4216,44
606,37,7482,44
607,37,35749,49
608,37,158027,43
609,37,111313,45
610,37,22024,45
611,37,17237,57
612,37,4856,53
613,37,4705,45
614,37,422,45
615,37,7713,39
616,37,1887,40
617,37,386671,58
618,37,37346,50
619,37,14646,45
620,37,6836,55
621,37,44744,59
622,37,2914,50
623,37,8951,50
624,37,21167,40
625,37,57635,63
626,37,516,45
627,37,8695,39
628,37,9704,44
629,37,5388,55
630,37,135414,39
631,37,4680,54
632,37,838,48
633,37,173829,60
634,37,407,49
635,37,30226,48
636,37,19847,68
637,37,24495,39
638,37,1786,45
639,37,6448,45
640,37,6753,40
641,37,55818,40
642,37,3943,50
643,37,17488,40
644,37,3511,44
645,37,8871,45
646,37,2814,45
647,37,2665,45
648,37,114871,45
649,37,3948,40
650,37,109861,45
651,37,1650,50
652,37,12608,49
653,37,11834,45
654,37,3493,50
655,37,3517,54
656,37,18796,44
657,37,5750,40
658,37,7481,40
659,37,1789,45
660,37,9435,40
661,37,1073,45
662,37,6597,40
663,37,3221,40
664,37,82316,39
665,37,19150,45
666,37,4094,40
667,37,1093,45
668,37,103231,39
669,37,2091,40
670,37,7708,40
671,37,1073,45
672,37,3788,40
673,37,686,45
674,37,1140,45
675,37,1621,40
676,37,27662,45
677,37,16040,40
678,37,1075,45
679,37,1250,45
680,37,4892,40
681,37,1367,40
682,37,2320,45
683,37,936,45
684,37,3482,40
685,37,2850,40
686,37,2923,40
687,37,1384,45
688,37,550,45
689,37,417,45
690,37,2936,40
691,37,1721,40
692,37,1631,40
693,37,254,45
694,37,574,45
695,37,551,45
696,37,2624,45
697,37,6313,40
698,37,13467,45
699,37,599,40
700,37,2893,40
701,37,792,45
702,37,2985,40
703,37,1559,40
704,37,985,40
705,37,3120,40
706,37,4261,40
707,37,7439,45
708,37,595,40
709,37,1759,45
710,37,510,45
711,37,2136,40
712,37,1690,40
713,37,3934,39
714,37,2377,55
715,37,4394,40
716,37,14731,41
717,37,209,45
718,37,1516,40
719,37,1030,40
720,37,46050,40
721,37,3051,40
722,37,5469,45
723,37,574,45
724,37,10272,45
725,37,23952,53
726,37,2154,40
727,37,1383,40
728,37,381,45
729,37,895,45
730,37,6332,47
731,37,6001,45
732,37,41188,50
733,37,1686,45
734,37,497,49
735,37,7020,15
736,37,169086,15
737,37,31775,8
738,37,5014,11
739,37,6727,11
740,37,5572,15
741,37,12245,8
742,37,53395,5
743,37,1456,5
744,37,23383,15
745,37,6157,8
746,37,9921,15
747,37,26050,11
748,37,206,5
749,37,2354,11
750,37,10473,5
751,37,11126,8
752,37,78183,8
753,37,875,11
754,37,1893,5
755,37,2533256,75
756,37,1563,40
757,37,19047,45
758,37,395,45
759,37,721,40
760,37,983,40
761,37,737,40
762,37,308620,61
763,37,1778,45
764,37,12372,45
765,37,3879,60
766,37,25752,45
767,37,3118,44
768,37,13037,58
769,37,1609,45
770,37,7640,50
771,37,346,45
772,37,1440,50
773,37,204,45
774,37,563,40
775,37,201,45
776,37,21134,45
777,37,988,40
778,37,214,45
779,37,437,45
780,37,2989,45
781,37,3599,45
782,37,585,40
783,37,339,40
784,37,5639,45
785,37,470,58
786,37,510,40
787,37,379,40
788,37,286,40
789,37,1491,45
790,37,99,45
791,37,298,40
792,37,231,45
793,37,68,45
794,37,193,40
795,37,105,45
796,37,186,40
797,37,95,45
798,37,3175,44
799,37,401,40
800,37,91,45
801,37,149,40
1,38,1102,54
2,38,120249,65
3,38,1395464,61
4,38,714630,77
5,38,2697,40
6,38,489936,55
7,38,23740,46
8,38,456505,49
9,38,358757,65
10,38,5479,50
11,38,77687,59
12,38,167305,43
13,38,668217,82
14,38,153227,44
15,38,3793985,56
16,38,489653,63
17,38,2357799,104
18,38,2930999,64
19,38,835313,50
20,38,82045,49
21,38,10517,43
22,38,3961,48
23,38,527977,67
24,38,532449,62
25,38,107155,48
26,38,40607,42
27,38,129496,48
28,38,87077,62
29,38,25658,52
30,38,1954,49
31,38,7030,51
32,38,185017,44
33,38,19965,45
34,38,1632,65
35,38,32815,45
36,38,639855,44
37,38,183,50
38,38,183398,57
39,38,58399,40
40,38,59401,39
41,38,2225,54
42,38,8589,50
43,38,873,40
44,38,1115072,45
45,38,184997,45
46,38,75,40
47,38,1529158,50
48,38,78246,52
49,38,25284,44
50,38,55963,39
51,38,15986,45
52,38,94114,42
53,38,33512,54
54,38,2957546,58
55,38,58,40
56,38,5231,40
57,38,120618,55
58,38,3363158,92
59,38,13171,43
60,38,7013,49
61,38,10345,45
62,38,3601,49
63,38,14499,48
64,38,16601,50
65,38,6955,54
66,38,577,50
67,38,5038,45
68,38,52777,39
69,38,122997,45
70,38,2342159,53
71,38,1266467,59
72,38,2796,44
73,38,78901,41
74,38,105132,45
75,38,1954,40
76,38,4016,48
77,38,3297,47
78,38,932762,57
79,38,37965,46
80,38,12297,48
81,38,15438,44
82,38,537355,73
83,38,28288,54
84,38,12600,44
85,38,60439,44
86,38,23533,44
87,38,8599,44
88,38,515082,46
89,38,132839,49
90,38,534,48
91,38,1141652,45
92,38,3514,43
93,38,1342,43
94,38,18321,48
95,38,7239,53
96,38,34542,39
97,38,6473,44
98,38,10429,50
99,38,5356745,83
100,38,33670,42
101,38,22277,48
102,38,1443,49
103,38,1548,45
104,38,32275,44
105,38,7317,43
106,38,374142,53
107,38,3232,59
108,38,126674,73
109,38,335918,39
110,38,2800186,69
111,38,264916,43
112,38,1176,45
113,38,33758,51
114,38,204,45
115,38,19195,50
116,38,219289,40
117,38,47962,45
118,38,2598,45
119,38,1127,49
120,38,265286,42
121,38,24292,54
122,38,151542,49
123,38,29218,55
124,38,3766,50
125,38,2508,65
126,38,6787,49
127,38,374,50
128,38,7840,43
129,38,973472,55
130,38,59,45
131,38,24959,44
132,38,3948,65
133,38,1219,45
134,38,4237,50
135,38,112882,48
136,38,733846,63
137,38,45752,44
138,38,21173,45
139,38,5843,40
140,38,5327,44
141,38,1058,49
142,38,78950,40
143,38,470,55
144,38,85952,45
145,38,128867,43
146,38,284699,45
147,38,9413,43
148,38,806317,55
149,38,6317,47
150,38,287,45
151,38,11617,45
152,38,430188,46
153,38,9377,42
154,38,27255,39
155,38,41925,39
156,38,6765,53
157,38,113982,49
158,38,10797,44
159,38,84686,44
160,38,58643,46
161,38,4515,47
162,38,279658,44
163,38,1363059,54
164,38,6315,54
165,38,15373,49
166,38,12882,55
167,38,43330,42
168,38,464163,47
169,38,14800,59
170,38,2908,40
171,38,159725,49
172,38,124205,48
173,38,7343,43
174,38,45682,45
175,38,20449,63
176,38,263,45
177,38,366004,60
178,38,52087,47
179,38,20738,61
180,38,715182,77
181,38,227458,57
182,38,3937680,105
183,38,16965,44
184,38,12807,44
185,38,708309,45
186,38,95174,67
187,38,39484,42
188,38,35868,44
189,38,28338,43
190,38,8714,45
191,38,387230,42
192,38,18833,51
193,38,4836,48
194,38,22499,44
195,38,4840,43
196,38,10782,43
197,38,238,45
198,38,23245,51
199,38,1675342,70
200,38,650702,47
201,38,1332006,46
202,38,6948,42
203,38,4949,49
204,38,28691,41
205,38,11984,51
206,38,6621,48
207,38,944268,75
208,38,24837,44
209,38,50245,39
210,38,244940,48
211,38,2183550,52
212,38,108,45
213,38,2935,45
214,38,5117,46
215,38,8486,43
216,38,16182,47
217,38,53776,51
218,38,440846,48
219,38,212229,49
220,38,120085,54
221,38,4084,43
222,38,19561,48
223,38,2337,49
224,38,17280,52
225,38,15629,40
226,38,68286,43
227,38,133708,38
228,38,505860,38
229,38,26827,49
230,38,157124,51
231,38,756390,44
232,38,128531,52
233,38,244380,48
234,38,3244,44
235,38,1805906,52
236,38,188476,47
237,38,2285,49
238,38,162239,42
239,38,165171,45
240,38,96174,49
241,38,69595,45
242,38,39390,39
243,38,3528,48
244,38,93002,42
245,38,23604,43
246,38,393,45
247,38,556826,54
248,38,332324,50
249,38,5061,48
250,38,15074,40
251,38,159970,55
252,38,569249,53
253,38,562,45
254,38,2973,47
255,38,1728422,47
256,38,3958,50
257,38,23964,44
258,38,38919,50
259,38,24545,52
260,38,24282,47
261,38,1445,40
262,38,1415,49
263,38,201158,38
264,38,3166,47
265,38,8333,51
266,38,5263,40
267,38,101351,42
268,38,376915,56
269,38,6108,40
270,38,267994,38
271,38,853,49
272,38,6586,54
273,38,1201,45
274,38,29800,52
275,38,218752,38
276,38,42063,45
277,38,23962,43
278,38,14386,48
279,38,401,40
280,38,64096,39
281,38,3100,48
282,38,133844,39
283,38,18598,43
284,38,132479,39
285,38,32263,44
286,38,32370,45
287,38,116216,44
288,38,56820,40
289,38,62314,48
290,38,6738,52
291,38,603066,38
292,38,17515,44
293,38,42648,44
294,38,80708,39
295,38,133476,41
296,38,13586,44
297,38,1377,45
298,38,30291,50
299,38,4643,47
300,38,19299,49
301,38,49385,40
302,38,8030,41
303,38,808,40
304,38,60809,40
305,38,161909,39
306,38,593471,54
307,38,172006,39
308,38,228647,39
309,38,541205,43
310,38,967701,55
311,38,1916617,72
312,38,3498,45
313,38,138462,47
314,38,42099,45
315,38,1358,45
316,38,219206,70
317,38,298087,72
318,38,1651,45
319,38,30860,52
320,38,14398,46
321,38,623622,72
322,38,44120,47
323,38,78566,50
324,38,28254,53
325,38,144947,39
326,38,801351,53
327,38,1932302,75
328,38,7606797,136
329,38,196273,62
330,38,7568,43
331,38,10065,44
332,38,6741,40
333,38,119600,39
334,38,5093,40
335,38,455332,58
336,38,309862,61
337,38,23990,46
338,38,172342,41
339,38,2938447,67
340,38,266404,53
341,38,91464,53
342,38,322766,61
343,38,6041,47
344,38,22991,39
345,38,1313941,95
346,38,189410,62
347,38,649958,53
348,38,525390,91
349,38,26904,64
350,38,4432222,65
351,38,2775792,149
352,38,9758,70
353,38,22133,53
354,38,140434,54
355,38,397509,43
356,38,17569,49
357,38,12024,46
358,38,79513,52
359,38,5859,48
360,38,88016,62
361,38,635023,55
362,38,116077,53
363,38,293054,51
364,38,473077,53
365,38,20029,57
366,38,1569167,84
367,38,13566,43
368,38,48717,46
369,38,536144,50
370,38,19893,52
371,38,9031,44
372,38,543806,59
373,38,3431,45
374,38,26707,39
375,38,118444,69
376,38,8864,43
377,38,93216,49
378,38,200267,52
379,38,1691,44
380,38,258057,43
381,38,15112,49
382,38,21206,63
383,38,577523,49
384,38,760,50
385,38,428548,66
386,38,104293,62
387,38,20267,49
388,38,760100,45
389,38,172486,65
390,38,57092,40
391,38,33415,54
392,38,481744,59
393,38,5354,44
394,38,345164,62
395,38,1474792,46
396,38,150317,40
397,38,2610,48
398,38,931878,74
399,38,500221,47
400,38,6487,44
401,38,5624924,94
402,38,1631696,52
403,38,121033,60
404,38,9853,42
405,38,10037,43
406,38,7292,44
407,38,808,45
408,38,14822,40
409,38,1027568,46
410,38,39373,44
411,38,2069,50
412,38,10643,42
413,38,701851,50
414,38,30833,39
415,38,595814,55
416,38,32669,39
417,38,101955,55
418,38,505428,56
419,38,13482,45
420,38,14637,47
421,38,24773,69
422,38,1488758,53
423,38,35441,50
424,38,35744,55
425,38,13026,42
426,38,1830,45
427,38,15705,41
428,38,11595,43
429,38,2943,47
430,38,22404,49
431,38,4505,48
432,38,1065059,55
433,38,853930,65
434,38,136093,51
435,38,1359,45
436,38,460784,47
437,38,454720,45
438,38,1826,45
439,38,78,50
440,38,4660,42
441,38,85,40
442,38,136261,43
443,38,2257442,52
444,38,6232,42
445,38,830654,39
446,38,88395,45
447,38,3519572,72
448,38,2187,45
449,38,14938,48
450,38,6951,47
451,38,9282,44
452,38,6740,49
453,38,57599,51
454,38,8950,43
455,38,216578,40
456,38,41309,39
457,38,35024,39
458,38,2536,45
459,38,1045,49
460,38,23133,39
461,38,472710,39
462,38,2510,50
463,38,2996,50
464,38,7532,39
465,38,6989,40
466,38,45606,40
467,38,7290,43
468,38,2687,50
469,38,15206,42
470,38,33430,49
471,38,2642,50
472,38,39437,40
473,38,204936,44
474,38,16306,42
475,38,346679,39
476,38,31538,42
477,38,119846,39
478,38,16819,40
479,38,48279,40
480,38,14019,49
481,38,90269,44
482,38,27004,48
483,38,115,50
484,38,17902,43
485,38,5019,45
486,38,17103,43
487,38,921,45
488,38,36586,43
489,38,19871,46
490,38,294,50
491,38,265985,62
492,38,251577,62
493,38,3031,49
494,38,440760,74
495,38,1891301,52
496,38,18571,41
497,38,45119,68
498,38,398536,49
499,38,21841,47
500,38,76284,44
501,38,4262,47
502,38,2379,54
503,38,477301,97
504,38,82767,44
505,38,167374,48
506,38,276506,45
507,38,566,50
508,38,211301,48
509,38,16338,62
510,38,191612,39
511,38,14042,50
512,38,94243,52
513,38,834654,42
514,38,2121876,79
515,38,2154,47
516,38,44827,41
517,38,196763,39
518,38,4122,47
519,38,2404,45
520,38,64091,44
521,38,1149843,39
522,38,14908,42
523,38,133735,48
524,38,153068,43
525,38,301850,62
526,38,2770,46
527,38,108806,57
528,38,14804,43
529,38,4428,44
530,38,170194,48
531,38,59476,61
532,38,14588,44
533,38,1702267,51
534,38,2928,48
535,38,18075,49
536,38,193542,39
537,38,7153,45
538,38,2486,45
539,38,127733,44
540,38,16364,45
541,38,1551157,70
542,38,14516,42
543,38,37277,43
544,38,4054,47
545,38,9659,50
546,38,114217,45
547,38,4121,44
548,38,10360,53
549,38,681,45
550,38,28408,61
551,38,18116,45
552,38,11665,40
553,38,25338,49
554,38,322277,44
555,38,4186,48
556,38,138562,39
557,38,14799,48
558,38,87833,38
559,38,66419,45
560,38,162969,61
561,38,132239,39
562,38,2232,55
563,38,7691,51
564,38,8723,43
565,38,12914,50
566,38,295184,52
567,38,32624,43
568,38,51380,44
569,38,6025,53
570,38,19044,51
571,38,222820,60
572,38,23768,43
573,38,2046803,52
574,38,6349,40
575,38,1771,40
576,38,2775,47
577,38,6704,50
578,38,177206,58
579,38,287842,42
580,38,579328,45
581,38,43020,42
582,38,99739,45
583,38,57897,39
584,38,14184,48
585,38,598335,55
586,38,4805,44
587,38,33105,55
588,38,7087,48
589,38,98701,67
590,38,18664,49
591,38,31902,42
592,38,14725,43
593,38,334290,48
594,38,836040,42
595,38,8366,54
596,38,16276,59
597,38,46197,45
598,38,27996,39
599,38,36876,39
600,38,6661,50
601,38,280,50
602,38,5093,44
603,38,14822,44
604,38,9534,44
605,38,4250,44
606,38,7461,44
607,38,26395,49
608,38,158907,43
609,38,110544,45
610,38,22256,45
611,38,17170,57
612,38,4917,53
613,38,4722,45
614,38,422,45
615,38,7556,39
616,38,1885,40
617,38,1026069,59
618,38,36860,50
619,38,14310,45
620,38,6850,55
621,38,44663,59
622,38,2884,50
623,38,7140,50
624,38,20850,40
625,38,56960,63
626,38,516,45
627,38,8913,39
628,38,9758,44
629,38,5509,55
630,38,146789,38
631,38,4659,54
632,38,863,48
633,38,166630,60
634,38,428,49
635,38,23533,48
636,38,20854,68
637,38,25281,39
638,38,1832,45
639,38,6565,45
640,38,6730,40
641,38,55569,40
642,38,3917,50
643,38,17489,40
644,38,3679,44
645,38,8818,45
646,38,2802,45
647,38,2685,45
648,38,114007,45
649,38,3932,40
650,38,103783,45
651,38,1647,50
652,38,12349,49
653,38,11706,45
654,38,3552,50
655,38,3548,54
656,38,18667,44
657,38,5712,40
658,38,7793,40
659,38,1810,45
660,38,9379,40
661,38,1069,45
662,38,6766,40
663,38,3206,40
664,38,81286,39
665,38,19238,45
666,38,4172,40
667,38,1108,45
668,38,100710,39
669,38,2174,40
670,38,7638,40
671,38,1070,45
672,38,3879,40
673,38,703,45
674,38,1165,45
675,38,1614,40
676,38,28544,45
677,38,15142,40
678,38,1075,45
679,38,1311,45
680,38,4984,40
681,38,1355,40
682,38,2415,45
683,38,959,45
684,38,3528,40
685,38,2946,40
686,38,3034,40
687,38,1449,45
688,38,574,45
689,38,414,45
690,38,3017,40
691,38,1759,40
692,38,1680,40
693,38,251,45
694,38,598,45
695,38,586,45
696,38,2819,45
697,38,6388,40
698,38,13593,45
699,38,597,40
700,38,2982,40
701,38,782,45
702,38,3054,40
703,38,1598,40
704,38,1035,40
705,38,3230,40
706,38,4463,40
707,38,7556,45
708,38,591,40
709,38,1740,45
710,38,537,45
711,38,2350,40
712,38,1829,40
713,38,4250,39
714,38,2413,55
715,38,4742,40
716,38,15715,41
717,38,208,45
718,38,1593,40
719,38,1086,40
720,38,47934,40
721,38,3072,40
722,38,5621,45
723,38,611,45
724,38,10564,45
725,38,20590,53
726,38,2200,40
727,38,1528,40
728,38,401,45
729,38,944,45
730,38,6744,47
731,38,5942,45
732,38,39592,50
733,38,1739,45
734,38,511,49
735,38,31648,15
736,38,97515,15
737,38,25993,8
738,38,17253,11
739,38,7845,11
740,38,5595,15
741,38,6390,8
742,38,17435,5
743,38,1399,5
744,38,21435,15
745,38,4872,8
746,38,9807,15
747,38,16537,11
748,38,248,5
749,38,4593,11
750,38,8508,5
751,38,8021,8
752,38,49872,8
753,38,956,11
754,38,1685,5
755,38,2590100,74
756,38,1662,40
757,38,14860,45
758,38,416,45
759,38,752,40
760,38,1088,40
761,38,778,40
762,38,278033,60
763,38,1861,45
764,38,13051,45
765,38,4048,60
766,38,25298,45
767,38,3289,44
768,38,12650,58
769,38,1660,45
770,38,6411,50
771,38,356,45
772,38,1425,50
773,38,206,45
774,38,619,40
775,38,216,45
776,38,21897,45
777,38,1004,40
778,38,235,45
779,38,499,45
780,38,3178,45
781,38,3855,45
782,38,653,40
783,38,370,40
784,38,6052,45
785,38,633,58
786,38,582,40
787,38,422,40
788,38,317,40
789,38,1849,45
790,38,107,45
791,38,352,40
792,38,330,45
793,38,82,45
794,38,238,40
795,38,160,45
796,38,258,40
797,38,122,45
798,38,5904,44
799,38,518,40
800,38,181,45
801,38,247,40
802,38,0,45
803,38,0,40
804,38,0,40
