element,gw,selected,value
1,1,76656,70
2,1,12184,50
3,1,69564,55
4,1,2823465,120
5,1,35774,50
6,1,196064,85
7,1,899,50
8,1,400285,50
9,1,42909,55
10,1,769,45
11,1,240975,50
12,1,292339,45
13,1,1043,45
14,1,17088,50
15,1,112927,50
16,1,71148,45
17,1,686005,55
18,1,132947,80
19,1,15039,50
20,1,7504,50
21,1,5478,55
22,1,112190,60
23,1,17820,45
24,1,491508,55
25,1,11041,50
26,1,2608,50
27,1,216705,45
53,1,17313,50
54,1,78657,65
55,1,849631,45
56,1,299163,40
57,1,10256,60
58,1,7211,45
59,1,6355,50
60,1,2010,50
61,1,51065,45
62,1,531265,50
63,1,1315,45
64,1,22063,50
65,1,2728,50
66,1,187445,45
67,1,22681,45
68,1,102974,65
69,1,24123,60
70,1,1121565,45
71,1,3104,55
72,1,133,55
73,1,622,45
74,1,103827,45
75,1,824870,40
76,1,269810,45
77,1,114860,45
78,1,32205,55
79,1,21938,45
80,1,3939,55
101,1,20402,50
102,1,469354,60
103,1,75648,70
104,1,205442,60
105,1,104796,50
106,1,17874,60
107,1,7235,55
108,1,121096,60
109,1,133067,50
110,1,53224,50
111,1,11017,50
112,1,132136,50
113,1,234920,50
114,1,139604,80
115,1,10507,60
116,1,17362,50
117,1,2838333,95
118,1,278989,75
119,1,650190,85
120,1,518922,70
121,1,21251,50
122,1,28187,60
123,1,304155,50
124,1,10890,45
125,1,5946,45
126,1,49581,45
127,1,1486,45
128,1,87269,50
129,1,538,45
130,1,12911,55
131,1,144113,45
132,1,15812,55
133,1,14565,50
134,1,105207,45
135,1,79848,45
136,1,85742,45
137,1,16534,60
138,1,57448,60
139,1,5818,55
140,1,403544,60
141,1,461359,70
142,1,5393,55
143,1,3437,50
144,1,11161,45
145,1,113206,40
146,1,783246,40
147,1,6682,45
148,1,14946,60
149,1,3638,50
150,1,99837,70
151,1,9107,45
152,1,41401,50
153,1,444,60
154,1,10689,60
155,1,397204,60
156,1,101537,50
157,1,270083,50
158,1,21001,55
159,1,10789,60
160,1,12770,45
161,1,109,50
162,1,54492,55
163,1,8045,55
164,1,387691,70
165,1,8203,50
166,1,583310,80
167,1,5051,45
168,1,49378,45
169,1,28479,60
170,1,252603,40
171,1,117641,40
172,1,5028,50
173,1,11972,45
174,1,3144,50
175,1,19025,55
176,1,10082,45
177,1,12640,55
178,1,19305,45
179,1,10166,45
180,1,9467,50
181,1,8412,55
182,1,60330,50
183,1,6306,45
184,1,1435176,60
185,1,1789,45
186,1,27465,45
187,1,7285,55
188,1,11895,50
189,1,8146,50
190,1,6711,50
191,1,50068,45
192,1,10480,45
193,1,111474,60
194,1,149614,45
195,1,51620,45
196,1,920095,40
197,1,237865,45
198,1,34553,55
199,1,2009,50
200,1,256415,45
201,1,44238,45
202,1,226666,55
203,1,30491,55
204,1,138291,50
205,1,18135,55
206,1,4908,50
207,1,2425,50
208,1,137480,40
209,1,20257,45
210,1,3045,50
211,1,97197,40
212,1,91194,45
213,1,55373,45
214,1,87393,40
215,1,52110,40
216,1,5862,45
217,1,828679,55
218,1,1369,45
219,1,7125,55
220,1,39204,45
221,1,12864,55
222,1,28097,45
223,1,13251,45
224,1,1036141,100
225,1,4535,55
226,1,8705,60
227,1,86735,40
228,1,127919,65
229,1,215629,65
230,1,12401,55
231,1,81625,70
232,1,72270,55
233,1,41594,60
234,1,5293,50
235,1,251556,70
236,1,126755,50
237,1,6080,45
238,1,771267,55
239,1,681843,45
240,1,27278,45
241,1,12449,55
242,1,3680,50
243,1,120632,55
244,1,180668,55
245,1,18419,45
246,1,30541,55
247,1,4288,65
248,1,3207,65
249,1,248434,95
250,1,1528505,65
251,1,807314,120
252,1,721549,60
253,1,76886,55
254,1,1883241,120
255,1,766431,70
256,1,71975,55
257,1,6549,55
258,1,30923,65
259,1,3227802,75
260,1,292725,55
261,1,66891,55
262,1,339175,45
263,1,32021,45
264,1,270752,40
265,1,10271,45
320,1,21822,55
321,1,20721,55
322,1,7154,50
323,1,88657,50
324,1,3326,45
325,1,13715,50
326,1,27245,50
327,1,3104,45
328,1,219489,45
329,1,3224,60
330,1,5623,55
331,1,2038,45
332,1,21964,45
333,1,5746,45
334,1,1810,50
335,1,27859,45
336,1,5941,50
337,1,5098,50
338,1,1361562,55
339,1,62869,60
340,1,26389,60
341,1,23205,50
342,1,21423,40
343,1,17568,60
344,1,64923,55
345,1,135308,50
346,1,33140,60
347,1,340758,55
348,1,14532,45
349,1,38334,50
350,1,9649,45
351,1,304826,55
352,1,11802,45
353,1,1006715,50
354,1,46550,50
355,1,781245,55
356,1,2316,50
357,1,45716,60
358,1,13584,55
359,1,28676,60
360,1,10068,50
361,1,87664,55
362,1,87171,50
363,1,1400435,45
364,1,269424,45
365,1,54083,65
366,1,1467030,85
367,1,30741,50
368,1,23082,55
369,1,36388,45
370,1,280881,60
371,1,19987,45
372,1,4424,55
373,1,64140,45
374,1,11700,45
375,1,748080,45
376,1,196908,45
377,1,279992,60
378,1,5944,50
379,1,23808,45
380,1,84869,40
381,1,158019,50
382,1,5118,55
383,1,296409,55
384,1,24146,50
385,1,33970,50
386,1,166187,55
387,1,10931,60
388,1,894557,105
389,1,236728,55
390,1,1724987,90
391,1,95090,50
392,1,149187,70
393,1,22611,45
394,1,237638,80
395,1,155868,50
396,1,66864,50
397,1,10287,55
398,1,62607,55
399,1,16898,50
400,1,83611,75
401,1,6161,50
402,1,8128,50
403,1,55175,70
404,1,2265,45
405,1,12879,60
406,1,9137,45
407,1,48768,45
408,1,24892,55
409,1,10809,50
410,1,7531,55
411,1,8154,55
412,1,9197,45
413,1,3307,50
414,1,74895,45
415,1,60979,55
416,1,7467,50
417,1,43295,45
418,1,4560,45
419,1,21428,50
420,1,3893,45
421,1,2162,50
422,1,5791,45
423,1,1682,50
424,1,65020,45
425,1,19684,45
426,1,33377,45
427,1,143896,50
428,1,9364,60
429,1,498030,40
430,1,16045,45
431,1,102540,50
432,1,25125,50
433,1,1162,45
434,1,10257,50
435,1,70232,50
436,1,14140,60
437,1,642088,65
438,1,41931,45
439,1,2974,65
440,1,32372,65
441,1,35853,65
442,1,15272,45
443,1,11269,45
444,1,544,55
445,1,94805,65
446,1,37744,55
447,1,409,55
448,1,305763,50
449,1,367903,50
450,1,6389,65
451,1,101787,45
452,1,161367,40
453,1,20303,45
454,1,202859,55
455,1,375930,55
456,1,25352,45
457,1,1485702,60
458,1,138741,55
459,1,556410,50
460,1,1082647,85
461,1,177607,50
462,1,2930,55
463,1,18422,50
464,1,145802,50
465,1,1189095,65
466,1,158296,55
467,1,106766,40
468,1,215812,65
469,1,17314,55
470,1,108444,40
471,1,618483,45
472,1,9380,45
473,1,522,50
474,1,13748,55
475,1,35928,45
476,1,17621,50
477,1,433,50
478,1,473242,80
479,1,22240,45
480,1,7807,50
481,1,182852,60
482,1,55692,45
483,1,462939,50
484,1,7957,45
485,1,6679,50
486,1,18959,45
487,1,3122,50
488,1,5313,45
489,1,33257,60
490,1,179186,55
491,1,33230,45
492,1,462199,60
493,1,76220,45
494,1,85593,50
497,1,2064,50
498,1,67356,55
499,1,4451,45
500,1,755977,85
501,1,115657,50
502,1,75335,55
503,1,107597,40
504,1,75604,55
505,1,15739,50
506,1,538610,65
507,1,65008,60
508,1,471986,75
509,1,51564,45
510,1,7325,45
511,1,4284,45
512,1,143040,55
513,1,76806,45
515,1,2432,50
516,1,71203,45
517,1,7610,45
518,1,17814,45
521,1,14540,40
522,1,0,40
523,1,0,40
524,1,0,45
525,1,0,45
526,1,0,45
527,1,0,40
528,1,0,40
529,1,0,40
1,2,68335,69
2,2,8234,50
3,2,49797,55
4,2,3002806,120
5,2,27448,49
6,2,342387,85
7,2,1016,50
8,2,614046,50
9,2,58116,55
10,2,740,45
11,2,326713,50
12,2,349600,45
13,2,1100,45
14,2,15419,49
15,2,152759,50
16,2,148466,45
17,2,777005,55
18,2,95969,79
19,2,14793,49
20,2,6935,50
21,2,5332,54
22,2,83645,59
23,2,13976,45
24,2,357292,54
25,2,10787,49
26,2,2378,50
27,2,156887,44
28,2,4151,45
29,2,32682,45
30,2,18213,45
31,2,22571,45
32,2,351261,40
33,2,5016,60
34,2,7442,60
35,2,1059481,40
36,2,9780,45
37,2,688315,70
38,2,34888,55
39,2,5448,45
40,2,89093,55
41,2,94974,50
42,2,59892,45
43,2,721,45
44,2,36986,45
45,2,10543,60
46,2,12720,45
47,2,10561,45
48,2,823,60
49,2,8177,60
50,2,1061409,45
51,2,131948,45
52,2,25260,50
53,2,14517,50
54,2,57682,65
55,2,766198,45
56,2,324407,40
57,2,10665,60
58,2,5422,45
59,2,5044,50
60,2,1495,50
61,2,46103,45
62,2,508280,50
63,2,1051,45
64,2,14656,50
65,2,4539,50
66,2,171745,45
67,2,21500,45
68,2,101960,65
69,2,47806,60
70,2,1159789,45
71,2,3804,55
72,2,163,55
73,2,546,45
74,2,96397,45
75,2,812242,40
76,2,314988,45
77,2,255961,45
78,2,35030,55
79,2,34504,45
80,2,4108,55
81,2,347655,55
82,2,38923,45
83,2,85013,45
84,2,1333,50
85,2,15118,45
86,2,51558,60
87,2,6993,60
88,2,20376,50
89,2,55990,55
90,2,5338,55
91,2,139905,65
92,2,11308,45
93,2,48709,50
94,2,17434,40
95,2,4930,50
96,2,1047580,55
97,2,306344,45
98,2,2586,50
99,2,97704,40
100,2,54426,60
101,2,21606,50
102,2,406897,60
103,2,72643,70
104,2,213795,60
105,2,342805,50
106,2,20236,60
107,2,15328,55
108,2,119307,60
109,2,115488,49
110,2,89752,50
111,2,12610,50
112,2,136627,50
113,2,289355,50
114,2,96757,80
115,2,13079,60
116,2,24305,50
117,2,2546205,95
118,2,227720,74
119,2,367635,84
120,2,456584,70
121,2,21982,50
122,2,24640,59
123,2,593870,50
124,2,10716,45
125,2,5794,45
126,2,51906,45
127,2,3758,45
128,2,203846,50
129,2,547,45
130,2,14328,55
131,2,168330,45
132,2,12391,55
133,2,17116,50
134,2,125159,45
135,2,66325,45
136,2,83421,45
137,2,51702,60
138,2,52037,60
139,2,5358,55
140,2,366405,60
141,2,603201,70
142,2,5833,55
143,2,3479,50
144,2,10593,45
145,2,104495,40
146,2,1222530,40
147,2,7492,45
148,2,16099,60
149,2,2957,50
150,2,93723,70
151,2,10818,45
152,2,117980,50
153,2,524,60
154,2,11165,60
155,2,878954,61
156,2,145252,50
157,2,617049,50
158,2,32961,55
159,2,11246,60
160,2,13715,45
161,2,136,50
162,2,92644,55
163,2,9223,55
164,2,875767,71
165,2,5773,50
166,2,728227,80
167,2,5940,45
168,2,46290,45
169,2,34460,60
170,2,218700,40
171,2,131318,40
172,2,4281,49
173,2,10100,45
174,2,2891,50
175,2,17689,55
176,2,15000,45
177,2,10177,54
178,2,20066,45
179,2,9309,45
180,2,10300,50
181,2,9284,55
182,2,58925,50
183,2,4714,45
184,2,1290155,60
185,2,1371,45
186,2,36857,45
187,2,9992,55
188,2,12390,50
189,2,7486,49
190,2,9228,50
191,2,49386,45
192,2,7068,45
193,2,112167,60
194,2,142124,45
195,2,40527,45
196,2,870162,40
197,2,284510,45
198,2,245552,55
199,2,1293,50
200,2,358887,45
201,2,40659,45
202,2,752960,56
203,2,250466,55
204,2,245486,50
205,2,55531,55
206,2,5753,50
207,2,2649,50
208,2,153253,40
209,2,19167,45
210,2,3315,50
211,2,154537,40
212,2,96050,45
213,2,108204,45
214,2,91425,40
215,2,53549,40
216,2,5573,45
217,2,937658,55
218,2,5420,45
219,2,6808,55
220,2,44070,45
221,2,13995,55
222,2,33379,45
223,2,15294,45
224,2,1582960,101
225,2,21300,55
226,2,8008,60
227,2,98950,40
228,2,133691,65
229,2,198539,65
230,2,11977,55
231,2,107645,70
232,2,65868,55
233,2,37056,59
234,2,5507,50
235,2,237923,70
236,2,143142,50
237,2,3896,45
238,2,861165,55
239,2,1081585,46
240,2,21987,44
241,2,12893,55
242,2,3113,50
243,2,121913,55
244,2,173807,55
245,2,20756,45
246,2,31597,55
247,2,3332,65
248,2,2877,65
249,2,222969,94
250,2,1789483,65
251,2,585445,119
252,2,733175,60
253,2,97248,55
254,2,2378499,120
255,2,807793,70
256,2,73570,55
257,2,5320,54
258,2,21317,64
259,2,3097107,75
260,2,279462,55
261,2,58956,55
262,2,401081,45
263,2,39108,45
264,2,275280,40
265,2,10754,45
266,2,81124,55
267,2,2235,45
268,2,235327,105
269,2,49848,50
270,2,356412,60
271,2,38249,55
272,2,2063222,115
273,2,28676,50
274,2,121294,60
275,2,151442,85
276,2,322864,115
277,2,64092,55
278,2,354253,60
279,2,474483,55
280,2,302527,60
281,2,43760,75
282,2,153900,95
283,2,30075,55
284,2,279640,65
285,2,6803,45
286,2,37251,55
287,2,79393,70
288,2,19182,50
289,2,11035,50
290,2,8726,60
291,2,296170,55
292,2,14080,50
293,2,21375,65
294,2,4997,50
295,2,18715,50
296,2,141119,80
297,2,5746,50
298,2,276468,55
299,2,11306,55
300,2,111268,50
301,2,15558,60
302,2,1623046,105
303,2,1156211,90
304,2,5704,50
305,2,182213,55
306,2,445991,95
307,2,1726,45
308,2,128704,50
309,2,21842,50
310,2,18413,50
311,2,26990,65
312,2,7589,45
313,2,865810,55
314,2,4034,50
315,2,558286,75
316,2,1153,45
317,2,6233,45
318,2,112113,45
319,2,45749,40
320,2,56622,55
321,2,23268,55
322,2,7463,50
323,2,102812,50
324,2,4113,45
325,2,33351,50
326,2,22181,50
327,2,1914,44
328,2,265866,45
329,2,2498,60
330,2,5589,55
331,2,1643,45
332,2,29716,45
333,2,5689,45
334,2,1519,50
335,2,27637,45
336,2,6488,50
337,2,5232,50
338,2,1348064,55
339,2,67366,60
340,2,24573,60
341,2,22448,50
342,2,20087,40
343,2,21686,60
344,2,63573,55
345,2,126555,50
346,2,32626,60
347,2,306284,55
348,2,15846,45
349,2,36349,50
350,2,10250,45
351,2,280431,55
352,2,11824,45
353,2,885692,50
354,2,45105,50
355,2,702490,55
356,2,2388,50
357,2,44872,60
358,2,16285,55
359,2,18158,60
360,2,10578,50
361,2,89923,55
362,2,88465,50
363,2,1423373,45
364,2,280163,45
365,2,39617,65
366,2,1228417,85
367,2,29644,50
368,2,14609,55
369,2,37373,45
370,2,247080,60
371,2,20173,45
372,2,4383,55
373,2,85536,45
374,2,12444,45
375,2,702353,45
376,2,173374,45
377,2,251773,60
378,2,5773,50
379,2,36698,45
380,2,92394,40
381,2,159368,50
382,2,4746,55
383,2,319315,55
384,2,24781,50
385,2,37035,50
386,2,181839,55
387,2,10827,60
388,2,829125,105
389,2,171292,54
390,2,1378891,89
391,2,106120,50
392,2,147075,70
393,2,24019,45
394,2,154269,79
395,2,155739,50
396,2,62000,50
397,2,11945,55
398,2,62588,55
399,2,15517,50
400,2,67770,74
401,2,6639,50
402,2,5422,50
403,2,45404,69
404,2,2411,45
405,2,14674,60
406,2,9798,45
407,2,46922,45
408,2,24461,55
409,2,10160,50
410,2,6388,54
411,2,6107,54
412,2,9826,45
413,2,3391,50
414,2,60710,45
415,2,49333,55
416,2,6584,50
417,2,52526,45
418,2,4540,45
419,2,19279,50
420,2,3412,45
421,2,2409,50
422,2,8033,45
423,2,1693,50
424,2,63505,45
425,2,19736,45
426,2,38362,45
427,2,115916,50
428,2,8396,60
429,2,518484,40
430,2,17208,45
431,2,99714,50
432,2,23987,50
433,2,1085,45
434,2,9086,50
435,2,62831,50
436,2,11308,59
437,2,495278,64
438,2,35945,45
439,2,3554,65
440,2,29179,64
441,2,30340,64
442,2,15134,45
443,2,10766,45
444,2,619,55
445,2,66218,64
446,2,34399,55
447,2,574,55
448,2,276330,50
449,2,330238,50
450,2,5983,65
451,2,94169,45
452,2,163501,40
453,2,22927,45
454,2,195761,55
455,2,399744,55
456,2,26231,45
457,2,1368719,60
458,2,153262,55
459,2,599340,50
460,2,1282778,85
461,2,385987,50
462,2,2558,55
463,2,26850,50
464,2,140174,50
465,2,1192596,65
466,2,156296,55
467,2,173721,40
468,2,172687,64
469,2,47771,55
470,2,122040,40
471,2,473817,44
472,2,10513,45
473,2,477,50
474,2,32122,55
475,2,38514,45
476,2,23573,50
477,2,393,50
478,2,1119588,81
479,2,18707,45
480,2,7922,50
481,2,150712,60
482,2,61004,45
483,2,440147,50
484,2,7841,45
485,2,291284,50
486,2,83312,45
487,2,2085,50
488,2,6402,45
489,2,38313,60
490,2,140573,55
491,2,40440,45
492,2,473291,60
493,2,69670,45
494,2,705990,50
495,2,247988,70
496,2,25413,50
497,2,2435,50
498,2,313021,55
499,2,4565,45
500,2,638996,85
501,2,112604,50
502,2,133590,55
503,2,101857,40
504,2,81758,55
505,2,23118,50
506,2,985394,65
507,2,59692,60
508,2,914403,75
509,2,53357,45
510,2,7666,45
511,2,5084,45
512,2,172602,55
513,2,256522,45
514,2,104050,60
515,2,2901,50
516,2,87432,45
517,2,8838,45
518,2,108906,45
519,2,38002,40
520,2,29219,40
521,2,24510,40
522,2,18137,40
523,2,70348,40
524,2,13086,45
525,2,4959,45
526,2,110619,45
527,2,19110,40
528,2,11147,40
529,2,15396,40
530,2,2348,45
531,2,56428,60
532,2,0,40
533,2,0,45
534,2,0,40
535,2,0,45
536,2,0,40
537,2,0,45
538,2,0,45
539,2,0,45
1,3,59793,69
2,3,6874,49
3,3,61983,55
4,3,2046859,119
5,3,20173,49
6,3,340935,85
7,3,1030,50
8,3,605224,50
9,3,53341,55
10,3,705,45
11,3,323391,50
12,3,783041,45
13,3,1040,45
14,3,17142,49
15,3,123510,50
16,3,171240,45
17,3,518268,55
18,3,69956,78
19,3,13789,49
20,3,6446,49
21,3,4712,54
22,3,80665,59
23,3,12195,45
24,3,286264,54
25,3,10177,49
26,3,2073,50
27,3,116140,43
28,3,3823,45
29,3,30390,45
30,3,17246,45
31,3,21596,45
32,3,373969,40
33,3,5325,60
34,3,6739,60
35,3,1019427,40
36,3,7222,45
37,3,658262,70
38,3,32594,55
39,3,5292,45
40,3,82853,55
41,3,155915,50
42,3,65844,45
43,3,645,45
44,3,33838,45
45,3,9412,60
46,3,178556,45
47,3,9820,45
48,3,721,60
49,3,6236,59
50,3,1015076,45
51,3,96053,45
52,3,25292,50
53,3,11677,49
54,3,45742,64
55,3,612961,45
56,3,328418,40
57,3,8573,59
58,3,4535,44
59,3,4658,50
60,3,1253,50
61,3,41184,45
62,3,510370,50
63,3,909,45
64,3,11125,49
65,3,5890,50
66,3,173190,45
67,3,17976,44
68,3,160211,65
69,3,71199,60
70,3,1227969,45
71,3,3886,55
72,3,161,55
73,3,485,45
74,3,111432,45
75,3,752348,40
76,3,242593,45
77,3,449371,46
78,3,55356,55
79,3,70040,45
80,3,3458,54
81,3,256219,55
82,3,38080,45
83,3,75005,45
84,3,1200,50
85,3,15661,45
86,3,38598,60
87,3,5504,60
88,3,15704,50
89,3,49202,55
90,3,3728,55
91,3,158345,65
92,3,10565,45
93,3,54686,50
94,3,15347,40
95,3,3913,50
96,3,1020672,55
97,3,328562,45
98,3,3197,50
99,3,103720,40
100,3,54695,60
101,3,21775,49
102,3,326684,59
103,3,59225,69
104,3,224535,60
105,3,453345,51
106,3,19294,59
107,3,24340,55
108,3,87628,59
109,3,90763,48
110,3,148022,50
111,3,12263,49
112,3,133908,50
113,3,298835,50
114,3,76002,79
115,3,12237,60
116,3,22483,50
117,3,2485820,95
118,3,178418,73
119,3,207071,83
120,3,406197,69
121,3,23271,49
122,3,18974,58
123,3,1135471,51
124,3,9702,45
125,3,5103,45
126,3,49845,45
127,3,15556,45
128,3,297108,50
129,3,494,45
130,3,13693,55
131,3,196339,45
132,3,11543,55
133,3,17336,50
134,3,132085,45
135,3,54105,44
136,3,72987,45
137,3,127637,60
138,3,41247,59
139,3,4637,55
140,3,320684,59
141,3,1210529,71
142,3,12769,55
143,3,3398,49
144,3,8455,45
145,3,92070,40
146,3,1680837,41
147,3,7479,45
148,3,13382,59
149,3,2767,49
150,3,79556,69
151,3,10730,45
152,3,131420,50
153,3,509,60
154,3,9629,59
155,3,965634,61
156,3,284812,50
157,3,642875,50
158,3,32333,55
159,3,10421,59
160,3,12687,44
161,3,137,50
162,3,102121,55
163,3,8286,54
164,3,1922282,73
165,3,4411,49
166,3,777072,80
167,3,6035,45
168,3,38655,45
169,3,31953,59
170,3,165524,40
171,3,131574,40
172,3,3679,49
173,3,8502,44
174,3,2570,49
175,3,13733,54
176,3,13117,45
177,3,7794,53
178,3,18392,45
179,3,6099,44
180,3,8265,49
181,3,13139,55
182,3,58092,50
183,3,3930,45
184,3,1458252,60
185,3,1020,44
186,3,32602,45
187,3,9411,55
188,3,10371,50
189,3,5992,48
190,3,8392,50
191,3,198054,45
192,3,5507,44
193,3,52255,59
194,3,122364,44
195,3,44778,44
196,3,762067,40
197,3,260991,45
198,3,502564,56
199,3,978,49
200,3,336050,45
201,3,36694,44
202,3,1408294,57
203,3,200484,55
204,3,237705,50
205,3,591206,56
206,3,5570,50
207,3,2578,49
208,3,153094,40
209,3,17003,45
210,3,3001,49
211,3,148434,40
212,3,80786,45
213,3,115077,45
214,3,88152,40
215,3,51223,40
216,3,8807,44
217,3,875801,55
218,3,7420,45
219,3,9235,55
220,3,43583,45
221,3,12534,55
222,3,33265,45
223,3,15259,45
224,3,1345440,100
225,3,51928,55
226,3,7028,60
227,3,101775,40
228,3,113040,64
229,3,146274,64
230,3,10013,54
231,3,99505,70
232,3,108096,55
233,3,28947,58
234,3,5181,49
235,3,252528,70
236,3,102875,50
237,3,3125,44
238,3,787846,55
239,3,1435891,47
240,3,18678,44
241,3,11446,54
242,3,3224,49
243,3,111048,55
244,3,120989,54
245,3,20341,45
246,3,21747,54
247,3,2993,64
248,3,2267,64
249,3,210870,94
250,3,1978302,65
251,3,704103,119
252,3,902272,60
253,3,101976,55
254,3,2576134,121
255,3,866682,70
256,3,62771,54
257,3,4341,53
258,3,14945,63
259,3,3020468,75
260,3,194079,54
261,3,46684,54
262,3,361778,45
263,3,35932,45
264,3,263809,40
265,3,10002,45
266,3,102781,55
267,3,2180,45
268,3,116374,104
269,3,42756,50
270,3,401231,60
271,3,23822,55
272,3,2937597,116
273,3,42615,50
274,3,130092,60
275,3,125375,85
276,3,431789,115
277,3,45106,55
278,3,383518,60
279,3,544619,55
280,3,212908,60
281,3,30180,75
282,3,151721,95
283,3,23043,55
284,3,529454,65
285,3,7281,45
286,3,36118,55
287,3,68207,70
288,3,16149,49
289,3,8733,50
290,3,8065,60
291,3,297884,55
292,3,12433,50
293,3,18756,64
294,3,4764,50
295,3,16713,50
296,3,122029,80
297,3,4082,50
298,3,259603,55
299,3,9885,54
300,3,113514,50
301,3,14109,60
302,3,1344788,105
303,3,929457,90
304,3,5039,50
305,3,158237,55
306,3,380669,95
307,3,1475,45
308,3,115282,50
309,3,23212,50
310,3,20150,50
311,3,24494,65
312,3,9394,45
313,3,759590,55
314,3,3871,50
315,3,473066,75
316,3,1172,45
317,3,6551,45
318,3,94186,45
319,3,48603,40
320,3,45386,55
321,3,20570,55
322,3,6774,50
323,3,88610,50
324,3,4317,45
325,3,31277,50
326,3,18941,50
327,3,1543,44
328,3,231900,45
329,3,2098,59
330,3,4886,54
331,3,1364,45
332,3,28698,45
333,3,5235,44
334,3,1283,49
335,3,24837,44
336,3,5983,50
337,3,4852,49
338,3,698170,54
339,3,51637,59
340,3,19628,59
341,3,14868,49
342,3,19290,40
343,3,17103,59
344,3,52823,54
345,3,113907,50
346,3,27408,59
347,3,264639,55
348,3,15103,45
349,3,28512,49
350,3,9815,45
351,3,244605,55
352,3,10695,44
353,3,493796,49
354,3,42128,50
355,3,547478,54
356,3,2274,49
357,3,34821,59
358,3,15578,55
359,3,10410,59
360,3,11089,50
361,3,75601,54
362,3,80480,50
363,3,1275332,45
364,3,250869,45
365,3,20292,64
366,3,1213775,84
367,3,25717,50
368,3,14266,55
369,3,32864,45
370,3,195769,59
371,3,18921,45
372,3,3832,54
373,3,90909,45
374,3,13136,45
375,3,685330,45
376,3,147219,45
377,3,169745,59
378,3,5481,49
379,3,39762,45
380,3,97615,40
381,3,131923,49
382,3,9556,55
383,3,361182,55
384,3,22539,49
385,3,32482,49
386,3,167709,55
387,3,11749,59
388,3,1243962,105
389,3,123513,53
390,3,2405919,91
391,3,111525,50
392,3,125870,69
393,3,22915,45
394,3,69953,77
395,3,142235,50
396,3,54887,49
397,3,11929,55
398,3,66672,55
399,3,13413,49
400,3,44979,73
401,3,6203,49
402,3,4221,49
403,3,42371,69
404,3,2374,45
405,3,15690,60
406,3,9281,44
407,3,26973,44
408,3,17390,54
409,3,8946,50
410,3,4450,54
411,3,4945,53
412,3,9129,45
413,3,3222,50
414,3,41201,44
415,3,32525,54
416,3,4899,50
417,3,48344,45
418,3,5451,45
419,3,16116,49
420,3,3164,45
421,3,2283,50
422,3,8001,45
423,3,1778,49
424,3,84704,45
425,3,17624,45
426,3,40609,45
427,3,81800,49
428,3,7227,59
429,3,518377,40
430,3,16798,45
431,3,94599,50
432,3,23227,50
433,3,1056,45
434,3,7684,49
435,3,58281,49
436,3,9759,59
437,3,437401,64
438,3,38706,45
439,3,3676,65
440,3,23999,63
441,3,23710,63
442,3,16174,45
443,3,9947,44
444,3,603,55
445,3,46385,63
446,3,45313,55
447,3,538,55
448,3,243964,49
449,3,266500,50
450,3,5599,64
451,3,73311,45
452,3,157717,40
453,3,22784,45
454,3,175590,55
455,3,483271,55
456,3,24617,45
457,3,1155317,60
458,3,171768,55
459,3,661881,50
460,3,1561217,85
461,3,816549,51
462,3,2194,55
463,3,21853,50
464,3,119282,50
465,3,1079344,65
466,3,147330,55
467,3,207418,40
468,3,112469,63
469,3,424856,56
470,3,127608,40
471,3,399790,44
472,3,10661,45
473,3,471,50
474,3,44254,55
475,3,28491,45
476,3,24856,50
477,3,400,50
478,3,858445,81
479,3,13625,44
480,3,7117,49
481,3,170094,60
482,3,59018,45
483,3,377916,50
484,3,7229,44
485,3,284007,50
486,3,72733,45
487,3,1677,49
488,3,6429,45
489,3,32133,60
490,3,154113,55
491,3,39477,45
492,3,300092,59
493,3,61159,45
494,3,883614,51
495,3,308691,70
496,3,32286,50
497,3,2358,50
498,3,710062,56
499,3,4227,45
500,3,601436,84
501,3,150896,50
502,3,123385,55
503,3,96007,40
504,3,69314,55
505,3,20169,50
506,3,708132,65
507,3,42093,60
508,3,1747659,76
509,3,51373,45
510,3,6912,45
511,3,5067,45
512,3,130294,55
513,3,195388,45
514,3,109123,60
515,3,2711,50
516,3,94818,45
517,3,13207,45
518,3,124069,45
519,3,385347,40
520,3,38198,40
521,3,28413,40
522,3,20234,40
523,3,125720,40
524,3,27648,45
525,3,6002,45
526,3,110312,45
527,3,42771,40
528,3,27517,40
529,3,33014,40
530,3,4075,45
531,3,249668,60
532,3,5652,40
533,3,1336,45
534,3,4732,40
535,3,727,45
536,3,1956,40
537,3,366,45
538,3,431,45
539,3,32011,45
540,3,2616,60
541,3,2009,60
542,3,10638,55
543,3,10844,95
544,3,329,55
545,3,911,45
546,3,36150,55
547,3,299,45
548,3,16303,50
549,3,1058,45
550,3,0,45
551,3,0,45
552,3,0,45
553,3,0,45
554,3,0,45
1,4,56403,68
2,4,6274,49
3,4,69592,55
4,4,2000213,119
5,4,16771,48
6,4,395242,85
7,4,1016,50
8,4,675971,50
9,4,53027,55
10,4,667,45
11,4,326848,50
12,4,970195,46
13,4,989,45
14,4,16501,49
15,4,119317,50
16,4,189724,45
17,4,493590,54
18,4,63489,78
19,4,13254,48
20,4,6061,49
21,4,4571,53
22,4,72091,58
23,4,11046,45
24,4,243259,53
25,4,9651,48
26,4,1959,49
27,4,95977,43
28,4,3703,45
29,4,27770,45
30,4,16195,45
31,4,19759,45
32,4,384238,40
33,4,23110,60
34,4,6436,59
35,4,998635,40
36,4,6251,44
37,4,665271,70
38,4,50152,55
39,4,4816,45
40,4,78280,55
41,4,268558,50
42,4,65893,45
43,4,595,45
44,4,31291,45
45,4,8507,59
46,4,283613,45
47,4,9170,45
48,4,696,60
49,4,4320,59
50,4,902961,45
51,4,80174,45
52,4,24358,50
53,4,10429,49
54,4,42184,64
55,4,660276,44
56,4,330781,40
57,4,7779,59
58,4,4123,44
59,4,3924,49
60,4,1121,50
61,4,36993,44
62,4,456061,50
63,4,818,45
64,4,9214,49
65,4,52692,50
66,4,163327,45
67,4,15576,44
68,4,281184,65
69,4,138726,60
70,4,1214001,45
71,4,3920,55
72,4,155,55
73,4,476,45
74,4,106517,45
75,4,707680,40
76,4,233951,45
77,4,710031,46
78,4,55125,55
79,4,98255,45
80,4,3108,54
81,4,217072,54
82,4,35951,45
83,4,61630,45
84,4,1129,50
85,4,15833,45
86,4,27220,59
87,4,5910,60
88,4,13517,50
89,4,45251,55
90,4,3193,54
91,4,138067,65
92,4,9176,45
93,4,61472,50
94,4,15182,40
95,4,3161,50
96,4,960710,55
97,4,314039,45
98,4,3499,50
99,4,107272,40
100,4,50828,60
101,4,20955,49
102,4,308792,59
103,4,54627,68
104,4,192705,59
105,4,412226,51
106,4,29128,59
107,4,26520,55
108,4,57098,58
109,4,74266,47
110,4,124337,50
111,4,11795,49
112,4,98359,49
113,4,299713,50
114,4,65758,79
115,4,11210,59
116,4,22240,49
117,4,1810085,94
118,4,185520,73
119,4,182756,83
120,4,561764,69
121,4,21444,49
122,4,29562,58
123,4,1152060,51
124,4,9001,45
125,4,4720,45
126,4,47866,45
127,4,18389,45
128,4,307883,50
129,4,457,45
130,4,13049,55
131,4,198262,45
132,4,13776,55
133,4,51908,50
134,4,122312,45
135,4,47279,44
136,4,65476,45
137,4,267037,61
138,4,33894,58
139,4,4241,54
140,4,268502,59
141,4,1490194,72
142,4,8654,55
143,4,3313,49
144,4,29526,44
145,4,86691,40
146,4,1813731,41
147,4,7179,45
148,4,12542,59
149,4,3232,49
150,4,74195,69
151,4,10482,45
152,4,193284,50
153,4,523,60
154,4,9184,59
155,4,1119737,61
156,4,312616,50
157,4,659948,50
158,4,29624,55
159,4,10403,59
160,4,10697,44
161,4,137,50
162,4,106524,55
163,4,8331,54
164,4,2963753,75
165,4,3804,49
166,4,705312,80
167,4,5973,45
168,4,38408,44
169,4,28631,59
170,4,142249,40
171,4,131330,40
172,4,3506,48
173,4,7645,44
174,4,2355,49
175,4,11811,54
176,4,12278,44
177,4,6705,53
178,4,16559,44
179,4,4829,44
180,4,7201,49
181,4,10928,55
182,4,49217,49
183,4,3544,44
184,4,1212856,60
185,4,908,44
186,4,30371,45
187,4,8782,55
188,4,8771,49
189,4,5636,48
190,4,7527,50
191,4,197027,45
192,4,4812,44
193,4,34028,58
194,4,109127,44
195,4,53096,44
196,4,695216,40
197,4,262791,45
198,4,582964,56
199,4,836,49
200,4,349548,45
201,4,33241,44
202,4,1753114,58
203,4,150431,55
204,4,228955,50
205,4,746903,57
206,4,5526,50
207,4,2515,49
208,4,152462,40
209,4,22281,44
210,4,2898,49
211,4,139955,40
212,4,64852,45
213,4,166512,45
214,4,85332,40
215,4,49511,40
216,4,10299,44
217,4,905317,55
218,4,8961,45
219,4,10221,55
220,4,41428,45
221,4,11647,54
222,4,32356,45
223,4,15111,45
224,4,1743133,101
225,4,49736,55
226,4,6413,59
227,4,110032,40
228,4,143902,64
229,4,118569,63
230,4,7766,54
231,4,259670,70
232,4,122194,55
233,4,26469,58
234,4,5016,49
235,4,522260,71
236,4,70629,49
237,4,2731,44
238,4,746576,55
239,4,1636952,47
240,4,16934,43
241,4,10465,54
242,4,3000,49
243,4,116057,54
244,4,90977,54
245,4,20094,45
246,4,17960,54
247,4,3379,64
248,4,2031,64
249,4,204773,94
250,4,2027164,65
251,4,557038,119
252,4,992958,60
253,4,113304,55
254,4,2941545,122
255,4,1025161,70
256,4,56555,54
257,4,3881,53
258,4,13344,62
259,4,3037764,75
260,4,188476,54
261,4,45659,54
262,4,368689,45
263,4,34080,45
264,4,252440,40
265,4,12648,44
266,4,101126,55
267,4,2126,45
268,4,97547,104
269,4,29259,49
270,4,379917,60
271,4,19094,54
272,4,3145452,117
273,4,38156,50
274,4,124430,60
275,4,374253,85
276,4,496951,115
277,4,34491,54
278,4,362349,60
279,4,572796,55
280,4,207518,60
281,4,29186,74
282,4,75463,94
283,4,19999,55
284,4,603199,66
285,4,7152,45
286,4,37249,55
287,4,62847,69
288,4,16980,49
289,4,7904,50
290,4,8183,59
291,4,282198,55
292,4,11443,49
293,4,16479,63
294,4,4577,49
295,4,20209,50
296,4,112089,79
297,4,3580,49
298,4,240877,55
299,4,9571,54
300,4,99298,50
301,4,13422,59
302,4,1473422,105
303,4,655400,89
304,4,4722,49
305,4,144099,54
306,4,445218,95
307,4,1342,45
308,4,102580,49
309,4,20570,50
310,4,20485,50
311,4,21384,64
312,4,8468,45
313,4,668279,54
314,4,3772,49
315,4,421310,74
316,4,1134,45
317,4,6377,45
318,4,82734,44
319,4,48818,40
320,4,41322,55
321,4,20794,55
322,4,5384,50
323,4,89113,50
324,4,3456,45
325,4,85192,50
326,4,17303,49
327,4,1359,44
328,4,211899,45
329,4,1899,59
330,4,4546,54
331,4,1231,44
332,4,31359,45
333,4,4807,44
334,4,1608,49
335,4,22353,44
336,4,5980,50
337,4,4583,49
338,4,526681,54
339,4,49013,59
340,4,18563,59
341,4,12276,49
342,4,19516,40
343,4,13929,58
344,4,45992,54
345,4,99516,49
346,4,21706,58
347,4,224544,54
348,4,14565,45
349,4,24011,49
350,4,9496,45
351,4,203736,54
352,4,11028,44
353,4,411407,49
354,4,25380,49
355,4,455856,54
356,4,2349,49
357,4,26929,58
358,4,74722,55
359,4,7857,59
360,4,11153,50
361,4,63822,54
362,4,94806,50
363,4,1331722,45
364,4,242269,45
365,4,16700,64
366,4,1480751,85
367,4,22588,49
368,4,16374,55
369,4,34530,45
370,4,182780,59
371,4,18158,45
372,4,3528,54
373,4,78731,45
374,4,12418,45
375,4,744822,45
376,4,154299,45
377,4,160259,59
378,4,5152,49
379,4,36175,45
380,4,99226,40
381,4,118267,49
382,4,12534,55
383,4,330050,55
384,4,20912,49
385,4,28150,49
386,4,140085,54
387,4,13578,59
388,4,1208153,105
389,4,101336,52
390,4,1011225,90
391,4,106781,50
392,4,152068,69
393,4,22100,45
394,4,55400,76
395,4,117844,49
396,4,55108,49
397,4,11924,55
398,4,65080,54
399,4,12031,49
400,4,39308,72
401,4,6039,49
402,4,4177,49
403,4,40903,69
404,4,2299,45
405,4,16143,59
406,4,8872,44
407,4,22237,44
408,4,16039,54
409,4,9659,49
410,4,3452,53
411,4,4638,53
412,4,13349,45
413,4,3323,50
414,4,33733,44
415,4,25051,53
416,4,4210,49
417,4,50768,45
418,4,6024,45
419,4,15371,49
420,4,2843,45
421,4,2171,49
422,4,8633,45
423,4,1704,49
424,4,95600,45
425,4,16883,44
426,4,36822,45
427,4,72826,49
428,4,6708,59
429,4,518235,40
430,4,16547,45
431,4,94583,50
432,4,24233,49
433,4,986,45
434,4,7525,49
435,4,61303,49
436,4,8650,58
437,4,362949,63
438,4,27570,45
439,4,3763,64
440,4,21034,63
441,4,22871,63
442,4,39555,45
443,4,12335,44
444,4,551,55
445,4,82921,63
446,4,54990,55
447,4,496,55
448,4,241081,49
449,4,266731,50
450,4,7566,64
451,4,60833,45
452,4,174337,40
453,4,22361,45
454,4,170824,55
455,4,489036,55
456,4,22732,44
457,4,965580,59
458,4,163545,55
459,4,628713,50
460,4,1732369,86
461,4,840002,51
462,4,1991,54
463,4,16362,49
464,4,103006,49
465,4,1025920,65
466,4,146123,54
467,4,207992,40
468,4,153894,63
469,4,379939,56
470,4,130061,40
471,4,354389,44
472,4,10635,45
473,4,451,50
474,4,78653,55
475,4,26179,44
476,4,24636,50
477,4,362,50
478,4,902846,80
479,4,11675,44
480,4,6646,49
481,4,264047,60
482,4,57149,45
483,4,335363,50
484,4,6897,44
485,4,354822,51
486,4,56408,45
487,4,1456,49
488,4,6529,45
489,4,31637,59
490,4,153372,55
491,4,40604,45
492,4,226449,58
493,4,50917,45
494,4,918411,51
495,4,249660,70
496,4,34728,50
497,4,2527,50
498,4,1195613,57
499,4,4027,45
500,4,633799,84
501,4,160888,50
502,4,100840,55
503,4,93659,40
504,4,60035,54
505,4,14847,49
506,4,706711,64
507,4,31500,59
508,4,2138184,77
509,4,50089,45
510,4,6352,45
511,4,4869,45
512,4,119765,55
513,4,186537,45
514,4,88058,60
515,4,2665,50
516,4,89827,45
517,4,9957,45
518,4,236816,45
519,4,573259,40
520,4,41396,40
521,4,30311,40
522,4,25733,40
523,4,149378,40
524,4,26122,45
525,4,5754,45
526,4,115620,45
527,4,54540,40
528,4,35099,40
529,4,38415,40
530,4,5006,45
531,4,166362,60
532,4,8735,40
533,4,1897,45
534,4,6425,40
535,4,986,45
536,4,3096,40
537,4,300,45
538,4,892,45
539,4,71732,45
540,4,3286,60
541,4,3353,60
542,4,37537,55
543,4,11395,95
544,4,646,55
545,4,1862,45
546,4,75787,55
547,4,957,45
548,4,48377,50
549,4,2277,45
550,4,456,45
551,4,202,45
552,4,416,45
553,4,1436,45
554,4,1317,45
555,4,191,50
556,4,7762,55
557,4,436,50
558,4,326,45
559,4,0,40
560,4,0,45
561,4,0,50
562,4,0,45
1,5,53689,68
2,5,6624,49
3,5,73952,55
4,5,1397443,118
5,5,16059,48
6,5,339461,85
7,5,1020,50
8,5,689120,50
9,5,46661,54
10,5,636,45
11,5,403783,50
12,5,1479843,47
13,5,951,45
14,5,15296,49
15,5,107386,49
16,5,164456,45
17,5,409553,54
18,5,65683,77
19,5,10324,48
20,5,5732,48
21,5,3906,53
22,5,61050,58
23,5,14162,44
24,5,224096,53
25,5,7454,48
26,5,1814,49
27,5,78646,42
28,5,3605,45
29,5,26449,44
30,5,14623,45
31,5,18620,44
32,5,403702,40
33,5,19025,60
34,5,5106,59
35,5,832773,40
36,5,5637,44
37,5,1483728,71
38,5,98414,55
39,5,4067,44
40,5,76777,55
41,5,424835,51
42,5,80822,45
43,5,567,45
44,5,28864,44
45,5,7681,59
46,5,406292,46
47,5,8795,44
48,5,738,60
49,5,3614,59
50,5,777537,44
51,5,70572,44
52,5,21940,50
53,5,9389,49
54,5,36915,63
55,5,608815,44
56,5,338891,40
57,5,7081,58
58,5,3836,44
59,5,3201,49
60,5,1059,50
61,5,33384,44
62,5,411240,49
63,5,773,45
64,5,7864,49
65,5,73126,50
66,5,152098,45
67,5,14803,43
68,5,448156,66
69,5,174078,60
70,5,1174518,45
71,5,3195,54
72,5,177,55
73,5,449,44
74,5,101660,45
75,5,649911,40
76,5,259023,45
77,5,723139,47
78,5,46774,55
79,5,86018,45
80,5,2952,53
81,5,207302,54
82,5,33744,45
83,5,50162,44
84,5,1176,50
85,5,16390,45
86,5,22241,59
87,5,7906,60
88,5,12294,49
89,5,44448,54
90,5,3106,54
91,5,118759,64
92,5,7525,44
93,5,60991,50
94,5,13182,40
95,5,3250,50
96,5,898131,55
97,5,286721,45
98,5,3375,50
99,5,108650,40
100,5,43568,59
101,5,20127,49
102,5,317349,59
103,5,51351,68
104,5,167525,59
105,5,781585,52
106,5,89271,59
107,5,24648,55
108,5,51776,58
109,5,65611,47
110,5,312917,50
111,5,11355,49
112,5,87191,48
113,5,249646,49
114,5,89625,79
115,5,12744,59
116,5,20756,49
117,5,1418242,93
118,5,194958,73
119,5,299458,83
120,5,462770,69
121,5,20460,48
122,5,29958,58
123,5,957377,51
124,5,8034,45
125,5,5291,45
126,5,44352,44
127,5,22351,45
128,5,358251,50
129,5,569,45
130,5,12150,54
131,5,161832,45
132,5,14662,55
133,5,50924,50
134,5,119361,45
135,5,42060,43
136,5,57650,45
137,5,268785,61
138,5,29715,58
139,5,9467,54
140,5,232254,58
141,5,1371672,72
142,5,6385,55
143,5,3154,49
144,5,28843,44
145,5,76797,40
146,5,1922192,41
147,5,7562,44
148,5,13952,58
149,5,3565,49
150,5,72496,69
151,5,10441,44
152,5,157184,50
153,5,551,60
154,5,8576,58
155,5,1082084,61
156,5,299234,50
157,5,616643,50
158,5,23833,55
159,5,11514,59
160,5,8247,44
161,5,152,50
162,5,140836,55
163,5,8111,54
164,5,3660283,76
165,5,3431,49
166,5,578039,79
167,5,6015,44
168,5,33527,44
169,5,20859,58
170,5,144441,39
171,5,131159,40
172,5,3233,48
173,5,7161,44
174,5,2239,48
175,5,10081,53
176,5,12490,44
177,5,5529,52
178,5,14915,44
179,5,3995,44
180,5,5955,48
181,5,10224,55
182,5,45392,49
183,5,3217,44
184,5,937007,59
185,5,815,44
186,5,29331,44
187,5,7981,54
188,5,6967,48
189,5,5035,47
190,5,6439,49
191,5,175529,45
192,5,4292,44
193,5,28320,58
194,5,92954,44
195,5,57184,44
196,5,610998,39
197,5,299049,45
198,5,551537,56
199,5,732,49
200,5,409451,45
201,5,31424,44
202,5,1833951,58
203,5,149273,55
204,5,211012,50
205,5,731100,57
206,5,5534,49
207,5,2406,49
208,5,133206,40
209,5,30575,44
210,5,2709,49
211,5,130203,40
212,5,56993,44
213,5,239566,45
214,5,93522,40
215,5,47339,40
216,5,10599,44
217,5,915433,55
218,5,9447,45
219,5,12496,55
220,5,32090,44
221,5,10556,54
222,5,33540,44
223,5,14971,45
224,5,1748285,101
225,5,37182,55
226,5,6248,59
227,5,93264,40
228,5,136417,64
229,5,98585,63
230,5,6687,53
231,5,181628,70
232,5,791150,56
233,5,24537,57
234,5,4745,49
235,5,450483,71
236,5,56925,49
237,5,2460,44
238,5,595195,55
239,5,1627600,47
240,5,16240,43
241,5,10186,53
242,5,2662,49
243,5,105170,54
244,5,85042,54
245,5,33318,45
246,5,16381,54
247,5,3515,64
248,5,1891,64
249,5,199223,93
250,5,1938488,65
251,5,463038,119
252,5,637763,60
253,5,107480,55
254,5,3337859,123
255,5,1122717,70
256,5,53159,53
257,5,3420,52
258,5,12222,62
259,5,2815810,75
260,5,174946,54
261,5,31784,54
262,5,482250,45
263,5,31006,45
264,5,240803,40
265,5,14996,44
266,5,94942,55
267,5,2057,45
268,5,98872,104
269,5,22581,49
270,5,376629,60
271,5,16192,54
272,5,1796464,116
273,5,34380,50
274,5,121074,60
275,5,309895,85
276,5,436941,115
277,5,32560,54
278,5,401820,60
279,5,516579,55
280,5,217028,60
281,5,37354,74
282,5,61917,94
283,5,16778,55
284,5,521154,66
285,5,6677,45
286,5,35663,55
287,5,62459,69
288,5,14933,48
289,5,7260,49
290,5,8292,59
291,5,275436,55
292,5,9392,49
293,5,16484,63
294,5,4582,49
295,5,19226,50
296,5,103769,79
297,5,3285,49
298,5,202383,54
299,5,9023,54
300,5,82452,49
301,5,13022,59
302,5,1508759,105
303,5,343479,88
304,5,3955,49
305,5,136461,54
306,5,417457,95
307,5,1308,45
308,5,91743,49
309,5,19116,49
310,5,20194,50
311,5,19581,64
312,5,8097,45
313,5,584766,54
314,5,3039,49
315,5,350098,73
316,5,1096,45
317,5,5392,45
318,5,73725,44
319,5,48001,40
320,5,34424,54
321,5,19149,54
322,5,4385,49
323,5,82472,50
324,5,3016,45
325,5,119216,50
326,5,15903,49
327,5,1245,43
328,5,167928,45
329,5,1781,59
330,5,4192,53
331,5,1139,44
332,5,29047,45
333,5,5018,44
334,5,2130,49
335,5,19237,44
336,5,5605,49
337,5,4251,49
338,5,520353,53
339,5,39213,58
340,5,16897,58
341,5,10789,49
342,5,18828,40
343,5,12462,58
344,5,45304,54
345,5,95073,49
346,5,17150,58
347,5,202683,54
348,5,14128,44
349,5,19361,48
350,5,9205,44
351,5,206350,54
352,5,13426,44
353,5,334285,49
354,5,19237,49
355,5,367194,53
356,5,2365,49
357,5,23384,58
358,5,61693,55
359,5,6546,58
360,5,10886,50
361,5,57139,53
362,5,95509,50
363,5,1379113,45
364,5,281024,45
365,5,16121,64
366,5,1312469,85
367,5,19663,49
368,5,13381,55
369,5,38905,45
370,5,148113,58
371,5,17033,44
372,5,2801,54
373,5,59038,45
374,5,12058,44
375,5,787702,45
376,5,158031,45
377,5,103816,58
378,5,5028,48
379,5,31028,45
380,5,96353,40
381,5,102717,48
382,5,9560,55
383,5,419844,55
384,5,19967,48
385,5,29221,48
386,5,127143,54
387,5,15147,59
388,5,2083949,106
389,5,183752,52
390,5,3165689,92
391,5,99469,50
392,5,136288,69
393,5,21673,44
394,5,50193,76
395,5,103036,49
396,5,59006,49
397,5,10997,54
398,5,68827,54
399,5,8977,48
400,5,30571,72
401,5,5806,49
402,5,4000,49
403,5,35234,69
404,5,2102,45
405,5,22838,59
406,5,7234,44
407,5,21108,44
408,5,12009,53
409,5,8336,49
410,5,3058,53
411,5,4064,52
412,5,16830,45
413,5,3135,49
414,5,30490,43
415,5,20902,52
416,5,3854,49
417,5,55362,45
418,5,6693,45
419,5,14745,49
420,5,2640,45
421,5,2071,49
422,5,8560,45
423,5,1624,49
424,5,79376,45
425,5,16780,44
426,5,32690,45
427,5,60073,48
428,5,6317,58
429,5,529570,40
430,5,16261,45
431,5,105586,50
432,5,27552,49
433,5,946,45
434,5,6080,49
435,5,255018,49
436,5,7565,57
437,5,364653,63
438,5,23268,44
439,5,3899,64
440,5,15443,62
441,5,20698,62
442,5,79278,45
443,5,28050,44
444,5,550,55
445,5,145413,63
446,5,48038,55
447,5,518,55
448,5,220767,49
449,5,227185,49
450,5,24572,64
451,5,56691,45
452,5,163418,40
453,5,21740,45
454,5,142220,54
455,5,540479,55
456,5,20203,44
457,5,809078,59
458,5,170819,55
459,5,624749,50
460,5,1536040,86
461,5,1087824,51
462,5,1843,54
463,5,13889,49
464,5,91288,49
465,5,842684,64
466,5,131894,54
467,5,193117,40
468,5,138715,63
469,5,317946,56
470,5,259179,40
471,5,204624,43
472,5,10703,45
473,5,439,50
474,5,95820,55
475,5,23919,44
476,5,23921,49
477,5,390,50
478,5,667520,79
479,5,9788,44
480,5,6141,48
481,5,240207,60
482,5,55277,44
483,5,320507,50
484,5,7313,44
485,5,289612,51
486,5,53569,45
487,5,1304,49
488,5,6582,45
489,5,30130,59
490,5,159307,55
491,5,44408,45
492,5,238336,58
493,5,38955,45
494,5,890460,51
495,5,207093,69
496,5,40928,50
497,5,2462,49
498,5,1508324,58
499,5,3840,44
500,5,646767,84
501,5,143308,50
502,5,81806,54
503,5,89181,40
504,5,50687,53
505,5,13471,49
506,5,987870,65
507,5,27898,58
508,5,2994469,79
509,5,47413,45
510,5,5911,44
511,5,4781,45
512,5,108798,54
513,5,176226,44
514,5,294610,60
515,5,2510,49
516,5,94310,45
517,5,7689,44
518,5,218984,45
519,5,613974,40
520,5,41336,40
521,5,29327,40
522,5,39906,40
523,5,197881,40
524,5,23562,45
525,5,5649,45
526,5,106618,45
527,5,73264,40
528,5,49960,40
529,5,40965,40
530,5,5709,45
531,5,141678,60
532,5,16755,40
533,5,1499,45
534,5,6268,40
535,5,1149,45
536,5,3890,40
537,5,293,45
538,5,1324,45
539,5,69304,45
540,5,3422,60
541,5,3756,60
542,5,145131,55
543,5,69429,95
544,5,793,55
545,5,2443,45
546,5,125665,55
547,5,1541,45
548,5,92649,50
549,5,2494,45
550,5,763,45
551,5,340,45
552,5,642,45
553,5,2163,45
554,5,2710,45
555,5,397,50
556,5,39139,55
557,5,1730,50
558,5,10400,45
559,5,5520,40
560,5,446,45
561,5,1119,50
562,5,882,45
563,5,1033,50
564,5,1832,70
565,5,454,45
566,5,1969,50
567,5,36405,50
568,5,62121,55
569,5,27586,80
570,5,2631,55
571,5,232,45
572,5,304,45
573,5,1460,45
574,5,462,50
575,5,498,55
576,5,412,45
577,5,1176,45
578,5,0,40
579,5,0,50
580,5,0,40
581,5,0,45
582,5,0,60
583,5,0,40
1,6,51023,68
2,6,6429,49
3,6,79892,55
4,6,1193283,118
5,6,15289,48
6,6,290288,85
7,6,1197,50
8,6,693944,50
9,6,44236,54
10,6,630,44
11,6,430008,50
12,6,1890748,48
13,6,935,45
14,6,14538,48
15,6,97620,49
16,6,123830,45
17,6,400394,54
18,6,66280,77
19,6,8988,48
20,6,5819,48
21,6,3655,52
22,6,56582,57
23,6,18104,44
24,6,223383,53
25,6,6519,48
26,6,1795,49
27,6,70830,42
28,6,3447,45
29,6,25430,44
30,6,13756,44
31,6,17751,44
32,6,406294,40
33,6,17004,60
34,6,4450,59
35,6,739239,40
36,6,5700,44
37,6,2033015,72
38,6,189102,55
39,6,3696,44
40,6,76692,54
41,6,750216,52
42,6,125979,45
43,6,550,45
44,6,29308,44
45,6,7433,58
46,6,578423,46
47,6,8483,44
48,6,748,60
49,6,3407,59
50,6,694530,44
51,6,65472,44
52,6,21527,50
53,6,8755,49
54,6,34871,63
55,6,581869,44
56,6,346595,40
57,6,6782,58
58,6,3684,44
59,6,3066,49
60,6,1008,50
61,6,32534,44
62,6,300961,49
63,6,737,45
64,6,7191,48
65,6,88440,50
66,6,148601,45
67,6,14385,43
68,6,525930,66
69,6,175554,60
70,6,1140776,45
71,6,2939,54
72,6,161,55
73,6,420,44
74,6,101629,45
75,6,623688,40
76,6,275399,45
77,6,833490,47
78,6,50818,55
79,6,79732,45
80,6,4136,53
81,6,196759,54
82,6,27153,45
83,6,45235,44
84,6,1113,50
85,6,17251,45
86,6,21324,59
87,6,8402,60
88,6,11337,49
89,6,40901,54
90,6,3051,54
91,6,98206,64
92,6,6741,44
93,6,59497,50
94,6,12375,40
95,6,3296,50
96,6,857512,55
97,6,265012,45
98,6,3318,50
99,6,104014,40
100,6,39658,59
101,6,19249,48
102,6,298787,59
103,6,49748,67
104,6,152520,58
105,6,923955,52
106,6,303908,60
107,6,22553,54
108,6,59327,58
109,6,61891,46
110,6,290727,50
111,6,11104,48
112,6,76694,48
113,6,244737,49
114,6,90948,79
115,6,13900,59
116,6,20647,49
117,6,1533733,93
118,6,168944,73
119,6,282728,83
120,6,406053,69
121,6,20045,48
122,6,25332,58
123,6,785928,50
124,6,7575,45
125,6,6523,45
126,6,40375,44
127,6,22186,45
128,6,347005,50
129,6,1050,45
130,6,11436,54
131,6,131542,45
132,6,15662,55
133,6,52322,50
134,6,120457,45
135,6,39307,43
136,6,54023,45
137,6,249458,61
138,6,27329,57
139,6,15288,54
140,6,163256,58
141,6,1541444,72
142,6,6625,55
143,6,3107,48
144,6,42013,44
145,6,70721,40
146,6,1943442,42
147,6,8764,44
148,6,12373,58
149,6,3545,49
150,6,70570,69
151,6,10175,44
152,6,115234,50
153,6,544,60
154,6,8416,58
155,6,1358086,62
156,6,436920,51
157,6,614883,50
158,6,24227,55
159,6,12424,59
160,6,7655,43
161,6,165,50
162,6,160610,55
163,6,7715,54
164,6,4129459,77
165,6,3201,49
166,6,352665,79
167,6,5957,44
168,6,32082,44
169,6,18936,58
170,6,164679,39
171,6,131773,40
172,6,2824,48
173,6,7089,43
174,6,2016,48
175,6,9395,53
176,6,13394,44
177,6,4225,52
178,6,13882,44
179,6,3667,43
180,6,5356,48
181,6,9575,54
182,6,41088,49
183,6,2988,44
184,6,760504,59
185,6,782,44
186,6,28914,44
187,6,7575,54
188,6,5692,48
189,6,4596,47
190,6,5861,49
191,6,167439,45
192,6,4005,44
193,6,27614,58
194,6,88664,43
195,6,50252,44
196,6,532762,39
197,6,301258,45
198,6,504323,56
199,6,695,49
200,6,406653,45
201,6,29546,44
202,6,1771278,58
203,6,138776,55
204,6,160839,50
205,6,670292,57
206,6,5445,49
207,6,2251,48
208,6,123624,40
209,6,35797,44
210,6,2645,48
211,6,172872,40
212,6,52832,44
213,6,255397,45
214,6,100377,40
215,6,47156,40
216,6,10363,44
217,6,867560,55
218,6,9551,45
219,6,14530,55
220,6,27978,44
221,6,9789,53
222,6,26969,44
223,6,14717,45
224,6,1240334,100
225,6,33675,55
226,6,6057,59
227,6,83238,40
228,6,124857,64
229,6,87092,62
230,6,6526,53
231,6,170479,70
232,6,1032032,57
233,6,25251,57
234,6,4617,49
235,6,357564,70
236,6,51222,49
237,6,2257,44
238,6,408583,54
239,6,1573115,48
240,6,15612,43
241,6,9926,53
242,6,2550,49
243,6,96966,54
244,6,88873,54
245,6,56189,45
246,6,23811,54
247,6,3716,64
248,6,1831,64
249,6,190454,93
250,6,997588,64
251,6,651187,120
252,6,528240,59
253,6,111214,55
254,6,3490524,123
255,6,1389355,71
256,6,51215,53
257,6,2778,52
258,6,11323,61
259,6,2588416,75
260,6,202206,54
261,6,24629,53
262,6,523816,45
263,6,37040,44
264,6,238022,40
265,6,11840,44
266,6,80925,55
267,6,1987,45
268,6,220389,104
269,6,20298,49
270,6,438663,60
271,6,17748,54
272,6,1100973,115
273,6,32933,49
274,6,97846,60
275,6,284854,85
276,6,557608,116
277,6,46332,54
278,6,441355,60
279,6,515764,55
280,6,187709,60
281,6,44862,74
282,6,56383,93
283,6,16380,55
284,6,574478,66
285,6,6508,45
286,6,35264,54
287,6,59304,69
288,6,15323,48
289,6,6926,49
290,6,10093,59
291,6,274878,55
292,6,8314,49
293,6,15633,63
294,6,4615,49
295,6,18331,49
296,6,100931,78
297,6,3146,49
298,6,201421,54
299,6,9369,53
300,6,73392,49
301,6,12175,59
302,6,1609144,105
303,6,290691,88
304,6,3443,49
305,6,129776,54
306,6,513232,95
307,6,8840,45
308,6,88879,49
309,6,19684,49
310,6,17499,49
311,6,19108,63
312,6,7881,44
313,6,606360,54
314,6,2792,49
315,6,245135,73
316,6,1142,45
317,6,4889,45
318,6,68037,44
319,6,47533,40
320,6,31398,54
321,6,18116,54
322,6,3546,49
323,6,75073,50
324,6,2834,45
325,6,117415,50
326,6,15081,49
327,6,1175,43
328,6,159220,44
329,6,1730,59
330,6,3714,53
331,6,1085,44
332,6,26586,45
333,6,5293,44
334,6,2555,49
335,6,17731,43
336,6,4683,49
337,6,3818,49
338,6,519419,53
339,6,34882,58
340,6,16497,58
341,6,9776,48
342,6,17537,40
343,6,12394,58
344,6,49918,53
345,6,85940,49
346,6,12826,57
347,6,177038,54
348,6,12930,44
349,6,17441,48
350,6,9039,44
351,6,173191,54
352,6,13870,44
353,6,298178,49
354,6,16581,49
355,6,308151,53
356,6,2270,49
357,6,21420,57
358,6,58564,55
359,6,6011,58
360,6,10337,50
361,6,54179,53
362,6,94027,50
363,6,1369688,45
364,6,318842,45
365,6,15953,64
366,6,1309954,85
367,6,17934,48
368,6,11565,55
369,6,117128,45
370,6,131902,58
371,6,14618,44
372,6,2461,54
373,6,50492,45
374,6,11149,44
375,6,774462,45
376,6,152499,45
377,6,123271,58
378,6,4936,48
379,6,28184,45
380,6,95873,40
381,6,97237,48
382,6,6658,55
383,6,413202,55
384,6,17957,48
385,6,30985,48
386,6,124622,54
387,6,12875,59
388,6,2874709,108
389,6,195046,52
390,6,3897415,94
391,6,80780,50
392,6,121630,69
393,6,21114,44
394,6,47658,75
395,6,84909,48
396,6,59980,49
397,6,10343,54
398,6,68403,54
399,6,7795,48
400,6,29511,71
401,6,5724,48
402,6,3598,49
403,6,33449,69
404,6,1985,45
405,6,24417,59
406,6,6318,44
407,6,20106,44
408,6,9956,53
409,6,7623,49
410,6,2698,53
411,6,3802,52
412,6,14503,45
413,6,2961,49
414,6,36036,43
415,6,19513,52
416,6,3434,49
417,6,62391,45
418,6,7750,45
419,6,13702,49
420,6,2412,45
421,6,1989,49
422,6,9999,45
423,6,1542,48
424,6,72615,45
425,6,15655,44
426,6,36153,44
427,6,53146,48
428,6,6138,58
429,6,544952,40
430,6,16007,45
431,6,107500,50
432,6,28770,49
433,6,931,45
434,6,5342,49
435,6,409738,50
436,6,7267,57
437,6,289545,63
438,6,22446,44
439,6,6928,64
440,6,12783,62
441,6,18315,62
442,6,89190,45
443,6,59540,44
444,6,560,55
445,6,156321,63
446,6,42658,55
447,6,560,55
448,6,209736,49
449,6,207643,49
450,6,29880,64
451,6,52921,45
452,6,159862,40
453,6,21413,44
454,6,129700,54
455,6,562140,55
456,6,15934,44
457,6,672424,58
458,6,180790,55
459,6,643960,50
460,6,1439521,85
461,6,1342548,52
462,6,1734,54
463,6,12749,49
464,6,86131,49
465,6,749359,64
466,6,122290,54
467,6,188685,40
468,6,118661,63
469,6,288945,55
470,6,605593,41
471,6,147249,43
472,6,10386,45
473,6,432,50
474,6,105534,55
475,6,23330,44
476,6,24594,49
477,6,374,50
478,6,500111,79
479,6,8698,43
480,6,5945,48
481,6,207851,60
482,6,53981,44
483,6,266742,49
484,6,7799,44
485,6,264943,50
486,6,50647,45
487,6,1241,49
488,6,6601,45
489,6,26920,59
490,6,145137,55
491,6,46458,45
492,6,234921,58
493,6,36144,45
494,6,876080,51
495,6,183400,69
496,6,52526,50
497,6,2416,49
498,6,1500321,58
499,6,3780,44
500,6,626460,84
501,6,124438,50
502,6,80639,54
503,6,89200,40
504,6,47292,53
505,6,13505,49
506,6,992172,65
507,6,24667,58
508,6,2822056,80
509,6,43424,45
510,6,5648,44
511,6,4376,44
512,6,101034,54
513,6,165696,44
514,6,384478,60
515,6,2440,49
516,6,96163,45
517,6,6781,44
518,6,227833,45
519,6,588997,41
520,6,42976,40
521,6,25138,40
522,6,52004,40
523,6,231177,40
524,6,22874,45
525,6,5406,44
526,6,106534,44
527,6,88839,40
528,6,56160,40
529,6,44265,40
530,6,8585,45
531,6,135098,60
532,6,20484,40
533,6,1299,45
534,6,5315,40
535,6,1248,45
536,6,4625,40
537,6,349,45
538,6,1519,45
539,6,74604,45
540,6,3486,60
541,6,3301,60
542,6,260793,55
543,6,92798,95
544,6,916,55
545,6,2664,45
546,6,159417,55
547,6,1777,45
548,6,84818,50
549,6,1920,45
550,6,919,45
551,6,432,45
552,6,792,45
553,6,2389,45
554,6,4020,45
555,6,566,50
556,6,95913,55
557,6,26493,50
558,6,12331,45
559,6,7866,40
560,6,640,45
561,6,2589,50
562,6,1700,45
563,6,1175,50
564,6,2770,70
565,6,886,45
566,6,3887,50
567,6,51780,50
568,6,87906,55
569,6,35601,80
570,6,3339,55
571,6,181,45
572,6,1024,45
573,6,1977,45
574,6,1525,50
575,6,584,55
576,6,689,45
577,6,2042,45
578,6,10197,40
579,6,3930,50
580,6,9500,40
581,6,316,45
582,6,864,60
583,6,2488,40
584,6,259,50
585,6,57,45
586,6,907,45
587,6,8659,60
588,6,876,55
589,6,0,40
590,6,0,45
1,7,48026,68
2,7,5829,49
3,7,72271,55
4,7,1011750,117
5,7,14693,47
6,7,256783,84
7,7,1723,50
8,7,664379,50
9,7,42146,54
10,7,608,44
11,7,426299,50
12,7,1988850,48
13,7,921,45
14,7,13977,48
15,7,88655,48
16,7,92334,45
17,7,389707,54
18,7,64070,77
19,7,8217,47
20,7,5778,48
21,7,3683,52
22,7,51252,57
23,7,18094,44
24,7,208220,53
25,7,5978,47
26,7,1730,49
27,7,65970,42
28,7,3306,45
29,7,24502,44
30,7,12177,44
31,7,16999,44
32,7,409979,40
33,7,14567,60
34,7,4093,59
35,7,702079,40
36,7,5672,44
37,7,2100641,73
38,7,203486,55
39,7,3331,44
40,7,72519,54
41,7,749568,52
42,7,134893,45
43,7,533,45
44,7,28613,44
45,7,7166,58
46,7,612943,47
47,7,8229,44
48,7,733,60
49,7,3256,59
50,7,652499,43
51,7,61523,44
52,7,21004,50
53,7,8310,49
54,7,33221,63
55,7,553855,44
56,7,346959,40
57,7,6521,58
58,7,3531,44
59,7,3043,48
60,7,976,50
61,7,31601,44
62,7,246312,48
63,7,725,45
64,7,6814,48
65,7,86542,50
66,7,139948,45
67,7,15224,43
68,7,408386,66
69,7,147073,60
70,7,1091946,45
71,7,2749,54
72,7,165,55
73,7,423,44
74,7,97883,45
75,7,604138,40
76,7,275283,45
77,7,817558,47
78,7,43547,55
79,7,74348,45
80,7,3878,53
81,7,191346,54
82,7,23035,45
83,7,37749,44
84,7,1092,50
85,7,18056,45
86,7,20584,59
87,7,8922,60
88,7,10720,49
89,7,38822,54
90,7,3026,54
91,7,85826,63
92,7,6821,44
93,7,55232,50
94,7,12110,40
95,7,3289,50
96,7,824104,54
97,7,252110,45
98,7,3309,50
99,7,104548,40
100,7,36800,59
101,7,18627,48
102,7,313895,59
103,7,47729,67
104,7,142062,58
105,7,1036955,53
106,7,332401,60
107,7,20884,54
108,7,61388,58
109,7,59731,46
110,7,544259,51
111,7,10886,48
112,7,62711,48
113,7,242959,49
114,7,114819,79
115,7,14204,59
116,7,20026,49
117,7,1519754,93
118,7,155594,72
119,7,312128,83
120,7,359236,68
121,7,19598,48
122,7,23142,58
123,7,833926,50
124,7,7406,44
125,7,5905,45
126,7,37290,44
127,7,21718,45
128,7,318627,50
129,7,1399,45
130,7,10522,54
131,7,117155,45
132,7,15270,55
133,7,50274,50
134,7,100625,45
135,7,37208,43
136,7,51943,45
137,7,217206,60
138,7,26090,57
139,7,17971,54
140,7,136449,57
141,7,2009284,73
142,7,6659,55
143,7,3097,48
144,7,68799,44
145,7,67118,40
146,7,1891746,42
147,7,9252,44
148,7,14232,58
149,7,3665,49
150,7,69410,68
151,7,10027,44
152,7,80387,50
153,7,552,60
154,7,8380,58
155,7,902771,62
156,7,457550,51
157,7,595560,50
158,7,23587,55
159,7,12488,59
160,7,7192,43
161,7,158,50
162,7,172821,55
163,7,7501,53
164,7,4154663,77
165,7,3057,48
166,7,298373,78
167,7,5931,44
168,7,31877,44
169,7,17834,58
170,7,170703,39
171,7,130407,40
172,7,2424,48
173,7,6846,43
174,7,1733,48
175,7,11567,53
176,7,13874,44
177,7,3638,51
178,7,13259,43
179,7,3355,43
180,7,4691,48
181,7,8561,54
182,7,37473,48
183,7,2874,44
184,7,639346,58
185,7,749,44
186,7,28308,44
187,7,7045,54
188,7,4634,48
189,7,3816,47
190,7,4727,49
191,7,159345,45
192,7,3827,43
193,7,26629,58
194,7,86599,43
195,7,45776,44
196,7,482619,39
197,7,324419,45
198,7,510123,56
199,7,649,48
200,7,432496,45
201,7,34846,44
202,7,2324156,59
203,7,137689,55
204,7,123015,50
205,7,715168,57
206,7,5262,49
207,7,1971,48
208,7,117836,40
209,7,34251,44
210,7,2923,48
211,7,182060,40
212,7,49272,44
213,7,301937,45
214,7,100063,40
215,7,99980,39
216,7,10515,44
217,7,876740,55
218,7,11091,45
219,7,17366,55
220,7,25443,44
221,7,9414,53
222,7,23943,44
223,7,14657,44
224,7,1299954,100
225,7,31279,55
226,7,5809,59
227,7,76932,40
228,7,119451,64
229,7,77770,62
230,7,6361,53
231,7,173122,70
232,7,1575600,58
233,7,23761,57
234,7,4722,48
235,7,317052,70
236,7,47801,48
237,7,2133,43
238,7,325591,54
239,7,1613153,48
240,7,15163,43
241,7,9783,53
242,7,2384,49
243,7,93303,53
244,7,89692,54
245,7,38773,45
246,7,20570,54
247,7,3912,64
248,7,1808,64
249,7,191798,93
250,7,758415,64
251,7,734819,120
252,7,545158,59
253,7,96669,55
254,7,3491118,124
255,7,1430907,71
256,7,49089,53
257,7,2543,52
258,7,10910,61
259,7,2437601,74
260,7,215325,54
261,7,21189,53
262,7,500510,45
263,7,37339,44
264,7,235543,40
265,7,10711,44
266,7,63220,54
267,7,1953,45
268,7,107315,103
269,7,18914,49
270,7,479345,60
271,7,20454,54
272,7,1151266,115
273,7,31388,49
274,7,86926,59
275,7,247155,84
276,7,541559,116
277,7,84710,54
278,7,436301,60
279,7,434208,55
280,7,189224,60
281,7,44531,74
282,7,53446,93
283,7,17235,55
284,7,696537,66
285,7,7222,44
286,7,34789,54
287,7,60702,69
288,7,16792,48
289,7,6734,49
290,7,10652,59
291,7,281089,54
292,7,7817,49
293,7,15021,62
294,7,4604,49
295,7,17264,49
296,7,99359,78
297,7,3015,49
298,7,224646,54
299,7,10665,53
300,7,74981,49
301,7,10962,59
302,7,1601697,105
303,7,268070,88
304,7,3141,48
305,7,124680,53
306,7,642682,95
307,7,9778,45
308,7,93619,49
309,7,20883,49
310,7,15175,49
311,7,18727,63
312,7,7739,44
313,7,650958,54
314,7,2641,48
315,7,226694,72
316,7,1026,45
317,7,4536,44
318,7,64457,43
319,7,46483,40
320,7,28684,53
321,7,14233,54
322,7,3298,49
323,7,72134,49
324,7,2704,45
325,7,123516,50
326,7,14493,49
327,7,1121,43
328,7,149306,44
329,7,1688,59
330,7,3203,53
331,7,1053,44
332,7,24405,45
333,7,5202,44
334,7,3032,49
335,7,17059,43
336,7,4612,48
337,7,3281,49
338,7,527223,53
339,7,32525,57
340,7,15624,58
341,7,9216,48
342,7,16999,40
343,7,11599,57
344,7,49783,53
345,7,80889,49
346,7,10781,57
347,7,159365,53
348,7,11790,44
349,7,15832,48
350,7,8965,44
351,7,157961,53
352,7,13238,44
353,7,277843,49
354,7,14950,48
355,7,271093,52
356,7,2292,49
357,7,21028,57
358,7,57067,55
359,7,5845,58
360,7,12880,50
361,7,49886,53
362,7,104007,50
363,7,1405724,45
364,7,342308,45
365,7,16928,64
366,7,1388488,85
367,7,16722,48
368,7,12473,55
369,7,223240,45
370,7,151924,58
371,7,13499,44
372,7,2247,54
373,7,49566,45
374,7,9843,44
375,7,801021,45
376,7,159172,45
377,7,162326,58
378,7,4905,48
379,7,24370,45
380,7,94134,40
381,7,89478,48
382,7,5246,55
383,7,419798,55
384,7,15564,48
385,7,31907,48
386,7,131832,54
387,7,12716,59
388,7,3137021,109
389,7,183797,52
390,7,4291822,95
391,7,87808,49
392,7,115265,69
393,7,20631,44
394,7,45866,75
395,7,91329,48
396,7,61562,49
397,7,9729,54
398,7,66996,54
399,7,7148,48
400,7,28520,71
401,7,5661,48
402,7,3315,49
403,7,32928,69
404,7,1902,45
405,7,26761,59
406,7,5820,43
407,7,19342,44
408,7,8745,53
409,7,7397,48
410,7,2438,53
411,7,3650,52
412,7,13229,45
413,7,2808,49
414,7,25623,43
415,7,17983,52
416,7,3209,49
417,7,76088,45
418,7,10107,45
419,7,13512,48
420,7,2287,45
421,7,1967,49
422,7,11141,45
423,7,1360,48
424,7,69125,45
425,7,14808,44
426,7,38047,44
427,7,48222,48
428,7,5900,58
429,7,548870,40
430,7,15862,44
431,7,113829,50
432,7,29960,49
433,7,907,45
434,7,4915,49
435,7,495472,50
436,7,7017,57
437,7,246455,63
438,7,21249,44
439,7,7476,64
440,7,11558,62
441,7,18536,61
442,7,95686,45
443,7,72502,44
444,7,544,55
445,7,157832,63
446,7,39147,55
447,7,548,55
448,7,203774,49
449,7,199755,49
450,7,31520,64
451,7,50004,45
452,7,156287,40
453,7,21151,44
454,7,117887,53
455,7,550897,55
456,7,13924,44
457,7,652178,58
458,7,191602,55
459,7,647688,50
460,7,1414577,85
461,7,1661633,53
462,7,1674,54
463,7,11974,49
464,7,83166,49
465,7,665159,63
466,7,117251,53
467,7,181930,40
468,7,172945,63
469,7,264381,55
470,7,822723,42
471,7,119873,42
472,7,9612,45
473,7,428,50
474,7,114385,55
475,7,22285,44
476,7,23848,49
477,7,356,50
478,7,397965,78
479,7,7934,43
480,7,5792,48
481,7,189643,60
482,7,53188,44
483,7,244340,49
484,7,8368,44
485,7,244934,50
486,7,50171,44
487,7,1205,49
488,7,6550,44
489,7,24633,58
490,7,188042,55
491,7,65455,45
492,7,226276,58
493,7,34666,45
494,7,840298,51
495,7,162321,68
496,7,54073,50
497,7,4032,49
498,7,1260260,58
499,7,3699,44
500,7,603864,84
501,7,114897,50
502,7,79838,54
503,7,89041,40
504,7,43143,53
505,7,12813,49
506,7,934766,65
507,7,23264,58
508,7,2489808,80
509,7,42247,45
510,7,5446,44
511,7,4182,44
512,7,94028,54
513,7,159005,44
514,7,354508,60
515,7,2350,49
516,7,98365,45
517,7,6043,44
518,7,230367,45
519,7,555626,41
520,7,43481,40
521,7,23154,40
522,7,53545,40
523,7,239762,40
524,7,31521,44
525,7,5175,44
526,7,108585,44
527,7,94004,40
528,7,57281,40
529,7,45394,40
530,7,11861,45
531,7,121441,60
532,7,21145,40
533,7,1205,44
534,7,4915,40
535,7,1346,45
536,7,5132,40
537,7,485,45
538,7,1692,45
539,7,69943,44
540,7,3479,59
541,7,4893,59
542,7,292851,56
543,7,72628,95
544,7,1103,55
545,7,2811,45
546,7,178782,55
547,7,1970,45
548,7,236936,50
549,7,1646,44
550,7,971,45
551,7,503,45
552,7,855,45
553,7,2441,45
554,7,4690,45
555,7,788,50
556,7,119212,55
557,7,38279,50
558,7,33627,45
559,7,11222,40
560,7,758,45
561,7,6704,50
562,7,2434,45
563,7,1190,50
564,7,3032,70
565,7,1140,45
566,7,5307,50
567,7,59166,50
568,7,67127,55
569,7,50645,80
570,7,3339,55
571,7,183,45
572,7,1324,45
573,7,2245,45
574,7,1788,50
575,7,557,55
576,7,851,45
577,7,7783,45
578,7,15285,40
579,7,4215,50
580,7,14736,40
581,7,509,45
582,7,4228,60
583,7,4210,40
584,7,549,50
585,7,79,45
586,7,977,45
587,7,11000,60
588,7,1352,55
589,7,1380,40
590,7,3338,45
591,7,0,45
592,7,0,45
593,7,0,40
594,7,0,40
595,7,0,40
596,7,0,45
597,7,0,45
1,8,46467,68
2,8,5530,49
3,8,68445,55
4,8,1037701,117
5,8,14173,47
6,8,254990,84
7,8,2095,50
8,8,693574,50
9,8,38929,53
10,8,598,44
11,8,608923,51
12,8,1957640,48
13,8,902,45
14,8,13458,48
15,8,82022,48
16,8,95909,44
17,8,399389,54
18,8,60944,77
19,8,7786,47
20,8,5707,48
21,8,3627,52
22,8,49054,56
23,8,17807,44
24,8,219061,53
25,8,5671,47
26,8,1707,49
27,8,62217,41
28,8,3205,45
29,8,23639,44
30,8,11233,44
31,8,16077,44
32,8,412450,40
33,8,12586,60
34,8,3833,59
35,8,667251,40
36,8,5622,44
37,8,2374506,74
38,8,174706,55
39,8,3086,44
40,8,66168,54
41,8,788897,52
42,8,126997,45
43,8,531,45
44,8,27353,44
45,8,6894,58
46,8,561677,47
47,8,7932,44
48,8,731,60
49,8,3142,59
50,8,625454,43
51,8,56796,44
52,8,21584,49
53,8,7991,48
54,8,32712,62
55,8,522809,44
56,8,347216,40
57,8,7174,58
58,8,3417,44
59,8,2944,48
60,8,948,50
61,8,31064,44
62,8,211596,48
63,8,703,45
64,8,6439,48
65,8,71053,50
66,8,140229,44
67,8,16626,43
68,8,366776,65
69,8,139788,60
70,8,1044465,45
71,8,2559,54
72,8,166,55
73,8,406,44
74,8,98103,45
75,8,629056,39
76,8,269346,45
77,8,859486,47
78,8,39808,54
79,8,67447,45
80,8,4072,53
81,8,185975,54
82,8,20774,45
83,8,30156,43
84,8,1097,50
85,8,18176,45
86,8,20134,58
87,8,9742,60
88,8,10269,49
89,8,37587,54
90,8,2881,54
91,8,80485,63
92,8,7009,44
93,8,51473,49
94,8,11374,40
95,8,3300,50
96,8,799072,54
97,8,237990,45
98,8,3386,50
99,8,104934,40
100,8,34994,58
101,8,17945,48
102,8,287936,59
103,8,46650,67
104,8,132947,58
105,8,915848,53
106,8,281028,60
107,8,19233,53
108,8,63701,58
109,8,56779,46
110,8,1126522,53
111,8,10495,48
112,8,56830,48
113,8,239228,49
114,8,624213,80
115,8,13066,59
116,8,18913,48
117,8,1746317,94
118,8,159919,72
119,8,183223,83
120,8,360234,68
121,8,18883,48
122,8,21628,58
123,8,901837,50
124,8,7121,44
125,8,5699,45
126,8,34922,44
127,8,20582,45
128,8,301877,50
129,8,1525,45
130,8,9700,53
131,8,106407,45
132,8,15174,55
133,8,48167,50
134,8,80238,44
135,8,35072,43
136,8,47467,45
137,8,190466,60
138,8,21021,57
139,8,28198,54
140,8,130358,57
141,8,2153649,74
142,8,6650,55
143,8,3043,48
144,8,99909,44
145,8,63341,40
146,8,1706256,42
147,8,8922,44
148,8,17696,58
149,8,3684,49
150,8,67724,68
151,8,9911,44
152,8,69102,49
153,8,866,60
154,8,8313,58
155,8,885629,61
156,8,438545,51
157,8,537604,50
158,8,20736,55
159,8,12468,59
160,8,8175,43
161,8,161,50
162,8,163847,55
163,8,7189,53
164,8,4192051,77
165,8,2967,48
166,8,274181,78
167,8,5856,44
168,8,30182,44
169,8,17067,58
170,8,176941,39
171,8,129323,40
172,8,2183,47
173,8,6478,43
174,8,1563,48
175,8,12331,53
176,8,12417,44
177,8,3290,51
178,8,12639,43
179,8,3136,43
180,8,4076,48
181,8,10890,53
182,8,34590,48
183,8,2741,44
184,8,583982,58
185,8,721,44
186,8,27713,44
187,8,6653,53
188,8,4085,47
189,8,3404,47
190,8,4176,48
191,8,149794,45
192,8,3645,43
193,8,25979,58
194,8,84915,43
195,8,44162,44
196,8,438984,39
197,8,318044,45
198,8,465851,56
199,8,640,48
200,8,459111,45
201,8,33575,44
202,8,2453122,60
203,8,133600,55
204,8,104253,49
205,8,666244,57
206,8,5097,49
207,8,1825,48
208,8,113036,40
209,8,32695,44
210,8,2927,48
211,8,177249,40
212,8,46597,44
213,8,311335,45
214,8,97648,40
215,8,110757,39
216,8,10601,44
217,8,876833,55
218,8,12624,45
219,8,14796,55
220,8,23745,44
221,8,9156,53
222,8,28074,43
223,8,14545,44
224,8,1519006,100
225,8,28488,55
226,8,5644,59
227,8,71298,40
228,8,150218,64
229,8,69988,61
230,8,6175,53
231,8,170993,70
232,8,1887786,59
233,8,23014,57
234,8,4769,48
235,8,318030,69
236,8,45349,48
237,8,2022,43
238,8,280914,53
239,8,1611472,48
240,8,15430,43
241,8,9482,53
242,8,2354,49
243,8,88404,53
244,8,88264,54
245,8,34343,44
246,8,19303,54
247,8,4344,64
248,8,1778,64
249,8,173034,92
250,8,669379,63
251,8,693494,120
252,8,539346,59
253,8,74391,54
254,8,3473894,124
255,8,1316396,71
256,8,47462,52
257,8,2387,51
258,8,10264,61
259,8,2162671,74
260,8,205574,54
261,8,19163,52
262,8,491847,45
263,8,38133,44
264,8,249938,39
265,8,9782,44
266,8,55577,54
267,8,1924,45
268,8,93498,103
269,8,17951,49
270,8,571868,61
271,8,19857,54
272,8,1180915,115
273,8,29738,49
274,8,81038,59
275,8,200715,83
276,8,463779,116
277,8,117349,54
278,8,428011,60
279,8,402753,55
280,8,197644,60
281,8,42783,74
282,8,59961,93
283,8,16986,55
284,8,565085,66
285,8,7373,44
286,8,34456,54
287,8,67299,69
288,8,15906,48
289,8,6542,49
290,8,10212,59
291,8,277812,54
292,8,7494,49
293,8,14670,62
294,8,4570,48
295,8,16699,49
296,8,95066,78
297,8,2924,49
298,8,224806,54
299,8,11202,53
300,8,74208,49
301,8,10389,59
302,8,1495550,105
303,8,281400,87
304,8,2988,48
305,8,120556,53
306,8,672502,96
307,8,8918,45
308,8,91572,49
309,8,20980,49
310,8,13908,49
311,8,18054,63
312,8,7414,44
313,8,646278,54
314,8,2547,48
315,8,213491,72
316,8,999,45
317,8,4352,44
318,8,61212,43
319,8,45267,40
320,8,27116,53
321,8,12038,53
322,8,3130,49
323,8,71215,49
324,8,2786,45
325,8,136869,50
326,8,13999,49
327,8,1078,43
328,8,142965,44
329,8,1650,59
330,8,2934,53
331,8,1055,44
332,8,22159,44
333,8,4996,44
334,8,3594,49
335,8,17056,43
336,8,4545,48
337,8,3023,48
338,8,512662,53
339,8,31182,57
340,8,14866,57
341,8,8759,48
342,8,16464,40
343,8,10984,57
344,8,46565,53
345,8,76470,48
346,8,9622,57
347,8,147117,53
348,8,10929,44
349,8,14959,47
350,8,8818,44
351,8,144676,53
352,8,12250,44
353,8,259518,49
354,8,13522,48
355,8,239313,52
356,8,2246,49
357,8,20560,57
358,8,50156,55
359,8,5384,58
360,8,13881,50
361,8,49575,52
362,8,86255,50
363,8,1458520,45
364,8,341191,45
365,8,16722,64
366,8,793493,84
367,8,15979,48
368,8,14882,55
369,8,460369,46
370,8,534013,59
371,8,12680,44
372,8,2102,54
373,8,46590,45
374,8,9162,44
375,8,803402,45
376,8,139106,45
377,8,247952,58
378,8,4830,48
379,8,21732,45
380,8,89207,40
381,8,84537,47
382,8,5046,54
383,8,424304,55
384,8,14292,48
385,8,32233,48
386,8,136090,54
387,8,11598,58
388,8,3370292,110
389,8,145209,52
390,8,4481515,96
391,8,94740,49
392,8,106509,68
393,8,20201,44
394,8,44249,75
395,8,86370,48
396,8,60551,49
397,8,9190,53
398,8,63840,54
399,8,6697,47
400,8,27447,71
401,8,5567,48
402,8,3174,49
403,8,32522,69
404,8,1867,44
405,8,26222,59
406,8,5478,43
407,8,18143,44
408,8,7963,52
409,8,6862,48
410,8,2402,53
411,8,3504,51
412,8,11967,45
413,8,2637,48
414,8,19593,42
415,8,16882,51
416,8,3035,49
417,8,74000,45
418,8,9757,45
419,8,12898,48
420,8,2193,45
421,8,1973,48
422,8,10085,45
423,8,1280,48
424,8,65444,44
425,8,13894,43
426,8,38105,44
427,8,43720,47
428,8,5767,58
429,8,550181,40
430,8,15712,44
431,8,136420,50
432,8,32703,49
433,8,885,45
434,8,4603,49
435,8,591798,51
436,8,6960,57
437,8,188161,62
438,8,19984,44
439,8,7762,64
440,8,10889,61
441,8,26993,61
442,8,127192,45
443,8,94399,44
444,8,519,55
445,8,187806,63
446,8,32568,55
447,8,518,55
448,8,197076,48
449,8,195640,49
450,8,144901,64
451,8,47110,45
452,8,148557,40
453,8,20824,44
454,8,105915,53
455,8,551569,55
456,8,12581,44
457,8,628408,58
458,8,203765,55
459,8,651128,50
460,8,1275832,85
461,8,1494986,53
462,8,1628,54
463,8,11381,49
464,8,80419,49
465,8,578447,63
466,8,112339,53
467,8,170749,40
468,8,541171,64
469,8,292674,55
470,8,1021320,43
471,8,103393,42
472,8,9108,45
473,8,438,49
474,8,135506,55
475,8,20983,44
476,8,22959,49
477,8,350,50
478,8,382402,78
479,8,7308,43
480,8,5739,48
481,8,139822,59
482,8,52208,44
483,8,232343,49
484,8,10029,44
485,8,227165,49
486,8,49943,44
487,8,1214,49
488,8,6490,44
489,8,22523,58
490,8,220996,55
491,8,64921,45
492,8,186648,58
493,8,32208,45
494,8,868612,51
495,8,149345,68
496,8,48787,50
497,8,4446,49
498,8,781688,57
499,8,3709,44
500,8,398791,84
501,8,102454,49
502,8,76817,54
503,8,87273,40
504,8,41126,52
505,8,10048,48
506,8,1236495,66
507,8,23192,57
508,8,2138472,79
509,8,37663,44
510,8,5194,44
511,8,4268,44
512,8,85160,53
513,8,154266,43
514,8,345608,60
515,8,2250,48
516,8,99407,45
517,8,5422,44
518,8,225689,45
519,8,513717,40
520,8,42715,40
521,8,21715,40
522,8,52216,40
523,8,248161,40
524,8,35570,44
525,8,4902,44
526,8,122825,44
527,8,98398,40
528,8,57914,40
529,8,44165,40
530,8,11165,45
531,8,100549,59
532,8,21946,40
533,8,1129,44
534,8,4540,40
535,8,1335,45
536,8,5192,40
537,8,595,45
538,8,1776,45
539,8,66204,44
540,8,2811,59
541,8,7376,59
542,8,301748,56
543,8,88129,95
544,8,1102,55
545,8,2799,45
546,8,242112,55
547,8,2127,45
548,8,459299,51
549,8,1473,44
550,8,979,45
551,8,508,45
552,8,888,45
553,8,2393,45
554,8,4819,45
555,8,731,50
556,8,125470,55
557,8,37428,50
558,8,90739,45
559,8,14582,40
560,8,848,45
561,8,10421,50
562,8,12167,45
563,8,22022,50
564,8,3029,70
565,8,1037,45
566,8,3894,50
567,8,85861,50
568,8,51625,55
569,8,41676,80
570,8,2661,55
571,8,434,45
572,8,1586,45
573,8,3803,45
574,8,1983,50
575,8,490,54
576,8,1023,45
577,8,12295,45
578,8,18524,40
579,8,4400,50
580,8,16016,40
581,8,666,45
582,8,3563,60
583,8,4443,40
584,8,714,50
585,8,54,45
586,8,1577,45
587,8,14209,60
588,8,2176,55
589,8,32747,40
590,8,3431,45
591,8,801,45
592,8,1030,45
593,8,4589,40
594,8,3449,40
595,8,1664,40
596,8,711,45
597,8,1558,45
598,8,0,40
599,8,0,45
600,8,0,40
1,9,45182,68
2,9,5298,49
3,9,71295,55
4,9,961065,117
5,9,13664,47
6,9,237159,84
7,9,2580,50
8,9,666919,50
9,9,36603,53
10,9,582,44
11,9,621663,51
12,9,2084116,48
13,9,902,45
14,9,12449,48
15,9,76313,47
16,9,96088,44
17,9,385313,54
18,9,59165,76
19,9,7396,47
20,9,5783,48
21,9,3376,52
22,9,46936,56
23,9,18408,44
24,9,206289,53
25,9,5386,47
26,9,1670,49
27,9,59134,41
28,9,3113,45
29,9,22920,43
30,9,9987,44
31,9,15803,43
32,9,401443,40
33,9,11452,60
34,9,3636,59
35,9,605193,40
36,9,5436,44
37,9,3065896,76
38,9,172965,55
39,9,3119,44
40,9,67622,53
41,9,1035405,53
42,9,212390,45
43,9,517,45
44,9,25987,44
45,9,6845,58
46,9,581171,47
47,9,7319,44
48,9,747,60
49,9,3050,59
50,9,587693,43
51,9,51622,44
52,9,22805,49
53,9,7787,48
54,9,31681,62
55,9,447050,44
56,9,351476,40
57,9,7068,58
58,9,3330,44
59,9,2766,48
60,9,956,50
61,9,30284,44
62,9,203928,48
63,9,683,45
64,9,6143,48
65,9,63645,50
66,9,135354,44
67,9,29407,43
68,9,287689,64
69,9,85200,60
70,9,1013226,45
71,9,2629,54
72,9,177,55
73,9,414,44
74,9,94550,45
75,9,643372,39
76,9,255868,45
77,9,977918,48
78,9,33468,54
79,9,59934,45
80,9,3538,53
81,9,188987,54
82,9,19041,45
83,9,25400,43
84,9,1091,50
85,9,17083,45
86,9,19871,58
87,9,10063,60
88,9,14631,49
89,9,35554,53
90,9,2856,54
91,9,73483,62
92,9,8503,44
93,9,49818,49
94,9,11278,39
95,9,3293,50
96,9,795807,54
97,9,221429,45
98,9,3511,50
99,9,107538,40
100,9,32890,58
101,9,17297,48
102,9,260439,58
103,9,46209,67
104,9,126806,57
105,9,759988,52
106,9,331745,60
107,9,18733,53
108,9,58227,58
109,9,54269,45
110,9,1375103,54
111,9,10318,48
112,9,53896,48
113,9,243919,49
114,9,1430384,82
115,9,12200,59
116,9,18121,48
117,9,1888748,95
118,9,174462,72
119,9,133316,82
120,9,335534,68
121,9,18422,47
122,9,20005,57
123,9,936916,50
124,9,7209,44
125,9,7491,45
126,9,32619,44
127,9,19963,45
128,9,296717,50
129,9,1286,45
130,9,9313,53
131,9,100880,45
132,9,15278,55
133,9,46064,50
134,9,68346,44
135,9,33556,42
136,9,44142,45
137,9,171750,59
138,9,18172,56
139,9,60376,54
140,9,139231,57
141,9,2263264,74
142,9,6471,54
143,9,3022,48
144,9,137402,44
145,9,58245,39
146,9,1496091,41
147,9,8926,44
148,9,26964,58
149,9,3255,49
150,9,66408,68
151,9,9736,44
152,9,67333,49
153,9,1324,60
154,9,11888,58
155,9,982149,61
156,9,449352,51
157,9,525236,49
158,9,20064,54
159,9,12423,59
160,9,8580,43
161,9,156,50
162,9,157450,55
163,9,6983,53
164,9,4362644,78
165,9,4646,48
166,9,310046,78
167,9,5781,44
168,9,43413,43
169,9,16473,58
170,9,174533,39
171,9,129292,40
172,9,2025,47
173,9,6122,43
174,9,1445,47
175,9,13652,53
176,9,11541,44
177,9,3018,51
178,9,12060,43
179,9,2930,43
180,9,3878,48
181,9,11595,53
182,9,31915,47
183,9,2696,44
184,9,488030,57
185,9,698,43
186,9,26853,44
187,9,6344,53
188,9,3690,47
189,9,3087,46
190,9,3827,48
191,9,138487,45
192,9,3503,43
193,9,23730,57
194,9,82414,43
195,9,41428,44
196,9,393283,39
197,9,290303,45
198,9,446011,56
199,9,617,48
200,9,435682,45
201,9,30341,44
202,9,2670112,61
203,9,119807,55
204,9,93290,49
205,9,544739,56
206,9,4970,48
207,9,1699,48
208,9,107469,40
209,9,30804,44
210,9,2548,48
211,9,173920,40
212,9,43488,44
213,9,300945,45
214,9,95188,40
215,9,114617,39
216,9,10782,44
217,9,855526,55
218,9,18174,45
219,9,20304,55
220,9,22009,44
221,9,8889,53
222,9,30487,43
223,9,14522,44
224,9,1792751,101
225,9,29189,55
226,9,5597,59
227,9,66461,39
228,9,181834,64
229,9,63592,61
230,9,6091,52
231,9,164679,70
232,9,2313447,60
233,9,22512,56
234,9,4624,48
235,9,277153,69
236,9,43072,48
237,9,1934,43
238,9,250572,53
239,9,1646134,48
240,9,15307,43
241,9,10186,53
242,9,3077,49
243,9,88526,53
244,9,81251,54
245,9,33354,44
246,9,28520,54
247,9,4971,64
248,9,1760,63
249,9,166537,92
250,9,613169,63
251,9,992835,121
252,9,540815,59
253,9,65006,54
254,9,2049762,123
255,9,1264038,71
256,9,47012,52
257,9,2252,51
258,9,10145,60
259,9,1423974,73
260,9,150419,54
261,9,18694,52
262,9,456502,45
263,9,39718,44
264,9,281965,39
265,9,8951,44
266,9,50531,54
267,9,1891,45
268,9,89559,103
269,9,17093,49
270,9,638306,61
271,9,20372,54
272,9,1326217,116
273,9,29191,48
274,9,77229,59
275,9,166412,82
276,9,344145,115
277,9,207222,55
278,9,421178,60
279,9,343316,55
280,9,209184,60
281,9,40706,74
282,9,85996,93
283,9,17087,55
284,9,464089,65
285,9,7817,44
286,9,34918,54
287,9,87968,69
288,9,15733,48
289,9,6401,49
290,9,11217,59
291,9,302780,54
292,9,7203,49
293,9,14510,62
294,9,4566,48
295,9,16227,48
296,9,91489,77
297,9,2835,49
298,9,237839,54
299,9,12992,53
300,9,56876,48
301,9,10075,59
302,9,2644080,107
303,9,304974,87
304,9,2821,48
305,9,116848,53
306,9,556688,96
307,9,9840,44
308,9,88620,49
309,9,23209,49
310,9,13002,49
311,9,17722,63
312,9,7283,44
313,9,698777,54
314,9,2446,48
315,9,176280,71
316,9,971,45
317,9,4075,44
318,9,58219,43
319,9,58129,39
320,9,25811,53
321,9,10756,53
322,9,2983,49
323,9,65007,49
324,9,2862,45
325,9,132236,50
326,9,13497,49
327,9,1052,43
328,9,133568,44
329,9,1641,59
330,9,2744,52
331,9,1071,44
332,9,20270,44
333,9,4860,43
334,9,3838,49
335,9,16802,43
336,9,4406,48
337,9,2788,48
338,9,458695,53
339,9,29551,57
340,9,14396,57
341,9,8514,48
342,9,16163,40
343,9,10603,57
344,9,52670,53
345,9,72136,48
346,9,8987,56
347,9,125382,53
348,9,10261,44
349,9,14370,47
350,9,8692,44
351,9,131914,52
352,9,11567,44
353,9,227799,48
354,9,12462,48
355,9,214754,51
356,9,2216,48
357,9,19701,57
358,9,44290,55
359,9,5138,58
360,9,17910,50
361,9,47776,52
362,9,72167,50
363,9,1498709,45
364,9,336906,45
365,9,16078,64
366,9,486900,83
367,9,16754,48
368,9,43910,55
369,9,733493,47
370,9,497927,60
371,9,11809,44
372,9,1994,54
373,9,42297,45
374,9,8400,44
375,9,892985,46
376,9,144580,45
377,9,349725,59
378,9,4798,48
379,9,19147,45
380,9,85363,40
381,9,79646,47
382,9,5275,54
383,9,395062,55
384,9,13363,47
385,9,32667,48
386,9,139069,54
387,9,9757,58
388,9,3342613,110
389,9,127562,52
390,9,4208016,95
391,9,96852,49
392,9,100311,68
393,9,19887,44
394,9,43056,74
395,9,73515,48
396,9,59000,49
397,9,8610,53
398,9,60366,54
399,9,6303,47
400,9,25986,70
401,9,5586,48
402,9,3080,49
403,9,32222,69
404,9,2040,44
405,9,21913,59
406,9,5222,43
407,9,17240,43
408,9,7350,52
409,9,6519,48
410,9,2397,53
411,9,3494,51
412,9,11351,44
413,9,2494,48
414,9,16749,42
415,9,16100,51
416,9,3109,48
417,9,74924,45
418,9,10141,45
419,9,12695,48
420,9,2273,45
421,9,1967,48
422,9,9953,45
423,9,1387,48
424,9,60358,44
425,9,13834,43
426,9,38877,44
427,9,36540,47
428,9,5738,57
429,9,557295,40
430,9,15640,44
431,9,229273,50
432,9,27985,49
433,9,853,45
434,9,4335,49
435,9,701664,51
436,9,6250,56
437,9,159300,62
438,9,18981,43
439,9,7665,64
440,9,10353,61
441,9,24166,61
442,9,139842,45
443,9,109087,44
444,9,507,55
445,9,167524,63
446,9,27607,54
447,9,517,55
448,9,193932,48
449,9,225536,49
450,9,139986,64
451,9,44605,44
452,9,146688,39
453,9,20707,44
454,9,96535,52
455,9,566846,55
456,9,11372,44
457,9,530730,58
458,9,210804,55
459,9,590477,50
460,9,1158637,84
461,9,1241579,52
462,9,1583,54
463,9,10906,48
464,9,74371,48
465,9,524031,62
466,9,107256,53
467,9,172928,39
468,9,878730,65
469,9,255450,55
470,9,1135884,43
471,9,88829,42
472,9,8688,45
473,9,423,49
474,9,138388,55
475,9,19434,44
476,9,22406,48
477,9,390,50
478,9,343737,77
479,9,6776,43
480,9,5580,48
481,9,103075,58
482,9,51377,44
483,9,216545,48
484,9,10384,44
485,9,209258,49
486,9,70973,44
487,9,1309,49
488,9,6584,44
489,9,39069,58
490,9,250182,55
491,9,59778,45
492,9,160846,57
493,9,27789,45
494,9,845048,51
495,9,137728,67
496,9,55163,50
497,9,4823,49
498,9,664602,57
499,9,3627,44
500,9,279426,83
501,9,92147,49
502,9,73448,53
503,9,85501,40
504,9,39593,52
505,9,9695,48
506,9,886652,65
507,9,18679,57
508,9,2246665,79
509,9,36314,44
510,9,5071,43
511,9,4439,44
512,9,77615,53
513,9,152916,43
514,9,717477,61
515,9,2217,48
516,9,101083,45
517,9,5092,43
518,9,225328,45
519,9,495499,40
520,9,42035,40
521,9,22066,39
522,9,51989,40
523,9,275119,40
524,9,39851,44
525,9,4884,43
526,9,113605,44
527,9,110676,40
528,9,62011,40
529,9,43650,40
530,9,9719,45
531,9,86847,59
532,9,23245,40
533,9,1066,44
534,9,4278,40
535,9,1383,45
536,9,5599,40
537,9,728,45
538,9,1868,45
539,9,67498,44
540,9,2664,59
541,9,7305,59
542,9,319132,56
543,9,73858,95
544,9,1349,55
545,9,2882,45
546,9,280280,56
547,9,2320,45
548,9,498511,51
549,9,1387,44
550,9,1128,45
551,9,586,45
552,9,974,45
553,9,2476,45
554,9,5233,45
555,9,930,50
556,9,145213,55
557,9,32700,50
558,9,157068,45
559,9,15963,40
560,9,1000,45
561,9,17187,50
562,9,18683,45
563,9,19754,50
564,9,3243,70
565,9,1219,45
566,9,4175,50
567,9,64810,50
568,9,97096,55
569,9,63515,80
570,9,2831,54
571,9,728,45
572,9,1745,45
573,9,4074,45
574,9,2251,50
575,9,481,53
576,9,1209,45
577,9,19505,45
578,9,24158,40
579,9,4737,50
580,9,20068,40
581,9,947,45
582,9,3412,59
583,9,5782,40
584,9,841,50
585,9,91,44
586,9,2294,45
587,9,18461,60
588,9,4233,55
589,9,54385,40
590,9,4710,45
591,9,1990,45
592,9,2524,45
593,9,11247,40
594,9,5155,40
595,9,3988,40
596,9,1821,45
597,9,1291,45
598,9,1480,40
599,9,324,45
600,9,1905,40
601,9,0,45
1,10,44753,68
2,10,5198,49
3,10,69062,55
4,10,850482,116
5,10,13434,47
6,10,218478,83
7,10,2830,50
8,10,679574,50
9,10,36301,53
10,10,574,44
11,10,750799,51
12,10,2056118,48
13,10,897,45
14,10,11512,48
15,10,73367,47
16,10,102685,44
17,10,385015,54
18,10,53233,76
19,10,7268,47
20,10,5891,48
21,10,3578,52
22,10,45015,56
23,10,18114,44
24,10,191920,52
25,10,5275,47
26,10,1695,49
27,10,57248,41
28,10,3054,45
29,10,22517,43
30,10,9653,44
31,10,15500,43
32,10,403539,40
33,10,11043,60
34,10,3580,59
35,10,587516,40
36,10,5178,44
37,10,3137111,76
38,10,167461,55
39,10,3169,44
40,10,69114,53
41,10,993662,53
42,10,209693,45
43,10,511,45
44,10,25451,44
45,10,6839,57
46,10,676269,47
47,10,6784,44
48,10,757,60
49,10,3017,59
50,10,577018,43
51,10,50319,44
52,10,23652,49
53,10,7591,48
54,10,29242,62
55,10,436234,43
56,10,351694,40
57,10,7754,58
58,10,3276,44
59,10,2716,48
60,10,977,50
61,10,29837,43
62,10,201220,48
63,10,677,45
64,10,5932,48
65,10,78959,50
66,10,131297,44
67,10,30947,43
68,10,244824,63
69,10,72928,60
70,10,990709,45
71,10,2633,54
72,10,197,55
73,10,413,44
74,10,92411,45
75,10,640669,39
76,10,253824,45
77,10,809912,48
78,10,31760,53
79,10,56910,45
80,10,3269,53
81,10,182714,54
82,10,18286,45
83,10,24713,43
84,10,1166,50
85,10,16322,45
86,10,19835,58
87,10,9599,60
88,10,14869,49
89,10,34497,53
90,10,2851,54
91,10,71469,62
92,10,8389,44
93,10,48251,49
94,10,11436,39
95,10,3121,50
96,10,747055,54
97,10,221649,44
98,10,3641,50
99,10,111215,40
100,10,31802,58
101,10,16997,47
102,10,240464,58
103,10,46193,67
104,10,123109,57
105,10,648772,51
106,10,218952,60
107,10,19423,53
108,10,59051,58
109,10,55681,45
110,10,1458690,55
111,10,10369,48
112,10,52176,48
113,10,252782,49
114,10,1392583,83
115,10,13641,59
116,10,17627,48
117,10,1739656,95
118,10,197930,72
119,10,127362,82
120,10,343508,68
121,10,18288,47
122,10,19768,57
123,10,975673,51
124,10,7495,44
125,10,8183,45
126,10,31425,44
127,10,19591,45
128,10,291786,50
129,10,1475,45
130,10,9218,53
131,10,98765,45
132,10,15422,55
133,10,46318,50
134,10,66149,44
135,10,32947,42
136,10,43191,45
137,10,171715,59
138,10,17295,56
139,10,77179,54
140,10,142855,57
141,10,1429165,73
142,10,6357,54
143,10,3012,48
144,10,153857,44
145,10,57220,39
146,10,1472886,41
147,10,9005,44
148,10,51018,58
149,10,3326,49
150,10,65025,68
151,10,9632,44
152,10,57186,49
153,10,1449,60
154,10,11384,58
155,10,827721,62
156,10,430121,51
157,10,508548,49
158,10,19559,54
159,10,13780,59
160,10,8545,43
161,10,157,50
162,10,152854,55
163,10,6940,53
164,10,4592948,79
165,10,4730,48
166,10,327624,78
167,10,5711,44
168,10,74354,43
169,10,16265,58
170,10,171820,39
171,10,128804,40
172,10,1938,47
173,10,6091,42
174,10,1404,47
175,10,13672,53
176,10,11015,44
177,10,2923,51
178,10,11687,43
179,10,2828,43
180,10,3830,48
181,10,13987,53
182,10,30471,47
183,10,2565,44
184,10,439047,57
185,10,681,43
186,10,26288,44
187,10,6176,53
188,10,3456,47
189,10,2957,46
190,10,3765,48
191,10,134565,45
192,10,3417,43
193,10,21528,57
194,10,80824,43
195,10,41229,44
196,10,398981,38
197,10,287669,45
198,10,446898,55
199,10,602,48
200,10,442509,45
201,10,34851,44
202,10,2680255,61
203,10,116174,55
204,10,94040,49
205,10,479691,55
206,10,4876,48
207,10,1649,48
208,10,104939,40
209,10,30969,44
210,10,2359,48
211,10,167999,40
212,10,42374,44
213,10,301635,45
214,10,93879,40
215,10,113582,39
216,10,10753,44
217,10,909847,55
218,10,29093,45
219,10,28991,55
220,10,21407,44
221,10,9028,53
222,10,28420,43
223,10,14387,44
224,10,2181811,102
225,10,30747,55
226,10,5683,59
227,10,64475,39
228,10,244716,64
229,10,61169,61
230,10,6085,52
231,10,214039,70
232,10,2456691,61
233,10,22054,56
234,10,4582,48
235,10,318251,69
236,10,42228,48
237,10,1903,43
238,10,239597,53
239,10,1786329,48
240,10,15256,43
241,10,22155,53
242,10,3070,49
243,10,90909,53
244,10,73310,54
245,10,32145,44
246,10,54042,54
247,10,4532,64
248,10,1760,63
249,10,173092,92
250,10,596359,63
251,10,920989,121
252,10,560510,59
253,10,68979,54
254,10,2222608,122
255,10,1496252,71
256,10,46714,52
257,10,2208,51
258,10,10124,60
259,10,1132771,73
260,10,125609,53
261,10,17536,52
262,10,465717,45
263,10,46404,44
264,10,301753,39
265,10,9380,43
266,10,49808,54
267,10,1876,45
268,10,104850,103
269,10,16788,49
270,10,744826,61
271,10,20177,54
272,10,1440445,116
273,10,29101,48
274,10,77813,59
275,10,178758,82
276,10,365304,115
277,10,354361,55
278,10,432941,60
279,10,291417,54
280,10,231660,60
281,10,44198,74
282,10,111244,93
283,10,16938,55
284,10,450370,65
285,10,7574,44
286,10,37461,54
287,10,120034,69
288,10,15601,48
289,10,6304,49
290,10,11995,59
291,10,291830,54
292,10,7104,49
293,10,14335,62
294,10,4332,48
295,10,16514,48
296,10,83405,77
297,10,2794,49
298,10,248818,54
299,10,13820,53
300,10,50063,48
301,10,9893,59
302,10,2832510,108
303,10,288089,87
304,10,2767,48
305,10,114603,53
306,10,528919,95
307,10,9102,44
308,10,89210,49
309,10,21987,49
310,10,12663,49
311,10,17668,63
312,10,7159,44
313,10,655146,54
314,10,2397,48
315,10,168107,71
316,10,960,45
317,10,3986,44
318,10,56595,43
319,10,62659,39
320,10,24873,52
321,10,10882,53
322,10,3027,49
323,10,63676,49
324,10,3073,45
325,10,131310,50
326,10,13206,49
327,10,1035,43
328,10,121597,44
329,10,1625,59
330,10,2666,52
331,10,1029,44
332,10,20023,44
333,10,4792,43
334,10,4451,49
335,10,16619,43
336,10,4441,48
337,10,2711,48
338,10,428811,53
339,10,29446,57
340,10,14469,57
341,10,8223,48
342,10,15813,40
343,10,10268,56
344,10,54099,53
345,10,71690,48
346,10,9216,56
347,10,113968,52
348,10,9855,44
349,10,14572,47
350,10,8596,44
351,10,128193,52
352,10,11346,44
353,10,221596,48
354,10,12016,48
355,10,202633,51
356,10,2187,48
357,10,19536,57
358,10,46143,55
359,10,5067,58
360,10,19089,50
361,10,46891,52
362,10,72387,50
363,10,1531860,45
364,10,348842,45
365,10,14758,64
366,10,432811,83
367,10,16230,48
368,10,50036,55
369,10,752027,47
370,10,540026,60
371,10,11399,44
372,10,1964,54
373,10,41690,45
374,10,9601,43
375,10,904034,46
376,10,144318,45
377,10,380667,59
378,10,4791,48
379,10,18449,45
380,10,84044,40
381,10,77747,47
382,10,5320,54
383,10,399842,55
384,10,13031,47
385,10,33949,48
386,10,120714,54
387,10,9265,58
388,10,3210982,110
389,10,130172,52
390,10,4320890,95
391,10,122314,49
392,10,97309,68
393,10,19556,44
394,10,43028,74
395,10,66625,47
396,10,62786,49
397,10,8263,52
398,10,59242,53
399,10,6179,47
400,10,26478,70
401,10,5545,48
402,10,3079,49
403,10,33515,69
404,10,1890,44
405,10,27397,59
406,10,5093,43
407,10,16123,43
408,10,7595,52
409,10,5795,48
410,10,2384,53
411,10,3460,51
412,10,12124,44
413,10,2576,48
414,10,15581,42
415,10,15711,51
416,10,2931,48
417,10,97761,45
418,10,13732,45
419,10,13399,48
420,10,2135,45
421,10,1941,48
422,10,15402,45
423,10,1226,48
424,10,58325,44
425,10,13608,43
426,10,37539,44
427,10,35974,47
428,10,5714,57
429,10,559479,40
430,10,15516,44
431,10,276973,50
432,10,30549,49
433,10,837,45
434,10,4251,49
435,10,799406,52
436,10,5903,56
437,10,153653,62
438,10,18340,43
439,10,7523,64
440,10,10188,61
441,10,27820,61
442,10,171243,45
443,10,124540,44
444,10,499,55
445,10,155632,63
446,10,26831,54
447,10,514,55
448,10,196257,48
449,10,259122,49
450,10,180724,65
451,10,43048,44
452,10,152715,39
453,10,20519,44
454,10,93729,52
455,10,553302,55
456,10,10894,44
457,10,506424,58
458,10,206225,55
459,10,547740,50
460,10,1037257,84
461,10,881204,51
462,10,1587,54
463,10,10705,48
464,10,72597,48
465,10,503060,62
466,10,103930,53
467,10,179455,39
468,10,1685758,67
469,10,230738,54
470,10,1164747,43
471,10,84064,42
472,10,8505,44
473,10,419,49
474,10,161734,55
475,10,18955,44
476,10,22389,48
477,10,399,50
478,10,300636,77
479,10,6492,43
480,10,5755,48
481,10,101361,58
482,10,50714,44
483,10,211796,48
484,10,10040,44
485,10,196090,48
486,10,78758,44
487,10,1363,49
488,10,6465,44
489,10,54472,58
490,10,240914,55
491,10,60051,45
492,10,161153,57
493,10,27337,45
494,10,845745,51
495,10,134348,67
496,10,53789,50
497,10,5235,49
498,10,636726,57
499,10,3590,44
500,10,267152,83
501,10,90464,49
502,10,72814,53
503,10,84594,40
504,10,38669,52
505,10,9223,48
506,10,839846,65
507,10,16496,57
508,10,2141893,79
509,10,34520,44
510,10,5000,43
511,10,4902,44
512,10,88271,53
513,10,160124,43
514,10,725709,61
515,10,2213,48
516,10,100136,45
517,10,4898,43
518,10,237876,45
519,10,477506,40
520,10,41495,40
521,10,21376,39
522,10,51669,40
523,10,282452,40
524,10,38435,44
525,10,4791,43
526,10,104993,44
527,10,115581,40
528,10,62823,40
529,10,43312,40
530,10,10874,45
531,10,81061,58
532,10,23679,40
533,10,1097,44
534,10,4156,40
535,10,1474,45
536,10,5729,40
537,10,802,45
538,10,1903,45
539,10,68123,44
540,10,3501,59
541,10,7327,59
542,10,362670,56
543,10,56480,95
544,10,1871,55
545,10,2879,45
546,10,268386,56
547,10,2393,45
548,10,522718,51
549,10,1334,44
550,10,1159,45
551,10,661,45
552,10,1003,45
553,10,2544,45
554,10,5517,45
555,10,1008,50
556,10,185849,55
557,10,32601,50
558,10,173482,46
559,10,23307,40
560,10,1045,45
561,10,45429,50
562,10,24257,45
563,10,28017,50
564,10,3382,70
565,10,1298,45
566,10,4834,50
567,10,51099,50
568,10,130818,55
569,10,48624,80
570,10,5602,54
571,10,883,45
572,10,1801,45
573,10,4006,45
574,10,2343,50
575,10,478,53
576,10,1284,45
577,10,24715,45
578,10,26632,40
579,10,4935,50
580,10,20746,40
581,10,1102,45
582,10,4450,59
583,10,6620,40
584,10,1061,50
585,10,56,44
586,10,2475,45
587,10,15458,60
588,10,14981,55
589,10,51241,40
590,10,5007,45
591,10,2890,45
592,10,3460,45
593,10,16487,40
594,10,5370,40
595,10,4336,40
596,10,2501,45
597,10,1764,44
598,10,2000,40
599,10,468,45
600,10,2300,40
601,10,69,45
602,10,0,45
603,10,0,40
1,11,44303,68
2,11,5111,49
3,11,63329,55
4,11,742348,115
5,11,13132,47
6,11,207878,83
7,11,3058,50
8,11,648266,50
9,11,35154,53
10,11,808,44
11,11,703566,52
13,11,943,45
14,11,11142,48
15,11,69234,47
16,11,96512,44
17,11,362972,54
18,11,49800,76
19,11,7204,47
20,11,5837,48
21,11,3576,52
22,11,43049,55
23,11,17474,44
24,11,178881,52
25,11,5223,47
26,11,1780,49
27,11,55012,41
53,11,7420,48
54,11,26016,62
55,11,407243,43
56,11,347488,40
57,11,18795,58
58,11,3199,44
59,11,2623,48
60,11,923,50
61,11,29136,43
62,11,198682,48
63,11,660,45
64,11,5785,48
65,11,97168,50
66,11,130815,44
67,11,36951,43
68,11,184328,62
69,11,67198,59
70,11,976199,45
71,11,2671,54
72,11,177,55
73,11,384,44
74,11,93521,44
75,11,632302,39
76,11,246180,45
77,11,856524,48
78,11,35089,53
79,11,51553,44
80,11,3040,53
81,11,177436,53
82,11,16632,45
83,11,23995,43
84,11,1124,50
85,11,15492,44
86,11,20505,58
87,11,10154,60
88,11,16421,49
89,11,33532,53
90,11,2860,54
91,11,75311,62
92,11,8711,44
93,11,48268,49
94,11,11783,39
95,11,2956,50
96,11,698008,54
97,11,227721,44
98,11,3166,50
99,11,119647,40
100,11,30669,58
101,11,16611,47
102,11,225521,57
103,11,68951,67
104,11,119889,57
105,11,526772,50
107,11,20618,53
108,11,55270,58
109,11,54588,45
110,11,1614934,56
111,11,10273,47
112,11,50089,48
113,11,256725,49
114,11,1316716,83
115,11,13847,59
116,11,17121,48
117,11,1788332,95
118,11,258430,72
119,11,129992,82
120,11,343553,68
121,11,18058,47
122,11,19172,57
123,11,1223340,52
124,11,7461,44
125,11,9346,45
126,11,29806,44
127,11,18811,45
128,11,280217,50
129,11,1555,45
130,11,9061,53
131,11,92424,45
132,11,15458,55
133,11,43079,50
134,11,61524,44
135,11,30940,42
136,11,41931,45
137,11,156793,59
138,11,17166,56
139,11,77375,54
140,11,146277,57
141,11,1120326,73
142,11,6146,54
143,11,2929,47
144,11,147304,44
145,11,55674,39
146,11,1371762,41
147,11,8673,44
148,11,65407,58
149,11,3400,49
150,11,62911,68
151,11,9449,44
152,11,49889,48
153,11,1633,60
154,11,10966,58
155,11,563548,61
156,11,438177,51
157,11,511457,49
158,11,19020,54
159,11,13955,59
160,11,8333,43
161,11,177,50
162,11,144640,55
163,11,6937,53
164,11,4719468,80
165,11,6071,48
166,11,348433,78
167,11,5671,44
168,11,73857,43
169,11,16052,58
170,11,168980,39
171,11,127668,40
172,11,1866,47
173,11,6061,42
174,11,1346,47
175,11,12290,53
176,11,10586,43
177,11,2813,51
178,11,11529,42
179,11,2783,43
180,11,3675,48
181,11,20122,53
182,11,29287,47
183,11,2548,44
184,11,398813,56
185,11,726,43
186,11,25569,44
187,11,6852,53
188,11,3421,47
189,11,2839,46
190,11,3702,48
191,11,137107,45
192,11,3391,43
193,11,19840,57
194,11,78579,43
195,11,41215,44
196,11,388267,38
197,11,287339,45
198,11,413104,55
199,11,642,48
200,11,502752,45
201,11,45772,44
202,11,2621988,61
203,11,100575,55
204,11,94635,49
205,11,396641,54
206,11,4725,48
207,11,1698,47
208,11,100899,40
209,11,29508,44
210,11,2265,48
211,11,158610,40
212,11,40669,44
213,11,352439,46
214,11,91666,40
215,11,113412,39
216,11,10184,44
217,11,917353,55
218,11,35614,45
219,11,33152,55
220,11,20637,44
221,11,8745,53
222,11,26725,43
223,11,14267,44
224,11,2328122,103
225,11,28381,55
226,11,8662,59
227,11,62070,39
228,11,228313,64
229,11,58130,60
230,11,6009,52
231,11,205527,70
232,11,2737574,62
233,11,21831,56
234,11,4464,48
235,11,317335,69
236,11,42017,48
237,11,1862,43
238,11,231331,53
239,11,1810163,49
240,11,15049,43
241,11,14048,53
242,11,3138,49
243,11,89932,53
244,11,71591,54
245,11,32884,44
246,11,51351,54
247,11,4195,64
248,11,1762,63
249,11,172827,92
250,11,580747,63
251,11,739736,120
252,11,504953,59
253,11,70562,54
254,11,2290651,122
255,11,1377655,72
256,11,46368,52
257,11,2175,51
258,11,10224,60
259,11,997109,72
260,11,112541,53
261,11,16404,52
262,11,481379,45
263,11,50728,44
264,11,366610,39
265,11,9328,43
266,11,50851,54
267,11,1849,45
268,11,91044,103
269,11,16515,49
270,11,961714,62
271,11,20865,54
272,11,1795578,117
273,11,35643,48
274,11,159976,59
275,11,766741,84
276,11,305795,114
277,11,282774,55
278,11,471360,60
279,11,276957,54
280,11,229353,60
281,11,42374,74
282,11,234699,94
283,11,16829,55
284,11,424292,65
285,11,7383,44
286,11,35958,54
287,11,163703,69
288,11,15413,48
289,11,6223,49
290,11,11411,59
291,11,270309,54
292,11,7003,49
293,11,14305,62
294,11,4227,48
295,11,16675,48
296,11,79586,77
297,11,2747,49
298,11,254510,54
299,11,14392,53
300,11,44859,48
301,11,10187,59
302,11,3103036,109
303,11,271415,87
304,11,2717,48
305,11,115746,53
306,11,440895,95
307,11,8218,43
308,11,92336,48
309,11,19649,49
310,11,12566,49
311,11,17450,62
312,11,7027,43
313,11,654648,54
314,11,2358,48
315,11,162244,71
316,11,971,45
317,11,3954,44
318,11,55594,42
319,11,67961,39
343,11,9887,56
344,11,49892,53
345,11,66169,48
346,11,9074,56
347,11,101607,52
348,11,9451,43
349,11,13541,47
350,11,8443,44
351,11,117337,52
352,11,10764,43
353,11,208448,48
354,11,11585,48
355,11,184107,50
356,11,2108,48
357,11,19189,56
358,11,46838,55
359,11,5310,58
360,11,17499,50
361,11,47380,52
362,11,76545,50
363,11,1668694,46
364,11,344797,45
365,11,13418,64
366,11,411580,83
367,11,15655,47
368,11,54268,55
369,11,833317,48
370,11,946651,61
371,11,10889,43
372,11,1925,54
373,11,41928,44
374,11,9674,43
375,11,964835,46
376,11,245712,45
377,11,601149,60
378,11,4769,47
379,11,17494,45
380,11,82138,40
381,11,76145,47
382,11,7786,54
383,11,443690,55
384,11,12685,47
385,11,34749,48
386,11,107925,54
387,11,8866,58
388,11,2928321,109
389,11,146807,52
390,11,4309429,95
391,11,201005,49
392,11,94530,67
393,11,19249,44
394,11,42865,74
395,11,62046,47
396,11,66575,49
397,11,8261,52
398,11,58330,53
399,11,6045,47
400,11,27381,70
401,11,5493,48
402,11,3225,49
403,11,33165,69
404,11,1938,44
405,11,32472,59
406,11,4967,43
407,11,15029,43
408,11,7866,52
409,11,5072,48
410,11,2348,53
411,11,3385,51
412,11,13969,44
413,11,2566,48
414,11,14403,42
415,11,15448,51
416,11,2952,48
417,11,147390,45
418,11,10701,45
419,11,15332,48
420,11,2074,45
421,11,1890,48
422,11,18070,45
423,11,1166,48
424,11,77712,43
425,11,13049,43
426,11,35069,44
427,11,34360,47
428,11,5597,57
429,11,559526,40
430,11,15273,44
431,11,333463,51
432,11,60120,49
433,11,836,45
434,11,4193,49
435,11,826057,52
436,11,5596,56
437,11,153858,62
438,11,17337,43
439,11,7294,64
440,11,10021,61
441,11,27765,61
442,11,172557,45
443,11,135996,44
444,11,512,55
445,11,176671,63
446,11,23367,53
447,11,528,55
448,11,188882,48
449,11,254955,49
450,11,146755,65
451,11,41179,44
452,11,157560,39
453,11,20286,44
454,11,89374,52
455,11,527305,55
456,11,10392,44
457,11,491654,58
458,11,197429,55
459,11,531894,50
460,11,591490,83
461,11,662150,51
462,11,1595,54
463,11,10506,48
464,11,71963,48
465,11,480840,62
466,11,98823,52
467,11,184865,39
468,11,2277609,69
469,11,244733,54
470,11,1114697,43
471,11,79099,41
472,11,8274,44
473,11,443,49
474,11,306608,56
475,11,18256,44
476,11,22625,48
477,11,369,50
478,11,285828,76
479,11,6152,43
481,11,92595,57
482,11,50319,44
483,11,197031,48
484,11,10056,44
486,11,79246,44
489,11,53674,58
490,11,275219,55
491,11,61901,45
492,11,158942,57
493,11,26173,45
494,11,876182,51
495,11,133134,67
498,11,537118,57
499,11,3563,43
500,11,256073,83
501,11,85145,48
502,11,71243,53
503,11,86627,40
504,11,45036,52
505,11,9308,48
508,11,1865949,78
509,11,31926,44
510,11,4935,43
511,11,4639,44
512,11,87457,53
515,11,2199,48
516,11,98750,45
517,11,4842,43
518,11,231557,45
519,11,456706,39
520,11,40931,40
521,11,21413,39
522,11,50861,40
523,11,282993,40
524,11,36217,44
525,11,4750,43
526,11,101792,44
527,11,122170,40
528,11,61358,40
529,11,42303,40
530,11,12075,45
531,11,69024,58
532,11,24316,40
533,11,1150,44
534,11,4033,40
535,11,1606,45
536,11,5871,40
537,11,820,45
538,11,1962,45
539,11,74099,44
541,11,6565,59
542,11,388217,56
543,11,43997,95
544,11,4015,55
545,11,2875,45
546,11,254186,56
547,11,2511,45
548,11,682911,52
549,11,1306,44
550,11,1142,45
551,11,749,45
552,11,987,45
553,11,2564,45
555,11,971,50
556,11,248265,56
557,11,43363,50
558,11,181184,46
559,11,23593,40
560,11,8383,45
561,11,52776,50
562,11,23998,45
563,11,24454,50
564,11,3410,70
565,11,1420,45
566,11,6661,50
567,11,40546,50
568,11,135893,55
569,11,274902,81
570,11,28739,54
571,11,1112,45
572,11,1920,45
573,11,3993,45
574,11,2568,50
575,11,470,52
576,11,1390,45
577,11,26071,45
578,11,29391,40
579,11,5306,50
580,11,22705,40
581,11,1262,45
582,11,4516,59
583,11,7558,40
584,11,2549,50
585,11,214,43
586,11,2697,45
587,11,16296,60
588,11,61673,55
589,11,77075,40
590,11,6714,45
591,11,5215,45
592,11,5128,45
593,11,19364,40
594,11,6158,40
595,11,5127,40
596,11,3584,45
597,11,2069,44
598,11,2566,40
599,11,621,45
600,11,2833,40
601,11,150,45
603,11,11938,40
604,11,0,40
1,12,44061,68
2,12,5048,49
3,12,60432,55
4,12,703369,115
5,12,12964,46
6,12,206347,83
7,12,3216,50
8,12,646390,50
9,12,34460,52
10,12,950,44
11,12,698336,52
12,12,1866758,48
13,12,1167,45
14,12,10986,48
15,12,66378,47
16,12,99927,44
17,12,355156,54
18,12,48239,76
19,12,6999,47
20,12,5797,48
21,12,3498,52
22,12,42578,55
23,12,17307,44
24,12,179778,52
25,12,5087,47
26,12,1949,49
27,12,53896,41
28,12,2955,45
29,12,21728,43
30,12,9372,43
31,12,14883,43
32,12,395886,40
33,12,10327,60
34,12,3471,59
35,12,544133,40
36,12,4868,44
37,12,3131985,77
38,12,128090,55
39,12,3162,44
40,12,63282,53
41,12,862322,53
42,12,197126,45
43,12,518,45
44,12,38615,43
45,12,6787,57
46,12,687212,47
47,12,6125,43
48,12,779,60
49,12,2973,59
50,12,558015,43
51,12,49590,43
52,12,21352,49
53,12,7319,48
54,12,24114,62
55,12,395373,43
56,12,347376,40
57,12,41085,58
58,12,3182,43
59,12,2523,48
60,12,916,50
61,12,28375,43
62,12,193847,48
63,12,649,45
64,12,5659,48
65,12,98590,50
66,12,127371,44
67,12,35756,43
68,12,167369,62
69,12,61917,59
70,12,973038,44
71,12,2675,54
72,12,181,55
73,12,387,44
74,12,91951,44
75,12,622145,39
76,12,245166,45
77,12,858192,48
78,12,34652,53
79,12,49816,44
80,12,2947,53
81,12,172185,53
82,12,15732,45
83,12,23183,43
84,12,1236,50
85,12,15031,44
86,12,20479,58
87,12,9957,60
88,12,16308,49
89,12,34116,53
90,12,2846,54
91,12,70719,62
92,12,8919,44
93,12,47080,49
94,12,11075,39
95,12,4690,50
96,12,696415,54
97,12,230127,44
98,12,3205,49
99,12,117795,40
100,12,29719,57
101,12,16435,47
102,12,213737,57
103,12,101677,67
104,12,117243,57
105,12,462321,49
106,12,107464,59
107,12,20286,53
108,12,51611,58
109,12,53395,45
110,12,1779480,57
111,12,10225,47
112,12,49035,47
113,12,257476,49
114,12,472004,82
115,12,14074,59
116,12,16781,47
117,12,1653233,95
118,12,210464,72
119,12,203907,82
120,12,410068,68
121,12,17874,47
122,12,17747,57
123,12,1340242,53
124,12,7991,44
125,12,9884,45
126,12,29016,43
127,12,18211,44
128,12,258625,50
129,12,1580,45
130,12,9027,53
131,12,90428,44
132,12,25379,55
133,12,40496,50
134,12,58341,44
135,12,27710,42
136,12,41739,44
137,12,137330,58
138,12,17189,56
139,12,63647,54
140,12,131674,57
141,12,1397764,74
142,12,5965,54
143,12,3002,47
144,12,144871,44
145,12,55231,39
146,12,1315023,40
147,12,8544,44
148,12,63895,58
149,12,3224,49
150,12,61515,68
151,12,9361,44
152,12,46458,48
153,12,1812,60
154,12,10392,58
155,12,488547,61
156,12,386932,51
157,12,481383,49
158,12,18930,54
159,12,13939,59
160,12,8164,43
161,12,200,50
162,12,136805,55
163,12,6792,53
164,12,4558764,80
165,12,5299,48
166,12,330995,78
167,12,5659,44
168,12,73464,43
169,12,15923,58
170,12,166442,39
171,12,127040,40
172,12,1874,47
173,12,6033,42
174,12,1368,47
175,12,11442,53
176,12,10275,43
177,12,2792,51
178,12,11553,42
179,12,2696,43
180,12,3599,48
181,12,24934,53
182,12,28308,47
183,12,2516,44
184,12,363720,56
185,12,702,43
186,12,25361,43
187,12,6922,53
188,12,3406,47
189,12,2808,46
190,12,3685,48
191,12,148858,45
192,12,3309,43
193,12,19533,57
194,12,77323,43
195,12,42730,44
196,12,380544,38
197,12,297337,45
198,12,413610,55
199,12,597,48
200,12,553806,46
201,12,68415,44
202,12,2950528,62
203,12,105513,54
204,12,104930,49
205,12,348049,54
206,12,4651,48
207,12,1622,47
208,12,98969,40
209,12,29642,44
210,12,2150,48
211,12,154335,40
212,12,39563,44
213,12,409595,46
214,12,94594,39
215,12,111271,39
216,12,10006,44
217,12,894033,55
218,12,33383,45
219,12,32917,55
220,12,20178,44
221,12,9096,53
222,12,25764,43
223,12,14110,44
224,12,2237147,103
225,12,25823,55
226,12,7072,59
227,12,60836,39
228,12,213506,64
229,12,65561,60
230,12,5929,52
231,12,204432,70
232,12,2725434,62
233,12,21647,56
234,12,4363,48
235,12,277216,69
236,12,42972,48
237,12,1823,43
238,12,225772,53
239,12,1768433,49
240,12,14596,43
241,12,11349,53
242,12,3080,49
243,12,105559,53
244,12,83892,54
245,12,31514,43
246,12,107286,54
247,12,4043,64
248,12,1761,63
249,12,172561,92
250,12,570194,63
251,12,715055,120
252,12,478300,59
253,12,73000,54
254,12,2709743,123
255,12,1436427,72
256,12,46267,52
257,12,2135,51
258,12,10200,60
259,12,1023238,72
260,12,106048,53
261,12,16291,52
262,12,484957,45
263,12,60971,44
264,12,411551,39
265,12,8703,43
266,12,50222,54
267,12,1845,45
268,12,93629,103
269,12,16292,49
270,12,837142,62
271,12,19869,54
272,12,1852580,118
273,12,41103,48
274,12,157288,59
275,12,664337,84
276,12,298936,114
277,12,276597,55
278,12,453521,60
279,12,267396,54
280,12,212913,60
281,12,39323,74
282,12,146037,93
283,12,16525,55
284,12,350089,64
285,12,7395,44
286,12,35168,54
287,12,127289,69
288,12,14728,48
289,12,6178,49
290,12,11865,59
291,12,256611,54
292,12,6955,49
293,12,14300,62
294,12,4153,48
295,12,16313,48
296,12,86574,77
297,12,2725,49
298,12,243088,54
299,12,13881,53
300,12,44054,48
301,12,10372,59
302,12,3049874,109
303,12,255207,87
304,12,2669,48
305,12,115753,53
306,12,461068,94
307,12,7937,43
308,12,91004,48
309,12,19898,49
310,12,12713,49
311,12,17291,62
312,12,6947,43
313,12,631254,54
314,12,2352,48
315,12,167104,71
316,12,945,45
317,12,3851,44
318,12,55420,42
319,12,70156,39
320,12,21601,52
321,12,11004,53
322,12,3115,49
323,12,62960,48
324,12,4549,45
325,12,146925,50
326,12,12559,49
327,12,983,43
328,12,99764,43
329,12,1642,59
330,12,2522,52
331,12,971,44
332,12,21035,44
333,12,4582,43
334,12,4810,49
335,12,16198,43
336,12,4117,48
337,12,2499,48
338,12,298913,52
339,12,28273,56
340,12,32102,57
341,12,7847,48
342,12,15002,40
343,12,9638,56
344,12,46004,53
345,12,63043,47
346,12,8987,56
347,12,97055,51
348,12,9231,43
349,12,13045,47
350,12,8344,44
351,12,110112,51
352,12,10510,43
353,12,200129,48
354,12,11242,48
355,12,179054,50
356,12,2095,48
357,12,21222,56
358,12,41525,55
359,12,5111,58
360,12,16430,50
361,12,46626,52
362,12,76907,50
363,12,1704504,46
364,12,343288,45
365,12,13740,64
366,12,581781,83
367,12,15119,47
368,12,51539,55
369,12,1001949,48
370,12,1234364,62
371,12,10634,43
372,12,1907,54
373,12,44440,44
374,12,8996,43
375,12,1007596,46
376,12,268062,45
377,12,527827,60
378,12,4733,47
379,12,17081,45
380,12,80908,40
381,12,75039,47
382,12,7385,54
383,12,505870,55
384,12,12444,47
385,12,35790,48
386,12,118485,54
387,12,8585,57
388,12,3116271,109
389,12,149474,52
390,12,4587823,96
391,12,298185,50
392,12,92571,67
393,12,18981,43
394,12,42476,74
395,12,59104,47
396,12,73502,49
397,12,8133,52
398,12,56957,53
399,12,5954,47
400,12,28667,70
401,12,5457,47
402,12,3316,49
403,12,34235,69
404,12,1801,44
405,12,30203,59
406,12,4899,43
407,12,14916,43
408,12,7334,52
409,12,4869,47
410,12,2329,53
411,12,3499,51
412,12,12539,44
413,12,2546,48
414,12,13810,41
415,12,15311,51
416,12,2807,48
417,12,134553,45
418,12,8792,45
419,12,13996,48
420,12,2030,45
421,12,1845,48
422,12,15020,45
423,12,1139,48
424,12,118706,43
425,12,12819,43
426,12,33903,44
427,12,33487,47
428,12,5533,57
429,12,562307,40
430,12,15143,44
431,12,360142,51
432,12,66287,49
433,12,844,45
434,12,4139,49
435,12,828738,52
436,12,5622,56
437,12,137628,62
438,12,16186,43
439,12,7399,64
440,12,9889,61
441,12,28838,61
442,12,160339,45
443,12,151045,44
444,12,512,55
445,12,238925,63
446,12,21743,53
447,12,537,55
448,12,196144,48
449,12,345508,49
450,12,135092,64
451,12,40036,44
452,12,167931,39
453,12,20193,44
454,12,86866,52
455,12,519807,55
456,12,10082,44
457,12,459079,58
458,12,190455,55
459,12,516899,50
460,12,495067,82
461,12,607219,51
462,12,1588,54
463,12,10403,48
464,12,71847,48
465,12,470497,62
466,12,96902,52
467,12,186144,39
468,12,2126053,70
469,12,270441,54
470,12,1060083,43
471,12,76435,41
472,12,8153,44
473,12,444,49
474,12,457928,57
475,12,18032,43
476,12,22915,48
477,12,470,50
478,12,291503,76
479,12,6113,43
480,12,6305,47
481,12,69403,57
482,12,49431,44
483,12,188768,48
484,12,9931,44
485,12,179810,48
486,12,68336,44
487,12,1393,49
488,12,6283,44
489,12,55789,58
490,12,276108,55
491,12,49018,45
492,12,158110,57
493,12,25578,45
494,12,896140,51
495,12,129051,67
496,12,51380,50
497,12,4360,49
498,12,449658,57
499,12,3548,43
500,12,253406,83
501,12,82541,48
502,12,69222,53
503,12,88037,40
504,12,45387,52
505,12,9544,48
506,12,1300824,66
507,12,14382,56
508,12,1393862,77
509,12,31258,43
510,12,4876,43
511,12,4529,44
512,12,82413,53
513,12,202764,43
514,12,604512,61
515,12,2194,48
516,12,99117,45
517,12,4678,43
518,12,232444,45
519,12,462214,39
520,12,40765,40
521,12,20629,39
522,12,50302,40
523,12,287464,40
524,12,34933,44
525,12,4684,43
526,12,102339,44
527,12,123404,40
528,12,61198,40
529,12,41876,40
530,12,11126,45
531,12,63270,58
532,12,24955,40
533,12,1013,44
534,12,3951,40
535,12,1566,45
536,12,5980,40
537,12,844,45
538,12,2029,45
539,12,79812,44
540,12,3554,59
541,12,6091,59
542,12,471904,57
543,12,35990,94
544,12,8649,55
545,12,2893,44
546,12,234781,55
547,12,2638,45
548,12,703839,52
549,12,1566,44
550,12,1188,45
551,12,732,45
552,12,999,45
553,12,2624,45
554,12,5731,45
555,12,949,50
556,12,247154,56
557,12,51041,50
558,12,185716,46
559,12,22501,40
560,12,30028,45
561,12,49983,50
562,12,22445,45
563,12,21314,50
564,12,3424,69
565,12,1491,45
566,12,5761,50
567,12,35876,50
568,12,139318,55
569,12,146089,80
570,12,51602,54
571,12,1226,45
572,12,1985,45
573,12,4045,45
574,12,2779,50
575,12,479,52
576,12,1489,45
577,12,25770,45
578,12,31271,40
579,12,5573,50
580,12,22848,40
581,12,1406,45
582,12,3732,59
583,12,7417,40
584,12,2237,50
585,12,188,43
586,12,2815,45
587,12,16996,60
588,12,71901,55
589,12,66757,40
590,12,7292,45
591,12,5118,45
592,12,5510,45
593,12,21891,40
594,12,6327,40
595,12,6002,40
596,12,4459,45
597,12,2051,44
598,12,3036,40
599,12,737,45
600,12,3124,40
601,12,184,45
602,12,489,45
603,12,20993,40
604,12,1904,40
605,12,0,45
606,12,0,40
607,12,0,45
1,13,43855,68
2,13,5014,48
3,13,58844,55
4,13,650088,115
5,13,12905,46
6,13,199418,83
7,13,3291,50
8,13,610828,50
9,13,32282,52
10,13,989,44
11,13,494094,52
12,13,1985238,48
13,13,1254,45
14,13,10659,48
15,13,65103,46
16,13,97987,44
17,13,340689,54
18,13,49173,76
19,13,6959,47
20,13,5759,48
21,13,3397,52
22,13,42140,55
23,13,17253,44
24,13,173534,52
25,13,5021,47
26,13,2174,49
27,13,53109,41
28,13,2958,45
29,13,21705,43
30,13,9091,43
31,13,14769,43
32,13,393448,40
33,13,10158,60
34,13,3450,59
35,13,530451,40
36,13,4899,44
37,13,3321262,78
38,13,139192,55
39,13,3152,44
40,13,58722,53
41,13,914851,53
42,13,229771,45
43,13,511,45
44,13,45093,43
45,13,8759,57
46,13,766143,47
47,13,6136,43
48,13,768,60
49,13,2951,59
50,13,553397,43
51,13,49825,43
52,13,18449,49
53,13,7232,48
54,13,23388,62
55,13,384661,43
56,13,348597,40
57,13,91339,58
58,13,3151,43
59,13,2550,48
60,13,901,50
61,13,27883,43
62,13,192851,48
63,13,640,45
64,13,5578,48
65,13,104954,50
66,13,125038,44
67,13,38765,43
68,13,169988,61
69,13,59240,59
70,13,970286,44
71,13,2721,54
72,13,174,55
73,13,379,44
74,13,93842,44
75,13,618431,39
76,13,243900,45
77,13,812780,48
78,13,33931,53
79,13,48178,44
80,13,2906,53
81,13,170888,53
82,13,15037,45
83,13,22537,43
84,13,1147,50
85,13,14687,44
86,13,20332,58
87,13,9821,60
88,13,17528,49
89,13,36431,53
90,13,2785,54
91,13,69851,62
92,13,12174,44
93,13,47414,48
94,13,10866,39
95,13,4816,50
96,13,700167,54
97,13,253122,44
98,13,3321,49
99,13,119011,40
100,13,29256,57
101,13,16257,47
102,13,207330,57
103,13,101912,67
104,13,115702,57
105,13,419808,49
106,13,97632,59
107,13,20543,53
108,13,50018,57
109,13,52748,45
110,13,1844843,57
111,13,10183,47
112,13,48240,47
113,13,255867,49
114,13,301359,81
115,13,16050,59
116,13,16609,47
117,13,1521257,94
118,13,196034,72
119,13,182473,82
120,13,466081,68
121,13,17778,47
122,13,16793,57
123,13,1400542,53
124,13,8530,44
125,13,11139,45
126,13,28395,43
127,13,17766,44
128,13,253608,49
129,13,1651,45
130,13,8971,53
131,13,88689,44
132,13,30092,55
133,13,39093,50
134,13,56406,43
135,13,26039,42
136,13,44479,44
137,13,128764,58
138,13,17301,56
139,13,61475,54
140,13,125619,57
141,13,1682629,75
142,13,7515,54
143,13,3022,47
144,13,142742,44
145,13,54991,39
146,13,1239325,40
147,13,8410,44
148,13,59139,58
149,13,3054,49
150,13,68762,68
151,13,9301,43
152,13,44824,48
153,13,1861,60
154,13,10234,58
155,13,451651,61
156,13,379891,51
157,13,476249,49
158,13,18785,54
159,13,14823,59
160,13,8175,43
161,13,183,50
162,13,136260,55
163,13,6831,52
164,13,4557081,79
165,13,5916,48
166,13,322665,78
167,13,5595,44
168,13,74359,43
169,13,15821,58
170,13,164701,39
171,13,126487,40
172,13,1802,47
173,13,5964,42
174,13,1321,47
175,13,10830,53
176,13,10078,43
177,13,2727,51
178,13,11468,42
179,13,2616,43
180,13,3514,48
181,13,54282,53
182,13,27767,47
183,13,2401,44
184,13,338704,56
185,13,674,43
186,13,25139,43
187,13,13315,53
188,13,3192,47
189,13,2703,46
190,13,3708,48
191,13,159940,45
192,13,3245,43
193,13,19602,57
194,13,76005,43
195,13,43279,44
196,13,379489,38
197,13,298833,45
198,13,503803,55
199,13,579,48
200,13,564237,46
201,13,71532,44
202,13,3114787,63
203,13,100483,54
204,13,107423,49
205,13,321739,53
206,13,4604,48
207,13,1594,47
208,13,97347,40
209,13,28808,44
210,13,2146,48
211,13,149670,40
212,13,38871,44
213,13,423337,46
214,13,97141,39
215,13,110637,39
216,13,9972,44
217,13,871148,55
218,13,32924,45
219,13,26122,55
220,13,19901,44
221,13,9092,53
222,13,25115,43
223,13,13991,44
224,13,2248063,103
225,13,23606,54
226,13,6534,59
227,13,60358,39
228,13,199780,64
229,13,64628,60
230,13,5903,52
231,13,371978,71
232,13,2707806,62
233,13,21367,56
234,13,4321,48
235,13,241949,68
236,13,43938,48
237,13,1802,43
238,13,222239,53
239,13,1782038,49
240,13,14341,42
241,13,10160,53
242,13,2924,49
243,13,118433,53
244,13,86591,54
245,13,31046,43
246,13,76162,54
247,13,3978,64
248,13,2305,63
249,13,167066,92
250,13,564759,63
251,13,610135,119
252,13,475804,59
253,13,75198,54
254,13,2635318,123
255,13,1369429,72
256,13,46369,52
257,13,2113,51
258,13,10334,60
259,13,1014658,72
260,13,102824,53
261,13,15955,52
262,13,487402,45
263,13,77318,44
264,13,418291,40
265,13,8612,43
266,13,52204,54
267,13,1843,45
268,13,96807,103
269,13,16150,49
270,13,904810,62
271,13,19835,54
272,13,2159587,119
273,13,117623,48
274,13,163919,59
275,13,800296,84
276,13,340830,114
277,13,318251,55
278,13,481759,60
279,13,260953,54
280,13,204978,60
281,13,40011,74
282,13,166983,93
283,13,16201,55
284,13,341302,64
285,13,7278,44
286,13,37046,54
287,13,152196,69
288,13,13719,48
289,13,6125,49
290,13,11728,59
291,13,265828,53
292,13,6911,49
293,13,14264,61
294,13,4103,48
295,13,16113,48
296,13,96330,77
297,13,2694,49
298,13,267152,54
299,13,14992,53
300,13,60756,48
301,13,10454,59
302,13,3258678,110
303,13,258385,87
304,13,2649,48
305,13,114039,53
306,13,538525,94
307,13,7636,43
308,13,109071,48
309,13,21048,49
310,13,12810,49
311,13,17308,62
312,13,6890,43
313,13,665611,54
314,13,2326,48
315,13,184747,71
316,13,941,45
317,13,3760,44
318,13,54925,42
319,13,74345,39
320,13,21514,52
321,13,11089,53
322,13,3333,49
323,13,58530,48
324,13,4828,45
325,13,138020,50
326,13,12429,49
327,13,986,43
328,13,93761,43
329,13,2848,59
330,13,2497,52
331,13,950,44
332,13,19877,44
333,13,4806,43
334,13,4466,49
335,13,16246,43
336,13,4125,48
337,13,2478,48
338,13,276216,52
339,13,33258,56
340,13,43276,57
341,13,7796,48
342,13,14903,40
343,13,9550,56
344,13,45027,52
345,13,60045,47
346,13,8946,56
347,13,93518,51
348,13,9038,43
349,13,12682,46
350,13,8225,44
351,13,103769,51
352,13,10189,43
353,13,192626,47
354,13,10973,48
355,13,170581,50
356,13,2082,48
357,13,19492,56
358,13,39669,55
359,13,5114,58
360,13,15662,50
361,13,45576,52
362,13,78050,50
363,13,1700541,46
364,13,372407,45
365,13,15569,64
366,13,632656,84
367,13,14561,47
368,13,60031,55
369,13,1126371,49
370,13,1401251,63
371,13,10436,43
372,13,1888,54
373,13,46041,44
374,13,9040,43
375,13,1011200,47
376,13,349010,46
377,13,549147,60
378,13,4712,47
379,13,16684,45
380,13,79979,40
381,13,74230,46
382,13,6687,54
383,13,504498,56
384,13,12322,47
385,13,36296,48
386,13,119572,54
387,13,8418,57
388,13,3131857,109
389,13,151918,52
390,13,4559057,96
391,13,308692,50
392,13,91510,67
393,13,18827,43
394,13,42504,74
395,13,57024,46
396,13,75316,49
397,13,8053,52
398,13,55914,53
399,13,5900,47
400,13,29235,70
401,13,5501,47
402,13,3368,49
403,13,34925,69
404,13,1792,44
405,13,31400,59
406,13,4852,43
407,13,14927,43
408,13,7109,52
409,13,4829,47
410,13,2337,53
411,13,3964,51
412,13,11339,44
413,13,2611,48
414,13,13438,41
415,13,15554,51
416,13,2868,48
417,13,129400,45
418,13,8024,45
419,13,13540,48
420,13,2004,45
421,13,1833,48
422,13,18699,45
423,13,1134,48
424,13,140270,43
425,13,12703,43
426,13,33379,44
427,13,32610,47
428,13,5547,57
429,13,563541,40
430,13,15022,44
431,13,372824,51
432,13,129193,49
433,13,833,45
434,13,4076,49
435,13,886573,52
436,13,5618,56
437,13,132865,62
438,13,16636,42
439,13,7389,64
440,13,9806,61
441,13,28654,61
442,13,124519,45
443,13,176253,45
444,13,506,55
445,13,401000,64
446,13,20425,52
447,13,528,55
448,13,200117,48
449,13,578706,50
450,13,122735,64
451,13,39001,44
452,13,184575,39
453,13,20080,44
454,13,78211,52
455,13,495722,55
456,13,9884,44
457,13,432404,58
458,13,175409,55
459,13,496455,49
460,13,464893,82
461,13,577790,51
462,13,1579,54
463,13,10311,48
464,13,71396,48
465,13,462552,61
466,13,94857,52
467,13,189157,39
468,13,835528,69
469,13,263036,54
470,13,950874,43
471,13,74523,41
472,13,8078,44
473,13,440,49
474,13,480124,57
475,13,18433,43
476,13,23005,48
477,13,396,50
478,13,279963,76
479,13,6088,43
480,13,6694,47
481,13,61551,56
482,13,49081,43
483,13,179375,47
484,13,11623,44
485,13,168892,48
486,13,62389,44
487,13,1385,49
488,13,6232,44
489,13,82667,58
490,13,275248,55
491,13,40474,45
492,13,157382,57
493,13,25344,45
494,13,854955,51
495,13,127187,67
496,13,44151,50
497,13,4534,49
498,13,413013,57
499,13,3535,43
500,13,250952,83
501,13,79616,48
502,13,68986,53
503,13,89813,40
504,13,48560,52
505,13,9637,48
506,13,1263358,66
507,13,14056,56
508,13,1088034,77
509,13,30989,43
510,13,4808,43
511,13,4396,44
512,13,80253,53
513,13,207878,43
514,13,633246,61
515,13,2182,48
516,13,104244,45
517,13,4572,43
518,13,223126,45
519,13,468612,39
520,13,40699,40
521,13,20609,39
522,13,50177,40
523,13,290608,40
524,13,34317,44
525,13,4656,43
526,13,102971,44
527,13,128524,40
528,13,61347,40
529,13,43603,40
530,13,10552,45
531,13,60536,58
532,13,25090,40
533,13,999,44
534,13,3883,40
535,13,1573,45
536,13,6143,40
537,13,846,45
538,13,2069,45
539,13,82317,44
540,13,4260,59
541,13,5746,59
542,13,464868,57
543,13,30523,94
544,13,10195,55
545,13,2885,44
546,13,215055,55
547,13,2695,45
548,13,706775,52
549,13,1431,44
550,13,1219,45
551,13,728,45
552,13,1012,45
553,13,2687,45
554,13,6574,45
555,13,986,50
556,13,322238,56
557,13,103500,50
558,13,193953,46
559,13,21589,40
560,13,19451,45
561,13,47953,50
562,13,24601,45
563,13,17659,50
564,13,3477,69
565,13,1516,45
566,13,7087,50
567,13,31810,50
568,13,125416,55
569,13,109219,80
570,13,55651,54
571,13,1692,45
572,13,2372,45
573,13,3909,45
574,13,2932,50
575,13,488,52
576,13,1529,45
577,13,27188,45
578,13,32670,40
579,13,5671,50
580,13,23558,40
581,13,1550,45
582,13,3703,59
583,13,7695,40
584,13,2054,50
585,13,130,43
586,13,2860,45
587,13,26825,60
588,13,91904,55
589,13,64080,40
590,13,8745,45
591,13,5934,45
592,13,5999,45
593,13,24786,40
594,13,6606,40
595,13,6133,40
596,13,4748,45
597,13,2024,44
598,13,3459,40
599,13,793,45
600,13,3810,40
601,13,211,45
602,13,606,45
603,13,17312,40
604,13,1914,40
605,13,55,45
606,13,841,40
607,13,24,45
1,14,43696,68
2,14,4977,48
3,14,59159,54
4,14,635555,114
5,14,12764,46
6,14,191024,82
7,14,3369,50
8,14,577628,50
9,14,30646,52
10,14,1010,44
11,14,440896,51
12,14,2114994,49
13,14,1343,45
14,14,10374,48
15,14,64025,46
16,14,97938,44
17,14,327723,53
18,14,49800,76
19,14,6913,47
20,14,5677,48
21,14,3317,52
22,14,42821,55
23,14,17087,44
24,14,169035,52
25,14,4977,47
26,14,2439,49
27,14,52984,40
28,14,3238,45
29,14,26327,43
30,14,8913,43
31,14,14789,43
32,14,391105,40
33,14,9969,60
34,14,3427,59
35,14,516383,40
36,14,4958,44
37,14,3353449,78
38,14,135720,55
39,14,3722,44
40,14,49226,53
41,14,993721,53
42,14,272198,46
43,14,516,45
44,14,49633,43
45,14,10690,57
46,14,687878,48
47,14,6120,43
48,14,776,60
49,14,2938,59
50,14,555406,43
51,14,49193,43
52,14,17711,49
53,14,7202,48
54,14,24628,62
55,14,371672,43
56,14,347438,40
57,14,95310,58
58,14,3137,43
59,14,2548,48
60,14,897,50
61,14,27157,43
62,14,208698,48
63,14,633,45
64,14,5534,48
65,14,110975,50
66,14,136912,44
67,14,38390,43
68,14,165738,61
69,14,57980,58
70,14,932077,44
71,14,2722,54
72,14,175,55
73,14,377,44
74,14,105178,44
75,14,612086,39
76,14,240163,45
77,14,842102,48
78,14,32454,53
79,14,47890,43
80,14,2915,53
81,14,172544,53
82,14,14631,45
83,14,21948,43
84,14,1135,50
85,14,14338,44
86,14,20280,58
87,14,9757,60
88,14,21798,49
89,14,38347,53
90,14,2728,54
91,14,69107,62
92,14,20245,44
93,14,47053,48
94,14,10643,39
95,14,5012,50
96,14,740085,54
97,14,348093,44
98,14,3464,49
99,14,119640,40
100,14,28937,57
101,14,16103,47
102,14,201171,57
103,14,133016,67
104,14,114107,57
105,14,379968,48
106,14,90015,59
107,14,20139,53
108,14,48539,57
109,14,52087,45
110,14,1902184,58
111,14,10118,47
112,14,47335,47
113,14,251247,49
114,14,246454,81
115,14,16818,59
116,14,16447,47
117,14,1364119,94
118,14,178920,72
119,14,190955,82
120,14,458124,69
121,14,17636,47
122,14,16235,57
123,14,1424039,53
124,14,8630,44
125,14,11186,45
126,14,27749,43
127,14,16371,44
128,14,242245,49
129,14,1700,45
130,14,8834,53
131,14,86420,44
132,14,24783,55
133,14,37232,50
134,14,58751,43
135,14,24600,42
136,14,44153,44
137,14,122641,57
138,14,17233,56
139,14,54118,54
140,14,120488,57
141,14,1693584,75
142,14,7242,54
143,14,3032,47
144,14,136709,44
145,14,55491,39
146,14,1196474,40
147,14,8450,44
148,14,68870,58
149,14,2961,49
150,14,77865,68
151,14,9399,43
152,14,44854,48
153,14,1945,60
154,14,10003,58
155,14,425854,60
156,14,401468,51
157,14,467766,48
158,14,18643,54
159,14,19905,59
160,14,8212,43
161,14,184,50
162,14,141968,55
163,14,6827,52
164,14,4648980,79
165,14,30465,48
166,14,346508,78
167,14,5575,44
168,14,75132,43
169,14,15739,58
170,14,163722,39
171,14,126441,40
172,14,1774,47
173,14,5996,42
174,14,1304,47
175,14,10200,53
176,14,9853,43
177,14,2688,51
178,14,11463,42
179,14,2570,43
180,14,3465,47
181,14,47781,53
182,14,27152,46
183,14,2361,44
184,14,328483,55
185,14,669,43
186,14,24922,43
187,14,15553,53
188,14,3117,47
189,14,2654,46
190,14,3703,48
191,14,165250,45
192,14,3211,43
193,14,20962,57
194,14,74588,43
195,14,42277,44
196,14,375888,38
197,14,287262,45
198,14,518880,55
199,14,580,48
200,14,615705,46
201,14,106920,44
202,14,3209689,63
203,14,132168,54
204,14,106577,49
205,14,289863,53
206,14,4592,48
207,14,1577,47
208,14,95530,40
209,14,27704,44
210,14,2172,48
211,14,156002,39
212,14,38407,43
213,14,421572,46
214,14,97154,39
215,14,109093,39
216,14,9952,44
217,14,834702,55
218,14,30679,45
219,14,25212,55
220,14,19628,44
221,14,8850,53
222,14,24489,43
223,14,13887,44
224,14,2065491,102
225,14,21309,54
226,14,6265,59
227,14,60004,39
228,14,182195,64
229,14,62150,60
230,14,5842,52
231,14,390621,71
232,14,2762601,62
233,14,21143,56
234,14,4311,47
235,14,216861,68
236,14,44418,48
237,14,1792,43
238,14,217876,53
239,14,1741436,49
240,14,14165,42
241,14,9426,53
242,14,2822,49
243,14,128969,53
244,14,89834,54
245,14,30524,43
246,14,64564,54
247,14,3927,64
248,14,2586,63
249,14,189554,92
250,14,559460,63
251,14,576023,119
252,14,487264,59
253,14,77333,54
254,14,2925498,124
255,14,1425120,72
256,14,46209,52
257,14,2093,51
258,14,10503,60
259,14,1029122,72
260,14,100323,53
261,14,15910,52
262,14,482162,45
263,14,109308,44
264,14,416867,40
265,14,8543,43
266,14,51757,54
267,14,1830,45
268,14,105230,103
269,14,16053,49
270,14,857408,62
271,14,25035,54
272,14,2022711,119
273,14,110702,48
274,14,154988,59
275,14,652938,84
276,14,323173,114
277,14,313374,55
278,14,464565,60
279,14,258180,54
280,14,196230,60
281,14,38743,74
282,14,129197,92
283,14,15669,55
284,14,307747,63
285,14,7394,44
286,14,36175,54
287,14,122398,69
288,14,13134,48
289,14,6089,49
290,14,11571,59
291,14,256997,53
292,14,6864,49
293,14,14227,61
294,14,4044,48
295,14,16014,48
296,14,107630,77
297,14,2681,49
298,14,259731,54
299,14,14684,53
300,14,57939,48
301,14,10539,59
302,14,3248370,110
303,14,275075,87
304,14,2629,48
305,14,113050,53
306,14,688683,95
307,14,7407,42
308,14,115029,48
309,14,20719,49
310,14,12897,49
311,14,17230,62
312,14,6845,43
313,14,650952,54
314,14,2306,48
315,14,184641,71
316,14,923,45
317,14,3703,44
318,14,54046,42
319,14,75156,39
320,14,21356,52
321,14,11039,53
322,14,3322,49
323,14,58929,48
324,14,12040,45
325,14,141758,50
326,14,12262,49
327,14,972,43
328,14,85074,43
329,14,3007,59
330,14,2464,52
331,14,939,44
332,14,19759,43
333,14,4707,43
334,14,4873,49
335,14,16099,43
336,14,4116,48
337,14,2435,48
338,14,256195,51
339,14,34903,56
340,14,49612,57
341,14,7714,48
342,14,14816,40
343,14,9455,56
344,14,62808,52
345,14,58608,47
346,14,9297,56
347,14,91013,51
348,14,8891,43
349,14,12349,46
350,14,8151,44
351,14,99444,51
352,14,9981,43
353,14,186552,47
354,14,10739,48
355,14,162383,50
356,14,2073,48
357,14,18008,56
358,14,36666,55
359,14,5237,58
360,14,13789,50
361,14,44313,52
362,14,77191,50
363,14,1703234,46
364,14,376782,45
365,14,15891,64
366,14,620139,84
367,14,14136,47
368,14,57195,55
369,14,1233843,50
370,14,1378449,63
371,14,10220,43
372,14,1881,54
373,14,47967,44
374,14,9409,43
375,14,1009330,47
376,14,398669,46
377,14,562657,60
378,14,4719,47
379,14,16287,44
380,14,79084,40
381,14,73096,46
382,14,6219,54
383,14,536608,56
384,14,12193,47
385,14,36954,48
386,14,124285,54
387,14,8300,57
388,14,3290617,110
389,14,169349,52
390,14,4746191,97
391,14,360165,50
392,14,90846,67
393,14,18650,43
394,14,42446,74
395,14,56129,46
396,14,75869,49
397,14,7978,52
398,14,55043,53
399,14,5844,47
400,14,31014,70
401,14,5493,47
402,14,3214,49
403,14,36214,69
404,14,1824,44
405,14,30704,59
406,14,4806,43
407,14,15155,43
408,14,6944,52
409,14,4801,47
410,14,2327,53
411,14,3979,51
412,14,9898,44
413,14,2558,48
414,14,12895,41
415,14,15670,51
416,14,2752,48
417,14,142726,45
418,14,7392,45
419,14,14367,48
420,14,1962,45
421,14,1824,47
422,14,22930,45
423,14,1105,48
424,14,163649,43
425,14,13032,43
426,14,32393,44
427,14,32003,46
428,14,5506,57
429,14,563770,40
430,14,14938,44
431,14,364719,51
432,14,165415,50
433,14,826,45
434,14,4037,49
435,14,891542,52
436,14,5598,56
437,14,129348,62
438,14,16463,42
439,14,7396,64
440,14,9751,61
441,14,31181,61
442,14,90869,45
443,14,149063,45
444,14,505,55
445,14,393809,64
446,14,19605,52
447,14,525,55
448,14,198035,48
449,14,624219,50
450,14,102822,63
451,14,38727,43
452,14,190906,39
453,14,19856,44
454,14,76234,52
455,14,490704,55
456,14,9652,44
457,14,410332,57
458,14,157264,55
459,14,499272,49
460,14,445255,82
461,14,578637,51
462,14,1562,54
463,14,10151,48
464,14,63583,48
465,14,452687,61
466,14,93940,52
467,14,189353,39
468,14,461182,68
469,14,398272,55
470,14,852633,42
471,14,72551,41
472,14,7920,44
473,14,426,49
474,14,911750,58
475,14,18109,43
476,14,22757,48
477,14,385,50
478,14,265343,76
479,14,6044,43
480,14,6718,47
481,14,56364,56
482,14,48705,43
483,14,173530,47
484,14,12893,44
485,14,180970,47
486,14,59327,44
487,14,1387,49
488,14,6163,44
489,14,81768,58
490,14,272200,55
491,14,35375,44
492,14,169953,57
493,14,24870,45
494,14,661743,50
495,14,124747,67
496,14,45367,50
497,14,4549,49
498,14,389649,57
499,14,3494,43
500,14,243167,83
501,14,76341,48
502,14,64440,53
503,14,90681,40
504,14,52273,52
505,14,11733,48
506,14,1353430,66
507,14,15676,56
508,14,908561,77
509,14,31369,43
510,14,4742,43
511,14,4352,44
512,14,79540,53
513,14,230903,43
514,14,612836,61
515,14,2316,48
516,14,110969,45
517,14,4484,43
518,14,212438,45
519,14,467423,39
520,14,40450,40
521,14,20515,39
522,14,49832,40
523,14,292681,40
524,14,33682,44
525,14,4669,43
526,14,102019,44
527,14,131830,40
528,14,61026,40
529,14,44030,40
530,14,10179,45
531,14,58896,57
532,14,24989,40
533,14,955,44
534,14,3862,40
535,14,1557,45
536,14,6228,40
537,14,875,45
538,14,2121,45
539,14,82914,44
540,14,4704,59
541,14,5505,59
542,14,477292,57
543,14,27138,93
544,14,10434,55
545,14,2868,44
546,14,214240,55
547,14,2711,45
548,14,693784,52
549,14,1369,44
550,14,1216,45
551,14,714,45
552,14,1038,45
553,14,2753,45
554,14,6614,45
555,14,957,50
556,14,311749,56
557,14,115456,50
558,14,231140,46
559,14,20738,40
560,14,15667,45
561,14,43769,50
562,14,27429,45
563,14,15139,50
564,14,3484,69
565,14,1475,45
566,14,10672,50
567,14,28639,50
568,14,118180,55
569,14,81511,79
570,14,52354,54
571,14,2477,45
572,14,4943,45
573,14,4782,45
574,14,2996,50
575,14,496,52
576,14,1552,45
577,14,24289,45
578,14,34438,40
579,14,5601,50
580,14,24063,40
581,14,1824,45
582,14,3518,59
583,14,7866,40
584,14,1929,50
585,14,136,43
586,14,2907,45
587,14,25816,60
588,14,106188,55
589,14,59661,40
590,14,8771,45
591,14,5776,45
592,14,6202,45
593,14,26518,40
594,14,25204,40
595,14,6818,40
596,14,5044,45
597,14,16321,44
598,14,3938,40
599,14,810,45
600,14,3796,40
601,14,225,45
602,14,725,45
603,14,14221,39
604,14,2320,40
605,14,90,45
606,14,1451,40
607,14,56,45
608,14,0,40
609,14,0,45
610,14,0,45
611,14,0,45
1,15,43434,68
2,15,4918,48
3,15,59418,54
4,15,569463,114
5,15,12539,46
6,15,184930,82
7,15,3485,50
8,15,532869,49
9,15,30003,52
10,15,1047,44
11,15,378127,51
12,15,2218913,49
13,15,1525,45
14,15,10355,48
15,15,64337,46
16,15,92791,44
17,15,303802,53
18,15,51388,76
19,15,6806,47
20,15,5739,47
21,15,3346,51
22,15,42782,55
23,15,17002,44
24,15,164237,51
25,15,4910,47
26,15,8127,49
27,15,52792,40
28,15,3536,45
29,15,29038,43
30,15,8794,43
31,15,14946,43
32,15,391918,40
33,15,9682,60
34,15,3390,59
35,15,499668,40
36,15,5017,44
37,15,3369640,78
38,15,128904,55
39,15,6192,44
40,15,42773,52
41,15,1087827,54
42,15,311207,46
43,15,513,45
44,15,60878,43
45,15,79094,57
46,15,556613,48
47,15,6128,43
48,15,802,60
49,15,2911,59
50,15,591110,43
51,15,49762,43
52,15,18023,49
53,15,7102,48
54,15,24341,62
55,15,373786,43
56,15,350532,40
57,15,68097,58
58,15,3088,43
59,15,2570,48
60,15,885,50
61,15,26183,43
62,15,198284,48
63,15,627,45
64,15,5419,48
65,15,116112,50
66,15,132475,44
67,15,38092,43
68,15,150630,61
69,15,54155,58
70,15,868073,44
71,15,2738,54
72,15,175,55
73,15,371,44
74,15,103352,44
75,15,606161,39
76,15,247150,45
77,15,644473,48
78,15,31512,53
79,15,63681,43
80,15,2875,53
81,15,172199,53
82,15,14442,45
83,15,21594,43
84,15,1120,50
85,15,14091,44
86,15,20115,58
87,15,12226,60
88,15,24383,49
89,15,39981,53
90,15,2665,54
91,15,84453,62
92,15,36837,44
93,15,44998,48
94,15,10440,39
95,15,4795,50
96,15,757329,54
97,15,461279,45
98,15,3824,49
99,15,122493,40
100,15,27227,57
101,15,16000,47
102,15,202931,56
103,15,115930,67
104,15,112772,56
105,15,369040,48
106,15,80717,59
107,15,19966,53
108,15,47251,57
109,15,51657,45
110,15,2108037,59
111,15,14680,47
112,15,46480,47
113,15,254168,49
114,15,205470,81
115,15,16033,59
116,15,16324,47
117,15,1203125,93
118,15,216939,72
119,15,194706,82
120,15,462609,69
121,15,17673,47
122,15,16041,57
123,15,988256,52
124,15,9146,44
125,15,10443,45
126,15,26982,43
127,15,14658,44
128,15,229859,49
129,15,1858,45
130,15,8787,52
131,15,85032,44
132,15,32606,55
133,15,35870,50
134,15,57808,43
135,15,22816,41
136,15,44457,44
137,15,113811,57
138,15,17303,56
139,15,49356,54
140,15,118087,57
141,15,1606382,75
142,15,7506,54
143,15,3051,47
144,15,137121,44
145,15,53609,39
146,15,1169158,39
147,15,8416,44
148,15,97926,58
149,15,2833,49
150,15,98720,68
151,15,9358,43
152,15,49992,48
153,15,2153,60
154,15,9889,58
155,15,395503,60
156,15,432166,51
157,15,473293,48
158,15,17758,53
159,15,22780,59
160,15,8491,43
161,15,185,50
162,15,211355,55
163,15,7056,52
164,15,4735999,80
165,15,48646,48
166,15,325375,78
167,15,5562,43
168,15,76616,43
169,15,15581,57
170,15,160919,39
171,15,126636,40
172,15,1736,47
173,15,5909,42
174,15,1276,47
175,15,9776,53
176,15,9636,43
177,15,2628,51
178,15,11449,42
179,15,2510,42
180,15,3423,47
181,15,57846,53
182,15,26493,46
183,15,2341,44
184,15,318571,55
185,15,671,43
186,15,24848,43
187,15,11815,53
188,15,3027,47
189,15,2584,46
190,15,3708,48
191,15,200305,45
192,15,3199,43
193,15,20959,57
194,15,73886,42
195,15,37861,44
196,15,379150,38
197,15,280490,45
198,15,547418,55
199,15,582,48
200,15,860685,47
201,15,139211,44
202,15,3473089,64
203,15,169781,54
204,15,107124,49
205,15,264652,52
206,15,4612,47
207,15,1532,47
208,15,93274,40
209,15,26874,44
210,15,2217,48
211,15,173864,39
212,15,38047,43
213,15,433220,46
214,15,107881,39
215,15,108008,39
216,15,9967,44
217,15,818809,55
218,15,27734,45
219,15,27118,55
220,15,19193,44
221,15,8995,53
222,15,23985,43
223,15,13806,44
224,15,1975640,101
225,15,19673,53
226,15,5948,59
227,15,73707,39
228,15,171276,64
229,15,59059,60
230,15,5832,52
231,15,432220,71
232,15,1861324,61
233,15,21030,56
234,15,4322,47
235,15,202221,67
236,15,46950,48
237,15,1795,43
238,15,212200,53
239,15,1883088,49
240,15,14132,42
241,15,8851,53
242,15,2712,49
243,15,139507,53
244,15,127527,54
245,15,30297,43
246,15,207432,55
247,15,3869,64
248,15,3821,63
249,15,398837,93
250,15,550022,63
251,15,600387,119
252,15,515541,59
253,15,80307,54
254,15,3477161,126
255,15,1712964,73
256,15,45826,52
257,15,2076,51
258,15,16080,60
259,15,1121933,72
260,15,96807,53
261,15,16432,52
262,15,513055,45
263,15,127894,44
264,15,407293,40
265,15,8253,43
266,15,52256,54
267,15,1814,45
268,15,116353,103
269,15,15838,49
270,15,720236,62
271,15,29468,54
272,15,1893440,118
273,15,255236,49
274,15,147420,59
275,15,497052,83
276,15,346580,114
277,15,463790,56
278,15,469401,60
279,15,250057,54
280,15,191126,60
281,15,40228,74
282,15,83167,91
283,15,15542,55
284,15,280598,63
285,15,7272,44
286,15,36573,54
287,15,111519,69
288,15,12513,48
289,15,6028,49
290,15,11180,59
291,15,253039,53
292,15,6791,49
293,15,14205,61
294,15,3968,48
295,15,15886,48
296,15,102295,77
297,15,2665,49
298,15,257206,54
299,15,15938,53
300,15,57334,48
301,15,10738,59
302,15,3359878,110
303,15,307199,87
304,15,2598,48
305,15,111210,52
306,15,674404,95
307,15,7704,42
308,15,145399,48
309,15,42334,49
310,15,13179,49
311,15,18623,62
312,15,6816,43
313,15,584362,54
314,15,2293,48
315,15,171555,71
316,15,933,44
317,15,3637,44
318,15,52934,42
319,15,79202,39
320,15,20976,52
321,15,10831,53
322,15,3324,49
323,15,50256,48
324,15,9957,45
325,15,127233,50
326,15,12033,48
327,15,982,43
328,15,74767,43
329,15,2876,59
330,15,2426,52
331,15,1044,44
332,15,19145,43
333,15,4608,43
334,15,4487,49
335,15,16553,43
336,15,4119,47
337,15,2392,48
338,15,233585,51
339,15,32169,56
340,15,42664,57
341,15,7618,48
342,15,15307,39
343,15,9268,56
344,15,84093,52
345,15,55771,47
346,15,9291,56
347,15,87805,51
348,15,8684,43
349,15,12066,46
350,15,8123,43
351,15,93769,50
352,15,10096,43
353,15,179131,47
354,15,10425,47
355,15,138708,50
356,15,2075,48
357,15,16645,56
358,15,33603,55
359,15,5170,58
360,15,10730,50
361,15,44762,51
362,15,83858,50
363,15,1765544,46
364,15,324410,45
365,15,14986,64
366,15,459212,83
367,15,13907,46
368,15,47602,55
369,15,1211142,50
370,15,1391878,63
371,15,9933,43
372,15,1852,54
373,15,49536,44
374,15,8960,43
375,15,1080041,47
376,15,545357,47
377,15,738680,61
378,15,4751,47
379,15,16073,44
380,15,77479,40
381,15,72771,46
382,15,6230,54
383,15,541213,56
384,15,11995,47
385,15,39302,48
386,15,126361,54
387,15,8261,57
388,15,3209230,110
389,15,179015,52
390,15,4754738,97
391,15,391134,50
392,15,89703,67
393,15,18528,43
394,15,42256,74
395,15,54475,46
396,15,78583,49
397,15,7948,52
398,15,54300,53
399,15,5763,47
400,15,30643,70
401,15,5571,47
402,15,3108,49
403,15,33456,69
404,15,1752,44
405,15,30010,59
406,15,4733,43
407,15,15202,43
408,15,6747,52
409,15,4340,47
410,15,2307,53
411,15,3922,51
412,15,8796,44
413,15,2593,48
414,15,12330,41
415,15,15692,51
416,15,2701,48
417,15,153983,45
418,15,6799,44
419,15,13979,48
420,15,1925,45
421,15,1857,47
422,15,22195,45
423,15,1081,48
424,15,192210,44
425,15,13198,43
426,15,39897,43
427,15,32358,46
428,15,5543,57
429,15,573874,40
430,15,14843,44
431,15,367827,51
432,15,195124,50
433,15,819,45
434,15,3984,49
435,15,951670,53
436,15,5659,55
437,15,126298,62
438,15,17146,42
439,15,6801,64
440,15,9619,61
441,15,40864,61
442,15,66727,45
443,15,164612,44
444,15,504,55
445,15,413463,64
446,15,18579,52
447,15,530,55
448,15,205904,48
449,15,703119,51
450,15,92600,62
451,15,38662,43
452,15,206828,39
453,15,19728,44
454,15,74733,52
455,15,455376,55
456,15,9376,44
457,15,387456,57
458,15,143024,54
459,15,470332,49
460,15,423272,82
461,15,531685,51
462,15,1561,54
463,15,10028,48
464,15,56109,47
465,15,438679,61
466,15,92621,52
467,15,197500,39
468,15,308316,67
469,15,419081,55
470,15,817629,42
471,15,69861,41
472,15,7773,44
473,15,430,49
474,15,958980,59
475,15,18453,43
476,15,22982,48
477,15,370,50
478,15,253287,76
479,15,6070,43
480,15,7478,47
481,15,53809,56
482,15,48351,43
483,15,165780,47
484,15,13592,44
485,15,175333,47
486,15,55165,44
487,15,1393,49
488,15,6140,44
489,15,79042,58
490,15,370693,56
491,15,31048,44
492,15,186665,57
493,15,23819,45
494,15,600780,50
495,15,121786,66
496,15,51523,50
497,15,4322,49
498,15,387235,57
499,15,3483,43
500,15,230728,82
501,15,75536,47
502,15,58685,53
503,15,93926,40
504,15,58411,52
505,15,10526,48
506,15,1215598,66
507,15,14790,56
508,15,771233,77
509,15,33052,43
510,15,6929,43
511,15,4281,44
512,15,78512,53
513,15,202733,43
514,15,562974,61
515,15,2348,48
516,15,117635,45
517,15,4399,43
518,15,205523,45
519,15,471985,39
520,15,40191,40
521,15,20432,39
522,15,49725,40
523,15,300514,40
524,15,33533,44
525,15,4667,43
526,15,104186,44
527,15,143444,40
528,15,61648,40
529,15,44256,40
530,15,9556,45
531,15,57582,57
532,15,25547,40
533,15,928,44
534,15,3833,40
535,15,1646,45
536,15,6642,40
537,15,923,45
538,15,2232,45
539,15,84812,44
540,15,13702,59
541,15,5123,58
542,15,487024,57
543,15,25265,93
544,15,9783,55
545,15,2955,44
546,15,189288,54
547,15,2830,45
548,15,692634,52
549,15,1534,44
550,15,1276,45
551,15,781,45
552,15,1050,45
553,15,2896,45
554,15,6981,45
555,15,975,50
556,15,489796,57
557,15,123126,50
558,15,361077,47
559,15,20387,40
560,15,12998,45
561,15,56771,50
562,15,28583,45
563,15,12918,50
564,15,3612,69
565,15,1698,45
566,15,18416,50
567,15,25580,49
568,15,106369,55
569,15,80278,78
570,15,95030,54
571,15,1979,45
572,15,11187,45
573,15,4976,45
574,15,3587,50
575,15,528,52
576,15,1713,45
577,15,24339,45
578,15,38173,40
579,15,6108,49
580,15,25704,40
581,15,2214,45
582,15,3142,58
583,15,8550,40
584,15,1893,50
585,15,195,43
586,15,3030,45
587,15,24763,60
588,15,122881,55
589,15,53874,40
590,15,10902,45
591,15,6364,45
592,15,7082,45
593,15,35500,40
594,15,24299,40
595,15,7408,40
596,15,5643,45
597,15,26981,44
598,15,4485,40
599,15,975,45
600,15,4462,40
601,15,267,45
602,15,963,45
603,15,13820,39
604,15,3682,40
605,15,179,45
606,15,2960,40
607,15,123,45
608,15,1040,40
609,15,59,45
610,15,85,45
611,15,243,45
612,15,0,45
613,15,0,45
614,15,0,45
1,16,43310,68
2,16,4905,48
3,16,58025,54
4,16,566389,114
5,16,12503,46
6,16,210136,82
7,16,3710,50
8,16,554251,49
9,16,32591,52
10,16,3105,44
11,16,411670,51
12,16,2272107,50
13,16,1649,45
14,16,10427,48
15,16,63665,46
16,16,116761,44
17,16,329181,53
18,16,51851,76
19,16,6772,47
20,16,5754,47
21,16,3321,51
22,16,42355,55
23,16,25098,44
24,16,290455,51
25,16,4878,47
26,16,50710,49
27,16,52017,40
28,16,3682,45
29,16,29244,43
30,16,8751,43
31,16,14988,43
32,16,380745,40
33,16,9518,59
34,16,3387,59
35,16,478300,40
36,16,5053,44
37,16,3185851,78
38,16,120563,55
39,16,31828,44
40,16,40950,52
41,16,796863,54
42,16,332997,46
43,16,512,45
44,16,61355,43
45,16,142509,57
46,16,533891,47
47,16,6108,43
48,16,802,60
49,16,2899,59
50,16,593216,43
51,16,49265,43
52,16,17865,49
53,16,7057,48
54,16,23684,62
55,16,373178,43
56,16,346965,40
57,16,54278,58
58,16,3081,43
59,16,2573,48
60,16,884,50
61,16,25986,43
62,16,199888,48
63,16,621,45
64,16,5380,48
65,16,118433,50
66,16,128464,44
67,16,35712,43
68,16,153088,61
69,16,52287,58
70,16,818452,43
71,16,2735,54
72,16,185,55
73,16,372,44
74,16,101075,44
75,16,594143,39
76,16,236812,45
77,16,546334,47
78,16,29667,53
79,16,75558,43
80,16,2863,53
81,16,186017,53
82,16,14304,45
83,16,22352,43
84,16,1119,50
85,16,13974,43
86,16,20186,58
87,16,16453,60
88,16,32929,49
89,16,44481,53
90,16,2651,54
91,16,126896,62
92,16,54138,44
93,16,43438,48
94,16,10299,39
95,16,4449,50
96,16,793266,54
97,16,603053,45
98,16,4282,49
99,16,122805,40
100,16,26282,57
101,16,15949,47
102,16,198707,56
103,16,107207,67
104,16,111818,56
105,16,355766,48
106,16,74346,59
107,16,19799,53
108,16,46746,57
109,16,51120,45
110,16,2091158,59
111,16,12561,47
112,16,46003,47
113,16,250109,49
114,16,190693,81
116,16,16243,47
117,16,1081341,93
118,16,266057,72
119,16,197497,82
120,16,458078,69
121,16,17615,47
122,16,22830,57
123,16,993066,52
124,16,9085,44
125,16,9074,45
126,16,26497,43
127,16,14182,44
128,16,221910,49
129,16,1925,45
130,16,8747,52
131,16,83006,44
132,16,35859,55
133,16,34746,50
134,16,57396,43
135,16,22056,41
136,16,43690,44
137,16,109707,57
138,16,17249,56
139,16,45404,54
140,16,115254,56
141,16,1499144,75
142,16,7331,54
143,16,3044,47
144,16,132509,44
145,16,49546,39
146,16,1131427,39
147,16,8313,44
148,16,99751,58
193,16,20845,57
194,16,72986,42
195,16,33690,44
196,16,374110,38
197,16,279121,45
198,16,540737,55
199,16,582,48
200,16,1008716,47
201,16,162304,44
202,16,3694809,65
203,16,179323,54
204,16,106020,49
205,16,252210,52
206,16,4559,47
207,16,1520,47
208,16,91380,40
209,16,26167,44
210,16,2224,48
211,16,203829,39
212,16,37574,43
213,16,475464,46
214,16,106278,39
215,16,106025,39
216,16,9874,44
217,16,810195,55
218,16,25396,45
219,16,30882,55
220,16,18971,44
221,16,9241,53
222,16,23514,43
223,16,13673,44
224,16,2155237,101
225,16,18792,53
226,16,5796,59
227,16,73634,39
228,16,169625,64
229,16,59306,60
230,16,5813,52
231,16,544751,72
232,16,1870392,61
233,16,21222,56
234,16,4274,47
235,16,238068,67
236,16,47766,48
237,16,1769,43
238,16,210715,53
239,16,2026134,50
240,16,13976,42
241,16,8805,53
242,16,2677,49
243,16,137235,53
244,16,130990,54
245,16,29979,43
246,16,167641,55
247,16,3908,64
248,16,4010,63
249,16,387249,93
250,16,547111,63
251,16,623292,119
252,16,515454,59
253,16,80450,54
254,16,3544294,126
255,16,1759949,73
256,16,45807,52
257,16,2067,51
258,16,15098,60
259,16,1132188,72
260,16,95552,53
261,16,15915,52
262,16,515619,45
263,16,132195,44
264,16,396330,40
265,16,8164,43
289,16,5991,49
290,16,11013,59
291,16,250038,53
292,16,6761,49
293,16,14173,61
294,16,3939,48
295,16,15625,48
296,16,99754,77
297,16,2660,48
298,16,263878,54
299,16,16153,53
300,16,64791,48
301,16,10806,59
302,16,3644822,111
303,16,320948,87
304,16,2583,48
305,16,110380,52
306,16,654312,95
307,16,8633,42
308,16,123007,48
309,16,61356,49
310,16,14740,49
311,16,18742,62
312,16,6837,43
313,16,542510,54
314,16,2283,48
315,16,165722,71
316,16,933,44
317,16,3584,44
318,16,52032,42
319,16,77934,39
320,16,20827,52
321,16,10493,53
322,16,3286,49
323,16,49106,47
324,16,9915,45
325,16,121815,50
326,16,11959,48
327,16,969,43
328,16,69913,43
329,16,2870,59
330,16,2408,52
331,16,1050,44
332,16,18613,43
333,16,4559,43
334,16,4470,49
335,16,16845,43
336,16,4227,47
337,16,2363,48
338,16,222550,51
339,16,31203,56
340,16,40060,57
341,16,7570,48
342,16,15147,39
343,16,9171,56
344,16,93316,52
345,16,55326,47
346,16,9285,56
347,16,86510,51
348,16,8551,43
349,16,11900,46
350,16,8084,43
351,16,91653,50
352,16,10206,43
353,16,175150,47
354,16,10285,47
355,16,131330,50
356,16,2105,48
357,16,16410,56
358,16,33751,54
359,16,5198,58
360,16,9883,50
361,16,45844,51
362,16,89351,50
363,16,1783350,47
364,16,330265,45
365,16,14135,64
366,16,423045,83
367,16,15388,46
368,16,47067,55
369,16,723138,49
370,16,1346373,63
371,16,9743,43
372,16,1840,54
374,16,8795,43
375,16,1157550,48
376,16,844879,48
377,16,738740,61
378,16,4782,47
379,16,15767,44
380,16,76452,40
381,16,72179,46
382,16,5945,54
407,16,16125,43
408,16,6671,52
409,16,4191,47
410,16,2303,53
411,16,3946,51
412,16,8319,44
413,16,2673,48
414,16,12038,41
415,16,15746,51
416,16,2735,48
417,16,185527,45
418,16,6585,44
419,16,18273,48
420,16,1905,45
421,16,1870,47
422,16,25832,45
423,16,1081,48
424,16,175739,44
425,16,14392,43
426,16,42675,43
427,16,31942,46
428,16,5496,57
429,16,573339,40
430,16,14727,44
431,16,362869,51
432,16,191819,50
433,16,815,45
434,16,3971,49
435,16,967983,53
436,16,5712,55
437,16,125276,62
438,16,16957,42
439,16,6981,64
440,16,9564,61
441,16,39194,61
442,16,59505,44
443,16,173556,44
444,16,507,55
445,16,370132,64
446,16,18253,52
447,16,534,55
448,16,203034,48
449,16,828013,51
450,16,82108,62
451,16,37939,43
452,16,246108,39
453,16,19586,44
454,16,73877,52
455,16,437345,55
456,16,9240,44
458,16,135555,54
459,16,458251,49
460,16,416928,82
461,16,542456,50
462,16,1570,54
463,16,9975,48
464,16,52425,47
465,16,433719,61
466,16,91623,52
467,16,196404,39
468,16,275869,67
469,16,408438,55
470,16,777985,42
471,16,68091,41
472,16,7672,44
473,16,430,49
474,16,1033047,59
475,16,18297,43
476,16,23093,48
477,16,369,50
478,16,244532,76
479,16,6018,43
480,16,7272,47
481,16,53887,56
483,16,161426,47
485,16,164873,47
486,16,53588,44
487,16,1434,49
488,16,6094,44
489,16,72935,58
490,16,370524,56
491,16,29599,44
492,16,189107,57
494,16,527388,50
495,16,120225,66
496,16,58384,50
497,16,4235,49
498,16,396269,57
499,16,3520,43
500,16,225529,82
501,16,73363,47
503,16,93880,40
504,16,63122,52
505,16,10334,48
506,16,1108095,66
507,16,14206,56
509,16,34919,43
510,16,6524,43
511,16,4238,43
513,16,190118,43
514,16,594186,61
515,16,2348,48
518,16,194420,45
519,16,457398,39
520,16,39923,40
522,16,49488,40
523,16,302269,40
524,16,32827,44
526,16,108519,44
527,16,145671,40
528,16,61584,40
529,16,43558,40
530,16,9283,45
531,16,57516,57
532,16,25536,40
533,16,915,44
534,16,3796,40
535,16,1773,45
536,16,6717,40
540,16,25199,59
541,16,4681,58
544,16,10122,55
545,16,2976,44
546,16,181864,54
547,16,2879,45
548,16,658619,52
549,16,1464,44
550,16,1287,45
551,16,802,45
553,16,2877,45
554,16,6995,45
555,16,974,50
558,16,385872,47
560,16,12014,45
561,16,68393,50
563,16,12306,50
565,16,1898,45
567,16,24301,49
568,16,96043,55
569,16,107749,78
570,16,123824,54
574,16,3719,50
575,16,527,52
576,16,1768,45
577,16,21662,45
578,16,39351,40
579,16,6184,49
580,16,26314,40
581,16,2188,45
582,16,3697,58
583,16,8772,40
586,16,3047,45
587,16,20833,60
588,16,120735,55
589,16,50810,40
590,16,11178,45
591,16,6504,45
592,16,7276,45
593,16,37542,40
594,16,34342,40
597,16,33161,44
598,16,4614,40
599,16,1006,45
600,16,4824,40
601,16,284,45
602,16,965,45
603,16,12884,39
604,16,3933,40
605,16,201,45
606,16,3087,40
607,16,133,45
610,16,133,45
611,16,333,45
612,16,30,45
613,16,95,45
614,16,71,45
615,16,0,40
616,16,0,40
1,17,43178,68
2,17,4886,48
3,17,56695,54
4,17,569293,114
5,17,12433,46
6,17,256906,82
7,17,3886,50
8,17,615058,49
9,17,33959,52
10,17,11068,44
11,17,480458,51
12,17,2319949,50
13,17,1787,45
14,17,10445,48
15,17,62749,46
16,17,218164,44
17,17,374600,53
18,17,51438,76
19,17,6733,47
20,17,5698,47
21,17,3346,51
22,17,41763,55
23,17,36415,44
24,17,424772,52
25,17,4856,47
26,17,70189,49
27,17,51222,40
28,17,3851,45
29,17,28245,43
30,17,8606,43
31,17,14664,43
32,17,371527,40
33,17,9371,59
34,17,3369,59
35,17,456108,40
36,17,5065,44
37,17,2990913,77
38,17,114091,55
39,17,45656,44
40,17,39065,52
41,17,764517,54
42,17,359399,46
43,17,508,45
44,17,60186,43
45,17,307695,58
46,17,510644,47
47,17,6086,43
48,17,802,60
49,17,2890,59
50,17,601214,43
51,17,48935,43
52,17,17761,49
53,17,7011,48
54,17,22915,62
56,17,342113,40
57,17,43840,58
58,17,3063,43
59,17,2558,48
60,17,881,50
61,17,25873,43
62,17,198641,48
63,17,619,45
64,17,5368,48
65,17,115849,50
66,17,126359,44
67,17,34350,43
68,17,152478,61
69,17,49833,57
70,17,762122,43
71,17,2732,54
72,17,194,55
73,17,377,44
74,17,96878,44
75,17,583972,39
76,17,228627,45
77,17,446360,47
78,17,28722,52
79,17,80893,43
80,17,2854,53
101,17,15849,47
102,17,195955,56
103,17,116745,67
104,17,110866,56
105,17,342927,48
106,17,69773,59
107,17,19321,53
108,17,46447,57
109,17,51226,45
110,17,1942991,59
111,17,11567,47
112,17,45484,47
113,17,244470,49
114,17,182681,81
116,17,16325,47
117,17,982688,92
118,17,240125,72
119,17,187321,82
120,17,421575,69
121,17,17589,47
122,17,20152,57
123,17,794896,52
124,17,8850,44
125,17,8063,45
126,17,25874,43
127,17,14289,44
128,17,260903,48
129,17,3194,45
130,17,8673,52
131,17,79989,44
132,17,57924,55
133,17,34310,50
134,17,55940,43
135,17,21148,41
136,17,43200,44
137,17,112240,57
138,17,17450,56
139,17,54969,54
140,17,115517,56
141,17,1718216,74
142,17,7799,54
143,17,3044,47
144,17,129013,44
145,17,46025,39
146,17,1148523,39
147,17,8126,44
148,17,86950,58
149,17,2740,49
150,17,160351,68
151,17,9231,43
152,17,50049,48
153,17,2353,60
154,17,9855,58
155,17,377231,60
156,17,476529,51
157,17,468022,48
158,17,17565,53
159,17,22072,59
160,17,8382,43
161,17,195,50
162,17,283194,56
163,17,7087,52
164,17,4431270,79
165,17,108462,48
166,17,298967,78
167,17,5547,43
168,17,74480,43
169,17,15469,57
170,17,150936,39
193,17,20660,57
194,17,72085,42
195,17,29956,43
196,17,360874,38
197,17,272375,45
198,17,455630,55
199,17,581,48
200,17,1201195,48
201,17,231544,45
202,17,3834706,66
203,17,222209,54
204,17,104096,49
205,17,237450,52
206,17,4522,47
207,17,1508,47
208,17,88540,40
209,17,26213,43
210,17,2236,48
211,17,251921,39
212,17,36865,43
213,17,492569,46
214,17,103039,39
215,17,101814,39
216,17,9803,44
217,17,799467,55
218,17,22900,45
219,17,41036,55
220,17,18731,44
221,17,9123,53
222,17,22742,43
223,17,13511,44
224,17,2242578,102
225,17,18074,53
226,17,5699,59
227,17,76412,39
228,17,163768,64
229,17,58460,60
230,17,5821,52
231,17,404886,72
232,17,1911863,61
233,17,20870,56
234,17,4274,47
235,17,339816,67
236,17,47990,48
237,17,1753,43
238,17,211257,53
239,17,2093176,50
240,17,14255,42
241,17,8887,53
242,17,2635,49
243,17,129494,53
244,17,131745,54
245,17,29136,43
246,17,86340,54
247,17,4050,64
248,17,3782,63
249,17,366674,93
250,17,543163,63
251,17,624281,119
252,17,521862,59
253,17,79897,54
254,17,3563431,126
255,17,1807073,74
256,17,45591,52
257,17,2057,51
258,17,13747,60
259,17,1135896,73
260,17,94154,52
261,17,15401,52
262,17,525179,45
263,17,131810,44
264,17,369474,40
265,17,7941,43
266,17,52942,54
267,17,1797,45
268,17,112496,103
269,17,15670,49
270,17,480573,61
271,17,31194,54
272,17,1503436,117
273,17,358637,49
274,17,125622,59
275,17,319413,82
276,17,320067,114
277,17,587286,57
278,17,445752,60
279,17,250779,54
280,17,190513,60
281,17,40691,74
282,17,69528,91
283,17,15656,55
284,17,247180,62
285,17,7116,44
286,17,34609,54
287,17,117090,69
288,17,12088,47
289,17,5949,49
290,17,10885,58
291,17,262195,53
292,17,6733,49
293,17,14165,61
294,17,3908,48
295,17,15680,48
296,17,100097,77
297,17,2659,48
298,17,296370,54
299,17,15961,53
300,17,71722,48
301,17,10884,59
302,17,3869250,112
303,17,337430,87
304,17,2568,48
305,17,109294,52
306,17,796276,95
307,17,8381,42
308,17,105888,48
309,17,69928,49
310,17,23891,49
311,17,18634,62
312,17,6811,43
313,17,557599,53
314,17,2271,48
315,17,163127,71
316,17,931,44
317,17,3520,44
318,17,50852,42
319,17,75293,39
320,17,20697,52
321,17,10276,53
322,17,3422,49
323,17,51869,47
324,17,11474,45
325,17,124621,50
326,17,12078,48
327,17,959,43
328,17,65390,42
329,17,2883,59
330,17,2388,52
331,17,1023,44
332,17,17945,43
333,17,4508,43
334,17,4934,49
335,17,19851,43
336,17,4062,47
337,17,2341,48
338,17,212055,51
339,17,30506,56
340,17,37919,57
341,17,7507,48
342,17,15024,39
343,17,9101,56
344,17,102195,52
345,17,54145,46
346,17,9123,56
347,17,84823,51
348,17,8472,43
349,17,11653,46
350,17,8021,43
351,17,88607,50
352,17,10039,43
353,17,171463,47
354,17,10224,47
355,17,124691,49
356,17,2137,48
357,17,15920,56
358,17,33298,54
359,17,5302,58
360,17,9160,49
361,17,45979,51
362,17,88136,50
363,17,1781315,47
364,17,335227,45
365,17,13434,64
366,17,430091,83
367,17,16675,46
368,17,41912,55
369,17,484553,48
370,17,1174491,63
371,17,9563,43
372,17,1829,54
374,17,8541,43
375,17,1157970,48
376,17,968435,49
377,17,659748,61
378,17,4798,47
379,17,15281,44
380,17,79169,39
381,17,71448,46
382,17,5617,54
383,17,550062,56
384,17,11853,47
385,17,38244,48
386,17,129312,54
387,17,8550,57
388,17,3264888,110
389,17,174463,52
390,17,4863090,97
391,17,450786,51
392,17,87133,67
393,17,18167,43
394,17,42369,74
395,17,61049,46
396,17,75471,49
397,17,7977,52
398,17,54938,53
399,17,5675,47
400,17,30712,70
401,17,5598,47
402,17,3221,49
403,17,31540,69
404,17,1724,44
405,17,38852,59
406,17,4665,43
407,17,15314,43
408,17,6596,52
409,17,4030,47
410,17,2297,53
411,17,3944,51
412,17,7789,44
413,17,2636,48
414,17,11726,41
415,17,15683,51
416,17,2782,48
417,17,196240,45
418,17,6342,44
419,17,18526,48
420,17,1893,45
421,17,1864,47
422,17,25211,45
423,17,1067,48
424,17,159527,44
425,17,14515,43
426,17,43953,43
427,17,31483,46
428,17,5485,57
429,17,569206,40
430,17,14570,44
431,17,373334,51
432,17,195006,50
433,17,820,45
434,17,3950,49
435,17,997919,53
436,17,5754,55
437,17,145386,62
438,17,19044,42
439,17,7220,64
440,17,9519,61
441,17,38341,61
442,17,51732,44
443,17,169469,44
444,17,515,55
445,17,309376,64
446,17,17603,51
447,17,542,55
448,17,201922,48
449,17,914010,52
450,17,73921,61
451,17,37233,43
452,17,251253,39
453,17,19446,44
454,17,73196,52
455,17,432492,54
456,17,9090,44
457,17,378522,57
458,17,124884,54
459,17,459177,49
460,17,409353,82
461,17,692815,50
462,17,1580,54
463,17,9891,48
464,17,48250,47
465,17,429615,61
466,17,91261,52
467,17,190678,39
468,17,245728,67
469,17,398628,55
470,17,778004,41
471,17,66711,41
472,17,7553,44
473,17,426,49
474,17,1204316,60
475,17,17879,43
476,17,23135,48
477,17,399,50
478,17,236445,76
479,17,5963,43
480,17,7004,47
481,17,52215,56
482,17,47663,43
483,17,156955,47
485,17,152760,47
486,17,53983,44
487,17,1487,49
488,17,6064,44
489,17,68649,58
490,17,347049,56
491,17,27736,44
492,17,215627,57
494,17,467678,50
495,17,118615,66
496,17,74513,50
497,17,4271,49
498,17,391091,57
499,17,3508,43
500,17,218820,82
501,17,70937,47
502,17,55670,53
503,17,94735,40
504,17,72231,52
505,17,9950,48
506,17,1104459,65
507,17,13637,56
508,17,686522,77
509,17,34916,43
510,17,6171,43
511,17,4175,43
512,17,77942,53
513,17,171803,43
514,17,615466,61
515,17,2416,48
518,17,184871,45
521,17,19848,39
522,17,48277,40
523,17,299031,40
524,17,31618,44
526,17,110296,44
527,17,145714,40
528,17,60261,40
529,17,42031,40
530,17,8927,45
531,17,70673,57
532,17,25171,40
533,17,955,43
534,17,3687,40
537,17,941,45
538,17,2918,44
539,17,83048,44
540,17,27790,59
541,17,4288,58
542,17,532198,57
543,17,22618,93
544,17,9071,55
545,17,3444,44
546,17,176367,54
547,17,2912,45
548,17,589439,52
549,17,1365,44
550,17,1276,45
552,17,1078,44
553,17,2854,45
554,17,7023,45
555,17,961,49
556,17,548141,57
558,17,391682,47
559,17,18624,40
560,17,10818,45
561,17,54146,50
563,17,12881,50
564,17,3656,69
565,17,1779,45
566,17,23570,50
567,17,22972,49
568,17,87725,55
569,17,82802,78
570,17,161316,55
573,17,4977,45
574,17,3883,50
575,17,535,52
576,17,2069,45
577,17,29167,45
578,17,39967,40
579,17,6303,49
580,17,26936,40
581,17,2075,45
582,17,3577,58
584,17,1936,50
586,17,3147,45
587,17,17267,60
588,17,90999,55
589,17,63504,40
590,17,11334,45
593,17,41796,40
594,17,32254,40
595,17,8096,40
596,17,6124,45
597,17,45818,44
598,17,4711,40
599,17,1012,45
600,17,5029,40
601,17,291,45
602,17,1039,45
603,17,12208,39
604,17,4302,40
605,17,222,45
606,17,3663,40
607,17,147,45
608,17,2190,40
609,17,88,45
610,17,152,45
611,17,367,45
614,17,221,45
615,17,351,40
616,17,419,40
617,17,0,40
618,17,0,45
619,17,0,45
620,17,0,40
621,17,0,45
622,17,0,40
623,17,0,40
624,17,0,45
625,17,0,40
1,18,42915,68
2,18,4833,48
3,18,59279,54
4,18,575850,113
5,18,12671,46
6,18,1080368,83
7,18,4414,50
8,18,975215,49
9,18,36440,52
10,18,42047,44
11,18,471562,51
13,18,2344,45
14,18,9971,48
15,18,63102,46
16,18,508703,45
17,18,1461705,54
18,18,52028,76
19,18,6629,47
20,18,5839,47
21,18,3375,51
22,18,46549,55
23,18,408204,44
24,18,1292064,53
25,18,4791,47
26,18,28819,49
27,18,46760,40
53,18,6960,48
54,18,22419,62
55,18,381555,43
57,18,30715,58
58,18,3015,43
59,18,2814,48
60,18,871,50
61,18,28711,42
62,18,201296,48
63,18,613,45
64,18,5384,48
65,18,107236,50
66,18,119129,44
67,18,31465,43
68,18,200504,61
69,18,52936,57
70,18,650934,43
71,18,2757,54
72,18,203,55
73,18,373,44
74,18,88530,44
75,18,623941,39
76,18,139642,45
77,18,319223,47
78,18,25820,52
79,18,77125,43
80,18,2882,53
81,18,187048,53
82,18,14013,45
83,18,42629,43
84,18,1198,50
85,18,13117,43
86,18,18618,58
87,18,29389,60
88,18,148530,49
89,18,37142,53
90,18,2903,54
91,18,156016,62
92,18,112174,44
93,18,45067,48
94,18,10022,39
95,18,10196,50
96,18,790644,54
97,18,218545,45
98,18,4793,49
99,18,131375,40
100,18,23787,57
108,18,47704,57
115,18,13707,59
125,18,7256,45
126,18,24694,43
127,18,14128,44
128,18,255787,48
129,18,7788,45
130,18,11229,52
131,18,94689,43
132,18,81607,55
133,18,38251,50
134,18,73610,43
135,18,19655,41
136,18,56576,44
137,18,112831,57
138,18,17500,56
139,18,39300,54
140,18,124330,56
141,18,1566937,74
142,18,6179,54
143,18,3166,47
144,18,114247,44
145,18,38643,39
146,18,1658542,39
147,18,8118,44
149,18,2646,49
150,18,201956,68
151,18,9337,43
152,18,59377,48
153,18,13893,60
154,18,10742,58
155,18,398596,60
156,18,470913,51
157,18,509721,48
158,18,17654,53
159,18,21652,59
160,18,8981,43
161,18,210,50
162,18,355926,56
163,18,7438,52
164,18,2850579,78
165,18,165687,48
166,18,326414,78
167,18,5609,43
168,18,72810,43
169,18,15345,57
170,18,147036,39
171,18,131582,40
172,18,1653,47
173,18,5555,42
174,18,1223,47
175,18,8653,52
176,18,9604,42
177,18,2525,50
178,18,10806,42
179,18,2361,42
180,18,3413,47
181,18,66360,53
182,18,24858,46
183,18,2166,43
184,18,302992,55
185,18,631,43
186,18,23887,43
187,18,8547,53
188,18,2840,46
189,18,2430,46
190,18,3736,48
191,18,174413,45
192,18,3048,43
262,18,764093,45
266,18,58206,54
267,18,1769,45
268,18,117764,103
269,18,15511,49
270,18,529253,61
271,18,350015,54
272,18,2880709,118
273,18,844806,50
274,18,122564,59
275,18,317914,81
276,18,382374,114
277,18,1370771,58
278,18,485559,60
279,18,236190,54
280,18,177767,60
281,18,59225,74
282,18,121669,91
283,18,21782,55
284,18,548509,62
285,18,6624,44
286,18,35580,54
287,18,85560,69
288,18,11852,47
289,18,5885,49
290,18,10923,58
291,18,535004,53
292,18,6678,49
293,18,14468,61
294,18,3871,48
295,18,16117,48
296,18,104556,77
297,18,2640,48
298,18,412199,54
299,18,17346,53
300,18,160712,48
301,18,11235,59
302,18,4398545,113
303,18,651853,88
304,18,2546,48
305,18,108213,52
306,18,1276859,96
307,18,10719,42
308,18,141098,48
309,18,139567,49
310,18,38193,49
311,18,19056,62
312,18,6970,43
313,18,1068633,53
314,18,2245,48
315,18,158382,71
316,18,917,44
317,18,3417,44
318,18,49143,42
319,18,75013,39
320,18,49567,52
321,18,11238,53
322,18,6720,49
323,18,238159,47
324,18,150902,45
325,18,553863,50
326,18,34042,48
327,18,947,43
328,18,82204,42
329,18,5264,59
330,18,2363,52
331,18,2639,44
332,18,19974,43
333,18,5004,43
334,18,24233,49
335,18,111869,43
336,18,5899,47
337,18,2279,48
338,18,197226,51
339,18,44226,56
340,18,76253,57
341,18,7412,48
342,18,16809,39
343,18,9179,55
344,18,266193,52
345,18,72034,46
346,18,11368,56
347,18,81197,50
348,18,8116,43
349,18,12933,46
350,18,8623,43
351,18,80735,50
352,18,8976,43
353,18,172236,47
354,18,9971,47
355,18,121807,49
356,18,3012,48
357,18,15153,56
359,18,6239,58
360,18,8178,49
373,18,48570,44
383,18,883752,56
384,18,11665,47
385,18,40061,48
386,18,233175,54
387,18,8700,57
388,18,4087630,110
389,18,166722,52
390,18,5186954,98
391,18,688944,51
392,18,87446,67
393,18,17935,43
394,18,42641,74
395,18,112763,46
396,18,66252,49
397,18,8166,52
398,18,54522,52
399,18,5611,47
400,18,36636,70
401,18,5724,47
402,18,3463,49
403,18,30642,69
404,18,1725,44
405,18,49784,59
406,18,4595,43
424,18,200892,43
453,18,19844,43
454,18,72855,52
455,18,421232,54
456,18,8836,44
457,18,380944,57
458,18,109437,54
459,18,460049,49
460,18,397826,82
461,18,1154483,51
462,18,1579,54
463,18,9778,48
464,18,48159,47
465,18,442590,61
466,18,122973,52
467,18,233939,39
469,18,186561,55
470,18,800127,41
471,18,63927,41
472,18,7325,44
473,18,593,49
474,18,1454295,60
475,18,20056,43
476,18,25280,48
477,18,384,50
478,18,232966,75
480,18,9739,47
482,18,47027,43
483,18,199026,47
484,18,19012,44
485,18,169389,46
486,18,44297,44
487,18,2390,49
488,18,6682,44
489,18,81540,58
493,18,21713,45
494,18,415903,50
495,18,116663,66
497,18,6518,49
501,18,72026,47
502,18,53311,52
503,18,132214,40
504,18,155441,52
505,18,8317,48
506,18,2230524,66
507,18,13125,56
508,18,718228,77
509,18,55821,43
510,18,10936,43
511,18,4349,43
512,18,83495,53
513,18,121346,43
515,18,3533,48
516,18,190931,45
517,18,4360,43
519,18,342046,39
520,18,94207,39
521,18,20505,39
522,18,49123,40
525,18,4817,42
526,18,100781,44
527,18,126126,40
528,18,79814,40
529,18,40325,40
534,18,3526,40
535,18,3526,45
536,18,9298,40
537,18,1032,45
538,18,51256,44
539,18,94166,44
542,18,523488,57
543,18,21458,93
545,18,4289,44
546,18,178811,54
547,18,3742,45
550,18,1286,45
551,18,911,45
552,18,1128,44
553,18,3010,45
556,18,946169,58
557,18,74364,50
559,18,20036,40
562,18,37930,45
563,18,16499,50
564,18,6118,69
566,18,27249,50
567,18,21688,49
568,18,84970,55
569,18,158336,78
571,18,2970,45
572,18,36211,45
573,18,7301,45
574,18,6597,50
575,18,547,52
577,18,20684,45
578,18,71274,40
580,18,57845,40
581,18,3170,45
583,18,27664,40
584,18,2015,50
585,18,223,43
586,18,4096,45
588,18,46753,55
591,18,11318,45
592,18,9443,45
595,18,13114,40
596,18,10203,45
597,18,83304,44
602,18,1848,45
603,18,54166,39
604,18,9589,40
606,18,27086,40
608,18,2892,40
609,18,206,45
610,18,300,45
611,18,616,45
612,18,290,45
613,18,1840,45
614,18,1096,45
615,18,3276,40
616,18,4262,40
617,18,65400,40
618,18,9121,45
622,18,661,40
623,18,647,40
626,18,2787,60
627,18,1431,55
628,18,288,50
629,18,0,40
630,18,0,45
631,18,0,45
632,18,0,45
633,18,0,45
1,19,42856,67
2,19,4824,48
3,19,58406,54
4,19,539555,113
5,19,12414,46
6,19,443811,83
7,19,4194,50
8,19,690601,50
9,19,34262,52
10,19,15566,44
11,19,408658,51
12,19,2466933,51
13,19,2085,45
14,19,9886,48
15,19,61245,46
16,19,325639,45
17,19,588058,54
18,19,50204,76
19,19,6618,47
20,19,5654,47
21,19,3329,51
22,19,42894,55
23,19,219564,45
24,19,660260,53
25,19,4772,47
26,19,27692,49
27,19,45874,40
28,19,4551,45
29,19,26515,43
30,19,8147,43
31,19,14531,42
32,19,347063,40
33,19,9110,59
34,19,3316,59
35,19,389810,40
36,19,5119,44
37,19,2778647,77
38,19,104877,55
39,19,55098,44
40,19,36420,52
41,19,688736,54
42,19,381635,46
43,19,499,45
44,19,56893,43
45,19,355384,58
46,19,439440,47
47,19,6003,43
48,19,809,60
49,19,2860,59
50,19,795857,43
51,19,58769,43
52,19,19054,49
53,19,6910,48
54,19,22023,62
55,19,355828,43
56,19,321581,40
57,19,28912,58
58,19,3026,43
59,19,2651,48
60,19,864,50
61,19,27316,42
62,19,193337,48
63,19,622,45
64,19,5324,48
65,19,98670,50
66,19,112008,44
67,19,30267,43
68,19,172333,61
69,19,50808,57
70,19,660886,42
71,19,2658,54
72,19,211,55
73,19,376,44
74,19,86965,44
75,19,562939,39
76,19,170127,45
77,19,319542,47
78,19,25125,52
79,19,66710,43
80,19,2885,53
81,19,186843,53
82,19,13713,44
83,19,44545,43
84,19,1174,50
85,19,13209,43
86,19,19568,58
87,19,27652,60
88,19,133175,49
89,19,39361,53
90,19,2830,54
91,19,151766,62
92,19,130388,44
93,19,49667,48
94,19,9743,39
95,19,8927,50
96,19,828354,54
97,19,256442,45
98,19,5206,49
99,19,111735,40
100,19,24161,57
101,19,15789,47
102,19,191979,56
103,19,129720,67
104,19,109082,56
105,19,315251,47
106,19,61441,59
107,19,19009,53
108,19,46304,57
109,19,50770,45
110,19,1682489,58
111,19,11235,47
112,19,44554,47
113,19,205870,49
114,19,238522,81
115,19,13081,59
116,19,16053,47
117,19,968981,92
118,19,331844,72
119,19,181804,82
120,19,404660,68
121,19,17628,47
122,19,26344,57
123,19,584609,51
124,19,9585,44
125,19,7448,45
126,19,24510,43
127,19,13685,44
128,19,235391,48
129,19,4490,45
130,19,9381,52
131,19,86450,43
132,19,56067,55
133,19,32976,50
134,19,61719,43
135,19,19423,41
136,19,57568,44
137,19,104842,56
138,19,17023,56
139,19,33453,54
140,19,115066,56
141,19,1313208,73
142,19,5769,54
143,19,3060,47
144,19,103942,44
145,19,40493,39
146,19,1394508,39
147,19,8339,43
148,19,65024,58
171,19,117576,40
172,19,1648,47
173,19,5425,42
174,19,1223,47
175,19,8343,52
176,19,9226,42
177,19,2508,50
178,19,10684,42
179,19,2352,42
180,19,3305,47
181,19,94254,53
182,19,24742,46
183,19,2150,43
184,19,292574,55
185,19,627,43
186,19,23303,43
187,19,13759,53
188,19,2881,46
189,19,2412,46
190,19,3693,48
191,19,180783,45
192,19,3035,43
193,19,20323,57
194,19,69106,42
195,19,29510,43
196,19,348499,38
197,19,231791,45
198,19,359044,55
199,19,569,48
200,19,1135672,48
201,19,237067,45
202,19,3782343,66
203,19,190489,54
204,19,85667,49
205,19,213018,51
206,19,4421,47
207,19,1476,47
208,19,80495,40
209,19,33442,43
210,19,2286,48
211,19,367039,39
212,19,35381,43
213,19,517440,47
214,19,98438,39
215,19,94281,39
216,19,9769,44
217,19,759761,55
218,19,19992,45
219,19,44029,55
220,19,18120,44
221,19,10154,53
222,19,21222,43
223,19,13187,44
224,19,2377973,101
225,19,15515,52
226,19,5763,59
227,19,79699,39
228,19,167702,64
229,19,55878,60
230,19,5792,52
231,19,430945,71
232,19,1827756,61
233,19,21951,56
234,19,4212,47
235,19,351686,68
236,19,49729,48
237,19,1739,43
238,19,211522,53
239,19,1930626,50
240,19,14200,42
241,19,8875,53
242,19,2578,49
243,19,120492,53
244,19,125512,54
245,19,27944,42
246,19,51911,54
247,19,4750,64
248,19,3763,63
249,19,418137,93
250,19,534594,63
251,19,590434,119
252,19,537228,59
253,19,79221,54
254,19,3168283,125
255,19,1664698,74
256,19,46344,52
257,19,2027,51
258,19,12628,60
259,19,1080795,73
260,19,91374,52
261,19,14697,52
262,19,644114,45
263,19,107587,44
264,19,337035,39
265,19,7515,43
266,19,55600,54
267,19,1763,45
268,19,95277,103
269,19,15486,49
270,19,468150,61
271,19,243089,55
272,19,2481098,118
273,19,812840,50
274,19,115845,59
275,19,272796,81
276,19,336494,114
277,19,1044525,58
278,19,543376,60
279,19,229633,54
280,19,172497,60
281,19,52230,74
282,19,109790,91
283,19,23121,55
284,19,867685,63
285,19,6486,44
286,19,35231,54
287,19,85608,69
288,19,11777,47
289,19,5871,49
290,19,10810,58
291,19,366906,53
292,19,6671,49
293,19,14366,61
294,19,3869,48
295,19,15695,48
296,19,143304,77
297,19,2641,48
298,19,338143,54
299,19,16208,53
300,19,132332,48
301,19,11213,59
302,19,4139736,113
303,19,440382,88
304,19,2539,48
305,19,107231,52
306,19,1016925,96
307,19,8532,42
308,19,92476,48
309,19,107408,49
310,19,54784,49
311,19,18483,62
312,19,6783,43
313,19,760075,54
314,19,2245,48
315,19,153315,70
316,19,915,44
317,19,3396,44
318,19,47789,42
319,19,70524,39
320,19,33584,52
321,19,10322,53
322,19,4034,49
323,19,69609,47
324,19,30957,45
325,19,184078,50
326,19,15008,48
327,19,954,43
328,19,67358,42
329,19,3641,59
330,19,2353,52
331,19,1537,44
332,19,17338,43
333,19,4487,43
334,19,8750,49
335,19,35081,43
336,19,4459,47
337,19,2272,48
338,19,195641,51
339,19,31644,56
340,19,44593,57
341,19,7339,48
342,19,14927,39
343,19,10199,55
344,19,153556,52
345,19,52011,46
346,19,9404,56
347,19,78986,50
348,19,8046,43
349,19,11373,46
350,19,7925,43
351,19,76823,50
352,19,8690,43
353,19,163766,47
354,19,10021,47
355,19,119560,49
356,19,2254,48
357,19,14994,56
358,19,51275,54
359,19,5619,58
360,19,8042,49
361,19,49880,51
362,19,82287,50
363,19,1480768,47
364,19,254244,45
365,19,12582,64
366,19,503740,83
367,19,22026,46
368,19,35005,55
369,19,307716,48
370,19,863547,62
371,19,9075,43
372,19,1795,54
373,19,50596,44
374,19,8580,43
375,19,1007498,48
376,19,969831,49
377,19,457370,60
378,19,4846,47
379,19,14214,44
380,19,108921,39
381,19,67161,46
382,19,4737,54
383,19,585592,56
384,19,11646,47
385,19,37379,48
386,19,152644,54
387,19,8650,57
388,19,3221390,111
389,19,147010,52
390,19,4372039,97
391,19,408581,51
392,19,86136,67
393,19,17655,43
394,19,42303,74
395,19,66855,46
396,19,65858,49
397,19,7998,52
398,19,54228,52
399,19,5588,47
400,19,31198,70
401,19,5672,47
402,19,3413,49
403,19,30425,69
404,19,1689,44
405,19,39910,59
406,19,4581,43
407,19,14518,43
408,19,6408,52
409,19,3961,47
410,19,2332,53
411,19,4013,51
412,19,7724,44
413,19,2804,48
414,19,11094,41
415,19,14306,51
416,19,2757,48
417,19,243234,45
418,19,5954,44
419,19,18226,48
420,19,1863,45
421,19,1834,47
422,19,25648,45
423,19,1041,48
424,19,165495,43
425,19,14567,43
426,19,50074,43
427,19,30242,46
428,19,6389,57
429,19,526425,40
430,19,30769,44
431,19,329251,51
432,19,293737,50
433,19,811,45
434,19,3897,49
435,19,1432683,54
436,19,5852,55
437,19,729174,63
438,19,17669,42
439,19,7919,64
440,19,9398,61
441,19,23692,61
442,19,41525,44
443,19,103782,44
444,19,507,55
445,19,268223,63
446,19,16751,51
447,19,548,55
448,19,210727,48
449,19,1623913,53
450,19,67560,61
451,19,35207,43
452,19,254856,39
453,19,19017,43
454,19,71657,52
455,19,396886,54
456,19,8790,44
457,19,365723,57
458,19,107161,54
459,19,418134,49
460,19,395327,82
461,19,762844,51
462,19,1586,54
463,19,9715,48
464,19,44980,47
465,19,420042,61
466,19,115926,52
467,19,190335,39
468,19,208858,66
469,19,164086,54
470,19,674231,41
471,19,63766,41
472,19,7272,44
473,19,570,49
474,19,935298,60
475,19,17877,43
476,19,24149,48
477,19,372,50
478,19,229545,75
479,19,5656,43
480,19,7535,47
481,19,50842,56
482,19,46509,43
483,19,149730,47
484,19,21345,44
485,19,150846,46
486,19,43834,43
487,19,1709,49
488,19,6048,44
489,19,66131,58
490,19,321969,56
491,19,25097,44
492,19,265356,57
493,19,20721,45
494,19,415147,50
495,19,115422,66
496,19,90797,50
497,19,4647,49
498,19,375478,57
499,19,3531,43
500,19,213891,82
501,19,68234,47
503,19,102734,40
504,19,113342,52
505,19,8079,48
506,19,1599004,66
507,19,12858,56
509,19,38653,43
510,19,6814,43
511,19,4128,43
513,19,118026,43
514,19,886338,61
515,19,2681,48
516,19,204173,45
517,19,4785,43
518,19,165277,44
519,19,332325,39
520,19,56604,39
521,19,19699,39
522,19,46457,40
523,19,490524,40
524,19,29135,44
525,19,4685,42
526,19,95472,44
527,19,122179,40
528,19,58317,40
529,19,41313,39
530,19,8290,45
531,19,97424,57
532,19,24253,40
533,19,1047,43
534,19,3473,40
535,19,2327,45
536,19,7624,40
537,19,936,45
538,19,10001,44
539,19,93375,44
540,19,43418,59
541,19,3988,57
542,19,453870,57
543,19,21251,93
544,19,5352,55
545,19,3645,44
546,19,163543,53
547,19,3121,45
548,19,571270,51
549,19,1433,44
550,19,1179,45
551,19,846,45
552,19,1085,44
553,19,3059,44
554,19,7426,45
555,19,951,49
556,19,891459,58
557,19,104589,50
558,19,598646,47
560,19,9222,45
561,19,54972,50
562,19,38133,45
563,19,15968,50
564,19,5163,69
565,19,2548,45
567,19,22510,49
568,19,71557,55
569,19,221262,78
570,19,127644,55
571,19,3011,45
572,19,37469,45
574,19,5357,50
575,19,536,52
576,19,27713,45
577,19,17621,45
578,19,42453,40
579,19,6447,49
580,19,28469,40
581,19,2072,45
582,19,2455,58
583,19,11202,40
584,19,1934,50
585,19,224,43
586,19,3459,45
587,19,16599,60
588,19,44079,55
589,19,58147,40
590,19,18321,45
591,19,9650,45
592,19,9002,45
593,19,62665,40
594,19,26386,40
595,19,8687,40
597,19,65931,44
598,19,5298,40
599,19,1096,45
600,19,5514,40
601,19,344,45
602,19,1321,45
603,19,15970,39
604,19,5317,40
605,19,344,45
606,19,6285,40
607,19,220,45
608,19,2229,40
609,19,176,45
610,19,244,45
611,19,518,45
612,19,232,45
613,19,1191,45
614,19,653,45
615,19,1643,40
616,19,1756,40
617,19,20399,40
618,19,2854,45
619,19,2020,45
620,19,3031,40
621,19,4283,45
622,19,437,40
623,19,404,40
624,19,118,45
625,19,1915,40
626,19,1989,60
627,19,3437,55
628,19,269,50
629,19,681,40
630,19,88,45
631,19,41,45
632,19,59,45
633,19,64,45
634,19,0,45
635,19,0,40
636,19,0,45
637,19,0,40
638,19,0,45
639,19,0,40
1,20,42645,67
2,20,4801,48
3,20,59961,54
4,20,548082,113
5,20,14542,46
6,20,490598,83
7,20,4261,50
8,20,722859,50
9,20,34572,52
10,20,11536,44
11,20,385321,51
12,20,2590876,51
13,20,2211,45
14,20,9625,48
15,20,59725,46
16,20,388543,45
17,20,642438,54
18,20,49777,76
19,20,6576,47
20,20,5589,47
21,20,3390,51
22,20,41676,55
23,20,290496,45
24,20,833682,53
25,20,4734,47
26,20,23321,49
27,20,43678,40
28,20,4790,45
29,20,25439,43
30,20,7857,43
31,20,14444,42
32,20,338702,40
33,20,8709,59
34,20,3300,59
35,20,375509,40
36,20,5134,44
37,20,2959349,77
38,20,96069,55
39,20,42971,44
40,20,36080,52
41,20,673542,54
42,20,452496,47
43,20,496,45
44,20,52088,43
45,20,262206,58
46,20,430686,47
47,20,5988,43
48,20,819,60
49,20,2848,59
50,20,733181,43
51,20,50395,43
52,20,18551,49
53,20,6802,48
54,20,21468,62
55,20,338104,43
56,20,327059,40
57,20,26774,58
58,20,2969,43
59,20,2647,48
60,20,851,50
61,20,30359,42
62,20,205972,48
63,20,609,45
64,20,5254,48
65,20,97540,50
66,20,115557,44
67,20,33436,43
68,20,261383,61
69,20,50991,57
70,20,637379,42
71,20,2643,54
72,20,273,55
73,20,359,44
74,20,90431,44
75,20,510326,39
76,20,161597,45
77,20,283498,47
78,20,23575,52
79,20,62151,43
80,20,3176,53
81,20,183377,53
82,20,13512,44
83,20,40750,43
84,20,1239,50
85,20,13067,43
86,20,19742,58
87,20,26069,60
88,20,128380,49
89,20,36478,53
90,20,2817,54
91,20,129445,62
92,20,126380,44
93,20,46630,48
94,20,9384,39
95,20,7785,50
96,20,849888,54
97,20,222142,45
98,20,4745,49
99,20,110031,40
100,20,23945,57
101,20,15763,47
102,20,190476,56
103,20,108105,67
104,20,108288,56
105,20,302304,47
106,20,63731,59
107,20,18819,53
108,20,46191,57
109,20,53370,45
110,20,1339984,57
111,20,11073,47
112,20,44289,47
113,20,197568,49
114,20,218475,81
115,20,13769,59
116,20,16047,47
117,20,919760,92
118,20,309012,72
119,20,172264,82
120,20,418914,68
121,20,17292,47
122,20,24261,57
123,20,548096,51
124,20,9152,44
125,20,8089,45
126,20,24135,43
127,20,13064,44
128,20,250397,48
129,20,4332,45
130,20,9623,52
131,20,85164,43
132,20,53623,55
133,20,31539,50
134,20,62193,43
135,20,18848,41
136,20,50999,44
137,20,103078,56
138,20,17044,56
139,20,30896,54
140,20,114816,56
141,20,1162758,72
142,20,5275,54
143,20,2839,47
144,20,95593,44
145,20,39043,39
146,20,1430029,39
147,20,8838,43
148,20,59783,58
149,20,2575,49
150,20,122110,68
151,20,9012,43
152,20,48291,48
153,20,3882,60
154,20,9861,57
155,20,403214,60
156,20,410520,51
157,20,438681,48
158,20,17282,53
159,20,20469,59
160,20,8284,43
161,20,221,50
162,20,248951,56
163,20,7114,52
164,20,2148929,76
165,20,84799,48
166,20,327505,78
167,20,5467,43
168,20,61054,43
169,20,15239,57
170,20,124504,39
171,20,114933,40
172,20,1632,47
173,20,5322,42
174,20,1210,47
175,20,7883,52
176,20,9061,42
177,20,2477,50
178,20,10479,42
179,20,2290,42
180,20,3271,47
181,20,77479,53
182,20,24551,46
183,20,2101,43
184,20,287448,55
185,20,613,43
186,20,22966,43
187,20,12929,53
188,20,2895,46
189,20,2368,46
190,20,3643,48
191,20,175524,45
192,20,2992,43
193,20,20139,57
194,20,70711,42
195,20,29923,43
196,20,322675,38
197,20,221228,45
198,20,333115,54
199,20,580,48
200,20,1114103,48
201,20,230595,45
202,20,3958798,67
203,20,178008,54
204,20,84134,49
205,20,205328,51
206,20,4363,47
207,20,1473,47
208,20,78374,40
209,20,32761,43
210,20,2257,48
211,20,360734,39
212,20,34319,43
213,20,466179,47
214,20,95479,39
215,20,90764,39
216,20,9392,44
217,20,779485,55
218,20,18752,45
219,20,54502,55
220,20,17844,44
221,20,10491,53
222,20,20466,43
223,20,13163,43
224,20,1448576,101
225,20,14334,52
226,20,8369,59
227,20,75282,39
228,20,189340,64
229,20,55438,60
230,20,5783,52
231,20,952450,72
232,20,1789556,61
233,20,24899,56
234,20,4154,47
235,20,444600,68
236,20,54622,48
237,20,1717,43
238,20,210721,53
239,20,2051017,50
240,20,13904,42
241,20,8833,53
242,20,2563,49
243,20,112456,53
244,20,106459,54
245,20,27722,42
246,20,49384,54
247,20,5100,64
248,20,3671,63
249,20,347315,93
250,20,530029,63
251,20,555815,118
252,20,534776,59
253,20,78133,54
254,20,2966969,125
255,20,1591449,74
256,20,46781,52
257,20,2005,51
258,20,12127,60
259,20,1050665,73
260,20,89965,52
261,20,14377,52
262,20,610535,45
263,20,93595,44
264,20,314296,39
265,20,7179,43
266,20,56449,54
267,20,1755,45
268,20,90519,103
269,20,15377,49
270,20,445371,61
271,20,762066,56
272,20,1152597,119
273,20,1433407,51
274,20,110878,59
275,20,253865,81
276,20,761115,115
277,20,1050579,58
278,20,574910,60
279,20,218788,54
280,20,168498,60
281,20,80125,74
282,20,171356,91
283,20,26060,55
284,20,947253,63
285,20,6386,44
286,20,35179,54
287,20,81376,69
288,20,11937,47
289,20,5828,49
290,20,10655,58
291,20,406165,53
292,20,6637,49
293,20,14403,61
294,20,3853,48
295,20,15349,47
296,20,275170,77
297,20,2624,48
298,20,382285,54
299,20,16278,53
300,20,217237,48
301,20,11363,59
302,20,4491956,113
303,20,454965,88
304,20,2513,48
305,20,106447,52
306,20,979575,96
307,20,8004,42
308,20,93543,48
309,20,96260,49
310,20,48673,49
311,20,18212,62
312,20,6422,43
313,20,814560,54
314,20,2227,48
315,20,153408,70
316,20,895,44
317,20,3341,44
318,20,44990,42
319,20,66981,39
320,20,31221,52
321,20,10235,53
322,20,3816,49
323,20,57201,47
324,20,23471,45
325,20,173120,50
326,20,14665,48
327,20,930,43
328,20,66683,42
329,20,3428,59
330,20,2336,52
331,20,1404,44
332,20,16625,42
333,20,4515,42
334,20,8243,49
335,20,29226,43
336,20,4270,47
337,20,2239,48
338,20,193407,51
339,20,30471,56
340,20,39124,57
341,20,7257,48
342,20,14257,39
343,20,10012,55
344,20,162520,52
345,20,50856,46
346,20,9313,56
347,20,78043,50
348,20,7909,43
349,20,11129,46
350,20,7865,43
351,20,74905,49
352,20,8297,42
353,20,155068,47
354,20,9845,47
355,20,117840,49
356,20,2142,48
357,20,14621,56
358,20,59607,54
359,20,5529,58
360,20,7908,49
361,20,49522,51
362,20,66056,50
363,20,1520287,47
364,20,223133,45
365,20,12322,64
366,20,596390,83
367,20,27908,46
368,20,33156,55
369,20,267749,47
370,20,810167,61
371,20,8931,43
372,20,1783,54
373,20,48369,44
374,20,7914,43
375,20,929972,48
376,20,1029702,49
377,20,438091,60
378,20,5060,47
379,20,13520,44
380,20,101691,39
381,20,64608,46
382,20,4398,54
383,20,568408,56
384,20,11549,47
385,20,35608,48
386,20,141133,54
387,20,8651,57
388,20,3769605,112
389,20,142803,52
390,20,4644767,97
391,20,382961,51
392,20,85494,67
393,20,17550,43
394,20,41821,74
395,20,65031,46
396,20,66328,49
397,20,7950,52
398,20,53836,52
399,20,5561,47
400,20,31207,70
401,20,5699,47
402,20,3483,49
403,20,30005,69
404,20,1649,44
405,20,53636,59
406,20,4517,43
407,20,14489,43
408,20,6713,52
409,20,3980,47
410,20,2421,53
411,20,3802,51
412,20,8047,44
413,20,2695,48
414,20,10894,41
415,20,13443,51
416,20,2615,48
417,20,221510,45
418,20,5845,44
419,20,20212,48
420,20,1813,45
421,20,1860,47
422,20,21568,45
423,20,1154,48
424,20,150488,43
425,20,13945,43
426,20,44462,43
427,20,29514,46
428,20,6281,57
429,20,518673,40
430,20,22663,44
431,20,318086,51
432,20,259204,50
433,20,805,45
434,20,3844,49
435,20,1518027,54
436,20,5866,55
437,20,1112259,64
438,20,17090,42
439,20,7821,64
440,20,9340,61
441,20,20985,61
442,20,38916,44
443,20,88477,44
444,20,507,55
445,20,244764,63
446,20,15795,51
447,20,540,55
448,20,202915,48
449,20,1395869,53
450,20,65777,61
451,20,34763,43
452,20,235947,39
453,20,18913,43
454,20,70737,52
455,20,375666,54
456,20,8680,44
457,20,351740,57
458,20,110286,54
459,20,395236,48
460,20,389062,82
461,20,703662,51
462,20,1602,54
463,20,9624,48
464,20,43463,47
465,20,414136,61
466,20,103500,52
467,20,180195,39
468,20,198367,66
469,20,123971,53
470,20,627664,40
471,20,62803,41
472,20,7179,44
473,20,585,49
474,20,853595,59
475,20,16821,43
476,20,23932,48
477,20,360,50
478,20,226966,75
479,20,5503,43
480,20,6958,47
481,20,70363,56
482,20,46215,43
483,20,148083,46
484,20,15869,44
485,20,141933,46
486,20,42730,43
487,20,1698,49
488,20,6017,43
489,20,66084,58
490,20,318184,56
491,20,24235,43
492,20,256920,57
493,20,20057,45
494,20,405276,50
495,20,113797,66
496,20,96140,50
497,20,4406,49
498,20,382158,57
499,20,3567,43
500,20,209441,82
501,20,63128,47
502,20,51729,52
503,20,100106,40
504,20,128942,52
505,20,7685,47
506,20,1483790,66
507,20,12856,56
508,20,669786,77
509,20,38443,43
510,20,6759,43
511,20,4098,43
512,20,58746,52
513,20,114842,42
514,20,979049,61
515,20,2551,48
516,20,224178,45
517,20,5791,43
518,20,152063,44
519,20,337236,38
520,20,50731,39
521,20,18621,39
522,20,45428,40
523,20,480325,40
524,20,27317,44
525,20,4674,42
526,20,89291,44
527,20,114927,40
528,20,56736,40
529,20,40345,39
530,20,7917,45
531,20,101986,57
532,20,23752,40
533,20,936,43
534,20,3406,40
535,20,2090,45
536,20,7456,40
537,20,940,45
538,20,8419,44
539,20,85771,44
540,20,57270,59
541,20,4011,57
542,20,440531,57
543,20,21409,93
544,20,5151,55
545,20,3561,44
546,20,151819,53
547,20,3195,45
548,20,527451,51
549,20,1686,44
550,20,1071,45
551,20,848,45
552,20,1057,44
553,20,3062,44
554,20,7346,45
555,20,913,49
556,20,1206458,59
557,20,111211,50
558,20,586286,47
559,20,16134,40
560,20,8870,45
561,20,57666,50
562,20,35842,45
563,20,13713,50
564,20,5294,69
565,20,2825,45
566,20,18310,50
567,20,25616,49
568,20,62741,55
569,20,333650,78
570,20,114249,54
571,20,3250,45
572,20,32626,45
573,20,5228,45
574,20,5381,50
575,20,534,52
576,20,24188,45
577,20,15964,45
578,20,41805,40
579,20,5704,49
580,20,27803,40
581,20,1941,45
582,20,2267,58
583,20,10403,40
584,20,2059,50
585,20,219,43
586,20,3553,45
587,20,15406,60
588,20,33347,55
589,20,49970,40
590,20,17767,45
591,20,9113,45
592,20,8768,45
593,20,59574,40
594,20,23279,40
595,20,8478,40
596,20,6490,45
597,20,94469,44
598,20,5368,40
599,20,1082,45
600,20,5356,40
601,20,351,45
602,20,1359,45
603,20,15882,39
604,20,4974,40
605,20,348,45
606,20,5638,40
607,20,258,45
608,20,2098,40
609,20,201,45
610,20,254,45
611,20,547,45
612,20,279,45
613,20,1172,45
614,20,689,45
615,20,1797,40
616,20,1774,40
617,20,17793,40
618,20,2629,45
619,20,2300,45
620,20,3706,40
621,20,3847,45
622,20,652,40
623,20,566,40
624,20,155,45
625,20,1828,40
626,20,1597,60
627,20,3604,55
628,20,349,50
629,20,730,40
630,20,94,45
631,20,74,45
632,20,73,45
633,20,121,45
634,20,53,45
635,20,241,40
636,20,111,45
637,20,568,40
638,20,925,45
639,20,976,40
640,20,706,55
641,20,981,60
642,20,1743,70
643,20,0,45
644,20,0,45
1,21,42545,67
2,21,4786,48
3,21,60191,54
4,21,524991,113
5,21,16187,46
6,21,693962,84
7,21,4277,50
8,21,719531,50
9,21,34338,52
10,21,8524,44
11,21,358635,51
12,21,2594223,51
13,21,2242,45
14,21,9504,48
15,21,58349,46
16,21,395570,45
17,21,561453,54
18,21,50734,76
19,21,6536,47
20,21,5465,47
21,21,3370,51
22,21,40838,54
23,21,201113,45
24,21,944194,54
25,21,4715,47
26,21,16714,49
27,21,42698,40
28,21,4897,45
29,21,24760,43
30,21,7666,43
31,21,14371,42
32,21,333316,40
33,21,8440,59
34,21,3288,59
35,21,363502,40
36,21,5153,44
37,21,2988917,77
38,21,86859,55
39,21,30994,44
40,21,35939,52
41,21,646403,54
42,21,512625,47
43,21,495,45
44,21,47302,43
45,21,162792,57
46,21,409497,46
47,21,5958,43
48,21,845,60
49,21,2842,59
50,21,738192,43
51,21,48842,43
52,21,18170,49
53,21,6759,48
54,21,21368,62
55,21,314165,43
56,21,325584,40
57,21,23734,58
58,21,2952,43
59,21,2598,48
60,21,849,50
61,21,29446,42
62,21,203822,48
63,21,605,45
64,21,5279,48
65,21,83060,50
66,21,111903,44
67,21,35516,43
68,21,247211,61
69,21,47843,57
70,21,611844,42
71,21,2550,54
72,21,236,55
73,21,356,44
74,21,91375,44
75,21,478242,39
76,21,142618,45
77,21,260056,46
78,21,23710,52
79,21,54475,43
80,21,3029,53
81,21,177332,53
82,21,13363,44
83,21,38635,43
84,21,1243,50
85,21,12980,43
86,21,19852,58
87,21,20764,60
88,21,133563,49
89,21,34158,53
90,21,2767,54
91,21,122685,62
92,21,118153,44
93,21,46809,48
94,21,9213,39
95,21,6756,50
96,21,869008,54
97,21,191133,45
98,21,4098,49
99,21,109089,40
100,21,24326,57
101,21,15747,47
102,21,192926,56
103,21,118128,67
104,21,107994,56
105,21,290136,47
106,21,62734,59
107,21,18861,53
108,21,47848,57
109,21,79365,45
110,21,1121805,56
111,21,10999,47
112,21,44199,47
113,21,194084,49
114,21,218289,81
115,21,13737,59
116,21,16071,47
117,21,963096,92
118,21,298479,72
119,21,165475,82
120,21,381304,68
121,21,16788,47
122,21,28391,57
123,21,512195,51
124,21,8611,44
125,21,8387,45
126,21,23940,43
127,21,12822,44
128,21,251293,48
129,21,3541,45
130,21,9414,52
131,21,79967,43
132,21,60476,55
133,21,29848,49
134,21,61824,43
135,21,18448,41
136,21,53520,44
137,21,99588,56
138,21,16857,56
139,21,28219,54
140,21,115183,56
141,21,1173907,72
142,21,5042,54
143,21,2767,47
144,21,82416,44
145,21,37933,39
146,21,1436784,39
147,21,8677,43
148,21,51820,58
149,21,2546,48
150,21,110518,68
151,21,8991,43
152,21,48059,48
153,21,3671,60
154,21,9751,57
155,21,514112,60
156,21,427498,51
157,21,444209,48
158,21,17208,53
159,21,19377,59
160,21,8234,43
161,21,226,50
162,21,246907,56
163,21,7051,52
164,21,3053662,76
165,21,81594,48
166,21,372154,78
167,21,5463,43
168,21,55624,43
169,21,15203,57
170,21,118471,39
171,21,113469,40
172,21,1609,47
173,21,5301,41
174,21,1194,47
175,21,7426,52
176,21,8960,42
177,21,2459,50
178,21,10376,42
179,21,2271,42
180,21,3211,47
181,21,74812,53
182,21,24474,46
183,21,2081,43
184,21,286055,55
185,21,609,43
186,21,22787,43
187,21,12127,53
188,21,2892,46
189,21,2338,46
190,21,3598,48
191,21,154075,45
192,21,2969,43
193,21,19830,57
194,21,70089,42
195,21,29747,43
196,21,311014,38
197,21,208538,45
198,21,288276,54
199,21,576,48
200,21,1024176,48
201,21,201921,45
202,21,3704188,66
203,21,159231,54
204,21,81982,49
205,21,197961,51
206,21,4308,47
207,21,1465,47
208,21,76879,40
209,21,30122,43
210,21,2224,48
211,21,351465,39
212,21,33415,43
213,21,453699,47
214,21,93319,39
215,21,88394,39
216,21,9091,44
217,21,806746,55
218,21,17987,45
219,21,52916,55
220,21,17637,44
221,21,10319,53
222,21,19840,43
223,21,13197,43
224,21,1159635,100
225,21,13793,52
226,21,9369,59
227,21,73474,39
228,21,233587,64
229,21,56128,60
230,21,5738,52
231,21,1052669,72
232,21,1871774,61
233,21,25555,56
234,21,4089,47
235,21,534595,68
236,21,50794,48
237,21,1701,43
238,21,211003,53
239,21,2106960,50
240,21,13691,42
241,21,8823,53
242,21,2564,49
243,21,105907,53
244,21,98589,54
245,21,27469,42
246,21,44471,54
247,21,5039,64
248,21,3579,63
249,21,539192,94
250,21,528103,63
251,21,679060,118
252,21,540649,59
253,21,73583,54
254,21,3022589,125
255,21,1583443,74
256,21,47032,52
257,21,1996,51
258,21,11853,60
259,21,1143437,73
260,21,89383,52
261,21,14233,52
262,21,594745,45
263,21,76763,44
264,21,298941,39
265,21,6930,43
266,21,55551,54
267,21,1746,45
268,21,89136,103
269,21,15329,49
270,21,438732,61
271,21,1445880,58
272,21,927562,118
273,21,1639857,52
274,21,107494,59
275,21,293909,81
276,21,999753,116
277,21,1619460,60
278,21,623718,60
279,21,214719,54
280,21,169000,60
281,21,79293,74
282,21,191419,91
283,21,29667,55
284,21,771869,63
285,21,6274,44
286,21,34256,53
287,21,75197,69
288,21,12092,47
289,21,5805,49
290,21,10569,58
291,21,390295,53
292,21,6615,49
293,21,14173,61
294,21,3856,48
295,21,15285,47
296,21,237227,77
297,21,2617,48
298,21,384746,54
299,21,15763,53
300,21,215929,48
301,21,12872,59
302,21,4435441,114
303,21,406683,88
304,21,2503,48
305,21,106076,52
306,21,866131,96
307,21,7925,42
308,21,90654,48
309,21,76512,49
310,21,39170,49
311,21,18020,62
312,21,6278,43
313,21,780782,54
314,21,2220,48
315,21,150329,70
316,21,886,44
317,21,3305,44
318,21,43797,42
319,21,65799,39
320,21,29097,52
321,21,10114,53
322,21,3568,49
323,21,50103,47
324,21,17553,45
325,21,161578,50
326,21,14451,48
327,21,917,43
328,21,65557,42
329,21,3315,59
330,21,2322,52
331,21,1293,44
332,21,16288,42
333,21,4441,42
334,21,7152,49
335,21,24868,43
336,21,4073,47
337,21,2220,48
338,21,191495,51
339,21,30013,56
340,21,34300,57
341,21,7218,48
342,21,14005,39
343,21,10141,55
344,21,164921,52
345,21,49845,46
346,21,9570,56
347,21,75960,50
348,21,7827,43
349,21,10882,45
350,21,7847,43
351,21,73846,49
352,21,8051,42
353,21,152567,47
354,21,9745,47
355,21,116390,49
356,21,2051,48
357,21,14486,56
358,21,79227,54
359,21,5473,58
360,21,7531,49
361,21,49130,51
362,21,65667,50
363,21,1490480,46
364,21,191783,45
365,21,12356,64
366,21,743864,84
367,21,27494,46
368,21,33042,55
369,21,245297,47
370,21,742796,61
371,21,8818,43
372,21,1776,54
373,21,43843,44
374,21,7559,43
375,21,723859,48
376,21,995117,49
377,21,416088,59
378,21,5177,47
379,21,12938,44
380,21,101273,39
381,21,63392,46
382,21,4297,54
383,21,569246,56
384,21,11517,47
385,21,34055,48
386,21,137024,54
387,21,8663,57
388,21,2453093,112
389,21,143618,52
390,21,4730468,98
391,21,373613,50
392,21,85135,67
393,21,17489,43
394,21,41419,74
395,21,64460,46
396,21,67572,49
397,21,7913,52
398,21,53632,52
399,21,5537,47
400,21,31772,70
401,21,5709,47
402,21,3544,49
403,21,29802,69
404,21,1622,44
405,21,55670,59
406,21,4497,43
407,21,14410,43
408,21,6874,52
409,21,3930,47
410,21,2396,53
411,21,3683,51
412,21,8224,44
413,21,2644,47
414,21,10736,41
415,21,13109,51
416,21,2583,48
417,21,219940,45
418,21,5973,44
419,21,22566,48
420,21,1769,45
421,21,1839,47
422,21,21957,45
423,21,1109,48
424,21,134303,42
425,21,13676,43
426,21,39644,43
427,21,28719,46
428,21,6040,57
429,21,510407,40
430,21,21058,44
431,21,302430,51
432,21,230311,50
433,21,801,45
434,21,3819,49
435,21,1583952,55
436,21,5781,55
437,21,1312879,65
438,21,16753,42
439,21,7511,64
440,21,9315,61
441,21,20192,61
442,21,37222,43
443,21,78928,44
444,21,503,55
445,21,208671,62
446,21,15212,51
447,21,538,55
448,21,188775,48
449,21,1442893,53
450,21,58758,60
451,21,34237,43
452,21,223388,39
453,21,18832,43
454,21,69553,52
455,21,372868,54
456,21,8606,44
457,21,348124,56
458,21,115294,54
459,21,389404,48
460,21,386474,82
461,21,651891,50
462,21,1636,54
463,21,9576,48
464,21,41504,47
465,21,409954,60
466,21,100228,52
467,21,175232,39
468,21,192952,66
469,21,114939,53
470,21,620494,40
471,21,62113,41
472,21,7143,44
473,21,584,49
474,21,696345,58
475,21,16175,43
476,21,24044,48
477,21,354,50
478,21,224982,75
479,21,5409,43
480,21,6449,47
481,21,89542,56
482,21,46128,43
483,21,146445,46
484,21,15594,44
485,21,131454,46
486,21,41282,43
487,21,1617,49
488,21,6002,43
489,21,58996,58
490,21,355938,56
491,21,23722,43
492,21,263278,57
493,21,19291,45
494,21,396358,50
495,21,112987,66
496,21,94035,50
497,21,4107,49
498,21,390872,57
499,21,3522,43
500,21,214902,82
501,21,59424,47
502,21,51167,52
503,21,100945,40
504,21,120766,52
505,21,7474,47
506,21,1410324,66
507,21,12750,56
508,21,726110,77
509,21,38303,43
510,21,6607,43
511,21,4066,43
512,21,56889,52
513,21,109083,42
514,21,1311988,62
515,21,2463,48
516,21,261297,45
517,21,6902,43
518,21,137634,44
519,21,346679,38
520,21,47618,39
521,21,18238,39
522,21,44750,40
523,21,498215,40
524,21,26034,44
525,21,4664,42
526,21,83705,43
527,21,110361,40
528,21,55935,40
529,21,41514,39
530,21,7655,45
531,21,95262,57
532,21,23513,40
533,21,902,43
534,21,3364,40
535,21,1942,45
536,21,7464,40
537,21,942,45
538,21,7309,44
539,21,81656,44
540,21,51156,59
541,21,3977,57
542,21,361350,57
543,21,22467,93
544,21,4848,55
545,21,3582,44
546,21,151752,53
547,21,3219,45
548,21,550385,51
549,21,1566,44
550,21,1026,45
551,21,826,45
552,21,1042,44
553,21,3051,44
554,21,7171,45
555,21,850,49
556,21,1302119,59
557,21,99519,50
558,21,549869,47
559,21,14830,40
560,21,8591,45
561,21,60811,50
562,21,39750,45
563,21,11751,50
564,21,11969,69
565,21,2783,45
566,21,18569,50
567,21,23771,49
568,21,60396,55
569,21,325761,79
570,21,110439,54
571,21,3946,45
572,21,33583,45
573,21,5386,45
574,21,5416,50
575,21,536,52
576,21,29950,45
577,21,14098,45
578,21,41627,40
579,21,5469,49
580,21,27885,40
581,21,1805,45
582,21,2924,58
583,21,10410,40
584,21,2483,50
585,21,203,43
586,21,3591,45
587,21,14207,60
588,21,27761,55
589,21,47731,40
590,21,19989,45
591,21,9740,45
592,21,8959,45
593,21,61671,40
594,21,21096,40
595,21,8126,40
596,21,6006,45
597,21,102778,44
598,21,5371,40
599,21,1046,45
600,21,5255,40
601,21,357,45
602,21,1274,45
603,21,20057,39
604,21,5082,40
605,21,351,45
606,21,5627,40
607,21,247,45
608,21,1952,40
609,21,213,45
610,21,274,45
611,21,551,45
612,21,230,45
613,21,1296,45
614,21,708,45
615,21,1896,40
616,21,1840,40
617,21,20173,40
618,21,2788,45
619,21,2627,45
620,21,3992,40
621,21,4456,45
622,21,698,40
623,21,650,40
624,21,161,45
625,21,2086,40
626,21,1347,59
627,21,2818,54
628,21,379,50
629,21,927,40
630,21,96,45
631,21,79,45
632,21,83,45
633,21,126,45
634,21,66,45
635,21,347,40
636,21,146,45
637,21,796,40
638,21,1597,45
639,21,1483,40
640,21,720,55
641,21,2390,60
642,21,8808,70
643,21,28,45
644,21,13,45
645,21,13675,60
646,21,0,40
647,21,0,55
648,21,0,60
649,21,0,40
650,21,0,45
1,22,42434,67
2,22,4773,48
3,22,65560,54
4,22,517358,113
5,22,25009,46
6,22,606267,84
7,22,4240,50
8,22,753273,50
9,22,35561,52
10,22,6947,44
11,22,384060,51
12,22,2681487,51
13,22,2358,45
14,22,9415,48
15,22,59155,46
16,22,481819,45
17,22,477165,53
18,22,56493,76
19,22,6509,47
20,22,5695,47
21,22,3385,51
22,22,41070,54
23,22,201009,44
24,22,773081,54
25,22,4697,47
26,22,15113,49
27,22,41813,40
28,22,5016,45
29,22,24056,43
30,22,7506,43
31,22,14194,42
32,22,327863,40
33,22,8231,59
34,22,3282,59
35,22,354443,40
36,22,5183,44
37,22,3171088,78
38,22,82623,55
39,22,24591,44
40,22,35792,52
41,22,649782,54
42,22,631172,48
43,22,492,45
44,22,44366,43
45,22,120947,56
46,22,410077,46
47,22,5795,43
48,22,853,60
49,22,2828,59
50,22,717456,43
51,22,47310,43
52,22,18005,49
53,22,6698,48
54,22,21377,62
55,22,300035,43
56,22,324332,40
57,22,23114,58
58,22,2943,43
59,22,2568,48
60,22,846,50
61,22,28627,42
62,22,205977,48
63,22,604,45
64,22,5284,48
65,22,77265,50
66,22,111472,44
67,22,36028,43
68,22,239618,61
69,22,48587,57
70,22,585247,42
71,22,2671,54
72,22,267,55
73,22,353,44
74,22,96232,44
75,22,453515,39
76,22,135053,44
77,22,244709,46
78,22,23925,52
79,22,50134,43
80,22,3036,53
81,22,174486,53
82,22,13255,44
83,22,37376,43
84,22,1286,50
85,22,12865,43
86,22,20128,58
87,22,17737,60
88,22,131925,49
89,22,32924,53
90,22,2772,54
91,22,100891,62
92,22,113148,44
93,22,47043,48
94,22,9064,39
95,22,6350,50
96,22,863732,54
97,22,172650,45
98,22,3741,49
99,22,108363,40
100,22,24451,57
101,22,15731,47
102,22,227964,56
103,22,105140,67
104,22,144532,56
105,22,284510,47
106,22,70681,59
107,22,19159,53
108,22,49002,57
109,22,103952,45
110,22,972455,55
111,22,10947,47
112,22,44002,47
113,22,192253,49
114,22,195731,81
115,22,13626,59
116,22,16048,47
117,22,946321,92
118,22,268427,72
119,22,163462,82
120,22,367671,68
121,22,16416,47
122,22,57749,57
123,22,481212,51
124,22,8314,44
125,22,8419,45
126,22,23653,43
127,22,12592,44
128,22,259402,48
129,22,3054,45
130,22,8990,52
131,22,74920,43
132,22,54446,55
133,22,29415,49
134,22,60805,43
135,22,18332,41
136,22,53605,44
137,22,97214,56
138,22,16803,56
139,22,33030,54
140,22,126261,56
141,22,1222621,72
142,22,4905,54
143,22,2693,47
144,22,75344,44
145,22,38695,38
146,22,1398013,39
147,22,8359,43
148,22,41772,58
149,22,2544,48
150,22,102994,68
151,22,8894,43
152,22,47910,48
153,22,3372,60
154,22,9659,57
155,22,508466,61
156,22,404549,51
157,22,427223,48
158,22,17097,53
159,22,18914,59
160,22,8059,43
161,22,227,50
162,22,236454,56
163,22,6969,52
164,22,3063876,76
165,22,71437,48
166,22,363739,78
167,22,5470,43
168,22,51485,43
169,22,15151,57
170,22,113764,39
171,22,112552,40
172,22,1604,47
173,22,5263,41
174,22,1183,47
175,22,7249,52
176,22,8865,42
177,22,2441,50
178,22,10277,42
179,22,2246,42
180,22,3170,47
181,22,80913,53
182,22,24163,46
183,22,2059,43
184,22,291150,55
185,22,604,43
186,22,22578,43
187,22,11665,53
188,22,2923,46
189,22,2307,46
190,22,3533,48
191,22,143468,45
192,22,2954,43
193,22,19665,57
194,22,69763,42
195,22,30148,43
196,22,301673,38
197,22,202908,45
198,22,270472,53
199,22,569,48
200,22,1093005,48
201,22,193483,45
202,22,3739508,66
203,22,179388,54
204,22,81014,49
205,22,193554,51
206,22,4253,47
207,22,1460,47
208,22,75766,40
209,22,27794,43
210,22,2203,48
211,22,354188,39
212,22,32768,43
213,22,449538,47
214,22,91727,39
215,22,86485,39
216,22,8813,44
217,22,810224,55
218,22,17432,45
219,22,57904,55
220,22,17469,44
221,22,10247,53
222,22,19366,43
223,22,13185,43
224,22,1060762,100
225,22,13436,52
226,22,14340,59
227,22,71969,39
228,22,241935,64
229,22,56817,60
230,22,5583,51
231,22,1142081,73
232,22,1703470,61
233,22,24451,56
234,22,4060,47
235,22,673608,69
236,22,47508,48
237,22,1686,43
238,22,211716,53
239,22,2147411,51
240,22,13533,42
241,22,8912,53
242,22,2624,49
243,22,108548,53
244,22,97240,54
245,22,27328,42
246,22,39604,54
247,22,6467,64
248,22,3593,63
249,22,678676,95
250,22,526025,63
251,22,554441,119
252,22,551697,59
253,22,69704,54
254,22,3650389,126
255,22,1640207,74
256,22,48444,52
257,22,1985,51
258,22,13718,60
259,22,1249060,73
260,22,88777,52
261,22,14098,52
262,22,585428,45
263,22,71019,44
264,22,286338,39
265,22,6753,43
266,22,57047,54
267,22,1733,45
268,22,88781,103
269,22,15275,49
270,22,446812,61
271,22,1510992,58
272,22,870921,118
273,22,1613832,52
274,22,105663,59
275,22,304805,81
276,22,945944,116
277,22,1663998,60
278,22,658384,60
279,22,211236,54
280,22,172323,60
281,22,76333,74
282,22,289705,92
283,22,36749,55
284,22,691448,62
285,22,6196,44
286,22,33555,53
287,22,75266,69
288,22,12188,47
289,22,5778,49
290,22,10530,58
291,22,395552,53
292,22,6596,49
293,22,13982,61
294,22,3849,48
295,22,15132,47
296,22,225469,77
297,22,2606,48
298,22,427992,55
299,22,15821,53
300,22,254631,48
301,22,14855,59
302,22,4465306,114
303,22,384474,87
304,22,2495,48
305,22,105665,52
306,22,839491,95
307,22,7877,42
308,22,92257,48
309,22,63691,49
310,22,35450,49
311,22,17869,62
312,22,6150,43
313,22,826337,54
314,22,2211,48
315,22,148903,70
316,22,874,44
317,22,3274,44
318,22,43041,42
319,22,63190,39
320,22,27380,52
321,22,10355,53
322,22,3469,49
323,22,45777,47
324,22,16992,45
325,22,161798,50
326,22,14358,48
327,22,913,43
328,22,60746,42
329,22,3245,59
330,22,2309,52
331,22,1281,44
332,22,16989,42
333,22,4422,42
334,22,8781,49
335,22,21932,43
336,22,4041,47
337,22,2192,48
338,22,191749,51
339,22,30640,56
340,22,31278,57
341,22,7178,48
342,22,13762,39
343,22,10804,55
344,22,179939,52
345,22,51129,46
346,22,10654,56
347,22,74158,50
348,22,7762,43
349,22,10731,45
350,22,7892,43
351,22,74855,49
352,22,7865,42
353,22,152556,47
354,22,9719,47
355,22,116027,49
356,22,1983,47
357,22,15281,56
358,22,79525,54
359,22,5582,58
360,22,7380,49
361,22,47189,51
362,22,65753,50
363,22,1461178,46
364,22,175032,45
365,22,12466,64
366,22,795668,84
367,22,26579,46
368,22,32203,55
369,22,228652,47
370,22,683859,60
371,22,8715,43
372,22,1763,54
373,22,42123,44
374,22,7338,43
375,22,569562,47
376,22,965347,49
377,22,378414,59
378,22,5024,47
379,22,12566,44
380,22,94310,39
381,22,62186,46
382,22,4293,54
383,22,543224,56
384,22,11454,47
385,22,33376,48
386,22,134026,54
387,22,8678,57
388,22,1665524,111
389,22,136837,52
390,22,4479241,97
391,22,341674,50
392,22,84813,66
393,22,17276,43
394,22,41126,74
395,22,63698,46
396,22,68250,49
397,22,7888,52
398,22,53503,52
399,22,5511,47
400,22,31574,70
401,22,5645,47
402,22,3607,49
403,22,29606,69
404,22,1600,44
405,22,48532,59
406,22,4463,43
407,22,14351,43
408,22,6956,52
409,22,3916,47
410,22,2363,52
411,22,3621,51
412,22,9949,44
413,22,2558,47
414,22,10604,41
415,22,12813,51
416,22,2548,48
417,22,218107,45
418,22,6023,44
419,22,23531,48
420,22,1742,45
421,22,1833,47
422,22,21804,45
423,22,1110,48
424,22,134611,42
425,22,13325,43
426,22,36604,43
427,22,28282,46
428,22,6081,56
429,22,504245,40
430,22,19894,44
431,22,297092,51
432,22,222303,50
433,22,798,45
434,22,3801,49
435,22,1737759,56
436,22,5787,55
437,22,1538818,66
438,22,16478,42
439,22,7453,64
440,22,9276,61
441,22,19573,61
442,22,35920,43
443,22,72442,43
444,22,500,55
445,22,196014,62
446,22,14815,51
447,22,533,55
448,22,182283,48
449,22,1464462,53
450,22,56173,60
451,22,33985,43
452,22,213759,39
453,22,18763,43
454,22,68836,52
455,22,363187,54
456,22,8537,44
457,22,344879,56
458,22,115879,54
459,22,380790,48
460,22,383801,82
461,22,545703,50
462,22,1633,54
463,22,9524,48
464,22,40370,47
465,22,405731,60
466,22,96630,51
467,22,168886,39
468,22,189115,66
469,22,110328,53
470,22,611353,40
471,22,61599,41
472,22,7091,44
473,22,587,49
474,22,603593,58
475,22,15774,43
476,22,23973,48
477,22,349,50
478,22,223888,75
479,22,5340,43
480,22,6161,47
481,22,193613,56
482,22,46117,43
483,22,150690,46
484,22,15259,44
485,22,126877,45
486,22,41709,43
487,22,1574,49
488,22,5972,43
489,22,73779,58
490,22,390462,56
491,22,23249,43
492,22,226261,57
493,22,18874,45
494,22,390042,50
495,22,112270,66
496,22,108994,50
497,22,3961,49
498,22,364906,57
499,22,3504,43
500,22,211333,82
501,22,57295,47
502,22,50612,52
503,22,101541,40
504,22,109194,52
505,22,7312,47
506,22,1950311,67
507,22,12657,56
508,22,711837,77
509,22,42542,43
510,22,7139,43
511,22,4038,43
512,22,56125,52
513,22,124581,42
514,22,1428318,63
515,22,2432,48
516,22,255395,45
517,22,6561,43
518,22,133097,43
519,22,351117,38
520,22,45262,39
521,22,17932,39
522,22,42841,40
523,22,508557,40
524,22,25067,44
525,22,4636,42
526,22,78974,43
527,22,106895,40
528,22,55565,40
529,22,42359,39
530,22,7524,44
531,22,95253,57
532,22,23387,40
533,22,882,43
534,22,3328,40
535,22,1873,45
536,22,7602,40
537,22,944,45
538,22,6865,44
539,22,80020,44
540,22,47861,59
541,22,3977,57
542,22,302226,56
543,22,22660,93
544,22,4726,55
545,22,3634,44
546,22,148988,53
547,22,3226,44
548,22,542010,51
549,22,1475,44
550,22,995,45
551,22,820,45
552,22,1019,44
553,22,2973,44
554,22,7051,45
555,22,814,49
556,22,1553531,60
557,22,86484,50
558,22,548103,47
559,22,13961,40
560,22,8307,45
561,22,57360,50
562,22,35906,45
563,22,10047,50
564,22,11156,69
565,22,2398,45
566,22,16968,50
567,22,25201,49
568,22,57511,55
569,22,355853,79
570,22,98983,54
571,22,3667,45
572,22,30642,45
573,22,5620,45
574,22,5512,50
575,22,530,52
576,22,47276,45
577,22,14621,45
578,22,41446,40
579,22,5268,49
580,22,27169,40
581,22,1738,45
582,22,3189,58
583,22,10445,40
584,22,2657,50
585,22,406,43
586,22,3640,45
587,22,14442,60
588,22,24022,55
589,22,55329,40
590,22,19602,45
591,22,9987,45
592,22,9046,45
593,22,63426,40
594,22,19000,40
595,22,8088,40
596,22,5629,45
597,22,117088,44
598,22,5377,40
599,22,1045,45
600,22,5181,40
601,22,359,45
602,22,1271,45
603,22,21541,39
604,22,5144,40
605,22,375,45
606,22,5637,40
607,22,265,45
608,22,1905,40
609,22,226,45
610,22,287,45
611,22,574,45
612,22,303,44
613,22,1749,45
614,22,761,45
615,22,1994,40
616,22,1926,40
617,22,22129,40
618,22,2866,45
619,22,3138,45
620,22,4396,40
621,22,4811,45
622,22,797,40
623,22,658,40
624,22,169,45
625,22,2303,40
626,22,924,59
627,22,2442,53
628,22,388,50
629,22,980,40
630,22,135,45
631,22,97,45
632,22,107,45
633,22,159,45
634,22,91,45
635,22,451,40
636,22,193,45
637,22,1011,40
638,22,2092,45
639,22,1922,40
640,22,785,55
641,22,3110,60
642,22,13493,70
643,22,65,45
644,22,32,45
645,22,22952,60
646,22,181,40
647,22,119,55
648,22,9155,60
649,22,207,40
650,22,26,45
651,22,2043,55
652,22,2411,50
653,22,1280,50
654,22,66,45
655,22,0,45
656,22,0,45
657,22,0,45
658,22,0,40
659,22,0,45
660,22,0,40
661,22,0,45
662,22,0,40
663,22,0,45
1,23,42302,67
2,23,4749,48
3,23,59297,54
4,23,526229,113
5,23,26100,46
6,23,627404,84
7,23,3896,50
8,23,591661,50
9,23,34750,52
10,23,6070,44
11,23,373563,51
12,23,2737236,52
13,23,2479,45
14,23,9301,48
15,23,59296,46
16,23,457304,46
17,23,385683,53
18,23,66332,76
19,23,6476,47
20,23,5896,47
21,23,3404,51
22,23,40134,54
23,23,182573,44
24,23,805284,54
25,23,4674,47
26,23,12570,49
27,23,40863,40
28,23,5221,45
29,23,23468,43
30,23,7377,43
31,23,14103,42
32,23,340245,39
33,23,8056,59
34,23,3268,59
35,23,344343,40
36,23,5151,44
37,23,3255300,78
38,23,78215,55
39,23,19632,44
40,23,35660,52
41,23,635422,54
42,23,651871,48
43,23,489,45
44,23,41838,43
45,23,98627,55
46,23,398862,46
47,23,5619,43
48,23,866,60
49,23,2817,59
50,23,686455,43
51,23,45961,43
52,23,17448,49
53,23,6645,48
54,23,21528,62
55,23,292132,42
56,23,318461,40
57,23,22958,58
58,23,2927,43
59,23,2548,48
60,23,843,50
61,23,33099,42
62,23,247405,48
63,23,598,45
64,23,5274,48
65,23,61504,50
66,23,117782,44
67,23,32897,43
68,23,242636,61
69,23,57691,57
70,23,556136,42
71,23,2554,54
72,23,297,55
73,23,352,44
74,23,121177,44
75,23,430426,39
76,23,129671,44
77,23,230631,46
78,23,24055,52
79,23,49594,43
80,23,2916,53
81,23,185806,53
82,23,13177,44
83,23,39954,43
84,23,1352,50
85,23,12782,43
86,23,21744,58
87,23,15749,60
88,23,221344,50
89,23,33874,53
90,23,2863,54
91,23,84778,62
92,23,131660,44
93,23,48489,48
94,23,8917,39
95,23,5491,50
96,23,1011667,55
97,23,154029,44
98,23,3472,49
99,23,106411,40
100,23,27170,57
101,23,15753,47
102,23,337518,57
103,23,95668,67
104,23,261969,57
105,23,295397,47
106,23,70610,59
107,23,19523,53
108,23,49623,57
109,23,232883,46
110,23,836494,55
111,23,10953,47
112,23,43953,47
113,23,189987,49
114,23,185952,80
115,23,13666,59
116,23,16857,47
117,23,996201,92
118,23,247876,72
119,23,162630,82
120,23,406690,68
121,23,16018,47
122,23,78092,57
123,23,520289,50
124,23,8044,44
125,23,10742,45
126,23,23317,43
127,23,12363,44
128,23,264743,48
129,23,2748,45
130,23,8372,52
131,23,70619,43
132,23,47614,55
133,23,28285,49
134,23,56988,43
135,23,18563,41
136,23,50932,44
137,23,94719,56
138,23,16696,56
139,23,33276,54
140,23,124942,56
141,23,967976,72
142,23,4763,53
143,23,2617,47
144,23,73426,44
145,23,41963,38
146,23,1310062,39
147,23,7724,43
148,23,34229,58
149,23,2602,48
150,23,103298,68
151,23,8507,43
152,23,46711,48
153,23,2930,60
154,23,9600,57
155,23,525016,61
156,23,379459,51
157,23,390133,48
158,23,17001,53
159,23,18351,59
160,23,7543,43
161,23,238,50
162,23,226657,55
163,23,6915,52
164,23,3052717,76
165,23,64311,48
166,23,340567,78
167,23,5523,43
168,23,46423,43
169,23,15090,57
170,23,109068,39
171,23,110794,40
172,23,1596,47
173,23,4957,41
174,23,1175,47
175,23,6965,52
176,23,8820,42
177,23,2426,50
178,23,10210,42
179,23,2230,42
180,23,3064,47
181,23,73965,53
182,23,23971,46
183,23,2044,43
184,23,289748,55
185,23,600,43
186,23,22339,43
187,23,10670,53
188,23,2942,46
189,23,2279,46
190,23,3387,48
191,23,133048,45
192,23,2928,43
193,23,19547,57
194,23,69485,42
195,23,30416,43
196,23,291847,38
197,23,196257,44
198,23,255357,53
199,23,574,48
200,23,1136910,48
201,23,184780,44
202,23,3961280,67
203,23,175980,54
204,23,79647,49
205,23,188914,51
206,23,4230,47
207,23,1440,47
208,23,74303,40
209,23,25157,43
210,23,2175,48
211,23,351586,39
212,23,32036,43
213,23,452769,47
214,23,90218,39
215,23,84535,39
216,23,8534,44
217,23,824952,55
218,23,16870,45
219,23,61890,55
220,23,17279,44
221,23,9816,52
222,23,18960,43
223,23,13169,43
224,23,1107826,100
225,23,13090,52
226,23,20386,59
227,23,70795,39
228,23,229661,64
229,23,55012,60
230,23,5391,51
231,23,1346312,74
232,23,1463360,60
233,23,27065,56
234,23,4049,47
235,23,656477,69
236,23,45682,48
237,23,1666,43
238,23,214289,53
239,23,2351742,52
240,23,13387,42
241,23,8988,53
242,23,2687,49
243,23,103942,53
244,23,94283,54
245,23,27383,42
246,23,35796,54
247,23,6262,64
248,23,3646,63
249,23,558842,94
250,23,522821,63
251,23,455435,119
252,23,517881,59
253,23,66658,54
254,23,3553316,127
255,23,1544680,74
256,23,48840,52
257,23,1975,51
258,23,17741,60
259,23,1215348,74
260,23,87902,52
261,23,13955,52
262,23,539627,45
263,23,64720,44
264,23,277703,38
265,23,6611,43
266,23,56794,54
267,23,1721,45
268,23,87736,103
269,23,15226,49
270,23,436412,61
271,23,1580412,59
272,23,833635,118
273,23,1613676,52
274,23,103887,59
275,23,262538,81
276,23,913499,116
277,23,1683799,60
278,23,673300,61
279,23,207045,54
280,23,174766,60
281,23,76084,74
282,23,333956,92
283,23,34369,55
284,23,539991,61
285,23,6115,44
286,23,32866,53
287,23,71627,69
288,23,12287,47
289,23,5741,49
290,23,10473,58
291,23,414011,53
292,23,6576,49
293,23,13775,61
294,23,3809,48
295,23,14918,47
296,23,196468,77
297,23,2597,48
298,23,439923,55
299,23,15596,53
300,23,435769,49
301,23,258242,60
302,23,4675676,115
303,23,442966,87
304,23,2485,48
305,23,104878,52
306,23,972545,96
307,23,7528,42
308,23,94597,48
309,23,64282,49
310,23,28558,49
311,23,17955,62
312,23,6012,43
313,23,1150782,55
314,23,2199,48
315,23,149120,70
316,23,865,44
317,23,3238,44
318,23,42462,42
319,23,58683,39
320,23,26029,52
321,23,11060,53
322,23,3388,49
323,23,42504,47
324,23,15010,45
325,23,157413,50
326,23,14582,48
327,23,902,43
328,23,57439,42
329,23,3194,59
330,23,2293,52
331,23,1342,44
332,23,17198,42
333,23,4415,42
334,23,8885,49
335,23,18752,43
336,23,3981,47
337,23,2171,48
338,23,189926,51
339,23,30520,56
340,23,28601,57
341,23,7134,48
342,23,13524,39
343,23,14685,55
344,23,159061,52
345,23,49797,46
346,23,9991,56
347,23,72540,50
348,23,7657,43
349,23,10520,45
350,23,7895,43
351,23,71614,49
352,23,7652,42
353,23,151497,47
354,23,9723,47
355,23,114273,49
356,23,1929,47
357,23,14855,56
358,23,65970,54
359,23,5484,58
360,23,7148,49
361,23,42883,51
362,23,65453,50
363,23,1414102,46
364,23,160852,45
365,23,12623,64
366,23,793628,84
367,23,25050,46
368,23,26932,55
369,23,213428,47
370,23,625988,60
371,23,8618,43
372,23,1753,54
373,23,39720,44
374,23,7164,43
375,23,486478,47
376,23,725124,49
377,23,350518,58
378,23,4705,47
379,23,12185,44
380,23,88751,39
381,23,60504,46
382,23,4335,54
383,23,556589,56
384,23,11375,47
385,23,32707,48
386,23,138425,54
387,23,8893,57
388,23,1396326,110
389,23,143016,52
390,23,4466780,97
391,23,333021,50
392,23,84818,66
393,23,16604,43
394,23,40770,74
395,23,66770,46
396,23,67186,49
397,23,7875,51
398,23,53446,52
399,23,5486,47
400,23,32932,70
401,23,5430,47
402,23,3705,49
403,23,29411,69
404,23,1578,44
405,23,46289,59
406,23,4441,43
407,23,13917,43
408,23,6832,52
409,23,3910,47
410,23,2356,52
411,23,3749,51
412,23,9127,44
413,23,2470,47
414,23,10451,41
415,23,12538,51
416,23,2518,48
417,23,196286,45
418,23,6072,44
419,23,20614,48
420,23,1710,45
421,23,1807,47
422,23,18189,45
423,23,1065,48
424,23,129893,42
425,23,12882,43
426,23,34307,43
427,23,27810,46
428,23,5928,56
429,23,491034,40
430,23,18343,43
431,23,311177,51
432,23,221480,50
433,23,793,45
434,23,3773,49
435,23,1924880,57
436,23,5790,55
437,23,1830242,67
438,23,16679,42
439,23,7537,64
440,23,9229,61
441,23,19048,61
442,23,34584,43
443,23,66607,43
444,23,496,55
445,23,177085,61
446,23,14383,50
447,23,519,55
448,23,175234,47
449,23,1706363,54
450,23,52888,60
451,23,33536,43
452,23,204047,39
453,23,18658,43
454,23,69407,52
455,23,355441,53
456,23,8452,44
457,23,342888,56
458,23,116176,54
459,23,371424,48
460,23,380201,82
461,23,442693,49
462,23,1631,54
463,23,9457,48
464,23,39146,46
465,23,401517,60
466,23,97896,51
467,23,157099,39
468,23,182887,66
469,23,104588,53
470,23,597433,40
471,23,60964,41
472,23,7026,44
473,23,582,49
474,23,581031,57
475,23,15423,43
476,23,23831,48
477,23,345,50
478,23,221787,75
479,23,5290,43
480,23,5911,47
481,23,149207,56
482,23,46209,43
483,23,147723,46
484,23,14854,44
485,23,122372,45
486,23,41433,43
487,23,1547,49
488,23,5936,43
489,23,97951,58
490,23,344502,56
491,23,22719,43
492,23,196346,57
493,23,18464,45
494,23,386177,50
495,23,111232,66
496,23,110433,50
497,23,3798,49
498,23,336701,57
499,23,3343,43
500,23,205315,82
501,23,56127,47
502,23,49893,52
503,23,100583,40
504,23,96394,52
505,23,7167,47
506,23,2027762,68
507,23,12977,56
508,23,685612,77
509,23,38599,43
510,23,9370,43
511,23,4031,43
512,23,55200,52
513,23,115456,42
514,23,1440375,63
515,23,2415,47
516,23,257890,45
517,23,6444,43
518,23,126993,43
519,23,352026,38
520,23,43265,39
521,23,17604,39
522,23,40585,40
523,23,497206,40
524,23,24199,43
525,23,4676,42
526,23,75131,43
527,23,102539,40
528,23,54190,40
529,23,42688,39
530,23,7337,44
531,23,90267,57
532,23,22948,40
533,23,859,43
534,23,3286,40
535,23,1858,45
536,23,7601,40
537,23,956,45
538,23,6532,44
539,23,76802,44
540,23,39678,59
541,23,3969,57
542,23,245503,56
543,23,22961,93
544,23,4352,55
545,23,3593,44
546,23,146498,53
547,23,5107,44
548,23,643368,51
549,23,1427,44
550,23,957,45
551,23,741,45
552,23,1045,44
553,23,2787,44
554,23,6939,45
555,23,783,49
556,23,1722554,61
557,23,78839,50
558,23,553456,47
559,23,13327,40
560,23,8984,45
561,23,38808,50
562,23,34179,45
563,23,8877,50
564,23,14012,69
565,23,2059,45
566,23,17664,50
567,23,25207,49
568,23,51867,55
569,23,300214,79
570,23,162039,53
571,23,3652,45
572,23,28889,45
573,23,6841,45
574,23,5765,50
575,23,518,52
576,23,59192,45
577,23,14191,45
578,23,40799,40
579,23,5059,49
580,23,25282,40
581,23,1660,45
582,23,2753,58
583,23,10210,40
584,23,2933,50
585,23,442,43
586,23,3757,45
587,23,19342,60
588,23,21346,55
589,23,52730,40
590,23,18292,45
591,23,9856,45
592,23,9136,45
593,23,62027,40
594,23,17463,40
595,23,7976,40
596,23,5315,45
597,23,179633,45
598,23,5761,40
599,23,1067,45
600,23,5153,40
601,23,382,45
602,23,1242,45
603,23,22327,39
604,23,4946,40
605,23,389,45
606,23,5546,40
607,23,306,45
608,23,1999,40
609,23,241,45
610,23,295,45
611,23,599,45
612,23,328,44
613,23,1865,45
614,23,773,45
615,23,2140,40
616,23,2022,40
617,23,22057,40
618,23,4032,44
619,23,3305,45
620,23,4845,40
621,23,4901,45
622,23,970,40
623,23,547,40
624,23,181,45
625,23,2387,40
626,23,658,59
627,23,2097,52
628,23,435,50
629,23,1061,40
630,23,152,45
631,23,121,45
632,23,75,45
633,23,174,45
634,23,124,45
635,23,621,40
636,23,219,45
637,23,1275,40
638,23,2223,45
639,23,2059,40
640,23,726,55
641,23,2841,60
642,23,19092,70
643,23,115,45
644,23,70,45
645,23,20124,60
646,23,347,40
647,23,211,55
648,23,11336,60
649,23,506,40
650,23,105,45
651,23,5412,55
652,23,6936,50
653,23,2496,50
654,23,131,45
655,23,40,45
656,23,35,45
657,23,42,45
658,23,179,40
659,23,52,45
660,23,125,40
661,23,15,45
662,23,200,40
663,23,135,45
664,23,55,50
665,23,409,55
666,23,0,45
667,23,0,45
1,24,42152,67
2,24,4722,48
3,24,60243,54
4,24,515502,113
5,24,25084,46
6,24,503677,83
7,24,3725,50
8,24,565889,50
9,24,34072,52
10,24,5672,44
11,24,355853,51
12,24,2816678,52
13,24,2550,45
14,24,9190,48
15,24,58993,46
16,24,412288,46
17,24,334286,52
18,24,64506,76
19,24,6444,47
20,24,8186,47
21,24,3410,51
22,24,39403,54
23,24,169536,43
24,24,741694,53
25,24,4642,47
26,24,10579,49
27,24,39899,40
28,24,5316,45
29,24,22796,43
30,24,7210,43
31,24,13918,42
32,24,348750,39
33,24,7859,59
34,24,3248,59
35,24,328972,40
36,24,5163,44
37,24,3161099,78
38,24,73916,55
39,24,16135,44
40,24,35524,52
41,24,644113,54
42,24,726811,48
43,24,487,45
44,24,39602,43
45,24,79060,54
46,24,394525,46
47,24,5471,43
48,24,895,60
49,24,2810,59
50,24,664319,43
51,24,44526,43
52,24,16797,49
53,24,6590,48
54,24,21501,62
55,24,285408,42
56,24,308204,40
57,24,22738,58
58,24,2903,43
59,24,2498,48
60,24,840,50
61,24,35128,42
62,24,304090,48
63,24,593,45
64,24,5356,48
65,24,46827,50
66,24,103880,44
67,24,37149,43
68,24,232066,61
69,24,53568,57
70,24,547090,42
71,24,2525,54
72,24,349,55
73,24,351,44
74,24,131595,44
75,24,406126,39
76,24,124122,44
77,24,217553,46
78,24,24669,52
79,24,46521,43
80,24,3026,53
81,24,274356,53
82,24,13133,44
83,24,106285,43
84,24,1485,50
85,24,12766,43
86,24,23856,58
87,24,115813,60
88,24,605513,50
89,24,53571,53
90,24,7630,54
91,24,77635,62
92,24,246803,45
93,24,58738,48
94,24,8707,39
95,24,4862,50
96,24,1303297,55
97,24,134583,44
98,24,3270,49
99,24,103137,40
100,24,46231,57
101,24,15721,46
102,24,360186,57
103,24,91171,67
104,24,251885,57
105,24,333571,47
106,24,68680,59
107,24,19991,53
108,24,49658,57
109,24,245226,46
110,24,749712,54
111,24,10996,47
112,24,43805,47
113,24,187946,49
114,24,169887,80
115,24,18650,59
116,24,17044,47
117,24,933911,92
118,24,229281,72
119,24,150177,82
120,24,448748,68
121,24,15689,47
122,24,67075,57
123,24,533287,50
124,24,7882,44
125,24,12586,45
126,24,22988,43
127,24,12109,44
128,24,262410,48
129,24,2524,45
130,24,7873,52
131,24,66667,43
132,24,43284,55
133,24,27180,49
134,24,52822,43
135,24,18914,41
136,24,50331,44
137,24,92493,55
138,24,16661,56
139,24,35361,54
140,24,127259,56
141,24,762570,71
142,24,4627,53
143,24,2555,47
144,24,69277,44
145,24,44274,38
146,24,1252083,39
147,24,7268,43
148,24,29130,58
149,24,2683,48
150,24,149125,68
151,24,8194,43
152,24,47199,48
153,24,2731,60
154,24,9992,57
155,24,602381,61
156,24,476281,51
157,24,362852,48
158,24,17516,53
159,24,19298,59
160,24,7170,43
161,24,238,50
162,24,232027,55
163,24,7030,52
164,24,3172004,77
165,24,66393,48
166,24,714218,79
167,24,5532,43
168,24,42324,43
169,24,15015,57
170,24,103193,39
171,24,134896,39
172,24,1580,47
173,24,4713,41
174,24,1159,47
175,24,6814,52
176,24,8754,42
177,24,2408,50
178,24,10073,42
179,24,2212,42
180,24,2994,47
181,24,120707,53
182,24,24208,46
183,24,2022,43
184,24,303302,55
185,24,597,43
186,24,22037,43
187,24,17800,53
188,24,2973,46
189,24,2252,46
190,24,3278,48
191,24,125962,45
192,24,2902,43
193,24,19047,57
194,24,68560,42
195,24,31709,43
196,24,280205,38
197,24,191812,44
198,24,239710,53
199,24,580,48
200,24,1286800,49
201,24,182746,44
202,24,4153819,68
203,24,184143,54
204,24,77150,49
205,24,184159,50
206,24,4211,46
207,24,1424,47
208,24,72334,40
209,24,22781,43
210,24,2160,48
211,24,361615,39
212,24,31345,43
213,24,449567,47
214,24,88723,39
215,24,82111,39
216,24,8323,44
217,24,801819,55
218,24,16723,45
219,24,67593,55
220,24,17095,44
221,24,9421,52
222,24,18558,43
223,24,13156,43
224,24,1186386,100
225,24,12735,52
226,24,26879,59
227,24,69913,39
228,24,208869,64
229,24,52823,60
230,24,5246,51
231,24,1205419,74
232,24,1338612,59
233,24,26124,56
234,24,4078,47
235,24,550367,69
236,24,45075,48
237,24,1644,43
238,24,217553,53
239,24,1745770,51
240,24,13367,42
241,24,9034,53
242,24,2818,49
243,24,99885,53
244,24,91354,54
245,24,27188,42
246,24,33497,54
247,24,6070,64
248,24,3659,63
249,24,431647,93
250,24,519743,63
251,24,437503,119
252,24,500779,59
253,24,65651,54
254,24,3391563,126
255,24,1397371,73
256,24,48870,52
257,24,1964,51
258,24,30864,60
259,24,1167010,74
260,24,87001,52
261,24,13801,52
262,24,517132,44
263,24,60339,44
264,24,298323,38
265,24,6453,43
266,24,54418,54
267,24,1703,45
268,24,88195,103
269,24,15161,49
270,24,428109,61
271,24,2421379,60
272,24,803416,118
273,24,1779044,52
274,24,102440,59
275,24,249827,81
276,24,1211408,116
277,24,1841605,61
278,24,711425,61
279,24,202761,54
280,24,176541,60
281,24,89893,74
282,24,434483,92
283,24,42763,55
284,24,838017,61
285,24,6028,44
286,24,32037,53
287,24,68491,69
288,24,12432,47
289,24,5707,49
290,24,10453,58
291,24,399591,53
292,24,6535,49
293,24,13643,61
294,24,3777,48
295,24,14729,47
296,24,125058,76
297,24,2590,48
298,24,433274,55
299,24,15361,53
300,24,552019,50
301,24,227721,60
302,24,4774932,115
303,24,385484,87
304,24,2472,48
305,24,104246,52
306,24,1008588,96
307,24,7378,42
308,24,95278,48
309,24,78179,49
310,24,24592,49
311,24,17817,62
312,24,5877,43
313,24,1347558,56
314,24,2186,48
315,24,150251,70
316,24,855,44
317,24,3196,44
318,24,41905,42
319,24,55062,39
320,24,25030,52
321,24,10419,53
322,24,3334,49
323,24,40129,47
324,24,12679,45
325,24,142069,50
326,24,14518,48
327,24,894,43
328,24,54809,42
329,24,3293,59
330,24,2275,52
331,24,1379,44
332,24,15636,42
333,24,4438,42
334,24,6464,49
335,24,16917,43
336,24,3903,47
337,24,2151,48
338,24,192500,51
339,24,34190,56
340,24,27547,57
341,24,7078,48
342,24,13226,39
343,24,16464,55
344,24,145907,52
345,24,48501,46
346,24,9588,56
347,24,70888,50
348,24,7568,43
349,24,10323,45
350,24,7862,43
351,24,67812,49
352,24,7386,42
353,24,149524,47
354,24,9650,47
355,24,112378,49
356,24,1931,47
357,24,15038,56
358,24,56372,54
359,24,5430,58
360,24,7290,49
361,24,40080,51
362,24,65868,50
363,24,1315117,45
364,24,151948,45
365,24,12711,64
366,24,750432,84
367,24,23241,46
368,24,23294,55
369,24,217538,47
370,24,612918,60
371,24,8494,43
372,24,1738,54
373,24,39052,44
374,24,6970,43
375,24,462356,47
376,24,629805,49
377,24,374060,58
378,24,4511,47
379,24,11833,44
380,24,83825,39
381,24,58946,46
382,24,4238,54
383,24,513404,56
384,24,11293,47
385,24,31699,48
386,24,135286,54
387,24,9035,57
388,24,1766120,110
389,24,126549,52
390,24,4209287,96
391,24,269217,49
392,24,84784,66
393,24,16094,43
394,24,40542,74
395,24,65448,46
396,24,68591,49
397,24,7856,51
398,24,54532,52
399,24,5459,47
400,24,31345,70
401,24,5266,47
402,24,3788,49
403,24,29190,69
404,24,1553,44
405,24,43503,59
406,24,4411,43
407,24,13609,43
408,24,6817,52
409,24,3834,47
410,24,2342,52
411,24,3642,51
412,24,8933,44
413,24,2420,47
414,24,10287,41
415,24,12273,51
416,24,2491,48
417,24,175775,45
418,24,6179,44
419,24,19272,48
420,24,1690,45
421,24,1825,47
422,24,16158,45
423,24,1039,48
424,24,133391,42
425,24,12455,42
426,24,32219,43
427,24,27402,46
428,24,5860,56
429,24,476346,40
430,24,17276,43
431,24,301717,51
432,24,163416,50
433,24,786,45
434,24,3748,49
435,24,2066573,58
436,24,5674,55
437,24,1518522,67
438,24,16814,42
439,24,7498,64
440,24,9183,61
441,24,18605,61
442,24,33221,43
443,24,60524,42
444,24,491,55
445,24,156408,61
446,24,14031,50
447,24,516,55
448,24,170118,47
449,24,1389480,54
450,24,48485,59
451,24,32711,43
452,24,194979,39
453,24,18607,43
454,24,69301,52
455,24,348339,53
456,24,8358,44
457,24,337676,56
458,24,105851,54
459,24,364642,48
460,24,376609,82
461,24,416223,49
462,24,2174,54
463,24,9389,48
464,24,38603,46
465,24,396927,60
466,24,96899,51
467,24,147108,39
468,24,176574,66
469,24,92039,53
470,24,618121,40
471,24,60219,41
472,24,6954,44
473,24,615,49
474,24,524006,57
475,24,15053,43
476,24,23899,48
477,24,339,50
478,24,219854,75
479,24,5357,43
480,24,5680,47
481,24,121014,55
482,24,46208,43
483,24,143844,46
484,24,18499,44
485,24,109234,45
486,24,41883,43
487,24,1523,49
488,24,5888,43
489,24,104241,58
490,24,276642,56
491,24,22196,43
492,24,172461,57
493,24,18276,45
494,24,381018,50
495,24,110377,66
496,24,127740,50
497,24,3654,49
498,24,312607,57
499,24,3253,43
500,24,198089,82
501,24,54890,47
502,24,49280,52
503,24,99097,40
504,24,87785,52
505,24,7012,47
506,24,1007441,67
507,24,12657,56
508,24,887185,77
509,24,36648,43
510,24,9736,43
511,24,4052,43
512,24,82664,52
513,24,110800,42
514,24,1790561,64
515,24,2408,47
516,24,296403,45
517,24,15060,43
518,24,120750,43
519,24,349981,38
520,24,41198,39
521,24,17242,39
522,24,38536,40
523,24,477169,40
524,24,24054,43
525,24,4692,42
526,24,76604,42
527,24,96808,40
528,24,52006,40
529,24,43257,39
530,24,7197,44
531,24,83795,56
532,24,22253,40
533,24,824,43
534,24,3238,40
535,24,1853,45
536,24,7704,40
537,24,987,45
538,24,5851,44
539,24,75873,43
540,24,39974,59
541,24,3947,57
542,24,201033,55
543,24,21684,93
544,24,4159,55
545,24,3638,44
546,24,148976,52
547,24,4446,44
548,24,629859,51
549,24,1363,44
550,24,934,45
551,24,709,45
552,24,1090,44
553,24,2649,44
554,24,6947,45
555,24,766,49
556,24,1675281,61
557,24,133143,50
558,24,544074,47
559,24,13339,40
560,24,8816,45
561,24,29100,50
562,24,34113,45
563,24,8361,50
564,24,8113,69
565,24,1794,45
566,24,25145,50
567,24,22318,49
568,24,48651,54
569,24,518756,80
570,24,217031,53
571,24,7215,45
572,24,50677,45
573,24,12145,45
574,24,6326,50
575,24,503,52
576,24,71596,45
577,24,14561,45
578,24,40422,40
579,24,4886,49
580,24,23450,40
581,24,1621,45
582,24,2740,57
583,24,9968,40
584,24,2746,50
585,24,264,43
586,24,3921,45
587,24,17573,60
588,24,21894,55
589,24,48331,40
590,24,18381,45
591,24,9814,45
592,24,9487,45
593,24,59838,40
594,24,16307,40
595,24,7404,40
596,24,4980,45
597,24,194082,45
598,24,6157,40
599,24,1078,45
600,24,5216,40
601,24,401,45
602,24,1300,45
603,24,24329,39
604,24,4780,40
605,24,427,45
606,24,5367,40
607,24,329,45
608,24,1962,40
609,24,236,45
610,24,313,45
611,24,648,45
612,24,444,44
613,24,2480,45
614,24,850,45
615,24,2379,40
616,24,4201,39
617,24,21997,40
618,24,8293,44
619,24,3487,45
620,24,5536,40
621,24,5156,45
622,24,1173,40
623,24,495,40
624,24,208,44
625,24,2384,40
626,24,527,59
627,24,1792,51
628,24,510,50
629,24,1192,40
630,24,214,45
631,24,161,45
632,24,70,45
633,24,262,45
634,24,140,45
635,24,800,40
636,24,255,45
637,24,1685,40
638,24,2498,45
639,24,2200,40
640,24,783,55
641,24,3215,59
642,24,19023,70
643,24,160,45
644,24,117,45
645,24,17039,60
646,24,631,40
647,24,248,55
648,24,12272,60
649,24,892,40
650,24,249,45
651,24,20824,55
652,24,10096,50
653,24,2393,50
654,24,196,45
655,24,69,45
656,24,107,45
657,24,162,45
658,24,482,40
659,24,153,45
660,24,473,40
661,24,76,45
662,24,699,40
663,24,329,45
664,24,145,50
665,24,1504,55
666,24,1678,45
667,24,215,45
668,24,0,45
669,24,0,40
670,24,0,45
1,25,42028,67
2,25,4704,48
3,25,61292,54
4,25,540800,113
5,25,24937,46
6,25,396865,82
7,25,3629,50
8,25,560005,50
9,25,33998,52
10,25,5384,44
11,25,365269,51
12,25,2925463,53
13,25,2641,45
14,25,9121,48
15,25,61245,46
16,25,382065,45
17,25,327660,52
18,25,59644,76
19,25,6407,47
20,25,8171,47
21,25,3392,51
22,25,39220,54
23,25,167726,43
24,25,695537,53
25,25,4621,47
26,25,9529,49
27,25,39383,40
28,25,5383,45
29,25,24467,43
30,25,7115,43
31,25,13872,42
32,25,348412,39
33,25,7751,59
34,25,3237,59
35,25,320459,40
36,25,5182,44
37,25,2970283,77
38,25,71446,55
39,25,14748,44
40,25,35382,52
41,25,652527,54
42,25,830180,49
43,25,486,45
44,25,38135,43
45,25,69968,53
46,25,412425,46
47,25,5393,43
48,25,921,60
49,25,2799,59
50,25,654062,43
51,25,43773,43
52,25,16515,49
53,25,6552,48
54,25,21494,62
55,25,276965,42
56,25,301900,40
57,25,22726,58
58,25,2890,43
59,25,2503,48
60,25,841,50
61,25,48548,42
62,25,451571,49
63,25,594,45
64,25,5233,48
65,25,41569,50
66,25,96764,44
67,25,52600,43
68,25,244270,61
69,25,53939,57
70,25,538258,42
71,25,2509,54
72,25,400,55
73,25,351,44
74,25,171597,44
75,25,394344,39
76,25,120336,44
77,25,211706,46
78,25,24472,52
79,25,47524,42
80,25,3122,53
81,25,255535,53
82,25,13098,44
83,25,80485,43
84,25,1534,50
85,25,12875,43
86,25,44733,58
87,25,106496,60
88,25,540058,51
89,25,42418,53
90,25,4961,54
91,25,70318,62
92,25,297299,45
93,25,53550,48
94,25,8611,39
95,25,4715,50
96,25,1272462,56
97,25,135573,44
98,25,3244,49
99,25,101166,40
100,25,38369,57
101,25,15719,46
102,25,387418,57
103,25,114668,67
104,25,276227,57
105,25,344193,47
106,25,66537,59
107,25,20979,53
108,25,49875,57
109,25,287139,46
110,25,718609,54
111,25,11048,47
112,25,47161,47
113,25,186831,49
114,25,161654,79
115,25,15872,59
116,25,18091,47
117,25,1002752,92
118,25,203293,72
119,25,142250,82
120,25,439700,68
121,25,15495,47
122,25,61058,57
123,25,520771,50
124,25,7821,44
125,25,12043,45
126,25,22775,43
127,25,11953,44
128,25,256022,48
129,25,2423,44
130,25,7552,52
131,25,64331,43
132,25,41474,55
133,25,26543,49
134,25,52086,43
135,25,18912,41
136,25,48109,44
137,25,90822,55
138,25,16551,56
139,25,34350,54
140,25,126344,56
141,25,706032,71
142,25,4533,53
143,25,2526,47
144,25,66361,44
145,25,43664,38
146,25,1209225,39
147,25,7048,43
148,25,27267,58
149,25,2720,48
150,25,115550,68
151,25,8039,43
152,25,46694,48
153,25,2652,60
154,25,9883,57
155,25,564737,61
156,25,420424,51
157,25,358971,48
158,25,17184,53
159,25,17800,59
160,25,6999,43
161,25,255,50
162,25,198760,55
163,25,6981,52
164,25,2700453,77
165,25,62086,48
166,25,536131,79
167,25,5615,43
168,25,40183,43
169,25,14957,57
170,25,100454,39
171,25,147522,39
172,25,1573,47
173,25,4597,41
174,25,1154,47
175,25,6765,52
176,25,8706,42
177,25,2399,50
178,25,10118,41
179,25,2193,42
180,25,2953,47
181,25,103269,53
182,25,23820,46
183,25,2003,43
184,25,281000,55
185,25,592,43
186,25,21906,43
187,25,11646,53
188,25,2977,46
189,25,2233,46
190,25,3233,48
191,25,117693,45
192,25,2886,43
193,25,19543,57
194,25,67684,42
195,25,34150,43
196,25,270586,38
197,25,200186,44
198,25,236523,52
199,25,587,48
200,25,1752844,50
201,25,194888,44
202,25,4714323,69
203,25,283212,55
204,25,75111,49
205,25,184002,50
206,25,4420,46
207,25,1418,47
208,25,70681,40
209,25,21803,42
210,25,2220,48
211,25,430005,39
212,25,30806,43
213,25,469219,47
214,25,87517,39
215,25,80171,39
216,25,8185,44
217,25,806290,55
218,25,16517,45
219,25,76048,55
220,25,16969,44
221,25,9300,52
222,25,18280,43
223,25,13059,43
224,25,1410017,101
225,25,12561,52
226,25,42719,59
227,25,78112,39
228,25,197139,64
229,25,50269,60
230,25,5171,51
231,25,1295526,73
232,25,1226505,59
233,25,25221,56
234,25,4032,47
235,25,679554,68
236,25,47422,48
237,25,1632,43
238,25,228572,53
239,25,1124506,50
240,25,13327,42
241,25,8755,53
242,25,2886,49
243,25,97106,53
244,25,89754,54
245,25,27130,42
246,25,32485,54
247,25,5977,64
248,25,3684,63
249,25,408949,93
250,25,517403,63
251,25,434022,118
252,25,492778,59
253,25,63710,54
254,25,3470984,126
255,25,1329290,73
256,25,48513,51
257,25,1957,51
258,25,44502,60
259,25,1146999,74
260,25,86403,52
261,25,13748,52
262,25,509857,44
263,25,58900,44
264,25,306233,38
265,25,6379,43
266,25,52831,54
267,25,1694,45
268,25,90832,103
269,25,15092,49
270,25,417686,61
271,25,2511151,61
272,25,863397,118
273,25,1810714,52
274,25,101308,59
275,25,234268,81
276,25,1018956,116
277,25,1961475,61
278,25,742803,61
279,25,200253,54
280,25,179333,60
281,25,97893,74
282,25,345766,92
283,25,46117,55
284,25,865821,61
285,25,5957,44
286,25,33570,53
287,25,66420,69
288,25,12508,47
289,25,5690,49
290,25,10497,58
291,25,396287,53
292,25,6523,49
293,25,13534,61
294,25,3766,48
295,25,14683,47
296,25,110406,76
297,25,2582,48
298,25,433588,55
299,25,15310,53
300,25,710730,50
301,25,201296,60
302,25,4834223,116
303,25,365331,87
304,25,2457,48
305,25,103837,52
306,25,953612,96
307,25,7353,42
308,25,97156,48
309,25,73715,49
310,25,24268,48
311,25,17856,62
312,25,5802,43
313,25,1394962,56
314,25,2178,48
315,25,149997,70
316,25,851,44
317,25,3166,44
318,25,41686,42
319,25,53417,39
320,25,24780,52
321,25,10411,53
322,25,3333,49
323,25,39215,47
324,25,12397,45
325,25,137600,50
326,25,14554,48
327,25,889,43
328,25,54728,42
329,25,3496,59
330,25,2263,52
331,25,1394,44
332,25,14912,42
333,25,4476,42
334,25,5775,49
335,25,16123,43
336,25,3900,46
337,25,2135,48
338,25,191350,51
339,25,33833,56
340,25,26921,57
341,25,7036,48
342,25,13056,39
343,25,16593,55
344,25,144533,52
345,25,48412,46
346,25,9304,56
347,25,70723,50
348,25,7510,43
349,25,10384,45
350,25,8042,43
351,25,67068,49
352,25,7200,42
353,25,145915,47
354,25,9522,47
355,25,111762,49
356,25,1975,47
357,25,15015,56
358,25,53510,54
359,25,5482,58
360,25,7325,49
361,25,38860,51
362,25,76717,50
363,25,1316683,45
364,25,148184,45
365,25,14448,64
366,25,1385122,85
367,25,22826,46
368,25,32806,55
369,25,257742,47
370,25,709815,60
371,25,8423,43
372,25,1730,54
373,25,39087,44
374,25,6848,43
375,25,413720,47
376,25,623986,49
377,25,435889,58
378,25,4406,47
379,25,11664,44
380,25,81355,39
381,25,58085,46
382,25,4284,54
383,25,501770,56
384,25,11250,47
385,25,31185,47
386,25,133319,54
387,25,9179,57
388,25,2020394,110
389,25,117758,52
390,25,4124945,95
391,25,259259,49
392,25,84603,66
393,25,15815,43
394,25,40775,74
395,25,70326,46
396,25,67221,49
397,25,7812,51
398,25,55528,52
399,25,5442,47
400,25,30702,70
401,25,5175,47
402,25,3967,49
403,25,29064,69
404,25,1543,44
405,25,41980,59
406,25,4385,43
407,25,13318,43
408,25,6922,52
409,25,3832,47
410,25,2358,52
411,25,3656,51
412,25,9443,44
413,25,2400,47
414,25,10184,41
415,25,12139,51
416,25,2473,48
417,25,176444,45
418,25,6461,44
419,25,21106,48
420,25,1676,45
421,25,1902,47
422,25,15841,45
423,25,1027,48
424,25,129864,42
425,25,12354,42
426,25,31102,43
427,25,27170,46
428,25,5841,56
429,25,469454,40
430,25,16903,43
431,25,293990,51
432,25,120664,49
433,25,782,45
434,25,3733,49
435,25,2132355,58
436,25,5552,55
437,25,1056700,66
438,25,17681,42
439,25,7554,64
440,25,9146,61
441,25,18339,61
442,25,32553,43
443,25,56197,42
444,25,489,55
445,25,143681,60
446,25,13720,50
447,25,515,55
448,25,170163,47
449,25,1225256,54
450,25,46060,59
451,25,34681,43
452,25,196991,39
453,25,18621,43
454,25,69152,52
455,25,345901,53
456,25,8296,44
457,25,335144,56
458,25,99686,54
459,25,364403,48
460,25,374176,81
461,25,414211,49
462,25,2889,54
463,25,9335,48
464,25,38320,46
465,25,394719,60
466,25,109486,51
467,25,142327,39
468,25,172746,66
469,25,85346,53
470,25,624036,40
471,25,59815,41
472,25,6904,44
473,25,622,49
474,25,546159,57
475,25,14837,43
476,25,24171,48
477,25,338,50
478,25,218444,75
479,25,5633,43
480,25,5596,47
481,25,114935,55
482,25,46050,43
483,25,143299,46
484,25,16523,44
485,25,106069,45
486,25,41165,43
487,25,1571,48
488,25,5881,43
489,25,90639,58
490,25,253296,56
491,25,21865,43
492,25,163853,57
493,25,18147,45
494,25,378552,50
495,25,109385,66
496,25,101620,50
497,25,3606,49
498,25,306135,57
499,25,3187,43
500,25,195340,82
501,25,54639,47
502,25,49129,52
503,25,97369,40
504,25,84797,52
505,25,7103,47
506,25,685838,66
507,25,12612,56
508,25,756265,77
509,25,36840,43
510,25,9967,43
511,25,4053,43
512,25,68464,52
513,25,109986,42
514,25,1851381,65
515,25,2376,47
516,25,319873,45
517,25,14725,43
518,25,117469,43
519,25,352688,38
520,25,40209,39
521,25,17041,39
522,25,37552,40
523,25,469327,40
524,25,23899,43
525,25,4707,42
526,25,77121,42
527,25,93602,40
528,25,50478,40
529,25,43727,39
530,25,7166,44
531,25,80269,56
532,25,21544,40
533,25,809,43
534,25,3206,40
535,25,1807,45
536,25,7727,40
537,25,980,45
538,25,5758,44
539,25,78896,43
540,25,35503,59
541,25,3971,57
542,25,188446,55
543,25,22307,93
544,25,4720,55
545,25,3657,44
546,25,157046,52
547,25,4340,44
548,25,585036,51
549,25,1422,44
550,25,906,45
551,25,687,45
552,25,1119,44
553,25,2580,44
554,25,6904,45
555,25,753,49
556,25,1664833,61
557,25,101246,50
558,25,511228,47
559,25,13413,40
560,25,8626,45
561,25,26015,50
562,25,72995,45
563,25,8550,50
564,25,7249,69
565,25,1685,45
566,25,23392,50
567,25,20849,49
568,25,47419,54
569,25,394604,80
570,25,831839,54
571,25,9239,45
572,25,44557,45
573,25,10725,45
574,25,6531,50
575,25,495,52
576,25,76263,45
577,25,14064,45
578,25,39351,40
579,25,4798,49
580,25,22536,40
581,25,1587,45
582,25,2748,57
583,25,9709,40
584,25,2747,50
585,25,281,43
586,25,3948,45
587,25,16319,60
588,25,21948,55
589,25,45562,40
590,25,18394,45
591,25,9817,45
592,25,9668,45
593,25,58674,40
594,25,15678,40
595,25,7175,40
596,25,4815,45
597,25,228267,45
598,25,6391,40
599,25,1119,45
600,25,5023,40
601,25,435,45
602,25,1548,45
603,25,25191,39
604,25,4766,40
605,25,439,45
606,25,5515,40
607,25,335,45
608,25,5393,39
609,25,248,45
610,25,341,45
611,25,709,45
612,25,509,44
613,25,2387,45
614,25,879,45
615,25,2538,40
616,25,5381,39
617,25,21939,40
618,25,9051,44
619,25,4516,45
620,25,5962,40
621,25,6084,45
622,25,1275,40
623,25,471,40
624,25,331,44
625,25,2508,40
626,25,487,59
627,25,1645,51
628,25,549,50
629,25,1312,40
630,25,232,45
631,25,164,45
632,25,64,45
633,25,274,45
634,25,162,45
635,25,937,40
636,25,274,45
637,25,1948,40
638,25,2836,45
639,25,2444,40
640,25,821,54
641,25,2651,59
642,25,22081,70
643,25,236,45
644,25,169,45
645,25,16774,60
646,25,857,40
647,25,303,55
648,25,33054,60
649,25,1106,40
650,25,260,45
651,25,14102,55
652,25,22245,50
653,25,1929,50
654,25,352,45
655,25,106,45
656,25,185,45
657,25,323,45
658,25,565,40
659,25,206,45
660,25,601,40
661,25,76,45
662,25,3402,39
663,25,408,45
664,25,168,50
665,25,73622,55
666,25,1687,45
667,25,532,45
668,25,29,45
669,25,137,40
670,25,216,45
671,25,0,45
672,25,0,45
673,25,0,45
1,26,41913,67
2,26,4686,48
3,26,61560,54
4,26,533795,113
5,26,22697,46
6,26,316981,81
7,26,3544,50
8,26,536034,50
9,26,33799,52
10,26,5222,44
11,26,349020,51
12,26,3126231,53
13,26,2711,45
14,26,9064,48
15,26,73367,46
16,26,332522,44
17,26,335811,52
18,26,57927,76
19,26,6388,47
20,26,8723,47
21,26,3428,51
22,26,38784,54
23,26,181770,43
24,26,666277,52
25,26,4591,47
26,26,8583,49
27,26,38783,40
28,26,5517,45
29,26,34598,43
30,26,7012,43
31,26,14076,42
32,26,364724,39
33,26,7650,59
34,26,3229,59
35,26,302548,40
36,26,5233,44
37,26,1942313,76
38,26,75963,55
39,26,13059,44
40,26,35515,52
41,26,674342,54
42,26,1091943,49
43,26,484,45
44,26,36858,43
45,26,68349,53
46,26,495717,46
47,26,5303,43
48,26,996,60
49,26,2791,59
50,26,661257,43
51,26,42796,43
52,26,16890,49
53,26,6509,48
54,26,21653,62
55,26,268724,42
56,26,285573,40
57,26,22174,58
58,26,2876,43
59,26,2516,48
60,26,838,50
61,26,58960,42
62,26,453444,49
63,26,591,45
64,26,5312,48
65,26,37358,50
66,26,85235,43
67,26,77937,43
68,26,227174,61
69,26,53213,57
70,26,517556,42
71,26,2525,54
72,26,425,55
73,26,349,44
74,26,182149,44
75,26,375759,39
76,26,119948,44
77,26,205932,46
78,26,24448,52
79,26,52875,42
80,26,3226,53
81,26,237558,53
82,26,12953,44
83,26,50035,43
84,26,1588,50
85,26,12760,43
86,26,46068,58
87,26,44951,60
88,26,434386,51
89,26,38425,53
90,26,3653,54
91,26,63956,62
92,26,286977,45
93,26,61123,48
94,26,8457,39
95,26,4391,50
96,26,1175405,56
97,26,137404,44
98,26,3327,49
99,26,95974,40
100,26,33654,57
101,26,15690,46
102,26,388474,57
103,26,118179,67
104,26,261456,57
105,26,358107,47
106,26,75591,59
107,26,21671,53
108,26,49453,57
109,26,284917,46
110,26,693755,54
111,26,11052,47
112,26,45717,47
113,26,187155,49
114,26,156364,79
115,26,15698,59
116,26,18295,47
117,26,937537,92
118,26,194982,71
119,26,136200,82
120,26,517535,68
121,26,15308,47
122,26,50259,57
123,26,499508,50
124,26,7901,44
125,26,12854,45
126,26,22539,43
127,26,11816,44
128,26,249955,48
129,26,2296,44
130,26,7269,52
131,26,63596,43
132,26,53098,55
133,26,26755,48
134,26,51573,43
135,26,18936,41
136,26,47805,44
137,26,90588,55
138,26,16645,56
139,26,31886,54
140,26,140330,56
141,26,671010,71
142,26,4459,53
143,26,2495,47
144,26,66758,44
145,26,49231,38
146,26,1190139,39
147,26,6840,43
148,26,25887,58
149,26,2762,48
150,26,130125,68
151,26,7854,43
152,26,64034,48
153,26,2590,60
154,26,10022,57
155,26,834717,61
156,26,523466,51
157,26,426041,48
158,26,17302,53
159,26,17587,59
160,26,6845,43
161,26,262,50
162,26,161064,55
163,26,7272,52
164,26,3522058,78
165,26,86995,48
166,26,648119,79
167,26,5592,43
168,26,38153,43
169,26,14911,57
170,26,95815,39
171,26,184334,39
172,26,1557,47
173,26,4477,41
174,26,1145,47
175,26,6539,52
176,26,8601,42
177,26,2379,50
178,26,10233,41
179,26,2167,42
180,26,2907,47
181,26,102509,53
182,26,23563,46
183,26,1989,43
184,26,271698,55
185,26,582,43
186,26,21546,43
187,26,10611,53
188,26,2988,46
189,26,2216,46
190,26,3196,48
191,26,120177,45
192,26,2866,43
193,26,19221,57
194,26,66693,42
195,26,35535,43
196,26,260279,38
197,26,192503,44
198,26,217095,52
199,26,630,48
200,26,1680662,50
201,26,162406,44
202,26,4203736,69
203,26,199345,55
204,26,73105,49
205,26,181789,50
206,26,5298,46
207,26,1405,47
208,26,68640,40
209,26,22111,42
210,26,2178,48
211,26,474242,40
212,26,30364,43
213,26,445023,46
214,26,86483,39
215,26,78337,39
216,26,8080,44
217,26,824323,55
218,26,16390,45
219,26,101566,55
220,26,16850,44
221,26,9431,52
222,26,17997,43
223,26,12981,43
224,26,1677796,102
225,26,12385,52
226,26,100235,59
227,26,80876,39
228,26,210061,64
229,26,48397,60
230,26,5107,51
231,26,882507,73
232,26,1039245,58
233,26,24687,56
234,26,4034,47
235,26,1818990,69
236,26,49935,48
237,26,1621,43
238,26,252593,53
239,26,790257,50
240,26,22257,42
241,26,8547,53
242,26,2951,49
243,26,99531,53
244,26,81942,54
245,26,27326,42
246,26,31629,54
247,26,6075,64
248,26,3747,63
249,26,372009,92
250,26,515338,63
251,26,421047,118
252,26,484298,59
253,26,62448,54
254,26,3327142,126
255,26,1233193,72
256,26,50182,51
257,26,1948,51
258,26,41961,60
259,26,1114153,74
260,26,85845,52
261,26,13897,52
262,26,509695,44
263,26,63292,44
264,26,342532,38
265,26,6290,43
266,26,55612,54
267,26,1681,45
268,26,94076,103
269,26,15040,49
270,26,406382,61
271,26,2989456,62
272,26,997513,118
273,26,1879314,52
274,26,100391,59
275,26,262761,81
276,26,962115,116
277,26,2160702,61
278,26,821250,61
279,26,197955,54
280,26,177910,60
281,26,123438,74
282,26,287167,92
283,26,57380,55
284,26,845106,61
285,26,5904,44
286,26,33983,53
287,26,64912,69
288,26,12523,47
289,26,5664,49
290,26,10497,58
291,26,379733,53
292,26,6502,49
293,26,13428,61
294,26,3742,48
295,26,14843,47
296,26,102808,76
297,26,2570,48
298,26,437207,55
299,26,15812,53
300,26,848394,51
301,26,257874,59
302,26,4871297,116
303,26,342864,87
304,26,2447,48
305,26,103425,52
306,26,988575,96
307,26,7324,42
308,26,100816,48
309,26,60887,49
310,26,23600,48
311,26,19216,62
312,26,5735,43
313,26,1417512,56
314,26,2168,48
315,26,150507,70
316,26,847,44
317,26,3138,44
318,26,41329,42
319,26,51381,39
320,26,24532,52
321,26,10481,53
322,26,3280,49
323,26,38000,47
324,26,12035,45
325,26,130155,50
326,26,14650,48
327,26,879,43
328,26,55427,42
329,26,3901,59
330,26,2252,52
331,26,1450,44
332,26,14279,42
333,26,4577,42
334,26,5294,49
335,26,15283,43
336,26,4056,46
337,26,2118,48
338,26,200381,51
339,26,37238,56
340,26,25804,57
341,26,6985,48
342,26,12830,39
343,26,16336,55
344,26,134147,52
345,26,44249,46
346,26,9299,56
347,26,70233,50
348,26,7418,43
349,26,10213,45
350,26,7847,43
351,26,66412,49
352,26,7058,42
353,26,139901,47
354,26,9475,47
355,26,110677,49
356,26,1936,47
357,26,15112,56
358,26,51512,54
359,26,5380,58
360,26,6965,49
361,26,37802,51
362,26,69891,50
363,26,1213725,45
364,26,138529,45
365,26,13670,64
366,26,791954,84
367,26,20694,46
368,26,26419,55
369,26,243075,47
370,26,580052,60
371,26,8318,43
372,26,1724,54
373,26,44804,44
374,26,6734,43
375,26,345802,47
376,26,532804,49
377,26,344098,58
378,26,4319,47
379,26,11590,44
380,26,78293,39
381,26,57285,46
382,26,4387,54
383,26,522566,56
384,26,11201,47
385,26,30934,47
386,26,134321,54
387,26,9666,57
388,26,2632864,111
389,26,114374,52
390,26,4189610,95
391,26,324492,49
392,26,91438,66
393,26,15483,43
394,26,45802,74
395,26,74856,46
396,26,76489,49
397,26,7798,51
398,26,59707,52
399,26,5419,47
400,26,30721,70
401,26,5103,47
402,26,4219,49
403,26,28950,69
404,26,1524,44
405,26,45715,59
406,26,4349,43
407,26,12679,43
408,26,7022,52
409,26,3786,47
410,26,2347,52
411,26,3657,51
412,26,14791,44
413,26,2418,46
414,26,10064,41
415,26,11970,51
416,26,2449,48
417,26,190245,45
418,26,7825,44
419,26,16421,48
420,26,1662,45
421,26,1853,47
422,26,19396,45
423,26,1015,48
424,26,133376,42
425,26,12360,42
426,26,30018,43
427,26,26965,45
428,26,5596,56
429,26,450793,40
430,26,16464,43
431,26,270085,50
432,26,92340,48
433,26,777,45
434,26,3713,49
435,26,1951095,58
436,26,5453,55
437,26,806676,65
438,26,17192,42
439,26,7632,64
440,26,9122,61
441,26,18081,61
442,26,31703,43
443,26,53072,42
444,26,487,55
445,26,131714,60
446,26,13571,50
447,26,513,55
448,26,171324,47
449,26,1035811,53
450,26,44540,59
451,26,36231,43
452,26,198436,39
453,26,18464,43
454,26,69264,52
455,26,353383,53
456,26,8226,44
457,26,334817,56
458,26,95161,54
459,26,368149,48
460,26,371741,81
461,26,420093,49
462,26,3316,54
463,26,9279,48
464,26,40134,46
465,26,396505,60
466,26,120705,51
467,26,135566,39
468,26,180465,66
469,26,80328,53
470,26,601307,40
471,26,59227,41
472,26,6813,44
473,26,637,49
474,26,573088,57
475,26,14636,43
476,26,24266,48
477,26,337,50
478,26,217161,75
479,26,6480,43
480,26,5473,47
481,26,149896,54
482,26,45896,43
483,26,140325,46
484,26,17973,44
485,26,104009,45
486,26,40552,43
487,26,1547,48
488,26,5868,43
489,26,87401,58
490,26,229040,56
491,26,21537,43
492,26,157540,57
493,26,18123,45
494,26,372807,50
495,26,108058,66
496,26,70679,50
497,26,3574,49
498,26,324627,57
499,26,3140,43
500,26,194537,82
501,26,54162,47
502,26,49138,52
503,26,94550,40
504,26,80258,52
505,26,6977,47
506,26,524491,65
507,26,12601,56
508,26,842022,77
509,26,36686,43
510,26,8966,43
511,26,4014,43
512,26,73600,52
513,26,112591,42
514,26,2191797,65
515,26,2371,47
516,26,383375,45
517,26,15496,43
518,26,133353,42
519,26,370631,38
520,26,38941,39
521,26,16726,39
522,26,36405,40
523,26,449303,40
524,26,24128,43
525,26,4761,42
526,26,83320,42
527,26,87098,40
528,26,47534,40
529,26,45285,39
530,26,7122,44
531,26,80413,56
532,26,20824,40
533,26,791,43
534,26,3169,40
535,26,1798,45
536,26,7815,40
537,26,974,45
538,26,5444,44
539,26,81413,43
540,26,106998,59
541,26,4050,57
542,26,235681,55
543,26,33314,93
544,26,4885,55
545,26,3653,44
546,26,175336,52
547,26,4075,44
548,26,528454,51
549,26,1767,44
550,26,884,45
551,26,672,45
552,26,1159,44
553,26,2509,44
554,26,7143,45
555,26,744,49
556,26,1791947,61
557,26,201738,50
558,26,419125,47
559,26,13314,40
560,26,8772,45
561,26,23292,50
562,26,180656,45
563,26,8524,50
564,26,7181,69
565,26,1603,45
566,26,36310,50
567,26,20432,49
568,26,45757,54
569,26,226853,79
570,26,732151,54
571,26,12135,45
572,26,45278,45
573,26,9295,45
574,26,6735,50
575,26,489,52
576,26,75865,45
577,26,12415,45
578,26,37936,40
579,26,4683,49
580,26,20785,40
581,26,1573,45
582,26,2861,57
583,26,9167,40
584,26,2699,50
585,26,301,43
586,26,3993,45
587,26,14382,60
588,26,21653,55
589,26,53275,40
590,26,19926,45
591,26,10040,45
592,26,10021,45
593,26,56192,40
594,26,14609,40
595,26,6784,40
596,26,4656,45
597,26,238426,45
598,26,6641,40
599,26,1140,45
600,26,5133,40
601,26,462,45
602,26,1449,45
603,26,28854,39
604,26,4806,40
605,26,464,45
606,26,5377,40
607,26,364,45
608,26,9897,39
609,26,273,45
610,26,400,45
611,26,741,45
612,26,545,44
613,26,3228,45
614,26,1001,45
615,26,2715,40
616,26,7570,39
617,26,22155,40
618,26,11705,44
619,26,4705,45
620,26,6269,40
621,26,7242,45
622,26,1404,40
623,26,451,40
624,26,497,44
625,26,2551,40
626,26,450,59
627,26,1560,50
628,26,571,50
629,26,1437,40
630,26,265,45
631,26,183,45
632,26,61,45
633,26,300,45
634,26,192,45
635,26,1008,40
636,26,300,45
637,26,2238,40
638,26,3298,45
639,26,2555,40
640,26,938,54
641,26,9318,58
642,26,20524,70
643,26,390,45
644,26,193,45
645,26,16016,59
646,26,1018,40
647,26,387,55
648,26,62672,60
649,26,1377,40
650,26,502,44
651,26,10227,54
652,26,29699,50
653,26,1893,49
654,26,568,45
655,26,124,45
656,26,144,45
657,26,227,45
658,26,766,40
659,26,261,45
660,26,791,40
661,26,163,44
662,26,35255,39
663,26,510,45
664,26,196,50
665,26,109950,55
666,26,2101,45
667,26,822,45
668,26,130,45
669,26,415,40
670,26,172,45
671,26,66,45
672,26,62,45
673,26,118,45
674,26,0,40
675,26,0,40
676,26,0,45
677,26,0,40
678,26,0,40
679,26,0,40
680,26,0,45
681,26,0,40
682,26,0,40
1,27,41826,67
2,27,4672,48
3,27,68830,54
4,27,607950,113
5,27,23638,46
6,27,342388,81
7,27,3499,50
8,27,544986,50
9,27,34608,52
10,27,6468,44
11,27,356457,51
12,27,3221664,53
13,27,2819,45
14,27,9026,48
15,27,76521,46
16,27,326855,44
17,27,373950,52
18,27,95594,76
19,27,6363,47
20,27,11316,47
21,27,3459,51
22,27,38608,54
23,27,169763,43
24,27,787502,52
25,27,4583,47
26,27,8292,49
27,27,38463,40
28,27,5611,45
29,27,34731,43
30,27,6963,43
31,27,14083,42
32,27,363991,39
33,27,7591,59
34,27,3223,59
35,27,299689,40
36,27,5238,44
37,27,1710723,76
38,27,75478,55
39,27,12505,44
40,27,35447,52
41,27,686431,54
42,27,1114091,50
43,27,484,45
44,27,37258,43
45,27,85350,53
46,27,521973,46
47,27,5256,43
48,27,979,60
49,27,2783,59
50,27,659006,43
51,27,42508,43
52,27,16492,49
53,27,6484,48
54,27,21739,62
55,27,270938,42
56,27,286537,39
57,27,22497,58
58,27,2864,43
59,27,2544,48
60,27,833,50
61,27,61191,42
62,27,465312,49
63,27,591,45
64,27,5352,48
65,27,35747,50
66,27,80369,43
67,27,85005,43
68,27,218822,61
69,27,55410,57
70,27,512141,42
71,27,2539,54
72,27,466,55
73,27,346,44
74,27,182072,44
75,27,370097,39
76,27,121400,44
77,27,202270,46
78,27,24130,52
79,27,53358,42
80,27,3243,53
81,27,227761,53
82,27,12890,44
83,27,47453,43
84,27,1576,50
85,27,12695,43
86,27,42763,58
87,27,33459,60
88,27,393038,51
89,27,37357,53
90,27,3448,54
91,27,65704,62
92,27,272794,45
93,27,69079,48
94,27,8408,39
95,27,4300,50
96,27,1146184,56
97,27,135325,44
98,27,3465,49
99,27,95302,40
100,27,32270,57
101,27,15681,46
102,27,413569,57
103,27,116942,67
104,27,230456,57
105,27,351816,47
106,27,71162,59
107,27,22279,53
108,27,48670,57
109,27,343699,46
110,27,669235,54
111,27,11062,47
112,27,45351,47
113,27,190315,49
114,27,157663,79
115,27,15383,59
116,27,32097,47
117,27,921462,92
118,27,184000,71
119,27,135479,82
120,27,928092,69
121,27,15152,47
122,27,46119,57
123,27,500383,50
124,27,7812,44
125,27,14246,45
126,27,22461,43
127,27,11732,44
128,27,249531,48
129,27,2241,44
130,27,7150,52
131,27,63085,43
132,27,51006,55
133,27,26654,48
134,27,52995,43
135,27,19006,41
136,27,48436,44
137,27,90069,55
138,27,16664,56
139,27,31717,54
140,27,135398,56
141,27,664880,71
142,27,4477,53
143,27,2479,47
144,27,65875,44
145,27,46371,38
146,27,1129439,38
147,27,6734,43
148,27,25187,58
149,27,2741,48
150,27,142696,68
151,27,7769,43
152,27,56428,48
153,27,2557,60
154,27,10058,57
155,27,806107,62
156,27,521272,51
157,27,420674,48
158,27,17376,53
159,27,17240,59
160,27,6752,43
161,27,257,50
162,27,149959,55
163,27,7051,52
164,27,3273175,78
165,27,84657,48
166,27,713026,79
167,27,5598,43
168,27,37374,43
169,27,14884,57
170,27,94595,39
171,27,185305,39
172,27,1556,47
173,27,4418,41
174,27,1141,47
175,27,6618,52
176,27,8581,42
177,27,2371,50
178,27,10319,41
179,27,2156,42
180,27,2882,47
181,27,92343,53
182,27,23422,46
183,27,1976,43
184,27,270580,55
185,27,581,43
186,27,21415,43
187,27,9880,53
188,27,3044,46
189,27,2211,46
190,27,3168,48
191,27,119974,45
192,27,2856,43
193,27,19229,57
194,27,66429,42
195,27,36032,43
196,27,257657,38
197,27,192187,44
198,27,213960,52
199,27,617,48
200,27,1749787,50
201,27,155695,44
202,27,4204947,68
203,27,190657,54
204,27,72096,49
205,27,181171,50
206,27,5451,46
207,27,1396,47
208,27,68111,40
209,27,21291,42
210,27,2142,48
211,27,481215,40
212,27,30182,43
213,27,451902,46
214,27,86323,39
215,27,77716,39
216,27,8016,44
217,27,823708,55
218,27,16274,45
219,27,79975,55
220,27,16773,44
221,27,9782,52
222,27,17893,43
223,27,13025,43
224,27,1636044,102
225,27,12296,52
226,27,101983,59
227,27,85894,39
228,27,297165,64
229,27,47729,60
230,27,5060,51
231,27,570292,72
232,27,1044182,58
233,27,34083,56
234,27,4045,47
235,27,681418,69
236,27,54282,48
237,27,1612,43
238,27,257450,53
239,27,708860,49
240,27,21143,42
241,27,8626,53
242,27,2988,49
243,27,99227,53
244,27,78322,54
245,27,29078,42
246,27,31197,54
247,27,6073,64
248,27,3811,63
249,27,360305,92
250,27,513748,62
251,27,416464,118
252,27,482808,59
253,27,62761,54
254,27,3157978,126
255,27,1219645,72
256,27,50036,51
257,27,1940,51
258,27,39980,60
259,27,1119826,74
260,27,85425,52
261,27,13955,52
262,27,504064,44
263,27,76673,44
264,27,338130,38
265,27,6237,43
266,27,55378,54
267,27,1669,45
268,27,97816,103
269,27,14994,49
270,27,404905,61
271,27,3113365,62
272,27,1345202,118
273,27,1963877,52
274,27,99674,59
275,27,435480,81
276,27,851293,116
277,27,2016907,62
278,27,829937,61
279,27,196606,54
280,27,176133,60
281,27,121629,74
282,27,324444,92
283,27,54184,55
284,27,779864,61
285,27,5873,44
286,27,34280,53
287,27,64811,69
288,27,12558,47
289,27,5639,49
290,27,10270,58
291,27,335797,53
292,27,6487,49
293,27,13342,61
294,27,3722,48
295,27,14874,47
296,27,100175,76
297,27,2564,48
298,27,428377,55
299,27,16418,53
300,27,838482,51
301,27,711809,60
302,27,4576726,116
303,27,308156,87
304,27,2439,48
305,27,106356,52
306,27,898689,96
307,27,7342,42
308,27,99602,48
309,27,63217,49
310,27,23621,48
311,27,19616,62
312,27,5693,43
313,27,1385752,56
314,27,2158,48
315,27,151682,70
316,27,845,44
317,27,3123,44
318,27,41221,42
319,27,50527,39
320,27,24630,51
321,27,11006,53
322,27,3297,49
323,27,37538,47
324,27,12058,45
325,27,126099,50
326,27,15882,48
327,27,877,43
328,27,64677,42
329,27,3848,59
330,27,2245,52
331,27,1464,44
332,27,14041,42
333,27,4431,42
334,27,5111,49
335,27,14963,43
336,27,4119,46
337,27,2106,48
338,27,191273,51
339,27,31351,56
340,27,27558,57
341,27,6961,48
342,27,12706,39
343,27,15452,55
344,27,138994,52
345,27,42367,46
346,27,10081,56
347,27,70600,50
348,27,7396,43
349,27,10465,45
350,27,7992,43
351,27,67944,49
352,27,6907,42
353,27,137759,47
354,27,9438,47
355,27,110816,49
356,27,1957,47
357,27,15309,56
358,27,47641,53
359,27,5379,58
360,27,6935,49
361,27,37245,51
362,27,77567,50
363,27,1200335,45
364,27,133046,45
365,27,18416,64
366,27,873434,84
367,27,20263,46
368,27,34176,55
369,27,281133,47
370,27,728610,59
371,27,8254,43
372,27,1722,54
373,27,45903,44
374,27,6676,43
375,27,332950,47
376,27,543034,49
377,27,365318,58
378,27,4264,47
379,27,11412,44
380,27,77000,39
381,27,56732,46
382,27,4465,54
383,27,526528,56
384,27,11160,47
385,27,30551,47
386,27,142727,54
387,27,9641,57
388,27,2779044,112
389,27,113879,52
390,27,4448091,95
391,27,282333,49
392,27,101529,66
393,27,15327,43
394,27,50793,74
395,27,72308,46
396,27,76344,49
397,27,7807,51
398,27,68504,52
399,27,5398,47
400,27,30588,70
401,27,5051,47
402,27,4124,49
403,27,28843,69
404,27,1507,44
405,27,45448,59
406,27,4326,43
407,27,12439,43
408,27,7022,52
409,27,3768,47
410,27,2353,52
411,27,3864,51
412,27,29761,44
413,27,2419,46
414,27,10012,41
415,27,11865,51
416,27,2431,48
417,27,203076,45
418,27,8205,44
419,27,16827,48
420,27,1657,45
421,27,1843,47
422,27,18926,45
423,27,1012,48
424,27,132097,42
425,27,12962,42
426,27,29584,43
427,27,26939,45
428,27,5594,56
429,27,446778,40
430,27,16316,43
431,27,251145,50
432,27,83537,48
433,27,776,45
434,27,3697,49
435,27,2033246,58
436,27,5373,55
437,27,1008896,65
438,27,16424,42
439,27,7859,64
440,27,9090,61
441,27,17936,61
442,27,31322,43
443,27,52220,42
444,27,484,55
445,27,129995,60
446,27,13549,50
447,27,510,55
448,27,176142,47
449,27,1091209,53
450,27,44505,59
451,27,37930,43
452,27,200264,39
453,27,18455,43
454,27,69708,52
455,27,352583,53
456,27,8183,44
457,27,333888,56
458,27,94710,54
459,27,371088,48
460,27,370104,81
461,27,414409,49
462,27,3417,54
463,27,9247,48
464,27,40175,46
465,27,396225,60
466,27,147665,51
467,27,133246,39
468,27,234818,66
469,27,78361,53
470,27,584671,40
471,27,59031,41
472,27,6783,44
473,27,653,49
474,27,603632,57
475,27,14543,43
476,27,24241,48
477,27,335,50
478,27,223636,75
479,27,7542,43
480,27,5424,47
481,27,142158,54
482,27,45855,43
483,27,142392,46
484,27,17150,44
485,27,103556,45
486,27,39655,43
487,27,1539,48
488,27,5855,43
489,27,80588,58
490,27,221182,56
491,27,21388,43
492,27,154761,57
493,27,18128,45
494,27,369659,49
495,27,107686,66
496,27,63744,50
497,27,3603,49
498,27,330306,57
499,27,3112,43
500,27,193889,82
501,27,53978,47
502,27,49182,52
503,27,94007,40
504,27,77947,52
505,27,6912,47
506,27,486886,65
507,27,13894,56
508,27,749202,77
509,27,38214,43
510,27,7945,43
511,27,4032,43
512,27,70161,52
513,27,118335,42
514,27,2177416,66
515,27,2365,47
516,27,383924,45
517,27,15201,43
518,27,135490,42
519,27,366222,38
520,27,38406,39
521,27,16604,39
522,27,35839,40
523,27,461845,40
524,27,24375,43
525,27,4766,42
526,27,84602,42
527,27,85751,40
528,27,54457,39
529,27,43587,39
530,27,7116,44
531,27,79974,56
532,27,20594,40
533,27,786,43
534,27,3148,40
535,27,1811,45
536,27,7883,40
537,27,991,45
538,27,5200,44
539,27,77551,43
540,27,107256,59
541,27,4441,57
542,27,269526,55
543,27,175626,93
544,27,5852,55
545,27,3676,44
546,27,170509,52
547,27,3996,44
548,27,553834,51
549,27,1964,44
550,27,869,45
551,27,664,45
552,27,1173,44
553,27,2479,44
554,27,7523,45
555,27,728,49
556,27,1984384,61
557,27,185074,50
558,27,435880,46
559,27,13344,40
560,27,8579,45
561,27,24686,50
562,27,167500,45
563,27,8466,50
564,27,6965,69
565,27,1588,45
566,27,35766,50
567,27,20915,49
568,27,44811,54
569,27,202269,79
570,27,837804,54
571,27,17319,45
572,27,45373,45
573,27,8810,45
574,27,6728,50
575,27,487,52
576,27,77982,45
577,27,10976,45
578,27,37677,40
579,27,4630,49
580,27,20373,40
581,27,1594,45
582,27,2709,57
583,27,9282,40
584,27,2695,50
585,27,370,43
586,27,4038,45
587,27,14430,60
588,27,21603,55
589,27,54445,40
590,27,21035,45
591,27,10107,45
592,27,10460,45
593,27,55398,40
594,27,14450,40
595,27,6512,40
596,27,4562,45
597,27,242162,45
598,27,6783,40
599,27,1138,45
600,27,5140,40
601,27,485,45
602,27,1424,45
603,27,34604,39
604,27,4810,40
605,27,465,45
606,27,5162,40
607,27,388,45
608,27,9336,39
609,27,276,45
610,27,408,45
611,27,798,45
612,27,615,44
613,27,3119,45
614,27,1030,45
615,27,2808,40
616,27,8191,39
617,27,21885,40
618,27,11703,44
619,27,4846,45
620,27,6480,40
621,27,7323,45
622,27,1438,40
623,27,440,40
624,27,529,44
625,27,2654,40
626,27,435,59
627,27,1537,50
628,27,610,50
629,27,1522,40
630,27,281,45
631,27,209,45
632,27,62,45
633,27,321,45
634,27,220,45
635,27,1108,40
636,27,341,45
637,27,2363,40
638,27,3169,45
639,27,2448,40
640,27,931,54
641,27,6645,58
642,27,16772,70
643,27,441,45
644,27,212,45
645,27,19508,59
646,27,1121,40
647,27,425,55
648,27,57017,60
649,27,1502,40
650,27,550,44
651,27,9274,54
652,27,28038,50
653,27,2002,49
654,27,691,45
655,27,146,45
656,27,177,45
657,27,274,45
658,27,904,40
659,27,289,45
660,27,905,40
661,27,195,44
662,27,30806,39
663,27,529,45
664,27,231,50
665,27,99917,55
666,27,2244,45
667,27,896,45
668,27,158,45
669,27,482,40
670,27,254,45
671,27,103,45
672,27,97,45
673,27,161,45
674,27,177,40
675,27,128,40
676,27,49,45
677,27,67,40
678,27,53,40
679,27,139,40
680,27,24,45
681,27,121,40
682,27,45,40
683,27,0,45
684,27,0,45
685,27,0,40
1,28,41758,67
2,28,4661,48
3,28,67480,54
4,28,662505,114
5,28,22265,46
6,28,321193,81
7,28,3464,50
8,28,537344,50
9,28,34506,52
10,28,6981,44
11,28,335357,51
12,28,3333120,54
13,28,2959,45
14,28,8983,48
15,28,76728,46
16,28,294006,43
17,28,371256,52
18,28,86152,76
19,28,6345,47
20,28,14738,47
21,28,3476,51
22,28,38359,54
23,28,165306,42
24,28,784483,53
25,28,4570,47
26,28,7981,49
27,28,38216,40
28,28,5753,45
29,28,38332,43
30,28,6925,43
31,28,14078,42
32,28,365916,39
33,28,7537,59
34,28,3213,59
35,28,295984,40
36,28,5238,44
37,28,1502134,75
38,28,76419,55
39,28,11989,44
40,28,35841,52
41,28,715053,54
42,28,1195528,50
43,28,482,45
44,28,36848,43
45,28,80384,53
46,28,573435,46
47,28,5211,43
48,28,994,60
49,28,2779,59
50,28,657693,43
51,28,42077,43
52,28,16666,48
53,28,6460,48
54,28,27011,62
55,28,272631,42
56,28,296488,39
57,28,23504,58
58,28,2858,43
59,28,2557,48
60,28,834,50
61,28,66714,42
62,28,483864,49
63,28,590,45
64,28,5422,48
65,28,34316,50
66,28,76148,43
67,28,118357,43
68,28,233412,61
69,28,61882,57
70,28,505527,42
71,28,2559,54
72,28,508,55
73,28,347,44
74,28,187501,44
75,28,363331,39
76,28,123110,44
77,28,196441,46
78,28,23279,52
79,28,53494,42
80,28,3290,53
81,28,217148,53
82,28,12831,44
83,28,43801,43
84,28,1514,50
85,28,12631,43
86,28,38620,58
87,28,25594,60
88,28,341253,50
89,28,35630,53
90,28,3567,54
91,28,70455,62
92,28,247759,45
93,28,76985,48
94,28,8338,39
95,28,4358,50
96,28,1105156,56
97,28,125174,44
98,28,3413,49
99,28,94444,40
100,28,30545,57
101,28,15697,46
102,28,478906,58
103,28,114056,67
104,28,228695,57
105,28,384127,47
106,28,70061,59
107,28,22841,53
108,28,48199,57
109,28,354590,46
110,28,660828,54
111,28,11081,47
112,28,45098,47
113,28,191704,49
114,28,156776,79
115,28,15338,59
116,28,59423,47
117,28,933118,92
118,28,173824,71
119,28,134745,82
120,28,1211119,70
121,28,15040,47
122,28,45271,57
123,28,519796,50
124,28,7771,44
125,28,16302,45
126,28,22368,43
127,28,11667,44
128,28,253647,48
129,28,2185,44
130,28,7067,52
131,28,62058,43
132,28,76448,55
133,28,26779,48
134,28,56913,43
135,28,19135,41
136,28,49333,44
137,28,90092,55
138,28,17209,56
139,28,35733,54
140,28,132752,56
141,28,716577,71
142,28,4539,53
143,28,2468,47
144,28,64803,44
145,28,45422,38
146,28,1055210,38
147,28,6631,43
148,28,24650,58
149,28,2715,48
150,28,152010,68
151,28,7665,43
152,28,53668,48
153,28,2529,60
154,28,10229,57
155,28,827731,62
156,28,544253,51
157,28,429784,48
158,28,17612,53
159,28,17366,59
160,28,6699,43
161,28,274,50
162,28,143359,55
163,28,6964,52
164,28,3188325,77
165,28,86250,48
166,28,900605,80
167,28,5628,43
168,28,36577,43
169,28,14853,57
170,28,93087,39
171,28,186110,39
172,28,1551,47
173,28,4343,41
174,28,1136,47
175,28,6430,52
176,28,8564,42
177,28,2363,50
178,28,10429,41
179,28,2141,42
180,28,2863,47
181,28,84869,53
182,28,23343,46
183,28,1967,43
184,28,268639,55
185,28,581,43
186,28,21256,43
187,28,9937,53
188,28,3035,46
189,28,2206,46
190,28,3152,48
191,28,118881,45
192,28,2846,43
193,28,18993,57
194,28,66232,42
195,28,36611,43
196,28,254448,38
197,28,192182,44
198,28,210928,52
199,28,676,48
200,28,1762919,50
201,28,150452,43
202,28,4137336,68
203,28,183878,54
204,28,71892,49
205,28,180362,50
206,28,5699,46
207,28,1387,47
208,28,67467,40
209,28,22212,42
210,28,2127,48
211,28,445502,40
212,28,29960,43
213,28,464328,46
214,28,86145,39
215,28,77197,39
216,28,7944,44
217,28,819399,55
218,28,16112,45
219,28,67956,55
220,28,16698,44
221,28,10374,52
222,28,17783,43
223,28,13008,43
224,28,1632887,102
225,28,12222,52
226,28,108069,59
227,28,127827,39
228,28,351413,64
229,28,47543,60
230,28,5028,51
231,28,393212,71
232,28,1017065,58
233,28,94461,56
234,28,4049,47
235,28,417685,68
236,28,57314,48
237,28,1608,43
238,28,259494,53
239,28,643604,49
240,28,19213,42
241,28,8696,53
242,28,3033,49
243,28,96957,53
244,28,76264,54
245,28,29341,42
246,28,30829,54
247,28,6151,64
248,28,3823,63
249,28,283382,91
250,28,512260,62
251,28,396648,118
252,28,476214,59
253,28,63650,54
254,28,2659236,125
255,28,1147031,72
256,28,50139,51
257,28,1934,51
258,28,46253,60
259,28,1082112,74
260,28,85064,52
261,28,14059,52
262,28,497397,44
263,28,75130,44
264,28,354260,38
265,28,6198,43
266,28,54862,54
267,28,1662,45
268,28,96927,103
269,28,14949,49
270,28,401889,61
271,28,3174182,62
272,28,1526084,119
273,28,1911539,53
274,28,99223,59
275,28,588406,81
276,28,684661,115
277,28,1862633,62
278,28,811977,61
279,28,196064,54
280,28,174833,60
281,28,103770,74
282,28,281481,92
283,28,53142,55
284,28,753903,61
285,28,5858,44
286,28,33856,53
287,28,63978,69
288,28,12591,47
289,28,5619,49
290,28,10150,58
291,28,300340,53
292,28,6479,49
293,28,13285,61
294,28,3710,48
295,28,14874,47
296,28,98562,76
297,28,2557,48
298,28,434435,55
299,28,16794,53
300,28,1031334,52
301,28,626249,61
302,28,4669546,115
303,28,305242,86
304,28,2434,48
305,28,116930,52
306,28,721867,96
307,28,7308,41
308,28,101925,48
309,28,65603,49
310,28,23339,48
311,28,21154,62
312,28,5658,43
313,28,1427406,57
314,28,2152,48
315,28,153759,70
316,28,841,44
317,28,3116,44
318,28,41142,42
319,28,49615,39
320,28,24969,51
321,28,12061,53
322,28,3287,49
323,28,37814,47
324,28,14329,45
325,28,121190,50
326,28,17983,48
327,28,876,43
328,28,78789,42
329,28,3980,59
330,28,2235,52
331,28,1651,44
332,28,13954,42
333,28,5404,42
334,28,5082,49
335,28,14622,43
336,28,4392,46
337,28,2105,48
338,28,185864,51
339,28,28741,56
340,28,29470,57
341,28,6939,48
342,28,12602,39
343,28,14472,55
344,28,133117,52
345,28,41283,46
346,28,9761,56
347,28,70006,50
348,28,7360,43
349,28,10360,45
350,28,7922,43
351,28,66558,49
352,28,6991,42
353,28,136067,47
354,28,9565,47
355,28,110142,49
356,28,1954,47
357,28,14989,56
358,28,44066,53
359,28,5364,58
360,28,6797,49
361,28,36735,51
362,28,77759,50
363,28,1150781,45
364,28,128624,45
365,28,16832,64
366,28,559263,84
367,28,19562,46
368,28,34805,55
369,28,282546,47
370,28,876255,59
371,28,8211,43
372,28,1720,54
373,28,50244,44
374,28,6618,43
375,28,340987,47
376,28,531026,49
377,28,428549,58
378,28,4220,47
379,28,11482,44
380,28,75683,39
381,28,56179,46
382,28,4399,54
383,28,514574,56
384,28,11110,47
385,28,30314,47
386,28,142343,54
387,28,9680,57
388,28,3227334,114
389,28,110158,52
390,28,4476393,96
391,28,240299,48
392,28,103797,66
393,28,15144,43
394,28,48513,74
395,28,67535,46
396,28,74912,49
397,28,7840,51
398,28,69025,52
399,28,5384,47
400,28,30297,70
401,28,5011,47
402,28,4128,49
403,28,28792,69
404,28,1501,44
405,28,43280,59
406,28,4308,43
407,28,12304,43
408,28,7027,52
409,28,3743,47
410,28,2344,52
411,28,3848,51
412,28,33696,44
413,28,2428,46
414,28,9946,41
415,28,11771,51
416,28,2414,48
417,28,209316,45
418,28,9733,44
419,28,16406,48
420,28,1639,45
421,28,1853,47
422,28,18655,45
423,28,1002,48
424,28,131270,42
425,28,13371,42
426,28,29045,43
427,28,26896,45
428,28,5571,56
429,28,448022,39
430,28,16082,43
431,28,248153,50
432,28,76496,48
433,28,775,45
434,28,3689,49
435,28,2124645,58
436,28,5336,55
437,28,1018013,66
438,28,15927,42
439,28,8063,64
440,28,9072,61
441,28,17810,61
442,28,30957,43
443,28,51333,42
444,28,483,55
445,28,127120,59
446,28,13476,50
447,28,510,55
448,28,183113,47
449,28,1092565,53
450,28,44431,59
451,28,41750,43
452,28,200654,39
453,28,18416,43
454,28,69841,52
455,28,349443,53
456,28,8156,44
457,28,334163,56
458,28,94225,54
459,28,378525,48
460,28,368610,81
461,28,410290,49
462,28,3611,54
463,28,9218,48
464,28,40370,46
465,28,394748,60
466,28,165716,51
467,28,130641,39
468,28,288773,66
469,28,76939,53
470,28,562283,40
471,28,58788,41
472,28,6742,44
473,28,666,49
474,28,595125,57
475,28,14437,43
476,28,24221,48
477,28,334,50
478,28,229556,75
479,28,7174,43
480,28,5368,47
481,28,130611,54
482,28,45718,43
483,28,140153,46
484,28,16614,44
485,28,103330,45
486,28,39082,43
487,28,1557,48
488,28,5884,43
489,28,80759,58
490,28,216755,56
491,28,21260,43
492,28,155585,57
493,28,22092,45
494,28,365955,49
495,28,106980,66
496,28,62735,50
497,28,3572,49
498,28,336702,57
499,28,3088,43
500,28,215367,82
501,28,53731,47
502,28,49329,52
503,28,93410,40
504,28,74640,52
505,28,6855,47
506,28,459224,65
507,28,15164,56
508,28,682236,77
509,28,36513,43
510,28,7777,43
511,28,4020,43
512,28,61556,52
513,28,117348,42
514,28,2170316,66
515,28,2355,47
516,28,404090,45
517,28,16002,43
518,28,137561,42
519,28,366342,38
520,28,37849,39
521,28,16419,39
522,28,35268,40
523,28,481236,40
524,28,26986,43
525,28,4797,42
526,28,86082,42
527,28,84241,40
528,28,58194,39
529,28,44230,39
530,28,7069,44
531,28,77841,56
532,28,20492,40
533,28,784,43
534,28,3123,40
535,28,1816,45
536,28,7940,40
537,28,992,45
538,28,5101,44
539,28,78108,43
540,28,114715,59
541,28,4133,57
542,28,272635,55
543,28,706899,95
544,28,6040,55
545,28,3690,44
546,28,167617,52
547,28,4010,44
548,28,584415,51
549,28,2142,44
550,28,854,45
551,28,657,45
552,28,1199,44
553,28,2444,44
554,28,7748,45
555,28,720,49
556,28,2029346,61
557,28,193354,50
558,28,438975,46
559,28,13387,40
560,28,8225,45
561,28,28604,50
562,28,190675,45
563,28,8325,50
564,28,7002,69
565,28,1819,45
566,28,36871,50
567,28,21304,49
568,28,43910,54
569,28,159246,79
570,28,897253,55
571,28,24537,45
572,28,51183,45
573,28,8291,45
574,28,6704,50
575,28,480,52
576,28,96223,45
577,28,10008,45
578,28,37412,40
579,28,4573,49
580,28,19926,40
581,28,1608,45
582,28,2654,57
583,28,9162,40
584,28,2648,50
585,28,456,43
586,28,4094,45
587,28,15063,60
588,28,21386,55
589,28,60131,40
590,28,20582,45
591,28,10153,45
592,28,10718,45
593,28,54609,40
594,28,14452,40
595,28,6360,40
596,28,4473,45
597,28,246092,45
598,28,6917,40
599,28,1176,45
600,28,5225,40
601,28,487,45
602,28,1457,45
603,28,35361,39
604,28,4799,40
605,28,486,45
606,28,5193,40
607,28,416,45
608,28,9272,39
609,28,281,45
610,28,416,45
611,28,804,45
612,28,646,44
613,28,3137,45
614,28,1079,45
615,28,2880,40
616,28,9182,39
617,28,21638,40
618,28,12037,44
619,28,5105,45
620,28,6777,40
621,28,7705,45
622,28,1532,40
623,28,426,40
624,28,610,44
625,28,2713,40
626,28,423,59
627,28,1527,50
628,28,613,50
629,28,1591,40
630,28,311,45
631,28,220,45
632,28,60,45
633,28,324,45
634,28,239,45
635,28,1202,40
636,28,362,45
637,28,2521,40
638,28,3292,45
639,28,2524,40
640,28,2122,54
641,28,5658,57
642,28,14065,69
643,28,504,45
644,28,231,45
645,28,22075,59
646,28,1219,40
647,28,522,55
648,28,47264,60
649,28,1614,40
650,28,683,44
651,28,8617,53
652,28,21877,50
653,28,1901,49
654,28,861,45
655,28,184,45
656,28,183,45
657,28,261,45
658,28,987,40
659,28,309,45
660,28,1007,40
661,28,242,44
662,28,31312,39
663,28,566,45
664,28,248,50
665,28,96246,55
666,28,2261,45
667,28,1114,45
668,28,190,45
669,28,591,40
670,28,230,45
671,28,136,45
672,28,113,45
673,28,186,45
674,28,308,40
675,28,264,40
676,28,183,45
677,28,112,40
678,28,95,40
679,28,309,40
680,28,53,45
681,28,269,40
682,28,136,40
683,28,34,45
684,28,42,45
685,28,99,40
686,28,0,40
1,29,41707,67
2,29,4650,48
3,29,92390,54
4,29,1218307,115
5,29,24340,46
6,29,620867,81
7,29,3432,50
8,29,556128,50
9,29,38410,52
10,29,6614,44
11,29,356906,51
12,29,3360139,54
13,29,3058,45
14,29,8955,48
16,29,256374,43
17,29,619762,52
18,29,128690,76
19,29,6331,47
20,29,18838,47
21,29,3526,51
22,29,38540,54
23,29,184049,42
24,29,714115,53
25,29,4557,47
26,29,7981,49
27,29,37909,40
28,29,6028,45
29,29,36572,43
30,29,6896,43
31,29,14093,42
32,29,361478,39
33,29,7495,59
34,29,3206,59
35,29,289804,40
36,29,5276,44
37,29,1446685,75
38,29,87617,55
39,29,11404,44
40,29,37710,52
41,29,751935,54
42,29,1263030,51
43,29,481,45
44,29,36192,43
45,29,101277,53
46,29,572367,46
47,29,5178,43
48,29,1050,60
49,29,2778,59
50,29,622075,43
51,29,41493,43
52,29,17022,48
53,29,6430,48
54,29,59767,62
57,29,62849,58
58,29,2850,43
59,29,2621,48
60,29,832,50
61,29,61036,42
62,29,1025694,50
63,29,589,45
64,29,5302,48
65,29,33254,50
66,29,71855,43
67,29,215644,44
68,29,377505,61
69,29,397418,58
70,29,489648,42
71,29,2662,54
72,29,628,55
73,29,347,44
74,29,233997,44
75,29,353905,39
76,29,122957,44
77,29,191683,46
78,29,23344,52
79,29,50544,42
80,29,3683,53
106,29,76955,59
115,29,25653,59
171,29,179899,39
172,29,1547,47
173,29,4297,41
174,29,1134,47
175,29,6355,52
176,29,8591,42
177,29,2354,50
178,29,10745,41
179,29,2133,42
180,29,2851,47
181,29,64386,53
182,29,24256,46
183,29,1958,43
184,29,276895,55
185,29,580,43
186,29,20818,43
187,29,17199,53
188,29,3064,46
189,29,2201,46
190,29,3138,48
191,29,117355,45
192,29,2840,43
193,29,18711,57
194,29,65550,42
195,29,32735,43
196,29,246669,38
197,29,225264,44
198,29,214067,52
199,29,627,48
200,29,2229746,51
201,29,161649,43
202,29,3872622,67
203,29,274324,54
204,29,73624,49
205,29,182606,50
206,29,8980,46
207,29,1378,47
208,29,66125,40
209,29,21856,42
210,29,2170,48
211,29,441251,40
212,29,29739,43
213,29,635280,46
214,29,84065,39
215,29,75802,39
301,29,1293026,61
320,29,26096,51
321,29,20191,53
322,29,3394,49
323,29,42654,47
324,29,19815,45
325,29,131483,50
326,29,44573,48
327,29,875,43
328,29,224315,42
329,29,6573,59
330,29,2229,52
331,29,2876,44
332,29,14080,42
333,29,12906,42
334,29,4916,49
335,29,14250,43
336,29,4991,46
337,29,2095,48
338,29,182643,51
339,29,29399,56
340,29,42929,57
341,29,6922,48
342,29,12471,39
373,29,51843,44
383,29,557542,56
384,29,11084,47
385,29,30307,47
386,29,182342,54
387,29,9594,57
388,29,3818291,115
389,29,112613,52
390,29,3660152,95
391,29,216756,48
392,29,219814,66
393,29,14961,43
394,29,53701,74
395,29,64142,46
396,29,80144,49
397,29,7881,51
398,29,78072,52
399,29,5377,47
400,29,31669,70
401,29,4989,47
402,29,4176,49
403,29,29391,69
404,29,1496,44
405,29,53226,59
406,29,4294,43
427,29,26862,45
429,29,438889,39
430,29,15550,43
431,29,265007,50
432,29,70400,48
433,29,775,45
434,29,3686,49
435,29,2475507,59
436,29,5331,55
437,29,1304016,67
438,29,15412,42
439,29,11664,64
440,29,9048,61
441,29,17741,61
442,29,30637,43
443,29,49728,42
444,29,482,55
445,29,146921,59
447,29,508,55
448,29,189892,47
449,29,1211452,53
450,29,43194,59
451,29,44682,43
452,29,196790,39
457,29,351028,56
478,29,244050,75
480,29,5356,46
482,29,45496,43
484,29,16866,44
485,29,103369,45
487,29,1615,48
488,29,6066,43
491,29,21567,43
492,29,165400,57
493,29,24288,45
494,29,372314,49
496,29,66622,50
497,29,7531,49
501,29,53565,47
503,29,91880,40
506,29,446281,65
507,29,24185,56
513,29,117817,42
514,29,2291610,66
516,29,465332,46
517,29,18098,43
521,29,16215,39
525,29,4874,42
526,29,83263,42
527,29,81296,40
528,29,59519,39
532,29,19993,40
533,29,779,43
540,29,91402,59
542,29,381094,55
543,29,1448375,96
547,29,4066,44
549,29,5309,44
550,29,847,45
554,29,7857,45
557,29,359227,51
558,29,451348,46
562,29,299563,46
564,29,7629,69
567,29,22578,49
570,29,1463983,56
571,29,64581,45
572,29,83068,45
574,29,6976,50
576,29,116676,45
584,29,2686,50
585,29,439,43
587,29,17569,60
588,29,42846,55
597,29,380473,45
599,29,1184,45
602,29,1471,45
606,29,6819,39
619,29,5323,45
620,29,7016,40
627,29,1540,49
628,29,666,50
630,29,328,45
631,29,226,45
632,29,60,45
633,29,341,45
637,29,2667,40
638,29,3372,45
645,29,257877,60
647,29,624,55
650,29,673,44
662,29,28399,39
663,29,1084,45
664,29,286,50
665,29,120314,55
666,29,2237,45
667,29,1281,45
668,29,221,45
669,29,713,40
671,29,159,45
672,29,129,45
674,29,429,40
683,29,55,45
685,29,248,40
1,30,41637,67
2,30,4645,48
3,30,73624,54
4,30,781355,114
5,30,22688,46
6,30,482407,82
7,30,3413,50
8,30,542290,50
9,30,36092,52
10,30,6629,44
11,30,323844,50
12,30,3383221,54
13,30,3901,45
14,30,8935,48
15,30,69727,46
16,30,245511,42
17,30,481800,53
18,30,92642,76
19,30,6320,47
20,30,14379,47
21,30,3555,51
22,30,38342,54
23,30,175847,42
24,30,637035,52
25,30,4547,47
26,30,7896,49
27,30,37818,40
28,30,5924,45
29,30,34226,43
30,30,6872,43
31,30,14043,42
32,30,362218,39
33,30,7457,59
34,30,3197,59
35,30,289246,40
36,30,5285,44
37,30,1424878,75
38,30,79245,55
39,30,11215,44
40,30,36708,52
41,30,716689,54
42,30,1210610,51
43,30,478,45
44,30,35988,43
45,30,81503,53
46,30,575900,47
47,30,5160,43
48,30,1039,60
49,30,2770,59
50,30,625318,42
51,30,41349,43
52,30,16770,48
53,30,6415,48
54,30,35123,62
55,30,266767,42
56,30,300196,39
57,30,35833,58
58,30,2845,43
59,30,2587,47
60,30,830,50
61,30,57377,42
62,30,681085,50
63,30,588,45
64,30,5290,48
65,30,32695,50
66,30,71094,43
67,30,155559,44
68,30,276493,61
69,30,233162,58
70,30,490944,42
71,30,2612,54
72,30,596,55
73,30,346,44
74,30,192496,45
75,30,351806,39
76,30,122696,44
77,30,189635,46
78,30,22871,52
79,30,49710,42
80,30,3308,53
81,30,199023,53
82,30,12782,44
83,30,37726,43
84,30,1448,50
85,30,12352,43
86,30,33255,58
87,30,19690,60
88,30,255470,49
89,30,32709,53
90,30,3440,54
91,30,78931,62
92,30,196135,44
93,30,78975,48
94,30,8237,39
95,30,4321,50
96,30,1054947,55
97,30,113216,44
98,30,3427,49
99,30,91609,40
100,30,32035,57
101,30,15731,46
102,30,682989,59
103,30,106209,67
104,30,242853,57
105,30,382688,47
106,30,69104,59
107,30,23095,53
108,30,47783,57
109,30,452309,47
110,30,641942,53
111,30,11228,47
112,30,45017,47
113,30,191913,49
114,30,183252,79
115,30,17817,59
116,30,117547,47
117,30,912584,92
118,30,165789,71
119,30,137936,82
120,30,1355802,71
121,30,14894,47
122,30,38284,57
123,30,518424,50
124,30,7730,44
125,30,15599,45
126,30,22403,43
127,30,11583,44
128,30,242796,48
129,30,2131,44
130,30,6936,52
131,30,60481,43
132,30,63634,55
133,30,26362,48
134,30,56423,43
135,30,19017,41
136,30,47723,44
137,30,88616,55
138,30,22435,56
139,30,31391,54
140,30,123671,56
141,30,711166,71
142,30,4544,53
143,30,2442,47
144,30,61391,44
145,30,43562,38
146,30,948173,38
147,30,6499,43
148,30,24129,58
149,30,2696,48
150,30,132487,68
151,30,7552,43
152,30,50380,48
153,30,2489,60
154,30,10153,57
155,30,744395,62
156,30,492373,51
157,30,395945,48
158,30,17659,53
159,30,17135,59
160,30,6620,43
161,30,278,50
162,30,142303,55
163,30,7086,52
164,30,2979067,76
165,30,73766,48
166,30,777271,80
167,30,6347,43
168,30,35399,43
169,30,14809,57
170,30,90559,39
171,30,181341,39
172,30,1542,47
173,30,4274,41
174,30,1132,47
175,30,6333,52
176,30,8544,42
177,30,2355,50
178,30,10414,41
179,30,2132,42
180,30,2837,47
181,30,56234,53
182,30,23481,45
183,30,1952,43
184,30,271987,55
185,30,581,43
186,30,20725,43
187,30,12138,53
188,30,3017,46
189,30,2196,46
190,30,3129,48
191,30,116168,45
192,30,2836,43
193,30,18708,57
194,30,65437,42
195,30,32533,43
196,30,246436,38
197,30,215889,44
198,30,206319,52
199,30,638,48
200,30,2076554,51
201,30,157956,43
202,30,3994734,67
203,30,243134,54
204,30,73137,49
205,30,180050,50
206,30,7772,46
207,30,1375,47
208,30,66169,40
209,30,21863,42
210,30,2152,48
211,30,454536,40
212,30,29666,43
213,30,570869,47
214,30,83670,39
215,30,78393,38
216,30,7871,44
217,30,782218,54
218,30,15886,45
219,30,64391,55
220,30,16620,44
221,30,10159,52
222,30,17608,43
223,30,12984,43
224,30,1512599,101
225,30,12239,52
226,30,52951,59
227,30,117890,39
228,30,305141,65
229,30,49146,60
230,30,4978,51
231,30,362766,71
232,30,1027772,58
233,30,280593,57
234,30,4078,46
235,30,285183,67
236,30,59839,48
237,30,1600,43
238,30,245819,53
239,30,576342,49
240,30,16453,41
241,30,8780,53
242,30,3105,49
243,30,94733,53
244,30,74215,54
245,30,29179,42
246,30,30479,54
247,30,6231,64
248,30,3973,63
249,30,248307,90
250,30,510506,62
251,30,396390,118
252,30,474276,59
253,30,64787,54
254,30,2363814,124
255,30,1081796,71
256,30,48714,51
257,30,1931,51
258,30,41432,60
259,30,1065502,73
260,30,84645,52
261,30,14067,52
262,30,451265,43
263,30,66835,44
264,30,351189,38
265,30,6120,43
266,30,54512,54
267,30,1655,45
268,30,100745,103
269,30,14908,49
270,30,396367,61
271,30,2858488,61
272,30,1586998,119
273,30,1836354,53
274,30,99202,59
275,30,620100,82
276,30,479278,114
277,30,1641327,61
278,30,779404,61
279,30,195461,54
280,30,175115,60
281,30,89471,74
282,30,239062,92
283,30,46097,55
284,30,615475,61
285,30,5853,44
286,30,33160,53
287,30,63757,69
288,30,12679,47
289,30,5600,49
290,30,10037,58
291,30,292602,53
292,30,6466,49
293,30,13192,61
294,30,3692,48
295,30,14853,47
296,30,116333,76
297,30,2548,48
298,30,441721,55
299,30,17058,53
300,30,1213497,53
301,30,1379213,62
302,30,4758105,115
303,30,288139,86
304,30,2426,48
305,30,119718,52
306,30,722009,95
307,30,7280,41
308,30,101231,48
309,30,67693,49
310,30,23045,48
311,30,21287,62
312,30,5595,43
313,30,1380844,57
314,30,2142,48
315,30,150899,70
316,30,839,44
317,30,3094,44
318,30,40976,42
319,30,48362,39
320,30,25213,51
321,30,13878,53
322,30,3302,49
323,30,38632,47
324,30,14415,45
325,30,116827,50
326,30,22689,48
327,30,873,43
328,30,140660,42
329,30,4672,59
330,30,2220,52
331,30,1975,44
332,30,13921,42
333,30,7106,42
334,30,4902,49
335,30,14137,43
336,30,4340,46
337,30,2087,48
338,30,181986,51
339,30,28700,56
340,30,32520,57
341,30,6906,48
342,30,12435,39
343,30,13114,55
344,30,113649,52
345,30,40274,46
346,30,10019,56
347,30,69339,50
348,30,7299,43
349,30,10265,45
350,30,8095,43
351,30,66333,49
352,30,6833,42
353,30,133769,47
354,30,9434,47
355,30,109345,49
356,30,1968,47
357,30,14927,56
358,30,40433,52
359,30,5458,58
360,30,6703,49
361,30,36069,51
362,30,74001,50
363,30,1057288,45
364,30,122510,45
365,30,16487,64
366,30,479964,84
367,30,18590,46
368,30,31974,55
369,30,262807,47
370,30,812568,59
371,30,8137,43
372,30,1714,54
373,30,52094,44
374,30,6540,43
375,30,336267,47
376,30,476467,48
377,30,446965,58
378,30,4163,47
379,30,11301,44
380,30,73625,39
381,30,55470,46
382,30,4486,54
383,30,530992,56
384,30,11069,47
385,30,30211,47
386,30,154974,54
387,30,9954,57
388,30,3836834,116
389,30,110594,52
390,30,3505985,94
391,30,203074,47
392,30,179459,66
393,30,14918,43
394,30,48103,74
395,30,60075,46
396,30,76826,49
397,30,7876,51
398,30,74888,52
399,30,5369,47
400,30,30786,70
401,30,4965,47
402,30,4388,49
403,30,29299,69
404,30,1496,44
405,30,46437,59
406,30,4287,43
407,30,12049,43
408,30,7032,52
409,30,3725,47
410,30,2378,52
411,30,3847,51
412,30,29755,44
413,30,2439,46
414,30,9869,41
415,30,11667,51
416,30,2402,48
417,30,200217,45
418,30,9228,44
419,30,15636,48
420,30,1630,45
421,30,1885,47
422,30,16609,45
423,30,996,48
424,30,139249,41
425,30,13310,42
426,30,28320,43
427,30,26850,45
428,30,5617,56
429,30,443051,39
430,30,15502,43
431,30,256640,50
432,30,68774,47
433,30,774,45
434,30,3678,49
435,30,2332090,59
436,30,5300,55
437,30,1152452,67
438,30,15543,42
439,30,9186,64
440,30,9033,61
441,30,17672,61
442,30,30516,43
443,30,49351,42
444,30,482,55
445,30,135709,59
446,30,13404,50
447,30,505,55
448,30,187426,47
449,30,1159993,53
450,30,41506,59
451,30,43994,43
452,30,194760,39
453,30,19321,43
454,30,69188,52
455,30,328228,53
456,30,8092,44
457,30,333523,56
458,30,94318,54
459,30,392387,48
460,30,366918,81
461,30,403768,49
462,30,4207,54
463,30,9181,48
464,30,39389,46
465,30,392338,60
466,30,156899,51
467,30,126577,39
468,30,514882,67
469,30,75094,53
470,30,518197,39
471,30,58468,41
472,30,6698,44
473,30,699,49
474,30,568363,57
475,30,14302,43
476,30,24215,48
477,30,334,50
478,30,226166,75
479,30,6647,43
480,30,5345,46
481,30,98328,53
482,30,45711,43
483,30,137851,46
484,30,15946,44
485,30,101774,45
486,30,37874,42
487,30,1582,48
488,30,5908,43
489,30,68102,58
490,30,206050,56
491,30,21480,43
492,30,157684,57
493,30,24109,45
494,30,367084,49
495,30,106690,66
496,30,65041,50
497,30,4912,49
498,30,320735,57
499,30,3050,43
500,30,255188,82
501,30,53427,47
502,30,49400,52
503,30,91597,40
504,30,69837,52
505,30,6820,47
506,30,436503,65
507,30,16926,56
508,30,655151,77
509,30,35233,43
510,30,7556,43
511,30,4019,42
512,30,53758,52
513,30,108173,42
514,30,2161095,66
515,30,2361,47
516,30,425863,46
517,30,16249,43
518,30,130814,42
519,30,352988,38
520,30,36936,39
521,30,16189,39
522,30,34566,40
523,30,495790,40
524,30,27124,43
525,30,4837,42
526,30,83583,42
527,30,81007,40
528,30,59729,39
529,30,44332,39
530,30,7043,44
531,30,76574,55
532,30,19915,40
533,30,776,43
534,30,3106,40
535,30,1786,45
536,30,8029,39
537,30,997,45
538,30,5048,44
539,30,75043,43
540,30,81983,59
541,30,3986,57
542,30,299586,55
543,30,931256,95
544,30,4675,55
545,30,3678,44
546,30,165259,52
547,30,4048,44
548,30,751648,52
549,30,4174,44
550,30,844,45
551,30,645,45
552,30,1224,44
553,30,2400,44
554,30,7927,45
555,30,708,49
556,30,1960438,61
557,30,257098,51
558,30,436950,46
559,30,13333,40
560,30,7867,45
561,30,29329,50
562,30,215306,46
563,30,8250,50
564,30,8104,69
565,30,1951,45
566,30,30626,50
567,30,22529,49
568,30,43127,53
569,30,146011,78
570,30,1377968,57
571,30,43136,45
572,30,63718,45
573,30,8513,45
574,30,6843,50
575,30,477,52
576,30,109735,45
577,30,9214,45
578,30,36406,40
579,30,4515,49
580,30,19021,40
581,30,1601,45
582,30,2606,57
583,30,8702,40
584,30,3103,50
585,30,415,43
586,30,4188,45
587,30,15584,60
588,30,32591,55
589,30,70700,40
590,30,19128,45
591,30,9846,45
592,30,10762,45
593,30,52808,40
594,30,13735,40
595,30,6248,40
596,30,4356,45
597,30,276049,45
598,30,7107,40
599,30,1188,45
600,30,5520,40
601,30,512,45
602,30,1432,45
603,30,33699,39
604,30,4704,40
605,30,515,45
606,30,6718,39
607,30,437,45
608,30,9617,39
609,30,297,45
610,30,429,45
611,30,852,45
612,30,637,44
613,30,2936,45
614,30,1139,45
615,30,3029,40
616,30,9438,39
617,30,20959,40
618,30,11251,44
619,30,5195,45
620,30,7065,40
621,30,8073,45
622,30,1715,40
623,30,416,40
624,30,625,44
625,30,2711,40
626,30,411,59
627,30,1473,49
628,30,843,50
629,30,1720,40
630,30,336,45
631,30,226,45
632,30,60,45
633,30,346,45
634,30,260,45
635,30,1362,40
636,30,380,45
637,30,2725,40
638,30,3371,45
639,30,2860,40
640,30,1698,54
641,30,3903,55
642,30,12547,68
643,30,604,45
644,30,254,45
645,30,174757,60
646,30,1569,40
647,30,602,55
648,30,26943,60
649,30,1825,40
650,30,780,44
651,30,7562,52
652,30,22754,50
653,30,1900,48
654,30,970,45
655,30,210,45
656,30,195,45
657,30,285,45
658,30,1219,40
659,30,385,45
660,30,1264,40
661,30,305,44
662,30,29438,39
663,30,719,45
664,30,291,50
665,30,83780,55
666,30,2337,45
667,30,1285,45
668,30,235,45
669,30,780,40
670,30,546,44
671,30,178,45
672,30,142,45
673,30,190,45
674,30,419,40
675,30,454,40
676,30,227,44
677,30,226,40
678,30,188,40
679,30,555,40
680,30,102,45
681,30,441,40
682,30,234,40
683,30,82,45
684,30,119,45
685,30,316,40
686,30,140,40
687,30,0,45
1,31,41605,67
2,31,4639,48
3,31,67954,54
4,31,722945,114
5,31,31242,46
6,31,581093,82
7,31,3403,50
8,31,581879,50
9,31,34966,52
10,31,6487,44
11,31,326892,50
12,31,3284469,54
13,31,8552,45
14,31,8920,48
15,31,70316,46
16,31,308664,42
17,31,394344,53
18,31,90214,76
19,31,6309,47
20,31,14900,47
21,31,3572,51
22,31,38220,53
23,31,173777,42
24,31,598470,52
25,31,4541,47
26,31,8310,49
27,31,37688,40
28,31,5973,45
29,31,31075,43
30,31,6855,43
31,31,14113,42
32,31,362336,39
33,31,7438,59
34,31,3195,59
35,31,285986,40
36,31,5311,44
37,31,1331097,75
38,31,76399,55
39,31,11071,44
40,31,42729,52
41,31,705951,54
42,31,1130282,51
43,31,478,45
44,31,35735,43
45,31,73133,53
46,31,552368,47
47,31,5137,43
48,31,1078,60
49,31,2768,59
50,31,653541,42
51,31,41146,43
52,31,16634,48
53,31,6404,48
54,31,31708,62
55,31,264779,42
56,31,300764,39
57,31,31086,58
58,31,2837,43
59,31,2600,47
60,31,827,50
61,31,53141,42
62,31,647203,50
63,31,585,45
64,31,5251,48
65,31,32188,50
66,31,70067,43
67,31,149886,44
68,31,260681,61
69,31,205875,58
70,31,484831,42
71,31,2613,54
72,31,627,55
73,31,346,44
74,31,183927,45
75,31,348442,39
76,31,122372,44
77,31,187554,46
78,31,22456,52
79,31,48211,42
80,31,3230,53
81,31,201224,53
82,31,12788,44
83,31,35950,43
84,31,1477,50
85,31,12150,43
86,31,31968,58
87,31,18279,60
88,31,251258,49
89,31,32607,53
90,31,3514,54
91,31,165949,62
92,31,202902,44
93,31,122395,48
94,31,8201,39
95,31,4201,50
96,31,1047575,55
97,31,112659,44
98,31,3483,49
99,31,89974,40
100,31,33837,57
101,31,15746,46
102,31,686549,59
103,31,102697,67
104,31,246460,57
105,31,386471,47
106,31,65475,59
107,31,23245,53
108,31,47165,57
109,31,493547,47
110,31,637030,53
111,31,11284,47
112,31,44931,47
113,31,189693,49
114,31,177191,79
115,31,17440,59
116,31,122203,47
117,31,896601,92
118,31,165793,71
119,31,141041,82
120,31,1460258,71
121,31,14865,47
122,31,35780,57
123,31,535242,50
124,31,7727,44
125,31,16331,45
126,31,22483,43
127,31,11558,44
128,31,242594,48
129,31,2115,44
130,31,6907,52
131,31,60201,43
132,31,61674,55
133,31,26393,48
134,31,59024,43
135,31,19069,41
136,31,48572,44
137,31,88139,55
138,31,22722,56
139,31,31595,54
140,31,122044,56
141,31,705455,71
142,31,4589,53
143,31,2432,47
144,31,60816,44
145,31,43858,38
146,31,947668,38
147,31,6456,43
148,31,24973,58
149,31,2682,48
150,31,124267,68
151,31,7498,43
152,31,63511,48
153,31,2483,60
154,31,9897,57
155,31,733804,62
156,31,496293,51
157,31,378380,48
158,31,17362,53
159,31,16734,59
160,31,6590,43
161,31,302,50
162,31,143148,55
163,31,7191,52
164,31,2929371,76
165,31,72824,48
166,31,734054,79
167,31,6394,43
168,31,34953,43
169,31,14793,57
170,31,89661,39
171,31,179958,39
172,31,1540,47
173,31,4247,41
174,31,1131,47
175,31,6315,52
176,31,8576,42
177,31,2348,50
178,31,10569,41
179,31,2130,42
180,31,2831,47
181,31,54161,53
182,31,23436,45
183,31,1943,43
184,31,286268,55
185,31,579,43
186,31,20598,43
187,31,12062,53
188,31,3034,46
189,31,2192,46
190,31,3119,48
191,31,112463,45
192,31,2834,43
193,31,18763,57
194,31,65277,42
195,31,32182,43
196,31,244667,38
197,31,205701,44
198,31,202969,52
199,31,632,48
200,31,1877510,51
201,31,152075,43
202,31,3681878,66
203,31,194886,54
204,31,73221,49
205,31,178437,50
206,31,7130,46
207,31,1371,47
208,31,65758,40
209,31,22350,42
210,31,2162,48
211,31,433352,40
212,31,29562,43
213,31,550804,47
214,31,85116,38
215,31,81321,38
216,31,7844,44
217,31,783872,54
218,31,15835,45
219,31,67775,55
220,31,16576,44
221,31,10311,52
222,31,17535,43
223,31,12954,43
224,31,1565862,101
225,31,12242,52
226,31,51428,59
227,31,122811,39
228,31,293905,65
229,31,50393,60
230,31,4971,51
231,31,429345,71
232,31,1027915,58
233,31,598915,58
234,31,4117,46
235,31,260773,67
236,31,60366,48
237,31,1597,43
238,31,236306,53
239,31,559673,49
240,31,15948,41
241,31,8915,53
242,31,3147,49
243,31,93697,53
244,31,73612,54
245,31,29004,42
246,31,30317,54
247,31,6242,64
248,31,4003,63
249,31,249263,90
250,31,509961,62
251,31,400778,118
252,31,485843,59
253,31,66943,54
254,31,2534543,124
255,31,1100578,71
256,31,48038,51
257,31,1930,51
258,31,36011,60
259,31,1242800,73
260,31,84512,52
261,31,14058,52
262,31,447864,43
263,31,62779,44
264,31,351662,38
265,31,6097,43
266,31,55879,54
267,31,1654,45
268,31,118241,103
269,31,14891,49
270,31,399368,61
271,31,2531133,60
272,31,1634895,119
273,31,1773986,52
274,31,116030,59
275,31,619137,82
276,31,492165,113
277,31,1508688,60
278,31,801246,61
279,31,195344,54
280,31,180920,60
281,31,84480,74
282,31,264138,92
283,31,44245,55
284,31,584215,60
285,31,5859,44
286,31,33243,53
287,31,64767,69
288,31,12721,47
289,31,5589,49
290,31,10035,58
291,31,286403,53
292,31,6460,49
293,31,13174,61
294,31,3684,48
295,31,14862,47
296,31,117552,76
297,31,2546,48
298,31,446791,55
299,31,16995,53
300,31,1249359,53
301,31,1775966,63
302,31,4724095,116
303,31,279485,86
304,31,2422,48
305,31,121552,52
306,31,718090,95
307,31,7305,41
308,31,107264,48
309,31,66274,49
310,31,22495,48
311,31,20829,62
312,31,5578,43
313,31,1364384,57
314,31,2138,48
315,31,155327,70
316,31,838,44
317,31,3090,44
318,31,40928,42
319,31,47972,39
320,31,24401,51
321,31,13124,53
322,31,3342,49
323,31,38141,47
324,31,13848,45
325,31,113308,49
326,31,22707,48
327,31,872,43
328,31,127292,42
329,31,4573,59
330,31,2221,52
331,31,2089,44
332,31,13976,42
333,31,7259,42
334,31,4792,49
335,31,14006,43
336,31,4054,46
337,31,2084,48
338,31,183507,51
339,31,29787,56
340,31,33317,57
341,31,6891,48
342,31,12381,39
343,31,12420,55
344,31,109821,52
345,31,39775,46
346,31,9737,56
347,31,69529,50
348,31,7280,43
349,31,10236,45
350,31,7910,43
351,31,64969,49
352,31,6749,42
353,31,133736,47
354,31,9387,47
355,31,108726,49
356,31,2912,47
357,31,14918,56
358,31,58607,52
359,31,5390,58
360,31,6642,49
361,31,35889,51
362,31,74652,50
363,31,1000391,44
364,31,120586,45
365,31,21074,64
366,31,566125,84
367,31,18370,46
368,31,36436,55
369,31,262871,47
370,31,801452,59
371,31,8118,43
372,31,1710,54
373,31,52536,44
374,31,6512,43
375,31,329528,47
376,31,469496,48
377,31,433604,58
378,31,4143,47
379,31,11251,43
380,31,72976,39
381,31,55310,46
382,31,4475,54
383,31,523242,56
384,31,11062,47
385,31,30096,47
386,31,146733,54
387,31,10069,57
388,31,3982781,117
389,31,108849,52
390,31,3426980,94
391,31,189380,47
392,31,157924,66
393,31,14849,43
394,31,46286,74
395,31,55860,46
396,31,75037,49
397,31,7885,51
398,31,75593,52
399,31,5367,47
400,31,30438,70
401,31,4951,47
402,31,4641,49
403,31,29305,69
404,31,1491,44
405,31,46733,59
406,31,4278,43
407,31,11901,43
408,31,7098,52
409,31,3721,47
410,31,2376,52
411,31,3916,51
412,31,29102,44
413,31,2394,46
414,31,9854,41
415,31,11630,51
416,31,2397,48
417,31,201795,45
418,31,9783,44
419,31,15836,48
420,31,1625,45
421,31,1874,47
422,31,17790,45
423,31,995,48
424,31,146638,41
425,31,12831,42
426,31,28066,43
427,31,27007,45
428,31,5618,56
429,31,442653,39
430,31,15252,43
431,31,256182,50
432,31,66485,47
433,31,772,45
434,31,3675,49
435,31,2314484,59
436,31,5280,55
437,31,862951,67
438,31,15561,42
439,31,8928,64
440,31,9029,61
441,31,17617,61
442,31,36308,43
443,31,48934,41
444,31,481,55
445,31,137267,59
446,31,13371,50
447,31,505,55
448,31,173259,47
449,31,1065062,53
450,31,41569,58
451,31,44385,43
452,31,193992,39
453,31,19301,43
454,31,68023,52
455,31,355183,53
456,31,8066,44
457,31,325640,56
458,31,93961,54
459,31,507463,48
460,31,366541,81
461,31,453915,49
462,31,3889,54
463,31,9168,48
464,31,46981,46
465,31,398361,60
466,31,158963,51
467,31,125329,39
468,31,1316568,69
469,31,76718,53
470,31,511458,39
471,31,58373,41
472,31,6684,44
473,31,724,49
474,31,718780,57
475,31,14263,43
476,31,24424,48
477,31,333,50
478,31,223333,75
479,31,6573,43
480,31,5485,46
481,31,216008,53
482,31,45714,43
483,31,137544,46
484,31,15341,44
485,31,100905,45
486,31,37637,42
487,31,1585,48
488,31,5889,43
489,31,64884,58
490,31,200280,56
491,31,21528,43
492,31,156345,57
493,31,24301,45
494,31,373074,49
495,31,106646,66
496,31,64978,50
497,31,4761,49
498,31,331168,57
499,31,3039,43
500,31,237331,82
501,31,53331,47
502,31,49220,52
503,31,90784,40
504,31,79791,52
505,31,6809,47
506,31,443955,65
507,31,15089,56
508,31,678498,77
509,31,34636,43
510,31,7266,43
511,31,4002,42
512,31,52282,52
513,31,103509,42
514,31,2016780,66
515,31,2372,47
516,31,419199,46
517,31,16084,43
518,31,129812,42
519,31,352191,38
520,31,36688,39
521,31,16114,39
522,31,34363,40
523,31,578795,40
524,31,26843,43
525,31,4895,42
526,31,83229,42
527,31,79407,40
528,31,60593,39
529,31,44031,39
530,31,6911,44
531,31,76688,55
532,31,19945,40
533,31,774,43
534,31,3094,40
535,31,1798,45
536,31,8091,39
537,31,997,45
538,31,5016,44
539,31,73795,43
540,31,63834,59
541,31,3935,57
542,31,298075,55
543,31,477270,93
544,31,4778,55
545,31,3777,44
546,31,190526,52
547,31,4030,44
548,31,833282,52
549,31,3956,44
550,31,841,45
551,31,643,45
552,31,1230,44
553,31,2389,44
554,31,7914,45
555,31,702,49
556,31,2046524,62
557,31,177256,50
558,31,434894,46
559,31,13402,40
560,31,7681,45
561,31,52460,50
562,31,207712,45
563,31,10145,50
564,31,8138,69
565,31,2119,45
566,31,29631,50
567,31,22905,49
568,31,42939,53
569,31,140826,78
570,31,1113713,56
571,31,44587,45
572,31,63450,45
573,31,9710,45
574,31,6952,50
575,31,475,52
576,31,107978,45
577,31,8979,45
578,31,36358,40
579,31,4495,49
580,31,18575,40
581,31,1613,45
582,31,2556,56
583,31,8539,40
584,31,3829,50
585,31,421,43
586,31,4259,45
587,31,14768,60
588,31,46020,55
589,31,212879,40
590,31,18740,45
591,31,9860,45
592,31,11091,45
593,31,52242,40
594,31,13656,40
595,31,6210,40
596,31,4320,45
597,31,269535,45
598,31,7262,40
599,31,1206,45
600,31,5326,40
601,31,511,45
602,31,1443,45
603,31,32247,39
604,31,4701,40
605,31,530,45
606,31,8043,39
607,31,449,45
608,31,9626,39
609,31,298,45
610,31,439,45
611,31,873,45
612,31,652,44
613,31,2914,45
614,31,1160,45
615,31,3121,40
616,31,9854,39
617,31,20932,40
618,31,10457,44
619,31,5662,45
620,31,7220,40
621,31,7833,45
622,31,1746,40
623,31,414,40
624,31,632,44
625,31,2722,40
626,31,404,59
627,31,1378,49
628,31,1017,50
629,31,1790,40
630,31,349,45
631,31,234,45
632,31,60,45
633,31,358,45
634,31,269,45
635,31,1417,40
636,31,387,45
637,31,2838,40
638,31,3446,45
639,31,2521,40
640,31,1470,54
641,31,3598,55
642,31,15833,68
643,31,609,45
644,31,259,45
645,31,131451,60
646,31,1462,40
647,31,619,55
648,31,30588,60
649,31,1986,40
650,31,849,44
651,31,7199,52
652,31,46802,50
653,31,1897,48
654,31,1083,45
655,31,215,45
656,31,186,45
657,31,283,45
658,31,1341,40
659,31,400,45
660,31,1307,40
661,31,302,44
662,31,29007,39
663,31,721,45
664,31,310,50
665,31,66972,54
666,31,2422,45
667,31,1662,45
668,31,247,45
669,31,835,40
670,31,455,44
671,31,209,45
672,31,167,45
673,31,192,45
674,31,500,40
675,31,576,40
676,31,224,44
677,31,240,40
678,31,191,40
679,31,642,40
680,31,110,45
681,31,532,40
682,31,286,40
683,31,110,45
684,31,120,45
685,31,446,40
686,31,213,40
687,31,25,45
688,31,0,45
689,31,0,45
690,31,0,40
691,31,0,45
1,32,41560,67
2,32,4636,48
3,32,65203,54
4,32,587615,113
5,32,29540,46
6,32,837670,83
7,32,3383,50
8,32,597675,50
9,32,35360,52
10,32,7779,44
11,32,317071,50
12,32,3249967,54
13,32,17264,45
14,32,8900,48
15,32,69196,46
16,32,365204,42
17,32,335799,52
18,32,94987,76
19,32,6298,47
20,32,13688,47
21,32,3595,51
22,32,38382,53
23,32,174152,42
24,32,602774,51
25,32,4529,47
26,32,14539,49
27,32,37527,40
28,32,6005,45
29,32,29401,43
30,32,6829,43
31,32,13993,42
32,32,363263,39
33,32,7413,59
34,32,3190,59
35,32,283666,40
36,32,5328,44
37,32,1239575,75
38,32,75858,55
39,32,10985,44
40,32,38725,52
41,32,693144,54
42,32,1068495,50
43,32,478,45
44,32,35470,43
45,32,68941,52
46,32,535213,47
47,32,5118,43
48,32,1055,60
49,32,2764,59
50,32,659634,42
51,32,40913,43
52,32,16526,48
53,32,6392,48
54,32,29941,62
55,32,262843,42
56,32,303844,39
57,32,28505,58
58,32,2831,43
59,32,2606,47
60,32,827,50
61,32,50985,42
62,32,634883,50
63,32,585,45
64,32,5251,48
65,32,31746,49
66,32,69730,43
67,32,153329,44
68,32,242868,60
69,32,183743,57
70,32,479711,41
71,32,2617,54
72,32,655,55
73,32,346,44
74,32,183773,45
75,32,345010,39
76,32,124113,44
77,32,185670,46
78,32,22105,52
79,32,47142,42
80,32,3176,53
81,32,194583,53
82,32,12758,44
83,32,35361,43
84,32,1503,50
85,32,12009,43
86,32,30582,58
87,32,17400,60
88,32,230053,48
89,32,32149,53
90,32,3561,54
91,32,151627,63
92,32,190108,44
93,32,139842,48
94,32,8168,39
95,32,4257,50
96,32,939944,55
97,32,110454,44
98,32,3553,49
99,32,90700,40
100,32,31656,57
101,32,15737,46
102,32,674101,59
103,32,99372,67
104,32,230136,57
105,32,389028,47
106,32,63807,58
107,32,22759,53
109,32,499088,47
110,32,664924,53
111,32,11311,47
112,32,44819,47
113,32,190423,49
114,32,168671,79
115,32,16956,59
116,32,96527,47
117,32,861258,92
118,32,165342,71
119,32,218598,82
120,32,1547928,72
121,32,14809,47
122,32,35653,57
123,32,541098,50
124,32,7759,43
148,32,24912,58
149,32,2673,48
150,32,118106,68
151,32,7452,43
152,32,77981,48
153,32,2476,60
154,32,9736,57
155,32,704257,62
156,32,483826,51
157,32,371711,48
158,32,17123,53
159,32,16794,59
160,32,6565,43
161,32,304,50
162,32,139874,55
163,32,7342,52
164,32,2323545,75
165,32,70379,48
166,32,666126,79
167,32,6393,43
168,32,34512,43
169,32,14779,57
170,32,88902,39
171,32,178795,39
172,32,1537,47
173,32,4224,41
174,32,1129,47
175,32,6406,52
176,32,8565,42
177,32,2344,50
178,32,10622,41
179,32,2124,42
180,32,2821,47
181,32,51617,53
182,32,23351,45
183,32,1941,43
184,32,283231,55
185,32,576,43
186,32,20487,43
187,32,10937,53
188,32,3077,46
189,32,2189,46
190,32,3109,48
191,32,110684,45
192,32,2827,43
193,32,18910,57
194,32,64994,42
195,32,30133,43
196,32,242695,38
197,32,202250,44
198,32,200383,52
199,32,619,48
200,32,2003183,51
201,32,153077,43
202,32,3586830,65
203,32,202946,54
204,32,73402,49
205,32,177741,50
206,32,7105,46
207,32,1369,47
208,32,65314,40
209,32,21981,42
210,32,2154,48
211,32,425058,40
212,32,29429,43
213,32,551422,47
214,32,86509,38
215,32,82184,38
216,32,7817,44
217,32,800866,54
218,32,15882,45
219,32,74521,55
220,32,16541,44
221,32,11227,52
222,32,17479,43
223,32,12941,43
224,32,1555162,101
225,32,12277,52
226,32,67457,59
227,32,123665,39
228,32,293621,64
229,32,50843,60
230,32,4948,51
231,32,458305,72
232,32,1045221,58
233,32,1320285,60
234,32,4142,46
235,32,246252,66
236,32,60647,48
237,32,1594,43
238,32,228834,53
239,32,544371,48
240,32,15903,41
241,32,9003,53
242,32,3171,49
243,32,93402,53
244,32,73065,54
245,32,28867,42
246,32,30173,54
247,32,6261,64
248,32,4019,63
249,32,247014,90
250,32,509217,62
251,32,389094,118
252,32,487583,59
253,32,67684,54
254,32,2585870,125
255,32,1104100,71
256,32,47481,51
257,32,1930,51
258,32,31046,60
259,32,1350879,74
260,32,84338,52
261,32,14049,52
262,32,443824,43
263,32,58419,44
264,32,353006,38
265,32,6075,43
266,32,56298,54
267,32,1651,45
268,32,99327,103
269,32,14875,49
270,32,398724,61
271,32,2170953,59
272,32,1452537,120
273,32,1717004,52
274,32,124907,59
275,32,528964,81
276,32,419384,112
277,32,1407552,60
278,32,791984,61
279,32,195260,54
280,32,177060,60
281,32,82814,74
282,32,246111,92
283,32,43373,55
284,32,569438,60
285,32,5861,44
286,32,32908,53
287,32,65335,69
288,32,12786,47
289,32,5577,49
290,32,10128,58
291,32,281024,53
292,32,6453,49
293,32,13141,61
294,32,3677,48
295,32,14886,47
296,32,138069,76
297,32,2543,48
298,32,462861,55
299,32,18411,53
300,32,1324008,53
301,32,2415055,65
302,32,4687486,116
303,32,274438,86
304,32,2423,48
305,32,131576,52
306,32,721490,95
307,32,7304,41
308,32,116183,48
309,32,66776,49
310,32,21932,48
311,32,20280,62
312,32,5561,43
313,32,1394083,57
314,32,2138,48
315,32,184763,70
316,32,832,44
317,32,3081,44
318,32,40865,42
319,32,47495,39
320,32,24314,51
321,32,13219,53
322,32,3351,49
323,32,38729,47
324,32,14101,45
325,32,110320,49
326,32,23795,48
327,32,870,43
328,32,99520,42
329,32,4492,59
330,32,2218,52
331,32,2330,44
332,32,13968,42
333,32,6962,42
334,32,4740,48
335,32,13877,43
336,32,3951,46
337,32,2076,48
338,32,204453,51
339,32,31328,56
340,32,32289,57
341,32,6882,48
342,32,12322,39
343,32,12026,55
344,32,108120,52
345,32,39312,46
346,32,9652,56
347,32,69675,50
348,32,7258,43
349,32,10324,45
350,32,8158,43
351,32,65783,49
352,32,6760,42
353,32,133753,47
354,32,9409,47
355,32,108753,49
356,32,3850,47
357,32,14705,56
358,32,86465,52
359,32,5493,58
360,32,6739,49
361,32,35665,51
362,32,71776,50
363,32,959334,44
364,32,118818,45
365,32,19801,64
366,32,538581,84
367,32,18139,46
368,32,34521,55
369,32,248877,47
370,32,728594,59
371,32,8086,43
372,32,1707,54
373,32,53370,44
374,32,6496,43
375,32,322345,47
376,32,448989,48
377,32,388754,58
378,32,4122,47
379,32,11209,43
380,32,72310,39
381,32,54988,46
382,32,4450,54
383,32,616091,56
384,32,11046,47
385,32,30228,47
386,32,150748,54
387,32,11211,57
388,32,4210927,117
389,32,122548,52
390,32,4000370,95
391,32,196400,46
392,32,245498,66
393,32,14764,43
394,32,45713,74
395,32,53158,45
396,32,86653,49
397,32,7917,51
398,32,78722,52
399,32,5360,47
400,32,30582,70
401,32,4940,47
402,32,4906,49
403,32,30109,69
404,32,1483,44
405,32,69649,59
406,32,4271,43
407,32,11864,43
408,32,7293,52
409,32,3727,47
410,32,2383,52
411,32,4552,51
412,32,26941,44
413,32,2393,46
414,32,9828,41
415,32,11580,51
416,32,2393,48
417,32,221472,45
418,32,10201,44
419,32,15824,48
420,32,1622,45
421,32,1877,47
422,32,19243,45
423,32,995,48
424,32,157658,41
425,32,14071,42
426,32,27779,43
427,32,26808,45
428,32,5595,56
429,32,442631,39
430,32,15063,43
431,32,264729,50
432,32,64554,47
433,32,771,45
434,32,3666,49
435,32,2017423,58
436,32,5273,55
437,32,566815,65
438,32,15538,42
439,32,8857,64
440,32,9013,61
441,32,17552,61
442,32,41385,43
443,32,48603,41
444,32,481,55
445,32,222925,59
446,32,13351,50
447,32,504,55
448,32,162560,47
449,32,1047621,53
450,32,42719,58
451,32,45862,43
452,32,195071,39
453,32,19171,43
454,32,69019,51
455,32,411538,53
456,32,8046,44
457,32,320505,56
458,32,92893,54
459,32,588585,49
460,32,365814,81
461,32,508303,49
462,32,3339,54
463,32,9151,48
464,32,56044,46
465,32,448481,60
466,32,137506,51
467,32,123982,39
468,32,1377675,70
469,32,90948,53
470,32,505929,39
471,32,58241,41
472,32,6674,44
473,32,748,49
474,32,479440,57
475,32,14201,43
476,32,24418,48
477,32,332,50
478,32,221977,75
479,32,6477,43
480,32,5558,46
481,32,302643,54
482,32,45668,42
483,32,138930,46
484,32,15122,44
485,32,100353,45
487,32,1606,48
488,32,5911,43
490,32,201222,56
491,32,21607,43
492,32,153623,57
493,32,23737,45
494,32,371184,49
495,32,106556,66
496,32,65107,50
497,32,5566,49
498,32,345347,57
499,32,3024,43
500,32,263145,82
501,32,54492,47
502,32,49028,52
503,32,90261,40
504,32,90305,52
505,32,6784,47
506,32,464449,65
507,32,14156,56
508,32,676417,77
509,32,34820,43
510,32,7194,43
511,32,4028,42
512,32,51293,52
513,32,101044,41
514,32,1966162,65
515,32,2382,47
516,32,407606,46
517,32,15522,43
518,32,128582,42
519,32,350672,38
520,32,36413,39
521,32,16007,39
523,32,592515,40
524,32,26375,43
525,32,4903,42
526,32,82778,42
527,32,78236,40
528,32,61693,39
529,32,44184,39
530,32,6777,44
531,32,76541,55
532,32,19618,40
533,32,773,43
535,32,1808,44
536,32,8248,39
537,32,997,45
538,32,5017,44
539,32,73096,43
540,32,48371,58
541,32,3912,57
542,32,441839,55
543,32,327173,92
544,32,4681,55
545,32,3777,44
546,32,263700,52
547,32,4032,44
548,32,856978,52
549,32,4128,44
550,32,832,45
551,32,637,45
552,32,1241,44
553,32,2371,44
554,32,7970,45
555,32,698,49
556,32,1991752,62
557,32,139394,49
558,32,491203,46
559,32,13462,40
560,32,7540,45
561,32,63228,50
562,32,202317,45
563,32,15322,50
564,32,9583,69
565,32,2243,45
566,32,29279,50
567,32,24159,49
568,32,42662,53
569,32,238812,78
570,32,878576,55
571,32,41826,45
572,32,57273,45
573,32,11700,45
574,32,7017,50
575,32,473,52
576,32,109901,45
579,32,4475,49
580,32,18254,40
581,32,1604,45
582,32,2561,56
583,32,8501,40
584,32,14468,50
585,32,457,43
587,32,14271,59
588,32,47354,55
589,32,254468,41
590,32,18321,45
591,32,10068,45
592,32,11306,45
593,32,51562,40
594,32,13693,40
595,32,6189,40
596,32,4288,45
597,32,265922,45
598,32,7386,40
599,32,1182,45
600,32,5440,39
601,32,519,45
602,32,1507,45
603,32,31706,39
604,32,4626,40
605,32,535,45
606,32,9172,39
607,32,454,45
608,32,9990,39
609,32,303,45
610,32,431,45
611,32,863,45
612,32,731,44
613,32,3153,45
614,32,1161,45
615,32,3202,40
616,32,10043,39
617,32,20575,40
618,32,10476,44
619,32,5325,45
620,32,7344,40
621,32,8092,45
622,32,1814,40
623,32,413,40
624,32,645,44
625,32,2742,40
626,32,403,59
627,32,1334,49
628,32,1194,50
629,32,1838,40
630,32,375,45
631,32,248,45
632,32,60,45
633,32,375,45
634,32,276,45
635,32,1453,40
636,32,401,45
637,32,3014,40
638,32,3658,45
639,32,2453,40
640,32,1336,54
642,32,21419,68
643,32,633,45
644,32,266,45
645,32,83043,59
646,32,1617,40
647,32,589,55
648,32,30576,60
649,32,2020,40
650,32,887,44
651,32,6962,51
652,32,50324,50
653,32,1927,48
654,32,2002,45
655,32,228,45
656,32,211,45
657,32,332,45
658,32,1481,40
659,32,413,45
660,32,1362,40
661,32,312,44
662,32,28934,39
663,32,744,45
664,32,327,50
665,32,54163,53
666,32,2383,45
667,32,1511,45
668,32,282,45
669,32,914,40
670,32,596,44
671,32,222,45
672,32,163,45
673,32,204,45
674,32,557,40
676,32,237,44
677,32,262,40
678,32,195,40
679,32,737,40
680,32,128,45
681,32,607,40
682,32,322,40
683,32,92,45
684,32,121,45
685,32,507,40
686,32,240,40
687,32,48,45
689,32,71,45
690,32,58,40
691,32,32,45
1,33,41526,67
2,33,4631,48
3,33,63896,54
4,33,549850,113
5,33,26686,46
6,33,502260,84
7,33,3373,50
8,33,587048,50
9,33,35697,52
10,33,7409,44
11,33,315225,50
12,33,3315235,54
13,33,15480,45
14,33,8886,48
15,33,68601,46
16,33,386676,42
17,33,312073,52
18,33,97356,76
19,33,6288,47
20,33,14684,47
21,33,3606,51
22,33,47031,53
23,33,179645,42
24,33,642703,51
25,33,4523,47
26,33,23184,49
27,33,37419,40
28,33,6139,45
29,33,29347,43
30,33,6814,43
31,33,14005,42
32,33,362507,39
33,33,7396,59
34,33,3187,59
35,33,280896,40
36,33,5354,44
37,33,1210095,75
38,33,93367,55
39,33,10913,44
40,33,37140,52
41,33,719738,54
42,33,1111518,50
43,33,478,45
44,33,35396,43
45,33,69051,52
46,33,546334,47
47,33,5100,43
48,33,1061,60
49,33,2763,59
50,33,643668,42
51,33,40701,43
52,33,16703,48
53,33,6383,48
54,33,30792,62
55,33,261065,42
56,33,305280,39
57,33,31917,58
58,33,2829,43
59,33,2621,47
60,33,827,50
61,33,56919,42
62,33,819620,49
63,33,585,45
64,33,5243,48
65,33,31420,49
66,33,75663,43
67,33,220234,44
68,33,264162,60
69,33,258334,57
70,33,479515,41
71,33,2644,54
72,33,692,55
73,33,345,44
74,33,156924,45
75,33,341552,39
76,33,127157,44
77,33,184248,46
78,33,22131,52
79,33,46070,42
80,33,3312,53
81,33,200367,53
82,33,12752,44
83,33,34405,43
84,33,1535,50
85,33,11829,43
86,33,30114,58
87,33,16899,60
88,33,223317,48
89,33,32538,53
90,33,3594,54
91,33,157691,63
92,33,185598,44
93,33,138641,48
94,33,8135,39
95,33,4113,50
96,33,892111,55
97,33,109685,44
98,33,3533,49
99,33,94310,40
100,33,31525,57
101,33,15770,46
102,33,649691,59
103,33,98424,67
104,33,221695,57
105,33,388529,47
106,33,63937,58
107,33,21982,53
108,33,47604,57
109,33,511657,47
110,33,679598,53
111,33,11355,47
112,33,46421,47
113,33,190787,49
114,33,174496,79
116,33,92292,47
117,33,867795,92
118,33,165268,71
119,33,257762,83
120,33,1618371,72
121,33,14766,47
122,33,35074,57
123,33,562099,50
124,33,7800,43
125,33,15544,45
126,33,22551,43
127,33,11529,44
128,33,235457,48
129,33,2080,44
130,33,6855,52
131,33,59873,43
132,33,63085,55
133,33,26177,48
134,33,58256,43
135,33,18942,41
136,33,45519,44
137,33,87292,55
138,33,21667,56
139,33,30632,54
140,33,118547,56
141,33,694223,71
142,33,4841,53
143,33,2418,47
144,33,58656,44
145,33,43051,38
146,33,932236,38
147,33,6362,43
149,33,2671,48
150,33,188367,68
151,33,7420,43
152,33,119285,48
153,33,2465,60
154,33,9741,57
155,33,709259,61
156,33,490522,51
157,33,374895,48
158,33,17043,53
159,33,16983,59
160,33,6543,43
161,33,304,50
162,33,139172,55
163,33,7380,52
164,33,2231343,75
165,33,70496,48
166,33,675399,78
167,33,6366,43
168,33,34190,43
169,33,14768,57
170,33,88022,39
193,33,19101,57
194,33,64740,42
195,33,28881,43
196,33,240522,38
197,33,200835,44
198,33,199128,52
199,33,620,48
200,33,2103690,52
201,33,152163,43
202,33,3581341,65
203,33,236503,54
204,33,73492,49
205,33,177424,50
206,33,7156,46
207,33,1364,47
208,33,64897,40
209,33,21898,42
210,33,2151,48
211,33,421777,40
212,33,29328,43
213,33,566083,47
214,33,87392,38
215,33,82955,38
216,33,7810,44
217,33,839008,54
218,33,15917,45
219,33,156286,55
220,33,16517,44
221,33,11522,52
222,33,17419,43
223,33,12946,43
224,33,1988095,102
225,33,12284,52
226,33,79282,59
227,33,117900,39
228,33,316695,64
229,33,51314,60
230,33,4937,51
231,33,616900,72
232,33,1058483,58
233,33,1743794,61
234,33,4151,46
235,33,239899,66
236,33,61002,48
237,33,1592,43
238,33,238873,53
239,33,533311,48
240,33,19963,41
241,33,9249,53
242,33,3201,49
243,33,94242,53
244,33,72683,54
245,33,28706,42
246,33,30055,54
247,33,6290,64
248,33,4089,63
249,33,267723,90
250,33,508742,62
251,33,462296,117
252,33,507299,59
253,33,68525,54
254,33,2937549,126
255,33,1170763,71
256,33,47139,51
257,33,1927,51
259,33,1747342,75
260,33,84215,52
261,33,14048,52
262,33,430450,43
263,33,55502,44
264,33,345267,38
265,33,6061,43
289,33,5571,49
290,33,10179,58
291,33,276476,53
292,33,6449,49
293,33,13118,61
294,33,3673,48
295,33,14846,47
296,33,156094,76
297,33,2541,48
298,33,470099,55
299,33,18385,53
300,33,1354482,54
301,33,2575611,66
302,33,4680945,116
303,33,272144,86
304,33,2420,48
305,33,133350,52
306,33,815803,95
307,33,7274,41
308,33,117559,48
309,33,66555,49
310,33,21651,48
311,33,20206,62
312,33,5546,43
313,33,1395640,57
314,33,2136,48
315,33,499667,71
316,33,829,44
317,33,3071,44
318,33,40716,42
319,33,46990,39
320,33,24341,51
321,33,12844,53
322,33,4361,49
323,33,38598,47
324,33,13903,45
325,33,107494,49
326,33,23908,48
327,33,870,43
328,33,83551,42
329,33,4445,59
330,33,2215,52
331,33,2266,44
332,33,13920,42
333,33,6666,42
334,33,4741,48
335,33,13775,43
336,33,3850,46
337,33,2072,48
338,33,209146,51
339,33,31343,56
340,33,37334,57
341,33,6873,48
342,33,12267,39
343,33,11911,55
344,33,107189,52
345,33,39001,46
346,33,9981,56
347,33,69753,50
348,33,7229,43
349,33,10371,45
350,33,8227,43
351,33,66405,49
352,33,6845,42
353,33,133816,47
354,33,9534,47
355,33,108254,49
356,33,3822,47
357,33,14620,56
358,33,96274,52
359,33,5575,58
360,33,6619,49
407,33,11852,43
408,33,7259,52
409,33,3726,47
410,33,2387,52
411,33,4886,51
412,33,25675,44
413,33,2392,46
414,33,9808,41
415,33,11548,51
416,33,2389,48
417,33,237186,45
418,33,10411,44
419,33,15906,48
420,33,1620,45
421,33,1882,47
422,33,20024,45
423,33,995,48
424,33,160000,41
425,33,14590,42
426,33,27579,43
427,33,26986,45
428,33,5550,56
429,33,442510,39
430,33,14914,43
431,33,263603,50
432,33,65560,47
433,33,769,45
434,33,3659,49
435,33,1702499,57
436,33,5316,55
437,33,436125,65
438,33,15548,42
439,33,8824,64
440,33,9007,61
441,33,17512,61
442,33,37397,43
443,33,48191,41
444,33,481,55
445,33,256393,60
446,33,13325,50
447,33,502,55
448,33,155387,47
449,33,1026133,53
450,33,42852,58
451,33,48272,43
452,33,196834,39
453,33,19127,43
454,33,69728,51
455,33,444234,53
456,33,8029,44
458,33,98582,54
459,33,677265,49
460,33,365369,81
461,33,615763,50
462,33,3131,54
463,33,9135,48
464,33,60491,46
465,33,510392,60
466,33,122911,51
467,33,122740,39
468,33,1459768,70
469,33,94925,53
470,33,492526,39
471,33,58127,41
472,33,6657,44
473,33,755,49
474,33,388024,56
475,33,14162,43
476,33,24435,48
477,33,332,50
478,33,221043,75
480,33,5584,46
481,33,356999,54
483,33,140269,46
485,33,99699,45
486,33,37048,42
487,33,1599,48
488,33,5937,43
489,33,60492,58
490,33,203352,56
491,33,21657,43
492,33,152022,57
494,33,370643,49
495,33,106575,66
496,33,61513,50
497,33,5383,49
498,33,492101,57
499,33,3011,43
500,33,270578,82
501,33,60190,47
502,33,49100,52
503,33,89780,40
504,33,86351,52
505,33,6762,47
506,33,466982,65
507,33,13674,56
508,33,719345,77
509,33,35213,43
510,33,7168,43
511,33,4048,42
512,33,50738,51
513,33,97808,41
514,33,2226442,66
515,33,2388,47
518,33,126433,42
519,33,347048,38
520,33,36154,39
522,33,33921,40
526,33,82117,42
527,33,77204,40
528,33,63304,39
529,33,44157,39
530,33,6748,44
531,33,76959,55
532,33,19422,40
533,33,770,43
534,33,3076,40
535,33,1804,44
536,33,8228,39
540,33,53970,58
541,33,3950,57
544,33,4758,55
545,33,3783,44
546,33,321286,53
547,33,4074,44
548,33,833530,52
549,33,10529,44
550,33,826,45
551,33,636,45
553,33,2358,44
554,33,8029,45
555,33,696,49
558,33,518408,47
559,33,13510,40
560,33,7432,45
561,33,87197,50
563,33,20091,50
566,33,30084,50
567,33,24089,49
568,33,42346,53
569,33,374955,79
570,33,688395,55
573,33,11501,45
574,33,7003,50
575,33,473,52
576,33,74581,45
577,33,8631,45
578,33,35308,40
579,33,4460,49
580,33,17982,40
581,33,1598,45
582,33,2568,56
583,33,8339,40
586,33,4357,45
587,33,14010,59
588,33,76347,55
589,33,200000,41
591,33,9905,45
592,33,11226,45
593,33,51080,40
594,33,13579,40
596,33,4265,45
597,33,319522,45
599,33,1181,45
600,33,5528,39
601,33,530,45
602,33,1505,45
603,33,33033,39
604,33,4534,40
605,33,549,45
606,33,10577,39
607,33,470,45
610,33,444,45
611,33,943,44
612,33,680,44
613,33,3080,45
614,33,1192,45
615,33,3274,40
616,33,10127,39
617,33,20368,40
618,33,10374,44
619,33,5287,45
620,33,7491,40
621,33,8011,45
626,33,401,59
627,33,1305,49
628,33,1340,50
629,33,1893,40
630,33,377,45
631,33,258,45
632,33,60,45
633,33,375,45
637,33,3156,40
638,33,3916,45
639,33,2440,40
640,33,1263,54
641,33,3144,54
642,33,41362,68
644,33,275,45
645,33,65529,58
646,33,1728,40
647,33,566,55
648,33,30383,60
649,33,2097,40
651,33,6976,51
652,33,76864,50
653,33,1972,48
654,33,2064,45
656,33,208,45
657,33,318,45
658,33,1577,40
660,33,1446,40
661,33,311,44
662,33,28699,39
663,33,829,45
664,33,362,50
667,33,1500,45
668,33,316,45
669,33,1011,40
670,33,583,44
671,33,237,45
672,33,171,45
673,33,199,45
674,33,628,40
675,33,643,40
676,33,239,44
677,33,278,40
678,33,217,40
679,33,813,40
680,33,133,45
681,33,703,40
682,33,418,40
683,33,94,45
684,33,133,45
685,33,579,40
686,33,295,40
687,33,61,45
688,33,49,45
689,33,119,45
690,33,190,40
691,33,58,45
692,33,0,45
693,33,0,45
1,34,41491,67
2,34,4627,48
3,34,63585,54
4,34,543830,113
5,34,24976,46
6,34,410762,84
7,34,3359,50
8,34,580171,50
9,34,35558,52
10,34,7406,44
11,34,309181,50
12,34,3286703,54
13,34,15116,45
14,34,8872,48
15,34,70846,46
16,34,401432,43
17,34,305138,52
18,34,94272,76
19,34,6290,47
20,34,14476,47
21,34,3610,51
22,34,44304,53
23,34,184780,42
24,34,641495,51
25,34,4520,47
26,34,21229,49
27,34,37343,40
28,34,6134,45
29,34,28483,43
30,34,6801,43
31,34,14068,42
32,34,361632,39
33,34,7389,59
34,34,3186,59
35,34,279621,40
36,34,5380,44
37,34,1185245,75
38,34,90903,55
39,34,10842,44
40,34,36439,52
41,34,703624,54
42,34,1083076,50
43,34,477,45
44,34,35227,43
45,34,71794,52
46,34,536240,47
47,34,5085,43
48,34,1202,60
49,34,2762,59
50,34,638208,42
51,34,40544,43
52,34,16662,48
53,34,6377,48
54,34,28832,62
55,34,260218,42
56,34,304163,39
57,34,29926,58
58,34,2826,43
59,34,2640,47
60,34,827,50
61,34,54118,42
62,34,793913,49
63,34,584,45
64,34,5235,48
65,34,31231,49
66,34,74752,43
67,34,207955,44
68,34,242801,60
69,34,225984,57
70,34,477290,41
71,34,2655,54
72,34,716,55
73,34,345,44
74,34,158595,45
75,34,339416,39
76,34,127954,44
77,34,183258,46
78,34,22071,52
79,34,45716,42
80,34,3257,53
81,34,202415,53
82,34,12728,44
83,34,33351,43
84,34,1599,50
85,34,11688,43
86,34,29353,57
87,34,16978,60
88,34,222454,48
89,34,34745,53
90,34,3465,54
91,34,258080,63
92,34,190396,44
93,34,132924,48
94,34,8108,39
95,34,4059,50
96,34,891305,55
97,34,110008,44
98,34,3572,49
99,34,92488,40
100,34,38634,57
101,34,15790,46
102,34,659810,59
103,34,97053,67
104,34,226675,57
105,34,390657,47
106,34,63844,58
107,34,21537,53
108,34,47539,57
109,34,511382,47
110,34,681713,53
111,34,11406,47
112,34,46716,47
113,34,192247,49
114,34,175361,79
115,34,15319,59
116,34,102634,47
117,34,874895,92
118,34,165219,71
119,34,282789,83
120,34,1647740,73
121,34,14743,47
122,34,34254,57
123,34,572628,50
124,34,7878,43
125,34,14991,45
126,34,22586,43
127,34,11580,44
128,34,238295,48
129,34,2106,44
130,34,6870,52
131,34,60016,43
132,34,61888,55
133,34,26200,48
134,34,61379,43
135,34,18959,41
136,34,44950,44
137,34,87150,55
138,34,21563,56
139,34,31640,54
140,34,117478,56
141,34,706418,71
142,34,4853,53
143,34,2412,47
144,34,58287,44
145,34,42884,38
146,34,925218,38
147,34,6339,43
148,34,25241,58
149,34,2710,48
150,34,215851,69
151,34,7398,43
152,34,182501,49
153,34,2455,60
154,34,9790,57
155,34,735123,61
156,34,450494,51
157,34,384875,48
158,34,17220,53
159,34,16880,59
160,34,6518,43
161,34,304,50
162,34,139255,55
163,34,7364,52
164,34,2208997,75
165,34,76964,48
166,34,662127,78
167,34,6330,43
168,34,33994,43
169,34,14757,57
170,34,87510,39
171,34,175982,39
172,34,1529,47
173,34,4189,41
174,34,1124,47
175,34,6291,52
176,34,8553,42
177,34,2343,50
178,34,10488,41
179,34,2117,42
180,34,2809,47
181,34,46104,53
182,34,23295,45
183,34,1934,43
184,34,273569,55
185,34,575,43
186,34,20260,43
187,34,9946,53
188,34,3081,46
189,34,2185,46
190,34,3099,48
191,34,106012,44
192,34,2820,43
193,34,19232,57
194,34,64613,42
195,34,28214,43
196,34,239148,38
197,34,205614,44
198,34,198505,52
199,34,631,48
200,34,2301113,53
201,34,158805,43
202,34,3534712,65
203,34,281306,54
204,34,74243,49
205,34,176099,50
206,34,7566,46
207,34,1363,47
208,34,64634,40
209,34,22143,42
210,34,2149,48
211,34,433320,40
212,34,29276,43
213,34,602202,47
214,34,87609,38
215,34,82689,38
216,34,7804,44
217,34,838882,54
218,34,15905,45
219,34,176870,56
220,34,16492,44
221,34,11229,52
222,34,17381,43
223,34,13004,43
224,34,1865865,103
225,34,12278,52
226,34,68400,59
227,34,114275,39
228,34,312699,64
229,34,51053,60
230,34,4931,51
231,34,625546,73
232,34,1149530,58
233,34,2023774,62
234,34,4181,46
235,34,235868,66
236,34,60904,48
237,34,1591,43
238,34,241972,53
239,34,526374,48
240,34,22541,41
258,34,26994,60
262,34,418501,43
266,34,58115,54
267,34,1645,45
268,34,96516,103
269,34,14845,49
270,34,402182,61
271,34,1765002,57
272,34,1193825,119
273,34,972930,51
274,34,132999,59
275,34,480288,80
276,34,404214,111
277,34,1200514,59
278,34,775988,61
279,34,195359,54
280,34,191422,60
281,34,94770,74
282,34,226652,92
283,34,49755,55
284,34,654645,60
285,34,5890,44
286,34,33727,53
287,34,69148,69
288,34,12916,47
301,34,2660277,67
320,34,23970,51
321,34,12574,53
322,34,4196,49
323,34,38357,47
324,34,13335,45
325,34,102791,49
326,34,24237,48
327,34,867,43
328,34,77711,42
329,34,4340,59
330,34,2213,52
331,34,2213,44
332,34,13882,42
333,34,6375,42
334,34,4629,48
335,34,13706,43
336,34,3764,46
337,34,2068,48
338,34,231543,51
339,34,30854,56
340,34,35135,57
341,34,6867,48
342,34,12215,39
343,34,11738,55
344,34,104804,52
345,34,38726,46
346,34,9571,56
347,34,69346,50
348,34,7216,43
349,34,10357,45
350,34,7992,43
351,34,65135,49
352,34,6898,42
353,34,133555,47
354,34,9627,47
355,34,107868,49
356,34,3651,47
357,34,14489,56
358,34,90364,52
359,34,5480,58
360,34,6583,49
361,34,35429,51
362,34,64504,50
363,34,920435,44
364,34,116786,45
365,34,19260,64
366,34,486954,84
367,34,17854,46
368,34,33200,55
369,34,235511,47
370,34,686491,58
371,34,8054,43
372,34,1705,54
373,34,49762,44
374,34,6453,43
375,34,317733,47
376,34,423154,47
377,34,341083,57
378,34,4097,47
379,34,11206,43
380,34,71294,39
381,34,54626,46
382,34,4463,54
383,34,590605,56
384,34,11029,47
385,34,30052,47
386,34,147790,54
387,34,10611,57
388,34,3893689,118
389,34,122423,52
390,34,3905401,95
391,34,195862,46
392,34,173171,67
393,34,14665,43
394,34,45389,74
395,34,51256,45
396,34,75719,49
397,34,7919,51
398,34,66719,52
399,34,5346,47
400,34,30302,70
401,34,4926,47
402,34,4640,49
403,34,29698,69
404,34,1476,44
405,34,57521,59
406,34,4265,43
407,34,11843,43
408,34,7204,52
409,34,3730,47
410,34,2404,52
411,34,4682,51
412,34,25923,44
413,34,2388,46
414,34,9791,41
415,34,11528,51
416,34,2385,48
417,34,251826,46
418,34,10475,44
419,34,16056,48
420,34,1617,45
421,34,1883,47
422,34,20437,45
423,34,993,48
424,34,162534,41
425,34,14796,42
426,34,27451,43
427,34,27158,45
428,34,5522,56
429,34,440659,39
430,34,14888,43
431,34,265533,50
432,34,66532,47
433,34,769,45
434,34,3657,49
435,34,1513154,56
436,34,5343,55
437,34,388328,64
438,34,15868,42
439,34,8810,64
440,34,9003,61
441,34,17470,61
442,34,35935,43
443,34,47865,41
444,34,481,55
445,34,269586,60
446,34,13322,50
447,34,502,55
448,34,152022,47
449,34,1001839,53
450,34,42700,58
451,34,49360,43
452,34,195525,39
453,34,19029,43
454,34,68406,51
455,34,430903,53
456,34,8020,44
457,34,317470,56
458,34,97665,54
459,34,655653,50
460,34,364957,81
461,34,594867,50
462,34,3045,54
463,34,9124,48
464,34,59928,46
465,34,493653,61
466,34,121997,51
467,34,121895,39
469,34,92509,53
470,34,485381,39
471,34,58052,41
472,34,6656,44
473,34,758,49
474,34,357487,56
475,34,14129,43
476,34,24415,47
477,34,331,50
478,34,220192,75
479,34,6488,43
480,34,5656,46
481,34,519682,55
482,34,45666,42
483,34,138341,46
484,34,14549,44
485,34,99196,45
486,34,37047,42
487,34,1617,48
488,34,5900,43
489,34,61912,58
490,34,212389,56
491,34,21661,43
492,34,151362,57
493,34,23843,45
494,34,368383,49
496,34,62138,50
497,34,5330,49
498,34,573734,58
499,34,3002,43
500,34,267182,82
501,34,61767,47
502,34,49175,52
503,34,89323,40
504,34,80802,52
505,34,6757,47
506,34,463737,65
507,34,13460,56
508,34,728673,77
509,34,33939,43
510,34,7179,43
511,34,4042,42
512,34,50377,51
513,34,96134,41
514,34,2086428,66
515,34,2383,47
516,34,387649,46
517,34,12728,43
518,34,125789,42
519,34,343855,38
520,34,35930,39
521,34,15907,39
522,34,33775,40
523,34,586485,40
524,34,25941,43
525,34,4899,42
526,34,81370,42
527,34,76534,40
528,34,62826,39
529,34,43591,39
530,34,6657,44
532,34,19377,40
533,34,770,43
534,34,3070,40
535,34,1812,44
536,34,8231,39
537,34,1025,45
538,34,5177,44
539,34,71591,43
540,34,50763,58
541,34,3975,57
542,34,410130,56
543,34,253913,91
544,34,4763,55
545,34,3776,44
546,34,301712,53
547,34,4035,44
548,34,853339,52
549,34,24077,44
550,34,825,45
551,34,633,45
552,34,1268,44
553,34,2348,44
554,34,8071,45
555,34,693,49
556,34,1935743,61
557,34,120091,48
558,34,557491,47
559,34,13544,40
561,34,97157,50
562,34,183194,44
563,34,18754,50
564,34,8455,69
565,34,2327,45
566,34,44786,50
567,34,23839,49
570,34,529370,54
571,34,35231,45
572,34,50561,45
573,34,11040,45
574,34,6903,50
576,34,75192,45
577,34,8661,45
578,34,35203,40
579,34,4450,49
580,34,17784,40
581,34,1597,45
582,34,2564,56
583,34,8253,40
584,34,9341,50
585,34,580,43
586,34,4408,45
587,34,13812,59
588,34,63172,55
590,34,17276,45
591,34,9780,45
592,34,11174,45
593,34,50583,40
595,34,6175,40
596,34,4229,45
597,34,307316,46
598,34,7599,40
599,34,1199,45
600,34,5570,39
602,34,1487,45
603,34,35548,39
605,34,570,45
606,34,9788,39
608,34,10321,39
609,34,323,45
610,34,451,45
611,34,977,44
612,34,677,44
613,34,3025,45
614,34,1202,45
615,34,3330,40
616,34,10006,39
617,34,20163,40
618,34,9759,44
619,34,5273,45
620,34,7626,40
621,34,7852,45
622,34,1979,40
623,34,408,40
624,34,670,44
625,34,2854,40
626,34,401,59
627,34,1294,49
628,34,1424,50
629,34,2030,39
630,34,383,45
631,34,284,45
632,34,60,45
633,34,399,45
634,34,317,45
635,34,1594,40
636,34,420,45
637,34,3182,40
638,34,3686,45
639,34,2424,40
641,34,3066,54
642,34,33997,68
643,34,704,45
644,34,287,45
645,34,63134,57
646,34,1654,40
647,34,558,55
648,34,30726,60
649,34,2150,40
650,34,913,44
651,34,6784,51
654,34,1985,45
655,34,260,45
656,34,205,45
657,34,310,45
658,34,1627,40
659,34,442,45
660,34,1550,40
661,34,314,44
662,34,28494,39
663,34,836,45
664,34,384,50
665,34,45514,52
666,34,2226,45
667,34,1527,45
668,34,318,45
669,34,1014,40
670,34,544,44
671,34,247,45
672,34,186,45
674,34,616,40
675,34,710,40
676,34,258,44
679,34,850,40
680,34,152,45
681,34,748,40
682,34,446,40
683,34,136,44
684,34,139,45
685,34,634,40
687,34,69,45
688,34,99,45
689,34,137,45
690,34,223,40
691,34,75,45
692,34,285,45
693,34,23,45
694,34,0,40
695,34,0,45
1,35,41456,67
2,35,4623,48
3,35,63115,54
4,35,579903,113
5,35,22916,46
6,35,378890,84
7,35,3349,50
8,35,565152,50
9,35,35385,52
10,35,7344,44
11,35,323737,50
12,35,3246989,54
13,35,14913,45
14,35,8860,48
15,35,64903,46
16,35,395317,43
17,35,305331,52
18,35,90628,76
19,35,6286,47
20,35,16308,47
21,35,3631,51
22,35,42765,53
23,35,193247,42
24,35,641435,51
25,35,4513,47
26,35,28952,49
27,35,37236,40
28,35,6138,45
29,35,27510,42
30,35,6777,43
31,35,14152,42
32,35,363055,39
33,35,7372,59
34,35,3184,59
35,35,276480,40
36,35,5395,44
37,35,1163139,75
38,35,93933,55
39,35,10766,44
40,35,35951,52
41,35,698836,54
42,35,1063375,50
43,35,476,45
44,35,34995,43
45,35,109865,52
46,35,530791,47
47,35,5068,43
48,35,1388,60
49,35,2760,59
50,35,642887,42
51,35,40356,43
52,35,17021,48
53,35,6368,48
54,35,26137,62
55,35,258379,42
56,35,306717,39
57,35,27922,58
58,35,2822,43
59,35,2609,47
60,35,827,50
61,35,54147,42
62,35,743993,49
63,35,584,45
64,35,5227,48
65,35,30950,49
66,35,75917,43
67,35,187826,44
68,35,218263,59
69,35,164812,57
70,35,482861,41
71,35,2667,54
72,35,718,55
73,35,345,44
74,35,156426,45
75,35,335979,39
76,35,129355,44
77,35,181981,46
78,35,21985,52
79,35,44846,42
80,35,3193,53
81,35,199037,53
82,35,12702,44
83,35,31255,43
84,35,1660,50
85,35,11589,43
86,35,28726,57
87,35,17172,60
88,35,205327,48
89,35,34939,53
90,35,3397,54
91,35,260929,64
92,35,180545,44
93,35,126182,48
94,35,8073,39
95,35,4032,50
96,35,874713,55
97,35,108824,44
98,35,3602,49
99,35,91415,40
100,35,36978,57
101,35,15811,46
102,35,593719,59
103,35,95688,67
104,35,196250,57
105,35,389019,47
106,35,64705,58
107,35,21218,53
108,35,47807,57
109,35,469785,47
110,35,678662,53
111,35,11433,47
112,35,46025,47
113,35,197795,49
114,35,172066,79
115,35,15123,59
116,35,119425,47
117,35,885295,92
118,35,164389,71
119,35,262491,83
120,35,1666592,73
121,35,14714,47
122,35,32867,57
123,35,578424,51
124,35,8202,43
125,35,17254,45
126,35,22710,43
127,35,11532,44
128,35,358605,48
129,35,2128,44
130,35,6813,52
131,35,60087,43
132,35,102765,55
133,35,27633,48
134,35,125543,43
135,35,19048,41
136,35,44541,44
137,35,88566,55
138,35,22855,56
139,35,42195,54
140,35,118304,56
141,35,963453,72
142,35,5070,53
143,35,2407,47
144,35,59058,44
145,35,42918,38
146,35,968488,38
147,35,6305,43
148,35,25181,58
149,35,2759,48
150,35,292187,69
151,35,7365,43
152,35,226648,49
153,35,2449,60
154,35,9920,57
155,35,885474,61
156,35,470784,50
157,35,411599,48
158,35,17589,53
159,35,17649,59
160,35,6496,43
161,35,297,50
162,35,140150,55
163,35,7415,52
164,35,2490379,75
165,35,86814,48
166,35,658148,78
167,35,6281,43
168,35,33756,43
169,35,14748,57
170,35,86609,39
171,35,172654,39
172,35,1529,47
173,35,4168,41
174,35,1124,47
175,35,6287,52
176,35,8515,42
177,35,2341,50
178,35,10462,41
179,35,2113,42
180,35,2802,47
181,35,44230,53
182,35,23226,45
183,35,1928,43
184,35,271113,55
185,35,576,43
186,35,20127,43
187,35,9483,53
188,35,3062,46
189,35,2185,46
190,35,3094,48
191,35,104771,44
192,35,2814,43
193,35,19196,57
194,35,64435,41
195,35,28020,43
196,35,236879,38
197,35,198835,44
198,35,196793,52
199,35,629,48
200,35,2154185,53
201,35,151832,43
202,35,3090619,64
203,35,254397,54
204,35,73036,49
205,35,173944,50
206,35,7585,46
207,35,1362,47
208,35,64140,40
209,35,23635,42
210,35,2159,48
211,35,430127,40
212,35,29212,43
213,35,591957,47
214,35,92004,38
215,35,86750,38
216,35,7794,44
217,35,848742,54
218,35,15906,45
219,35,253142,56
220,35,16462,44
221,35,11277,52
222,35,17323,43
223,35,12930,43
224,35,1829317,103
225,35,12278,52
226,35,57489,59
227,35,108233,39
228,35,319102,64
229,35,51328,60
230,35,4917,51
231,35,639940,73
232,35,1204247,59
233,35,2211450,63
234,35,4227,46
235,35,231231,66
236,35,62281,48
237,35,1587,43
238,35,248110,53
239,35,517818,48
240,35,30101,41
241,35,9392,53
242,35,3254,49
243,35,96382,53
244,35,72158,54
245,35,28520,42
246,35,29895,54
247,35,6355,64
248,35,4170,63
249,35,259370,90
250,35,507828,62
251,35,432826,117
252,35,514237,59
253,35,69307,54
254,35,2982553,127
255,35,1179862,71
256,35,46741,51
257,35,1925,51
258,35,24518,60
259,35,1793838,76
260,35,84019,52
261,35,14055,52
262,35,415604,43
263,35,54195,44
264,35,348800,38
265,35,6028,43
266,35,58326,54
267,35,1645,45
268,35,100556,103
269,35,14827,49
270,35,400633,61
271,35,1526334,56
272,35,1095870,119
273,35,793195,51
274,35,136402,59
275,35,439076,80
276,35,358547,111
277,35,1106187,58
278,35,753225,61
279,35,195522,54
280,35,188597,60
281,35,86858,74
282,35,202838,91
283,35,45710,55
284,35,632645,60
285,35,5895,44
286,35,34277,53
287,35,68159,69
288,35,12914,47
289,35,5548,49
290,35,10381,58
291,35,275796,53
292,35,6436,49
293,35,13069,61
294,35,3659,48
295,35,14931,47
296,35,191359,76
297,35,2538,48
298,35,638840,55
299,35,22953,53
300,35,1612974,54
301,35,2377001,66
302,35,4727893,115
303,35,269020,86
304,35,2417,48
305,35,182063,52
306,35,1053545,96
307,35,7234,41
308,35,164376,48
309,35,85793,49
310,35,21821,48
311,35,19926,62
312,35,5522,43
313,35,1579854,57
314,35,2134,48
315,35,839447,72
316,35,827,44
317,35,3058,44
318,35,40564,42
319,35,45878,39
320,35,23943,51
321,35,12240,53
322,35,4241,49
323,35,38212,47
324,35,13094,45
325,35,98794,49
326,35,24231,48
327,35,866,43
328,35,70828,42
329,35,4252,59
330,35,2208,52
331,35,2303,44
332,35,13907,42
333,35,6055,42
334,35,4620,48
335,35,13635,43
336,35,3734,46
337,35,2066,48
338,35,231470,51
339,35,30409,56
340,35,32710,57
341,35,6862,48
342,35,12162,39
343,35,11437,55
344,35,104635,52
345,35,38696,46
346,35,9796,56
347,35,69523,50
348,35,7193,43
349,35,10545,45
350,35,8146,43
351,35,65845,49
352,35,6739,42
353,35,133980,47
354,35,9504,47
355,35,107520,49
356,35,3567,47
357,35,14338,56
358,35,76551,52
359,35,5468,58
360,35,6630,49
361,35,35307,51
362,35,60307,50
363,35,928736,44
364,35,115806,45
365,35,19924,64
366,35,465994,84
367,35,18213,46
368,35,40985,55
369,35,225024,47
370,35,962852,58
371,35,8036,43
372,35,1705,54
373,35,47534,44
374,35,6429,43
375,35,331460,47
376,35,426387,47
377,35,359668,57
378,35,4088,47
379,35,11280,43
380,35,70677,39
381,35,54454,46
382,35,4505,54
383,35,559541,56
384,35,11019,47
385,35,29954,47
386,35,143518,54
387,35,10456,57
388,35,3535708,119
389,35,128722,52
390,35,3528458,96
391,35,192336,46
392,35,132423,66
393,35,14591,43
394,35,45659,74
395,35,50457,45
396,35,72325,49
397,35,7921,51
398,35,62899,52
399,35,5345,47
400,35,30280,70
401,35,4914,47
402,35,4552,49
403,35,29563,69
404,35,1473,44
405,35,50233,59
406,35,4262,43
407,35,11831,43
408,35,7151,52
409,35,3717,47
410,35,2409,52
411,35,4484,51
412,35,24116,44
413,35,2393,46
414,35,9762,41
415,35,11494,51
416,35,2383,48
417,35,245953,46
418,35,10398,44
419,35,15850,48
420,35,1616,45
421,35,1881,47
422,35,18825,45
423,35,993,48
424,35,180153,41
425,35,14561,42
426,35,27274,43
427,35,26840,45
428,35,5501,56
429,35,441381,39
430,35,14781,43
431,35,259515,50
432,35,64879,47
433,35,768,45
434,35,3652,49
435,35,1413703,56
436,35,5376,55
437,35,418874,64
438,35,15806,42
439,35,8781,64
440,35,8997,61
441,35,17428,61
442,35,33764,43
443,35,47750,41
444,35,481,55
445,35,225106,60
446,35,13314,50
447,35,502,55
448,35,149541,47
449,35,917804,52
450,35,42090,58
451,35,49047,43
452,35,191840,39
453,35,18889,43
454,35,67346,51
455,35,406918,53
456,35,7998,44
457,35,316884,56
458,35,94828,54
459,35,571732,50
460,35,364397,81
461,35,531943,50
462,35,2986,54
463,35,9116,48
464,35,57089,46
465,35,450116,61
466,35,119478,51
467,35,120696,39
468,35,1194920,70
469,35,85116,53
470,35,478775,39
471,35,57942,41
472,35,6636,44
473,35,769,49
474,35,333318,56
475,35,14103,43
476,35,24535,47
477,35,330,50
478,35,219863,75
479,35,7011,43
480,35,5702,46
481,35,414963,55
482,35,45641,42
483,35,138846,46
484,35,14178,44
485,35,98786,45
486,35,40756,42
487,35,1632,48
488,35,5923,43
489,35,93030,58
490,35,223122,56
491,35,21723,43
492,35,151366,57
493,35,24440,45
494,35,370535,49
495,35,107043,66
496,35,64012,50
497,35,5113,49
498,35,649470,58
499,35,2991,43
500,35,343297,83
501,35,69350,47
502,35,49413,52
503,35,88420,40
504,35,79785,52
505,35,6751,47
506,35,452783,65
507,35,13296,56
508,35,677561,77
509,35,32631,43
510,35,7273,43
511,35,4058,42
512,35,50295,51
513,35,93968,41
514,35,2220875,65
515,35,2444,47
516,35,374334,46
517,35,12010,43
518,35,124869,42
519,35,345150,38
520,35,35669,39
521,35,15827,39
522,35,33603,40
523,35,574746,40
524,35,26323,43
525,35,4893,42
526,35,94342,42
527,35,75172,40
528,35,64050,39
529,35,44002,39
530,35,6604,44
531,35,77848,55
532,35,19380,40
533,35,769,43
534,35,3063,40
535,35,1814,44
536,35,8314,39
537,35,1030,45
538,35,5171,44
539,35,72772,43
540,35,59203,58
541,35,3998,57
542,35,356412,56
543,35,306971,91
544,35,4674,55
545,35,3776,44
546,35,271970,53
547,35,4004,44
548,35,860733,52
549,35,28398,44
550,35,818,45
551,35,631,45
552,35,1296,44
553,35,2332,44
554,35,8260,45
555,35,693,49
556,35,1728685,60
557,35,114216,48
558,35,541201,47
559,35,13615,40
560,35,7304,45
561,35,103769,50
562,35,174681,44
563,35,14047,50
564,35,8171,69
565,35,2587,45
566,35,55298,50
567,35,23731,49
568,35,42027,53
569,35,648361,79
570,35,385267,54
571,35,32478,45
572,35,46972,45
573,35,10669,45
574,35,6901,50
575,35,469,52
576,35,69639,45
577,35,8776,45
578,35,34850,40
579,35,4425,49
580,35,17428,40
581,35,1612,45
582,35,2528,56
583,35,8046,40
584,35,6724,50
585,35,551,43
586,35,4523,45
587,35,14642,59
588,35,62320,55
589,35,182216,41
590,35,17718,45
591,35,9787,45
592,35,11241,45
593,35,49764,40
594,35,13403,40
595,35,6180,40
596,35,4201,45
597,35,289570,46
598,35,7876,40
599,35,1225,45
600,35,5824,39
601,35,537,45
602,35,1530,45
603,35,37975,39
604,35,4261,40
605,35,591,45
606,35,14132,39
607,35,479,45
608,35,12032,39
609,35,323,45
610,35,491,44
611,35,1083,44
612,35,697,44
613,35,3058,45
614,35,1229,45
615,35,3380,40
616,35,10245,39
617,35,19901,40
618,35,9971,44
619,35,5345,45
620,35,7755,40
621,35,7943,45
622,35,2040,40
623,35,406,40
624,35,738,44
625,35,2975,40
626,35,400,59
627,35,1273,49
628,35,1391,50
629,35,2500,39
630,35,389,45
631,35,310,45
632,35,60,45
633,35,391,45
634,35,324,45
635,35,1724,40
636,35,435,45
637,35,3326,40
638,35,3685,45
639,35,2391,40
640,35,1227,54
641,35,3084,54
642,35,22539,68
643,35,793,45
644,35,299,45
645,35,61939,57
646,35,1809,40
647,35,554,55
648,35,27507,60
649,35,2242,40
650,35,980,44
651,35,6937,51
652,35,92653,50
653,35,2029,47
654,35,1841,45
655,35,270,45
656,35,227,45
657,35,357,45
658,35,1782,40
659,35,460,45
660,35,1606,40
661,35,327,44
662,35,27450,39
663,35,862,45
664,35,405,50
665,35,42418,52
666,35,2312,45
667,35,1564,45
668,35,338,45
669,35,1077,40
670,35,743,44
671,35,244,45
672,35,194,45
673,35,228,44
674,35,653,40
675,35,812,40
676,35,271,44
677,35,320,40
678,35,265,40
679,35,938,40
680,35,155,45
681,35,821,40
682,35,433,40
683,35,157,44
684,35,143,45
685,35,698,40
686,35,313,40
687,35,83,45
688,35,95,45
689,35,182,45
690,35,317,40
691,35,86,45
692,35,755,45
693,35,54,45
694,35,80,40
695,35,117,45
696,35,0,45
697,35,0,40
698,35,0,40
699,35,0,45
700,35,0,40
701,35,0,45
702,35,0,45
703,35,0,45
12,36,3250521,54
15,36,64751,46
20,36,38998,47
28,36,6190,45
29,36,27508,42
30,36,6763,43
31,36,14150,42
32,36,364510,39
33,36,7351,59
34,36,3179,59
35,36,275199,40
36,36,5422,44
37,36,1185616,75
38,36,92106,55
39,36,10693,44
40,36,35718,52
41,36,706108,54
42,36,1071445,50
43,36,476,45
44,36,34788,43
45,36,107907,52
46,36,534218,47
47,36,5058,43
48,36,1555,60
49,36,2754,59
50,36,634387,42
51,36,40240,43
52,36,17301,48
53,36,6362,48
54,36,25481,62
55,36,256783,42
56,36,307793,39
57,36,32484,58
58,36,2819,43
59,36,2608,47
60,36,825,50
61,36,55935,42
62,36,547112,49
63,36,583,45
64,36,5223,48
65,36,30789,49
66,36,78979,43
67,36,146977,44
68,36,194460,59
69,36,161170,56
71,36,2708,54
72,36,740,55
73,36,344,44
74,36,163049,45
75,36,334043,39
76,36,132150,44
77,36,181143,46
78,36,22006,52
79,36,50468,41
80,36,3204,53
81,36,221065,53
82,36,12642,44
83,36,30619,43
84,36,1772,50
85,36,11517,43
86,36,28529,57
87,36,17698,60
88,36,211882,47
89,36,56262,53
90,36,3443,54
91,36,360568,64
92,36,193124,44
93,36,128970,48
94,36,8041,39
95,36,4031,50
96,36,865758,55
97,36,111772,44
98,36,4235,49
99,36,91771,40
100,36,39643,57
106,36,64590,58
108,36,47694,57
115,36,15250,59
125,36,20137,45
126,36,22671,43
127,36,11503,44
128,36,327045,48
129,36,2165,44
130,36,6790,52
131,36,60009,43
132,36,121289,55
133,36,27690,48
134,36,114764,43
135,36,19002,41
136,36,44054,44
137,36,88185,55
138,36,22346,56
139,36,35863,54
140,36,117167,56
141,36,922890,72
142,36,5034,53
143,36,2398,47
144,36,58764,44
145,36,42730,38
146,36,997948,38
147,36,6274,43
148,36,25512,58
149,36,2780,48
150,36,337535,69
151,36,7341,43
152,36,264807,49
153,36,2441,60
154,36,9961,57
155,36,1045950,62
156,36,553060,50
157,36,460826,48
158,36,17579,53
159,36,17696,59
160,36,6479,43
161,36,305,50
162,36,139843,55
163,36,7484,52
164,36,2822436,76
165,36,91746,48
166,36,660534,78
167,36,6263,43
168,36,33555,43
169,36,14741,57
170,36,86129,39
171,36,172006,39
172,36,1527,47
173,36,4151,41
174,36,1121,47
175,36,6262,52
176,36,8529,42
177,36,2340,50
178,36,10544,41
179,36,2109,42
180,36,2795,47
181,36,43944,53
182,36,23237,45
183,36,1924,43
184,36,270667,55
185,36,573,43
186,36,20157,43
187,36,9990,53
188,36,3097,46
189,36,2181,46
190,36,3079,48
191,36,104950,44
192,36,2811,43
193,36,19466,57
194,36,64300,41
195,36,27962,43
196,36,235341,38
197,36,205613,44
198,36,197007,52
199,36,630,48
200,36,2486228,53
201,36,172196,43
202,36,3436386,64
203,36,293049,54
204,36,73695,49
205,36,172299,50
206,36,8023,46
207,36,1360,47
208,36,63845,40
209,36,22994,42
210,36,2172,48
211,36,439763,40
212,36,29147,43
213,36,630873,47
214,36,90745,38
215,36,85505,38
241,36,9251,53
242,36,3298,49
243,36,96979,53
244,36,71930,54
245,36,28400,42
246,36,29826,54
247,36,6398,64
248,36,4229,63
249,36,314193,90
250,36,507395,62
251,36,489226,117
252,36,532380,59
253,36,69651,54
254,36,3247999,127
255,36,1217095,71
256,36,46601,51
257,36,1922,51
258,36,25506,60
259,36,1985274,76
260,36,83954,52
261,36,14041,52
262,36,409446,42
263,36,54155,44
264,36,343251,38
265,36,6015,43
266,36,60003,54
267,36,1644,45
268,36,126756,103
269,36,14817,49
270,36,406174,61
271,36,1532877,56
272,36,1014198,118
273,36,831185,51
274,36,145493,59
275,36,577067,80
276,36,398779,110
277,36,1119285,58
278,36,781944,61
279,36,198659,54
280,36,192807,60
281,36,94554,74
282,36,210779,91
283,36,51033,55
284,36,743525,60
285,36,5878,44
286,36,36566,53
287,36,76820,69
288,36,13062,47
301,36,2470226,66
320,36,23814,51
321,36,12405,53
322,36,9077,49
323,36,39036,47
324,36,13504,45
325,36,96902,49
326,36,28171,48
327,36,865,43
328,36,68089,42
329,36,4367,59
330,36,2206,52
331,36,4158,44
332,36,13941,42
333,36,6110,42
334,36,4634,48
335,36,13589,43
336,36,3730,46
337,36,2061,48
338,36,241572,51
339,36,31424,56
340,36,33457,57
341,36,6859,48
342,36,12126,39
343,36,11321,55
344,36,102560,52
345,36,38590,46
346,36,9542,56
347,36,69162,50
348,36,7176,43
349,36,10522,45
350,36,7923,43
351,36,64788,49
352,36,6612,42
353,36,133288,47
354,36,9409,47
355,36,107293,48
356,36,3395,47
357,36,14267,56
358,36,72106,52
359,36,5478,58
360,36,6634,49
361,36,35212,51
362,36,58549,50
363,36,918089,44
364,36,115197,45
365,36,22646,64
366,36,611412,84
367,36,19778,46
368,36,47189,55
369,36,240565,47
370,36,1048047,59
371,36,8018,43
372,36,1703,54
373,36,46376,44
374,36,6411,43
375,36,352796,47
376,36,402506,47
377,36,404277,57
378,36,4074,47
379,36,11181,43
380,36,70264,39
381,36,54878,46
382,36,4523,54
383,36,561879,56
384,36,11011,47
385,36,29992,47
386,36,146411,54
387,36,10489,57
388,36,3718253,118
389,36,145475,52
390,36,3885549,96
391,36,195620,46
392,36,127875,65
393,36,14550,43
394,36,50004,74
395,36,50011,45
396,36,73078,49
397,36,7924,51
398,36,62137,52
399,36,5342,47
400,36,30311,70
401,36,4904,47
402,36,4557,49
403,36,29680,69
404,36,1469,44
405,36,49316,59
406,36,4258,43
407,36,11829,43
408,36,7126,52
409,36,3732,47
410,36,2419,52
411,36,4414,51
412,36,23513,44
413,36,2396,46
414,36,9743,41
415,36,11473,51
416,36,2382,48
417,36,244490,46
418,36,10813,44
419,36,15874,48
420,36,1616,45
421,36,1892,46
422,36,18388,45
423,36,992,48
424,36,177331,41
425,36,14350,42
426,36,27175,43
427,36,26639,45
428,36,5488,56
429,36,441302,39
430,36,14785,43
431,36,273949,50
432,36,65377,47
433,36,767,45
434,36,3649,49
435,36,1361818,56
436,36,5410,55
437,36,625353,65
438,36,15946,42
439,36,8614,64
440,36,8989,61
441,36,17400,61
442,36,32871,43
443,36,47654,41
444,36,481,55
445,36,225677,59
446,36,13311,50
447,36,502,55
448,36,147941,47
449,36,928288,52
450,36,42856,58
451,36,53543,43
452,36,189525,39
453,36,18860,43
454,36,67394,51
455,36,398741,53
456,36,7983,44
457,36,317246,56
458,36,93611,54
459,36,554523,49
460,36,363962,81
461,36,512274,49
462,36,2971,54
463,36,9103,48
464,36,56416,46
465,36,451169,60
466,36,119461,51
467,36,119929,39
468,36,1330092,70
469,36,83757,53
470,36,476283,39
471,36,57870,41
472,36,6626,44
473,36,1219,49
474,36,321153,55
475,36,14064,43
476,36,24530,47
477,36,330,50
479,36,7000,43
480,36,5720,46
481,36,427005,54
482,36,45631,42
483,36,137877,46
484,36,14452,44
485,36,98632,45
486,36,39709,42
487,36,1650,48
488,36,5947,43
489,36,131959,58
491,36,21913,43
492,36,155455,57
493,36,22910,45
496,36,62678,50
497,36,5124,49
499,36,2983,43
502,36,49740,52
503,36,88153,40
504,36,81267,52
505,36,6744,47
506,36,446087,65
507,36,13230,56
508,36,663125,77
509,36,31842,43
510,36,7112,43
511,36,4049,42
512,36,51205,51
513,36,92826,41
514,36,2050662,65
515,36,2498,47
516,36,377400,45
517,36,11869,43
519,36,343246,38
520,36,35508,39
521,36,15779,39
522,36,33462,40
523,36,595812,40
524,36,26758,43
525,36,4941,42
528,36,64778,39
529,36,43367,39
530,36,6566,44
531,36,85425,55
532,36,19074,40
533,36,768,43
534,36,3063,40
535,36,1835,44
536,36,8403,39
537,36,1049,45
538,36,5609,44
539,36,71262,43
540,36,68292,58
542,36,366222,56
543,36,412592,92
544,36,4669,55
545,36,3796,44
546,36,258854,52
549,36,53380,44
550,36,816,45
551,36,630,45
552,36,1289,44
553,36,2328,44
554,36,8372,45
555,36,690,49
556,36,1777682,60
557,36,118831,48
558,36,665549,48
559,36,13593,40
560,36,7226,45
562,36,175102,44
563,36,13819,50
564,36,8184,69
565,36,2595,45
566,36,164893,50
570,36,551897,54
571,36,32870,45
572,36,47336,45
573,36,10432,45
574,36,6923,50
576,36,75500,45
577,36,8720,45
578,36,34562,40
580,36,17282,40
581,36,1600,45
582,36,2518,56
583,36,8057,40
584,36,6212,50
585,36,503,43
586,36,4484,45
587,36,16090,59
588,36,66847,55
589,36,259474,41
590,36,17193,45
591,36,9819,45
592,36,11224,45
594,36,17349,40
595,36,6164,40
596,36,4176,45
597,36,291292,46
598,36,7845,40
599,36,1204,45
600,36,5818,39
601,36,539,45
602,36,1502,45
603,36,38442,39
606,36,12972,39
607,36,485,45
608,36,12388,39
609,36,333,45
610,36,534,44
611,36,1130,44
612,36,748,44
613,36,3057,45
614,36,1292,45
615,36,3452,40
616,36,10258,39
617,36,19871,40
618,36,9600,44
619,36,5184,45
620,36,7910,40
621,36,7855,45
622,36,2040,40
623,36,404,40
624,36,703,44
625,36,2828,40
626,36,399,59
627,36,1287,49
628,36,1420,50
629,36,2681,39
630,36,424,45
631,36,327,45
632,36,60,45
633,36,416,45
634,36,332,45
635,36,1672,40
636,36,436,45
637,36,3423,40
638,36,3721,45
639,36,2396,40
641,36,3009,54
642,36,20267,68
643,36,815,45
644,36,309,45
646,36,1710,40
647,36,552,55
648,36,26357,60
649,36,2299,40
650,36,943,44
651,36,6922,51
652,36,63483,50
653,36,1987,47
654,36,1833,45
655,36,262,45
656,36,221,45
657,36,342,45
658,36,1904,40
659,36,481,45
662,36,27482,39
663,36,902,45
664,36,430,50
665,36,41718,51
666,36,2329,45
667,36,1525,45
668,36,370,45
669,36,1150,40
670,36,614,44
671,36,260,45
672,36,216,45
674,36,695,40
675,36,828,40
677,36,331,40
678,36,266,40
679,36,992,40
680,36,159,45
681,36,864,40
682,36,447,40
683,36,175,44
685,36,741,40
688,36,110,45
690,36,363,40
691,36,94,45
692,36,969,45
693,36,67,44
694,36,126,40
695,36,228,45
696,36,35,45
697,36,46,40
699,36,172,45
700,36,106,40
701,36,37,45
1,37,41416,67
2,37,4616,48
3,37,62423,54
4,37,556346,113
5,37,21667,46
6,37,352924,84
7,37,3333,50
8,37,561777,50
9,37,33971,52
10,37,7143,44
11,37,295268,50
12,37,3185179,54
13,37,13528,45
14,37,8848,48
15,37,64599,46
16,37,379244,43
17,37,314826,52
18,37,87492,76
19,37,6275,47
20,37,153917,48
21,37,3649,51
22,37,40738,53
23,37,255959,42
24,37,591962,51
25,37,4506,47
26,37,20858,49
27,37,37088,40
28,37,6159,45
29,37,27368,42
30,37,6749,43
31,37,14121,42
32,37,363006,39
33,37,7346,59
34,37,3177,59
35,37,273494,40
36,37,5421,44
37,37,1185692,75
38,37,89817,55
39,37,10673,44
40,37,35531,52
41,37,659462,54
42,37,1030772,50
43,37,475,45
44,37,34630,43
45,37,103102,52
46,37,521861,47
47,37,5051,43
48,37,1587,60
49,37,2749,59
50,37,637004,42
51,37,40160,43
52,37,17093,48
53,37,6355,48
54,37,25333,62
55,37,255010,42
56,37,303597,39
57,37,29347,58
58,37,2814,43
59,37,2608,47
60,37,825,50
61,37,55825,42
62,37,482967,48
63,37,583,45
64,37,5420,48
65,37,30679,49
66,37,78106,43
67,37,127608,43
68,37,185030,59
69,37,142211,55
70,37,476134,41
71,37,2754,54
72,37,754,55
73,37,343,44
74,37,161455,45
75,37,331867,39
76,37,129514,44
77,37,180569,46
78,37,22027,52
79,37,57375,41
80,37,3184,53
81,37,212856,53
82,37,12576,44
83,37,29859,43
84,37,1791,50
85,37,11500,43
86,37,28259,57
87,37,17665,60
88,37,204327,47
89,37,50043,53
90,37,3372,54
91,37,329838,65
92,37,187103,44
93,37,128913,48
94,37,8007,39
95,37,4024,50
96,37,827154,55
97,37,110761,44
98,37,4058,49
99,37,91655,40
100,37,36471,57
101,37,15813,46
102,37,531689,58
103,37,94438,67
104,37,185705,56
105,37,364624,47
106,37,63661,58
107,37,21111,53
108,37,47569,57
109,37,423079,47
110,37,660241,53
111,37,11466,47
112,37,45861,47
113,37,199376,49
114,37,172142,79
115,37,15104,59
116,37,97827,47
117,37,859217,92
118,37,163148,71
119,37,217884,83
120,37,1383258,73
121,37,14671,47
122,37,32062,57
123,37,557754,51
124,37,8500,43
125,37,19356,45
126,37,22687,43
127,37,11487,44
128,37,310531,48
129,37,2203,44
130,37,6773,52
131,37,59951,43
132,37,132686,55
133,37,27266,48
134,37,109209,43
135,37,18963,41
136,37,43846,44
137,37,87694,55
138,37,21411,56
139,37,32290,54
140,37,116122,56
141,37,871178,72
142,37,4994,53
143,37,2393,47
144,37,57633,44
145,37,42405,38
146,37,1034908,38
147,37,6254,43
148,37,25712,58
149,37,2794,48
150,37,277165,69
151,37,7318,43
152,37,259032,49
153,37,2438,60
154,37,9939,57
155,37,1015814,62
156,37,546657,50
157,37,451050,48
158,37,17476,53
159,37,17407,59
160,37,6469,43
161,37,311,50
162,37,137933,55
163,37,7423,52
164,37,2746685,76
165,37,88799,48
166,37,624549,78
167,37,6232,43
168,37,33404,43
169,37,14732,57
170,37,85650,39
171,37,170408,39
172,37,1524,47
173,37,4141,41
174,37,1120,47
175,37,6344,52
176,37,8582,42
177,37,2339,50
178,37,10700,41
179,37,2104,42
180,37,2793,47
181,37,44014,53
182,37,23249,45
183,37,1915,43
184,37,269564,55
185,37,573,43
186,37,20159,43
187,37,9692,53
188,37,3105,46
189,37,2179,46
190,37,3075,48
191,37,103377,44
192,37,2807,43
193,37,19381,57
194,37,64101,41
195,37,27815,43
196,37,233683,38
197,37,209029,44
198,37,194886,52
199,37,625,48
200,37,2562949,54
201,37,202907,43
202,37,3440477,65
203,37,461028,55
204,37,73765,49
205,37,171300,50
206,37,7653,46
207,37,1360,47
208,37,63484,40
209,37,22685,42
210,37,2183,48
211,37,445219,40
212,37,29100,43
213,37,684054,48
214,37,90874,38
215,37,85101,38
216,37,7837,44
217,37,799136,54
218,37,15810,45
219,37,149298,56
220,37,16417,44
221,37,12059,52
222,37,17255,43
223,37,12908,43
224,37,1455502,102
225,37,12247,52
226,37,48139,59
227,37,102814,39
228,37,292242,64
229,37,50614,60
230,37,4903,51
231,37,459352,72
232,37,1144586,59
233,37,1552275,62
234,37,5310,46
235,37,227091,66
236,37,59944,48
237,37,1581,43
238,37,248124,53
239,37,509586,48
240,37,32321,41
241,37,9153,53
242,37,3323,49
243,37,96848,53
244,37,71793,54
245,37,28301,42
246,37,29764,54
247,37,6485,64
248,37,4267,63
249,37,346508,90
250,37,507192,62
251,37,495839,117
252,37,586820,59
253,37,69993,54
254,37,3344939,128
255,37,1220534,72
256,37,46724,51
257,37,1922,51
258,37,24960,60
259,37,2079246,77
260,37,83893,52
261,37,14012,52
262,37,413210,42
263,37,54126,44
264,37,344495,38
265,37,6006,43
266,37,60011,54
267,37,1643,45
268,37,107102,103
269,37,14812,49
270,37,405250,61
271,37,1502867,56
272,37,984462,118
273,37,816483,51
274,37,143147,59
275,37,540989,81
276,37,377813,110
277,37,1161922,58
278,37,769708,61
279,37,200075,54
280,37,191075,60
281,37,91040,74
282,37,214597,91
283,37,50052,55
284,37,746294,61
285,37,5880,44
286,37,37289,53
287,37,247161,70
288,37,13456,47
289,37,5544,49
290,37,10489,58
291,37,272316,53
292,37,6429,49
293,37,13036,61
294,37,3651,48
295,37,14930,47
296,37,166528,76
297,37,2534,48
298,37,390241,56
299,37,20341,53
300,37,1504173,55
301,37,2421238,66
302,37,4295165,114
303,37,267754,86
304,37,2412,48
305,37,181476,52
306,37,890862,96
307,37,7451,41
308,37,159177,48
309,37,73452,49
310,37,24392,48
311,37,19534,62
312,37,5500,43
313,37,1567500,57
314,37,2132,48
315,37,923019,73
316,37,824,44
317,37,3048,44
318,37,40603,42
319,37,45462,39
320,37,23787,51
321,37,12741,53
322,37,8451,49
323,37,42131,47
324,37,14517,45
325,37,94916,49
326,37,55552,48
327,37,864,43
328,37,66385,42
329,37,4512,59
330,37,2202,52
331,37,8251,44
332,37,13896,42
333,37,11712,42
334,37,4562,48
335,37,13537,43
336,37,3666,46
337,37,2060,48
338,37,285719,52
339,37,34789,56
340,37,59908,57
341,37,6848,48
342,37,12083,39
343,37,11256,55
344,37,104199,52
345,37,38723,46
346,37,9655,56
347,37,69602,50
348,37,7163,43
349,37,10592,45
350,37,7903,43
351,37,65175,49
352,37,7862,42
353,37,133789,47
354,37,9442,47
355,37,107148,48
356,37,3386,47
357,37,14224,56
358,37,68999,52
359,37,5501,58
360,37,6612,49
361,37,35154,51
362,37,57571,50
363,37,910016,44
364,37,114635,45
365,37,21056,64
366,37,584348,84
367,37,19018,46
368,37,42660,55
369,37,234089,47
370,37,1024412,59
371,37,7996,43
372,37,1701,54
373,37,45657,44
374,37,6394,43
375,37,349919,47
376,37,390631,47
377,37,435223,57
378,37,4068,47
379,37,11152,43
380,37,69861,39
381,37,55229,46
382,37,4506,54
383,37,564637,56
384,37,11004,47
385,37,29907,47
386,37,147720,54
387,37,10468,57
388,37,3758652,118
389,37,131537,52
390,37,3796403,97
391,37,198049,46
392,37,120216,65
393,37,14513,43
394,37,53038,74
395,37,49729,45
396,37,80186,49
397,37,7919,51
398,37,61556,52
399,37,5341,47
400,37,30371,70
401,37,4897,47
402,37,4860,49
403,37,29800,69
404,37,1468,44
405,37,47486,59
406,37,4254,43
407,37,11827,43
408,37,7935,52
409,37,3735,47
410,37,2420,52
411,37,4389,51
412,37,23528,44
413,37,2390,46
414,37,9723,41
415,37,11462,51
416,37,2380,48
417,37,245059,46
418,37,10978,44
419,37,15985,48
420,37,1611,45
421,37,1889,46
422,37,18246,45
423,37,989,48
424,37,162173,41
425,37,14175,42
426,37,27068,43
427,37,26633,45
428,37,5493,56
429,37,438823,39
430,37,14771,43
431,37,292001,50
432,37,66166,47
433,37,766,45
434,37,3647,49
435,37,1409313,56
436,37,5426,55
437,37,752650,66
438,37,15877,42
439,37,8449,64
440,37,8986,61
441,37,17378,61
442,37,32610,43
443,37,47381,41
444,37,481,55
445,37,215913,59
446,37,13341,50
447,37,502,55
448,37,148739,47
449,37,904964,52
450,37,42743,58
451,37,51870,43
452,37,187368,39
453,37,18801,43
454,37,67307,51
455,37,391655,53
456,37,7975,44
457,37,316893,56
458,37,93421,54
459,37,541607,49
460,37,363762,81
461,37,500035,49
462,37,2943,54
463,37,9098,48
464,37,54728,46
465,37,442851,60
466,37,117897,51
467,37,119233,39
468,37,693787,69
469,37,79882,53
470,37,470815,39
471,37,57802,41
472,37,6609,44
473,37,1145,49
474,37,314526,55
475,37,14041,43
476,37,24609,47
477,37,330,50
478,37,219682,75
479,37,7011,43
480,37,5720,46
481,37,446157,54
482,37,45609,42
483,37,147543,46
484,37,13702,44
485,37,98342,45
486,37,39156,42
487,37,1645,48
488,37,5957,43
489,37,148529,59
490,37,223792,56
491,37,21768,43
492,37,195202,57
493,37,22677,45
494,37,371167,49
495,37,106873,66
496,37,59427,50
497,37,5077,49
498,37,485319,58
499,37,2975,43
500,37,301506,83
501,37,62839,47
502,37,49639,52
503,37,87590,40
504,37,81652,52
505,37,6754,47
506,37,432209,65
507,37,13127,56
508,37,658934,77
509,37,31307,43
510,37,7081,43
511,37,4058,42
512,37,50904,51
513,37,93107,41
514,37,1931984,64
515,37,2472,47
516,37,374490,45
517,37,11803,43
518,37,123469,42
519,37,340978,38
520,37,35344,39
521,37,15741,39
522,37,33347,40
523,37,588926,40
524,37,28806,43
525,37,4980,42
526,37,109504,42
527,37,73968,40
528,37,64523,39
529,37,43162,39
530,37,6535,44
531,37,90887,55
532,37,18906,40
533,37,768,43
534,37,3058,40
535,37,1841,44
536,37,8384,39
537,37,1052,45
538,37,5559,44
539,37,74442,42
540,37,60495,58
541,37,4017,57
542,37,365162,56
543,37,404921,92
544,37,4697,55
545,37,3830,44
546,37,248657,52
547,37,3988,44
548,37,854680,52
549,37,65043,44
550,37,816,45
551,37,629,45
552,37,1311,44
553,37,2325,44
554,37,8374,45
555,37,690,49
556,37,1695153,60
557,37,110628,48
558,37,695216,48
559,37,13600,40
560,37,7188,45
561,37,79147,50
562,37,168925,44
563,37,13258,50
564,37,8137,69
565,37,2574,45
566,37,166933,51
567,37,23240,49
568,37,42230,53
569,37,538210,80
570,37,651507,55
571,37,31387,45
572,37,46028,45
573,37,10192,45
574,37,7087,50
575,37,464,52
576,37,76841,45
577,37,8571,45
578,37,34294,40
579,37,4402,49
580,37,17055,40
581,37,1586,45
582,37,2525,56
583,37,7933,40
584,37,5762,50
585,37,601,43
586,37,4613,45
587,37,21669,59
588,37,69351,55
589,37,289071,41
590,37,17452,45
591,37,9802,45
592,37,11234,45
593,37,48925,40
594,37,20185,40
595,37,6181,40
596,37,4164,45
597,37,282472,46
598,37,8005,40
599,37,1224,45
600,37,5920,39
601,37,545,45
602,37,1432,45
603,37,38154,39
604,37,4239,40
605,37,601,45
606,37,11743,39
607,37,485,45
608,37,23557,39
609,37,341,45
610,37,522,44
611,37,1147,44
612,37,754,44
613,37,3101,45
614,37,1313,45
615,37,3477,40
616,37,10282,39
617,37,19697,40
618,37,9577,44
619,37,5294,45
620,37,7900,40
621,37,7870,45
622,37,2078,40
623,37,403,40
624,37,699,44
625,37,2888,40
626,37,396,59
627,37,1404,49
628,37,1425,50
629,37,2830,39
630,37,422,45
631,37,314,45
632,37,60,45
633,37,417,45
634,37,337,45
635,37,1819,40
636,37,443,45
637,37,3513,40
638,37,3741,45
639,37,2404,40
640,37,1392,54
641,37,2958,53
642,37,18365,68
643,37,845,45
644,37,317,45
645,37,51133,57
646,37,1709,40
647,37,545,55
648,37,24611,60
649,37,2360,40
650,37,939,44
651,37,6690,51
652,37,44792,50
653,37,1962,47
654,37,1781,45
655,37,262,45
656,37,221,45
657,37,337,45
658,37,1952,40
659,37,495,45
660,37,1718,40
661,37,331,44
662,37,27085,39
663,37,935,45
664,37,450,50
665,37,40191,51
666,37,2394,45
667,37,1546,45
668,37,359,45
669,37,1182,40
670,37,579,44
671,37,266,45
672,37,240,45
673,37,258,44
674,37,715,40
675,37,848,40
676,37,294,44
677,37,340,40
678,37,288,40
679,37,1033,40
680,37,168,45
681,37,897,40
682,37,457,40
683,37,185,44
684,37,152,45
685,37,776,40
686,37,380,40
687,37,111,45
688,37,104,45
689,37,252,45
690,37,405,40
691,37,95,45
692,37,1174,45
693,37,69,44
694,37,155,40
695,37,830,45
696,37,56,45
697,37,89,40
698,37,199,40
699,37,9059,45
700,37,183,40
701,37,47,45
702,37,40,45
703,37,20,45
704,37,0,40
705,37,0,45
706,37,0,45
1,38,41394,67
2,38,4615,48
3,38,62154,54
4,38,595366,113
5,38,21199,46
6,38,350318,84
7,38,3321,50
8,38,602893,50
9,38,34019,52
10,38,7029,44
11,38,283686,50
12,38,3117870,53
13,38,15339,45
14,38,8840,48
15,38,64222,46
16,38,387718,43
17,38,356809,52
18,38,202517,77
19,38,6270,47
20,38,345686,49
21,38,3680,51
22,38,40628,53
23,38,295550,42
24,38,592823,51
25,38,4505,47
26,38,23473,49
27,38,36953,40
28,38,6188,45
29,38,26952,42
30,38,6730,43
31,38,14196,42
32,38,368324,39
33,38,7328,59
34,38,3175,59
35,38,270474,40
36,38,5428,44
37,38,1207596,75
38,38,86998,55
39,38,10635,44
40,38,35414,52
41,38,642411,54
42,38,985578,50
43,38,475,45
44,38,35099,43
45,38,99328,52
46,38,505710,46
47,38,5036,43
48,38,1666,60
49,38,2748,59
50,38,624831,42
51,38,39933,43
52,38,16939,48
53,38,6339,48
54,38,25321,62
55,38,251383,42
56,38,299641,39
57,38,30230,58
58,38,2814,43
59,38,2606,47
60,38,823,50
61,38,59000,42
62,38,482734,48
63,38,583,45
64,38,5431,48
65,38,30419,49
66,38,79381,43
67,38,108997,43
68,38,175965,58
69,38,147482,55
70,38,461500,41
71,38,2816,54
72,38,768,55
73,38,342,44
74,38,158741,45
75,38,327504,39
76,38,129850,44
77,38,179624,46
78,38,22182,52
79,38,76001,41
80,38,3237,53
81,38,249183,53
82,38,12588,44
83,38,29168,43
84,38,1997,50
85,38,11584,43
86,38,28401,57
87,38,18670,60
88,38,240702,47
89,38,58264,53
90,38,3567,54
91,38,465565,66
92,38,207564,44
93,38,125886,48
94,38,7936,39
95,38,3983,50
96,38,791534,55
97,38,115254,44
98,38,4390,49
99,38,92560,40
100,38,43776,57
101,38,15820,46
102,38,528142,58
103,38,94145,67
104,38,183110,56
105,38,388086,47
106,38,61370,58
107,38,21673,53
108,38,47641,57
109,38,461784,47
110,38,654163,53
111,38,11482,47
112,38,46448,47
113,38,195782,49
114,38,174078,79
115,38,15187,59
116,38,90411,47
117,38,887391,92
118,38,162761,71
119,38,228287,83
120,38,1425602,73
121,38,14650,47
122,38,31791,57
123,38,568060,51
124,38,8922,43
125,38,18960,45
126,38,22696,43
127,38,11805,44
128,38,296200,48
129,38,2271,44
130,38,6768,52
131,38,59854,43
132,38,104514,55
133,38,26974,48
134,38,102025,43
135,38,18922,41
136,38,43633,44
137,38,87629,55
138,38,20473,56
139,38,30747,54
140,38,115763,56
141,38,814281,71
142,38,4994,53
143,38,2388,47
144,38,56546,44
145,38,49324,38
146,38,1062301,38
147,38,6224,43
148,38,25808,58
149,38,2820,48
150,38,235196,68
151,38,7281,43
152,38,194082,49
153,38,2432,60
154,38,9950,57
155,38,936944,62
156,38,516906,50
157,38,439686,48
158,38,17405,53
159,38,17214,59
160,38,6446,43
161,38,341,50
162,38,138563,55
163,38,7374,52
164,38,2424770,75
165,38,80291,48
166,38,579899,77
167,38,6229,43
168,38,33142,43
169,38,14726,57
170,38,84599,39
171,38,166802,39
172,38,1522,47
173,38,4110,41
174,38,1119,47
175,38,6252,52
176,38,8638,42
177,38,2337,50
178,38,10476,41
179,38,2096,42
180,38,2788,47
181,38,50088,53
182,38,25911,45
183,38,1906,43
184,38,266208,55
185,38,569,43
186,38,20133,43
187,38,9969,53
188,38,3124,46
189,38,2171,46
190,38,3067,48
191,38,102838,44
192,38,2799,43
193,38,21259,57
194,38,85020,41
195,38,28686,43
196,38,230170,38
197,38,221715,44
198,38,190314,52
199,38,643,48
200,38,2733260,55
201,38,267112,44
202,38,3731897,66
203,38,628769,56
204,38,74008,49
205,38,170047,50
206,38,8675,46
207,38,1355,47
208,38,62635,40
209,38,22702,42
210,38,2186,48
211,38,434088,40
212,38,28962,43
213,38,701628,48
214,38,90721,38
215,38,85083,38
216,38,7994,44
217,38,789666,54
218,38,15807,45
219,38,112696,56
220,38,16396,44
221,38,12719,52
222,38,17221,43
223,38,12831,43
224,38,1442561,102
225,38,12252,52
226,38,46871,59
227,38,100260,39
228,38,310873,64
229,38,51310,60
230,38,4892,51
231,38,450036,72
232,38,1210279,59
233,38,1610695,62
234,38,5299,46
235,38,224431,66
236,38,61334,48
237,38,1578,43
238,38,251577,53
239,38,504293,48
240,38,34991,41
241,38,9203,53
242,38,3394,49
243,38,98209,53
244,38,71592,54
245,38,28179,42
246,38,29755,54
247,38,6535,64
248,38,5223,63
249,38,470965,91
250,38,507149,62
251,38,679364,118
252,38,688033,60
253,38,70793,54
254,38,3603003,129
255,38,1365520,73
256,38,46856,51
257,38,1919,51
258,38,24242,60
259,38,2246010,78
260,38,83835,52
261,38,13987,52
262,38,411828,42
263,38,53166,44
264,38,341928,38
265,38,5959,43
266,38,59793,54
267,38,1642,45
268,38,137176,103
269,38,14798,49
270,38,404094,61
271,38,1400681,55
272,38,979762,118
273,38,800624,51
274,38,140291,59
275,38,531064,81
276,38,354423,109
277,38,863018,58
278,38,771591,61
279,38,199988,54
280,38,190804,60
281,38,88155,74
282,38,201393,91
283,38,50577,55
284,38,809524,61
285,38,5914,44
286,38,37023,53
287,38,296377,70
288,38,13673,47
289,38,5534,49
290,38,11204,58
291,38,274019,53
292,38,6427,49
293,38,13024,61
294,38,3645,48
295,38,15023,47
296,38,158885,76
297,38,2531,48
298,38,349327,55
299,38,18938,53
300,38,1422977,55
301,38,2434491,66
302,38,4006775,113
303,38,266826,86
304,38,2411,48
305,38,174684,52
306,38,839021,96
307,38,9183,41
308,38,155987,48
309,38,65571,49
310,38,24338,48
311,38,20180,62
312,38,5493,43
313,38,1550550,58
314,38,2129,48
315,38,878463,73
316,38,822,44
317,38,3041,44
318,38,41041,42
319,38,45109,39
320,38,24103,51
321,38,13081,53
322,38,8393,49
323,38,48415,47
324,38,13830,45
325,38,92879,49
326,38,51286,48
327,38,863,43
328,38,66555,42
329,38,5209,59
330,38,2199,52
331,38,10922,44
332,38,13872,42
333,38,14063,42
334,38,4982,48
335,38,13459,43
336,38,3666,46
337,38,2054,48
338,38,257949,52
339,38,37320,56
340,38,43293,57
341,38,6841,48
342,38,11979,39
343,38,11328,55
344,38,107957,52
345,38,39003,46
346,38,9767,56
347,38,69959,50
348,38,7131,43
349,38,10657,45
350,38,7919,43
351,38,63895,49
352,38,7912,42
353,38,134279,47
354,38,9714,47
355,38,106829,48
356,38,3311,47
357,38,14286,56
358,38,64895,52
359,38,5577,58
360,38,6580,49
361,38,35056,51
362,38,56460,50
363,38,898281,44
364,38,114004,45
365,38,19852,64
366,38,543454,84
367,38,18539,46
368,38,39503,55
369,38,227945,47
370,38,963296,59
371,38,7965,43
372,38,1701,54
373,38,43352,44
374,38,6362,43
375,38,342386,47
376,38,380444,47
377,38,332271,57
378,38,4061,47
379,38,11290,43
380,38,69083,39
381,38,55363,46
382,38,4513,54
383,38,544189,56
384,38,10996,47
385,38,29814,47
386,38,144993,54
387,38,10491,57
388,38,3659369,119
389,38,126588,52
390,38,3632598,96
391,38,194041,46
392,38,114047,64
393,38,14455,43
394,38,52564,74
395,38,49455,45
396,38,79989,49
397,38,7946,51
398,38,60850,52
399,38,5339,47
400,38,31442,70
401,38,4887,47
402,38,4684,49
403,38,29797,69
404,38,1464,44
405,38,45748,59
406,38,4251,43
407,38,11811,43
408,38,8619,52
409,38,3743,47
410,38,2430,52
411,38,4454,51
412,38,22813,44
413,38,2394,46
414,38,9689,41
415,38,11426,51
416,38,2377,48
417,38,244503,46
418,38,10890,44
419,38,15979,48
420,38,1604,45
421,38,1902,46
422,38,17779,45
423,38,987,48
424,38,155966,41
425,38,13904,42
426,38,26856,43
427,38,26673,45
428,38,5524,56
429,38,439246,39
430,38,17611,43
431,38,264601,50
432,38,69731,47
433,38,763,45
434,38,3639,49
435,38,1504350,57
436,38,5457,55
437,38,902491,67
438,38,15792,42
439,38,8303,64
440,38,8979,61
441,38,17347,61
442,38,32173,43
443,38,47092,41
444,38,480,55
445,38,203192,58
446,38,13381,50
447,38,500,55
448,38,149605,47
449,38,921539,52
450,38,42874,58
451,38,50224,43
452,38,184230,39
453,38,18919,43
454,38,67270,51
455,38,378192,53
456,38,7958,44
457,38,316374,56
458,38,93387,54
459,38,520046,49
460,38,363452,81
461,38,478861,49
462,38,3030,54
463,38,9085,48
464,38,52915,46
465,38,436026,60
466,38,116548,51
467,38,117870,39
468,38,466394,69
469,38,77215,53
470,38,493308,38
471,38,57640,41
472,38,6590,44
473,38,1232,49
474,38,306096,55
475,38,13968,43
476,38,24677,47
477,38,329,50
478,38,219575,75
479,38,6973,43
480,38,5749,46
481,38,408774,54
482,38,45632,42
483,38,162985,46
484,38,13282,44
485,38,97910,45
486,38,38202,42
487,38,1660,48
488,38,6492,43
489,38,93738,58
490,38,231865,56
491,38,21750,43
492,38,227195,57
493,38,22668,45
494,38,377225,49
495,38,108351,66
496,38,56344,50
497,38,5489,49
498,38,471896,58
499,38,2965,43
500,38,258058,83
501,38,61132,47
502,38,49595,52
503,38,86662,40
504,38,82191,52
505,38,6792,47
506,38,421712,65
507,38,13078,56
508,38,641197,77
509,38,31126,43
510,38,7142,43
511,38,4078,42
512,38,50749,51
513,38,92308,40
514,38,1812574,63
515,38,2492,47
516,38,388795,45
517,38,11645,43
518,38,123062,42
519,38,340290,38
520,38,35044,39
521,38,15645,39
522,38,33156,40
523,38,580373,40
524,38,29751,43
525,38,4940,42
526,38,110159,42
527,38,72769,40
528,38,64820,39
529,38,43095,39
530,38,6750,44
531,38,98571,55
532,38,18627,40
533,38,761,43
534,38,3049,40
535,38,1901,44
536,38,8582,39
537,38,1065,45
538,38,5653,44
539,38,77794,42
540,38,59684,58
541,38,4004,57
542,38,338244,55
543,38,346872,92
544,38,4870,55
545,38,3839,44
546,38,234984,51
547,38,4193,44
548,38,900454,53
549,38,46345,44
550,38,813,45
551,38,626,45
552,38,1331,44
553,38,2312,44
554,38,8440,45
555,38,688,49
556,38,1634654,59
557,38,107914,47
558,38,709264,48
559,38,13624,40
560,38,7138,45
561,38,79325,50
562,38,162382,43
563,38,12748,50
564,38,8090,69
565,38,2598,45
566,38,158851,51
567,38,23330,49
568,38,44747,53
569,38,567963,80
570,38,780314,56
571,38,30592,45
572,38,45803,45
573,38,9940,45
574,38,7117,50
575,38,464,52
576,38,76792,45
577,38,8513,45
578,38,33941,40
579,38,4386,49
580,38,16745,40
581,38,1572,45
582,38,2584,56
583,38,11632,40
584,38,5352,49
585,38,1486,43
586,38,4632,45
587,38,32814,59
588,38,46607,55
589,38,390913,42
590,38,16801,45
591,38,9819,45
592,38,11249,45
593,38,48229,40
594,38,27995,40
595,38,6182,40
596,38,4144,45
597,38,276286,45
598,38,8202,40
599,38,1234,45
600,38,6118,39
601,38,560,45
602,38,1397,45
603,38,38212,39
604,38,4320,40
605,38,645,45
606,38,12619,39
607,38,501,45
608,38,33604,39
609,38,348,45
610,38,657,44
611,38,1460,44
612,38,813,44
613,38,3261,45
614,38,1394,45
615,38,3600,40
616,38,11032,39
617,38,19621,40
618,38,9627,44
619,38,5175,45
620,38,7985,40
621,38,7893,45
622,38,2188,40
623,38,402,40
624,38,725,44
625,38,2812,40
626,38,394,59
627,38,1460,49
628,38,1564,50
629,38,4071,39
630,38,440,45
631,38,332,45
632,38,60,45
633,38,431,45
634,38,350,45
635,38,1782,40
636,38,455,45
637,38,3785,40
638,38,3807,45
639,38,2425,40
640,38,4068,54
641,38,2919,53
642,38,16459,68
643,38,944,45
644,38,340,45
645,38,52171,56
646,38,1791,40
647,38,570,55
648,38,22656,60
649,38,2580,40
650,38,1001,44
651,38,6801,50
652,38,31805,50
653,38,2013,47
654,38,1686,45
655,38,271,45
656,38,231,45
657,38,366,45
658,38,2230,40
659,38,517,45
660,38,1811,40
661,38,354,44
662,38,26355,39
663,38,922,45
664,38,486,50
665,38,37432,50
666,38,2461,45
667,38,1580,45
668,38,440,45
669,38,1301,40
670,38,638,44
671,38,305,45
672,38,343,45
673,38,538,44
674,38,775,40
675,38,961,40
676,38,337,44
677,38,360,40
678,38,315,40
679,38,1131,40
680,38,189,45
681,38,1021,40
682,38,498,40
683,38,256,44
684,38,158,45
685,38,1533,40
686,38,465,40
687,38,160,45
688,38,151,45
689,38,368,45
690,38,560,40
691,38,120,45
692,38,1403,45
693,38,113,44
694,38,201,40
695,38,1857,45
696,38,107,45
697,38,172,40
698,38,355,40
699,38,13484,45
700,38,332,40
701,38,75,45
702,38,285,45
703,38,81,45
704,38,113,40
705,38,23,45
706,38,73,45
707,38,0,45
708,38,0,45
709,38,0,45
710,38,0,45
711,38,0,45
712,38,0,45
713,38,0,40
