code,id,first_name,second_name,element_type,team,team_code,total_points,minutes,goals_scored,assists,bonus,now_cost,bps,cost_change_start,points_per_game,selected_by_percent,transfers_in,transfers_out,value_season,web_name,clean_sheets,ict_index,influence,creativity,threat,status,news,news_added,chance_of_playing_this_round,chance_of_playing_next_round,form,value_form,ep_this,ep_next,event_points,starts,saves,goals_conceded,own_goals,penalties_saved,penalties_missed,yellow_cards,red_cards,expected_goals,expected_assists,expected_goal_involvements,expected_goals_conceded,defensive_contribution,tackles,recoveries,clearances_blocks_interceptions,penalties_order,direct_freekicks_order,corners_and_indirect_freekicks_order,dreamteam_count,in_dreamteam,selected_rank,cost_change_event,transfers_in_event,transfers_out_event,price_change_percent,price_change_hourly_rate,price_change_calibrating,price_change_locked_until,price_change_proj0_percent,price_change_proj0_likelihood,price_change_proj1_percent,price_change_proj1_likelihood,price_change_proj2_percent,price_change_proj2_likelihood
154561,1,David,Raya Martín,1,1,3,30,450,0,0,3,61,104,1,6.0,43.8,1162495,692355,4.9,Raya,3,10.6,104.6,0.2,0.0,a,,,,,7.5,1.2,7.5,7.5,1,5,9,4,0,1,0,0,0,0.00,0.01,0.01,4.03,0,1,58,6,,,,1,False,4,1,322096,99951,8.1,2665,False,,17.4,1,33.4,2,49.5,3
109745,2,Kepa,Arrizabalaga Revuelta,1,1,3,0,0,0,0,0,49,0,-1,0.0,0.1,1570,4380,0.0,Arrizabalaga,0,0.0,0.0,0.0,0.0,a,,,,,0.0,0.0,0.0,0.0,0,0,0,0,0,0,0,0,0,0.00,0.00,0.00,0.00,0,0,0,0,,,,0,False,461,0,193,367,-56.0,3,False,,-51.6,-3,-44.0,-3,-36.5,-2
437495,3,Illan,Meslier,1,1,3,0,0,0,0,0,49,0,-1,0.0,0.0,549,1629,0.0,Meslier,0,0.0,0.0,0.0,0.0,a,,,,,0.0,0.0,0.0,0.0,0,0,0,0,0,0,0,0,0,0.00,0.00,0.00,0.00,0,0,0,0,,,,0,False,547,0,82,169,-44.4,-4,False,,-58.7,-3,-83.2,-3,-107.7,-5
226597,4,Gabriel,dos Santos Magalhães,2,1,3,25,450,0,0,2,80,90,0,5.0,22.6,277355,978639,3.1,Gabriel,3,20.0,94.8,22.0,84.0,a,,,,,5.0,0.6,5.0,5.0,1,5,0,4,0,0,0,2,0,0.51,0.20,0.71,4.03,41,6,17,35,,,,0,False,14,0,67112,135748,-97.6,439,False,,-95.7,-4,-92.4,-3,-89.1,-3
445122,5,Jurriën,Timber,2,1,3,1,104,0,0,0,65,-3,0,0.5,0.6,56319,19768,0.2,J.Timber,0,1.5,10.2,4.2,0.0,a,,2026-07-23T12:01:23.272929Z,100.0,100.0,0.5,0.1,0.5,0.5,0,1,0,3,0,0,0,0,0,0.00,0.03,0.03,2.18,5,3,7,2,,,,0,False,229,0,34663,9015,18.5,1123,False,,29.1,2,47.4,3,65.7,3
462424,6,William,Saliba,2,1,3,0,0,0,0,0,59,0,-1,0.0,0.2,3658,19052,0.0,Saliba,0,0.0,0.0,0.0,0.0,i,Back injury - Unknown return date,2026-07-23T12:01:23.289376Z,0.0,0.0,0.0,0.0,0.0,0.0,0,0,0,0,0,0,0,0,0,0.00,0.00,0.00,0.00,0,0,0,0,,,,0,False,332,0,576,1499,-30.1,-8,False,,-31.5,-2,-34.0,-2,-36.4,-2
499169,7,Myles,Lewis-Skelly,3,1,3,9,271,0,0,0,54,37,-1,2.2,0.6,31157,52479,1.7,Lewis-Skelly,2,7.0,21.6,40.2,16.0,a,,,,,0.5,0.1,0.5,0.5,0,4,0,1,0,0,0,0,0,0.16,0.23,0.39,1.02,14,1,8,5,,,,0,False,240,-1,2480,7675,-21.7,-44,False,,-26.2,-2,-34.0,-2,-41.9,-3
466075,8,Riccardo,Calafiori,2,1,3,29,416,0,2,2,59,76,4,5.8,51.4,1802443,444838,4.9,Calafiori,3,19.1,71.6,52.7,66.0,a,,,,,3.5,0.6,3.5,3.5,1,5,0,4,0,0,0,0,0,0.67,0.62,1.29,3.76,18,6,13,12,,,,1,False,3,1,222435,106331,9.3,4224,False,,24.1,2,49.5,3,74.9,3
448104,9,Piero,Hincapié,2,1,3,2,32,0,0,0,52,6,-3,1.0,0.9,17492,120077,0.4,Hincapie,0,1.0,6.4,1.0,2.0,a,,,,,0.0,0.0,0.0,0.0,0,0,0,0,0,0,0,0,0,0.00,0.00,0.00,0.28,3,1,0,2,,,,0,False,192,-1,2673,8366,-9.6,-70,False,,-14.2,-1,-22.3,-2,-30.4,-2
198869,10,Benjamin,White,2,1,3,21,315,0,1,3,54,78,-1,5.2,4.4,460543,622829,3.9,White,2,15.2,69.6,53.0,29.0,a,,2026-09-20T19:30:08.247780Z,100.0,100.0,0.5,0.1,0.5,0.5,0,4,0,1,0,0,0,0,0,0.18,0.29,0.47,1.15,18,6,9,12,,,,0,False,80,-1,7785,124048,-4.6,-1471,False,,-23.9,-2,-57.3,-3,-90.6,-3
500040,11,Cristhian,Mosquera,2,1,3,12,168,0,0,0,53,52,-2,6.0,1.6,35068,479043,2.3,Mosquera,2,2.7,24.6,2.0,0.0,a,,2026-09-04T14:00:08.080310Z,100.0,100.0,0.0,0.0,0.0,0.0,0,2,0,0,0,0,0,0,0,0.00,0.01,0.01,0.53,10,0,3,10,,,,0,False,138,0,4903,20314,-39.8,-275,False,,-57.1,-3,-86.9,-3,-116.7,-5
223340,12,Bukayo,Saka,3,1,3,32,416,3,0,4,96,137,1,6.4,17.4,1183075,438336,3.3,Saka,3,52.1,155.6,125.6,240.0,a,,,,,5.0,0.5,5.0,5.0,2,5,0,4,0,0,0,0,0,3.22,0.98,4.20,3.58,31,6,17,8,1.0,2.0,2.0,0,False,22,1,503453,88485,30.0,13414,False,,76.7,3,157.5,5,238.2,5
204480,13,Declan,Rice,3,1,3,20,411,0,2,0,74,91,-1,4.0,10.6,121344,827729,2.7,Rice,3,23.4,120.2,108.4,5.0,d,Unspecified injury - 75% chance of playing,2026-09-21T13:00:08.896379Z,,75.0,3.5,0.5,3.5,2.6,1,5,0,4,0,0,0,1,0,0.12,0.69,0.81,3.50,42,7,17,18,,1.0,1.0,0,False,34,0,9498,185055,-67.2,-5277,False,,-93.7,-3,-139.4,-5,-185.2,-5
232413,14,Eberechi,Eze,3,1,3,4,85,0,0,0,62,18,-3,1.0,1.1,33263,143179,0.6,Eze,0,1.6,3.0,5.9,9.0,a,,,,,1.0,0.2,1.0,1.0,1,0,0,0,0,0,0,0,0,0.04,0.09,0.13,1.33,5,0,5,0,,3.0,,0,False,171,-1,12344,10335,3.5,729,False,,10.4,1,22.3,2,34.2,2
184029,15,Martin,Ødegaard,3,1,3,29,377,2,0,6,68,137,3,5.8,20.3,1791740,646673,4.3,Ødegaard,3,36.2,121.8,166.9,73.0,a,,,,,2.5,0.4,2.5,2.5,2,5,0,4,0,0,0,0,0,1.08,1.32,2.40,3.23,23,6,12,5,3.0,4.0,,1,False,17,0,236020,187224,38.0,5559,False,,90.5,3,181.1,5,271.8,5
248857,16,Noni,Madueke,3,1,3,2,23,0,0,0,62,11,-3,1.0,0.2,6585,26572,0.3,Madueke,0,5.6,11.6,43.9,0.0,a,,,,,0.0,0.0,0.0,0.0,0,0,0,0,0,0,0,0,0,0.00,0.05,0.05,0.15,3,1,2,0,,,5.0,0,False,328,0,1305,2152,-26.1,10,False,,-21.3,-2,-13.1,-1,-4.8,-1
195384,17,Mikel,Merino Zazón,3,1,3,4,81,0,0,0,57,19,-3,0.8,0.4,12527,49355,0.7,Merino,0,3.0,10.0,4.2,16.0,a,,,,,1.0,0.2,1.0,1.0,1,0,0,0,0,0,0,1,0,0.14,0.15,0.29,0.96,10,0,9,1,,,,0,False,270,-1,3790,4065,1.0,120,False,,2.1,1,4.1,1,6.0,1
444145,18,Gabriel,Martinelli Silva,3,1,3,0,0,0,0,0,63,0,-2,0.0,0.1,2483,22060,0.0,Martinelli,0,0.0,0.0,0.0,0.0,u,Has joined Al Hilal permanently,2026-09-04T12:34:46.738449Z,0.0,0.0,0.0,0.0,0.0,0.0,0,0,0,0,0,0,0,0,0,0.00,0.00,0.00,0.00,0,0,0,0,,,,0,False,474,0,0,759,0.0,-5,False,,0.0,0,0.0,0,0.0,0
481655,19,Martín,Zubimendi Ibáñez,3,1,3,5,89,0,0,0,53,16,-2,1.0,0.5,8815,68704,0.9,Zubimendi,0,4.8,13.4,5.0,29.0,a,,,,,1.0,0.2,1.0,1.0,1,0,0,0,0,0,0,0,0,0.21,0.04,0.25,1.38,12,4,3,5,,,,0,False,242,0,800,5761,-69.1,-98,False,,-86.6,-3,-116.7,-5,-146.7,-5
616077,20,Max,Dowman,3,1,3,1,9,0,0,0,53,4,-2,1.0,0.1,3187,7656,0.2,Dowman,0,1.7,2.0,14.8,0.0,a,,2026-10-05T19:00:10.141532Z,,100.0,0.5,0.1,0.5,0.5,1,0,0,0,0,0,0,0,0,0.00,0.08,0.08,0.31,0,0,0,0,,,,0,False,465,0,599,937,-45.9,0,False,,-45.9,-3,-45.9,-3,-45.9,-3
128295,21,Christian,Nørgaard,3,9,11,0,0,0,0,0,48,0,-2,0.0,0.0,586,7742,0.0,Nørgaard,0,0.0,0.0,0.0,0.0,d,Groin injury - 50% chance of playing,2026-08-15T20:00:06.779594Z,0.0,50.0,0.0,0.0,0.0,0.0,0,0,0,0,0,0,0,0,0,0.00,0.00,0.00,0.00,0,0,0,0,,,,0,False,514,-1,146,640,-0.1,0,False,2026-10-17T14:30:11.076186Z,-0.1,-1,-0.1,-1,-0.1,-1
499175,22,Ethan,Nwaneri,3,1,3,0,0,0,0,0,54,0,-1,0.0,0.0,233,1265,0.0,Nwaneri,0,0.0,0.0,0.0,0.0,u,Has joined Borussia Dortmund on loan for the rest of the season,2026-09-02T16:01:07.058827Z,0.0,0.0,0.0,0.0,0.0,0.0,0,0,0,0,0,0,0,0,0,0.00,0.00,0.00,0.00,0,0,0,0,,,,0,False,631,0,0,65,0.0,-1,False,,0.0,0,0.0,0,0.0,0
438098,23,Fábio,Ferreira Vieira,3,1,3,0,0,0,0,0,55,0,0,0.0,0.0,255,928,0.0,Fábio Vieira,0,0.0,0.0,0.0,0.0,u,Has joined Hamburger SV permanently,2026-09-02T16:00:28.446370Z,0.0,0.0,0.0,0.0,0.0,0.0,0,0,0,0,0,0,0,0,0,0.00,0.00,0.00,0.00,0,0,0,0,,,,0,False,635,0,0,49,0.0,0,False,,0.0,0,0.0,0,0.0,0
200641,24,Reiss,Nelson,3,1,3,0,0,0,0,0,55,0,0,0.0,0.0,68,684,0.0,Nelson,0,0.0,0.0,0.0,0.0,u,has departed the club as a free agent.,2026-08-29T00:33:08.556767Z,0.0,0.0,0.0,0.0,0.0,0.0,0,0,0,0,0,0,0,0,0,0.00,0.00,0.00,0.00,0,0,0,0,,,,0,False,643,0,0,30,0.0,0,False,,0.0,0,0.0,0,0.0,0
224117,25,Viktor,Gyökeres,4,1,3,2,29,0,0,0,71,7,-4,1.0,3.9,126024,625394,0.3,Gyökeres,0,1.4,0.0,14.7,0.0,a,,,,,0.5,0.1,0.5,0.5,1,0,0,0,0,0,0,0,0,0.00,0.23,0.23,0.65,1,0,1,0,2.0,,,0,False,87,-1,97801,31070,35.4,4366,False,,76.7,3,147.9,5,219.1,5
219847,26,Kai,Havertz,4,1,3,19,437,2,0,2,76,82,1,3.8,6.7,658834,582980,2.5,Havertz,3,32.6,89.4,71.3,165.0,d,Hamstring injury - 75% chance of playing,2026-09-24T22:00:09.120308Z,,75.0,1.5,0.2,1.5,1.1,2,5,0,4,0,0,0,1,0,1.67,0.37,2.04,3.91,13,0,7,6,,,,0,False,58,0,55601,222508,-60.7,-9398,False,,-135.1,-5,-263.4,-5,-391.7,-5
205651,27,Gabriel,Fernando de Jesus,4,1,3,0,0,0,0,0,59,0,-1,0.0,0.1,4164,29589,0.0,G.Jesus,0,0.0,0.0,0.0,0.0,u,Has joined FC Barcelona permanently,2026-09-02T16:00:28.475184Z,0.0,0.0,0.0,0.0,0.0,0.0,0,0,0,0,0,0,0,0,0,0.00,0.00,0.00,0.00,0,0,0,0,,,,0,False,376,0,0,1314,0.0,-12,False,,0.0,0,0.0,0,0.0,0
98980,28,Emiliano,Martínez Romero,1,6,8,9,360,0,0,0,50,61,0,2.2,4.7,255939,261467,1.8,Martinez,0,17.5,145.0,30.0,0.0,a,,,,,2.0,0.4,2.0,2.0,2,4,18,10,0,0,0,0,0,0.00,0.01,0.01,7.49,0,0,37,1,,,,0,False,76,0,18172,36886,-8.9,-101,False,,-11.0,-1,-14.7,-1,-18.4,-1
72147,29,Marco,Bizot,1,2,7,1,90,0,0,0,45,1,0,1.0,0.1,4706,8027,0.2,M.Bizot,0,2.8,28.2,0.0,0.0,d,Back injury - 75% chance of playing,2026-09-17T07:30:09.058151Z,0.0,75.0,0.0,0.0,0.0,0.0,0,1,3,4,0,0,0,0,0,0.00,0.00,0.00,3.77,0,0,6,2,,,,0,False,406,0,112,1651,0.0,0,False,2026-10-17T21:00:09.378950Z,0.0,0,0.0,0,0.0,0
101188,30,Lucas,Digne,2,2,7,0,0,0,0,0,45,0,0,0.0,0.0,0,8746,0.0,Digne,0,0.0,0.0,0.0,0.0,u,Has joined Paris Saint-Germain permanently,2026-08-10T14:03:30.089007Z,0.0,0.0,0.0,0.0,0.0,0.0,0,0,0,0,0,0,0,0,0,0.00,0.00,0.00,0.00,0,0,0,0,,,,0,False,502,0,0,335,0.0,-5,False,,0.0,0,0.0,0,0.0,0
199798,31,Ezri,Konsa Ngoyo,2,1,3,12,281,0,0,0,46,36,1,3.0,17.2,1503763,879973,2.6,Konsa,1,7.3,45.0,14.0,14.0,d,Unspecified injury - 75% chance of playing,2026-10-05T09:30:09.853316Z,,75.0,3.5,0.8,3.5,2.6,1,3,0,4,0,0,0,0,0,0.23,0.02,0.25,3.50,23,5,9,18,,,,0,False,23,1,130456,288865,-16.6,-7929,False,,-41.1,-3,-83.3,-3,-125.5,-5
199796,32,Matty,Cash,2,2,7,6,296,0,0,0,44,16,-1,1.5,4.6,98767,447960,1.4,Cash,1,7.2,36.4,22.3,13.0,a,,2026-09-09T14:30:08.192142Z,100.0,100.0,-0.5,-0.1,-0.5,-0.5,-1,3,0,7,0,0,0,2,0,0.15,0.04,0.19,5.95,17,6,2,11,,,3.0,0,False,78,0,6116,53971,-38.4,-688,False,,-53.2,-3,-78.8,-3,-104.5,-5
149484,33,Tyrone,Mings,2,2,7,10,261,0,0,0,45,43,0,2.5,0.4,19570,19032,2.2,Mings,1,8.2,59.8,5.6,17.0,a,,,,,1.5,0.3,1.5,1.5,3,2,0,4,0,0,0,1,0,0.20,0.02,0.22,4.43,24,4,7,20,,,,0,False,267,0,4850,3008,1.8,143,False,,3.1,1,5.4,1,7.8,1
244954,34,Pau,Torres,2,2,7,3,187,0,0,0,44,-4,-1,1.0,0.3,11282,29844,0.7,Pau,0,1.5,11.2,1.9,2.0,d,Hamstring injury - 75% chance of playing,2026-09-12T18:00:08.712707Z,0.0,75.0,0.5,0.1,0.0,0.4,0,3,0,5,0,0,0,0,0,0.00,0.01,0.01,4.79,9,1,9,8,,,,0,False,301,-1,89,5486,-0.1,0,False,2026-10-17T15:30:09.805802Z,-0.1,-1,-0.1,-1,-0.1,-1
515597,35,Lamare,Bogarde,3,2,7,1,16,0,0,0,49,3,-1,1.0,0.1,3000,4988,0.2,Bogarde,0,0.3,2.2,0.5,0.0,a,,,,,0.0,0.0,0.0,0.0,0,0,0,0,0,0,0,0,0,0.00,0.00,0.00,0.22,1,0,0,1,,,,0,False,479,-1,259,660,-7.7,0,False,,-7.7,-1,-7.7,-1,-7.7,-1
441302,36,Ian,Maatsen,2,2,7,9,335,0,0,1,44,22,-1,2.2,0.4,31932,69569,2.0,Maatsen,1,10.2,34.8,24.5,43.0,i,Ankle injury - Unknown return date,2026-09-12T18:00:08.729468Z,0.0,0.0,0.5,0.1,0.0,0.0,0,4,0,7,0,0,0,1,0,0.28,0.45,0.73,6.54,24,7,10,17,,,,0,False,264,-1,90,13831,-21.6,-398,False,,-41.1,-3,-74.9,-3,-108.7,-5
184667,37,Victor,Lindelöf,2,2,7,8,450,0,0,0,45,28,0,1.6,0.3,16578,15899,1.8,Lindelöf,1,14.9,74.4,37.3,37.0,a,,,,,1.0,0.2,1.0,1.0,1,5,0,9,1,0,0,0,0,0.44,0.17,0.61,9.22,22,1,7,21,,,,0,False,285,0,2978,2876,1.4,45,False,,1.8,1,2.5,1,3.3,1
606798,38,Andrés,García,2,2,7,0,0,0,0,0,40,0,0,0.0,1.5,46350,72862,0.0,A.García,0,0.0,0.0,0.0,0.0,a,,,,,0.0,0.0,0.0,0.0,0,0,0,0,0,0,0,0,0,0.00,0.00,0.00,0.00,0,0,0,0,,,,0,False,147,0,2904,10962,-44.7,-92,False,,-50.8,-3,-61.4,-3,-72.0,-3
578545,39,Kosta,Nedeljkovic,2,2,7,0,0,0,0,0,40,0,0,0.0,0.1,0,15693,0.0,Nedeljkovic,0,0.0,0.0,0.0,0.0,u,Has joined Rangers on loan for the rest of the season,2026-08-19T13:56:46.385411Z,0.0,0.0,0.0,0.0,0.0,0.0,0,0,0,0,0,0,0,0,0,0.00,0.00,0.00,0.00,0,0,0,0,,,,0,False,387,0,0,1008,0.0,-14,False,,0.0,0,0.0,0,0.0,0
244850,40,Morgan,Rogers,3,6,8,29,437,3,1,2,78,135,3,5.8,42.7,2775832,728828,3.7,Rogers,0,43.9,159.0,140.1,140.0,a,,,,,5.0,0.6,5.0,5.0,2,5,0,12,0,0,0,1,0,1.72,1.23,2.95,8.73,31,5,23,3,,3.0,4.0,0,False,5,1,446409,137141,22.0,9080,False,,53.6,3,108.3,5,162.9,5
195546,41,Emiliano,Buendía Stati,3,2,7,21,401,1,0,3,59,73,-1,4.2,1.2,81203,102833,3.6,Buendía,1,19.6,66.0,80.5,59.0,a,,,,,7.0,1.2,7.0,7.0,12,5,0,8,0,0,0,0,0,0.92,0.24,1.16,7.86,34,9,20,5,1.0,1.0,2.0,1,False,165,0,33219,11688,3.2,757,False,,10.4,1,22.7,2,35.1,2
485337,42,Evann,Guessand,3,8,31,2,54,0,0,0,54,6,-1,1.0,0.0,2455,3777,0.4,Guessand,0,1.5,5.4,2.1,7.0,a,,,,,0.0,0.0,0.0,0.0,0,0,0,1,0,0,0,0,0,0.03,0.03,0.06,0.34,2,1,0,1,,,,0,False,518,0,162,406,-42.9,-8,False,,-64.5,-3,-101.7,-5,-138.9,-5
166989,43,Youri,Tielemans,3,16,1,14,402,0,0,0,58,93,-2,2.8,1.4,47392,168342,2.4,Tielemans,0,24.4,87.2,112.6,43.0,a,,2026-07-23T12:01:23.321726Z,100.0,100.0,3.0,0.5,3.0,3.0,4,5,0,8,0,0,0,0,0,0.65,0.52,1.17,6.16,43,7,25,11,3.0,,,0,False,153,0,5945,17718,-53.3,-234,False,,-69.4,-3,-97.1,-4,-124.8,-5
215711,44,Leon,Bailey,3,2,7,0,0,0,0,0,54,0,-1,0.0,0.0,2096,13481,0.0,Bailey,0,0.0,0.0,0.0,0.0,u,Has joined Olympiakos permanently,2026-09-04T12:35:14.472260Z,0.0,0.0,0.0,0.0,0.0,0.0,0,0,0,0,0,0,0,0,0,0.00,0.00,0.00,0.00,0,0,0,0,,,,0,False,500,0,0,750,0.0,-6,False,,0.0,0,0.0,0,0.0,0
122806,45,John,McGinn,3,2,7,17,434,0,2,1,54,65,-1,3.4,2.2,82609,168759,3.1,McGinn,2,14.8,52.4,84.9,15.0,a,,,,,6.0,1.1,6.0,6.0,6,5,0,7,0,0,0,2,0,0.77,0.24,1.01,8.29,30,5,17,8,,,1.0,0,False,121,0,18778,21797,-21.0,-19,False,,-21.9,-2,-23.3,-2,-24.7,-2
88894,46,Ross,Barkley,3,2,7,10,308,0,0,0,50,66,0,2.0,0.2,16511,17939,2.0,Barkley,1,15.6,42.4,82.3,31.0,a,,,,,1.5,0.3,1.5,1.5,1,4,0,8,0,0,0,0,0,0.38,0.14,0.52,7.36,28,7,16,5,,,4.0,0,False,311,0,954,3462,-2.1,-106,False,,-45.6,-3,-120.8,-5,-195.9,-5
226944,47,Boubacar,Kamara,3,2,7,15,443,0,1,0,50,85,0,3.0,0.3,15723,23084,3.0,Kamara,2,14.3,68.0,68.8,6.0,a,,2026-07-23T12:01:23.337269Z,100.0,100.0,4.0,0.8,4.0,4.0,6,5,0,7,0,0,0,0,0,0.12,0.16,0.28,8.44,36,9,16,11,,,,0,False,293,0,2514,3136,-91.5,-21,False,,-98.5,-4,-110.4,-5,-122.4,-5
449871,48,Amadou,Onana,3,2,7,0,0,0,0,0,49,0,-1,0.0,0.0,571,1716,0.0,Onana,0,0.0,0.0,0.0,0.0,i,Knee injury - Unknown return date,2026-07-23T12:01:23.352497Z,0.0,0.0,0.0,0.0,0.0,0.0,0,0,0,0,0,0,0,0,0,0.00,0.00,0.00,0.00,0,0,0,0,,,,0,False,588,0,100,146,-10.2,7,False,,0.0,0,0.1,1,0.3,1
469247,49,Samuel,Iling-Junior,3,2,7,0,0,0,0,0,50,0,0,0.0,0.0,0,238,0.0,Iling Jr,0,0.0,0.0,0.0,0.0,u,Has joined Bolton Wanderers on loan for the rest of the season,2026-08-17T13:52:28.532616Z,0.0,0.0,0.0,0.0,0.0,0.0,0,0,0,0,0,0,0,0,0,0.00,0.00,0.00,0.00,0,0,0,0,,,,0,False,661,0,0,13,0.0,0,False,,0.0,0,0.0,0,0.0,0
645618,50,Bradley,Burrowes,3,2,7,0,0,0,0,0,45,0,0,0.0,0.5,21759,37596,0.0,Burrowes,0,0.0,0.0,0.0,0.0,a,,,,,0.0,0.0,0.0,0.0,0,0,0,0,0,0,0,0,0,0.00,0.00,0.00,0.00,0,0,0,0,,,,0,False,246,0,934,5872,-102.2,-70,False,,-114.9,-5,-136.8,-5,-158.7,-5
577285,51,George,Hemmings,3,2,7,9,297,0,0,0,45,34,0,1.8,1.1,118225,80415,2.0,George Hemmings,1,9.1,25.2,42.1,25.0,a,,,,,1.0,0.2,1.0,1.0,1,4,0,7,0,0,0,0,0,0.07,0.16,0.23,6.26,19,6,10,3,,,,0,False,170,0,5542,20482,11.8,-422,False,,7.8,1,0.9,1,-57.0,-3
653481,52,Alysson Edward Franco,da Rocha dos Santos,3,2,7,8,87,1,0,0,50,34,0,2.0,0.0,3371,4132,1.6,Alysson,0,7.0,39.8,4.9,25.0,d,Unspecified injury - 75% chance of playing,2026-09-19T11:30:09.355376Z,,75.0,3.0,0.6,3.0,2.2,0,0,0,2,0,0,0,1,0,0.06,0.00,0.06,2.40,8,2,4,2,,,,0,False,507,0,85,1269,-36.7,-27,False,,-70.0,-3,-127.6,-5,-185.1,-5
614071,53,Johan,Manzambi,3,2,7,14,98,1,1,2,59,48,-1,7.0,0.8,69836,25364,2.4,Manzambi,1,15.6,65.8,29.8,60.0,a,,2026-08-15T15:30:06.388335Z,100.0,100.0,7.0,1.2,7.0,7.0,13,1,0,1,0,0,0,0,0,0.44,0.24,0.68,1.54,9,2,5,2,,,,1,False,206,0,66850,8745,23.3,1648,False,,38.9,2,65.8,3,92.6,3
448089,54,Joao,Gomes,3,2,7,2,129,0,0,0,55,11,0,1.0,0.0,1612,4246,0.4,Gomes,0,4.8,23.6,24.8,0.0,a,,2026-09-16T19:30:08.742410Z,100.0,100.0,2.0,0.4,2.0,2.0,4,2,0,6,0,0,0,0,1,0.00,0.03,0.03,4.14,20,9,5,6,,,,0,False,504,0,773,337,0.2,-2,False,,0.2,1,0.1,1,0.1,1
178301,55,Ollie,Watkins,4,2,7,0,0,0,0,0,78,0,-2,0.0,2.4,14882,766136,0.0,Watkins,0,0.0,0.0,0.0,0.0,u,Has joined Al Hilal permanently,2026-09-01T13:15:16.698799Z,0.0,0.0,0.0,0.0,0.0,0.0,0,0,0,0,0,0,0,0,0,0.00,0.00,0.00,0.00,0,0,0,0,,,,0,False,113,0,0,18755,0.0,-376,False,,0.0,0,0.0,0,0.0,0
173879,56,Tammy,Abraham,4,2,7,4,71,0,0,0,55,13,0,1.0,0.2,17410,14197,0.7,Abraham,0,1.1,3.2,6.2,2.0,a,,2026-08-15T16:00:07.558543Z,100.0,100.0,1.0,0.2,1.0,1.0,1,0,0,3,0,0,0,0,0,0.00,0.00,0.00,2.69,2,1,1,0,,,,0,False,335,0,3362,3021,4.0,25,False,,4.2,1,4.7,1,5.1,1
457569,57,Đorđe,Petrović,1,3,91,9,450,0,0,0,45,45,0,1.8,2.9,121481,138305,2.0,Petrović,0,9.2,92.2,0.0,0.0,a,,,,,1.5,0.3,1.5,1.5,2,5,11,8,0,0,0,0,0,0.00,0.00,0.00,6.95,0,0,43,6,,,,0,False,107,0,15498,25634,-1.8,-97,False,,-5.0,-1,-10.7,-1,-16.4,-1
40383,58,Fraser,Forster,1,3,91,0,0,0,0,0,40,0,0,0.0,3.5,128462,87319,0.0,Forster,0,0.0,0.0,0.0,0.0,a,,,,,0.0,0.0,0.0,0.0,0,0,0,0,0,0,0,0,0,0.00,0.00,0.00,0.00,0,0,0,0,,,,0,False,97,0,19268,15498,4.9,-35,False,,4.6,1,4.0,1,3.5,1
444172,59,Will,Dennis,1,3,91,0,0,0,0,0,40,0,0,0.0,0.1,1133,8124,0.0,Dennis,0,0.0,0.0,0.0,0.0,u,Has joined MK Dons permanently,2026-08-27T14:53:48.692835Z,0.0,0.0,0.0,0.0,0.0,0.0,0,0,0,0,0,0,0,0,0,0.00,0.00,0.00,0.00,0,0,0,0,,,,0,False,401,0,0,1156,0.0,-12,False,,0.0,0,0.0,0,0.0,0
463981,60,James,Hill,2,3,91,12,450,0,0,0,55,43,0,2.4,0.8,34613,46703,2.2,Hill,0,19.5,119.6,69.3,6.0,a,,,,,3.0,0.5,3.0,3.0,4,5,0,8,0,0,0,1,0,0.00,0.79,0.79,6.95,50,9,11,41,,,,0,False,207,0,6872,6109,-25.9,72,False,,-16.6,-1,-0.6,-1,1.1,1
494521,61,Adrien,Truffert,2,3,91,10,450,0,0,2,54,53,-1,2.0,2.9,62195,173646,1.9,Truffert,0,21.5,104.6,70.5,39.0,a,,,,,2.5,0.5,2.5,2.5,2,5,0,8,0,0,0,1,0,0.11,0.29,0.40,6.95,45,17,24,28,,,,0,False,106,-1,10326,25363,-4.3,-229,False,,-8.8,-1,-16.6,-1,-24.4,-2
242882,62,Bafodé,Diakité,2,3,91,0,0,0,0,0,49,0,-1,0.0,0.2,7362,12461,0.0,Diakité,0,0.0,0.0,0.0,0.0,a,,,,,0.0,0.0,0.0,0.0,0,0,0,0,0,0,0,0,0,0.00,0.00,0.00,0.00,0,0,0,0,,,,0,False,369,-1,704,1396,-8.4,9,False,,-5.0,-1,0.0,0,0.2,1
620487,63,Veljko,Milosavljevic,2,3,91,0,0,0,0,0,49,0,-1,0.0,0.0,380,905,0.0,Milosavljević,0,0.0,0.0,0.0,0.0,i,Thigh injury - Unknown return date,2026-08-06T10:00:10.456051Z,0.0,0.0,0.0,0.0,0.0,0.0,0,0,0,0,0,0,0,0,0,0.00,0.00,0.00,0.00,0,0,0,0,,,,0,False,623,0,74,108,-7.1,-5,False,,-32.6,-2,-76.7,-3,-120.7,-5
54469,64,Adam,Smith,2,3,91,4,434,0,0,0,45,14,0,0.8,0.1,7797,7890,0.9,Smith,0,9.1,43.6,44.4,4.0,a,,,,,1.0,0.2,1.0,1.0,2,5,0,8,0,0,0,3,0,0.01,0.09,0.10,6.70,21,5,15,16,,,,0,False,391,0,999,1062,0.4,0,False,,0.4,1,0.4,1,0.4,1
436893,65,Julián,Araujo Zúñiga,2,3,91,0,0,0,0,0,44,0,-1,0.0,0.0,465,1355,0.0,J.Araujo,0,0.0,0.0,0.0,0.0,i,Thigh injury - Unknown return date,2026-08-09T08:00:05.645826Z,0.0,0.0,0.0,0.0,0.0,0.0,0,0,0,0,0,0,0,0,0,0.00,0.00,0.00,0.00,0,0,0,0,,,,0,False,602,0,81,116,-16.1,-4,False,,-28.4,-2,-49.8,-3,-71.2,-3
575901,66,Julio,Soler Barreto,2,3,91,0,0,0,0,0,40,0,0,0.0,0.3,14348,11769,0.0,Soler,0,0.0,0.0,0.0,0.0,a,,2026-08-15T16:30:07.021055Z,100.0,100.0,0.0,0.0,0.0,0.0,0,0,0,0,0,0,0,0,0,0.00,0.00,0.00,0.00,0,0,0,0,,,,0,False,305,0,1257,1884,1.5,-9,False,,1.4,1,1.3,1,1.1,1
499604,67,Rayan Vitor,Simplício Rocha,3,3,91,10,434,0,0,0,63,45,-2,2.0,1.5,58978,178684,1.6,Rayan,0,18.0,30.4,50.4,99.0,a,,,,,2.0,0.3,2.0,2.0,2,5,0,7,0,0,0,0,0,0.87,0.43,1.30,6.35,15,5,4,6,,,,0,False,143,-1,10308,19188,-12.4,-46,False,,-14.1,-1,-17.2,-1,-20.2,-2
201658,68,Marcus,Tavernier,3,3,91,31,424,3,0,8,61,153,1,6.2,7.2,796974,272948,5.1,Tavernier,0,45.5,161.8,146.1,147.0,a,,,,,5.0,0.8,5.0,5.0,2,5,0,8,0,0,0,2,0,1.70,0.92,2.62,6.54,42,11,26,5,3.0,1.0,1.0,1,False,54,0,185781,98224,47.9,2148,False,,68.2,3,103.3,5,138.3,5
503139,69,Alex,Scott,3,3,91,30,446,1,2,5,61,129,1,6.0,4.3,550746,358973,4.9,Scott,1,30.5,102.8,146.4,56.0,i,Thigh injury - Unknown return date,2026-10-05T09:30:09.910752Z,,0.0,3.0,0.5,3.0,0.0,2,5,0,7,0,0,0,1,0,0.64,0.42,1.06,6.82,60,9,36,15,,4.0,2.0,1,False,81,0,26843,188797,-70.9,-8239,False,,-138.2,-5,-254.3,-5,-370.5,-5
222683,70,Justin,Kluivert,3,3,91,15,294,1,0,1,59,64,-1,3.8,0.7,52755,102850,2.5,Kluivert,2,22.5,62.2,46.5,120.0,i,Unspecified injury - Unknown return date,2026-09-20T15:30:09.074071Z,,0.0,4.0,0.7,4.0,0.0,0,4,0,3,0,0,0,1,0,0.99,0.08,1.07,4.48,22,4,16,2,2.0,2.0,3.0,0,False,219,-1,2398,37968,-8.7,-1135,False,,-43.6,-3,-103.7,-5,-163.9,-5
155408,71,Lewis,Cook,3,3,91,8,180,0,0,0,50,25,0,1.6,0.2,13284,14801,1.6,Cook,2,2.8,11.8,15.8,0.0,a,,,,,0.5,0.1,0.5,0.5,1,2,0,1,0,0,0,1,0,0.00,0.01,0.01,4.20,14,1,6,7,,,,0,False,361,0,450,2020,-32.4,-40,False,,-57.0,-3,-99.6,-4,-142.1,-5
496208,72,Ben,Gannon-Doak,3,3,91,4,12,0,0,0,49,15,-1,1.0,0.1,1736,4985,0.8,Gannon-Doak,0,2.3,4.0,2.9,16.0,a,,,,,1.0,0.2,1.0,1.0,1,0,0,1,0,0,0,0,0,0.12,0.05,0.17,0.60,7,2,5,0,,,,0,False,489,0,236,725,-92.6,-9,False,,-109.3,-5,-137.9,-5,-166.6,-5
200785,73,Tyler,Adams,3,3,91,12,279,0,0,0,50,52,0,2.4,0.3,19463,17685,2.4,Adams,0,8.5,45.8,32.2,7.0,a,,2026-08-15T16:30:07.029928Z,100.0,100.0,3.0,0.6,3.0,3.0,4,3,0,7,0,0,0,0,0,0.03,0.07,0.10,2.74,41,7,22,12,,,,0,False,302,0,2254,2694,1.8,8,False,,1.8,1,2.0,1,2.1,1
111317,74,David,Brooks,3,3,91,3,45,0,0,0,50,8,0,0.8,0.1,3551,4057,0.6,Brooks,0,3.5,9.2,23.6,2.0,a,,2026-08-15T16:30:07.037929Z,100.0,100.0,0.5,0.1,0.5,0.5,1,0,0,2,0,0,0,1,0,0.00,0.07,0.07,0.75,5,0,3,2,,3.0,4.0,0,False,496,0,369,599,-26.1,1,False,,-23.8,-2,-19.9,-1,-15.9,-1
158499,75,Ryan,Christie,3,3,91,5,102,0,0,0,50,15,0,1.2,0.0,4121,2417,1.0,Christie,0,5.2,9.4,17.1,31.0,a,,2026-07-24T17:30:10.035483Z,100.0,100.0,1.5,0.3,1.5,1.5,2,1,0,2,0,0,0,0,0,0.50,0.13,0.63,1.64,14,1,10,3,,,,0,False,517,0,866,472,0.6,30,False,,0.9,1,1.4,1,1.9,1
614574,76,Alex,Tóth,3,3,91,2,17,0,0,0,49,8,-1,1.0,0.0,405,825,0.4,Tóth.A,0,0.3,3.0,0.7,0.0,a,,,,,0.5,0.1,0.5,0.5,1,0,0,2,0,0,0,0,0,0.00,0.00,0.00,0.56,2,1,1,0,,,,0,False,594,0,48,96,-20.0,0,False,,-20.0,-2,-20.0,-2,-20.0,-2
489888,77,Amine,Adli,3,3,91,0,0,0,0,0,49,0,-1,0.0,0.0,316,2261,0.0,Adli,0,0.0,0.0,0.0,0.0,i,Calf injury - Unknown return date,2026-08-15T16:00:07.590566Z,0.0,0.0,0.0,0.0,0.0,0.0,0,0,0,0,0,0,0,0,0,0.00,0.00,0.00,0.00,0,0,0,0,,,,0,False,596,0,47,120,-95.8,2,False,,-89.9,-3,-79.8,-3,-69.6,-3
560262,78,Junior,Kroupi,3,3,91,0,0,0,0,0,74,0,-1,0.0,0.2,1356,27786,0.0,Kroupi.Jr,0,0.0,0.0,0.0,0.0,i,Foot injury - Expected back 7 Nov,2026-07-29T17:30:09.796802Z,0.0,0.0,0.0,0.0,0.0,0.0,0,0,0,0,0,0,0,0,0,0.00,0.00,0.00,0.00,0,0,0,0,1.0,,,0,False,348,0,310,1268,-87.7,-16,False,,-90.9,-3,-96.5,-4,-102.1,-5
444102,79,Francisco Evanilson,de Lima Barbosa,4,3,91,18,424,0,3,0,60,66,0,3.6,3.3,280678,195080,3.0,Evanilson,2,25.2,71.4,82.6,99.0,a,,,,,3.5,0.6,3.5,3.5,2,5,0,5,0,0,0,1,0,0.87,0.52,1.39,6.45,27,3,13,11,,,,0,False,102,0,45217,40253,61.4,485,False,,66.0,3,73.9,3,81.8,3
168636,80,Enes,Ünal,4,3,91,0,0,0,0,0,55,0,0,0.0,0.0,0,2009,0.0,Enes Ünal,0,0.0,0.0,0.0,0.0,u,Has joined Getafe permanently,2026-08-14T14:14:21.881112Z,0.0,0.0,0.0,0.0,0.0,0.0,0,0,0,0,0,0,0,0,0,0.00,0.00,0.00,0.00,0,0,0,0,,,,0,False,589,0,0,77,0.0,-1,False,,0.0,0,0.0,0,0.0,0
561245,81,Álvaro,Rodríguez,4,3,91,2,10,0,0,0,60,7,0,1.0,0.1,6156,7201,0.3,Rodríguez,0,0.1,0.0,0.5,0.0,a,,2026-08-15T16:30:07.054142Z,100.0,100.0,0.5,0.1,0.5,0.5,0,0,0,1,0,0,0,0,0,0.00,0.00,0.00,0.18,1,0,1,0,,,,0,False,384,0,1449,1070,-17.3,26,False,,0.0,0,0.5,1,0.9,1
200720,82,Caoimhín,Kelleher,1,4,94,20,450,0,0,0,50,97,0,4.0,6.1,271256,232166,4.0,Kelleher,2,11.7,118.0,0.0,0.0,a,,,,,4.5,0.9,4.5,4.5,6,5,17,4,0,0,0,0,0,0.00,0.01,0.01,6.32,0,0,34,7,,,,0,False,62,0,39619,31900,24.9,338,False,,28.1,2,33.7,2,39.2,2
507433,83,Hákon Rafn,Valdimarsson,1,4,94,0,0,0,0,0,45,0,0,0.0,0.1,3080,4921,0.0,Valdimarsson,0,0.0,0.0,0.0,0.0,a,,,,,0.0,0.0,0.0,0.0,0,0,0,0,0,0,0,0,0,0.00,0.00,0.00,0.00,0,0,0,0,,,,0,False,420,0,515,671,-84.9,-3,False,,-87.9,-3,-93.3,-3,-98.6,-4
432830,84,Nathan,Collins,2,4,94,10,196,0,0,0,54,39,-1,3.3,0.9,58794,165086,1.9,Collins,1,11.4,40.6,22.4,51.0,i,Calf injury - Unknown return date,2026-09-05T18:00:06.182495Z,0.0,0.0,0.0,0.0,0.0,0.0,0,3,0,1,0,0,0,1,0,0.51,0.05,0.56,2.13,17,2,11,15,,,,0,False,191,0,175,17730,-52.1,-674,False,,-79.6,-3,-127.0,-5,-174.5,-5
444765,85,Sepp,van den Berg,2,4,94,0,0,0,0,0,49,0,-1,0.0,0.1,444,9171,0.0,Van den Berg,0,0.0,0.0,0.0,0.0,i,Groin injury - Unknown return date,2026-08-15T15:30:06.416627Z,0.0,0.0,0.0,0.0,0.0,0.0,0,0,0,0,0,0,0,0,0,0.00,0.00,0.00,0.00,0,0,0,0,,,,0,False,484,0,71,565,-97.7,-5,False,,-101.1,-5,-106.8,-5,-112.6,-5
249231,86,Keane,Lewis-Potter,3,4,94,22,406,1,1,3,55,85,0,4.4,1.6,194064,132029,4.0,Lewis-Potter,2,29.5,113.6,109.3,73.0,a,,,,,2.0,0.4,2.0,2.0,3,5,0,4,0,0,0,0,0,1.21,0.79,2.00,5.69,38,6,15,17,,1.0,5.0,0,False,136,0,7419,23648,32.6,-346,False,,29.3,2,23.6,2,18.0,1
191866,87,Kristoffer,Ajer,2,4,94,21,450,0,0,1,45,73,0,4.2,3.7,335030,309266,4.7,Ajer,2,18.8,104.2,34.0,49.0,a,,,,,4.0,0.9,4.0,4.0,7,5,0,4,0,0,0,1,0,0.13,0.08,0.21,6.32,50,4,11,46,,,,0,False,92,0,29543,55574,35.7,51,False,,36.2,2,37.0,2,37.8,2
607464,88,Michael,Kayode,2,4,94,23,294,1,0,1,46,72,1,4.6,7.6,620727,392202,5.0,Kayode,2,15.3,63.8,32.9,56.0,a,,,,,3.5,0.8,3.5,3.5,6,4,0,1,0,0,0,0,0,0.55,0.43,0.98,3.24,16,2,14,14,,,,1,False,50,0,38029,45968,-36.6,260,False,,-33.2,-2,-27.4,-2,-21.6,-2
194010,89,Rico,Henry,2,4,94,1,2,0,0,0,44,3,-1,1.0,0.2,2086,9083,0.2,Henry,0,0.0,0.0,0.0,0.0,a,,,,,0.0,0.0,0.0,0.0,0,0,0,0,0,0,0,0,0,0.00,0.00,0.00,0.00,0,0,0,0,,,,0,False,343,0,262,1085,-24.6,-8,False,,-28.8,-2,-35.9,-2,-43.0,-3
472713,90,Aaron,Hickey,2,4,94,5,152,0,0,0,45,17,0,1.0,0.1,2248,3198,1.1,Hickey,0,4.7,32.8,7.8,6.0,a,,,,,1.0,0.2,1.0,1.0,1,1,0,3,0,0,0,0,0,0.03,0.06,0.09,3.07,17,4,8,13,,,,0,False,460,0,334,465,-32.7,9,False,,-19.8,-1,0.0,0,0.2,1
231065,91,Ethan,Pinnock,2,7,9,14,282,0,0,0,45,15,0,3.5,0.1,3641,4291,3.1,Pinnock,1,10.3,90.8,1.7,10.0,a,,,,,5.0,1.1,5.0,5.0,8,3,0,7,0,0,0,1,0,0.12,0.00,0.12,6.57,44,3,4,41,,,,0,False,445,0,1472,520,-52.8,66,False,,0.2,1,1.3,1,2.4,1
570241,92,Kim,Ji-soo,2,4,94,0,0,0,0,0,44,0,-1,0.0,0.0,531,1000,0.0,Ji-soo,0,0.0,0.0,0.0,0.0,a,,,,,0.0,0.0,0.0,0.0,0,0,0,0,0,0,0,0,0,0.00,0.00,0.00,0.00,0,0,0,0,,,,0,False,578,-1,97,128,-4.7,0,False,,-4.7,-1,-4.7,-1,-4.7,-1
513086,93,Jannik,Schuster,2,4,94,21,253,0,1,3,45,59,0,7.0,0.6,43742,10976,4.7,Schuster,1,12.0,92.4,11.5,16.0,a,,,,,8.5,1.9,8.5,8.5,14,2,0,3,0,0,0,0,0,0.10,0.54,0.64,4.19,38,3,6,35,,,,1,False,232,0,42180,6488,12.8,935,False,,21.6,2,36.8,2,52.1,3
513418,94,Kevin,Schade,3,4,94,39,447,3,2,6,62,138,2,7.8,16.1,1525118,310879,6.3,Schade,2,35.4,146.2,48.0,160.0,a,,,,,12.0,1.9,12.0,12.0,9,5,0,4,0,0,0,0,0,1.52,0.32,1.84,6.32,34,7,21,6,2.0,,,1,True,27,1,905263,90875,83.0,24482,False,,168.4,5,315.7,5,463.0,5
533463,95,Dango,Ouattara,3,4,94,7,179,0,0,0,63,34,-2,1.4,0.4,16235,86125,1.1,O.Dango,1,10.8,25.4,59.3,23.0,a,,,,,1.0,0.2,1.0,1.0,1,2,0,1,0,0,0,0,0,0.09,0.39,0.48,2.81,28,2,17,9,,,4.0,0,False,263,0,1874,7546,-80.7,-169,False,,-119.1,-5,-185.4,-5,-251.7,-5
440089,96,Mikkel,Damsgaard,3,4,94,16,283,0,1,3,54,74,-1,3.2,0.4,15548,35205,3.0,Damsgaard,2,20.7,47.4,118.2,42.0,d,Unspecified injury - 75% chance of playing,2026-10-03T19:30:08.141728Z,,75.0,2.0,0.4,2.0,1.5,3,3,0,1,0,0,0,0,0,0.17,0.73,0.90,3.06,31,7,18,6,,3.0,2.0,0,False,275,0,2037,7089,-37.7,-272,False,,-76.8,-3,-144.1,-5,-211.5,-5
207283,97,Mathias,Jensen,3,4,94,6,66,0,1,0,54,22,-1,6.0,0.1,4510,15614,1.1,Jensen,1,7.2,12.6,46.2,13.0,i,Unspecified injury - Expected back 10 Oct,2026-08-30T12:30:08.176795Z,0.0,0.0,0.0,0.0,0.0,0.0,0,1,0,0,0,0,0,0,0,0.08,0.34,0.42,0.47,5,2,3,0,3.0,2.0,1.0,0,False,429,0,25,1180,-77.8,-37,False,,-92.9,-3,-119.0,-5,-145.1,-5
204580,98,Vitaly,Janelt,3,4,94,28,450,2,0,3,50,109,0,5.6,2.5,325078,125083,5.6,Janelt,2,30.9,164.0,97.5,47.0,a,,,,,3.5,0.7,3.5,3.5,3,5,0,4,0,0,0,3,0,0.53,0.44,0.97,6.32,64,17,20,27,,,3.0,1,False,111,0,38018,35992,84.8,-163,False,,83.2,3,80.6,3,77.9,3
543295,99,Antoni,Milambo,3,4,94,0,0,0,0,0,50,0,0,0.0,0.0,126,167,0.0,Milambo,0,0.0,0.0,0.0,0.0,i,Knee injury - Unknown return date,2026-07-23T12:01:23.384798Z,0.0,0.0,0.0,0.0,0.0,0.0,0,0,0,0,0,0,0,0,0,0.00,0.00,0.00,0.00,0,0,0,0,,,,0,False,657,0,17,15,-42.6,0,False,,-42.6,-3,-42.6,-3,-42.6,-3
244858,100,Fábio,Freitas Gouveia Carvalho,3,4,94,6,3,1,0,0,50,23,0,6.0,0.0,2208,1559,1.2,Carvalho,0,6.7,33.2,0.3,33.0,a,,2026-08-18T13:58:17.442072Z,100.0,100.0,3.0,0.6,3.0,3.0,6,0,0,0,0,0,0,0,0,0.43,0.00,0.43,0.13,0,0,0,0,,,,0,False,546,0,910,281,0.4,7,False,,0.5,1,0.6,1,0.7,1
56979,101,Jordan,Henderson,3,6,8,2,90,0,0,0,49,16,-1,2.0,0.0,1392,2727,0.4,Henderson,0,2.7,16.6,10.4,0.0,a,,2026-08-09T09:30:07.136250Z,50.0,100.0,1.0,0.2,0.5,1.0,2,1,0,3,0,0,0,0,0,0.00,0.08,0.08,2.65,10,1,7,2,,,3.0,0,False,523,0,779,253,0.1,8,False,,0.2,1,0.3,1,0.5,1
508395,102,Yehor,Yarmoliuk,3,4,94,9,216,0,1,0,48,50,-2,1.8,0.6,7602,66397,1.9,Yarmoliuk,1,13.4,53.0,60.5,20.0,a,,,,,3.5,0.7,3.5,3.5,3,2,0,4,0,0,0,1,0,0.10,0.30,0.40,4.58,26,5,14,7,,,,0,False,231,0,3149,8047,-33.6,-97,False,,-49.1,-3,-75.8,-3,-102.6,-5
183656,103,Josh,Dasilva,3,4,94,0,0,0,0,0,49,0,-1,0.0,0.0,411,2034,0.0,Dasilva,0,0.0,0.0,0.0,0.0,i,Hamstring injury - Expected back 10 Oct,2026-09-04T13:30:08.371955Z,0.0,0.0,0.0,0.0,0.0,0.0,0,0,0,0,0,0,0,0,0,0.00,0.00,0.00,0.00,0,0,0,0,,,,0,False,601,0,20,189,-84.0,-3,False,,-91.7,-3,-104.9,-5,-118.2,-5
428580,104,Frank,Onyeka,3,7,9,9,314,0,0,0,49,34,-1,2.2,0.1,4130,10042,1.8,Onyeka,1,4.5,19.4,4.7,21.0,a,,2026-09-15T09:00:07.851220Z,100.0,100.0,2.5,0.5,2.5,2.5,3,4,0,7,0,0,0,0,0,0.03,0.02,0.05,6.31,28,5,14,9,,,,0,False,425,0,320,915,-52.6,-14,False,,-67.7,-3,-93.7,-3,-119.8,-5
444180,105,Jaidon,Anthony,3,4,94,15,267,1,0,2,59,59,-1,3.0,0.2,9730,11618,2.5,Anthony,2,21.2,65.0,89.3,58.0,a,,,,,5.5,0.9,5.5,5.5,10,3,0,3,0,0,0,1,0,1.15,0.54,1.69,3.50,26,4,16,6,,,,0,False,355,0,4732,1217,1.9,122,False,,3.1,1,5.1,1,7.1,1
502500,106,Igor Thiago,Nascimento Rodrigues,4,4,94,10,442,1,0,0,78,37,-2,2.0,9.6,359807,1077593,1.3,Thiago,2,23.6,48.8,43.6,146.0,a,,,,,3.0,0.4,3.0,3.0,5,5,0,4,0,0,1,2,0,3.13,0.16,3.29,6.25,19,3,12,4,1.0,,,0,False,36,0,139384,80685,38.7,3349,False,,70.3,3,124.9,5,179.5,5
593174,107,Kaye,Furo,4,4,94,0,0,0,0,0,45,0,0,0.0,0.8,62448,73199,0.0,Furo,0,0.0,0.0,0.0,0.0,i,Unspecified injury - Unknown return date,2026-09-14T14:00:09.985723Z,0.0,0.0,0.0,0.0,0.0,0.0,0,0,0,0,0,0,0,0,0,0.00,0.00,0.00,0.00,0,0,0,0,,,,0,False,200,0,1375,16037,-17.8,-222,False,,-27.4,-2,-44.0,-3,-60.6,-3
75115,108,Callum,Wilson,4,4,94,3,13,0,0,0,54,9,-1,1.0,0.3,16492,27812,0.6,Wilson,0,2.6,3.2,10.4,12.0,a,,,,,0.0,0.0,0.0,0.0,0,0,0,0,0,0,0,0,0,0.07,0.04,0.11,0.15,2,0,1,1,,,,0,False,294,-1,2143,3747,-14.4,-8,False,,-16.0,-1,-18.7,-1,-21.3,-2
489639,109,Bart,Verbruggen,1,5,36,23,450,0,0,0,45,107,0,4.6,21.2,852540,729219,5.1,Verbruggen,3,11.7,113.8,3.0,0.0,a,,,,,7.0,1.6,7.0,7.0,6,5,12,5,0,0,0,0,0,0.00,0.20,0.20,8.67,0,0,34,3,,,,0,False,15,0,159065,193365,75.3,569,False,,80.7,3,89.9,3,99.2,4
472739,110,Carl,Rushworth,1,7,9,16,450,0,1,2,45,56,0,3.2,0.7,27231,64195,3.6,Rushworth,1,10.1,90.6,10.0,0.0,a,,,,,5.5,1.2,5.5,5.5,11,5,9,10,0,0,0,0,0,0.00,0.02,0.02,8.63,0,0,50,4,,,,1,False,210,0,6084,11031,-66.2,-8,False,,-67.2,-3,-68.9,-3,-70.7,-3
49262,111,Jason,Steele,1,5,36,0,0,0,0,0,40,0,0,0.0,4.0,156217,137891,0.0,Steele,0,0.0,0.0,0.0,0.0,a,,,,,0.0,0.0,0.0,0.0,0,0,0,0,0,0,0,0,0,0.00,0.00,0.00,0.00,0,0,0,0,,,,0,False,85,0,16030,32136,-6.8,-295,False,,-14.0,-1,-26.5,-2,-39.0,-2
469142,112,Jan Paul,van Hecke,2,19,6,24,450,1,0,2,49,85,-1,4.8,6.1,189291,546245,4.9,Van Hecke,2,31.6,171.8,74.9,70.0,a,,2026-09-30T16:00:09.552205Z,,100.0,7.0,1.4,7.0,7.0,6,5,0,8,0,0,0,1,0,0.69,0.42,1.11,7.78,43,10,17,33,,,,0,False,63,0,53122,100850,-64.7,-1065,False,,-81.9,-3,-111.6,-5,-141.3,-5
231416,113,Ferdi,Kadıoğlu,2,5,36,13,332,0,0,0,44,46,-1,3.2,1.5,36580,144766,3.0,F.Kadıoğlu,2,12.2,31.2,58.1,32.0,a,,2026-08-23T13:00:07.595211Z,100.0,100.0,5.5,1.2,5.5,5.5,5,4,0,5,0,0,0,1,0,0.12,0.13,0.25,7.55,10,1,8,9,,,3.0,0,False,142,0,10167,17223,-63.7,96,False,,-57.5,-3,-46.8,-3,-36.1,-2
204120,114,Olivier,Boscagli,2,5,36,19,437,0,0,0,45,93,0,3.8,0.3,19898,13197,4.2,Boscagli,3,21.4,77.2,115.7,21.0,a,,,,,6.0,1.3,6.0,6.0,6,5,0,5,0,0,0,1,0,0.07,0.53,0.60,8.45,29,4,17,25,,,,0,False,289,0,5681,2120,4.1,124,False,,5.3,1,7.3,1,9.3,1
465730,115,Maxim,De Cuyper,2,5,36,38,423,1,3,5,50,132,5,7.6,31.4,3122437,443938,7.6,De Cuyper,3,33.8,108.4,171.8,57.0,a,,,,,8.5,1.7,8.5,8.5,6,5,0,5,0,0,0,2,0,1.55,0.67,2.22,8.58,16,8,18,8,,4.0,2.0,2,True,8,1,704098,58907,46.5,18962,False,,112.7,5,226.7,5,340.8,5
83299,116,Lewis,Dunk,2,5,36,22,360,1,0,1,45,79,0,5.5,1.5,97010,59511,4.9,Dunk,2,14.3,116.2,14.6,11.0,a,,2026-09-22T09:30:09.629652Z,,100.0,6.0,1.3,6.0,6.0,0,4,0,5,0,0,0,1,0,0.03,0.09,0.12,7.04,23,3,13,20,,3.0,,1,False,146,0,15449,18447,21.9,492,False,,26.5,2,34.5,2,42.5,3
550090,117,Diego,Coppola,2,5,36,0,0,0,0,0,45,0,0,0.0,0.0,1003,1121,0.0,Coppola,0,0.0,0.0,0.0,0.0,a,,,,,0.0,0.0,0.0,0.0,0,0,0,0,0,0,0,0,0,0.00,0.00,0.00,0.00,0,0,0,0,,,,0,False,571,0,191,158,-5.0,1,False,,0.0,0,0.0,0,0.0,0
223434,118,Igor Julio,dos Santos de Paulo,2,5,36,0,0,0,0,0,45,0,0,0.0,0.0,915,6124,0.0,Igor,0,0.0,0.0,0.0,0.0,u,Has joined Burnley permanently,2026-09-02T15:38:15.529699Z,0.0,0.0,0.0,0.0,0.0,0.0,0,0,0,0,0,0,0,0,0,0.00,0.00,0.00,0.00,0,0,0,0,,,,0,False,525,0,0,481,0.0,-7,False,,0.0,0,0.0,0,0.0,0
451490,119,João Pedro,Loureiro da Costa,2,5,36,4,68,0,0,0,45,18,0,0.8,0.0,1408,1551,0.9,Costinha,0,5.4,16.4,20.0,18.0,a,,,,,1.0,0.2,1.0,1.0,1,0,0,0,0,0,0,1,0,0.12,0.30,0.42,1.02,7,1,1,6,,,,0,False,521,0,303,226,0.0,0,False,,0.0,0,0.0,0,0.0,0
454490,120,Michael,Svoboda,2,5,36,1,4,0,0,0,50,5,0,1.0,0.1,4840,4190,0.2,Svoboda,0,0.2,2.4,0.0,0.0,a,,,,,0.5,0.1,0.5,0.5,1,0,0,0,0,0,0,0,0,0.00,0.00,0.00,0.14,1,1,1,0,,,,0,False,470,0,1664,668,0.6,4,False,,0.7,1,0.7,1,0.8,1
451340,121,Mitoma,Kaoru,3,5,36,0,0,0,0,0,59,0,-1,0.0,0.0,612,3177,0.0,Mitoma,0,0.0,0.0,0.0,0.0,i,Hamstring injury - Expected back 10 Oct,2026-07-24T18:30:10.661894Z,0.0,0.0,0.0,0.0,0.0,0.0,0,0,0,0,0,0,0,0,0,0.00,0.00,0.00,0.00,0,0,0,0,,,,0,False,539,0,186,240,-28.0,0,False,,-28.0,-2,-28.0,-2,-28.0,-2
592031,122,Yankuba,Minteh,3,5,36,0,0,0,0,0,58,0,-2,0.0,0.0,354,7008,0.0,Minteh,0,0.0,0.0,0.0,0.0,i,Leg injury - Expected back 28 Nov,2026-08-14T18:00:06.418033Z,0.0,0.0,0.0,0.0,0.0,0.0,0,0,0,0,0,0,0,0,0,0.00,0.00,0.00,0.00,0,0,0,0,,,5.0,0,False,543,-1,64,334,-10.0,-1,False,,-10.8,-1,-12.3,-1,-13.7,-1
532529,123,Jack,Hinshelwood,3,5,36,16,63,2,0,3,59,54,-1,16.0,0.5,148259,220037,2.7,Hinshelwood,1,14.5,72.8,13.4,59.0,d,Ankle injury - 50% chance of playing,2026-08-27T19:30:07.780933Z,0.0,50.0,0.0,0.0,0.0,0.0,0,1,0,0,0,0,0,0,0,1.41,0.02,1.43,0.19,3,2,1,0,,,,1,False,249,0,638,10811,-0.1,0,False,2026-10-17T10:30:10.117676Z,-0.1,-1,-0.1,-1,-0.1,-1
60307,124,Pascal,Groß,3,5,36,47,450,3,4,9,59,166,4,9.4,36.0,2900783,567857,8.0,Groß,3,50.8,211.0,216.0,84.0,a,,,,,15.5,2.6,15.5,15.5,14,5,0,5,0,0,0,2,0,1.77,0.86,2.63,8.67,26,7,10,9,1.0,1.0,1.0,3,True,7,2,1540290,38074,119.6,44159,False,,273.6,5,539.3,5,805.0,5
463067,125,Georginio,Rutter,4,5,36,6,104,0,1,0,53,24,-2,3.0,0.4,37142,80416,1.1,Georginio,1,5.1,20.2,11.7,19.0,a,,2026-08-26T16:00:07.608056Z,100.0,100.0,0.5,0.1,0.5,0.5,1,1,0,0,0,0,0,0,0,0.17,0.45,0.62,1.03,9,2,6,1,,,,0,False,260,-1,5145,7788,-3.0,-20,False,,-5.6,-1,-10.1,-1,-14.6,-1
219249,126,Matt,O'Riley,3,5,36,2,10,0,0,0,54,6,-1,1.0,0.1,3776,6764,0.4,O'Riley,0,3.8,8.2,10.5,19.0,a,,,,,1.0,0.2,1.0,1.0,1,0,0,0,0,0,0,0,0,0.28,0.01,0.29,0.18,3,0,1,2,3.0,,,0,False,419,0,602,808,-10.3,-14,False,,-24.3,-2,-48.4,-3,-72.6,-3
514254,127,Diego,Gómez Amarilla,3,5,36,24,433,0,3,0,50,80,0,4.8,3.6,349096,348311,4.8,Gomez,3,31.4,84.2,103.4,126.0,a,,,,,5.5,1.1,5.5,5.5,8,5,0,5,0,0,0,0,0,0.79,0.78,1.57,8.49,36,13,16,7,,5.0,,0,False,94,0,26589,86680,29.1,-910,False,,20.5,2,5.7,1,-26.3,-2
536916,128,Facundo,Buonanotte,3,5,36,0,0,0,0,0,50,0,0,0.0,0.0,0,334,0.0,Buonanotte,0,0.0,0.0,0.0,0.0,u,Has joined Elche on loan for the rest of the season,2026-08-10T14:03:07.561436Z,0.0,0.0,0.0,0.0,0.0,0.0,0,0,0,0,0,0,0,0,0,0.00,0.00,0.00,0.00,0,0,0,0,,,,0,False,659,0,0,11,0.0,0,False,,0.0,0,0.0,0,0.0,0
509416,129,Yasin,Ayari,3,5,36,15,333,1,0,0,54,71,-1,3.8,0.4,15638,43824,2.8,Ayari,3,16.9,56.0,48.9,68.0,a,,2026-08-30T18:00:07.935334Z,100.0,100.0,5.5,1.0,5.5,5.5,3,4,0,1,0,0,0,1,0,0.70,0.18,0.88,5.64,21,2,15,4,,2.0,4.0,0,False,273,0,5397,4269,-28.8,87,False,,-6.3,-1,1.2,1,2.6,1
467779,130,Mats,Wieffer,2,5,36,7,156,0,0,1,49,38,-1,3.5,0.2,25957,44756,1.4,Wieffer,1,8.3,37.0,35.5,10.0,i,Knee injury - Unknown return date,2026-09-04T09:30:08.612904Z,0.0,0.0,0.0,0.0,0.0,0.0,0,2,0,4,0,0,0,0,0,0.12,0.13,0.25,3.18,15,4,9,11,,,,0,False,367,0,42,3324,-51.7,-73,False,,-68.0,-3,-95.9,-4,-123.9,-5
535301,131,Carlos,Baleba,3,16,1,0,0,0,0,0,49,0,-1,0.0,0.1,9123,14930,0.0,Baleba,0,0.0,0.0,0.0,0.0,a,,2026-08-06T16:00:10.997714Z,50.0,100.0,0.0,0.0,0.0,0.0,0,0,0,0,0,0,0,0,0,0.00,0.00,0.00,0.00,0,0,0,0,,,,0,False,372,0,3684,1289,0.9,83,False,,1.7,1,3.1,1,4.4,1
597320,132,Harry,Howell,3,5,36,0,0,0,0,0,45,0,0,0.0,0.0,0,3849,0.0,Howell,0,0.0,0.0,0.0,0.0,u,Has joined Leicester City on loan for the rest of the season,2026-08-17T13:53:19.019938Z,0.0,0.0,0.0,0.0,0.0,0.0,0,0,0,0,0,0,0,0,0,0.00,0.00,0.00,0.00,0,0,0,0,,,,0,False,550,0,0,371,0.0,-8,False,,0.0,0,0.0,0,0.0,0
549074,133,Tom,Watson,3,5,36,0,0,0,0,0,50,0,0,0.0,0.0,0,138,0.0,Watson,0,0.0,0.0,0.0,0.0,u,Has joined Leicester City on loan for the rest of the season,2026-08-03T14:05:44.459483Z,0.0,0.0,0.0,0.0,0.0,0.0,0,0,0,0,0,0,0,0,0,0.00,0.00,0.00,0.00,0,0,0,0,,,,0,False,664,0,0,7,0.0,0,False,,0.0,0,0.0,0,0.0,0
556637,134,Nehemiah,Oriola,3,5,36,0,0,0,0,0,44,0,-1,0.0,0.2,9202,15433,0.0,Oriola,0,0.0,0.0,0.0,0.0,a,,,,,0.0,0.0,0.0,0.0,0,0,0,0,0,0,0,0,0,0.00,0.00,0.00,0.00,0,0,0,0,,,,0,False,317,-1,798,2565,-1.5,-6,False,,-3.1,-1,-5.9,-1,-8.6,-1
700308,135,Zadok,Yohanna,3,5,36,1,12,0,0,0,48,3,-2,1.0,0.0,1275,5791,0.2,Yohanna,0,0.2,0.2,1.3,0.0,i,Unspecified injury - Expected back 10 Oct,2026-09-10T13:00:08.617941Z,0.0,0.0,0.0,0.0,0.0,0.0,0,0,0,0,0,0,0,0,0,0.00,0.03,0.03,0.00,0,0,0,0,,,,0,False,536,-1,32,684,-10.8,-5,False,,-14.2,-1,-19.9,-1,-25.7,-2
50175,136,Danny,Welbeck,4,6,8,4,85,0,0,0,59,15,-1,1.3,1.0,69808,94993,0.7,Welbeck,0,6.1,14.4,32.7,14.0,a,,2026-08-20T14:00:07.949090Z,100.0,100.0,1.5,0.3,1.5,1.5,2,1,0,1,0,0,0,0,0,0.00,0.14,0.14,1.99,5,1,2,2,,,,0,False,179,0,15872,21089,5.7,-567,False,,0.3,1,-95.8,-4,-195.3,-5
608181,137,Stefanos,Tzimas,4,5,36,0,0,0,0,0,54,0,-1,0.0,0.0,354,786,0.0,Tzimas,0,0.0,0.0,0.0,0.0,i,Knee injury - Unknown return date,2026-07-23T12:01:23.432796Z,0.0,0.0,0.0,0.0,0.0,0.0,0,0,0,0,0,0,0,0,0,0.00,0.00,0.00,0.00,0,0,0,0,,,,0,False,627,0,57,88,-10.0,-4,False,,-32.2,-2,-70.6,-3,-108.9,-5
647850,138,Charalampos,Kostoulas,4,5,36,28,353,2,3,3,56,105,1,5.6,8.3,855330,95114,5.0,Kostoulas,2,26.1,95.8,39.1,127.0,a,,,,,10.0,1.8,10.0,10.0,10,4,0,5,0,0,0,1,0,1.35,0.06,1.41,7.67,27,4,18,5,,,,1,False,44,1,750639,62604,90.9,22647,False,,169.9,5,306.2,5,442.4,5
487117,139,Evan,Ferguson,4,5,36,0,0,0,0,0,50,0,0,0.0,0.0,1669,2637,0.0,Ferguson,0,0.0,0.0,0.0,0.0,i,Ankle injury - Expected back 10 Oct,2026-07-23T12:01:23.448357Z,0.0,0.0,0.0,0.0,0.0,0.0,0,0,0,0,0,0,0,0,0,0.00,0.00,0.00,0.00,0,0,0,0,,,,0,False,544,0,218,368,-66.6,-4,False,,-72.0,-3,-81.3,-3,-90.6,-3
215059,140,Robert,Lynch Sánchez,1,6,8,2,90,0,0,0,49,6,-1,2.0,0.6,10847,180450,0.4,Sánchez,0,2.1,21.4,0.0,0.0,u,Has joined Como on loan for the rest of the season,2026-09-02T16:20:41.841936Z,0.0,0.0,0.0,0.0,0.0,0.0,0,1,4,2,0,0,0,0,0,0.00,0.01,0.01,1.33,0,0,5,1,,,,0,False,223,0,0,8842,0.0,-199,False,,0.0,0,0.0,0,0.0,0
508479,141,Filip,Jörgensen,1,6,8,0,0,0,0,0,50,0,0,0.0,0.0,0,956,0.0,Jörgensen,0,0.0,0.0,0.0,0.0,u,Has joined RC Strasbourg on loan for the rest of the season,2026-08-12T14:07:02.607115Z,0.0,0.0,0.0,0.0,0.0,0.0,0,0,0,0,0,0,0,0,0,0.00,0.00,0.00,0.00,0,0,0,0,,,,0,False,622,0,0,38,0.0,0,False,,0.0,0,0.0,0,0.0,0
225796,142,Reece,James,2,6,8,3,292,0,0,0,53,24,-2,0.8,5.4,173028,643521,0.6,James,0,14.8,56.2,42.6,49.0,a,,2026-09-18T10:30:09.719371Z,75.0,100.0,0.5,0.1,0.4,0.5,0,3,0,7,0,0,0,1,0,0.33,0.26,0.59,4.90,13,2,15,11,,1.0,1.0,0,False,72,-1,4823,120832,-15.9,-721,False,,-23.6,-2,-36.9,-2,-50.2,-3
180736,143,Trevoh,Chalobah,2,6,8,0,0,0,0,0,55,0,0,0.0,0.1,0,14063,0.0,Chalobah,0,0.0,0.0,0.0,0.0,u,Has joined Como permanently,2026-08-10T14:03:50.769483Z,0.0,0.0,0.0,0.0,0.0,0.0,0,0,0,0,0,0,0,0,0,0.00,0.00,0.00,0.00,0,0,0,0,,,,0,False,469,0,0,433,0.0,-3,False,,0.0,0,0.0,0,0.0,0
482609,144,Malo,Gusto,2,6,8,4,272,0,0,0,49,12,-1,1.0,0.9,37920,71007,0.8,Gusto,0,8.2,32.0,37.2,13.0,a,,,,,0.5,0.1,0.5,0.5,0,3,0,7,0,0,0,0,0,0.08,0.12,0.20,3.50,15,4,13,11,,,6.0,0,False,186,-1,2593,10527,-9.1,-121,False,,-16.6,-1,-29.6,-2,-42.6,-3
444463,145,Wesley,Fofana,2,6,8,8,312,0,0,0,50,35,0,2.0,0.2,21596,9185,1.6,Fofana,0,13.4,100.4,29.2,4.0,a,,2026-07-23T12:01:23.464591Z,100.0,100.0,2.5,0.5,2.5,2.5,4,4,0,7,0,0,0,1,0,0.00,0.08,0.08,5.65,47,7,11,40,,,,0,False,314,0,5490,2244,6.2,57,False,,6.7,1,7.6,1,8.5,1
242880,146,Benoît,Badiashile Mukinayi,2,6,8,0,0,0,0,0,45,0,0,0.0,0.0,232,1964,0.0,B.Badiashile,0,0.0,0.0,0.0,0.0,u,Has joined Napoli on loan for the rest of the season,2026-08-25T14:03:47.079414Z,0.0,0.0,0.0,0.0,0.0,0.0,0,0,0,0,0,0,0,0,0,0.00,0.00,0.00,0.00,0,0,0,0,,,,0,False,612,0,0,67,0.0,-1,False,,0.0,0,0.0,0,0.0,0
109646,147,Tosin,Adarabioyo,2,19,6,1,5,0,0,0,44,5,-1,1.0,0.1,2077,8308,0.2,Tosin,0,0.9,9.0,0.2,0.0,a,,,,,0.5,0.1,0.5,0.5,0,0,0,0,0,0,0,0,0,0.00,0.00,0.00,0.03,4,2,1,2,,,,0,False,371,0,185,956,-52.2,-16,False,,-62.8,-3,-81.2,-3,-99.6,-4
551210,148,Jorrel,Hato,2,6,8,8,258,0,2,0,45,14,0,2.0,0.8,92305,67260,1.8,Hato,0,14.0,77.0,47.1,15.0,a,,,,,0.0,0.0,0.0,0.0,0,4,0,9,0,0,0,0,0,0.01,0.21,0.22,4.81,18,7,9,11,,,,0,False,208,0,1910,14933,11.7,-284,False,,9.0,1,4.4,1,-3.7,-1
460028,149,Levi,Samuels Colwill,2,6,8,3,341,0,0,0,48,17,-2,0.8,0.8,28690,103734,0.6,Colwill,0,9.2,61.6,16.6,13.0,a,,,,,1.0,0.2,1.0,1.0,1,4,0,9,0,0,0,1,0,0.01,0.05,0.06,6.67,26,3,15,23,,,,0,False,199,-1,3034,10709,-15.7,-103,False,,-22.8,-2,-35.1,-2,-47.4,-3
574458,150,Mamadou,Sarr,2,6,8,0,0,0,0,0,45,0,0,0.0,0.0,429,6096,0.0,M.Sarr,0,0.0,0.0,0.0,0.0,u,Has joined Real Sociedad on loan for the rest of the season,2026-08-29T00:34:23.077418Z,0.0,0.0,0.0,0.0,0.0,0.0,0,0,0,0,0,0,0,0,0,0.00,0.00,0.00,0.00,0,0,0,0,,,,0,False,555,0,0,280,0.0,-4,False,,0.0,0,0.0,0,0.0,0
577016,151,Josh,Acheampong,2,6,8,5,221,0,0,0,45,5,0,1.2,0.3,21454,24036,1.1,Acheampong,0,5.4,43.0,5.5,6.0,a,,,,,0.0,0.0,0.0,0.0,0,2,0,7,0,0,0,0,0,0.00,0.03,0.03,4.72,20,7,7,13,,,,0,False,282,0,742,3477,-28.3,-70,False,,-49.4,-3,-85.8,-3,-122.2,-5
620109,152,Marco,Palestra,2,6,8,0,0,0,0,0,53,0,-2,0.0,0.6,8022,224487,0.0,Palestra,0,0.0,0.0,0.0,0.0,a,,2026-08-24T18:30:07.421239Z,50.0,100.0,0.0,0.0,0.0,0.0,0,0,0,0,0,0,0,0,0,0.00,0.00,0.00,0.00,0,0,0,0,,,,0,False,236,0,1562,7946,-1.1,-26,False,,-5.5,-1,-13.2,-1,-20.8,-2
220362,153,Axel,Disasi,2,8,31,1,139,0,0,0,45,-6,0,0.3,0.1,9451,11211,0.2,Disasi,0,5.0,34.8,13.4,2.0,s,Suspended until 25 Oct,2026-09-12T15:30:09.445078Z,0.0,0.0,-1.5,-0.3,0.0,0.0,0,2,0,6,0,0,0,0,1,0.00,0.04,0.04,3.72,20,5,11,15,,,,0,False,485,0,50,1630,-107.0,-74,False,,-152.8,-5,-231.9,-5,-311.0,-5
244851,154,Cole,Palmer,3,6,8,28,442,2,2,3,97,148,2,5.6,24.2,2031599,883869,2.9,Palmer,0,44.1,151.0,145.3,144.0,a,,2026-09-21T13:00:09.022726Z,100.0,100.0,3.5,0.4,3.5,3.5,2,5,0,12,0,0,0,1,0,1.31,0.79,2.10,8.73,29,7,19,3,1.0,2.0,,1,False,12,0,128223,388563,-85.6,-823,False,,-93.4,-3,-106.8,-5,-120.2,-5
448047,155,Enzo,Fernández,3,15,43,13,271,1,0,0,69,73,-1,3.2,3.8,198913,336128,1.9,Enzo,2,17.8,63.8,72.8,42.0,a,,,,,4.5,0.7,4.5,4.5,7,3,0,3,0,0,0,1,0,0.35,0.53,0.88,5.35,21,3,12,6,,3.0,4.0,0,False,91,0,57246,29219,7.9,562,False,,13.3,1,22.4,2,31.6,2
247632,156,Pedro,Lomba Neto,3,6,8,14,332,1,0,0,65,81,0,2.8,1.4,90216,98627,2.2,Neto,0,28.2,82.0,92.6,108.0,a,,,,,2.0,0.3,2.0,2.0,2,4,0,8,0,0,0,0,0,0.68,0.58,1.26,6.64,28,6,14,8,,4.0,2.0,0,False,156,0,13091,16976,0.2,68,False,,0.8,1,1.9,1,3.0,1
624773,157,Estêvão,Almeida de Oliveira Gonçalves,3,6,8,4,23,0,0,0,63,17,-2,1.0,0.7,19546,88916,0.6,Estêvão,0,5.0,8.6,1.6,38.0,a,,,,,1.0,0.2,1.0,1.0,1,0,0,1,0,0,0,0,0,0.07,0.07,0.14,1.01,2,1,1,0,2.0,,5.0,0,False,218,0,3632,6181,-32.7,-16,False,,-35.1,-2,-39.2,-2,-43.2,-3
463936,158,Jamie,Bynoe-Gittens,3,6,8,0,0,0,0,0,58,0,-2,0.0,0.0,1149,3024,0.0,Gittens,0,0.0,0.0,0.0,0.0,i,Ankle injury - Unknown return date,2026-09-26T05:30:09.245832Z,,0.0,0.0,0.0,0.0,0.0,0,0,0,0,0,0,0,0,0,0.00,0.00,0.00,0.00,0,0,0,0,,,,0,False,554,-1,170,394,-9.0,-11,False,,-17.7,-1,-32.6,-2,-47.6,-3
486672,159,Moisés,Caicedo Corozo,3,6,8,1,13,0,0,0,53,3,-2,1.0,1.0,16535,286765,0.2,Caicedo,0,0.0,0.0,0.1,0.0,a,,2026-08-30T16:00:08.393562Z,50.0,100.0,0.0,0.0,0.0,0.0,0,0,0,0,0,0,0,0,0,0.00,0.00,0.00,0.07,0,0,0,0,,,,0,False,176,0,1897,14373,-0.2,-33,False,,-3.4,-1,-9.0,-1,-14.5,-1
493105,160,Alejandro,Garnacho Ferreyra,3,2,7,3,31,0,0,0,58,9,-2,1.0,0.3,7866,42574,0.5,Garnacho,0,0.5,1.2,3.6,0.0,a,,,,,0.0,0.0,0.0,0.0,0,0,0,0,0,0,0,0,0,0.00,0.00,0.00,0.49,2,0,2,0,,,,0,False,292,0,918,4121,-89.5,-61,False,,-109.4,-5,-143.9,-5,-178.3,-5
514356,161,Roméo,Lavia,3,6,8,11,258,1,0,0,50,61,0,2.8,0.2,26363,17069,2.2,Lavia,0,16.1,65.8,29.1,66.0,a,,,,,1.0,0.2,1.0,1.0,0,4,0,8,0,0,0,1,0,0.75,0.11,0.86,5.06,31,6,15,10,,,,0,False,333,0,988,3959,4.7,-33,False,,4.4,1,3.8,1,3.3,1
532605,162,Andrey,Nascimento dos Santos,3,16,1,4,82,0,0,0,48,23,-2,1.3,0.5,22616,77293,0.8,Andrey Santos,0,3.9,24.8,5.5,8.0,a,,,,,0.0,0.0,0.0,0.0,0,1,0,4,0,0,0,0,0,0.00,0.24,0.24,2.03,18,4,7,7,,,,0,False,248,0,1419,8674,-83.7,-174,False,,-115.9,-5,-171.6,-5,-227.3,-5
491007,163,Dário,Luís Essugo,3,6,8,0,0,0,0,0,45,0,0,0.0,0.1,2698,15016,0.0,D.Essugo,0,0.0,0.0,0.0,0.0,u,Has joined RC Strasbourg on loan for the rest of the season,2026-09-02T16:20:41.865225Z,0.0,0.0,0.0,0.0,0.0,0.0,0,0,0,0,0,0,0,0,0,0.00,0.00,0.00,0.00,0,0,0,0,,,,0,False,435,0,0,1304,0.0,-33,False,,0.0,0,0.0,0,0.0,0
593117,164,Geovany,Quenda,3,6,8,2,27,0,0,0,53,5,-2,1.0,0.0,937,3498,0.4,Quenda,0,1.2,1.6,2.1,8.0,a,,2026-07-24T20:30:10.609931Z,100.0,100.0,0.5,0.1,0.5,0.5,1,0,0,2,0,0,0,0,0,0.03,0.01,0.04,1.29,1,0,0,1,,,,0,False,533,0,105,278,-38.7,-6,False,,-55.7,-3,-85.1,-3,-114.4,-5
475168,165,João Pedro,Junqueira de Jesus,4,6,8,33,360,3,3,7,77,141,2,8.2,65.4,1861665,1673835,4.3,João Pedro,0,37.0,158.4,90.0,123.0,a,,2026-09-16T19:00:09.919929Z,75.0,100.0,6.0,0.8,4.5,6.0,0,4,0,9,1,0,0,1,0,2.17,0.19,2.36,6.17,9,1,5,3,,,,2,True,2,-1,346924,601339,-0.8,18236,False,,163.6,5,460.9,5,758.3,5
517052,166,Nicolas,Jackson,4,2,7,10,286,1,0,1,65,52,0,2.5,2.0,239511,95717,1.5,N.Jackson,1,15.4,42.8,36.8,76.0,a,,,,,3.0,0.5,3.0,3.0,6,4,0,2,0,0,0,2,0,0.68,0.60,1.28,2.75,9,0,8,1,2.0,,,0,False,126,0,94249,18777,81.7,2745,False,,107.7,5,152.4,5,197.2,5
463034,167,Liam,Delap,4,18,17,9,277,1,0,0,56,49,1,2.2,2.5,328546,124515,1.6,Delap,1,17.9,40.0,68.6,71.0,a,,,,,3.0,0.5,3.0,3.0,1,3,0,3,0,0,0,2,0,0.89,0.35,1.24,2.62,17,2,10,5,3.0,,,0,False,112,1,41370,70943,-53.0,-638,False,,-78.5,-3,-122.4,-5,-166.3,-5
499309,168,Marc,Guiu Paz,4,6,8,0,0,0,0,0,50,0,0,0.0,0.2,4102,34300,0.0,Marc Guiu,0,0.0,0.0,0.0,0.0,u,Has joined RB Leipzig permanently,2026-09-01T13:24:48.857362Z,0.0,0.0,0.0,0.0,0.0,0.0,0,0,0,0,0,0,0,0,0,0.00,0.00,0.00,0.00,0,0,0,0,,,,0,False,344,0,0,2576,0.0,-39,False,,0.0,0,0.0,0,0.0,0
567119,169,Shumaira,Mheuka,4,6,8,0,0,0,0,0,45,0,0,0.0,0.5,34583,27334,0.0,Mheuka,0,0.0,0.0,0.0,0.0,a,,,,,0.0,0.0,0.0,0.0,0,0,0,0,0,0,0,0,0,0.00,0.00,0.00,0.00,0,0,0,0,,,,0,False,251,0,6862,5545,5.0,4,False,,5.0,1,5.1,1,5.1,1
503037,170,Emmanuel,Emegha,4,6,8,0,0,0,0,0,49,0,-1,0.0,0.1,6177,13042,0.0,Emegha,0,0.0,0.0,0.0,0.0,i,Hamstring injury - Expected back 10 Oct,2026-09-09T15:00:09.063849Z,0.0,0.0,0.0,0.0,0.0,0.0,0,0,0,0,0,0,0,0,0,0.00,0.00,0.00,0.00,0,0,0,0,,,,0,False,410,-1,177,1535,-4.1,-13,False,,-6.8,-1,-11.6,-1,-16.3,-1
484389,171,Oliver,Dovin,1,7,9,0,0,0,0,0,40,0,0,0.0,0.9,8924,63921,0.0,Dovin,0,0.0,0.0,0.0,0.0,u,Has joined Leyton Orient on loan for the rest of the season,2026-09-02T15:44:14.839336Z,0.0,0.0,0.0,0.0,0.0,0.0,0,0,0,0,0,0,0,0,0,0.00,0.00,0.00,0.00,0,0,0,0,,,,0,False,185,0,0,10753,0.0,-112,False,,0.0,0,0.0,0,0.0,0
110690,172,Ben,Wilson,1,7,9,0,0,0,0,0,44,0,-1,0.0,0.3,1557,12971,0.0,Wilson,0,0.0,0.0,0.0,0.0,a,,,,,0.0,0.0,0.0,0.0,0,0,0,0,0,0,0,0,0,0.00,0.00,0.00,0.00,0,0,0,0,,,,0,False,278,0,387,1274,-9.6,-18,False,,-14.7,-1,-23.4,-2,-32.1,-2
461102,173,Bobby,Thomas,2,7,9,24,437,0,0,3,40,78,0,4.8,8.8,430436,325151,6.0,Thomas,2,18.4,94.8,33.7,56.0,a,,,,,4.5,1.1,4.5,4.5,9,5,0,9,0,0,0,0,0,0.49,0.30,0.79,8.09,52,3,16,49,,,,0,False,42,0,93002,72127,21.3,714,False,,28.0,2,39.7,2,51.3,3
436761,174,Liam,Kitching,2,7,9,0,0,0,0,0,40,0,0,0.0,0.3,981,34990,0.0,Kitching,0,0.0,0.0,0.0,0.0,u,Has joined Sheffield United on loan for the rest of the season,2026-09-02T16:21:03.612394Z,0.0,0.0,0.0,0.0,0.0,0.0,0,0,0,0,0,0,0,0,0,0.00,0.00,0.00,0.00,0,0,0,0,,,,0,False,286,0,0,3897,0.0,-96,False,,0.0,0,0.0,0,0.0,0
451284,175,Milan,van Ewijk,2,7,9,6,360,0,0,0,40,7,0,1.5,7.7,123549,604476,1.5,van Ewijk,0,12.8,61.6,52.7,14.0,d,Hamstring injury - 75% chance of playing,2026-09-19T16:00:09.486751Z,,75.0,0.0,0.0,0.0,0.0,0,4,0,10,0,0,0,1,0,0.00,0.30,0.30,7.53,27,6,13,21,,,,0,False,49,0,1644,179802,-75.7,-2902,False,,-95.8,-4,-130.5,-5,-165.2,-5
173878,176,Jay,Dasilva,2,7,9,20,444,1,0,3,40,54,0,4.0,0.9,30273,26095,5.0,Dasilva,1,21.5,110.6,67.7,35.0,a,,,,,7.5,1.9,7.5,7.5,15,5,0,10,0,0,0,0,0,0.50,0.52,1.02,8.63,23,4,14,19,,,,1,False,194,0,20990,5129,0.4,340,False,,3.6,1,9.1,1,14.6,1
465390,177,Kaine,Kesler-Hayden,2,7,9,0,0,0,0,0,39,0,-1,0.0,0.1,5476,7252,0.0,Kesler-Hayden,0,0.0,0.0,0.0,0.0,d,Hamstring injury - 50% chance of playing,2026-08-27T14:56:28.704361Z,0.0,50.0,0.0,0.0,0.0,0.0,0,0,0,0,0,0,0,0,0,0.00,0.00,0.00,0.00,0,0,0,0,,,,0,False,480,-1,4877,4027,0.2,0,False,2026-10-16T14:00:11.606100Z,0.2,1,0.2,1,0.2,1
80178,178,Jake,Bidwell,2,7,9,0,0,0,0,0,40,0,0,0.0,0.1,2636,3817,0.0,Bidwell,0,0.0,0.0,0.0,0.0,a,,,,,0.0,0.0,0.0,0.0,0,0,0,0,0,0,0,0,0,0.00,0.00,0.00,0.00,0,0,0,0,,,,0,False,447,0,329,586,-36.1,2,False,,-33.9,-2,-30.2,-2,-26.4,-2
204813,179,Joel,Latibeaudiere,2,7,9,1,1,0,0,0,40,3,0,1.0,0.0,1051,1872,0.2,Latibeaudiere,0,0.7,7.0,0.0,0.0,a,,,,,0.5,0.1,0.5,0.5,1,0,0,0,0,0,0,0,0,0.00,0.00,0.00,0.02,2,0,0,2,,,,0,False,526,0,140,269,-87.5,-2,False,,-93.9,-3,-104.9,-5,-115.9,-5
220583,180,Luke,Woolfenden,2,7,9,0,0,0,0,0,39,0,-1,0.0,0.1,3055,9805,0.0,Woolfenden,0,0.0,0.0,0.0,0.0,i,Knee injury - Unknown return date,2026-08-27T14:56:28.718566Z,0.0,0.0,0.0,0.0,0.0,0.0,0,0,0,0,0,0,0,0,0,0.00,0.00,0.00,0.00,0,0,0,0,,,,0,False,394,-1,820,1296,-0.1,1,False,,0.0,0,0.0,0,0.1,1
577411,181,Miguel,Brau,2,7,9,0,0,0,0,0,40,0,0,0.0,0.0,275,2298,0.0,Brau,0,0.0,0.0,0.0,0.0,u,Has joined Academico de Viseu on loan for the rest of the season,2026-08-29T00:35:59.980316Z,0.0,0.0,0.0,0.0,0.0,0.0,0,0,0,0,0,0,0,0,0,0.00,0.00,0.00,0.00,0,0,0,0,,,,0,False,572,0,0,228,0.0,-10,False,,0.0,0,0.0,0,0.0,0
539142,182,Aurèle,Amenda,2,7,9,4,360,0,0,0,40,-3,0,1.0,0.5,11537,39178,1.0,Amenda,0,9.4,62.8,14.5,15.0,i,Calf injury - Unknown return date,2026-09-17T07:30:09.329041Z,25.0,0.0,0.0,0.0,0.0,0.0,0,4,0,10,0,0,0,1,0,0.02,0.39,0.41,7.53,24,1,11,23,,,,0,False,243,0,92,12276,-81.7,-359,False,,-105.0,-5,-145.3,-5,-185.6,-5
480457,183,Jack,Rudoni,3,7,9,13,297,0,0,0,49,51,-1,2.6,0.1,5553,8969,2.7,Rudoni,2,27.2,51.2,140.8,80.0,a,,2026-07-23T12:01:23.481435Z,100.0,100.0,3.5,0.7,3.5,3.5,5,4,0,4,0,0,0,0,0,0.92,1.11,2.03,4.49,34,4,21,9,,1.0,5.0,0,False,409,0,2083,1580,0.2,15,False,,0.4,1,0.6,1,0.8,1
168144,184,Matt,Grimes,3,7,9,11,443,0,0,0,49,62,-1,2.2,0.1,4278,12255,2.2,Grimes,1,11.8,64.4,48.0,6.0,a,,,,,2.5,0.5,2.5,2.5,3,5,0,9,0,0,0,0,0,0.12,0.13,0.25,8.42,38,9,16,13,3.0,,1.0,0,False,403,0,381,1864,-52.5,-15,False,,-65.6,-3,-88.2,-3,-110.8,-5
501459,185,Tatsuhiro,Sakamoto,3,7,9,1,31,0,0,0,48,8,-2,1.0,0.1,1064,6149,0.2,Sakamoto,0,1.9,6.2,5.9,7.0,a,,,,,0.0,0.0,0.0,0.0,0,0,0,1,0,0,0,0,0,0.02,0.02,0.04,0.69,4,2,2,0,,,,0,False,482,0,174,777,-49.3,-15,False,,-74.9,-3,-119.0,-5,-163.1,-5
241293,186,Ephron,Mason-Clark,3,7,9,5,231,0,0,0,53,19,-2,1.2,0.1,1172,6247,0.9,Mason-Clark,0,11.7,15.4,51.6,52.0,a,,2026-08-19T18:00:08.310507Z,100.0,100.0,1.0,0.2,1.0,1.0,1,4,0,3,0,0,0,0,0,0.51,0.12,0.63,3.16,15,0,9,6,,,,0,False,443,-1,133,643,-9.3,-13,False,,-18.6,-1,-34.6,-2,-50.7,-3
439668,187,Josh,Eccles,3,7,9,0,0,0,0,0,48,0,-2,0.0,0.0,686,1538,0.0,Eccles,0,0.0,0.0,0.0,0.0,i,Unspecified injury - Expected back 12 Oct,2026-09-10T18:30:08.877110Z,0.0,0.0,0.0,0.0,0.0,0.0,0,0,0,0,0,0,0,0,0,0.00,0.00,0.00,0.00,0,0,0,0,,,,0,False,616,-1,73,162,-4.0,7,False,,0.0,0,0.2,1,0.3,1
226965,188,Victor,Torp,3,7,9,3,53,0,0,0,53,13,-2,1.0,0.1,806,8345,0.6,Torp,0,2.7,7.2,20.4,0.0,a,,,,,0.5,0.1,0.5,0.5,0,0,0,2,0,0,0,0,0,0.00,0.12,0.12,1.22,3,0,2,1,2.0,2.0,2.0,0,False,424,-1,53,813,-22.9,-21,False,,-36.0,-2,-58.7,-3,-81.4,-3
684268,189,George,Shepherd,3,7,9,0,0,0,0,0,44,0,-1,0.0,0.3,12194,17505,0.0,Shepherd,0,0.0,0.0,0.0,0.0,a,,,,,0.0,0.0,0.0,0.0,0,0,0,0,0,0,0,0,0,0.00,0.00,0.00,0.00,0,0,0,0,,,,0,False,303,0,5474,4634,0.7,-26,False,,0.4,1,-0.0,0,-16.6,-1
469272,190,Loum,Tchaouna,3,7,9,5,211,0,0,0,53,32,-2,1.2,0.1,3175,8596,0.9,Tchaouna,0,12.3,25.4,50.5,46.0,a,,,,,0.5,0.1,0.5,0.5,1,2,0,3,0,0,0,0,0,0.23,0.18,0.41,3.23,18,1,11,6,,,3.0,0,False,428,-1,59,719,-2.6,-11,False,,-9.8,-1,-22.3,-2,-34.8,-2
492498,191,Raphael,Borges Rodrigues,3,7,9,0,0,0,0,0,45,0,0,0.0,0.1,1943,12335,0.0,Borges Rodrigues,0,0.0,0.0,0.0,0.0,u,Has joined Burton Albion on loan for the rest of the season,2026-09-02T15:44:14.868001Z,0.0,0.0,0.0,0.0,0.0,0.0,0,0,0,0,0,0,0,0,0,0.00,0.00,0.00,0.00,0,0,0,0,,,,0,False,451,0,0,1511,0.0,-33,False,,0.0,0,0.0,0,0.0,0
629397,192,Kai,Andrews,3,7,9,0,0,0,0,0,45,0,0,0.0,0.2,2718,43690,0.0,Andrews,0,0.0,0.0,0.0,0.0,u,Has joined Oxford United on loan for the rest of the season,2026-08-29T00:35:59.998520Z,0.0,0.0,0.0,0.0,0.0,0.0,0,0,0,0,0,0,0,0,0,0.00,0.00,0.00,0.00,0,0,0,0,,,,0,False,308,0,0,4585,0.0,-112,False,,0.0,0,0.0,0,0.0,0
176412,193,Haji,Wright,4,7,9,0,0,0,0,0,53,0,-2,0.0,0.1,639,12879,0.0,Wright,0,0.0,0.0,0.0,0.0,i,Thigh injury - Unknown return date,2026-08-14T22:00:07.214508Z,0.0,0.0,0.0,0.0,0.0,0.0,0,0,0,0,0,0,0,0,0,0.00,0.00,0.00,0.00,0,0,0,0,1.0,,,0,False,475,-1,72,953,-6.4,-20,False,,-12.9,-1,-24.2,-2,-35.5,-2
230730,194,Brandon,Thomas-Asante,4,7,9,9,227,0,0,0,50,43,0,1.8,0.8,71238,63431,1.8,Thomas-Asante,1,8.4,29.8,4.5,49.0,a,,,,,2.5,0.5,2.5,2.5,4,2,0,6,0,0,0,0,0,0.34,0.06,0.39,4.98,27,3,12,12,4.0,,,0,False,195,0,20613,12406,5.1,311,False,,8.0,1,13.1,1,18.2,1
218997,195,Ellis,Simms,4,7,9,4,104,0,0,0,49,13,-1,1.3,0.6,44459,69941,0.8,Simms,0,6.8,7.8,22.6,37.0,a,,,,,0.5,0.1,0.5,0.5,1,1,0,3,0,0,0,0,0,0.30,0.01,0.31,2.79,3,0,2,1,,,,0,False,227,-1,5955,10723,-3.7,-49,False,,-8.2,-1,-15.8,-1,-23.5,-2
551262,196,Jahnoah,Markelo,4,7,9,0,0,0,0,0,50,0,0,0.0,0.0,0,1220,0.0,Markelo,0,0.0,0.0,0.0,0.0,u,Has joined Shabab Al-Ahli Dubai permanently,2026-08-17T13:53:55.791223Z,0.0,0.0,0.0,0.0,0.0,0.0,0,0,0,0,0,0,0,0,0,0.00,0.00,0.00,0.00,0,0,0,0,,,,0,False,632,0,0,93,0.0,0,False,,0.0,0,0.0,0,0.0,0
549653,197,Norman,Bassette,4,7,9,0,0,0,0,0,45,0,0,0.0,0.0,0,2194,0.0,Bassette,0,0.0,0.0,0.0,0.0,u,Has joined KVC Westerlo on loan for the rest of the season,2026-07-28T12:58:50.001768Z,0.0,0.0,0.0,0.0,0.0,0.0,0,0,0,0,0,0,0,0,0,0.00,0.00,0.00,0.00,0,0,0,0,,,,0,False,561,0,0,235,0.0,0,False,,0.0,0,0.0,0,0.0,0
172649,198,Dean,Henderson,1,8,31,5,270,0,0,0,49,37,-1,1.7,1.2,55337,129034,1.0,Henderson,0,9.6,96.8,0.0,0.0,i,Foot injury - Expected back 18 Oct,2026-09-12T14:00:09.378740Z,0.0,0.0,0.0,0.0,0.0,0.0,0,3,12,8,0,0,0,0,0,0.00,0.00,0.00,6.47,0,0,31,6,,,,0,False,164,-1,211,20126,-7.0,-417,False,,-14.2,-1,-26.7,-2,-39.2,-2
121709,199,Walter,Benítez,1,8,31,8,180,0,0,0,45,29,0,4.0,0.1,5042,5279,1.8,Benitez,1,3.8,37.4,0.0,0.0,a,,,,,4.0,0.9,4.0,4.0,6,2,5,3,0,0,0,0,0,0.00,0.00,0.00,2.99,0,0,11,2,,,,0,False,383,0,1950,862,-8.2,32,False,,0.2,1,0.7,1,1.3,1
437499,200,Maxence,Lacroix,2,6,8,13,364,0,1,0,59,28,-1,2.6,6.6,185576,448981,2.2,Lacroix,0,14.4,116.2,13.9,14.0,a,,,,,2.0,0.3,2.0,2.0,3,4,0,10,0,0,0,1,0,0.15,0.22,0.37,7.93,47,10,8,37,,,,0,False,59,-1,18922,53405,-10.1,-495,False,,-14.3,-1,-21.7,-2,-29.1,-2
247348,201,Daniel,Muñoz Mejía,2,18,17,5,257,0,0,0,54,29,-1,1.2,5.5,168029,516204,0.9,Muñoz,0,18.1,39.2,62.3,79.0,a,,,,,2.0,0.4,2.0,2.0,2,3,0,4,0,0,0,0,0,0.60,0.21,0.81,2.59,15,7,8,8,,,,0,False,71,0,17471,62028,-63.3,-596,False,,-74.0,-3,-92.4,-3,-110.9,-5
427623,202,Chris,Richards,2,8,31,14,450,0,0,0,49,48,-1,2.8,0.6,24738,39839,2.9,Richards,1,16.2,131.4,7.7,24.0,a,,,,,5.0,1.0,5.0,5.0,8,5,0,11,0,0,0,1,0,0.08,0.07,0.15,9.46,54,8,16,46,,,,0,False,233,-1,3826,4108,0.3,28,False,,0.6,1,1.0,1,1.5,1
651426,203,Jaydee,Canvot,2,8,31,10,360,0,0,0,48,38,-2,2.5,0.2,6474,20451,2.1,Canvot,1,11.5,83.0,25.3,7.0,a,,,,,4.0,0.8,4.0,4.0,8,4,0,8,0,0,0,0,0,0.05,0.13,0.18,7.78,34,8,11,26,,,,0,False,340,-1,1132,1801,0.1,2,False,,0.1,1,0.1,1,0.2,1
244723,204,Tyrick,Mitchell,2,8,31,24,419,2,0,3,45,68,0,4.8,6.0,331208,289080,5.3,Mitchell,1,25.8,128.2,67.9,62.0,a,,,,,4.0,0.9,4.0,4.0,7,5,0,10,0,0,0,0,0,0.77,0.26,1.03,8.34,25,11,23,14,,,,1,False,65,0,34673,40678,30.9,153,False,,32.4,2,34.8,2,37.3,2
218364,205,Borna,Sosa,2,8,31,0,0,0,0,0,45,0,0,0.0,0.0,236,2141,0.0,Sosa,0,0.0,0.0,0.0,0.0,u,Has joined FC Cologne on loan for the rest of the season,2026-09-02T16:03:25.710518Z,0.0,0.0,0.0,0.0,0.0,0.0,0,0,0,0,0,0,0,0,0,0.00,0.00,0.00,0.00,0,0,0,0,,,,0,False,592,0,0,172,0.0,-3,False,,0.0,0,0.0,0,0.0,0
515621,206,Chadi,Riad Dnanou,2,8,31,1,72,0,0,0,43,7,-2,1.0,0.0,669,5821,0.2,Chadi Riad,0,1.4,12.6,1.3,0.0,i,Knee injury - Unknown return date,2026-08-22T18:00:07.352049Z,0.0,0.0,0.0,0.0,0.0,0.0,0,1,0,2,0,0,0,0,0,0.00,0.01,0.01,0.98,7,1,3,6,,,,0,False,574,-1,45,270,-12.0,-8,False,,-21.1,-2,-36.8,-2,-52.5,-3
242313,207,Oscar,Mingueza,2,8,31,2,16,0,0,0,43,5,-2,1.0,0.1,2134,5233,0.5,Mingueza,0,0.3,3.2,0.4,0.0,a,,,,,0.0,0.0,0.0,0.0,0,0,0,1,0,0,0,0,0,0.00,0.00,0.00,0.33,2,2,1,0,,,,0,False,490,-1,224,677,-6.0,-4,False,,-10.2,-1,-17.6,-1,-24.9,-2
232185,208,Ismaïla,Sarr,3,8,31,1,8,0,0,0,62,3,-3,1.0,0.7,10846,378985,0.2,Sarr,0,0.1,0.0,0.5,0.0,a,,2026-08-22T18:00:07.363165Z,100.0,100.0,0.5,0.1,0.5,0.5,1,0,0,0,0,0,0,0,0,0.00,0.01,0.01,0.06,0,0,0,0,2.0,,,0,False,222,0,6792,4534,1.1,201,False,,3.0,1,6.3,1,9.5,1
242898,209,Brennan,Johnson,3,9,11,9,238,0,0,0,59,26,-1,1.8,0.1,5687,11284,1.5,Johnson,2,10.0,23.0,52.8,25.0,a,,,,,3.0,0.5,3.0,3.0,3,3,0,1,0,0,0,1,0,1.03,0.22,1.25,3.73,26,7,11,8,,,,0,False,393,0,792,1569,-40.1,-27,False,,-62.4,-3,-100.8,-5,-139.2,-5
496221,210,Adam,Wharton,3,8,31,12,436,0,0,0,54,77,-1,2.4,0.7,30375,51543,2.2,Wharton,1,18.9,73.0,97.0,18.0,a,,2026-07-23T12:01:23.498963Z,100.0,100.0,2.0,0.4,2.0,2.0,2,5,0,10,0,0,0,1,0,0.15,0.58,0.73,8.91,41,10,15,16,,,2.0,0,False,214,-1,1968,7553,-9.9,-101,False,,-18.2,-1,-32.4,-2,-46.6,-3
488024,211,Yéremy,Pino Santos,3,8,31,14,307,0,2,0,55,70,0,2.8,0.3,45834,34795,2.5,Yeremy,1,15.8,30.2,94.1,33.0,a,,,,,1.5,0.3,1.5,1.5,2,4,0,6,0,0,0,1,0,0.52,0.55,1.07,6.93,26,5,16,5,,1.0,1.0,0,False,287,0,1290,6398,3.8,-178,False,,2.1,1,-26.7,-2,-122.7,-5
108413,212,Will,Hughes,3,8,31,2,29,0,0,0,44,9,-1,1.0,6.7,129966,545033,0.5,Hughes,0,2.4,8.0,15.3,0.0,a,,,,,0.5,0.1,0.5,0.5,0,0,0,1,0,0,0,0,0,0.00,0.04,0.04,1.12,7,1,3,3,,,4.0,0,False,57,0,16567,106418,-42.7,-1604,False,,-66.1,-3,-106.3,-5,-146.6,-5
152551,213,Jefferson,Lerma Solís,3,8,31,1,51,0,0,0,48,6,-2,0.5,0.1,1394,5877,0.2,Lerma,0,3.0,17.6,0.8,11.0,a,,,,,0.5,0.1,0.5,0.5,0,0,0,1,0,0,0,1,0,0.26,0.00,0.26,1.25,12,2,3,7,,,,0,False,459,-1,188,696,-8.8,-5,False,,-13.3,-1,-21.0,-2,-28.8,-2
209400,214,Daichi,Kamada,3,8,31,21,441,0,3,0,50,109,0,4.2,0.5,53726,27971,4.2,Kamada,1,21.9,95.6,81.2,42.0,a,,,,,5.5,1.1,5.5,5.5,3,5,0,10,0,0,0,1,0,0.47,0.38,0.85,8.85,38,11,23,4,,,3.0,0,False,245,0,6979,6354,12.7,24,False,,13.0,1,13.4,1,13.7,1
489706,215,Justin,Devenny,3,8,31,0,0,0,0,0,50,0,0,0.0,0.0,132,978,0.0,Devenny,0,0.0,0.0,0.0,0.0,u,Has joined Stoke City permanently,2026-09-02T15:41:07.346849Z,0.0,0.0,0.0,0.0,0.0,0.0,0,0,0,0,0,0,0,0,0,0.00,0.00,0.00,0.00,0,0,0,0,3.0,2.0,,0,False,642,0,0,64,0.0,-2,False,,0.0,0,0.0,0,0.0,0
606921,216,Romain,Esse,3,8,31,0,0,0,0,0,50,0,0,0.0,0.0,399,3330,0.0,Esse,0,0.0,0.0,0.0,0.0,u,Has joined Millwall on loan for the rest of the season,2026-09-02T15:41:07.376544Z,0.0,0.0,0.0,0.0,0.0,0.0,0,0,0,0,0,0,0,0,0,0.00,0.00,0.00,0.00,0,0,0,0,,,,0,False,590,0,0,219,0.0,-9,False,,0.0,0,0.0,0,0.0,0
536694,217,Matheus,França de Oliveira,3,8,31,0,0,0,0,0,49,0,-1,0.0,0.0,1007,3595,0.0,M.França,0,0.0,0.0,0.0,0.0,u,Has joined Alverca on loan for the rest of the season,2026-09-11T14:42:19.322912Z,0.0,0.0,0.0,0.0,0.0,0.0,0,0,0,0,0,0,0,0,0,0.00,0.00,0.00,0.00,0,0,0,0,,,,0,False,614,0,0,313,0.0,-6,False,,0.0,0,0.0,0,0.0,0
438464,218,Cheick,Doucouré,3,8,31,0,0,0,0,0,48,0,-2,0.0,0.0,2183,4677,0.0,Doucouré,0,0.0,0.0,0.0,0.0,a,,,,,0.0,0.0,0.0,0.0,0,0,0,0,0,0,0,0,0,0.00,0.00,0.00,0.00,0,0,0,0,,,,0,False,503,-1,209,512,-8.5,-6,False,,-16.2,-1,-29.6,-2,-43.0,-3
450542,219,Jesurun,Rak-Sakyi,3,8,31,0,0,0,0,0,49,0,-1,0.0,0.0,145,483,0.0,J.Rak-Sakyi,0,0.0,0.0,0.0,0.0,u,has joined  Kasimpasa on loan for the rest of the seaon.,2026-09-10T09:12:47.224598Z,0.0,0.0,0.0,0.0,0.0,0.0,0,0,0,0,0,0,0,0,0,0.00,0.00,0.00,0.00,0,0,0,0,,,,0,False,648,0,0,41,0.0,0,False,,0.0,0,0.0,0,0.0,0
590014,220,Rio,Cardines,2,8,31,0,0,0,0,0,45,0,0,0.0,0.0,0,129,0.0,Cardines,0,0.0,0.0,0.0,0.0,u,Has joined Bristol City on loan for the rest of the season,2026-08-12T14:08:46.501813Z,0.0,0.0,0.0,0.0,0.0,0.0,0,0,0,0,0,0,0,0,0,0.00,0.00,0.00,0.00,0,0,0,0,,,,0,False,662,0,0,4,0.0,0,False,,0.0,0,0.0,0,0.0,0
672492,221,Joél,Drakes-Thomas,3,8,31,0,0,0,0,0,44,0,-1,0.0,0.1,2898,5039,0.0,Drakes-Thomas,0,0.0,0.0,0.0,0.0,a,,,,,0.0,0.0,0.0,0.0,0,0,0,0,0,0,0,0,0,0.00,0.00,0.00,0.00,0,0,0,0,,,,0,False,464,-1,350,794,-4.2,-3,False,,-7.0,-1,-11.9,-1,-16.8,-1
247412,222,Jørgen,Strand Larsen,4,8,31,14,298,1,0,2,60,69,0,2.8,0.7,59560,45411,2.3,Strand Larsen,1,16.1,62.6,32.5,65.0,a,,,,,5.0,0.8,5.0,5.0,2,3,0,5,0,0,0,0,0,0.43,0.20,0.63,6.15,13,2,5,6,,,,0,False,212,0,14335,8357,8.5,322,False,,11.5,1,16.8,1,22.0,2
231747,223,Jean-Philippe,Mateta,4,8,31,2,62,0,0,0,63,-3,-2,2.0,1.2,26099,460777,0.3,Mateta,0,2.5,1.4,12.3,11.0,i,Hamstring injury - Expected back 18 Oct,2026-08-28T21:00:08.020382Z,0.0,0.0,0.0,0.0,0.0,0.0,0,1,0,2,0,0,0,0,0,0.70,0.02,0.72,0.98,5,2,2,1,1.0,,,0,False,163,0,346,15290,-39.2,-396,False,,-50.8,-3,-70.7,-3,-90.6,-3
205533,224,Eddie,Nketiah,4,8,31,8,175,0,1,0,55,38,0,2.0,0.5,48500,53063,1.5,Nketiah,0,13.0,34.2,46.4,50.0,a,,2026-09-12T14:00:09.427136Z,100.0,100.0,0.5,0.1,0.5,0.5,1,3,0,7,0,0,0,0,0,1.10,0.60,1.70,4.51,12,4,6,2,,,,0,False,253,0,2519,6416,-34.9,-83,False,,-51.6,-3,-80.2,-3,-108.9,-5
660392,225,Christantus,Uche,4,8,31,0,0,0,0,0,50,0,0,0.0,0.0,0,0,0.0,Uche,0,0.0,0.0,0.0,0.0,u,has returned to Getafe CF,2026-07-23T12:18:56.275922Z,0.0,0.0,0.0,0.0,0.0,0.0,0,0,0,0,0,0,0,0,0,0.00,0.00,0.00,0.00,0,0,0,0,,,,0,False,667,0,0,0,0.0,0,False,,0.0,0,0.0,0,0.0,0
111234,226,Jordan,Pickford,1,9,11,25,450,0,0,1,55,121,0,5.0,9.3,320862,256346,4.5,Pickford,3,12.0,119.2,0.0,0.0,a,,,,,7.0,1.3,7.0,7.0,8,5,15,3,0,0,0,0,0,0.00,0.02,0.02,6.94,0,0,53,7,,,,0,False,39,0,53345,36227,33.8,141,False,,35.1,2,37.4,2,39.7,2
229600,227,Mark,Travers,1,9,11,0,0,0,0,0,50,0,0,0.0,0.0,1972,2283,0.0,Travers,0,0.0,0.0,0.0,0.0,a,,,,,0.0,0.0,0.0,0.0,0,0,0,0,0,0,0,0,0,0.00,0.00,0.00,0.00,0,0,0,0,,,,0,False,511,0,414,421,-35.6,7,False,,-18.0,-1,0.0,0,0.2,1
138001,228,Tom,King,1,9,11,0,0,0,0,0,45,0,0,0.0,0.0,1252,1833,0.0,King,0,0.0,0.0,0.0,0.0,a,,,,,0.0,0.0,0.0,0.0,0,0,0,0,0,0,0,0,0,0.00,0.00,0.00,0.00,0,0,0,0,,,,0,False,505,0,185,266,-48.9,-2,False,,-53.4,-3,-61.3,-3,-69.2,-3
17761,229,James,Tarkowski,2,9,11,43,450,1,1,7,62,138,2,8.6,18.7,1162803,335353,6.9,Tarkowski,3,20.5,149.6,25.6,30.0,a,,,,,11.0,1.8,11.0,11.0,14,5,0,3,0,0,0,0,0,0.18,0.04,0.22,6.94,51,11,18,40,,,,2,True,20,1,451995,71767,22.9,8015,False,,50.8,3,99.0,4,147.3,5
480455,230,Jarrad,Branthwaite,2,9,11,27,450,0,0,0,55,97,0,5.4,2.7,173916,81945,4.9,Branthwaite,3,22.5,145.4,7.2,73.0,a,,,,,7.0,1.3,7.0,7.0,8,5,0,3,0,0,0,0,0,0.17,0.02,0.19,6.94,54,5,14,49,,,,0,False,108,0,53744,17480,48.0,1122,False,,58.6,3,76.9,3,95.2,4
106611,231,Michael,Keane,2,9,11,0,0,0,0,0,48,0,-2,0.0,0.7,9932,94190,0.0,Keane,0,0.0,0.0,0.0,0.0,a,,,,,0.0,0.0,0.0,0.0,0,0,0,0,0,0,0,0,0,0.00,0.00,0.00,0.00,0,0,0,0,,,,0,False,215,0,1027,7391,-58.7,-134,False,,-77.5,-3,-109.8,-5,-142.2,-5
512462,232,Jake,O'Brien,2,9,11,2,16,0,0,0,48,5,-2,1.0,0.3,4974,25614,0.4,O'Brien,0,0.3,3.0,0.0,0.0,a,,,,,1.0,0.2,1.0,1.0,1,0,0,0,0,0,0,0,0,0.00,0.00,0.00,0.42,2,0,2,2,,,,0,False,300,-1,719,2143,-8.4,-15,False,,-11.6,-1,-17.3,-1,-22.9,-2
224967,233,Vitalii,Mykolenko,2,9,11,27,450,0,0,3,46,109,1,5.4,3.5,418520,186575,5.9,Mykolenko,3,15.5,105.6,35.7,13.0,d,Leg injury - 75% chance of playing,2026-10-01T19:30:09.402881Z,,75.0,8.0,1.7,8.0,6.0,5,5,0,3,0,0,0,1,0,0.04,0.16,0.20,6.94,39,14,30,25,,,,1,False,95,1,47328,90122,-19.8,-2124,False,,-51.7,-3,-106.7,-5,-161.7,-5
243571,234,Nathan,Patterson,2,9,11,0,0,0,0,0,45,0,0,0.0,0.0,371,2528,0.0,Patterson,0,0.0,0.0,0.0,0.0,u,Has joined Torino permanently,2026-09-02T16:05:23.326971Z,0.0,0.0,0.0,0.0,0.0,0.0,0,0,0,0,0,0,0,0,0,0.00,0.00,0.00,0.00,0,0,0,0,,,,0,False,593,0,0,215,0.0,0,False,,0.0,0,0.0,0,0.0,0
499300,235,Adam,Aznou,2,9,11,0,0,0,0,0,40,0,0,0.0,0.1,1728,11775,0.0,Aznou,0,0.0,0.0,0.0,0.0,u,Has joined Malaga on loan for the rest of the season,2026-09-01T13:23:16.934847Z,0.0,0.0,0.0,0.0,0.0,0.0,0,0,0,0,0,0,0,0,0,0.00,0.00,0.00,0.00,0,0,0,0,,,,0,False,434,0,0,1181,0.0,-28,False,,0.0,0,0.0,0,0.0,0
215413,236,Kiernan,Dewsbury-Hall,3,9,11,20,450,1,0,3,66,110,1,4.0,5.5,606881,388952,3.0,Dewsbury-Hall,3,38.9,102.8,160.8,125.0,a,,,,,2.5,0.4,2.5,2.5,3,5,0,3,0,0,0,1,0,0.99,0.83,1.82,6.74,42,11,26,5,,,2.0,0,False,69,1,56117,109588,-35.9,-1157,False,,-56.4,-3,-91.8,-3,-127.2,-5
440993,237,Iliman,Ndiaye,3,15,43,22,385,0,2,1,58,110,-2,4.4,6.0,306351,1215908,3.8,Ndiaye,2,26.1,77.8,102.6,80.0,a,,,,,3.0,0.5,3.0,3.0,5,4,0,4,0,0,0,0,0,0.38,0.58,0.96,9.42,44,8,26,10,,,,0,False,67,-1,15482,147905,-48.1,-4388,False,,-90.2,-3,-162.7,-5,-235.3,-5
114283,238,Jack,Grealish,3,9,11,6,135,0,0,0,65,36,0,1.5,0.5,45457,25759,0.9,Grealish,1,11.4,21.6,71.7,20.0,a,,2026-07-29T10:00:10.492904Z,100.0,100.0,2.0,0.3,2.0,2.0,3,1,0,1,0,0,0,0,0,0.02,0.44,0.46,1.67,13,3,8,2,,,,0,False,252,0,8413,5475,10.9,152,False,,12.4,1,14.8,1,17.3,1
232928,239,James,Garner,3,9,11,11,328,0,0,0,60,71,0,2.2,0.2,24070,15909,1.8,Garner,2,13.4,51.4,68.3,13.0,a,,2026-09-06T18:00:08.301702Z,100.0,100.0,3.5,0.6,3.5,3.5,3,4,0,2,0,0,0,2,0,0.20,0.17,0.37,3.45,45,11,25,9,2.0,1.0,1.0,0,False,320,0,4618,4009,4.1,14,False,,4.3,1,4.5,1,4.7,1
490094,240,Tim,Iroegbunam,3,11,88,2,70,0,0,0,50,10,0,0.7,0.0,1157,1208,0.4,Iroegbunam,0,3.1,9.2,11.5,10.0,a,,2026-08-15T20:00:06.878792Z,100.0,100.0,0.5,0.1,0.5,0.5,1,0,0,0,0,0,0,1,0,0.12,0.01,0.13,0.60,9,3,5,1,,,,0,False,582,0,119,194,0.1,-2,False,,0.1,1,0.0,0,-7.3,-1
433154,241,Dwight,McNeil,3,8,31,3,84,0,0,0,53,13,-2,1.5,0.1,1876,8657,0.6,McNeil,0,1.7,10.0,5.0,2.0,a,,,,,0.0,0.0,0.0,0.0,0,1,0,3,0,0,0,0,0,0.05,0.02,0.07,1.18,7,0,3,4,,,,0,False,405,-1,169,928,-7.7,-13,False,,-14.7,-1,-26.8,-2,-39.0,-2
550615,242,Tyrique,George,3,9,11,19,309,1,0,3,55,77,0,3.8,0.8,108983,55112,3.5,George,2,22.5,64.0,86.2,75.0,a,,,,,2.0,0.4,2.0,2.0,1,4,0,3,0,0,0,0,0,0.35,0.32,0.67,3.71,18,1,12,5,,,,0,False,204,0,4318,23448,28.1,-633,False,,22.1,2,11.8,1,1.5,1
502697,243,Carlos,Alcaraz Durán,3,9,11,1,5,0,0,0,49,5,-1,0.5,0.1,2963,6135,0.2,Alcaraz,0,2.7,5.0,0.8,25.0,a,,,,,0.0,0.0,0.0,0.0,0,0,0,0,0,0,0,1,0,0.05,0.02,0.07,0.04,3,1,2,0,,,,0,False,458,0,262,702,-61.7,-7,False,,-71.0,-3,-87.1,-3,-103.2,-5
609873,244,Harrison,Armstrong,3,9,11,16,446,0,1,0,50,61,0,3.2,0.4,54576,34767,3.2,Armstrong,3,14.7,62.6,64.5,19.0,a,,2026-09-17T08:30:08.942299Z,75.0,100.0,2.5,0.5,1.9,2.5,2,5,0,3,0,0,0,2,0,0.21,0.49,0.70,6.94,40,8,19,13,,,,0,False,277,0,1516,5413,9.7,-93,False,,8.8,1,7.3,1,5.8,1
496661,245,Tyler,Dibling,3,9,11,1,24,0,0,0,53,10,-2,1.0,0.0,1258,2794,0.2,Dibling,0,5.8,7.2,24.4,26.0,a,,,,,0.5,0.1,0.5,0.5,1,0,0,0,0,0,0,0,0,0.17,0.16,0.33,0.38,0,0,0,0,,,,0,False,548,-1,203,295,-2.9,-4,False,,-11.3,-1,-25.9,-2,-40.5,-3
513466,246,Merlin,Röhl,3,9,11,6,249,0,0,0,49,35,-1,2.0,0.0,1967,5163,1.2,Röhl,1,6.1,26.6,32.1,2.0,d,Unspecified injury - 50% chance of playing,2026-09-16T18:00:09.541933Z,0.0,50.0,0.0,0.0,0.0,0.0,0,3,0,2,0,0,0,1,0,0.00,0.20,0.20,4.52,24,5,13,6,,,,0,False,545,0,12,1063,0.0,0,False,2026-10-17T15:00:09.784346Z,0.0,0,0.0,0,0.0,0
244860,247,Hayden,Hackney,3,9,11,10,137,0,1,0,54,39,-1,2.0,0.2,3841,12809,1.9,Hackney,1,11.1,40.4,50.0,21.0,a,,2026-08-26T22:00:07.797766Z,100.0,100.0,1.0,0.2,1.0,1.0,1,1,0,1,0,0,0,0,0,0.05,0.13,0.18,3.91,12,3,5,4,,,3.0,0,False,346,-1,290,1969,-15.6,-37,False,,-27.9,-2,-49.2,-3,-70.5,-3
486385,248,Norberto Bercique,Gomes Betuncal,4,9,11,2,31,0,0,0,54,5,-1,1.0,0.5,16222,225295,0.4,Beto,0,0.8,3.0,0.3,5.0,u,Has joined Fiorentina permanently,2026-09-02T16:05:23.357221Z,0.0,0.0,0.0,0.0,0.0,0.0,0,0,0,0,0,0,0,0,0,0.09,0.00,0.09,1.92,1,0,0,1,,,,0,False,244,0,0,12973,0.0,-294,False,,0.0,0,0.0,0,0.0,0
586309,249,Thierno,Barry,4,9,11,20,417,2,0,2,57,83,2,4.0,8.8,1075691,425934,3.5,Barry,3,36.5,85.8,72.0,207.0,a,,,,,4.0,0.7,4.0,4.0,6,5,0,3,0,0,0,0,0,3.50,0.15,3.65,5.02,17,1,11,5,1.0,,,0,False,40,1,193536,107758,7.1,2410,False,,15.5,1,30.0,2,44.5,3
80201,250,Bernd,Leno,1,10,54,18,450,0,0,2,45,77,0,3.6,4.0,236162,122601,4.0,Leno,1,12.8,127.6,0.0,0.0,a,,,,,6.0,1.3,6.0,6.0,3,5,16,8,0,0,0,0,0,0.00,0.00,0.00,9.11,0,0,41,6,,,,0,False,86,0,125265,31559,20.0,1460,False,,33.8,2,57.6,3,81.4,3
86873,251,Benjamin,Lecomte,1,10,54,0,0,0,0,0,40,0,0,0.0,1.1,30088,29331,0.0,Lecomte,0,0.0,0.0,0.0,0.0,a,,,,,0.0,0.0,0.0,0.0,0,0,0,0,0,0,0,0,0,0.00,0.00,0.00,0.00,0,0,0,0,,,,0,False,167,0,7360,5896,-26.8,23,False,,-24.8,-2,-21.4,-2,-17.9,-1
505079,252,Alfie,McNally,1,10,54,0,0,0,0,0,40,0,0,0.0,0.1,2589,7190,0.0,McNally,0,0.0,0.0,0.0,0.0,u,Has joined York City on loan for the rest of the season,2026-09-01T13:25:11.231240Z,0.0,0.0,0.0,0.0,0.0,0.0,0,0,0,0,0,0,0,0,0,0.00,0.00,0.00,0.00,0,0,0,0,,,,0,False,408,0,0,1194,0.0,-7,False,,0.0,0,0.0,0,0.0,0
174874,253,Joachim,Andersen,2,10,54,3,190,0,0,0,50,12,0,1.0,0.2,19554,10514,0.6,Andersen,0,9.6,52.2,35.8,8.0,a,,2026-07-23T12:01:23.516350Z,100.0,100.0,0.5,0.1,0.5,0.5,1,2,0,5,0,0,0,1,0,0.00,0.10,0.10,4.35,20,2,9,18,,,,0,False,334,0,7680,2404,2.3,145,False,,3.6,1,6.0,1,8.4,1
169528,254,Antonee,Robinson,2,10,54,12,429,0,0,0,45,65,0,2.4,1.4,79499,91702,2.7,Robinson,1,21.8,93.6,106.7,18.0,d,Ankle injury - 75% chance of playing,2026-10-09T11:30:11.109085Z,,75.0,4.0,0.9,4.0,3.0,2,5,0,8,0,0,0,0,0,0.26,0.30,0.56,9.08,31,13,20,18,2.0,,,0,False,149,0,37014,27727,-4.8,-318,False,,-16.4,-1,-36.5,-2,-56.6,-3
246301,255,Jorge,Cuenca Barreno,2,10,54,3,90,0,0,0,45,7,0,3.0,0.0,1624,2089,0.7,J.Cuenca,0,5.4,32.8,21.3,0.0,a,,,,,0.0,0.0,0.0,0.0,0,1,0,3,0,0,0,0,0,0.00,0.03,0.03,2.24,10,1,3,9,,,,0,False,552,0,144,196,-78.2,8,False,,-49.8,-3,-0.8,-1,0.1,1
167074,256,Kenny,Tete,2,10,54,0,27,0,0,0,44,-1,-1,0.0,0.2,1587,10962,0.0,Tete,0,0.4,1.6,0.3,2.0,a,,2026-09-18T12:30:09.546158Z,0.0,100.0,0.0,0.0,0.0,0.0,0,0,0,0,0,0,0,1,0,0.00,0.00,0.00,0.65,3,0,0,3,,,,0,False,347,0,256,1517,-5.4,-9,False,,-10.4,-1,-19.2,-1,-28.0,-2
232892,257,Calvin,Bassey,2,10,54,15,450,0,1,1,45,69,0,3.0,0.9,53387,33996,3.3,Bassey,1,15.2,97.0,15.3,40.0,a,,,,,6.0,1.3,6.0,6.0,6,5,0,8,0,0,0,1,0,0.13,0.08,0.21,9.11,29,6,22,23,,,,0,False,183,0,32373,5850,8.8,1323,False,,21.3,2,42.8,3,64.4,3
166477,258,Timothy,Castagne,2,10,54,20,408,0,2,0,45,64,0,4.0,1.3,131312,51350,4.4,Castagne,2,20.6,90.4,58.6,57.0,a,,,,,3.5,0.8,3.5,3.5,1,5,0,7,0,0,0,2,0,0.67,0.39,1.06,6.81,29,6,18,23,,,,0,False,162,0,54670,12621,26.4,1639,False,,41.9,3,68.6,3,95.4,4
219924,259,Issa,Diop,2,12,40,12,450,0,0,0,40,45,0,2.4,11.9,148061,594228,3.0,Diop,0,15.5,121.6,24.2,9.0,a,,,,,2.5,0.6,2.5,2.5,4,5,0,11,0,0,0,0,0,0.06,0.16,0.22,8.98,45,4,21,41,,,,0,False,33,0,19024,141606,-66.0,-642,False,,-71.3,-3,-80.4,-3,-89.5,-3
153682,260,Harry,Wilson,3,13,2,5,145,0,0,0,62,19,-3,1.2,1.4,29118,485893,0.8,Wilson,1,8.5,19.2,52.4,12.0,d,Thigh injury - 75% chance of playing,2026-09-18T13:30:09.626858Z,0.0,75.0,0.5,0.1,0.0,0.4,0,1,0,1,0,0,0,1,0,0.01,0.09,0.10,3.28,11,4,4,3,,2.0,2.0,0,False,154,0,147,69191,-0.1,0,False,2026-10-16T14:00:11.701762Z,-0.1,-1,-0.1,-1,-0.1,-1
153133,261,Alex,Iwobi,3,10,54,14,408,0,0,2,54,94,-1,2.8,0.7,33368,59577,2.6,Iwobi,2,27.7,60.6,167.5,49.0,a,,,,,4.0,0.7,4.0,4.0,5,5,0,7,0,0,0,0,0,0.39,1.22,1.61,8.16,29,5,19,5,3.0,1.0,1.0,0,False,211,0,14448,7216,-8.9,581,False,,4.9,1,14.4,1,23.8,2
209289,262,Emile,Smith Rowe,3,10,54,3,38,0,0,0,53,11,-2,1.0,0.2,4892,21946,0.6,Smith Rowe,0,4.0,6.6,23.8,9.0,a,,,,,0.5,0.1,0.5,0.5,0,0,0,0,0,0,0,0,0,0.06,0.02,0.08,0.87,3,0,2,1,,,,0,False,319,-1,694,2287,-6.4,-31,False,,-14.4,-1,-28.1,-2,-41.8,-3
560552,263,Kevin,Santos Lopes de Macedo,3,10,54,4,61,0,0,0,53,14,-2,1.0,0.0,2223,4446,0.8,Kevin,0,3.5,10.6,6.8,18.0,a,,,,,1.0,0.2,1.0,1.0,1,0,0,1,0,0,0,0,0,0.07,0.12,0.19,1.23,8,3,4,1,,,4.0,0,False,510,0,419,509,-14.6,5,False,,-2.7,-1,0.1,1,0.1,1
477555,264,Oscar,Bobb,3,10,54,13,343,0,0,0,55,53,0,2.6,0.3,21882,22660,2.4,Bobb,3,23.8,42.0,118.7,77.0,a,,,,,3.0,0.5,3.0,3.0,3,5,0,6,0,0,0,0,0,0.54,1.14,1.68,6.19,28,8,15,5,,,2.0,0,False,281,0,7879,3554,0.3,231,False,,2.5,1,6.3,1,10.0,1
207189,265,Sander,Berge,3,10,54,11,349,0,0,0,49,67,-1,2.2,0.3,7436,19492,2.2,Berge,2,15.4,51.4,81.0,22.0,a,,,,,3.0,0.6,3.0,3.0,3,4,0,5,0,0,0,0,0,0.08,0.36,0.44,7.36,19,4,8,7,,,,0,False,298,0,1705,2736,-39.9,-3,False,,-41.1,-3,-43.2,-3,-45.2,-3
76357,266,Tom,Cairney,3,10,54,0,0,0,0,0,49,0,-1,0.0,0.0,132,342,0.0,Cairney,0,0.0,0.0,0.0,0.0,i,Knee injury - Expected back 17 Oct,2026-08-14T18:00:06.460944Z,0.0,0.0,0.0,0.0,0.0,0.0,0,0,0,0,0,0,0,0,0,0.00,0.00,0.00,0.00,0,0,0,0,,,,0,False,650,0,31,31,-4.5,3,False,,0.0,0,0.1,1,0.1,1
212314,267,Saša,Lukić,3,12,40,11,400,0,1,0,49,68,-1,2.2,0.1,3763,7124,2.2,Lukić,0,15.8,71.0,81.2,6.0,a,,,,,1.5,0.3,1.5,1.5,2,5,0,10,0,0,0,2,0,0.02,0.41,0.43,7.37,37,7,13,17,,,1.0,0,False,422,-1,535,1171,-12.8,-13,False,,-20.7,-2,-34.3,-2,-47.9,-3
577725,268,Josh,King,3,10,54,24,425,2,0,3,56,109,1,4.8,4.6,581973,132983,4.3,King,2,35.8,111.4,67.2,179.0,a,,,,,2.5,0.4,2.5,2.5,2,5,0,7,0,0,0,1,0,1.54,0.46,2.00,8.29,28,7,16,5,,,,0,False,77,1,337838,54415,24.1,10298,False,,60.0,3,121.9,5,183.9,5
184349,269,Ryan,Sessegnon,2,10,54,3,50,0,0,0,43,13,-2,1.0,0.3,3444,20179,0.7,Sessegnon,0,7.5,17.2,26.3,31.0,a,,2026-09-14T11:30:07.403957Z,75.0,100.0,0.0,0.0,0.0,0.0,0,0,0,1,0,0,0,0,0,0.13,0.44,0.57,1.80,3,1,3,2,,,3.0,0,False,304,-1,1001,2481,-2.3,4,False,,-1.4,-1,0.0,0,0.1,1
153366,270,Harrison,Reed,3,10,54,0,0,0,0,0,44,0,-1,0.0,1.1,37852,79585,0.0,Reed,0,0.0,0.0,0.0,0.0,a,,,,,0.0,0.0,0.0,0.0,0,0,0,0,0,0,0,0,0,0.00,0.00,0.00,0.00,0,0,0,0,,,,0,False,172,0,4360,13360,-28.5,-175,False,,-44.8,-3,-72.8,-3,-100.9,-5
244042,271,Rodrigo,Muniz Carvalho,4,10,54,3,38,0,0,0,54,14,-1,0.8,0.4,18494,37410,0.6,Muniz,0,7.0,11.4,22.2,36.0,a,,,,,0.5,0.1,0.5,0.5,0,0,0,1,0,0,0,1,0,0.40,0.00,0.40,0.85,3,0,0,3,,,,0,False,269,0,4165,4969,-49.8,25,False,,-43.7,-3,-33.2,-2,-22.8,-2
631786,272,Jonah,Kusi-Asare,4,10,54,0,0,0,0,0,45,0,0,0.0,5.2,171801,337182,0.0,Kusi-Asare,0,0.0,0.0,0.0,0.0,a,,,,,0.0,0.0,0.0,0.0,0,0,0,0,0,0,0,0,0,0.00,0.00,0.00,0.00,0,0,0,0,,,,0,False,74,0,22330,69377,-84.7,-636,False,,-96.8,-4,-117.7,-5,-138.7,-5
167825,273,Dillon,Phillips,1,11,88,0,0,0,0,0,40,0,0,0.0,1.4,32803,42686,0.0,Phillips,0,0.0,0.0,0.0,0.0,a,,,,,0.0,0.0,0.0,0.0,0,0,0,0,0,0,0,0,0,0.00,0.00,0.00,0.00,0,0,0,0,,,,0,False,155,0,6678,7803,-33.8,-29,False,,-35.8,-2,-39.3,-2,-42.8,-3
105666,274,Jack,Butland,1,11,88,0,0,0,0,0,44,0,-1,0.0,0.1,675,5161,0.0,Butland,0,0.0,0.0,0.0,0.0,i,Arm injury - Unknown return date,2026-08-08T19:00:05.601633Z,0.0,0.0,0.0,0.0,0.0,0.0,0,0,0,0,0,0,0,0,0,0.00,0.00,0.00,0.00,0,0,0,0,,,,0,False,471,-1,106,548,-3.4,-6,False,,-5.3,-1,-8.5,-1,-11.8,-1
494950,275,Harvey,Cartwright,1,11,88,0,0,0,0,0,40,0,0,0.0,0.0,0,349,0.0,Cartwright,0,0.0,0.0,0.0,0.0,u,Has joined Grimsby Town on loan for the rest of the season,2026-07-29T13:00:27.959925Z,0.0,0.0,0.0,0.0,0.0,0.0,0,0,0,0,0,0,0,0,0,0.00,0.00,0.00,0.00,0,0,0,0,,,,0,False,629,0,0,47,0.0,0,False,,0.0,0,0.0,0,0.0,0
444307,276,Thimothée,Lo-Tutala,1,11,88,0,0,0,0,0,40,0,0,0.0,0.0,0,1198,0.0,Lo-Tutala,0,0.0,0.0,0.0,0.0,u,Has joined Colchester United on loan for the rest of the season,2026-08-17T13:50:27.125537Z,0.0,0.0,0.0,0.0,0.0,0.0,0,0,0,0,0,0,0,0,0,0.00,0.00,0.00,0.00,0,0,0,0,,,,0,False,566,0,0,204,0.0,0,False,,0.0,0,0.0,0,0.0,0
108416,277,John,Egan,2,11,88,26,437,0,0,1,41,71,1,5.2,7.4,826649,247435,6.3,Egan,3,13.4,110.8,1.3,21.0,a,,,,,1.5,0.4,1.5,1.5,1,5,0,4,0,0,0,1,0,0.05,0.00,0.05,7.27,59,9,12,50,,,,0,False,52,0,103490,60514,29.3,133,False,,30.6,2,32.7,2,34.9,2
501902,278,Charlie,Hughes,2,11,88,0,0,0,0,0,39,0,-1,0.0,0.2,17324,13945,0.0,Hughes,0,0.0,0.0,0.0,0.0,i,Groin injury - Unknown return date,2026-08-02T09:00:11.030017Z,0.0,0.0,0.0,0.0,0.0,0.0,0,0,0,0,0,0,0,0,0,0.00,0.00,0.00,0.00,0,0,0,0,,,,0,False,356,0,1535,2978,0.2,-32,False,,-1.8,-1,-13.5,-1,-25.3,-2
146426,279,Semi,Ajayi,2,11,88,27,423,1,0,2,42,79,2,5.4,14.0,1410094,355550,6.4,Ajayi,3,14.1,85.6,4.2,51.0,a,,2026-08-22T17:30:07.668197Z,100.0,100.0,1.0,0.2,1.0,1.0,1,5,0,4,0,0,0,1,0,0.66,0.01,0.67,6.43,27,6,16,21,,,,1,False,30,0,98709,105048,75.9,151,False,,77.3,3,79.8,3,82.3,3
193278,280,Lewie,Coyle,2,11,88,14,348,0,0,0,40,49,0,2.8,0.7,29636,28017,3.5,Coyle,2,6.5,24.0,29.9,11.0,a,,2026-08-29T16:30:08.151841Z,100.0,100.0,1.0,0.2,1.0,1.0,1,5,0,4,0,0,0,1,0,0.13,0.07,0.20,6.22,11,3,11,8,,,,0,False,220,0,4064,4209,0.1,-22,False,,-1.0,-1,-6.8,-1,-12.6,-1
433590,281,Cody,Drameh,2,11,88,2,65,0,0,0,40,8,0,1.0,0.0,2118,4631,0.5,Drameh,0,0.8,6.4,0.4,1.0,u,Has joined Genoa permanently,2026-09-02T16:09:06.479140Z,0.0,0.0,0.0,0.0,0.0,0.0,0,0,0,0,0,0,0,0,0,0.05,0.00,0.05,0.87,6,1,4,5,,,,0,False,512,0,0,378,0.0,-10,False,,0.0,0,0.0,0,0.0,0
232351,282,Ryan,Giles,2,11,88,24,444,0,1,2,40,94,0,4.8,3.0,300703,78901,6.0,Giles,3,22.2,82.8,132.5,6.0,a,,,,,2.0,0.5,2.0,2.0,0,5,0,4,0,0,0,1,0,0.02,0.43,0.45,7.33,24,5,14,19,,1.0,3.0,0,False,105,0,43886,26610,77.5,167,False,,79.1,3,81.8,3,84.5,3
449428,283,Matty,Jacob,2,11,88,0,0,0,0,0,40,0,0,0.0,0.0,114,732,0.0,Jacob,0,0.0,0.0,0.0,0.0,u,Has joined Newport County on loan until January,2026-08-02T09:00:11.038361Z,0.0,0.0,0.0,0.0,0.0,0.0,0,0,0,0,0,0,0,0,0,0.00,0.00,0.00,0.00,0,0,0,0,,,,0,False,626,0,0,75,0.0,-2,False,,0.0,0,0.0,0,0.0,0
661800,284,Cathal,McCarthy,2,11,88,0,0,0,0,0,40,0,0,0.0,0.1,5199,4931,0.0,McCarthy,0,0.0,0.0,0.0,0.0,a,,,,,0.0,0.0,0.0,0.0,0,0,0,0,0,0,0,0,0,0.00,0.00,0.00,0.00,0,0,0,0,,,,0,False,423,0,665,779,0.5,4,False,,0.5,1,0.6,1,0.6,1
160817,285,Paddy,McNair,2,11,88,1,26,0,0,0,40,3,0,1.0,0.1,3300,5109,0.2,McNair,0,0.4,4.2,0.0,0.0,a,,2026-09-09T13:30:08.327907Z,100.0,100.0,0.0,0.0,0.0,0.0,0,0,0,0,0,0,0,0,0,0.00,0.00,0.00,0.96,2,0,1,2,,,,0,False,400,0,347,800,-52.0,-2,False,,-54.1,-3,-57.6,-3,-61.2,-3
540324,286,Mohamed,Belloumi,3,11,88,31,394,2,2,2,51,111,1,6.2,6.0,617851,117585,6.1,Belloumi,3,32.5,157.8,67.5,100.0,a,,,,,8.5,1.7,8.5,8.5,4,5,0,3,0,0,0,1,0,0.72,0.43,1.15,6.44,44,16,14,14,,2.0,2.0,1,False,66,0,187915,57547,66.9,3588,False,,100.8,5,159.3,5,217.8,5
232905,287,Liam,Millar,3,11,88,6,50,1,0,0,50,26,0,3.0,0.0,3178,7719,1.2,Millar,0,5.2,36.0,1.1,15.0,u,Has joined Birmingham on loan for the rest of the season,2026-09-02T15:36:41.038103Z,0.0,0.0,0.0,0.0,0.0,0.0,0,0,0,0,0,0,0,1,0,0.58,0.00,0.58,0.87,4,1,1,2,,,,0,False,549,0,0,499,0.0,-10,False,,0.0,0,0.0,0,0.0,0
171270,288,Kieran,Dowell,3,11,88,0,0,0,0,0,44,0,-1,0.0,0.3,12789,23303,0.0,Dowell,0,0.0,0.0,0.0,0.0,a,,,,,0.0,0.0,0.0,0.0,0,0,0,0,0,0,0,0,0,0.00,0.00,0.00,0.00,0,0,0,0,,,,0,False,296,-1,1032,3720,-7.8,-36,False,,-15.1,-1,-27.7,-2,-40.4,-3
101282,289,Matt,Crooks,3,11,88,3,203,0,0,0,44,17,-1,1.0,0.5,29265,44994,0.7,Crooks,1,5.4,37.8,17.3,0.0,a,,2026-08-29T15:00:08.569326Z,100.0,100.0,0.5,0.1,0.5,0.5,0,3,0,4,0,0,0,3,0,0.00,0.12,0.12,3.57,21,8,4,9,,,,0,False,250,-1,9906,8765,0.9,66,False,,1.5,1,2.6,1,3.6,1
243413,290,Regan,Slater,3,11,88,15,437,0,1,0,45,67,0,3.0,5.0,520603,321286,3.3,Slater,3,17.4,62.2,85.1,26.0,a,,,,,2.0,0.4,2.0,2.0,2,5,0,4,0,0,0,1,0,0.21,0.59,0.80,7.27,33,9,15,9,,,1.0,0,False,75,0,37670,80287,74.0,-1284,False,,61.9,3,41.0,3,20.0,2
465525,291,Eliot,Matazo,3,11,88,0,0,0,0,0,45,0,0,0.0,0.0,408,541,0.0,Matazo,0,0.0,0.0,0.0,0.0,i,Knee injury - Unknown return date,2026-07-23T12:01:23.532635Z,0.0,0.0,0.0,0.0,0.0,0.0,0,0,0,0,0,0,0,0,0,0.00,0.00,0.00,0.00,0,0,0,0,,,,0,False,634,0,57,103,-21.7,-1,False,,-29.5,-2,-42.9,-3,-56.4,-3
208481,292,Abdülkadir,Ömür,3,11,88,0,0,0,0,0,49,0,-1,0.0,0.0,1237,1710,0.0,Ömür,0,0.0,0.0,0.0,0.0,a,,,,,0.0,0.0,0.0,0.0,0,0,0,0,0,0,0,0,0,0.00,0.00,0.00,0.00,0,0,0,0,,,,0,False,583,0,119,229,-27.4,-4,False,,-48.5,-3,-84.9,-3,-121.3,-5
490161,293,Abu,Kamara,3,11,88,0,0,0,0,0,50,0,0,0.0,0.0,0,377,0.0,Kamara,0,0.0,0.0,0.0,0.0,u,Has joined Portsmouth permanently,2026-08-12T14:08:23.542043Z,0.0,0.0,0.0,0.0,0.0,0.0,0,0,0,0,0,0,0,0,0,0.00,0.00,0.00,0.00,0,0,0,0,,,,0,False,660,0,0,15,0.0,0,False,,0.0,0,0.0,0,0.0,0
553783,294,Óscar,Zambrano,3,11,88,0,0,0,0,0,45,0,0,0.0,0.1,3976,7130,0.0,Zambrano,0,0.0,0.0,0.0,0.0,a,,2026-08-04T18:30:11.016909Z,100.0,100.0,0.0,0.0,0.0,0.0,0,0,0,0,0,0,0,0,0,0.00,0.00,0.00,0.00,0,0,0,0,,,,0,False,430,0,247,801,-35.3,-20,False,,-58.4,-3,-98.2,-4,-138.0,-5
169432,295,Oli,McBurnie,4,11,88,13,441,0,2,0,55,52,0,2.6,1.9,200049,168048,2.4,McBurnie,3,23.0,47.2,69.1,114.0,a,,,,,2.5,0.5,2.5,2.5,1,5,0,4,0,0,0,3,0,1.23,0.13,1.36,7.21,21,3,9,9,1.0,,,0,False,130,0,19063,32701,29.0,-150,False,,27.6,2,25.2,2,22.7,2
213292,296,David,Akintola,3,11,88,0,0,0,0,0,50,0,0,0.0,0.0,2704,5033,0.0,Akintola,0,0.0,0.0,0.0,0.0,u,Has joined Omonoia FC permanently,2026-09-11T14:42:38.120231Z,0.0,0.0,0.0,0.0,0.0,0.0,0,0,0,0,0,0,0,0,0,0.00,0.00,0.00,0.00,0,0,0,0,,,,0,False,565,0,0,420,0.0,-6,False,,0.0,0,0.0,0,0.0,0
470294,297,Darko,Gyabi,3,11,88,0,0,0,0,0,44,0,-1,0.0,0.0,514,1693,0.0,Gyabi,0,0.0,0.0,0.0,0.0,i,Thigh injury - Unknown return date,2026-08-04T18:30:11.027155Z,0.0,0.0,0.0,0.0,0.0,0.0,0,0,0,0,0,0,0,0,0,0.00,0.00,0.00,0.00,0,0,0,0,,,,0,False,580,-1,125,225,-0.4,0,False,,-0.4,-1,-0.4,-1,-0.4,-1
500957,298,Enis,Destan,4,11,88,0,0,0,0,0,45,0,0,0.0,0.2,0,23319,0.0,Destan,0,0.0,0.0,0.0,0.0,u,Has joined Konyaspor permanently,2026-08-17T13:50:27.145733Z,0.0,0.0,0.0,0.0,0.0,0.0,0,0,0,0,0,0,0,0,0,0.00,0.00,0.00,0.00,0,0,0,0,,,,0,False,363,0,0,2366,0.0,-33,False,,0.0,0,0.0,0,0.0,0
534392,299,Mason,Burstow,4,11,88,0,0,0,0,0,45,0,0,0.0,0.0,0,3187,0.0,Burstow,0,0.0,0.0,0.0,0.0,u,Has joined Sheffield Wednesday on loan for the rest of the season,2026-08-03T14:05:20.234842Z,0.0,0.0,0.0,0.0,0.0,0.0,0,0,0,0,0,0,0,0,0,0.00,0.00,0.00,0.00,0,0,0,0,,,,0,False,542,0,0,337,0.0,-2,False,,0.0,0,0.0,0,0.0,0
108813,300,Christian,Walton,1,12,40,2,90,0,0,0,44,10,-1,2.0,0.4,6343,16363,0.5,Walton,0,1.2,12.0,0.0,0.0,a,,,,,1.0,0.2,1.0,1.0,2,1,1,1,0,0,0,0,0,0.00,0.01,0.01,2.24,0,0,17,2,,,,0,False,266,0,4658,2450,0.2,70,False,,0.8,1,2.0,1,3.1,1
112520,301,Alex,Palmer,1,12,40,0,0,0,0,0,40,0,0,0.0,3.8,83753,128784,0.0,Palmer,0,0.0,0.0,0.0,0.0,a,,,,,0.0,0.0,0.0,0.0,0,0,0,0,0,0,0,0,0,0.00,0.00,0.00,0.00,0,0,0,0,,,,0,False,90,0,13157,27545,-30.9,-109,False,,-33.7,-2,-38.6,-2,-43.5,-3
50093,302,David,Button,1,12,40,0,0,0,0,0,40,0,0,0.0,0.6,33962,16703,0.0,Button,0,0.0,0.0,0.0,0.0,a,,,,,0.0,0.0,0.0,0.0,0,0,0,0,0,0,0,0,0,0.00,0.00,0.00,0.00,0,0,0,0,,,,0,False,235,0,3952,2851,1.2,-12,False,,1.1,1,0.9,1,0.7,1
183015,303,Cédric,Kipré,2,12,40,0,0,0,0,0,39,0,-1,0.0,0.9,52456,32159,0.0,Kipré,0,0.0,0.0,0.0,0.0,a,,,,,0.0,0.0,0.0,0.0,0,0,0,0,0,0,0,0,0,0.00,0.00,0.00,0.00,0,0,0,0,,,,0,False,188,0,7835,7412,3.2,-39,False,,2.8,1,2.2,1,1.5,1
216616,304,Dara,O'Shea,2,12,40,10,450,0,0,0,40,24,0,2.0,2.5,71604,145508,2.5,O'Shea,0,22.1,130.0,71.0,21.0,a,,,,,1.5,0.4,1.5,1.5,2,5,0,11,0,0,0,0,0,0.07,0.26,0.33,8.98,48,7,18,41,,,,0,False,110,0,8185,32165,-50.0,-95,False,,-53.7,-3,-60.0,-3,-66.3,-3
455084,305,Leif,Davis,2,12,40,25,450,2,2,1,40,52,0,5.0,7.7,477983,218463,6.2,Davis,0,32.5,144.8,61.9,117.0,a,,,,,8.0,2.0,8.0,8.0,2,5,0,11,0,0,0,0,0,1.59,0.46,2.05,8.98,24,2,10,22,,2.0,,1,False,48,0,157780,60847,94.8,2178,False,,115.4,5,150.9,5,186.4,5
449429,306,Jacob,Greaves,2,12,40,3,357,0,0,0,39,12,-1,0.8,1.2,20703,45482,0.8,Greaves,0,9.0,68.6,16.9,4.0,a,,,,,0.5,0.1,0.5,0.5,0,4,0,10,1,0,0,1,0,0.00,0.06,0.06,6.74,30,5,12,25,,,,0,False,166,-1,12967,10741,0.9,143,False,,2.2,1,4.5,1,6.9,1
222018,307,Ben,Johnson,2,12,40,0,0,0,0,0,40,0,0,0.0,0.1,1137,6706,0.0,Johnson,0,0.0,0.0,0.0,0.0,u,Has joined Stoke City on loan for the rest of the season,2026-09-04T12:36:56.236331Z,0.0,0.0,0.0,0.0,0.0,0.0,0,0,0,0,0,0,0,0,0,0.00,0.00,0.00,0.00,0,0,0,0,,,,0,False,488,0,0,759,0.0,-19,False,,0.0,0,0.0,0,0.0,0
176420,308,Darnell,Furlong,2,12,40,1,17,0,0,0,39,-1,-1,1.0,0.6,21738,22349,0.3,Furlong,0,0.6,5.0,0.5,0.0,a,,,,,0.0,0.0,0.0,0.0,0,0,0,1,0,0,0,0,0,0.00,0.00,0.00,0.86,3,1,0,2,,,,0,False,228,0,9101,5572,2.1,-53,False,,1.6,1,0.8,1,-1.4,-1
501390,309,Marcelino,Núñez,3,12,40,6,140,0,0,0,49,32,-1,3.0,0.1,3169,8187,1.2,Núñez,0,5.0,24.6,19.4,6.0,a,,,,,0.0,0.0,0.0,0.0,0,2,0,4,0,0,0,0,0,0.03,0.05,0.08,3.48,21,3,10,8,,1.0,3.0,0,False,417,0,152,1180,-60.9,-23,False,,-83.9,-3,-123.6,-5,-163.2,-5
241117,310,Azor,Matusiwa,3,12,40,0,0,0,0,0,49,0,-1,0.0,0.0,135,291,0.0,Matusiwa,0,0.0,0.0,0.0,0.0,a,,2026-07-29T18:00:10.305484Z,100.0,100.0,0.0,0.0,0.0,0.0,0,0,0,0,0,0,0,0,0,0.00,0.00,0.00,0.00,0,0,0,0,,,,0,False,649,0,24,30,0.0,0,False,,0.0,0,0.0,0,0.0,0
149929,311,Wes,Burns,3,12,40,0,0,0,0,0,50,0,0,0.0,0.0,0,350,0.0,Burns,0,0.0,0.0,0.0,0.0,u,Has joined Leicester City permanently,2026-08-10T14:02:47.597478Z,0.0,0.0,0.0,0.0,0.0,0.0,0,0,0,0,0,0,0,0,0,0.00,0.00,0.00,0.00,0,0,0,0,,,,0,False,655,0,0,11,0.0,0,False,,0.0,0,0.0,0,0.0,0
231899,312,Jack,Taylor,3,12,40,0,0,0,0,0,44,0,-1,0.0,0.0,1296,2867,0.0,Taylor,0,0.0,0.0,0.0,0.0,a,,2026-07-29T18:00:10.319370Z,0.0,100.0,0.0,0.0,0.0,0.0,0,0,0,0,0,0,0,0,0,0.00,0.00,0.00,0.00,0,0,0,0,,,,0,False,532,-1,720,486,0.1,0,False,2026-10-17T14:30:11.332598Z,0.1,1,0.1,1,0.1,1
443261,313,Jack,Clarke,3,12,40,11,170,1,0,1,53,48,-2,2.8,0.2,5898,16697,2.1,Clarke,0,15.2,52.0,55.4,45.0,a,,,,,1.5,0.3,1.5,1.5,2,2,0,2,0,0,0,1,0,0.30,0.37,0.67,1.97,10,2,5,3,1.0,3.0,4.0,0,False,349,-1,547,1903,-1.1,-15,False,,-6.2,-1,-15.0,-1,-23.8,-2
229164,314,Chiedozie,Ogbene,3,12,40,0,0,0,0,0,49,0,-1,0.0,0.0,104,1247,0.0,Ogbene,0,0.0,0.0,0.0,0.0,u,Has joined Lincoln City on loan until January,2026-09-02T16:04:17.497385Z,0.0,0.0,0.0,0.0,0.0,0.0,0,0,0,0,0,0,0,0,0,0.00,0.00,0.00,0.00,0,0,0,0,,,,0,False,633,0,0,105,0.0,0,False,,0.0,0,0.0,0,0.0,0
531442,315,Abdul,Fatawu,3,12,40,8,352,0,1,0,54,71,-1,1.6,0.1,5391,15442,1.5,Fatawu,0,24.0,64.8,133.7,41.0,s,Suspended until 17 Oct,2026-09-19T15:30:10.126897Z,,0.0,0.0,0.0,0.0,0.0,-1,5,0,10,0,0,0,2,1,0.17,1.11,1.28,7.79,28,9,11,8,,,2.0,0,False,377,0,89,4598,-72.2,-122,False,,-103.6,-5,-157.7,-5,-211.7,-5
543968,316,Emersonn,Correia da Silva,4,12,40,26,317,2,1,6,56,110,1,5.2,4.1,376284,160273,4.6,Emersonn,0,25.3,98.8,50.4,104.0,a,,2026-08-31T09:30:08.306145Z,100.0,100.0,7.0,1.3,7.0,7.0,2,5,0,6,0,0,0,0,0,1.61,0.12,1.73,4.29,10,3,4,3,2.0,,,1,False,84,1,92586,40999,1.4,1478,False,,6.6,1,15.5,1,24.4,2
222625,317,George,Hirst,4,12,40,0,0,0,0,0,50,0,0,0.0,0.1,0,17647,0.0,Hirst,0,0.0,0.0,0.0,0.0,u,Has joined Stoke City permanently,2026-08-21T13:06:08.606019Z,0.0,0.0,0.0,0.0,0.0,0.0,0,0,0,0,0,0,0,0,0,0.00,0.00,0.00,0.00,0,0,0,0,,,,0,False,454,0,0,1017,0.0,-23,False,,0.0,0,0.0,0,0.0,0
481624,318,Jaden,Philogene,3,12,40,2,52,0,0,0,54,11,-1,1.0,0.1,347,9431,0.4,Philogene,0,2.2,4.8,4.6,13.0,a,,2026-08-25T11:30:07.532993Z,100.0,100.0,1.0,0.2,1.0,1.0,1,0,0,1,0,0,0,0,0,0.08,0.01,0.08,0.97,4,0,4,0,3.0,,5.0,0,False,456,0,79,307,-12.4,-3,False,,-16.0,-1,-22.1,-2,-28.2,-2
172453,319,Sam,Szmodics,3,12,40,0,0,0,0,0,50,0,0,0.0,0.0,0,776,0.0,Szmodics,0,0.0,0.0,0.0,0.0,u,Has joined Derby County on loan for the rest of the season,2026-08-17T13:51:41.713979Z,0.0,0.0,0.0,0.0,0.0,0.0,0,0,0,0,0,0,0,0,0,0.00,0.00,0.00,0.00,0,0,0,0,,,,0,False,652,0,0,29,0.0,0,False,,0.0,0,0.0,0,0.0,0
147675,320,Chuba,Akpom,4,12,40,7,78,1,0,0,50,36,0,2.3,1.1,133921,80900,1.4,Akpom,0,6.1,34.6,2.5,24.0,a,,,,,0.5,0.1,0.5,0.5,1,0,0,4,0,0,0,0,0,1.14,0.00,1.14,4.20,3,1,2,0,,,,0,False,168,0,7965,16467,24.8,-154,False,,23.3,2,20.8,2,18.3,1
557012,321,Sindre,Walle Egeli,4,12,40,1,10,0,0,0,45,3,0,1.0,3.5,352309,235003,0.2,Walle Egeli,0,0.0,0.0,0.1,0.0,a,,,,,0.0,0.0,0.0,0.0,0,0,0,0,0,0,0,0,0,0.00,0.00,0.00,0.03,0,0,0,0,,,,0,False,96,0,39688,50516,40.3,-157,False,,38.8,2,36.3,2,33.7,2
462387,322,Ali,Al-Hamadi,4,12,40,0,0,0,0,0,50,0,0,0.0,0.0,755,10219,0.0,Al-Hamadi,0,0.0,0.0,0.0,0.0,u,Has joined Sheffield Wednesday on loan for the rest of the season,2026-08-27T14:54:10.215357Z,0.0,0.0,0.0,0.0,0.0,0.0,0,0,0,0,0,0,0,0,0,0.00,0.00,0.00,0.00,0,0,0,0,,,,0,False,501,0,0,674,0.0,-18,False,,0.0,0,0.0,0,0.0,0
461587,323,Kasey,McAteer,3,12,40,3,42,0,0,0,44,12,-1,1.0,1.0,30915,69123,0.7,McAteer,0,1.4,4.6,1.8,7.0,a,,,,,0.0,0.0,0.0,0.0,0,0,0,0,0,0,0,0,0,0.05,0.00,0.05,0.21,5,1,4,0,,,,0,False,178,-1,4171,13276,-8.8,-136,False,,-16.8,-1,-30.6,-2,-44.4,-3
232457,324,Anis,Mehmeti,3,12,40,0,0,0,0,0,48,0,-2,0.0,0.0,438,2632,0.0,Mehmeti,0,0.0,0.0,0.0,0.0,a,,,,,0.0,0.0,0.0,0.0,0,0,0,0,0,0,0,0,0,0.00,0.00,0.00,0.00,0,0,0,0,,,,0,False,535,-1,112,301,-11.2,-12,False,,-33.9,-2,-73.3,-3,-112.6,-5
59735,325,Karl,Darlow,1,16,1,0,0,0,0,0,45,0,0,0.0,0.0,1090,1733,0.0,Darlow,0,0.0,0.0,0.0,0.0,d,Unspecified injury - 75% chance of playing,2026-09-21T13:30:08.885505Z,100.0,75.0,0.0,0.0,0.0,0.0,0,0,0,0,0,0,0,0,0,0.00,0.00,0.00,0.00,0,0,0,0,,,,0,False,516,0,83,352,-32.5,-5,False,,-39.1,-2,-50.5,-3,-61.9,-3
201595,326,Lucas Estella,Perri,1,13,2,0,0,0,0,0,45,0,0,0.0,0.3,532,27627,0.0,Perri,0,0.0,0.0,0.0,0.0,u,Has joined Torino on loan for the rest of the season,2026-09-01T13:12:39.210133Z,0.0,0.0,0.0,0.0,0.0,0.0,0,0,0,0,0,0,0,0,0,0.00,0.00,0.00,0.00,0,0,0,0,,,,0,False,291,0,0,2427,0.0,-38,False,,0.0,0,0.0,0,0.0,0
434752,327,Jaka,Bijol,2,13,2,12,164,0,0,2,50,29,0,4.0,0.7,69651,62912,2.4,Bijol,1,5.4,38.2,0.6,15.0,a,,,,,0.0,0.0,0.0,0.0,0,2,0,2,0,0,0,0,0,0.11,0.00,0.11,3.16,21,3,7,18,,,,0,False,221,0,1349,9297,4.2,-195,False,,2.4,1,-13.1,-1,-63.8,-3
222694,328,Pascal,Struijk,2,5,36,7,98,0,0,0,49,31,-1,2.3,0.2,5725,13229,1.4,Struijk,1,4.0,32.2,1.5,7.0,d,Hamstring injury - 75% chance of playing,2026-09-22T10:00:09.404233Z,100.0,75.0,3.0,0.6,3.0,2.2,5,1,0,0,0,0,0,1,0,0.16,0.01,0.17,1.70,10,1,6,9,,,,0,False,362,0,696,1978,-26.5,-43,False,,-40.6,-3,-65.1,-3,-89.5,-3
214225,329,Joe,Rodon,2,13,2,7,123,0,0,0,43,25,-2,3.5,0.6,26987,309769,1.6,Rodon,1,4.5,23.0,14.7,7.0,i,Hamstring injury - Expected back 21 Nov,2026-08-30T16:00:08.564382Z,0.0,0.0,0.0,0.0,0.0,0.0,0,2,0,0,0,0,0,0,0,0.03,0.06,0.09,1.01,11,1,2,10,,,,0,False,224,-1,93,21764,-20.3,-618,False,,-40.2,-3,-74.7,-3,-109.1,-5
226182,330,Jayden,Bogle,2,13,2,42,365,2,0,6,46,122,1,8.4,8.2,785207,123495,9.1,Bogle,4,26.2,108.8,34.6,119.0,a,,,,,10.0,2.2,10.0,10.0,5,5,0,1,0,0,0,2,0,1.38,0.08,1.46,2.89,16,5,11,11,,,,2,True,43,0,258634,64287,87.5,2529,False,,111.4,5,152.7,5,193.9,5
243526,331,Gabriel,Gudmundsson,2,13,2,14,252,0,0,0,45,62,0,4.7,0.1,5376,3252,3.1,Gudmundsson,2,7.7,38.6,29.5,8.0,a,,2026-08-08T20:00:07.546568Z,100.0,100.0,6.0,1.3,6.0,6.0,6,3,0,1,0,0,0,0,0,0.00,0.21,0.21,3.83,14,9,12,5,,,,0,False,446,0,1778,822,1.2,10,False,,1.3,1,1.5,1,1.7,1
220627,332,James,Justin,2,13,2,26,450,0,0,4,45,91,0,5.2,1.4,130670,79478,5.8,Justin,2,20.0,103.6,56.1,41.0,a,,,,,5.0,1.1,5.0,5.0,8,5,0,3,0,0,0,0,0,0.22,0.42,0.64,6.46,44,16,14,28,,,,0,False,151,0,13398,14565,19.6,-68,False,,19.0,1,17.8,1,16.7,1
437738,333,Sebastiaan,Bornauw,2,13,2,0,0,0,0,0,45,0,0,0.0,0.0,0,304,0.0,Bornauw,0,0.0,0.0,0.0,0.0,u,Has joined Hamburg SV on loan for the rest of the season,2026-08-19T13:56:14.645970Z,0.0,0.0,0.0,0.0,0.0,0.0,0,0,0,0,0,0,0,0,0,0.00,0.00,0.00,0.00,0,0,0,0,,,,0,False,656,0,0,10,0.0,0,False,,0.0,0,0.0,0,0.0,0
522047,334,Tarik,Muharemović,2,13,2,27,450,0,1,0,50,101,0,5.4,4.5,363007,212536,5.4,Muharemović,2,20.2,147.4,13.6,41.0,a,,,,,6.5,1.3,6.5,6.5,6,5,0,3,0,0,0,0,0,0.49,0.05,0.54,6.46,58,5,16,53,,,,0,False,79,0,91722,63652,41.5,-355,False,,38.2,2,32.4,2,26.6,2
466525,335,Anton,Stach,3,13,2,27,447,1,0,3,60,86,0,5.4,2.4,207392,181991,4.5,Stach,3,26.5,116.4,93.3,55.0,a,,,,,4.0,0.7,4.0,4.0,5,5,0,2,0,0,0,0,0,0.97,0.31,1.28,6.17,61,13,21,27,,1.0,1.0,1,False,116,0,10049,37258,12.2,-743,False,,5.2,1,-30.6,-2,-84.2,-3
435997,336,Noah,Okafor,3,13,2,18,299,1,0,1,58,82,-2,3.6,0.4,29438,40301,3.1,Okafor,3,14.8,67.0,41.4,40.0,a,,,,,6.0,1.0,6.0,6.0,3,4,0,1,0,0,0,0,0,0.17,0.27,0.44,2.37,18,7,8,3,,,,0,False,276,0,4331,8515,0.4,-125,False,,-22.8,-2,-80.5,-3,-138.1,-5
427637,337,Brenden,Aaronson,3,13,2,7,194,0,0,0,53,36,-2,1.4,0.4,6961,51515,1.3,Aaronson,1,2.5,11.8,3.7,9.0,a,,,,,1.0,0.2,1.0,1.0,1,2,0,3,0,0,0,0,0,0.01,0.02,0.03,3.78,15,3,11,1,,4.0,,0,False,261,-1,398,6786,-26.6,-161,False,,-47.7,-3,-84.0,-3,-120.4,-5
199598,338,Ethan,Ampadu,3,13,2,21,450,0,1,0,54,87,-1,4.2,0.9,20728,67399,3.9,Ampadu,2,16.1,88.6,67.1,5.0,a,,,,,6.0,1.1,6.0,6.0,5,5,0,3,0,0,0,0,0,0.08,0.26,0.34,6.46,60,12,24,24,,,,0,False,193,0,4295,11720,-47.3,-250,False,,-75.8,-3,-124.9,-5,-174.1,-5
180135,339,Sean,Longstaff,3,13,2,2,10,0,0,0,48,7,-2,1.0,0.1,2718,8671,0.4,Longstaff,0,0.0,0.0,0.2,0.0,a,,,,,0.5,0.1,0.5,0.5,0,0,0,1,0,0,0,0,0,0.00,0.00,0.00,0.35,0,0,0,0,,3.0,3.0,0,False,440,-1,345,1187,-7.6,-24,False,,-25.4,-2,-56.0,-3,-86.7,-3
462635,340,Joe,Gelhardt,3,11,88,1,7,0,0,0,50,5,0,1.0,0.0,751,1080,0.2,Gelhardt,0,1.5,1.6,1.3,12.0,a,,2026-08-17T21:30:07.799839Z,100.0,100.0,0.5,0.1,0.5,0.5,1,0,0,0,0,0,0,0,0,0.10,0.02,0.12,0.13,1,0,1,0,,,,0,False,598,0,141,173,0.0,0,False,,0.0,0,0.0,0,0.0,0
492859,341,Wilfried,Gnonto,3,13,2,0,0,0,0,0,50,0,0,0.0,0.0,244,1856,0.0,Gnonto,0,0.0,0.0,0.0,0.0,u,Has joined ACF Fiorentina on loan for the rest of the season,2026-09-02T16:04:47.189648Z,0.0,0.0,0.0,0.0,0.0,0.0,0,0,0,0,0,0,0,0,0,0.00,0.00,0.00,0.00,0,0,0,0,,,,0,False,628,0,0,98,0.0,-1,False,,0.0,0,0.0,0,0.0,0
221399,342,Jack,Harrison,3,13,2,0,0,0,0,0,50,0,0,0.0,0.0,0,80,0.0,Harrison,0,0.0,0.0,0.0,0.0,u,Has joined New England Revolution permanently,2026-07-28T12:59:09.492431Z,0.0,0.0,0.0,0.0,0.0,0.0,0,0,0,0,0,0,0,0,0,0.00,0.00,0.00,0.00,0,0,0,0,,,,0,False,665,0,0,6,0.0,-1,False,,0.0,0,0.0,0,0.0,0
200617,343,Daniel,James,3,13,2,3,52,0,0,0,49,9,-1,1.0,0.1,4228,9076,0.6,James,0,1.9,1.2,1.3,19.0,i,Back injury - Expected back 18 Oct,2026-10-08T14:00:11.803126Z,,0.0,1.0,0.2,1.0,0.0,1,0,0,1,0,0,0,0,0,0.35,0.01,0.36,1.61,5,0,4,1,,,,0,False,437,0,259,1626,-34.8,-61,False,,-61.3,-3,-107.0,-5,-152.7,-5
486520,344,Ilia,Gruev,3,13,2,0,0,0,0,0,50,0,0,0.0,0.0,153,330,0.0,Gruev,0,0.0,0.0,0.0,0.0,a,,2026-08-14T23:00:06.272027Z,100.0,100.0,0.0,0.0,0.0,0.0,0,0,0,0,0,0,0,0,0,0.00,0.00,0.00,0.00,0,0,0,0,,,,0,False,646,0,74,35,0.0,0,False,,0.0,0,0.0,0,0.0,0
248056,345,Tanaka,Ao,3,13,2,14,255,0,2,0,49,48,-1,3.5,0.3,24745,19862,2.9,Tanaka,2,8.6,50.0,18.3,20.0,a,,,,,4.0,0.8,4.0,4.0,2,3,0,1,0,0,0,1,0,0.73,0.05,0.78,3.24,29,8,10,11,,,4.0,0,False,288,0,4227,4627,5.0,-30,False,,4.7,1,4.2,1,3.7,1
177815,346,Dominic,Calvert-Lewin,4,13,2,22,419,2,1,4,60,73,0,4.4,22.8,1095960,1602636,3.7,Calvert-Lewin,3,28.2,104.0,29.6,153.0,a,,,,,6.0,1.0,6.0,6.0,2,5,0,2,0,0,0,3,0,3.00,0.08,3.08,4.85,22,0,13,9,1.0,,,0,False,13,0,179331,449694,26.2,-9016,False,,-26.9,-2,-93.8,-3,-160.7,-5
174594,347,Lukas,Nmecha,4,13,2,7,64,0,1,0,54,28,-1,1.8,0.4,23694,39823,1.3,Nmecha,0,5.7,20.4,22.4,15.0,a,,,,,1.0,0.2,1.0,1.0,1,0,0,1,0,0,0,0,0,0.27,0.15,0.42,2.90,4,1,3,0,2.0,,,0,False,259,0,3500,6402,-40.4,-71,False,,-56.1,-3,-83.2,-3,-110.3,-5
235826,348,Joël,Piroe,4,13,2,0,0,0,0,0,50,0,0,0.0,0.1,0,11498,0.0,Piroe,0,0.0,0.0,0.0,0.0,u,Has joined West Ham United on loan for the rest of the season,2026-08-19T13:56:14.666726Z,0.0,0.0,0.0,0.0,0.0,0.0,0,0,0,0,0,0,0,0,0,0.00,0.00,0.00,0.00,0,0,0,0,3.0,,,0,False,492,0,0,703,0.0,-6,False,,0.0,0,0.0,0,0.0,0
565297,349,Mateo,Joseph Fernández-Regatillo,4,13,2,0,0,0,0,0,45,0,0,0.0,0.1,3442,4798,0.0,Mateo Joseph,0,0.0,0.0,0.0,0.0,i,Knee injury - Unknown return date,2026-07-29T18:00:10.338170Z,0.0,0.0,0.0,0.0,0.0,0.0,0,0,0,0,0,0,0,0,0,0.00,0.00,0.00,0.00,0,0,0,0,,,,0,False,494,0,656,824,-45.1,3,False,,-43.0,-3,-39.4,-2,-35.8,-2
116535,350,Alisson,Becker,1,14,14,27,450,0,0,5,55,96,0,5.4,4.2,159749,158257,4.9,A.Becker,3,9.9,99.2,0.0,0.0,a,,,,,8.5,1.5,8.5,8.5,8,5,14,4,0,0,0,1,0,0.00,0.00,0.00,6.12,0,0,47,10,,,,0,False,83,0,26431,24733,0.8,-237,False,,-3.5,-1,-13.1,-1,-22.6,-2
449027,351,Giorgi,Mamardashvili,1,14,14,0,0,0,0,0,48,0,-2,0.0,0.1,2969,8870,0.0,Mamardashvili,0,0.0,0.0,0.0,0.0,a,,,,,0.0,0.0,0.0,0.0,0,0,0,0,0,0,0,0,0,0.00,0.00,0.00,0.00,0,0,0,0,,,,0,False,382,-1,357,852,-1.5,-3,False,,-2.8,-1,-5.1,-1,-7.5,-1
155503,352,Freddie,Woodman,1,14,14,0,0,0,0,0,40,0,0,0.0,1.0,19058,28920,0.0,Woodman,0,0.0,0.0,0.0,0.0,a,,,,,0.0,0.0,0.0,0.0,0,0,0,0,0,0,0,0,0,0.00,0.00,0.00,0.00,0,0,0,0,,,,0,False,177,0,1564,4062,-37.1,-16,False,,-38.6,-2,-41.3,-3,-43.9,-3
586268,353,Armin,Pecsi,1,14,14,0,0,0,0,0,40,0,0,0.0,0.0,0,1142,0.0,Pecsi,0,0.0,0.0,0.0,0.0,u,Has joined TSV Hartberg on loan for the rest of the season,2026-08-18T14:11:18.638344Z,0.0,0.0,0.0,0.0,0.0,0.0,0,0,0,0,0,0,0,0,0,0.00,0.00,0.00,0.00,0,0,0,0,,,,0,False,584,0,0,115,0.0,-1,False,,0.0,0,0.0,0,0.0,0
432987,354,Vitezslav,Jaros,1,14,14,0,0,0,0,0,40,0,0,0.0,0.0,1926,1361,0.0,Jaros,0,0.0,0.0,0.0,0.0,i,Knee injury - Unknown return date,2026-07-29T18:00:10.351066Z,0.0,0.0,0.0,0.0,0.0,0.0,0,0,0,0,0,0,0,0,0,0.00,0.00,0.00,0.00,0,0,0,0,,,,0,False,569,0,379,275,0.1,3,False,,0.1,1,0.1,1,0.2,1
464353,355,Harvey,Davies,1,14,14,0,0,0,0,0,40,0,0,0.0,0.2,5040,4515,0.0,Davies,0,0.0,0.0,0.0,0.0,a,,,,,0.0,0.0,0.0,0.0,0,0,0,0,0,0,0,0,0,0.00,0.00,0.00,0.00,0,0,0,0,,,,0,False,366,0,588,735,0.1,0,False,,0.1,1,0.1,1,0.1,1
97032,356,Virgil,van Dijk,2,14,14,25,450,0,0,0,65,96,0,5.0,16.0,302488,665458,3.8,Virgil,3,17.4,125.0,22.3,26.0,a,,,,,8.0,1.2,8.0,8.0,8,5,0,4,0,0,0,1,0,0.25,0.08,0.33,6.12,48,5,18,43,,,,0,False,26,0,45472,92825,-68.5,-1434,False,,-77.3,-3,-92.5,-3,-107.8,-5
216094,357,Jeremie,Frimpong,2,14,14,2,178,0,0,0,53,24,-2,0.7,1.7,59726,256281,0.4,Frimpong,0,13.2,39.4,76.5,16.0,a,,,,,0.5,0.1,0.5,0.5,0,2,0,4,0,0,0,1,0,0.01,0.23,0.24,3.91,12,4,7,8,,,,0,False,134,0,2383,22896,-64.9,-573,False,,-98.8,-4,-157.2,-5,-215.6,-5
544877,358,Milos,Kerkez,2,14,14,13,385,0,0,0,53,63,-2,2.6,2.1,49343,201426,2.5,Kerkez,2,13.7,75.4,47.3,14.0,a,,,,,3.5,0.7,3.5,3.5,6,4,0,4,0,0,0,2,0,0.07,0.08,0.15,5.65,30,8,10,22,,,,0,False,124,-1,4326,24054,-9.8,-534,False,,-24.4,-2,-49.6,-3,-74.8,-3
171287,359,Joe,Gomez,2,14,14,0,0,0,0,0,49,0,-1,0.0,0.0,902,1214,0.0,Gomez,0,0.0,0.0,0.0,0.0,a,,2026-07-26T08:30:10.078473Z,100.0,100.0,0.0,0.0,0.0,0.0,0,0,0,0,0,0,0,0,0,0.00,0.00,0.00,0.00,0,0,0,0,,,,0,False,557,0,482,150,0.1,7,False,,0.2,1,0.3,1,0.4,1
492777,360,Conor,Bradley,2,14,14,0,0,0,0,0,50,0,0,0.0,0.0,398,842,0.0,Bradley,0,0.0,0.0,0.0,0.0,i,Knee injury - Unknown return date,2026-07-23T12:01:23.565711Z,0.0,0.0,0.0,0.0,0.0,0.0,0,0,0,0,0,0,0,0,0,0.00,0.00,0.00,0.00,0,0,0,0,,,,0,False,609,0,81,130,-100.2,-3,False,,-109.7,-5,-126.0,-5,-142.3,-5
519440,361,Wellity,Lucky,2,14,14,0,0,0,0,0,40,0,0,0.0,0.1,3988,6101,0.0,Lucky,0,0.0,0.0,0.0,0.0,a,,,,,0.0,0.0,0.0,0.0,0,0,0,0,0,0,0,0,0,0.00,0.00,0.00,0.00,0,0,0,0,,,,0,False,395,0,411,876,-64.9,-9,False,,-72.8,-3,-86.6,-3,-100.3,-5
606702,362,Jeremy,Jacquet,2,14,14,24,415,0,0,3,50,112,0,4.8,3.5,261548,149877,4.8,Jacquet,3,15.5,106.2,44.5,4.0,a,,2026-10-06T00:30:10.323830Z,100.0,100.0,7.5,1.5,7.5,7.5,6,5,0,4,0,0,0,1,0,0.00,0.14,0.14,5.51,36,11,21,25,,,,0,False,98,0,63666,39844,61.1,666,False,,67.4,3,78.3,3,89.2,3
647681,363,Giovanni,Leoni,2,14,14,0,0,0,0,0,40,0,0,0.0,0.0,903,2254,0.0,Leoni,0,0.0,0.0,0.0,0.0,i,Knee injury - Unknown return date,2026-07-23T12:01:23.596909Z,0.0,0.0,0.0,0.0,0.0,0.0,0,0,0,0,0,0,0,0,0,0.00,0.00,0.00,0.00,0,0,0,0,,,,0,False,538,0,102,323,-73.6,-1,False,,-75.0,-3,-77.4,-3,-79.8,-3
214285,364,Kostas,Tsimikas,2,14,14,2,64,0,0,0,49,6,-1,1.0,0.1,1648,4585,0.4,Tsimikas,0,1.8,6.4,2.9,9.0,a,,,,,0.5,0.1,0.5,0.5,0,1,0,0,0,0,0,0,0,0.04,0.02,0.06,0.47,3,1,3,2,,,4.0,0,False,453,0,161,559,-66.0,-5,False,,-73.6,-3,-86.8,-3,-99.9,-4
489580,365,Calvin,Ramsay,2,14,14,0,0,0,0,0,40,0,0,0.0,0.1,638,13075,0.0,Ramsay,0,0.0,0.0,0.0,0.0,u,Has joined St Mirren on loan for the rest of the season,2026-08-26T14:05:26.748768Z,0.0,0.0,0.0,0.0,0.0,0.0,0,0,0,0,0,0,0,0,0,0.00,0.00,0.00,0.00,0,0,0,0,,,,0,False,433,0,0,846,0.0,-11,False,,0.0,0,0.0,0,0.0,0
494595,366,Florian,Wirtz,3,14,14,18,402,0,2,0,73,92,-2,3.6,5.4,147297,813668,2.5,Wirtz,3,31.4,65.0,147.3,101.0,a,,,,,4.5,0.6,4.5,4.5,6,5,0,4,0,0,0,1,0,1.00,0.40,1.40,4.82,36,8,25,3,4.0,2.0,2.0,0,False,73,0,17029,90271,-63.7,-2609,False,,-111.4,-5,-193.8,-5,-276.1,-5
243298,367,Cody,Gakpo,3,14,14,32,370,1,3,5,72,113,2,6.4,9.4,1341809,1014813,4.4,Gakpo,2,35.2,133.4,148.8,70.0,i,Ankle injury - Unknown return date,2026-09-27T21:30:07.786183Z,100.0,0.0,2.0,0.3,2.0,0.0,3,4,0,4,0,0,0,0,0,0.64,1.71,2.35,5.51,32,8,15,9,3.0,,3.0,2,False,37,0,55397,387216,-60.5,-20758,False,,-137.9,-5,-271.4,-5,-404.9,-5
424876,368,Dominik,Szoboszlai,3,14,14,20,440,1,0,1,69,103,-1,4.0,30.1,970068,1980571,2.9,Szoboszlai,3,34.4,108.8,178.0,57.0,a,,,,,2.5,0.4,2.5,2.5,2,5,0,4,0,0,0,1,0,1.42,0.82,2.24,5.99,41,6,22,13,1.0,1.0,1.0,0,False,9,-1,77709,512413,-16.4,-13590,False,,-42.3,-3,-87.0,-3,-131.7,-5
611922,369,Rio,Ngumoha,3,14,14,4,99,0,0,0,57,13,-3,1.3,0.4,15377,92227,0.7,Ngumoha,0,2.1,4.4,8.1,11.0,a,,,,,0.5,0.1,0.5,0.5,0,1,0,2,0,0,0,0,0,0.15,0.05,0.20,0.68,4,1,2,1,,,,0,False,262,-1,1599,7201,-39.1,-127,False,,-55.8,-3,-84.6,-3,-113.5,-5
223541,370,Federico,Chiesa,3,14,14,0,0,0,0,0,53,0,-2,0.0,0.0,686,10188,0.0,Chiesa,0,0.0,0.0,0.0,0.0,d,Back injury - 25% chance of playing,2026-08-27T13:30:07.598926Z,0.0,25.0,0.0,0.0,0.0,0.0,0,0,0,0,0,0,0,0,0,0.00,0.00,0.00,0.00,0,0,0,0,,,,0,False,506,-1,21,355,0.0,0,False,2026-10-17T15:30:10.016825Z,0.0,0,0.0,0,0.0,0
441266,371,Ryan,Gravenberch,3,14,14,9,190,0,1,0,58,51,-2,1.8,1.0,36603,135369,1.6,Gravenberch,0,9.9,50.6,42.7,6.0,a,,,,,1.0,0.2,1.0,1.0,1,2,0,2,0,0,0,0,0,0.10,0.08,0.18,2.02,25,4,11,10,,,,0,False,173,-1,2065,14016,-36.3,-250,False,,-50.0,-3,-73.7,-3,-97.5,-4
243016,372,Alexis,Mac Allister,3,14,14,11,306,0,0,0,54,59,-1,2.2,1.3,48146,102114,2.0,Mac Allister,2,13.5,58.2,50.8,26.0,a,,,,,3.0,0.6,3.0,3.0,5,3,0,2,0,0,0,1,0,0.10,0.49,0.59,4.85,41,11,19,11,5.0,,,0,False,161,0,6526,12400,-57.8,-195,False,,-73.0,-3,-99.3,-4,-125.5,-5
206915,373,Curtis,Jones,3,14,14,0,0,0,0,0,55,0,0,0.0,0.0,34,2691,0.0,C.Jones,0,0.0,0.0,0.0,0.0,u,Has joined Internazionale permanently,2026-08-16T18:30:07.426408Z,0.0,0.0,0.0,0.0,0.0,0.0,0,0,0,0,0,0,0,0,0,0.00,0.00,0.00,0.00,0,0,0,0,,,,0,False,567,0,0,104,0.0,0,False,,0.0,0,0.0,0,0.0,0
158983,374,Endo,Wataru,3,14,14,0,0,0,0,0,49,0,-1,0.0,0.1,2380,4945,0.0,Endo,0,0.0,0.0,0.0,0.0,a,,2026-07-23T12:01:23.612529Z,100.0,100.0,0.0,0.0,0.0,0.0,0,0,0,0,0,0,0,0,0,0.00,0.00,0.00,0.00,0,0,0,0,,,,0,False,478,0,217,579,-74.9,0,False,,-74.9,-3,-74.9,-3,-74.9,-3
591386,375,Trey,Nyoni,3,14,14,3,38,0,0,0,48,9,-2,1.0,0.0,1415,3217,0.6,Nyoni,0,1.9,16.2,2.9,0.0,a,,,,,0.5,0.1,0.5,0.5,1,0,0,0,0,0,0,0,0,0.00,0.00,0.00,0.36,10,2,2,6,,,,0,False,515,-1,158,472,0.0,-3,False,,-4.4,-1,-12.7,-1,-20.9,-2
535928,376,Stefan,Bajčetić Maquieira,3,14,14,0,0,0,0,0,50,0,0,0.0,0.0,19,108,0.0,Bajcetic,0,0.0,0.0,0.0,0.0,u,Has joined Celta Vigo permanently,2026-07-23T12:01:23.628373Z,0.0,0.0,0.0,0.0,0.0,0.0,0,0,0,0,0,0,0,0,0,0.00,0.00,0.00,0.00,0,0,0,0,,,,0,False,663,0,0,4,0.0,0,False,,0.0,0,0.0,0,0.0,0
551499,377,Victor,Munoz,3,14,14,15,257,1,1,0,65,60,0,3.0,0.8,119737,110259,2.3,Munoz,1,18.5,56.2,42.4,86.0,a,,,,,1.0,0.2,1.0,1.0,1,3,0,2,0,0,0,1,0,0.52,0.31,0.83,4.63,16,3,8,5,,,,0,False,198,0,3754,19917,4.2,-395,False,,0.5,1,-74.1,-3,-154.3,-5
491501,378,James,McConnell,3,14,14,0,0,0,0,0,44,0,-1,0.0,0.2,7169,13672,0.0,McConnell,0,0.0,0.0,0.0,0.0,a,,,,,0.0,0.0,0.0,0.0,0,0,0,0,0,0,0,0,0,0.00,0.00,0.00,0.00,0,0,0,0,,,,0,False,315,0,1294,2215,-11.4,-20,False,,-19.8,-1,-34.2,-2,-48.7,-3
219168,379,Alexander,Isak,4,14,14,33,413,4,0,8,91,133,1,6.6,16.9,1259885,1299515,3.6,Isak,3,40.0,146.2,47.5,207.0,i,Thigh injury - Unknown return date,2026-09-27T10:30:09.051435Z,,0.0,5.0,0.5,5.0,0.0,8,5,0,4,0,0,0,1,0,3.54,0.08,3.62,5.82,7,1,3,3,2.0,,,1,False,24,0,132723,639546,-94.2,-44574,False,,-245.8,-5,-507.2,-5,-768.6,-5
510663,380,Hugo,Ekitiké,4,14,14,0,0,0,0,0,74,0,-1,0.0,0.1,2843,11582,0.0,Ekitiké,0,0.0,0.0,0.0,0.0,i,Achilles injury - Unknown return date,2026-07-23T12:01:23.643771Z,0.0,0.0,0.0,0.0,0.0,0.0,0,0,0,0,0,0,0,0,0,0.00,0.00,0.00,0.00,0,0,0,0,,,,0,False,407,0,571,1119,-32.2,-6,False,,-34.4,-2,-38.0,-2,-41.7,-3
514514,381,Lewis,Koumas,3,14,14,3,22,0,0,0,50,14,0,1.0,0.0,1694,1565,0.6,Koumas,0,2.9,4.2,0.5,24.0,a,,,,,0.5,0.1,0.5,0.5,1,0,0,0,0,0,0,0,0,0.28,0.00,0.28,0.72,1,0,1,0,,,,0,False,513,0,1015,364,-0.4,31,False,,0.3,1,0.8,1,1.3,1
500058,382,Jayden,Danns,4,14,14,0,0,0,0,0,45,0,0,0.0,0.3,26146,11067,0.0,Danns,0,0.0,0.0,0.0,0.0,a,,2026-07-23T12:01:23.659279Z,100.0,100.0,0.0,0.0,0.0,0.0,0,0,0,0,0,0,0,0,0,0.00,0.00,0.00,0.00,0,0,0,0,,,,0,False,306,0,6339,3788,4.3,57,False,,4.8,1,5.8,1,6.7,1
444884,383,Harvey,Elliott,3,14,14,0,0,0,0,0,54,0,-1,0.0,0.0,907,6258,0.0,Elliott,0,0.0,0.0,0.0,0.0,u,Has joined Valencia on loan for the rest of the season,2026-09-02T16:05:49.104326Z,0.0,0.0,0.0,0.0,0.0,0.0,0,0,0,0,0,0,0,0,0,0.00,0.00,0.00,0.00,0,0,0,0,,,,0,False,537,0,0,338,0.0,-3,False,,0.0,0,0.0,0,0.0,0
204936,384,Gianluigi,Donnarumma,1,15,43,19,450,0,0,0,55,84,0,3.8,7.3,214103,344963,3.5,Donnarumma,2,11.4,112.6,0.0,0.0,a,,,,,4.5,0.8,4.5,4.5,2,5,14,5,1,0,0,0,0,0.00,0.00,0.00,7.25,0,0,32,4,,,,0,False,53,0,17912,59047,-67.8,-794,False,,-78.4,-3,-96.8,-4,-115.1,-5
432720,385,James,Trafford,1,13,2,28,450,0,0,5,50,117,0,5.6,5.5,286771,176641,5.6,Trafford,2,14.9,148.6,0.0,0.0,a,,,,,6.5,1.3,6.5,6.5,10,5,20,3,0,0,0,0,0,0.00,0.00,0.00,6.46,0,0,55,6,,,,0,False,70,0,44800,32296,37.6,29,False,,37.8,2,38.3,2,38.8,2
122074,386,Marcus,Bettinelli,1,15,43,0,0,0,0,0,45,0,0,0.0,0.0,618,1191,0.0,Bettinelli,0,0.0,0.0,0.0,0.0,a,,,,,0.0,0.0,0.0,0.0,0,0,0,0,0,0,0,0,0,0.00,0.00,0.00,0.00,0,0,0,0,,,,0,False,551,0,103,155,-96.8,0,False,,-96.8,-4,-96.8,-4,-96.8,-4
472769,387,Nico,O'Reilly,2,15,43,6,163,0,0,0,63,22,-2,1.5,9.6,193142,1331423,1.0,O'Reilly,0,9.0,17.8,39.5,33.0,d,Unspecified injury - 75% chance of playing,2026-10-01T15:30:10.272693Z,100.0,75.0,1.0,0.2,1.0,0.8,1,2,0,2,0,0,0,0,0,0.87,0.43,1.30,2.10,5,3,9,2,,,,0,False,35,-1,5798,194912,-21.4,-7696,False,,-46.2,-3,-89.0,-3,-131.7,-5
209036,388,Marc,Guéhi,2,15,43,30,450,1,1,4,60,114,0,6.0,17.7,523205,515681,5.0,Guéhi,2,24.3,146.0,56.6,41.0,a,,,,,5.0,0.8,5.0,5.0,4,5,0,5,0,0,0,0,0,0.95,0.39,1.34,7.25,29,3,19,26,,,,0,False,21,0,41285,103705,63.7,-906,False,,55.1,3,40.4,3,25.6,2
465351,389,Matheus,Nunes,2,15,43,11,213,0,0,1,59,38,-1,3.7,1.0,16256,76327,1.9,Matheus N.,1,7.0,60.0,6.3,4.0,a,,2026-08-27T11:30:08.171622Z,100.0,100.0,5.0,0.8,5.0,5.0,1,2,0,3,0,0,0,0,0,0.00,0.06,0.06,4.67,21,3,10,18,4.0,,,0,False,180,0,3101,5186,-40.7,-45,False,,-45.3,-3,-53.1,-3,-61.0,-3
171314,390,Rúben,dos Santos Gato Alves Dias,2,15,43,17,450,0,0,0,55,72,0,3.4,1.9,70309,80702,3.1,Rúben,2,18.7,94.2,47.3,46.0,a,,,,,3.5,0.6,3.5,3.5,1,5,0,5,0,0,0,0,0,0.29,0.74,1.03,7.25,26,1,16,25,,,,0,False,129,0,7721,15900,3.4,-105,False,,2.4,1,0.7,1,-5.7,-1
477424,391,Joško,Gvardiol,2,15,43,37,434,1,3,6,57,135,2,7.4,27.3,1976224,497951,6.5,Gvardiol,2,24.0,144.4,63.5,32.0,a,,,,,7.5,1.3,7.5,7.5,4,5,0,5,0,0,0,1,0,0.22,0.74,0.96,7.25,31,11,21,20,,,,0,True,11,0,294192,137735,100.4,1545,False,,115.0,5,140.2,5,165.4,5
448514,392,Rayan,Aït-Nouri,2,15,43,0,0,0,0,0,52,0,-3,0.0,0.4,8178,62956,0.0,Aït-Nouri,0,0.0,0.0,0.0,0.0,a,,,,,0.0,0.0,0.0,0.0,0,0,0,0,0,0,0,0,0,0.00,0.00,0.00,0.00,0,0,0,0,,,,0,False,271,-1,826,3547,-6.1,-56,False,,-14.2,-1,-28.3,-2,-42.4,-3
578153,393,Abdukodir,Khusanov,2,15,43,9,268,0,0,0,54,53,-1,3.0,1.3,27565,85423,1.7,Khusanov,1,6.8,51.6,12.6,4.0,a,,,,,0.0,0.0,0.0,0.0,0,3,0,2,0,0,0,1,0,0.00,0.06,0.06,2.68,17,8,13,9,,,,0,False,157,0,2129,13777,-51.7,-182,False,,-65.2,-3,-88.6,-3,-112.1,-5
494307,394,Max,Alleyne,2,15,43,0,0,0,0,0,50,0,0,0.0,0.0,0,622,0.0,Alleyne,0,0.0,0.0,0.0,0.0,u,Has joined Burnley on loan for the rest of the season,2026-08-18T14:11:56.324656Z,0.0,0.0,0.0,0.0,0.0,0.0,0,0,0,0,0,0,0,0,0,0.00,0.00,0.00,0.00,0,0,0,0,,,,0,False,641,0,0,24,0.0,-1,False,,0.0,0,0.0,0,0.0,0
477064,395,Rico,Lewis,2,15,43,1,56,0,0,0,44,-1,-1,1.0,0.2,8500,16953,0.2,Lewis,0,4.7,3.8,3.8,39.0,a,,,,,0.0,0.0,0.0,0.0,0,1,0,1,0,0,0,0,0,0.17,0.02,0.19,0.55,2,0,0,2,,,,0,False,338,0,544,1887,-82.6,-20,False,,-92.9,-3,-110.7,-5,-128.6,-5
616222,396,Vitor,de Oliveira Nunes dos Reis,2,15,43,1,1,0,0,0,45,3,0,1.0,0.0,582,1244,0.2,Vitor Reis,0,0.2,1.2,0.9,0.0,a,,,,,0.0,0.0,0.0,0.0,0,0,0,0,0,0,0,0,0,0.00,0.00,0.00,0.00,0,0,0,0,,,,0,False,528,0,102,221,-95.2,0,False,,-95.2,-4,-95.2,-4,-95.2,-4
437730,397,Antoine,Semenyo,3,15,43,33,450,2,3,2,84,147,-1,6.6,13.4,340273,1404305,3.9,Semenyo,2,43.4,155.4,148.1,130.0,d,Ankle injury - 75% chance of playing,2026-09-24T12:00:09.848000Z,,75.0,10.0,1.2,10.0,7.5,17,5,0,5,0,0,0,0,0,0.33,1.16,1.49,7.25,22,6,14,2,2.0,,,1,True,31,0,149370,261605,-50.0,-8375,False,,-83.0,-3,-140.1,-5,-197.1,-5
209244,398,Phil,Foden,3,15,43,9,217,0,2,1,69,52,-1,2.2,1.5,303542,592705,1.3,Foden,0,22.3,57.6,122.3,45.0,s,Suspended until 17 Oct,2026-09-13T17:00:09.433455Z,0.0,0.0,-1.0,-0.1,0.0,0.0,0,3,0,2,0,0,0,1,1,1.61,0.88,2.49,1.91,14,4,8,2,,2.0,2.0,0,False,140,0,296,54983,-91.9,-2082,False,,-139.8,-5,-222.5,-5,-305.2,-5
466052,399,Rayan,Cherki,3,15,43,34,302,3,2,5,78,150,3,6.8,28.6,2827452,1084720,4.4,Cherki,1,47.3,165.8,199.0,108.0,a,,,,,4.5,0.6,4.5,4.5,8,4,0,4,0,0,0,1,0,0.72,1.54,2.26,5.00,12,0,9,3,,1.0,1.0,1,True,10,0,280291,217775,-39.1,-1084,False,,-49.4,-3,-67.1,-3,-84.7,-3
248875,400,Jérémy,Doku,3,15,43,1,15,0,0,0,74,7,-1,1.0,0.7,11545,129652,0.1,Doku,0,2.2,3.6,13.8,5.0,a,,2026-08-18T17:00:08.385597Z,75.0,100.0,0.5,0.1,0.4,0.5,1,0,0,0,0,0,0,0,0,0.23,0.32,0.55,0.42,2,0,1,1,3.0,,,0,False,209,0,10078,3566,2.5,212,False,,4.5,1,7.9,1,11.4,1
438234,401,Omar,Marmoush,4,19,6,8,339,0,0,0,70,37,0,2.0,2.2,252937,181455,1.1,Marmoush,2,12.9,18.0,55.5,58.0,a,,,,,2.0,0.3,2.0,2.0,2,4,0,5,0,0,0,0,0,0.38,0.15,0.53,3.84,13,2,11,0,2.0,4.0,8.0,0,False,122,0,30458,40322,41.5,-78,False,,40.8,3,39.5,2,38.2,2
220566,402,Rodrigo 'Rodri',Hernandez Cascante,3,15,43,0,0,0,0,0,65,0,0,0.0,0.0,0,1234,0.0,Rodrigo,0,0.0,0.0,0.0,0.0,u,Has joined Barcelona permanently,2026-07-23T12:01:23.675537Z,0.0,0.0,0.0,0.0,0.0,0.0,0,0,0,0,0,0,0,0,0,0.00,0.00,0.00,0.00,0,0,0,0,,,,0,False,608,0,0,30,0.0,0,False,,0.0,0,0.0,0,0.0,0
510281,403,Sávio,Moreira de Oliveira,3,19,6,8,240,0,0,0,65,66,0,2.7,0.6,104180,87676,1.2,Sávio,2,27.8,51.4,130.0,96.0,a,,2026-08-29T16:30:08.380416Z,100.0,100.0,2.5,0.4,2.5,2.5,2,3,0,3,0,0,0,0,0,0.41,0.70,1.11,2.76,11,0,8,3,,,2.0,0,False,230,0,7268,14913,9.7,-223,False,,7.6,1,4.0,1,0.4,1
433036,404,Tijjani,Reijnders,3,15,43,0,0,0,0,0,60,0,0,0.0,0.0,0,8218,0.0,Reijnders,0,0.0,0.0,0.0,0.0,u,Has joined Al Qadsiah permanently,2026-08-20T14:02:58.154273Z,0.0,0.0,0.0,0.0,0.0,0.0,0,0,0,0,0,0,0,0,0,0.00,0.00,0.00,0.00,0,0,0,0,,,,0,False,529,0,0,133,0.0,-4,False,,0.0,0,0.0,0,0.0,0
465694,405,Nico,González Iglesias,3,17,4,5,164,0,0,0,55,23,0,1.7,0.2,18915,17611,0.9,N.Gonzalez,1,5.8,13.4,42.0,2.0,a,,2026-09-14T21:30:07.343728Z,0.0,100.0,0.5,0.1,0.0,0.5,0,3,0,2,0,0,0,1,0,0.00,0.21,0.21,2.34,12,0,9,3,,,,0,False,336,0,1452,2442,1.1,8,False,,1.2,1,1.3,1,1.4,1
91651,406,Mateo,Kovačić,3,15,43,2,42,0,0,0,53,12,-2,1.0,0.1,2308,6505,0.4,Kovačić,0,0.9,4.2,5.2,0.0,a,,,,,0.0,0.0,0.0,0.0,0,0,0,0,0,0,0,0,0,0.00,0.02,0.02,0.10,2,0,2,0,,,,0,False,449,-1,166,676,-5.6,-10,False,,-13.2,-1,-26.3,-2,-39.4,-2
575204,407,Claudio,Echeverri,3,15,43,0,0,0,0,0,49,0,-1,0.0,0.0,250,1369,0.0,Echeverri,0,0.0,0.0,0.0,0.0,u,Has joined Benfica on loan for the rest of the season,2026-09-03T15:41:24.710479Z,0.0,0.0,0.0,0.0,0.0,0.0,0,0,0,0,0,0,0,0,0,0.00,0.00,0.00,0.00,0,0,0,0,,,,0,False,619,0,0,80,0.0,0,False,,0.0,0,0.0,0,0.0,0
155405,408,Kalvin,Phillips,3,15,43,0,0,0,0,0,50,0,0,0.0,0.0,0,581,0.0,Phillips,0,0.0,0.0,0.0,0.0,u,Has joined Sheffield United on loan for the rest of the season,2026-08-18T14:11:56.348781Z,0.0,0.0,0.0,0.0,0.0,0.0,0,0,0,0,0,0,0,0,0,0.00,0.00,0.00,0.00,0,0,0,0,,,,0,False,640,0,0,22,0.0,0,False,,0.0,0,0.0,0,0.0,0
590039,409,Divine,Mukasa,3,15,43,0,0,0,0,0,45,0,0,0.0,0.1,1621,12586,0.0,Mukasa,0,0.0,0.0,0.0,0.0,u,has joined West Ham on loan for the rest of the seaon.,2026-09-03T10:34:10.733520Z,0.0,0.0,0.0,0.0,0.0,0.0,0,0,0,0,0,0,0,0,0,0.00,0.00,0.00,0.00,0,0,0,0,,,,0,False,438,0,0,1019,0.0,-23,False,,0.0,0,0.0,0,0.0,0
649208,410,Jeremy,Monga,3,15,43,0,0,0,0,0,49,0,-1,0.0,0.0,219,1298,0.0,Monga,0,0.0,0.0,0.0,0.0,u,Has joined Swansea City on loan for the rest of the season,2026-09-02T16:02:01.136760Z,0.0,0.0,0.0,0.0,0.0,0.0,0,0,0,0,0,0,0,0,0,0.00,0.00,0.00,0.00,0,0,0,0,,,,0,False,625,0,0,78,0.0,-2,False,,0.0,0,0.0,0,0.0,0
223094,411,Erling,Haaland,4,15,43,39,450,5,0,9,156,167,1,7.8,74.3,1019067,357070,2.5,Haaland,2,46.5,184.2,22.5,258.0,a,,,,,7.5,0.5,7.5,7.5,6,5,0,5,0,0,0,0,0,4.42,0.53,4.95,7.25,20,0,10,10,1.0,,,2,True,1,0,173790,55412,32.8,746,False,,39.9,2,52.1,3,64.2,3
465247,412,Senne,Lammens,1,16,1,11,450,0,0,0,49,58,-1,2.2,9.4,106627,745951,2.2,Lammens,0,13.3,132.8,0.0,0.0,a,,,,,3.0,0.6,3.0,3.0,4,5,16,8,0,0,0,0,0,0.00,0.00,0.00,6.80,0,0,38,5,,,,0,False,38,0,14419,107520,-24.9,-677,False,,-32.0,-2,-44.3,-3,-56.5,-3
451302,413,Altay,Bayındır,1,16,1,0,0,0,0,0,45,0,0,0.0,0.0,0,1176,0.0,Bayindir,0,0.0,0.0,0.0,0.0,u,Has joined Celta Vigo on loan for the rest of the season,2026-08-10T14:02:28.608415Z,0.0,0.0,0.0,0.0,0.0,0.0,0,0,0,0,0,0,0,0,0,0.00,0.00,0.00,0.00,0,0,0,0,,,,0,False,606,0,0,66,0.0,-2,False,,0.0,0,0.0,0,0.0,0
21205,414,Tom,Heaton,1,16,1,0,0,0,0,0,40,0,0,0.0,0.1,2312,3802,0.0,Heaton,0,0.0,0.0,0.0,0.0,i,Hamstring injury - Unknown return date,2026-08-15T16:00:07.854151Z,0.0,0.0,0.0,0.0,0.0,0.0,0,0,0,0,0,0,0,0,0,0.00,0.00,0.00,0.00,0,0,0,0,,,,0,False,442,0,394,515,-40.1,3,False,,-38.6,-2,-35.9,-2,-33.3,-2
596777,415,Patrick,Dorgu,3,16,1,10,171,0,1,0,58,27,-2,2.0,0.5,14053,103934,1.7,Dorgu,0,15.6,49.2,44.1,72.0,i,Hamstring injury - Expected back 25 Oct,2026-09-27T21:30:07.831640Z,,0.0,4.0,0.7,4.0,0.0,4,2,0,6,0,0,0,1,0,0.78,0.09,0.87,3.38,20,8,4,8,,,,0,False,257,0,1083,10397,-74.4,-359,False,,-102.2,-5,-150.3,-5,-198.3,-5
209365,416,Matthijs,de Ligt,2,16,1,0,0,0,0,0,49,0,-1,0.0,0.0,494,1605,0.0,De Ligt,0,0.0,0.0,0.0,0.0,i,Back injury - Unknown return date,2026-07-23T12:01:23.690880Z,0.0,0.0,0.0,0.0,0.0,0.0,0,0,0,0,0,0,0,0,0,0.00,0.00,0.00,0.00,0,0,0,0,,,,0,False,559,-1,115,182,-0.5,-1,False,,-1.5,-1,-3.3,-1,-5.2,-1
216051,417,Diogo,Dalot Teixeira,2,16,1,8,346,0,0,0,49,46,-1,1.6,1.6,28778,144006,1.6,Dalot,0,20.2,43.6,107.7,49.0,a,,,,,2.0,0.4,2.0,2.0,2,4,0,4,0,0,0,1,0,0.24,0.23,0.47,4.70,16,6,21,10,,,,0,False,137,0,3999,15511,-93.0,-166,False,,-103.4,-5,-121.3,-5,-139.2,-5
95658,418,Harry,Maguire,2,16,1,10,450,0,1,0,48,50,-2,2.0,7.9,146401,1089431,2.1,Maguire,0,18.6,86.0,50.1,50.0,a,,,,,1.5,0.3,1.5,1.5,2,5,0,8,0,0,0,2,0,0.20,0.46,0.66,6.80,31,3,21,28,,,,0,False,47,-1,12443,159740,-11.5,-2268,False,,-28.0,-2,-56.5,-3,-85.1,-3
221820,419,Lisandro,Martínez,2,16,1,6,360,0,0,0,49,29,-1,1.5,1.3,39346,70780,1.2,Martinez,0,11.8,66.4,18.8,32.0,a,,2026-07-24T20:00:10.337107Z,100.0,100.0,1.0,0.2,1.0,1.0,0,4,0,6,1,0,0,0,0,0.21,0.16,0.37,5.79,20,3,14,17,,,,0,False,159,-1,6420,9927,-0.2,-19,False,,-1.0,-1,-2.4,-1,-3.9,-1
550864,420,Leny,Yoro,2,16,1,2,22,0,0,0,48,-1,-2,1.0,0.4,5786,37064,0.4,Yoro,0,1.3,7.8,2.4,2.0,a,,,,,0.0,0.0,0.0,0.0,0,0,0,2,0,0,0,0,0,0.00,0.02,0.02,1.09,5,2,1,3,,,,0,False,258,-1,1004,3222,-13.8,-12,False,,-15.3,-1,-18.0,-1,-20.7,-2
606745,421,Ayden,Heaven,2,16,1,1,90,0,0,0,43,5,-2,1.0,0.3,6202,25133,0.2,Heaven,0,2.0,6.8,2.6,11.0,a,,,,,0.0,0.0,0.0,0.0,0,1,0,2,0,0,0,0,0,0.12,0.04,0.16,1.01,2,1,4,1,,,,0,False,307,-1,432,2547,-6.6,-24,False,,-12.1,-1,-21.6,-2,-31.2,-2
230001,422,Noussair,Mazraoui,2,16,1,3,97,0,0,0,44,6,-1,1.0,0.5,14421,44807,0.7,Mazraoui,0,6.4,21.0,31.2,11.0,d,Back injury - 75% chance of playing,2026-10-04T21:30:08.533022Z,,75.0,0.0,0.0,0.0,0.0,0,1,0,4,0,0,0,0,0,0.22,0.06,0.28,2.08,6,2,3,4,,,,0,False,255,0,637,6720,-66.9,-176,False,,-87.3,-3,-122.4,-5,-157.5,-5
106760,423,Luke,Shaw,2,16,1,9,335,0,1,0,43,54,-2,2.2,7.0,110196,1384532,2.1,Shaw,0,20.1,92.6,91.6,17.0,a,,2026-09-11T13:00:09.030120Z,50.0,100.0,1.0,0.2,0.5,1.0,2,4,0,5,0,0,0,1,0,0.03,0.58,0.61,4.63,23,6,7,17,,,3.0,0,False,56,-1,12712,152603,-14.0,-1461,False,,-26.0,-2,-46.6,-3,-67.3,-3
577974,424,Harry,Amass,2,16,1,0,0,0,0,0,40,0,0,0.0,0.2,6613,9404,0.0,Amass,0,0.0,0.0,0.0,0.0,a,,,,,0.0,0.0,0.0,0.0,0,0,0,0,0,0,0,0,0,0.00,0.00,0.00,0.00,0,0,0,0,,,,0,False,337,0,711,1374,-56.1,-13,False,,-62.8,-3,-74.4,-3,-86.0,-3
547676,425,Tyler,Fredricson,2,16,1,0,0,0,0,0,40,0,0,0.0,0.0,0,1346,0.0,Fredricson,0,0.0,0.0,0.0,0.0,u,Has joined Lausanne-Sport permanently,2026-08-18T14:12:31.904433Z,0.0,0.0,0.0,0.0,0.0,0.0,0,0,0,0,0,0,0,0,0,0.00,0.00,0.00,0.00,0,0,0,0,,,,0,False,603,0,0,78,0.0,0,False,,0.0,0,0.0,0,0.0,0
141746,426,Bruno,Borges Fernandes,3,16,1,31,450,3,1,3,119,148,-1,6.2,37.5,732557,2045345,2.6,B.Fernandes,0,54.6,187.0,241.7,117.0,a,,,,,2.0,0.2,2.0,2.0,2,5,0,8,0,0,0,0,0,2.56,1.32,3.88,6.80,29,5,21,3,1.0,1.0,1.0,1,False,6,-1,120957,392395,-3.1,-2090,False,,-6.3,-1,-11.9,-1,-17.4,-1
446008,427,Bryan,Mbeumo,3,16,1,25,450,2,1,3,79,110,-1,5.0,20.0,558066,2167387,3.2,Mbeumo,0,44.2,120.8,164.2,156.0,a,,,,,2.0,0.3,2.0,2.0,2,5,0,8,0,0,0,1,0,3.07,0.80,3.87,6.80,26,5,14,7,2.0,2.0,2.0,0,False,18,0,131087,280888,-85.8,-251,False,,-87.1,-3,-89.2,-3,-91.3,-3
430871,428,Matheus,Santos Carneiro da Cunha,3,16,1,26,407,1,2,4,79,95,-1,5.2,6.1,139668,530235,3.3,Cunha,1,30.0,73.0,111.5,114.0,a,,,,,6.0,0.8,6.0,6.0,10,5,0,5,0,0,0,0,0,0.63,0.83,1.46,5.44,13,3,9,1,,,,0,False,64,0,65922,42204,-78.0,2106,False,,-43.8,-3,8.8,1,43.2,3
176297,429,Marcus,Rashford,3,16,1,10,351,0,0,0,69,58,-1,2.0,1.3,86519,143649,1.4,Rashford,1,37.3,53.4,163.2,157.0,d,Unspecified injury - 75% chance of playing,2026-09-21T10:30:09.221479Z,,75.0,2.0,0.3,2.0,1.5,2,4,0,3,0,0,0,0,0,0.78,0.43,1.21,4.50,18,4,10,4,,3.0,,0,False,158,-1,5490,32568,-11.7,-718,False,,-28.7,-2,-57.9,-3,-87.2,-3
184341,430,Mason,Mount,3,16,1,1,10,0,0,0,54,3,-1,1.0,0.0,1006,2050,0.2,Mount,0,0.7,0.6,1.1,5.0,a,,2026-08-15T16:00:07.879135Z,100.0,100.0,0.5,0.1,0.5,0.5,1,0,0,0,0,0,0,0,0,0.09,0.01,0.10,0.00,1,0,1,0,,4.0,,0,False,527,0,278,274,0.1,-1,False,,0.1,1,0.1,1,0.0,0
493250,431,Amad,Diallo,3,16,1,0,0,0,0,0,57,0,-3,0.0,0.3,2338,125095,0.0,Amad,0,0.0,0.0,0.0,0.0,i,Unspecified injury - Unknown return date,2026-08-22T11:00:08.617283Z,0.0,0.0,0.0,0.0,0.0,0.0,0,0,0,0,0,0,0,0,0,0.00,0.00,0.00,0.00,0,0,0,0,,,4.0,0,False,299,0,296,3374,-29.0,-101,False,,-42.0,-3,-64.5,-3,-86.9,-3
516895,432,Kobbie,Mainoo,3,16,1,22,354,0,1,2,55,102,0,4.4,1.4,96854,80576,4.0,Mainoo,0,19.3,83.2,88.8,21.0,d,Unspecified injury - 75% chance of playing,2026-09-21T13:00:09.169862Z,,75.0,4.0,0.7,4.0,3.0,4,4,0,4,0,0,0,0,0,0.30,0.52,0.82,4.77,56,6,40,10,,,,0,False,150,0,9760,28299,8.9,-585,False,,3.4,1,-23.8,-2,-60.8,-3
232112,433,Manuel,Ugarte Ribeiro,3,16,1,0,0,0,0,0,50,0,0,0.0,0.0,131,274,0.0,Ugarte,0,0.0,0.0,0.0,0.0,i,Knee injury - Unknown return date,2026-07-23T12:01:23.706702Z,0.0,0.0,0.0,0.0,0.0,0.0,0,0,0,0,0,0,0,0,0,0.00,0.00,0.00,0.00,0,0,0,0,,,,0,False,645,0,35,34,-72.9,1,False,,-61.6,-3,-42.2,-3,-22.8,-2
547037,434,Jack,Fletcher,3,16,1,0,0,0,0,0,49,0,-1,0.0,0.0,344,743,0.0,J.Fletcher,0,0.0,0.0,0.0,0.0,a,,,,,0.0,0.0,0.0,0.0,0,0,0,0,0,0,0,0,0,0.00,0.00,0.00,0.00,0,0,0,0,,,,0,False,607,0,64,95,-49.6,0,False,,-49.6,-3,-49.6,-3,-49.6,-3
576628,435,Shea,Lacey,3,16,1,1,10,0,0,0,49,3,-1,1.0,0.1,1902,3527,0.2,Lacey,0,0.1,0.2,0.6,0.0,a,,,,,0.0,0.0,0.0,0.0,0,0,0,0,0,0,0,0,0,0.00,0.00,0.00,0.00,1,0,1,0,,,,0,False,487,0,549,562,-9.2,0,False,,-9.2,-1,-9.2,-1,-9.2,-1
490881,436,Toby,Collyer,3,16,1,0,0,0,0,0,50,0,0,0.0,0.0,150,1076,0.0,Collyer,0,0.0,0.0,0.0,0.0,u,Has joined West Brom permanently,2026-09-01T13:16:48.584385Z,0.0,0.0,0.0,0.0,0.0,0.0,0,0,0,0,0,0,0,0,0,0.00,0.00,0.00,0.00,0,0,0,0,,,,0,False,610,0,0,69,0.0,0,False,,0.0,0,0.0,0,0.0,0
576620,437,Bendito,Mantato,3,16,1,0,0,0,0,0,44,0,-1,0.0,0.2,5567,10202,0.0,Bendito Mantato,0,0.0,0.0,0.0,0.0,a,,,,,0.0,0.0,0.0,0.0,0,0,0,0,0,0,0,0,0,0.00,0.00,0.00,0.00,0,0,0,0,,,,0,False,352,-1,903,1421,-0.3,-6,False,,-2.4,-1,-5.9,-1,-9.4,-1
519913,438,Tyler,Fletcher,3,16,1,0,0,0,0,0,44,0,-1,0.0,0.3,11144,18065,0.0,Fletcher,0,0.0,0.0,0.0,0.0,a,,,,,0.0,0.0,0.0,0.0,0,0,0,0,0,0,0,0,0,0.00,0.00,0.00,0.00,0,0,0,0,,,,0,False,284,0,3075,3296,0.2,-35,False,,-5.1,-1,-23.7,-2,-42.3,-3
485711,439,Benjamin,Sesko,4,16,1,8,76,1,0,0,70,39,0,2.0,1.4,104634,152028,1.1,Šeško,0,8.2,34.6,11.9,36.0,i,Shin injury - Expected back 18 Oct,2026-09-20T19:30:08.505755Z,100.0,0.0,0.5,0.1,0.5,0.0,0,0,0,3,0,0,0,0,0,0.39,0.01,0.40,2.00,5,0,5,0,,,,0,False,152,0,7195,42355,-59.7,-1159,False,,-88.3,-3,-137.4,-5,-186.6,-5
458249,440,Joshua,Zirkzee,4,16,1,2,20,0,0,0,53,8,-2,1.0,0.4,17505,45185,0.4,Zirkzee,0,2.2,7.6,14.9,0.0,a,,,,,1.0,0.2,1.0,1.0,1,0,0,0,0,0,0,0,0,0.00,0.01,0.01,0.02,4,0,2,2,,,,0,False,268,-1,3625,4632,-7.0,14,False,,-5.1,-1,-1.8,-1,0.1,1
596047,441,Chido,Obi,4,16,1,0,0,0,0,0,45,0,0,0.0,0.9,45543,79256,0.0,Obi,0,0.0,0.0,0.0,0.0,u,Has joined Willem II on loan for the rest of the season,2026-09-14T16:12:42.090874Z,0.0,0.0,0.0,0.0,0.0,0.0,0,0,0,0,0,0,0,0,0,0.00,0.00,0.00,0.00,0,0,0,0,,,,0,False,190,0,0,16314,0.0,-211,False,,0.0,0,0.0,0,0.0,0
98747,442,Nick,Pope,1,17,4,0,0,0,0,0,49,0,-1,0.0,0.9,14165,55715,0.0,Pope,0,0.0,0.0,0.0,0.0,a,,,,,0.0,0.0,0.0,0.0,0,0,0,0,0,0,0,0,0,0.00,0.00,0.00,0.00,0,0,0,0,,,,0,False,184,0,1672,4992,-51.6,-38,False,,-55.7,-3,-62.6,-3,-69.6,-3
81441,443,Mark,Gillespie,1,17,4,0,0,0,0,0,45,0,0,0.0,0.0,802,1288,0.0,Gillespie,0,0.0,0.0,0.0,0.0,a,,,,,0.0,0.0,0.0,0.0,0,0,0,0,0,0,0,0,0,0.00,0.00,0.00,0.00,0,0,0,0,,,,0,False,531,0,77,168,-48.4,-2,False,,-54.5,-3,-65.0,-3,-75.5,-3
554578,444,Ewen,Jaouen,1,17,4,0,0,0,0,0,44,0,-1,0.0,0.0,475,1639,0.0,Jaouen,0,0.0,0.0,0.0,0.0,i,Hamstring injury - Unknown return date,2026-09-10T16:00:09.127466Z,50.0,0.0,0.0,0.0,0.0,0.0,0,0,0,0,0,0,0,0,0,0.00,0.00,0.00,0.00,0,0,0,0,,,,0,False,573,-1,42,234,-8.4,-6,False,,-14.9,-1,-26.2,-2,-37.4,-2
465642,445,Malick,Thiaw,2,17,4,14,450,0,0,0,50,32,0,2.8,2.2,193250,134920,2.8,Thiaw,1,12.7,106.2,16.3,4.0,a,,,,,3.0,0.6,3.0,3.0,4,5,0,9,1,0,0,0,0,0.00,0.08,0.08,9.14,45,0,10,45,,,,0,False,118,0,23949,21909,21.2,239,False,,23.5,2,27.4,2,31.3,2
119471,446,Fabian,Schär,2,17,4,2,25,0,0,0,49,0,-1,1.0,0.2,7989,14446,0.4,Schär,0,3.6,25.0,10.5,0.0,a,,2026-08-15T16:30:07.209742Z,100.0,100.0,0.5,0.1,0.5,0.5,1,0,0,2,0,0,0,0,0,0.00,0.01,0.01,1.87,7,0,0,7,,2.0,,0,False,325,0,1478,1500,-1.3,23,False,,0.2,1,0.6,1,0.9,1
220237,447,Sven,Botman,2,17,4,15,450,0,0,0,50,43,0,3.0,0.8,54930,31454,3.0,Botman,1,16.4,136.0,4.1,23.0,a,,,,,3.0,0.6,3.0,3.0,4,5,0,9,0,0,0,1,0,0.06,0.17,0.23,9.14,59,5,14,54,,,,0,False,205,0,12256,6160,12.0,223,False,,14.1,1,17.7,1,21.3,2
78916,448,Dan,Burn,2,17,4,0,0,0,0,0,48,0,-2,0.0,0.7,7383,164819,0.0,Burn,0,0.0,0.0,0.0,0.0,i,Ankle injury - Expected back 12 Oct,2026-08-23T18:00:08.367241Z,0.0,0.0,0.0,0.0,0.0,0.0,0,0,0,0,0,0,0,0,0,0.00,0.00,0.00,0.00,0,0,0,0,,,,0,False,217,-1,168,9911,-10.3,-172,False,,-15.5,-1,-24.5,-2,-33.6,-2
487838,449,Lewis,Hall,2,17,4,31,449,1,1,6,53,127,3,6.2,21.0,2054969,391422,5.8,Hall,1,30.2,175.6,89.0,38.0,a,,,,,6.5,1.2,6.5,6.5,13,5,0,9,0,0,0,0,0,0.25,0.79,1.04,9.12,46,13,38,33,,1.0,1.0,2,False,16,1,641467,63589,47.7,16615,False,,105.7,5,205.6,5,305.6,5
441191,450,Tino,Livramento,2,17,4,4,33,0,1,0,49,12,-1,2.0,0.1,10338,8053,0.8,Livramento,0,1.3,5.0,3.8,4.0,d,Unspecified injury - 50% chance of playing,2026-09-19T14:00:09.046677Z,100.0,50.0,1.5,0.3,1.5,0.8,0,0,0,1,0,0,0,1,0,0.00,0.01,0.01,0.18,3,2,4,1,,,,0,False,439,0,542,3613,0.6,-139,False,,-47.4,-3,-207.8,-5,-368.1,-5
545477,451,Alex,Murphy,2,17,4,0,0,0,0,0,40,0,0,0.0,0.1,0,7127,0.0,A.Murphy,0,0.0,0.0,0.0,0.0,u,Has joined FC Kaiserslautern on loan for the rest of the season,2026-08-12T14:05:29.224600Z,0.0,0.0,0.0,0.0,0.0,0.0,0,0,0,0,0,0,0,0,0,0.00,0.00,0.00,0.00,0,0,0,0,,,,0,False,493,0,0,476,0.0,-4,False,,0.0,0,0.0,0,0.0,0
208706,452,Bruno,Guimarães Rodriguez Moura,3,1,3,9,123,1,0,1,67,45,-3,3.0,1.8,40877,250330,1.3,Bruno G.,0,6.6,41.0,6.5,19.0,a,,2026-09-04T14:00:08.328779Z,100.0,100.0,4.0,0.6,4.0,4.0,1,1,0,3,0,0,0,0,0,0.09,0.16,0.25,2.18,12,1,8,3,4.0,,4.0,0,False,132,0,15931,13257,3.5,371,False,,7.0,1,13.1,1,19.1,1
201666,453,Harvey,Barnes,3,17,4,28,450,1,3,3,61,105,1,5.6,8.2,926595,201864,4.6,Barnes,1,28.2,105.2,80.9,96.0,a,,,,,5.5,0.9,5.5,5.5,9,5,0,9,0,0,0,0,0,0.62,0.48,1.10,9.14,33,3,16,14,,,3.0,1,False,45,1,455492,69956,54.2,14933,False,,106.3,5,196.1,5,286.0,5
449434,454,Anthony,Elanga,3,17,4,18,232,2,0,2,61,71,1,6.0,3.4,1286295,1202727,3.0,Elanga,1,19.4,82.6,50.6,61.0,i,Unspecified injury - Unknown return date,2026-09-14T20:00:09.505598Z,0.0,0.0,0.0,0.0,0.0,0.0,0,3,0,3,0,0,0,1,0,0.42,0.34,0.76,4.01,9,4,3,2,,,2.0,0,False,100,-1,458,282766,-96.5,-7189,False,,-139.9,-5,-214.9,-5,-289.9,-5
432422,455,Sandro,Tonali,3,19,6,14,427,0,0,0,53,86,-2,2.8,1.7,50038,285088,2.6,Tonali,2,18.0,63.0,89.0,28.0,a,,2026-09-14T14:30:07.387706Z,100.0,100.0,2.5,0.5,2.5,2.5,2,5,0,8,0,0,0,0,0,0.24,0.61,0.85,7.72,42,11,20,11,,,,0,False,133,-1,4449,30481,-41.4,-726,False,,-65.8,-3,-108.0,-5,-150.2,-5
232653,456,Jacob,Ramsey,3,17,4,7,69,1,0,0,48,26,-2,2.3,0.2,16651,34397,1.5,J.Ramsey,0,6.7,40.4,6.3,21.0,i,Thigh injury - Unknown return date,2026-09-15T09:00:08.191022Z,0.0,0.0,0.0,0.0,0.0,0.0,0,0,0,1,0,0,0,1,0,0.17,0.16,0.33,1.92,11,2,6,3,,,,0,False,327,-1,105,8194,-15.6,-177,False,,-33.4,-2,-64.1,-3,-94.8,-3
114243,457,Jacob,Murphy,3,17,4,3,181,0,0,0,59,21,-1,0.6,0.1,6991,11802,0.5,J.Murphy,0,4.9,13.0,26.9,10.0,a,,,,,0.5,0.1,0.5,0.5,1,2,0,5,0,0,0,3,0,0.03,0.41,0.44,4.96,18,4,10,4,,,4.0,0,False,375,0,1888,1623,-15.4,-25,False,,-32.8,-2,-62.7,-3,-92.6,-3
180974,458,Joelinton Cássio,Apolinário de Lira,3,17,4,0,0,0,0,0,54,0,-1,0.0,0.0,249,2294,0.0,Joelinton,0,0.0,0.0,0.0,0.0,d,Unspecified injury - 75% chance of playing,2026-08-16T08:00:08.074045Z,0.0,75.0,0.0,0.0,0.0,0.0,0,0,0,0,0,0,0,0,0,0.00,0.00,0.00,0.00,0,0,0,0,,,,0,False,579,0,38,132,0.0,0,False,2026-10-16T14:00:12.032649Z,0.0,0,0.0,0,0.0,0
547719,459,Lewis,Miley,3,17,4,12,396,0,0,0,55,68,0,2.4,0.1,6386,6512,2.2,L.Miley,1,12.0,58.4,57.3,5.0,d,Unspecified injury - 75% chance of playing,2026-10-01T15:30:10.335504Z,100.0,75.0,2.0,0.4,2.0,1.5,4,5,0,8,1,0,0,1,0,0.05,0.14,0.19,7.95,52,6,26,20,,,5.0,0,False,457,0,522,1505,0.2,-54,False,,-27.2,-2,-99.3,-4,-171.4,-5
200089,460,Joe,Willock,3,17,4,22,284,2,0,3,50,80,0,4.4,0.6,76549,34600,4.4,Willock,1,19.4,92.2,41.0,68.0,a,,,,,5.5,1.1,5.5,5.5,10,3,0,5,0,0,0,0,0,0.81,0.30,1.11,5.19,18,5,9,4,,,,0,False,225,0,21729,6615,20.2,427,False,,24.2,2,31.1,2,38.1,2
611665,461,Bazoumana,Touré,3,17,4,8,50,1,0,0,58,29,-2,2.7,0.1,4045,17231,1.4,Touré,0,6.4,37.6,5.3,21.0,a,,,,,3.5,0.6,3.5,3.5,1,0,0,1,0,0,0,0,0,0.28,0.01,0.29,0.76,4,0,3,1,,,,0,False,386,0,662,1624,-27.1,-24,False,,-46.1,-3,-78.9,-3,-111.7,-5
636852,462,Sean,Steur,3,17,4,8,223,0,0,0,49,42,-1,1.6,0.1,2650,6591,1.6,Steur,1,8.8,35.4,52.2,0.0,a,,,,,2.5,0.5,2.5,2.5,3,2,0,5,0,0,0,0,0,0.00,0.06,0.06,4.23,21,4,8,9,,,,0,False,462,0,494,794,-64.3,-5,False,,-70.8,-3,-81.9,-3,-93.1,-3
470313,463,Nick,Woltemade,4,17,4,4,19,0,1,0,59,18,-1,4.0,0.5,14520,143778,0.7,Woltemade,0,4.0,18.2,10.5,11.0,u,Has joined Juventus on loan for the rest of the season,2026-09-02T16:07:16.549304Z,0.0,0.0,0.0,0.0,0.0,0.0,0,0,0,0,0,0,0,0,0,0.02,0.01,0.03,0.38,0,0,0,0,,,,0,False,256,0,0,5343,0.0,-78,False,,0.0,0,0.0,0,0.0,0
216646,464,Yoane,Wissa,4,17,4,15,441,1,1,2,62,54,2,3.0,19.3,2455339,851947,2.4,Wissa,1,23.3,66.6,60.6,106.0,a,,,,,1.0,0.2,1.0,1.0,0,5,0,8,0,0,1,2,0,2.35,0.06,2.41,7.97,27,6,15,6,2.0,,,0,False,19,0,259827,264937,108.5,5936,False,,164.6,5,261.4,5,358.2,5
538207,465,William,Osula,4,17,4,4,55,0,1,0,58,18,-2,4.0,0.3,21689,88169,0.7,Osula,0,5.0,28.2,13.7,8.0,d,Foot injury - 50% chance of playing,2026-08-25T19:00:08.004915Z,0.0,50.0,0.0,0.0,0.0,0.0,0,1,0,1,0,0,0,0,0,0.06,0.14,0.20,1.48,5,1,2,2,1.0,4.0,,0,False,295,-1,366,3864,-0.0,0,False,2026-10-16T20:30:11.173862Z,-0.0,0,-0.0,0,-0.0,0
599303,466,Sean,Neave,4,17,4,0,0,0,0,0,45,0,0,0.0,0.5,23805,55152,0.0,Neave,0,0.0,0.0,0.0,0.0,u,Has joined Wolves on loan for the rest of the season,2026-09-04T12:37:43.515176Z,0.0,0.0,0.0,0.0,0.0,0.0,0,0,0,0,0,0,0,0,0,0.00,0.00,0.00,0.00,0,0,0,0,,,,0,False,254,0,0,6530,0.0,-83,False,,0.0,0,0.0,0,0.0,0
85633,467,Matz,Sels,1,18,17,14,450,0,0,0,50,67,0,2.8,1.5,70498,70210,2.8,Sels,1,8.2,82.0,0.0,0.0,a,,,,,2.5,0.5,2.5,2.5,2,5,11,5,0,0,0,0,0,0.00,0.01,0.01,4.77,0,0,46,6,,,,0,False,144,0,4245,14148,2.7,-269,False,,0.2,1,-29.1,-2,-59.3,-3
221389,468,John Victor,Maciel Furtado,1,18,17,0,0,0,0,0,45,0,0,0.0,0.1,912,2121,0.0,John,0,0.0,0.0,0.0,0.0,a,,,,,0.0,0.0,0.0,0.0,0,0,0,0,0,0,0,0,0,0.00,0.00,0.00,0.00,0,0,0,0,,,,0,False,486,0,105,261,-84.6,0,False,,-84.6,-3,-84.6,-3,-84.6,-3
215136,469,Neco,Williams,2,18,17,19,450,0,1,1,50,85,0,3.8,7.4,333118,489669,3.8,N.Williams,1,25.6,90.4,123.7,42.0,d,Illness - 50% chance of playing,2026-10-09T14:30:11.466887Z,,50.0,2.0,0.4,2.0,1.0,2,5,0,5,0,0,0,0,0,0.41,0.61,1.02,4.77,29,14,28,15,,3.0,2.0,0,False,51,0,18632,184411,-13.8,-11333,False,,-94.8,-3,-234.7,-5,-374.6,-5
485047,470,Felipe,Rodrigues da Silva,2,18,17,0,0,0,0,0,50,0,0,0.0,0.0,424,3779,0.0,Morato,0,0.0,0.0,0.0,0.0,u,Has joined West Ham on loan for the rest of the season,2026-09-02T16:19:54.503286Z,0.0,0.0,0.0,0.0,0.0,0.0,0,0,0,0,0,0,0,0,0,0.00,0.00,0.00,0.00,0,0,0,0,,,,0,False,577,0,0,199,0.0,-8,False,,0.0,0,0.0,0,0.0,0
227444,471,Nikola,Milenković,2,18,17,12,270,0,0,0,54,34,-1,4.0,0.9,18044,118477,2.2,Milenković,1,7.0,53.2,1.4,16.0,i,Knee injury - Unknown return date,2026-09-12T14:00:09.705107Z,0.0,0.0,0.0,0.0,0.0,0.0,0,3,0,3,0,0,0,1,0,0.11,0.03,0.14,3.28,31,5,12,26,,,,0,False,187,-1,112,23320,-29.7,-781,False,,-47.8,-3,-79.2,-3,-110.5,-5
575476,472,Murillo,Costa dos Santos,2,18,17,23,449,0,1,0,55,76,0,4.6,2.2,118913,70312,4.2,Murillo,1,21.4,124.2,62.6,27.0,a,,2026-07-23T12:01:23.801183Z,100.0,100.0,5.0,0.9,5.0,5.0,4,5,0,5,0,0,0,1,0,0.42,0.37,0.79,4.77,53,9,18,44,,2.0,,0,False,119,0,23416,17051,27.9,216,False,,29.9,2,33.5,2,37.0,2
159506,473,Ola,Aina,2,18,17,8,306,0,0,0,44,45,-1,2.0,2.1,70654,193889,1.8,Aina,1,12.7,58.2,53.3,15.0,a,,,,,1.0,0.2,1.0,1.0,0,4,0,3,0,0,0,2,0,0.04,0.53,0.57,3.72,22,10,14,12,,,,0,False,123,-1,2541,44102,-17.4,-650,False,,-34.8,-2,-64.8,-3,-94.9,-3
575458,474,Jair,Paula da Cunha Filho,2,18,17,11,360,0,0,0,45,40,0,2.8,0.2,10265,13775,2.4,Jair Cunha,1,8.6,69.6,14.2,2.0,a,,2026-09-12T14:00:09.724349Z,75.0,100.0,0.5,0.1,0.4,0.5,1,4,0,4,0,0,0,2,0,0.05,0.02,0.07,3.95,36,7,8,29,,,,0,False,341,0,759,1249,-52.1,-21,False,,-63.6,-3,-83.6,-3,-103.5,-5
500151,475,Nicolò,Savona,2,18,17,0,0,0,0,0,45,0,0,0.0,0.0,252,297,0.0,Savona,0,0.0,0.0,0.0,0.0,i,Knee injury - Unknown return date,2026-07-23T12:01:23.816304Z,0.0,0.0,0.0,0.0,0.0,0.0,0,0,0,0,0,0,0,0,0,0.00,0.00,0.00,0.00,0,0,0,0,,,,0,False,654,0,32,39,-24.7,0,False,,-24.7,-2,-24.7,-2,-24.7,-2
204822,476,Omar,Richards,2,18,17,0,0,0,0,0,40,0,0,0.0,0.2,4189,8906,0.0,O.Richards,0,0.0,0.0,0.0,0.0,a,,,,,0.0,0.0,0.0,0.0,0,0,0,0,0,0,0,0,0,0.00,0.00,0.00,0.00,0,0,0,0,,,,0,False,331,0,489,1355,-79.8,-8,False,,-83.7,-3,-90.4,-3,-97.1,-4
549067,477,Zach,Abbott,2,18,17,0,0,0,0,0,40,0,0,0.0,0.1,2459,14734,0.0,Abbott,0,0.0,0.0,0.0,0.0,u,Has joined Southampton on loan for the rest of the season,2026-09-02T16:19:54.536676Z,0.0,0.0,0.0,0.0,0.0,0.0,0,0,0,0,0,0,0,0,0,0.00,0.00,0.00,0.00,0,0,0,0,,,,0,False,380,0,0,1661,0.0,-33,False,,0.0,0,0.0,0,0.0,0
470315,478,Luca,Netz,2,18,17,3,27,0,0,0,44,8,-1,1.0,0.0,724,1673,0.7,Netz,0,2.6,6.0,17.5,2.0,a,,,,,0.5,0.1,0.5,0.5,1,0,0,1,0,0,0,0,0,0.00,0.02,0.02,0.13,1,1,1,0,,,,0,False,541,0,94,202,-12.0,0,False,,-12.0,-1,-12.0,-1,-12.0,-1
538638,479,Tyler,Bindon,2,18,17,0,0,0,0,0,40,0,0,0.0,0.1,799,9167,0.0,Bindon,0,0.0,0.0,0.0,0.0,u,Has joined Charlton Athletic on loan for the rest of the season,2026-09-01T13:16:05.383880Z,0.0,0.0,0.0,0.0,0.0,0.0,0,0,0,0,0,0,0,0,0,0.00,0.00,0.00,0.00,0,0,0,0,,,,0,False,411,0,0,1037,0.0,-11,False,,0.0,0,0.0,0,0.0,0
222531,480,Morgan,Gibbs-White,3,18,17,28,450,1,2,6,80,116,0,5.6,15.9,1332719,778163,3.5,Gibbs-White,1,40.6,123.4,204.7,78.0,a,,2026-08-24T15:30:08.350159Z,100.0,100.0,5.0,0.6,5.0,5.0,2,5,0,5,0,0,0,0,0,1.56,1.42,2.98,4.77,21,5,14,2,1.0,1.0,,1,False,28,0,189037,195469,59.9,231,False,,62.1,3,65.9,3,69.6,3
215379,481,Elliot,Anderson,3,15,43,15,413,0,0,0,63,95,-2,3.0,3.8,112031,469707,2.4,Anderson,2,18.4,87.4,77.1,19.0,a,,2026-08-23T17:00:07.952697Z,100.0,100.0,3.5,0.6,3.5,3.5,2,5,0,5,0,0,0,1,0,0.11,0.67,0.78,7.15,54,13,23,18,,,3.0,0,False,89,0,14592,51867,-63.4,-993,False,,-89.1,-3,-133.4,-5,-177.7,-5
209046,482,Callum,Hudson-Odoi,3,18,17,1,1,0,0,0,58,2,-2,1.0,0.1,5552,18279,0.2,Hudson-Odoi,0,0.0,0.0,0.3,0.0,a,,2026-07-23T12:01:23.832709Z,100.0,100.0,0.0,0.0,0.0,0.0,0,0,0,0,0,0,0,0,0,0.00,0.00,0.00,0.00,0,0,0,0,,4.0,,0,False,373,0,541,1879,-56.9,-25,False,,-74.6,-3,-105.0,-5,-135.5,-5
456512,483,Dan,Ndoye,3,18,17,15,316,1,0,2,55,44,0,3.0,0.6,73516,57654,2.7,Ndoye,1,19.0,39.0,63.6,90.0,a,,,,,1.0,0.2,1.0,1.0,1,5,0,3,0,0,0,1,0,1.25,0.93,2.18,3.84,20,2,15,3,,,,0,False,226,0,1920,16491,12.0,-309,False,,9.0,1,4.0,1,-16.8,-1
503301,484,Omari,Hutchinson,3,18,17,0,0,0,0,0,54,0,-1,0.0,0.1,427,11234,0.0,Hutchinson,0,0.0,0.0,0.0,0.0,u,Has joined AC Milan on loan for the rest of the season,2026-09-01T13:23:52.340206Z,0.0,0.0,0.0,0.0,0.0,0.0,0,0,0,0,0,0,0,0,0,0.00,0.00,0.00,0.00,0,0,0,0,,,,0,False,466,0,0,606,0.0,-26,False,,0.0,0,0.0,0,0.0,0
476887,485,Dilane,Bakwa,3,18,17,0,0,0,0,0,55,0,0,0.0,0.0,107,1192,0.0,Bakwa,0,0.0,0.0,0.0,0.0,u,Has joined Lille on loan for the rest of the season,2026-08-27T14:53:03.381941Z,0.0,0.0,0.0,0.0,0.0,0.0,0,0,0,0,0,0,0,0,0,0.00,0.00,0.00,0.00,0,0,0,0,,,,0,False,637,0,0,50,0.0,-1,False,,0.0,0,0.0,0,0.0,0
432714,486,James,McAtee,3,18,17,12,416,0,0,0,55,91,0,2.4,0.1,10335,6711,2.2,McAtee,2,27.6,62.4,174.8,38.0,a,,,,,2.5,0.5,2.5,2.5,2,5,0,4,0,0,0,2,0,0.37,0.96,1.33,4.55,39,9,21,9,,,1.0,0,False,415,0,690,1665,2.3,-20,False,,2.1,1,1.8,1,1.5,1
250199,487,Nicolás,Domínguez,3,18,17,1,1,0,0,0,49,3,-1,1.0,0.1,1228,4315,0.2,Dominguez,0,0.0,0.2,0.0,0.0,a,,,,,0.0,0.0,0.0,0.0,0,0,0,0,0,0,0,0,0,0.00,0.00,0.00,0.00,0,0,0,0,,,,0,False,491,0,90,513,-90.3,-10,False,,-108.2,-5,-139.0,-5,-169.8,-5
210462,488,Ibrahim,Sangaré,3,18,17,4,105,0,0,0,48,15,-2,1.3,0.4,9763,73852,0.8,I.Sangaré,0,4.1,21.6,13.7,5.0,a,,2026-08-28T09:30:07.471668Z,100.0,100.0,1.0,0.2,1.0,1.0,1,1,0,1,0,0,0,0,0,0.09,0.02,0.11,0.56,8,1,3,4,,,,0,False,274,-1,864,8273,-18.2,-221,False,,-51.8,-3,-109.8,-5,-167.8,-5
204968,489,Ryan,Yates,3,18,17,0,0,0,0,0,44,0,-1,0.0,1.1,32207,98961,0.0,Yates,0,0.0,0.0,0.0,0.0,a,,2026-08-17T20:30:08.195072Z,100.0,100.0,0.0,0.0,0.0,0.0,0,0,0,0,0,0,0,0,0,0.00,0.00,0.00,0.00,0,0,0,0,,,,0,False,169,-1,2561,12606,-2.5,-74,False,,-6.3,-1,-12.9,-1,-19.5,-1
60689,490,Chris,Wood,4,18,17,4,62,0,0,0,58,13,-2,1.0,0.9,26994,120393,0.7,Wood,0,0.7,1.2,4.8,3.0,a,,,,,1.0,0.2,1.0,1.0,1,0,0,1,0,0,0,0,0,0.12,0.01,0.13,0.53,1,0,1,0,2.0,,,0,False,189,0,4415,10546,-51.4,-74,False,,-59.7,-3,-74.1,-3,-88.5,-3
482973,491,Igor Jesus,Maciel da Cruz,4,18,17,12,257,1,0,2,58,53,-2,2.4,2.2,132098,322818,2.1,Igor Jesus,0,19.6,54.8,40.7,100.0,i,Calf injury - Unknown return date,2026-10-09T14:30:11.491800Z,,0.0,4.0,0.7,4.0,0.0,1,2,0,3,0,0,0,1,0,1.25,0.08,1.33,2.61,15,2,8,5,4.0,,,0,False,120,0,13098,75473,-37.5,-4213,False,,-105.4,-5,-222.5,-5,-339.6,-5
210156,492,Taiwo,Awoniyi,4,7,9,3,232,0,0,0,54,11,-1,0.8,0.3,21468,69795,0.6,Awoniyi,0,13.6,13.6,46.2,78.0,s,Suspended until 19 Oct,2026-09-13T15:00:09.305127Z,0.0,0.0,-1.0,-0.2,0.0,0.0,0,3,0,7,0,0,0,0,1,1.30,0.04,1.34,3.55,11,1,7,3,5.0,,,0,False,279,-1,195,10000,-31.9,-302,False,,-50.1,-3,-81.3,-3,-112.5,-5
465680,493,Arnaud,Kalimuendo,4,18,17,1,1,0,0,0,54,3,-1,1.0,0.0,3157,4302,0.2,Kalimuendo,0,0.0,0.0,0.0,0.0,a,,,,,0.0,0.0,0.0,0.0,0,0,0,0,0,0,0,0,0,0.00,0.00,0.00,0.00,0,0,0,0,,,,0,False,497,0,347,602,0.0,4,False,,0.1,1,0.1,1,0.2,1
184254,494,Guglielmo,Vicario,1,19,6,0,0,0,0,0,45,0,0,0.0,0.1,0,22535,0.0,Vicario,0,0.0,0.0,0.0,0.0,u,Has joined Juventus on loan for the rest of the season,2026-08-19T13:55:33.193962Z,0.0,0.0,0.0,0.0,0.0,0.0,0,0,0,0,0,0,0,0,0,0.00,0.00,0.00,0.00,0,0,0,0,,,,0,False,389,0,0,1152,0.0,-19,False,,0.0,0,0.0,0,0.0,0
214572,495,Brandon,Austin,1,19,6,0,0,0,0,0,40,0,0,0.0,1.0,31798,23708,0.0,Austin,0,0.0,0.0,0.0,0.0,a,,,,,0.0,0.0,0.0,0.0,0,0,0,0,0,0,0,0,0,0.00,0.00,0.00,0.00,0,0,0,0,,,,0,False,175,0,4147,4023,2.3,9,False,,2.4,1,2.6,1,2.7,1
485055,496,Antonín,Kinský,1,19,6,18,450,0,0,0,45,77,0,3.6,15.8,374021,958046,4.0,Kinsky,2,11.5,104.8,10.0,0.0,a,,,,,4.5,1.0,4.5,4.5,2,5,12,8,0,0,0,0,0,0.00,0.00,0.00,7.78,0,0,34,10,,,,0,False,29,0,44867,275819,-71.8,-2656,False,,-88.3,-3,-116.7,-5,-145.2,-5
67089,497,Martin,Dubravka,1,19,6,0,0,0,0,0,40,0,0,0.0,17.0,452958,500860,0.0,Dubravka,0,0.0,0.0,0.0,0.0,a,,,,,0.0,0.0,0.0,0.0,0,0,0,0,0,0,0,0,0,0.00,0.00,0.00,0.00,0,0,0,0,,,,0,False,25,0,82319,108210,-29.3,-477,False,,-32.1,-2,-36.9,-2,-41.6,-3
221466,498,Marcos,Senesi Barón,2,19,6,3,90,0,0,0,58,10,-2,3.0,3.3,30266,475015,0.5,Senesi,0,3.9,36.6,2.2,0.0,a,,,,,0.0,0.0,0.0,0.0,0,1,0,3,0,0,0,0,0,0.00,0.02,0.02,3.87,16,5,2,11,,,,0,False,101,0,2122,38552,-81.8,-926,False,,-109.0,-5,-156.0,-5,-202.9,-5
441164,499,Pedro,Porro Sauceda,2,19,6,9,198,0,0,1,54,33,-1,3.0,6.4,124767,1113818,1.7,Pedro Porro,1,9.8,22.6,47.6,28.0,i,Hamstring injury - Unknown return date,2026-09-19T12:00:08.823872Z,100.0,0.0,0.5,0.1,0.5,0.0,1,3,0,2,0,0,0,0,0,0.37,0.16,0.53,1.68,9,3,5,6,,1.0,1.0,0,False,60,0,1993,196070,-59.6,-8999,False,,-109.3,-5,-195.0,-5,-280.8,-5
221632,500,Cristian,Romero,2,19,6,0,0,0,0,0,50,0,0,0.0,0.1,0,16921,0.0,Romero,0,0.0,0.0,0.0,0.0,u,Has joined Atletico Madrid permanently,2026-08-17T13:49:05.465401Z,0.0,0.0,0.0,0.0,0.0,0.0,0,0,0,0,0,0,0,0,0,0.00,0.00,0.00,0.00,0,0,0,0,,,,0,False,436,0,0,407,0.0,-5,False,,0.0,0,0.0,0,0.0,0
135720,501,Kevin,Danso,2,20,56,3,270,0,0,0,50,7,0,1.0,0.2,7586,10338,0.6,Danso,0,11.0,55.2,32.9,21.0,a,,,,,0.5,0.1,0.5,0.5,0,3,0,8,0,0,0,0,0,0.07,0.17,0.24,5.91,20,1,11,19,,,,0,False,351,0,2161,1301,-69.8,22,False,,-57.3,-3,-35.6,-2,-13.9,-1
122798,502,Andrew,Robertson,2,19,6,17,366,0,1,1,44,68,-1,3.4,2.4,77414,205625,3.9,Robertson,1,25.4,89.6,123.9,41.0,a,,,,,5.5,1.2,5.5,5.5,4,4,0,7,0,0,0,0,0,0.13,0.43,0.56,7.05,20,5,15,15,,,6.0,0,False,114,0,15742,34949,-10.3,-430,False,,-27.9,-2,-58.3,-3,-88.8,-3
491279,503,Micky,van de Ven,2,19,6,16,360,0,0,3,50,69,0,4.0,3.7,102160,284914,3.2,Van de Ven,2,10.3,75.8,8.7,18.0,a,,2026-08-21T15:00:07.610517Z,100.0,100.0,3.5,0.7,3.5,3.5,1,4,0,5,0,0,0,1,0,0.59,0.05,0.64,3.91,29,5,17,24,,,,0,False,93,0,13704,37673,-36.0,-553,False,,-50.6,-3,-75.9,-3,-101.2,-5
610799,504,Luka,Vušković,2,5,36,32,437,1,0,2,50,98,0,6.4,4.2,336382,161275,6.4,Vuskovic,3,21.8,128.2,18.0,72.0,a,,,,,7.0,1.4,7.0,7.0,8,5,0,5,0,0,0,0,0,0.46,0.07,0.53,8.45,43,6,17,37,,,,1,False,82,0,133282,36463,76.3,1828,False,,93.6,3,123.4,5,153.2,5
232859,505,Djed,Spence,2,19,6,0,0,0,0,0,45,0,0,0.0,0.2,0,69806,0.0,Spence,0,0.0,0.0,0.0,0.0,u,Has joined Internazionale permanently,2026-08-18T14:13:08.454214Z,0.0,0.0,0.0,0.0,0.0,0.0,0,0,0,0,0,0,0,0,0,0.00,0.00,0.00,0.00,0,0,0,0,,,,0,False,323,0,0,1720,0.0,-21,False,,0.0,0,0.0,0,0.0,0
487053,506,Destiny,Udogie,2,19,6,7,86,0,0,0,44,21,-1,2.3,0.3,5870,23685,1.6,Udogie,1,2.7,9.8,13.5,4.0,a,,2026-09-11T18:00:09.092110Z,100.0,100.0,0.0,0.0,0.0,0.0,0,1,0,1,0,0,0,1,0,0.00,0.23,0.23,1.17,4,1,4,3,,,,0,False,283,0,631,2855,-33.8,-36,False,,-44.7,-3,-63.6,-3,-82.5,-3
548308,507,Ashley,Phillips,2,19,6,0,0,0,0,0,45,0,0,0.0,0.0,0,1288,0.0,Phillips,0,0.0,0.0,0.0,0.0,u,Has joined Middlesbrough permanently,2026-08-18T14:13:08.474144Z,0.0,0.0,0.0,0.0,0.0,0.0,0,0,0,0,0,0,0,0,0,0.00,0.00,0.00,0.00,0,0,0,0,,,,0,False,597,0,0,73,0.0,0,False,,0.0,0,0.0,0,0.0,0
115556,508,Ben,Davies,2,19,6,0,0,0,0,0,39,0,-1,0.0,1.0,25858,45381,0.0,Davies,0,0.0,0.0,0.0,0.0,a,,,,,0.0,0.0,0.0,0.0,0,0,0,0,0,0,0,0,0,0.00,0.00,0.00,0.00,0,0,0,0,,,,0,False,181,-1,14062,7938,2.4,81,False,,3.1,1,4.5,1,5.8,1
640419,509,Jun'ai,Byfield,2,19,6,0,0,0,0,0,40,0,0,0.0,0.1,2443,2757,0.0,Byfield,0,0.0,0.0,0.0,0.0,a,,,,,0.0,0.0,0.0,0.0,0,0,0,0,0,0,0,0,0,0.00,0.00,0.00,0.00,0,0,0,0,,,,0,False,481,0,228,413,-7.7,-5,False,,-16.8,-1,-32.4,-2,-48.0,-3
499716,510,James,Rowswell,2,19,6,0,0,0,0,0,40,0,0,0.0,0.1,3006,3683,0.0,Rowswell,0,0.0,0.0,0.0,0.0,a,,,,,0.0,0.0,0.0,0.0,0,0,0,0,0,0,0,0,0,0.00,0.00,0.00,0.00,0,0,0,0,,,,0,False,431,0,277,555,-21.9,-11,False,,-34.3,-2,-55.6,-3,-77.0,-3
616221,511,João Victor,de Souza Menezes,2,19,6,0,0,0,0,0,40,0,0,0.0,0.2,2555,17644,0.0,Souza,0,0.0,0.0,0.0,0.0,u,Has joined FC Porto on loan for the rest of the season,2026-09-01T13:24:26.858636Z,0.0,0.0,0.0,0.0,0.0,0.0,0,0,0,0,0,0,0,0,0,0.00,0.00,0.00,0.00,0,0,0,0,,,,0,False,370,0,0,1658,0.0,-29,False,,0.0,0,0.0,0,0.0,0
460842,512,Mohammed,Kudus,3,19,6,7,123,0,1,0,65,49,0,1.8,0.2,16252,12433,1.1,Kudus,0,11.2,37.2,48.7,26.0,a,,2026-07-23T12:01:23.848657Z,100.0,100.0,2.5,0.4,2.5,2.5,4,0,0,3,0,0,0,0,0,0.11,0.42,0.53,1.46,14,3,11,0,3.0,6.0,7.0,0,False,345,0,5458,2478,3.1,121,False,,4.2,1,6.2,1,8.2,1
493362,513,Xavi,Simons,3,19,6,0,0,0,0,0,59,0,-1,0.0,0.0,383,1141,0.0,Xavi,0,0.0,0.0,0.0,0.0,i,Knee injury - Unknown return date,2026-07-23T12:01:23.864304Z,0.0,0.0,0.0,0.0,0.0,0.0,0,0,0,0,0,0,0,0,0,0.00,0.00,0.00,0.00,0,0,0,0,4.0,2.0,,0,False,595,0,91,100,-14.4,4,False,,-4.5,-1,0.0,0,0.1,1
511499,514,Mathys,Tel,3,19,6,8,257,0,0,0,57,41,-3,2.0,0.2,9320,48757,1.4,Tel,1,14.6,21.6,52.7,72.0,a,,,,,0.5,0.1,0.5,0.5,0,3,0,4,0,0,0,0,0,0.21,0.23,0.44,5.55,13,1,11,1,,3.0,3.0,0,False,358,-1,388,3940,-62.3,-133,False,,-108.8,-5,-189.0,-5,-269.2,-5
172780,515,James,Maddison,3,19,6,3,59,0,0,0,63,18,-2,1.0,0.4,6557,97927,0.5,Maddison,0,5.6,21.8,14.5,19.0,a,,2026-08-25T14:30:07.623508Z,100.0,100.0,1.0,0.2,1.0,1.0,1,0,0,2,0,0,0,0,0,0.06,0.04,0.10,1.03,11,4,4,3,,5.0,5.0,0,False,272,0,1508,3674,-90.0,-83,False,,-111.2,-5,-147.8,-5,-184.4,-5
202993,516,Rodrigo,Bentancur,3,19,6,15,370,0,0,0,55,69,0,3.0,0.2,5524,9464,2.7,Bentancur,2,12.6,77.4,39.3,8.0,a,,,,,3.5,0.6,3.5,3.5,4,4,0,6,0,0,0,0,0,0.02,0.12,0.14,5.59,60,15,23,22,,,,0,False,353,0,760,1807,-109.9,-40,False,,-133.8,-5,-174.8,-5,-215.9,-5
550839,517,Wilson,Odobert,3,19,6,0,0,0,0,0,55,0,0,0.0,0.0,159,122,0.0,Odobert,0,0.0,0.0,0.0,0.0,i,Knee injury - Unknown return date,2026-07-23T12:01:23.879434Z,0.0,0.0,0.0,0.0,0.0,0.0,0,0,0,0,0,0,0,0,0,0.00,0.00,0.00,0.00,0,0,0,0,,,,0,False,658,0,57,27,0.0,0,False,,0.0,0,0.0,0,0.0,0
482442,518,Pape Matar,Sarr,3,19,6,0,0,0,0,0,49,0,-1,0.0,0.1,4138,24282,0.0,P.M.Sarr,0,0.0,0.0,0.0,0.0,u,Has joined Juventus on loan for the rest of the season,2026-09-02T16:02:43.386849Z,0.0,0.0,0.0,0.0,0.0,0.0,0,0,0,0,0,0,0,0,0,0.00,0.00,0.00,0.00,0,0,0,0,,,,0,False,472,0,0,1215,0.0,-27,False,,0.0,0,0.0,0,0.0,0
232787,519,Conor,Gallagher,3,19,6,9,134,1,0,0,53,48,-2,3.0,0.2,5171,17814,1.7,Gallagher,1,9.6,48.6,12.2,36.0,a,,,,,3.0,0.6,3.0,3.0,6,2,0,2,0,0,0,1,0,0.37,0.12,0.49,2.65,18,8,9,1,,,,0,False,342,0,1315,1426,-2.5,-7,False,,-6.5,-1,-13.3,-1,-20.2,-2
570526,520,Lucas,Bergvall,3,19,6,3,78,0,0,0,53,13,-2,1.0,0.1,1953,9969,0.6,Bergvall,0,2.9,11.0,10.8,11.0,a,,,,,1.0,0.2,1.0,1.0,1,1,0,2,0,0,0,0,0,0.06,0.27,0.33,2.21,13,3,9,1,,,,0,False,378,-1,173,1036,-10.8,-11,False,,-15.3,-1,-23.0,-2,-30.8,-2
445044,521,Dejan,Kulusevski,3,19,6,0,0,0,0,0,65,0,0,0.0,0.0,482,777,0.0,Kulusevski,0,0.0,0.0,0.0,0.0,i,Knee injury - Unknown return date,2026-07-23T12:01:23.895175Z,0.0,0.0,0.0,0.0,0.0,0.0,0,0,0,0,0,0,0,0,0,0.00,0.00,0.00,0.00,0,0,0,0,,,,0,False,613,0,176,112,-71.1,2,False,,-64.5,-3,-53.2,-3,-42.0,-3
547701,522,Archie,Gray,3,19,6,9,307,0,0,0,49,51,-1,2.2,0.2,7189,14231,1.8,Gray,1,7.0,28.4,14.6,27.0,a,,,,,2.5,0.5,2.5,2.5,2,3,0,7,0,0,0,0,0,0.23,0.05,0.28,6.11,27,5,12,10,,,,0,False,350,0,812,2060,-40.7,-28,False,,-56.8,-3,-84.6,-3,-112.4,-5
499721,523,Mikey,Moore,3,19,6,3,89,0,0,0,50,11,0,1.5,0.0,3258,17592,0.6,Moore,0,7.5,14.2,6.3,56.0,u,Has joined FC Köln on loan for the rest of the season,2026-09-04T12:39:48.098158Z,0.0,0.0,0.0,0.0,0.0,0.0,0,1,0,4,0,0,0,0,0,0.40,0.02,0.42,3.26,3,1,2,0,,,,0,False,498,0,0,1107,0.0,-27,False,,0.0,0,0.0,0,0.0,0
499726,524,Callum,Olusesi,3,19,6,0,0,0,0,0,44,0,-1,0.0,0.9,56515,53374,0.0,Olusesi,0,0.0,0.0,0.0,0.0,a,,,,,0.0,0.0,0.0,0.0,0,0,0,0,0,0,0,0,0,0.00,0.00,0.00,0.00,0,0,0,0,,,,0,False,182,0,6899,11529,7.4,-205,False,,5.4,1,2.1,1,-14.0,-1
551226,525,Mateus,Fernandes,3,19,6,7,249,0,0,0,57,50,-3,1.4,0.7,14880,130295,1.2,Fernandes,1,14.6,24.2,92.6,34.0,a,,,,,2.0,0.4,2.0,2.0,1,3,0,4,0,0,0,1,0,0.19,0.28,0.47,4.43,21,7,12,2,,,4.0,0,False,213,-1,899,12208,-32.3,-296,False,,-56.2,-3,-97.5,-4,-138.8,-5
154566,526,Dominic,Solanke-Mitchell,4,19,6,7,170,0,0,0,58,21,-2,1.4,0.8,31973,99426,1.2,Solanke,1,6.1,8.4,17.5,37.0,a,,,,,2.0,0.3,2.0,2.0,2,2,0,1,0,0,0,0,0,0.56,0.01,0.57,2.57,9,2,5,2,1.0,,,0,False,201,0,4426,10375,-48.5,-154,False,,-67.6,-3,-100.5,-5,-133.5,-5
212319,527,Richarlison,de Andrade,4,19,6,2,67,0,0,0,59,6,-1,2.0,0.6,21439,272317,0.3,Richarlison,0,0.2,0.0,2.2,0.0,u,not included in squad.,2026-09-04T12:32:39.183614Z,0.0,0.0,0.0,0.0,0.0,0.0,0,1,0,3,0,0,0,0,0,0.00,0.00,0.00,3.02,1,0,0,1,,,,0,False,234,0,0,9834,0.0,-275,False,,0.0,0,0.0,0,0.0,0
490145,528,Dane,Scarlett,4,19,6,0,0,0,0,0,45,0,0,0.0,1.0,42525,115030,0.0,Scarlett,0,0.0,0.0,0.0,0.0,u,Has joined Leyton Orient permanently,2026-09-02T16:02:43.413625Z,0.0,0.0,0.0,0.0,0.0,0.0,0,0,0,0,0,0,0,0,0,0.00,0.00,0.00,0.00,0,0,0,0,,,,0,False,174,0,0,13463,0.0,-205,False,,0.0,0,0.0,0,0.0,0
498016,529,Robin,Roefs,1,20,56,11,450,0,0,0,49,41,-1,2.2,2.3,23585,193369,2.2,Roefs,1,7.3,73.4,0.0,0.0,a,,,,,1.0,0.2,1.0,1.0,0,5,6,10,0,0,0,0,0,0.00,0.01,0.01,8.66,0,0,35,7,,,,0,False,117,0,3736,27244,-27.0,-252,False,,-37.8,-2,-56.4,-3,-75.0,-3
232571,530,Anthony,Patterson,1,20,56,0,0,0,0,0,40,0,0,0.0,0.1,0,6249,0.0,Patterson,0,0.0,0.0,0.0,0.0,u,Has joined Wrexham permanently,2026-08-12T14:08:03.064533Z,0.0,0.0,0.0,0.0,0.0,0.0,0,0,0,0,0,0,0,0,0,0.00,0.00,0.00,0.00,0,0,0,0,,,,0,False,397,0,0,597,0.0,-9,False,,0.0,0,0.0,0,0.0,0
515046,531,Melker,Ellborg,1,20,56,0,0,0,0,0,44,0,-1,0.0,0.1,1308,3547,0.0,Ellborg,0,0.0,0.0,0.0,0.0,a,,,,,0.0,0.0,0.0,0.0,0,0,0,0,0,0,0,0,0,0.00,0.00,0.00,0.00,0,0,0,0,,,,0,False,444,-1,269,466,-0.4,-6,False,,-4.6,-1,-11.8,-1,-19.1,-1
223827,532,Daniel,Ballard,2,20,56,14,450,0,0,0,49,31,-1,2.8,1.9,45678,378224,2.9,Ballard,1,16.3,104.2,23.8,35.0,i,Hamstring injury - Unknown return date,2026-09-25T21:30:10.370384Z,,0.0,1.0,0.2,1.0,0.0,2,5,0,10,0,0,0,2,0,0.31,0.16,0.47,8.66,49,10,12,39,,,,0,False,128,0,3779,77656,-94.3,-3664,False,,-161.7,-5,-278.0,-5,-394.3,-5
200834,533,Nordi,Mukiele,2,20,56,13,360,0,0,1,54,44,-1,3.2,1.9,49255,139177,2.4,Mukiele,1,22.3,115.6,48.4,59.0,a,,2026-08-09T08:30:05.954750Z,100.0,100.0,0.0,0.0,0.0,0.0,0,4,0,8,0,0,0,1,0,0.75,0.28,1.03,6.86,48,13,16,35,,,,0,False,131,0,9924,18072,-21.3,-130,False,,-28.2,-2,-40.0,-3,-51.9,-3
487676,534,Trai,Hume,2,20,56,10,206,0,0,0,43,44,-2,2.5,2.4,38890,439971,2.3,Hume,1,11.5,32.2,59.0,23.0,a,,,,,0.5,0.1,0.5,0.5,1,2,0,2,0,0,0,0,0,0.14,0.29,0.43,4.57,13,10,12,3,,,3.0,0,False,115,-1,2264,72296,-24.7,-860,False,,-45.3,-3,-80.9,-3,-116.6,-5
201895,535,Omar,Alderete,2,20,56,1,23,0,0,0,48,2,-2,1.0,0.2,5338,28470,0.2,Alderete,0,0.0,0.0,0.6,0.0,a,,2026-08-09T08:30:05.962393Z,100.0,100.0,0.0,0.0,0.0,0.0,0,0,0,1,0,0,0,0,0,0.00,0.01,0.01,0.10,0,0,2,0,,,,0,False,321,-1,584,2194,-13.3,-23,False,,-19.2,-1,-29.5,-2,-39.8,-2
434399,536,Reinildo,Mandava,2,20,56,7,360,0,0,0,44,37,-1,1.8,0.2,4412,25741,1.6,Reinildo,1,9.5,53.8,36.4,6.0,a,,2026-09-12T21:30:09.421687Z,0.0,100.0,-1.0,-0.2,0.0,-1.0,0,4,0,5,0,0,0,0,1,0.00,0.32,0.32,5.05,29,8,18,21,,,,0,False,309,-1,549,2941,-3.4,-16,False,,-7.3,-1,-14.0,-1,-20.8,-2
519634,537,Jenson,Seelt,2,20,56,0,0,0,0,0,45,0,0,0.0,0.0,61,680,0.0,Seelt,0,0.0,0.0,0.0,0.0,u,Has joined Swansea City on loan for the rest of the season,2026-08-29T00:34:52.425076Z,0.0,0.0,0.0,0.0,0.0,0.0,0,0,0,0,0,0,0,0,0,0.00,0.00,0.00,0.00,0,0,0,0,,,,0,False,636,0,0,38,0.0,0,False,,0.0,0,0.0,0,0.0,0
477547,538,Leo Fuhr,Hjelde,2,20,56,0,0,0,0,0,40,0,0,0.0,0.0,0,2633,0.0,Hjelde,0,0.0,0.0,0.0,0.0,u,Has joined KV Mechelen on loan for the rest of the season,2026-08-12T14:08:03.081789Z,0.0,0.0,0.0,0.0,0.0,0.0,0,0,0,0,0,0,0,0,0,0.00,0.00,0.00,0.00,0,0,0,0,,,,0,False,530,0,0,262,0.0,-2,False,,0.0,0,0.0,0,0.0,0
167512,539,Luke,O'Nien,2,20,56,1,66,0,0,0,39,1,-1,1.0,2.6,46944,136335,0.3,O'Nien,0,1.7,11.4,1.4,4.0,a,,,,,0.0,0.0,0.0,0.0,0,1,0,1,0,0,0,1,0,0.01,0.01,0.02,1.69,5,1,4,4,,,,0,False,109,-1,32201,26435,5.3,77,False,,6.0,1,7.3,1,8.5,1
105717,540,Arthur,Masuaku,2,20,56,0,0,0,0,0,40,0,0,0.0,0.1,0,11919,0.0,Masuaku,0,0.0,0.0,0.0,0.0,u,Has joined Konyaspor permanently,2026-08-12T14:08:03.097784Z,0.0,0.0,0.0,0.0,0.0,0.0,0,0,0,0,0,0,0,0,0,0.00,0.00,0.00,0.00,0,0,0,0,,,,0,False,385,0,0,986,0.0,-13,False,,0.0,0,0.0,0,0.0,0
93605,541,Thomas,Meunier,2,20,56,14,396,0,1,0,45,42,0,2.8,0.3,9114,10856,3.1,Meunier,1,15.6,70.2,41.4,43.0,a,,2026-08-16T08:30:07.830062Z,100.0,100.0,2.5,0.6,2.5,2.5,3,5,0,8,0,0,0,0,0,0.34,0.58,0.92,5.94,20,4,15,16,,,,0,False,297,0,3713,2104,-21.9,34,False,,-9.7,-1,0.3,1,0.9,1
484420,542,Enzo,Le Fée,3,20,56,18,438,1,1,1,57,90,-3,3.6,3.2,58995,683671,3.2,E.Le Fée,1,31.0,88.6,137.3,82.0,a,,,,,2.5,0.4,2.5,2.5,5,5,0,9,0,0,1,0,0,2.06,1.34,3.40,8.46,21,7,11,3,2.0,3.0,1.0,0,False,103,-1,25423,57096,-9.5,-165,False,,-12.5,-1,-17.7,-1,-22.8,-2
547027,543,Habib,Diarra,3,20,56,5,28,0,1,0,53,18,-2,2.5,0.0,563,6076,0.9,Diarra,0,2.9,15.6,10.9,2.0,i,Hamstring injury - Expected back 18 Oct,2026-08-30T16:30:08.428960Z,0.0,0.0,0.0,0.0,0.0,0.0,0,0,0,1,0,0,0,0,0,0.03,0.16,0.19,0.12,0,0,0,0,1.0,,,0,False,562,-1,25,393,-7.8,-8,False,,-16.0,-1,-30.1,-2,-44.3,-3
84450,544,Granit,Xhaka,3,20,56,21,450,0,1,5,55,116,0,4.2,3.4,135773,230834,3.8,Xhaka,1,28.8,93.6,191.1,3.0,a,,,,,1.5,0.3,1.5,1.5,2,5,0,10,0,0,0,2,0,0.06,1.32,1.38,8.66,54,9,33,12,,2.0,2.0,0,False,99,0,11241,45745,-100.4,-771,False,,-122.4,-5,-160.4,-5,-198.3,-5
577669,545,Noah,Sadiki,3,20,56,10,410,0,0,0,49,75,-1,2.0,0.2,6069,19789,2.0,Sadiki,1,19.2,52.8,59.5,81.0,a,,,,,2.0,0.4,2.0,2.0,2,5,0,9,0,0,0,1,0,0.44,0.24,0.68,6.47,29,6,12,11,,,,0,False,329,0,756,2764,-100.6,-34,False,,-117.1,-5,-145.6,-5,-174.1,-5
535818,546,Simon,Adingra,3,20,56,0,0,0,0,0,49,0,-1,0.0,0.0,240,7618,0.0,Adingra,0,0.0,0.0,0.0,0.0,u,Has joined Ajax on loan for the rest of the season,2026-08-20T14:00:08.416985Z,0.0,0.0,0.0,0.0,0.0,0.0,0,0,0,0,0,0,0,0,0,0.00,0.00,0.00,0.00,0,0,0,0,,,,0,False,563,0,0,390,0.0,-9,False,,0.0,0,0.0,0,0.0,0
461199,547,Romaine,Mundle,3,20,56,1,1,0,0,0,48,2,-2,1.0,0.0,207,703,0.2,Mundle,0,2.5,8.0,0.1,17.0,i,Knee injury - Unknown return date,2026-09-09T14:00:08.462705Z,0.0,0.0,0.0,0.0,0.0,0.0,0,0,0,0,0,0,0,0,0,0.17,0.00,0.17,0.09,1,0,0,1,,,,0,False,638,-1,16,85,-0.3,0,False,,-0.3,-1,-0.3,-1,-0.3,-1
554197,548,Chris,Rigg,3,20,56,2,17,0,0,0,49,6,-1,1.0,0.0,496,3046,0.4,Rigg,0,0.0,0.0,0.3,0.0,a,,,,,0.0,0.0,0.0,0.0,0,0,0,1,0,0,0,0,0,0.00,0.00,0.00,0.44,1,0,1,0,,,,0,False,508,0,59,426,-101.0,-8,False,,-119.6,-5,-151.6,-5,-183.7,-5
549912,549,Chemsdine,Talbi,3,20,56,1,31,0,0,0,53,1,-2,1.0,0.1,1406,12237,0.2,Talbi,0,0.0,0.0,0.9,0.0,a,,,,,0.0,0.0,0.0,0.0,0,0,0,1,0,0,0,0,0,0.00,0.00,0.00,0.14,2,0,2,0,,,,0,False,388,0,173,1017,-45.9,-21,False,,-63.1,-3,-92.7,-3,-122.3,-5
699989,550,Djiamgone Jocelin Ta,Bi,3,20,56,0,0,0,0,0,49,0,-1,0.0,0.0,346,467,0.0,Jocelin.T,0,0.0,0.0,0.0,0.0,a,,,,,0.0,0.0,0.0,0.0,0,0,0,0,0,0,0,0,0,0.00,0.00,0.00,0.00,0,0,0,0,,,,0,False,630,-1,72,86,0.0,0,False,,0.0,0,0.0,0,0.0,0
536661,551,Nilson,Angulo,3,20,56,16,313,1,1,0,50,67,0,3.2,0.1,13262,11176,3.2,N.Angulo,1,15.7,72.2,38.3,47.0,a,,,,,3.0,0.6,3.0,3.0,4,5,0,7,0,0,0,1,0,0.60,0.13,0.73,4.56,24,5,14,5,,1.0,,0,False,396,0,983,1388,1.4,-4,False,,1.4,1,1.3,1,1.3,1
441264,552,Brian,Brobbey,4,20,56,24,399,3,0,3,57,113,-3,4.8,5.8,296644,1051940,4.2,Brobbey,1,31.7,108.4,69.0,142.0,i,Hamstring injury - Expected back 25 Oct,2026-09-24T21:30:10.382142Z,,0.0,9.0,1.6,9.0,0.0,17,5,0,9,0,0,0,1,0,2.94,0.11,3.05,8.18,11,0,10,1,,,,1,False,68,-1,205186,165768,46.2,-5657,False,,-2.7,-1,-37.3,-2,-71.9,-3
437505,553,Wilson,Isidor,4,20,56,15,117,1,1,3,55,51,0,3.0,1.3,104736,94404,2.7,Isidor,0,6.7,30.8,1.0,35.0,a,,,,,1.0,0.2,1.0,1.0,1,0,0,3,0,0,0,0,0,1.49,0.01,1.50,3.78,5,2,3,0,,,,0,False,160,0,12434,19250,4.0,139,False,,5.3,1,7.6,1,9.9,1
546600,554,Kayne,van Oevelen,1,12,40,0,0,0,0,0,45,0,0,0.0,0.0,54,2046,0.0,Van Oevelen,0,0.0,0.0,0.0,0.0,u,Has joined Valencia on loan for the rest of the season,2026-08-25T14:04:09.529320Z,0.0,0.0,0.0,0.0,0.0,0.0,0,0,0,0,0,0,0,0,0,0.00,0.00,0.00,0.00,0,0,0,0,,,,0,False,587,0,0,172,0.0,0,False,,0.0,0,0.0,0,0.0,0
169593,555,Remi,Matthews,1,8,31,0,0,0,0,0,40,0,0,0.0,1.7,24750,33723,0.0,Matthews,0,0.0,0.0,0.0,0.0,a,,,,,0.0,0.0,0.0,0.0,0,0,0,0,0,0,0,0,0,0.00,0.00,0.00,0.00,0,0,0,0,,,,0,False,135,0,2566,5283,-11.2,-7,False,,-11.6,-1,-12.3,-1,-13.0,-1
169359,556,Matt,Targett,2,11,88,1,5,0,0,0,40,3,0,1.0,1.5,24894,99188,0.2,Targett,0,0.0,0.4,0.0,0.0,i,Ankle injury - Unknown return date,2026-09-17T14:00:26.419938Z,75.0,0.0,0.0,0.0,0.0,0.0,0,0,0,0,0,0,0,0,0,0.00,0.00,0.00,0.07,0,0,1,0,,,,0,False,145,0,170,21912,-68.8,-539,False,,-81.5,-3,-103.4,-5,-125.3,-5
439509,557,Christos,Tzolis,3,1,3,16,362,0,2,1,63,81,-2,3.2,7.9,463462,2047670,2.5,Tzolis,2,21.8,56.4,115.1,46.0,i,Hamstring injury - Expected back 24 Oct,2026-10-02T15:00:11.091226Z,,0.0,2.5,0.4,2.5,0.0,2,5,0,4,0,0,0,2,0,0.19,0.55,0.74,2.73,23,4,12,7,,,3.0,0,False,46,-1,13095,584462,-63.9,-32620,False,,-148.3,-5,-293.9,-5,-439.5,-5
204561,558,Xaver,Schlager,3,18,17,13,376,0,0,0,50,70,0,2.6,0.1,6059,6609,2.6,Schlager,1,12.5,68.4,25.0,31.0,a,,,,,2.5,0.5,2.5,2.5,2,4,0,5,0,0,0,1,0,0.19,0.18,0.37,4.43,49,17,21,11,,,3.0,0,False,412,0,379,1592,0.3,-30,False,,-2.9,-1,-53.4,-3,-104.0,-5
632794,559,Aladji,Bamba,3,17,4,3,27,0,0,0,49,12,-1,1.0,0.1,2651,7968,0.6,Bamba,0,1.2,11.6,0.4,0.0,a,,,,,1.0,0.2,1.0,1.0,1,0,0,1,0,0,0,0,0,0.00,0.00,0.00,1.29,8,3,2,3,,,,0,False,426,0,211,884,-92.8,-11,False,,-104.9,-5,-125.8,-5,-146.7,-5
549939,560,Mike,Penders,1,6,8,0,0,0,0,0,44,0,-1,0.0,0.1,2119,3789,0.0,Penders,0,0.0,0.0,0.0,0.0,a,,,,,0.0,0.0,0.0,0.0,0,0,0,0,0,0,0,0,0,0.00,0.00,0.00,0.00,0,0,0,0,,,,0,False,468,0,344,469,-4.4,2,False,,-1.4,-1,0.0,0,0.1,1
622758,561,Aaron,Anselmino,2,6,8,0,0,0,0,0,45,0,0,0.0,0.0,867,1294,0.0,Anselmino,0,0.0,0.0,0.0,0.0,a,,2026-08-23T19:00:08.536705Z,100.0,100.0,0.0,0.0,0.0,0.0,0,0,0,0,0,0,0,0,0,0.00,0.00,0.00,0.00,0,0,0,0,,,,0,False,570,0,110,146,0.0,5,False,,0.1,1,0.1,1,0.2,1
442967,562,Daizen,Maeda,3,12,40,8,259,0,0,0,53,32,-2,1.6,0.2,3002,21882,1.5,Maeda,0,8.1,31.0,5.5,47.0,a,,,,,1.0,0.2,1.0,1.0,1,3,0,8,0,0,0,0,0,0.71,0.02,0.73,6.05,20,8,4,8,,,,0,False,330,-1,274,3112,-29.0,-56,False,,-44.6,-3,-71.5,-3,-98.5,-4
445028,563,Hidemasa,Morita,3,11,88,1,45,0,0,0,49,6,-1,1.0,0.0,748,1862,0.2,Morita,0,2.4,11.0,13.4,0.0,a,,2026-09-09T14:00:08.474217Z,0.0,100.0,0.0,0.0,0.0,0.0,0,1,0,0,0,0,0,0,0,0.00,0.00,0.00,1.09,3,0,1,2,,,,0,False,591,-1,45,266,0.0,0,False,2026-10-17T14:30:11.562478Z,0.0,0,0.0,0,0.0,0
240514,564,Kjell,Scherpen,1,12,40,7,360,0,0,0,45,40,0,1.8,0.6,16345,25805,1.6,Scherpen,0,10.3,103.6,0.0,0.0,a,,,,,0.5,0.1,0.5,0.5,0,4,15,10,0,0,0,0,0,0.00,0.01,0.01,6.74,0,0,39,8,,,,0,False,241,0,1778,5228,-40.6,-56,False,,-50.6,-3,-67.7,-3,-84.9,-3
513545,565,Mamadou,Sangaré,3,4,94,22,321,0,2,3,56,76,1,4.4,8.7,1235075,945313,3.9,M.Sangaré,1,17.1,76.4,57.8,40.0,a,,,,,2.0,0.4,2.0,2.0,0,4,0,3,0,0,0,2,0,0.41,0.65,1.06,4.31,48,14,22,12,,,,1,False,41,-1,15787,263424,-69.6,-6513,False,,-112.3,-5,-186.1,-5,-260.0,-5
483067,566,António João,Pereira de Albuquerque Tavares da Silva,2,3,91,13,450,0,0,0,50,30,0,2.6,0.6,59734,35696,2.6,Silva,0,17.7,124.6,10.1,43.0,a,,,,,3.0,0.6,3.0,3.0,3,5,0,8,0,0,0,2,0,0.85,0.29,1.14,6.95,56,5,14,51,,,,0,False,239,0,34272,14255,2.9,176,False,,4.6,1,7.5,1,10.3,1
470551,567,Lukás,Hornícek,1,17,4,14,450,0,0,0,50,72,0,2.8,1.5,160160,78197,2.8,Horníček,1,15.5,155.6,0.0,0.0,a,,,,,2.0,0.4,2.0,2.0,3,5,19,9,0,0,0,1,0,0.00,0.00,0.00,9.14,0,0,31,11,,,,0,False,139,0,15510,11644,26.6,62,False,,27.2,2,28.2,2,29.2,2
543158,568,Valentín,Barco,3,6,8,3,115,0,0,0,54,29,-1,1.0,0.1,3267,7326,0.6,Barco,0,3.0,12.8,7.2,11.0,a,,,,,1.0,0.2,1.0,1.0,2,1,0,3,0,0,0,1,0,0.07,0.11,0.18,2.83,12,3,5,4,,,,0,False,392,0,344,759,-23.4,-30,False,,-48.2,-3,-91.1,-3,-133.9,-5
551466,569,Gonzalo,García,4,10,54,14,425,1,0,0,61,53,1,2.8,7.2,807835,353033,2.3,Gonzalo,2,22.1,53.0,46.8,125.0,a,,,,,2.0,0.3,2.0,2.0,2,5,0,7,0,0,0,0,0,2.33,0.58,2.91,8.29,18,2,9,7,1.0,,,0,False,55,1,445526,73648,13.9,15787,False,,69.0,3,163.9,5,258.9,5
571779,570,César,Palacios,3,10,54,12,226,1,0,1,54,48,-1,3.0,0.2,6647,11471,2.2,Palacios,0,14.0,45.4,32.6,62.0,a,,,,,0.5,0.1,0.5,0.5,1,3,0,7,0,0,0,1,0,0.98,0.03,1.01,5.46,17,3,10,4,,,,0,False,360,0,1358,1825,-11.4,-2,False,,-12.8,-1,-15.3,-1,-17.7,-1
216055,571,Florentino Ibrain,Morris Luís,3,12,40,2,30,0,0,0,48,9,-2,1.0,0.1,1152,7547,0.4,Florentino,0,3.2,9.0,22.3,2.0,a,,2026-08-25T11:30:07.678802Z,100.0,100.0,1.0,0.2,1.0,1.0,1,0,0,0,0,0,0,0,0,0.00,0.01,0.01,0.75,2,1,0,1,,,,0,False,450,-1,207,816,-13.7,-19,False,,-28.6,-2,-54.3,-3,-80.1,-3
473284,572,Konstantinos,Tzolakis,1,11,88,34,450,0,0,6,47,129,2,6.8,13.3,1095723,261022,7.2,Tzolakis,3,15.0,150.0,0.0,0.0,a,,,,,4.0,0.9,4.0,4.0,6,5,17,4,0,1,0,1,0,0.00,0.00,0.00,7.40,0,1,69,2,,,,2,True,32,1,224395,65372,4.3,1274,False,,8.8,1,16.4,1,24.1,2
494928,573,Juanlu,Sánchez,2,3,91,0,0,0,0,0,44,0,-1,0.0,0.2,1654,7442,0.0,Sanchez,0,0.0,0.0,0.0,0.0,a,,,,,0.0,0.0,0.0,0.0,0,0,0,0,0,0,0,0,0,0.00,0.00,0.00,0.00,0,0,0,0,,,,0,False,364,0,234,785,-19.3,-6,False,,-23.1,-2,-29.5,-2,-36.0,-2
552946,574,Jens,Hjertø-Dahl,3,11,88,1,8,0,0,0,49,4,-1,1.0,0.1,1471,4762,0.2,Hjertø-Dahl,0,0.0,0.0,0.0,0.0,a,,,,,0.0,0.0,0.0,0.0,0,0,0,0,0,0,0,0,0,0.00,0.00,0.00,0.00,1,0,1,0,,,,0,False,495,0,110,642,-106.2,-9,False,,-124.0,-5,-154.7,-5,-185.3,-5
661888,575,Caleb,Yirenkyi,3,7,9,9,265,0,0,0,48,36,-2,1.8,0.1,3232,14707,1.9,Yirenkyi,2,6.0,15.4,41.6,7.0,a,,,,,2.0,0.4,2.0,2.0,3,3,0,5,0,0,0,1,0,0.03,0.15,0.18,4.25,21,1,13,7,,,,0,False,379,-1,580,2040,-14.3,-45,False,,-33.7,-2,-67.1,-3,-100.5,-5
608227,576,Elliot,Stroud,3,11,88,7,249,0,0,0,50,17,0,1.8,0.1,3757,5124,1.4,Stroud,2,3.8,8.4,22.7,12.0,a,,,,,0.5,0.1,0.5,0.5,0,4,0,1,0,0,0,1,0,0.06,0.05,0.11,4.32,20,5,12,3,,,,0,False,448,0,235,901,-79.5,-15,False,,-98.8,-4,-132.0,-5,-165.3,-5
223723,577,Takehiro,Tomiyasu,2,8,31,3,189,0,0,0,44,10,-1,0.8,0.2,3501,15338,0.7,Tomiyasu,0,6.0,35.8,15.6,8.0,i,Calf injury - Expected back 18 Oct,2026-09-21T13:30:09.030724Z,,0.0,0.5,0.1,0.5,0.0,1,2,0,5,0,0,0,0,0,0.00,0.03,0.03,3.98,17,2,7,15,,,,0,False,312,0,172,3218,-25.7,-128,False,,-44.7,-3,-77.5,-3,-110.3,-5
465920,578,Mykhailo,Mudryk,3,19,6,1,16,0,0,0,53,3,-2,1.0,0.0,5462,7900,0.2,Mudryk,0,0.1,0.0,0.1,2.0,i,Ankle injury - Unknown return date,2026-09-11T18:00:09.154412Z,0.0,0.0,0.0,0.0,0.0,0.0,0,0,0,0,0,0,0,0,0,0.00,0.00,0.00,0.16,0,0,0,0,,,,0,False,522,-1,42,852,-22.8,-14,False,,-30.9,-2,-45.0,-3,-59.1,-3
445087,579,Ronald,Araujo,2,14,14,22,284,0,0,1,54,81,-1,4.4,3.1,164005,168755,4.1,Araujo,3,7.7,60.8,10.5,6.0,a,,,,,6.5,1.2,6.5,6.5,7,3,0,0,0,0,0,1,0,0.00,0.06,0.06,2.75,24,5,15,19,,,,0,False,104,0,32089,19066,40.2,90,False,,41.0,3,42.5,3,44.0,3
463210,580,Shea,Charles,3,10,54,13,303,0,0,0,50,60,0,2.6,0.1,5419,4884,2.6,Charles,1,14.5,85.4,46.1,14.0,a,,,,,4.5,0.9,4.5,4.5,4,3,0,5,0,0,0,0,0,0.09,0.16,0.25,6.65,46,4,19,23,,,,0,False,421,0,3689,1208,0.3,133,False,,1.6,1,3.7,1,5.9,1
568420,581,Ousmane,Diomande,2,18,17,7,163,0,0,0,54,17,-1,2.3,0.5,14761,43270,1.3,Diomande,0,5.2,32.4,1.0,19.0,a,,,,,3.0,0.6,3.0,3.0,2,2,0,2,0,0,0,0,0,0.16,0.01,0.17,1.45,19,1,10,18,,,,0,False,247,0,2639,3805,-54.9,-26,False,,-59.7,-3,-67.9,-3,-76.2,-3
690838,582,Brian,Madjo,4,2,7,0,0,0,0,0,54,0,-1,0.0,0.2,3708,32080,0.0,Madjo,0,0.0,0.0,0.0,0.0,d,Unspecified injury - 75% chance of playing,2026-08-15T16:00:07.974271Z,0.0,75.0,0.0,0.0,0.0,0.0,0,0,0,0,0,0,0,0,0,0.00,0.00,0.00,0.00,0,0,0,0,,,,0,False,339,0,1023,3309,-0.1,0,False,2026-10-17T16:00:08.716774Z,-0.1,-1,-0.1,-1,-0.1,-1
498444,583,Pep,Chavarría,2,6,8,5,208,0,0,0,49,17,-1,1.0,0.2,4082,11684,1.0,Chavarria,0,7.5,30.8,31.4,12.0,a,,,,,1.0,0.2,1.0,1.0,1,1,0,4,0,0,0,0,0,0.04,0.07,0.11,4.10,16,5,7,11,,,,0,False,368,0,1122,1078,-44.5,41,False,,-17.9,-1,0.4,1,1.1,1
196100,584,Gustavo,Hamer,3,7,9,3,32,0,0,0,53,6,-2,1.0,0.1,825,6803,0.6,Hamer,0,0.3,0.6,1.8,0.0,a,,,,,0.0,0.0,0.0,0.0,0,0,0,1,0,0,0,0,0,0.00,0.02,0.02,0.82,3,1,2,0,,,4.0,0,False,432,-1,75,796,-3.8,-24,False,,-20.2,-2,-48.4,-3,-76.6,-3
597462,585,Lucas,Herrington,2,11,88,5,197,0,0,0,40,19,0,1.0,0.6,13452,19977,1.2,Herrington,0,7.7,42.8,23.1,11.0,a,,,,,1.0,0.2,1.0,1.0,1,1,0,3,0,0,0,0,0,0.02,0.04,0.06,3.36,16,2,6,14,,,,0,False,238,0,1653,3090,-33.7,-19,False,,-37.1,-2,-42.8,-3,-48.5,-3
606930,586,Nobel,Mendy,2,11,88,25,249,1,0,1,41,69,1,6.2,6.2,695088,373139,6.1,Mendy,2,16.4,108.2,1.4,54.0,a,,2026-09-12T18:00:09.334142Z,0.0,100.0,0.5,0.1,0.0,0.5,0,4,0,1,0,0,0,0,0,0.32,0.00,0.32,4.02,39,7,6,32,,,,1,False,61,0,18796,48156,-3.0,-69,False,,-4.1,-1,-5.9,-1,-7.8,-1
106921,587,Gerónimo,Rulli,1,15,43,0,0,0,0,0,50,0,0,0.0,0.0,637,1173,0.0,Rulli,0,0.0,0.0,0.0,0.0,a,,,,,0.0,0.0,0.0,0.0,0,0,0,0,0,0,0,0,0,0.00,0.00,0.00,0.00,0,0,0,0,,,,0,False,564,0,105,162,-102.4,-4,False,,-121.0,-5,-153.2,-5,-185.4,-5
570794,588,Anan,Khalaili,2,8,31,19,379,1,0,0,50,54,0,3.8,0.3,36875,18077,3.8,Khalaili,1,22.5,128.2,48.8,48.0,a,,2026-10-04T22:00:08.963040Z,,100.0,6.5,1.3,6.5,6.5,6,4,0,8,0,0,0,1,0,0.96,0.33,1.29,8.41,44,21,26,23,,,,0,False,290,0,4182,3823,6.9,52,False,,7.4,1,8.3,1,9.1,1
469266,589,Lucas,Gourna-Douath,3,11,88,4,138,0,0,0,50,18,0,1.3,0.0,718,1428,0.8,Gourna-Douath,1,6.5,29.4,33.5,2.0,a,,,,,0.5,0.1,0.5,0.5,1,1,0,0,0,0,0,1,0,0.03,0.03,0.06,2.26,17,5,7,5,,,,0,False,560,0,49,193,-103.0,-5,False,,-126.5,-5,-166.9,-5,-207.3,-5
428971,590,Steven,Benda,1,18,17,0,0,0,0,0,45,0,0,0.0,0.1,2749,2982,0.0,Benda,0,0.0,0.0,0.0,0.0,a,,,,,0.0,0.0,0.0,0.0,0,0,0,0,0,0,0,0,0,0.00,0.00,0.00,0.00,0,0,0,0,,,,0,False,463,0,209,381,0.0,-4,False,,-0.6,-1,-9.3,-1,-18.1,-1
474120,591,Julio,Enciso,3,12,40,15,413,0,2,0,55,83,0,3.0,0.8,100071,59055,2.7,Enciso,0,23.6,60.2,75.6,100.0,a,,2026-08-22T18:00:07.551930Z,100.0,100.0,2.0,0.4,2.0,2.0,2,5,0,11,0,0,0,1,0,1.26,0.89,2.15,8.47,31,2,24,5,,,,0,False,202,0,8508,12766,9.5,24,False,,9.7,1,10.1,1,10.5,1
572584,592,Abdoul,Ouattara,2,12,40,6,131,0,0,0,40,29,0,1.2,0.8,14280,28292,1.5,Ouattara,0,7.6,31.6,36.2,9.0,a,,,,,1.5,0.4,1.5,1.5,2,1,0,2,0,0,0,0,0,0.02,0.03,0.05,3.13,11,4,14,7,,,,0,False,197,0,1495,4156,-38.8,-59,False,,-45.7,-3,-57.7,-3,-69.7,-3
463726,593,Amar,Dedic,2,17,4,13,327,0,1,2,45,36,0,3.2,1.4,448314,344124,2.9,Dedić,1,12.6,70.0,40.7,15.0,d,Unspecified injury - 50% chance of playing,2026-09-17T14:30:09.823731Z,0.0,50.0,0.0,0.0,0.0,0.0,0,4,0,7,0,0,0,0,0,0.14,0.08,0.22,7.38,24,8,15,16,,3.0,,1,False,148,0,692,74074,-0.1,0,False,2026-10-16T20:30:11.350437Z,-0.1,-1,-0.1,-1,-0.1,-1
538007,594,Promise,David,4,5,36,1,23,0,0,0,59,-4,-1,0.5,0.2,16522,23700,0.2,David,0,0.4,0.0,3.7,4.0,a,,,,,0.0,0.0,0.0,0.0,0,0,0,0,0,0,0,1,0,0.42,0.00,0.42,0.14,0,0,0,0,2.0,,,0,False,322,-1,4660,3427,0.9,8,False,,1.0,1,1.1,1,1.2,1
559152,595,Zavier,Gozo,3,8,31,2,28,0,0,0,49,6,-1,1.0,0.0,511,937,0.4,Gozo,0,0.3,1.4,1.6,0.0,a,,,,,0.5,0.1,0.5,0.5,0,0,0,2,0,0,0,0,0,0.00,0.00,0.00,0.68,1,1,0,0,,,,0,False,599,-1,61,144,-8.9,-5,False,,-31.7,-2,-71.0,-3,-110.3,-5
487992,596,Matteo,Ruggeri,2,2,7,5,113,0,0,0,45,17,0,1.7,0.1,4546,6067,1.1,Ruggeri,0,4.1,26.0,14.1,1.0,a,,,,,1.5,0.3,1.5,1.5,3,1,0,2,0,0,0,0,0,0.03,0.02,0.05,2.05,16,2,11,14,,,,0,False,414,0,1903,803,-19.3,81,False,,0.6,1,1.9,1,3.2,1
433969,597,Zion,Suzuki,1,2,7,16,360,0,0,3,50,80,0,4.0,1.9,161652,69731,3.2,Suzuki,1,11.6,115.6,0.0,0.0,a,,,,,2.0,0.4,2.0,2.0,2,4,15,5,0,0,0,0,0,0.00,0.01,0.01,5.45,0,0,43,8,,,,1,False,127,0,24088,13872,33.8,103,False,,34.8,2,36.5,2,38.2,2
173774,598,Nico,Elvedi,2,13,2,13,326,0,0,0,45,56,0,3.2,0.1,6113,3087,2.9,Elvedi,1,14.8,83.0,25.4,39.0,a,,,,,4.0,0.9,4.0,4.0,6,3,0,3,0,0,0,0,0,0.12,0.58,0.70,5.45,29,2,8,27,,,,0,False,483,0,998,528,0.7,-2,False,,0.7,1,0.7,1,0.7,1
627221,599,Sidiki,Cherif,4,7,9,1,30,0,0,0,50,3,0,1.0,0.1,7891,8162,0.2,Cherif,0,0.1,1.0,0.2,0.0,a,,,,,0.5,0.1,0.5,0.5,0,0,0,3,0,0,0,0,0,0.00,0.00,0.00,1.43,1,0,0,1,,,,0,False,416,0,964,1323,-10.6,-3,False,,-14.0,-1,-19.8,-1,-25.6,-2
612855,600,Ibrahim,Osman,3,5,36,3,40,0,0,0,50,15,0,1.0,0.0,990,1164,0.6,Osman,0,4.2,7.2,17.8,19.0,a,,,,,0.5,0.1,0.5,0.5,0,0,0,1,0,0,0,0,0,0.05,0.07,0.12,0.32,4,1,3,0,,,,0,False,581,0,159,197,-82.2,0,False,,-82.2,-3,-82.2,-3,-82.2,-3
611917,601,Luca,Williams-Barnett,3,19,6,0,0,0,0,0,45,0,0,0.0,0.1,10371,7330,0.0,Williams-Barnett,0,0.0,0.0,0.0,0.0,a,,,,,0.0,0.0,0.0,0.0,0,0,0,0,0,0,0,0,0,0.00,0.00,0.00,0.00,0,0,0,0,,,,0,False,390,0,289,1047,-66.2,-12,False,,-76.3,-3,-93.7,-3,-111.2,-5
524180,602,Cameron,Humphreys,3,12,40,0,0,0,0,0,45,0,0,0.0,0.0,2861,3299,0.0,Humphreys,0,0.0,0.0,0.0,0.0,u,Has joined Huddersfield Town on loan for the rest of the season,2026-09-02T16:04:17.524642Z,0.0,0.0,0.0,0.0,0.0,0.0,0,0,0,0,0,0,0,0,0,0.00,0.00,0.00,0.00,0,0,0,0,,,,0,False,568,0,0,305,0.0,-2,False,,0.0,0,0.0,0,0.0,0
643970,603,Jayden,Lienou,2,13,2,0,0,0,0,0,40,0,0,0.0,0.1,7053,4178,0.0,Lienou,0,0.0,0.0,0.0,0.0,a,,,,,0.0,0.0,0.0,0.0,0,0,0,0,0,0,0,0,0,0.00,0.00,0.00,0.00,0,0,0,0,,,,0,False,413,0,380,711,0.1,0,False,,0.1,1,0.1,1,0.1,1
592740,604,Alfie,Cresswell,3,13,2,0,0,0,0,0,45,0,0,0.0,0.1,14330,8324,0.0,Cresswell,0,0.0,0.0,0.0,0.0,a,,,,,0.0,0.0,0.0,0.0,0,0,0,0,0,0,0,0,0,0.00,0.00,0.00,0.00,0,0,0,0,,,,0,False,381,0,574,1296,-20.6,-17,False,,-33.7,-2,-56.2,-3,-78.8,-3
611695,605,Malick,Yalcouyé,3,5,36,20,236,2,0,1,45,96,0,4.0,3.9,581691,202293,4.4,Yalcouyé,1,29.1,109.2,70.3,111.0,a,,,,,4.5,1.0,4.5,4.5,1,3,0,4,0,0,0,0,0,1.46,0.45,1.91,6.57,19,6,7,6,,,,0,False,88,0,52802,64339,54.7,-691,False,,48.2,3,36.9,2,25.7,2
569577,606,Triston,Rowe,2,2,7,0,0,0,0,0,40,0,0,0.0,0.2,13196,6423,0.0,Rowe,0,0.0,0.0,0.0,0.0,a,,,,,0.0,0.0,0.0,0.0,0,0,0,0,0,0,0,0,0,0.00,0.00,0.00,0.00,0,0,0,0,,,,0,False,365,0,500,1168,0.1,-2,False,,0.1,1,0.1,1,0.0,0
571380,607,Luka,Lynch,3,2,7,0,0,0,0,0,45,0,0,0.0,0.1,7103,8344,0.0,Lynch,0,0.0,0.0,0.0,0.0,u,Has joined Oxford United on loan until January,2026-09-04T12:35:39.820426Z,0.0,0.0,0.0,0.0,0.0,0.0,0,0,0,0,0,0,0,0,0,0.00,0.00,0.00,0.00,0,0,0,0,,,,0,False,477,0,0,900,0.0,-5,False,,0.0,0,0.0,0,0.0,0
523700,608,Daniel,Jebbison,4,3,91,3,31,0,0,0,50,13,0,1.0,0.1,13860,7781,0.6,Jebbison,0,2.6,3.6,1.6,21.0,a,,,,,0.5,0.1,0.5,0.5,1,0,0,2,0,0,0,0,0,0.10,0.00,0.10,0.61,1,0,1,0,,,,0,False,402,0,1497,1426,0.7,9,False,,0.7,1,0.9,1,1.0,1
553746,609,Leo,Shahar,2,17,4,0,0,0,0,0,40,0,0,0.0,0.2,18236,16345,0.0,Shahar,0,0.0,0.0,0.0,0.0,u,has joined Arouca on loan for the rest of the seaon.,2026-09-11T14:41:57.406766Z,0.0,0.0,0.0,0.0,0.0,0.0,0,0,0,0,0,0,0,0,0,0.00,0.00,0.00,0.00,0,0,0,0,,,,0,False,359,0,0,2447,0.0,-22,False,,0.0,0,0.0,0,0.0,0
547686,610,Luc,De Fougerolles,2,10,54,0,0,0,0,0,40,0,0,0.0,0.1,5787,5393,0.0,De Fougerolles,0,0.0,0.0,0.0,0.0,u,has joined  Real Salt Lake on loan for the rest of the seaon.,2026-08-28T11:30:08.336405Z,0.0,0.0,0.0,0.0,0.0,0.0,0,0,0,0,0,0,0,0,0,0.00,0.00,0.00,0.00,0,0,0,0,,,,0,False,467,0,0,647,0.0,-3,False,,0.0,0,0.0,0,0.0,0
214590,611,Aaron,Wan-Bissaka,2,2,7,6,152,0,0,0,45,24,0,1.5,0.2,19886,8694,1.3,Wan-Bissaka,0,5.9,42.8,16.4,0.0,a,,,,,2.0,0.4,2.0,2.0,1,2,0,2,0,0,0,0,0,0.00,0.07,0.07,3.27,21,9,1,12,,,,0,False,313,0,3033,2361,2.5,49,False,,3.0,1,3.8,1,4.6,1
638411,612,Dayann,Méthalie,2,20,56,-1,90,0,0,0,45,-8,0,-1.0,0.0,966,527,-0.2,Methalie,0,1.2,8.0,2.0,2.0,a,,2026-08-28T13:00:08.950445Z,100.0,100.0,-0.5,-0.1,-0.5,-0.5,-1,1,0,5,0,0,0,1,0,0.03,0.01,0.04,2.82,3,1,4,2,,,,0,False,611,0,177,101,0.0,1,False,,0.1,1,0.1,1,0.1,1
696104,613,Jules,Ahoka,3,20,56,0,0,0,0,0,45,0,0,0.0,0.2,25747,15084,0.0,Ahoka,0,0.0,0.0,0.0,0.0,a,,,,,0.0,0.0,0.0,0.0,0,0,0,0,0,0,0,0,0,0.00,0.00,0.00,0.00,0,0,0,0,,,,0,False,318,0,952,2386,-62.0,-26,False,,-73.2,-3,-92.5,-3,-111.8,-5
512123,614,Jaouen,Hadjam,2,5,36,0,0,0,0,0,45,0,0,0.0,0.0,4095,2061,0.0,Hadjam,0,0.0,0.0,0.0,0.0,a,,,,,0.0,0.0,0.0,0.0,0,0,0,0,0,0,0,0,0,0.00,0.00,0.00,0.00,0,0,0,0,,,,0,False,509,0,356,356,-3.0,-1,False,,-4.6,-1,-7.4,-1,-10.2,-1
230650,615,Michele,Di Gregorio,1,3,91,0,0,0,0,0,45,0,0,0.0,0.0,3022,1841,0.0,Di Gregorio,0,0.0,0.0,0.0,0.0,a,,,,,0.0,0.0,0.0,0.0,0,0,0,0,0,0,0,0,0,0.00,0.00,0.00,0.00,0,0,0,0,,,,0,False,520,0,279,292,-34.1,0,False,,-34.1,-2,-34.1,-2,-34.1,-2
637238,616,Ayyoub,Bouaddi,3,15,43,2,22,0,0,0,55,8,0,1.0,0.2,21358,14381,0.4,Bouaddi,0,1.8,13.0,4.8,0.0,a,,,,,0.0,0.0,0.0,0.0,0,0,0,0,0,0,0,0,0,0.00,0.12,0.12,0.37,6,0,3,3,,,,0,False,354,0,1159,2942,-53.6,-40,False,,-77.0,-3,-117.3,-5,-157.7,-5
490884,617,Mohamed-Ali,Cho,3,11,88,9,72,1,0,0,50,36,0,2.2,0.0,2006,842,1.8,Cho,0,14.9,49.8,43.9,55.0,a,,,,,3.5,0.7,3.5,3.5,6,0,0,1,0,0,0,0,0,0.79,0.36,1.15,0.98,2,0,1,1,,,,0,False,576,0,570,230,0.3,6,False,,0.4,1,0.5,1,0.5,1
119090,618,Leon,Goretzka,3,2,7,0,0,0,0,0,59,0,-1,0.0,0.0,4665,4863,0.0,Goretzka,0,0.0,0.0,0.0,0.0,i,Knee injury - Expected back 17 Oct,2026-09-09T09:30:08.229436Z,0.0,0.0,0.0,0.0,0.0,0.0,0,0,0,0,0,0,0,0,0,0.00,0.00,0.00,0.00,0,0,0,0,,,,0,False,558,0,56,549,-55.4,-3,False,,-60.4,-3,-68.9,-3,-77.5,-3
218543,619,Exequiel,Palacios,3,12,40,11,275,0,0,0,50,64,0,2.8,0.1,9479,4075,2.2,Palacios,0,10.6,55.4,46.6,4.0,a,,,,,3.0,0.6,3.0,3.0,2,3,0,7,0,0,0,0,0,0.00,0.09,0.09,5.30,44,9,23,12,,,,0,False,476,0,991,1465,1.0,-32,False,,0.7,1,0.2,1,-53.6,-3
613804,620,El Hadji Malick,Diouf,2,4,94,2,39,0,0,0,45,7,0,1.0,0.1,14168,7816,0.4,Diouf,0,0.7,5.6,1.3,0.0,a,,,,,1.0,0.2,1.0,1.0,1,0,0,0,0,0,0,0,0,0.00,0.01,0.01,0.63,2,0,1,2,,,,0,False,427,0,1007,1154,-34.8,4,False,,-30.4,-2,-22.9,-2,-15.4,-1
616288,621,Ryan,McAidoo,3,15,43,2,11,0,0,0,44,8,-1,1.0,0.1,12038,7553,0.5,McAidoo,0,0.8,5.2,0.5,3.0,a,,,,,0.0,0.0,0.0,0.0,0,0,0,0,0,0,0,0,0,0.10,0.00,0.10,0.02,4,2,2,0,,,,0,False,404,-1,869,1530,0.1,7,False,,0.1,1,0.2,1,0.3,1
554054,622,Kaden,Braithwaite,2,15,43,1,1,0,0,0,40,3,0,1.0,0.2,17063,9585,0.2,Braithwaite,0,0.1,0.6,0.8,0.0,a,,,,,0.0,0.0,0.0,0.0,0,0,0,0,0,0,0,0,0,0.00,0.00,0.00,0.00,0,0,1,0,,,,0,False,357,0,856,2034,-46.4,3,False,,-44.6,-3,-41.5,-3,-38.4,-2
79602,623,Dan,Bentley,1,7,9,0,0,0,0,0,40,0,0,0.0,0.9,105852,22883,0.0,Bentley,0,0.0,0.0,0.0,0.0,a,,,,,0.0,0.0,0.0,0.0,0,0,0,0,0,0,0,0,0,0.00,0.00,0.00,0.00,0,0,0,0,,,,0,False,196,0,35474,5991,3.0,53,False,,3.5,1,4.4,1,5.3,1
519324,624,Amario,Cozier-Duberry,3,5,36,0,0,0,0,0,50,0,0,0.0,0.0,117,115,0.0,Cozier-Duberry,0,0.0,0.0,0.0,0.0,u,Has joined Middlesbrough on loan for the rest of the season,2026-09-02T15:38:15.552951Z,0.0,0.0,0.0,0.0,0.0,0.0,0,0,0,0,0,0,0,0,0,0.00,0.00,0.00,0.00,0,0,0,0,,,,0,False,666,0,0,7,0.0,0,False,,0.0,0,0.0,0,0.0,0
97846,625,Alex,Cairns,1,13,2,0,0,0,0,0,40,0,0,0.0,0.2,20534,6315,0.0,Cairns,0,0.0,0.0,0.0,0.0,a,,,,,0.0,0.0,0.0,0.0,0,0,0,0,0,0,0,0,0,0.00,0.00,0.00,0.00,0,0,0,0,,,,0,False,326,0,1575,1157,0.4,-2,False,,0.4,1,0.3,1,0.3,1
616069,626,Macaulay,Zepa,3,10,54,0,0,0,0,0,44,0,-1,0.0,0.3,38945,19932,0.0,Zepa,0,0.0,0.0,0.0,0.0,a,,,,,0.0,0.0,0.0,0.0,0,0,0,0,0,0,0,0,0,0.00,0.00,0.00,0.00,0,0,0,0,,,,0,False,280,-1,4778,3718,1.0,116,False,,2.1,1,4.0,1,5.9,1
482616,627,Bradley,Barcola,3,14,14,7,168,0,0,0,80,22,0,2.3,2.0,317011,145045,0.9,Barcola,2,7.0,10.8,27.4,31.0,a,,,,,3.0,0.4,3.0,3.0,3,2,0,0,0,0,0,0,0,0.26,0.13,0.39,1.43,8,3,5,0,,,,0,False,125,0,39549,33799,-36.6,677,False,,-3.8,-1,10.3,1,21.3,2
624777,628,Allan,Andrade Elias,3,15,43,0,0,0,0,0,60,0,0,0.0,0.0,1272,749,0.0,Allan,0,0.0,0.0,0.0,0.0,a,,,,,0.0,0.0,0.0,0.0,0,0,0,0,0,0,0,0,0,0.00,0.00,0.00,0.00,0,0,0,0,,,,0,False,604,0,309,228,0.1,-2,False,,0.1,1,0.1,1,0.0,0
155465,629,Michael,Zetterer,1,13,2,0,0,0,0,0,40,0,0,0.0,0.7,61169,15403,0.0,Zetterer,0,0.0,0.0,0.0,0.0,a,,,,,0.0,0.0,0.0,0.0,0,0,0,0,0,0,0,0,0,0.00,0.00,0.00,0.00,0,0,0,0,,,,0,False,216,0,5729,4028,2.5,9,False,,2.6,1,2.7,1,2.9,1
245719,630,Taylor,Harwood-Bellis,2,2,7,0,0,0,0,0,45,0,0,0.0,0.0,2356,1126,0.0,Harwood-Bellis,0,0.0,0.0,0.0,0.0,a,,,,,0.0,0.0,0.0,0.0,0,0,0,0,0,0,0,0,0,0.00,0.00,0.00,0.00,0,0,0,0,,,,0,False,575,0,379,320,0.0,-1,False,,0.0,0,0.0,0,0.0,0
638987,631,Ibrahim,Mbaye,3,2,7,2,33,0,0,0,60,8,0,1.0,0.1,11199,5621,0.3,Mbaye,0,4.3,9.0,15.2,19.0,a,,,,,1.0,0.2,1.0,1.0,1,0,0,3,0,0,0,0,0,0.02,0.13,0.15,1.64,2,1,1,0,,,,0,False,452,0,1691,1940,0.4,25,False,,0.6,1,1.0,1,1.4,1
626751,632,Ilyas,Ansah,4,11,88,0,0,0,0,0,50,0,0,0.0,0.0,5149,3710,0.0,Ansah,0,0.0,0.0,0.0,0.0,i,Back injury - Unknown return date,2026-09-09T10:00:08.919489Z,0.0,0.0,0.0,0.0,0.0,0.0,0,0,0,0,0,0,0,0,0,0.00,0.00,0.00,0.00,0,0,0,0,,,,0,False,556,0,102,630,-92.3,-8,False,,-103.5,-5,-122.8,-5,-142.2,-5
605972,633,Honest,Ahanor,2,8,31,3,90,0,0,0,45,10,0,3.0,0.0,2016,651,0.7,Ahanor,0,4.1,24.6,11.9,4.0,a,,,,,1.5,0.3,1.5,1.5,0,1,0,3,0,0,0,0,0,0.00,0.01,0.01,1.68,11,2,4,9,,,,0,False,586,0,241,199,0.1,-2,False,,0.1,1,0.1,1,0.0,0
613221,634,Matias,Fernandez-Pardo,4,17,4,4,157,0,0,0,60,16,0,1.3,0.1,19788,7564,0.7,Fernandez-Pardo,0,3.1,3.4,12.5,15.0,a,,,,,1.5,0.2,1.5,1.5,2,2,0,4,0,0,0,0,0,0.05,0.01,0.06,2.94,5,2,3,0,,,,0,False,374,0,4717,2664,1.6,70,False,,2.3,1,3.4,1,4.5,1
551050,635,Hugo,Larsson,3,10,54,3,37,0,0,0,50,9,0,1.0,0.0,914,343,0.6,Larsson,0,1.8,6.8,1.9,9.0,a,,,,,1.0,0.2,1.0,1.0,1,0,0,1,0,0,0,0,0,0.13,0.23,0.36,0.88,6,1,3,2,,,,0,False,618,0,169,110,0.1,1,False,,0.1,1,0.1,1,0.1,1
500033,636,Manuel Ángel,Morán Ibáñez,3,10,54,0,0,0,0,0,50,0,0,0.0,0.0,394,185,0.0,Ángel,0,0.0,0.0,0.0,0.0,a,,,,,0.0,0.0,0.0,0.0,0,0,0,0,0,0,0,0,0,0.00,0.00,0.00,0.00,0,0,0,0,,,,0,False,644,0,57,43,0.0,1,False,,0.0,0,0.0,0,0.1,1
631000,637,Robinio,Vaz,4,11,88,2,20,0,0,0,50,8,0,1.0,0.1,13482,4605,0.4,Vaz,0,1.6,2.4,11.7,2.0,a,,,,,1.0,0.2,1.0,1.0,1,0,0,0,0,0,0,0,0,0.00,0.01,0.01,0.31,2,0,2,0,,,,0,False,399,0,2977,1784,1.5,6,False,,1.6,1,1.7,1,1.8,1
496181,638,Brooke,Norton-Cuffy,2,11,88,1,34,0,0,0,40,3,0,0.5,0.2,26254,11273,0.2,Norton-Cuffy,0,1.2,2.2,0.6,9.0,a,,2026-09-21T08:30:09.561308Z,,100.0,0.0,0.0,0.0,0.0,0,0,0,0,0,0,0,1,0,0.05,0.00,0.05,0.30,1,0,4,1,,,,0,False,316,0,638,3447,-73.3,-10,False,,-77.5,-3,-84.6,-3,-91.8,-3
592984,639,José María,Andrés Baixauli,3,5,36,12,109,1,1,0,55,37,0,6.0,0.1,6818,1061,2.2,Andrés,1,10.9,52.2,17.9,39.0,a,,,,,6.0,1.1,6.0,6.0,8,1,0,0,0,0,0,0,0,0.52,0.12,0.64,1.70,13,1,8,4,,,,0,False,473,0,5574,593,2.9,159,False,,4.4,1,7.0,1,9.6,1
431639,640,Zian,Flemming,4,12,40,6,60,1,0,0,55,34,0,2.0,0.1,10687,4045,1.1,Flemming,0,10.5,38.2,12.1,55.0,a,,,,,2.5,0.5,2.5,2.5,0,0,0,1,0,0,0,1,0,0.64,0.01,0.65,0.63,5,1,3,1,,,,0,False,441,0,2325,1823,0.8,32,False,,1.1,1,1.6,1,2.1,1
437497,641,Melvin,Bard,2,13,2,1,18,0,0,0,45,1,0,1.0,0.0,1026,399,0.2,Bard,0,1.5,4.4,10.3,0.0,a,,,,,0.5,0.1,0.5,0.5,0,0,0,1,0,0,0,0,0,0.00,0.00,0.00,0.30,2,1,2,1,,,,0,False,615,0,164,123,0.1,2,False,,0.1,1,0.1,1,0.1,1
243951,642,Sorba,Thomas,3,11,88,4,119,0,0,0,55,13,0,1.3,0.0,3417,1381,0.7,Thomas,0,5.8,8.8,40.9,12.0,a,,,,,1.5,0.3,1.5,1.5,2,1,0,3,0,0,0,0,0,0.21,0.11,0.32,2.04,8,1,7,0,,,,0,False,540,0,813,532,0.4,-4,False,,0.3,1,0.3,1,0.2,1
172850,643,Ben,Chilwell,2,8,31,8,29,1,0,0,45,21,0,4.0,0.4,43668,20965,1.8,Chilwell,0,5.9,33.4,4.2,21.0,a,,,,,0.5,0.1,0.5,0.5,0,0,0,1,0,0,0,0,0,0.27,0.01,0.28,1.12,1,0,0,1,,,,0,False,265,0,1114,5755,-108.4,-154,False,,-144.6,-5,-207.1,-5,-269.6,-5
450063,644,Quinten,Timber,3,8,31,9,253,0,0,0,50,45,0,3.0,0.0,4655,1705,1.8,Timber,1,10.0,37.8,29.1,34.0,a,,,,,3.5,0.7,3.5,3.5,3,3,0,5,0,0,0,0,0,0.24,0.06,0.30,5.56,27,11,10,6,,,,0,False,519,0,832,513,0.3,10,False,,0.4,1,0.5,1,0.7,1
647839,645,Christos,Mouzakitis,3,11,88,0,0,0,0,0,50,0,0,0.0,0.0,830,348,0.0,Mouzakitis,0,0.0,0.0,0.0,0.0,a,,,,,0.0,0.0,0.0,0.0,0,0,0,0,0,0,0,0,0,0.00,0.00,0.00,0.00,0,0,0,0,,,,0,False,621,0,138,122,0.0,0,False,,0.0,0,0.0,0,0.0,0
549940,646,Malick,Fofana,3,20,56,3,60,0,0,0,55,11,0,1.0,0.0,4251,1919,0.5,Fofana,0,5.8,12.4,2.1,44.0,a,,,,,1.0,0.2,1.0,1.0,1,0,0,2,0,0,0,0,0,0.39,0.01,0.40,3.25,3,1,2,0,,,,0,False,534,0,515,491,-13.7,11,False,,0.1,1,0.2,1,0.4,1
533646,647,Darío,Osorio,3,8,31,1,1,0,0,0,55,2,0,1.0,0.0,966,451,0.2,Osorio,0,0.2,2.0,0.3,0.0,a,,,,,0.0,0.0,0.0,0.0,0,0,0,0,0,0,0,0,0,0.00,0.00,0.00,0.13,1,1,0,0,,,,0,False,624,0,47,115,-97.6,-3,False,,-142.8,-5,-220.7,-5,-298.7,-5
587982,648,Jean-Mattéo,Bahoya,3,13,2,1,1,0,0,0,50,5,0,1.0,0.0,2265,1316,0.2,Bahoya,0,0.1,1.0,0.3,0.0,d,Ankle injury - 75% chance of playing,2026-10-08T14:00:12.276121Z,,75.0,0.5,0.1,0.5,0.4,1,0,0,0,0,0,0,0,0,0.00,0.00,0.00,0.00,0,0,0,0,,,,0,False,600,0,133,348,-71.2,-10,False,,-115.5,-5,-191.8,-5,-268.1,-5
154043,649,Ainsley,Maitland-Niles,2,9,11,21,177,1,0,2,45,75,0,7.0,1.5,111703,20871,4.7,Maitland-Niles,2,11.4,67.2,38.8,8.0,a,,,,,7.0,1.6,7.0,7.0,8,2,0,1,0,0,0,0,0,0.06,0.25,0.31,2.00,13,5,7,8,,,,0,False,141,0,38671,10979,23.0,514,False,,27.9,2,36.2,2,44.6,3
442299,650,David,Affengruber,2,10,54,12,180,0,0,0,45,40,0,6.0,0.6,71748,11034,2.7,Affengruber,1,6.6,51.0,14.6,0.0,a,,,,,6.0,1.3,6.0,6.0,4,2,0,1,0,0,0,0,0,0.00,0.02,0.02,2.88,23,3,7,20,,,,0,False,237,0,68870,10412,11.2,2640,False,,36.1,2,79.2,3,122.2,5
661313,651,Juan,Angulo,4,20,56,0,0,0,0,0,45,0,0,0.0,0.8,98685,34486,0.0,J.Angulo,0,0.0,0.0,0.0,0.0,a,,,,,0.0,0.0,0.0,0.0,0,0,0,0,0,0,0,0,0,0.00,0.00,0.00,0.00,0,0,0,0,,,,0,False,203,0,16817,11471,6.1,99,False,,7.0,1,8.7,1,10.3,1
471551,652,Femi,Azeez,3,5,36,0,0,0,0,0,55,0,0,0.0,0.0,453,224,0.0,Azeez,0,0.0,0.0,0.0,0.0,i,Hamstring injury - Expected back 10 Oct,2026-09-04T11:30:08.661589Z,0.0,0.0,0.0,0.0,0.0,0.0,0,0,0,0,0,0,0,0,0,0.00,0.00,0.00,0.00,0,0,0,0,,,,0,False,651,0,30,67,-38.3,0,False,,-38.3,-2,-38.3,-2,-38.3,-2
595480,653,Floyd,Samba,3,15,43,0,0,0,0,0,45,0,0,0.0,0.0,3965,2298,0.0,Samba,0,0.0,0.0,0.0,0.0,a,,,,,0.0,0.0,0.0,0.0,0,0,0,0,0,0,0,0,0,0.00,0.00,0.00,0.00,0,0,0,0,,,,0,False,524,0,316,615,-52.9,1,False,,-51.5,-3,-49.1,-3,-46.6,-3
629068,654,Braiden,Graham,3,9,11,0,0,0,0,0,45,0,0,0.0,0.1,11397,5658,0.0,Graham,0,0.0,0.0,0.0,0.0,a,,,,,0.0,0.0,0.0,0.0,0,0,0,0,0,0,0,0,0,0.00,0.00,0.00,0.00,0,0,0,0,,,,0,False,418,0,351,1353,-52.8,-6,False,,-58.8,-3,-69.3,-3,-79.8,-3
242893,655,Yann,Gboho,3,7,9,0,0,0,0,0,55,0,0,0.0,0.0,307,124,0.0,Gboho,0,0.0,0.0,0.0,0.0,a,,,,,0.0,0.0,0.0,0.0,0,0,0,0,0,0,0,0,0,0.00,0.00,0.00,0.00,0,0,0,0,,,,0,False,653,0,109,75,0.0,0,False,,0.0,0,0.0,0,0.0,0
566213,656,Stephen,Mfuni,2,7,9,6,90,0,0,0,40,27,0,6.0,0.1,11695,3114,1.5,Mfuni,1,2.2,17.6,0.7,4.0,a,,,,,3.0,0.8,3.0,3.0,6,1,0,0,0,0,0,0,0,0.00,0.01,0.01,1.10,8,1,3,7,,,,0,False,398,0,3383,1313,0.3,11,False,,0.4,1,0.6,1,0.7,1
626464,657,Gustavo,Nunes Fernandes Gomes,3,4,94,0,0,0,0,0,45,0,0,0.0,0.0,2278,744,0.0,Nunes,0,0.0,0.0,0.0,0.0,a,,,,,0.0,0.0,0.0,0.0,0,0,0,0,0,0,0,0,0,0.00,0.00,0.00,0.00,0,0,0,0,,,,0,False,553,0,536,351,0.0,3,False,,0.1,1,0.1,1,0.2,1
661016,658,Younes,Ibrahim,3,5,36,0,0,0,0,0,45,0,0,0.0,0.0,1635,552,0.0,Ibrahim,0,0.0,0.0,0.0,0.0,a,,,,,0.0,0.0,0.0,0.0,0,0,0,0,0,0,0,0,0,0.00,0.00,0.00,0.00,0,0,0,0,,,,0,False,585,0,472,284,0.0,3,False,,0.1,1,0.1,1,0.2,1
665243,659,Mason,Miley,3,17,4,0,0,0,0,0,45,0,0,0.0,0.0,5815,1629,0.0,Miley,0,0.0,0.0,0.0,0.0,a,,,,,0.0,0.0,0.0,0.0,0,0,0,0,0,0,0,0,0,0.00,0.00,0.00,0.00,0,0,0,0,,,,0,False,499,0,2377,1027,0.2,23,False,,0.4,1,0.8,1,1.2,1
612534,660,Benjamin,Fredrick,2,4,94,0,0,0,0,0,40,0,0,0.0,0.0,799,105,0.0,Fredrick,0,0.0,0.0,0.0,0.0,a,,,,,0.0,0.0,1.1,1.1,0,0,0,0,0,0,0,0,0,0.00,0.00,0.00,0.00,0,0,0,0,,,,0,False,605,0,799,105,0.1,20,False,,0.3,1,0.6,1,0.9,1
235448,661,Ellery,Balcombe,1,4,94,0,0,0,0,0,40,0,0,0.0,0.1,5774,1123,0.0,Balcombe,0,0.0,0.0,0.0,0.0,a,,,,,0.0,0.0,1.0,1.0,0,0,0,0,0,0,0,0,0,0.00,0.00,0.00,0.00,0,0,0,0,,,,0,False,455,0,5774,1123,0.3,39,False,,0.7,1,1.3,1,1.9,1
636846,662,Mahdi,Nicoll-Jazuli,3,6,8,1,3,0,0,0,45,5,0,1.0,0.0,475,113,0.2,Nicoll-Jazuli,0,0.6,4.6,1.7,0.0,a,,,,,1.0,0.2,1.1,1.1,1,0,0,1,0,0,0,0,0,0.00,0.00,0.00,0.43,2,2,0,0,,,,0,False,620,0,475,113,0.0,4,False,,0.1,1,0.1,1,0.2,1
578512,663,Miodrag,Pivas,2,17,4,0,0,0,0,0,40,0,0,0.0,0.0,612,93,0.0,Pivas,0,0.0,0.0,0.0,0.0,a,,,,,0.0,0.0,1.1,1.1,0,0,0,0,0,0,0,0,0,0.00,0.00,0.00,0.00,0,0,0,0,,,,0,False,617,0,612,93,0.1,15,False,,0.2,1,0.5,1,0.7,1
601767,664,Vakhtang,Salia,4,17,4,0,0,0,0,0,45,0,0,0.0,0.2,17438,3129,0.0,Salia,0,0.0,0.0,0.0,0.0,a,,,,,0.0,0.0,1.0,1.0,0,0,0,0,0,0,0,0,0,0.00,0.00,0.00,0.00,0,0,0,0,,,,0,False,324,0,17438,3129,2.3,274,False,,4.9,1,9.3,1,13.8,1
655585,665,Michael,Mills,3,17,4,0,0,0,0,0,45,0,0,0.0,0.0,244,48,0.0,Mills,0,0.0,0.0,0.0,0.0,a,,,,,0.0,0.0,1.1,1.1,0,0,0,0,0,0,0,0,0,0.00,0.00,0.00,0.00,0,0,0,0,,,,0,False,647,0,244,48,0.0,3,False,,0.1,1,0.1,1,0.2,1
671875,666,Kyran,Thompson,3,17,4,0,0,0,0,0,45,0,0,0.0,0.0,331,57,0.0,Thompson,0,0.0,0.0,0.0,0.0,a,,,,,0.0,0.0,1.1,1.1,0,0,0,0,0,0,0,0,0,0.00,0.00,0.00,0.00,0,0,0,0,,,,0,False,639,0,331,57,0.0,2,False,,0.1,1,0.1,1,0.1,1
481283,667,James,Wright,1,2,7,0,0,0,0,0,40,0,0,0.0,0.2,16992,2770,0.0,Wright,0,0.0,0.0,0.0,0.0,a,,,,,0.0,0.0,1.0,1.0,0,0,0,0,0,0,0,0,0,0.00,0.00,0.00,0.00,0,0,0,0,,,,0,False,310,0,16992,2770,1.2,139,False,,2.5,1,4.8,1,7.0,1
