code,season,start_cost,final_cost
1243,2017,4.0,4.0
1632,2017,4.5,4.4
1801,2017,4.5,4.5
2404,2017,4.5,4.2
2513,2017,5.0,4.7
3201,2017,4.0,4.0
3773,2017,5.0,4.8
3773,2018,4.5,4.4
5589,2017,4.5,4.2
6744,2017,4.5,4.2
6744,2018,5.0,4.8
6744,2019,5.0,4.7
6744,2020,4.0,4.0
7638,2017,4.0,4.0
7645,2017,5.0,4.7
7645,2018,4.5,4.3
7645,2019,4.5,4.1
7645,2020,4.0,3.9
7906,2017,4.5,4.2
7958,2017,8.0,7.6
7958,2018,6.0,5.6
8380,2017,4.5,4.3
8432,2019,4.5,4.2
9047,2017,4.5,4.1
9089,2017,4.5,4.3
9089,2018,4.5,4.6
9089,2019,5.0,4.9
9089,2021,4.0,4.2
9808,2017,10.0,9.5
10318,2017,4.5,4.2
10318,2018,4.0,3.9
10318,2019,4.0,3.9
10589,2018,4.0,4.0
11334,2017,5.5,5.3
11334,2018,5.0,4.7
11352,2017,4.5,4.5
11352,2018,4.5,4.4
11554,2017,4.0,4.0
11554,2018,4.0,3.9
11735,2017,4.5,4.2
11829,2017,5.5,5.1
11854,2017,4.5,4.5
11948,2019,4.5,4.2
11948,2020,4.0,4.0
11948,2021,4.0,3.9
11948,2022,4.0,4.0
11948,2023,4.0,3.9
11974,2017,4.5,4.2
11974,2018,4.5,4.3
11974,2019,4.5,4.2
11974,2021,4.0,3.9
11974,2022,4.0,4.0
12086,2017,4.0,4.0
12150,2017,4.5,4.5
12413,2017,5.0,4.8
12745,2017,6.0,5.7
12745,2018,5.5,5.0
12745,2019,5.0,4.9
12813,2017,5.5,5.1
12813,2018,5.0,4.7
13017,2017,7.5,7.1
13152,2017,4.5,4.2
13152,2019,4.5,4.2
14075,2017,4.5,4.1
14295,2017,5.0,4.7
14664,2017,6.5,6.0
14927,2018,4.0,4.0
14937,2021,12.5,12.2
14937,2022,10.5,10.2
15033,2017,4.5,4.4
15033,2018,4.5,4.5
15033,2019,4.5,4.1
15033,2020,4.5,4.4
15114,2017,4.5,4.4
15137,2017,4.0,3.9
15149,2017,4.5,4.3
15149,2018,4.5,4.3
15149,2019,4.5,4.3
15157,2017,6.5,6.0
15157,2018,5.5,5.6
15157,2019,5.5,5.3
15157,2020,5.5,5.3
15157,2021,5.0,4.9
15157,2022,4.5,4.4
15157,2023,5.0,4.8
15157,2024,5.0,5.0
15157,2025,5.0,4.9
15237,2017,4.5,4.3
15237,2018,5.0,4.6
15237,2019,5.0,4.7
15749,2017,4.5,4.2
15749,2018,4.5,4.2
15749,2019,4.5,4.2
15749,2020,4.5,4.2
15749,2021,4.5,4.5
15885,2017,4.0,4.0
15982,2017,4.5,4.4
16045,2017,4.5,4.3
17127,2017,5.0,4.7
17339,2017,5.0,4.7
17339,2018,5.0,4.6
17349,2017,5.5,5.4
17349,2018,5.0,4.9
17349,2019,5.0,4.6
17349,2021,5.0,4.6
17476,2017,6.0,5.9
17476,2018,5.5,5.2
17601,2019,4.0,4.0
17601,2020,4.0,3.9
17601,2021,4.0,3.9
17601,2022,4.0,3.8
17601,2023,4.0,3.8
17601,2024,4.0,3.9
17745,2017,5.0,5.1
17745,2018,5.0,5.0
17745,2019,5.0,5.5
17745,2020,5.5,5.4
17745,2021,5.0,5.0
17745,2022,5.0,5.0
17761,2017,4.5,4.6
17761,2018,5.0,4.7
17761,2019,5.0,5.5
17761,2020,5.5,5.3
17761,2021,5.0,4.9
17761,2022,4.5,4.1
17761,2023,4.5,4.6
17761,2024,5.0,4.7
17761,2025,5.5,5.8
17761,2026,6.0,6.0
17878,2017,7.0,6.8
17878,2018,6.5,6.2
17997,2017,4.5,4.0
17997,2018,4.5,4.2
17997,2019,4.5,4.4
17997,2020,4.5,4.4
17997,2021,4.0,3.9
18006,2017,4.0,4.0
18008,2017,5.5,5.3
18073,2017,5.5,5.3
18073,2018,5.0,4.8
18073,2019,5.0,4.9
18073,2020,5.0,4.5
18073,2021,4.5,4.3
18440,2019,4.5,4.4
18499,2019,3.9999999999999996,4.1
18499,2021,4.0,3.9
18507,2017,10.0,9.5
18507,2022,5.5,5.3
18656,2017,4.5,4.4
18656,2018,4.5,4.2
18656,2019,4.5,4.3
18665,2019,4.5,4.4
18726,2017,4.5,4.1
18726,2018,3.9999999999999996,4.1
18726,2019,4.5,4.2
18832,2019,4.0,3.9
18867,2019,6.0,5.2
18867,2020,6.0,5.5
18892,2017,5.0,4.8
18892,2018,6.0,5.7
18892,2019,5.5,5.4
18892,2021,5.0,4.7
18892,2022,4.5,4.3
18892,2023,4.5,4.4
18892,2024,4.5,4.2
18987,2017,6.0,5.8
18987,2018,5.5,5.0
18987,2019,5.5,5.0
18987,2020,6.0,5.6
19071,2017,4.0,3.8
19151,2017,5.5,5.0
19159,2017,5.5,5.2
19159,2018,4.5,4.5
19188,2017,5.0,4.6
19188,2018,4.5,4.4
19188,2019,4.5,4.3
19188,2020,4.5,4.2
19194,2019,4.0,3.9
19194,2020,4.0,3.9
19197,2017,5.0,4.4
19197,2018,4.5,4.1
19236,2018,4.5,4.2
19236,2019,4.5,4.2
19236,2020,4.5,4.3
19236,2021,4.5,4.3
19236,2024,4.0,3.9
19236,2025,4.0,4.0
19272,2017,5.0,4.5
19419,2017,6.5,6.2
19419,2018,5.5,5.0
19419,2019,4.5,4.3
19419,2020,4.5,4.5
19520,2018,5.5,5.6
19523,2018,4.5,4.4
19524,2017,7.0,6.9
19568,2017,5.0,4.8
19624,2018,5.5,5.1
19624,2019,5.5,5.3
19624,2020,5.5,5.1
19624,2021,5.0,4.9
19624,2022,5.0,4.6
19760,2017,7.5,7.3
19760,2018,6.0,5.1
19838,2017,4.0,4.0
19838,2018,4.5,4.3
19838,2019,4.0,4.0
19838,2021,4.0,4.0
20037,2017,5.0,4.7
20037,2018,4.5,4.3
20046,2017,5.5,5.3
20046,2018,5.0,5.0
20066,2017,4.5,4.4
20066,2018,4.5,4.4
20066,2019,4.5,4.2
20066,2020,4.5,4.3
20066,2021,4.5,4.5
20066,2022,4.0,3.9
20066,2023,4.0,3.9
20066,2024,4.0,4.0
20145,2017,3.9999999999999996,4.1
20145,2018,4.5,4.2
20145,2019,4.5,4.1
20208,2017,5.0,4.7
20310,2017,5.0,4.8
20310,2018,5.0,4.7
20310,2019,5.0,4.8
20310,2020,5.0,4.6
20310,2021,4.5,4.2
20310,2022,4.0,3.8
20452,2017,6.0,5.6
20452,2018,5.0,4.7
20452,2019,5.0,4.6
20452,2020,5.5,5.1
20452,2021,5.5,5.4
20467,2017,7.5,6.6
20467,2018,6.5,5.9
20467,2019,6.5,6.2
20467,2020,6.0,5.8
20467,2021,6.0,5.8
20467,2022,5.0,4.8
20480,2017,4.0,3.9
20480,2019,4.5,4.6
20480,2021,4.5,4.5
20480,2023,4.5,4.4
20481,2017,4.5,4.5
20529,2017,6.0,5.9
20529,2018,6.5,6.1
20529,2019,6.0,5.4
20529,2020,5.0,4.8
20658,2017,5.0,4.9
20658,2018,4.5,4.3
20658,2019,4.5,4.1
20664,2017,7.999999999999999,8.2
20664,2018,8.5,8.5
20664,2019,7.5,7.5
20695,2017,6.5,6.9
20695,2018,6.5,6.4
21083,2017,4.5,4.4
21123,2017,4.5,4.5
21205,2017,5.0,4.7
21205,2018,5.0,4.8
21205,2019,4.5,4.3
21205,2020,4.5,4.5
21205,2021,4.0,3.9
21205,2022,4.0,3.8
21205,2023,4.0,3.9
21205,2024,4.0,3.9
21205,2025,4.0,3.8
21205,2026,4.0,4.0
26901,2017,6.5,6.0
26901,2018,5.5,5.5
27334,2017,4.5,4.5
27335,2018,5.0,4.5
27341,2017,5.5,5.3
27436,2019,5.5,5.4
27436,2020,5.5,5.2
27462,2017,4.0,3.9
27698,2018,4.0,3.8
27770,2019,4.5,4.5
27789,2017,5.0,5.0
27789,2018,5.5,5.3
27789,2019,5.5,5.1
27789,2020,5.5,5.4
27789,2021,5.0,4.7
28082,2019,4.5,4.4
28147,2017,5.0,4.6
28147,2018,5.0,4.8
28411,2022,4.5,4.5
28462,2017,5.0,4.9
28462,2018,4.5,4.5
28554,2018,5.5,4.9
28609,2017,4.0,4.0
28654,2017,5.0,5.0
28690,2020,6.0,5.7
28690,2021,5.5,5.5
32259,2017,4.5,4.5
32259,2019,4.5,3.9
32259,2020,4.5,4.3
32259,2021,4.5,4.3
32259,2022,4.0,4.0
32259,2023,4.0,3.9
33148,2017,5.0,4.5
33148,2018,5.0,4.8
33148,2019,5.0,4.7
33148,2020,4.5,4.5
33871,2017,4.5,4.1
33871,2018,4.5,4.4
36903,2020,9.5,9.2
37096,2017,4.5,4.7
37096,2018,4.5,4.7
37096,2019,5.0,4.9
37096,2020,5.0,5.0
37096,2021,5.0,5.0
37096,2022,5.0,4.9
37096,2023,4.5,4.2
37096,2024,4.0,3.9
37096,2025,4.5,4.5
37265,2017,12.0,11.4
37265,2018,10.5,10.0
37265,2019,7.0,6.8
37339,2019,4.5,4.1
37339,2020,4.5,4.2
37402,2017,5.0,4.7
37402,2018,4.5,4.1
37402,2019,4.5,4.2
37402,2020,4.5,4.5
37572,2017,11.5,11.5
37572,2018,11.0,12.0
37572,2019,12.0,11.6
37572,2020,10.5,10.3
37605,2017,9.5,9.3
37605,2018,8.5,7.9
37605,2019,7.5,6.9
37605,2020,7.0,6.7
37614,2019,6.5,6.2
37642,2017,5.0,4.9
37642,2018,5.0,4.8
37642,2019,5.0,5.3
37642,2020,5.5,5.6
37642,2021,5.5,5.4
37642,2022,4.5,4.4
37642,2023,4.0,4.0
37642,2024,4.5,4.4
37742,2017,4.5,4.2
37742,2018,4.5,4.2
37869,2017,5.0,4.8
37915,2017,5.5,5.5
37915,2018,5.5,5.4
37915,2019,5.5,5.3
37915,2020,5.5,5.6
37915,2021,5.5,5.5
37915,2022,5.5,5.4
37915,2023,5.0,4.7
38038,2017,4.5,4.3
38038,2018,4.0,3.9
38290,2017,6.5,6.4
38290,2018,6.0,5.8
38290,2019,5.5,5.3
38290,2020,5.0,4.7
38290,2021,4.5,4.2
38411,2017,5.5,5.7
38411,2018,5.5,5.4
38411,2019,5.0,5.0
38439,2017,5.5,4.8
38439,2018,5.0,4.8
38439,2019,5.0,4.8
38454,2017,5.5,5.3
38454,2018,5.0,4.9
38454,2019,5.5,5.3
38490,2017,4.5,4.4
38490,2018,4.5,4.4
38490,2019,4.5,4.2
38499,2017,5.0,4.6
38499,2018,5.0,4.9
38533,2018,4.5,4.5
38533,2019,5.0,5.3
38533,2020,5.5,5.3
38533,2021,5.0,5.0
38580,2017,5.0,4.7
38588,2020,4.0,4.0
38716,2018,4.0,3.9
38716,2020,4.0,3.9
39104,2017,5.0,4.9
39104,2018,5.0,4.9
39155,2017,7.5,7.3
39155,2018,7.0,6.9
39155,2019,6.0,5.7
39155,2020,6.5,6.2
39155,2021,5.5,5.3
39155,2022,5.0,4.8
39155,2023,5.0,4.9
39155,2024,5.0,5.0
39158,2017,5.0,4.9
39194,2017,6.0,6.1
39194,2018,6.0,5.9
39194,2019,5.5,5.2
39215,2017,5.0,4.8
39215,2018,5.0,4.7
39215,2019,4.5,4.2
39476,2018,5.5,5.1
39476,2019,5.0,4.8
39476,2020,5.0,4.8
39487,2017,5.0,4.7
39487,2019,4.5,4.3
39487,2020,4.5,4.3
39487,2021,4.5,4.1
39725,2017,4.0,4.0
39725,2018,4.5,4.3
39790,2020,4.5,4.1
39790,2021,4.5,4.5
39847,2017,5.5,5.4
39847,2018,5.5,5.3
39847,2019,5.5,5.5
40002,2017,5.5,4.9
40002,2018,5.0,4.6
40002,2019,5.0,4.9
40142,2017,6.0,5.7
40142,2018,5.5,5.4
40142,2019,5.5,5.4
40142,2020,5.5,5.1
40145,2017,4.5,4.5
40145,2018,5.0,4.6
40145,2019,5.0,4.9
40145,2020,5.0,5.0
40145,2021,4.5,4.4
40145,2023,5.0,4.8
40146,2017,5.5,5.3
40146,2018,5.0,4.8
40146,2019,5.0,4.8
40146,2020,5.0,5.0
40146,2021,5.0,4.6
40146,2022,4.0,3.9
40232,2018,9.5,9.0
40276,2017,5.5,5.5
40346,2017,4.0,4.0
40349,2017,4.5,4.5
40349,2018,4.5,4.3
40349,2019,4.5,4.2
40349,2021,4.0,4.0
40349,2022,4.0,3.8
40349,2024,4.0,4.0
40383,2017,5.0,4.6
40383,2018,4.5,4.2
40383,2019,4.5,4.2
40383,2020,4.0,4.0
40383,2021,4.5,4.4
40383,2022,4.0,3.9
40383,2023,4.0,3.8
40383,2024,4.5,4.3
40383,2025,4.0,4.0
40383,2026,4.0,4.0
40386,2019,4.5,4.6
40386,2020,5.0,4.6
40386,2023,4.0,3.9
40387,2017,5.0,4.8
40387,2018,5.0,4.7
40387,2019,5.0,4.8
40387,2021,5.0,4.7
40399,2017,6.0,5.7
40399,2018,5.5,5.3
40451,2018,4.5,4.4
40555,2017,5.5,5.1
40559,2018,4.5,4.2
40559,2020,4.0,3.9
40564,2019,4.5,4.4
40564,2020,4.5,4.3
40616,2017,4.5,4.8
40616,2018,5.0,4.7
40669,2017,4.5,4.2
40669,2018,4.5,4.2
40669,2019,4.5,4.5
40669,2020,5.0,4.7
40669,2021,5.0,4.9
40669,2022,4.5,4.4
40669,2023,4.5,4.2
40694,2019,4.5,4.4
40694,2020,4.5,4.5
40720,2020,8.0,8.0
40720,2021,8.5,8.4
40725,2017,4.5,4.3
40725,2018,4.5,4.2
40755,2017,8.0,7.9
40755,2018,6.0,5.6
40784,2017,5.0,4.6
40784,2018,5.0,4.9
40784,2019,5.0,5.0
40784,2020,4.5,4.4
40833,2017,4.5,4.2
40836,2018,4.5,4.3
40836,2019,5.0,4.9
40836,2020,5.0,4.8
40836,2021,4.5,4.6
40836,2022,4.5,4.4
40836,2023,4.5,4.4
40845,2017,4.5,4.5
40845,2018,4.5,4.3
40845,2019,4.5,4.4
40845,2020,4.5,4.2
40845,2021,4.5,4.4
40868,2017,5.0,4.8
40868,2018,4.5,4.8
40868,2019,5.0,4.6
41135,2020,4.5,4.4
41184,2017,5.0,4.7
41184,2018,5.0,4.8
41251,2017,5.0,4.7
41270,2017,6.0,5.7
41270,2018,5.5,5.8
41270,2019,6.0,5.7
41270,2020,5.5,5.4
41320,2017,5.0,4.7
41320,2018,4.5,4.1
41320,2019,4.5,4.2
41321,2017,4.5,4.2
41321,2018,4.0,3.9
41328,2017,6.5,6.9
41328,2018,6.5,6.4
41328,2019,6.0,6.1
41328,2020,6.0,5.8
41328,2021,6.0,5.6
41328,2022,5.0,4.7
41328,2023,4.5,4.5
41338,2017,4.5,4.4
41338,2018,4.5,4.5
41338,2019,4.5,4.1
41338,2021,4.5,4.2
41464,2017,7.0,7.1
41464,2018,7.0,6.7
41464,2019,7.0,7.0
41674,2017,3.9999999999999996,4.1
41674,2018,4.5,4.1
41674,2019,4.5,4.3
41674,2020,4.5,4.3
41674,2021,4.0,4.0
41725,2017,6.5,6.3
41725,2018,6.0,5.8
41725,2019,6.5,6.2
41725,2021,5.5,5.4
41727,2018,3.9999999999999996,4.1
41727,2019,5.0,4.8
41727,2020,4.5,4.4
41733,2017,7.0,6.6
41733,2018,5.5,5.5
41733,2019,5.5,5.4
41733,2020,5.5,5.3
41792,2017,7.0,6.8
41792,2018,7.5,7.1
41823,2017,4.5,4.5
41823,2018,5.5,5.3
41823,2019,5.5,5.3
41823,2020,5.0,4.8
41823,2021,4.5,4.2
41945,2017,4.5,4.3
41945,2018,4.5,4.2
41945,2019,4.0,3.9
42427,2017,5.0,5.0
42427,2020,4.5,4.3
42525,2019,4.0,4.0
42525,2020,4.0,4.0
42564,2017,5.5,5.2
42593,2017,5.5,5.5
42727,2017,5.0,5.0
42748,2017,4.5,4.4
42748,2018,4.5,4.4
42748,2019,4.5,4.2
42774,2017,5.0,4.7
42774,2018,4.5,4.2
42774,2019,4.5,4.4
42786,2017,10.5,10.5
42786,2018,10.5,11.0
42824,2018,4.5,4.3
42824,2019,4.5,4.3
42899,2017,5.0,4.7
42899,2018,5.0,4.9
42899,2019,5.0,4.6
42899,2020,5.0,4.9
42996,2017,4.0,3.9
43020,2017,7.0,6.7
43020,2018,6.5,6.1
43020,2019,6.0,6.0
43191,2017,4.5,4.5
43250,2017,5.0,5.0
43250,2018,5.0,5.0
43250,2019,5.0,4.8
43250,2021,5.0,4.8
43252,2019,4.5,4.2
43521,2017,4.5,4.4
43626,2018,4.5,4.5
43670,2017,7.0,6.8
43670,2018,6.5,6.1
43670,2019,6.5,6.1
43670,2020,6.0,5.8
43670,2021,5.0,4.7
43808,2017,4.5,4.2
43808,2018,4.0,3.8
44336,2017,5.5,5.5
44343,2017,5.0,4.8
44343,2018,5.0,4.9
44346,2017,8.5,8.4
44346,2018,8.0,7.7
44346,2019,7.0,6.7
44346,2020,7.0,6.7
44346,2021,6.5,6.5
44604,2017,5.0,5.0
44683,2017,6.0,5.4
44683,2019,6.0,5.7
44683,2020,6.0,5.7
44683,2021,5.5,5.1
44683,2023,5.5,5.3
44699,2017,5.5,5.3
44699,2018,6.0,5.6
44699,2019,6.5,6.1
44699,2020,6.0,6.0
44699,2021,5.5,5.2
44699,2025,4.5,4.2
45034,2022,5.5,5.3
45034,2023,5.0,4.7
45124,2017,7.0,6.8
45124,2022,5.0,5.0
45196,2018,4.5,4.4
45220,2018,4.5,4.2
45220,2022,4.0,3.9
45268,2017,5.5,5.3
45268,2018,5.0,4.9
45268,2019,5.0,4.8
45268,2020,5.0,4.7
45268,2021,4.5,4.3
46483,2017,6.0,5.9
46483,2018,5.0,4.7
46483,2020,4.5,4.4
47247,2019,5.0,4.7
47247,2020,6.0,5.6
47247,2023,5.0,4.9
47390,2019,4.5,4.2
47390,2020,4.5,4.2
47431,2017,7.0,7.0
47431,2018,7.5,7.1
47431,2019,7.0,7.3
47431,2020,8.0,7.5
47431,2021,6.5,6.3
47431,2022,5.5,5.5
47431,2023,5.5,5.3
47431,2024,5.0,5.0
48332,2017,4.5,4.5
48615,2017,5.0,4.7
48615,2018,5.0,4.9
48615,2022,4.5,4.1
48615,2023,4.5,4.3
48717,2017,5.0,4.8
48717,2018,4.5,4.4
48717,2019,4.0,3.9
48717,2021,4.0,3.9
48760,2017,4.5,4.5
48760,2018,4.5,4.4
48760,2021,4.5,4.5
48760,2022,4.0,3.9
48760,2023,4.5,4.3
48760,2024,4.5,4.5
48773,2017,5.0,4.9
48844,2017,5.0,4.8
48860,2017,4.0,3.9
49013,2017,6.5,6.5
49013,2018,6.0,5.5
49083,2019,5.5,5.0
49083,2020,5.0,5.0
49083,2023,5.0,4.9
49195,2017,5.0,4.9
49202,2017,4.5,4.5
49262,2018,4.0,3.9
49262,2020,4.0,3.9
49262,2021,4.0,3.9
49262,2022,4.0,4.0
49262,2023,4.5,4.0
49262,2024,4.5,4.0
49262,2025,4.5,4.2
49262,2026,4.0,4.0
49277,2017,5.5,5.2
49382,2018,4.5,4.4
49384,2019,4.5,4.5
49413,2017,4.5,4.4
49413,2018,4.5,4.3
49413,2019,5.0,4.9
49413,2020,4.5,4.4
49413,2021,4.5,4.3
49413,2022,4.0,3.9
49413,2023,4.0,3.9
49438,2017,4.5,4.5
49440,2017,5.0,4.9
49440,2020,5.5,5.2
49539,2017,4.5,4.6
49579,2017,8.0,7.7
49579,2018,6.5,6.2
49579,2019,7.0,6.8
49696,2017,5.5,5.4
49806,2018,5.5,5.0
49845,2018,4.5,4.4
49944,2017,5.0,4.8
49944,2020,5.0,4.7
49957,2020,5.5,5.2
49982,2018,5.0,4.7
50089,2017,4.5,4.3
50093,2018,4.0,4.0
50093,2019,4.0,3.9
50093,2020,4.0,3.9
50093,2026,4.0,4.0
50175,2017,7.5,7.3
50175,2018,6.5,6.4
50175,2019,6.0,5.8
50175,2020,5.5,5.5
50175,2021,6.0,6.0
50175,2022,6.5,6.5
50175,2023,6.0,5.7
50175,2024,5.5,5.5
50175,2025,6.5,6.3
50175,2026,6.0,6.0
50229,2017,6.0,5.4
50229,2020,5.5,5.1
50232,2017,5.5,5.2
50232,2018,5.5,5.3
50232,2019,5.0,4.9
50232,2020,5.5,5.3
50232,2021,5.5,5.3
50232,2022,5.0,4.8
50232,2023,5.0,4.8
50471,2017,4.5,4.4
50471,2018,5.0,4.9
50471,2019,5.5,5.2
50471,2020,5.5,5.2
50471,2021,4.5,4.3
50471,2022,5.0,4.8
50472,2017,5.0,4.9
50472,2018,4.5,4.4
50472,2019,4.5,4.2
50472,2020,4.5,4.3
51090,2020,5.5,5.6
51090,2021,5.5,5.6
51090,2022,5.5,5.4
51090,2023,5.0,5.0
51344,2017,5.0,4.4
51344,2018,5.0,4.6
51507,2017,6.0,6.0
51507,2018,5.5,5.4
51507,2019,5.0,5.0
51917,2017,4.0,4.0
51927,2017,4.5,4.9
51927,2018,5.0,4.6
51927,2019,5.0,4.9
51927,2020,5.0,4.7
51927,2021,5.0,4.6
51927,2022,4.5,4.8
51927,2023,5.0,4.7
51927,2024,4.5,4.2
51938,2017,5.5,5.5
51938,2018,5.5,5.1
51938,2019,5.5,5.1
51938,2020,5.5,5.2
51938,2021,5.5,5.2
51938,2022,5.0,4.7
51940,2017,5.5,5.9
51940,2018,6.0,5.7
51940,2019,5.5,5.3
51940,2020,5.5,5.3
51940,2021,5.0,5.0
51940,2022,5.0,5.1
51943,2025,4.0,3.9
52153,2017,4.5,4.3
52153,2018,4.5,4.3
52484,2018,4.5,4.2
52484,2019,4.5,4.3
52538,2017,4.5,4.5
52775,2021,4.5,4.4
52940,2017,5.0,4.8
52940,2018,5.0,4.9
52940,2019,4.5,4.0
54102,2017,5.5,5.0
54102,2018,5.0,4.8
54102,2019,5.0,4.6
54102,2020,5.0,4.9
54284,2017,4.5,4.4
54284,2018,4.5,4.4
54316,2017,5.0,4.8
54421,2018,4.5,4.2
54469,2017,5.0,4.8
54469,2018,4.5,4.3
54469,2019,4.5,4.3
54469,2022,4.5,4.3
54469,2023,4.5,4.4
54469,2024,4.5,4.4
54469,2025,4.5,4.4
54469,2026,4.5,4.5
54484,2017,4.5,4.3
54484,2018,4.5,4.2
54484,2019,4.5,4.2
54484,2021,4.5,4.3
54513,2017,6.0,5.7
54513,2018,5.0,4.7
54527,2018,4.5,4.3
54694,2017,10.5,10.8
54694,2018,11.0,10.8
54694,2019,11.0,10.9
54694,2020,12.0,11.3
54694,2021,10.0,9.6
54694,2022,9.0,8.4
54694,2023,6.5,6.5
54738,2023,4.5,4.5
54756,2017,5.0,4.8
54756,2018,5.0,4.9
54756,2019,5.0,4.7
54764,2019,5.5,5.4
54861,2017,8.0,7.5
54861,2018,6.5,6.3
54861,2019,6.0,5.7
54861,2020,5.5,5.5
54861,2021,6.5,5.9
54861,2022,5.5,5.5
54908,2017,6.0,5.6
55037,2017,5.0,5.0
55037,2018,5.0,4.7
55037,2019,5.0,4.8
55037,2020,5.0,4.8
55037,2021,4.5,4.5
55037,2022,4.5,4.4
55037,2023,5.0,4.8
55038,2018,4.5,4.2
55038,2020,5.0,4.7
55422,2017,8.5,8.0
55422,2018,7.5,7.4
55422,2019,8.0,7.3
55422,2020,7.0,6.8
55422,2021,7.0,6.7
55452,2017,6.5,6.4
55452,2018,6.0,5.8
55459,2017,5.0,4.9
55459,2018,5.5,5.0
55459,2019,5.0,4.5
55459,2020,5.0,5.7
55459,2021,5.5,5.4
55459,2022,5.0,4.7
55459,2023,4.5,4.2
55459,2024,4.0,3.9
55494,2017,5.0,4.7
55494,2018,4.5,4.3
55494,2019,4.5,4.3
55494,2020,4.5,4.3
55494,2021,4.5,4.5
55494,2022,4.5,4.4
55494,2023,4.5,4.5
55494,2024,4.5,4.3
55605,2017,6.0,5.8
55605,2018,6.0,6.0
55605,2019,5.5,5.3
55605,2020,5.5,5.4
55605,2021,5.0,5.0
55829,2017,4.5,4.3
55909,2017,5.5,5.7
55909,2018,6.0,5.6
55909,2019,5.5,5.2
55909,2020,5.0,4.9
55914,2020,4.5,4.3
55914,2021,4.5,4.4
55914,2022,4.5,4.4
56192,2017,4.5,4.1
56192,2018,4.5,4.5
56192,2019,4.0,4.0
56377,2018,7.0,6.7
56377,2019,6.0,5.2
56377,2020,6.0,5.5
56377,2021,5.5,5.0
56827,2017,4.5,4.5
56864,2017,4.5,4.3
56872,2017,6.0,5.7
56872,2018,6.0,6.0
56872,2019,6.0,5.8
56872,2022,5.0,4.8
56917,2017,5.0,4.6
56917,2018,4.5,4.3
56917,2019,5.0,5.0
56917,2022,4.5,4.3
56917,2023,4.5,4.5
56979,2017,5.5,5.3
56979,2018,5.5,5.3
56979,2019,5.5,5.2
56979,2020,5.5,5.4
56979,2021,5.0,4.9
56979,2022,5.5,5.3
56979,2023,5.0,5.0
56979,2025,5.0,5.0
56979,2026,5.0,5.0
56981,2018,4.5,4.4
56983,2017,6.0,5.4
56983,2018,6.0,5.8
56983,2019,5.5,5.3
56983,2020,5.0,4.9
56983,2021,5.0,4.9
56983,2022,4.5,4.2
56983,2023,4.5,4.3
57001,2017,6.0,5.6
57112,2017,5.0,5.0
57127,2019,6.5,6.4
57127,2021,6.0,6.1
57134,2017,6.5,6.0
57134,2018,6.0,5.9
57134,2021,6.0,6.0
57134,2022,5.0,4.9
57145,2017,4.5,4.5
57145,2018,4.5,4.4
57145,2019,4.5,4.6
57145,2020,5.0,4.7
57145,2021,4.5,4.3
57145,2022,4.5,4.4
57249,2017,8.0,7.7
57249,2018,7.0,6.6
57249,2019,7.0,6.7
57328,2017,5.5,5.3
57328,2018,5.0,4.4
57328,2020,4.5,4.5
57328,2021,4.5,4.3
57328,2022,4.5,4.5
57328,2023,4.5,4.3
57328,2024,4.5,4.3
57328,2025,4.0,3.8
57410,2017,5.5,6.4
57410,2018,6.5,6.0
57410,2019,5.5,4.8
57410,2020,5.0,4.9
57513,2017,4.5,4.6
57513,2018,4.5,4.4
57513,2019,4.5,4.2
57513,2020,4.5,4.3
57513,2021,4.5,4.5
57531,2017,7.5,7.4
57531,2018,7.0,6.8
57531,2019,7.0,7.1
57531,2020,6.5,6.7
57531,2021,7.5,7.3
57531,2022,7.5,6.9
57531,2023,6.0,5.7
57531,2024,5.5,5.2
57586,2017,5.0,4.7
57647,2022,4.5,4.1
57913,2018,5.0,5.0
57913,2020,4.0,3.8
58376,2017,4.5,4.4
58376,2018,4.5,4.3
58376,2019,4.5,4.5
58376,2020,4.5,4.4
58376,2021,4.5,4.3
58376,2022,4.5,4.3
58376,2024,4.5,4.2
58476,2018,4.5,4.4
58498,2019,6.5,5.9
58498,2020,6.5,6.1
58621,2017,6.5,6.6
58621,2018,6.5,6.4
58621,2019,6.0,5.7
58621,2020,6.0,6.1
58621,2021,5.5,5.4
58621,2022,5.0,4.7
58621,2023,5.0,5.5
58621,2024,5.5,5.1
58621,2025,4.5,4.4
58771,2017,4.5,4.2
58771,2019,4.5,4.3
58771,2022,4.5,4.1
58786,2017,4.5,4.1
58786,2018,4.0,3.9
58786,2019,3.9999999999999996,4.1
58786,2020,4.5,4.1
58786,2021,4.0,3.8
58822,2017,5.0,4.7
58822,2018,4.5,4.2
58822,2019,5.0,4.8
58822,2020,5.0,4.6
58822,2021,4.5,4.2
58822,2022,4.5,4.2
58822,2023,4.0,3.8
58845,2017,4.5,4.3
58845,2018,4.5,4.5
58845,2019,4.5,4.3
58845,2020,4.5,4.5
58845,2021,4.5,4.4
58845,2022,4.5,4.5
58877,2017,5.5,5.1
58877,2018,5.0,5.0
58893,2017,5.5,5.4
58893,2018,5.0,4.9
58893,2019,5.0,4.8
58893,2020,5.0,4.8
59125,2017,5.5,5.4
59125,2018,5.0,4.9
59125,2019,4.5,4.3
59125,2020,4.5,4.4
59614,2019,5.5,5.2
59735,2017,4.5,4.3
59735,2018,4.5,4.4
59735,2019,4.5,4.3
59735,2020,5.0,4.9
59735,2021,4.5,4.5
59735,2022,4.0,3.9
59735,2023,4.0,4.0
59735,2025,4.0,4.0
59735,2026,4.5,4.5
59741,2017,5.0,5.0
59779,2017,4.5,4.2
59779,2018,4.5,4.2
59779,2019,4.5,4.5
59846,2017,5.5,5.0
59846,2018,5.0,5.0
59859,2017,5.5,5.4
59859,2018,5.5,5.4
59859,2019,5.5,5.1
59859,2020,5.5,5.5
59859,2021,7.5,7.1
59859,2022,7.5,7.4
59859,2024,6.5,6.3
59859,2025,6.5,6.3
59940,2017,4.5,4.3
59940,2020,4.5,4.4
59949,2017,6.5,6.4
59949,2018,5.5,5.2
59949,2019,5.5,5.3
59949,2020,5.0,4.9
59949,2021,5.0,4.9
59949,2022,4.5,4.1
59949,2023,4.5,4.4
59949,2024,4.5,4.3
59949,2025,4.5,4.2
59966,2017,10.5,10.3
59966,2018,9.5,9.4
59966,2019,9.5,9.2
59966,2020,8.5,8.4
59966,2021,8.5,8.1
60025,2020,7.5,7.7
60025,2021,7.0,6.9
60232,2017,5.0,4.8
60232,2019,5.0,4.8
60232,2020,4.5,4.5
60232,2021,5.0,4.9
60232,2022,5.0,4.8
60232,2023,4.5,4.5
60232,2024,4.5,4.2
60252,2017,6.0,5.6
60252,2018,6.0,5.6
60252,2019,6.0,5.6
60252,2020,6.0,5.5
60252,2021,5.5,5.2
60252,2022,5.5,5.4
60252,2023,5.0,5.0
60307,2017,5.5,5.9
60307,2018,7.0,6.7
60307,2019,6.5,6.2
60307,2020,6.0,5.8
60307,2021,6.0,5.6
60307,2022,5.5,5.4
60307,2023,6.5,6.1
60307,2024,6.5,6.5
60307,2025,5.5,5.6
60307,2026,5.5,5.5
60551,2017,4.5,4.3
60551,2018,4.5,4.6
60551,2019,5.5,5.5
60551,2020,5.5,5.3
60551,2021,5.5,5.2
60586,2017,5.0,5.0
60586,2018,6.0,5.5
60586,2019,6.0,5.9
60586,2020,5.5,5.4
60586,2021,5.5,5.4
60586,2023,5.0,4.8
60598,2017,5.0,4.9
60689,2017,6.5,6.2
60689,2018,6.5,6.3
60689,2019,6.5,6.2
60689,2020,6.5,6.6
60689,2021,7.0,6.3
60689,2022,6.0,5.6
60689,2023,5.0,4.7
60689,2024,6.0,7.2
60689,2025,7.5,7.1
60689,2026,6.0,6.0
60706,2017,4.5,4.0
60706,2018,4.5,4.2
60706,2019,4.5,4.0
60706,2020,4.5,4.2
60706,2021,4.5,4.3
60706,2022,4.0,3.8
60706,2023,4.0,3.8
60772,2017,5.5,5.3
60772,2018,5.5,5.5
60914,2017,5.5,5.4
60914,2018,5.0,4.9
60914,2019,5.5,5.2
60914,2020,5.5,5.4
60914,2021,5.0,5.3
60914,2022,6.0,5.9
60914,2023,5.0,4.8
61256,2022,5.0,4.9
61256,2023,5.5,5.3
61256,2024,5.0,4.6
61256,2025,5.5,5.8
61316,2017,5.5,5.5
61316,2018,5.0,4.7
61316,2019,5.0,5.0
61366,2017,10.0,10.3
61366,2018,10.0,9.6
61366,2019,9.5,10.6
61366,2020,11.5,11.8
61366,2021,12.0,12.1
61366,2022,12.0,12.1
61366,2023,10.5,10.6
61366,2024,9.5,9.5
61548,2017,7.0,6.2
61548,2018,6.0,5.6
61558,2020,6.0,5.5
61558,2021,5.5,5.3
61558,2022,5.5,5.1
61558,2023,5.0,4.7
61566,2017,6.0,5.8
61566,2018,6.0,5.9
61566,2019,6.0,5.6
61595,2017,4.5,4.5
61600,2020,5.0,4.6
61603,2017,5.0,4.7
61603,2018,5.0,4.6
61603,2019,4.5,4.4
61604,2017,4.5,4.4
61604,2018,4.5,4.4
61604,2019,4.5,4.3
61604,2020,4.5,4.3
61739,2018,4.5,4.2
61739,2020,4.5,4.1
61760,2017,4.0,3.9
61810,2021,4.5,4.5
61810,2022,4.5,4.2
61858,2017,5.5,5.2
61916,2018,5.5,5.0
61916,2020,5.0,4.7
61933,2017,4.5,4.6
61933,2018,4.5,4.7
61933,2019,5.0,4.8
61933,2020,4.5,4.3
61933,2021,4.0,4.0
61933,2022,4.5,4.2
62398,2017,5.0,4.7
62398,2018,5.0,5.0
62398,2019,5.0,4.8
62398,2020,5.0,4.7
62398,2021,4.5,4.3
62399,2017,6.5,6.2
62974,2017,6.5,6.3
62974,2018,6.5,5.9
62974,2019,6.0,5.7
62974,2020,6.0,5.7
62974,2021,6.0,6.0
63370,2017,5.0,4.7
63426,2019,5.0,5.2
63426,2020,5.5,5.0
66242,2017,5.5,5.3
66242,2018,5.0,4.8
66242,2019,5.0,4.8
66242,2020,5.0,4.7
66242,2021,4.5,4.5
66247,2017,4.5,4.0
66247,2018,4.5,4.2
66588,2020,4.5,4.4
66588,2021,4.5,4.3
66588,2022,4.5,4.5
66749,2017,11.5,11.5
66749,2018,11.0,10.7
66749,2019,8.5,8.5
66749,2021,11.5,11.4
66749,2023,7.0,6.8
66749,2024,6.5,6.3
66797,2017,5.0,4.7
66797,2018,5.0,4.7
66797,2019,4.5,4.5
66838,2017,7.5,6.7
66838,2018,7.0,6.4
66838,2019,6.0,5.7
66838,2020,6.0,6.0
66838,2021,5.0,5.0
66842,2018,6.0,5.5
66975,2017,5.0,5.2
66975,2018,6.5,6.5
66975,2019,7.0,6.7
66975,2020,6.0,5.6
66975,2021,5.5,5.2
66975,2022,4.5,4.2
67089,2017,4.5,4.5
67089,2018,5.0,5.0
67089,2019,5.0,5.1
67089,2020,5.0,4.8
67089,2021,4.5,4.4
67089,2022,4.5,4.1
67089,2023,4.0,4.3
67089,2024,4.5,4.0
67089,2025,4.0,4.0
67089,2026,4.0,4.0
67184,2018,4.0,4.0
67527,2017,5.0,4.7
68312,2017,6.0,6.1
68312,2018,7.5,6.8
68312,2019,6.5,6.3
68312,2020,6.5,6.4
68312,2021,6.0,5.9
68983,2017,4.5,4.4
68983,2018,5.0,4.6
68983,2019,4.5,4.2
68983,2020,4.5,4.4
68983,2021,4.5,4.4
69140,2017,5.5,5.4
69140,2018,5.5,5.4
69140,2019,5.5,5.1
69140,2020,5.0,5.0
69143,2021,5.5,5.5
69752,2022,4.5,4.5
69752,2023,4.5,4.6
69752,2024,4.5,4.1
69752,2025,4.5,4.5
71738,2019,5.5,5.0
71738,2021,5.0,5.0
72147,2025,4.5,4.2
72147,2026,4.5,4.5
72222,2020,5.5,5.2
72222,2021,5.5,5.1
72222,2022,5.0,4.6
72681,2018,4.5,4.4
72681,2020,4.5,4.2
73314,2020,7.0,6.8
73426,2017,6.5,6.3
73426,2018,6.0,5.9
73426,2019,6.0,5.5
73426,2021,5.5,5.4
73459,2018,4.0,3.9
73494,2017,5.0,4.7
73889,2017,5.5,5.5
74033,2017,5.0,4.7
74208,2017,8.0,7.9
74208,2018,8.0,8.6
74208,2019,8.5,8.3
74208,2020,8.0,7.6
74208,2021,7.5,7.4
74230,2017,5.5,5.2
74230,2018,5.5,5.5
74230,2019,5.5,5.6
74230,2020,5.5,5.4
74297,2018,4.5,4.3
74375,2017,4.5,4.4
74375,2018,4.0,3.8
74375,2019,4.0,3.9
74471,2017,5.5,5.2
74471,2018,5.5,5.0
74471,2019,5.0,4.7
74471,2020,5.0,5.0
74854,2019,4.5,4.3
74854,2020,4.5,4.3
74854,2025,4.0,3.9
74944,2024,5.0,4.8
75115,2017,6.0,5.6
75115,2018,6.0,6.9
75115,2019,8.0,7.4
75115,2020,6.5,6.5
75115,2021,7.5,7.1
75115,2022,7.5,7.3
75115,2023,8.0,7.8
75115,2024,7.0,6.9
75115,2025,6.0,5.8
75115,2026,5.5,5.5
75773,2017,4.5,4.2
75826,2018,4.5,4.3
76306,2019,4.5,4.4
76306,2021,4.5,4.4
76357,2018,5.0,4.6
76357,2020,5.5,5.2
76357,2022,5.0,4.7
76357,2023,5.0,4.9
76357,2024,5.0,4.8
76357,2025,5.0,4.8
76357,2026,5.0,5.0
76359,2017,5.0,5.5
76359,2018,5.5,5.1
76359,2019,5.0,4.7
76359,2020,5.0,4.8
76359,2021,4.5,4.5
76359,2022,4.0,3.8
76360,2018,5.0,4.8
76542,2017,5.0,4.6
76542,2018,5.0,4.7
76542,2019,5.0,4.7
77359,2017,4.5,4.3
77359,2018,4.5,4.4
77359,2019,4.5,4.3
77359,2020,4.5,4.3
77610,2018,4.0,4.0
77777,2017,4.5,4.6
77777,2020,4.5,4.1
77794,2017,5.5,5.2
77794,2018,6.0,6.0
77794,2019,5.5,5.5
77794,2021,5.0,4.9
77794,2022,5.0,6.0
77794,2023,6.5,6.6
77794,2024,6.0,5.6
77794,2025,5.0,4.9
77818,2023,4.5,4.2
78007,2017,7.5,7.0
78007,2018,6.5,6.4
78007,2019,6.5,6.1
78007,2020,5.5,5.0
78007,2021,5.5,5.6
78056,2017,4.5,4.2
78056,2018,4.5,4.2
78056,2019,4.5,4.3
78056,2020,4.5,4.5
78056,2021,4.5,4.5
78056,2022,5.0,4.8
78315,2017,4.5,4.2
78315,2022,4.0,4.0
78356,2017,6.5,5.8
78356,2018,6.0,5.5
78356,2019,6.0,6.0
78356,2020,5.5,5.1
78412,2017,5.5,5.3
78412,2018,5.5,5.1
78607,2019,5.0,4.8
78607,2021,5.0,4.9
78830,2017,12.5,13.1
78830,2018,12.5,12.6
78830,2019,11.0,11.0
78830,2020,10.5,11.9
78830,2021,12.5,12.5
78830,2022,11.5,11.5
78830,2023,12.5,12.5
78911,2018,4.5,4.5
78916,2018,4.5,4.5
78916,2019,4.5,4.5
78916,2020,4.5,4.2
78916,2021,4.5,4.4
78916,2022,4.5,4.5
78916,2023,4.5,4.7
78916,2024,4.5,4.6
78916,2025,5.0,5.0
78916,2026,5.0,5.0
79228,2017,4.5,4.5
79228,2018,4.5,4.2
79602,2022,4.0,4.0
79602,2023,4.0,3.9
79602,2024,4.0,3.9
79602,2025,4.0,3.9
79619,2017,4.5,4.4
79619,2018,4.5,4.4
79733,2017,4.5,4.3
79733,2018,4.0,4.0
79852,2019,4.5,4.3
79852,2020,4.0,3.9
79852,2021,4.0,3.9
79934,2017,4.5,4.5
79934,2019,5.0,4.7
79934,2020,5.0,4.5
79934,2023,5.0,4.8
80146,2017,5.0,5.4
80146,2018,6.0,5.7
80146,2019,5.0,5.1
80146,2020,6.0,5.6
80146,2021,6.0,5.8
80146,2022,5.5,5.2
80146,2023,5.5,5.3
80146,2024,5.5,5.1
80178,2026,4.0,4.0
80179,2020,5.0,4.8
80179,2021,4.5,4.5
80179,2022,4.5,4.4
80183,2017,4.0,4.0
80201,2018,5.0,4.9
80201,2019,5.0,4.8
80201,2020,5.0,5.0
80201,2021,5.0,4.5
80201,2022,4.5,4.6
80201,2023,4.5,4.8
80201,2024,5.0,5.0
80201,2025,5.0,5.0
80201,2026,4.5,4.5
80226,2017,6.0,5.9
80226,2018,6.0,5.7
80226,2019,5.0,5.1
80226,2020,5.5,5.2
80226,2021,5.0,4.9
80226,2022,4.5,4.3
80226,2023,4.5,4.5
80254,2017,4.5,4.5
80254,2018,4.5,4.5
80254,2019,4.5,4.5
80447,2017,5.0,4.6
80447,2018,4.5,4.1
80447,2019,4.5,4.1
80607,2017,9.5,9.7
80607,2018,9.5,9.2
80607,2019,9.0,8.6
80607,2021,5.5,5.6
80607,2022,6.5,6.2
80607,2023,6.0,5.8
80607,2024,5.5,5.2
80755,2017,5.0,4.8
80755,2018,4.5,4.5
80792,2018,4.5,4.1
80801,2017,5.0,4.8
80801,2018,5.0,4.7
80801,2019,5.0,5.0
80801,2022,5.0,4.7
80801,2023,5.0,4.8
80801,2024,5.0,4.8
80801,2025,5.5,5.4
80954,2020,6.0,5.7
80954,2021,6.5,6.3
80954,2022,6.0,6.3
81012,2018,5.0,4.5
81012,2019,4.5,4.4
81012,2020,4.5,4.2
81012,2021,4.5,4.4
81012,2022,4.5,4.4
81012,2023,4.5,4.3
81048,2019,5.5,5.3
81183,2018,6.0,5.6
81183,2019,5.5,5.1
81183,2020,5.0,4.8
81183,2021,5.5,5.2
81205,2022,5.5,5.1
81441,2020,4.5,4.3
81441,2021,4.0,3.9
81441,2022,4.0,4.0
81441,2023,4.0,3.9
81441,2025,4.0,3.9
81441,2026,4.5,4.5
81880,2017,6.0,5.5
81880,2018,6.5,6.4
81880,2019,6.5,6.1
81880,2020,6.5,6.3
81880,2021,6.0,5.8
81880,2022,5.0,4.9
82078,2018,5.0,4.6
82078,2020,5.0,4.8
82143,2020,4.5,4.3
82143,2023,4.5,4.4
82143,2024,4.5,4.2
82143,2025,4.0,4.0
82263,2017,7.0,7.1
82263,2018,6.5,6.2
82263,2019,6.5,6.1
82263,2020,6.0,5.6
82263,2021,5.5,5.7
82263,2022,5.5,5.3
82403,2017,7.0,7.1
82403,2018,7.0,7.0
82403,2019,7.0,6.6
82403,2020,7.0,7.1
82403,2021,7.0,6.9
82403,2022,7.0,7.2
82514,2018,4.5,4.2
82514,2020,4.5,4.2
82514,2022,4.5,4.5
82514,2023,4.5,4.4
82514,2024,4.5,4.5
82691,2019,4.5,5.0
82691,2020,5.5,4.9
82691,2023,4.0,3.8
82738,2023,5.0,4.6
83091,2019,5.5,5.3
83283,2017,6.5,5.9
83283,2018,5.5,5.5
83283,2019,6.5,6.2
83283,2020,6.5,6.4
83283,2021,6.0,5.9
83283,2022,5.5,5.3
83283,2023,5.0,4.7
83299,2017,4.5,4.5
83299,2018,4.5,4.4
83299,2019,4.5,4.8
83299,2020,5.0,4.8
83299,2021,5.0,4.8
83299,2022,4.5,4.8
83299,2023,5.0,5.2
83299,2024,4.5,4.2
83299,2025,4.5,4.5
83299,2026,4.5,4.5
83312,2018,5.0,4.8
83312,2019,4.0,3.9
83312,2020,4.0,3.9
83312,2021,4.5,4.4
83314,2017,5.5,5.4
83314,2018,5.5,5.2
83314,2019,5.5,5.4
83314,2020,5.0,4.5
83314,2021,5.0,4.8
83314,2022,4.5,4.5
83314,2023,4.5,4.4
83427,2019,4.0,4.0
83427,2020,4.5,4.2
83427,2023,4.5,4.3
83428,2017,4.0,4.0
83428,2019,4.0,4.0
83428,2021,4.5,4.4
83543,2017,6.0,5.5
83543,2018,5.5,5.2
83543,2019,5.5,5.3
83543,2020,5.5,5.0
83543,2022,5.0,4.7
83543,2023,4.5,4.4
84112,2017,4.5,4.5
84112,2018,4.5,4.3
84182,2020,4.5,4.5
84182,2021,5.0,4.7
84182,2022,4.5,4.3
84182,2023,4.0,4.2
84182,2024,4.5,4.2
84182,2025,4.5,4.2
84384,2019,4.5,4.3
84450,2017,5.5,5.1
84450,2018,5.5,5.2
84450,2019,5.5,5.1
84450,2020,5.5,5.2
84450,2021,5.0,4.8
84450,2022,5.0,4.8
84450,2023,6.0,6.0
84450,2025,5.0,5.1
84450,2026,5.5,5.5
84583,2017,9.0,9.1
84583,2021,7.0,7.1
84583,2022,7.0,6.6
84583,2023,6.0,5.8
84915,2020,4.5,4.1
84939,2017,5.5,5.4
84939,2018,5.5,5.4
84939,2019,6.0,7.6
84939,2020,8.5,8.4
84939,2021,8.0,7.7
84939,2022,7.0,6.3
84939,2023,6.0,5.5
84939,2024,5.0,4.8
85128,2017,4.0,3.9
85242,2019,6.0,5.7
85242,2020,6.0,5.9
85242,2021,5.0,4.9
85352,2017,5.0,4.9
85368,2017,4.5,4.6
85368,2018,4.5,4.2
85624,2017,4.5,4.4
85624,2018,4.5,4.4
85624,2019,4.5,4.3
85624,2021,4.5,4.3
85633,2023,4.5,4.5
85633,2024,4.5,5.2
85633,2025,5.0,4.6
85633,2026,5.0,5.0
85654,2017,4.5,4.4
85955,2018,5.0,4.6
85955,2019,5.0,4.9
85955,2020,5.0,4.7
85955,2021,6.0,5.7
85955,2022,6.0,5.7
85955,2023,5.5,5.3
85955,2024,5.0,4.6
85971,2017,8.0,8.3
85971,2018,8.5,8.6
85971,2019,9.5,9.7
85971,2020,9.0,9.6
85971,2021,10.0,11.2
85971,2022,12.0,11.5
85971,2023,9.0,10.0
85971,2024,10.0,9.7
85971,2025,8.5,8.5
86129,2022,5.5,5.5
86153,2018,4.5,4.3
86153,2019,4.5,4.3
86153,2020,4.5,4.5
86173,2017,7.0,7.0
86176,2017,6.0,5.5
86176,2018,5.0,5.0
86417,2017,5.0,4.7
86417,2018,4.5,4.3
86417,2019,5.5,5.4
86417,2020,5.5,5.3
86417,2021,5.5,5.4
86417,2022,5.0,4.7
86417,2023,5.0,4.8
86417,2024,5.0,4.6
86873,2025,4.0,3.9
86873,2026,4.0,4.0
86881,2017,4.5,4.5
86881,2018,4.5,4.3
86881,2019,4.5,4.3
86881,2020,4.5,4.2
86881,2021,4.5,4.3
86881,2022,4.5,4.2
86934,2017,7.0,6.6
86934,2018,6.5,6.4
86934,2019,6.5,6.1
86934,2020,6.5,6.4
86934,2021,6.0,5.6
86934,2022,5.5,5.0
87107,2018,4.5,4.2
87107,2020,4.5,4.2
87121,2019,4.5,4.2
87396,2019,4.5,4.3
87428,2017,6.0,5.7
87428,2018,5.0,4.8
87447,2017,4.5,4.2
87447,2019,4.5,4.3
87835,2018,4.5,5.3
87835,2019,6.0,6.5
87835,2020,6.0,5.6
87835,2021,5.0,4.5
87835,2022,5.0,4.6
87835,2023,4.5,4.3
87835,2024,4.5,4.3
87835,2025,4.5,4.4
87856,2017,4.5,4.2
87873,2020,4.5,5.5
87873,2021,5.5,4.9
87873,2022,5.0,4.9
88170,2017,5.0,4.7
88175,2019,4.5,4.2
88248,2022,4.0,3.7
88248,2023,4.0,3.6
88248,2024,5.5,5.2
88248,2025,5.0,4.7
88482,2017,10.0,10.4
88482,2018,9.0,8.4
88484,2022,5.5,4.9
88484,2023,5.0,4.5
88484,2024,5.5,5.0
88498,2017,6.0,5.7
88734,2018,4.5,4.6
88894,2017,7.5,7.3
88894,2018,6.0,5.0
88894,2019,6.0,5.6
88894,2020,6.0,5.8
88894,2021,5.5,5.2
88894,2022,5.0,4.9
88894,2023,5.0,4.5
88894,2024,5.5,5.2
88894,2025,5.0,4.8
88894,2026,5.0,5.0
88900,2017,5.0,4.5
88900,2018,4.5,4.2
88900,2019,4.5,4.4
88900,2020,5.0,4.6
88900,2021,4.5,4.4
88900,2022,4.5,4.3
88900,2024,4.0,4.0
88935,2017,5.0,5.0
89068,2022,4.5,4.3
89076,2022,5.0,4.9
89076,2023,5.0,4.9
89085,2017,4.5,4.2
89085,2018,4.5,4.4
89085,2019,4.5,4.4
89085,2021,5.0,5.0
89085,2022,4.5,4.4
89274,2019,6.0,5.7
89274,2020,6.0,5.9
89335,2021,5.5,4.9
89470,2019,5.5,5.3
89470,2021,5.0,4.9
89572,2018,6.5,5.7
90105,2017,5.5,5.1
90105,2018,5.5,6.4
90105,2019,7.5,6.8
90105,2020,6.0,5.6
90105,2021,5.5,5.1
90105,2022,5.5,5.2
90105,2023,5.0,4.9
90105,2024,5.0,4.8
90152,2021,5.5,5.5
90152,2022,5.0,4.8
90152,2023,5.0,4.9
90440,2019,4.5,4.3
90517,2017,5.5,5.3
90517,2018,5.5,5.4
90517,2019,5.5,5.5
90517,2020,5.0,5.0
90518,2019,5.0,4.5
90585,2018,4.5,4.7
90585,2019,5.0,4.9
90585,2020,5.5,5.4
90585,2021,5.0,4.9
90585,2022,4.5,4.1
90585,2023,4.5,4.5
90585,2024,4.5,4.2
90585,2025,4.0,3.8
90714,2017,6.5,6.1
91046,2023,4.5,4.3
91047,2018,5.5,5.1
91047,2019,5.5,5.2
91047,2020,5.5,5.5
91047,2021,6.0,5.8
91047,2022,5.0,4.7
91651,2018,6.0,5.7
91651,2019,5.5,5.3
91651,2020,5.5,5.3
91651,2021,5.0,4.9
91651,2022,5.0,4.9
91651,2023,5.0,4.6
91651,2024,5.5,5.4
91651,2025,6.0,5.8
91651,2026,5.5,5.5
91889,2024,7.0,6.7
91889,2025,6.0,5.6
91972,2017,6.0,5.5
91979,2017,4.5,4.4
92159,2019,4.5,4.3
92170,2017,4.0,3.9
92217,2017,8.5,9.5
92217,2018,9.5,9.3
92217,2019,9.5,9.3
92217,2020,9.5,9.1
92217,2021,9.0,8.7
92217,2022,8.0,8.0
92259,2018,4.5,4.3
92259,2020,5.0,4.7
92259,2022,5.5,5.4
92371,2019,5.0,4.4
92371,2020,4.5,4.4
92371,2021,4.5,4.2
92371,2022,4.5,4.5
92383,2017,5.0,4.9
92383,2018,4.5,4.5
93001,2017,4.5,4.3
93100,2018,5.0,4.6
93100,2019,5.0,4.5
93100,2020,4.5,4.7
93100,2021,5.0,4.7
93100,2022,4.0,3.8
93100,2024,4.0,3.9
93127,2017,6.0,5.4
93264,2017,5.0,4.7
93264,2018,5.0,4.7
93264,2019,5.0,4.8
93264,2020,5.0,4.6
93264,2021,4.5,4.7
93264,2022,5.0,5.0
93264,2023,4.5,4.2
93284,2018,5.0,5.0
93284,2019,5.0,4.7
93284,2020,5.0,4.8
93284,2021,5.0,5.0
93464,2017,4.5,4.3
93605,2026,4.5,4.5
94147,2018,4.5,4.5
94147,2019,5.0,5.1
94147,2020,5.0,4.9
94147,2021,4.5,4.7
94147,2022,5.0,4.7
94147,2024,4.0,4.0
94245,2017,8.5,8.1
94245,2018,6.5,6.2
94245,2019,7.0,6.6
94245,2020,6.0,5.7
94245,2021,5.5,5.5
94248,2018,4.5,4.4
94924,2017,6.0,5.5
94924,2018,5.5,5.7
94924,2019,6.5,6.1
94926,2017,4.5,4.5
94926,2024,4.5,4.5
95463,2017,4.5,4.4
95463,2018,4.5,4.3
95463,2019,4.5,4.2
95463,2020,4.5,4.3
95463,2021,4.0,4.0
95463,2022,4.0,3.8
95463,2024,4.0,3.9
95508,2017,4.5,4.4
95658,2017,5.0,5.5
95658,2018,5.5,5.4
95658,2019,5.5,5.3
95658,2020,5.5,5.5
95658,2021,5.5,5.4
95658,2022,5.0,4.7
95658,2023,4.5,4.3
95658,2024,5.0,4.9
95658,2025,4.5,4.4
95658,2026,5.0,5.0
95715,2017,8.0,7.7
95715,2018,7.0,6.9
95715,2019,7.5,7.0
95715,2020,7.0,6.4
95715,2021,6.5,5.9
95715,2022,6.0,5.8
96305,2017,4.5,4.3
96306,2017,4.5,4.5
96767,2019,4.0,3.9
96784,2023,5.0,4.8
96787,2018,6.5,6.0
96787,2019,5.5,5.2
96787,2021,5.5,5.4
96787,2022,5.5,5.1
96994,2018,5.5,5.2
96994,2020,5.5,5.3
96994,2022,5.5,5.4
96994,2023,5.5,5.2
96994,2024,5.5,5.2
97032,2017,5.5,5.7
97032,2018,6.0,6.7
97032,2019,6.5,6.5
97032,2020,6.5,6.2
97032,2021,6.5,6.8
97032,2022,6.5,6.6
97032,2023,6.0,6.6
97032,2024,6.0,6.7
97032,2025,6.0,6.1
97032,2026,6.5,6.5
97299,2017,5.5,5.3
97299,2018,5.5,5.2
97299,2019,5.5,5.3
97299,2020,5.0,5.1
97299,2021,5.5,5.2
97299,2022,5.5,5.6
97299,2023,5.5,5.3
97299,2024,5.5,5.3
97299,2025,5.5,5.4
97485,2017,4.5,4.0
97615,2017,4.5,4.4
97846,2025,4.0,3.9
98745,2017,6.0,5.9
98745,2018,5.5,5.3
98745,2019,5.5,5.2
98745,2020,5.0,5.0
98745,2021,5.0,4.8
98747,2017,4.5,5.0
98747,2018,5.0,4.8
98747,2019,4.5,5.2
98747,2020,5.5,5.5
98747,2021,5.5,5.3
98747,2022,5.0,5.4
98747,2023,5.5,5.3
98747,2024,5.0,5.0
98747,2025,5.0,5.0
98747,2026,5.0,5.0
98770,2019,4.5,4.3
98770,2020,4.0,4.0
98914,2017,6.5,5.9
98914,2018,5.5,5.5
98980,2017,4.0,4.0
98980,2018,4.0,4.0
98980,2019,4.5,4.4
98980,2020,4.5,5.3
98980,2021,5.5,5.5
98980,2022,5.0,5.0
98980,2023,5.0,5.2
98980,2024,5.0,5.0
98980,2025,5.0,5.0
98980,2026,5.0,5.0
99323,2018,5.0,4.7
100059,2017,4.5,4.3
100059,2018,4.5,4.1
100180,2017,5.5,5.0
100180,2018,5.5,4.8
100180,2019,5.0,5.0
100412,2017,5.5,5.4
100649,2018,6.0,5.9
100649,2019,6.5,6.4
100649,2020,6.0,5.7
100649,2021,5.5,5.5
101061,2019,4.0,3.9
101105,2018,5.0,4.8
101105,2020,5.0,4.5
101105,2022,4.5,4.4
101148,2017,4.5,4.9
101148,2018,5.0,4.7
101148,2019,4.5,4.2
101148,2020,4.5,4.2
101148,2021,4.5,4.4
101148,2022,4.5,4.3
101148,2023,4.0,3.7
101148,2024,4.5,4.5
101148,2025,4.5,4.3
101178,2017,5.5,4.9
101178,2018,5.5,5.1
101178,2019,6.0,5.7
101178,2020,6.0,5.9
101178,2021,6.5,6.4
101178,2022,6.5,6.1
101178,2023,6.0,5.7
101178,2024,6.5,6.1
101178,2025,6.0,5.6
101184,2017,5.0,4.7
101184,2018,4.5,4.2
101184,2019,4.5,4.3
101184,2020,4.5,4.5
101184,2021,4.5,4.2
101184,2022,4.5,4.2
101184,2023,4.0,3.8
101188,2018,5.0,5.4
101188,2019,6.0,5.9
101188,2020,6.0,6.2
101188,2021,5.5,5.0
101188,2022,5.0,4.5
101188,2023,4.5,4.6
101188,2024,4.5,4.4
101188,2025,4.5,4.5
101188,2026,4.5,4.5
101282,2026,4.5,4.5
101338,2022,5.0,4.7
101394,2020,4.5,4.5
101537,2018,7.0,6.8
101537,2019,7.0,6.6
101537,2020,6.5,6.1
101582,2018,6.0,5.3
101582,2019,5.5,5.1
101582,2020,5.5,5.3
101582,2021,5.0,4.9
101582,2022,5.5,5.1
101582,2023,5.0,5.0
101668,2017,8.5,8.8
101668,2018,9.0,9.0
101668,2019,9.0,9.7
101668,2020,10.0,10.2
101668,2021,10.5,10.3
101668,2022,9.5,9.1
101668,2024,5.5,5.4
101982,2020,4.5,4.6
101982,2022,4.5,4.4
101982,2023,4.5,4.3
101982,2024,4.5,4.1
101982,2025,4.5,4.4
102057,2018,5.5,6.9
102057,2019,7.5,8.0
102057,2020,8.5,8.1
102057,2021,7.5,7.5
102057,2022,7.0,6.5
102057,2023,5.5,5.0
102057,2024,5.5,5.3
102057,2025,6.5,5.9
102366,2017,4.5,4.5
102380,2017,6.0,5.8
102380,2018,6.0,5.9
102380,2019,6.0,5.9
102380,2020,5.0,4.7
102380,2021,5.5,6.1
102549,2023,4.0,4.0
102738,2017,4.5,4.5
102747,2019,5.5,5.0
102826,2017,6.5,6.3
102826,2018,6.0,6.1
102826,2019,6.0,5.5
102826,2020,6.0,5.9
102826,2021,5.5,5.2
102836,2022,4.5,4.5
102884,2017,4.5,4.2
102884,2018,4.5,4.5
102884,2019,4.5,4.1
102884,2020,4.5,4.3
102884,2022,4.0,4.0
103025,2017,8.5,8.7
103025,2018,9.0,8.2
103025,2019,8.5,8.6
103025,2020,8.5,8.1
103025,2021,9.0,8.6
103025,2022,8.0,7.5
103025,2023,7.5,7.5
103123,2019,7.5,6.8
103123,2020,6.5,6.1
103127,2017,4.5,4.5
103192,2017,5.5,5.4
103192,2018,5.0,5.0
103192,2019,5.0,4.7
103192,2020,5.0,5.3
103192,2021,5.5,5.4
103192,2022,4.5,4.4
103192,2023,4.5,4.5
103192,2024,4.5,4.4
103912,2017,5.0,4.6
103912,2018,5.5,4.9
103912,2019,5.0,4.6
103914,2017,4.5,4.2
103914,2018,4.5,4.4
103914,2019,4.5,4.3
103914,2020,4.5,4.4
103914,2021,4.5,4.4
103914,2023,4.0,3.9
103914,2024,4.0,3.9
103955,2017,8.0,9.1
103955,2018,11.0,11.7
103955,2019,12.0,12.0
103955,2020,11.5,10.9
103955,2021,11.0,10.5
103955,2022,10.0,9.7
103955,2023,7.0,6.8
103955,2024,7.0,6.7
104047,2023,5.0,4.6
104073,2018,5.0,4.6
104535,2017,4.5,4.5
104542,2017,5.0,4.9
104542,2018,5.0,4.9
104542,2022,4.0,3.9
104542,2023,4.0,3.9
104545,2017,5.0,4.7
104545,2018,4.5,4.4
104547,2017,6.5,6.1
104547,2018,6.0,6.0
104547,2019,5.0,5.0
104547,2020,6.0,5.9
104547,2021,5.5,5.2
104547,2022,4.5,4.5
104953,2017,5.0,4.8
104953,2018,5.5,5.1
104953,2019,5.5,5.3
104953,2020,5.5,5.2
105377,2020,4.5,4.4
105666,2017,5.0,5.0
105666,2020,4.5,4.5
105666,2021,4.5,4.4
105666,2022,4.5,4.4
105666,2026,4.5,4.5
105700,2017,6.0,5.9
105700,2018,5.5,5.0
105700,2019,4.5,4.2
105717,2017,4.5,4.2
105717,2018,4.5,4.2
105717,2019,4.5,4.1
105717,2020,4.5,4.3
105717,2021,4.5,4.4
105717,2022,4.5,4.5
105717,2025,4.0,3.9
105717,2026,4.0,4.0
106450,2017,5.5,5.4
106450,2018,5.0,4.8
106468,2022,4.5,4.5
106468,2023,5.0,4.9
106468,2024,4.5,4.2
106468,2025,4.0,4.0
106606,2024,4.5,4.3
106611,2017,5.5,5.3
106611,2018,5.0,4.8
106611,2019,5.5,5.2
106611,2020,5.0,5.0
106611,2021,5.0,4.6
106611,2022,4.5,4.2
106611,2023,4.5,4.2
106611,2024,4.0,3.8
106611,2025,4.5,4.5
106611,2026,5.0,5.0
106617,2020,5.5,6.6
106617,2021,8.0,7.7
106617,2022,7.5,7.1
106617,2025,5.0,4.9
106618,2017,4.5,4.2
106618,2018,4.5,4.4
106618,2019,4.5,4.3
106618,2020,4.5,4.4
106618,2021,4.5,4.5
106618,2022,4.0,3.9
106618,2023,4.0,3.9
106757,2017,6.0,6.0
106757,2018,5.5,5.3
106757,2019,5.5,5.2
106757,2021,4.5,4.4
106760,2017,5.0,4.8
106760,2018,5.0,5.1
106760,2019,5.5,5.4
106760,2020,5.0,5.5
106760,2021,5.5,5.0
106760,2022,5.0,5.3
106760,2023,5.5,5.2
106760,2024,5.0,4.9
106760,2025,4.5,4.5
106760,2026,4.5,4.5
106837,2019,5.5,5.2
106837,2020,5.5,5.2
106837,2021,5.0,4.9
106837,2022,5.0,4.8
106899,2017,4.5,4.2
106921,2026,5.0,5.0
107265,2018,4.5,4.3
107265,2019,4.5,4.2
107265,2020,4.5,4.3
107265,2021,4.0,4.0
107265,2025,4.0,4.0
107613,2018,4.5,4.2
107613,2019,4.5,4.7
107613,2020,5.0,4.9
107613,2021,5.0,4.8
108053,2020,4.5,4.4
108053,2024,4.0,3.9
108093,2018,5.5,5.3
108156,2019,4.5,4.3
108156,2020,4.5,4.4
108156,2021,4.5,4.5
108411,2023,4.0,3.9
108413,2017,5.0,4.6
108413,2018,5.0,4.9
108413,2019,5.5,5.3
108413,2021,5.0,4.7
108413,2022,5.0,4.8
108413,2023,5.0,4.9
108413,2024,5.0,4.9
108413,2025,5.0,4.7
108413,2026,4.5,4.5
108416,2019,4.5,4.7
108416,2020,5.0,4.7
108416,2023,4.5,4.2
108416,2026,4.0,4.0
108438,2017,7.5,7.0
108438,2018,5.5,5.4
108796,2023,4.5,4.2
108813,2020,4.0,4.0
108813,2024,4.5,4.3
108813,2026,4.5,4.5
108823,2017,9.5,9.0
108823,2018,9.0,8.8
108823,2019,8.5,8.3
108823,2020,8.0,7.4
108823,2021,6.5,6.2
108823,2022,5.5,5.3
108823,2023,5.0,4.8
109065,2017,7.5,6.9
109065,2018,6.0,6.0
109322,2017,6.0,6.0
109322,2018,7.0,6.7
109322,2019,6.5,6.3
109322,2020,6.0,6.6
109322,2021,7.0,6.7
109322,2022,6.0,5.4
109345,2017,5.0,4.8
109345,2018,5.0,4.7
109345,2019,5.0,4.6
109345,2020,5.0,4.9
109345,2021,5.5,5.3
109345,2022,5.0,5.2
109345,2023,6.5,6.1
109345,2024,6.5,6.5
109345,2025,6.0,5.8
109434,2017,4.5,4.4
109434,2018,4.5,4.3
109434,2020,4.5,4.3
109434,2022,4.0,3.9
109434,2023,4.0,4.0
109528,2017,4.5,4.2
109528,2018,4.5,4.3
109528,2019,4.5,4.3
109528,2020,4.5,4.2
109528,2021,4.0,3.9
109528,2022,4.5,4.2
109528,2023,4.0,4.0
109533,2017,5.5,5.2
109533,2018,5.5,5.2
109533,2019,5.5,5.4
109533,2020,5.0,4.7
109533,2021,4.5,4.5
109533,2022,4.0,4.0
109533,2023,4.5,4.3
109533,2024,4.5,4.4
109533,2025,4.5,4.4
109638,2020,4.0,3.9
109646,2017,4.0,4.0
109646,2020,4.5,4.5
109646,2022,4.5,4.4
109646,2023,4.5,4.3
109646,2024,4.5,4.2
109646,2025,4.5,4.0
109646,2026,4.5,4.5
109745,2018,5.5,5.4
109745,2019,5.5,5.4
109745,2020,5.0,4.7
109745,2021,5.0,4.5
109745,2022,4.5,4.5
109745,2023,5.0,5.0
109745,2024,4.5,4.6
109745,2025,4.5,4.0
109745,2026,5.0,5.0
109788,2017,6.5,6.0
109999,2018,4.5,4.3
110504,2020,6.0,5.8
110504,2021,6.0,5.7
110504,2022,5.0,4.9
110504,2023,5.0,5.0
110504,2025,5.5,5.5
110690,2026,4.5,4.5
110735,2019,4.5,4.4
110735,2020,4.5,4.3
110735,2021,4.5,4.3
110735,2022,4.5,4.5
110735,2023,4.5,4.2
110735,2024,4.5,4.3
110735,2025,4.5,4.4
110979,2017,9.5,9.4
110979,2018,9.5,10.3
110979,2019,11.5,12.1
110979,2020,12.0,11.8
110979,2021,12.0,11.8
111234,2017,5.0,4.9
111234,2018,5.0,4.9
111234,2019,5.5,5.2
111234,2020,5.0,4.8
111234,2021,5.0,4.8
111234,2022,4.5,4.4
111234,2023,4.5,4.8
111234,2024,5.0,5.2
111234,2025,5.5,5.6
111234,2026,5.5,5.5
111291,2020,5.0,4.7
111291,2021,4.5,4.2
111317,2018,5.0,5.0
111317,2019,6.5,6.1
111317,2022,5.5,5.3
111317,2023,5.0,4.7
111317,2024,5.0,4.9
111317,2025,5.0,5.0
111317,2026,5.0,5.0
111452,2023,4.5,4.5
111452,2024,4.5,4.2
111452,2025,4.0,4.0
111457,2017,6.0,5.8
111457,2018,5.0,4.9
111457,2019,5.5,5.2
111457,2020,5.0,4.8
111457,2021,4.5,4.2
111478,2020,4.5,4.3
111478,2021,4.5,4.2
111478,2022,4.5,4.6
111478,2023,4.5,4.3
111478,2024,4.5,4.3
111478,2025,4.5,4.3
111773,2019,4.5,4.3
111773,2020,4.5,4.2
111773,2021,4.5,4.3
111773,2022,4.5,4.3
111773,2023,4.5,4.4
111773,2024,4.5,4.3
111773,2025,4.5,4.3
111782,2020,4.5,4.5
111782,2021,4.0,4.0
111782,2022,4.0,3.9
111782,2023,4.0,3.9
111782,2024,4.5,4.5
111787,2017,5.0,5.0
111931,2018,5.0,5.3
111931,2019,6.0,6.2
111931,2020,6.0,5.9
111931,2021,5.5,5.2
111931,2022,4.5,4.2
111931,2024,4.5,4.1
112316,2017,4.0,4.0
112338,2017,5.0,4.9
112516,2017,5.5,5.2
112520,2017,4.0,4.0
112520,2024,4.5,4.5
112520,2026,4.0,4.0
113534,2017,5.0,5.0
113534,2019,4.0,4.0
113534,2020,4.0,4.0
113534,2023,4.0,4.0
113564,2017,4.5,4.2
113564,2018,4.5,4.5
113564,2019,4.5,4.3
113564,2021,4.5,4.4
113564,2025,4.0,3.7
113688,2017,5.0,4.6
113688,2018,5.5,5.0
113688,2019,4.5,4.5
114054,2018,4.5,4.5
114093,2017,4.0,4.0
114128,2018,4.5,4.3
114128,2019,5.5,5.5
114128,2020,5.5,5.4
114128,2021,4.5,4.5
114128,2022,4.5,4.3
114128,2023,4.5,4.3
114241,2022,4.5,4.3
114241,2023,4.5,4.4
114241,2024,4.5,4.2
114243,2017,5.5,5.0
114243,2018,5.0,4.7
114243,2019,5.0,4.7
114243,2020,5.0,4.9
114243,2021,5.0,4.6
114243,2022,4.5,4.2
114243,2023,5.0,4.8
114243,2024,5.5,5.2
114243,2025,6.5,5.9
114243,2026,6.0,6.0
114245,2018,5.0,4.8
114283,2019,6.0,5.9
114283,2020,7.0,7.5
114283,2021,8.0,7.5
114283,2022,7.0,7.1
114283,2023,7.5,7.2
114283,2024,6.5,6.4
114283,2025,6.5,6.3
114283,2026,6.5,6.5
114536,2020,4.0,4.0
115382,2019,6.0,5.7
115382,2020,6.5,5.8
115382,2021,6.5,6.2
115382,2022,6.5,5.6
115382,2023,5.0,4.9
115382,2024,5.0,4.9
115556,2017,5.5,5.8
115556,2018,6.0,5.6
115556,2019,5.5,5.3
115556,2020,5.0,4.5
115556,2021,4.5,4.5
115556,2022,5.0,4.7
115556,2023,4.5,4.3
115556,2024,4.5,4.3
115556,2025,4.5,4.3
115556,2026,4.0,4.0
115858,2018,5.5,5.0
115858,2019,5.5,5.1
115918,2020,4.5,4.4
115918,2021,4.0,4.0
115918,2023,4.0,4.0
116216,2019,6.0,5.8
116216,2020,6.0,5.5
116216,2021,6.5,5.9
116216,2022,6.5,6.6
116216,2023,7.0,6.6
116216,2024,7.0,6.7
116216,2025,7.0,6.6
116404,2022,4.5,4.5
116404,2023,4.5,4.4
116535,2018,5.5,5.9
116535,2019,6.0,6.2
116535,2020,6.0,6.0
116535,2021,6.0,6.1
116535,2022,5.5,5.5
116535,2023,5.5,5.7
116535,2024,5.5,5.5
116535,2025,5.5,5.4
116535,2026,5.5,5.5
116543,2019,5.5,5.3
116594,2017,5.0,4.9
116594,2018,5.0,4.9
116594,2019,5.0,5.0
116594,2020,5.0,4.9
116594,2021,5.0,4.9
116594,2022,5.0,4.8
116643,2018,6.0,5.5
116643,2019,5.5,5.4
116643,2020,5.5,5.4
116643,2021,5.5,5.4
116643,2022,5.5,5.2
116643,2023,5.0,5.0
118335,2023,4.0,4.0
118342,2023,4.5,4.7
118342,2024,4.5,4.5
118748,2017,9.0,10.6
118748,2018,13.0,13.2
118748,2019,12.5,12.5
118748,2020,12.0,12.9
118748,2021,12.5,13.1
118748,2022,13.0,13.1
118748,2023,12.5,13.4
118748,2024,12.5,13.6
118748,2025,14.5,14.0
118884,2018,4.5,4.4
119471,2018,5.0,4.5
119471,2019,5.0,5.0
119471,2020,5.0,4.8
119471,2021,4.5,4.1
119471,2022,4.5,5.1
119471,2023,5.0,5.6
119471,2024,5.5,5.5
119471,2025,5.5,5.2
119471,2026,5.0,5.0
119765,2020,5.5,5.2
119765,2021,4.5,4.3
119765,2022,5.0,4.8
120202,2021,6.5,6.2
120202,2022,6.0,5.4
120202,2023,5.5,5.5
120250,2018,5.5,5.4
120250,2019,5.5,5.2
120250,2020,5.5,5.3
120250,2021,5.0,4.9
120250,2022,4.5,4.5
120250,2023,4.5,4.4
120447,2017,4.0,3.9
120721,2022,4.5,4.3
120721,2023,4.0,4.0
120721,2024,4.0,4.0
121145,2019,5.5,5.1
121145,2020,5.5,5.8
121145,2021,6.0,7.2
121145,2022,7.0,7.1
121145,2023,6.0,5.8
121145,2024,5.5,5.3
121160,2017,5.5,5.7
121160,2018,5.5,5.7
121160,2019,6.0,6.1
121160,2020,6.0,6.1
121160,2021,6.0,6.2
121160,2022,5.5,5.4
121160,2023,5.5,5.5
121160,2024,5.5,5.3
121160,2025,5.5,5.3
121221,2017,5.0,4.9
121570,2021,4.0,4.0
121599,2017,5.0,5.2
121599,2018,6.0,5.8
121599,2019,6.0,5.4
121599,2020,5.5,5.1
121599,2021,5.5,5.3
121599,2022,5.5,5.3
121599,2023,5.5,5.5
121599,2024,5.5,5.1
121709,2025,4.0,3.9
121709,2026,4.5,4.5
122074,2018,4.5,4.2
122074,2020,4.5,4.3
122074,2021,4.0,4.0
122074,2022,4.0,4.0
122074,2023,4.0,4.0
122074,2024,4.0,3.9
122074,2025,4.0,3.8
122074,2026,4.5,4.5
122342,2017,4.5,4.5
122342,2018,4.5,4.4
122411,2024,4.0,3.8
122775,2020,5.5,5.5
122775,2021,5.0,5.0
122775,2022,4.5,4.3
122775,2023,4.5,4.5
122797,2018,5.5,4.8
122798,2017,5.0,5.0
122798,2018,6.0,6.7
122798,2019,7.0,7.0
122798,2020,7.0,7.3
122798,2021,7.0,7.3
122798,2022,7.0,6.8
122798,2023,6.5,6.5
122798,2024,6.0,5.8
122798,2025,6.0,5.7
122798,2026,4.5,4.5
122806,2019,5.5,5.2
122806,2020,5.5,5.5
122806,2021,6.0,5.6
122806,2022,5.5,5.1
122806,2023,5.5,5.3
122806,2024,5.5,5.2
122806,2025,5.5,5.3
122806,2026,5.5,5.5
123354,2018,4.0,4.0
123354,2019,4.5,4.4
123354,2020,4.5,4.4
123354,2021,4.5,4.4
123354,2022,4.5,4.4
123354,2023,4.0,3.9
123354,2024,4.0,3.9
124165,2019,5.5,5.0
124165,2025,5.5,5.4
124183,2020,8.0,7.9
124183,2021,7.5,7.3
124183,2022,6.0,5.5
124183,2023,5.5,5.4
126184,2017,5.0,5.0
126184,2018,5.0,5.1
126184,2019,5.0,4.8
126184,2020,5.5,5.4
126184,2021,5.0,4.7
126184,2022,5.0,5.0
126184,2023,5.0,5.0
126184,2024,5.5,5.3
126184,2025,5.5,5.2
126187,2017,4.5,4.4
126187,2018,5.5,5.2
126187,2019,6.5,5.9
126187,2020,6.0,5.9
126187,2021,5.5,5.4
126187,2022,5.0,5.0
126407,2019,5.0,4.7
128198,2017,6.0,5.7
128198,2018,5.5,5.5
128198,2019,5.5,5.5
128198,2020,5.5,5.4
128295,2021,5.0,5.0
128295,2022,5.5,5.3
128295,2023,5.5,5.2
128295,2024,5.0,4.8
128295,2025,5.5,5.1
128295,2026,5.0,5.0
128309,2022,5.5,5.2
128309,2023,5.0,4.9
128340,2022,5.5,4.9
128340,2023,5.0,4.6
128348,2019,4.5,4.5
128389,2017,5.0,4.7
128389,2018,6.5,6.3
128389,2020,6.0,5.5
128389,2022,6.5,6.6
128389,2023,7.5,7.4
130036,2021,5.0,5.0
131304,2021,4.5,4.3
131403,2018,4.5,4.5
131897,2017,4.5,4.6
131897,2018,4.5,4.4
131897,2019,4.5,4.7
131897,2020,4.5,4.1
131897,2021,4.5,4.5
132015,2017,4.5,4.3
132015,2018,4.5,4.4
132015,2019,5.0,4.8
132015,2020,5.0,4.9
132015,2021,5.0,4.8
132015,2022,5.5,5.3
132015,2023,5.5,5.1
132015,2024,5.0,5.0
133085,2023,4.0,3.9
133801,2017,5.0,4.9
133801,2018,4.5,4.4
133845,2022,5.0,4.7
133845,2023,4.5,4.3
135363,2017,5.5,5.3
135363,2018,5.5,5.0
135363,2019,5.0,4.8
135363,2020,5.0,4.7
135363,2021,5.0,4.6
135365,2017,6.0,6.0
135720,2019,4.5,4.2
135720,2024,4.5,4.4
135720,2025,4.5,4.2
135720,2026,5.0,5.0
138001,2023,4.0,3.9
138001,2024,4.0,3.9
138001,2025,4.0,3.9
138001,2026,4.5,4.5
138009,2017,4.5,4.3
138009,2018,4.5,4.3
139110,2019,5.0,4.4
140200,2022,4.5,4.3
140200,2023,4.0,3.9
140941,2021,4.5,4.5
141020,2018,6.0,5.5
141020,2019,5.5,5.2
141020,2020,5.0,4.7
141569,2018,5.0,4.6
141569,2020,5.0,4.8
141746,2019,8.0,9.0
141746,2020,10.5,11.3
141746,2021,12.0,11.6
141746,2022,10.0,9.5
141746,2023,8.5,8.5
141746,2024,8.5,8.4
141746,2025,9.0,10.4
141746,2026,12.0,12.0
141921,2017,5.0,5.0
143877,2017,5.5,5.4
143877,2018,5.0,4.8
144485,2021,6.5,6.9
144485,2022,7.0,7.1
144485,2023,8.0,7.7
144485,2024,7.5,7.3
144660,2017,4.5,4.5
145235,2019,5.0,4.6
146426,2020,5.0,4.8
146426,2026,4.0,4.0
146610,2019,4.5,4.5
146610,2020,5.0,4.7
146941,2017,5.5,5.1
146941,2018,5.5,6.3
146941,2019,6.5,6.3
146941,2020,6.0,6.0
146941,2021,5.5,6.0
146941,2022,6.0,5.6
146941,2023,5.0,4.9
147303,2017,5.5,5.0
147303,2018,5.5,5.1
147611,2022,5.5,5.3
147611,2024,5.0,4.9
147612,2019,5.0,4.7
147675,2026,5.0,5.0
148179,2017,5.0,5.0
148225,2017,8.0,7.8
148225,2018,7.5,7.2
148225,2019,7.5,8.5
148225,2020,9.0,8.6
148225,2021,8.0,7.6
148225,2022,7.0,6.3
148225,2023,6.5,6.4
148508,2019,5.5,5.2
148508,2020,5.5,5.2
148508,2021,5.5,5.4
149065,2021,5.0,5.2
149065,2022,5.0,5.0
149065,2023,5.0,5.0
149065,2024,4.5,4.4
149065,2025,4.5,4.2
149266,2017,5.0,5.1
149266,2018,5.0,4.7
149266,2020,4.5,4.3
149468,2018,4.0,4.0
149484,2017,4.5,4.2
149484,2018,4.5,4.2
149484,2019,4.5,4.4
149484,2020,5.0,5.4
149484,2021,5.0,5.0
149484,2022,4.5,4.7
149484,2023,4.5,4.1
149484,2024,4.5,4.4
149484,2025,4.5,4.3
149484,2026,4.5,4.5
149519,2021,6.0,5.8
149519,2022,6.0,5.9
149519,2023,5.5,5.2
149519,2024,5.0,4.7
149519,2025,5.0,4.9
149736,2017,4.0,3.9
149736,2018,4.0,4.0
149828,2017,7.0,6.6
149828,2020,5.0,4.9
149915,2020,4.5,4.4
149915,2021,4.5,4.5
149915,2022,4.5,4.4
149929,2024,5.0,4.7
149929,2026,5.0,5.0
151086,2017,5.0,4.8
151086,2018,5.0,4.7
151086,2019,5.0,4.6
151086,2020,4.5,4.5
151086,2022,4.5,4.5
151086,2023,5.0,4.9
151086,2024,5.0,4.8
151119,2017,4.5,4.5
151119,2018,4.5,4.5
151119,2019,4.5,4.4
151119,2020,4.5,4.3
151589,2018,4.5,4.3
151589,2019,4.5,4.4
151589,2020,5.0,4.6
151589,2021,5.0,4.6
151589,2022,5.0,4.7
151589,2023,5.0,4.9
151589,2024,4.5,4.5
151589,2025,4.5,4.5
152551,2018,4.5,4.5
152551,2019,5.0,4.8
152551,2022,5.0,4.7
152551,2023,5.0,4.7
152551,2024,5.0,4.8
152551,2025,5.0,4.9
152551,2026,5.0,5.0
152590,2020,5.5,5.3
152590,2021,5.0,4.9
152590,2022,5.0,5.0
152590,2023,4.5,4.5
152760,2017,7.5,7.4
152760,2018,5.0,5.0
152760,2019,5.5,5.1
152760,2020,5.5,5.1
152760,2021,5.0,4.8
152760,2023,5.0,5.0
152898,2020,5.0,4.7
152898,2021,4.0,4.0
152898,2022,4.0,4.0
153127,2017,4.5,4.3
153127,2018,4.5,4.3
153127,2019,4.5,4.4
153127,2020,5.0,4.6
153127,2021,4.5,4.5
153127,2023,4.5,4.4
153127,2024,4.5,4.4
153127,2025,4.5,4.5
153133,2017,5.5,5.1
153133,2018,5.5,5.4
153133,2019,6.0,5.6
153133,2020,6.0,5.9
153133,2021,6.0,5.8
153133,2022,5.5,4.9
153133,2023,5.5,5.3
153133,2024,5.5,5.4
153133,2025,6.5,6.1
153133,2026,5.5,5.5
153256,2017,4.5,4.2
153256,2018,4.5,4.2
153256,2019,4.5,4.2
153256,2020,4.5,4.2
153256,2021,4.5,4.4
153256,2022,4.5,4.1
153256,2023,4.5,4.4
153366,2020,4.5,4.4
153366,2022,4.5,4.3
153366,2023,5.0,4.3
153366,2024,5.0,4.7
153366,2025,4.5,4.3
153366,2026,4.5,4.5
153371,2018,4.5,4.5
153371,2019,4.5,4.5
153373,2017,4.5,4.2
153373,2018,4.0,4.0
153379,2017,4.5,4.3
153379,2018,4.5,4.4
153379,2020,4.5,4.3
153477,2017,4.0,4.0
153673,2017,4.5,3.9
153673,2018,4.5,4.1
153673,2020,4.5,4.3
153673,2021,4.5,4.3
153682,2019,6.0,5.7
153682,2020,5.5,5.1
153682,2022,6.0,5.7
153682,2023,5.5,5.3
153682,2024,5.5,5.2
153682,2025,5.5,5.8
153682,2026,6.5,6.5
153723,2019,3.9999999999999996,4.6
153723,2020,5.5,4.8
154043,2017,4.5,4.5
154043,2018,4.5,4.4
154043,2019,5.0,4.5
154043,2020,5.0,4.6
154043,2021,5.5,5.2
154043,2022,5.0,4.8
154048,2024,5.5,5.0
154131,2019,4.5,4.3
154131,2022,4.5,4.2
154138,2021,5.5,5.1
154296,2022,5.0,4.9
154296,2023,5.0,5.0
154296,2025,5.5,5.5
154506,2017,4.0,4.0
154506,2021,4.5,4.0
154561,2021,4.5,4.4
154561,2022,4.5,4.8
154561,2023,5.0,5.3
154561,2024,5.5,5.6
154561,2025,5.5,6.2
154561,2026,6.0,6.0
154566,2017,5.0,4.6
154566,2018,5.0,4.7
154566,2019,5.5,5.1
154566,2022,6.0,5.6
154566,2023,6.5,6.9
154566,2024,7.5,7.3
154566,2025,7.5,7.1
154566,2026,6.0,6.0
155197,2020,4.5,4.2
155197,2023,4.5,4.3
155405,2020,5.0,4.9
155405,2021,5.0,4.7
155405,2022,5.0,4.8
155405,2023,5.0,4.7
155405,2024,5.0,4.8
155405,2025,5.0,4.7
155405,2026,5.0,5.0
155408,2017,4.5,4.3
155408,2018,5.0,4.6
155408,2019,5.0,5.0
155408,2022,5.0,4.9
155408,2023,5.0,4.8
155408,2024,5.0,5.0
155408,2025,5.0,4.9
155408,2026,5.0,5.0
155503,2017,4.0,4.0
155503,2018,4.0,4.0
155503,2019,4.0,3.9
155503,2021,4.5,4.3
155503,2025,4.0,3.9
155503,2026,4.0,4.0
155511,2021,6.0,5.7
155511,2022,5.5,5.3
155511,2024,5.5,5.1
155511,2025,5.5,5.1
155513,2017,4.5,4.3
155513,2019,5.0,4.8
155513,2020,5.0,4.8
155529,2020,4.5,4.3
155529,2022,4.5,4.3
155529,2023,4.0,3.9
155561,2022,4.5,4.3
155569,2017,4.5,4.3
155569,2018,4.5,4.3
155569,2019,4.5,4.2
155569,2020,4.0,3.9
155569,2021,4.0,4.0
155569,2022,4.5,3.9
155651,2018,4.5,4.3
155651,2019,4.5,4.3
155651,2021,4.5,4.3
155851,2017,7.5,7.4
155851,2018,6.5,6.2
156069,2019,4.0,4.0
156074,2017,5.0,4.4
156074,2018,4.5,4.3
156074,2019,4.5,4.4
156074,2020,4.5,4.3
156074,2021,4.5,4.1
156074,2022,4.5,4.2
156074,2023,4.5,4.3
156074,2024,4.5,4.2
156074,2025,4.0,4.0
156658,2017,4.0,4.0
156658,2023,4.0,4.0
156660,2017,4.5,4.5
156683,2021,4.5,4.2
156685,2022,5.0,4.9
156685,2023,5.0,4.8
156687,2022,4.5,4.4
156687,2023,4.5,4.5
156689,2017,5.0,4.9
156689,2018,5.0,4.5
156689,2019,5.0,4.7
156689,2020,5.0,4.8
156689,2021,5.0,5.0
156689,2022,4.5,4.3
156689,2023,5.5,5.3
156689,2024,5.5,4.9
156689,2025,5.5,5.3
156700,2023,5.5,4.7
157668,2017,5.0,4.8
157668,2018,5.5,5.5
157668,2019,5.5,5.2
157668,2020,5.5,5.1
157668,2021,4.5,4.4
157668,2022,4.5,4.4
157668,2024,4.5,4.3
157775,2018,5.0,4.6
157775,2019,5.0,4.7
157775,2021,5.5,5.2
157882,2019,6.5,5.8
157882,2020,6.5,6.0
157882,2021,5.5,5.1
158074,2017,5.0,5.0
158499,2022,5.5,5.3
158499,2023,5.0,5.0
158499,2024,5.0,4.8
158499,2025,5.0,4.9
158499,2026,5.0,5.0
158534,2017,4.5,4.0
158534,2018,4.5,4.2
158534,2019,5.0,4.4
158534,2020,4.5,4.7
158534,2021,5.0,4.8
158534,2022,4.5,4.4
158534,2024,4.5,4.2
158534,2025,4.5,4.2
158983,2023,5.5,5.4
158983,2024,5.0,4.6
158983,2025,5.0,4.9
158983,2026,5.0,5.0
159039,2018,4.5,4.1
159506,2020,4.5,4.3
159506,2023,4.5,4.5
159506,2024,4.5,5.3
159506,2025,5.0,4.7
159506,2026,4.5,4.5
159533,2018,5.5,5.1
159533,2019,5.0,5.6
159533,2020,6.5,6.0
159533,2021,6.0,5.6
159533,2022,5.5,5.3
159533,2023,5.0,4.9
159533,2024,5.0,4.5
159533,2025,5.5,5.1
160190,2017,5.5,5.3
160817,2026,4.0,4.0
160987,2019,5.0,4.8
160987,2020,5.0,5.0
160987,2021,4.5,4.4
160987,2022,4.5,4.5
160987,2023,4.5,4.4
162344,2021,5.5,5.5
162651,2021,4.5,4.5
163463,2017,5.5,5.0
163526,2017,4.5,4.3
163526,2018,4.5,4.5
163776,2017,5.0,4.8
164011,2020,6.0,6.0
164484,2020,4.5,4.4
164484,2021,4.5,4.4
164484,2022,4.0,4.0
164484,2023,4.0,3.9
164511,2018,5.5,5.4
164511,2019,5.5,5.3
164511,2020,5.5,5.5
164511,2021,5.0,4.9
164511,2022,4.5,4.3
164555,2020,4.5,4.8
164555,2021,5.0,4.7
164555,2022,4.5,4.0
164555,2023,4.5,4.5
164555,2024,4.5,4.1
165152,2023,4.5,4.4
165153,2020,9.5,9.2
165153,2021,9.0,8.5
165153,2022,8.0,7.9
165153,2023,6.5,6.3
165153,2024,6.5,6.2
165183,2023,4.0,3.8
165210,2018,7.0,6.7
165210,2019,6.0,5.8
165210,2020,5.5,5.4
165210,2021,5.5,5.5
165659,2022,5.0,4.7
165659,2023,4.5,4.4
165659,2024,4.5,4.5
165808,2018,5.0,4.6
165808,2019,5.0,4.8
165808,2020,5.5,5.0
165808,2021,5.5,5.4
165809,2017,8.0,7.2
165809,2018,7.5,7.8
165809,2019,8.0,7.6
165809,2020,7.5,7.4
165809,2021,7.0,7.0
165809,2022,7.0,6.7
165809,2023,6.5,6.2
165809,2024,6.5,6.1
165809,2025,6.5,6.2
165990,2017,7.5,7.4
165990,2018,4.5,4.5
165990,2019,4.5,4.5
166324,2018,5.5,5.2
166324,2019,5.0,4.9
166324,2020,5.5,5.3
166324,2022,5.0,4.8
166324,2023,5.0,5.0
166325,2022,4.5,4.2
166477,2020,5.5,5.8
166477,2021,5.5,5.3
166477,2022,4.5,4.3
166477,2023,4.5,4.5
166477,2024,4.5,4.2
166477,2025,4.5,4.3
166477,2026,4.5,4.5
166640,2018,4.5,4.2
166640,2019,4.5,4.3
166640,2020,4.5,4.1
166989,2018,6.0,6.0
166989,2019,6.5,6.1
166989,2020,6.5,6.4
166989,2021,6.5,6.4
166989,2022,6.5,6.1
166989,2023,6.0,5.6
166989,2024,5.5,5.5
166989,2025,6.0,5.9
166989,2026,6.0,6.0
167074,2020,4.5,4.3
167074,2022,4.5,4.4
167074,2023,4.5,4.4
167074,2024,4.5,4.4
167074,2025,4.5,4.5
167074,2026,4.5,4.5
167075,2017,5.0,5.0
167075,2018,4.5,4.2
167075,2019,4.5,4.2
167191,2024,5.0,4.9
167199,2020,5.0,4.9
167199,2021,5.0,5.0
167199,2022,5.0,4.7
167199,2023,5.0,4.8
167199,2024,5.0,4.9
167473,2017,6.0,5.9
167473,2018,6.0,5.9
167473,2019,5.5,5.4
167473,2020,5.5,5.5
167512,2025,4.0,4.0
167512,2026,4.0,4.0
167522,2017,5.5,4.9
167522,2018,5.0,5.0
167522,2020,5.5,5.5
167522,2021,5.5,5.4
167541,2017,4.5,4.5
167767,2017,5.0,4.8
167767,2018,5.0,4.7
167767,2019,5.5,5.2
167767,2021,4.5,4.5
167767,2022,4.0,3.9
167825,2026,4.0,4.0
167878,2019,5.0,4.7
167878,2020,5.0,4.7
167878,2023,5.0,4.8
167887,2025,5.0,4.8
167888,2024,4.0,4.0
168035,2023,5.0,5.0
168090,2023,5.0,4.8
168090,2024,5.0,4.9
168144,2026,5.0,5.0
168172,2017,4.5,4.3
168172,2022,5.0,4.9
168196,2017,4.0,3.9
168281,2022,4.5,4.4
168281,2023,4.5,4.4
168290,2019,5.0,4.6
168399,2018,4.0,3.9
168399,2019,4.0,3.9
168399,2020,4.0,4.0
168399,2021,4.5,4.3
168547,2023,4.5,4.3
168566,2017,5.5,5.3
168566,2018,5.0,4.8
168566,2019,5.0,5.0
168580,2017,5.5,5.5
168580,2018,6.5,6.1
168580,2019,6.5,6.0
168580,2020,6.5,6.0
168580,2021,6.0,5.7
168580,2022,5.0,4.7
168636,2023,5.0,5.0
168636,2024,5.5,5.4
168636,2025,5.5,5.4
168636,2026,5.5,5.5
168763,2017,4.5,4.5
168763,2020,4.0,3.9
168764,2018,4.5,4.3
168764,2019,4.5,4.4
168765,2020,5.0,4.6
168765,2022,4.5,4.3
168977,2017,4.0,3.9
168977,2018,4.0,4.0
168991,2017,4.5,4.4
168991,2018,4.5,4.5
168991,2019,5.0,4.9
168991,2022,5.5,5.0
168991,2023,5.5,5.1
168991,2024,5.0,4.8
168991,2025,5.0,4.9
169102,2017,5.0,4.9
169102,2018,5.0,4.9
169141,2017,6.0,5.5
169141,2018,6.0,5.8
169187,2017,4.5,4.4
169187,2018,5.0,5.8
169187,2019,7.0,7.7
169187,2020,7.5,7.8
169187,2021,7.5,8.4
169187,2022,7.5,7.8
169187,2023,8.0,8.4
169187,2024,7.0,7.2
169359,2017,4.5,4.3
169359,2018,4.5,4.2
169359,2019,4.5,4.3
169359,2020,4.5,5.0
169359,2021,5.0,4.7
169359,2022,5.0,4.7
169359,2023,4.5,4.2
169359,2024,4.0,3.9
169359,2025,4.0,4.0
169359,2026,4.0,4.0
169432,2017,4.5,4.6
169432,2019,6.0,5.5
169432,2020,6.0,5.6
169432,2023,5.5,5.4
169432,2026,5.5,5.5
169528,2020,4.5,4.4
169528,2022,4.5,4.4
169528,2023,4.5,4.5
169528,2024,4.5,4.7
169528,2025,5.0,4.9
169528,2026,4.5,4.5
169593,2021,4.0,3.9
169593,2022,4.0,4.0
169593,2023,4.0,3.9
169593,2024,4.0,3.9
169593,2025,4.0,3.9
169593,2026,4.0,4.0
169743,2017,4.5,4.5
170137,2019,5.5,5.2
170137,2020,5.5,5.2
170137,2021,6.5,6.7
170137,2022,6.5,6.1
170137,2023,6.0,6.0
170271,2018,5.5,4.9
170271,2020,5.0,4.6
171099,2021,4.5,4.5
171101,2022,5.0,4.8
171101,2023,4.5,4.5
171129,2018,4.5,4.1
171129,2019,4.0,4.2
171162,2017,5.0,4.8
171270,2018,4.5,4.5
171270,2021,5.5,5.1
171270,2026,4.5,4.5
171287,2017,4.5,4.5
171287,2018,5.0,4.8
171287,2019,5.5,5.3
171287,2020,5.5,5.2
171287,2021,5.0,4.7
171287,2022,4.5,4.3
171287,2023,4.5,4.5
171287,2024,5.0,4.7
171287,2025,5.0,4.9
171287,2026,5.0,5.0
171314,2020,5.5,5.9
171314,2021,6.0,6.2
171314,2022,6.0,6.0
171314,2023,5.5,5.5
171314,2024,5.5,5.5
171314,2025,5.5,5.5
171314,2026,5.5,5.5
171317,2018,5.0,4.9
171317,2019,5.5,5.2
171317,2020,5.5,5.1
171317,2021,5.5,5.2
171317,2022,5.5,5.2
171319,2017,5.0,4.3
171422,2025,4.5,4.5
171771,2017,4.5,4.1
171771,2018,4.0,4.0
171771,2019,4.5,4.4
171771,2020,4.5,4.7
171771,2021,4.5,4.4
171771,2022,4.5,4.1
171771,2024,4.0,4.0
171975,2019,5.5,4.9
171975,2020,5.5,5.2
172246,2017,4.5,4.5
172246,2018,4.5,4.3
172453,2024,6.0,5.7
172453,2026,5.0,5.0
172551,2018,4.5,4.5
172567,2017,4.5,4.5
172567,2023,5.0,5.0
172567,2025,5.0,4.9
172632,2017,5.5,5.3
172632,2018,5.5,5.4
172632,2019,5.5,5.0
172632,2020,5.5,5.1
172632,2021,5.5,5.4
172632,2022,5.5,5.1
172632,2023,5.5,5.3
172649,2019,4.5,5.2
172649,2020,5.5,5.2
172649,2021,5.0,4.7
172649,2022,4.5,4.6
172649,2023,4.5,4.4
172649,2024,4.5,4.6
172649,2025,5.0,5.1
172649,2026,5.0,5.0
172780,2018,6.5,6.6
172780,2019,7.0,7.3
172780,2020,7.0,7.2
172780,2021,7.0,6.9
172780,2022,8.0,7.8
172780,2023,7.5,7.8
172780,2024,7.5,7.4
172780,2025,7.0,6.8
172780,2026,6.5,6.5
172782,2019,5.0,4.8
172782,2020,5.0,4.9
172782,2021,4.5,4.3
172782,2023,5.0,4.7
172841,2020,6.0,5.9
172841,2021,6.0,5.9
172841,2022,6.0,5.5
172841,2023,6.0,5.6
172850,2017,4.5,4.4
172850,2018,5.0,5.0
172850,2019,5.5,5.4
172850,2020,5.5,5.9
172850,2021,6.0,5.6
172850,2022,6.0,5.6
172850,2023,5.5,5.4
172850,2024,5.0,4.6
172912,2023,5.0,5.0
173268,2023,4.5,4.5
173271,2022,4.5,4.4
173399,2022,4.0,4.0
173399,2023,4.0,4.0
173514,2017,5.5,5.3
173514,2018,4.5,4.5
173514,2019,5.0,4.7
173514,2021,5.0,5.0
173515,2017,7.0,6.5
173515,2018,6.0,5.7
173515,2019,6.0,5.7
173515,2020,6.0,6.2
173515,2021,7.5,7.0
173515,2022,6.5,5.8
173774,2026,4.5,4.5
173792,2017,4.5,4.5
173792,2018,4.5,4.2
173804,2017,4.0,4.0
173807,2017,5.5,5.1
173807,2018,5.5,5.0
173807,2019,5.5,5.3
173807,2020,5.5,5.2
173807,2021,5.0,4.8
173807,2022,5.0,4.9
173807,2023,5.0,5.0
173809,2017,4.5,4.5
173809,2020,4.5,4.5
173810,2019,4.0,4.0
173818,2020,4.5,4.5
173818,2021,4.5,4.5
173818,2024,5.0,4.9
173821,2020,5.0,4.6
173821,2021,5.0,4.8
173821,2022,5.0,5.0
173878,2026,4.0,4.0
173879,2017,5.5,5.4
173879,2018,5.5,5.4
173879,2019,7.0,7.3
173879,2020,7.5,7.1
173879,2021,6.5,6.5
173879,2025,6.0,5.7
173879,2026,5.5,5.5
173904,2017,6.0,6.0
173904,2018,6.0,5.8
173904,2019,5.5,5.3
173904,2020,5.5,5.2
173904,2021,4.5,4.2
173904,2022,4.5,4.2
173904,2023,4.5,4.4
173954,2017,5.0,4.6
173954,2018,4.5,4.3
173954,2019,4.5,4.5
173954,2020,4.5,4.4
173954,2021,5.0,4.7
173954,2022,4.5,4.2
173954,2023,4.5,4.3
174248,2017,4.5,4.5
174292,2024,6.0,6.0
174310,2023,5.0,4.8
174590,2019,4.5,4.5
174592,2025,5.0,4.7
174593,2020,5.0,4.6
174594,2017,4.5,4.5
174594,2025,5.0,5.0
174594,2026,5.5,5.5
174595,2023,4.5,4.5
174597,2019,5.0,4.8
174874,2020,4.5,4.5
174874,2021,4.5,4.7
174874,2022,4.5,4.5
174874,2023,4.5,4.7
174874,2024,4.5,4.2
174874,2025,4.5,4.4
174874,2026,5.0,5.0
174932,2021,5.5,5.5
174932,2022,5.0,5.0
174932,2023,5.0,5.0
175351,2018,4.0,4.0
175353,2019,4.5,4.4
175353,2021,4.5,4.5
175592,2018,7.5,7.1
175592,2019,6.0,5.8
175592,2020,5.5,5.2
175592,2021,5.0,5.0
175592,2022,5.0,4.7
175941,2017,4.0,4.0
175941,2018,4.0,4.0
175941,2019,4.0,4.0
175941,2023,4.0,3.9
175941,2024,4.0,3.9
175946,2018,4.5,4.4
175946,2019,5.0,4.5
176296,2017,4.5,4.5
176296,2021,5.0,4.8
176297,2017,7.5,7.3
176297,2018,7.0,7.3
176297,2019,8.5,8.9
176297,2020,9.5,9.6
176297,2021,9.5,9.4
176297,2022,6.5,7.2
176297,2023,9.0,8.4
176297,2024,7.0,6.6
176297,2025,7.0,7.0
176297,2026,7.0,7.0
176412,2026,5.5,5.5
176413,2019,7.5,7.4
176413,2020,8.5,8.3
176413,2021,8.0,7.9
176413,2022,6.0,5.6
176413,2023,5.5,5.5
176414,2018,4.5,4.5
176420,2020,4.5,4.5
176420,2026,4.0,4.0
176706,2018,4.0,4.0
177815,2017,5.0,4.9
177815,2018,5.5,5.4
177815,2019,6.0,6.1
177815,2020,7.0,7.5
177815,2021,8.0,7.7
177815,2022,8.0,7.9
177815,2023,6.0,5.8
177815,2024,6.0,5.4
177815,2025,5.5,5.8
177815,2026,6.0,6.0
178173,2019,4.5,4.3
178173,2020,4.5,4.4
178173,2022,4.0,4.0
178186,2019,6.5,6.4
178186,2020,6.5,5.8
178186,2021,6.5,6.9
178186,2022,8.5,8.0
178186,2023,7.0,7.6
178186,2024,7.5,7.9
178186,2025,8.0,7.8
178301,2020,6.0,6.3
178301,2021,7.5,7.5
178301,2022,7.5,7.3
178301,2023,8.0,8.9
178301,2024,9.0,9.2
178301,2025,9.0,8.7
178301,2026,8.0,7.9
178304,2017,5.0,4.9
178304,2018,5.0,4.9
178304,2019,5.0,4.3
178304,2020,6.0,5.8
178867,2017,5.0,5.0
178876,2019,5.0,4.6
179018,2018,6.0,6.0
179018,2019,6.0,5.8
179018,2020,6.0,5.6
179018,2021,5.5,5.0
179018,2022,5.0,5.4
179018,2023,6.5,6.0
179018,2024,6.0,5.4
179268,2021,5.0,4.9
179268,2022,5.0,4.9
179268,2023,5.0,4.9
179268,2024,5.0,5.4
179268,2025,6.0,6.1
179276,2021,4.5,4.5
179456,2019,4.0,4.0
179456,2020,4.0,3.9
179458,2023,5.0,4.8
179458,2025,5.5,5.2
179519,2022,5.0,4.9
179519,2023,5.0,5.0
179519,2024,5.0,5.0
179587,2019,5.5,5.2
179725,2017,4.5,4.5
179829,2017,4.0,4.0
179830,2017,4.5,4.5
179830,2018,4.5,4.5
179830,2019,4.5,4.3
179830,2020,5.5,5.0
180135,2018,4.5,4.5
180135,2019,5.0,5.0
180135,2020,5.0,4.6
180135,2021,4.5,4.3
180135,2022,4.5,4.3
180135,2023,5.0,4.8
180135,2024,5.0,4.4
180135,2025,5.0,4.8
180135,2026,5.0,5.0
180151,2017,5.5,5.3
180151,2018,5.0,5.0
180151,2021,6.0,5.6
180151,2022,5.0,5.0
180151,2023,4.5,4.5
180184,2020,7.0,6.6
180184,2021,6.0,5.7
180184,2022,5.5,5.1
180184,2023,5.0,4.7
180294,2018,5.0,5.0
180294,2020,6.0,5.6
180736,2017,4.0,4.0
180736,2021,5.0,4.7
180736,2022,5.0,4.4
180736,2023,4.5,4.3
180736,2024,4.5,4.4
180736,2025,5.0,5.4
180736,2026,5.5,5.5
180804,2017,4.0,3.9
180804,2019,4.5,4.4
180804,2020,4.5,4.1
180804,2021,4.5,4.4
180804,2024,4.0,3.9
180804,2025,4.0,3.9
180974,2019,6.0,5.5
180974,2020,6.0,5.7
180974,2021,6.0,5.9
180974,2022,6.0,6.0
180974,2023,6.0,5.8
180974,2024,6.0,6.0
180974,2025,6.0,5.9
180974,2026,5.5,5.5
181008,2019,6.0,5.6
181008,2020,5.5,5.5
181284,2022,6.0,5.8
181284,2023,5.5,5.4
181284,2024,5.5,5.3
181284,2025,5.5,5.5
181397,2018,4.0,4.0
181911,2017,4.5,4.3
182156,2017,8.5,8.7
182156,2018,9.5,9.3
182156,2019,9.5,9.1
182436,2017,4.5,4.2
182436,2020,4.5,4.5
182436,2021,4.5,4.5
182539,2019,5.5,5.2
182539,2020,5.0,4.7
183015,2020,4.5,4.3
183015,2026,4.0,4.0
183487,2018,4.0,4.0
183487,2019,4.5,4.4
183656,2021,5.5,5.3
183656,2022,4.5,4.1
183656,2023,5.0,4.7
183656,2024,5.0,4.8
183656,2025,5.0,4.9
183656,2026,5.0,5.0
183751,2023,5.5,5.2
183751,2025,5.5,5.4
184029,2020,6.0,5.6
184029,2021,5.5,5.6
184029,2022,6.5,6.9
184029,2023,8.5,8.6
184029,2024,8.5,8.2
184029,2025,8.0,7.8
184029,2026,6.5,6.6
184193,2022,4.0,4.0
184254,2023,5.0,5.3
184254,2024,5.0,4.8
184254,2025,5.0,4.7
184254,2026,4.5,4.5
184259,2020,4.0,4.0
184341,2019,6.0,6.0
184341,2020,7.0,7.3
184341,2021,7.5,7.7
184341,2022,8.0,7.2
184341,2023,7.0,6.8
184341,2024,6.5,6.3
184341,2025,6.0,5.9
184341,2026,5.5,5.5
184349,2018,6.5,6.0
184349,2019,5.5,5.4
184349,2020,5.0,4.7
184349,2021,4.5,4.4
184349,2022,4.5,4.4
184349,2023,4.5,4.4
184349,2024,4.5,4.2
184349,2025,5.5,5.4
184349,2026,4.5,4.5
184386,2020,4.5,4.5
184386,2022,4.5,4.5
184386,2024,4.0,3.9
184667,2017,5.5,4.9
184667,2018,5.0,4.9
184667,2019,5.5,5.3
184667,2020,5.0,4.8
184667,2021,5.0,4.8
184667,2022,4.5,4.1
184667,2023,4.5,4.5
184667,2024,4.5,4.3
184667,2025,4.5,4.5
184667,2026,4.5,4.5
184704,2019,4.5,4.4
184704,2020,4.5,4.3
184704,2021,4.5,4.4
184704,2022,4.5,4.3
184704,2023,4.5,4.3
184754,2021,5.5,5.4
184754,2022,6.0,5.7
184754,2023,5.5,5.4
184754,2024,6.5,6.1
184754,2025,6.0,5.6
185253,2022,5.0,4.6
185253,2023,4.5,4.5
185431,2017,4.5,4.2
185478,2017,4.5,4.2
185478,2018,4.0,4.0
185478,2021,4.5,4.2
189627,2021,4.5,4.4
189776,2023,5.0,4.9
191866,2021,4.5,4.4
191866,2022,4.5,4.5
191866,2023,4.5,4.4
191866,2024,4.5,4.4
191866,2025,4.5,4.4
191866,2026,4.5,4.5
192290,2017,4.0,4.0
192290,2021,4.5,4.4
192290,2023,4.5,4.3
192290,2025,4.5,4.3
192301,2017,4.0,3.9
192301,2018,4.0,3.9
192303,2019,4.5,4.4
192303,2021,4.5,4.4
192895,2019,5.5,5.3
192895,2020,5.5,5.2
192895,2021,5.0,4.9
192895,2022,5.0,4.6
192895,2023,4.5,4.4
192895,2024,4.5,4.3
193109,2018,4.5,4.5
193109,2019,4.5,4.4
193111,2019,4.5,4.5
193111,2021,5.5,5.3
193195,2023,5.0,4.9
193204,2022,5.5,5.0
193204,2024,5.0,4.9
193278,2026,4.0,4.0
193488,2019,5.5,5.2
193488,2020,6.0,5.2
193488,2021,6.0,5.6
193488,2022,5.0,4.8
193645,2020,4.5,4.3
193645,2021,4.5,4.3
193645,2022,4.5,4.5
194010,2021,4.5,4.5
194010,2022,4.5,4.4
194010,2023,4.5,4.2
194010,2024,4.5,4.3
194010,2025,4.5,4.3
194010,2026,4.5,4.5
194126,2019,4.5,4.4
194126,2020,4.0,4.0
194164,2017,4.5,4.0
194164,2018,4.5,4.3
194164,2019,4.5,4.2
194164,2020,5.0,4.8
194164,2021,4.5,4.2
194164,2022,4.5,4.2
194164,2023,4.0,4.0
194164,2024,4.0,4.0
194190,2017,4.0,4.0
194190,2022,4.5,4.5
194190,2024,4.0,4.0
194252,2019,7.5,6.9
194252,2020,7.5,7.0
194252,2021,6.0,5.9
194252,2022,5.5,5.5
194401,2018,5.0,5.0
194401,2019,4.5,4.5
194634,2018,6.5,6.3
194634,2019,6.5,6.0
194634,2020,6.5,6.9
194634,2021,7.500000000000001,8.3
194634,2022,9.0,8.6
194634,2023,8.0,7.9
194634,2024,7.5,7.2
194794,2017,4.5,4.5
194794,2019,4.5,4.2
194794,2020,5.0,4.7
194798,2019,4.5,4.5
194799,2019,4.5,4.4
194799,2020,4.5,4.0
194799,2021,4.5,4.2
194799,2022,4.5,4.4
194799,2023,4.0,4.0
194799,2024,4.0,4.0
195064,2019,4.5,4.5
195064,2020,4.5,4.5
195384,2017,5.0,4.9
195384,2018,5.0,5.0
195384,2024,6.0,6.0
195384,2025,6.0,5.3
195384,2026,6.0,6.0
195471,2018,4.0,4.0
195471,2019,4.0,3.9
195471,2020,4.0,3.9
195473,2019,4.5,4.2
195473,2020,4.5,4.2
195473,2023,5.0,4.9
195480,2020,5.5,5.0
195546,2019,6.0,6.0
195546,2021,6.5,6.1
195546,2022,6.0,5.7
195546,2023,6.0,5.7
195546,2024,5.5,5.1
195546,2025,5.5,5.3
195546,2026,6.0,6.0
195728,2021,4.5,4.4
195735,2019,9.5,8.9
195735,2020,8.0,7.7
195735,2021,7.5,6.9
195735,2022,5.5,5.3
195735,2023,5.0,4.9
195774,2019,5.0,4.6
195774,2020,5.0,4.7
195851,2017,4.5,4.2
195851,2018,4.5,4.2
195851,2019,5.0,4.8
195851,2020,5.0,4.9
195851,2021,5.5,5.4
195851,2022,5.0,4.9
195851,2023,5.0,4.5
195851,2024,5.0,4.9
195855,2017,4.5,4.5
195855,2018,4.5,4.3
195855,2019,4.5,4.4
195859,2017,4.5,4.5
195860,2018,4.5,4.5
195864,2017,4.5,4.4
195864,2020,5.0,4.8
195899,2022,7.0,6.6
195899,2023,6.0,6.0
196100,2023,5.0,4.9
196100,2026,5.5,5.5
196118,2018,6.0,5.6
196118,2019,5.5,5.1
196118,2020,5.0,4.8
196411,2024,5.5,5.1
197024,2024,5.0,4.8
197024,2025,5.0,4.8
197030,2018,4.5,4.5
197030,2020,5.0,4.8
197365,2017,6.0,6.0
197365,2018,5.5,5.0
197365,2019,5.0,4.7
197365,2020,5.0,4.8
197365,2021,5.0,4.9
197365,2022,4.0,4.0
197365,2023,4.0,4.0
197464,2019,4.0,3.9
197464,2020,4.0,4.2
197464,2021,4.5,4.2
197464,2022,4.0,3.8
197464,2023,4.0,4.0
197464,2024,4.0,4.0
197469,2017,4.5,4.4
197469,2018,4.5,4.3
197469,2019,4.5,4.2
197469,2020,5.0,4.6
197469,2021,4.5,4.4
197469,2022,4.5,4.5
197469,2024,4.5,4.4
197937,2017,5.5,4.9
197937,2020,4.5,4.1
198044,2019,4.0,4.0
198044,2020,4.0,4.0
198044,2021,4.0,3.9
198501,2017,5.0,5.0
198504,2017,4.5,4.5
198504,2018,4.5,4.5
198826,2019,4.5,4.4
198826,2020,5.0,5.1
198826,2021,5.0,4.7
198826,2022,4.5,4.3
198826,2023,4.5,4.3
198826,2024,4.0,4.0
198842,2022,4.5,4.4
198847,2018,4.5,4.3
198849,2018,5.0,4.7
198849,2019,5.0,4.7
198849,2020,5.0,4.7
198849,2021,4.5,4.5
198849,2022,4.5,4.5
198869,2018,4.0,4.0
198869,2020,4.5,4.5
198869,2021,4.5,4.6
198869,2022,4.5,5.0
198869,2023,5.5,6.1
198869,2024,6.5,6.2
198869,2025,5.5,5.1
198869,2026,5.5,5.5
199056,2023,4.5,4.4
199170,2022,4.5,4.3
199170,2023,4.5,4.5
199249,2020,5.5,5.5
199249,2021,5.0,5.0
199249,2022,4.5,4.2
199249,2023,4.5,4.5
199249,2024,4.5,4.1
199404,2017,4.5,4.5
199583,2017,4.5,4.5
199584,2019,4.0,3.9
199584,2020,5.0,4.9
199584,2021,4.5,4.2
199584,2022,4.0,3.8
199584,2023,4.0,4.0
199598,2017,4.5,4.5
199598,2018,4.5,4.4
199598,2019,4.5,4.3
199598,2020,4.5,4.3
199598,2021,4.5,4.5
199598,2022,4.5,4.4
199598,2023,4.0,4.0
199598,2025,5.0,4.9
199598,2026,5.5,5.5
199670,2021,6.5,6.0
199670,2022,5.5,5.0
199670,2023,5.5,5.3
199670,2024,5.5,5.1
199670,2025,5.0,5.0
199796,2020,5.0,5.0
199796,2021,5.0,5.3
199796,2022,5.0,4.6
199796,2023,4.5,4.5
199796,2024,4.5,4.4
199796,2025,4.5,4.6
199796,2026,4.5,4.5
199798,2019,4.5,4.3
199798,2020,4.5,4.6
199798,2021,5.0,4.9
199798,2022,4.5,4.4
199798,2023,4.5,4.5
199798,2024,4.5,4.5
199798,2025,4.5,4.4
199798,2026,4.5,4.5
199806,2017,4.0,4.0
200088,2019,4.5,4.4
200088,2020,4.5,4.5
200088,2021,4.5,4.5
200089,2017,4.5,4.5
200089,2018,4.5,4.5
200089,2019,5.0,4.7
200089,2020,5.0,4.9
200089,2021,6.0,5.3
200089,2022,5.0,4.7
200089,2023,5.5,5.3
200089,2024,5.0,4.7
200089,2025,5.0,5.0
200089,2026,5.0,5.0
200370,2017,4.5,4.5
200370,2018,4.5,4.5
200402,2020,5.5,5.1
200402,2021,5.0,4.8
200402,2022,5.0,5.0
200402,2023,4.5,4.5
200402,2024,4.5,4.5
200428,2022,4.0,4.0
200428,2024,4.0,4.0
200439,2019,6.0,5.3
200439,2020,6.0,5.7
200439,2021,7.0,6.5
200439,2022,6.5,6.0
200455,2017,4.5,4.5
200600,2019,5.5,4.9
200600,2020,5.5,5.3
200600,2021,5.5,5.5
200600,2022,5.5,5.1
200600,2023,5.5,5.3
200600,2024,5.5,5.5
200617,2019,6.0,5.7
200617,2020,6.5,6.2
200617,2021,6.0,6.0
200617,2022,6.0,5.9
200617,2025,5.5,5.2
200617,2026,5.0,5.0
200641,2017,5.0,4.7
200641,2018,4.5,4.4
200641,2019,5.5,5.3
200641,2020,5.5,5.1
200641,2021,5.0,5.0
200641,2022,5.0,4.7
200641,2023,5.0,4.8
200641,2024,5.0,5.0
200641,2025,5.0,4.8
200641,2026,5.5,5.5
200720,2019,4.5,4.4
200720,2020,4.5,4.5
200720,2021,4.5,4.3
200720,2022,4.0,3.9
200720,2023,4.0,3.6
200720,2024,4.5,3.9
200720,2025,4.5,4.8
200720,2026,5.0,5.0
200785,2022,5.0,4.9
200785,2023,5.0,4.9
200785,2024,5.0,4.9
200785,2025,5.0,4.9
200785,2026,5.0,5.0
200826,2019,7.5,7.3
200826,2020,7.0,6.9
200826,2021,6.0,5.9
200826,2023,5.0,4.8
200826,2024,5.0,4.9
200834,2025,3.9999999999999996,4.6
200834,2026,5.5,5.5
200878,2020,5.0,4.9
200884,2017,4.5,4.5
201057,2022,4.5,4.3
201057,2023,4.5,4.2
201084,2017,4.5,4.4
201084,2018,4.5,4.5
201084,2019,4.5,4.5
201084,2020,4.5,4.3
201410,2023,4.0,3.9
201440,2023,4.5,4.4
201440,2024,4.5,4.5
201595,2018,4.0,4.0
201595,2025,4.5,4.4
201595,2026,4.5,4.5
201658,2022,5.0,4.7
201658,2023,5.5,5.0
201658,2024,5.5,5.4
201658,2025,5.5,5.3
201658,2026,6.0,6.0
201666,2017,4.5,4.5
201666,2018,5.5,5.5
201666,2019,6.0,5.8
201666,2020,7.0,6.6
201666,2021,7.0,6.5
201666,2022,7.0,6.6
201666,2023,6.5,6.2
201666,2024,6.5,5.9
201666,2025,6.5,6.1
201666,2026,6.0,6.0
201667,2018,4.0,4.0
201895,2025,3.9999999999999996,4.1
201895,2026,5.0,5.0
202641,2023,5.0,5.0
202641,2024,5.0,4.9
202641,2025,5.0,4.9
202993,2021,5.0,4.9
202993,2022,5.5,5.3
202993,2023,5.5,5.4
202993,2024,5.0,4.9
202993,2025,5.5,5.2
202993,2026,5.5,5.5
203325,2018,4.5,4.4
203325,2020,4.5,4.4
203341,2017,5.0,4.9
203341,2018,5.0,4.9
203341,2019,5.0,5.0
203341,2020,5.0,4.8
203341,2021,5.0,4.8
203341,2022,5.0,4.8
203341,2024,5.0,4.9
203368,2019,4.5,4.3
203368,2020,4.5,4.3
203368,2021,4.5,4.5
203368,2022,4.0,3.9
203389,2019,4.5,4.5
203389,2020,4.5,4.3
203389,2021,5.0,4.7
203389,2022,5.0,5.0
204043,2022,5.0,4.8
204120,2025,4.5,4.2
204120,2026,4.5,4.5
204214,2022,4.5,5.0
204214,2023,5.0,4.7
204214,2024,5.0,4.9
204214,2025,4.5,4.5
204216,2017,4.5,4.5
204380,2018,4.5,4.2
204454,2018,6.0,5.9
204480,2017,4.5,4.4
204480,2018,4.5,4.4
204480,2019,5.0,4.7
204480,2020,5.0,4.7
204480,2021,5.0,5.0
204480,2022,5.0,4.7
204480,2023,5.5,5.5
204480,2024,6.5,6.3
204480,2025,6.5,7.2
204480,2026,7.5,7.5
204481,2018,4.5,4.5
204481,2019,4.5,4.4
204561,2026,5.0,5.0
204580,2021,5.0,4.9
204580,2022,5.5,5.5
204580,2023,5.5,5.2
204580,2024,5.0,4.8
204580,2025,5.0,4.9
204580,2026,5.0,5.0
204642,2020,5.0,4.7
204646,2024,5.5,5.3
204646,2025,5.5,5.1
204676,2020,5.0,5.0
204676,2021,4.5,4.5
204676,2023,4.5,4.4
204716,2021,5.5,5.1
204716,2022,5.0,4.9
204716,2023,5.0,4.9
204716,2024,5.0,5.3
204716,2025,5.5,5.4
204727,2021,5.0,4.9
204727,2022,5.0,5.0
204727,2023,4.5,4.3
204727,2024,4.5,4.5
204760,2017,4.5,4.5
204813,2026,4.0,4.0
204814,2023,5.0,5.0
204814,2024,5.5,4.8
204820,2018,4.5,4.5
204822,2022,4.5,4.4
204822,2023,4.5,4.4
204822,2024,4.5,4.5
204822,2025,4.5,4.5
204822,2026,4.0,4.0
204863,2024,4.5,4.3
204936,2025,5.5,5.6
204936,2026,5.5,5.5
204968,2022,5.0,5.0
204968,2023,5.0,4.8
204968,2024,5.0,4.8
204968,2025,5.0,4.7
204968,2026,4.5,4.5
205102,2017,5.0,4.5
205102,2018,5.0,4.7
205533,2017,5.0,5.0
205533,2018,5.0,5.0
205533,2019,4.5,4.3
205533,2020,6.0,5.3
205533,2021,5.5,5.7
205533,2022,7.0,6.3
205533,2023,5.5,5.0
205533,2024,6.0,5.9
205533,2025,5.5,5.4
205533,2026,5.5,5.5
205651,2017,10.5,10.4
205651,2018,10.5,9.9
205651,2019,9.5,9.9
205651,2020,9.5,9.1
205651,2021,8.5,8.6
205651,2022,8.0,8.1
205651,2023,8.0,7.7
205651,2024,7.0,6.5
205651,2025,6.5,6.4
205651,2026,6.0,6.0
205836,2021,5.5,5.2
205836,2022,5.0,4.8
205836,2023,4.5,4.5
206325,2017,5.0,5.0
206325,2018,5.0,4.7
206325,2019,5.5,5.2
206325,2020,5.5,5.5
206325,2021,5.5,5.3
206325,2022,5.0,5.0
206325,2023,5.0,5.0
206325,2024,5.0,4.8
206325,2025,5.0,4.9
206882,2018,4.5,4.3
206882,2019,4.5,4.2
206915,2017,4.5,4.5
206915,2018,4.5,4.5
206915,2019,4.5,4.5
206915,2020,4.5,4.4
206915,2021,5.0,5.0
206915,2022,5.0,4.9
206915,2023,5.0,4.9
206915,2024,5.5,5.3
206915,2025,5.5,5.4
206915,2026,5.5,5.5
207189,2019,5.0,4.7
207189,2020,5.0,4.9
207189,2023,5.0,4.6
207189,2024,5.0,5.0
207189,2025,5.0,4.9
207189,2026,5.0,5.0
207270,2022,4.0,3.9
207270,2024,4.0,3.9
207283,2021,5.0,4.9
207283,2022,5.0,4.8
207283,2023,5.5,5.2
207283,2024,5.5,5.3
207283,2025,5.0,4.9
207283,2026,5.5,5.5
207300,2019,4.5,4.4
207722,2023,4.0,4.0
208481,2026,5.0,5.0
208706,2021,5.0,5.0
208706,2022,6.0,5.5
208706,2023,6.0,5.8
208706,2024,6.5,6.2
208706,2025,6.5,6.9
208706,2026,7.0,6.9
208904,2023,4.0,3.8
208912,2022,4.5,4.2
208912,2023,4.5,4.3
208912,2024,4.5,4.5
208912,2025,4.0,3.8
208973,2021,4.5,4.3
208998,2018,4.0,4.0
208998,2020,4.5,4.3
209035,2022,4.0,4.0
209035,2023,4.0,4.0
209035,2024,4.0,4.0
209036,2018,4.0,4.0
209036,2019,4.0,3.9
209036,2021,4.5,4.5
209036,2022,4.5,4.5
209036,2023,4.5,4.2
209036,2024,4.5,4.7
209036,2025,4.5,5.1
209036,2026,6.0,6.0
209037,2018,4.0,4.0
209037,2019,4.0,4.0
209040,2018,4.0,4.0
209041,2018,5.0,5.0
209041,2019,5.0,4.7
209041,2025,5.0,4.6
209042,2018,4.5,4.5
209042,2019,4.5,4.2
209042,2020,4.5,4.4
209042,2021,4.5,4.4
209042,2022,4.5,4.3
209042,2023,5.0,4.5
209042,2024,5.0,4.7
209043,2017,4.5,4.5
209043,2019,4.5,4.5
209045,2021,4.5,4.5
209045,2022,4.5,4.5
209046,2017,4.5,4.5
209046,2018,4.5,4.2
209046,2019,6.0,5.1
209046,2020,6.0,5.7
209046,2021,5.5,5.3
209046,2022,5.5,5.3
209046,2023,5.0,4.7
209046,2024,5.5,5.1
209046,2025,6.0,5.7
209046,2026,6.0,6.0
209212,2017,4.0,4.0
209243,2021,9.5,8.9
209243,2022,7.5,7.1
209243,2023,7.0,6.7
209243,2024,6.5,6.2
209243,2025,6.0,5.8
209244,2017,5.0,4.7
209244,2018,5.0,4.5
209244,2019,5.5,5.5
209244,2020,6.5,6.1
209244,2021,8.0,7.9
209244,2022,8.0,8.0
209244,2023,7.5,8.5
209244,2024,9.5,9.1
209244,2025,8.0,8.0
209244,2026,7.0,7.0
209288,2020,4.0,3.9
209288,2021,4.0,4.0
209288,2022,4.0,4.0
209288,2023,4.0,3.9
209288,2025,4.0,3.9
209289,2018,4.5,4.5
209289,2019,4.5,4.3
209289,2020,4.5,4.2
209289,2021,5.5,5.7
209289,2022,6.0,5.6
209289,2023,5.5,5.3
209289,2024,5.5,5.0
209289,2025,6.0,5.6
209289,2026,5.5,5.5
209293,2023,4.0,4.0
209353,2019,6.0,5.4
209353,2020,6.0,5.9
209353,2021,5.0,5.0
209362,2018,4.5,4.2
209362,2019,4.5,4.3
209362,2020,4.0,3.9
209362,2021,4.0,4.0
209365,2024,5.0,4.8
209365,2025,5.0,4.9
209365,2026,5.0,5.0
209400,2024,5.5,5.1
209400,2025,5.0,5.0
209400,2026,5.0,5.0
209411,2018,4.0,4.0
209413,2017,4.0,4.0
209418,2021,4.0,3.9
209419,2017,4.0,4.0
209420,2017,4.0,4.0
209925,2018,4.5,4.5
209925,2019,4.5,4.3
209925,2022,5.0,5.0
210156,2022,6.0,5.6
210156,2023,6.5,6.3
210156,2024,6.0,5.5
210156,2025,5.5,5.2
210156,2026,5.5,5.5
210207,2017,5.0,4.9
210207,2018,5.0,4.6
210237,2017,4.5,4.2
210407,2020,6.0,5.4
210462,2023,5.0,4.9
210462,2024,4.5,4.3
210462,2025,5.0,4.9
210462,2026,5.0,5.0
210494,2022,5.0,4.8
210494,2023,4.5,4.4
210494,2024,4.5,4.4
210494,2025,4.5,4.4
211975,2022,5.0,5.1
211975,2023,5.0,5.0
211975,2024,5.5,5.3
211975,2025,5.5,5.4
212314,2022,4.5,4.5
212314,2023,4.5,4.3
212314,2024,5.0,4.8
212314,2025,5.0,4.9
212314,2026,5.0,5.0
212319,2017,6.0,5.8
212319,2018,6.5,6.4
212319,2019,7.999999999999999,8.2
212319,2020,8.0,7.7
212319,2021,7.5,7.6
212319,2022,8.5,8.4
212319,2023,7.0,6.8
212319,2024,7.0,6.8
212319,2025,6.5,6.5
212319,2026,6.0,6.0
212325,2021,5.0,4.8
212701,2022,5.0,4.9
212721,2021,4.5,4.4
212721,2022,4.5,4.4
212723,2021,5.5,5.2
213056,2019,4.0,4.0
213198,2023,7.5,7.2
213198,2024,6.5,5.7
213198,2025,6.0,5.9
213280,2019,4.5,4.3
213292,2026,5.0,5.0
213345,2019,6.0,5.4
213345,2020,6.0,6.0
213345,2021,5.5,5.4
213345,2023,5.0,5.0
213405,2018,5.0,5.0
213405,2019,4.0,3.9
213405,2020,4.5,4.3
213482,2018,3.9999999999999996,4.1
213482,2019,5.0,4.6
213482,2020,5.0,4.7
213482,2021,4.0,3.9
213482,2022,4.0,4.0
213687,2021,4.0,3.9
213687,2022,4.0,3.9
213687,2023,4.0,3.9
213999,2023,5.0,5.0
213999,2024,5.0,5.0
213999,2025,5.0,4.9
214048,2018,4.0,4.0
214048,2019,4.0,3.9
214048,2020,4.0,3.8
214048,2021,4.5,4.5
214048,2022,4.5,4.3
214048,2023,4.5,4.4
214048,2024,4.5,4.3
214048,2025,4.5,4.0
214225,2017,4.0,4.0
214225,2020,5.0,4.9
214225,2021,4.5,4.2
214225,2022,4.0,4.0
214225,2023,4.0,4.0
214225,2025,4.0,3.9
214225,2026,4.5,4.5
214285,2020,5.0,4.9
214285,2021,4.0,3.7
214285,2022,4.5,4.3
214285,2023,4.5,4.3
214285,2024,5.0,4.6
214285,2025,5.0,4.8
214285,2026,5.0,5.0
214466,2019,4.5,4.5
214466,2020,4.5,4.3
214466,2021,4.5,4.5
214466,2022,4.5,4.5
214466,2024,5.0,5.0
214470,2019,4.0,4.0
214470,2020,4.0,3.9
214572,2019,4.0,4.0
214572,2021,4.0,4.0
214572,2022,4.0,3.9
214572,2023,4.0,3.9
214572,2024,4.0,4.0
214572,2025,4.0,3.9
214572,2026,4.0,4.0
214590,2017,4.5,4.5
214590,2018,3.9999999999999996,4.6
214590,2019,5.5,5.5
214590,2020,5.5,5.8
214590,2021,5.5,5.1
214590,2022,4.5,4.3
214590,2023,4.5,4.4
214590,2024,4.5,4.5
214590,2025,4.5,4.1
214590,2026,4.5,4.5
214964,2024,4.0,4.0
214987,2020,4.0,4.0
215059,2020,4.5,4.5
215059,2021,4.5,4.5
215059,2022,4.5,4.4
215059,2023,4.5,4.5
215059,2024,4.5,4.5
215059,2025,5.0,4.8
215059,2026,5.0,5.0
215062,2018,4.5,4.5
215062,2020,4.5,4.5
215066,2019,4.0,4.0
215136,2019,4.0,4.0
215136,2020,4.0,3.8
215136,2021,4.0,3.8
215136,2022,4.0,3.8
215136,2023,4.5,4.3
215136,2024,4.5,4.5
215136,2025,5.0,4.8
215136,2026,5.0,5.0
215379,2020,4.5,4.5
215379,2021,4.5,4.5
215379,2022,4.5,4.3
215379,2023,4.5,4.2
215379,2024,5.0,5.0
215379,2025,5.5,5.7
215379,2026,6.5,6.4
215407,2019,4.5,4.5
215409,2018,4.0,4.0
215413,2021,4.5,4.4
215413,2022,5.0,4.9
215413,2024,6.0,5.5
215413,2025,5.0,5.3
215413,2026,6.5,6.5
215439,2019,5.0,4.8
215439,2020,5.0,5.2
215439,2021,6.0,5.7
215439,2022,5.5,5.0
215439,2023,5.0,4.9
215439,2024,5.0,4.8
215439,2025,6.0,5.7
215457,2017,4.0,4.0
215460,2020,4.5,4.2
215460,2021,4.5,4.5
215460,2025,5.0,4.7
215476,2021,5.5,5.4
215531,2023,4.5,4.3
215610,2021,4.0,4.0
215711,2021,6.5,6.3
215711,2022,5.0,4.3
215711,2023,5.5,5.4
215711,2024,6.5,6.2
215711,2025,5.5,5.5
215711,2026,5.5,5.5
216051,2018,5.5,5.3
216051,2019,5.0,4.9
216051,2020,5.0,4.8
216051,2021,4.5,4.2
216051,2022,4.5,4.8
216051,2023,5.0,5.2
216051,2024,5.0,5.0
216051,2025,4.5,4.5
216051,2026,5.0,5.0
216054,2018,4.5,4.3
216054,2019,4.5,4.1
216054,2020,4.5,4.1
216054,2022,4.5,4.3
216055,2025,5.0,5.0
216055,2026,5.0,5.0
216058,2017,4.5,4.4
216058,2018,4.5,4.4
216058,2019,4.5,4.3
216058,2021,4.5,4.5
216094,2025,6.0,5.7
216094,2026,5.5,5.5
216183,2017,5.0,4.7
216183,2018,5.0,4.7
216208,2020,4.5,4.4
216208,2022,4.0,3.9
216208,2023,4.0,4.0
216554,2017,4.0,4.0
216616,2020,4.5,4.2
216616,2023,4.5,4.4
216616,2024,4.0,3.8
216616,2026,4.0,4.0
216620,2021,5.5,5.3
216620,2022,4.5,4.5
216646,2021,6.0,5.7
216646,2022,5.5,5.3
216646,2023,6.0,5.7
216646,2024,6.0,6.9
216646,2025,7.5,7.3
216646,2026,6.0,6.0
217331,2018,4.5,4.5
217331,2019,4.5,4.3
217331,2022,5.0,4.6
217331,2023,4.5,4.5
217401,2018,4.5,4.5
217401,2019,4.5,4.5
217401,2020,4.5,4.4
217401,2021,4.5,4.5
217487,2019,6.0,5.1
217487,2020,6.0,5.9
217487,2021,5.5,5.5
217593,2019,6.5,6.0
217593,2020,6.5,5.8
217593,2021,6.0,5.9
217593,2022,5.5,4.9
217593,2023,5.0,4.6
217989,2017,4.5,4.5
217989,2018,5.0,5.0
217989,2019,4.5,4.5
218023,2019,4.0,4.0
218023,2020,4.0,3.8
218031,2018,5.0,4.8
218031,2019,4.5,4.9
218031,2020,5.5,5.3
218031,2021,5.0,4.9
218031,2022,4.5,4.2
218112,2017,4.5,4.3
218218,2022,4.5,4.2
218218,2024,4.0,3.8
218328,2025,5.5,5.3
218364,2025,5.0,4.8
218364,2026,4.5,4.5
218430,2023,4.5,4.4
218997,2019,4.5,4.5
218997,2020,4.5,4.5
218997,2021,4.5,4.5
218997,2022,4.5,4.5
218997,2023,4.5,4.5
218997,2026,5.0,5.0
219002,2017,5.0,4.8
219168,2022,7.0,7.0
219168,2023,7.5,8.4
219168,2024,8.5,9.4
219168,2025,10.5,10.3
219168,2026,9.0,9.0
219249,2024,5.5,5.5
219249,2025,5.5,5.5
219249,2026,5.5,5.5
219265,2020,4.5,4.5
219279,2024,4.5,4.2
219291,2020,4.5,4.5
219291,2022,4.5,4.5
219352,2017,5.5,5.1
219352,2018,5.5,4.9
219352,2019,5.0,5.0
219352,2020,5.0,4.7
219352,2021,6.0,5.9
219847,2020,8.5,8.3
219847,2021,8.5,7.9
219847,2022,8.0,7.4
219847,2023,7.5,7.6
219847,2024,8.0,7.7
219847,2025,7.5,7.3
219847,2026,7.5,7.5
219924,2018,4.5,4.2
219924,2019,4.5,4.3
219924,2020,4.5,4.3
219924,2021,4.5,4.2
219924,2022,4.5,4.3
219924,2023,4.5,4.4
219924,2024,4.5,4.3
219924,2025,4.5,4.3
219924,2026,4.0,4.0
219929,2018,4.5,4.5
219937,2020,4.0,4.0
219937,2021,4.5,4.4
219937,2022,4.0,4.0
219937,2024,4.0,4.0
219937,2025,4.0,3.7
219961,2020,5.5,5.6
219961,2021,6.5,6.3
219961,2022,7.0,7.0
220037,2019,4.5,4.3
220037,2020,4.0,4.0
220037,2021,4.5,4.5
220037,2023,4.0,4.0
220087,2022,4.5,4.4
220166,2018,4.5,4.2
220166,2019,4.0,3.9
220166,2021,4.0,4.0
220237,2022,4.5,4.5
220237,2023,4.5,4.5
220237,2024,4.5,4.4
220237,2025,5.0,4.9
220237,2026,5.0,5.0
220307,2019,6.0,5.8
220307,2022,6.5,6.1
220307,2023,5.5,5.2
220362,2023,5.0,4.9
220362,2024,4.5,4.2
220362,2025,4.5,4.5
220362,2026,4.5,4.5
220394,2019,4.5,4.5
220394,2020,4.5,4.4
220394,2021,4.5,4.5
220394,2023,4.5,4.4
220394,2024,5.0,4.7
220566,2019,5.5,5.3
220566,2020,5.5,5.3
220566,2021,5.5,5.5
220566,2022,6.0,5.6
220566,2023,5.5,5.6
220566,2024,6.5,6.2
220566,2025,6.5,6.3
220566,2026,6.5,6.5
220583,2024,4.0,3.9
220583,2026,4.0,4.0
220585,2022,4.5,4.2
220585,2023,5.0,5.0
220585,2024,5.0,4.7
220598,2017,4.5,4.5
220598,2018,5.0,5.0
220598,2019,5.0,4.9
220598,2020,5.0,4.6
220598,2021,4.5,4.5
220598,2023,5.0,4.9
220598,2025,4.5,4.4
220627,2019,5.0,4.7
220627,2020,4.5,4.8
220627,2021,5.0,4.9
220627,2022,4.5,4.1
220627,2024,4.5,4.1
220627,2025,4.0,4.0
220627,2026,4.5,4.5
220682,2021,4.0,3.9
220684,2021,4.0,4.0
220684,2025,4.0,4.0
220686,2021,4.0,3.9
220688,2018,4.5,4.5
220688,2019,4.5,4.8
220688,2020,7.5,7.3
220688,2021,7.5,7.1
220693,2017,4.5,4.5
220695,2021,4.5,4.5
220695,2024,4.5,4.5
220695,2025,4.5,4.5
220738,2017,4.5,4.5
220738,2018,4.5,4.5
220738,2020,4.5,4.5
221239,2019,4.5,4.2
221239,2020,4.5,4.2
221239,2021,4.5,4.5
221239,2022,5.5,5.4
221239,2023,5.0,4.9
221245,2017,4.5,4.4
221267,2017,4.5,4.4
221272,2018,4.0,4.0
221272,2019,4.0,3.9
221272,2020,4.0,4.0
221275,2018,4.5,4.5
221275,2019,4.5,4.3
221389,2025,4.0,4.0
221389,2026,4.5,4.5
221399,2020,5.5,5.6
221399,2021,6.0,5.5
221399,2022,6.0,5.7
221399,2023,5.5,5.5
221399,2024,5.5,5.2
221399,2025,5.5,5.1
221399,2026,5.0,5.0
221403,2022,4.5,4.5
221403,2023,4.5,4.5
221466,2022,4.5,4.4
221466,2023,4.5,4.4
221466,2024,5.0,4.6
221466,2025,4.5,5.2
221466,2026,6.0,6.0
221610,2020,5.0,4.8
221610,2021,4.5,4.4
221610,2022,4.5,4.5
221632,2021,5.0,4.8
221632,2022,5.0,4.9
221632,2023,4.5,5.1
221632,2024,5.0,4.9
221632,2025,5.0,5.0
221632,2026,5.0,5.0
221820,2022,4.5,4.4
221820,2023,5.0,4.7
221820,2024,4.5,4.3
221820,2025,5.0,4.8
221820,2026,5.0,5.0
222017,2018,4.5,4.5
222017,2019,4.5,4.5
222017,2020,4.5,4.5
222017,2021,4.5,4.5
222017,2022,4.5,4.4
222017,2023,4.5,4.3
222018,2017,4.5,4.4
222018,2018,4.0,4.0
222018,2019,4.0,4.0
222018,2020,4.0,3.9
222018,2021,4.0,3.9
222018,2022,4.5,4.4
222018,2023,4.5,4.4
222018,2024,4.0,3.8
222018,2026,4.0,4.0
222434,2017,4.0,4.0
222434,2018,4.0,3.9
222434,2019,4.0,3.9
222531,2018,4.5,4.3
222531,2019,5.0,4.7
222531,2020,5.0,4.9
222531,2021,4.5,4.5
222531,2022,5.5,5.5
222531,2023,6.0,5.7
222531,2024,6.5,6.5
222531,2025,7.5,7.6
222531,2026,8.0,8.0
222564,2021,6.0,5.6
222625,2019,4.5,4.5
222625,2024,5.5,5.4
222625,2026,5.0,5.0
222627,2019,4.0,4.0
222627,2020,4.5,4.3
222627,2021,4.0,4.0
222627,2023,4.0,3.9
222627,2024,4.0,3.8
222677,2018,4.5,4.5
222677,2019,4.5,4.2
222677,2020,4.5,4.4
222677,2023,5.0,4.4
222683,2023,5.0,4.6
222683,2024,5.5,5.9
222683,2025,7.0,6.9
222683,2026,6.0,6.0
222690,2022,4.5,4.2
222690,2023,4.5,4.3
222690,2024,4.5,4.4
222690,2025,4.0,3.7
222694,2020,4.0,4.0
222694,2021,4.5,4.3
222694,2022,4.5,4.5
222694,2025,4.5,4.2
222694,2026,5.0,5.0
222786,2019,4.5,4.5
223081,2021,4.5,4.3
223081,2022,4.0,3.8
223094,2022,11.5,12.4
223094,2023,14.0,14.3
223094,2024,15.0,14.9
223094,2025,14.0,14.7
223094,2026,15.5,15.5
223175,2019,4.5,4.5
223175,2020,5.0,4.8
223175,2021,4.5,4.5
223332,2019,4.5,4.5
223332,2020,4.5,4.5
223333,2023,4.5,4.4
223335,2020,4.5,4.5
223336,2025,5.0,4.8
223337,2021,4.5,4.5
223340,2018,4.5,4.5
223340,2019,4.5,4.7
223340,2020,5.5,5.1
223340,2021,6.5,6.7
223340,2022,8.0,8.0
223340,2023,8.5,8.8
223340,2024,10.0,10.4
223340,2025,10.0,10.0
223340,2026,9.5,9.5
223349,2019,4.5,4.5
223349,2020,4.5,4.3
223434,2023,4.5,4.3
223434,2024,4.5,4.3
223434,2025,4.5,4.5
223434,2026,4.5,4.5
223541,2024,7.0,6.8
223541,2025,6.5,6.3
223541,2026,5.5,5.5
223723,2021,4.5,4.5
223723,2022,4.5,4.2
223723,2023,4.5,4.5
223723,2024,5.0,4.8
223723,2026,4.5,4.5
223824,2020,4.0,4.0
223824,2021,4.0,3.9
223827,2025,4.5,4.6
223827,2026,5.0,5.0
223911,2018,4.5,4.5
223911,2019,4.5,4.3
223911,2022,4.5,4.3
223911,2023,4.5,4.3
223911,2024,4.5,4.4
223911,2025,4.0,4.0
224024,2022,6.0,5.9
224024,2023,6.0,6.0
224024,2024,6.0,5.7
224024,2025,6.0,5.9
224068,2022,4.0,3.8
224068,2023,4.0,3.7
224068,2024,4.0,3.9
224068,2025,4.0,4.0
224117,2018,4.5,4.5
224117,2025,9.0,9.1
224117,2026,7.5,7.4
224209,2022,5.0,4.7
224444,2020,7.0,7.0
224444,2021,7.0,6.7
224860,2024,5.0,5.0
224967,2021,5.0,4.9
224967,2022,4.5,4.1
224967,2023,4.5,4.5
224967,2024,4.5,4.4
224967,2025,5.0,4.9
224967,2026,4.5,4.5
224995,2022,6.5,6.5
224995,2023,5.5,5.5
224995,2024,5.0,4.8
224995,2025,5.0,5.0
225000,2021,4.0,4.0
225295,2022,5.5,4.9
225321,2017,4.0,4.0
225321,2019,4.5,4.4
225321,2020,5.0,4.6
225321,2021,4.5,5.1
225321,2022,5.0,4.8
225321,2023,5.0,4.5
225321,2024,4.5,4.4
225321,2025,5.0,4.8
225368,2020,4.5,4.4
225702,2021,5.0,4.9
225796,2019,5.0,4.9
225796,2020,5.0,5.1
225796,2021,5.5,6.5
225796,2022,6.0,5.8
225796,2023,5.5,5.3
225796,2024,5.0,4.8
225796,2025,5.5,5.6
225796,2026,5.5,5.5
225897,2023,4.5,4.5
225902,2021,5.0,4.8
225902,2022,4.5,4.4
225902,2024,4.5,4.4
226029,2017,4.5,4.5
226182,2020,4.5,4.3
226182,2023,4.5,4.5
226182,2025,4.5,4.4
226182,2026,4.5,4.5
226473,2023,5.0,4.9
226597,2020,5.0,4.9
226597,2021,5.0,5.3
226597,2022,5.0,5.2
226597,2023,5.0,5.4
226597,2024,6.0,6.1
226597,2025,6.0,7.3
226597,2026,8.0,8.0
226944,2022,5.0,4.8
226944,2023,5.0,5.0
226944,2024,5.0,5.0
226944,2025,5.0,4.9
226944,2026,5.0,5.0
226956,2021,4.5,4.1
226956,2022,4.5,4.3
226956,2023,4.5,4.4
226956,2024,4.5,4.3
226956,2025,4.5,4.5
226965,2026,5.5,5.5
227127,2018,5.0,4.6
227127,2019,5.0,5.0
227127,2020,4.5,4.4
227127,2021,4.5,4.4
227127,2022,5.0,4.7
227127,2023,5.0,5.0
227127,2024,5.0,4.8
227127,2025,5.5,5.2
227444,2024,4.5,5.2
227444,2025,5.5,5.1
227444,2026,5.5,5.5
227560,2021,4.5,4.3
228044,2021,4.5,4.3
228044,2022,4.5,4.5
228044,2023,4.0,4.0
228286,2020,5.0,5.3
228286,2021,6.0,6.1
228286,2022,5.0,4.8
228798,2020,6.0,5.7
229164,2023,5.0,4.8
229164,2024,5.0,4.8
229164,2026,5.0,5.0
229384,2024,5.0,4.7
229384,2025,4.5,4.3
229415,2021,4.0,4.0
229600,2018,4.0,4.0
229600,2019,4.5,4.2
229600,2022,4.5,4.1
229600,2023,4.0,4.0
229600,2024,4.5,4.4
229600,2025,4.5,4.2
229600,2026,5.0,5.0
230001,2024,4.5,4.2
230001,2025,5.0,4.9
230001,2026,4.5,4.5
230046,2019,4.5,4.3
230046,2020,5.0,4.8
230046,2021,4.5,4.3
230046,2022,5.0,4.8
230046,2023,5.5,5.4
230046,2025,5.0,4.9
230127,2020,5.5,4.9
230251,2021,5.0,5.8
230251,2022,6.0,5.6
230251,2023,5.0,4.8
230251,2024,5.0,4.9
230348,2024,4.5,4.4
230376,2025,5.5,4.9
230428,2018,4.0,4.0
230650,2026,4.5,4.5
230730,2026,5.0,5.0
231057,2023,5.0,4.9
231057,2024,5.0,4.9
231057,2025,5.5,5.1
231065,2021,4.5,4.4
231065,2022,4.5,4.4
231065,2023,4.5,4.5
231065,2024,4.5,4.4
231065,2025,4.5,4.2
231065,2026,4.5,4.5
231172,2017,4.0,3.9
231372,2019,6.0,5.8
231372,2020,6.0,5.9
231372,2021,6.0,5.7
231372,2023,4.5,4.4
231416,2024,4.5,4.4
231416,2025,4.5,4.5
231416,2026,4.5,4.5
231480,2023,4.5,4.5
231480,2024,4.5,4.3
231480,2025,4.5,4.4
231747,2020,6.0,5.3
231747,2021,5.5,5.3
231747,2022,5.5,5.1
231747,2023,5.0,5.1
231747,2024,7.5,7.5
231747,2025,7.5,7.6
231747,2026,6.5,6.5
231899,2024,5.0,4.8
231899,2026,4.5,4.5
232112,2024,5.0,4.9
232112,2025,5.0,4.7
232112,2026,5.0,5.0
232185,2019,6.5,5.9
232185,2021,6.0,5.7
232185,2024,6.0,5.5
232185,2025,6.5,6.4
232185,2026,6.5,6.4
232223,2021,5.0,4.7
232223,2023,4.5,4.4
232228,2024,4.0,4.0
232229,2020,4.0,4.0
232229,2021,4.0,4.0
232233,2019,4.5,4.4
232241,2019,4.0,4.0
232241,2022,4.5,4.4
232245,2021,4.0,4.0
232247,2021,4.5,4.4
232247,2022,4.0,4.0
232351,2018,4.5,4.5
232351,2019,4.0,3.9
232351,2021,4.5,4.5
232351,2023,4.5,4.2
232351,2026,4.0,4.0
232356,2025,4.0,4.0
232361,2019,4.5,4.5
232361,2020,4.5,4.4
232391,2019,4.0,4.0
232391,2021,4.5,4.2
232398,2017,4.0,4.0
232398,2020,4.0,4.0
232413,2020,6.0,5.8
232413,2021,6.0,5.9
232413,2022,5.5,5.7
232413,2023,6.5,6.0
232413,2024,7.0,7.0
232413,2025,7.5,7.3
232413,2026,6.5,6.5
232423,2017,4.0,4.0
232423,2020,4.0,3.8
232423,2021,4.5,4.5
232423,2022,4.0,3.9
232427,2017,4.5,4.5
232427,2020,4.5,4.3
232456,2021,4.5,4.5
232457,2026,5.0,5.0
232477,2023,4.5,4.5
232571,2025,4.5,4.2
232571,2026,4.0,4.0
232620,2021,4.5,4.5
232620,2022,4.0,3.9
232653,2020,4.5,4.5
232653,2021,4.5,4.7
232653,2022,5.5,5.1
232653,2023,6.0,5.9
232653,2024,5.5,5.4
232653,2025,5.5,5.3
232653,2026,5.0,5.0
232667,2019,4.0,3.9
232787,2020,5.5,5.5
232787,2021,5.5,6.0
232787,2022,6.0,5.6
232787,2023,5.5,5.4
232787,2024,6.0,5.9
232787,2025,5.5,5.0
232787,2026,5.5,5.5
232792,2019,3.9999999999999996,4.1
232792,2020,4.5,4.6
232792,2021,4.5,4.5
232792,2022,4.5,4.2
232792,2023,4.0,3.9
232792,2024,4.5,4.4
232792,2025,4.5,4.4
232797,2018,4.0,4.0
232797,2019,4.0,3.9
232797,2020,4.0,4.0
232820,2025,4.0,3.8
232826,2019,4.5,4.5
232826,2020,4.5,4.3
232826,2021,4.5,4.7
232826,2022,5.5,5.1
232826,2023,5.5,6.4
232826,2024,7.5,7.4
232826,2025,7.5,7.2
232829,2020,4.0,4.0
232829,2022,4.0,3.9
232859,2022,4.5,4.1
232859,2023,4.0,4.0
232859,2024,4.5,4.4
232859,2025,4.5,4.1
232859,2026,4.5,4.5
232881,2020,4.5,4.4
232892,2023,4.5,4.4
232892,2024,4.5,4.5
232892,2025,4.5,4.4
232892,2026,4.5,4.5
232905,2026,5.0,5.0
232917,2018,4.5,4.5
232917,2023,4.5,4.3
232917,2024,4.5,4.4
232928,2018,4.5,4.5
232928,2019,4.5,4.3
232928,2020,4.5,4.4
232928,2022,4.5,4.5
232928,2023,5.0,4.9
232928,2024,5.0,4.9
232928,2025,5.0,5.2
232928,2026,6.0,6.0
232937,2019,4.0,3.8
232937,2020,4.5,4.2
232937,2021,4.0,3.9
232937,2022,4.0,3.7
232937,2023,4.0,4.0
232957,2019,4.5,4.5
232960,2018,4.0,4.0
232964,2019,4.5,4.2
232977,2018,4.5,4.5
232977,2019,4.0,3.9
232977,2020,4.0,3.9
232977,2023,4.0,4.0
232979,2019,4.5,4.5
232980,2019,4.5,4.2
232980,2021,4.5,4.3
232980,2023,4.5,4.4
232980,2024,4.5,4.3
233420,2022,4.5,4.3
233425,2019,4.5,4.2
233425,2020,5.5,5.2
233425,2021,5.5,5.3
233425,2023,4.5,4.5
233489,2020,4.5,4.5
233497,2018,5.0,4.5
233821,2023,4.5,4.3
233849,2019,4.0,4.0
233963,2017,4.5,4.2
233963,2018,5.0,4.7
233963,2019,4.5,4.3
233963,2021,4.5,4.5
233963,2023,4.5,4.5
233963,2024,4.5,4.3
233963,2025,4.5,4.5
234370,2022,5.0,4.8
234483,2017,4.5,4.5
234720,2019,4.5,4.5
234908,2017,4.5,4.5
234908,2018,5.0,5.0
234908,2019,5.0,4.8
234908,2020,4.5,4.3
235382,2019,4.5,4.4
235382,2020,4.5,4.1
235382,2021,5.0,4.8
235382,2022,4.5,4.4
235382,2023,4.5,4.4
235448,2021,4.0,4.0
235448,2022,4.0,4.0
235448,2023,4.0,3.9
235448,2025,4.0,3.9
235449,2022,4.0,4.0
235530,2019,4.5,4.4
235530,2022,4.5,4.3
235530,2023,4.5,4.5
235530,2024,4.5,4.2
235546,2021,4.5,4.3
235599,2018,4.0,4.0
235599,2019,4.0,4.0
235640,2020,4.0,4.0
235674,2022,5.0,4.9
235674,2023,5.5,5.1
235674,2024,5.5,5.4
235674,2025,5.5,5.4
235826,2025,5.5,4.9
235826,2026,5.0,5.0
240143,2020,4.5,4.5
240143,2021,4.5,4.5
240143,2022,4.5,4.1
240299,2022,4.5,4.3
240299,2023,4.5,4.4
240299,2024,4.5,4.5
240299,2025,4.5,4.5
240514,2021,4.5,4.5
240514,2022,4.0,4.0
240514,2023,4.0,4.0
240514,2025,4.0,4.0
240514,2026,4.5,4.5
240796,2021,4.5,4.5
241117,2026,5.0,5.0
241157,2021,5.0,4.6
241157,2022,5.0,4.8
241157,2023,4.5,4.3
241157,2024,4.5,4.5
241231,2023,4.0,3.9
241231,2025,4.0,3.9
241289,2018,4.0,4.0
241289,2021,4.5,4.5
241293,2026,5.5,5.5
241519,2022,5.0,4.6
241791,2018,4.0,4.0
242058,2019,7.0,6.3
242058,2020,6.0,5.7
242058,2021,6.0,6.0
242166,2018,4.5,4.4
242166,2019,4.5,4.1
242166,2020,5.0,4.7
242166,2021,4.5,4.5
242183,2021,4.0,4.0
242313,2026,4.5,4.5
242453,2023,5.0,4.9
242500,2023,4.5,4.5
242510,2021,4.0,4.0
242880,2022,5.0,5.0
242880,2023,4.5,4.4
242880,2024,4.5,4.2
242880,2025,4.5,4.4
242880,2026,4.5,4.5
242882,2025,4.5,4.1
242882,2026,5.0,5.0
242885,2022,4.5,4.2
242885,2023,4.0,4.0
242898,2022,6.0,5.5
242898,2023,6.0,5.8
242898,2024,6.5,6.2
242898,2025,7.0,6.5
242898,2026,6.0,6.0
243016,2019,5.5,5.4
243016,2020,5.5,5.3
243016,2021,5.5,5.1
243016,2022,5.5,5.6
243016,2023,6.0,5.9
243016,2024,6.5,6.2
243016,2025,6.5,6.1
243016,2026,5.5,5.5
243298,2022,8.0,7.6
243298,2023,7.5,7.1
243298,2024,7.5,7.2
243298,2025,7.5,7.3
243298,2026,7.0,7.0
243343,2020,4.5,4.5
243345,2022,5.0,4.7
243345,2023,5.0,4.9
243345,2024,5.0,5.0
243345,2025,5.0,5.0
243413,2026,4.5,4.5
243505,2020,5.0,5.0
243505,2021,4.5,4.5
243505,2022,4.5,4.4
243505,2023,4.5,4.4
243505,2024,4.5,4.4
243526,2025,4.0,3.8
243526,2026,4.5,4.5
243532,2023,4.5,4.4
243557,2023,6.5,6.3
243557,2024,6.5,6.5
243568,2019,4.5,4.1
243568,2020,4.5,4.3
243568,2021,4.5,4.3
243568,2022,4.5,4.2
243568,2023,5.0,4.8
243568,2024,5.0,5.0
243569,2021,4.5,4.5
243571,2021,4.5,4.1
243571,2022,4.0,3.9
243571,2023,4.5,4.3
243571,2024,4.5,4.4
243571,2025,4.5,4.4
243571,2026,4.5,4.5
243710,2019,4.5,4.5
244042,2022,5.5,5.4
244042,2023,4.5,4.3
244042,2024,6.0,5.5
244042,2025,5.5,5.3
244042,2026,5.5,5.5
244085,2022,5.0,4.7
244085,2023,4.5,4.5
244262,2023,4.5,4.3
244560,2021,5.0,4.8
244560,2022,4.5,4.0
244619,2019,4.0,4.0
244619,2020,4.5,4.1
244619,2021,4.5,4.3
244619,2022,4.5,3.9
244619,2023,4.0,4.0
244619,2024,4.0,3.9
244704,2022,4.5,4.5
244716,2021,5.0,4.9
244723,2019,4.0,4.0
244723,2020,4.0,3.8
244723,2021,4.5,4.5
244723,2022,4.5,4.4
244723,2023,4.5,4.5
244723,2024,5.0,4.8
244723,2025,5.0,5.0
244723,2026,4.5,4.5
244731,2021,8.0,8.1
244731,2022,8.0,7.8
244731,2023,7.5,7.6
244731,2024,7.5,7.5
244731,2025,8.0,8.0
244845,2024,4.0,3.9
244848,2020,4.5,4.5
244850,2023,5.0,5.0
244850,2024,5.0,5.8
244850,2025,7.0,7.3
244850,2026,7.5,7.5
244851,2019,4.5,4.5
244851,2020,4.5,4.4
244851,2021,4.5,4.5
244851,2022,4.5,4.2
244851,2023,5.0,6.3
244851,2024,10.5,10.5
244851,2025,10.5,10.3
244851,2026,9.5,9.5
244856,2020,4.0,3.9
244856,2023,4.0,3.9
244858,2020,4.5,4.5
244858,2022,5.5,5.1
244858,2024,5.0,4.5
244858,2025,5.0,4.6
244858,2026,5.0,5.0
244860,2026,5.5,5.5
244890,2021,4.5,4.5
244930,2022,5.0,4.9
244930,2023,4.5,4.4
244930,2024,4.5,4.5
244932,2022,4.5,4.5
244954,2023,4.5,4.6
244954,2024,4.5,4.2
244954,2025,4.5,4.3
244954,2026,4.5,4.5
245414,2023,5.5,5.4
245419,2021,7.5,7.0
245419,2022,6.0,5.6
245419,2024,5.0,4.8
245719,2019,4.0,4.0
245719,2020,4.0,4.0
245719,2024,4.0,3.9
245824,2020,7.0,6.9
245824,2022,5.5,5.4
245824,2023,5.0,4.5
245824,2024,5.0,5.0
245830,2023,4.5,4.5
245830,2024,4.5,4.5
245923,2019,4.5,4.5
245923,2020,4.5,4.5
245923,2021,4.5,4.4
245923,2022,4.5,4.4
245923,2023,4.5,4.5
245923,2024,4.5,4.5
246265,2024,4.0,4.0
246301,2024,4.5,4.4
246301,2025,4.5,4.3
246301,2026,4.5,4.5
246799,2022,4.0,3.9
246878,2017,5.0,4.7
246878,2018,4.5,4.3
247245,2023,4.0,4.0
247245,2025,4.0,3.8
247286,2017,4.0,4.0
247348,2023,4.5,4.5
247348,2024,5.0,5.2
247348,2025,5.5,5.9
247348,2026,5.5,5.5
247412,2024,5.5,5.2
247412,2025,6.5,5.8
247412,2026,6.0,6.0
247632,2019,5.0,4.9
247632,2020,5.5,5.5
247632,2021,6.5,6.2
247632,2022,5.5,4.9
247632,2023,5.5,5.5
247632,2024,6.5,6.1
247632,2025,7.0,7.0
247632,2026,6.5,6.5
247664,2022,4.5,4.5
247670,2025,5.5,5.5
247693,2025,7.0,6.9
247955,2025,4.5,4.5
248056,2025,5.0,4.8
248056,2026,5.0,5.0
248164,2021,4.0,4.0
248164,2022,4.0,4.0
248164,2023,4.0,4.0
248164,2024,4.0,4.0
248853,2021,4.0,4.0
248854,2023,4.0,4.0
248857,2022,5.5,5.4
248857,2023,5.5,5.3
248857,2024,6.5,6.0
248857,2025,7.0,6.8
248857,2026,6.5,6.4
248859,2023,4.5,4.5
248865,2021,4.5,4.4
248865,2022,4.5,4.4
248875,2023,6.5,6.4
248875,2024,6.5,6.2
248875,2025,6.5,6.5
248875,2026,7.5,7.5
248937,2020,4.5,4.5
248937,2021,4.5,4.6
248937,2022,4.5,4.1
248937,2025,5.0,4.9
249231,2022,5.5,5.2
249231,2023,5.0,4.7
249231,2024,5.0,5.0
249231,2025,5.0,4.8
249231,2026,5.5,5.5
250199,2023,5.0,5.0
250199,2024,5.0,4.8
250199,2025,5.0,5.0
250199,2026,5.0,5.0
250370,2020,4.0,4.0
250370,2022,4.0,4.0
250604,2019,4.5,4.5
250604,2020,4.5,4.5
250604,2021,4.5,4.5
250735,2023,4.5,4.4
250735,2025,5.0,4.9
420922,2021,4.5,4.4
421796,2020,4.5,4.4
422287,2022,4.0,4.0
422303,2023,4.5,4.5
422306,2019,4.5,4.5
422306,2020,4.5,4.5
422612,2020,4.0,4.0
423649,2021,6.0,5.9
423649,2022,5.5,5.3
424001,2023,5.0,5.0
424044,2022,4.5,4.5
424044,2023,5.0,4.7
424044,2024,4.5,4.5
424044,2025,4.5,4.5
424876,2023,7.0,7.1
424876,2024,6.5,6.1
424876,2025,6.5,7.1
424876,2026,7.0,7.0
427420,2023,5.0,4.6
427623,2022,4.5,4.4
427623,2023,4.0,3.9
427623,2024,4.5,4.4
427623,2025,4.5,4.4
427623,2026,5.0,5.0
427637,2022,5.5,5.3
427637,2025,5.5,5.4
427637,2026,5.5,5.5
428399,2022,7.5,7.1
428399,2024,6.5,5.9
428580,2021,5.0,4.9
428580,2022,5.0,4.8
428580,2023,5.0,4.9
428580,2024,5.0,4.9
428580,2025,5.0,4.8
428580,2026,5.0,5.0
428610,2019,4.5,4.5
428610,2020,4.5,4.3
428610,2021,4.5,4.5
428610,2023,4.5,4.3
428626,2021,5.0,4.7
428971,2023,4.0,4.0
428971,2024,4.0,3.9
428971,2025,4.0,4.0
428971,2026,4.5,4.5
429414,2022,5.5,5.3
429414,2023,5.0,4.9
429414,2024,5.0,4.8
429414,2025,5.0,4.9
430367,2019,4.5,4.5
430367,2020,4.5,4.5
430871,2022,5.5,5.3
430871,2023,5.5,5.5
430871,2024,6.5,7.0
430871,2025,8.0,8.1
430871,2026,8.0,8.0
430992,2021,4.0,4.0
430992,2023,4.5,4.5
431019,2020,4.0,4.0
431131,2019,5.5,5.2
431131,2020,5.5,5.4
431131,2021,5.5,5.2
431131,2022,5.0,4.9
431248,2025,4.5,4.5
431639,2025,5.5,5.3
431774,2017,4.5,4.5
431774,2018,4.5,4.5
431924,2019,4.5,4.5
431960,2023,4.0,4.0
432160,2021,5.0,4.9
432160,2022,4.5,4.5
432160,2023,4.5,4.3
432422,2023,5.5,5.2
432422,2024,5.5,5.5
432422,2025,5.5,5.3
432422,2026,5.5,5.5
432656,2019,4.5,4.5
432656,2020,5.0,4.7
432705,2017,4.5,4.5
432705,2019,4.5,4.5
432711,2021,4.0,4.0
432711,2023,4.0,3.9
432712,2023,4.5,4.5
432714,2021,4.5,4.4
432714,2022,4.5,4.5
432714,2023,4.5,4.4
432714,2024,5.0,4.6
432714,2025,5.5,5.0
432714,2026,5.5,5.5
432720,2020,4.0,4.0
432720,2023,4.5,4.4
432720,2025,5.0,4.5
432720,2026,5.0,5.0
432735,2019,4.5,4.4
432735,2021,5.0,4.8
432793,2018,4.0,4.0
432793,2019,4.0,4.0
432830,2021,4.5,4.3
432830,2022,4.5,4.2
432830,2023,4.5,4.5
432830,2024,4.5,4.6
432830,2025,5.0,4.9
432830,2026,5.5,5.5
432927,2020,4.0,3.9
432931,2020,4.5,4.5
432931,2022,4.5,4.4
432931,2023,4.5,4.4
432987,2024,4.0,4.0
432987,2026,4.0,4.0
432990,2023,4.5,4.3
433019,2020,4.0,4.0
433036,2025,5.5,5.0
433036,2026,6.0,6.0
433138,2021,4.5,4.5
433154,2017,4.5,4.5
433154,2018,4.5,4.4
433154,2019,6.0,6.0
433154,2020,6.0,5.7
433154,2021,6.0,5.5
433154,2022,5.5,5.2
433154,2023,5.5,5.4
433154,2024,5.5,5.1
433154,2025,6.0,5.5
433154,2026,5.5,5.5
433312,2024,5.0,5.0
433312,2025,5.5,5.3
433589,2021,4.0,3.9
433589,2022,4.0,4.0
433590,2020,4.0,4.0
433590,2021,4.0,3.9
433590,2022,4.0,4.0
433590,2026,4.0,4.0
433952,2025,5.0,4.9
433969,2026,5.0,5.0
433979,2021,4.5,4.5
433979,2022,4.5,4.2
433979,2023,4.5,4.2
433979,2024,5.0,4.8
434024,2021,4.0,3.9
434043,2022,4.5,4.5
434044,2021,4.0,4.0
434044,2024,4.0,3.9
434138,2020,4.5,4.3
434399,2025,4.0,3.8
434399,2026,4.5,4.5
434662,2021,5.5,5.4
434662,2022,4.5,4.5
434662,2023,4.5,4.5
434752,2025,4.0,3.9
434752,2026,5.0,5.0
435973,2023,5.0,4.7
435973,2025,5.0,4.9
435997,2025,5.5,5.5
435997,2026,6.0,6.0
436234,2021,6.0,5.7
436234,2022,5.0,5.0
436234,2023,5.0,4.9
436234,2024,5.0,5.0
436234,2025,5.0,4.9
436416,2025,4.0,4.0
436680,2024,4.0,4.0
436761,2026,4.0,4.0
436893,2024,4.5,4.3
436893,2025,4.0,3.8
436893,2026,4.5,4.5
437468,2022,4.5,4.4
437468,2023,4.0,3.8
437476,2022,4.5,4.5
437476,2023,4.5,4.5
437495,2020,4.5,4.8
437495,2021,5.0,4.8
437495,2022,4.5,4.4
437495,2025,4.5,4.1
437495,2026,5.0,5.0
437499,2024,4.5,4.5
437499,2025,5.0,5.2
437499,2026,6.0,6.0
437505,2025,5.5,5.0
437505,2026,5.5,5.5
437626,2021,4.5,4.3
437626,2022,4.5,4.5
437626,2023,4.0,4.0
437688,2020,4.0,4.0
437730,2022,5.0,5.0
437730,2023,4.5,4.5
437730,2024,5.5,5.7
437730,2025,7.0,8.0
437730,2026,8.5,8.5
437738,2025,4.0,3.8
437738,2026,4.5,4.5
437742,2021,5.0,4.8
437742,2022,4.5,4.3
437742,2023,5.0,4.9
437742,2025,4.5,4.5
437748,2023,5.5,5.2
437748,2025,4.5,4.3
437753,2022,4.5,4.2
437753,2023,4.0,3.9
437757,2023,5.0,4.9
437858,2020,5.0,4.7
438098,2022,6.0,5.6
438098,2023,5.5,5.4
438098,2024,5.5,5.4
438098,2025,5.5,5.4
438098,2026,5.5,5.5
438234,2024,7.0,7.4
438234,2025,8.5,8.3
438234,2026,7.0,7.0
438277,2020,5.0,5.0
438277,2021,4.5,4.3
438405,2023,4.0,4.0
438464,2022,5.0,5.0
438464,2023,5.0,4.8
438464,2024,5.0,4.8
438464,2025,5.0,4.9
438464,2026,5.0,5.0
439135,2024,4.5,4.5
439135,2025,4.0,4.0
439242,2020,4.5,4.5
439482,2020,4.5,4.5
439482,2021,4.5,4.5
439483,2024,4.0,4.0
439485,2019,4.5,4.5
439485,2021,5.0,5.0
439509,2021,5.0,4.8
439509,2026,6.5,6.5
439510,2020,4.0,4.0
439510,2021,4.0,3.9
439510,2022,4.0,3.9
439668,2026,5.0,5.0
440089,2022,5.5,5.0
440089,2023,5.0,4.8
440089,2024,5.0,4.9
440089,2025,6.0,5.6
440089,2026,5.5,5.5
440113,2018,4.5,4.5
440120,2021,4.5,4.5
440123,2022,4.0,4.0
440148,2021,4.5,4.5
440148,2024,4.5,4.4
440148,2025,4.5,4.5
440241,2020,4.5,4.5
440323,2019,4.5,4.5
440323,2021,5.0,5.3
440323,2022,5.5,5.2
440323,2023,5.0,4.9
440323,2024,5.5,5.3
440323,2025,5.5,5.2
440854,2022,4.0,4.0
440854,2023,4.5,4.0
440854,2024,5.0,4.9
440854,2025,5.5,5.4
440955,2025,4.5,4.4
440993,2020,4.5,4.5
440993,2023,5.5,5.5
440993,2024,5.5,5.2
440993,2025,6.5,6.3
440993,2026,6.0,6.0
441024,2021,4.0,4.0
441024,2022,4.0,3.8
441024,2023,4.0,4.0
441024,2025,4.0,3.9
441164,2022,5.0,4.8
441164,2023,5.0,5.9
441164,2024,5.5,5.2
441164,2025,5.5,5.2
441164,2026,5.5,5.5
441191,2020,4.0,4.0
441191,2021,4.0,4.2
441191,2022,4.5,4.4
441191,2023,4.5,4.0
441191,2024,4.5,4.6
441191,2025,5.0,4.9
441191,2026,5.0,5.0
441192,2021,4.5,4.5
441192,2022,4.5,4.5
441192,2023,4.5,4.5
441192,2024,5.0,4.9
441192,2025,5.0,4.9
441240,2023,5.0,5.0
441240,2024,5.0,5.0
441240,2025,4.5,4.5
441264,2025,5.5,5.3
441264,2026,6.0,6.0
441266,2023,5.0,5.0
441266,2024,5.0,5.0
441266,2025,5.5,5.4
441266,2026,6.0,6.0
441271,2019,4.0,3.9
441271,2020,4.5,4.4
441271,2021,4.0,3.9
441271,2023,4.0,4.0
441271,2024,4.0,4.0
441271,2025,4.0,3.8
441302,2023,5.5,5.1
441302,2024,5.0,4.5
441302,2025,4.5,4.2
441302,2026,4.5,4.5
441428,2021,4.0,4.0
441428,2023,4.0,4.0
441428,2024,4.5,3.9
441455,2023,4.5,4.4
442229,2020,4.5,4.5
442229,2021,4.0,4.0
442229,2023,4.0,4.0
442335,2021,5.0,4.5
442967,2026,5.5,5.5
443211,2023,4.0,3.9
443261,2024,5.5,5.4
443261,2026,5.5,5.5
443296,2020,4.5,4.4
443629,2021,4.0,4.0
443629,2023,4.0,4.0
443661,2021,5.5,5.3
443661,2022,5.5,5.3
443661,2023,6.0,5.7
443967,2021,5.0,4.7
443967,2022,4.5,4.5
444102,2024,6.0,5.9
444102,2025,7.0,6.6
444102,2026,6.0,6.0
444145,2019,4.5,4.2
444145,2020,5.0,4.9
444145,2021,5.5,5.3
444145,2022,6.0,6.5
444145,2023,8.0,7.5
444145,2024,7.0,6.5
444145,2025,7.0,6.8
444145,2026,6.5,6.4
444172,2022,4.0,3.9
444172,2024,4.0,3.9
444172,2025,4.0,4.0
444172,2026,4.0,4.0
444180,2022,5.5,5.2
444180,2023,5.0,4.9
444180,2024,4.5,4.5
444180,2025,5.5,5.0
444180,2026,6.0,6.0
444181,2018,4.5,4.5
444183,2019,4.5,4.5
444183,2023,4.5,4.3
444253,2019,4.0,4.0
444307,2026,4.0,4.0
444463,2020,5.0,5.0
444463,2021,4.5,4.3
444463,2022,4.5,4.3
444463,2023,4.5,4.4
444463,2024,4.5,4.3
444463,2025,4.5,4.4
444463,2026,5.0,5.0
444575,2020,4.5,4.5
444765,2022,4.0,4.0
444765,2023,4.0,4.0
444765,2024,3.9999999999999996,4.1
444765,2025,4.5,4.4
444765,2026,5.0,5.0
444880,2021,4.5,4.5
444884,2018,4.0,4.0
444884,2019,4.5,4.5
444884,2020,4.5,4.3
444884,2021,5.5,5.3
444884,2022,5.0,4.8
444884,2023,5.0,4.8
444884,2024,5.5,5.2
444884,2025,5.5,5.1
444884,2026,5.5,5.5
445028,2026,5.0,5.0
445044,2021,6.0,6.3
445044,2022,8.0,7.8
445044,2023,7.0,6.7
445044,2024,6.5,6.2
445044,2025,6.5,6.4
445044,2026,6.5,6.5
445087,2026,5.5,5.5
445122,2023,5.0,4.6
445122,2024,5.5,5.5
445122,2025,5.5,6.0
445122,2026,6.5,6.5
445548,2021,4.0,4.0
445548,2022,4.0,4.0
445548,2023,4.0,4.0
445548,2024,4.0,4.0
445550,2021,4.5,4.5
445896,2020,4.5,4.4
445896,2021,4.5,4.5
446008,2021,5.5,5.2
446008,2022,6.0,5.7
446008,2023,6.5,6.8
446008,2024,7.000000000000001,8.3
446008,2025,8.0,8.3
446008,2026,8.0,8.0
446189,2022,4.0,4.0
446281,2021,4.5,4.5
447093,2020,4.0,4.0
447107,2022,4.0,4.0
447203,2022,9.0,8.6
447203,2023,7.5,7.5
447203,2024,7.5,7.0
447203,2025,6.5,6.5
447235,2019,4.5,4.3
447235,2022,4.5,4.5
447261,2023,4.5,4.5
447325,2020,4.0,4.0
447325,2021,4.0,4.0
447325,2025,4.0,3.9
447372,2020,4.5,4.5
447372,2022,4.5,4.5
447373,2020,4.5,4.5
447715,2021,4.5,4.4
447715,2023,5.0,5.0
447715,2025,4.5,4.4
447720,2022,4.0,4.0
447720,2024,4.0,4.0
447879,2019,4.0,4.0
447879,2022,4.0,4.0
447879,2023,4.0,4.0
447880,2021,4.0,3.9
447880,2022,4.0,3.8
447880,2024,4.0,4.0
447932,2022,4.5,4.2
448047,2022,5.0,5.0
448047,2023,5.0,4.8
448047,2024,5.0,4.7
448047,2025,6.5,6.5
448047,2026,7.0,7.0
448089,2022,4.5,4.5
448089,2023,5.0,4.9
448089,2024,5.0,4.9
448089,2025,5.5,5.3
448089,2026,5.5,5.5
448104,2025,5.5,5.1
448104,2026,5.5,5.4
448482,2021,4.5,4.5
448487,2020,4.0,4.0
448487,2021,4.0,3.9
448496,2021,4.0,4.0
448496,2022,4.0,4.0
448514,2020,5.0,5.0
448514,2021,4.5,4.1
448514,2022,4.5,4.1
448514,2023,4.5,4.6
448514,2024,4.5,5.1
448514,2025,6.0,5.7
448514,2026,5.5,5.5
448791,2019,4.5,4.5
448791,2021,4.5,4.4
448791,2022,4.5,4.4
449027,2025,4.5,4.1
449027,2026,5.0,5.0
449133,2022,4.5,4.4
449133,2023,4.5,4.5
449428,2026,4.0,4.0
449429,2024,4.0,3.8
449429,2026,4.0,4.0
449434,2020,4.5,4.5
449434,2021,5.0,4.8
449434,2022,5.0,4.6
449434,2023,5.0,4.9
449434,2024,5.5,5.5
449434,2025,7.0,6.5
449434,2026,6.0,6.0
449444,2021,4.0,4.0
449781,2019,4.5,4.5
449781,2020,4.5,4.5
449871,2022,5.0,4.7
449871,2023,5.0,4.7
449871,2024,5.0,4.8
449871,2025,5.0,4.8
449871,2026,5.0,5.0
449926,2020,4.5,4.5
449974,2019,4.0,4.0
449988,2020,5.5,5.2
449988,2021,6.0,5.6
449988,2022,5.5,5.5
449988,2023,5.5,5.2
449988,2024,5.0,5.0
449988,2025,5.0,4.9
450070,2020,4.5,4.4
450070,2021,4.5,4.5
450070,2022,4.5,4.2
450070,2024,6.0,5.5
450070,2025,5.5,5.4
450072,2025,4.0,4.0
450197,2022,4.0,4.0
450197,2023,4.0,3.9
450314,2018,4.5,4.5
450434,2022,5.5,5.0
450434,2023,5.5,5.5
450434,2024,5.5,5.5
450527,2020,4.5,4.3
450527,2021,4.5,4.5
450527,2022,4.5,4.2
450529,2019,4.5,4.5
450529,2021,4.5,4.5
450529,2022,4.5,4.5
450535,2022,4.5,4.2
450535,2023,4.5,4.4
450535,2024,4.5,4.5
450535,2025,4.5,4.5
450539,2021,4.5,4.5
450539,2023,4.5,4.5
450539,2024,4.5,4.5
450539,2025,4.5,4.4
450541,2022,4.5,4.5
450541,2023,4.5,4.5
450542,2020,4.5,4.5
450542,2021,4.5,4.4
450542,2022,4.5,4.5
450542,2023,4.5,4.5
450542,2024,4.5,4.5
450542,2025,4.5,4.4
450542,2026,5.0,5.0
450544,2021,4.5,4.5
450550,2021,4.0,3.9
450550,2022,4.0,4.0
450553,2021,4.0,4.0
451284,2026,4.0,4.0
451302,2023,4.0,3.9
451302,2024,4.5,4.3
451302,2025,5.0,4.7
451302,2026,4.5,4.5
451310,2021,4.0,4.0
451340,2022,5.0,5.7
451340,2023,6.5,6.4
451340,2024,6.5,6.3
451340,2025,6.5,6.1
451340,2026,6.0,6.0
451432,2025,4.5,4.5
451490,2026,4.5,4.5
453537,2023,4.5,4.5
454490,2026,5.0,5.0
454667,2024,4.5,4.5
455084,2020,4.0,3.8
455084,2024,4.5,4.2
455084,2026,4.0,4.0
456350,2022,4.5,4.4
456350,2024,4.5,4.3
456512,2025,6.0,5.5
456512,2026,5.5,5.5
456966,2020,4.5,4.5
457569,2023,4.5,4.7
457569,2024,4.5,4.4
457569,2025,4.5,4.6
457569,2026,4.5,4.5
458249,2024,7.0,6.5
458249,2025,6.0,5.8
458249,2026,5.5,5.5
458297,2021,4.0,4.0
458297,2025,4.5,4.5
459373,2019,4.0,4.0
460028,2022,4.5,4.4
460028,2023,4.5,4.6
460028,2024,4.5,4.4
460028,2025,5.0,4.7
460028,2026,5.0,5.0
460029,2021,4.5,4.5
460842,2023,6.5,6.7
460842,2024,6.5,6.2
460842,2025,6.5,6.4
460842,2026,6.5,6.5
461012,2022,4.0,4.0
461013,2022,4.5,4.5
461017,2019,4.5,4.5
461017,2022,4.5,4.5
461023,2021,4.0,4.0
461025,2022,4.5,4.5
461025,2024,4.5,4.5
461026,2021,4.5,4.4
461026,2022,4.5,4.4
461080,2021,4.5,4.5
461096,2020,4.5,4.5
461096,2021,4.5,4.4
461102,2019,4.0,4.0
461102,2020,4.0,3.9
461102,2021,4.0,3.9
461102,2023,4.0,4.0
461102,2026,4.0,4.0
461188,2022,4.5,4.5
461188,2023,4.0,4.0
461188,2025,4.0,3.9
461195,2019,4.0,4.0
461195,2025,4.0,4.0
461199,2022,4.5,4.5
461199,2025,5.0,4.9
461199,2026,5.0,5.0
461201,2021,4.5,4.5
461201,2022,4.5,4.5
461212,2020,4.5,4.5
461358,2022,6.5,6.1
461358,2023,6.5,6.4
461358,2024,7.0,7.0
461382,2019,4.5,4.5
461382,2022,4.5,4.5
461382,2023,4.5,4.5
461416,2022,4.5,4.5
461416,2023,4.5,4.5
461416,2024,4.5,4.5
461421,2021,4.5,4.5
461421,2023,4.5,4.5
461421,2024,5.0,5.0
461421,2025,5.0,5.0
461446,2020,4.5,4.5
461446,2021,4.5,4.5
461446,2023,4.5,4.4
461446,2025,4.5,4.5
461450,2019,4.5,4.5
461450,2020,4.5,4.5
461453,2022,4.5,4.4
461453,2023,4.5,4.5
461484,2021,4.5,4.4
461484,2023,4.5,4.5
461484,2024,4.5,4.5
461484,2025,4.5,4.5
461508,2021,4.5,4.4
461529,2021,4.5,4.5
461533,2020,4.5,4.5
461537,2023,4.0,4.0
461537,2024,4.0,4.0
461537,2025,4.0,3.9
461548,2022,4.5,4.2
461558,2021,4.5,4.5
461566,2020,4.0,4.0
461567,2021,4.0,3.9
461567,2023,4.0,4.0
461567,2025,4.0,4.0
461584,2022,4.5,4.5
461584,2024,4.5,4.5
461585,2020,4.5,4.5
461587,2021,4.5,4.5
461587,2022,4.5,4.5
461587,2024,5.0,4.7
461587,2026,4.5,4.5
461682,2023,4.5,4.5
462116,2024,4.5,4.2
462116,2025,4.5,4.3
462381,2021,4.0,4.0
462381,2022,4.0,4.0
462381,2023,4.0,4.0
462381,2024,4.0,4.0
462381,2025,4.0,4.0
462384,2020,4.0,4.0
462384,2021,4.0,3.9
462387,2024,5.0,4.7
462387,2026,5.0,5.0
462424,2020,4.5,4.0
462424,2021,4.5,4.5
462424,2022,4.5,4.9
462424,2023,5.0,5.9
462424,2024,6.0,6.4
462424,2025,6.0,6.3
462424,2026,6.0,6.0
462438,2023,4.5,4.5
462491,2022,4.0,4.0
462491,2023,4.0,4.0
462492,2023,4.0,3.9
462492,2024,4.0,4.0
462492,2025,4.0,4.0
462635,2020,4.5,4.5
462635,2021,4.5,4.7
462635,2022,5.5,5.1
462635,2025,4.5,4.5
462635,2026,5.0,5.0
462831,2021,4.5,4.5
463034,2020,4.5,4.2
463034,2021,4.5,4.5
463034,2022,4.5,4.4
463034,2024,5.5,5.6
463034,2025,6.5,6.2
463034,2026,5.5,5.5
463067,2022,5.5,5.0
463067,2024,5.5,5.0
463067,2025,6.0,5.6
463067,2026,5.5,5.5
463210,2022,4.5,4.5
463210,2023,4.5,4.5
463210,2024,4.5,4.5
463210,2026,5.0,5.0
463212,2024,5.5,5.4
463726,2026,4.5,4.5
463748,2021,4.0,4.0
463748,2022,4.0,3.9
463748,2023,4.0,4.0
463748,2024,4.0,4.0
463748,2025,4.0,4.0
463903,2024,5.5,5.0
463912,2020,4.0,4.0
463936,2025,6.5,6.0
463936,2026,6.0,6.0
463981,2022,4.5,4.4
463981,2023,4.0,4.0
463981,2024,4.0,3.9
463981,2025,4.0,4.2
463981,2026,5.5,5.5
464353,2022,4.0,4.0
464353,2024,4.0,4.0
464353,2026,4.0,4.0
464618,2021,4.5,4.4
465247,2025,5.0,5.1
465247,2026,5.0,5.0
465299,2020,4.5,4.4
465299,2021,4.5,4.5
465351,2022,5.0,4.8
465351,2023,5.0,4.7
465351,2024,5.0,4.9
465351,2025,5.5,5.3
465351,2026,6.0,6.0
465390,2020,4.5,4.5
465390,2021,4.0,4.0
465390,2023,4.0,4.0
465390,2024,4.0,4.0
465390,2026,4.0,4.0
465525,2026,4.5,4.5
465527,2020,4.5,4.5
465527,2021,4.5,4.5
465527,2023,4.5,4.3
465527,2024,4.5,4.5
465527,2025,5.0,4.7
465551,2020,4.0,3.9
465572,2020,4.5,4.5
465607,2023,6.5,6.4
465642,2025,5.0,4.9
465642,2026,5.0,5.0
465680,2025,6.0,6.0
465680,2026,5.5,5.5
465694,2024,6.0,6.0
465694,2025,6.0,5.9
465694,2026,5.5,5.5
465702,2025,4.0,3.9
465730,2025,4.5,4.3
465730,2026,4.5,4.6
465920,2022,7.0,6.4
465920,2023,6.5,6.3
465920,2024,6.5,6.1
465920,2025,5.0,4.9
465920,2026,5.5,5.5
466052,2025,6.5,6.5
466052,2026,7.5,7.5
466075,2024,6.0,5.8
466075,2025,5.5,5.6
466075,2026,5.5,5.6
466117,2022,4.5,4.5
466117,2023,4.5,4.3
466117,2024,4.5,4.5
466117,2025,4.5,4.3
466404,2021,4.0,3.9
466404,2023,4.5,4.5
466404,2024,4.5,4.2
466525,2025,5.0,4.8
466525,2026,6.0,6.0
466955,2019,4.5,4.5
466955,2020,4.5,4.3
467114,2020,4.0,3.8
467169,2022,7.5,7.3
467169,2023,7.0,6.8
467169,2024,6.0,5.7
467169,2025,6.0,5.9
467189,2024,4.5,4.4
467189,2025,4.5,4.2
467311,2021,4.0,4.0
467779,2024,5.0,4.7
467779,2025,5.0,4.8
467779,2026,5.0,5.0
468243,2021,4.5,4.5
469130,2025,5.5,5.3
469142,2022,4.0,4.0
469142,2023,4.0,4.0
469142,2024,4.5,4.5
469142,2025,4.5,4.7
469142,2026,5.0,5.0
469247,2024,5.5,5.4
469247,2025,5.5,5.5
469247,2026,5.0,5.0
469249,2021,4.5,4.4
469266,2026,5.0,5.0
469272,2025,5.0,4.8
469272,2026,5.5,5.5
470255,2020,4.0,4.0
470294,2022,4.5,4.2
470294,2025,4.5,4.5
470294,2026,4.5,4.5
470296,2022,4.0,4.0
470313,2025,7.0,6.7
470313,2026,6.0,6.0
470315,2025,4.5,4.5
470315,2026,4.5,4.5
470551,2026,5.0,5.0
471471,2021,5.5,5.2
471798,2023,4.0,4.0
471798,2025,4.0,3.8
471848,2020,4.5,4.5
471848,2023,4.0,3.9
472464,2020,4.5,4.4
472464,2021,4.5,4.5
472464,2022,4.5,4.5
472464,2023,4.5,4.4
472713,2022,5.0,4.9
472713,2023,4.5,4.3
472713,2024,4.5,4.3
472713,2025,4.0,4.0
472713,2026,4.5,4.5
472739,2024,4.0,3.9
472739,2025,4.0,4.0
472739,2026,4.5,4.5
472769,2022,4.5,4.5
472769,2024,5.0,4.9
472769,2025,5.0,5.3
472769,2026,6.5,6.5
473284,2026,4.5,4.5
473341,2024,4.0,4.0
473342,2021,4.5,4.3
474003,2019,4.5,4.5
474003,2020,5.0,4.7
474120,2022,5.0,4.6
474120,2023,5.5,5.0
474120,2024,5.5,5.4
474120,2025,5.5,5.4
474120,2026,5.5,5.5
474772,2022,4.0,4.0
474772,2023,4.0,4.0
474803,2023,4.0,4.0
474907,2020,4.0,4.0
474907,2021,4.0,4.0
474907,2022,4.0,4.0
474907,2024,4.0,4.0
474907,2025,4.0,3.8
474908,2023,4.5,4.5
475123,2024,4.5,4.1
475123,2025,4.0,4.0
475168,2019,5.0,4.8
475168,2021,5.5,5.4
475168,2023,5.5,5.2
475168,2024,5.5,5.5
475168,2025,7.5,7.4
475168,2026,7.5,7.6
475480,2023,4.5,4.5
475480,2024,4.5,4.5
475492,2022,4.5,4.2
476161,2022,4.5,4.5
476344,2022,5.5,5.5
476344,2023,5.0,5.0
476344,2024,6.0,5.7
476369,2023,4.0,4.0
476369,2024,4.5,4.5
476502,2022,4.5,4.3
476502,2023,4.5,4.3
476502,2024,5.0,4.8
476502,2025,5.0,5.0
476887,2025,6.0,5.9
476887,2026,5.5,5.5
476888,2022,5.5,5.3
476888,2024,5.0,5.0
476938,2023,4.5,4.4
477064,2022,4.0,3.8
477064,2023,4.5,4.2
477064,2024,4.5,4.3
477064,2025,5.0,4.6
477064,2026,4.5,4.5
477386,2022,4.5,4.5
477386,2024,4.0,3.9
477424,2023,5.0,5.2
477424,2024,6.0,6.5
477424,2025,6.0,5.8
477424,2026,5.5,5.5
477547,2021,4.0,4.0
477547,2022,4.0,3.9
477547,2025,4.0,4.0
477547,2026,4.0,4.0
477555,2023,4.5,4.4
477555,2024,5.0,4.7
477555,2025,5.5,5.1
477555,2026,5.5,5.5
477580,2022,4.5,4.5
477580,2023,4.5,4.4
477580,2024,4.5,4.4
477580,2025,5.0,5.0
477717,2023,4.0,4.0
477717,2025,4.0,3.8
477733,2023,4.0,4.0
477851,2025,4.5,4.3
478028,2021,5.0,5.0
478227,2022,4.0,4.0
478449,2020,4.0,4.0
478912,2020,4.5,4.5
478912,2021,4.5,4.5
478912,2022,4.5,4.2
478912,2023,4.5,4.2
478912,2024,5.0,4.7
478969,2023,4.0,3.9
478969,2025,4.0,3.8
479641,2022,4.0,4.0
479683,2022,5.0,4.6
479683,2023,4.5,4.5
480216,2020,4.5,4.3
480455,2019,4.0,4.0
480455,2020,4.0,3.9
480455,2021,4.0,4.0
480455,2022,4.0,4.0
480455,2023,4.0,4.5
480455,2024,5.0,4.9
480455,2025,5.5,5.3
480455,2026,5.5,5.5
480457,2026,5.0,5.0
480818,2020,4.0,4.0
481283,2022,4.0,4.0
481283,2023,4.0,4.0
481283,2025,4.0,3.9
481371,2020,4.5,4.5
481405,2021,4.5,4.4
481405,2022,4.5,4.5
481405,2023,4.5,4.5
481510,2022,4.5,4.5
481510,2024,4.5,4.4
481624,2020,4.5,4.4
481624,2021,5.0,5.0
481624,2022,4.5,4.5
481624,2023,4.5,4.5
481624,2024,5.5,5.3
481624,2026,5.5,5.5
481626,2020,4.0,3.9
481626,2021,4.0,4.0
481655,2025,5.5,4.9
481655,2026,5.5,5.5
482158,2023,4.0,3.9
482158,2024,4.0,3.9
482442,2022,4.5,4.2
482442,2023,4.5,4.4
482442,2024,5.0,4.7
482442,2025,5.0,4.5
482442,2026,5.0,4.9
482609,2023,4.0,4.3
482609,2024,5.0,4.9
482609,2025,5.0,4.8
482609,2026,5.0,5.0
482769,2022,4.5,4.4
482769,2023,4.5,4.4
482973,2025,6.0,5.9
482973,2026,6.0,6.0
483067,2026,5.0,5.0
483081,2024,5.5,5.1
483081,2025,4.5,4.4
483364,2022,4.0,3.9
483364,2025,4.0,3.9
483365,2021,4.5,4.4
483391,2023,4.0,4.0
483398,2023,4.5,4.5
484389,2026,4.0,4.0
484420,2025,5.0,4.8
484420,2026,6.0,6.0
484658,2022,4.5,4.5
484658,2023,4.5,4.5
484658,2024,4.5,4.5
485047,2024,4.5,4.5
485047,2025,4.5,4.3
485047,2026,5.0,5.0
485055,2024,4.5,4.1
485055,2025,4.0,3.9
485055,2026,4.5,4.5
485337,2025,6.5,6.2
485337,2026,5.5,5.5
485711,2025,7.5,7.2
485711,2026,7.0,7.0
486385,2023,6.0,5.7
486385,2024,5.0,4.8
486385,2025,5.5,5.1
486385,2026,5.5,5.5
486520,2025,5.0,4.7
486520,2026,5.0,5.0
486623,2022,4.5,4.5
486672,2020,5.0,5.0
486672,2021,4.5,4.5
486672,2022,5.0,5.0
486672,2023,5.0,4.5
486672,2024,5.0,4.9
486672,2025,5.5,5.7
486672,2026,5.5,5.5
486870,2020,4.0,4.0
486870,2021,4.0,4.0
487053,2023,4.5,4.9
487053,2024,5.0,4.8
487053,2025,4.5,4.3
487053,2026,4.5,4.5
487117,2021,4.5,4.5
487117,2022,4.5,4.6
487117,2023,6.0,5.7
487117,2024,5.5,5.5
487117,2025,5.5,5.5
487117,2026,5.0,5.0
487676,2025,4.5,4.5
487676,2026,4.5,4.5
487693,2023,4.0,4.0
487702,2023,5.0,4.8
487702,2025,5.0,5.0
487818,2022,4.0,4.0
487818,2023,4.0,3.9
487828,2023,4.5,4.4
487835,2021,4.5,4.5
487836,2020,4.5,4.4
487836,2023,4.5,4.4
487837,2022,4.5,4.5
487837,2023,4.5,4.1
487837,2024,4.5,4.5
487838,2021,4.5,4.5
487838,2022,4.5,4.3
487838,2023,4.5,4.2
487838,2024,4.5,4.7
487838,2025,5.5,5.3
487838,2026,5.0,5.0
487968,2023,4.0,3.8
487992,2026,4.5,4.5
488024,2025,6.0,5.8
488024,2026,5.5,5.5
488213,2025,5.5,5.1
488404,2020,5.5,5.2
488404,2022,4.5,4.3
488404,2023,4.5,4.2
488404,2024,5.0,5.0
488439,2024,4.0,4.0
488464,2024,4.0,4.0
489571,2025,4.0,4.0
489580,2022,4.0,3.9
489580,2025,4.0,3.7
489580,2026,4.0,4.0
489639,2023,4.5,4.4
489639,2024,4.5,4.5
489639,2025,4.5,4.6
489639,2026,4.5,4.5
489706,2024,4.5,4.5
489706,2025,4.5,4.3
489706,2026,5.0,5.0
489888,2025,5.5,5.4
489888,2026,5.0,5.0
490000,2025,4.0,3.9
490094,2020,4.5,4.5
490094,2021,4.5,4.5
490094,2022,4.5,4.5
490094,2023,4.5,4.4
490094,2024,4.5,4.3
490094,2025,5.0,4.8
490094,2026,5.0,5.0
490095,2023,4.5,4.5
490098,2019,4.5,4.5
490138,2020,4.0,4.0
490142,2025,4.5,4.3
490145,2020,4.5,4.5
490145,2021,4.5,4.5
490145,2022,4.5,4.5
490145,2023,4.5,4.5
490145,2024,4.5,4.4
490145,2025,4.5,4.3
490145,2026,4.5,4.5
490146,2022,4.5,4.5
490146,2023,4.5,4.5
490146,2024,5.0,5.0
490150,2023,4.5,4.4
490161,2021,4.5,4.5
490161,2026,5.0,5.0
490180,2023,4.5,4.5
490503,2021,5.0,4.7
490503,2022,5.0,4.6
490503,2024,5.0,4.9
490721,2020,4.0,4.0
490721,2021,4.0,4.0
490721,2022,4.0,3.8
490721,2023,4.5,4.4
490721,2024,4.5,4.5
490721,2025,4.5,4.3
490881,2023,4.5,4.5
490881,2024,4.5,4.5
490881,2025,4.5,4.5
490881,2026,5.0,5.0
490885,2023,4.5,4.5
490885,2024,4.5,4.5
490885,2025,4.5,4.5
490887,2021,4.0,4.0
491007,2025,4.5,4.3
491007,2026,4.5,4.5
491008,2022,4.0,4.0
491011,2023,4.5,4.5
491012,2023,5.0,4.8
491012,2024,5.0,4.9
491012,2025,5.0,4.9
491279,2023,4.5,4.4
491279,2024,4.5,4.5
491279,2025,4.5,4.4
491279,2026,5.0,5.0
491287,2024,5.0,4.9
491287,2025,5.0,5.0
491460,2025,4.0,4.0
491501,2023,4.5,4.4
491501,2024,4.5,4.3
491501,2025,4.5,4.4
491501,2026,4.5,4.5
491551,2021,4.0,4.0
491556,2021,4.5,4.5
491557,2023,4.5,4.5
491557,2024,4.5,4.5
491557,2025,4.5,4.5
491559,2020,4.5,4.5
491559,2021,4.5,4.5
491559,2022,4.5,4.5
491598,2022,4.5,4.5
491598,2023,4.5,4.5
491598,2024,4.5,4.4
491745,2023,4.0,4.0
491745,2025,4.0,3.9
491785,2021,4.5,4.5
491785,2022,4.5,4.5
491970,2022,4.5,4.5
491970,2023,4.5,4.4
491970,2024,4.5,4.5
492066,2020,4.5,4.5
492066,2025,4.0,4.0
492368,2025,4.0,4.0
492373,2020,4.0,4.0
492373,2021,4.0,4.0
492374,2020,4.5,4.5
492374,2021,4.5,4.5
492498,2026,4.5,4.5
492776,2022,4.0,4.0
492777,2021,4.0,4.0
492777,2023,3.9999999999999996,4.1
492777,2024,5.0,4.7
492777,2025,5.0,4.9
492777,2026,5.0,5.0
492779,2022,4.5,4.5
492779,2023,4.5,4.5
492831,2023,5.5,5.1
492831,2025,5.0,4.8
492859,2022,5.0,4.7
492859,2025,5.5,5.1
492859,2026,5.0,5.0
493105,2021,4.5,4.5
493105,2022,4.5,4.1
493105,2023,5.0,5.0
493105,2024,6.5,5.9
493105,2025,6.5,6.4
493105,2026,6.0,6.0
493121,2023,4.5,4.4
493125,2023,4.5,4.2
493125,2024,4.5,4.3
493125,2025,4.5,4.5
493250,2020,5.5,5.4
493250,2021,5.0,5.0
493250,2022,4.5,4.4
493250,2023,4.5,4.4
493250,2024,5.0,5.3
493250,2025,6.5,6.2
493250,2026,6.0,5.9
493347,2023,4.0,3.9
493362,2025,7.0,6.3
493362,2026,6.0,6.0
493736,2022,4.5,4.5
493837,2025,4.5,4.3
493928,2021,4.5,4.5
493934,2021,4.5,4.3
494041,2023,4.5,4.5
494041,2024,4.5,4.4
494307,2024,4.0,4.0
494307,2025,4.5,3.9
494307,2026,5.0,5.0
494521,2025,4.5,4.8
494521,2026,5.5,5.5
494541,2022,4.5,4.5
494543,2022,4.5,4.5
494551,2024,4.0,4.0
494556,2025,4.0,4.0
494595,2025,8.5,8.3
494595,2026,7.5,7.5
494779,2024,5.0,4.9
494928,2026,4.5,4.5
494950,2026,4.0,4.0
494960,2025,4.0,4.0
495024,2024,4.5,4.4
495145,2024,4.0,4.0
495145,2025,4.0,4.0
495161,2025,4.5,4.5
495542,2020,4.0,4.0
495542,2021,4.0,4.0
495542,2022,4.0,4.0
496178,2024,4.0,3.9
496178,2025,4.0,3.8
496179,2020,4.5,4.4
496179,2021,4.5,4.5
496179,2022,4.5,4.3
496179,2024,4.5,4.5
496185,2021,4.5,4.5
496185,2023,4.5,4.5
496208,2022,4.5,4.5
496208,2023,4.5,4.3
496208,2024,4.5,4.5
496208,2025,5.0,4.8
496208,2026,5.0,5.0
496221,2023,5.0,5.0
496221,2024,5.0,4.7
496221,2025,5.0,5.0
496221,2026,5.5,5.5
496222,2023,4.0,4.0
496228,2021,4.5,4.5
496228,2022,4.5,4.5
496279,2024,4.5,4.5
496279,2025,4.5,4.5
496283,2023,4.5,4.5
496661,2021,4.5,4.5
496661,2024,4.5,4.3
496661,2025,5.5,5.3
496661,2026,5.5,5.5
496683,2022,4.0,4.0
496683,2023,4.0,4.0
496683,2024,4.0,4.0
497605,2021,4.5,4.5
497606,2023,4.5,4.4
497606,2024,4.5,4.5
497606,2025,4.5,4.3
497894,2023,7.0,7.1
497894,2024,7.0,6.9
497894,2025,6.5,6.3
497949,2025,4.5,4.2
498016,2025,4.5,4.8
498016,2026,5.0,5.0
498046,2021,4.5,4.5
498046,2024,4.5,4.5
498444,2026,5.0,5.0
499167,2024,4.0,4.0
499167,2025,4.0,3.7
499169,2023,4.5,4.5
499169,2024,4.5,4.5
499169,2025,5.5,5.0
499169,2026,5.5,5.5
499175,2022,4.5,4.5
499175,2023,4.5,4.5
499175,2024,4.5,4.3
499175,2025,5.5,5.0
499175,2026,5.5,5.5
499300,2025,4.5,4.2
499300,2026,4.0,4.0
499309,2024,5.0,4.7
499309,2025,4.5,4.0
499309,2026,5.0,5.0
499604,2025,5.5,5.4
499604,2026,6.5,6.5
499716,2025,4.0,4.0
499716,2026,4.0,4.0
499717,2024,4.0,4.0
499717,2025,4.0,4.0
499721,2023,4.5,4.5
499721,2024,4.5,4.5
499721,2025,5.0,5.0
499721,2026,5.0,5.0
499724,2022,4.5,4.5
499724,2024,4.5,4.4
499726,2024,4.5,4.5
499726,2025,4.5,4.3
499726,2026,4.5,4.5
499857,2023,4.0,4.0
499857,2025,4.0,4.0
500016,2024,4.0,4.0
500040,2025,5.5,5.3
500040,2026,5.5,5.5
500052,2023,4.5,4.5
500058,2023,4.5,4.3
500058,2024,4.5,4.5
500058,2025,4.5,4.3
500058,2026,4.5,4.5
500151,2025,4.5,4.5
500151,2026,4.5,4.5
500267,2022,4.5,4.5
500696,2025,4.5,4.4
500926,2024,4.0,3.9
500957,2026,4.5,4.5
501284,2022,4.5,4.5
501284,2023,4.5,4.5
501390,2026,5.0,5.0
501459,2026,5.0,5.0
501468,2021,4.0,4.0
501468,2022,4.0,4.0
501468,2023,4.0,4.0
501620,2024,4.0,4.0
501770,2021,4.0,4.0
501770,2024,4.0,4.0
501837,2021,4.5,4.4
501837,2022,4.0,3.9
501837,2023,4.0,4.0
501837,2024,4.0,3.8
501837,2025,4.5,4.3
501902,2026,4.0,4.0
502222,2024,5.5,5.5
502500,2024,6.0,5.9
502500,2025,6.0,7.2
502500,2026,8.0,8.0
502697,2022,5.0,5.0
502697,2024,5.0,4.7
502697,2025,5.5,5.2
502697,2026,5.0,5.0
502988,2025,4.0,4.0
503037,2026,5.0,5.0
503139,2023,5.0,4.9
503139,2024,5.0,4.7
503139,2025,5.0,4.9
503139,2026,6.0,6.0
503300,2021,4.0,4.0
503300,2022,4.0,3.9
503300,2023,4.0,4.0
503300,2025,4.0,3.9
503301,2021,4.5,4.5
503301,2022,4.5,4.2
503301,2024,5.5,5.2
503301,2025,5.5,5.4
503301,2026,5.5,5.5
503308,2023,4.0,4.0
503714,2023,4.5,4.4
503714,2024,4.5,4.4
503714,2025,5.0,5.0
503724,2023,4.0,4.0
504198,2023,5.0,4.7
504296,2024,4.5,4.5
504296,2025,4.5,4.4
504598,2023,4.5,4.5
504750,2023,4.0,4.0
504751,2022,4.5,4.5
504751,2023,4.5,4.5
504783,2022,5.0,4.9
504783,2024,5.0,5.0
505079,2025,4.0,4.0
505079,2026,4.0,4.0
505187,2023,4.5,4.5
505187,2024,4.5,4.4
505265,2020,4.5,4.5
507433,2023,4.0,4.0
507433,2024,4.0,3.9
507433,2025,4.0,3.8
507433,2026,4.5,4.5
508395,2023,4.5,4.2
508395,2024,4.5,4.3
508395,2025,5.0,5.0
508395,2026,5.0,5.0
508479,2024,4.5,4.2
508479,2025,4.5,4.3
508479,2026,5.0,5.0
509291,2024,5.0,5.0
509291,2025,5.5,5.2
509416,2022,4.5,4.5
509416,2023,4.5,4.5
509416,2024,5.0,5.0
509416,2025,5.0,4.8
509416,2026,5.5,5.5
510281,2024,6.5,6.0
510281,2025,7.0,6.9
510281,2026,6.5,6.5
510328,2022,4.5,4.3
510362,2021,4.5,4.4
510362,2022,4.0,3.9
510362,2023,4.5,4.4
510362,2024,4.5,4.3
510362,2025,4.5,4.2
510363,2021,5.5,5.5
510363,2022,5.0,5.0
510363,2023,4.5,4.5
510363,2024,4.5,4.5
510500,2024,6.0,5.9
510500,2025,5.5,5.4
510663,2025,8.5,9.0
510663,2026,7.5,7.5
511499,2024,6.0,5.8
511499,2025,6.5,6.2
511499,2026,6.0,6.0
511504,2022,4.5,4.5
511504,2023,4.5,4.4
511783,2023,5.0,4.6
512123,2026,4.5,4.5
512462,2023,4.0,4.0
512462,2024,5.0,4.5
512462,2025,5.0,4.9
512462,2026,5.0,5.0
513046,2022,4.5,4.5
513046,2023,5.5,5.3
513046,2024,5.0,4.7
513086,2026,4.5,4.5
513418,2022,5.0,4.9
513418,2023,5.5,5.2
513418,2024,5.5,5.3
513418,2025,7.0,6.8
513418,2026,6.0,6.0
513433,2024,5.5,5.4
513433,2025,5.5,5.4
513466,2025,5.0,5.0
513466,2026,5.0,5.0
513527,2024,5.0,4.8
513545,2026,5.5,5.6
513588,2023,4.5,4.5
513789,2020,4.5,4.5
513834,2022,4.5,4.5
513834,2024,5.0,5.0
513834,2025,4.5,4.5
513836,2023,4.0,4.0
513840,2023,4.5,4.5
513852,2021,4.0,4.0
514154,2023,4.0,4.0
514229,2021,4.0,4.0
514254,2024,5.5,5.5
514254,2025,5.0,4.9
514254,2026,5.0,5.0
514277,2023,4.5,4.5
514280,2022,4.0,4.0
514280,2023,4.0,4.0
514280,2024,4.0,4.0
514284,2022,4.0,4.0
514287,2022,4.0,4.0
514287,2024,4.0,4.0
514307,2024,4.5,4.5
514315,2022,4.0,4.0
514315,2024,4.0,4.0
514315,2025,4.0,3.8
514356,2021,4.5,4.4
514356,2022,4.5,4.5
514356,2023,5.0,4.9
514356,2024,4.5,4.5
514356,2025,5.0,4.9
514356,2026,5.0,5.0
514362,2023,4.5,4.5
514362,2025,4.5,4.5
514514,2023,4.5,4.5
514514,2026,5.0,5.0
514613,2025,4.0,3.8
515023,2022,4.5,4.5
515023,2023,4.5,4.5
515024,2022,4.5,4.3
515024,2023,4.5,4.5
515024,2024,4.5,4.5
515024,2025,4.5,4.5
515046,2025,4.0,4.0
515046,2026,4.5,4.5
515496,2022,4.0,4.0
515500,2022,4.0,4.0
515500,2023,4.0,4.0
515501,2021,4.0,4.0
515501,2023,4.0,4.0
515503,2022,4.5,4.5
515504,2023,4.5,4.5
515571,2022,4.0,4.0
515571,2024,4.0,3.9
515597,2021,4.0,4.0
515597,2022,4.0,4.0
515597,2024,4.0,3.9
515597,2025,4.0,4.0
515597,2026,5.0,5.0
515599,2021,4.5,4.5
515599,2022,4.5,4.5
515599,2023,4.5,4.5
515621,2024,4.5,4.3
515621,2025,4.0,4.0
515621,2026,4.5,4.5
516159,2022,4.0,4.0
516159,2023,4.0,4.0
516159,2024,4.0,4.0
516211,2025,5.5,5.4
516234,2025,4.5,4.5
516250,2023,4.5,4.5
516250,2024,4.5,4.5
516432,2023,4.0,4.0
516874,2023,4.5,4.5
516875,2025,4.0,4.0
516895,2022,4.5,4.5
516895,2023,4.5,4.4
516895,2024,5.5,5.2
516895,2025,5.0,4.7
516895,2026,5.5,5.5
516939,2024,4.0,4.0
516939,2025,4.5,4.2
517052,2023,7.0,7.0
517052,2024,7.5,7.7
517052,2025,6.5,6.5
517052,2026,6.5,6.5
517178,2024,4.0,4.0
517179,2024,4.0,3.9
517179,2025,4.0,3.9
517995,2023,4.5,4.5
517996,2023,4.5,4.5
518030,2025,4.5,4.2
518199,2023,4.0,4.0
518335,2025,4.0,4.0
518438,2022,4.0,4.0
518438,2023,4.0,4.0
518438,2024,4.0,4.0
518438,2025,4.0,4.0
518442,2023,4.5,4.5
518442,2024,4.5,4.5
518442,2025,4.5,4.4
518466,2023,4.0,3.9
518467,2022,4.0,4.0
518504,2021,4.0,4.0
518620,2023,5.0,5.0
518620,2024,4.5,4.5
518892,2023,4.0,4.0
518906,2022,4.0,4.0
518906,2025,4.0,3.8
519198,2023,4.5,4.5
519223,2022,4.5,4.5
519223,2024,4.5,4.5
519321,2023,4.0,4.0
519321,2024,4.0,4.0
519324,2022,4.5,4.5
519324,2024,4.5,4.5
519325,2023,4.0,4.0
519327,2022,4.5,4.5
519328,2023,4.0,3.9
519440,2025,4.0,4.0
519440,2026,4.0,4.0
519634,2025,4.0,4.0
519634,2026,4.5,4.5
519895,2025,4.0,3.8
519913,2025,4.5,4.4
519913,2026,4.5,4.5
520295,2022,5.0,5.0
520295,2023,5.0,5.0
520295,2024,5.5,5.4
521966,2023,4.0,4.0
522047,2026,5.0,5.0
523700,2020,4.5,4.5
523700,2023,5.0,4.8
523700,2024,4.5,4.5
523700,2026,5.0,5.0
523705,2025,4.5,4.4
523957,2023,5.5,5.1
524069,2022,4.5,4.5
524070,2023,4.5,4.5
524180,2024,4.5,4.5
524180,2026,4.5,4.5
524196,2021,4.5,4.5
530117,2023,4.0,4.0
530121,2024,4.5,4.5
530121,2025,4.5,4.4
530318,2022,4.5,4.5
530318,2023,4.5,4.5
530318,2024,4.5,4.5
530318,2025,4.5,4.4
530335,2025,5.5,5.4
530873,2021,4.5,4.5
530873,2023,4.5,4.5
531076,2020,4.5,4.4
531170,2024,4.5,4.5
531363,2022,4.5,4.5
531363,2023,4.5,4.5
531363,2024,4.5,4.5
531363,2025,4.5,4.2
531442,2024,5.5,5.1
531442,2026,5.5,5.5
531989,2022,4.5,4.5
531989,2023,4.5,4.5
531989,2024,4.5,4.5
531989,2025,4.5,4.5
531993,2023,4.5,4.5
531997,2024,4.5,4.5
532135,2022,4.5,4.5
532372,2023,4.5,4.5
532377,2023,4.5,4.5
532528,2023,4.5,4.4
532529,2022,4.5,4.5
532529,2023,4.5,4.5
532529,2024,5.0,4.9
532529,2025,5.5,5.2
532529,2026,6.0,6.0
532534,2024,4.5,4.4
532535,2024,4.0,4.0
532605,2022,4.5,4.5
532605,2023,4.5,4.2
532605,2024,4.5,4.5
532605,2025,4.5,4.4
532605,2026,5.0,5.0
533463,2022,5.0,5.0
533463,2023,5.0,4.7
533463,2024,5.0,4.5
533463,2025,6.0,5.6
533463,2026,6.5,6.5
533710,2024,4.5,4.5
533710,2025,4.5,4.4
533719,2021,4.5,4.5
534392,2023,4.5,4.5
534392,2026,4.5,4.5
534836,2022,4.5,4.5
534836,2025,4.0,3.9
535017,2024,4.0,4.0
535017,2025,4.0,3.9
535262,2022,4.0,4.0
535262,2023,4.0,4.0
535264,2023,4.5,4.5
535301,2023,4.5,4.5
535301,2024,5.0,5.0
535301,2025,5.0,4.5
535301,2026,5.0,5.0
535339,2021,4.5,4.5
535818,2023,5.0,5.0
535818,2024,5.5,5.1
535818,2025,5.5,4.9
535818,2026,5.0,5.0
535928,2022,4.5,4.3
535928,2023,5.0,4.7
535928,2024,4.5,4.5
535928,2025,4.5,4.2
535928,2026,5.0,5.0
536109,2023,4.0,4.0
536109,2024,4.0,4.0
536109,2025,4.5,4.3
536110,2021,4.0,4.0
536119,2025,4.5,4.5
536134,2025,4.5,4.5
536238,2022,4.0,4.0
536238,2023,4.0,4.0
536238,2024,4.0,4.0
536241,2024,4.5,4.5
536241,2025,4.5,4.4
536661,2025,5.0,5.0
536661,2026,5.0,5.0
536677,2023,4.5,4.5
536681,2023,4.5,4.5
536694,2023,5.0,4.8
536694,2024,4.5,4.4
536694,2025,4.5,4.5
536694,2026,5.0,5.0
536908,2023,5.5,5.4
536908,2024,5.0,5.0
536916,2022,4.5,4.5
536916,2023,5.0,4.7
536916,2024,5.0,4.5
536916,2025,5.0,4.6
536916,2026,5.0,5.0
537043,2022,4.0,4.0
537403,2022,4.5,4.5
537403,2023,4.5,4.5
537403,2024,4.5,4.4
537403,2025,4.5,4.3
538007,2026,6.0,6.0
538182,2024,4.5,4.5
538206,2023,4.0,3.9
538207,2020,4.5,4.5
538207,2023,4.5,4.2
538207,2024,5.0,4.9
538207,2025,5.5,5.5
538207,2026,6.0,6.0
538210,2023,4.5,4.4
538638,2026,4.0,4.0
539142,2026,4.0,4.0
539721,2024,4.0,4.0
540324,2026,5.0,5.0
541462,2024,4.0,4.0
541462,2025,4.0,3.8
543158,2023,4.0,4.0
543158,2024,4.0,4.0
543158,2026,5.5,5.5
543295,2025,5.5,5.2
543295,2026,5.0,5.0
543968,2026,5.5,5.5
544877,2023,4.5,4.4
544877,2024,4.5,5.3
544877,2025,6.0,5.6
544877,2026,5.5,5.5
545477,2023,4.0,3.9
545477,2024,4.0,4.0
545477,2025,4.0,3.8
545477,2026,4.0,4.0
545508,2024,4.5,4.5
546600,2026,4.5,4.5
547027,2025,5.5,5.3
547027,2026,5.5,5.5
547037,2024,4.5,4.5
547037,2025,4.5,4.3
547037,2026,5.0,5.0
547410,2025,4.5,4.3
547659,2023,4.0,3.9
547668,2023,4.5,4.5
547671,2025,4.5,4.5
547673,2022,4.0,4.0
547676,2024,4.0,4.0
547676,2025,4.0,3.7
547676,2026,4.0,4.0
547686,2023,4.0,3.9
547686,2026,4.0,4.0
547692,2024,4.5,4.5
547693,2024,4.0,4.0
547701,2021,4.5,4.5
547701,2022,4.5,4.5
547701,2024,5.0,4.6
547701,2025,5.0,4.8
547701,2026,5.0,5.0
547716,2023,4.5,4.5
547719,2022,4.5,4.5
547719,2023,4.5,4.5
547719,2024,5.0,5.0
547719,2025,4.5,4.4
547719,2026,5.5,5.5
547720,2024,4.0,4.0
547720,2025,4.0,3.8
547801,2024,4.5,4.5
547801,2025,4.5,4.3
548308,2023,4.0,4.0
548308,2024,4.0,4.0
548308,2025,4.0,4.0
548308,2026,4.5,4.5
549014,2023,4.0,4.0
549067,2024,4.0,4.0
549067,2025,4.0,3.8
549067,2026,4.0,4.0
549068,2023,4.5,4.5
549068,2024,4.5,4.3
549074,2025,5.0,4.8
549074,2026,5.0,5.0
549329,2025,4.0,3.8
549344,2023,4.0,4.0
549640,2024,4.5,4.4
549653,2026,4.5,4.5
549912,2025,5.0,4.9
549912,2026,5.5,5.5
549939,2025,4.0,4.0
549939,2026,4.5,4.5
550090,2025,4.5,4.2
550090,2026,4.5,4.5
550141,2024,4.5,4.5
550141,2025,4.5,4.5
550596,2022,4.5,4.5
550596,2023,4.5,4.5
550596,2024,4.5,4.5
550596,2025,4.5,4.5
550615,2023,4.5,4.5
550615,2024,4.5,4.5
550615,2025,5.0,4.8
550615,2026,5.5,5.5
550833,2023,5.0,5.0
550839,2023,5.0,5.0
550839,2024,5.5,5.3
550839,2025,5.5,5.3
550839,2026,5.5,5.5
550864,2024,4.5,4.3
550864,2025,4.5,4.1
550864,2026,5.0,5.0
551153,2025,4.5,4.4
551206,2025,4.5,4.5
551210,2025,5.0,4.6
551210,2026,4.5,4.5
551221,2024,4.5,4.5
551221,2025,4.0,3.9
551226,2024,5.0,5.0
551226,2025,5.5,5.5
551226,2026,6.0,6.0
551230,2024,4.5,4.4
551232,2023,4.5,4.5
551262,2026,5.0,5.0
551466,2026,6.0,6.0
551483,2025,4.5,4.5
551499,2026,6.5,6.5
551995,2023,4.5,4.5
552030,2023,4.0,4.0
552425,2023,4.5,4.4
552427,2024,4.5,4.5
552427,2025,4.5,4.5
552946,2026,5.0,5.0
553299,2025,4.0,4.0
553742,2025,4.0,4.0
553746,2025,4.0,4.0
553746,2026,4.0,4.0
553783,2026,4.5,4.5
554194,2024,4.0,4.0
554197,2025,5.0,4.7
554197,2026,5.0,5.0
554578,2026,4.5,4.5
554605,2024,4.5,4.5
556637,2025,4.5,4.5
556637,2026,4.5,4.5
556639,2024,4.5,4.5
556639,2025,4.5,4.3
557012,2026,4.5,4.5
559152,2026,5.0,5.0
559610,2025,4.5,4.5
559684,2024,4.5,4.5
559684,2025,4.5,4.5
559962,2024,4.5,4.5
559962,2025,4.5,4.5
559963,2023,4.5,4.5
560248,2024,4.0,3.9
560248,2025,4.0,4.0
560262,2025,4.5,4.7
560262,2026,7.5,7.5
560441,2025,4.5,4.5
560552,2025,6.0,5.7
560552,2026,5.5,5.5
561245,2026,6.0,6.0
563324,2024,4.0,4.0
563324,2025,4.0,3.7
563883,2021,4.0,4.0
563883,2023,4.0,4.0
563934,2023,4.5,4.5
564406,2025,5.5,5.1
564505,2023,4.0,4.0
564505,2025,4.0,3.9
564510,2022,4.5,4.5
564510,2023,4.5,4.5
564510,2024,4.5,4.4
564510,2025,4.5,4.4
564940,2025,5.0,5.0
565297,2022,4.5,4.5
565297,2025,5.0,5.0
565297,2026,4.5,4.5
565431,2023,4.5,4.5
565431,2025,4.5,4.3
565858,2024,4.0,3.9
565863,2025,4.5,4.4
566164,2025,5.0,5.0
566213,2025,4.0,3.9
567119,2024,4.5,4.5
567119,2025,4.5,4.5
567119,2026,4.5,4.5
567121,2024,4.5,4.5
567121,2025,4.5,4.4
568159,2025,4.5,4.5
568420,2026,5.5,5.5
568791,2023,4.0,4.0
568791,2024,4.0,4.0
568791,2025,4.0,3.9
569014,2024,4.5,4.3
569014,2025,4.5,4.5
569577,2025,4.0,4.0
569577,2026,4.0,4.0
570241,2023,4.0,4.0
570241,2024,4.0,3.9
570241,2025,4.0,3.9
570241,2026,4.5,4.5
570526,2024,4.5,4.4
570526,2025,5.5,5.2
570526,2026,5.5,5.5
570794,2026,5.0,5.0
570929,2025,4.5,4.5
571087,2025,4.5,4.5
571380,2026,4.5,4.5
571779,2026,5.5,5.5
572584,2026,4.0,4.0
572702,2025,5.0,5.0
573062,2022,4.5,4.5
573062,2024,4.5,4.4
573062,2025,4.5,4.5
573808,2021,4.5,4.5
574398,2023,4.5,4.5
574398,2024,4.5,4.4
574398,2025,4.5,4.5
574402,2023,4.5,4.5
574402,2024,4.5,4.5
574458,2025,4.5,4.5
574458,2026,4.5,4.5
574799,2024,4.5,4.5
575034,2023,4.5,4.5
575034,2024,4.5,4.5
575034,2025,4.5,4.5
575204,2024,6.0,5.8
575204,2025,5.5,5.4
575204,2026,5.0,5.0
575458,2025,4.5,4.2
575458,2026,4.5,4.5
575476,2023,4.5,4.5
575476,2024,4.5,4.7
575476,2025,5.5,5.2
575476,2026,5.5,5.5
575901,2024,4.0,3.9
575901,2025,4.0,3.9
575901,2026,4.0,4.0
576323,2025,4.5,4.5
576620,2025,4.5,4.5
576620,2026,4.5,4.5
576628,2025,4.5,4.5
576628,2026,5.0,5.0
576634,2025,4.5,4.5
576637,2024,4.0,4.0
576637,2025,4.0,4.0
576756,2025,4.5,4.5
576980,2024,4.5,4.5
576980,2025,4.5,4.4
577016,2023,4.0,4.0
577016,2024,4.0,4.0
577016,2025,4.0,3.7
577016,2026,4.5,4.5
577114,2024,5.0,4.6
577114,2025,5.0,4.9
577285,2025,4.5,4.5
577285,2026,4.5,4.5
577411,2026,4.0,4.0
577669,2025,5.0,4.9
577669,2026,5.0,5.0
577725,2023,4.5,4.5
577725,2024,4.5,4.4
577725,2025,4.5,4.4
577725,2026,5.5,5.5
577731,2024,4.5,4.5
577731,2025,4.5,4.4
577974,2023,4.0,4.0
577974,2024,4.0,4.0
577974,2025,4.0,4.0
577974,2026,4.0,4.0
577978,2025,4.5,4.5
578153,2024,5.0,5.0
578153,2025,5.5,5.4
578153,2026,5.5,5.5
578512,2024,4.0,4.0
578512,2025,4.0,3.8
578545,2024,4.0,3.9
578545,2026,4.0,4.0
578614,2023,4.5,4.2
578614,2025,5.0,4.7
579075,2024,4.5,4.5
579075,2025,4.5,4.3
580921,2025,4.5,4.5
585472,2023,4.5,4.4
586268,2025,4.0,3.8
586268,2026,4.0,4.0
586309,2025,6.0,5.7
586309,2026,5.5,5.5
587178,2025,4.0,4.0
587433,2025,4.0,4.0
588555,2024,4.0,4.0
588555,2025,4.0,4.0
588793,2024,4.0,4.0
588793,2025,4.0,3.9
588796,2024,4.5,4.5
588796,2025,4.5,4.5
589100,2024,4.0,4.0
589100,2025,4.0,4.0
589114,2023,4.5,4.5
589121,2025,4.5,4.5
589507,2023,4.5,4.5
589507,2024,4.5,4.4
589507,2025,4.5,4.4
590012,2024,4.0,4.0
590012,2025,4.0,4.0
590014,2025,4.5,4.4
590014,2026,4.5,4.5
590035,2025,4.5,4.5
590039,2025,4.5,4.4
590039,2026,4.5,4.5
590040,2025,4.5,4.5
590760,2022,4.5,4.5
590760,2024,4.5,4.5
590760,2025,4.5,4.4
591357,2022,4.5,4.4
591357,2023,4.5,4.5
591357,2024,4.5,4.4
591357,2025,4.5,4.5
591382,2024,4.0,4.0
591384,2025,4.0,4.0
591385,2024,4.0,4.0
591385,2025,4.0,3.8
591386,2023,4.5,4.5
591386,2024,4.5,4.5
591386,2025,4.5,4.3
591386,2026,5.0,5.0
591538,2023,4.5,4.5
591539,2023,4.5,4.5
592031,2024,5.5,4.8
592031,2025,6.0,5.5
592031,2026,6.0,6.0
592436,2023,4.5,4.5
592661,2022,4.0,4.0
592662,2024,4.5,4.5
592712,2024,4.5,4.5
592736,2024,4.0,4.0
592740,2025,4.5,4.5
592740,2026,4.5,4.5
593001,2023,5.0,5.0
593001,2024,4.5,4.4
593001,2025,4.5,4.3
593117,2026,5.5,5.5
593174,2025,4.5,4.5
593174,2026,4.5,4.5
596042,2025,4.5,4.5
596047,2024,4.5,4.5
596047,2025,4.5,4.2
596047,2026,4.5,4.5
596054,2024,4.5,4.5
596054,2025,4.5,4.3
596572,2022,4.5,4.4
596572,2023,4.5,4.5
596777,2024,4.5,4.5
596777,2025,4.5,4.1
596777,2026,6.0,6.0
597320,2024,4.5,4.5
597320,2025,4.5,4.5
597320,2026,4.5,4.5
597462,2026,4.0,4.0
597983,2023,4.5,4.5
599303,2024,4.5,4.5
599303,2025,4.5,4.3
599303,2026,4.5,4.5
600882,2025,4.5,4.5
601496,2023,4.0,4.0
601956,2025,4.0,4.0
601975,2022,4.5,4.5
602903,2024,4.0,4.0
602903,2025,4.0,4.0
602934,2023,4.5,4.5
604211,2025,4.5,4.5
604988,2024,4.0,4.0
604988,2025,4.0,4.0
605319,2025,4.5,4.5
606689,2025,4.5,4.4
606702,2026,5.0,5.0
606745,2024,4.0,4.0
606745,2025,4.0,3.7
606745,2026,4.5,4.5
606774,2024,4.5,4.5
606774,2025,4.5,4.3
606775,2024,4.5,4.5
606775,2025,4.5,4.5
606798,2024,4.5,4.5
606798,2025,4.0,3.9
606798,2026,4.0,4.0
606921,2024,5.0,4.7
606921,2025,5.0,4.7
606921,2026,5.0,5.0
606930,2026,4.0,4.0
607464,2024,4.5,4.5
607464,2025,4.5,4.6
607464,2026,4.5,4.6
608060,2023,4.5,4.5
608181,2025,5.5,5.2
608181,2026,5.5,5.5
608227,2026,5.0,5.0
609640,2024,4.5,4.5
609873,2024,4.5,4.4
609873,2025,4.5,4.5
609873,2026,5.0,5.0
610799,2025,4.0,3.9
610799,2026,5.0,5.0
611011,2023,4.0,4.0
611134,2025,4.5,4.5
611665,2026,6.0,6.0
611695,2025,5.0,5.0
611695,2026,4.5,4.5
611912,2025,4.5,4.5
611917,2024,4.5,4.5
611917,2025,4.5,4.5
611917,2026,4.5,4.5
611920,2024,4.0,4.0
611922,2025,4.5,4.3
611922,2026,6.0,6.0
611926,2023,4.0,4.0
611926,2024,4.0,4.0
611926,2025,4.0,3.7
611975,2025,4.5,4.2
612534,2023,4.0,4.0
612534,2024,4.0,4.0
612534,2025,4.0,4.0
612855,2024,5.0,5.0
612855,2026,5.0,5.0
613120,2024,4.0,4.0
613232,2025,4.5,4.5
613467,2023,4.0,4.0
613467,2024,4.0,4.0
613804,2025,4.5,4.1
614071,2026,6.0,6.0
614574,2025,5.0,4.9
614574,2026,5.0,5.0
616059,2024,4.0,4.0
616065,2025,4.0,4.0
616077,2025,4.5,4.2
616077,2026,5.5,5.4
616094,2023,4.0,4.0
616221,2025,4.0,4.0
616221,2026,4.0,4.0
616222,2024,4.5,4.5
616222,2025,5.0,5.0
616222,2026,4.5,4.5
616286,2025,4.5,4.5
616288,2025,4.5,4.5
617054,2023,4.5,4.5
617054,2024,5.0,4.9
618027,2025,4.0,4.0
618873,2024,4.5,4.5
618873,2025,4.5,4.3
619146,2024,4.0,4.0
619536,2025,4.5,4.5
619734,2025,4.5,4.5
620109,2026,5.5,5.5
620408,2024,4.0,4.0
620487,2025,4.5,4.4
620487,2026,5.0,5.0
622536,2023,4.0,4.0
622536,2024,4.0,4.0
622536,2025,4.0,3.8
622758,2024,4.0,4.0
622758,2025,4.0,4.0
622758,2026,4.5,4.5
623095,2024,4.5,4.5
623095,2025,4.5,4.5
623110,2025,4.5,4.3
624773,2025,6.5,6.4
624773,2026,6.5,6.5
626464,2024,5.0,4.9
626464,2025,5.0,4.9
626844,2025,5.0,4.9
627221,2026,5.0,5.0
627888,2025,4.0,4.0
628204,2023,4.5,4.5
628204,2024,4.5,4.4
628204,2025,4.5,4.3
629068,2025,4.5,4.5
629397,2026,4.5,4.5
630664,2024,4.5,4.5
630699,2025,4.5,4.5
631106,2025,4.5,4.5
631786,2025,4.5,4.5
631786,2026,4.5,4.5
632794,2026,5.0,5.0
632822,2024,4.0,4.0
634640,2023,4.0,4.0
636852,2026,5.0,5.0
637238,2026,5.5,5.5
638411,2026,4.5,4.5
640108,2025,5.0,4.9
640419,2025,4.0,4.0
640419,2026,4.0,4.0
641221,2024,4.0,3.9
641221,2025,4.0,4.0
643135,2025,5.5,5.1
643426,2025,4.0,4.0
643473,2025,4.0,4.0
643970,2025,4.0,4.0
643970,2026,4.0,4.0
644593,2025,4.5,4.5
645618,2025,4.5,4.3
645618,2026,4.5,4.5
646243,2025,4.5,4.4
646754,2023,4.0,4.0
647597,2023,4.5,4.5
647671,2024,4.5,4.5
647671,2025,4.5,4.2
647681,2025,5.0,4.9
647681,2026,4.0,4.0
647850,2025,5.0,4.8
647850,2026,5.5,5.5
647960,2025,4.5,4.5
649208,2024,4.5,4.5
649208,2026,5.0,5.0
649240,2025,4.0,4.0
651426,2025,4.5,4.5
651426,2026,5.0,5.0
653481,2025,5.0,5.0
653481,2026,5.0,5.0
658013,2025,4.5,4.5
660392,2025,5.5,5.5
660392,2026,5.0,5.0
661712,2025,4.5,4.1
661800,2026,4.0,4.0
661888,2026,5.0,5.0
664015,2025,4.0,4.0
666607,2025,4.5,4.5
671606,2025,4.5,4.5
672492,2025,4.5,4.5
672492,2026,4.5,4.5
677945,2025,4.5,4.5
678552,2025,4.5,4.5
684268,2026,4.5,4.5
685628,2025,4.5,4.5
687076,2025,4.5,4.5
690838,2026,5.5,5.5
696104,2026,4.5,4.5
699989,2025,5.0,4.9
699989,2026,5.0,5.0
700308,2026,5.0,5.0
704232,2025,4.5,4.5
718875,2025,4.0,4.0
